id,date,year,has_text,V1,V3,V4,who
vc-1700-1,1700-01-01,1700,1,1,0,0,general
vc-1700-2,1700-01-02,1700,1,1,0,0,private_slaves
vc-1700-3,1700-01-03,1700,1,1,0,0,general
vc-1700-4,1700-01-04,1700,1,0,0,0,
vc-1700-5,1700-01-05,1700,1,1,0,0,soldiers_sailors
vc-1700-6,1700-01-06,1700,1,0,0,0,
vc-1700-7,1700-01-07,1700,1,0,0,0,
vc-1700-8,1700-01-08,1700,1,0,0,0,
vc-1700-9,1700-01-09,1700,1,1,0,0,general
vc-1700-10,1700-01-10,1700,1,0,0,0,
vc-1700-11,1700-01-11,1700,1,1,0,0,general
vc-1700-12,1700-01-12,1700,1,1,0,0,soldiers_sailors
vc-1700-13,1700-01-13,1700,1,1,0,0,general
vc-1700-14,1700-01-14,1700,1,1,0,0,settlers
vc-1700-15,1700-01-15,1700,1,1,0,0,general
vc-1700-16,1700-01-16,1700,1,1,0,0,settlers
vc-1700-17,1700-01-17,1700,1,1,0,0,general
vc-1700-18,1700-01-18,1700,1,1,0,0,settlers
vc-1700-19,1700-01-19,1700,1,1,0,0,general
vc-1700-20,1700-01-20,1700,1,1,0,0,general
vc-1700-21,1700-01-21,1700,1,0,0,0,
vc-1700-22,1700-01-22,1700,1,0,0,0,
vc-1700-23,1700-01-23,1700,1,0,0,0,
vc-1700-24,1700-01-24,1700,1,0,0,0,
vc-1700-25,1700-01-25,1700,1,0,0,0,
vc-1700-26,1700-01-26,1700,1,1,0,0,settlers
vc-1700-27,1700-01-27,1700,1,1,0,0,general
vc-1700-28,1700-01-28,1700,1,1,0,0,general
vc-1700-29,1700-01-29,1700,1,1,0,0,soldiers_sailors
vc-1700-30,1700-01-30,1700,1,1,0,0,general
vc-1700-31,1700-01-31,1700,1,1,0,0,khoesan|soldiers_sailors
vc-1700-32,1700-02-01,1700,1,1,0,0,soldiers_sailors
vc-1700-33,1700-02-02,1700,1,0,0,0,
vc-1700-34,1700-02-03,1700,1,0,0,0,
vc-1700-35,1700-02-04,1700,1,0,0,0,
vc-1700-36,1700-02-05,1700,1,0,0,0,
vc-1700-37,1700-02-06,1700,1,1,0,0,settlers
vc-1700-38,1700-02-07,1700,1,1,0,0,general
vc-1700-39,1700-02-08,1700,1,0,0,0,
vc-1700-40,1700-02-09,1700,1,1,0,0,general
vc-1700-41,1700-02-10,1700,1,1,0,0,general
vc-1700-42,1700-02-11,1700,1,1,0,1,general
vc-1700-43,1700-02-12,1700,1,0,0,0,
vc-1700-44,1700-02-13,1700,1,0,0,0,
vc-1700-45,1700-02-14,1700,1,0,0,0,
vc-1700-46,1700-02-15,1700,1,1,0,0,general
vc-1700-47,1700-02-16,1700,1,0,0,0,
vc-1700-48,1700-02-17,1700,1,1,0,0,khoesan|settlers
vc-1700-49,1700-02-18,1700,1,0,0,0,
vc-1700-50,1700-02-19,1700,1,0,0,0,
vc-1700-51,1700-02-20,1700,1,1,0,0,soldiers_sailors
vc-1700-52,1700-02-21,1700,1,1,0,0,general
vc-1700-53,1700-02-22,1700,1,0,0,0,
vc-1700-54,1700-02-23,1700,1,1,0,0,general
vc-1700-55,1700-02-24,1700,1,0,0,0,
vc-1700-56,1700-02-25,1700,1,1,0,0,general
vc-1700-57,1700-02-26,1700,1,1,0,0,general
vc-1700-58,1700-02-27,1700,1,1,0,0,soldiers_sailors|settlers
vc-1700-59,1700-02-28,1700,1,0,0,0,
vc-1700-60,1700-03-01,1700,1,0,0,0,
vc-1700-61,1700-03-02,1700,1,0,0,0,
vc-1700-62,1700-03-03,1700,1,1,0,0,general
vc-1700-63,1700-03-04,1700,1,1,0,0,general
vc-1700-64,1700-03-05,1700,1,0,0,0,
vc-1700-65,1700-03-06,1700,1,1,0,0,general
vc-1700-66,1700-03-07,1700,1,0,0,0,
vc-1700-67,1700-03-08,1700,1,0,0,0,
vc-1700-68,1700-03-09,1700,1,1,0,0,soldiers_sailors
vc-1700-69,1700-03-10,1700,1,1,0,0,general
vc-1700-70,1700-03-11,1700,1,0,0,0,
vc-1700-71,1700-03-12,1700,1,0,0,0,
vc-1700-72,1700-03-13,1700,1,0,0,0,
vc-1700-73,1700-03-14,1700,1,1,0,0,general
vc-1700-74,1700-03-15,1700,1,0,0,0,
vc-1700-75,1700-03-16,1700,1,0,0,0,
vc-1700-76,1700-03-17,1700,1,0,0,0,
vc-1700-77,1700-03-18,1700,1,1,0,0,general
vc-1700-78,1700-03-19,1700,1,0,0,0,
vc-1700-79,1700-03-20,1700,1,0,0,0,
vc-1700-80,1700-03-21,1700,1,0,0,0,
vc-1700-81,1700-03-22,1700,1,1,0,0,general
vc-1700-82,1700-03-23,1700,1,1,0,0,soldiers_sailors
vc-1700-83,1700-03-24,1700,1,1,0,0,soldiers_sailors
vc-1700-84,1700-03-25,1700,1,0,0,0,
vc-1700-85,1700-03-26,1700,1,0,0,0,
vc-1700-86,1700-03-27,1700,1,0,0,0,
vc-1700-87,1700-03-28,1700,1,1,0,0,general
vc-1700-88,1700-03-29,1700,1,0,0,0,
vc-1700-89,1700-03-30,1700,1,1,0,0,general
vc-1700-90,1700-03-31,1700,1,1,0,0,general
vc-1700-91,1700-04-01,1700,1,0,0,0,
vc-1700-92,1700-04-02,1700,1,1,0,0,general
vc-1700-93,1700-04-03,1700,1,1,0,0,soldiers_sailors
vc-1700-94,1700-04-04,1700,1,1,0,0,general
vc-1700-95,1700-04-05,1700,1,1,0,0,general
vc-1700-96,1700-04-06,1700,1,1,0,1,general
vc-1700-97,1700-04-07,1700,1,1,0,0,general
vc-1700-98,1700-04-08,1700,1,0,0,0,
vc-1700-99,1700-04-09,1700,1,1,0,0,general
vc-1700-100,1700-04-10,1700,1,0,0,0,
vc-1700-101,1700-04-11,1700,1,1,0,1,general
vc-1700-102,1700-04-12,1700,1,1,0,0,general
vc-1700-103,1700-04-13,1700,1,1,0,0,general
vc-1700-104,1700-04-14,1700,1,0,0,0,
vc-1700-105,1700-04-15,1700,1,1,0,0,general
vc-1700-106,1700-04-16,1700,1,0,0,0,
vc-1700-107,1700-04-17,1700,1,0,0,0,
vc-1700-108,1700-04-18,1700,1,0,0,0,
vc-1700-109,1700-04-19,1700,1,0,0,0,
vc-1700-110,1700-04-20,1700,1,1,0,0,general
vc-1700-111,1700-04-21,1700,1,0,0,0,
vc-1700-112,1700-04-22,1700,1,0,0,0,
vc-1700-113,1700-04-23,1700,1,1,0,0,general
vc-1700-114,1700-04-24,1700,1,0,0,0,
vc-1700-115,1700-04-25,1700,1,1,0,0,general
vc-1700-116,1700-04-26,1700,1,0,0,0,
vc-1700-117,1700-04-27,1700,1,1,0,0,general
vc-1700-118,1700-04-28,1700,1,1,0,0,general
vc-1700-119,1700-04-29,1700,1,1,0,0,general
vc-1700-120,1700-04-30,1700,1,1,0,0,general
vc-1700-121,1700-05-01,1700,1,0,0,0,
vc-1700-122,1700-05-02,1700,1,1,0,0,general
vc-1700-123,1700-05-03,1700,1,0,0,0,
vc-1700-124,1700-05-04,1700,1,0,0,0,
vc-1700-125,1700-05-05,1700,1,0,0,0,
vc-1700-126,1700-05-06,1700,1,0,0,0,
vc-1700-127,1700-05-07,1700,1,0,0,0,
vc-1700-128,1700-05-08,1700,1,1,0,0,soldiers_sailors|settlers
vc-1700-129,1700-05-09,1700,1,1,0,0,soldiers_sailors
vc-1700-130,1700-05-10,1700,1,1,0,0,general
vc-1700-131,1700-05-11,1700,1,0,0,0,
vc-1700-132,1700-05-12,1700,1,0,0,0,
vc-1700-133,1700-05-13,1700,1,0,0,0,
vc-1700-134,1700-05-14,1700,1,1,0,0,general
vc-1700-135,1700-05-15,1700,1,1,0,0,soldiers_sailors
vc-1700-136,1700-05-16,1700,1,1,0,0,general
vc-1700-137,1700-05-17,1700,1,1,0,0,general
vc-1700-138,1700-05-18,1700,1,1,0,1,general
vc-1700-139,1700-05-19,1700,1,0,0,0,
vc-1700-140,1700-05-20,1700,1,1,0,0,general
vc-1700-141,1700-05-21,1700,1,1,0,0,general
vc-1700-142,1700-05-22,1700,1,1,0,0,general
vc-1700-143,1700-05-23,1700,1,1,0,0,general
vc-1700-144,1700-05-24,1700,1,0,0,0,
vc-1700-145,1700-05-25,1700,1,0,0,0,
vc-1700-146,1700-05-26,1700,1,1,0,0,general
vc-1700-147,1700-05-27,1700,1,1,0,0,general
vc-1700-148,1700-05-28,1700,1,1,0,0,general
vc-1700-149,1700-05-29,1700,1,1,0,0,general
vc-1700-150,1700-05-30,1700,1,0,0,0,
vc-1700-151,1700-05-31,1700,1,0,0,0,
vc-1700-152,1700-06-01,1700,1,0,0,0,
vc-1700-153,1700-06-02,1700,1,0,0,0,
vc-1700-154,1700-06-03,1700,1,0,0,0,
vc-1700-155,1700-06-04,1700,1,0,0,0,
vc-1700-156,1700-06-05,1700,1,1,0,0,general
vc-1700-157,1700-06-06,1700,1,1,0,0,general
vc-1700-158,1700-06-07,1700,1,0,0,0,
vc-1700-159,1700-06-08,1700,1,0,0,0,
vc-1700-160,1700-06-09,1700,1,1,0,0,settlers
vc-1700-161,1700-06-10,1700,1,0,0,0,
vc-1700-162,1700-06-11,1700,1,1,0,0,khoesan|settlers
vc-1700-163,1700-06-12,1700,1,1,0,0,settlers
vc-1700-164,1700-06-13,1700,1,1,0,0,general
vc-1700-165,1700-06-14,1700,1,1,0,0,general
vc-1700-166,1700-06-15,1700,1,1,0,0,general
vc-1700-167,1700-06-16,1700,1,0,0,0,
vc-1700-168,1700-06-17,1700,1,0,0,0,
vc-1700-169,1700-06-18,1700,1,1,0,0,general
vc-1700-170,1700-06-19,1700,1,0,0,0,
vc-1700-171,1700-06-20,1700,1,0,0,0,
vc-1700-172,1700-06-21,1700,1,1,0,0,general
vc-1700-173,1700-06-22,1700,1,1,0,0,khoesan
vc-1700-174,1700-06-23,1700,1,0,0,0,
vc-1700-175,1700-06-24,1700,1,1,0,0,general
vc-1700-176,1700-06-25,1700,1,0,0,0,
vc-1700-177,1700-06-26,1700,1,0,0,0,
vc-1700-178,1700-06-27,1700,1,1,0,0,general
vc-1700-179,1700-06-28,1700,1,1,0,0,company_slaves|settlers
vc-1700-180,1700-06-29,1700,1,0,0,0,
vc-1700-181,1700-06-30,1700,1,0,0,0,
vc-1700-182,1700-07-01,1700,1,1,0,0,general
vc-1700-183,1700-07-02,1700,1,0,0,0,
vc-1700-184,1700-07-03,1700,1,1,0,0,general
vc-1700-185,1700-07-04,1700,1,1,0,0,general
vc-1700-186,1700-07-05,1700,1,1,0,0,general
vc-1700-187,1700-07-06,1700,1,1,0,0,company_slaves
vc-1700-188,1700-07-07,1700,1,1,0,0,general
vc-1700-189,1700-07-08,1700,1,1,0,0,general
vc-1700-190,1700-07-09,1700,1,1,0,0,general
vc-1700-191,1700-07-10,1700,1,1,0,0,general
vc-1700-192,1700-07-11,1700,1,1,0,0,general
vc-1700-193,1700-07-12,1700,1,1,0,0,general
vc-1700-194,1700-07-13,1700,1,0,0,0,
vc-1700-195,1700-07-14,1700,1,0,0,0,
vc-1700-196,1700-07-15,1700,1,0,0,0,
vc-1700-197,1700-07-16,1700,1,0,0,0,
vc-1700-198,1700-07-17,1700,1,0,0,0,
vc-1700-199,1700-07-18,1700,1,1,0,0,general
vc-1700-200,1700-07-19,1700,1,0,0,0,
vc-1700-201,1700-07-20,1700,1,1,0,0,general
vc-1700-202,1700-07-21,1700,1,0,0,0,
vc-1700-203,1700-07-22,1700,1,1,0,0,general
vc-1700-204,1700-07-23,1700,1,0,0,0,
vc-1700-205,1700-07-24,1700,1,1,0,0,general
vc-1700-206,1700-07-25,1700,1,0,0,0,
vc-1700-207,1700-07-26,1700,1,0,0,0,
vc-1700-208,1700-07-27,1700,1,0,0,0,
vc-1700-209,1700-07-28,1700,1,1,0,0,general
vc-1700-210,1700-07-29,1700,1,0,0,0,
vc-1700-211,1700-07-30,1700,1,1,0,0,general
vc-1700-212,1700-07-31,1700,1,1,0,0,khoesan|soldiers_sailors|settlers
vc-1700-213,1700-08-01,1700,1,1,0,0,general
vc-1700-214,1700-08-02,1700,1,0,0,0,
vc-1700-215,1700-08-03,1700,1,0,0,0,
vc-1700-216,1700-08-04,1700,1,0,0,0,
vc-1700-217,1700-08-05,1700,1,0,0,0,
vc-1700-218,1700-08-06,1700,1,0,0,0,
vc-1700-219,1700-08-07,1700,1,0,0,0,
vc-1700-220,1700-08-08,1700,1,1,0,0,general
vc-1700-221,1700-08-09,1700,1,1,0,0,settlers
vc-1700-222,1700-08-10,1700,1,0,0,0,
vc-1700-223,1700-08-11,1700,1,0,0,0,
vc-1700-224,1700-08-12,1700,1,0,0,0,
vc-1700-225,1700-08-13,1700,1,1,0,0,company_slaves
vc-1700-226,1700-08-14,1700,1,1,0,0,general
vc-1700-227,1700-08-15,1700,1,0,0,0,
vc-1700-228,1700-08-16,1700,1,0,0,0,
vc-1700-229,1700-08-17,1700,1,0,0,0,
vc-1700-230,1700-08-18,1700,1,0,0,0,
vc-1700-231,1700-08-19,1700,1,1,0,0,general
vc-1700-232,1700-08-20,1700,1,0,0,0,
vc-1700-233,1700-08-21,1700,1,1,0,0,general
vc-1700-234,1700-08-22,1700,1,1,0,1,general
vc-1700-235,1700-08-23,1700,1,0,0,0,
vc-1700-236,1700-08-24,1700,1,0,0,0,
vc-1700-237,1700-08-25,1700,1,1,0,0,general
vc-1700-238,1700-08-26,1700,1,0,0,0,
vc-1700-239,1700-08-27,1700,1,0,0,0,
vc-1700-240,1700-08-28,1700,1,0,0,0,
vc-1700-241,1700-08-29,1700,1,1,0,0,general
vc-1700-242,1700-08-30,1700,1,1,0,0,khoesan|soldiers_sailors
vc-1700-243,1700-08-31,1700,1,1,0,0,general
vc-1700-244,1700-09-01,1700,1,0,0,0,
vc-1700-245,1700-09-02,1700,1,0,0,0,
vc-1700-246,1700-09-03,1700,1,1,0,0,general
vc-1700-247,1700-09-04,1700,1,0,0,0,
vc-1700-248,1700-09-05,1700,1,1,0,0,general
vc-1700-249,1700-09-06,1700,1,0,0,0,
vc-1700-250,1700-09-07,1700,1,0,0,0,
vc-1700-251,1700-09-08,1700,1,0,0,0,
vc-1700-252,1700-09-09,1700,1,0,0,0,
vc-1700-253,1700-09-10,1700,1,1,0,0,general
vc-1700-254,1700-09-11,1700,1,0,0,0,
vc-1700-255,1700-09-12,1700,1,1,0,0,general
vc-1700-256,1700-09-13,1700,1,1,0,0,general
vc-1700-257,1700-09-14,1700,1,0,0,0,
vc-1700-258,1700-09-15,1700,1,0,0,0,
vc-1700-259,1700-09-16,1700,1,0,0,0,
vc-1700-260,1700-09-17,1700,1,1,0,0,general
vc-1700-261,1700-09-18,1700,1,1,0,0,general
vc-1700-262,1700-09-19,1700,1,0,0,0,
vc-1700-263,1700-09-20,1700,1,0,0,0,
vc-1700-264,1700-09-21,1700,1,0,0,0,
vc-1700-265,1700-09-22,1700,1,0,0,0,
vc-1700-266,1700-09-23,1700,1,0,0,0,
vc-1700-267,1700-09-24,1700,1,1,0,0,settlers
vc-1700-268,1700-09-25,1700,1,1,0,0,general
vc-1700-269,1700-09-26,1700,1,1,0,0,general
vc-1700-270,1700-09-27,1700,1,0,0,0,
vc-1700-271,1700-09-28,1700,1,0,0,0,
vc-1700-272,1700-09-29,1700,1,1,0,0,general
vc-1700-273,1700-09-30,1700,1,1,0,0,general
vc-1700-274,1700-10-01,1700,1,1,0,0,general
vc-1700-275,1700-10-02,1700,1,0,0,0,
vc-1700-276,1700-10-03,1700,1,1,0,0,general
vc-1700-277,1700-10-04,1700,1,1,0,0,general
vc-1700-278,1700-10-05,1700,1,0,0,0,
vc-1700-279,1700-10-06,1700,1,0,0,0,
vc-1700-280,1700-10-07,1700,1,1,0,0,general
vc-1700-281,1700-10-08,1700,1,0,0,0,
vc-1700-282,1700-10-09,1700,1,0,0,0,
vc-1700-283,1700-10-10,1700,1,1,0,0,general
vc-1700-284,1700-10-11,1700,1,0,0,0,
vc-1700-285,1700-10-12,1700,1,0,0,0,
vc-1700-286,1700-10-13,1700,1,0,0,0,
vc-1700-287,1700-10-14,1700,1,1,0,0,general
vc-1700-288,1700-10-15,1700,1,0,0,0,
vc-1700-289,1700-10-16,1700,1,1,0,0,settlers
vc-1700-290,1700-10-17,1700,1,1,0,0,general
vc-1700-291,1700-10-18,1700,1,0,0,0,
vc-1700-292,1700-10-19,1700,1,0,0,0,
vc-1700-293,1700-10-20,1700,1,0,0,0,
vc-1700-294,1700-10-21,1700,1,0,0,0,
vc-1700-295,1700-10-22,1700,1,1,0,0,general
vc-1700-296,1700-10-23,1700,1,0,0,0,
vc-1700-297,1700-10-24,1700,1,0,0,0,
vc-1700-298,1700-10-25,1700,1,0,0,0,
vc-1700-299,1700-10-26,1700,1,0,0,0,
vc-1700-300,1700-10-27,1700,1,0,0,0,
vc-1700-301,1700-10-28,1700,1,0,0,0,
vc-1700-302,1700-10-29,1700,1,0,0,0,
vc-1700-303,1700-10-30,1700,1,0,0,0,
vc-1700-304,1700-10-31,1700,1,0,0,0,
vc-1700-305,1700-11-01,1700,1,1,0,0,settlers
vc-1700-306,1700-11-02,1700,1,1,0,0,settlers
vc-1700-307,1700-11-03,1700,1,0,0,0,
vc-1700-308,1700-11-04,1700,1,1,0,0,general
vc-1700-309,1700-11-05,1700,1,1,0,0,general
vc-1700-310,1700-11-06,1700,1,1,0,0,settlers
vc-1700-311,1700-11-07,1700,1,0,0,0,
vc-1700-312,1700-11-08,1700,1,0,0,0,
vc-1700-313,1700-11-09,1700,1,0,0,0,
vc-1700-314,1700-11-10,1700,1,1,0,0,general
vc-1700-315,1700-11-11,1700,1,1,0,0,general
vc-1700-316,1700-11-12,1700,1,0,0,0,
vc-1700-317,1700-11-13,1700,1,0,0,0,
vc-1700-318,1700-11-14,1700,1,1,0,0,general
vc-1700-319,1700-11-15,1700,1,1,0,0,general
vc-1700-320,1700-11-16,1700,1,0,0,0,
vc-1700-321,1700-11-17,1700,1,0,0,0,
vc-1700-322,1700-11-18,1700,1,1,0,0,general
vc-1700-323,1700-11-19,1700,1,1,0,0,general
vc-1700-324,1700-11-20,1700,1,1,0,0,general
vc-1700-325,1700-11-21,1700,1,1,0,0,general
vc-1700-326,1700-11-22,1700,1,1,0,0,general
vc-1700-327,1700-11-23,1700,1,0,0,0,
vc-1700-328,1700-11-24,1700,1,0,0,0,
vc-1700-329,1700-11-25,1700,1,1,0,0,general
vc-1700-330,1700-11-26,1700,1,0,0,0,
vc-1700-331,1700-11-27,1700,1,1,0,0,general
vc-1700-332,1700-11-28,1700,1,0,0,0,
vc-1700-333,1700-11-29,1700,1,0,0,0,
vc-1700-334,1700-11-30,1700,1,0,0,0,
vc-1700-335,1700-12-01,1700,1,1,0,0,general
vc-1700-336,1700-12-02,1700,1,0,0,0,
vc-1700-337,1700-12-03,1700,1,0,0,0,
vc-1700-338,1700-12-04,1700,1,0,0,0,
vc-1700-339,1700-12-05,1700,1,1,0,0,general
vc-1700-340,1700-12-06,1700,1,0,0,0,
vc-1700-341,1700-12-07,1700,1,0,0,0,
vc-1700-342,1700-12-08,1700,1,0,0,0,
vc-1700-343,1700-12-09,1700,1,0,0,0,
vc-1700-344,1700-12-10,1700,1,0,0,0,
vc-1700-345,1700-12-11,1700,1,1,0,0,soldiers_sailors|settlers
vc-1700-346,1700-12-12,1700,1,0,0,0,
vc-1700-347,1700-12-13,1700,1,1,0,0,general
vc-1700-348,1700-12-14,1700,1,1,0,0,private_slaves|soldiers_sailors
vc-1700-349,1700-12-15,1700,1,0,0,0,
vc-1700-350,1700-12-16,1700,1,0,0,0,
vc-1700-351,1700-12-17,1700,1,0,0,0,
vc-1700-352,1700-12-18,1700,1,1,0,0,company_slaves|settlers
vc-1700-353,1700-12-19,1700,1,0,0,0,
vc-1700-354,1700-12-20,1700,1,0,0,0,
vc-1700-355,1700-12-21,1700,1,0,0,0,
vc-1700-356,1700-12-22,1700,1,0,0,0,
vc-1700-357,1700-12-23,1700,1,0,0,0,
vc-1700-358,1700-12-24,1700,1,0,0,0,
vc-1700-359,1700-12-25,1700,1,1,0,0,general
vc-1700-360,1700-12-26,1700,1,0,0,0,
vc-1700-361,1700-12-27,1700,1,1,0,0,general
vc-1700-362,1700-12-28,1700,1,1,0,0,general
vc-1700-363,1700-12-29,1700,1,0,0,0,
vc-1700-364,1700-12-30,1700,1,1,0,0,general
vc-1700-365,1700-12-31,1700,1,1,0,0,general
vc-1701-1,1701-01-01,1701,1,0,0,0,
vc-1701-2,1701-01-02,1701,1,0,0,0,
vc-1701-3,1701-01-03,1701,1,0,0,0,
vc-1701-4,1701-01-04,1701,1,1,0,0,general
vc-1701-5,1701-01-05,1701,1,1,0,0,general
vc-1701-6,1701-01-06,1701,1,1,0,0,general
vc-1701-7,1701-01-07,1701,1,0,0,0,
vc-1701-8,1701-01-08,1701,1,0,0,0,
vc-1701-9,1701-01-09,1701,1,1,0,0,general
vc-1701-10,1701-01-10,1701,1,0,0,0,
vc-1701-11,1701-01-11,1701,1,0,0,0,
vc-1701-12,1701-01-12,1701,1,1,0,0,general
vc-1701-13,1701-01-13,1701,1,0,0,0,
vc-1701-14,1701-01-14,1701,1,1,0,0,soldiers_sailors
vc-1701-15,1701-01-15,1701,1,1,0,0,general
vc-1701-16,1701-01-16,1701,1,1,0,0,settlers
vc-1701-17,1701-01-17,1701,1,1,0,0,general
vc-1701-18,1701-01-18,1701,1,0,0,0,
vc-1701-19,1701-01-19,1701,1,0,0,0,
vc-1701-20,1701-01-20,1701,1,0,0,0,
vc-1701-21,1701-01-21,1701,1,0,0,0,
vc-1701-22,1701-01-22,1701,1,0,0,0,
vc-1701-23,1701-01-23,1701,1,0,0,0,
vc-1701-24,1701-01-24,1701,1,0,0,0,
vc-1701-25,1701-01-25,1701,1,0,0,0,
vc-1701-26,1701-01-26,1701,1,0,0,0,
vc-1701-27,1701-01-27,1701,1,1,0,0,general
vc-1701-28,1701-01-28,1701,1,0,0,0,
vc-1701-29,1701-01-29,1701,1,1,0,0,general
vc-1701-30,1701-01-30,1701,1,1,0,0,general
vc-1701-31,1701-01-31,1701,1,0,0,0,
vc-1701-32,1701-02-01,1701,1,1,0,0,general
vc-1701-33,1701-02-02,1701,1,0,0,0,
vc-1701-34,1701-02-03,1701,1,0,0,0,
vc-1701-35,1701-02-04,1701,1,0,0,0,
vc-1701-36,1701-02-05,1701,1,1,0,0,general
vc-1701-37,1701-02-06,1701,1,1,0,0,general
vc-1701-38,1701-02-07,1701,1,0,0,0,
vc-1701-39,1701-02-08,1701,1,0,0,0,
vc-1701-40,1701-02-09,1701,1,1,0,0,general
vc-1701-41,1701-02-10,1701,1,0,0,0,
vc-1701-42,1701-02-11,1701,1,1,0,0,general
vc-1701-43,1701-02-12,1701,1,1,0,0,general
vc-1701-44,1701-02-13,1701,1,0,0,0,
vc-1701-45,1701-02-14,1701,1,0,0,0,
vc-1701-46,1701-02-15,1701,1,0,0,0,
vc-1701-47,1701-02-16,1701,1,0,0,0,
vc-1701-48,1701-02-17,1701,1,0,0,0,
vc-1701-49,1701-02-18,1701,1,0,0,0,
vc-1701-50,1701-02-19,1701,1,0,0,0,
vc-1701-51,1701-02-20,1701,1,0,0,0,
vc-1701-52,1701-02-21,1701,1,1,0,0,general
vc-1701-53,1701-02-22,1701,1,0,0,0,
vc-1701-54,1701-02-23,1701,1,0,0,0,
vc-1701-55,1701-02-24,1701,1,0,0,0,
vc-1701-56,1701-02-25,1701,1,0,0,0,
vc-1701-57,1701-02-26,1701,1,1,0,0,general
vc-1701-58,1701-02-27,1701,1,0,0,0,
vc-1701-59,1701-02-28,1701,1,0,0,0,
vc-1701-60,1701-03-01,1701,1,1,0,0,general
vc-1701-61,1701-03-02,1701,1,1,0,0,general
vc-1701-62,1701-03-03,1701,1,1,0,0,general
vc-1701-63,1701-03-04,1701,1,0,0,0,
vc-1701-64,1701-03-05,1701,1,0,0,0,
vc-1701-65,1701-03-06,1701,1,1,0,0,general
vc-1701-66,1701-03-07,1701,1,0,0,0,
vc-1701-67,1701-03-08,1701,1,1,0,0,general
vc-1701-68,1701-03-09,1701,1,0,0,0,
vc-1701-69,1701-03-10,1701,1,0,0,0,
vc-1701-70,1701-03-11,1701,1,1,0,0,general
vc-1701-71,1701-03-12,1701,1,0,0,0,
vc-1701-72,1701-03-13,1701,1,1,0,0,khoesan|settlers
vc-1701-73,1701-03-14,1701,1,1,0,0,soldiers_sailors
vc-1701-74,1701-03-15,1701,1,1,0,0,soldiers_sailors
vc-1701-75,1701-03-16,1701,1,0,0,0,
vc-1701-76,1701-03-17,1701,1,0,0,0,
vc-1701-77,1701-03-18,1701,1,0,0,0,
vc-1701-78,1701-03-19,1701,1,1,0,0,general
vc-1701-79,1701-03-20,1701,1,1,0,0,general
vc-1701-80,1701-03-21,1701,1,1,0,0,general
vc-1701-81,1701-03-22,1701,1,1,0,0,settlers
vc-1701-82,1701-03-23,1701,1,1,0,0,private_slaves|khoesan|settlers
vc-1701-83,1701-03-24,1701,1,0,0,0,
vc-1701-84,1701-03-25,1701,1,0,0,0,
vc-1701-85,1701-03-26,1701,1,1,0,0,settlers
vc-1701-86,1701-03-27,1701,1,1,0,0,general
vc-1701-87,1701-03-28,1701,1,0,0,0,
vc-1701-88,1701-03-29,1701,1,0,0,0,
vc-1701-89,1701-03-30,1701,1,1,0,0,general
vc-1701-90,1701-03-31,1701,1,1,0,0,general
vc-1701-91,1701-04-01,1701,1,1,0,0,general
vc-1701-92,1701-04-02,1701,1,0,0,0,
vc-1701-93,1701-04-03,1701,1,0,0,0,
vc-1701-94,1701-04-04,1701,1,1,0,0,general
vc-1701-95,1701-04-05,1701,1,1,0,0,general
vc-1701-96,1701-04-06,1701,1,0,0,0,
vc-1701-97,1701-04-07,1701,1,0,0,0,
vc-1701-98,1701-04-08,1701,1,0,0,0,
vc-1701-99,1701-04-09,1701,1,1,0,0,general
vc-1701-100,1701-04-10,1701,1,0,0,0,
vc-1701-101,1701-04-11,1701,1,0,0,0,
vc-1701-102,1701-04-12,1701,1,1,0,0,general
vc-1701-103,1701-04-13,1701,1,0,0,0,
vc-1701-104,1701-04-14,1701,1,1,0,0,khoesan|settlers
vc-1701-105,1701-04-15,1701,1,0,0,0,
vc-1701-106,1701-04-16,1701,1,0,0,0,
vc-1701-107,1701-04-17,1701,1,0,0,0,
vc-1701-108,1701-04-18,1701,1,0,0,0,
vc-1701-109,1701-04-19,1701,1,0,0,0,
vc-1701-110,1701-04-20,1701,1,0,0,0,
vc-1701-111,1701-04-21,1701,1,0,0,0,
vc-1701-112,1701-04-22,1701,1,0,0,0,
vc-1701-113,1701-04-23,1701,1,1,0,0,general
vc-1701-114,1701-04-24,1701,1,1,0,0,general
vc-1701-115,1701-04-25,1701,1,0,0,0,
vc-1701-116,1701-04-26,1701,1,0,0,0,
vc-1701-117,1701-04-27,1701,1,0,0,0,
vc-1701-118,1701-04-28,1701,1,1,0,0,general
vc-1701-119,1701-04-29,1701,1,0,0,0,
vc-1701-120,1701-04-30,1701,1,0,0,0,
vc-1701-121,1701-05-01,1701,1,1,0,0,general
vc-1701-122,1701-05-02,1701,1,0,0,0,
vc-1701-123,1701-05-03,1701,1,0,0,0,
vc-1701-124,1701-05-04,1701,1,0,0,0,
vc-1701-125,1701-05-05,1701,1,1,0,0,general
vc-1701-126,1701-05-06,1701,1,0,0,0,
vc-1701-127,1701-05-07,1701,1,1,0,0,general
vc-1701-128,1701-05-08,1701,1,1,0,0,general
vc-1701-129,1701-05-09,1701,1,1,0,0,general
vc-1701-130,1701-05-10,1701,1,1,0,0,general
vc-1701-131,1701-05-11,1701,1,0,0,0,
vc-1701-132,1701-05-12,1701,1,0,0,0,
vc-1701-133,1701-05-13,1701,1,0,0,0,
vc-1701-134,1701-05-14,1701,1,1,0,0,private_slaves
vc-1701-135,1701-05-15,1701,1,1,0,0,general
vc-1701-136,1701-05-16,1701,1,1,0,0,khoesan
vc-1701-137,1701-05-17,1701,1,1,0,0,general
vc-1701-138,1701-05-18,1701,1,1,0,0,general
vc-1701-139,1701-05-19,1701,1,1,0,0,general
vc-1701-140,1701-05-20,1701,1,1,0,0,general
vc-1701-141,1701-05-21,1701,1,1,0,0,general
vc-1701-142,1701-05-22,1701,1,1,0,0,general
vc-1701-143,1701-05-23,1701,1,0,0,0,
vc-1701-144,1701-05-24,1701,1,1,0,0,general
vc-1701-145,1701-05-25,1701,1,0,0,0,
vc-1701-146,1701-05-26,1701,1,1,0,0,khoesan|settlers
vc-1701-147,1701-05-27,1701,1,0,0,0,
vc-1701-148,1701-05-28,1701,1,1,0,0,general
vc-1701-149,1701-05-29,1701,1,0,0,0,
vc-1701-150,1701-05-30,1701,1,0,0,0,
vc-1701-151,1701-05-31,1701,1,0,0,0,
vc-1701-152,1701-06-01,1701,1,0,0,0,
vc-1701-153,1701-06-02,1701,1,1,0,0,general
vc-1701-154,1701-06-03,1701,1,0,0,0,
vc-1701-155,1701-06-04,1701,1,0,0,0,
vc-1701-156,1701-06-05,1701,1,0,0,0,
vc-1701-157,1701-06-06,1701,1,1,0,0,general
vc-1701-158,1701-06-07,1701,1,1,0,0,general
vc-1701-159,1701-06-08,1701,1,1,0,0,general
vc-1701-160,1701-06-09,1701,1,1,0,0,general
vc-1701-161,1701-06-10,1701,1,1,0,0,general
vc-1701-162,1701-06-11,1701,1,0,0,0,
vc-1701-163,1701-06-12,1701,1,0,0,0,
vc-1701-164,1701-06-13,1701,1,1,0,0,general
vc-1701-165,1701-06-14,1701,1,0,0,0,
vc-1701-166,1701-06-15,1701,1,1,0,0,khoesan
vc-1701-167,1701-06-16,1701,1,1,0,0,khoesan
vc-1701-168,1701-06-17,1701,1,1,0,0,general
vc-1701-169,1701-06-18,1701,1,0,0,0,
vc-1701-170,1701-06-19,1701,1,1,0,0,general
vc-1701-171,1701-06-20,1701,1,1,0,0,khoesan
vc-1701-172,1701-06-21,1701,1,0,0,0,
vc-1701-173,1701-06-22,1701,1,1,0,0,soldiers_sailors
vc-1701-174,1701-06-23,1701,1,1,0,0,general
vc-1701-175,1701-06-24,1701,1,1,0,0,general
vc-1701-176,1701-06-25,1701,1,0,0,0,
vc-1701-177,1701-06-26,1701,1,0,0,0,
vc-1701-178,1701-06-27,1701,1,1,0,0,general
vc-1701-179,1701-06-28,1701,1,0,0,0,
vc-1701-180,1701-06-29,1701,1,1,0,0,general
vc-1701-181,1701-06-30,1701,1,0,0,0,
vc-1701-182,1701-07-01,1701,1,1,0,0,soldiers_sailors
vc-1701-183,1701-07-02,1701,1,0,0,0,
vc-1701-184,1701-07-03,1701,1,1,0,0,general
vc-1701-185,1701-07-04,1701,1,0,0,0,
vc-1701-186,1701-07-05,1701,1,0,0,0,
vc-1701-187,1701-07-06,1701,1,0,0,0,
vc-1701-188,1701-07-07,1701,1,0,0,0,
vc-1701-189,1701-07-08,1701,1,0,0,0,
vc-1701-190,1701-07-09,1701,1,1,0,0,general
vc-1701-191,1701-07-10,1701,1,1,0,0,general
vc-1701-192,1701-07-11,1701,1,0,0,0,
vc-1701-193,1701-07-12,1701,1,1,0,0,general
vc-1701-194,1701-07-13,1701,1,0,0,0,
vc-1701-195,1701-07-14,1701,1,0,0,0,
vc-1701-196,1701-07-15,1701,1,1,0,0,general
vc-1701-197,1701-07-16,1701,1,0,0,0,
vc-1701-198,1701-07-17,1701,1,1,0,0,general
vc-1701-199,1701-07-18,1701,1,0,0,0,
vc-1701-200,1701-07-19,1701,1,0,0,0,
vc-1701-201,1701-07-20,1701,1,0,0,0,
vc-1701-202,1701-07-21,1701,1,0,0,0,
vc-1701-203,1701-07-22,1701,1,0,0,0,
vc-1701-204,1701-07-23,1701,1,1,0,0,general
vc-1701-205,1701-07-24,1701,1,1,0,0,general
vc-1701-206,1701-07-25,1701,1,0,0,0,
vc-1701-207,1701-07-26,1701,1,1,0,0,general
vc-1701-208,1701-07-27,1701,1,0,0,0,
vc-1701-209,1701-07-28,1701,1,0,0,0,
vc-1701-210,1701-07-29,1701,1,0,0,0,
vc-1701-211,1701-07-30,1701,1,0,0,0,
vc-1701-212,1701-07-31,1701,1,1,0,0,general
vc-1701-213,1701-08-01,1701,1,0,0,0,
vc-1701-214,1701-08-02,1701,1,1,0,0,general
vc-1701-215,1701-08-03,1701,1,1,0,0,general
vc-1701-216,1701-08-04,1701,1,0,0,0,
vc-1701-217,1701-08-05,1701,1,1,0,0,general
vc-1701-218,1701-08-06,1701,1,1,0,0,general
vc-1701-219,1701-08-07,1701,1,1,0,0,general
vc-1701-220,1701-08-08,1701,1,1,0,0,general
vc-1701-221,1701-08-09,1701,1,1,0,0,general
vc-1701-222,1701-08-10,1701,1,0,0,0,
vc-1701-223,1701-08-11,1701,1,1,0,0,general
vc-1701-224,1701-08-12,1701,1,1,0,0,general
vc-1701-225,1701-08-13,1701,1,1,0,0,general
vc-1701-226,1701-08-14,1701,1,0,0,0,
vc-1701-227,1701-08-15,1701,1,0,0,0,
vc-1701-228,1701-08-16,1701,1,1,0,0,general
vc-1701-229,1701-08-17,1701,1,1,0,0,general
vc-1701-230,1701-08-18,1701,1,0,0,0,
vc-1701-231,1701-08-19,1701,1,0,0,0,
vc-1701-232,1701-08-20,1701,1,1,0,0,general
vc-1701-233,1701-08-21,1701,1,1,0,0,general
vc-1701-234,1701-08-22,1701,1,1,0,0,general
vc-1701-235,1701-08-23,1701,1,0,0,0,
vc-1701-236,1701-08-24,1701,1,0,0,0,
vc-1701-237,1701-08-25,1701,1,0,0,0,
vc-1701-238,1701-08-26,1701,1,1,0,0,khoesan|settlers
vc-1701-239,1701-08-27,1701,1,0,0,0,
vc-1701-240,1701-08-28,1701,1,0,0,0,
vc-1701-241,1701-08-29,1701,1,1,0,0,private_slaves|settlers
vc-1701-242,1701-08-30,1701,1,1,0,0,general
vc-1701-243,1701-08-31,1701,1,1,0,0,general
vc-1701-244,1701-09-01,1701,1,0,0,0,
vc-1701-245,1701-09-02,1701,1,0,0,0,
vc-1701-246,1701-09-03,1701,1,1,0,0,general
vc-1701-247,1701-09-04,1701,1,1,0,0,general
vc-1701-248,1701-09-05,1701,1,0,0,0,
vc-1701-249,1701-09-06,1701,1,0,0,0,
vc-1701-250,1701-09-07,1701,1,0,0,0,
vc-1701-251,1701-09-08,1701,1,0,0,0,
vc-1701-252,1701-09-09,1701,1,0,0,0,
vc-1701-253,1701-09-10,1701,1,0,0,0,
vc-1701-254,1701-09-11,1701,1,0,0,0,
vc-1701-255,1701-09-12,1701,1,0,0,0,
vc-1701-256,1701-09-13,1701,1,0,0,0,
vc-1701-257,1701-09-14,1701,1,0,0,0,
vc-1701-258,1701-09-15,1701,1,1,0,0,general
vc-1701-259,1701-09-16,1701,1,1,0,0,general
vc-1701-260,1701-09-17,1701,1,0,0,0,
vc-1701-261,1701-09-18,1701,1,0,0,0,
vc-1701-262,1701-09-19,1701,1,0,0,0,
vc-1701-263,1701-09-20,1701,1,1,0,0,khoesan
vc-1701-264,1701-09-21,1701,1,0,0,0,
vc-1701-265,1701-09-22,1701,1,1,0,0,general
vc-1701-266,1701-09-23,1701,1,1,0,0,general
vc-1701-267,1701-09-24,1701,1,1,0,0,general
vc-1701-268,1701-09-25,1701,1,0,0,0,
vc-1701-269,1701-09-26,1701,1,0,0,0,
vc-1701-270,1701-09-27,1701,1,0,0,0,
vc-1701-271,1701-09-28,1701,1,1,0,0,general
vc-1701-272,1701-09-29,1701,1,0,0,0,
vc-1701-273,1701-09-30,1701,1,0,0,0,
vc-1701-274,1701-10-01,1701,1,1,0,0,general
vc-1701-275,1701-10-02,1701,1,1,0,0,general
vc-1701-276,1701-10-03,1701,1,0,0,0,
vc-1701-277,1701-10-04,1701,1,1,0,1,general
vc-1701-278,1701-10-05,1701,1,0,0,0,
vc-1701-279,1701-10-06,1701,1,0,0,0,
vc-1701-280,1701-10-07,1701,1,1,0,0,khoesan|settlers
vc-1701-281,1701-10-08,1701,1,1,0,0,general
vc-1701-282,1701-10-09,1701,1,0,0,0,
vc-1701-283,1701-10-10,1701,1,1,0,0,general
vc-1701-284,1701-10-11,1701,1,0,0,0,
vc-1701-285,1701-10-12,1701,1,1,0,0,general
vc-1701-286,1701-10-13,1701,1,0,0,0,
vc-1701-287,1701-10-14,1701,1,0,0,0,
vc-1701-288,1701-10-15,1701,1,0,0,0,
vc-1701-289,1701-10-16,1701,1,1,0,0,general
vc-1701-290,1701-10-17,1701,1,0,0,0,
vc-1701-291,1701-10-18,1701,1,0,0,0,
vc-1701-292,1701-10-19,1701,1,1,0,0,general
vc-1701-293,1701-10-20,1701,1,1,0,0,general
vc-1701-294,1701-10-21,1701,1,0,0,0,
vc-1701-295,1701-10-22,1701,1,0,0,0,
vc-1701-296,1701-10-23,1701,1,1,0,0,general
vc-1701-297,1701-10-24,1701,1,1,0,0,general
vc-1701-298,1701-10-25,1701,1,1,0,0,khoesan
vc-1701-299,1701-10-26,1701,1,1,0,0,general
vc-1701-300,1701-10-27,1701,1,0,0,0,
vc-1701-301,1701-10-28,1701,1,1,0,0,general
vc-1701-302,1701-10-29,1701,1,1,0,0,general
vc-1701-303,1701-10-30,1701,1,0,0,0,
vc-1701-304,1701-10-31,1701,1,1,0,0,general
vc-1701-305,1701-11-01,1701,1,0,0,0,
vc-1701-306,1701-11-02,1701,1,0,0,0,
vc-1701-307,1701-11-03,1701,1,0,0,0,
vc-1701-308,1701-11-04,1701,1,1,0,0,general
vc-1701-309,1701-11-05,1701,1,1,0,0,general
vc-1701-310,1701-11-06,1701,1,0,0,0,
vc-1701-311,1701-11-07,1701,1,1,0,0,general
vc-1701-312,1701-11-08,1701,1,1,0,0,khoesan
vc-1701-313,1701-11-09,1701,1,1,0,0,general
vc-1701-314,1701-11-10,1701,1,1,0,0,settlers
vc-1701-315,1701-11-11,1701,1,1,0,0,settlers
vc-1701-316,1701-11-12,1701,1,0,0,0,
vc-1701-317,1701-11-13,1701,1,0,0,0,
vc-1701-318,1701-11-14,1701,1,0,0,0,
vc-1701-319,1701-11-15,1701,1,1,0,0,general
vc-1701-320,1701-11-16,1701,1,0,0,0,
vc-1701-321,1701-11-17,1701,1,0,0,0,
vc-1701-322,1701-11-18,1701,1,0,0,0,
vc-1701-323,1701-11-19,1701,1,0,0,0,
vc-1701-324,1701-11-20,1701,1,1,0,0,general
vc-1701-325,1701-11-21,1701,1,0,0,0,
vc-1701-326,1701-11-22,1701,1,1,0,0,general
vc-1701-327,1701-11-23,1701,1,0,0,0,
vc-1701-328,1701-11-24,1701,1,1,0,0,general
vc-1701-329,1701-11-25,1701,1,0,0,0,
vc-1701-330,1701-11-26,1701,1,0,0,0,
vc-1701-331,1701-11-27,1701,1,1,0,0,khoesan
vc-1701-332,1701-11-28,1701,1,0,0,0,
vc-1701-333,1701-11-29,1701,1,1,0,0,khoesan
vc-1701-334,1701-11-30,1701,1,0,0,0,
vc-1701-335,1701-12-01,1701,1,0,0,0,
vc-1701-336,1701-12-02,1701,1,0,0,0,
vc-1701-337,1701-12-03,1701,1,0,0,0,
vc-1701-338,1701-12-04,1701,1,0,0,0,
vc-1701-339,1701-12-05,1701,1,1,0,0,general
vc-1701-340,1701-12-06,1701,1,0,0,0,
vc-1701-341,1701-12-07,1701,1,0,0,0,
vc-1701-342,1701-12-08,1701,1,1,0,0,soldiers_sailors
vc-1701-343,1701-12-09,1701,1,1,0,0,general
vc-1701-344,1701-12-10,1701,1,1,0,0,general
vc-1701-345,1701-12-11,1701,1,0,0,0,
vc-1701-346,1701-12-12,1701,1,0,0,0,
vc-1701-347,1701-12-13,1701,1,1,0,0,general
vc-1701-348,1701-12-14,1701,1,0,0,0,
vc-1701-349,1701-12-15,1701,1,0,0,0,
vc-1701-350,1701-12-16,1701,1,1,0,0,general
vc-1701-351,1701-12-17,1701,1,0,0,0,
vc-1701-352,1701-12-18,1701,1,1,0,0,general
vc-1701-353,1701-12-19,1701,1,0,0,0,
vc-1701-354,1701-12-20,1701,1,1,0,0,general
vc-1701-355,1701-12-21,1701,1,0,0,0,
vc-1701-356,1701-12-22,1701,1,0,0,0,
vc-1701-357,1701-12-23,1701,1,1,0,0,general
vc-1701-358,1701-12-24,1701,1,0,0,0,
vc-1701-359,1701-12-25,1701,1,1,0,0,general
vc-1701-360,1701-12-26,1701,1,0,0,0,
vc-1701-361,1701-12-27,1701,1,1,0,0,general
vc-1701-362,1701-12-28,1701,1,0,0,0,
vc-1701-363,1701-12-29,1701,1,0,0,0,
vc-1701-364,1701-12-30,1701,1,1,0,0,settlers
vc-1701-365,1701-12-31,1701,1,0,0,0,
vc-1702-1,1702-01-01,1702,1,1,0,0,settlers
vc-1702-2,1702-01-02,1702,1,0,0,0,
vc-1702-3,1702-01-03,1702,1,0,0,0,
vc-1702-4,1702-01-04,1702,1,0,0,0,
vc-1702-5,1702-01-05,1702,1,1,0,0,general
vc-1702-6,1702-01-06,1702,1,0,0,0,
vc-1702-7,1702-01-07,1702,1,0,0,0,
vc-1702-8,1702-01-08,1702,1,0,0,0,
vc-1702-9,1702-01-09,1702,1,0,0,0,
vc-1702-10,1702-01-10,1702,1,1,0,0,general
vc-1702-11,1702-01-11,1702,1,1,0,0,general
vc-1702-12,1702-01-12,1702,1,0,0,0,
vc-1702-13,1702-01-13,1702,1,0,0,0,
vc-1702-14,1702-01-14,1702,1,0,0,0,
vc-1702-15,1702-01-15,1702,1,1,0,0,general
vc-1702-16,1702-01-16,1702,1,0,0,0,
vc-1702-17,1702-01-17,1702,1,1,0,0,soldiers_sailors
vc-1702-18,1702-01-18,1702,1,0,0,0,
vc-1702-19,1702-01-19,1702,1,1,0,0,private_slaves|settlers
vc-1702-20,1702-01-20,1702,1,1,0,0,general
vc-1702-21,1702-01-21,1702,1,0,0,0,
vc-1702-22,1702-01-22,1702,1,1,0,0,khoesan
vc-1702-23,1702-01-23,1702,1,1,0,0,private_slaves
vc-1702-24,1702-01-24,1702,1,1,0,0,private_slaves
vc-1702-25,1702-01-25,1702,1,1,0,0,general
vc-1702-26,1702-01-26,1702,1,1,0,0,general
vc-1702-27,1702-01-27,1702,1,0,0,0,
vc-1702-28,1702-01-28,1702,1,0,0,0,
vc-1702-29,1702-01-29,1702,1,0,0,0,
vc-1702-30,1702-01-30,1702,1,1,0,0,general
vc-1702-31,1702-01-31,1702,1,1,0,0,soldiers_sailors|settlers
vc-1702-32,1702-02-01,1702,1,1,0,0,general
vc-1702-33,1702-02-02,1702,1,1,0,0,khoesan
vc-1702-34,1702-02-03,1702,1,1,0,0,khoesan
vc-1702-35,1702-02-04,1702,1,1,0,0,general
vc-1702-36,1702-02-05,1702,1,0,0,0,
vc-1702-37,1702-02-06,1702,1,0,0,0,
vc-1702-38,1702-02-07,1702,1,0,0,0,
vc-1702-39,1702-02-08,1702,1,1,0,0,general
vc-1702-40,1702-02-09,1702,1,1,0,0,general
vc-1702-41,1702-02-10,1702,1,0,0,0,
vc-1702-42,1702-02-11,1702,1,1,0,1,general
vc-1702-43,1702-02-12,1702,1,1,0,0,general
vc-1702-44,1702-02-13,1702,1,1,0,0,general
vc-1702-45,1702-02-14,1702,1,1,0,0,general
vc-1702-46,1702-02-15,1702,1,0,0,0,
vc-1702-47,1702-02-16,1702,1,1,0,0,general
vc-1702-48,1702-02-17,1702,1,0,0,0,
vc-1702-49,1702-02-18,1702,1,0,0,0,
vc-1702-50,1702-02-19,1702,1,1,0,0,general
vc-1702-51,1702-02-20,1702,1,0,0,0,
vc-1702-52,1702-02-21,1702,1,1,0,0,general
vc-1702-53,1702-02-22,1702,1,0,0,0,
vc-1702-54,1702-02-23,1702,1,0,0,0,
vc-1702-55,1702-02-24,1702,1,1,0,0,general
vc-1702-56,1702-02-25,1702,1,1,0,0,general
vc-1702-57,1702-02-26,1702,1,1,0,0,general
vc-1702-58,1702-02-27,1702,1,0,0,0,
vc-1702-59,1702-02-28,1702,1,1,0,0,general
vc-1702-60,1702-03-01,1702,1,0,0,0,
vc-1702-61,1702-03-02,1702,1,1,0,0,general
vc-1702-62,1702-03-03,1702,1,0,0,0,
vc-1702-63,1702-03-04,1702,1,1,0,0,general
vc-1702-64,1702-03-05,1702,1,0,0,0,
vc-1702-65,1702-03-06,1702,1,1,0,0,general
vc-1702-66,1702-03-07,1702,1,1,0,0,general
vc-1702-67,1702-03-08,1702,1,1,0,0,general
vc-1702-68,1702-03-09,1702,1,0,0,0,
vc-1702-69,1702-03-10,1702,1,0,0,0,
vc-1702-70,1702-03-11,1702,1,1,0,0,general
vc-1702-71,1702-03-12,1702,1,1,0,0,settlers
vc-1702-72,1702-03-13,1702,1,0,0,0,
vc-1702-73,1702-03-14,1702,1,1,0,0,khoesan
vc-1702-74,1702-03-15,1702,1,0,0,0,
vc-1702-75,1702-03-16,1702,1,1,0,0,general
vc-1702-76,1702-03-17,1702,1,1,0,0,general
vc-1702-77,1702-03-18,1702,1,1,0,0,general
vc-1702-78,1702-03-19,1702,1,1,0,0,general
vc-1702-79,1702-03-20,1702,1,1,0,0,general
vc-1702-80,1702-03-21,1702,1,0,0,0,
vc-1702-81,1702-03-22,1702,1,0,0,0,
vc-1702-82,1702-03-23,1702,1,1,0,0,general
vc-1702-83,1702-03-24,1702,1,1,0,0,general
vc-1702-84,1702-03-25,1702,1,1,0,1,general
vc-1702-85,1702-03-26,1702,1,1,0,0,general
vc-1702-86,1702-03-27,1702,1,1,0,0,general
vc-1702-87,1702-03-28,1702,1,0,0,0,
vc-1702-88,1702-03-29,1702,1,0,0,0,
vc-1702-89,1702-03-30,1702,1,0,0,0,
vc-1702-90,1702-03-31,1702,1,0,0,0,
vc-1702-91,1702-04-01,1702,1,0,0,0,
vc-1702-92,1702-04-02,1702,1,0,0,0,
vc-1702-93,1702-04-03,1702,1,0,0,0,
vc-1702-94,1702-04-04,1702,1,0,0,0,
vc-1702-95,1702-04-05,1702,1,1,0,0,general
vc-1702-96,1702-04-06,1702,1,1,0,0,soldiers_sailors
vc-1702-97,1702-04-07,1702,1,1,0,0,general
vc-1702-98,1702-04-08,1702,1,1,0,1,soldiers_sailors
vc-1702-99,1702-04-09,1702,1,1,0,0,general
vc-1702-100,1702-04-10,1702,1,1,0,0,general
vc-1702-101,1702-04-11,1702,1,1,0,0,general
vc-1702-102,1702-04-12,1702,1,1,0,0,soldiers_sailors
vc-1702-103,1702-04-13,1702,1,1,0,0,general
vc-1702-104,1702-04-14,1702,1,1,0,0,general
vc-1702-105,1702-04-15,1702,1,1,0,0,general
vc-1702-106,1702-04-16,1702,1,1,0,0,private_slaves
vc-1702-107,1702-04-17,1702,1,0,0,0,
vc-1702-108,1702-04-18,1702,1,0,0,0,
vc-1702-109,1702-04-19,1702,1,0,0,0,
vc-1702-110,1702-04-20,1702,1,0,0,0,
vc-1702-111,1702-04-21,1702,1,1,0,0,general
vc-1702-112,1702-04-22,1702,1,0,0,0,
vc-1702-113,1702-04-23,1702,1,1,0,0,general
vc-1702-114,1702-04-24,1702,1,0,0,0,
vc-1702-115,1702-04-25,1702,1,1,0,0,general
vc-1702-116,1702-04-26,1702,1,1,0,0,general
vc-1702-117,1702-04-27,1702,1,1,0,0,general
vc-1702-118,1702-04-28,1702,1,0,0,0,
vc-1702-119,1702-04-29,1702,1,0,0,0,
vc-1702-120,1702-04-30,1702,1,0,0,0,
vc-1702-121,1702-05-01,1702,1,1,0,0,general
vc-1702-122,1702-05-02,1702,1,0,0,0,
vc-1702-123,1702-05-03,1702,1,0,0,0,
vc-1702-124,1702-05-04,1702,1,0,0,0,
vc-1702-125,1702-05-05,1702,1,0,0,0,
vc-1702-126,1702-05-06,1702,1,0,0,0,
vc-1702-127,1702-05-07,1702,1,1,0,0,soldiers_sailors
vc-1702-128,1702-05-08,1702,1,1,0,0,general
vc-1702-129,1702-05-09,1702,1,0,0,0,
vc-1702-130,1702-05-10,1702,1,0,0,0,
vc-1702-131,1702-05-11,1702,1,0,0,0,
vc-1702-132,1702-05-12,1702,1,1,0,0,general
vc-1702-133,1702-05-13,1702,1,0,0,0,
vc-1702-134,1702-05-14,1702,1,0,0,0,
vc-1702-135,1702-05-15,1702,1,0,0,0,
vc-1702-136,1702-05-16,1702,1,1,0,0,soldiers_sailors
vc-1702-137,1702-05-17,1702,1,0,0,0,
vc-1702-138,1702-05-18,1702,1,1,0,0,general
vc-1702-139,1702-05-19,1702,1,0,0,0,
vc-1702-140,1702-05-20,1702,1,1,0,0,general
vc-1702-141,1702-05-21,1702,1,1,0,0,general
vc-1702-142,1702-05-22,1702,1,0,0,0,
vc-1702-143,1702-05-23,1702,1,1,0,1,private_slaves
vc-1702-144,1702-05-24,1702,1,0,0,0,
vc-1702-145,1702-05-25,1702,1,0,0,0,
vc-1702-146,1702-05-26,1702,1,1,0,0,general
vc-1702-147,1702-05-27,1702,1,1,0,0,general
vc-1702-148,1702-05-28,1702,1,1,0,0,general
vc-1702-149,1702-05-29,1702,1,0,0,0,
vc-1702-150,1702-05-30,1702,1,0,0,0,
vc-1702-151,1702-05-31,1702,1,1,0,0,general
vc-1702-152,1702-06-01,1702,1,0,0,0,
vc-1702-153,1702-06-02,1702,1,1,0,0,general
vc-1702-154,1702-06-03,1702,1,0,0,0,
vc-1702-155,1702-06-04,1702,1,0,0,0,
vc-1702-156,1702-06-05,1702,1,0,0,0,
vc-1702-157,1702-06-06,1702,1,1,0,1,general
vc-1702-158,1702-06-07,1702,1,1,0,0,general
vc-1702-159,1702-06-08,1702,1,1,0,0,general
vc-1702-160,1702-06-09,1702,1,1,0,0,general
vc-1702-161,1702-06-10,1702,1,1,0,0,general
vc-1702-162,1702-06-11,1702,1,0,0,0,
vc-1702-163,1702-06-12,1702,1,0,0,0,
vc-1702-164,1702-06-13,1702,1,1,0,0,general
vc-1702-165,1702-06-14,1702,1,0,0,0,
vc-1702-166,1702-06-15,1702,1,0,0,0,
vc-1702-167,1702-06-16,1702,1,1,0,0,general
vc-1702-168,1702-06-17,1702,1,0,0,0,
vc-1702-169,1702-06-18,1702,1,1,0,0,general
vc-1702-170,1702-06-19,1702,1,0,0,0,
vc-1702-171,1702-06-20,1702,1,0,0,0,
vc-1702-172,1702-06-21,1702,1,1,0,0,general
vc-1702-173,1702-06-22,1702,1,1,0,0,general
vc-1702-174,1702-06-23,1702,1,1,0,0,general
vc-1702-175,1702-06-24,1702,1,0,0,0,
vc-1702-176,1702-06-25,1702,1,0,0,0,
vc-1702-177,1702-06-26,1702,1,0,0,0,
vc-1702-178,1702-06-27,1702,1,0,0,0,
vc-1702-179,1702-06-28,1702,1,1,0,0,general
vc-1702-180,1702-06-29,1702,1,0,0,0,
vc-1702-181,1702-06-30,1702,1,0,0,0,
vc-1702-182,1702-07-01,1702,1,0,0,0,
vc-1702-183,1702-07-02,1702,1,0,0,0,
vc-1702-184,1702-07-03,1702,1,1,0,0,general
vc-1702-185,1702-07-04,1702,1,0,0,0,
vc-1702-186,1702-07-05,1702,1,1,0,0,general
vc-1702-187,1702-07-06,1702,1,1,0,0,general
vc-1702-188,1702-07-07,1702,1,0,0,0,
vc-1702-189,1702-07-08,1702,1,0,0,0,
vc-1702-190,1702-07-09,1702,1,1,0,0,general
vc-1702-191,1702-07-10,1702,1,0,0,0,
vc-1702-192,1702-07-11,1702,1,0,0,0,
vc-1702-193,1702-07-12,1702,1,1,0,0,general
vc-1702-194,1702-07-13,1702,1,1,0,0,general
vc-1702-195,1702-07-14,1702,1,0,0,0,
vc-1702-196,1702-07-15,1702,1,0,0,0,
vc-1702-197,1702-07-16,1702,1,1,0,0,general
vc-1702-198,1702-07-17,1702,1,1,0,0,general
vc-1702-199,1702-07-18,1702,1,0,0,0,
vc-1702-200,1702-07-19,1702,1,0,0,0,
vc-1702-201,1702-07-20,1702,1,0,0,0,
vc-1702-202,1702-07-21,1702,1,0,0,0,
vc-1702-203,1702-07-22,1702,1,0,0,0,
vc-1702-204,1702-07-23,1702,1,0,0,0,
vc-1702-205,1702-07-24,1702,1,0,0,0,
vc-1702-206,1702-07-25,1702,1,0,0,0,
vc-1702-207,1702-07-26,1702,1,0,0,0,
vc-1702-208,1702-07-27,1702,1,0,0,0,
vc-1702-209,1702-07-28,1702,1,0,0,0,
vc-1702-210,1702-07-29,1702,1,0,0,0,
vc-1702-211,1702-07-30,1702,1,0,0,0,
vc-1702-212,1702-07-31,1702,1,1,0,0,general
vc-1702-213,1702-08-01,1702,1,0,0,0,
vc-1702-214,1702-08-02,1702,1,1,0,0,general
vc-1702-215,1702-08-03,1702,1,0,0,0,
vc-1702-216,1702-08-04,1702,1,1,0,0,general
vc-1702-217,1702-08-05,1702,1,1,0,0,general
vc-1702-218,1702-08-06,1702,1,0,0,0,
vc-1702-219,1702-08-07,1702,1,1,0,0,general
vc-1702-220,1702-08-08,1702,1,1,0,0,general
vc-1702-221,1702-08-09,1702,1,0,0,0,
vc-1702-222,1702-08-10,1702,1,0,0,0,
vc-1702-223,1702-08-11,1702,1,0,0,0,
vc-1702-224,1702-08-12,1702,1,0,0,0,
vc-1702-225,1702-08-13,1702,1,0,0,0,
vc-1702-226,1702-08-14,1702,1,0,0,0,
vc-1702-227,1702-08-15,1702,1,0,0,0,
vc-1702-228,1702-08-16,1702,1,0,0,0,
vc-1702-229,1702-08-17,1702,1,0,0,0,
vc-1702-230,1702-08-18,1702,1,0,0,0,
vc-1702-231,1702-08-19,1702,1,0,0,0,
vc-1702-232,1702-08-20,1702,1,0,0,0,
vc-1702-233,1702-08-21,1702,1,0,0,0,
vc-1702-234,1702-08-22,1702,1,1,0,0,general
vc-1702-235,1702-08-23,1702,1,1,0,0,general
vc-1702-236,1702-08-24,1702,1,0,0,0,
vc-1702-237,1702-08-25,1702,1,0,0,0,
vc-1702-238,1702-08-26,1702,1,0,0,0,
vc-1702-239,1702-08-27,1702,1,1,0,0,general
vc-1702-240,1702-08-28,1702,1,1,0,0,general
vc-1702-241,1702-08-29,1702,1,0,0,0,
vc-1702-242,1702-08-30,1702,1,1,0,0,settlers
vc-1702-243,1702-08-31,1702,1,0,0,0,
vc-1702-244,1702-09-01,1702,1,1,0,0,general
vc-1702-245,1702-09-02,1702,1,0,0,0,
vc-1702-246,1702-09-03,1702,1,1,0,0,general
vc-1702-247,1702-09-04,1702,1,0,0,0,
vc-1702-248,1702-09-05,1702,1,1,0,0,general
vc-1702-249,1702-09-06,1702,1,0,0,0,
vc-1702-250,1702-09-07,1702,1,0,0,0,
vc-1702-251,1702-09-08,1702,1,1,0,0,general
vc-1702-252,1702-09-09,1702,1,1,0,0,general
vc-1702-253,1702-09-10,1702,1,1,0,0,general
vc-1702-254,1702-09-11,1702,1,1,0,0,general
vc-1702-255,1702-09-12,1702,1,1,0,0,general
vc-1702-256,1702-09-13,1702,1,1,0,0,general
vc-1702-257,1702-09-14,1702,1,1,0,0,general
vc-1702-258,1702-09-15,1702,1,0,0,0,
vc-1702-259,1702-09-16,1702,1,1,0,0,general
vc-1702-260,1702-09-17,1702,1,0,0,0,
vc-1702-261,1702-09-18,1702,1,0,0,0,
vc-1702-262,1702-09-19,1702,1,0,0,0,
vc-1702-263,1702-09-20,1702,1,0,0,0,
vc-1702-264,1702-09-21,1702,1,1,0,0,general
vc-1702-265,1702-09-22,1702,1,0,0,0,
vc-1702-266,1702-09-23,1702,1,0,0,0,
vc-1702-267,1702-09-24,1702,1,0,0,0,
vc-1702-268,1702-09-25,1702,1,0,0,0,
vc-1702-269,1702-09-26,1702,1,0,0,0,
vc-1702-270,1702-09-27,1702,1,1,0,0,general
vc-1702-271,1702-09-28,1702,1,1,0,0,general
vc-1702-272,1702-09-29,1702,1,1,0,0,general
vc-1702-273,1702-09-30,1702,1,1,0,0,general
vc-1702-274,1702-10-01,1702,1,0,0,0,
vc-1702-275,1702-10-02,1702,1,1,0,0,general
vc-1702-276,1702-10-03,1702,1,0,0,0,
vc-1702-277,1702-10-04,1702,1,0,0,0,
vc-1702-278,1702-10-05,1702,1,0,0,0,
vc-1702-279,1702-10-06,1702,1,1,0,0,general
vc-1702-280,1702-10-07,1702,1,1,0,0,general
vc-1702-281,1702-10-08,1702,1,0,0,0,
vc-1702-282,1702-10-09,1702,1,0,0,0,
vc-1702-283,1702-10-10,1702,1,1,0,0,company_slaves
vc-1702-284,1702-10-11,1702,1,0,0,0,
vc-1702-285,1702-10-12,1702,1,0,0,0,
vc-1702-286,1702-10-13,1702,1,0,0,0,
vc-1702-287,1702-10-14,1702,1,1,0,0,general
vc-1702-288,1702-10-15,1702,1,0,0,0,
vc-1702-289,1702-10-16,1702,1,1,0,0,general
vc-1702-290,1702-10-17,1702,1,1,0,0,general
vc-1702-291,1702-10-18,1702,1,0,0,0,
vc-1702-292,1702-10-19,1702,1,0,0,0,
vc-1702-293,1702-10-20,1702,1,0,0,0,
vc-1702-294,1702-10-21,1702,1,1,0,0,settlers
vc-1702-295,1702-10-22,1702,1,0,0,0,
vc-1702-296,1702-10-23,1702,1,0,0,0,
vc-1702-297,1702-10-24,1702,1,0,0,0,
vc-1702-298,1702-10-25,1702,1,0,0,0,
vc-1702-299,1702-10-26,1702,1,0,0,0,
vc-1702-300,1702-10-27,1702,1,1,0,0,khoesan|soldiers_sailors|settlers
vc-1702-301,1702-10-28,1702,0,0,0,0,
vc-1702-302,1702-10-29,1702,0,0,0,0,
vc-1702-303,1702-10-30,1702,0,0,0,0,
vc-1702-304,1702-10-31,1702,0,0,0,0,
vc-1702-305,1702-11-01,1702,1,0,0,0,
vc-1702-306,1702-11-02,1702,1,0,0,0,
vc-1702-307,1702-11-03,1702,1,0,0,0,
vc-1702-308,1702-11-04,1702,1,0,0,0,
vc-1702-309,1702-11-05,1702,1,1,0,0,general
vc-1702-310,1702-11-06,1702,1,1,0,0,general
vc-1702-311,1702-11-07,1702,1,1,0,0,general
vc-1702-312,1702-11-08,1702,1,0,0,0,
vc-1702-313,1702-11-09,1702,1,0,0,0,
vc-1702-314,1702-11-10,1702,1,0,0,0,
vc-1702-315,1702-11-11,1702,1,0,0,0,
vc-1702-316,1702-11-12,1702,1,1,0,0,general
vc-1702-317,1702-11-13,1702,1,1,0,0,general
vc-1702-318,1702-11-14,1702,1,0,0,0,
vc-1702-319,1702-11-15,1702,1,1,0,0,general
vc-1702-320,1702-11-16,1702,1,1,0,0,general
vc-1702-321,1702-11-17,1702,1,0,0,0,
vc-1702-322,1702-11-18,1702,1,0,0,0,
vc-1702-323,1702-11-19,1702,1,1,0,0,general
vc-1702-324,1702-11-20,1702,1,0,0,0,
vc-1702-325,1702-11-21,1702,1,0,0,0,
vc-1702-326,1702-11-22,1702,1,0,0,0,
vc-1702-327,1702-11-23,1702,1,0,0,0,
vc-1702-328,1702-11-24,1702,1,1,0,0,general
vc-1702-329,1702-11-25,1702,1,1,0,0,general
vc-1702-330,1702-11-26,1702,1,0,0,0,
vc-1702-331,1702-11-27,1702,1,0,0,0,
vc-1702-332,1702-11-28,1702,1,0,0,0,
vc-1702-333,1702-11-29,1702,1,0,0,0,
vc-1702-334,1702-11-30,1702,1,1,0,0,general
vc-1702-335,1702-12-01,1702,1,1,0,0,private_slaves|settlers
vc-1702-336,1702-12-02,1702,1,0,0,0,
vc-1702-337,1702-12-03,1702,1,1,0,0,general
vc-1702-338,1702-12-04,1702,1,1,0,0,general
vc-1702-339,1702-12-05,1702,1,0,0,0,
vc-1702-340,1702-12-06,1702,1,0,0,0,
vc-1702-341,1702-12-07,1702,1,0,0,0,
vc-1702-342,1702-12-08,1702,1,0,0,0,
vc-1702-343,1702-12-09,1702,1,0,0,0,
vc-1702-344,1702-12-10,1702,1,1,0,0,private_slaves
vc-1702-345,1702-12-11,1702,1,0,0,0,
vc-1702-346,1702-12-12,1702,1,0,0,0,
vc-1702-347,1702-12-13,1702,1,0,0,0,
vc-1702-348,1702-12-14,1702,1,0,0,0,
vc-1702-349,1702-12-15,1702,1,0,0,0,
vc-1702-350,1702-12-16,1702,1,1,0,0,general
vc-1702-351,1702-12-17,1702,1,1,0,0,general
vc-1702-352,1702-12-18,1702,1,0,0,0,
vc-1702-353,1702-12-19,1702,1,0,0,0,
vc-1702-354,1702-12-20,1702,1,1,0,0,general
vc-1702-355,1702-12-21,1702,1,0,0,0,
vc-1702-356,1702-12-22,1702,1,1,0,0,general
vc-1702-357,1702-12-23,1702,1,1,0,0,settlers
vc-1702-358,1702-12-24,1702,1,1,0,0,settlers
vc-1702-359,1702-12-25,1702,1,1,0,0,settlers
vc-1702-360,1702-12-26,1702,1,1,0,0,settlers
vc-1702-361,1702-12-27,1702,1,1,0,0,soldiers_sailors
vc-1702-362,1702-12-28,1702,1,0,0,0,
vc-1702-363,1702-12-29,1702,1,1,0,0,general
vc-1702-364,1702-12-30,1702,1,1,0,0,general
vc-1702-365,1702-12-31,1702,1,1,0,0,general
vc-1703-1,1703-01-01,1703,1,0,0,0,
vc-1703-2,1703-01-02,1703,1,1,0,0,khoesan
vc-1703-3,1703-01-03,1703,1,0,0,0,
vc-1703-4,1703-01-04,1703,1,0,0,0,
vc-1703-5,1703-01-05,1703,1,0,0,0,
vc-1703-6,1703-01-06,1703,1,0,0,0,
vc-1703-7,1703-01-07,1703,1,1,0,0,general
vc-1703-8,1703-01-08,1703,1,0,0,0,
vc-1703-9,1703-01-09,1703,1,0,0,0,
vc-1703-10,1703-01-10,1703,1,0,0,0,
vc-1703-11,1703-01-11,1703,1,0,0,0,
vc-1703-12,1703-01-12,1703,1,0,0,0,
vc-1703-13,1703-01-13,1703,1,1,0,1,general
vc-1703-14,1703-01-14,1703,1,0,0,0,
vc-1703-15,1703-01-15,1703,1,1,0,0,general
vc-1703-16,1703-01-16,1703,1,1,0,0,general
vc-1703-17,1703-01-17,1703,1,0,0,0,
vc-1703-18,1703-01-18,1703,1,1,0,0,khoesan
vc-1703-19,1703-01-19,1703,1,0,0,0,
vc-1703-20,1703-01-20,1703,1,0,0,0,
vc-1703-21,1703-01-21,1703,1,0,0,0,
vc-1703-22,1703-01-22,1703,1,0,0,0,
vc-1703-23,1703-01-23,1703,1,0,0,0,
vc-1703-24,1703-01-24,1703,1,0,0,0,
vc-1703-25,1703-01-25,1703,1,0,0,0,
vc-1703-26,1703-01-26,1703,1,0,0,0,
vc-1703-27,1703-01-27,1703,1,0,0,0,
vc-1703-28,1703-01-28,1703,1,1,0,0,general
vc-1703-29,1703-01-29,1703,1,1,0,0,general
vc-1703-30,1703-01-30,1703,1,0,0,0,
vc-1703-31,1703-01-31,1703,1,1,0,0,general
vc-1703-32,1703-02-01,1703,1,0,0,0,
vc-1703-33,1703-02-02,1703,1,0,0,0,
vc-1703-34,1703-02-03,1703,1,1,0,0,general
vc-1703-35,1703-02-04,1703,1,1,0,0,general
vc-1703-36,1703-02-05,1703,1,1,0,0,general
vc-1703-37,1703-02-06,1703,1,1,0,0,general
vc-1703-38,1703-02-07,1703,1,1,0,0,general
vc-1703-39,1703-02-08,1703,1,0,0,0,
vc-1703-40,1703-02-09,1703,1,0,0,0,
vc-1703-41,1703-02-10,1703,1,1,0,0,soldiers_sailors
vc-1703-42,1703-02-11,1703,1,0,0,0,
vc-1703-43,1703-02-12,1703,1,1,0,0,general
vc-1703-44,1703-02-13,1703,1,1,0,0,general
vc-1703-45,1703-02-14,1703,1,1,0,0,general
vc-1703-46,1703-02-15,1703,1,1,0,0,general
vc-1703-47,1703-02-16,1703,1,0,0,0,
vc-1703-48,1703-02-17,1703,1,1,0,0,general
vc-1703-49,1703-02-18,1703,1,0,0,0,
vc-1703-50,1703-02-19,1703,1,1,0,0,general
vc-1703-51,1703-02-20,1703,1,1,0,0,general
vc-1703-52,1703-02-21,1703,1,1,0,0,general
vc-1703-53,1703-02-22,1703,1,1,0,0,general
vc-1703-54,1703-02-23,1703,1,0,0,0,
vc-1703-55,1703-02-24,1703,1,1,0,0,general
vc-1703-56,1703-02-25,1703,1,0,0,0,
vc-1703-57,1703-02-26,1703,1,1,0,0,general
vc-1703-58,1703-02-27,1703,1,1,0,0,general
vc-1703-59,1703-02-28,1703,1,1,0,0,general
vc-1703-60,1703-03-01,1703,1,1,0,0,general
vc-1703-61,1703-03-02,1703,1,0,0,0,
vc-1703-62,1703-03-03,1703,1,1,0,0,general
vc-1703-63,1703-03-04,1703,1,1,0,0,general
vc-1703-64,1703-03-05,1703,1,0,0,0,
vc-1703-65,1703-03-06,1703,1,1,0,0,general
vc-1703-66,1703-03-07,1703,1,1,0,0,soldiers_sailors
vc-1703-67,1703-03-08,1703,1,0,0,0,
vc-1703-68,1703-03-09,1703,1,0,0,0,
vc-1703-69,1703-03-10,1703,1,1,0,0,general
vc-1703-70,1703-03-11,1703,1,1,0,0,general
vc-1703-71,1703-03-12,1703,1,1,0,0,soldiers_sailors
vc-1703-72,1703-03-13,1703,1,0,0,0,
vc-1703-73,1703-03-14,1703,1,1,0,0,general
vc-1703-74,1703-03-15,1703,1,1,0,0,general
vc-1703-75,1703-03-16,1703,1,1,0,0,general
vc-1703-76,1703-03-17,1703,1,1,0,0,general
vc-1703-77,1703-03-18,1703,1,0,0,0,
vc-1703-78,1703-03-19,1703,1,1,0,0,general
vc-1703-79,1703-03-20,1703,1,1,0,0,general
vc-1703-80,1703-03-21,1703,1,1,0,0,general
vc-1703-81,1703-03-22,1703,1,0,0,0,
vc-1703-82,1703-03-23,1703,1,0,0,0,
vc-1703-83,1703-03-24,1703,1,1,0,0,general
vc-1703-84,1703-03-25,1703,1,0,0,0,
vc-1703-85,1703-03-26,1703,1,0,0,0,
vc-1703-86,1703-03-27,1703,1,1,0,0,general
vc-1703-87,1703-03-28,1703,1,1,0,0,khoesan
vc-1703-88,1703-03-29,1703,1,1,0,0,khoesan
vc-1703-89,1703-03-30,1703,1,0,0,0,
vc-1703-90,1703-03-31,1703,1,0,0,0,
vc-1703-91,1703-04-01,1703,1,1,0,0,settlers
vc-1703-92,1703-04-02,1703,1,1,0,0,general
vc-1703-93,1703-04-03,1703,1,1,0,0,soldiers_sailors|settlers
vc-1703-94,1703-04-04,1703,1,0,0,0,
vc-1703-95,1703-04-05,1703,1,0,0,0,
vc-1703-96,1703-04-06,1703,1,0,0,0,
vc-1703-97,1703-04-07,1703,1,0,0,0,
vc-1703-98,1703-04-08,1703,1,1,0,0,general
vc-1703-99,1703-04-09,1703,1,0,0,0,
vc-1703-100,1703-04-10,1703,1,1,0,0,general
vc-1703-101,1703-04-11,1703,1,1,0,0,general
vc-1703-102,1703-04-12,1703,1,1,0,0,general
vc-1703-103,1703-04-13,1703,1,1,0,0,general
vc-1703-104,1703-04-14,1703,1,0,0,0,
vc-1703-105,1703-04-15,1703,1,0,0,0,
vc-1703-106,1703-04-16,1703,1,0,0,0,
vc-1703-107,1703-04-17,1703,1,0,0,0,
vc-1703-108,1703-04-18,1703,1,0,0,0,
vc-1703-109,1703-04-19,1703,1,1,0,0,soldiers_sailors
vc-1703-110,1703-04-20,1703,1,0,0,0,
vc-1703-111,1703-04-21,1703,1,0,0,0,
vc-1703-112,1703-04-22,1703,1,1,0,0,general
vc-1703-113,1703-04-23,1703,1,1,0,0,general
vc-1703-114,1703-04-24,1703,1,1,0,0,khoesan
vc-1703-115,1703-04-25,1703,1,0,0,0,
vc-1703-116,1703-04-26,1703,1,0,0,0,
vc-1703-117,1703-04-27,1703,1,0,0,0,
vc-1703-118,1703-04-28,1703,1,0,0,0,
vc-1703-119,1703-04-29,1703,1,1,0,0,general
vc-1703-120,1703-04-30,1703,1,0,0,0,
vc-1703-121,1703-05-01,1703,1,1,0,0,general
vc-1703-122,1703-05-02,1703,1,1,0,0,soldiers_sailors
vc-1703-123,1703-05-03,1703,1,1,0,0,soldiers_sailors
vc-1703-124,1703-05-04,1703,1,1,0,0,general
vc-1703-125,1703-05-05,1703,1,0,0,0,
vc-1703-126,1703-05-06,1703,1,1,0,0,general
vc-1703-127,1703-05-07,1703,1,1,0,0,general
vc-1703-128,1703-05-08,1703,1,1,0,0,general
vc-1703-129,1703-05-09,1703,1,0,0,0,
vc-1703-130,1703-05-10,1703,1,1,0,0,general
vc-1703-131,1703-05-11,1703,1,1,0,0,settlers
vc-1703-132,1703-05-12,1703,1,0,0,0,
vc-1703-133,1703-05-13,1703,1,0,0,0,
vc-1703-134,1703-05-14,1703,1,0,0,0,
vc-1703-135,1703-05-15,1703,1,0,0,0,
vc-1703-136,1703-05-16,1703,1,1,0,0,general
vc-1703-137,1703-05-17,1703,1,0,0,0,
vc-1703-138,1703-05-18,1703,1,0,0,0,
vc-1703-139,1703-05-19,1703,1,0,0,0,
vc-1703-140,1703-05-20,1703,1,0,0,0,
vc-1703-141,1703-05-21,1703,1,1,0,0,general
vc-1703-142,1703-05-22,1703,1,1,0,0,general
vc-1703-143,1703-05-23,1703,1,1,0,0,settlers
vc-1703-144,1703-05-24,1703,1,1,0,0,khoesan|settlers
vc-1703-145,1703-05-25,1703,1,1,0,0,general
vc-1703-146,1703-05-26,1703,1,0,0,0,
vc-1703-147,1703-05-27,1703,1,0,0,0,
vc-1703-148,1703-05-28,1703,1,0,0,0,
vc-1703-149,1703-05-29,1703,1,0,0,0,
vc-1703-150,1703-05-30,1703,1,0,0,0,
vc-1703-151,1703-05-31,1703,1,0,0,0,
vc-1703-152,1703-06-01,1703,1,1,0,0,general
vc-1703-153,1703-06-02,1703,1,1,0,0,general
vc-1703-154,1703-06-03,1703,1,1,0,0,general
vc-1703-155,1703-06-04,1703,1,1,0,0,soldiers_sailors
vc-1703-156,1703-06-05,1703,1,1,0,0,general
vc-1703-157,1703-06-06,1703,1,0,0,0,
vc-1703-158,1703-06-07,1703,1,0,0,0,
vc-1703-159,1703-06-08,1703,1,1,0,0,general
vc-1703-160,1703-06-09,1703,1,1,0,0,general
vc-1703-161,1703-06-10,1703,1,1,0,0,general
vc-1703-162,1703-06-11,1703,1,0,0,0,
vc-1703-163,1703-06-12,1703,1,0,0,0,
vc-1703-164,1703-06-13,1703,1,1,0,0,general
vc-1703-165,1703-06-14,1703,1,1,0,0,general
vc-1703-166,1703-06-15,1703,1,0,0,0,
vc-1703-167,1703-06-16,1703,1,1,0,0,general
vc-1703-168,1703-06-17,1703,1,1,0,0,general
vc-1703-169,1703-06-18,1703,1,0,0,0,
vc-1703-170,1703-06-19,1703,1,1,0,0,general
vc-1703-171,1703-06-20,1703,1,0,0,0,
vc-1703-172,1703-06-21,1703,1,1,0,0,general
vc-1703-173,1703-06-22,1703,1,1,0,0,general
vc-1703-174,1703-06-23,1703,1,1,0,0,general
vc-1703-175,1703-06-24,1703,1,1,0,0,general
vc-1703-176,1703-06-25,1703,1,0,0,0,
vc-1703-177,1703-06-26,1703,1,1,0,0,general
vc-1703-178,1703-06-27,1703,1,1,0,0,general
vc-1703-179,1703-06-28,1703,1,0,0,0,
vc-1703-180,1703-06-29,1703,1,1,0,0,general
vc-1703-181,1703-06-30,1703,1,1,0,0,general
vc-1703-182,1703-07-01,1703,1,1,0,0,soldiers_sailors
vc-1703-183,1703-07-02,1703,1,0,0,0,
vc-1703-184,1703-07-03,1703,1,0,0,0,
vc-1703-185,1703-07-04,1703,1,1,0,0,general
vc-1703-186,1703-07-05,1703,1,1,0,0,general
vc-1703-187,1703-07-06,1703,1,1,0,0,general
vc-1703-188,1703-07-07,1703,1,0,0,0,
vc-1703-189,1703-07-08,1703,1,1,0,0,general
vc-1703-190,1703-07-09,1703,1,0,0,0,
vc-1703-191,1703-07-10,1703,1,0,0,0,
vc-1703-192,1703-07-11,1703,1,0,0,0,
vc-1703-193,1703-07-12,1703,1,0,0,0,
vc-1703-194,1703-07-13,1703,1,0,0,0,
vc-1703-195,1703-07-14,1703,1,0,0,0,
vc-1703-196,1703-07-15,1703,1,0,0,0,
vc-1703-197,1703-07-16,1703,1,1,0,0,general
vc-1703-198,1703-07-17,1703,1,1,0,0,general
vc-1703-199,1703-07-18,1703,1,0,0,0,
vc-1703-200,1703-07-19,1703,1,1,0,0,general
vc-1703-201,1703-07-20,1703,1,0,0,0,
vc-1703-202,1703-07-21,1703,1,0,0,0,
vc-1703-203,1703-07-22,1703,1,0,0,0,
vc-1703-204,1703-07-23,1703,1,0,0,0,
vc-1703-205,1703-07-24,1703,1,1,0,0,general
vc-1703-206,1703-07-25,1703,1,0,0,0,
vc-1703-207,1703-07-26,1703,1,1,0,0,private_slaves|khoesan|settlers
vc-1703-208,1703-07-27,1703,1,1,0,0,general
vc-1703-209,1703-07-28,1703,1,1,0,0,general
vc-1703-210,1703-07-29,1703,1,1,0,0,general
vc-1703-211,1703-07-30,1703,1,0,0,0,
vc-1703-212,1703-07-31,1703,1,0,0,0,
vc-1703-213,1703-08-01,1703,1,0,0,0,
vc-1703-214,1703-08-02,1703,1,0,0,0,
vc-1703-215,1703-08-03,1703,1,1,0,0,general
vc-1703-216,1703-08-04,1703,1,0,0,0,
vc-1703-217,1703-08-05,1703,1,0,0,0,
vc-1703-218,1703-08-06,1703,1,1,0,0,general
vc-1703-219,1703-08-07,1703,1,0,0,0,
vc-1703-220,1703-08-08,1703,1,0,0,0,
vc-1703-221,1703-08-09,1703,1,1,0,0,general
vc-1703-222,1703-08-10,1703,1,1,0,0,general
vc-1703-223,1703-08-11,1703,1,0,0,0,
vc-1703-224,1703-08-12,1703,1,0,0,0,
vc-1703-225,1703-08-13,1703,1,0,0,0,
vc-1703-226,1703-08-14,1703,1,1,0,0,general
vc-1703-227,1703-08-15,1703,1,1,0,0,general
vc-1703-228,1703-08-16,1703,1,1,0,0,general
vc-1703-229,1703-08-17,1703,1,1,0,0,general
vc-1703-230,1703-08-18,1703,1,1,0,0,general
vc-1703-231,1703-08-19,1703,1,1,0,0,general
vc-1703-232,1703-08-20,1703,1,0,0,0,
vc-1703-233,1703-08-21,1703,1,1,0,0,general
vc-1703-234,1703-08-22,1703,1,0,0,0,
vc-1703-235,1703-08-23,1703,1,1,0,0,general
vc-1703-236,1703-08-24,1703,1,0,0,0,
vc-1703-237,1703-08-25,1703,1,1,0,0,general
vc-1703-238,1703-08-26,1703,1,0,0,0,
vc-1703-239,1703-08-27,1703,1,1,0,0,general
vc-1703-240,1703-08-28,1703,1,1,0,0,settlers
vc-1703-241,1703-08-29,1703,1,1,0,0,general
vc-1703-242,1703-08-30,1703,1,1,0,0,general
vc-1703-243,1703-08-31,1703,1,0,0,0,
vc-1703-244,1703-09-01,1703,1,0,0,0,
vc-1703-245,1703-09-02,1703,1,1,0,0,general
vc-1703-246,1703-09-03,1703,1,1,0,0,general
vc-1703-247,1703-09-04,1703,1,1,0,0,general
vc-1703-248,1703-09-05,1703,1,1,0,0,general
vc-1703-249,1703-09-06,1703,1,1,0,0,general
vc-1703-250,1703-09-07,1703,1,0,0,0,
vc-1703-251,1703-09-08,1703,1,0,0,0,
vc-1703-252,1703-09-09,1703,1,1,0,0,general
vc-1703-253,1703-09-10,1703,1,0,0,0,
vc-1703-254,1703-09-11,1703,1,1,0,0,general
vc-1703-255,1703-09-12,1703,1,1,0,0,khoesan
vc-1703-256,1703-09-13,1703,1,1,0,0,general
vc-1703-257,1703-09-14,1703,1,0,0,0,
vc-1703-258,1703-09-15,1703,1,0,0,0,
vc-1703-259,1703-09-16,1703,1,1,0,0,general
vc-1703-260,1703-09-17,1703,1,1,0,0,general
vc-1703-261,1703-09-18,1703,1,1,0,0,general
vc-1703-262,1703-09-19,1703,1,1,0,0,general
vc-1703-263,1703-09-20,1703,1,1,0,0,general
vc-1703-264,1703-09-21,1703,1,0,0,0,
vc-1703-265,1703-09-22,1703,1,0,0,0,
vc-1703-266,1703-09-23,1703,1,1,0,0,general
vc-1703-267,1703-09-24,1703,1,1,0,0,general
vc-1703-268,1703-09-25,1703,1,1,0,0,soldiers_sailors
vc-1703-269,1703-09-26,1703,1,0,0,0,
vc-1703-270,1703-09-27,1703,1,0,0,0,
vc-1703-271,1703-09-28,1703,1,0,0,0,
vc-1703-272,1703-09-29,1703,1,1,0,0,general
vc-1703-273,1703-09-30,1703,1,1,0,0,general
vc-1703-274,1703-10-01,1703,1,0,0,0,
vc-1703-275,1703-10-02,1703,1,1,0,0,general
vc-1703-276,1703-10-03,1703,1,0,0,0,
vc-1703-277,1703-10-04,1703,1,1,0,0,soldiers_sailors
vc-1703-278,1703-10-05,1703,1,1,0,0,general
vc-1703-279,1703-10-06,1703,1,0,0,0,
vc-1703-280,1703-10-07,1703,1,0,0,0,
vc-1703-281,1703-10-08,1703,1,0,0,0,
vc-1703-282,1703-10-09,1703,1,0,0,0,
vc-1703-283,1703-10-10,1703,1,1,0,0,general
vc-1703-284,1703-10-11,1703,1,1,0,0,general
vc-1703-285,1703-10-12,1703,1,1,0,0,settlers
vc-1703-286,1703-10-13,1703,1,1,0,0,general
vc-1703-287,1703-10-14,1703,1,0,0,0,
vc-1703-288,1703-10-15,1703,1,1,0,0,general
vc-1703-289,1703-10-16,1703,1,1,0,0,general
vc-1703-290,1703-10-17,1703,1,1,0,0,private_slaves|settlers
vc-1703-291,1703-10-18,1703,1,0,0,0,
vc-1703-292,1703-10-19,1703,1,0,0,0,
vc-1703-293,1703-10-20,1703,1,0,0,0,
vc-1703-294,1703-10-21,1703,1,1,0,0,general
vc-1703-295,1703-10-22,1703,1,0,0,0,
vc-1703-296,1703-10-23,1703,1,0,0,0,
vc-1703-297,1703-10-24,1703,1,0,0,0,
vc-1703-298,1703-10-25,1703,1,0,0,0,
vc-1703-299,1703-10-26,1703,1,0,0,0,
vc-1703-300,1703-10-27,1703,1,1,0,0,general
vc-1703-301,1703-10-28,1703,1,1,0,0,general
vc-1703-302,1703-10-29,1703,1,0,0,0,
vc-1703-303,1703-10-30,1703,1,1,0,0,general
vc-1703-304,1703-10-31,1703,1,1,0,0,general
vc-1703-305,1703-11-01,1703,1,1,0,0,settlers
vc-1703-306,1703-11-02,1703,1,0,0,0,
vc-1703-307,1703-11-03,1703,1,1,0,0,settlers
vc-1703-308,1703-11-04,1703,1,0,0,0,
vc-1703-309,1703-11-05,1703,1,0,0,0,
vc-1703-310,1703-11-06,1703,1,0,0,0,
vc-1703-311,1703-11-07,1703,1,1,0,0,general
vc-1703-312,1703-11-08,1703,1,1,0,0,general
vc-1703-313,1703-11-09,1703,1,1,0,1,soldiers_sailors
vc-1703-314,1703-11-10,1703,1,1,0,0,general
vc-1703-315,1703-11-11,1703,1,1,0,0,general
vc-1703-316,1703-11-12,1703,1,0,0,0,
vc-1703-317,1703-11-13,1703,1,0,0,0,
vc-1703-318,1703-11-14,1703,1,0,0,0,
vc-1703-319,1703-11-15,1703,1,0,0,0,
vc-1703-320,1703-11-16,1703,1,0,0,0,
vc-1703-321,1703-11-17,1703,1,1,0,0,general
vc-1703-322,1703-11-18,1703,1,0,0,0,
vc-1703-323,1703-11-19,1703,1,0,0,0,
vc-1703-324,1703-11-20,1703,1,0,0,0,
vc-1703-325,1703-11-21,1703,1,0,0,0,
vc-1703-326,1703-11-22,1703,1,1,0,0,general
vc-1703-327,1703-11-23,1703,1,1,0,0,general
vc-1703-328,1703-11-24,1703,1,1,0,0,general
vc-1703-329,1703-11-25,1703,1,1,0,0,soldiers_sailors
vc-1703-330,1703-11-26,1703,1,1,0,0,general
vc-1703-331,1703-11-27,1703,1,1,0,0,general
vc-1703-332,1703-11-28,1703,1,1,0,0,general
vc-1703-333,1703-11-29,1703,1,0,0,0,
vc-1703-334,1703-11-30,1703,1,0,0,0,
vc-1703-335,1703-12-01,1703,1,0,0,0,
vc-1703-336,1703-12-02,1703,1,1,0,0,general
vc-1703-337,1703-12-03,1703,1,0,0,0,
vc-1703-338,1703-12-04,1703,1,1,0,0,soldiers_sailors
vc-1703-339,1703-12-05,1703,1,0,0,0,
vc-1703-340,1703-12-06,1703,1,1,0,1,general
vc-1703-341,1703-12-07,1703,1,0,0,0,
vc-1703-342,1703-12-08,1703,1,0,0,0,
vc-1703-343,1703-12-09,1703,1,1,0,0,settlers
vc-1703-344,1703-12-10,1703,1,1,0,0,general
vc-1703-345,1703-12-11,1703,1,1,0,0,general
vc-1703-346,1703-12-12,1703,1,1,0,0,general
vc-1703-347,1703-12-13,1703,1,0,0,0,
vc-1703-348,1703-12-14,1703,1,1,0,0,settlers
vc-1703-349,1703-12-15,1703,1,0,0,0,
vc-1703-350,1703-12-16,1703,1,1,0,0,general
vc-1703-351,1703-12-17,1703,1,0,0,0,
vc-1703-352,1703-12-18,1703,1,1,0,0,general
vc-1703-353,1703-12-19,1703,1,1,0,0,general
vc-1703-354,1703-12-20,1703,1,1,0,0,general
vc-1703-355,1703-12-21,1703,1,1,0,0,general
vc-1703-356,1703-12-22,1703,1,1,0,0,general
vc-1703-357,1703-12-23,1703,1,1,0,0,general
vc-1703-358,1703-12-24,1703,1,0,0,0,
vc-1703-359,1703-12-25,1703,1,0,0,0,
vc-1703-360,1703-12-26,1703,1,1,0,0,general
vc-1703-361,1703-12-27,1703,1,0,0,0,
vc-1703-362,1703-12-28,1703,1,0,0,0,
vc-1703-363,1703-12-29,1703,1,0,0,0,
vc-1703-364,1703-12-30,1703,1,0,0,0,
vc-1703-365,1703-12-31,1703,1,1,0,0,general
vc-1704-1,1704-01-01,1704,1,1,0,0,soldiers_sailors|settlers
vc-1704-2,1704-01-02,1704,1,1,0,0,general
vc-1704-3,1704-01-03,1704,1,0,0,0,
vc-1704-4,1704-01-04,1704,1,0,0,0,
vc-1704-5,1704-01-05,1704,1,0,0,0,
vc-1704-6,1704-01-06,1704,1,1,0,0,general
vc-1704-7,1704-01-07,1704,1,0,0,0,
vc-1704-8,1704-01-08,1704,1,0,0,0,
vc-1704-9,1704-01-09,1704,1,0,0,0,
vc-1704-10,1704-01-10,1704,1,0,0,0,
vc-1704-11,1704-01-11,1704,1,0,0,0,
vc-1704-12,1704-01-12,1704,1,1,0,0,soldiers_sailors
vc-1704-13,1704-01-13,1704,1,1,0,0,general
vc-1704-14,1704-01-14,1704,1,0,0,0,
vc-1704-15,1704-01-15,1704,1,1,0,0,general
vc-1704-16,1704-01-16,1704,1,0,0,0,
vc-1704-17,1704-01-17,1704,1,1,0,0,settlers
vc-1704-18,1704-01-18,1704,1,0,0,0,
vc-1704-19,1704-01-19,1704,1,1,0,0,general
vc-1704-20,1704-01-20,1704,1,0,0,0,
vc-1704-21,1704-01-21,1704,1,1,0,0,soldiers_sailors|settlers
vc-1704-22,1704-01-22,1704,1,0,0,0,
vc-1704-23,1704-01-23,1704,1,0,0,0,
vc-1704-24,1704-01-24,1704,1,0,0,0,
vc-1704-25,1704-01-25,1704,1,1,0,0,general
vc-1704-26,1704-01-26,1704,1,0,0,0,
vc-1704-27,1704-01-27,1704,1,1,0,0,general
vc-1704-28,1704-01-28,1704,1,0,0,0,
vc-1704-29,1704-01-29,1704,1,0,0,0,
vc-1704-30,1704-01-30,1704,1,0,0,0,
vc-1704-31,1704-01-31,1704,1,1,0,0,soldiers_sailors
vc-1704-32,1704-02-01,1704,1,0,0,0,
vc-1704-33,1704-02-02,1704,1,1,0,0,general
vc-1704-34,1704-02-03,1704,1,0,0,0,
vc-1704-35,1704-02-04,1704,1,0,0,0,
vc-1704-36,1704-02-05,1704,1,0,0,0,
vc-1704-37,1704-02-06,1704,1,1,0,0,general
vc-1704-38,1704-02-07,1704,1,1,0,0,soldiers_sailors
vc-1704-39,1704-02-08,1704,1,1,0,0,general
vc-1704-40,1704-02-09,1704,1,0,0,0,
vc-1704-41,1704-02-10,1704,1,0,0,0,
vc-1704-42,1704-02-11,1704,1,0,0,0,
vc-1704-43,1704-02-12,1704,1,0,0,0,
vc-1704-44,1704-02-13,1704,1,0,0,0,
vc-1704-45,1704-02-14,1704,1,1,0,0,soldiers_sailors
vc-1704-46,1704-02-15,1704,1,0,0,0,
vc-1704-47,1704-02-16,1704,1,0,0,0,
vc-1704-48,1704-02-17,1704,1,1,0,0,settlers
vc-1704-49,1704-02-18,1704,1,0,0,0,
vc-1704-50,1704-02-19,1704,1,0,0,0,
vc-1704-51,1704-02-20,1704,1,0,0,0,
vc-1704-52,1704-02-21,1704,1,1,0,0,soldiers_sailors
vc-1704-53,1704-02-22,1704,1,1,0,0,soldiers_sailors
vc-1704-54,1704-02-23,1704,1,0,0,0,
vc-1704-55,1704-02-24,1704,1,1,0,0,general
vc-1704-56,1704-02-25,1704,1,0,0,0,
vc-1704-57,1704-02-26,1704,1,1,0,1,general
vc-1704-58,1704-02-27,1704,1,1,0,0,general
vc-1704-59,1704-02-28,1704,1,1,0,0,khoesan|soldiers_sailors
vc-1704-60,1704-02-29,1704,1,0,0,0,
vc-1704-61,1704-03-01,1704,1,0,0,0,
vc-1704-62,1704-03-02,1704,1,1,0,0,general
vc-1704-63,1704-03-03,1704,1,1,0,0,soldiers_sailors
vc-1704-64,1704-03-04,1704,1,1,0,1,general
vc-1704-65,1704-03-05,1704,1,1,0,0,general
vc-1704-66,1704-03-06,1704,1,0,0,0,
vc-1704-67,1704-03-07,1704,1,0,0,0,
vc-1704-68,1704-03-08,1704,1,1,0,1,private_slaves|soldiers_sailors
vc-1704-69,1704-03-09,1704,1,1,0,0,general
vc-1704-70,1704-03-10,1704,1,0,0,0,
vc-1704-71,1704-03-11,1704,1,1,0,0,soldiers_sailors
vc-1704-72,1704-03-12,1704,1,1,0,0,soldiers_sailors
vc-1704-73,1704-03-13,1704,1,1,0,0,private_slaves|soldiers_sailors
vc-1704-74,1704-03-14,1704,1,1,0,0,soldiers_sailors
vc-1704-75,1704-03-15,1704,1,1,0,0,soldiers_sailors
vc-1704-76,1704-03-16,1704,1,1,0,0,general
vc-1704-77,1704-03-17,1704,1,0,0,0,
vc-1704-78,1704-03-18,1704,1,1,0,0,general
vc-1704-79,1704-03-19,1704,1,1,0,0,general
vc-1704-80,1704-03-20,1704,1,1,0,0,general
vc-1704-81,1704-03-21,1704,1,0,0,0,
vc-1704-82,1704-03-22,1704,1,1,0,0,general
vc-1704-83,1704-03-23,1704,1,1,0,0,general
vc-1704-84,1704-03-24,1704,1,0,0,0,
vc-1704-85,1704-03-25,1704,1,1,0,0,general
vc-1704-86,1704-03-26,1704,1,0,0,0,
vc-1704-87,1704-03-27,1704,1,0,0,0,
vc-1704-88,1704-03-28,1704,1,1,0,0,soldiers_sailors
vc-1704-89,1704-03-29,1704,1,1,0,0,general
vc-1704-90,1704-03-30,1704,1,1,0,0,general
vc-1704-91,1704-03-31,1704,1,0,0,0,
vc-1704-92,1704-04-01,1704,1,1,0,0,soldiers_sailors
vc-1704-93,1704-04-02,1704,1,1,0,0,private_slaves
vc-1704-94,1704-04-03,1704,1,0,0,0,
vc-1704-95,1704-04-04,1704,1,1,0,0,soldiers_sailors
vc-1704-96,1704-04-05,1704,1,1,0,0,soldiers_sailors
vc-1704-97,1704-04-06,1704,1,1,0,0,general
vc-1704-98,1704-04-07,1704,1,0,0,0,
vc-1704-99,1704-04-08,1704,1,0,0,0,
vc-1704-100,1704-04-09,1704,1,0,0,0,
vc-1704-101,1704-04-10,1704,1,1,0,0,general
vc-1704-102,1704-04-11,1704,1,1,0,0,general
vc-1704-103,1704-04-12,1704,1,0,0,0,
vc-1704-104,1704-04-13,1704,1,1,0,0,general
vc-1704-105,1704-04-14,1704,1,0,0,0,
vc-1704-106,1704-04-15,1704,1,0,0,0,
vc-1704-107,1704-04-16,1704,1,1,0,0,general
vc-1704-108,1704-04-17,1704,1,0,0,0,
vc-1704-109,1704-04-18,1704,1,1,0,0,settlers
vc-1704-110,1704-04-19,1704,1,0,0,0,
vc-1704-111,1704-04-20,1704,1,1,0,0,general
vc-1704-112,1704-04-21,1704,1,0,0,0,
vc-1704-113,1704-04-22,1704,1,0,0,0,
vc-1704-114,1704-04-23,1704,1,1,0,0,general
vc-1704-115,1704-04-24,1704,1,1,0,0,general
vc-1704-116,1704-04-25,1704,1,0,0,0,
vc-1704-117,1704-04-26,1704,1,0,0,0,
vc-1704-118,1704-04-27,1704,1,1,0,0,general
vc-1704-119,1704-04-28,1704,1,1,0,0,soldiers_sailors
vc-1704-120,1704-04-29,1704,1,0,0,0,
vc-1704-121,1704-04-30,1704,1,0,0,0,
vc-1704-122,1704-05-01,1704,1,1,0,0,general
vc-1704-123,1704-05-02,1704,1,1,0,0,private_slaves
vc-1704-124,1704-05-03,1704,1,1,0,0,general
vc-1704-125,1704-05-04,1704,1,1,0,0,general
vc-1704-126,1704-05-05,1704,1,0,0,0,
vc-1704-127,1704-05-06,1704,1,1,0,0,private_slaves
vc-1704-128,1704-05-07,1704,1,0,0,0,
vc-1704-129,1704-05-08,1704,1,1,0,0,general
vc-1704-130,1704-05-09,1704,1,0,0,0,
vc-1704-131,1704-05-10,1704,1,1,0,0,general
vc-1704-132,1704-05-11,1704,1,1,0,0,soldiers_sailors
vc-1704-133,1704-05-12,1704,1,0,0,0,
vc-1704-134,1704-05-13,1704,1,0,0,0,
vc-1704-135,1704-05-14,1704,1,0,0,0,
vc-1704-136,1704-05-15,1704,1,0,0,0,
vc-1704-137,1704-05-16,1704,1,0,0,0,
vc-1704-138,1704-05-17,1704,1,1,0,0,general
vc-1704-139,1704-05-18,1704,1,1,0,0,general
vc-1704-140,1704-05-19,1704,1,1,0,0,general
vc-1704-141,1704-05-20,1704,1,1,0,0,general
vc-1704-142,1704-05-21,1704,1,0,0,0,
vc-1704-143,1704-05-22,1704,1,1,0,0,general
vc-1704-144,1704-05-23,1704,1,0,0,0,
vc-1704-145,1704-05-24,1704,1,0,0,0,
vc-1704-146,1704-05-25,1704,1,0,0,0,
vc-1704-147,1704-05-26,1704,1,1,0,0,soldiers_sailors
vc-1704-148,1704-05-27,1704,1,0,0,0,
vc-1704-149,1704-05-28,1704,1,0,0,0,
vc-1704-150,1704-05-29,1704,1,0,0,0,
vc-1704-151,1704-05-30,1704,1,1,0,0,general
vc-1704-152,1704-05-31,1704,1,0,0,0,
vc-1704-153,1704-06-01,1704,1,0,0,0,
vc-1704-154,1704-06-02,1704,1,1,0,1,soldiers_sailors
vc-1704-155,1704-06-03,1704,1,0,0,0,
vc-1704-156,1704-06-04,1704,1,0,0,0,
vc-1704-157,1704-06-05,1704,1,0,0,0,
vc-1704-158,1704-06-06,1704,1,1,0,0,soldiers_sailors
vc-1704-159,1704-06-07,1704,1,0,0,0,
vc-1704-160,1704-06-08,1704,1,0,0,0,
vc-1704-161,1704-06-09,1704,1,0,0,0,
vc-1704-162,1704-06-10,1704,1,1,0,0,general
vc-1704-163,1704-06-11,1704,1,1,0,0,general
vc-1704-164,1704-06-12,1704,1,0,0,0,
vc-1704-165,1704-06-13,1704,1,1,0,0,general
vc-1704-166,1704-06-14,1704,1,0,0,0,
vc-1704-167,1704-06-15,1704,1,0,0,0,
vc-1704-168,1704-06-16,1704,1,1,0,0,general
vc-1704-169,1704-06-17,1704,1,1,0,1,private_slaves|soldiers_sailors|settlers
vc-1704-170,1704-06-18,1704,1,0,0,0,
vc-1704-171,1704-06-19,1704,1,0,0,0,
vc-1704-172,1704-06-20,1704,1,0,0,0,
vc-1704-173,1704-06-21,1704,1,1,0,0,general
vc-1704-174,1704-06-22,1704,1,1,0,0,general
vc-1704-175,1704-06-23,1704,1,0,0,0,
vc-1704-176,1704-06-24,1704,1,1,0,0,general
vc-1704-177,1704-06-25,1704,1,1,0,0,general
vc-1704-178,1704-06-26,1704,1,1,0,0,general
vc-1704-179,1704-06-27,1704,1,0,0,0,
vc-1704-180,1704-06-28,1704,1,1,0,0,general
vc-1704-181,1704-06-29,1704,1,1,0,0,general
vc-1704-182,1704-06-30,1704,1,0,0,0,
vc-1704-183,1704-07-01,1704,1,0,0,0,
vc-1704-184,1704-07-02,1704,1,0,0,0,
vc-1704-185,1704-07-03,1704,1,0,0,0,
vc-1704-186,1704-07-04,1704,1,0,0,0,
vc-1704-187,1704-07-05,1704,1,1,0,0,general
vc-1704-188,1704-07-06,1704,1,0,0,0,
vc-1704-189,1704-07-07,1704,1,1,0,0,general
vc-1704-190,1704-07-08,1704,1,0,0,0,
vc-1704-191,1704-07-09,1704,1,1,0,0,general
vc-1704-192,1704-07-10,1704,1,0,0,0,
vc-1704-193,1704-07-11,1704,1,0,0,0,
vc-1704-194,1704-07-12,1704,1,0,0,0,
vc-1704-195,1704-07-13,1704,1,1,0,0,general
vc-1704-196,1704-07-14,1704,1,0,0,0,
vc-1704-197,1704-07-15,1704,1,0,0,0,
vc-1704-198,1704-07-16,1704,1,1,0,1,general
vc-1704-199,1704-07-17,1704,1,0,0,0,
vc-1704-200,1704-07-18,1704,1,0,0,0,
vc-1704-201,1704-07-19,1704,1,0,0,0,
vc-1704-202,1704-07-20,1704,1,0,0,0,
vc-1704-203,1704-07-21,1704,1,1,0,0,general
vc-1704-204,1704-07-22,1704,1,0,0,0,
vc-1704-205,1704-07-23,1704,1,0,0,0,
vc-1704-206,1704-07-24,1704,1,0,0,0,
vc-1704-207,1704-07-25,1704,1,1,0,0,general
vc-1704-208,1704-07-26,1704,1,0,0,0,
vc-1704-209,1704-07-27,1704,1,1,0,0,general
vc-1704-210,1704-07-28,1704,1,0,0,0,
vc-1704-211,1704-07-29,1704,1,1,0,0,general
vc-1704-212,1704-07-30,1704,1,1,0,0,general
vc-1704-213,1704-07-31,1704,1,0,0,0,
vc-1704-214,1704-08-01,1704,1,0,0,0,
vc-1704-215,1704-08-02,1704,1,1,0,0,general
vc-1704-216,1704-08-03,1704,1,1,0,0,general
vc-1704-217,1704-08-04,1704,1,0,0,0,
vc-1704-218,1704-08-05,1704,1,0,0,0,
vc-1704-219,1704-08-06,1704,1,0,0,0,
vc-1704-220,1704-08-07,1704,1,1,0,0,settlers
vc-1704-221,1704-08-08,1704,1,1,0,0,general
vc-1704-222,1704-08-09,1704,1,1,0,0,private_slaves
vc-1704-223,1704-08-10,1704,1,0,0,0,
vc-1704-224,1704-08-11,1704,1,0,0,0,
vc-1704-225,1704-08-12,1704,1,1,0,0,general
vc-1704-226,1704-08-13,1704,1,0,0,0,
vc-1704-227,1704-08-14,1704,1,0,0,0,
vc-1704-228,1704-08-15,1704,1,0,0,0,
vc-1704-229,1704-08-16,1704,1,1,0,0,general
vc-1704-230,1704-08-17,1704,1,1,0,0,general
vc-1704-231,1704-08-18,1704,1,1,0,0,general
vc-1704-232,1704-08-19,1704,1,0,0,0,
vc-1704-233,1704-08-20,1704,1,0,0,0,
vc-1704-234,1704-08-21,1704,1,1,0,0,general
vc-1704-235,1704-08-22,1704,1,0,0,0,
vc-1704-236,1704-08-23,1704,1,0,0,0,
vc-1704-237,1704-08-24,1704,1,1,0,0,general
vc-1704-238,1704-08-25,1704,1,1,0,0,general
vc-1704-239,1704-08-26,1704,1,1,0,0,general
vc-1704-240,1704-08-27,1704,1,1,0,0,general
vc-1704-241,1704-08-28,1704,1,1,0,0,general
vc-1704-242,1704-08-29,1704,1,1,0,0,khoesan|settlers
vc-1704-243,1704-08-30,1704,1,1,0,0,settlers
vc-1704-244,1704-08-31,1704,1,1,0,0,general
vc-1704-245,1704-09-01,1704,1,1,0,0,general
vc-1704-246,1704-09-02,1704,1,0,0,0,
vc-1704-247,1704-09-03,1704,1,0,0,0,
vc-1704-248,1704-09-04,1704,1,1,0,0,general
vc-1704-249,1704-09-05,1704,1,0,0,0,
vc-1704-250,1704-09-06,1704,1,1,0,1,general
vc-1704-251,1704-09-07,1704,1,1,0,0,general
vc-1704-252,1704-09-08,1704,1,0,0,0,
vc-1704-253,1704-09-09,1704,1,1,0,0,general
vc-1704-254,1704-09-10,1704,1,0,0,0,
vc-1704-255,1704-09-11,1704,1,1,0,0,general
vc-1704-256,1704-09-12,1704,1,1,0,0,general
vc-1704-257,1704-09-13,1704,1,0,0,0,
vc-1704-258,1704-09-14,1704,1,1,0,0,general
vc-1704-259,1704-09-15,1704,1,0,0,0,
vc-1704-260,1704-09-16,1704,1,0,0,0,
vc-1704-261,1704-09-17,1704,1,1,0,0,general
vc-1704-262,1704-09-18,1704,1,1,0,0,general
vc-1704-263,1704-09-19,1704,1,0,0,0,
vc-1704-264,1704-09-20,1704,1,0,0,0,
vc-1704-265,1704-09-21,1704,1,1,0,0,general
vc-1704-266,1704-09-22,1704,1,0,0,0,
vc-1704-267,1704-09-23,1704,1,0,0,0,
vc-1704-268,1704-09-24,1704,1,1,0,0,general
vc-1704-269,1704-09-25,1704,1,1,0,0,general
vc-1704-270,1704-09-26,1704,1,0,0,0,
vc-1704-271,1704-09-27,1704,1,0,0,0,
vc-1704-272,1704-09-28,1704,1,0,0,0,
vc-1704-273,1704-09-29,1704,1,0,0,0,
vc-1704-274,1704-09-30,1704,1,0,0,0,
vc-1704-275,1704-10-01,1704,1,0,0,0,
vc-1704-276,1704-10-02,1704,1,1,0,0,soldiers_sailors
vc-1704-277,1704-10-03,1704,1,1,0,1,soldiers_sailors|settlers
vc-1704-278,1704-10-04,1704,1,1,0,0,general
vc-1704-279,1704-10-05,1704,1,0,0,0,
vc-1704-280,1704-10-06,1704,1,1,0,0,settlers
vc-1704-281,1704-10-07,1704,1,0,0,0,
vc-1704-282,1704-10-08,1704,1,0,0,0,
vc-1704-283,1704-10-09,1704,1,0,0,0,
vc-1704-284,1704-10-10,1704,1,0,0,0,
vc-1704-285,1704-10-11,1704,1,0,0,0,
vc-1704-286,1704-10-12,1704,1,0,0,0,
vc-1704-287,1704-10-13,1704,1,1,0,1,soldiers_sailors
vc-1704-288,1704-10-14,1704,1,0,0,0,
vc-1704-289,1704-10-15,1704,1,0,0,0,
vc-1704-290,1704-10-16,1704,1,1,0,0,general
vc-1704-291,1704-10-17,1704,1,1,0,0,general
vc-1704-292,1704-10-18,1704,1,0,0,0,
vc-1704-293,1704-10-19,1704,1,1,0,0,general
vc-1704-294,1704-10-20,1704,1,1,0,0,general
vc-1704-295,1704-10-21,1704,1,0,0,0,
vc-1704-296,1704-10-22,1704,1,0,0,0,
vc-1704-297,1704-10-23,1704,1,0,0,0,
vc-1704-298,1704-10-24,1704,1,1,0,0,general
vc-1704-299,1704-10-25,1704,1,0,0,0,
vc-1704-300,1704-10-26,1704,1,1,0,0,general
vc-1704-301,1704-10-27,1704,1,1,0,0,general
vc-1704-302,1704-10-28,1704,1,0,0,0,
vc-1704-303,1704-10-29,1704,1,1,0,0,general
vc-1704-304,1704-10-30,1704,1,0,0,0,
vc-1704-305,1704-10-31,1704,1,1,0,0,general
vc-1704-306,1704-11-01,1704,1,1,0,1,soldiers_sailors|settlers
vc-1704-307,1704-11-02,1704,1,1,0,0,general
vc-1704-308,1704-11-03,1704,1,1,0,0,settlers
vc-1704-309,1704-11-04,1704,1,1,0,0,settlers
vc-1704-310,1704-11-05,1704,1,0,0,0,
vc-1704-311,1704-11-06,1704,1,1,0,0,general
vc-1704-312,1704-11-07,1704,1,0,0,0,
vc-1704-313,1704-11-08,1704,1,0,0,0,
vc-1704-314,1704-11-09,1704,1,1,0,1,soldiers_sailors
vc-1704-315,1704-11-10,1704,1,1,0,1,general
vc-1704-316,1704-11-11,1704,1,0,0,0,
vc-1704-317,1704-11-12,1704,1,1,0,1,general
vc-1704-318,1704-11-13,1704,1,1,0,0,general
vc-1704-319,1704-11-14,1704,1,0,0,0,
vc-1704-320,1704-11-15,1704,1,1,0,1,general
vc-1704-321,1704-11-16,1704,1,0,0,0,
vc-1704-322,1704-11-17,1704,1,1,0,1,soldiers_sailors
vc-1704-323,1704-11-18,1704,1,1,0,0,general
vc-1704-324,1704-11-19,1704,1,1,0,1,general
vc-1704-325,1704-11-20,1704,1,0,0,0,
vc-1704-326,1704-11-21,1704,1,1,0,0,soldiers_sailors
vc-1704-327,1704-11-22,1704,1,0,0,0,
vc-1704-328,1704-11-23,1704,1,1,0,0,general
vc-1704-329,1704-11-24,1704,1,0,0,0,
vc-1704-330,1704-11-25,1704,1,0,0,0,
vc-1704-331,1704-11-26,1704,1,1,0,1,general
vc-1704-332,1704-11-27,1704,1,0,0,0,
vc-1704-333,1704-11-28,1704,1,1,0,0,general
vc-1704-334,1704-11-29,1704,1,0,0,0,
vc-1704-335,1704-11-30,1704,1,1,0,0,general
vc-1704-336,1704-12-01,1704,1,0,0,0,
vc-1704-337,1704-12-02,1704,1,0,0,0,
vc-1704-338,1704-12-03,1704,1,0,0,0,
vc-1704-339,1704-12-04,1704,1,1,0,0,general
vc-1704-340,1704-12-05,1704,1,1,0,0,general
vc-1704-341,1704-12-06,1704,1,1,0,0,general
vc-1704-342,1704-12-07,1704,1,0,0,0,
vc-1704-343,1704-12-08,1704,1,0,0,0,
vc-1704-344,1704-12-09,1704,1,0,0,0,
vc-1704-345,1704-12-10,1704,1,0,0,0,
vc-1704-346,1704-12-11,1704,1,0,0,0,
vc-1704-347,1704-12-12,1704,1,0,0,0,
vc-1704-348,1704-12-13,1704,1,0,0,0,
vc-1704-349,1704-12-14,1704,1,1,0,0,general
vc-1704-350,1704-12-15,1704,1,1,0,0,soldiers_sailors
vc-1704-351,1704-12-16,1704,1,1,0,0,general
vc-1704-352,1704-12-17,1704,1,0,0,0,
vc-1704-353,1704-12-18,1704,1,0,0,0,
vc-1704-354,1704-12-19,1704,1,1,0,0,general
vc-1704-355,1704-12-20,1704,1,1,0,0,general
vc-1704-356,1704-12-21,1704,1,1,0,0,general
vc-1704-357,1704-12-22,1704,1,0,0,0,
vc-1704-358,1704-12-23,1704,1,0,0,0,
vc-1704-359,1704-12-24,1704,1,1,0,0,settlers
vc-1704-360,1704-12-25,1704,1,1,0,0,general
vc-1704-361,1704-12-26,1704,1,0,0,0,
vc-1704-362,1704-12-27,1704,1,0,0,0,
vc-1704-363,1704-12-28,1704,1,1,0,0,general
vc-1704-364,1704-12-29,1704,1,0,0,0,
vc-1704-365,1704-12-30,1704,1,0,0,0,
vc-1704-366,1704-12-31,1704,1,0,0,0,
vc-1705-1,1705-01-01,1705,1,1,0,0,general
vc-1705-2,1705-01-02,1705,1,1,0,0,general
vc-1705-3,1705-01-03,1705,1,0,0,0,
vc-1705-4,1705-01-04,1705,1,1,0,0,general
vc-1705-5,1705-01-05,1705,1,0,0,0,
vc-1705-6,1705-01-06,1705,1,0,0,0,
vc-1705-7,1705-01-07,1705,1,0,0,0,
vc-1705-8,1705-01-08,1705,1,0,0,0,
vc-1705-9,1705-01-09,1705,1,1,0,0,soldiers_sailors
vc-1705-10,1705-01-10,1705,1,1,0,0,general
vc-1705-11,1705-01-11,1705,1,1,0,0,general
vc-1705-12,1705-01-12,1705,1,1,0,0,general
vc-1705-13,1705-01-13,1705,1,0,0,0,
vc-1705-14,1705-01-14,1705,1,1,0,0,soldiers_sailors
vc-1705-15,1705-01-15,1705,1,1,0,0,general
vc-1705-16,1705-01-16,1705,1,1,0,0,general
vc-1705-17,1705-01-17,1705,1,0,0,0,
vc-1705-18,1705-01-18,1705,1,1,0,1,general
vc-1705-19,1705-01-19,1705,1,0,0,0,
vc-1705-20,1705-01-20,1705,1,1,0,0,general
vc-1705-21,1705-01-21,1705,1,0,0,0,
vc-1705-22,1705-01-22,1705,1,1,0,0,general
vc-1705-23,1705-01-23,1705,1,0,0,0,
vc-1705-24,1705-01-24,1705,1,0,0,0,
vc-1705-25,1705-01-25,1705,1,1,0,0,general
vc-1705-26,1705-01-26,1705,1,0,0,0,
vc-1705-27,1705-01-27,1705,1,1,0,0,general
vc-1705-28,1705-01-28,1705,1,0,0,0,
vc-1705-29,1705-01-29,1705,1,1,0,0,general
vc-1705-30,1705-01-30,1705,1,0,0,0,
vc-1705-31,1705-01-31,1705,1,0,0,0,
vc-1705-32,1705-02-01,1705,1,1,0,0,general
vc-1705-33,1705-02-02,1705,1,0,0,0,
vc-1705-34,1705-02-03,1705,1,1,0,0,general
vc-1705-35,1705-02-04,1705,1,1,0,0,general
vc-1705-36,1705-02-05,1705,1,0,0,0,
vc-1705-37,1705-02-06,1705,1,1,0,0,general
vc-1705-38,1705-02-07,1705,1,0,0,0,
vc-1705-39,1705-02-08,1705,1,1,0,0,general
vc-1705-40,1705-02-09,1705,1,0,0,0,
vc-1705-41,1705-02-10,1705,1,1,0,0,soldiers_sailors
vc-1705-42,1705-02-11,1705,1,1,0,0,general
vc-1705-43,1705-02-12,1705,1,1,0,0,general
vc-1705-44,1705-02-13,1705,1,1,0,0,general
vc-1705-45,1705-02-14,1705,1,0,0,0,
vc-1705-46,1705-02-15,1705,1,1,0,0,general
vc-1705-47,1705-02-16,1705,1,1,0,0,settlers
vc-1705-48,1705-02-17,1705,1,1,0,1,soldiers_sailors|settlers
vc-1705-49,1705-02-18,1705,1,1,0,0,general
vc-1705-50,1705-02-19,1705,1,1,0,0,soldiers_sailors|settlers
vc-1705-51,1705-02-20,1705,1,0,0,0,
vc-1705-52,1705-02-21,1705,1,1,0,0,general
vc-1705-53,1705-02-22,1705,1,1,0,0,general
vc-1705-54,1705-02-23,1705,1,0,0,0,
vc-1705-55,1705-02-24,1705,1,0,0,0,
vc-1705-56,1705-02-25,1705,1,1,0,0,general
vc-1705-57,1705-02-26,1705,1,1,0,0,general
vc-1705-58,1705-02-27,1705,1,1,0,0,general
vc-1705-59,1705-02-28,1705,1,1,0,0,settlers
vc-1705-60,1705-03-01,1705,1,0,0,0,
vc-1705-61,1705-03-02,1705,1,1,0,0,settlers
vc-1705-62,1705-03-03,1705,1,1,0,0,settlers
vc-1705-63,1705-03-04,1705,1,0,0,0,
vc-1705-64,1705-03-05,1705,1,0,0,0,
vc-1705-65,1705-03-06,1705,1,1,0,1,general
vc-1705-66,1705-03-07,1705,1,1,0,0,general
vc-1705-67,1705-03-08,1705,1,1,0,0,general
vc-1705-68,1705-03-09,1705,1,1,0,0,settlers
vc-1705-69,1705-03-10,1705,1,1,0,0,general
vc-1705-70,1705-03-11,1705,1,0,0,0,
vc-1705-71,1705-03-12,1705,1,1,0,0,soldiers_sailors
vc-1705-72,1705-03-13,1705,1,1,0,0,general
vc-1705-73,1705-03-14,1705,1,0,0,0,
vc-1705-74,1705-03-15,1705,1,0,0,0,
vc-1705-75,1705-03-16,1705,1,0,0,0,
vc-1705-76,1705-03-17,1705,1,1,0,0,general
vc-1705-77,1705-03-18,1705,1,1,0,0,general
vc-1705-78,1705-03-19,1705,1,1,0,0,general
vc-1705-79,1705-03-20,1705,1,0,0,0,
vc-1705-80,1705-03-21,1705,1,0,0,0,
vc-1705-81,1705-03-22,1705,1,0,0,0,
vc-1705-82,1705-03-23,1705,1,0,0,0,
vc-1705-83,1705-03-24,1705,1,1,0,0,soldiers_sailors
vc-1705-84,1705-03-25,1705,1,0,0,0,
vc-1705-85,1705-03-26,1705,1,0,0,0,
vc-1705-86,1705-03-27,1705,1,0,0,0,
vc-1705-87,1705-03-28,1705,1,0,0,0,
vc-1705-88,1705-03-29,1705,1,1,0,0,general
vc-1705-89,1705-03-30,1705,1,0,0,0,
vc-1705-90,1705-03-31,1705,1,0,0,0,
vc-1705-91,1705-04-01,1705,1,0,0,0,
vc-1705-92,1705-04-02,1705,1,1,0,0,general
vc-1705-93,1705-04-03,1705,1,1,0,0,general
vc-1705-94,1705-04-04,1705,1,1,0,0,settlers
vc-1705-95,1705-04-05,1705,1,0,0,0,
vc-1705-96,1705-04-06,1705,1,1,0,0,general
vc-1705-97,1705-04-07,1705,1,1,0,0,private_slaves|settlers
vc-1705-98,1705-04-08,1705,1,0,0,0,
vc-1705-99,1705-04-09,1705,1,1,0,0,general
vc-1705-100,1705-04-10,1705,1,0,0,0,
vc-1705-101,1705-04-11,1705,1,0,0,0,
vc-1705-102,1705-04-12,1705,1,1,0,0,general
vc-1705-103,1705-04-13,1705,1,1,0,0,general
vc-1705-104,1705-04-14,1705,1,1,0,0,general
vc-1705-105,1705-04-15,1705,1,0,0,0,
vc-1705-106,1705-04-16,1705,1,0,0,0,
vc-1705-107,1705-04-17,1705,1,1,0,0,general
vc-1705-108,1705-04-18,1705,1,0,0,0,
vc-1705-109,1705-04-19,1705,1,1,0,0,general
vc-1705-110,1705-04-20,1705,1,1,0,0,general
vc-1705-111,1705-04-21,1705,1,0,0,0,
vc-1705-112,1705-04-22,1705,1,1,0,0,general
vc-1705-113,1705-04-23,1705,1,0,0,0,
vc-1705-114,1705-04-24,1705,1,1,0,0,settlers
vc-1705-115,1705-04-25,1705,1,0,0,0,
vc-1705-116,1705-04-26,1705,1,1,0,0,general
vc-1705-117,1705-04-27,1705,1,1,0,0,general
vc-1705-118,1705-04-28,1705,1,1,0,0,general
vc-1705-119,1705-04-29,1705,1,1,0,0,general
vc-1705-120,1705-04-30,1705,1,1,0,0,general
vc-1705-121,1705-05-01,1705,1,0,0,0,
vc-1705-122,1705-05-02,1705,1,1,0,0,general
vc-1705-123,1705-05-03,1705,1,0,0,0,
vc-1705-124,1705-05-04,1705,1,0,0,0,
vc-1705-125,1705-05-05,1705,1,1,0,0,general
vc-1705-126,1705-05-06,1705,1,0,0,0,
vc-1705-127,1705-05-07,1705,1,1,0,0,soldiers_sailors
vc-1705-128,1705-05-08,1705,1,0,0,0,
vc-1705-129,1705-05-09,1705,1,1,0,1,soldiers_sailors
vc-1705-130,1705-05-10,1705,1,0,0,0,
vc-1705-131,1705-05-11,1705,1,1,0,0,general
vc-1705-132,1705-05-12,1705,1,1,0,0,settlers
vc-1705-133,1705-05-13,1705,1,0,0,0,
vc-1705-134,1705-05-14,1705,1,1,0,0,soldiers_sailors
vc-1705-135,1705-05-15,1705,1,1,0,0,general
vc-1705-136,1705-05-16,1705,1,0,0,0,
vc-1705-137,1705-05-17,1705,1,1,0,0,general
vc-1705-138,1705-05-18,1705,1,1,0,0,private_slaves|soldiers_sailors
vc-1705-139,1705-05-19,1705,1,1,0,0,settlers
vc-1705-140,1705-05-20,1705,1,1,0,1,soldiers_sailors
vc-1705-141,1705-05-21,1705,1,1,0,0,settlers
vc-1705-142,1705-05-22,1705,1,0,0,0,
vc-1705-143,1705-05-23,1705,1,1,0,0,general
vc-1705-144,1705-05-24,1705,1,1,0,0,general
vc-1705-145,1705-05-25,1705,1,1,0,0,general
vc-1705-146,1705-05-26,1705,1,1,0,0,general
vc-1705-147,1705-05-27,1705,1,0,0,0,
vc-1705-148,1705-05-28,1705,1,1,0,0,settlers
vc-1705-149,1705-05-29,1705,1,1,0,1,general
vc-1705-150,1705-05-30,1705,1,1,0,0,general
vc-1705-151,1705-05-31,1705,1,1,0,0,general
vc-1705-152,1705-06-01,1705,1,0,0,0,
vc-1705-153,1705-06-02,1705,1,0,0,0,
vc-1705-154,1705-06-03,1705,1,0,0,0,
vc-1705-155,1705-06-04,1705,1,1,0,0,soldiers_sailors
vc-1705-156,1705-06-05,1705,1,1,0,0,general
vc-1705-157,1705-06-06,1705,1,1,0,0,private_slaves|soldiers_sailors
vc-1705-158,1705-06-07,1705,1,1,0,0,general
vc-1705-159,1705-06-08,1705,1,1,0,0,general
vc-1705-160,1705-06-09,1705,1,0,0,0,
vc-1705-161,1705-06-10,1705,1,1,0,0,private_slaves|soldiers_sailors|settlers
vc-1705-162,1705-06-11,1705,1,1,0,0,general
vc-1705-163,1705-06-12,1705,1,1,0,1,general
vc-1705-164,1705-06-13,1705,1,0,0,0,
vc-1705-165,1705-06-14,1705,1,1,0,0,general
vc-1705-166,1705-06-15,1705,1,0,0,0,
vc-1705-167,1705-06-16,1705,1,1,0,0,general
vc-1705-168,1705-06-17,1705,1,1,0,0,general
vc-1705-169,1705-06-18,1705,1,1,0,0,general
vc-1705-170,1705-06-19,1705,1,1,0,0,soldiers_sailors
vc-1705-171,1705-06-20,1705,1,1,0,0,soldiers_sailors
vc-1705-172,1705-06-21,1705,1,1,0,0,general
vc-1705-173,1705-06-22,1705,1,1,0,0,private_slaves
vc-1705-174,1705-06-23,1705,1,1,0,0,general
vc-1705-175,1705-06-24,1705,1,1,0,0,general
vc-1705-176,1705-06-25,1705,1,0,0,0,
vc-1705-177,1705-06-26,1705,1,1,0,0,general
vc-1705-178,1705-06-27,1705,1,0,0,0,
vc-1705-179,1705-06-28,1705,1,1,0,0,general
vc-1705-180,1705-06-29,1705,1,1,0,0,general
vc-1705-181,1705-06-30,1705,1,1,0,0,soldiers_sailors
vc-1705-182,1705-07-01,1705,1,0,0,0,
vc-1705-183,1705-07-02,1705,1,1,0,0,general
vc-1705-184,1705-07-03,1705,1,0,0,0,
vc-1705-185,1705-07-04,1705,1,1,0,0,settlers
vc-1705-186,1705-07-05,1705,1,0,0,0,
vc-1705-187,1705-07-06,1705,1,0,0,0,
vc-1705-188,1705-07-07,1705,1,1,0,0,general
vc-1705-189,1705-07-08,1705,1,1,0,0,general
vc-1705-190,1705-07-09,1705,1,0,0,0,
vc-1705-191,1705-07-10,1705,1,0,0,0,
vc-1705-192,1705-07-11,1705,1,1,0,0,company_slaves|khoesan|settlers
vc-1705-193,1705-07-12,1705,1,1,0,0,general
vc-1705-194,1705-07-13,1705,1,1,0,0,soldiers_sailors|settlers
vc-1705-195,1705-07-14,1705,1,0,0,0,
vc-1705-196,1705-07-15,1705,1,1,0,0,general
vc-1705-197,1705-07-16,1705,1,1,0,0,general
vc-1705-198,1705-07-17,1705,1,1,0,0,general
vc-1705-199,1705-07-18,1705,1,0,0,0,
vc-1705-200,1705-07-19,1705,1,1,0,0,general
vc-1705-201,1705-07-20,1705,1,0,0,0,
vc-1705-202,1705-07-21,1705,1,1,0,0,general
vc-1705-203,1705-07-22,1705,1,0,0,0,
vc-1705-204,1705-07-23,1705,1,0,0,0,
vc-1705-205,1705-07-24,1705,1,0,0,0,
vc-1705-206,1705-07-25,1705,1,1,0,0,settlers
vc-1705-207,1705-07-26,1705,1,1,0,0,general
vc-1705-208,1705-07-27,1705,1,0,0,0,
vc-1705-209,1705-07-28,1705,1,0,0,0,
vc-1705-210,1705-07-29,1705,1,1,0,0,general
vc-1705-211,1705-07-30,1705,1,1,0,0,general
vc-1705-212,1705-07-31,1705,1,1,0,0,general
vc-1705-213,1705-08-01,1705,1,1,0,0,general
vc-1705-214,1705-08-02,1705,1,1,0,0,general
vc-1705-215,1705-08-03,1705,1,1,0,0,soldiers_sailors
vc-1705-216,1705-08-04,1705,1,0,0,0,
vc-1705-217,1705-08-05,1705,1,1,0,0,soldiers_sailors
vc-1705-218,1705-08-06,1705,1,1,0,0,soldiers_sailors
vc-1705-219,1705-08-07,1705,1,1,0,0,general
vc-1705-220,1705-08-08,1705,1,0,0,0,
vc-1705-221,1705-08-09,1705,1,1,0,0,general
vc-1705-222,1705-08-10,1705,1,1,0,0,general
vc-1705-223,1705-08-11,1705,1,1,0,0,general
vc-1705-224,1705-08-12,1705,1,0,0,0,
vc-1705-225,1705-08-13,1705,1,0,0,0,
vc-1705-226,1705-08-14,1705,1,0,0,0,
vc-1705-227,1705-08-15,1705,1,1,0,0,general
vc-1705-228,1705-08-16,1705,1,1,0,0,general
vc-1705-229,1705-08-17,1705,1,0,0,0,
vc-1705-230,1705-08-18,1705,1,0,0,0,
vc-1705-231,1705-08-19,1705,1,0,0,0,
vc-1705-232,1705-08-20,1705,1,1,0,0,general
vc-1705-233,1705-08-21,1705,1,1,0,0,general
vc-1705-234,1705-08-22,1705,1,0,0,0,
vc-1705-235,1705-08-23,1705,1,1,0,0,general
vc-1705-236,1705-08-24,1705,1,1,0,0,general
vc-1705-237,1705-08-25,1705,1,0,0,0,
vc-1705-238,1705-08-26,1705,1,0,0,0,
vc-1705-239,1705-08-27,1705,1,0,0,0,
vc-1705-240,1705-08-28,1705,1,0,0,0,
vc-1705-241,1705-08-29,1705,1,1,0,0,general
vc-1705-242,1705-08-30,1705,1,1,0,0,general
vc-1705-243,1705-08-31,1705,1,1,0,0,settlers
vc-1705-244,1705-09-01,1705,1,1,0,0,khoesan|settlers
vc-1705-245,1705-09-02,1705,1,0,0,0,
vc-1705-246,1705-09-03,1705,1,1,0,0,settlers
vc-1705-247,1705-09-04,1705,1,1,0,0,general
vc-1705-248,1705-09-05,1705,1,0,0,0,
vc-1705-249,1705-09-06,1705,1,1,0,0,general
vc-1705-250,1705-09-07,1705,1,0,0,0,
vc-1705-251,1705-09-08,1705,1,0,0,0,
vc-1705-252,1705-09-09,1705,1,0,0,0,
vc-1705-253,1705-09-10,1705,1,1,0,0,general
vc-1705-254,1705-09-11,1705,1,1,0,0,general
vc-1705-255,1705-09-12,1705,1,1,0,0,settlers
vc-1705-256,1705-09-13,1705,1,1,0,0,general
vc-1705-257,1705-09-14,1705,1,0,0,0,
vc-1705-258,1705-09-15,1705,1,0,0,0,
vc-1705-259,1705-09-16,1705,1,0,0,0,
vc-1705-260,1705-09-17,1705,1,0,0,0,
vc-1705-261,1705-09-18,1705,1,0,0,0,
vc-1705-262,1705-09-19,1705,1,0,0,0,
vc-1705-263,1705-09-20,1705,1,1,0,0,general
vc-1705-264,1705-09-21,1705,1,0,0,0,
vc-1705-265,1705-09-22,1705,1,0,0,0,
vc-1705-266,1705-09-23,1705,1,0,0,0,
vc-1705-267,1705-09-24,1705,1,0,0,0,
vc-1705-268,1705-09-25,1705,1,0,0,0,
vc-1705-269,1705-09-26,1705,1,1,0,0,khoesan
vc-1705-270,1705-09-27,1705,1,1,0,0,general
vc-1705-271,1705-09-28,1705,1,1,0,0,general
vc-1705-272,1705-09-29,1705,1,1,0,0,settlers
vc-1705-273,1705-09-30,1705,1,1,0,0,general
vc-1705-274,1705-10-01,1705,1,1,0,1,soldiers_sailors
vc-1705-275,1705-10-02,1705,1,1,0,1,soldiers_sailors
vc-1705-276,1705-10-03,1705,1,1,0,0,general
vc-1705-277,1705-10-04,1705,1,1,0,0,general
vc-1705-278,1705-10-05,1705,1,1,0,0,general
vc-1705-279,1705-10-06,1705,1,0,0,0,
vc-1705-280,1705-10-07,1705,1,1,0,0,company_slaves
vc-1705-281,1705-10-08,1705,1,1,0,0,general
vc-1705-282,1705-10-09,1705,1,0,0,0,
vc-1705-283,1705-10-10,1705,1,1,0,0,general
vc-1705-284,1705-10-11,1705,1,1,0,0,general
vc-1705-285,1705-10-12,1705,1,1,0,0,soldiers_sailors|settlers
vc-1705-286,1705-10-13,1705,1,1,0,0,khoesan
vc-1705-287,1705-10-14,1705,1,0,0,0,
vc-1705-288,1705-10-15,1705,1,1,0,0,general
vc-1705-289,1705-10-16,1705,1,1,0,0,khoesan|soldiers_sailors
vc-1705-290,1705-10-17,1705,1,0,0,0,
vc-1705-291,1705-10-18,1705,1,0,0,0,
vc-1705-292,1705-10-19,1705,1,1,0,0,general
vc-1705-293,1705-10-20,1705,1,1,0,1,general
vc-1705-294,1705-10-21,1705,1,1,0,0,general
vc-1705-295,1705-10-22,1705,1,1,0,0,general
vc-1705-296,1705-10-23,1705,1,1,0,0,general
vc-1705-297,1705-10-24,1705,1,1,0,0,general
vc-1705-298,1705-10-25,1705,1,1,0,0,soldiers_sailors
vc-1705-299,1705-10-26,1705,1,1,0,0,general
vc-1705-300,1705-10-27,1705,1,0,0,0,
vc-1705-301,1705-10-28,1705,1,0,0,0,
vc-1705-302,1705-10-29,1705,1,0,0,0,
vc-1705-303,1705-10-30,1705,1,1,0,0,general
vc-1705-304,1705-10-31,1705,1,0,0,0,
vc-1705-305,1705-11-01,1705,1,0,0,0,
vc-1705-306,1705-11-02,1705,1,0,0,0,
vc-1705-307,1705-11-03,1705,1,1,0,1,soldiers_sailors|settlers
vc-1705-308,1705-11-04,1705,1,0,0,0,
vc-1705-309,1705-11-05,1705,1,1,0,0,settlers
vc-1705-310,1705-11-06,1705,1,1,0,0,general
vc-1705-311,1705-11-07,1705,1,0,0,0,
vc-1705-312,1705-11-08,1705,1,0,0,0,
vc-1705-313,1705-11-09,1705,1,0,0,0,
vc-1705-314,1705-11-10,1705,1,1,0,0,soldiers_sailors
vc-1705-315,1705-11-11,1705,1,1,0,0,private_slaves|soldiers_sailors|settlers
vc-1705-316,1705-11-12,1705,1,1,0,0,general
vc-1705-317,1705-11-13,1705,1,0,0,0,
vc-1705-318,1705-11-14,1705,1,1,0,0,general
vc-1705-319,1705-11-15,1705,1,1,0,0,general
vc-1705-320,1705-11-16,1705,1,0,0,0,
vc-1705-321,1705-11-17,1705,1,0,0,0,
vc-1705-322,1705-11-18,1705,1,0,0,0,
vc-1705-323,1705-11-19,1705,1,0,0,0,
vc-1705-324,1705-11-20,1705,1,0,0,0,
vc-1705-325,1705-11-21,1705,1,0,0,0,
vc-1705-326,1705-11-22,1705,1,0,0,0,
vc-1705-327,1705-11-23,1705,1,1,0,0,general
vc-1705-328,1705-11-24,1705,1,1,0,1,general
vc-1705-329,1705-11-25,1705,1,0,0,0,
vc-1705-330,1705-11-26,1705,1,0,0,0,
vc-1705-331,1705-11-27,1705,1,0,0,0,
vc-1705-332,1705-11-28,1705,1,1,0,0,khoesan
vc-1705-333,1705-11-29,1705,1,1,0,0,khoesan
vc-1705-334,1705-11-30,1705,1,1,0,0,general
vc-1705-335,1705-12-01,1705,1,1,0,0,khoesan
vc-1705-336,1705-12-02,1705,1,0,0,0,
vc-1705-337,1705-12-03,1705,1,0,0,0,
vc-1705-338,1705-12-04,1705,1,0,0,0,
vc-1705-339,1705-12-05,1705,1,1,0,0,khoesan|soldiers_sailors
vc-1705-340,1705-12-06,1705,1,1,0,0,general
vc-1705-341,1705-12-07,1705,1,0,0,0,
vc-1705-342,1705-12-08,1705,1,1,0,1,khoesan
vc-1705-343,1705-12-09,1705,1,0,0,0,
vc-1705-344,1705-12-10,1705,1,1,0,0,general
vc-1705-345,1705-12-11,1705,1,0,0,0,
vc-1705-346,1705-12-12,1705,1,0,0,0,
vc-1705-347,1705-12-13,1705,1,1,0,0,general
vc-1705-348,1705-12-14,1705,1,0,0,0,
vc-1705-349,1705-12-15,1705,1,0,0,0,
vc-1705-350,1705-12-16,1705,1,0,0,0,
vc-1705-351,1705-12-17,1705,1,0,0,0,
vc-1705-352,1705-12-18,1705,1,0,0,0,
vc-1705-353,1705-12-19,1705,1,1,0,1,company_slaves|settlers
vc-1705-354,1705-12-20,1705,1,1,0,0,general
vc-1705-355,1705-12-21,1705,1,0,0,0,
vc-1705-356,1705-12-22,1705,1,0,0,0,
vc-1705-357,1705-12-23,1705,1,0,0,0,
vc-1705-358,1705-12-24,1705,1,0,0,0,
vc-1705-359,1705-12-25,1705,1,1,0,0,general
vc-1705-360,1705-12-26,1705,1,1,0,0,general
vc-1705-361,1705-12-27,1705,1,1,0,0,general
vc-1705-362,1705-12-28,1705,1,1,0,0,private_slaves|settlers
vc-1705-363,1705-12-29,1705,1,1,0,0,company_slaves|settlers
vc-1705-364,1705-12-30,1705,1,0,0,0,
vc-1705-365,1705-12-31,1705,1,1,0,0,general
vc-1706-1,1706-01-01,1706,1,0,0,0,
vc-1706-2,1706-01-02,1706,1,0,0,0,
vc-1706-3,1706-01-03,1706,1,1,0,0,general
vc-1706-4,1706-01-04,1706,1,1,0,0,general
vc-1706-5,1706-01-05,1706,1,0,0,0,
vc-1706-6,1706-01-06,1706,1,0,0,0,
vc-1706-7,1706-01-07,1706,1,0,0,0,
vc-1706-8,1706-01-08,1706,1,1,0,0,general
vc-1706-9,1706-01-09,1706,1,1,0,1,private_slaves
vc-1706-10,1706-01-10,1706,1,1,0,0,private_slaves
vc-1706-11,1706-01-11,1706,1,0,0,0,
vc-1706-12,1706-01-12,1706,1,1,0,0,soldiers_sailors
vc-1706-13,1706-01-13,1706,1,0,0,0,
vc-1706-14,1706-01-14,1706,1,1,0,0,general
vc-1706-15,1706-01-15,1706,1,0,0,0,
vc-1706-16,1706-01-16,1706,1,0,0,0,
vc-1706-17,1706-01-17,1706,1,0,0,0,
vc-1706-18,1706-01-18,1706,1,0,0,0,
vc-1706-19,1706-01-19,1706,1,0,0,0,
vc-1706-20,1706-01-20,1706,1,1,0,0,general
vc-1706-21,1706-01-21,1706,1,0,0,0,
vc-1706-22,1706-01-22,1706,1,0,0,0,
vc-1706-23,1706-01-23,1706,1,0,0,0,
vc-1706-24,1706-01-24,1706,1,1,0,0,general
vc-1706-25,1706-01-25,1706,1,0,0,0,
vc-1706-26,1706-01-26,1706,1,0,0,0,
vc-1706-27,1706-01-27,1706,1,0,0,0,
vc-1706-28,1706-01-28,1706,1,0,0,0,
vc-1706-29,1706-01-29,1706,1,0,0,0,
vc-1706-30,1706-01-30,1706,1,1,0,1,general
vc-1706-31,1706-01-31,1706,1,1,0,0,general
vc-1706-32,1706-02-01,1706,1,0,0,0,
vc-1706-33,1706-02-02,1706,1,1,0,0,general
vc-1706-34,1706-02-03,1706,1,1,0,0,general
vc-1706-35,1706-02-04,1706,1,1,0,1,general
vc-1706-36,1706-02-05,1706,1,1,0,1,general
vc-1706-37,1706-02-06,1706,1,1,0,0,general
vc-1706-38,1706-02-07,1706,1,1,0,1,general
vc-1706-39,1706-02-08,1706,1,0,0,0,
vc-1706-40,1706-02-09,1706,1,1,0,0,general
vc-1706-41,1706-02-10,1706,1,1,0,0,general
vc-1706-42,1706-02-11,1706,1,1,0,0,private_slaves|soldiers_sailors
vc-1706-43,1706-02-12,1706,1,1,0,0,general
vc-1706-44,1706-02-13,1706,1,0,0,0,
vc-1706-45,1706-02-14,1706,1,0,0,0,
vc-1706-46,1706-02-15,1706,1,1,0,0,general
vc-1706-47,1706-02-16,1706,1,1,0,0,soldiers_sailors
vc-1706-48,1706-02-17,1706,1,1,0,0,soldiers_sailors
vc-1706-49,1706-02-18,1706,1,0,0,0,
vc-1706-50,1706-02-19,1706,1,0,0,0,
vc-1706-51,1706-02-20,1706,1,0,0,0,
vc-1706-52,1706-02-21,1706,1,0,0,0,
vc-1706-53,1706-02-22,1706,1,1,0,0,general
vc-1706-54,1706-02-23,1706,1,1,0,0,general
vc-1706-55,1706-02-24,1706,1,1,0,0,general
vc-1706-56,1706-02-25,1706,1,1,0,0,general
vc-1706-57,1706-02-26,1706,1,1,0,0,general
vc-1706-58,1706-02-27,1706,1,1,0,1,general
vc-1706-59,1706-02-28,1706,1,1,0,0,settlers
vc-1706-60,1706-03-01,1706,1,0,0,0,
vc-1706-61,1706-03-02,1706,1,0,0,0,
vc-1706-62,1706-03-03,1706,1,0,0,0,
vc-1706-63,1706-03-04,1706,1,1,0,0,general
vc-1706-64,1706-03-05,1706,1,0,0,0,
vc-1706-65,1706-03-06,1706,1,1,0,0,general
vc-1706-66,1706-03-07,1706,1,1,0,0,general
vc-1706-67,1706-03-08,1706,1,1,0,0,general
vc-1706-68,1706-03-09,1706,1,0,0,0,
vc-1706-69,1706-03-10,1706,1,1,0,0,general
vc-1706-70,1706-03-11,1706,1,0,0,0,
vc-1706-71,1706-03-12,1706,1,1,0,0,soldiers_sailors|settlers
vc-1706-72,1706-03-13,1706,1,0,0,0,
vc-1706-73,1706-03-14,1706,1,1,0,0,soldiers_sailors
vc-1706-74,1706-03-15,1706,1,0,0,0,
vc-1706-75,1706-03-16,1706,1,0,0,0,
vc-1706-76,1706-03-17,1706,1,1,0,0,general
vc-1706-77,1706-03-18,1706,1,0,0,0,
vc-1706-78,1706-03-19,1706,1,0,0,0,
vc-1706-79,1706-03-20,1706,1,0,0,0,
vc-1706-80,1706-03-21,1706,1,0,0,0,
vc-1706-81,1706-03-22,1706,1,0,0,0,
vc-1706-82,1706-03-23,1706,1,0,0,0,
vc-1706-83,1706-03-24,1706,1,0,0,0,
vc-1706-84,1706-03-25,1706,1,1,0,1,general
vc-1706-85,1706-03-26,1706,1,1,0,0,general
vc-1706-86,1706-03-27,1706,1,0,0,0,
vc-1706-87,1706-03-28,1706,1,1,0,0,general
vc-1706-88,1706-03-29,1706,1,1,0,0,settlers
vc-1706-89,1706-03-30,1706,1,0,0,0,
vc-1706-90,1706-03-31,1706,1,0,0,0,
vc-1706-91,1706-04-01,1706,1,0,0,0,
vc-1706-92,1706-04-02,1706,1,1,0,0,general
vc-1706-93,1706-04-03,1706,1,0,0,0,
vc-1706-94,1706-04-04,1706,1,1,0,0,general
vc-1706-95,1706-04-05,1706,1,1,0,0,general
vc-1706-96,1706-04-06,1706,1,0,0,0,
vc-1706-97,1706-04-07,1706,1,1,0,0,general
vc-1706-98,1706-04-08,1706,1,0,0,0,
vc-1706-99,1706-04-09,1706,1,0,0,0,
vc-1706-100,1706-04-10,1706,1,0,0,0,
vc-1706-101,1706-04-11,1706,1,0,0,0,
vc-1706-102,1706-04-12,1706,1,0,0,0,
vc-1706-103,1706-04-13,1706,1,1,0,0,general
vc-1706-104,1706-04-14,1706,1,0,0,0,
vc-1706-105,1706-04-15,1706,1,1,0,0,general
vc-1706-106,1706-04-16,1706,1,1,0,0,general
vc-1706-107,1706-04-17,1706,1,1,0,0,general
vc-1706-108,1706-04-18,1706,1,0,0,0,
vc-1706-109,1706-04-19,1706,1,0,0,0,
vc-1706-110,1706-04-20,1706,1,0,0,0,
vc-1706-111,1706-04-21,1706,1,1,0,0,general
vc-1706-112,1706-04-22,1706,1,0,0,0,
vc-1706-113,1706-04-23,1706,1,1,0,0,general
vc-1706-114,1706-04-24,1706,1,0,0,0,
vc-1706-115,1706-04-25,1706,1,1,0,0,general
vc-1706-116,1706-04-26,1706,1,1,0,0,general
vc-1706-117,1706-04-27,1706,1,0,0,0,
vc-1706-118,1706-04-28,1706,1,0,0,0,
vc-1706-119,1706-04-29,1706,1,0,0,0,
vc-1706-120,1706-04-30,1706,1,0,0,0,
vc-1706-121,1706-05-01,1706,1,0,0,0,
vc-1706-122,1706-05-02,1706,1,0,0,0,
vc-1706-123,1706-05-03,1706,1,1,0,0,general
vc-1706-124,1706-05-04,1706,1,1,0,0,general
vc-1706-125,1706-05-05,1706,1,1,0,0,general
vc-1706-126,1706-05-06,1706,1,1,0,0,general
vc-1706-127,1706-05-07,1706,1,1,0,0,private_slaves
vc-1706-128,1706-05-08,1706,1,0,0,0,
vc-1706-129,1706-05-09,1706,1,0,0,0,
vc-1706-130,1706-05-10,1706,1,1,0,0,general
vc-1706-131,1706-05-11,1706,1,0,0,0,
vc-1706-132,1706-05-12,1706,1,1,0,0,private_slaves|settlers
vc-1706-133,1706-05-13,1706,1,0,0,0,
vc-1706-134,1706-05-14,1706,1,1,0,0,private_slaves
vc-1706-135,1706-05-15,1706,1,1,0,0,general
vc-1706-136,1706-05-16,1706,1,1,0,0,private_slaves
vc-1706-137,1706-05-17,1706,1,0,0,0,
vc-1706-138,1706-05-18,1706,1,1,0,0,private_slaves
vc-1706-139,1706-05-19,1706,1,1,0,0,general
vc-1706-140,1706-05-20,1706,1,0,0,0,
vc-1706-141,1706-05-21,1706,1,1,0,0,general
vc-1706-142,1706-05-22,1706,1,1,0,0,general
vc-1706-143,1706-05-23,1706,1,0,0,0,
vc-1706-144,1706-05-24,1706,1,1,0,0,general
vc-1706-145,1706-05-25,1706,1,0,0,0,
vc-1706-146,1706-05-26,1706,1,1,0,0,general
vc-1706-147,1706-05-27,1706,1,0,0,0,
vc-1706-148,1706-05-28,1706,1,1,0,0,private_slaves
vc-1706-149,1706-05-29,1706,1,0,0,0,
vc-1706-150,1706-05-30,1706,1,0,0,0,
vc-1706-151,1706-05-31,1706,1,1,0,0,general
vc-1706-152,1706-06-01,1706,1,1,0,0,private_slaves|settlers
vc-1706-153,1706-06-02,1706,1,1,0,0,general
vc-1706-154,1706-06-03,1706,1,1,0,0,general
vc-1706-155,1706-06-04,1706,1,0,0,0,
vc-1706-156,1706-06-05,1706,1,1,0,0,general
vc-1706-157,1706-06-06,1706,1,1,0,0,private_slaves|khoesan
vc-1706-158,1706-06-07,1706,1,1,0,0,general
vc-1706-159,1706-06-08,1706,1,1,0,1,general
vc-1706-160,1706-06-09,1706,1,0,0,0,
vc-1706-161,1706-06-10,1706,1,1,0,0,general
vc-1706-162,1706-06-11,1706,1,1,0,0,general
vc-1706-163,1706-06-12,1706,1,0,0,0,
vc-1706-164,1706-06-13,1706,1,0,0,0,
vc-1706-165,1706-06-14,1706,1,1,0,0,general
vc-1706-166,1706-06-15,1706,1,1,0,0,general
vc-1706-167,1706-06-16,1706,1,0,0,0,
vc-1706-168,1706-06-17,1706,1,0,0,0,
vc-1706-169,1706-06-18,1706,1,0,0,0,
vc-1706-170,1706-06-19,1706,1,1,0,0,general
vc-1706-171,1706-06-20,1706,1,1,0,0,soldiers_sailors|settlers
vc-1706-172,1706-06-21,1706,1,1,0,0,general
vc-1706-173,1706-06-22,1706,1,1,0,0,general
vc-1706-174,1706-06-23,1706,1,0,0,0,
vc-1706-175,1706-06-24,1706,1,0,0,0,
vc-1706-176,1706-06-25,1706,1,0,0,0,
vc-1706-177,1706-06-26,1706,1,1,0,0,settlers
vc-1706-178,1706-06-27,1706,1,1,0,0,general
vc-1706-179,1706-06-28,1706,1,1,0,0,general
vc-1706-180,1706-06-29,1706,1,1,0,0,general
vc-1706-181,1706-06-30,1706,1,1,0,0,general
vc-1706-182,1706-07-01,1706,1,0,0,0,
vc-1706-183,1706-07-02,1706,1,0,0,0,
vc-1706-184,1706-07-03,1706,1,0,0,0,
vc-1706-185,1706-07-04,1706,1,1,0,0,general
vc-1706-186,1706-07-05,1706,1,0,0,0,
vc-1706-187,1706-07-06,1706,1,0,0,0,
vc-1706-188,1706-07-07,1706,1,0,0,0,
vc-1706-189,1706-07-08,1706,1,0,0,0,
vc-1706-190,1706-07-09,1706,1,0,0,0,
vc-1706-191,1706-07-10,1706,1,0,0,0,
vc-1706-192,1706-07-11,1706,1,1,0,1,private_slaves|soldiers_sailors|settlers
vc-1706-193,1706-07-12,1706,1,0,0,0,
vc-1706-194,1706-07-13,1706,1,1,0,0,general
vc-1706-195,1706-07-14,1706,1,0,0,0,
vc-1706-196,1706-07-15,1706,1,1,0,0,general
vc-1706-197,1706-07-16,1706,1,1,0,0,soldiers_sailors
vc-1706-198,1706-07-17,1706,1,0,0,0,
vc-1706-199,1706-07-18,1706,1,1,0,0,soldiers_sailors|settlers
vc-1706-200,1706-07-19,1706,1,1,0,0,general
vc-1706-201,1706-07-20,1706,1,0,0,0,
vc-1706-202,1706-07-21,1706,1,1,0,0,general
vc-1706-203,1706-07-22,1706,1,1,0,0,general
vc-1706-204,1706-07-23,1706,1,0,0,0,
vc-1706-205,1706-07-24,1706,1,1,0,0,general
vc-1706-206,1706-07-25,1706,1,0,0,0,
vc-1706-207,1706-07-26,1706,1,1,0,0,general
vc-1706-208,1706-07-27,1706,1,1,0,0,general
vc-1706-209,1706-07-28,1706,1,1,0,0,private_slaves
vc-1706-210,1706-07-29,1706,1,1,0,0,settlers
vc-1706-211,1706-07-30,1706,1,0,0,0,
vc-1706-212,1706-07-31,1706,1,0,0,0,
vc-1706-213,1706-08-01,1706,1,1,0,0,private_slaves
vc-1706-214,1706-08-02,1706,1,1,0,0,general
vc-1706-215,1706-08-03,1706,1,0,0,0,
vc-1706-216,1706-08-04,1706,1,0,0,0,
vc-1706-217,1706-08-05,1706,1,0,0,0,
vc-1706-218,1706-08-06,1706,1,1,0,0,soldiers_sailors
vc-1706-219,1706-08-07,1706,1,1,0,0,general
vc-1706-220,1706-08-08,1706,1,1,0,0,soldiers_sailors
vc-1706-221,1706-08-09,1706,1,1,0,0,general
vc-1706-222,1706-08-10,1706,1,1,0,0,general
vc-1706-223,1706-08-11,1706,1,1,0,1,soldiers_sailors|settlers
vc-1706-224,1706-08-12,1706,1,1,0,0,general
vc-1706-225,1706-08-13,1706,1,0,0,0,
vc-1706-226,1706-08-14,1706,1,1,0,0,general
vc-1706-227,1706-08-15,1706,1,1,0,0,private_slaves|settlers
vc-1706-228,1706-08-16,1706,1,0,0,0,
vc-1706-229,1706-08-17,1706,1,0,0,0,
vc-1706-230,1706-08-18,1706,1,1,0,0,general
vc-1706-231,1706-08-19,1706,1,1,0,0,general
vc-1706-232,1706-08-20,1706,1,1,0,0,soldiers_sailors
vc-1706-233,1706-08-21,1706,1,0,0,0,
vc-1706-234,1706-08-22,1706,1,0,0,0,
vc-1706-235,1706-08-23,1706,1,0,0,0,
vc-1706-236,1706-08-24,1706,1,1,0,0,general
vc-1706-237,1706-08-25,1706,1,0,0,0,
vc-1706-238,1706-08-26,1706,1,0,0,0,
vc-1706-239,1706-08-27,1706,1,0,0,0,
vc-1706-240,1706-08-28,1706,1,0,0,0,
vc-1706-241,1706-08-29,1706,1,1,0,0,general
vc-1706-242,1706-08-30,1706,1,1,0,0,general
vc-1706-243,1706-08-31,1706,1,1,0,0,settlers
vc-1706-244,1706-09-01,1706,1,1,0,0,general
vc-1706-245,1706-09-02,1706,1,0,0,0,
vc-1706-246,1706-09-03,1706,1,1,0,0,general
vc-1706-247,1706-09-04,1706,1,0,0,0,
vc-1706-248,1706-09-05,1706,1,0,0,0,
vc-1706-249,1706-09-06,1706,1,0,0,0,
vc-1706-250,1706-09-07,1706,1,0,0,0,
vc-1706-251,1706-09-08,1706,1,0,0,0,
vc-1706-252,1706-09-09,1706,1,0,0,0,
vc-1706-253,1706-09-10,1706,1,1,0,0,soldiers_sailors
vc-1706-254,1706-09-11,1706,1,0,0,0,
vc-1706-255,1706-09-12,1706,1,1,0,0,soldiers_sailors
vc-1706-256,1706-09-13,1706,1,1,0,0,general
vc-1706-257,1706-09-14,1706,1,0,0,0,
vc-1706-258,1706-09-15,1706,1,1,0,0,settlers
vc-1706-259,1706-09-16,1706,1,0,0,0,
vc-1706-260,1706-09-17,1706,1,1,0,0,general
vc-1706-261,1706-09-18,1706,1,1,0,0,general
vc-1706-262,1706-09-19,1706,1,1,0,0,khoesan|settlers
vc-1706-263,1706-09-20,1706,1,1,0,0,general
vc-1706-264,1706-09-21,1706,1,1,0,0,khoesan|settlers
vc-1706-265,1706-09-22,1706,1,1,0,0,khoesan|settlers
vc-1706-266,1706-09-23,1706,1,0,0,0,
vc-1706-267,1706-09-24,1706,1,1,0,0,private_slaves|settlers
vc-1706-268,1706-09-25,1706,1,1,0,0,general
vc-1706-269,1706-09-26,1706,1,1,0,0,general
vc-1706-270,1706-09-27,1706,1,0,0,0,
vc-1706-271,1706-09-28,1706,1,0,0,0,
vc-1706-272,1706-09-29,1706,1,0,0,0,
vc-1706-273,1706-09-30,1706,1,1,0,0,general
vc-1706-274,1706-10-01,1706,1,1,0,0,private_slaves|khoesan|soldiers_sailors
vc-1706-275,1706-10-02,1706,1,1,0,0,general
vc-1706-276,1706-10-03,1706,1,0,0,0,
vc-1706-277,1706-10-04,1706,1,1,0,0,private_slaves|khoesan
vc-1706-278,1706-10-05,1706,1,1,0,0,settlers
vc-1706-279,1706-10-06,1706,1,1,0,0,private_slaves|khoesan|settlers
vc-1706-280,1706-10-07,1706,1,1,0,0,general
vc-1706-281,1706-10-08,1706,1,1,0,0,general
vc-1706-282,1706-10-09,1706,1,1,0,0,settlers
vc-1706-283,1706-10-10,1706,1,0,0,0,
vc-1706-284,1706-10-11,1706,1,1,0,0,general
vc-1706-285,1706-10-12,1706,1,0,0,0,
vc-1706-286,1706-10-13,1706,1,0,0,0,
vc-1706-287,1706-10-14,1706,1,0,0,0,
vc-1706-288,1706-10-15,1706,1,0,0,0,
vc-1706-289,1706-10-16,1706,1,0,0,0,
vc-1706-290,1706-10-17,1706,1,1,0,1,soldiers_sailors
vc-1706-291,1706-10-18,1706,1,1,0,0,general
vc-1706-292,1706-10-19,1706,1,1,0,0,general
vc-1706-293,1706-10-20,1706,1,0,0,0,
vc-1706-294,1706-10-21,1706,1,1,0,0,private_slaves
vc-1706-295,1706-10-22,1706,1,0,0,0,
vc-1706-296,1706-10-23,1706,1,1,0,0,soldiers_sailors
vc-1706-297,1706-10-24,1706,1,1,0,0,general
vc-1706-298,1706-10-25,1706,1,0,0,0,
vc-1706-299,1706-10-26,1706,1,1,0,0,general
vc-1706-300,1706-10-27,1706,1,1,0,0,private_slaves
vc-1706-301,1706-10-28,1706,1,0,0,0,
vc-1706-302,1706-10-29,1706,1,1,0,0,general
vc-1706-303,1706-10-30,1706,1,1,0,0,general
vc-1706-304,1706-10-31,1706,1,0,0,0,
vc-1706-305,1706-11-01,1706,1,1,0,1,general
vc-1706-306,1706-11-02,1706,1,0,0,0,
vc-1706-307,1706-11-03,1706,1,0,0,0,
vc-1706-308,1706-11-04,1706,1,1,0,0,general
vc-1706-309,1706-11-05,1706,1,1,0,0,general
vc-1706-310,1706-11-06,1706,1,1,0,0,general
vc-1706-311,1706-11-07,1706,1,0,0,0,
vc-1706-312,1706-11-08,1706,1,0,0,0,
vc-1706-313,1706-11-09,1706,1,1,0,0,general
vc-1706-314,1706-11-10,1706,1,0,0,0,
vc-1706-315,1706-11-11,1706,1,1,0,0,settlers
vc-1706-316,1706-11-12,1706,1,1,0,0,general
vc-1706-317,1706-11-13,1706,1,1,0,0,general
vc-1706-318,1706-11-14,1706,1,0,0,0,
vc-1706-319,1706-11-15,1706,1,1,0,0,soldiers_sailors|settlers
vc-1706-320,1706-11-16,1706,1,0,0,0,
vc-1706-321,1706-11-17,1706,1,1,0,1,general
vc-1706-322,1706-11-18,1706,1,1,0,0,settlers
vc-1706-323,1706-11-19,1706,1,1,0,0,soldiers_sailors|settlers
vc-1706-324,1706-11-20,1706,1,0,0,0,
vc-1706-325,1706-11-21,1706,1,1,0,0,general
vc-1706-326,1706-11-22,1706,1,0,0,0,
vc-1706-327,1706-11-23,1706,1,1,0,0,general
vc-1706-328,1706-11-24,1706,1,1,0,0,general
vc-1706-329,1706-11-25,1706,1,1,0,0,general
vc-1706-330,1706-11-26,1706,1,0,0,0,
vc-1706-331,1706-11-27,1706,1,0,0,0,
vc-1706-332,1706-11-28,1706,1,1,0,0,settlers
vc-1706-333,1706-11-29,1706,1,0,0,0,
vc-1706-334,1706-11-30,1706,1,1,0,0,soldiers_sailors|settlers
vc-1706-335,1706-12-01,1706,1,1,0,0,general
vc-1706-336,1706-12-02,1706,1,1,0,0,general
vc-1706-337,1706-12-03,1706,1,1,0,0,general
vc-1706-338,1706-12-04,1706,1,1,0,0,general
vc-1706-339,1706-12-05,1706,1,1,0,0,general
vc-1706-340,1706-12-06,1706,1,0,0,0,
vc-1706-341,1706-12-07,1706,1,1,0,0,private_slaves
vc-1706-342,1706-12-08,1706,1,1,0,0,general
vc-1706-343,1706-12-09,1706,1,1,0,0,general
vc-1706-344,1706-12-10,1706,1,0,0,0,
vc-1706-345,1706-12-11,1706,1,1,0,0,settlers
vc-1706-346,1706-12-12,1706,1,0,0,0,
vc-1706-347,1706-12-13,1706,1,1,0,0,soldiers_sailors|settlers
vc-1706-348,1706-12-14,1706,1,1,0,0,general
vc-1706-349,1706-12-15,1706,1,1,0,0,general
vc-1706-350,1706-12-16,1706,1,1,0,0,khoesan|settlers
vc-1706-351,1706-12-17,1706,1,0,0,0,
vc-1706-352,1706-12-18,1706,1,0,0,0,
vc-1706-353,1706-12-19,1706,1,0,0,0,
vc-1706-354,1706-12-20,1706,1,1,0,0,settlers
vc-1706-355,1706-12-21,1706,1,0,0,0,
vc-1706-356,1706-12-22,1706,1,1,0,0,soldiers_sailors
vc-1706-357,1706-12-23,1706,1,0,0,0,
vc-1706-358,1706-12-24,1706,1,0,0,0,
vc-1706-359,1706-12-25,1706,1,1,0,0,general
vc-1706-360,1706-12-26,1706,1,0,0,0,
vc-1706-361,1706-12-27,1706,1,1,0,0,general
vc-1706-362,1706-12-28,1706,1,0,0,0,
vc-1706-363,1706-12-29,1706,1,0,0,0,
vc-1706-364,1706-12-30,1706,1,1,0,0,soldiers_sailors|settlers
vc-1706-365,1706-12-31,1706,1,1,0,0,khoesan|soldiers_sailors
vc-1707-1,1707-01-01,1707,1,1,0,0,general
vc-1707-2,1707-01-02,1707,1,1,0,0,general
vc-1707-3,1707-01-03,1707,1,1,0,0,general
vc-1707-4,1707-01-04,1707,1,1,0,0,general
vc-1707-5,1707-01-05,1707,1,1,0,0,general
vc-1707-6,1707-01-06,1707,1,0,0,0,
vc-1707-7,1707-01-07,1707,1,0,0,0,
vc-1707-8,1707-01-08,1707,1,0,0,0,
vc-1707-9,1707-01-09,1707,1,1,0,0,general
vc-1707-10,1707-01-10,1707,1,1,0,0,general
vc-1707-11,1707-01-11,1707,1,1,0,0,private_slaves|settlers
vc-1707-12,1707-01-12,1707,1,1,0,0,general
vc-1707-13,1707-01-13,1707,1,1,0,0,general
vc-1707-14,1707-01-14,1707,1,0,0,0,
vc-1707-15,1707-01-15,1707,1,0,0,0,
vc-1707-16,1707-01-16,1707,1,0,0,0,
vc-1707-17,1707-01-17,1707,1,0,0,0,
vc-1707-18,1707-01-18,1707,1,0,0,0,
vc-1707-19,1707-01-19,1707,1,1,0,1,general
vc-1707-20,1707-01-20,1707,1,1,0,0,general
vc-1707-21,1707-01-21,1707,1,0,0,0,
vc-1707-22,1707-01-22,1707,1,0,0,0,
vc-1707-23,1707-01-23,1707,1,0,0,0,
vc-1707-24,1707-01-24,1707,1,0,0,0,
vc-1707-25,1707-01-25,1707,1,1,0,0,khoesan
vc-1707-26,1707-01-26,1707,1,0,0,0,
vc-1707-27,1707-01-27,1707,1,0,0,0,
vc-1707-28,1707-01-28,1707,1,1,0,0,khoesan
vc-1707-29,1707-01-29,1707,1,0,0,0,
vc-1707-30,1707-01-30,1707,1,1,0,0,general
vc-1707-31,1707-01-31,1707,1,1,0,0,private_slaves|soldiers_sailors
vc-1707-32,1707-02-01,1707,1,1,0,0,settlers
vc-1707-33,1707-02-02,1707,1,1,0,0,private_slaves|khoesan
vc-1707-34,1707-02-03,1707,1,0,0,0,
vc-1707-35,1707-02-04,1707,1,1,0,0,settlers
vc-1707-36,1707-02-05,1707,1,0,0,0,
vc-1707-37,1707-02-06,1707,1,0,0,0,
vc-1707-38,1707-02-07,1707,1,0,0,0,
vc-1707-39,1707-02-08,1707,1,1,0,0,company_slaves
vc-1707-40,1707-02-09,1707,1,0,0,0,
vc-1707-41,1707-02-10,1707,1,1,0,0,settlers
vc-1707-42,1707-02-11,1707,1,0,0,0,
vc-1707-43,1707-02-12,1707,1,1,0,0,settlers
vc-1707-44,1707-02-13,1707,1,1,0,0,general
vc-1707-45,1707-02-14,1707,1,1,0,0,general
vc-1707-46,1707-02-15,1707,1,0,0,0,
vc-1707-47,1707-02-16,1707,1,0,0,0,
vc-1707-48,1707-02-17,1707,1,1,0,0,settlers
vc-1707-49,1707-02-18,1707,1,0,0,0,
vc-1707-50,1707-02-19,1707,1,1,0,0,settlers
vc-1707-51,1707-02-20,1707,1,1,0,0,general
vc-1707-52,1707-02-21,1707,1,0,0,0,
vc-1707-53,1707-02-22,1707,1,1,0,0,general
vc-1707-54,1707-02-23,1707,1,1,0,0,general
vc-1707-55,1707-02-24,1707,1,0,0,0,
vc-1707-56,1707-02-25,1707,1,0,0,0,
vc-1707-57,1707-02-26,1707,1,0,0,0,
vc-1707-58,1707-02-27,1707,1,1,0,0,general
vc-1707-59,1707-02-28,1707,1,1,0,0,general
vc-1707-60,1707-03-01,1707,1,1,0,1,private_slaves|settlers
vc-1707-61,1707-03-02,1707,1,1,0,0,soldiers_sailors
vc-1707-62,1707-03-03,1707,1,1,0,0,settlers
vc-1707-63,1707-03-04,1707,1,1,0,0,settlers
vc-1707-64,1707-03-05,1707,1,1,0,0,general
vc-1707-65,1707-03-06,1707,1,0,0,0,
vc-1707-66,1707-03-07,1707,1,1,0,1,general
vc-1707-67,1707-03-08,1707,1,1,0,0,settlers
vc-1707-68,1707-03-09,1707,1,1,0,0,general
vc-1707-69,1707-03-10,1707,1,1,0,0,general
vc-1707-70,1707-03-11,1707,1,1,0,0,soldiers_sailors
vc-1707-71,1707-03-12,1707,1,1,0,0,soldiers_sailors
vc-1707-72,1707-03-13,1707,1,1,0,0,general
vc-1707-73,1707-03-14,1707,1,0,0,0,
vc-1707-74,1707-03-15,1707,1,1,0,0,soldiers_sailors
vc-1707-75,1707-03-16,1707,1,1,0,0,soldiers_sailors
vc-1707-76,1707-03-17,1707,1,0,0,0,
vc-1707-77,1707-03-18,1707,1,1,0,0,khoesan
vc-1707-78,1707-03-19,1707,1,0,0,0,
vc-1707-79,1707-03-20,1707,1,1,0,0,general
vc-1707-80,1707-03-21,1707,1,1,0,0,general
vc-1707-81,1707-03-22,1707,1,1,0,0,khoesan|settlers
vc-1707-82,1707-03-23,1707,1,1,0,0,khoesan
vc-1707-83,1707-03-24,1707,1,0,0,0,
vc-1707-84,1707-03-25,1707,1,0,0,0,
vc-1707-85,1707-03-26,1707,1,0,0,0,
vc-1707-86,1707-03-27,1707,1,1,0,0,general
vc-1707-87,1707-03-28,1707,1,1,0,0,general
vc-1707-88,1707-03-29,1707,1,0,0,0,
vc-1707-89,1707-03-30,1707,1,1,0,0,general
vc-1707-90,1707-03-31,1707,1,1,0,1,settlers
vc-1707-91,1707-04-01,1707,1,1,0,0,private_slaves
vc-1707-92,1707-04-02,1707,1,1,0,1,soldiers_sailors
vc-1707-93,1707-04-03,1707,1,1,0,0,general
vc-1707-94,1707-04-04,1707,1,0,0,0,
vc-1707-95,1707-04-05,1707,1,1,0,1,soldiers_sailors|settlers
vc-1707-96,1707-04-06,1707,1,1,0,0,general
vc-1707-97,1707-04-07,1707,1,1,0,0,general
vc-1707-98,1707-04-08,1707,1,1,0,0,khoesan|settlers
vc-1707-99,1707-04-09,1707,1,0,0,0,
vc-1707-100,1707-04-10,1707,1,0,0,0,
vc-1707-101,1707-04-11,1707,1,1,0,0,khoesan
vc-1707-102,1707-04-12,1707,1,1,0,0,general
vc-1707-103,1707-04-13,1707,1,1,0,0,general
vc-1707-104,1707-04-14,1707,1,0,0,0,
vc-1707-105,1707-04-15,1707,1,0,0,0,
vc-1707-106,1707-04-16,1707,1,1,0,0,general
vc-1707-107,1707-04-17,1707,1,1,0,0,private_slaves|settlers
vc-1707-108,1707-04-18,1707,1,0,0,0,
vc-1707-109,1707-04-19,1707,1,1,0,1,general
vc-1707-110,1707-04-20,1707,1,0,0,0,
vc-1707-111,1707-04-21,1707,1,0,0,0,
vc-1707-112,1707-04-22,1707,1,1,0,0,general
vc-1707-113,1707-04-23,1707,1,0,0,0,
vc-1707-114,1707-04-24,1707,1,1,0,0,general
vc-1707-115,1707-04-25,1707,1,1,0,0,general
vc-1707-116,1707-04-26,1707,1,1,0,0,general
vc-1707-117,1707-04-27,1707,1,0,0,0,
vc-1707-118,1707-04-28,1707,1,0,0,0,
vc-1707-119,1707-04-29,1707,1,0,0,0,
vc-1707-120,1707-04-30,1707,1,1,0,0,general
vc-1707-121,1707-05-01,1707,1,1,0,0,general
vc-1707-122,1707-05-02,1707,1,1,0,0,khoesan|settlers
vc-1707-123,1707-05-03,1707,1,1,0,0,general
vc-1707-124,1707-05-04,1707,1,0,0,0,
vc-1707-125,1707-05-05,1707,1,1,0,0,soldiers_sailors
vc-1707-126,1707-05-06,1707,1,1,0,1,general
vc-1707-127,1707-05-07,1707,1,0,0,0,
vc-1707-128,1707-05-08,1707,1,1,0,0,general
vc-1707-129,1707-05-09,1707,1,1,0,0,general
vc-1707-130,1707-05-10,1707,1,1,0,0,settlers
vc-1707-131,1707-05-11,1707,1,1,0,1,general
vc-1707-132,1707-05-12,1707,1,1,0,0,general
vc-1707-133,1707-05-13,1707,1,1,0,0,general
vc-1707-134,1707-05-14,1707,1,0,0,0,
vc-1707-135,1707-05-15,1707,1,1,0,0,general
vc-1707-136,1707-05-16,1707,1,0,0,0,
vc-1707-137,1707-05-17,1707,1,1,0,0,general
vc-1707-138,1707-05-18,1707,1,0,0,0,
vc-1707-139,1707-05-19,1707,1,1,0,0,general
vc-1707-140,1707-05-20,1707,1,1,0,0,general
vc-1707-141,1707-05-21,1707,1,1,0,0,general
vc-1707-142,1707-05-22,1707,1,1,0,0,general
vc-1707-143,1707-05-23,1707,1,1,0,0,general
vc-1707-144,1707-05-24,1707,1,0,0,0,
vc-1707-145,1707-05-25,1707,1,0,0,0,
vc-1707-146,1707-05-26,1707,1,0,0,0,
vc-1707-147,1707-05-27,1707,1,0,0,0,
vc-1707-148,1707-05-28,1707,1,0,0,0,
vc-1707-149,1707-05-29,1707,1,1,0,0,general
vc-1707-150,1707-05-30,1707,1,1,0,0,general
vc-1707-151,1707-05-31,1707,1,1,0,0,soldiers_sailors
vc-1707-152,1707-06-01,1707,1,0,0,0,
vc-1707-153,1707-06-02,1707,1,1,0,0,soldiers_sailors|settlers
vc-1707-154,1707-06-03,1707,1,0,0,0,
vc-1707-155,1707-06-04,1707,1,0,0,0,
vc-1707-156,1707-06-05,1707,1,1,0,0,general
vc-1707-157,1707-06-06,1707,1,0,0,0,
vc-1707-158,1707-06-07,1707,1,1,0,0,general
vc-1707-159,1707-06-08,1707,1,1,0,0,general
vc-1707-160,1707-06-09,1707,1,0,0,0,
vc-1707-161,1707-06-10,1707,1,1,0,0,general
vc-1707-162,1707-06-11,1707,1,1,0,1,general
vc-1707-163,1707-06-12,1707,1,1,0,1,general
vc-1707-164,1707-06-13,1707,1,1,0,0,general
vc-1707-165,1707-06-14,1707,1,1,0,0,khoesan|settlers
vc-1707-166,1707-06-15,1707,1,1,0,0,general
vc-1707-167,1707-06-16,1707,1,1,0,0,general
vc-1707-168,1707-06-17,1707,1,0,0,0,
vc-1707-169,1707-06-18,1707,1,0,0,0,
vc-1707-170,1707-06-19,1707,1,0,0,0,
vc-1707-171,1707-06-20,1707,1,0,0,0,
vc-1707-172,1707-06-21,1707,1,1,0,0,private_slaves|khoesan|settlers
vc-1707-173,1707-06-22,1707,1,1,0,0,general
vc-1707-174,1707-06-23,1707,1,0,0,0,
vc-1707-175,1707-06-24,1707,1,0,0,0,
vc-1707-176,1707-06-25,1707,1,1,0,0,general
vc-1707-177,1707-06-26,1707,1,1,0,0,general
vc-1707-178,1707-06-27,1707,1,1,0,0,general
vc-1707-179,1707-06-28,1707,1,1,0,0,general
vc-1707-180,1707-06-29,1707,1,0,0,0,
vc-1707-181,1707-06-30,1707,1,1,0,0,soldiers_sailors
vc-1707-182,1707-07-01,1707,1,1,0,0,general
vc-1707-183,1707-07-02,1707,1,1,0,0,general
vc-1707-184,1707-07-03,1707,1,1,0,0,general
vc-1707-185,1707-07-04,1707,1,1,0,0,general
vc-1707-186,1707-07-05,1707,1,0,0,0,
vc-1707-187,1707-07-06,1707,1,0,0,0,
vc-1707-188,1707-07-07,1707,1,1,0,0,soldiers_sailors
vc-1707-189,1707-07-08,1707,1,0,0,0,
vc-1707-190,1707-07-09,1707,1,0,0,0,
vc-1707-191,1707-07-10,1707,1,1,0,0,general
vc-1707-192,1707-07-11,1707,1,0,0,0,
vc-1707-193,1707-07-12,1707,1,1,0,1,private_slaves|soldiers_sailors|settlers
vc-1707-194,1707-07-13,1707,1,0,0,0,
vc-1707-195,1707-07-14,1707,1,0,0,0,
vc-1707-196,1707-07-15,1707,1,0,0,0,
vc-1707-197,1707-07-16,1707,1,0,0,0,
vc-1707-198,1707-07-17,1707,1,0,0,0,
vc-1707-199,1707-07-18,1707,1,1,0,0,general
vc-1707-200,1707-07-19,1707,1,1,0,0,general
vc-1707-201,1707-07-20,1707,1,0,0,0,
vc-1707-202,1707-07-21,1707,1,1,0,0,private_slaves|khoesan
vc-1707-203,1707-07-22,1707,1,0,0,0,
vc-1707-204,1707-07-23,1707,1,1,0,0,private_slaves|khoesan|soldiers_sailors|settlers
vc-1707-205,1707-07-24,1707,1,1,0,0,general
vc-1707-206,1707-07-25,1707,1,0,0,0,
vc-1707-207,1707-07-26,1707,1,0,0,0,
vc-1707-208,1707-07-27,1707,1,0,0,0,
vc-1707-209,1707-07-28,1707,1,1,0,0,soldiers_sailors
vc-1707-210,1707-07-29,1707,1,0,0,0,
vc-1707-211,1707-07-30,1707,1,1,0,0,settlers
vc-1707-212,1707-07-31,1707,1,0,0,0,
vc-1707-213,1707-08-01,1707,1,1,0,0,general
vc-1707-214,1707-08-02,1707,1,1,0,0,settlers
vc-1707-215,1707-08-03,1707,1,0,0,0,
vc-1707-216,1707-08-04,1707,1,0,0,0,
vc-1707-217,1707-08-05,1707,1,1,0,0,private_slaves
vc-1707-218,1707-08-06,1707,1,1,0,0,private_slaves
vc-1707-219,1707-08-07,1707,1,1,0,0,private_slaves
vc-1707-220,1707-08-08,1707,1,1,0,0,general
vc-1707-221,1707-08-09,1707,1,1,0,0,general
vc-1707-222,1707-08-10,1707,1,0,0,0,
vc-1707-223,1707-08-11,1707,1,0,0,0,
vc-1707-224,1707-08-12,1707,1,1,0,0,general
vc-1707-225,1707-08-13,1707,1,1,0,0,general
vc-1707-226,1707-08-14,1707,1,0,0,0,
vc-1707-227,1707-08-15,1707,1,1,0,0,general
vc-1707-228,1707-08-16,1707,1,0,0,0,
vc-1707-229,1707-08-17,1707,1,1,0,0,general
vc-1707-230,1707-08-18,1707,1,1,0,0,general
vc-1707-231,1707-08-19,1707,1,0,0,0,
vc-1707-232,1707-08-20,1707,1,0,0,0,
vc-1707-233,1707-08-21,1707,1,1,0,0,general
vc-1707-234,1707-08-22,1707,1,0,0,0,
vc-1707-235,1707-08-23,1707,1,0,0,0,
vc-1707-236,1707-08-24,1707,1,0,0,0,
vc-1707-237,1707-08-25,1707,1,0,0,0,
vc-1707-238,1707-08-26,1707,1,1,0,0,general
vc-1707-239,1707-08-27,1707,1,1,0,0,general
vc-1707-240,1707-08-28,1707,1,1,0,0,settlers
vc-1707-241,1707-08-29,1707,1,1,0,0,settlers
vc-1707-242,1707-08-30,1707,1,1,0,0,general
vc-1707-243,1707-08-31,1707,1,1,0,0,general
vc-1707-244,1707-09-01,1707,1,0,0,0,
vc-1707-245,1707-09-02,1707,1,1,0,0,general
vc-1707-246,1707-09-03,1707,1,1,0,0,general
vc-1707-247,1707-09-04,1707,1,1,0,0,general
vc-1707-248,1707-09-05,1707,1,0,0,0,
vc-1707-249,1707-09-06,1707,1,1,0,1,khoesan|settlers
vc-1707-250,1707-09-07,1707,1,1,0,0,general
vc-1707-251,1707-09-08,1707,1,0,0,0,
vc-1707-252,1707-09-09,1707,1,0,0,0,
vc-1707-253,1707-09-10,1707,1,0,0,0,
vc-1707-254,1707-09-11,1707,1,0,0,0,
vc-1707-255,1707-09-12,1707,1,1,0,0,general
vc-1707-256,1707-09-13,1707,1,1,0,0,general
vc-1707-257,1707-09-14,1707,1,0,0,0,
vc-1707-258,1707-09-15,1707,1,0,0,0,
vc-1707-259,1707-09-16,1707,1,0,0,0,
vc-1707-260,1707-09-17,1707,1,0,0,0,
vc-1707-261,1707-09-18,1707,1,1,0,0,general
vc-1707-262,1707-09-19,1707,1,0,0,0,
vc-1707-263,1707-09-20,1707,1,1,0,0,soldiers_sailors
vc-1707-264,1707-09-21,1707,1,0,0,0,
vc-1707-265,1707-09-22,1707,1,0,0,0,
vc-1707-266,1707-09-23,1707,1,0,0,0,
vc-1707-267,1707-09-24,1707,1,0,0,0,
vc-1707-268,1707-09-25,1707,1,1,0,0,general
vc-1707-269,1707-09-26,1707,1,0,0,0,
vc-1707-270,1707-09-27,1707,1,0,0,0,
vc-1707-271,1707-09-28,1707,1,1,0,0,general
vc-1707-272,1707-09-29,1707,1,1,0,0,general
vc-1707-273,1707-09-30,1707,1,0,0,0,
vc-1707-274,1707-10-01,1707,1,0,0,0,
vc-1707-275,1707-10-02,1707,1,0,0,0,
vc-1707-276,1707-10-03,1707,1,0,0,0,
vc-1707-277,1707-10-04,1707,1,0,0,0,
vc-1707-278,1707-10-05,1707,1,0,0,0,
vc-1707-279,1707-10-06,1707,1,0,0,0,
vc-1707-280,1707-10-07,1707,1,1,0,0,general
vc-1707-281,1707-10-08,1707,1,0,0,0,
vc-1707-282,1707-10-09,1707,1,1,0,0,general
vc-1707-283,1707-10-10,1707,1,1,0,0,private_slaves
vc-1707-284,1707-10-11,1707,1,1,0,0,private_slaves
vc-1707-285,1707-10-12,1707,1,0,0,0,
vc-1707-286,1707-10-13,1707,1,1,0,0,private_slaves|khoesan
vc-1707-287,1707-10-14,1707,1,0,0,0,
vc-1707-288,1707-10-15,1707,1,0,0,0,
vc-1707-289,1707-10-16,1707,1,1,0,0,general
vc-1707-290,1707-10-17,1707,1,1,0,0,general
vc-1707-291,1707-10-18,1707,1,1,0,0,general
vc-1707-292,1707-10-19,1707,1,0,0,0,
vc-1707-293,1707-10-20,1707,1,0,0,0,
vc-1707-294,1707-10-21,1707,1,0,0,0,
vc-1707-295,1707-10-22,1707,1,1,0,0,general
vc-1707-296,1707-10-23,1707,1,1,0,0,general
vc-1707-297,1707-10-24,1707,1,1,0,0,general
vc-1707-298,1707-10-25,1707,1,1,0,0,private_slaves|khoesan
vc-1707-299,1707-10-26,1707,1,0,0,0,
vc-1707-300,1707-10-27,1707,1,0,0,0,
vc-1707-301,1707-10-28,1707,1,0,0,0,
vc-1707-302,1707-10-29,1707,1,0,0,0,
vc-1707-303,1707-10-30,1707,1,0,0,0,
vc-1707-304,1707-10-31,1707,1,1,0,0,general
vc-1707-305,1707-11-01,1707,1,1,0,0,soldiers_sailors|settlers
vc-1707-306,1707-11-02,1707,1,0,0,0,
vc-1707-307,1707-11-03,1707,1,1,0,0,private_slaves
vc-1707-308,1707-11-04,1707,1,1,0,0,general
vc-1707-309,1707-11-05,1707,1,1,0,0,private_slaves|khoesan|settlers
vc-1707-310,1707-11-06,1707,1,1,0,0,general
vc-1707-311,1707-11-07,1707,1,1,0,0,general
vc-1707-312,1707-11-08,1707,1,1,0,0,general
vc-1707-313,1707-11-09,1707,1,1,0,0,private_slaves
vc-1707-314,1707-11-10,1707,1,1,0,0,general
vc-1707-315,1707-11-11,1707,1,0,0,0,
vc-1707-316,1707-11-12,1707,1,0,0,0,
vc-1707-317,1707-11-13,1707,1,0,0,0,
vc-1707-318,1707-11-14,1707,1,0,0,0,
vc-1707-319,1707-11-15,1707,1,1,0,0,private_slaves|settlers
vc-1707-320,1707-11-16,1707,1,0,0,0,
vc-1707-321,1707-11-17,1707,1,0,0,0,
vc-1707-322,1707-11-18,1707,1,0,0,0,
vc-1707-323,1707-11-19,1707,1,1,0,0,private_slaves
vc-1707-324,1707-11-20,1707,1,1,0,0,general
vc-1707-325,1707-11-21,1707,1,0,0,0,
vc-1707-326,1707-11-22,1707,1,0,0,0,
vc-1707-327,1707-11-23,1707,1,0,0,0,
vc-1707-328,1707-11-24,1707,1,1,0,0,private_slaves
vc-1707-329,1707-11-25,1707,1,0,0,0,
vc-1707-330,1707-11-26,1707,1,0,0,0,
vc-1707-331,1707-11-27,1707,1,0,0,0,
vc-1707-332,1707-11-28,1707,1,0,0,0,
vc-1707-333,1707-11-29,1707,1,0,0,0,
vc-1707-334,1707-11-30,1707,1,0,0,0,
vc-1707-335,1707-12-01,1707,1,1,0,0,general
vc-1707-336,1707-12-02,1707,1,0,0,0,
vc-1707-337,1707-12-03,1707,1,1,0,0,general
vc-1707-338,1707-12-04,1707,1,1,0,0,general
vc-1707-339,1707-12-05,1707,1,0,0,0,
vc-1707-340,1707-12-06,1707,1,1,0,0,general
vc-1707-341,1707-12-07,1707,1,1,0,0,general
vc-1707-342,1707-12-08,1707,1,0,0,0,
vc-1707-343,1707-12-09,1707,1,0,0,0,
vc-1707-344,1707-12-10,1707,1,1,0,0,general
vc-1707-345,1707-12-11,1707,1,1,0,0,general
vc-1707-346,1707-12-12,1707,1,0,0,0,
vc-1707-347,1707-12-13,1707,1,1,0,0,private_slaves|khoesan
vc-1707-348,1707-12-14,1707,1,0,0,0,
vc-1707-349,1707-12-15,1707,1,1,0,0,private_slaves
vc-1707-350,1707-12-16,1707,1,1,0,0,khoesan
vc-1707-351,1707-12-17,1707,1,1,0,0,private_slaves|khoesan|soldiers_sailors|settlers
vc-1707-352,1707-12-18,1707,1,0,0,0,
vc-1707-353,1707-12-19,1707,1,0,0,0,
vc-1707-354,1707-12-20,1707,1,1,0,0,settlers
vc-1707-355,1707-12-21,1707,1,0,0,0,
vc-1707-356,1707-12-22,1707,1,1,0,0,general
vc-1707-357,1707-12-23,1707,1,0,0,0,
vc-1707-358,1707-12-24,1707,1,1,0,0,private_slaves|settlers
vc-1707-359,1707-12-25,1707,1,1,0,0,general
vc-1707-360,1707-12-26,1707,1,0,0,0,
vc-1707-361,1707-12-27,1707,1,0,0,0,
vc-1707-362,1707-12-28,1707,1,0,0,0,
vc-1707-363,1707-12-29,1707,1,0,0,0,
vc-1707-364,1707-12-30,1707,1,0,0,0,
vc-1707-365,1707-12-31,1707,1,1,0,0,khoesan|settlers
vc-1708-1,1708-01-01,1708,1,1,0,0,general
vc-1708-2,1708-01-02,1708,1,0,0,0,
vc-1708-3,1708-01-03,1708,1,1,0,0,settlers
vc-1708-4,1708-01-04,1708,1,1,0,0,general
vc-1708-5,1708-01-05,1708,1,1,0,0,general
vc-1708-6,1708-01-06,1708,1,1,0,0,general
vc-1708-7,1708-01-07,1708,1,0,0,0,
vc-1708-8,1708-01-08,1708,1,0,0,0,
vc-1708-9,1708-01-09,1708,1,0,0,0,
vc-1708-10,1708-01-10,1708,1,1,0,0,settlers
vc-1708-11,1708-01-11,1708,1,1,0,0,soldiers_sailors
vc-1708-12,1708-01-12,1708,1,1,0,0,general
vc-1708-13,1708-01-13,1708,1,1,0,0,general
vc-1708-14,1708-01-14,1708,1,1,0,0,general
vc-1708-15,1708-01-15,1708,1,1,0,0,general
vc-1708-16,1708-01-16,1708,1,1,0,0,general
vc-1708-17,1708-01-17,1708,1,1,0,0,private_slaves|settlers
vc-1708-18,1708-01-18,1708,1,0,0,0,
vc-1708-19,1708-01-19,1708,1,0,0,0,
vc-1708-20,1708-01-20,1708,1,0,0,0,
vc-1708-21,1708-01-21,1708,1,0,0,0,
vc-1708-22,1708-01-22,1708,1,1,0,0,general
vc-1708-23,1708-01-23,1708,1,1,0,0,settlers
vc-1708-24,1708-01-24,1708,1,1,0,1,soldiers_sailors|settlers
vc-1708-25,1708-01-25,1708,1,1,0,0,general
vc-1708-26,1708-01-26,1708,1,1,0,0,soldiers_sailors|settlers
vc-1708-27,1708-01-27,1708,1,1,0,0,general
vc-1708-28,1708-01-28,1708,1,1,0,0,general
vc-1708-29,1708-01-29,1708,1,0,0,0,
vc-1708-30,1708-01-30,1708,1,1,0,0,khoesan|settlers
vc-1708-31,1708-01-31,1708,1,0,0,0,
vc-1708-32,1708-02-01,1708,1,1,0,0,settlers
vc-1708-33,1708-02-02,1708,1,0,0,0,
vc-1708-34,1708-02-03,1708,1,0,0,0,
vc-1708-35,1708-02-04,1708,1,1,0,1,general
vc-1708-36,1708-02-05,1708,1,1,0,0,general
vc-1708-37,1708-02-06,1708,1,0,0,0,
vc-1708-38,1708-02-07,1708,1,1,0,0,general
vc-1708-39,1708-02-08,1708,1,0,0,0,
vc-1708-40,1708-02-09,1708,1,0,0,0,
vc-1708-41,1708-02-10,1708,1,1,0,0,soldiers_sailors
vc-1708-42,1708-02-11,1708,1,1,0,0,general
vc-1708-43,1708-02-12,1708,1,1,0,1,soldiers_sailors
vc-1708-44,1708-02-13,1708,1,1,0,1,general
vc-1708-45,1708-02-14,1708,1,1,0,0,general
vc-1708-46,1708-02-15,1708,1,1,0,1,general
vc-1708-47,1708-02-16,1708,1,1,0,0,general
vc-1708-48,1708-02-17,1708,1,1,0,0,private_slaves
vc-1708-49,1708-02-18,1708,1,0,0,0,
vc-1708-50,1708-02-19,1708,1,1,0,0,general
vc-1708-51,1708-02-20,1708,1,0,0,0,
vc-1708-52,1708-02-21,1708,1,1,0,0,general
vc-1708-53,1708-02-22,1708,1,1,0,0,general
vc-1708-54,1708-02-23,1708,1,0,0,0,
vc-1708-55,1708-02-24,1708,1,1,0,0,settlers
vc-1708-56,1708-02-25,1708,1,1,0,0,soldiers_sailors|settlers
vc-1708-57,1708-02-26,1708,1,1,0,0,general
vc-1708-58,1708-02-27,1708,1,1,0,1,general
vc-1708-59,1708-02-28,1708,1,1,0,0,general
vc-1708-60,1708-02-29,1708,1,1,0,0,soldiers_sailors|settlers
vc-1708-61,1708-03-01,1708,1,0,0,0,
vc-1708-62,1708-03-02,1708,1,1,0,0,general
vc-1708-63,1708-03-03,1708,1,1,0,0,soldiers_sailors
vc-1708-64,1708-03-04,1708,1,1,0,0,general
vc-1708-65,1708-03-05,1708,1,1,0,0,soldiers_sailors
vc-1708-66,1708-03-06,1708,1,1,0,0,general
vc-1708-67,1708-03-07,1708,1,1,0,0,soldiers_sailors|settlers
vc-1708-68,1708-03-08,1708,1,0,0,0,
vc-1708-69,1708-03-09,1708,1,0,0,0,
vc-1708-70,1708-03-10,1708,1,1,0,0,general
vc-1708-71,1708-03-11,1708,1,1,0,0,general
vc-1708-72,1708-03-12,1708,1,0,0,0,
vc-1708-73,1708-03-13,1708,1,0,0,0,
vc-1708-74,1708-03-14,1708,1,1,0,0,settlers
vc-1708-75,1708-03-15,1708,1,1,0,0,general
vc-1708-76,1708-03-16,1708,1,0,0,0,
vc-1708-77,1708-03-17,1708,1,1,0,0,general
vc-1708-78,1708-03-18,1708,1,0,0,0,
vc-1708-79,1708-03-19,1708,1,1,0,0,private_slaves|settlers
vc-1708-80,1708-03-20,1708,1,0,0,0,
vc-1708-81,1708-03-21,1708,1,1,0,0,general
vc-1708-82,1708-03-22,1708,1,0,0,0,
vc-1708-83,1708-03-23,1708,1,1,0,0,settlers
vc-1708-84,1708-03-24,1708,1,1,0,0,general
vc-1708-85,1708-03-25,1708,1,1,0,0,general
vc-1708-86,1708-03-26,1708,1,1,0,0,general
vc-1708-87,1708-03-27,1708,1,0,0,0,
vc-1708-88,1708-03-28,1708,1,1,0,0,soldiers_sailors
vc-1708-89,1708-03-29,1708,1,0,0,0,
vc-1708-90,1708-03-30,1708,1,1,0,0,general
vc-1708-91,1708-03-31,1708,1,0,0,0,
vc-1708-92,1708-04-01,1708,1,1,0,0,general
vc-1708-93,1708-04-02,1708,1,1,0,0,soldiers_sailors
vc-1708-94,1708-04-03,1708,1,0,0,0,
vc-1708-95,1708-04-04,1708,1,0,0,0,
vc-1708-96,1708-04-05,1708,1,1,0,0,general
vc-1708-97,1708-04-06,1708,1,1,0,0,general
vc-1708-98,1708-04-07,1708,1,1,0,0,general
vc-1708-99,1708-04-08,1708,1,1,0,0,general
vc-1708-100,1708-04-09,1708,1,1,0,0,general
vc-1708-101,1708-04-10,1708,1,0,0,0,
vc-1708-102,1708-04-11,1708,1,0,0,0,
vc-1708-103,1708-04-12,1708,1,1,0,0,general
vc-1708-104,1708-04-13,1708,1,1,0,0,general
vc-1708-105,1708-04-14,1708,1,1,0,0,soldiers_sailors
vc-1708-106,1708-04-15,1708,1,0,0,0,
vc-1708-107,1708-04-16,1708,1,0,0,0,
vc-1708-108,1708-04-17,1708,1,1,0,0,general
vc-1708-109,1708-04-18,1708,1,0,0,0,
vc-1708-110,1708-04-19,1708,1,1,0,0,general
vc-1708-111,1708-04-20,1708,1,1,0,0,general
vc-1708-112,1708-04-21,1708,1,1,0,0,general
vc-1708-113,1708-04-22,1708,1,1,0,0,general
vc-1708-114,1708-04-23,1708,1,1,0,0,general
vc-1708-115,1708-04-24,1708,1,0,0,0,
vc-1708-116,1708-04-25,1708,1,1,0,0,general
vc-1708-117,1708-04-26,1708,1,0,0,0,
vc-1708-118,1708-04-27,1708,1,0,0,0,
vc-1708-119,1708-04-28,1708,1,1,0,0,general
vc-1708-120,1708-04-29,1708,1,0,0,0,
vc-1708-121,1708-04-30,1708,1,0,0,0,
vc-1708-122,1708-05-01,1708,1,1,0,0,khoesan
vc-1708-123,1708-05-02,1708,1,0,0,0,
vc-1708-124,1708-05-03,1708,1,0,0,0,
vc-1708-125,1708-05-04,1708,1,1,0,0,settlers
vc-1708-126,1708-05-05,1708,1,0,0,0,
vc-1708-127,1708-05-06,1708,1,0,0,0,
vc-1708-128,1708-05-07,1708,1,1,0,0,soldiers_sailors
vc-1708-129,1708-05-08,1708,1,1,0,0,general
vc-1708-130,1708-05-09,1708,1,0,0,0,
vc-1708-131,1708-05-10,1708,1,1,0,0,soldiers_sailors
vc-1708-132,1708-05-11,1708,1,1,0,0,general
vc-1708-133,1708-05-12,1708,1,1,0,0,soldiers_sailors
vc-1708-134,1708-05-13,1708,1,1,0,0,soldiers_sailors
vc-1708-135,1708-05-14,1708,1,0,0,0,
vc-1708-136,1708-05-15,1708,1,0,0,0,
vc-1708-137,1708-05-16,1708,1,0,0,0,
vc-1708-138,1708-05-17,1708,1,1,0,0,general
vc-1708-139,1708-05-18,1708,1,0,0,0,
vc-1708-140,1708-05-19,1708,1,0,0,0,
vc-1708-141,1708-05-20,1708,1,0,0,0,
vc-1708-142,1708-05-21,1708,1,1,0,0,general
vc-1708-143,1708-05-22,1708,1,1,0,0,general
vc-1708-144,1708-05-23,1708,1,0,0,0,
vc-1708-145,1708-05-24,1708,1,1,0,0,company_slaves|settlers
vc-1708-146,1708-05-25,1708,1,0,0,0,
vc-1708-147,1708-05-26,1708,1,0,0,0,
vc-1708-148,1708-05-27,1708,1,1,0,0,soldiers_sailors
vc-1708-149,1708-05-28,1708,1,1,0,0,general
vc-1708-150,1708-05-29,1708,1,1,0,0,general
vc-1708-151,1708-05-30,1708,1,1,0,0,soldiers_sailors
vc-1708-152,1708-05-31,1708,1,0,0,0,
vc-1708-153,1708-06-01,1708,1,1,0,0,general
vc-1708-154,1708-06-02,1708,1,1,0,0,soldiers_sailors
vc-1708-155,1708-06-03,1708,1,0,0,0,
vc-1708-156,1708-06-04,1708,1,1,0,0,general
vc-1708-157,1708-06-05,1708,1,0,0,0,
vc-1708-158,1708-06-06,1708,1,0,0,0,
vc-1708-159,1708-06-07,1708,1,1,0,0,company_slaves|settlers
vc-1708-160,1708-06-08,1708,1,1,0,0,private_slaves
vc-1708-161,1708-06-09,1708,1,1,0,0,company_slaves
vc-1708-162,1708-06-10,1708,1,1,0,0,general
vc-1708-163,1708-06-11,1708,1,1,0,1,soldiers_sailors
vc-1708-164,1708-06-12,1708,1,0,0,0,
vc-1708-165,1708-06-13,1708,1,1,0,0,soldiers_sailors
vc-1708-166,1708-06-14,1708,1,0,0,0,
vc-1708-167,1708-06-15,1708,1,0,0,0,
vc-1708-168,1708-06-16,1708,1,0,0,0,
vc-1708-169,1708-06-17,1708,1,1,0,1,general
vc-1708-170,1708-06-18,1708,1,0,0,0,
vc-1708-171,1708-06-19,1708,1,0,0,0,
vc-1708-172,1708-06-20,1708,1,0,0,0,
vc-1708-173,1708-06-21,1708,1,0,0,0,
vc-1708-174,1708-06-22,1708,1,0,0,0,
vc-1708-175,1708-06-23,1708,1,1,0,1,settlers
vc-1708-176,1708-06-24,1708,1,0,0,0,
vc-1708-177,1708-06-25,1708,1,1,0,0,settlers
vc-1708-178,1708-06-26,1708,1,1,0,0,soldiers_sailors
vc-1708-179,1708-06-27,1708,1,0,0,0,
vc-1708-180,1708-06-28,1708,1,1,0,0,general
vc-1708-181,1708-06-29,1708,1,0,0,0,
vc-1708-182,1708-06-30,1708,1,1,0,0,general
vc-1708-183,1708-07-01,1708,1,1,0,0,general
vc-1708-184,1708-07-02,1708,1,0,0,0,
vc-1708-185,1708-07-03,1708,1,1,0,0,general
vc-1708-186,1708-07-04,1708,1,1,0,0,general
vc-1708-187,1708-07-05,1708,1,0,0,0,
vc-1708-188,1708-07-06,1708,1,1,0,0,general
vc-1708-189,1708-07-07,1708,1,1,0,1,private_slaves|khoesan|settlers
vc-1708-190,1708-07-08,1708,1,1,0,0,general
vc-1708-191,1708-07-09,1708,1,1,0,0,general
vc-1708-192,1708-07-10,1708,1,0,0,0,
vc-1708-193,1708-07-11,1708,1,0,0,0,
vc-1708-194,1708-07-12,1708,1,0,0,0,
vc-1708-195,1708-07-13,1708,1,0,0,0,
vc-1708-196,1708-07-14,1708,1,1,0,0,general
vc-1708-197,1708-07-15,1708,1,1,0,0,general
vc-1708-198,1708-07-16,1708,1,1,0,0,soldiers_sailors
vc-1708-199,1708-07-17,1708,1,0,0,0,
vc-1708-200,1708-07-18,1708,1,1,0,0,general
vc-1708-201,1708-07-19,1708,1,1,0,0,general
vc-1708-202,1708-07-20,1708,1,1,0,0,general
vc-1708-203,1708-07-21,1708,1,1,0,0,general
vc-1708-204,1708-07-22,1708,1,0,0,0,
vc-1708-205,1708-07-23,1708,1,1,0,0,soldiers_sailors
vc-1708-206,1708-07-24,1708,1,1,0,1,soldiers_sailors
vc-1708-207,1708-07-25,1708,1,0,0,0,
vc-1708-208,1708-07-26,1708,1,1,0,0,general
vc-1708-209,1708-07-27,1708,1,0,0,0,
vc-1708-210,1708-07-28,1708,1,1,0,0,general
vc-1708-211,1708-07-29,1708,1,1,0,0,general
vc-1708-212,1708-07-30,1708,1,1,0,0,soldiers_sailors
vc-1708-213,1708-07-31,1708,1,1,0,0,private_slaves
vc-1708-214,1708-08-01,1708,1,1,0,0,general
vc-1708-215,1708-08-02,1708,1,0,0,0,
vc-1708-216,1708-08-03,1708,1,1,0,0,general
vc-1708-217,1708-08-04,1708,1,0,0,0,
vc-1708-218,1708-08-05,1708,1,0,0,0,
vc-1708-219,1708-08-06,1708,1,0,0,0,
vc-1708-220,1708-08-07,1708,1,1,0,0,soldiers_sailors
vc-1708-221,1708-08-08,1708,1,0,0,0,
vc-1708-222,1708-08-09,1708,1,1,0,0,settlers
vc-1708-223,1708-08-10,1708,1,0,0,0,
vc-1708-224,1708-08-11,1708,1,0,0,0,
vc-1708-225,1708-08-12,1708,1,0,0,0,
vc-1708-226,1708-08-13,1708,1,1,0,0,general
vc-1708-227,1708-08-14,1708,1,1,0,0,general
vc-1708-228,1708-08-15,1708,1,1,0,0,general
vc-1708-229,1708-08-16,1708,1,0,0,0,
vc-1708-230,1708-08-17,1708,1,0,0,0,
vc-1708-231,1708-08-18,1708,1,0,0,0,
vc-1708-232,1708-08-19,1708,1,1,0,0,general
vc-1708-233,1708-08-20,1708,1,1,0,0,soldiers_sailors
vc-1708-234,1708-08-21,1708,1,1,0,0,general
vc-1708-235,1708-08-22,1708,1,0,0,0,
vc-1708-236,1708-08-23,1708,1,1,0,0,general
vc-1708-237,1708-08-24,1708,1,0,0,0,
vc-1708-238,1708-08-25,1708,1,0,0,0,
vc-1708-239,1708-08-26,1708,1,0,0,0,
vc-1708-240,1708-08-27,1708,1,1,0,0,general
vc-1708-241,1708-08-28,1708,1,0,0,0,
vc-1708-242,1708-08-29,1708,1,1,0,0,general
vc-1708-243,1708-08-30,1708,1,1,0,0,general
vc-1708-244,1708-08-31,1708,1,1,0,0,general
vc-1708-245,1708-09-01,1708,1,0,0,0,
vc-1708-246,1708-09-02,1708,1,1,0,0,general
vc-1708-247,1708-09-03,1708,1,1,0,0,general
vc-1708-248,1708-09-04,1708,1,1,0,0,settlers
vc-1708-249,1708-09-05,1708,1,0,0,0,
vc-1708-250,1708-09-06,1708,1,1,0,0,soldiers_sailors
vc-1708-251,1708-09-07,1708,1,0,0,0,
vc-1708-252,1708-09-08,1708,1,1,0,0,general
vc-1708-253,1708-09-09,1708,1,1,0,0,soldiers_sailors
vc-1708-254,1708-09-10,1708,1,1,0,0,general
vc-1708-255,1708-09-11,1708,1,1,0,0,general
vc-1708-256,1708-09-12,1708,1,1,0,1,soldiers_sailors
vc-1708-257,1708-09-13,1708,1,1,0,0,private_slaves|settlers
vc-1708-258,1708-09-14,1708,1,1,0,0,general
vc-1708-259,1708-09-15,1708,1,0,0,0,
vc-1708-260,1708-09-16,1708,1,0,0,0,
vc-1708-261,1708-09-17,1708,1,0,0,0,
vc-1708-262,1708-09-18,1708,1,0,0,0,
vc-1708-263,1708-09-19,1708,1,1,0,0,general
vc-1708-264,1708-09-20,1708,1,1,0,0,private_slaves|khoesan|settlers
vc-1708-265,1708-09-21,1708,1,1,0,0,general
vc-1708-266,1708-09-22,1708,1,1,0,0,private_slaves|khoesan|settlers
vc-1708-267,1708-09-23,1708,1,1,0,0,general
vc-1708-268,1708-09-24,1708,1,0,0,0,
vc-1708-269,1708-09-25,1708,1,1,0,0,general
vc-1708-270,1708-09-26,1708,1,1,0,0,soldiers_sailors
vc-1708-271,1708-09-27,1708,1,1,0,0,general
vc-1708-272,1708-09-28,1708,1,0,0,0,
vc-1708-273,1708-09-29,1708,1,0,0,0,
vc-1708-274,1708-09-30,1708,1,1,0,0,general
vc-1708-275,1708-10-01,1708,1,0,0,0,
vc-1708-276,1708-10-02,1708,1,1,0,0,general
vc-1708-277,1708-10-03,1708,1,1,0,0,general
vc-1708-278,1708-10-04,1708,1,0,0,0,
vc-1708-279,1708-10-05,1708,1,0,0,0,
vc-1708-280,1708-10-06,1708,1,0,0,0,
vc-1708-281,1708-10-07,1708,1,1,0,0,general
vc-1708-282,1708-10-08,1708,1,0,0,0,
vc-1708-283,1708-10-09,1708,1,0,0,0,
vc-1708-284,1708-10-10,1708,1,1,0,0,general
vc-1708-285,1708-10-11,1708,1,1,0,0,general
vc-1708-286,1708-10-12,1708,1,1,0,0,general
vc-1708-287,1708-10-13,1708,1,1,0,0,general
vc-1708-288,1708-10-14,1708,1,0,0,0,
vc-1708-289,1708-10-15,1708,1,0,0,0,
vc-1708-290,1708-10-16,1708,1,0,0,0,
vc-1708-291,1708-10-17,1708,1,1,0,0,soldiers_sailors
vc-1708-292,1708-10-18,1708,1,1,0,0,settlers
vc-1708-293,1708-10-19,1708,1,1,0,0,general
vc-1708-294,1708-10-20,1708,1,1,0,0,soldiers_sailors|settlers
vc-1708-295,1708-10-21,1708,1,1,0,0,general
vc-1708-296,1708-10-22,1708,1,0,0,0,
vc-1708-297,1708-10-23,1708,1,0,0,0,
vc-1708-298,1708-10-24,1708,1,1,0,0,general
vc-1708-299,1708-10-25,1708,1,1,0,0,soldiers_sailors
vc-1708-300,1708-10-26,1708,1,0,0,0,
vc-1708-301,1708-10-27,1708,1,0,0,0,
vc-1708-302,1708-10-28,1708,1,1,0,0,general
vc-1708-303,1708-10-29,1708,1,1,0,0,general
vc-1708-304,1708-10-30,1708,1,1,0,0,khoesan
vc-1708-305,1708-10-31,1708,1,1,0,0,soldiers_sailors
vc-1708-306,1708-11-01,1708,1,1,0,0,general
vc-1708-307,1708-11-02,1708,1,0,0,0,
vc-1708-308,1708-11-03,1708,1,0,0,0,
vc-1708-309,1708-11-04,1708,1,1,0,0,soldiers_sailors
vc-1708-310,1708-11-05,1708,1,1,0,0,soldiers_sailors
vc-1708-311,1708-11-06,1708,1,1,0,0,general
vc-1708-312,1708-11-07,1708,1,1,0,0,general
vc-1708-313,1708-11-08,1708,1,1,0,1,general
vc-1708-314,1708-11-09,1708,1,0,0,0,
vc-1708-315,1708-11-10,1708,1,1,0,0,general
vc-1708-316,1708-11-11,1708,1,1,0,0,settlers
vc-1708-317,1708-11-12,1708,1,1,0,0,general
vc-1708-318,1708-11-13,1708,1,0,0,0,
vc-1708-319,1708-11-14,1708,1,0,0,0,
vc-1708-320,1708-11-15,1708,1,1,0,0,general
vc-1708-321,1708-11-16,1708,1,1,0,0,general
vc-1708-322,1708-11-17,1708,1,0,0,0,
vc-1708-323,1708-11-18,1708,1,1,0,0,general
vc-1708-324,1708-11-19,1708,1,0,0,0,
vc-1708-325,1708-11-20,1708,1,0,0,0,
vc-1708-326,1708-11-21,1708,1,1,0,0,soldiers_sailors
vc-1708-327,1708-11-22,1708,1,1,0,1,soldiers_sailors
vc-1708-328,1708-11-23,1708,1,1,0,1,general
vc-1708-329,1708-11-24,1708,1,0,0,0,
vc-1708-330,1708-11-25,1708,1,1,0,0,general
vc-1708-331,1708-11-26,1708,1,1,0,0,general
vc-1708-332,1708-11-27,1708,1,1,0,0,general
vc-1708-333,1708-11-28,1708,1,0,0,0,
vc-1708-334,1708-11-29,1708,1,0,0,0,
vc-1708-335,1708-11-30,1708,1,0,0,0,
vc-1708-336,1708-12-01,1708,1,1,0,0,general
vc-1708-337,1708-12-02,1708,1,1,0,0,general
vc-1708-338,1708-12-03,1708,1,1,0,0,general
vc-1708-339,1708-12-04,1708,1,1,0,0,general
vc-1708-340,1708-12-05,1708,1,0,0,0,
vc-1708-341,1708-12-06,1708,1,1,0,0,general
vc-1708-342,1708-12-07,1708,1,0,0,0,
vc-1708-343,1708-12-08,1708,1,0,0,0,
vc-1708-344,1708-12-09,1708,1,1,0,0,general
vc-1708-345,1708-12-10,1708,1,0,0,0,
vc-1708-346,1708-12-11,1708,1,0,0,0,
vc-1708-347,1708-12-12,1708,1,1,0,0,general
vc-1708-348,1708-12-13,1708,1,0,0,0,
vc-1708-349,1708-12-14,1708,1,1,0,0,general
vc-1708-350,1708-12-15,1708,1,1,0,0,general
vc-1708-351,1708-12-16,1708,1,1,0,0,general
vc-1708-352,1708-12-17,1708,1,0,0,0,
vc-1708-353,1708-12-18,1708,1,0,0,0,
vc-1708-354,1708-12-19,1708,1,1,0,0,private_slaves|settlers
vc-1708-355,1708-12-20,1708,1,0,0,0,
vc-1708-356,1708-12-21,1708,1,0,0,0,
vc-1708-357,1708-12-22,1708,1,0,0,0,
vc-1708-358,1708-12-23,1708,1,1,0,0,general
vc-1708-359,1708-12-24,1708,1,1,0,0,general
vc-1708-360,1708-12-25,1708,1,1,0,0,general
vc-1708-361,1708-12-26,1708,1,1,0,0,general
vc-1708-362,1708-12-27,1708,1,0,0,0,
vc-1708-363,1708-12-28,1708,1,0,0,0,
vc-1708-364,1708-12-29,1708,1,1,0,0,soldiers_sailors|settlers
vc-1708-365,1708-12-30,1708,1,1,0,0,general
vc-1708-366,1708-12-31,1708,1,1,0,0,khoesan|settlers
vc-1709-1,1709-01-01,1709,1,1,0,0,general
vc-1709-2,1709-01-02,1709,1,1,0,0,general
vc-1709-3,1709-01-03,1709,1,0,0,0,
vc-1709-4,1709-01-04,1709,1,0,0,0,
vc-1709-5,1709-01-05,1709,1,1,0,0,general
vc-1709-6,1709-01-06,1709,1,1,0,0,general
vc-1709-7,1709-01-07,1709,1,0,0,0,
vc-1709-8,1709-01-08,1709,1,0,0,0,
vc-1709-9,1709-01-09,1709,1,0,0,0,
vc-1709-10,1709-01-10,1709,1,1,0,0,settlers
vc-1709-11,1709-01-11,1709,1,1,0,0,general
vc-1709-12,1709-01-12,1709,1,0,0,0,
vc-1709-13,1709-01-13,1709,1,1,0,0,general
vc-1709-14,1709-01-14,1709,1,0,0,0,
vc-1709-15,1709-01-15,1709,1,0,0,0,
vc-1709-16,1709-01-16,1709,1,0,0,0,
vc-1709-17,1709-01-17,1709,1,1,0,0,soldiers_sailors
vc-1709-18,1709-01-18,1709,1,0,0,0,
vc-1709-19,1709-01-19,1709,1,0,0,0,
vc-1709-20,1709-01-20,1709,1,1,0,0,general
vc-1709-21,1709-01-21,1709,1,0,0,0,
vc-1709-22,1709-01-22,1709,1,1,0,0,general
vc-1709-23,1709-01-23,1709,1,0,0,0,
vc-1709-24,1709-01-24,1709,1,1,0,0,general
vc-1709-25,1709-01-25,1709,1,0,0,0,
vc-1709-26,1709-01-26,1709,1,1,0,0,general
vc-1709-27,1709-01-27,1709,1,1,0,0,general
vc-1709-28,1709-01-28,1709,1,0,0,0,
vc-1709-29,1709-01-29,1709,1,1,0,0,settlers
vc-1709-30,1709-01-30,1709,1,0,0,0,
vc-1709-31,1709-01-31,1709,1,0,0,0,
vc-1709-32,1709-02-01,1709,1,0,0,0,
vc-1709-33,1709-02-02,1709,1,0,0,0,
vc-1709-34,1709-02-03,1709,1,1,0,0,general
vc-1709-35,1709-02-04,1709,1,0,0,0,
vc-1709-36,1709-02-05,1709,1,0,0,0,
vc-1709-37,1709-02-06,1709,1,0,0,0,
vc-1709-38,1709-02-07,1709,1,1,0,0,general
vc-1709-39,1709-02-08,1709,1,0,0,0,
vc-1709-40,1709-02-09,1709,1,0,0,0,
vc-1709-41,1709-02-10,1709,1,1,0,0,general
vc-1709-42,1709-02-11,1709,1,1,0,0,general
vc-1709-43,1709-02-12,1709,1,1,0,0,khoesan
vc-1709-44,1709-02-13,1709,1,1,0,0,general
vc-1709-45,1709-02-14,1709,1,0,0,0,
vc-1709-46,1709-02-15,1709,1,1,0,0,general
vc-1709-47,1709-02-16,1709,1,1,0,0,general
vc-1709-48,1709-02-17,1709,1,1,0,0,general
vc-1709-49,1709-02-18,1709,1,0,0,0,
vc-1709-50,1709-02-19,1709,1,1,0,0,soldiers_sailors
vc-1709-51,1709-02-20,1709,1,1,0,1,soldiers_sailors
vc-1709-52,1709-02-21,1709,1,1,0,0,khoesan
vc-1709-53,1709-02-22,1709,1,1,0,0,general
vc-1709-54,1709-02-23,1709,1,1,0,0,general
vc-1709-55,1709-02-24,1709,1,1,0,0,general
vc-1709-56,1709-02-25,1709,1,0,0,0,
vc-1709-57,1709-02-26,1709,1,1,0,0,general
vc-1709-58,1709-02-27,1709,1,1,0,0,general
vc-1709-59,1709-02-28,1709,1,0,0,0,
vc-1709-60,1709-03-01,1709,1,0,0,0,
vc-1709-61,1709-03-02,1709,1,0,0,0,
vc-1709-62,1709-03-03,1709,1,1,0,0,general
vc-1709-63,1709-03-04,1709,1,1,0,0,soldiers_sailors
vc-1709-64,1709-03-05,1709,1,1,0,0,settlers
vc-1709-65,1709-03-06,1709,1,1,0,0,general
vc-1709-66,1709-03-07,1709,1,0,0,0,
vc-1709-67,1709-03-08,1709,1,1,0,0,general
vc-1709-68,1709-03-09,1709,1,0,0,0,
vc-1709-69,1709-03-10,1709,1,1,0,0,general
vc-1709-70,1709-03-11,1709,1,1,0,1,soldiers_sailors
vc-1709-71,1709-03-12,1709,1,1,0,1,soldiers_sailors
vc-1709-72,1709-03-13,1709,1,0,0,0,
vc-1709-73,1709-03-14,1709,1,0,0,0,
vc-1709-74,1709-03-15,1709,1,0,0,0,
vc-1709-75,1709-03-16,1709,1,1,0,0,soldiers_sailors
vc-1709-76,1709-03-17,1709,1,1,0,0,general
vc-1709-77,1709-03-18,1709,1,1,0,0,soldiers_sailors|settlers
vc-1709-78,1709-03-19,1709,1,1,0,0,soldiers_sailors
vc-1709-79,1709-03-20,1709,1,1,0,0,soldiers_sailors|settlers
vc-1709-80,1709-03-21,1709,1,0,0,0,
vc-1709-81,1709-03-22,1709,1,0,0,0,
vc-1709-82,1709-03-23,1709,1,0,0,0,
vc-1709-83,1709-03-24,1709,1,0,0,0,
vc-1709-84,1709-03-25,1709,1,1,0,0,soldiers_sailors
vc-1709-85,1709-03-26,1709,1,0,0,0,
vc-1709-86,1709-03-27,1709,1,0,0,0,
vc-1709-87,1709-03-28,1709,1,1,0,0,company_slaves|soldiers_sailors
vc-1709-88,1709-03-29,1709,1,0,0,0,
vc-1709-89,1709-03-30,1709,1,0,0,0,
vc-1709-90,1709-03-31,1709,1,1,0,0,general
vc-1709-91,1709-04-01,1709,1,0,0,0,
vc-1709-92,1709-04-02,1709,1,1,0,0,soldiers_sailors
vc-1709-93,1709-04-03,1709,1,0,0,0,
vc-1709-94,1709-04-04,1709,1,0,0,0,
vc-1709-95,1709-04-05,1709,1,1,0,0,general
vc-1709-96,1709-04-06,1709,1,1,0,0,soldiers_sailors
vc-1709-97,1709-04-07,1709,1,1,0,0,general
vc-1709-98,1709-04-08,1709,1,0,0,0,
vc-1709-99,1709-04-09,1709,1,1,0,0,general
vc-1709-100,1709-04-10,1709,1,1,0,0,soldiers_sailors
vc-1709-101,1709-04-11,1709,1,1,0,0,general
vc-1709-102,1709-04-12,1709,1,0,0,0,
vc-1709-103,1709-04-13,1709,1,1,0,0,soldiers_sailors
vc-1709-104,1709-04-14,1709,1,0,0,0,
vc-1709-105,1709-04-15,1709,1,0,0,0,
vc-1709-106,1709-04-16,1709,1,0,0,0,
vc-1709-107,1709-04-17,1709,1,0,0,0,
vc-1709-108,1709-04-18,1709,1,1,0,0,general
vc-1709-109,1709-04-19,1709,1,0,0,0,
vc-1709-110,1709-04-20,1709,1,1,0,0,general
vc-1709-111,1709-04-21,1709,1,1,0,0,general
vc-1709-112,1709-04-22,1709,1,1,0,0,general
vc-1709-113,1709-04-23,1709,1,1,0,1,company_slaves|settlers
vc-1709-114,1709-04-24,1709,1,1,0,0,general
vc-1709-115,1709-04-25,1709,1,0,0,0,
vc-1709-116,1709-04-26,1709,1,1,0,0,general
vc-1709-117,1709-04-27,1709,1,0,0,0,
vc-1709-118,1709-04-28,1709,1,1,0,0,general
vc-1709-119,1709-04-29,1709,1,0,0,0,
vc-1709-120,1709-04-30,1709,1,1,0,1,company_slaves|khoesan|soldiers_sailors|settlers
vc-1709-121,1709-05-01,1709,1,1,0,1,soldiers_sailors
vc-1709-122,1709-05-02,1709,1,1,0,0,private_slaves
vc-1709-123,1709-05-03,1709,1,0,0,0,
vc-1709-124,1709-05-04,1709,1,1,0,0,general
vc-1709-125,1709-05-05,1709,1,1,0,1,general
vc-1709-126,1709-05-06,1709,1,1,0,0,private_slaves
vc-1709-127,1709-05-07,1709,1,1,0,0,private_slaves|soldiers_sailors|settlers
vc-1709-128,1709-05-08,1709,1,0,0,0,
vc-1709-129,1709-05-09,1709,1,1,0,0,general
vc-1709-130,1709-05-10,1709,1,0,0,0,
vc-1709-131,1709-05-11,1709,1,0,0,0,
vc-1709-132,1709-05-12,1709,1,1,0,0,general
vc-1709-133,1709-05-13,1709,1,1,0,0,general
vc-1709-134,1709-05-14,1709,1,1,0,0,general
vc-1709-135,1709-05-15,1709,1,0,0,0,
vc-1709-136,1709-05-16,1709,1,0,0,0,
vc-1709-137,1709-05-17,1709,1,1,0,0,soldiers_sailors
vc-1709-138,1709-05-18,1709,1,0,0,0,
vc-1709-139,1709-05-19,1709,1,1,0,0,general
vc-1709-140,1709-05-20,1709,1,0,0,0,
vc-1709-141,1709-05-21,1709,1,0,0,0,
vc-1709-142,1709-05-22,1709,1,1,0,1,soldiers_sailors
vc-1709-143,1709-05-23,1709,1,0,0,0,
vc-1709-144,1709-05-24,1709,1,0,0,0,
vc-1709-145,1709-05-25,1709,1,1,0,0,soldiers_sailors|settlers
vc-1709-146,1709-05-26,1709,1,1,0,0,general
vc-1709-147,1709-05-27,1709,1,0,0,0,
vc-1709-148,1709-05-28,1709,1,0,0,0,
vc-1709-149,1709-05-29,1709,1,0,0,0,
vc-1709-150,1709-05-30,1709,1,0,0,0,
vc-1709-151,1709-05-31,1709,1,0,0,0,
vc-1709-152,1709-06-01,1709,1,1,0,0,general
vc-1709-153,1709-06-02,1709,1,1,0,0,general
vc-1709-154,1709-06-03,1709,1,1,0,0,general
vc-1709-155,1709-06-04,1709,1,1,0,0,soldiers_sailors
vc-1709-156,1709-06-05,1709,1,0,0,0,
vc-1709-157,1709-06-06,1709,1,0,0,0,
vc-1709-158,1709-06-07,1709,1,0,0,0,
vc-1709-159,1709-06-08,1709,1,0,0,0,
vc-1709-160,1709-06-09,1709,1,1,0,0,general
vc-1709-161,1709-06-10,1709,1,1,0,0,general
vc-1709-162,1709-06-11,1709,1,1,0,1,private_slaves|settlers
vc-1709-163,1709-06-12,1709,1,1,0,0,general
vc-1709-164,1709-06-13,1709,1,0,0,0,
vc-1709-165,1709-06-14,1709,1,0,0,0,
vc-1709-166,1709-06-15,1709,1,0,0,0,
vc-1709-167,1709-06-16,1709,1,1,0,0,general
vc-1709-168,1709-06-17,1709,1,0,0,0,
vc-1709-169,1709-06-18,1709,1,1,0,0,settlers
vc-1709-170,1709-06-19,1709,1,0,0,0,
vc-1709-171,1709-06-20,1709,1,1,0,0,general
vc-1709-172,1709-06-21,1709,1,0,0,0,
vc-1709-173,1709-06-22,1709,1,0,0,0,
vc-1709-174,1709-06-23,1709,1,1,0,0,general
vc-1709-175,1709-06-24,1709,1,1,0,0,general
vc-1709-176,1709-06-25,1709,1,1,0,1,private_slaves|khoesan|soldiers_sailors|settlers
vc-1709-177,1709-06-26,1709,1,1,0,0,general
vc-1709-178,1709-06-27,1709,1,0,0,0,
vc-1709-179,1709-06-28,1709,1,1,0,0,general
vc-1709-180,1709-06-29,1709,1,0,0,0,
vc-1709-181,1709-06-30,1709,1,1,0,0,general
vc-1709-182,1709-07-01,1709,1,0,0,0,
vc-1709-183,1709-07-02,1709,1,0,0,0,
vc-1709-184,1709-07-03,1709,1,0,0,0,
vc-1709-185,1709-07-04,1709,1,0,0,0,
vc-1709-186,1709-07-05,1709,1,1,0,0,general
vc-1709-187,1709-07-06,1709,1,1,0,0,general
vc-1709-188,1709-07-07,1709,1,1,0,0,general
vc-1709-189,1709-07-08,1709,1,0,0,0,
vc-1709-190,1709-07-09,1709,1,1,0,0,general
vc-1709-191,1709-07-10,1709,1,0,0,0,
vc-1709-192,1709-07-11,1709,1,1,0,0,general
vc-1709-193,1709-07-12,1709,1,0,0,0,
vc-1709-194,1709-07-13,1709,1,0,0,0,
vc-1709-195,1709-07-14,1709,1,1,0,0,general
vc-1709-196,1709-07-15,1709,1,0,0,0,
vc-1709-197,1709-07-16,1709,1,1,0,0,general
vc-1709-198,1709-07-17,1709,1,0,0,0,
vc-1709-199,1709-07-18,1709,1,0,0,0,
vc-1709-200,1709-07-19,1709,1,0,0,0,
vc-1709-201,1709-07-20,1709,1,0,0,0,
vc-1709-202,1709-07-21,1709,1,1,0,0,general
vc-1709-203,1709-07-22,1709,1,1,0,0,general
vc-1709-204,1709-07-23,1709,1,0,0,0,
vc-1709-205,1709-07-24,1709,1,0,0,0,
vc-1709-206,1709-07-25,1709,1,1,0,0,general
vc-1709-207,1709-07-26,1709,1,0,0,0,
vc-1709-208,1709-07-27,1709,1,0,0,0,
vc-1709-209,1709-07-28,1709,1,1,0,0,general
vc-1709-210,1709-07-29,1709,1,1,0,0,general
vc-1709-211,1709-07-30,1709,1,1,0,0,soldiers_sailors
vc-1709-212,1709-07-31,1709,1,0,0,0,
vc-1709-213,1709-08-01,1709,1,0,0,0,
vc-1709-214,1709-08-02,1709,1,0,0,0,
vc-1709-215,1709-08-03,1709,1,0,0,0,
vc-1709-216,1709-08-04,1709,1,1,0,0,general
vc-1709-217,1709-08-05,1709,1,0,0,0,
vc-1709-218,1709-08-06,1709,1,1,0,0,private_slaves|settlers
vc-1709-219,1709-08-07,1709,1,0,0,0,
vc-1709-220,1709-08-08,1709,1,1,0,0,private_slaves
vc-1709-221,1709-08-09,1709,1,0,0,0,
vc-1709-222,1709-08-10,1709,1,1,0,0,general
vc-1709-223,1709-08-11,1709,1,0,0,0,
vc-1709-224,1709-08-12,1709,1,0,0,0,
vc-1709-225,1709-08-13,1709,1,1,0,1,general
vc-1709-226,1709-08-14,1709,1,1,0,0,soldiers_sailors
vc-1709-227,1709-08-15,1709,1,1,0,1,general
vc-1709-228,1709-08-16,1709,1,0,0,0,
vc-1709-229,1709-08-17,1709,1,0,0,0,
vc-1709-230,1709-08-18,1709,1,1,0,0,general
vc-1709-231,1709-08-19,1709,1,0,0,0,
vc-1709-232,1709-08-20,1709,1,1,0,0,private_slaves
vc-1709-233,1709-08-21,1709,1,1,0,0,general
vc-1709-234,1709-08-22,1709,1,0,0,0,
vc-1709-235,1709-08-23,1709,1,0,0,0,
vc-1709-236,1709-08-24,1709,1,0,0,0,
vc-1709-237,1709-08-25,1709,1,1,0,1,soldiers_sailors
vc-1709-238,1709-08-26,1709,1,1,0,0,general
vc-1709-239,1709-08-27,1709,1,1,0,0,general
vc-1709-240,1709-08-28,1709,1,0,0,0,
vc-1709-241,1709-08-29,1709,1,1,0,0,general
vc-1709-242,1709-08-30,1709,1,0,0,0,
vc-1709-243,1709-08-31,1709,1,1,0,0,general
vc-1709-244,1709-09-01,1709,1,1,0,0,general
vc-1709-245,1709-09-02,1709,1,0,0,0,
vc-1709-246,1709-09-03,1709,1,1,0,0,general
vc-1709-247,1709-09-04,1709,1,0,0,0,
vc-1709-248,1709-09-05,1709,1,0,0,0,
vc-1709-249,1709-09-06,1709,1,0,0,0,
vc-1709-250,1709-09-07,1709,1,1,0,1,general
vc-1709-251,1709-09-08,1709,1,1,0,1,general
vc-1709-252,1709-09-09,1709,1,0,0,0,
vc-1709-253,1709-09-10,1709,1,1,0,0,general
vc-1709-254,1709-09-11,1709,1,1,0,1,general
vc-1709-255,1709-09-12,1709,1,0,0,0,
vc-1709-256,1709-09-13,1709,1,0,0,0,
vc-1709-257,1709-09-14,1709,1,0,0,0,
vc-1709-258,1709-09-15,1709,1,1,0,0,general
vc-1709-259,1709-09-16,1709,1,1,0,0,general
vc-1709-260,1709-09-17,1709,1,0,0,0,
vc-1709-261,1709-09-18,1709,1,0,0,0,
vc-1709-262,1709-09-19,1709,1,0,0,0,
vc-1709-263,1709-09-20,1709,1,1,0,0,general
vc-1709-264,1709-09-21,1709,1,1,0,1,private_slaves|khoesan|settlers
vc-1709-265,1709-09-22,1709,1,0,0,0,
vc-1709-266,1709-09-23,1709,1,1,0,0,soldiers_sailors|settlers
vc-1709-267,1709-09-24,1709,1,1,0,0,general
vc-1709-268,1709-09-25,1709,1,1,0,0,soldiers_sailors|settlers
vc-1709-269,1709-09-26,1709,1,0,0,0,
vc-1709-270,1709-09-27,1709,1,1,0,0,soldiers_sailors
vc-1709-271,1709-09-28,1709,1,0,0,0,
vc-1709-272,1709-09-29,1709,1,0,0,0,
vc-1709-273,1709-09-30,1709,1,0,0,0,
vc-1709-274,1709-10-01,1709,1,1,0,1,general
vc-1709-275,1709-10-02,1709,1,0,0,0,
vc-1709-276,1709-10-03,1709,1,0,0,0,
vc-1709-277,1709-10-04,1709,1,0,0,0,
vc-1709-278,1709-10-05,1709,1,1,0,0,soldiers_sailors
vc-1709-279,1709-10-06,1709,1,0,0,0,
vc-1709-280,1709-10-07,1709,1,0,0,0,
vc-1709-281,1709-10-08,1709,1,1,0,0,soldiers_sailors
vc-1709-282,1709-10-09,1709,1,0,0,0,
vc-1709-283,1709-10-10,1709,1,1,0,0,soldiers_sailors
vc-1709-284,1709-10-11,1709,1,0,0,0,
vc-1709-285,1709-10-12,1709,1,0,0,0,
vc-1709-286,1709-10-13,1709,1,1,0,0,general
vc-1709-287,1709-10-14,1709,1,0,0,0,
vc-1709-288,1709-10-15,1709,1,0,0,0,
vc-1709-289,1709-10-16,1709,1,0,0,0,
vc-1709-290,1709-10-17,1709,1,0,0,0,
vc-1709-291,1709-10-18,1709,1,0,0,0,
vc-1709-292,1709-10-19,1709,1,1,0,0,general
vc-1709-293,1709-10-20,1709,1,1,0,0,general
vc-1709-294,1709-10-21,1709,1,0,0,0,
vc-1709-295,1709-10-22,1709,1,1,0,0,settlers
vc-1709-296,1709-10-23,1709,1,0,0,0,
vc-1709-297,1709-10-24,1709,1,1,0,0,soldiers_sailors
vc-1709-298,1709-10-25,1709,1,1,0,0,general
vc-1709-299,1709-10-26,1709,1,1,0,0,general
vc-1709-300,1709-10-27,1709,1,0,0,0,
vc-1709-301,1709-10-28,1709,1,1,0,1,general
vc-1709-302,1709-10-29,1709,1,1,0,1,khoesan
vc-1709-303,1709-10-30,1709,1,1,0,1,general
vc-1709-304,1709-10-31,1709,1,0,0,0,
vc-1709-305,1709-11-01,1709,1,1,0,0,general
vc-1709-306,1709-11-02,1709,1,1,0,0,general
vc-1709-307,1709-11-03,1709,1,1,0,0,general
vc-1709-308,1709-11-04,1709,1,1,0,0,general
vc-1709-309,1709-11-05,1709,1,0,0,0,
vc-1709-310,1709-11-06,1709,1,1,0,0,general
vc-1709-311,1709-11-07,1709,1,0,0,0,
vc-1709-312,1709-11-08,1709,1,0,0,0,
vc-1709-313,1709-11-09,1709,1,1,0,0,general
vc-1709-314,1709-11-10,1709,1,1,0,0,general
vc-1709-315,1709-11-11,1709,1,0,0,0,
vc-1709-316,1709-11-12,1709,1,1,0,0,general
vc-1709-317,1709-11-13,1709,1,1,0,0,general
vc-1709-318,1709-11-14,1709,1,0,0,0,
vc-1709-319,1709-11-15,1709,1,0,0,0,
vc-1709-320,1709-11-16,1709,1,1,0,0,soldiers_sailors
vc-1709-321,1709-11-17,1709,1,1,0,0,general
vc-1709-322,1709-11-18,1709,1,1,0,0,soldiers_sailors
vc-1709-323,1709-11-19,1709,1,1,0,0,general
vc-1709-324,1709-11-20,1709,1,0,0,0,
vc-1709-325,1709-11-21,1709,1,1,0,0,settlers
vc-1709-326,1709-11-22,1709,1,1,0,0,general
vc-1709-327,1709-11-23,1709,1,1,0,0,soldiers_sailors|settlers
vc-1709-328,1709-11-24,1709,1,1,0,0,general
vc-1709-329,1709-11-25,1709,1,0,0,0,
vc-1709-330,1709-11-26,1709,1,1,0,0,general
vc-1709-331,1709-11-27,1709,1,0,0,0,
vc-1709-332,1709-11-28,1709,1,1,0,0,soldiers_sailors|settlers
vc-1709-333,1709-11-29,1709,1,1,0,0,general
vc-1709-334,1709-11-30,1709,1,0,0,0,
vc-1709-335,1709-12-01,1709,1,0,0,0,
vc-1709-336,1709-12-02,1709,1,1,0,0,general
vc-1709-337,1709-12-03,1709,1,1,0,0,general
vc-1709-338,1709-12-04,1709,1,0,0,0,
vc-1709-339,1709-12-05,1709,1,1,0,0,general
vc-1709-340,1709-12-06,1709,1,1,0,0,general
vc-1709-341,1709-12-07,1709,1,0,0,0,
vc-1709-342,1709-12-08,1709,1,1,0,1,general
vc-1709-343,1709-12-09,1709,1,0,0,0,
vc-1709-344,1709-12-10,1709,1,1,0,0,soldiers_sailors|settlers
vc-1709-345,1709-12-11,1709,1,1,0,0,general
vc-1709-346,1709-12-12,1709,1,1,0,0,general
vc-1709-347,1709-12-13,1709,1,1,0,0,general
vc-1709-348,1709-12-14,1709,1,0,0,0,
vc-1709-349,1709-12-15,1709,1,1,0,0,general
vc-1709-350,1709-12-16,1709,1,1,0,0,general
vc-1709-351,1709-12-17,1709,1,1,0,0,soldiers_sailors|settlers
vc-1709-352,1709-12-18,1709,1,1,0,0,general
vc-1709-353,1709-12-19,1709,1,0,0,0,
vc-1709-354,1709-12-20,1709,1,1,0,0,soldiers_sailors
vc-1709-355,1709-12-21,1709,1,1,0,1,general
vc-1709-356,1709-12-22,1709,1,1,0,0,settlers
vc-1709-357,1709-12-23,1709,1,0,0,0,
vc-1709-358,1709-12-24,1709,1,1,0,0,settlers
vc-1709-359,1709-12-25,1709,1,1,0,0,general
vc-1709-360,1709-12-26,1709,1,0,0,0,
vc-1709-361,1709-12-27,1709,1,1,0,0,general
vc-1709-362,1709-12-28,1709,1,0,0,0,
vc-1709-363,1709-12-29,1709,1,1,0,0,general
vc-1709-364,1709-12-30,1709,1,0,0,0,
vc-1709-365,1709-12-31,1709,1,1,0,0,settlers
vc-1710-1,1710-01-01,1710,1,1,0,0,general
vc-1710-2,1710-01-02,1710,1,0,0,0,
vc-1710-3,1710-01-03,1710,1,0,0,0,
vc-1710-4,1710-01-04,1710,1,0,0,0,
vc-1710-5,1710-01-05,1710,1,1,0,0,general
vc-1710-6,1710-01-06,1710,1,0,0,0,
vc-1710-7,1710-01-07,1710,1,0,0,0,
vc-1710-8,1710-01-08,1710,1,0,0,0,
vc-1710-9,1710-01-09,1710,1,1,0,0,general
vc-1710-10,1710-01-10,1710,1,1,0,1,soldiers_sailors|settlers
vc-1710-11,1710-01-11,1710,1,1,0,1,general
vc-1710-12,1710-01-12,1710,1,0,0,0,
vc-1710-13,1710-01-13,1710,1,0,0,0,
vc-1710-14,1710-01-14,1710,1,1,0,0,general
vc-1710-15,1710-01-15,1710,1,0,0,0,
vc-1710-16,1710-01-16,1710,1,0,0,0,
vc-1710-17,1710-01-17,1710,1,1,0,0,general
vc-1710-18,1710-01-18,1710,1,1,0,0,general
vc-1710-19,1710-01-19,1710,1,1,0,0,general
vc-1710-20,1710-01-20,1710,1,1,0,0,general
vc-1710-21,1710-01-21,1710,1,0,0,0,
vc-1710-22,1710-01-22,1710,1,1,0,0,soldiers_sailors
vc-1710-23,1710-01-23,1710,1,0,0,0,
vc-1710-24,1710-01-24,1710,1,1,0,0,general
vc-1710-25,1710-01-25,1710,1,0,0,0,
vc-1710-26,1710-01-26,1710,1,1,0,0,general
vc-1710-27,1710-01-27,1710,1,0,0,0,
vc-1710-28,1710-01-28,1710,1,0,0,0,
vc-1710-29,1710-01-29,1710,1,0,0,0,
vc-1710-30,1710-01-30,1710,1,1,0,0,settlers
vc-1710-31,1710-01-31,1710,1,1,0,0,settlers
vc-1710-32,1710-02-01,1710,1,0,0,0,
vc-1710-33,1710-02-02,1710,1,1,0,0,general
vc-1710-34,1710-02-03,1710,1,0,0,0,
vc-1710-35,1710-02-04,1710,1,1,0,1,private_slaves|khoesan|settlers
vc-1710-36,1710-02-05,1710,1,0,0,0,
vc-1710-37,1710-02-06,1710,1,0,0,0,
vc-1710-38,1710-02-07,1710,1,0,0,0,
vc-1710-39,1710-02-08,1710,1,1,0,0,general
vc-1710-40,1710-02-09,1710,1,1,0,0,general
vc-1710-41,1710-02-10,1710,1,1,0,1,private_slaves|soldiers_sailors|settlers
vc-1710-42,1710-02-11,1710,1,0,0,0,
vc-1710-43,1710-02-12,1710,1,1,0,0,general
vc-1710-44,1710-02-13,1710,1,0,0,0,
vc-1710-45,1710-02-14,1710,1,0,0,0,
vc-1710-46,1710-02-15,1710,1,1,0,0,general
vc-1710-47,1710-02-16,1710,1,1,0,0,general
vc-1710-48,1710-02-17,1710,1,1,0,1,private_slaves|khoesan|soldiers_sailors|settlers
vc-1710-49,1710-02-18,1710,1,1,0,0,general
vc-1710-50,1710-02-19,1710,1,1,0,0,general
vc-1710-51,1710-02-20,1710,1,0,0,0,
vc-1710-52,1710-02-21,1710,1,0,0,0,
vc-1710-53,1710-02-22,1710,1,0,0,0,
vc-1710-54,1710-02-23,1710,1,0,0,0,
vc-1710-55,1710-02-24,1710,1,1,0,0,general
vc-1710-56,1710-02-25,1710,1,1,0,0,khoesan
vc-1710-57,1710-02-26,1710,1,1,0,1,private_slaves|soldiers_sailors|settlers
vc-1710-58,1710-02-27,1710,1,1,0,1,soldiers_sailors
vc-1710-59,1710-02-28,1710,1,1,0,1,company_slaves|soldiers_sailors|settlers
vc-1710-60,1710-03-01,1710,1,1,0,1,soldiers_sailors
vc-1710-61,1710-03-02,1710,1,1,0,0,general
vc-1710-62,1710-03-03,1710,1,0,0,0,
vc-1710-63,1710-03-04,1710,1,1,0,0,general
vc-1710-64,1710-03-05,1710,1,1,0,0,general
vc-1710-65,1710-03-06,1710,1,0,0,0,
vc-1710-66,1710-03-07,1710,1,1,0,0,khoesan
vc-1710-67,1710-03-08,1710,1,1,0,0,general
vc-1710-68,1710-03-09,1710,1,1,0,0,general
vc-1710-69,1710-03-10,1710,1,1,0,1,private_slaves|khoesan|soldiers_sailors|settlers
vc-1710-70,1710-03-11,1710,1,1,0,1,company_slaves|khoesan|soldiers_sailors|settlers
vc-1710-71,1710-03-12,1710,1,0,0,0,
vc-1710-72,1710-03-13,1710,1,1,0,0,soldiers_sailors
vc-1710-73,1710-03-14,1710,1,0,0,0,
vc-1710-74,1710-03-15,1710,1,1,0,0,general
vc-1710-75,1710-03-16,1710,1,1,0,0,general
vc-1710-76,1710-03-17,1710,1,1,0,0,soldiers_sailors
vc-1710-77,1710-03-18,1710,1,1,0,0,general
vc-1710-78,1710-03-19,1710,1,1,0,0,soldiers_sailors
vc-1710-79,1710-03-20,1710,1,1,0,0,soldiers_sailors
vc-1710-80,1710-03-21,1710,1,0,0,0,
vc-1710-81,1710-03-22,1710,1,1,0,0,settlers
vc-1710-82,1710-03-23,1710,1,0,0,0,
vc-1710-83,1710-03-24,1710,1,0,0,0,
vc-1710-84,1710-03-25,1710,1,1,0,0,general
vc-1710-85,1710-03-26,1710,1,0,0,0,
vc-1710-86,1710-03-27,1710,1,1,0,0,general
vc-1710-87,1710-03-28,1710,1,1,0,1,general
vc-1710-88,1710-03-29,1710,1,1,0,0,soldiers_sailors
vc-1710-89,1710-03-30,1710,1,1,0,0,general
vc-1710-90,1710-03-31,1710,1,1,0,0,settlers
vc-1710-91,1710-04-01,1710,1,0,0,0,
vc-1710-92,1710-04-02,1710,1,1,0,0,general
vc-1710-93,1710-04-03,1710,1,0,0,0,
vc-1710-94,1710-04-04,1710,1,0,0,0,
vc-1710-95,1710-04-05,1710,1,0,0,0,
vc-1710-96,1710-04-06,1710,1,1,0,0,general
vc-1710-97,1710-04-07,1710,1,1,0,1,general
vc-1710-98,1710-04-08,1710,1,1,0,0,private_slaves|soldiers_sailors|settlers
vc-1710-99,1710-04-09,1710,1,0,0,0,
vc-1710-100,1710-04-10,1710,1,0,0,0,
vc-1710-101,1710-04-11,1710,1,0,0,0,
vc-1710-102,1710-04-12,1710,1,1,0,0,private_slaves|settlers
vc-1710-103,1710-04-13,1710,1,1,0,0,general
vc-1710-104,1710-04-14,1710,1,0,0,0,
vc-1710-105,1710-04-15,1710,1,0,0,0,
vc-1710-106,1710-04-16,1710,1,0,0,0,
vc-1710-107,1710-04-17,1710,1,1,0,0,general
vc-1710-108,1710-04-18,1710,1,0,0,0,
vc-1710-109,1710-04-19,1710,1,1,0,0,general
vc-1710-110,1710-04-20,1710,1,1,0,0,general
vc-1710-111,1710-04-21,1710,1,0,0,0,
vc-1710-112,1710-04-22,1710,1,1,0,0,settlers
vc-1710-113,1710-04-23,1710,1,0,0,0,
vc-1710-114,1710-04-24,1710,1,0,0,0,
vc-1710-115,1710-04-25,1710,1,1,0,0,general
vc-1710-116,1710-04-26,1710,1,0,0,0,
vc-1710-117,1710-04-27,1710,1,1,0,0,general
vc-1710-118,1710-04-28,1710,1,0,0,0,
vc-1710-119,1710-04-29,1710,1,1,0,0,general
vc-1710-120,1710-04-30,1710,1,1,0,0,general
vc-1710-121,1710-05-01,1710,1,1,0,0,general
vc-1710-122,1710-05-02,1710,1,0,0,0,
vc-1710-123,1710-05-03,1710,1,0,0,0,
vc-1710-124,1710-05-04,1710,1,1,0,0,general
vc-1710-125,1710-05-05,1710,1,1,0,0,soldiers_sailors
vc-1710-126,1710-05-06,1710,1,1,0,0,soldiers_sailors
vc-1710-127,1710-05-07,1710,1,1,0,1,general
vc-1710-128,1710-05-08,1710,1,1,0,1,general
vc-1710-129,1710-05-09,1710,1,1,0,0,general
vc-1710-130,1710-05-10,1710,1,1,0,0,general
vc-1710-131,1710-05-11,1710,1,1,0,0,general
vc-1710-132,1710-05-12,1710,1,0,0,0,
vc-1710-133,1710-05-13,1710,1,1,0,0,general
vc-1710-134,1710-05-14,1710,1,1,0,0,general
vc-1710-135,1710-05-15,1710,1,1,0,0,general
vc-1710-136,1710-05-16,1710,1,1,0,0,soldiers_sailors
vc-1710-137,1710-05-17,1710,1,1,0,0,general
vc-1710-138,1710-05-18,1710,1,1,0,0,general
vc-1710-139,1710-05-19,1710,1,1,0,0,general
vc-1710-140,1710-05-20,1710,1,1,0,0,general
vc-1710-141,1710-05-21,1710,1,0,0,0,
vc-1710-142,1710-05-22,1710,1,0,0,0,
vc-1710-143,1710-05-23,1710,1,0,0,0,
vc-1710-144,1710-05-24,1710,1,1,0,0,general
vc-1710-145,1710-05-25,1710,1,1,0,0,general
vc-1710-146,1710-05-26,1710,1,0,0,0,
vc-1710-147,1710-05-27,1710,1,0,0,0,
vc-1710-148,1710-05-28,1710,1,0,0,0,
vc-1710-149,1710-05-29,1710,1,1,0,0,general
vc-1710-150,1710-05-30,1710,1,0,0,0,
vc-1710-151,1710-05-31,1710,1,0,0,0,
vc-1710-152,1710-06-01,1710,1,0,0,0,
vc-1710-153,1710-06-02,1710,1,0,0,0,
vc-1710-154,1710-06-03,1710,1,0,0,0,
vc-1710-155,1710-06-04,1710,1,0,0,0,
vc-1710-156,1710-06-05,1710,1,0,0,0,
vc-1710-157,1710-06-06,1710,1,0,0,0,
vc-1710-158,1710-06-07,1710,1,0,0,0,
vc-1710-159,1710-06-08,1710,1,1,0,0,general
vc-1710-160,1710-06-09,1710,1,1,0,0,general
vc-1710-161,1710-06-10,1710,1,0,0,0,
vc-1710-162,1710-06-11,1710,1,1,0,0,general
vc-1710-163,1710-06-12,1710,1,0,0,0,
vc-1710-164,1710-06-13,1710,1,0,0,0,
vc-1710-165,1710-06-14,1710,1,0,0,0,
vc-1710-166,1710-06-15,1710,1,0,0,0,
vc-1710-167,1710-06-16,1710,1,1,0,1,general
vc-1710-168,1710-06-17,1710,1,0,0,0,
vc-1710-169,1710-06-18,1710,1,1,0,0,general
vc-1710-170,1710-06-19,1710,1,0,0,0,
vc-1710-171,1710-06-20,1710,1,0,0,0,
vc-1710-172,1710-06-21,1710,1,0,0,0,
vc-1710-173,1710-06-22,1710,1,0,0,0,
vc-1710-174,1710-06-23,1710,1,0,0,0,
vc-1710-175,1710-06-24,1710,1,0,0,0,
vc-1710-176,1710-06-25,1710,1,0,0,0,
vc-1710-177,1710-06-26,1710,1,0,0,0,
vc-1710-178,1710-06-27,1710,1,0,0,0,
vc-1710-179,1710-06-28,1710,1,0,0,0,
vc-1710-180,1710-06-29,1710,1,1,0,0,general
vc-1710-181,1710-06-30,1710,1,0,0,0,
vc-1710-182,1710-07-01,1710,1,1,0,0,soldiers_sailors
vc-1710-183,1710-07-02,1710,1,1,0,0,general
vc-1710-184,1710-07-03,1710,1,0,0,0,
vc-1710-185,1710-07-04,1710,1,0,0,0,
vc-1710-186,1710-07-05,1710,1,1,0,0,general
vc-1710-187,1710-07-06,1710,1,1,0,0,general
vc-1710-188,1710-07-07,1710,1,0,0,0,
vc-1710-189,1710-07-08,1710,1,0,0,0,
vc-1710-190,1710-07-09,1710,1,0,0,0,
vc-1710-191,1710-07-10,1710,1,0,0,0,
vc-1710-192,1710-07-11,1710,1,0,0,0,
vc-1710-193,1710-07-12,1710,1,1,0,1,soldiers_sailors|settlers
vc-1710-194,1710-07-13,1710,1,0,0,0,
vc-1710-195,1710-07-14,1710,1,0,0,0,
vc-1710-196,1710-07-15,1710,1,1,0,0,general
vc-1710-197,1710-07-16,1710,1,1,0,0,general
vc-1710-198,1710-07-17,1710,1,1,0,0,general
vc-1710-199,1710-07-18,1710,1,0,0,0,
vc-1710-200,1710-07-19,1710,1,0,0,0,
vc-1710-201,1710-07-20,1710,1,0,0,0,
vc-1710-202,1710-07-21,1710,1,0,0,0,
vc-1710-203,1710-07-22,1710,1,1,0,0,general
vc-1710-204,1710-07-23,1710,1,0,0,0,
vc-1710-205,1710-07-24,1710,1,1,0,0,general
vc-1710-206,1710-07-25,1710,1,1,0,0,general
vc-1710-207,1710-07-26,1710,1,0,0,0,
vc-1710-208,1710-07-27,1710,1,1,0,0,general
vc-1710-209,1710-07-28,1710,1,0,0,0,
vc-1710-210,1710-07-29,1710,1,0,0,0,
vc-1710-211,1710-07-30,1710,1,0,0,0,
vc-1710-212,1710-07-31,1710,1,0,0,0,
vc-1710-213,1710-08-01,1710,1,0,0,0,
vc-1710-214,1710-08-02,1710,1,0,0,0,
vc-1710-215,1710-08-03,1710,1,1,0,0,general
vc-1710-216,1710-08-04,1710,1,1,0,0,general
vc-1710-217,1710-08-05,1710,1,0,0,0,
vc-1710-218,1710-08-06,1710,1,0,0,0,
vc-1710-219,1710-08-07,1710,1,1,0,0,general
vc-1710-220,1710-08-08,1710,1,0,0,0,
vc-1710-221,1710-08-09,1710,1,0,0,0,
vc-1710-222,1710-08-10,1710,1,1,0,0,general
vc-1710-223,1710-08-11,1710,1,1,0,0,general
vc-1710-224,1710-08-12,1710,1,1,0,0,general
vc-1710-225,1710-08-13,1710,1,1,0,0,soldiers_sailors
vc-1710-226,1710-08-14,1710,1,0,0,0,
vc-1710-227,1710-08-15,1710,1,0,0,0,
vc-1710-228,1710-08-16,1710,1,0,0,0,
vc-1710-229,1710-08-17,1710,1,0,0,0,
vc-1710-230,1710-08-18,1710,1,0,0,0,
vc-1710-231,1710-08-19,1710,1,1,0,0,company_slaves|soldiers_sailors
vc-1710-232,1710-08-20,1710,1,0,0,0,
vc-1710-233,1710-08-21,1710,1,0,0,0,
vc-1710-234,1710-08-22,1710,1,0,0,0,
vc-1710-235,1710-08-23,1710,1,1,0,0,general
vc-1710-236,1710-08-24,1710,1,0,0,0,
vc-1710-237,1710-08-25,1710,1,0,0,0,
vc-1710-238,1710-08-26,1710,1,1,0,0,general
vc-1710-239,1710-08-27,1710,1,0,0,0,
vc-1710-240,1710-08-28,1710,1,0,0,0,
vc-1710-241,1710-08-29,1710,1,0,0,0,
vc-1710-242,1710-08-30,1710,1,1,0,0,general
vc-1710-243,1710-08-31,1710,1,1,0,0,general
vc-1710-244,1710-09-01,1710,1,0,0,0,
vc-1710-245,1710-09-02,1710,1,1,0,0,general
vc-1710-246,1710-09-03,1710,1,0,0,0,
vc-1710-247,1710-09-04,1710,1,0,0,0,
vc-1710-248,1710-09-05,1710,1,0,0,0,
vc-1710-249,1710-09-06,1710,1,0,0,0,
vc-1710-250,1710-09-07,1710,1,1,0,0,general
vc-1710-251,1710-09-08,1710,1,0,0,0,
vc-1710-252,1710-09-09,1710,1,0,0,0,
vc-1710-253,1710-09-10,1710,1,0,0,0,
vc-1710-254,1710-09-11,1710,1,0,0,0,
vc-1710-255,1710-09-12,1710,1,0,0,0,
vc-1710-256,1710-09-13,1710,1,0,0,0,
vc-1710-257,1710-09-14,1710,1,1,0,0,general
vc-1710-258,1710-09-15,1710,1,0,0,0,
vc-1710-259,1710-09-16,1710,1,1,0,0,general
vc-1710-260,1710-09-17,1710,1,0,0,0,
vc-1710-261,1710-09-18,1710,1,0,0,0,
vc-1710-262,1710-09-19,1710,1,1,0,0,general
vc-1710-263,1710-09-20,1710,1,0,0,0,
vc-1710-264,1710-09-21,1710,1,1,0,0,general
vc-1710-265,1710-09-22,1710,1,1,0,0,general
vc-1710-266,1710-09-23,1710,1,0,0,0,
vc-1710-267,1710-09-24,1710,1,0,0,0,
vc-1710-268,1710-09-25,1710,1,0,0,0,
vc-1710-269,1710-09-26,1710,1,1,0,0,general
vc-1710-270,1710-09-27,1710,1,1,0,0,general
vc-1710-271,1710-09-28,1710,1,1,0,0,general
vc-1710-272,1710-09-29,1710,1,1,0,0,general
vc-1710-273,1710-09-30,1710,1,0,0,0,
vc-1710-274,1710-10-01,1710,1,0,0,0,
vc-1710-275,1710-10-02,1710,1,0,0,0,
vc-1710-276,1710-10-03,1710,1,0,0,0,
vc-1710-277,1710-10-04,1710,1,0,0,0,
vc-1710-278,1710-10-05,1710,1,1,0,0,general
vc-1710-279,1710-10-06,1710,1,0,0,0,
vc-1710-280,1710-10-07,1710,1,1,0,0,general
vc-1710-281,1710-10-08,1710,1,0,0,0,
vc-1710-282,1710-10-09,1710,1,1,0,0,general
vc-1710-283,1710-10-10,1710,1,0,0,0,
vc-1710-284,1710-10-11,1710,1,0,0,0,
vc-1710-285,1710-10-12,1710,1,1,0,0,general
vc-1710-286,1710-10-13,1710,1,1,0,0,general
vc-1710-287,1710-10-14,1710,1,1,0,0,general
vc-1710-288,1710-10-15,1710,1,1,0,0,general
vc-1710-289,1710-10-16,1710,1,0,0,0,
vc-1710-290,1710-10-17,1710,1,1,0,0,general
vc-1710-291,1710-10-18,1710,1,1,0,1,general
vc-1710-292,1710-10-19,1710,1,1,0,0,general
vc-1710-293,1710-10-20,1710,1,1,0,0,soldiers_sailors
vc-1710-294,1710-10-21,1710,1,1,0,0,general
vc-1710-295,1710-10-22,1710,1,0,0,0,
vc-1710-296,1710-10-23,1710,1,0,0,0,
vc-1710-297,1710-10-24,1710,1,0,0,0,
vc-1710-298,1710-10-25,1710,1,1,0,0,general
vc-1710-299,1710-10-26,1710,1,1,0,0,general
vc-1710-300,1710-10-27,1710,1,0,0,0,
vc-1710-301,1710-10-28,1710,1,1,0,0,company_slaves|khoesan
vc-1710-302,1710-10-29,1710,1,0,0,0,
vc-1710-303,1710-10-30,1710,1,0,0,0,
vc-1710-304,1710-10-31,1710,1,0,0,0,
vc-1710-305,1710-11-01,1710,1,0,0,0,
vc-1710-306,1710-11-02,1710,1,1,0,0,general
vc-1710-307,1710-11-03,1710,1,0,0,0,
vc-1710-308,1710-11-04,1710,1,1,0,0,settlers
vc-1710-309,1710-11-05,1710,1,1,0,0,general
vc-1710-310,1710-11-06,1710,1,1,0,0,general
vc-1710-311,1710-11-07,1710,1,0,0,0,
vc-1710-312,1710-11-08,1710,1,1,0,0,general
vc-1710-313,1710-11-09,1710,1,1,0,0,general
vc-1710-314,1710-11-10,1710,1,0,0,0,
vc-1710-315,1710-11-11,1710,1,0,0,0,
vc-1710-316,1710-11-12,1710,1,1,0,0,general
vc-1710-317,1710-11-13,1710,1,0,0,0,
vc-1710-318,1710-11-14,1710,1,1,0,0,general
vc-1710-319,1710-11-15,1710,1,0,0,0,
vc-1710-320,1710-11-16,1710,1,1,0,0,general
vc-1710-321,1710-11-17,1710,1,0,0,0,
vc-1710-322,1710-11-18,1710,1,1,0,0,general
vc-1710-323,1710-11-19,1710,1,0,0,0,
vc-1710-324,1710-11-20,1710,1,1,0,0,settlers
vc-1710-325,1710-11-21,1710,1,0,0,0,
vc-1710-326,1710-11-22,1710,1,1,0,0,general
vc-1710-327,1710-11-23,1710,1,1,0,0,general
vc-1710-328,1710-11-24,1710,1,1,0,0,general
vc-1710-329,1710-11-25,1710,1,0,0,0,
vc-1710-330,1710-11-26,1710,1,1,0,0,general
vc-1710-331,1710-11-27,1710,1,0,0,0,
vc-1710-332,1710-11-28,1710,1,0,0,0,
vc-1710-333,1710-11-29,1710,1,0,0,0,
vc-1710-334,1710-11-30,1710,1,0,0,0,
vc-1710-335,1710-12-01,1710,1,1,0,0,general
vc-1710-336,1710-12-02,1710,1,0,0,0,
vc-1710-337,1710-12-03,1710,1,0,0,0,
vc-1710-338,1710-12-04,1710,1,0,0,0,
vc-1710-339,1710-12-05,1710,1,0,0,0,
vc-1710-340,1710-12-06,1710,1,0,0,0,
vc-1710-341,1710-12-07,1710,1,1,0,0,general
vc-1710-342,1710-12-08,1710,1,1,0,0,general
vc-1710-343,1710-12-09,1710,1,0,0,0,
vc-1710-344,1710-12-10,1710,1,0,0,0,
vc-1710-345,1710-12-11,1710,1,0,0,0,
vc-1710-346,1710-12-12,1710,1,0,0,0,
vc-1710-347,1710-12-13,1710,1,1,0,0,soldiers_sailors
vc-1710-348,1710-12-14,1710,1,1,0,0,general
vc-1710-349,1710-12-15,1710,1,0,0,0,
vc-1710-350,1710-12-16,1710,1,1,0,1,settlers
vc-1710-351,1710-12-17,1710,1,0,0,0,
vc-1710-352,1710-12-18,1710,1,1,0,0,settlers
vc-1710-353,1710-12-19,1710,1,1,0,0,general
vc-1710-354,1710-12-20,1710,1,0,0,0,
vc-1710-355,1710-12-21,1710,1,1,0,0,general
vc-1710-356,1710-12-22,1710,1,1,0,0,settlers
vc-1710-357,1710-12-23,1710,1,0,0,0,
vc-1710-358,1710-12-24,1710,1,0,0,0,
vc-1710-359,1710-12-25,1710,1,1,0,0,general
vc-1710-360,1710-12-26,1710,1,0,0,0,
vc-1710-361,1710-12-27,1710,1,0,0,0,
vc-1710-362,1710-12-28,1710,1,0,0,0,
vc-1710-363,1710-12-29,1710,1,1,0,0,general
vc-1710-364,1710-12-30,1710,1,1,0,0,general
vc-1710-365,1710-12-31,1710,1,1,0,0,general
vc-1711-1,1711-01-01,1711,1,1,0,0,settlers
vc-1711-2,1711-01-02,1711,1,0,0,0,
vc-1711-3,1711-01-03,1711,1,0,0,0,
vc-1711-4,1711-01-04,1711,1,1,0,0,general
vc-1711-5,1711-01-05,1711,1,1,0,0,general
vc-1711-6,1711-01-06,1711,1,1,0,0,settlers
vc-1711-7,1711-01-07,1711,1,0,0,0,
vc-1711-8,1711-01-08,1711,1,0,0,0,
vc-1711-9,1711-01-09,1711,1,0,0,0,
vc-1711-10,1711-01-10,1711,1,0,0,0,
vc-1711-11,1711-01-11,1711,1,1,0,0,general
vc-1711-12,1711-01-12,1711,1,0,0,0,
vc-1711-13,1711-01-13,1711,1,0,0,0,
vc-1711-14,1711-01-14,1711,1,0,0,0,
vc-1711-15,1711-01-15,1711,1,1,0,1,soldiers_sailors
vc-1711-16,1711-01-16,1711,1,0,0,0,
vc-1711-17,1711-01-17,1711,1,0,0,0,
vc-1711-18,1711-01-18,1711,1,1,0,0,general
vc-1711-19,1711-01-19,1711,1,0,0,0,
vc-1711-20,1711-01-20,1711,1,0,0,0,
vc-1711-21,1711-01-21,1711,1,0,0,0,
vc-1711-22,1711-01-22,1711,1,1,0,0,soldiers_sailors
vc-1711-23,1711-01-23,1711,1,1,0,0,soldiers_sailors
vc-1711-24,1711-01-24,1711,1,0,0,0,
vc-1711-25,1711-01-25,1711,1,1,0,0,soldiers_sailors
vc-1711-26,1711-01-26,1711,1,1,0,0,general
vc-1711-27,1711-01-27,1711,1,1,0,0,general
vc-1711-28,1711-01-28,1711,1,0,0,0,
vc-1711-29,1711-01-29,1711,1,0,0,0,
vc-1711-30,1711-01-30,1711,1,0,0,0,
vc-1711-31,1711-01-31,1711,1,0,0,0,
vc-1711-32,1711-02-01,1711,1,1,0,0,general
vc-1711-33,1711-02-02,1711,1,0,0,0,
vc-1711-34,1711-02-03,1711,1,1,0,0,soldiers_sailors|settlers
vc-1711-35,1711-02-04,1711,1,0,0,0,
vc-1711-36,1711-02-05,1711,1,1,0,1,soldiers_sailors
vc-1711-37,1711-02-06,1711,1,0,0,0,
vc-1711-38,1711-02-07,1711,1,0,0,0,
vc-1711-39,1711-02-08,1711,1,0,0,0,
vc-1711-40,1711-02-09,1711,1,0,0,0,
vc-1711-41,1711-02-10,1711,1,1,0,0,private_slaves|settlers
vc-1711-42,1711-02-11,1711,1,0,0,0,
vc-1711-43,1711-02-12,1711,1,0,0,0,
vc-1711-44,1711-02-13,1711,1,1,0,0,general
vc-1711-45,1711-02-14,1711,1,0,0,0,
vc-1711-46,1711-02-15,1711,1,1,0,0,soldiers_sailors
vc-1711-47,1711-02-16,1711,1,0,0,0,
vc-1711-48,1711-02-17,1711,1,0,0,0,
vc-1711-49,1711-02-18,1711,1,1,0,0,general
vc-1711-50,1711-02-19,1711,1,1,0,0,general
vc-1711-51,1711-02-20,1711,1,0,0,0,
vc-1711-52,1711-02-21,1711,1,0,0,0,
vc-1711-53,1711-02-22,1711,1,1,0,0,general
vc-1711-54,1711-02-23,1711,1,0,0,0,
vc-1711-55,1711-02-24,1711,1,1,0,0,soldiers_sailors
vc-1711-56,1711-02-25,1711,1,1,0,0,soldiers_sailors
vc-1711-57,1711-02-26,1711,1,0,0,0,
vc-1711-58,1711-02-27,1711,1,0,0,0,
vc-1711-59,1711-02-28,1711,1,1,0,0,general
vc-1711-60,1711-03-01,1711,1,1,0,0,general
vc-1711-61,1711-03-02,1711,1,1,0,0,general
vc-1711-62,1711-03-03,1711,1,1,0,0,general
vc-1711-63,1711-03-04,1711,1,0,0,0,
vc-1711-64,1711-03-05,1711,1,1,0,0,general
vc-1711-65,1711-03-06,1711,1,1,0,0,settlers
vc-1711-66,1711-03-07,1711,1,1,0,0,general
vc-1711-67,1711-03-08,1711,1,1,0,0,general
vc-1711-68,1711-03-09,1711,1,0,0,0,
vc-1711-69,1711-03-10,1711,1,1,0,0,general
vc-1711-70,1711-03-11,1711,1,1,0,0,soldiers_sailors
vc-1711-71,1711-03-12,1711,1,0,0,0,
vc-1711-72,1711-03-13,1711,1,0,0,0,
vc-1711-73,1711-03-14,1711,1,0,0,0,
vc-1711-74,1711-03-15,1711,1,1,0,0,general
vc-1711-75,1711-03-16,1711,1,1,0,0,soldiers_sailors|settlers
vc-1711-76,1711-03-17,1711,1,0,0,0,
vc-1711-77,1711-03-18,1711,1,1,0,0,soldiers_sailors
vc-1711-78,1711-03-19,1711,1,0,0,0,
vc-1711-79,1711-03-20,1711,1,1,0,0,general
vc-1711-80,1711-03-21,1711,1,1,0,1,soldiers_sailors
vc-1711-81,1711-03-22,1711,1,1,0,0,general
vc-1711-82,1711-03-23,1711,1,1,0,0,general
vc-1711-83,1711-03-24,1711,1,1,0,0,general
vc-1711-84,1711-03-25,1711,1,0,0,0,
vc-1711-85,1711-03-26,1711,1,0,0,0,
vc-1711-86,1711-03-27,1711,1,1,0,0,general
vc-1711-87,1711-03-28,1711,1,1,0,0,general
vc-1711-88,1711-03-29,1711,1,1,0,0,general
vc-1711-89,1711-03-30,1711,1,1,0,0,general
vc-1711-90,1711-03-31,1711,1,0,0,0,
vc-1711-91,1711-04-01,1711,1,1,0,0,soldiers_sailors
vc-1711-92,1711-04-02,1711,1,0,0,0,
vc-1711-93,1711-04-03,1711,1,1,0,1,company_slaves|khoesan|settlers
vc-1711-94,1711-04-04,1711,1,1,0,0,general
vc-1711-95,1711-04-05,1711,1,1,0,0,general
vc-1711-96,1711-04-06,1711,1,0,0,0,
vc-1711-97,1711-04-07,1711,1,1,0,0,private_slaves|khoesan|soldiers_sailors|settlers
vc-1711-98,1711-04-08,1711,1,1,0,0,soldiers_sailors
vc-1711-99,1711-04-09,1711,1,0,0,0,
vc-1711-100,1711-04-10,1711,1,1,0,1,settlers
vc-1711-101,1711-04-11,1711,1,0,0,0,
vc-1711-102,1711-04-12,1711,1,1,0,0,general
vc-1711-103,1711-04-13,1711,1,1,0,1,private_slaves|soldiers_sailors|settlers
vc-1711-104,1711-04-14,1711,1,1,0,0,general
vc-1711-105,1711-04-15,1711,1,1,0,0,private_slaves|settlers
vc-1711-106,1711-04-16,1711,1,1,0,0,general
vc-1711-107,1711-04-17,1711,1,1,0,0,general
vc-1711-108,1711-04-18,1711,1,0,0,0,
vc-1711-109,1711-04-19,1711,1,1,0,0,soldiers_sailors
vc-1711-110,1711-04-20,1711,1,0,0,0,
vc-1711-111,1711-04-21,1711,1,0,0,0,
vc-1711-112,1711-04-22,1711,1,0,0,0,
vc-1711-113,1711-04-23,1711,1,1,0,0,settlers
vc-1711-114,1711-04-24,1711,1,0,0,0,
vc-1711-115,1711-04-25,1711,1,1,0,0,general
vc-1711-116,1711-04-26,1711,1,1,0,0,general
vc-1711-117,1711-04-27,1711,1,0,0,0,
vc-1711-118,1711-04-28,1711,1,1,0,0,general
vc-1711-119,1711-04-29,1711,1,0,0,0,
vc-1711-120,1711-04-30,1711,1,1,0,0,soldiers_sailors
vc-1711-121,1711-05-01,1711,1,0,0,0,
vc-1711-122,1711-05-02,1711,1,1,0,0,general
vc-1711-123,1711-05-03,1711,1,0,0,0,
vc-1711-124,1711-05-04,1711,1,1,0,0,private_slaves|khoesan|settlers
vc-1711-125,1711-05-05,1711,1,1,0,0,soldiers_sailors
vc-1711-126,1711-05-06,1711,1,1,0,0,soldiers_sailors
vc-1711-127,1711-05-07,1711,1,0,0,0,
vc-1711-128,1711-05-08,1711,1,0,0,0,
vc-1711-129,1711-05-09,1711,1,0,0,0,
vc-1711-130,1711-05-10,1711,1,1,0,0,general
vc-1711-131,1711-05-11,1711,1,0,0,0,
vc-1711-132,1711-05-12,1711,1,0,0,0,
vc-1711-133,1711-05-13,1711,1,1,0,0,soldiers_sailors
vc-1711-134,1711-05-14,1711,1,1,0,0,soldiers_sailors
vc-1711-135,1711-05-15,1711,1,1,0,0,general
vc-1711-136,1711-05-16,1711,1,1,0,0,soldiers_sailors
vc-1711-137,1711-05-17,1711,1,1,0,0,general
vc-1711-138,1711-05-18,1711,1,0,0,0,
vc-1711-139,1711-05-19,1711,1,1,0,0,soldiers_sailors
vc-1711-140,1711-05-20,1711,1,1,0,1,soldiers_sailors
vc-1711-141,1711-05-21,1711,1,0,0,0,
vc-1711-142,1711-05-22,1711,1,0,0,0,
vc-1711-143,1711-05-23,1711,1,1,0,0,general
vc-1711-144,1711-05-24,1711,1,0,0,0,
vc-1711-145,1711-05-25,1711,1,0,0,0,
vc-1711-146,1711-05-26,1711,1,0,0,0,
vc-1711-147,1711-05-27,1711,1,0,0,0,
vc-1711-148,1711-05-28,1711,1,0,0,0,
vc-1711-149,1711-05-29,1711,1,1,0,1,soldiers_sailors
vc-1711-150,1711-05-30,1711,1,1,0,0,soldiers_sailors
vc-1711-151,1711-05-31,1711,1,1,0,0,general
vc-1711-152,1711-06-01,1711,1,1,0,0,company_slaves|soldiers_sailors|settlers
vc-1711-153,1711-06-02,1711,1,0,0,0,
vc-1711-154,1711-06-03,1711,1,0,0,0,
vc-1711-155,1711-06-04,1711,1,1,0,0,general
vc-1711-156,1711-06-05,1711,1,0,0,0,
vc-1711-157,1711-06-06,1711,1,0,0,0,
vc-1711-158,1711-06-07,1711,1,0,0,0,
vc-1711-159,1711-06-08,1711,1,1,0,0,settlers
vc-1711-160,1711-06-09,1711,1,0,0,0,
vc-1711-161,1711-06-10,1711,1,1,0,0,general
vc-1711-162,1711-06-11,1711,1,1,0,0,private_slaves|settlers
vc-1711-163,1711-06-12,1711,1,0,0,0,
vc-1711-164,1711-06-13,1711,1,0,0,0,
vc-1711-165,1711-06-14,1711,1,1,0,0,general
vc-1711-166,1711-06-15,1711,1,0,0,0,
vc-1711-167,1711-06-16,1711,1,0,0,0,
vc-1711-168,1711-06-17,1711,1,0,0,0,
vc-1711-169,1711-06-18,1711,1,0,0,0,
vc-1711-170,1711-06-19,1711,1,0,0,0,
vc-1711-171,1711-06-20,1711,1,0,0,0,
vc-1711-172,1711-06-21,1711,1,1,0,0,general
vc-1711-173,1711-06-22,1711,1,0,0,0,
vc-1711-174,1711-06-23,1711,1,1,0,0,general
vc-1711-175,1711-06-24,1711,1,0,0,0,
vc-1711-176,1711-06-25,1711,1,0,0,0,
vc-1711-177,1711-06-26,1711,1,1,0,0,general
vc-1711-178,1711-06-27,1711,1,0,0,0,
vc-1711-179,1711-06-28,1711,1,1,0,0,general
vc-1711-180,1711-06-29,1711,1,0,0,0,
vc-1711-181,1711-06-30,1711,1,0,0,0,
vc-1711-182,1711-07-01,1711,1,0,0,0,
vc-1711-183,1711-07-02,1711,1,0,0,0,
vc-1711-184,1711-07-03,1711,1,0,0,0,
vc-1711-185,1711-07-04,1711,1,1,0,0,general
vc-1711-186,1711-07-05,1711,1,1,0,0,general
vc-1711-187,1711-07-06,1711,1,0,0,0,
vc-1711-188,1711-07-07,1711,1,0,0,0,
vc-1711-189,1711-07-08,1711,1,1,0,0,general
vc-1711-190,1711-07-09,1711,1,1,0,0,general
vc-1711-191,1711-07-10,1711,1,0,0,0,
vc-1711-192,1711-07-11,1711,1,0,0,0,
vc-1711-193,1711-07-12,1711,1,1,0,0,general
vc-1711-194,1711-07-13,1711,1,0,0,0,
vc-1711-195,1711-07-14,1711,1,0,0,0,
vc-1711-196,1711-07-15,1711,1,1,0,0,general
vc-1711-197,1711-07-16,1711,1,0,0,0,
vc-1711-198,1711-07-17,1711,1,0,0,0,
vc-1711-199,1711-07-18,1711,1,1,0,0,general
vc-1711-200,1711-07-19,1711,1,1,0,0,general
vc-1711-201,1711-07-20,1711,1,0,0,0,
vc-1711-202,1711-07-21,1711,1,0,0,0,
vc-1711-203,1711-07-22,1711,1,0,0,0,
vc-1711-204,1711-07-23,1711,1,0,0,0,
vc-1711-205,1711-07-24,1711,1,0,0,0,
vc-1711-206,1711-07-25,1711,1,0,0,0,
vc-1711-207,1711-07-26,1711,1,1,0,0,general
vc-1711-208,1711-07-27,1711,1,0,0,0,
vc-1711-209,1711-07-28,1711,1,1,0,0,soldiers_sailors
vc-1711-210,1711-07-29,1711,1,0,0,0,
vc-1711-211,1711-07-30,1711,1,0,0,0,
vc-1711-212,1711-07-31,1711,1,0,0,0,
vc-1711-213,1711-08-01,1711,1,0,0,0,
vc-1711-214,1711-08-02,1711,1,0,0,0,
vc-1711-215,1711-08-03,1711,1,0,0,0,
vc-1711-216,1711-08-04,1711,1,0,0,0,
vc-1711-217,1711-08-05,1711,1,0,0,0,
vc-1711-218,1711-08-06,1711,1,0,0,0,
vc-1711-219,1711-08-07,1711,1,0,0,0,
vc-1711-220,1711-08-08,1711,1,0,0,0,
vc-1711-221,1711-08-09,1711,1,1,0,0,soldiers_sailors
vc-1711-222,1711-08-10,1711,1,0,0,0,
vc-1711-223,1711-08-11,1711,1,1,0,0,general
vc-1711-224,1711-08-12,1711,1,0,0,0,
vc-1711-225,1711-08-13,1711,1,0,0,0,
vc-1711-226,1711-08-14,1711,1,0,0,0,
vc-1711-227,1711-08-15,1711,1,0,0,0,
vc-1711-228,1711-08-16,1711,1,1,0,0,general
vc-1711-229,1711-08-17,1711,1,0,0,0,
vc-1711-230,1711-08-18,1711,1,0,0,0,
vc-1711-231,1711-08-19,1711,1,1,0,0,soldiers_sailors|settlers
vc-1711-232,1711-08-20,1711,1,1,0,0,general
vc-1711-233,1711-08-21,1711,1,0,0,0,
vc-1711-234,1711-08-22,1711,1,0,0,0,
vc-1711-235,1711-08-23,1711,1,0,0,0,
vc-1711-236,1711-08-24,1711,1,0,0,0,
vc-1711-237,1711-08-25,1711,1,1,0,0,general
vc-1711-238,1711-08-26,1711,1,0,0,0,
vc-1711-239,1711-08-27,1711,1,0,0,0,
vc-1711-240,1711-08-28,1711,1,0,0,0,
vc-1711-241,1711-08-29,1711,1,0,0,0,
vc-1711-242,1711-08-30,1711,1,1,0,0,general
vc-1711-243,1711-08-31,1711,1,1,0,0,settlers
vc-1711-244,1711-09-01,1711,1,0,0,0,
vc-1711-245,1711-09-02,1711,1,0,0,0,
vc-1711-246,1711-09-03,1711,1,1,0,0,general
vc-1711-247,1711-09-04,1711,1,1,0,0,general
vc-1711-248,1711-09-05,1711,1,1,0,0,general
vc-1711-249,1711-09-06,1711,1,1,0,0,general
vc-1711-250,1711-09-07,1711,1,0,0,0,
vc-1711-251,1711-09-08,1711,1,0,0,0,
vc-1711-252,1711-09-09,1711,1,0,0,0,
vc-1711-253,1711-09-10,1711,1,0,0,0,
vc-1711-254,1711-09-11,1711,1,0,0,0,
vc-1711-255,1711-09-12,1711,1,0,0,0,
vc-1711-256,1711-09-13,1711,1,1,0,0,general
vc-1711-257,1711-09-14,1711,1,0,0,0,
vc-1711-258,1711-09-15,1711,1,0,0,0,
vc-1711-259,1711-09-16,1711,1,1,0,0,soldiers_sailors
vc-1711-260,1711-09-17,1711,1,0,0,0,
vc-1711-261,1711-09-18,1711,1,0,0,0,
vc-1711-262,1711-09-19,1711,1,1,0,0,general
vc-1711-263,1711-09-20,1711,1,0,0,0,
vc-1711-264,1711-09-21,1711,1,0,0,0,
vc-1711-265,1711-09-22,1711,1,1,0,0,settlers
vc-1711-266,1711-09-23,1711,1,0,0,0,
vc-1711-267,1711-09-24,1711,1,1,0,0,settlers
vc-1711-268,1711-09-25,1711,1,0,0,0,
vc-1711-269,1711-09-26,1711,1,1,0,0,soldiers_sailors
vc-1711-270,1711-09-27,1711,1,1,0,0,general
vc-1711-271,1711-09-28,1711,1,1,0,0,general
vc-1711-272,1711-09-29,1711,1,0,0,0,
vc-1711-273,1711-09-30,1711,1,0,0,0,
vc-1711-274,1711-10-01,1711,1,1,0,0,settlers
vc-1711-275,1711-10-02,1711,1,1,0,0,general
vc-1711-276,1711-10-03,1711,1,0,0,0,
vc-1711-277,1711-10-04,1711,1,0,0,0,
vc-1711-278,1711-10-05,1711,1,1,0,0,settlers
vc-1711-279,1711-10-06,1711,1,0,0,0,
vc-1711-280,1711-10-07,1711,1,0,0,0,
vc-1711-281,1711-10-08,1711,1,0,0,0,
vc-1711-282,1711-10-09,1711,1,0,0,0,
vc-1711-283,1711-10-10,1711,1,0,0,0,
vc-1711-284,1711-10-11,1711,1,0,0,0,
vc-1711-285,1711-10-12,1711,1,0,0,0,
vc-1711-286,1711-10-13,1711,1,1,0,0,khoesan|settlers
vc-1711-287,1711-10-14,1711,1,0,0,0,
vc-1711-288,1711-10-15,1711,1,1,0,0,soldiers_sailors
vc-1711-289,1711-10-16,1711,1,0,0,0,
vc-1711-290,1711-10-17,1711,1,1,0,0,general
vc-1711-291,1711-10-18,1711,1,1,0,0,general
vc-1711-292,1711-10-19,1711,1,0,0,0,
vc-1711-293,1711-10-20,1711,1,0,0,0,
vc-1711-294,1711-10-21,1711,1,0,0,0,
vc-1711-295,1711-10-22,1711,1,1,0,0,soldiers_sailors
vc-1711-296,1711-10-23,1711,1,0,0,0,
vc-1711-297,1711-10-24,1711,1,1,0,0,general
vc-1711-298,1711-10-25,1711,1,1,0,0,general
vc-1711-299,1711-10-26,1711,1,0,0,0,
vc-1711-300,1711-10-27,1711,1,0,0,0,
vc-1711-301,1711-10-28,1711,1,0,0,0,
vc-1711-302,1711-10-29,1711,1,0,0,0,
vc-1711-303,1711-10-30,1711,1,1,0,0,settlers
vc-1711-304,1711-10-31,1711,1,1,0,0,general
vc-1711-305,1711-11-01,1711,1,1,0,0,general
vc-1711-306,1711-11-02,1711,1,1,0,0,general
vc-1711-307,1711-11-03,1711,1,1,0,0,general
vc-1711-308,1711-11-04,1711,1,0,0,0,
vc-1711-309,1711-11-05,1711,1,0,0,0,
vc-1711-310,1711-11-06,1711,1,1,0,0,general
vc-1711-311,1711-11-07,1711,1,0,0,0,
vc-1711-312,1711-11-08,1711,1,1,0,0,general
vc-1711-313,1711-11-09,1711,1,0,0,0,
vc-1711-314,1711-11-10,1711,1,1,0,0,general
vc-1711-315,1711-11-11,1711,1,1,0,0,general
vc-1711-316,1711-11-12,1711,1,0,0,0,
vc-1711-317,1711-11-13,1711,1,0,0,0,
vc-1711-318,1711-11-14,1711,1,1,0,0,general
vc-1711-319,1711-11-15,1711,1,1,0,0,general
vc-1711-320,1711-11-16,1711,1,0,0,0,
vc-1711-321,1711-11-17,1711,1,1,0,0,settlers
vc-1711-322,1711-11-18,1711,1,1,0,0,general
vc-1711-323,1711-11-19,1711,1,0,0,0,
vc-1711-324,1711-11-20,1711,1,0,0,0,
vc-1711-325,1711-11-21,1711,1,0,0,0,
vc-1711-326,1711-11-22,1711,1,1,0,0,general
vc-1711-327,1711-11-23,1711,1,1,0,0,general
vc-1711-328,1711-11-24,1711,1,0,0,0,
vc-1711-329,1711-11-25,1711,1,0,0,0,
vc-1711-330,1711-11-26,1711,1,0,0,0,
vc-1711-331,1711-11-27,1711,1,0,0,0,
vc-1711-332,1711-11-28,1711,1,1,0,0,general
vc-1711-333,1711-11-29,1711,1,1,0,0,general
vc-1711-334,1711-11-30,1711,1,0,0,0,
vc-1711-335,1711-12-01,1711,1,1,0,0,settlers
vc-1711-336,1711-12-02,1711,1,0,0,0,
vc-1711-337,1711-12-03,1711,1,0,0,0,
vc-1711-338,1711-12-04,1711,1,0,0,0,
vc-1711-339,1711-12-05,1711,1,0,0,0,
vc-1711-340,1711-12-06,1711,1,0,0,0,
vc-1711-341,1711-12-07,1711,1,1,0,0,general
vc-1711-342,1711-12-08,1711,1,0,0,0,
vc-1711-343,1711-12-09,1711,1,0,0,0,
vc-1711-344,1711-12-10,1711,1,0,0,0,
vc-1711-345,1711-12-11,1711,1,0,0,0,
vc-1711-346,1711-12-12,1711,1,1,0,0,soldiers_sailors
vc-1711-347,1711-12-13,1711,1,1,0,1,general
vc-1711-348,1711-12-14,1711,1,0,0,0,
vc-1711-349,1711-12-15,1711,1,1,0,0,settlers
vc-1711-350,1711-12-16,1711,1,0,0,0,
vc-1711-351,1711-12-17,1711,1,1,0,0,soldiers_sailors
vc-1711-352,1711-12-18,1711,1,0,0,0,
vc-1711-353,1711-12-19,1711,1,0,0,0,
vc-1711-354,1711-12-20,1711,1,1,0,0,general
vc-1711-355,1711-12-21,1711,1,0,0,0,
vc-1711-356,1711-12-22,1711,1,1,0,0,settlers
vc-1711-357,1711-12-23,1711,1,0,0,0,
vc-1711-358,1711-12-24,1711,1,1,0,0,settlers
vc-1711-359,1711-12-25,1711,1,1,0,0,general
vc-1711-360,1711-12-26,1711,1,0,0,0,
vc-1711-361,1711-12-27,1711,1,1,0,0,general
vc-1711-362,1711-12-28,1711,1,1,0,0,general
vc-1711-363,1711-12-29,1711,1,0,0,0,
vc-1711-364,1711-12-30,1711,1,1,0,0,general
vc-1711-365,1711-12-31,1711,1,1,0,0,settlers
vc-1712-1,1712-01-01,1712,1,0,0,0,
vc-1712-2,1712-01-02,1712,1,1,0,1,settlers
vc-1712-3,1712-01-03,1712,1,1,0,0,settlers
vc-1712-4,1712-01-04,1712,1,1,0,0,settlers
vc-1712-5,1712-01-05,1712,1,0,0,0,
vc-1712-6,1712-01-06,1712,1,1,0,0,general
vc-1712-7,1712-01-07,1712,1,1,0,0,soldiers_sailors
vc-1712-8,1712-01-08,1712,1,0,0,0,
vc-1712-9,1712-01-09,1712,1,0,0,0,
vc-1712-10,1712-01-10,1712,1,0,0,0,
vc-1712-11,1712-01-11,1712,1,0,0,0,
vc-1712-12,1712-01-12,1712,1,1,0,0,soldiers_sailors|settlers
vc-1712-13,1712-01-13,1712,1,0,0,0,
vc-1712-14,1712-01-14,1712,1,0,0,0,
vc-1712-15,1712-01-15,1712,1,0,0,0,
vc-1712-16,1712-01-16,1712,1,0,0,0,
vc-1712-17,1712-01-17,1712,1,1,0,0,general
vc-1712-18,1712-01-18,1712,1,0,0,0,
vc-1712-19,1712-01-19,1712,1,0,0,0,
vc-1712-20,1712-01-20,1712,1,0,0,0,
vc-1712-21,1712-01-21,1712,1,1,0,1,soldiers_sailors
vc-1712-22,1712-01-22,1712,1,0,0,0,
vc-1712-23,1712-01-23,1712,1,1,0,0,soldiers_sailors
vc-1712-24,1712-01-24,1712,1,1,0,0,general
vc-1712-25,1712-01-25,1712,1,0,0,0,
vc-1712-26,1712-01-26,1712,1,0,0,0,
vc-1712-27,1712-01-27,1712,1,0,0,0,
vc-1712-28,1712-01-28,1712,1,1,0,0,soldiers_sailors|settlers
vc-1712-29,1712-01-29,1712,1,0,0,0,
vc-1712-30,1712-01-30,1712,1,0,0,0,
vc-1712-31,1712-01-31,1712,1,1,0,0,general
vc-1712-32,1712-02-01,1712,1,0,0,0,
vc-1712-33,1712-02-02,1712,1,0,0,0,
vc-1712-34,1712-02-03,1712,1,1,0,0,soldiers_sailors
vc-1712-35,1712-02-04,1712,1,0,0,0,
vc-1712-36,1712-02-05,1712,1,0,0,0,
vc-1712-37,1712-02-06,1712,1,1,0,0,general
vc-1712-38,1712-02-07,1712,1,0,0,0,
vc-1712-39,1712-02-08,1712,1,1,0,0,general
vc-1712-40,1712-02-09,1712,1,0,0,0,
vc-1712-41,1712-02-10,1712,1,0,0,0,
vc-1712-42,1712-02-11,1712,1,0,0,0,
vc-1712-43,1712-02-12,1712,1,1,0,0,general
vc-1712-44,1712-02-13,1712,1,1,0,1,general
vc-1712-45,1712-02-14,1712,1,1,0,0,general
vc-1712-46,1712-02-15,1712,1,1,0,0,general
vc-1712-47,1712-02-16,1712,1,1,0,0,general
vc-1712-48,1712-02-17,1712,1,0,0,0,
vc-1712-49,1712-02-18,1712,1,0,0,0,
vc-1712-50,1712-02-19,1712,1,1,0,0,general
vc-1712-51,1712-02-20,1712,1,1,0,0,general
vc-1712-52,1712-02-21,1712,1,1,0,0,general
vc-1712-53,1712-02-22,1712,1,0,0,0,
vc-1712-54,1712-02-23,1712,1,1,0,0,general
vc-1712-55,1712-02-24,1712,1,0,0,0,
vc-1712-56,1712-02-25,1712,1,1,0,0,general
vc-1712-57,1712-02-26,1712,1,1,0,0,general
vc-1712-58,1712-02-27,1712,1,1,0,0,general
vc-1712-59,1712-02-28,1712,1,1,0,0,general
vc-1712-60,1712-02-29,1712,1,1,0,0,general
vc-1712-61,1712-03-01,1712,1,1,0,0,soldiers_sailors
vc-1712-62,1712-03-02,1712,1,0,0,0,
vc-1712-63,1712-03-03,1712,1,1,0,0,general
vc-1712-64,1712-03-04,1712,1,0,0,0,
vc-1712-65,1712-03-05,1712,1,0,0,0,
vc-1712-66,1712-03-06,1712,1,1,0,0,general
vc-1712-67,1712-03-07,1712,1,0,0,0,
vc-1712-68,1712-03-08,1712,1,0,0,0,
vc-1712-69,1712-03-09,1712,1,1,0,0,general
vc-1712-70,1712-03-10,1712,1,0,0,0,
vc-1712-71,1712-03-11,1712,1,1,0,0,soldiers_sailors
vc-1712-72,1712-03-12,1712,1,1,0,0,general
vc-1712-73,1712-03-13,1712,1,1,0,0,general
vc-1712-74,1712-03-14,1712,1,0,0,0,
vc-1712-75,1712-03-15,1712,1,0,0,0,
vc-1712-76,1712-03-16,1712,1,0,0,0,
vc-1712-77,1712-03-17,1712,1,1,0,0,general
vc-1712-78,1712-03-18,1712,1,0,0,0,
vc-1712-79,1712-03-19,1712,1,0,0,0,
vc-1712-80,1712-03-20,1712,1,1,0,0,general
vc-1712-81,1712-03-21,1712,1,1,0,1,soldiers_sailors
vc-1712-82,1712-03-22,1712,1,0,0,0,
vc-1712-83,1712-03-23,1712,1,1,0,0,soldiers_sailors
vc-1712-84,1712-03-24,1712,1,0,0,0,
vc-1712-85,1712-03-25,1712,1,0,0,0,
vc-1712-86,1712-03-26,1712,1,0,0,0,
vc-1712-87,1712-03-27,1712,1,1,0,0,soldiers_sailors
vc-1712-88,1712-03-28,1712,1,1,0,0,soldiers_sailors
vc-1712-89,1712-03-29,1712,1,1,0,0,general
vc-1712-90,1712-03-30,1712,1,0,0,0,
vc-1712-91,1712-03-31,1712,1,0,0,0,
vc-1712-92,1712-04-01,1712,1,0,0,0,
vc-1712-93,1712-04-02,1712,1,0,0,0,
vc-1712-94,1712-04-03,1712,1,1,0,0,general
vc-1712-95,1712-04-04,1712,1,0,0,0,
vc-1712-96,1712-04-05,1712,1,0,0,0,
vc-1712-97,1712-04-06,1712,1,0,0,0,
vc-1712-98,1712-04-07,1712,1,0,0,0,
vc-1712-99,1712-04-08,1712,1,0,0,0,
vc-1712-100,1712-04-09,1712,1,0,0,0,
vc-1712-101,1712-04-10,1712,1,1,0,0,general
vc-1712-102,1712-04-11,1712,1,0,0,0,
vc-1712-103,1712-04-12,1712,1,1,0,0,general
vc-1712-104,1712-04-13,1712,1,0,0,0,
vc-1712-105,1712-04-14,1712,1,0,0,0,
vc-1712-106,1712-04-15,1712,1,0,0,0,
vc-1712-107,1712-04-16,1712,1,0,0,0,
vc-1712-108,1712-04-17,1712,1,1,0,0,general
vc-1712-109,1712-04-18,1712,1,0,0,0,
vc-1712-110,1712-04-19,1712,1,1,0,0,general
vc-1712-111,1712-04-20,1712,1,1,0,0,soldiers_sailors
vc-1712-112,1712-04-21,1712,1,0,0,0,
vc-1712-113,1712-04-22,1712,1,1,0,0,general
vc-1712-114,1712-04-23,1712,1,1,0,0,general
vc-1712-115,1712-04-24,1712,1,0,0,0,
vc-1712-116,1712-04-25,1712,1,0,0,0,
vc-1712-117,1712-04-26,1712,1,0,0,0,
vc-1712-118,1712-04-27,1712,1,0,0,0,
vc-1712-119,1712-04-28,1712,1,0,0,0,
vc-1712-120,1712-04-29,1712,1,0,0,0,
vc-1712-121,1712-04-30,1712,1,0,0,0,
vc-1712-122,1712-05-01,1712,1,1,0,0,soldiers_sailors
vc-1712-123,1712-05-02,1712,1,0,0,0,
vc-1712-124,1712-05-03,1712,1,1,0,0,general
vc-1712-125,1712-05-04,1712,1,1,0,0,general
vc-1712-126,1712-05-05,1712,1,0,0,0,
vc-1712-127,1712-05-06,1712,1,0,0,0,
vc-1712-128,1712-05-07,1712,1,1,0,0,soldiers_sailors|settlers
vc-1712-129,1712-05-08,1712,1,1,0,0,general
vc-1712-130,1712-05-09,1712,1,0,0,0,
vc-1712-131,1712-05-10,1712,1,0,0,0,
vc-1712-132,1712-05-11,1712,1,0,0,0,
vc-1712-133,1712-05-12,1712,1,0,0,0,
vc-1712-134,1712-05-13,1712,1,0,0,0,
vc-1712-135,1712-05-14,1712,1,0,0,0,
vc-1712-136,1712-05-15,1712,1,1,0,0,general
vc-1712-137,1712-05-16,1712,1,0,0,0,
vc-1712-138,1712-05-17,1712,1,0,0,0,
vc-1712-139,1712-05-18,1712,1,0,0,0,
vc-1712-140,1712-05-19,1712,1,0,0,0,
vc-1712-141,1712-05-20,1712,1,1,0,0,general
vc-1712-142,1712-05-21,1712,1,1,0,0,general
vc-1712-143,1712-05-22,1712,1,1,0,0,general
vc-1712-144,1712-05-23,1712,1,0,0,0,
vc-1712-145,1712-05-24,1712,1,0,0,0,
vc-1712-146,1712-05-25,1712,1,0,0,0,
vc-1712-147,1712-05-26,1712,1,1,0,1,soldiers_sailors
vc-1712-148,1712-05-27,1712,1,0,0,0,
vc-1712-149,1712-05-28,1712,1,1,0,0,general
vc-1712-150,1712-05-29,1712,1,0,0,0,
vc-1712-151,1712-05-30,1712,1,0,0,0,
vc-1712-152,1712-05-31,1712,1,1,0,0,general
vc-1712-153,1712-06-01,1712,1,0,0,0,
vc-1712-154,1712-06-02,1712,1,0,0,0,
vc-1712-155,1712-06-03,1712,1,1,0,0,general
vc-1712-156,1712-06-04,1712,1,1,0,0,private_slaves|settlers
vc-1712-157,1712-06-05,1712,1,1,0,0,general
vc-1712-158,1712-06-06,1712,1,0,0,0,
vc-1712-159,1712-06-07,1712,1,1,0,0,general
vc-1712-160,1712-06-08,1712,1,0,0,0,
vc-1712-161,1712-06-09,1712,1,0,0,0,
vc-1712-162,1712-06-10,1712,1,0,0,0,
vc-1712-163,1712-06-11,1712,1,0,0,0,
vc-1712-164,1712-06-12,1712,1,0,0,0,
vc-1712-165,1712-06-13,1712,1,0,0,0,
vc-1712-166,1712-06-14,1712,1,1,0,0,soldiers_sailors
vc-1712-167,1712-06-15,1712,1,0,0,0,
vc-1712-168,1712-06-16,1712,1,0,0,0,
vc-1712-169,1712-06-17,1712,1,1,0,0,soldiers_sailors
vc-1712-170,1712-06-18,1712,1,0,0,0,
vc-1712-171,1712-06-19,1712,1,1,0,0,general
vc-1712-172,1712-06-20,1712,1,0,0,0,
vc-1712-173,1712-06-21,1712,1,1,0,0,soldiers_sailors
vc-1712-174,1712-06-22,1712,1,0,0,0,
vc-1712-175,1712-06-23,1712,1,0,0,0,
vc-1712-176,1712-06-24,1712,1,0,0,0,
vc-1712-177,1712-06-25,1712,1,1,0,0,soldiers_sailors
vc-1712-178,1712-06-26,1712,1,0,0,0,
vc-1712-179,1712-06-27,1712,1,0,0,0,
vc-1712-180,1712-06-28,1712,1,0,0,0,
vc-1712-181,1712-06-29,1712,1,0,0,0,
vc-1712-182,1712-06-30,1712,1,0,0,0,
vc-1712-183,1712-07-01,1712,1,0,0,0,
vc-1712-184,1712-07-02,1712,1,1,0,0,general
vc-1712-185,1712-07-03,1712,1,1,0,0,general
vc-1712-186,1712-07-04,1712,1,1,0,0,general
vc-1712-187,1712-07-05,1712,1,0,0,0,
vc-1712-188,1712-07-06,1712,1,0,0,0,
vc-1712-189,1712-07-07,1712,1,0,0,0,
vc-1712-190,1712-07-08,1712,1,0,0,0,
vc-1712-191,1712-07-09,1712,1,0,0,0,
vc-1712-192,1712-07-10,1712,1,1,0,0,general
vc-1712-193,1712-07-11,1712,1,0,0,0,
vc-1712-194,1712-07-12,1712,1,1,0,0,general
vc-1712-195,1712-07-13,1712,1,0,0,0,
vc-1712-196,1712-07-14,1712,1,0,0,0,
vc-1712-197,1712-07-15,1712,1,0,0,0,
vc-1712-198,1712-07-16,1712,1,1,0,1,private_slaves|khoesan|soldiers_sailors|settlers
vc-1712-199,1712-07-17,1712,1,1,0,0,general
vc-1712-200,1712-07-18,1712,1,1,0,0,general
vc-1712-201,1712-07-19,1712,1,0,0,0,
vc-1712-202,1712-07-20,1712,1,0,0,0,
vc-1712-203,1712-07-21,1712,1,0,0,0,
vc-1712-204,1712-07-22,1712,1,0,0,0,
vc-1712-205,1712-07-23,1712,1,0,0,0,
vc-1712-206,1712-07-24,1712,1,1,0,0,general
vc-1712-207,1712-07-25,1712,1,0,0,0,
vc-1712-208,1712-07-26,1712,1,0,0,0,
vc-1712-209,1712-07-27,1712,1,0,0,0,
vc-1712-210,1712-07-28,1712,1,0,0,0,
vc-1712-211,1712-07-29,1712,1,0,0,0,
vc-1712-212,1712-07-30,1712,1,1,0,0,general
vc-1712-213,1712-07-31,1712,1,0,0,0,
vc-1712-214,1712-08-01,1712,1,1,0,0,general
vc-1712-215,1712-08-02,1712,1,0,0,0,
vc-1712-216,1712-08-03,1712,1,0,0,0,
vc-1712-217,1712-08-04,1712,1,0,0,0,
vc-1712-218,1712-08-05,1712,1,0,0,0,
vc-1712-219,1712-08-06,1712,1,0,0,0,
vc-1712-220,1712-08-07,1712,1,1,0,0,general
vc-1712-221,1712-08-08,1712,1,0,0,0,
vc-1712-222,1712-08-09,1712,1,0,0,0,
vc-1712-223,1712-08-10,1712,1,0,0,0,
vc-1712-224,1712-08-11,1712,1,1,0,0,soldiers_sailors
vc-1712-225,1712-08-12,1712,1,1,0,0,general
vc-1712-226,1712-08-13,1712,1,0,0,0,
vc-1712-227,1712-08-14,1712,1,0,0,0,
vc-1712-228,1712-08-15,1712,1,0,0,0,
vc-1712-229,1712-08-16,1712,1,0,0,0,
vc-1712-230,1712-08-17,1712,1,0,0,0,
vc-1712-231,1712-08-18,1712,1,1,0,0,general
vc-1712-232,1712-08-19,1712,1,0,0,0,
vc-1712-233,1712-08-20,1712,1,1,0,0,general
vc-1712-234,1712-08-21,1712,1,1,0,0,general
vc-1712-235,1712-08-22,1712,1,0,0,0,
vc-1712-236,1712-08-23,1712,1,1,0,0,general
vc-1712-237,1712-08-24,1712,1,0,0,0,
vc-1712-238,1712-08-25,1712,1,1,0,0,general
vc-1712-239,1712-08-26,1712,1,0,0,0,
vc-1712-240,1712-08-27,1712,1,1,0,0,soldiers_sailors
vc-1712-241,1712-08-28,1712,1,1,0,0,general
vc-1712-242,1712-08-29,1712,1,1,0,0,soldiers_sailors
vc-1712-243,1712-08-30,1712,1,0,0,0,
vc-1712-244,1712-08-31,1712,1,1,0,0,settlers
vc-1712-245,1712-09-01,1712,1,0,0,0,
vc-1712-246,1712-09-02,1712,1,0,0,0,
vc-1712-247,1712-09-03,1712,1,0,0,0,
vc-1712-248,1712-09-04,1712,1,1,0,0,general
vc-1712-249,1712-09-05,1712,1,0,0,0,
vc-1712-250,1712-09-06,1712,1,0,0,0,
vc-1712-251,1712-09-07,1712,1,0,0,0,
vc-1712-252,1712-09-08,1712,1,0,0,0,
vc-1712-253,1712-09-09,1712,1,0,0,0,
vc-1712-254,1712-09-10,1712,1,1,0,0,general
vc-1712-255,1712-09-11,1712,1,0,0,0,
vc-1712-256,1712-09-12,1712,1,0,0,0,
vc-1712-257,1712-09-13,1712,1,0,0,0,
vc-1712-258,1712-09-14,1712,1,0,0,0,
vc-1712-259,1712-09-15,1712,1,0,0,0,
vc-1712-260,1712-09-16,1712,1,0,0,0,
vc-1712-261,1712-09-17,1712,1,0,0,0,
vc-1712-262,1712-09-18,1712,1,1,0,0,general
vc-1712-263,1712-09-19,1712,1,0,0,0,
vc-1712-264,1712-09-20,1712,1,0,0,0,
vc-1712-265,1712-09-21,1712,1,0,0,0,
vc-1712-266,1712-09-22,1712,1,1,0,0,general
vc-1712-267,1712-09-23,1712,1,0,0,0,
vc-1712-268,1712-09-24,1712,1,0,0,0,
vc-1712-269,1712-09-25,1712,1,1,0,0,general
vc-1712-270,1712-09-26,1712,1,0,0,0,
vc-1712-271,1712-09-27,1712,1,0,0,0,
vc-1712-272,1712-09-28,1712,1,0,0,0,
vc-1712-273,1712-09-29,1712,1,0,0,0,
vc-1712-274,1712-09-30,1712,1,0,0,0,
vc-1712-275,1712-10-01,1712,1,0,0,0,
vc-1712-276,1712-10-02,1712,1,1,0,0,soldiers_sailors
vc-1712-277,1712-10-03,1712,1,0,0,0,
vc-1712-278,1712-10-04,1712,1,0,0,0,
vc-1712-279,1712-10-05,1712,1,1,0,0,general
vc-1712-280,1712-10-06,1712,1,1,0,0,general
vc-1712-281,1712-10-07,1712,1,1,0,0,general
vc-1712-282,1712-10-08,1712,1,0,0,0,
vc-1712-283,1712-10-09,1712,1,1,0,0,general
vc-1712-284,1712-10-10,1712,1,0,0,0,
vc-1712-285,1712-10-11,1712,1,0,0,0,
vc-1712-286,1712-10-12,1712,1,1,0,0,general
vc-1712-287,1712-10-13,1712,1,0,0,0,
vc-1712-288,1712-10-14,1712,1,0,0,0,
vc-1712-289,1712-10-15,1712,1,0,0,0,
vc-1712-290,1712-10-16,1712,1,1,0,0,general
vc-1712-291,1712-10-17,1712,1,0,0,0,
vc-1712-292,1712-10-18,1712,1,0,0,0,
vc-1712-293,1712-10-19,1712,1,0,0,0,
vc-1712-294,1712-10-20,1712,1,0,0,0,
vc-1712-295,1712-10-21,1712,1,1,0,0,general
vc-1712-296,1712-10-22,1712,1,1,0,0,general
vc-1712-297,1712-10-23,1712,1,1,0,0,general
vc-1712-298,1712-10-24,1712,1,0,0,0,
vc-1712-299,1712-10-25,1712,1,0,0,0,
vc-1712-300,1712-10-26,1712,1,0,0,0,
vc-1712-301,1712-10-27,1712,1,0,0,0,
vc-1712-302,1712-10-28,1712,1,0,0,0,
vc-1712-303,1712-10-29,1712,1,0,0,0,
vc-1712-304,1712-10-30,1712,1,0,0,0,
vc-1712-305,1712-10-31,1712,1,0,0,0,
vc-1712-306,1712-11-01,1712,1,1,0,0,general
vc-1712-307,1712-11-02,1712,1,0,0,0,
vc-1712-308,1712-11-03,1712,1,0,0,0,
vc-1712-309,1712-11-04,1712,1,0,0,0,
vc-1712-310,1712-11-05,1712,1,1,0,0,general
vc-1712-311,1712-11-06,1712,1,1,0,0,general
vc-1712-312,1712-11-07,1712,1,0,0,0,
vc-1712-313,1712-11-08,1712,1,1,0,0,general
vc-1712-314,1712-11-09,1712,1,1,0,0,general
vc-1712-315,1712-11-10,1712,1,0,0,0,
vc-1712-316,1712-11-11,1712,1,1,0,0,general
vc-1712-317,1712-11-12,1712,1,0,0,0,
vc-1712-318,1712-11-13,1712,1,1,0,0,general
vc-1712-319,1712-11-14,1712,1,1,0,0,general
vc-1712-320,1712-11-15,1712,1,0,0,0,
vc-1712-321,1712-11-16,1712,1,1,0,0,general
vc-1712-322,1712-11-17,1712,1,1,0,0,general
vc-1712-323,1712-11-18,1712,1,1,0,0,general
vc-1712-324,1712-11-19,1712,1,1,0,0,soldiers_sailors
vc-1712-325,1712-11-20,1712,1,0,0,0,
vc-1712-326,1712-11-21,1712,1,1,0,0,general
vc-1712-327,1712-11-22,1712,1,0,0,0,
vc-1712-328,1712-11-23,1712,1,0,0,0,
vc-1712-329,1712-11-24,1712,1,0,0,0,
vc-1712-330,1712-11-25,1712,1,0,0,0,
vc-1712-331,1712-11-26,1712,1,0,0,0,
vc-1712-332,1712-11-27,1712,1,1,0,0,general
vc-1712-333,1712-11-28,1712,1,0,0,0,
vc-1712-334,1712-11-29,1712,1,0,0,0,
vc-1712-335,1712-11-30,1712,1,0,0,0,
vc-1712-336,1712-12-01,1712,1,0,0,0,
vc-1712-337,1712-12-02,1712,1,0,0,0,
vc-1712-338,1712-12-03,1712,1,0,0,0,
vc-1712-339,1712-12-04,1712,1,1,0,0,general
vc-1712-340,1712-12-05,1712,1,0,0,0,
vc-1712-341,1712-12-06,1712,1,0,0,0,
vc-1712-342,1712-12-07,1712,1,0,0,0,
vc-1712-343,1712-12-08,1712,1,0,0,0,
vc-1712-344,1712-12-09,1712,1,0,0,0,
vc-1712-345,1712-12-10,1712,1,0,0,0,
vc-1712-346,1712-12-11,1712,1,1,0,0,general
vc-1712-347,1712-12-12,1712,1,0,0,0,
vc-1712-348,1712-12-13,1712,1,0,0,0,
vc-1712-349,1712-12-14,1712,1,0,0,0,
vc-1712-350,1712-12-15,1712,1,0,0,0,
vc-1712-351,1712-12-16,1712,1,0,0,0,
vc-1712-352,1712-12-17,1712,1,0,0,0,
vc-1712-353,1712-12-18,1712,1,1,0,0,general
vc-1712-354,1712-12-19,1712,1,0,0,0,
vc-1712-355,1712-12-20,1712,1,0,0,0,
vc-1712-356,1712-12-21,1712,1,0,0,0,
vc-1712-357,1712-12-22,1712,1,0,0,0,
vc-1712-358,1712-12-23,1712,1,0,0,0,
vc-1712-359,1712-12-24,1712,1,0,0,0,
vc-1712-360,1712-12-25,1712,1,0,0,0,
vc-1712-361,1712-12-26,1712,1,0,0,0,
vc-1712-362,1712-12-27,1712,1,0,0,0,
vc-1712-363,1712-12-28,1712,1,0,0,0,
vc-1712-364,1712-12-29,1712,1,0,0,0,
vc-1712-365,1712-12-30,1712,1,0,0,0,
vc-1712-366,1712-12-31,1712,1,1,0,0,settlers
vc-1713-1,1713-01-01,1713,1,0,0,0,
vc-1713-2,1713-01-02,1713,1,0,0,0,
vc-1713-3,1713-01-03,1713,1,0,0,0,
vc-1713-4,1713-01-04,1713,1,0,0,0,
vc-1713-5,1713-01-05,1713,1,0,0,0,
vc-1713-6,1713-01-06,1713,1,0,0,0,
vc-1713-7,1713-01-07,1713,1,0,0,0,
vc-1713-8,1713-01-08,1713,1,0,0,0,
vc-1713-9,1713-01-09,1713,1,0,0,0,
vc-1713-10,1713-01-10,1713,1,0,0,0,
vc-1713-11,1713-01-11,1713,1,0,0,0,
vc-1713-12,1713-01-12,1713,1,0,0,0,
vc-1713-13,1713-01-13,1713,1,0,0,0,
vc-1713-14,1713-01-14,1713,1,1,0,0,general
vc-1713-15,1713-01-15,1713,1,0,0,0,
vc-1713-16,1713-01-16,1713,1,0,0,0,
vc-1713-17,1713-01-17,1713,1,0,0,0,
vc-1713-18,1713-01-18,1713,1,0,0,0,
vc-1713-19,1713-01-19,1713,1,0,0,0,
vc-1713-20,1713-01-20,1713,1,1,0,0,private_slaves
vc-1713-21,1713-01-21,1713,1,0,0,0,
vc-1713-22,1713-01-22,1713,1,0,0,0,
vc-1713-23,1713-01-23,1713,1,1,0,0,private_slaves|khoesan|settlers
vc-1713-24,1713-01-24,1713,1,0,0,0,
vc-1713-25,1713-01-25,1713,1,0,0,0,
vc-1713-26,1713-01-26,1713,1,0,0,0,
vc-1713-27,1713-01-27,1713,1,0,0,0,
vc-1713-28,1713-01-28,1713,1,0,0,0,
vc-1713-29,1713-01-29,1713,1,0,0,0,
vc-1713-30,1713-01-30,1713,1,0,0,0,
vc-1713-31,1713-01-31,1713,1,0,0,0,
vc-1713-32,1713-02-01,1713,1,0,0,0,
vc-1713-33,1713-02-02,1713,1,0,0,0,
vc-1713-34,1713-02-03,1713,1,0,0,0,
vc-1713-35,1713-02-04,1713,1,1,0,1,general
vc-1713-36,1713-02-05,1713,1,0,0,0,
vc-1713-37,1713-02-06,1713,1,0,0,0,
vc-1713-38,1713-02-07,1713,1,0,0,0,
vc-1713-39,1713-02-08,1713,1,1,0,0,soldiers_sailors
vc-1713-40,1713-02-09,1713,1,0,0,0,
vc-1713-41,1713-02-10,1713,1,0,0,0,
vc-1713-42,1713-02-11,1713,1,0,0,0,
vc-1713-43,1713-02-12,1713,1,1,0,1,soldiers_sailors|settlers
vc-1713-44,1713-02-13,1713,1,1,0,0,soldiers_sailors|settlers
vc-1713-45,1713-02-14,1713,1,1,0,0,soldiers_sailors
vc-1713-46,1713-02-15,1713,1,1,0,0,general
vc-1713-47,1713-02-16,1713,1,1,0,0,general
vc-1713-48,1713-02-17,1713,1,1,0,0,soldiers_sailors
vc-1713-49,1713-02-18,1713,1,1,0,0,general
vc-1713-50,1713-02-19,1713,1,1,0,0,general
vc-1713-51,1713-02-20,1713,1,0,0,0,
vc-1713-52,1713-02-21,1713,1,0,0,0,
vc-1713-53,1713-02-22,1713,1,0,0,0,
vc-1713-54,1713-02-23,1713,1,0,0,0,
vc-1713-55,1713-02-24,1713,1,0,0,0,
vc-1713-56,1713-02-25,1713,1,1,0,0,general
vc-1713-57,1713-02-26,1713,1,0,0,0,
vc-1713-58,1713-02-27,1713,1,0,0,0,
vc-1713-59,1713-02-28,1713,1,1,0,0,soldiers_sailors
vc-1713-60,1713-03-01,1713,1,0,0,0,
vc-1713-61,1713-03-02,1713,1,1,0,0,general
vc-1713-62,1713-03-03,1713,1,0,0,0,
vc-1713-63,1713-03-04,1713,1,1,0,1,private_slaves|settlers
vc-1713-64,1713-03-05,1713,1,1,0,0,general
vc-1713-65,1713-03-06,1713,1,0,0,0,
vc-1713-66,1713-03-07,1713,1,0,0,0,
vc-1713-67,1713-03-08,1713,1,1,0,0,general
vc-1713-68,1713-03-09,1713,1,0,0,0,
vc-1713-69,1713-03-10,1713,1,0,0,0,
vc-1713-70,1713-03-11,1713,1,0,0,0,
vc-1713-71,1713-03-12,1713,1,0,0,0,
vc-1713-72,1713-03-13,1713,1,1,0,0,soldiers_sailors
vc-1713-73,1713-03-14,1713,1,0,0,0,
vc-1713-74,1713-03-15,1713,1,1,0,0,soldiers_sailors
vc-1713-75,1713-03-16,1713,1,0,0,0,
vc-1713-76,1713-03-17,1713,1,0,0,0,
vc-1713-77,1713-03-18,1713,1,0,0,0,
vc-1713-78,1713-03-19,1713,1,0,0,0,
vc-1713-79,1713-03-20,1713,1,0,0,0,
vc-1713-80,1713-03-21,1713,1,0,0,0,
vc-1713-81,1713-03-22,1713,1,0,0,0,
vc-1713-82,1713-03-23,1713,1,0,0,0,
vc-1713-83,1713-03-24,1713,1,0,0,0,
vc-1713-84,1713-03-25,1713,1,1,0,0,general
vc-1713-85,1713-03-26,1713,1,0,0,0,
vc-1713-86,1713-03-27,1713,1,1,0,1,soldiers_sailors
vc-1713-87,1713-03-28,1713,1,0,0,0,
vc-1713-88,1713-03-29,1713,1,0,0,0,
vc-1713-89,1713-03-30,1713,1,0,0,0,
vc-1713-90,1713-03-31,1713,1,1,1,1,private_slaves
vc-1713-91,1713-04-01,1713,1,1,0,0,general
vc-1713-92,1713-04-02,1713,1,0,0,0,
vc-1713-93,1713-04-03,1713,1,1,0,0,general
vc-1713-94,1713-04-04,1713,1,0,0,0,
vc-1713-95,1713-04-05,1713,1,1,0,0,soldiers_sailors
vc-1713-96,1713-04-06,1713,1,1,0,1,general
vc-1713-97,1713-04-07,1713,1,1,0,0,general
vc-1713-98,1713-04-08,1713,1,0,0,0,
vc-1713-99,1713-04-09,1713,1,1,1,0,private_slaves
vc-1713-100,1713-04-10,1713,1,1,0,0,general
vc-1713-101,1713-04-11,1713,1,0,0,0,
vc-1713-102,1713-04-12,1713,1,0,0,0,
vc-1713-103,1713-04-13,1713,1,0,0,0,
vc-1713-104,1713-04-14,1713,1,1,0,0,general
vc-1713-105,1713-04-15,1713,1,0,0,0,
vc-1713-106,1713-04-16,1713,1,0,0,0,
vc-1713-107,1713-04-17,1713,1,0,0,0,
vc-1713-108,1713-04-18,1713,1,1,1,1,company_slaves|khoesan|settlers
vc-1713-109,1713-04-19,1713,1,0,0,0,
vc-1713-110,1713-04-20,1713,1,0,0,0,
vc-1713-111,1713-04-21,1713,1,1,1,1,private_slaves
vc-1713-112,1713-04-22,1713,1,0,0,0,
vc-1713-113,1713-04-23,1713,1,0,0,0,
vc-1713-114,1713-04-24,1713,1,1,0,0,settlers
vc-1713-115,1713-04-25,1713,1,0,0,0,
vc-1713-116,1713-04-26,1713,1,1,0,0,general
vc-1713-117,1713-04-27,1713,1,0,0,0,
vc-1713-118,1713-04-28,1713,1,1,0,0,general
vc-1713-119,1713-04-29,1713,1,1,0,1,soldiers_sailors
vc-1713-120,1713-04-30,1713,1,0,0,0,
vc-1713-121,1713-05-01,1713,1,1,1,0,khoesan
vc-1713-122,1713-05-02,1713,1,1,0,0,khoesan
vc-1713-123,1713-05-03,1713,1,1,0,0,general
vc-1713-124,1713-05-04,1713,1,0,0,0,
vc-1713-125,1713-05-05,1713,1,1,0,0,general
vc-1713-126,1713-05-06,1713,1,1,1,1,khoesan
vc-1713-127,1713-05-07,1713,1,1,0,0,khoesan|settlers
vc-1713-128,1713-05-08,1713,1,1,0,0,soldiers_sailors
vc-1713-129,1713-05-09,1713,1,1,0,0,general
vc-1713-130,1713-05-10,1713,1,1,1,0,general
vc-1713-131,1713-05-11,1713,1,1,0,0,general
vc-1713-132,1713-05-12,1713,1,1,0,0,general
vc-1713-133,1713-05-13,1713,1,1,0,0,general
vc-1713-134,1713-05-14,1713,1,1,0,0,general
vc-1713-135,1713-05-15,1713,1,0,0,0,
vc-1713-136,1713-05-16,1713,1,1,0,0,general
vc-1713-137,1713-05-17,1713,1,0,0,0,
vc-1713-138,1713-05-18,1713,1,0,0,0,
vc-1713-139,1713-05-19,1713,1,1,1,0,khoesan
vc-1713-140,1713-05-20,1713,1,1,0,0,private_slaves|settlers
vc-1713-141,1713-05-21,1713,1,1,0,0,general
vc-1713-142,1713-05-22,1713,1,0,0,0,
vc-1713-143,1713-05-23,1713,1,0,0,0,
vc-1713-144,1713-05-24,1713,1,1,0,0,general
vc-1713-145,1713-05-25,1713,1,0,0,0,
vc-1713-146,1713-05-26,1713,1,1,0,0,soldiers_sailors
vc-1713-147,1713-05-27,1713,1,0,0,0,
vc-1713-148,1713-05-28,1713,1,0,0,0,
vc-1713-149,1713-05-29,1713,1,1,0,0,general
vc-1713-150,1713-05-30,1713,1,1,0,0,general
vc-1713-151,1713-05-31,1713,1,1,0,0,khoesan|settlers
vc-1713-152,1713-06-01,1713,1,0,0,0,
vc-1713-153,1713-06-02,1713,1,0,0,0,
vc-1713-154,1713-06-03,1713,1,0,0,0,
vc-1713-155,1713-06-04,1713,1,1,0,0,private_slaves
vc-1713-156,1713-06-05,1713,1,1,0,0,general
vc-1713-157,1713-06-06,1713,1,1,0,0,general
vc-1713-158,1713-06-07,1713,1,0,0,0,
vc-1713-159,1713-06-08,1713,1,0,0,0,
vc-1713-160,1713-06-09,1713,1,0,0,0,
vc-1713-161,1713-06-10,1713,1,0,0,0,
vc-1713-162,1713-06-11,1713,1,1,1,0,khoesan|settlers
vc-1713-163,1713-06-12,1713,1,0,0,0,
vc-1713-164,1713-06-13,1713,1,1,1,0,general
vc-1713-165,1713-06-14,1713,1,0,0,0,
vc-1713-166,1713-06-15,1713,1,0,0,0,
vc-1713-167,1713-06-16,1713,1,1,0,0,general
vc-1713-168,1713-06-17,1713,1,1,0,0,settlers
vc-1713-169,1713-06-18,1713,1,0,0,0,
vc-1713-170,1713-06-19,1713,1,0,0,0,
vc-1713-171,1713-06-20,1713,1,0,0,0,
vc-1713-172,1713-06-21,1713,1,1,0,0,general
vc-1713-173,1713-06-22,1713,1,0,0,0,
vc-1713-174,1713-06-23,1713,1,0,0,0,
vc-1713-175,1713-06-24,1713,1,1,1,0,general
vc-1713-176,1713-06-25,1713,1,0,0,0,
vc-1713-177,1713-06-26,1713,1,0,0,0,
vc-1713-178,1713-06-27,1713,1,1,0,0,general
vc-1713-179,1713-06-28,1713,1,0,0,0,
vc-1713-180,1713-06-29,1713,1,1,0,0,general
vc-1713-181,1713-06-30,1713,1,1,0,0,soldiers_sailors
vc-1713-182,1713-07-01,1713,1,1,0,0,general
vc-1713-183,1713-07-02,1713,1,0,0,0,
vc-1713-184,1713-07-03,1713,1,0,0,0,
vc-1713-185,1713-07-04,1713,1,1,0,0,private_slaves|settlers
vc-1713-186,1713-07-05,1713,1,1,0,0,soldiers_sailors
vc-1713-187,1713-07-06,1713,1,0,0,0,
vc-1713-188,1713-07-07,1713,1,0,0,0,
vc-1713-189,1713-07-08,1713,1,0,0,0,
vc-1713-190,1713-07-09,1713,1,0,0,0,
vc-1713-191,1713-07-10,1713,1,0,0,0,
vc-1713-192,1713-07-11,1713,1,0,0,0,
vc-1713-193,1713-07-12,1713,1,0,0,0,
vc-1713-194,1713-07-13,1713,1,1,0,0,general
vc-1713-195,1713-07-14,1713,1,0,0,0,
vc-1713-196,1713-07-15,1713,1,0,0,0,
vc-1713-197,1713-07-16,1713,1,0,0,0,
vc-1713-198,1713-07-17,1713,1,0,0,0,
vc-1713-199,1713-07-18,1713,1,0,0,0,
vc-1713-200,1713-07-19,1713,1,0,0,0,
vc-1713-201,1713-07-20,1713,1,1,0,0,general
vc-1713-202,1713-07-21,1713,1,0,0,0,
vc-1713-203,1713-07-22,1713,1,0,0,0,
vc-1713-204,1713-07-23,1713,1,0,0,0,
vc-1713-205,1713-07-24,1713,1,0,0,0,
vc-1713-206,1713-07-25,1713,1,0,0,0,
vc-1713-207,1713-07-26,1713,1,1,0,0,general
vc-1713-208,1713-07-27,1713,1,0,0,0,
vc-1713-209,1713-07-28,1713,1,0,0,0,
vc-1713-210,1713-07-29,1713,1,0,0,0,
vc-1713-211,1713-07-30,1713,1,1,0,0,general
vc-1713-212,1713-07-31,1713,1,0,0,0,
vc-1713-213,1713-08-01,1713,1,1,0,0,general
vc-1713-214,1713-08-02,1713,1,1,1,0,settlers
vc-1713-215,1713-08-03,1713,1,0,0,0,
vc-1713-216,1713-08-04,1713,1,1,0,0,general
vc-1713-217,1713-08-05,1713,1,1,0,0,general
vc-1713-218,1713-08-06,1713,1,1,0,0,general
vc-1713-219,1713-08-07,1713,1,0,0,0,
vc-1713-220,1713-08-08,1713,1,1,0,0,general
vc-1713-221,1713-08-09,1713,1,0,0,0,
vc-1713-222,1713-08-10,1713,1,0,0,0,
vc-1713-223,1713-08-11,1713,1,0,0,0,
vc-1713-224,1713-08-12,1713,1,0,0,0,
vc-1713-225,1713-08-13,1713,1,1,0,0,soldiers_sailors
vc-1713-226,1713-08-14,1713,1,0,0,0,
vc-1713-227,1713-08-15,1713,1,0,0,0,
vc-1713-228,1713-08-16,1713,1,1,0,0,general
vc-1713-229,1713-08-17,1713,1,1,0,0,general
vc-1713-230,1713-08-18,1713,1,0,0,0,
vc-1713-231,1713-08-19,1713,1,0,0,0,
vc-1713-232,1713-08-20,1713,1,0,0,0,
vc-1713-233,1713-08-21,1713,1,0,0,0,
vc-1713-234,1713-08-22,1713,1,0,0,0,
vc-1713-235,1713-08-23,1713,1,0,0,0,
vc-1713-236,1713-08-24,1713,1,0,0,0,
vc-1713-237,1713-08-25,1713,1,0,0,0,
vc-1713-238,1713-08-26,1713,1,1,1,0,private_slaves|soldiers_sailors
vc-1713-239,1713-08-27,1713,1,0,0,0,
vc-1713-240,1713-08-28,1713,1,0,0,0,
vc-1713-241,1713-08-29,1713,1,0,0,0,
vc-1713-242,1713-08-30,1713,1,0,0,0,
vc-1713-243,1713-08-31,1713,1,1,0,0,settlers
vc-1713-244,1713-09-01,1713,1,0,0,0,
vc-1713-245,1713-09-02,1713,1,0,0,0,
vc-1713-246,1713-09-03,1713,1,0,0,0,
vc-1713-247,1713-09-04,1713,1,0,0,0,
vc-1713-248,1713-09-05,1713,1,0,0,0,
vc-1713-249,1713-09-06,1713,1,1,0,0,private_slaves
vc-1713-250,1713-09-07,1713,1,1,0,0,general
vc-1713-251,1713-09-08,1713,1,0,0,0,
vc-1713-252,1713-09-09,1713,1,1,0,0,general
vc-1713-253,1713-09-10,1713,1,0,0,0,
vc-1713-254,1713-09-11,1713,1,1,0,0,general
vc-1713-255,1713-09-12,1713,1,1,0,0,settlers
vc-1713-256,1713-09-13,1713,1,0,0,0,
vc-1713-257,1713-09-14,1713,1,1,0,0,soldiers_sailors|settlers
vc-1713-258,1713-09-15,1713,1,0,0,0,
vc-1713-259,1713-09-16,1713,1,0,0,0,
vc-1713-260,1713-09-17,1713,1,0,0,0,
vc-1713-261,1713-09-18,1713,1,1,0,0,general
vc-1713-262,1713-09-19,1713,1,1,0,0,general
vc-1713-263,1713-09-20,1713,1,1,0,0,general
vc-1713-264,1713-09-21,1713,1,0,0,0,
vc-1713-265,1713-09-22,1713,1,0,0,0,
vc-1713-266,1713-09-23,1713,1,1,0,0,private_slaves
vc-1713-267,1713-09-24,1713,1,0,0,0,
vc-1713-268,1713-09-25,1713,1,1,0,0,private_slaves|settlers
vc-1713-269,1713-09-26,1713,1,1,0,0,general
vc-1713-270,1713-09-27,1713,1,1,0,0,soldiers_sailors|settlers
vc-1713-271,1713-09-28,1713,1,1,0,0,general
vc-1713-272,1713-09-29,1713,1,1,0,1,soldiers_sailors
vc-1713-273,1713-09-30,1713,1,1,0,0,general
vc-1713-274,1713-10-01,1713,1,1,0,1,soldiers_sailors
vc-1713-275,1713-10-02,1713,1,1,0,0,general
vc-1713-276,1713-10-03,1713,1,1,0,0,settlers
vc-1713-277,1713-10-04,1713,1,0,0,0,
vc-1713-278,1713-10-05,1713,1,1,0,0,settlers
vc-1713-279,1713-10-06,1713,1,0,0,0,
vc-1713-280,1713-10-07,1713,1,1,0,0,settlers
vc-1713-281,1713-10-08,1713,1,1,0,0,general
vc-1713-282,1713-10-09,1713,1,1,0,0,soldiers_sailors
vc-1713-283,1713-10-10,1713,1,0,0,0,
vc-1713-284,1713-10-11,1713,1,1,0,0,general
vc-1713-285,1713-10-12,1713,1,1,0,0,general
vc-1713-286,1713-10-13,1713,1,0,0,0,
vc-1713-287,1713-10-14,1713,1,1,0,0,soldiers_sailors
vc-1713-288,1713-10-15,1713,1,1,0,0,general
vc-1713-289,1713-10-16,1713,1,1,0,0,soldiers_sailors
vc-1713-290,1713-10-17,1713,1,1,0,0,general
vc-1713-291,1713-10-18,1713,1,1,0,0,general
vc-1713-292,1713-10-19,1713,1,0,0,0,
vc-1713-293,1713-10-20,1713,1,1,0,0,settlers
vc-1713-294,1713-10-21,1713,1,0,0,0,
vc-1713-295,1713-10-22,1713,1,0,0,0,
vc-1713-296,1713-10-23,1713,1,1,0,0,general
vc-1713-297,1713-10-24,1713,1,1,0,0,general
vc-1713-298,1713-10-25,1713,1,0,0,0,
vc-1713-299,1713-10-26,1713,1,0,0,0,
vc-1713-300,1713-10-27,1713,1,0,0,0,
vc-1713-301,1713-10-28,1713,1,0,0,0,
vc-1713-302,1713-10-29,1713,1,1,0,0,general
vc-1713-303,1713-10-30,1713,1,0,0,0,
vc-1713-304,1713-10-31,1713,1,0,0,0,
vc-1713-305,1713-11-01,1713,1,0,0,0,
vc-1713-306,1713-11-02,1713,1,1,0,0,general
vc-1713-307,1713-11-03,1713,1,0,0,0,
vc-1713-308,1713-11-04,1713,1,0,0,0,
vc-1713-309,1713-11-05,1713,1,0,0,0,
vc-1713-310,1713-11-06,1713,1,1,0,0,general
vc-1713-311,1713-11-07,1713,1,1,0,0,general
vc-1713-312,1713-11-08,1713,1,1,0,0,general
vc-1713-313,1713-11-09,1713,1,0,0,0,
vc-1713-314,1713-11-10,1713,1,1,0,0,soldiers_sailors
vc-1713-315,1713-11-11,1713,1,0,0,0,
vc-1713-316,1713-11-12,1713,1,0,0,0,
vc-1713-317,1713-11-13,1713,1,1,0,0,general
vc-1713-318,1713-11-14,1713,1,1,0,0,general
vc-1713-319,1713-11-15,1713,1,0,0,0,
vc-1713-320,1713-11-16,1713,1,0,0,0,
vc-1713-321,1713-11-17,1713,1,0,0,0,
vc-1713-322,1713-11-18,1713,1,1,0,0,settlers
vc-1713-323,1713-11-19,1713,1,1,0,0,general
vc-1713-324,1713-11-20,1713,1,1,0,0,general
vc-1713-325,1713-11-21,1713,1,0,0,0,
vc-1713-326,1713-11-22,1713,1,1,0,0,general
vc-1713-327,1713-11-23,1713,1,1,0,0,private_slaves|soldiers_sailors
vc-1713-328,1713-11-24,1713,1,0,0,0,
vc-1713-329,1713-11-25,1713,1,1,0,0,general
vc-1713-330,1713-11-26,1713,1,0,0,0,
vc-1713-331,1713-11-27,1713,1,0,0,0,
vc-1713-332,1713-11-28,1713,1,1,1,0,khoesan|settlers
vc-1713-333,1713-11-29,1713,1,0,0,0,
vc-1713-334,1713-11-30,1713,1,0,0,0,
vc-1713-335,1713-12-01,1713,1,1,0,0,general
vc-1713-336,1713-12-02,1713,1,1,0,0,general
vc-1713-337,1713-12-03,1713,1,0,0,0,
vc-1713-338,1713-12-04,1713,1,0,0,0,
vc-1713-339,1713-12-05,1713,1,1,0,0,general
vc-1713-340,1713-12-06,1713,1,1,0,0,general
vc-1713-341,1713-12-07,1713,1,1,0,0,general
vc-1713-342,1713-12-08,1713,1,0,0,0,
vc-1713-343,1713-12-09,1713,1,1,0,1,private_slaves|soldiers_sailors|settlers
vc-1713-344,1713-12-10,1713,1,0,0,0,
vc-1713-345,1713-12-11,1713,1,0,0,0,
vc-1713-346,1713-12-12,1713,1,0,0,0,
vc-1713-347,1713-12-13,1713,1,1,0,0,general
vc-1713-348,1713-12-14,1713,1,0,0,0,
vc-1713-349,1713-12-15,1713,1,0,0,0,
vc-1713-350,1713-12-16,1713,1,1,0,0,general
vc-1713-351,1713-12-17,1713,1,1,1,0,settlers
vc-1713-352,1713-12-18,1713,1,1,0,0,general
vc-1713-353,1713-12-19,1713,1,1,0,0,general
vc-1713-354,1713-12-20,1713,1,1,0,0,settlers
vc-1713-355,1713-12-21,1713,1,0,0,0,
vc-1713-356,1713-12-22,1713,1,0,0,0,
vc-1713-357,1713-12-23,1713,1,1,0,0,general
vc-1713-358,1713-12-24,1713,1,1,0,0,general
vc-1713-359,1713-12-25,1713,1,1,0,0,general
vc-1713-360,1713-12-26,1713,1,1,0,0,general
vc-1713-361,1713-12-27,1713,1,0,0,0,
vc-1713-362,1713-12-28,1713,1,1,0,0,general
vc-1713-363,1713-12-29,1713,1,1,0,0,general
vc-1713-364,1713-12-30,1713,1,1,0,0,general
vc-1713-365,1713-12-31,1713,1,0,0,0,
vc-1714-1,1714-01-01,1714,1,1,0,0,general
vc-1714-2,1714-01-02,1714,1,0,0,0,
vc-1714-3,1714-01-03,1714,1,1,0,0,general
vc-1714-4,1714-01-04,1714,1,0,0,0,
vc-1714-5,1714-01-05,1714,1,1,0,0,general
vc-1714-6,1714-01-06,1714,1,1,0,0,private_slaves|khoesan|soldiers_sailors
vc-1714-7,1714-01-07,1714,1,0,0,0,
vc-1714-8,1714-01-08,1714,1,1,0,0,private_slaves
vc-1714-9,1714-01-09,1714,1,1,0,0,private_slaves
vc-1714-10,1714-01-10,1714,1,1,0,0,general
vc-1714-11,1714-01-11,1714,1,1,0,0,general
vc-1714-12,1714-01-12,1714,1,1,0,0,general
vc-1714-13,1714-01-13,1714,1,1,0,0,general
vc-1714-14,1714-01-14,1714,1,1,0,0,general
vc-1714-15,1714-01-15,1714,1,0,0,0,
vc-1714-16,1714-01-16,1714,1,0,0,0,
vc-1714-17,1714-01-17,1714,1,0,0,0,
vc-1714-18,1714-01-18,1714,1,1,0,0,general
vc-1714-19,1714-01-19,1714,1,1,0,0,private_slaves
vc-1714-20,1714-01-20,1714,1,1,0,0,private_slaves
vc-1714-21,1714-01-21,1714,1,1,0,0,general
vc-1714-22,1714-01-22,1714,1,0,0,0,
vc-1714-23,1714-01-23,1714,1,1,0,0,general
vc-1714-24,1714-01-24,1714,1,1,0,0,general
vc-1714-25,1714-01-25,1714,1,0,0,0,
vc-1714-26,1714-01-26,1714,1,0,0,0,
vc-1714-27,1714-01-27,1714,1,0,0,0,
vc-1714-28,1714-01-28,1714,1,0,0,0,
vc-1714-29,1714-01-29,1714,1,1,0,1,soldiers_sailors
vc-1714-30,1714-01-30,1714,1,0,0,0,
vc-1714-31,1714-01-31,1714,1,1,0,1,private_slaves
vc-1714-32,1714-02-01,1714,1,1,0,0,general
vc-1714-33,1714-02-02,1714,1,1,0,0,general
vc-1714-34,1714-02-03,1714,1,1,0,0,private_slaves
vc-1714-35,1714-02-04,1714,1,0,0,0,
vc-1714-36,1714-02-05,1714,1,1,0,0,general
vc-1714-37,1714-02-06,1714,1,1,0,1,private_slaves|khoesan|soldiers_sailors|settlers
vc-1714-38,1714-02-07,1714,1,0,0,0,
vc-1714-39,1714-02-08,1714,1,0,0,0,
vc-1714-40,1714-02-09,1714,1,1,0,0,general
vc-1714-41,1714-02-10,1714,1,0,0,0,
vc-1714-42,1714-02-11,1714,1,0,0,0,
vc-1714-43,1714-02-12,1714,1,1,0,0,general
vc-1714-44,1714-02-13,1714,1,1,1,0,khoesan|soldiers_sailors
vc-1714-45,1714-02-14,1714,1,0,0,0,
vc-1714-46,1714-02-15,1714,1,1,0,0,khoesan|soldiers_sailors
vc-1714-47,1714-02-16,1714,1,1,0,0,general
vc-1714-48,1714-02-17,1714,1,0,0,0,
vc-1714-49,1714-02-18,1714,1,0,0,0,
vc-1714-50,1714-02-19,1714,1,1,0,0,soldiers_sailors
vc-1714-51,1714-02-20,1714,1,0,0,0,
vc-1714-52,1714-02-21,1714,1,1,0,0,soldiers_sailors|settlers
vc-1714-53,1714-02-22,1714,1,0,0,0,
vc-1714-54,1714-02-23,1714,1,0,0,0,
vc-1714-55,1714-02-24,1714,1,0,0,0,
vc-1714-56,1714-02-25,1714,1,0,0,0,
vc-1714-57,1714-02-26,1714,1,1,0,0,private_slaves|khoesan|soldiers_sailors|settlers
vc-1714-58,1714-02-27,1714,1,0,0,0,
vc-1714-59,1714-02-28,1714,1,1,0,0,general
vc-1714-60,1714-03-01,1714,1,0,0,0,
vc-1714-61,1714-03-02,1714,1,0,0,0,
vc-1714-62,1714-03-03,1714,1,1,0,0,general
vc-1714-63,1714-03-04,1714,1,0,0,0,
vc-1714-64,1714-03-05,1714,1,1,0,1,general
vc-1714-65,1714-03-06,1714,1,1,0,1,general
vc-1714-66,1714-03-07,1714,1,1,0,0,general
vc-1714-67,1714-03-08,1714,1,0,0,0,
vc-1714-68,1714-03-09,1714,1,1,0,0,general
vc-1714-69,1714-03-10,1714,1,0,0,0,
vc-1714-70,1714-03-11,1714,1,0,0,0,
vc-1714-71,1714-03-12,1714,1,0,0,0,
vc-1714-72,1714-03-13,1714,1,1,0,0,general
vc-1714-73,1714-03-14,1714,1,0,0,0,
vc-1714-74,1714-03-15,1714,1,1,0,0,general
vc-1714-75,1714-03-16,1714,1,1,0,1,soldiers_sailors
vc-1714-76,1714-03-17,1714,1,1,0,0,soldiers_sailors
vc-1714-77,1714-03-18,1714,1,0,0,0,
vc-1714-78,1714-03-19,1714,1,1,0,0,general
vc-1714-79,1714-03-20,1714,1,1,0,0,soldiers_sailors
vc-1714-80,1714-03-21,1714,1,0,0,0,
vc-1714-81,1714-03-22,1714,1,1,0,0,general
vc-1714-82,1714-03-23,1714,1,1,0,1,settlers
vc-1714-83,1714-03-24,1714,1,1,0,1,settlers
vc-1714-84,1714-03-25,1714,1,1,0,0,general
vc-1714-85,1714-03-26,1714,1,1,0,0,general
vc-1714-86,1714-03-27,1714,1,1,0,0,general
vc-1714-87,1714-03-28,1714,1,0,0,0,
vc-1714-88,1714-03-29,1714,1,0,0,0,
vc-1714-89,1714-03-30,1714,1,0,0,0,
vc-1714-90,1714-03-31,1714,1,0,0,0,
vc-1714-91,1714-04-01,1714,1,0,0,0,
vc-1714-92,1714-04-02,1714,1,1,0,0,general
vc-1714-93,1714-04-03,1714,1,0,0,0,
vc-1714-94,1714-04-04,1714,1,1,0,0,soldiers_sailors
vc-1714-95,1714-04-05,1714,1,1,0,0,general
vc-1714-96,1714-04-06,1714,1,0,0,0,
vc-1714-97,1714-04-07,1714,1,0,0,0,
vc-1714-98,1714-04-08,1714,1,0,0,0,
vc-1714-99,1714-04-09,1714,1,0,0,0,
vc-1714-100,1714-04-10,1714,1,1,0,0,general
vc-1714-101,1714-04-11,1714,1,0,0,0,
vc-1714-102,1714-04-12,1714,1,0,0,0,
vc-1714-103,1714-04-13,1714,1,0,0,0,
vc-1714-104,1714-04-14,1714,1,1,0,0,general
vc-1714-105,1714-04-15,1714,1,0,0,0,
vc-1714-106,1714-04-16,1714,1,0,0,0,
vc-1714-107,1714-04-17,1714,1,1,0,0,soldiers_sailors
vc-1714-108,1714-04-18,1714,1,1,0,0,general
vc-1714-109,1714-04-19,1714,1,0,0,0,
vc-1714-110,1714-04-20,1714,1,1,0,1,general
vc-1714-111,1714-04-21,1714,1,1,0,0,general
vc-1714-112,1714-04-22,1714,1,1,0,0,general
vc-1714-113,1714-04-23,1714,1,1,0,0,general
vc-1714-114,1714-04-24,1714,1,0,0,0,
vc-1714-115,1714-04-25,1714,1,0,0,0,
vc-1714-116,1714-04-26,1714,1,1,0,0,general
vc-1714-117,1714-04-27,1714,1,1,0,0,general
vc-1714-118,1714-04-28,1714,1,0,0,0,
vc-1714-119,1714-04-29,1714,1,0,0,0,
vc-1714-120,1714-04-30,1714,1,0,0,0,
vc-1714-121,1714-05-01,1714,1,0,0,0,
vc-1714-122,1714-05-02,1714,1,1,0,0,soldiers_sailors
vc-1714-123,1714-05-03,1714,1,1,0,0,general
vc-1714-124,1714-05-04,1714,1,0,0,0,
vc-1714-125,1714-05-05,1714,1,1,0,0,general
vc-1714-126,1714-05-06,1714,1,1,0,0,general
vc-1714-127,1714-05-07,1714,1,1,0,0,general
vc-1714-128,1714-05-08,1714,1,0,0,0,
vc-1714-129,1714-05-09,1714,1,1,0,1,soldiers_sailors
vc-1714-130,1714-05-10,1714,1,1,0,0,general
vc-1714-131,1714-05-11,1714,1,0,0,0,
vc-1714-132,1714-05-12,1714,1,0,0,0,
vc-1714-133,1714-05-13,1714,1,1,0,0,soldiers_sailors
vc-1714-134,1714-05-14,1714,1,1,0,0,soldiers_sailors
vc-1714-135,1714-05-15,1714,1,0,0,0,
vc-1714-136,1714-05-16,1714,1,0,0,0,
vc-1714-137,1714-05-17,1714,1,0,0,0,
vc-1714-138,1714-05-18,1714,1,1,0,1,general
vc-1714-139,1714-05-19,1714,1,1,0,0,general
vc-1714-140,1714-05-20,1714,1,0,0,0,
vc-1714-141,1714-05-21,1714,1,0,0,0,
vc-1714-142,1714-05-22,1714,1,1,0,0,general
vc-1714-143,1714-05-23,1714,1,0,0,0,
vc-1714-144,1714-05-24,1714,1,1,0,0,soldiers_sailors
vc-1714-145,1714-05-25,1714,1,1,0,0,general
vc-1714-146,1714-05-26,1714,1,1,0,0,settlers
vc-1714-147,1714-05-27,1714,1,1,0,0,general
vc-1714-148,1714-05-28,1714,1,0,0,0,
vc-1714-149,1714-05-29,1714,1,1,0,0,general
vc-1714-150,1714-05-30,1714,1,0,0,0,
vc-1714-151,1714-05-31,1714,1,0,0,0,
vc-1714-152,1714-06-01,1714,1,0,0,0,
vc-1714-153,1714-06-02,1714,1,1,0,0,general
vc-1714-154,1714-06-03,1714,1,1,0,0,general
vc-1714-155,1714-06-04,1714,1,1,0,0,general
vc-1714-156,1714-06-05,1714,1,1,0,0,general
vc-1714-157,1714-06-06,1714,1,0,0,0,
vc-1714-158,1714-06-07,1714,1,0,0,0,
vc-1714-159,1714-06-08,1714,1,0,0,0,
vc-1714-160,1714-06-09,1714,1,1,0,0,settlers
vc-1714-161,1714-06-10,1714,1,0,0,0,
vc-1714-162,1714-06-11,1714,1,0,0,0,
vc-1714-163,1714-06-12,1714,1,0,0,0,
vc-1714-164,1714-06-13,1714,1,0,0,0,
vc-1714-165,1714-06-14,1714,1,1,0,0,general
vc-1714-166,1714-06-15,1714,1,0,0,0,
vc-1714-167,1714-06-16,1714,1,1,0,0,general
vc-1714-168,1714-06-17,1714,1,1,0,0,general
vc-1714-169,1714-06-18,1714,1,1,0,0,general
vc-1714-170,1714-06-19,1714,1,1,0,0,general
vc-1714-171,1714-06-20,1714,1,0,0,0,
vc-1714-172,1714-06-21,1714,1,1,0,0,general
vc-1714-173,1714-06-22,1714,1,0,0,0,
vc-1714-174,1714-06-23,1714,1,1,0,0,general
vc-1714-175,1714-06-24,1714,1,1,0,0,general
vc-1714-176,1714-06-25,1714,1,0,0,0,
vc-1714-177,1714-06-26,1714,1,0,0,0,
vc-1714-178,1714-06-27,1714,1,1,0,0,general
vc-1714-179,1714-06-28,1714,1,0,0,0,
vc-1714-180,1714-06-29,1714,1,0,0,0,
vc-1714-181,1714-06-30,1714,1,1,0,0,soldiers_sailors
vc-1714-182,1714-07-01,1714,1,0,0,0,
vc-1714-183,1714-07-02,1714,1,1,0,0,general
vc-1714-184,1714-07-03,1714,1,1,0,0,general
vc-1714-185,1714-07-04,1714,1,0,0,0,
vc-1714-186,1714-07-05,1714,1,0,0,0,
vc-1714-187,1714-07-06,1714,1,0,0,0,
vc-1714-188,1714-07-07,1714,1,1,0,0,settlers
vc-1714-189,1714-07-08,1714,1,1,0,0,general
vc-1714-190,1714-07-09,1714,1,0,0,0,
vc-1714-191,1714-07-10,1714,1,1,0,0,general
vc-1714-192,1714-07-11,1714,1,0,0,0,
vc-1714-193,1714-07-12,1714,1,0,0,0,
vc-1714-194,1714-07-13,1714,1,1,0,0,private_slaves|settlers
vc-1714-195,1714-07-14,1714,1,0,0,0,
vc-1714-196,1714-07-15,1714,1,0,0,0,
vc-1714-197,1714-07-16,1714,1,0,0,0,
vc-1714-198,1714-07-17,1714,1,1,0,0,general
vc-1714-199,1714-07-18,1714,1,1,0,0,private_slaves|settlers
vc-1714-200,1714-07-19,1714,1,0,0,0,
vc-1714-201,1714-07-20,1714,1,1,0,0,general
vc-1714-202,1714-07-21,1714,1,1,0,0,general
vc-1714-203,1714-07-22,1714,1,0,0,0,
vc-1714-204,1714-07-23,1714,1,1,0,0,general
vc-1714-205,1714-07-24,1714,1,0,0,0,
vc-1714-206,1714-07-25,1714,1,1,0,0,general
vc-1714-207,1714-07-26,1714,1,0,0,0,
vc-1714-208,1714-07-27,1714,1,1,0,0,soldiers_sailors
vc-1714-209,1714-07-28,1714,1,1,0,0,soldiers_sailors
vc-1714-210,1714-07-29,1714,1,0,0,0,
vc-1714-211,1714-07-30,1714,1,0,0,0,
vc-1714-212,1714-07-31,1714,1,1,0,0,general
vc-1714-213,1714-08-01,1714,1,1,0,0,general
vc-1714-214,1714-08-02,1714,1,0,0,0,
vc-1714-215,1714-08-03,1714,1,0,0,0,
vc-1714-216,1714-08-04,1714,1,0,0,0,
vc-1714-217,1714-08-05,1714,1,1,0,0,general
vc-1714-218,1714-08-06,1714,1,1,0,0,general
vc-1714-219,1714-08-07,1714,1,0,0,0,
vc-1714-220,1714-08-08,1714,1,1,0,0,general
vc-1714-221,1714-08-09,1714,1,0,0,0,
vc-1714-222,1714-08-10,1714,1,0,0,0,
vc-1714-223,1714-08-11,1714,1,0,0,0,
vc-1714-224,1714-08-12,1714,1,1,0,0,soldiers_sailors
vc-1714-225,1714-08-13,1714,1,1,0,0,private_slaves
vc-1714-226,1714-08-14,1714,1,1,0,0,general
vc-1714-227,1714-08-15,1714,1,1,0,0,general
vc-1714-228,1714-08-16,1714,1,0,0,0,
vc-1714-229,1714-08-17,1714,1,1,0,0,general
vc-1714-230,1714-08-18,1714,1,1,0,0,general
vc-1714-231,1714-08-19,1714,1,0,0,0,
vc-1714-232,1714-08-20,1714,1,0,0,0,
vc-1714-233,1714-08-21,1714,1,0,0,0,
vc-1714-234,1714-08-22,1714,1,1,0,0,soldiers_sailors
vc-1714-235,1714-08-23,1714,1,0,0,0,
vc-1714-236,1714-08-24,1714,1,0,0,0,
vc-1714-237,1714-08-25,1714,1,1,0,0,general
vc-1714-238,1714-08-26,1714,1,0,0,0,
vc-1714-239,1714-08-27,1714,1,1,0,0,general
vc-1714-240,1714-08-28,1714,1,1,0,0,general
vc-1714-241,1714-08-29,1714,1,0,0,0,
vc-1714-242,1714-08-30,1714,1,0,0,0,
vc-1714-243,1714-08-31,1714,1,1,0,0,general
vc-1714-244,1714-09-01,1714,1,1,0,0,settlers
vc-1714-245,1714-09-02,1714,1,0,0,0,
vc-1714-246,1714-09-03,1714,1,1,0,1,general
vc-1714-247,1714-09-04,1714,1,1,0,0,private_slaves|khoesan|soldiers_sailors
vc-1714-248,1714-09-05,1714,1,1,0,0,general
vc-1714-249,1714-09-06,1714,1,0,0,0,
vc-1714-250,1714-09-07,1714,1,0,0,0,
vc-1714-251,1714-09-08,1714,1,1,0,0,general
vc-1714-252,1714-09-09,1714,1,1,0,0,general
vc-1714-253,1714-09-10,1714,1,0,0,0,
vc-1714-254,1714-09-11,1714,1,0,0,0,
vc-1714-255,1714-09-12,1714,1,1,0,0,general
vc-1714-256,1714-09-13,1714,1,1,0,0,private_slaves
vc-1714-257,1714-09-14,1714,1,1,0,0,general
vc-1714-258,1714-09-15,1714,1,1,0,1,private_slaves|khoesan|settlers
vc-1714-259,1714-09-16,1714,1,0,0,0,
vc-1714-260,1714-09-17,1714,1,0,0,0,
vc-1714-261,1714-09-18,1714,1,0,0,0,
vc-1714-262,1714-09-19,1714,1,1,0,0,general
vc-1714-263,1714-09-20,1714,1,1,0,0,general
vc-1714-264,1714-09-21,1714,1,1,0,0,general
vc-1714-265,1714-09-22,1714,1,0,0,0,
vc-1714-266,1714-09-23,1714,1,0,0,0,
vc-1714-267,1714-09-24,1714,1,0,0,0,
vc-1714-268,1714-09-25,1714,1,0,0,0,
vc-1714-269,1714-09-26,1714,1,0,0,0,
vc-1714-270,1714-09-27,1714,1,1,0,0,private_slaves
vc-1714-271,1714-09-28,1714,1,0,0,0,
vc-1714-272,1714-09-29,1714,1,1,0,0,general
vc-1714-273,1714-09-30,1714,1,0,0,0,
vc-1714-274,1714-10-01,1714,1,1,0,0,general
vc-1714-275,1714-10-02,1714,1,1,0,0,general
vc-1714-276,1714-10-03,1714,1,1,0,0,general
vc-1714-277,1714-10-04,1714,1,1,0,0,general
vc-1714-278,1714-10-05,1714,1,1,0,0,general
vc-1714-279,1714-10-06,1714,1,0,0,0,
vc-1714-280,1714-10-07,1714,1,0,0,0,
vc-1714-281,1714-10-08,1714,1,0,0,0,
vc-1714-282,1714-10-09,1714,1,1,0,0,general
vc-1714-283,1714-10-10,1714,1,1,0,0,general
vc-1714-284,1714-10-11,1714,1,1,0,0,general
vc-1714-285,1714-10-12,1714,1,0,0,0,
vc-1714-286,1714-10-13,1714,1,0,0,0,
vc-1714-287,1714-10-14,1714,1,1,0,0,general
vc-1714-288,1714-10-15,1714,1,1,0,0,general
vc-1714-289,1714-10-16,1714,1,0,0,0,
vc-1714-290,1714-10-17,1714,1,1,0,0,general
vc-1714-291,1714-10-18,1714,1,1,0,0,general
vc-1714-292,1714-10-19,1714,1,0,0,0,
vc-1714-293,1714-10-20,1714,1,1,0,0,settlers
vc-1714-294,1714-10-21,1714,1,0,0,0,
vc-1714-295,1714-10-22,1714,1,0,0,0,
vc-1714-296,1714-10-23,1714,1,1,0,0,general
vc-1714-297,1714-10-24,1714,1,1,0,0,general
vc-1714-298,1714-10-25,1714,1,0,0,0,
vc-1714-299,1714-10-26,1714,1,1,0,0,general
vc-1714-300,1714-10-27,1714,1,0,0,0,
vc-1714-301,1714-10-28,1714,1,1,0,0,general
vc-1714-302,1714-10-29,1714,1,0,0,0,
vc-1714-303,1714-10-30,1714,1,0,0,0,
vc-1714-304,1714-10-31,1714,1,0,0,0,
vc-1714-305,1714-11-01,1714,1,0,0,0,
vc-1714-306,1714-11-02,1714,1,1,0,0,general
vc-1714-307,1714-11-03,1714,1,0,0,0,
vc-1714-308,1714-11-04,1714,1,0,0,0,
vc-1714-309,1714-11-05,1714,1,1,0,0,general
vc-1714-310,1714-11-06,1714,1,1,0,0,private_slaves|settlers
vc-1714-311,1714-11-07,1714,1,1,0,0,general
vc-1714-312,1714-11-08,1714,1,0,0,0,
vc-1714-313,1714-11-09,1714,1,1,0,0,general
vc-1714-314,1714-11-10,1714,1,0,0,0,
vc-1714-315,1714-11-11,1714,1,0,0,0,
vc-1714-316,1714-11-12,1714,1,1,0,0,general
vc-1714-317,1714-11-13,1714,1,1,0,0,general
vc-1714-318,1714-11-14,1714,1,0,0,0,
vc-1714-319,1714-11-15,1714,1,0,0,0,
vc-1714-320,1714-11-16,1714,1,0,0,0,
vc-1714-321,1714-11-17,1714,1,0,0,0,
vc-1714-322,1714-11-18,1714,1,0,0,0,
vc-1714-323,1714-11-19,1714,1,0,0,0,
vc-1714-324,1714-11-20,1714,1,0,0,0,
vc-1714-325,1714-11-21,1714,1,1,0,0,general
vc-1714-326,1714-11-22,1714,1,0,0,0,
vc-1714-327,1714-11-23,1714,1,0,0,0,
vc-1714-328,1714-11-24,1714,1,1,0,0,general
vc-1714-329,1714-11-25,1714,1,1,0,0,general
vc-1714-330,1714-11-26,1714,1,1,0,0,general
vc-1714-331,1714-11-27,1714,1,0,0,0,
vc-1714-332,1714-11-28,1714,1,1,0,0,general
vc-1714-333,1714-11-29,1714,1,0,0,0,
vc-1714-334,1714-11-30,1714,1,1,0,0,general
vc-1714-335,1714-12-01,1714,1,0,0,0,
vc-1714-336,1714-12-02,1714,1,1,0,0,general
vc-1714-337,1714-12-03,1714,1,1,0,0,general
vc-1714-338,1714-12-04,1714,1,1,0,0,general
vc-1714-339,1714-12-05,1714,1,1,0,0,general
vc-1714-340,1714-12-06,1714,1,1,0,0,general
vc-1714-341,1714-12-07,1714,1,1,0,0,general
vc-1714-342,1714-12-08,1714,1,1,0,0,general
vc-1714-343,1714-12-09,1714,1,0,0,0,
vc-1714-344,1714-12-10,1714,1,0,0,0,
vc-1714-345,1714-12-11,1714,1,0,0,0,
vc-1714-346,1714-12-12,1714,1,0,0,0,
vc-1714-347,1714-12-13,1714,1,1,0,0,general
vc-1714-348,1714-12-14,1714,1,1,0,0,general
vc-1714-349,1714-12-15,1714,1,0,0,0,
vc-1714-350,1714-12-16,1714,1,0,0,0,
vc-1714-351,1714-12-17,1714,1,1,0,0,general
vc-1714-352,1714-12-18,1714,1,0,0,0,
vc-1714-353,1714-12-19,1714,1,1,0,0,general
vc-1714-354,1714-12-20,1714,1,1,0,0,general
vc-1714-355,1714-12-21,1714,1,1,0,0,general
vc-1714-356,1714-12-22,1714,1,1,0,0,general
vc-1714-357,1714-12-23,1714,1,1,0,0,soldiers_sailors
vc-1714-358,1714-12-24,1714,1,0,0,0,
vc-1714-359,1714-12-25,1714,1,0,0,0,
vc-1714-360,1714-12-26,1714,1,1,0,0,general
vc-1714-361,1714-12-27,1714,1,1,0,0,general
vc-1714-362,1714-12-28,1714,1,0,0,0,
vc-1714-363,1714-12-29,1714,1,1,0,0,general
vc-1714-364,1714-12-30,1714,1,1,0,1,general
vc-1714-365,1714-12-31,1714,1,0,0,0,
vc-1715-1,1715-01-01,1715,1,1,0,0,settlers
vc-1715-2,1715-01-02,1715,1,0,0,0,
vc-1715-3,1715-01-03,1715,1,0,0,0,
vc-1715-4,1715-01-04,1715,1,0,0,0,
vc-1715-5,1715-01-05,1715,1,0,0,0,
vc-1715-6,1715-01-06,1715,1,0,0,0,
vc-1715-7,1715-01-07,1715,1,1,0,0,general
vc-1715-8,1715-01-08,1715,1,1,0,0,general
vc-1715-9,1715-01-09,1715,1,1,0,0,soldiers_sailors
vc-1715-10,1715-01-10,1715,1,0,0,0,
vc-1715-11,1715-01-11,1715,1,0,0,0,
vc-1715-12,1715-01-12,1715,1,0,0,0,
vc-1715-13,1715-01-13,1715,1,0,0,0,
vc-1715-14,1715-01-14,1715,1,1,0,0,general
vc-1715-15,1715-01-15,1715,1,1,0,0,soldiers_sailors
vc-1715-16,1715-01-16,1715,1,0,0,0,
vc-1715-17,1715-01-17,1715,1,0,0,0,
vc-1715-18,1715-01-18,1715,1,0,0,0,
vc-1715-19,1715-01-19,1715,1,1,0,0,general
vc-1715-20,1715-01-20,1715,1,1,0,0,general
vc-1715-21,1715-01-21,1715,1,0,0,0,
vc-1715-22,1715-01-22,1715,1,0,0,0,
vc-1715-23,1715-01-23,1715,1,1,0,0,general
vc-1715-24,1715-01-24,1715,1,0,0,0,
vc-1715-25,1715-01-25,1715,1,1,0,0,general
vc-1715-26,1715-01-26,1715,1,0,0,0,
vc-1715-27,1715-01-27,1715,1,1,0,0,general
vc-1715-28,1715-01-28,1715,1,0,0,0,
vc-1715-29,1715-01-29,1715,1,0,0,0,
vc-1715-30,1715-01-30,1715,1,0,0,0,
vc-1715-31,1715-01-31,1715,1,1,0,0,general
vc-1715-32,1715-02-01,1715,1,1,0,0,general
vc-1715-33,1715-02-02,1715,1,0,0,0,
vc-1715-34,1715-02-03,1715,1,1,0,0,general
vc-1715-35,1715-02-04,1715,1,1,0,0,general
vc-1715-36,1715-02-05,1715,1,0,0,0,
vc-1715-37,1715-02-06,1715,1,0,0,0,
vc-1715-38,1715-02-07,1715,1,0,0,0,
vc-1715-39,1715-02-08,1715,1,0,0,0,
vc-1715-40,1715-02-09,1715,1,0,0,0,
vc-1715-41,1715-02-10,1715,1,1,0,0,general
vc-1715-42,1715-02-11,1715,1,1,0,0,general
vc-1715-43,1715-02-12,1715,1,1,0,0,general
vc-1715-44,1715-02-13,1715,1,1,0,0,general
vc-1715-45,1715-02-14,1715,1,0,0,0,
vc-1715-46,1715-02-15,1715,1,1,0,0,general
vc-1715-47,1715-02-16,1715,1,0,0,0,
vc-1715-48,1715-02-17,1715,1,0,0,0,
vc-1715-49,1715-02-18,1715,1,0,0,0,
vc-1715-50,1715-02-19,1715,1,0,0,0,
vc-1715-51,1715-02-20,1715,1,1,0,0,general
vc-1715-52,1715-02-21,1715,1,1,0,0,general
vc-1715-53,1715-02-22,1715,1,0,0,0,
vc-1715-54,1715-02-23,1715,1,1,0,0,general
vc-1715-55,1715-02-24,1715,1,0,0,0,
vc-1715-56,1715-02-25,1715,1,0,0,0,
vc-1715-57,1715-02-26,1715,1,1,0,1,general
vc-1715-58,1715-02-27,1715,1,1,0,0,general
vc-1715-59,1715-02-28,1715,1,0,0,0,
vc-1715-60,1715-03-01,1715,1,1,0,0,general
vc-1715-61,1715-03-02,1715,1,1,0,0,general
vc-1715-62,1715-03-03,1715,1,1,0,0,general
vc-1715-63,1715-03-04,1715,1,1,0,0,general
vc-1715-64,1715-03-05,1715,1,0,0,0,
vc-1715-65,1715-03-06,1715,1,0,0,0,
vc-1715-66,1715-03-07,1715,1,1,0,0,general
vc-1715-67,1715-03-08,1715,1,1,0,0,general
vc-1715-68,1715-03-09,1715,1,1,0,0,general
vc-1715-69,1715-03-10,1715,1,0,0,0,
vc-1715-70,1715-03-11,1715,1,0,0,0,
vc-1715-71,1715-03-12,1715,1,1,0,0,general
vc-1715-72,1715-03-13,1715,1,0,0,0,
vc-1715-73,1715-03-14,1715,1,0,0,0,
vc-1715-74,1715-03-15,1715,1,0,0,0,
vc-1715-75,1715-03-16,1715,1,0,0,0,
vc-1715-76,1715-03-17,1715,1,1,0,0,general
vc-1715-77,1715-03-18,1715,1,1,0,0,general
vc-1715-78,1715-03-19,1715,1,1,0,0,general
vc-1715-79,1715-03-20,1715,1,0,0,0,
vc-1715-80,1715-03-21,1715,1,0,0,0,
vc-1715-81,1715-03-22,1715,1,1,0,0,general
vc-1715-82,1715-03-23,1715,1,0,0,0,
vc-1715-83,1715-03-24,1715,1,0,0,0,
vc-1715-84,1715-03-25,1715,1,0,0,0,
vc-1715-85,1715-03-26,1715,1,0,0,0,
vc-1715-86,1715-03-27,1715,1,1,0,1,soldiers_sailors
vc-1715-87,1715-03-28,1715,1,1,0,0,general
vc-1715-88,1715-03-29,1715,1,1,0,0,general
vc-1715-89,1715-03-30,1715,1,1,0,0,general
vc-1715-90,1715-03-31,1715,1,0,0,0,
vc-1715-91,1715-04-01,1715,1,0,0,0,
vc-1715-92,1715-04-02,1715,1,1,0,0,general
vc-1715-93,1715-04-03,1715,1,0,0,0,
vc-1715-94,1715-04-04,1715,1,1,0,0,general
vc-1715-95,1715-04-05,1715,1,1,0,0,general
vc-1715-96,1715-04-06,1715,1,0,0,0,
vc-1715-97,1715-04-07,1715,1,0,0,0,
vc-1715-98,1715-04-08,1715,1,0,0,0,
vc-1715-99,1715-04-09,1715,1,1,0,0,general
vc-1715-100,1715-04-10,1715,1,0,0,0,
vc-1715-101,1715-04-11,1715,1,0,0,0,
vc-1715-102,1715-04-12,1715,1,1,0,1,soldiers_sailors
vc-1715-103,1715-04-13,1715,1,1,0,0,general
vc-1715-104,1715-04-14,1715,1,1,0,1,general
vc-1715-105,1715-04-15,1715,1,1,0,0,general
vc-1715-106,1715-04-16,1715,1,0,0,0,
vc-1715-107,1715-04-17,1715,1,1,0,0,general
vc-1715-108,1715-04-18,1715,1,0,0,0,
vc-1715-109,1715-04-19,1715,1,0,0,0,
vc-1715-110,1715-04-20,1715,1,1,0,0,soldiers_sailors
vc-1715-111,1715-04-21,1715,1,1,0,0,general
vc-1715-112,1715-04-22,1715,1,0,0,0,
vc-1715-113,1715-04-23,1715,1,1,0,0,general
vc-1715-114,1715-04-24,1715,1,1,0,0,general
vc-1715-115,1715-04-25,1715,1,1,0,0,soldiers_sailors
vc-1715-116,1715-04-26,1715,1,0,0,0,
vc-1715-117,1715-04-27,1715,1,1,0,0,general
vc-1715-118,1715-04-28,1715,1,0,0,0,
vc-1715-119,1715-04-29,1715,1,1,0,0,general
vc-1715-120,1715-04-30,1715,1,1,0,1,general
vc-1715-121,1715-05-01,1715,1,0,0,0,
vc-1715-122,1715-05-02,1715,1,1,0,0,general
vc-1715-123,1715-05-03,1715,1,0,0,0,
vc-1715-124,1715-05-04,1715,1,1,0,0,general
vc-1715-125,1715-05-05,1715,1,1,0,0,soldiers_sailors
vc-1715-126,1715-05-06,1715,1,0,0,0,
vc-1715-127,1715-05-07,1715,1,0,0,0,
vc-1715-128,1715-05-08,1715,1,0,0,0,
vc-1715-129,1715-05-09,1715,1,0,0,0,
vc-1715-130,1715-05-10,1715,1,0,0,0,
vc-1715-131,1715-05-11,1715,1,1,0,0,soldiers_sailors
vc-1715-132,1715-05-12,1715,1,1,0,0,general
vc-1715-133,1715-05-13,1715,1,1,0,0,general
vc-1715-134,1715-05-14,1715,1,0,0,0,
vc-1715-135,1715-05-15,1715,1,0,0,0,
vc-1715-136,1715-05-16,1715,1,0,0,0,
vc-1715-137,1715-05-17,1715,1,0,0,0,
vc-1715-138,1715-05-18,1715,1,0,0,0,
vc-1715-139,1715-05-19,1715,1,0,0,0,
vc-1715-140,1715-05-20,1715,1,1,0,0,general
vc-1715-141,1715-05-21,1715,1,0,0,0,
vc-1715-142,1715-05-22,1715,1,0,0,0,
vc-1715-143,1715-05-23,1715,1,1,0,0,general
vc-1715-144,1715-05-24,1715,1,1,0,0,general
vc-1715-145,1715-05-25,1715,1,0,0,0,
vc-1715-146,1715-05-26,1715,1,0,0,0,
vc-1715-147,1715-05-27,1715,1,1,0,0,soldiers_sailors
vc-1715-148,1715-05-28,1715,1,0,0,0,
vc-1715-149,1715-05-29,1715,1,0,0,0,
vc-1715-150,1715-05-30,1715,1,1,0,0,general
vc-1715-151,1715-05-31,1715,1,0,0,0,
vc-1715-152,1715-06-01,1715,1,0,0,0,
vc-1715-153,1715-06-02,1715,1,0,0,0,
vc-1715-154,1715-06-03,1715,1,1,0,0,general
vc-1715-155,1715-06-04,1715,1,0,0,0,
vc-1715-156,1715-06-05,1715,1,0,0,0,
vc-1715-157,1715-06-06,1715,1,1,0,0,private_slaves
vc-1715-158,1715-06-07,1715,1,0,0,0,
vc-1715-159,1715-06-08,1715,1,1,0,0,general
vc-1715-160,1715-06-09,1715,1,0,0,0,
vc-1715-161,1715-06-10,1715,1,1,0,0,general
vc-1715-162,1715-06-11,1715,1,1,0,0,general
vc-1715-163,1715-06-12,1715,1,1,0,0,general
vc-1715-164,1715-06-13,1715,1,0,0,0,
vc-1715-165,1715-06-14,1715,1,0,0,0,
vc-1715-166,1715-06-15,1715,1,1,0,0,general
vc-1715-167,1715-06-16,1715,1,0,0,0,
vc-1715-168,1715-06-17,1715,1,0,0,0,
vc-1715-169,1715-06-18,1715,1,0,0,0,
vc-1715-170,1715-06-19,1715,1,0,0,0,
vc-1715-171,1715-06-20,1715,1,1,0,0,general
vc-1715-172,1715-06-21,1715,1,0,0,0,
vc-1715-173,1715-06-22,1715,1,0,0,0,
vc-1715-174,1715-06-23,1715,1,0,0,0,
vc-1715-175,1715-06-24,1715,1,0,0,0,
vc-1715-176,1715-06-25,1715,1,1,0,0,private_slaves
vc-1715-177,1715-06-26,1715,1,1,0,0,general
vc-1715-178,1715-06-27,1715,1,0,0,0,
vc-1715-179,1715-06-28,1715,1,0,0,0,
vc-1715-180,1715-06-29,1715,1,0,0,0,
vc-1715-181,1715-06-30,1715,1,0,0,0,
vc-1715-182,1715-07-01,1715,1,0,0,0,
vc-1715-183,1715-07-02,1715,1,0,0,0,
vc-1715-184,1715-07-03,1715,1,0,0,0,
vc-1715-185,1715-07-04,1715,1,1,0,0,general
vc-1715-186,1715-07-05,1715,1,0,0,0,
vc-1715-187,1715-07-06,1715,1,0,0,0,
vc-1715-188,1715-07-07,1715,1,0,0,0,
vc-1715-189,1715-07-08,1715,1,1,0,0,general
vc-1715-190,1715-07-09,1715,1,0,0,0,
vc-1715-191,1715-07-10,1715,1,0,0,0,
vc-1715-192,1715-07-11,1715,1,0,0,0,
vc-1715-193,1715-07-12,1715,1,0,0,0,
vc-1715-194,1715-07-13,1715,1,0,0,0,
vc-1715-195,1715-07-14,1715,1,0,0,0,
vc-1715-196,1715-07-15,1715,1,0,0,0,
vc-1715-197,1715-07-16,1715,1,0,0,0,
vc-1715-198,1715-07-17,1715,1,1,0,0,general
vc-1715-199,1715-07-18,1715,1,1,0,0,general
vc-1715-200,1715-07-19,1715,1,0,0,0,
vc-1715-201,1715-07-20,1715,1,0,0,0,
vc-1715-202,1715-07-21,1715,1,0,0,0,
vc-1715-203,1715-07-22,1715,1,1,0,0,general
vc-1715-204,1715-07-23,1715,1,1,0,0,general
vc-1715-205,1715-07-24,1715,1,0,0,0,
vc-1715-206,1715-07-25,1715,1,0,0,0,
vc-1715-207,1715-07-26,1715,1,0,0,0,
vc-1715-208,1715-07-27,1715,1,0,0,0,
vc-1715-209,1715-07-28,1715,1,0,0,0,
vc-1715-210,1715-07-29,1715,1,1,0,0,private_slaves
vc-1715-211,1715-07-30,1715,1,0,0,0,
vc-1715-212,1715-07-31,1715,1,0,0,0,
vc-1715-213,1715-08-01,1715,1,1,0,0,general
vc-1715-214,1715-08-02,1715,1,0,0,0,
vc-1715-215,1715-08-03,1715,1,1,0,0,khoesan
vc-1715-216,1715-08-04,1715,1,0,0,0,
vc-1715-217,1715-08-05,1715,1,0,0,0,
vc-1715-218,1715-08-06,1715,1,0,0,0,
vc-1715-219,1715-08-07,1715,1,0,0,0,
vc-1715-220,1715-08-08,1715,1,1,0,0,general
vc-1715-221,1715-08-09,1715,1,0,0,0,
vc-1715-222,1715-08-10,1715,1,0,0,0,
vc-1715-223,1715-08-11,1715,1,1,0,0,general
vc-1715-224,1715-08-12,1715,1,1,0,0,soldiers_sailors
vc-1715-225,1715-08-13,1715,1,1,0,0,general
vc-1715-226,1715-08-14,1715,1,1,0,0,company_slaves
vc-1715-227,1715-08-15,1715,1,1,0,0,general
vc-1715-228,1715-08-16,1715,1,0,0,0,
vc-1715-229,1715-08-17,1715,1,0,0,0,
vc-1715-230,1715-08-18,1715,1,0,0,0,
vc-1715-231,1715-08-19,1715,1,0,0,0,
vc-1715-232,1715-08-20,1715,1,1,0,0,soldiers_sailors
vc-1715-233,1715-08-21,1715,1,1,0,0,general
vc-1715-234,1715-08-22,1715,1,1,0,0,soldiers_sailors
vc-1715-235,1715-08-23,1715,1,0,0,0,
vc-1715-236,1715-08-24,1715,1,0,0,0,
vc-1715-237,1715-08-25,1715,1,0,0,0,
vc-1715-238,1715-08-26,1715,1,0,0,0,
vc-1715-239,1715-08-27,1715,1,0,0,0,
vc-1715-240,1715-08-28,1715,1,1,0,0,general
vc-1715-241,1715-08-29,1715,1,0,0,0,
vc-1715-242,1715-08-30,1715,1,1,0,0,general
vc-1715-243,1715-08-31,1715,1,1,0,0,general
vc-1715-244,1715-09-01,1715,1,0,0,0,
vc-1715-245,1715-09-02,1715,1,0,0,0,
vc-1715-246,1715-09-03,1715,1,1,0,0,general
vc-1715-247,1715-09-04,1715,1,0,0,0,
vc-1715-248,1715-09-05,1715,1,0,0,0,
vc-1715-249,1715-09-06,1715,1,0,0,0,
vc-1715-250,1715-09-07,1715,1,1,0,0,general
vc-1715-251,1715-09-08,1715,1,0,0,0,
vc-1715-252,1715-09-09,1715,1,1,0,0,general
vc-1715-253,1715-09-10,1715,1,0,0,0,
vc-1715-254,1715-09-11,1715,1,1,0,0,settlers
vc-1715-255,1715-09-12,1715,1,1,0,0,general
vc-1715-256,1715-09-13,1715,1,0,0,0,
vc-1715-257,1715-09-14,1715,1,0,0,0,
vc-1715-258,1715-09-15,1715,1,0,0,0,
vc-1715-259,1715-09-16,1715,1,0,0,0,
vc-1715-260,1715-09-17,1715,1,1,0,0,general
vc-1715-261,1715-09-18,1715,1,1,0,0,general
vc-1715-262,1715-09-19,1715,1,1,0,0,general
vc-1715-263,1715-09-20,1715,1,1,0,0,general
vc-1715-264,1715-09-21,1715,1,0,0,0,
vc-1715-265,1715-09-22,1715,1,0,0,0,
vc-1715-266,1715-09-23,1715,1,0,0,0,
vc-1715-267,1715-09-24,1715,1,1,0,0,general
vc-1715-268,1715-09-25,1715,1,0,0,0,
vc-1715-269,1715-09-26,1715,1,0,0,0,
vc-1715-270,1715-09-27,1715,1,0,0,0,
vc-1715-271,1715-09-28,1715,1,0,0,0,
vc-1715-272,1715-09-29,1715,1,0,0,0,
vc-1715-273,1715-09-30,1715,1,1,0,0,general
vc-1715-274,1715-10-01,1715,1,1,0,0,general
vc-1715-275,1715-10-02,1715,1,0,0,0,
vc-1715-276,1715-10-03,1715,1,0,0,0,
vc-1715-277,1715-10-04,1715,1,1,0,0,general
vc-1715-278,1715-10-05,1715,1,0,0,0,
vc-1715-279,1715-10-06,1715,1,1,0,0,general
vc-1715-280,1715-10-07,1715,1,1,0,0,general
vc-1715-281,1715-10-08,1715,1,1,0,0,general
vc-1715-282,1715-10-09,1715,1,1,0,0,settlers
vc-1715-283,1715-10-10,1715,1,0,0,0,
vc-1715-284,1715-10-11,1715,1,1,0,0,general
vc-1715-285,1715-10-12,1715,1,0,0,0,
vc-1715-286,1715-10-13,1715,1,1,0,0,soldiers_sailors
vc-1715-287,1715-10-14,1715,1,0,0,0,
vc-1715-288,1715-10-15,1715,1,0,0,0,
vc-1715-289,1715-10-16,1715,1,1,0,0,general
vc-1715-290,1715-10-17,1715,1,1,0,0,general
vc-1715-291,1715-10-18,1715,1,1,0,0,soldiers_sailors
vc-1715-292,1715-10-19,1715,1,0,0,0,
vc-1715-293,1715-10-20,1715,1,0,0,0,
vc-1715-294,1715-10-21,1715,1,0,0,0,
vc-1715-295,1715-10-22,1715,1,0,0,0,
vc-1715-296,1715-10-23,1715,1,1,0,0,general
vc-1715-297,1715-10-24,1715,1,0,0,0,
vc-1715-298,1715-10-25,1715,1,0,0,0,
vc-1715-299,1715-10-26,1715,1,1,0,0,general
vc-1715-300,1715-10-27,1715,1,0,0,0,
vc-1715-301,1715-10-28,1715,1,1,0,0,general
vc-1715-302,1715-10-29,1715,1,0,0,0,
vc-1715-303,1715-10-30,1715,1,1,0,0,general
vc-1715-304,1715-10-31,1715,1,1,0,0,general
vc-1715-305,1715-11-01,1715,1,0,0,0,
vc-1715-306,1715-11-02,1715,1,0,0,0,
vc-1715-307,1715-11-03,1715,1,1,0,0,general
vc-1715-308,1715-11-04,1715,1,0,0,0,
vc-1715-309,1715-11-05,1715,1,1,0,0,general
vc-1715-310,1715-11-06,1715,1,0,0,0,
vc-1715-311,1715-11-07,1715,1,1,0,0,general
vc-1715-312,1715-11-08,1715,1,1,0,0,general
vc-1715-313,1715-11-09,1715,1,1,0,0,soldiers_sailors
vc-1715-314,1715-11-10,1715,1,0,0,0,
vc-1715-315,1715-11-11,1715,1,0,0,0,
vc-1715-316,1715-11-12,1715,1,0,0,0,
vc-1715-317,1715-11-13,1715,1,0,0,0,
vc-1715-318,1715-11-14,1715,1,0,0,0,
vc-1715-319,1715-11-15,1715,1,0,0,0,
vc-1715-320,1715-11-16,1715,1,1,0,0,general
vc-1715-321,1715-11-17,1715,1,1,0,0,general
vc-1715-322,1715-11-18,1715,1,0,0,0,
vc-1715-323,1715-11-19,1715,1,0,0,0,
vc-1715-324,1715-11-20,1715,1,1,0,0,settlers
vc-1715-325,1715-11-21,1715,1,1,0,1,private_slaves|soldiers_sailors
vc-1715-326,1715-11-22,1715,1,1,0,0,general
vc-1715-327,1715-11-23,1715,1,0,0,0,
vc-1715-328,1715-11-24,1715,1,0,0,0,
vc-1715-329,1715-11-25,1715,1,0,0,0,
vc-1715-330,1715-11-26,1715,1,0,0,0,
vc-1715-331,1715-11-27,1715,1,0,0,0,
vc-1715-332,1715-11-28,1715,1,1,0,0,general
vc-1715-333,1715-11-29,1715,1,1,0,0,general
vc-1715-334,1715-11-30,1715,1,0,0,0,
vc-1715-335,1715-12-01,1715,1,0,0,0,
vc-1715-336,1715-12-02,1715,1,0,0,0,
vc-1715-337,1715-12-03,1715,1,1,0,0,general
vc-1715-338,1715-12-04,1715,1,0,0,0,
vc-1715-339,1715-12-05,1715,1,1,0,0,general
vc-1715-340,1715-12-06,1715,1,1,0,0,general
vc-1715-341,1715-12-07,1715,1,0,0,0,
vc-1715-342,1715-12-08,1715,1,0,0,0,
vc-1715-343,1715-12-09,1715,1,0,0,0,
vc-1715-344,1715-12-10,1715,1,0,0,0,
vc-1715-345,1715-12-11,1715,1,1,0,0,general
vc-1715-346,1715-12-12,1715,1,0,0,0,
vc-1715-347,1715-12-13,1715,1,0,0,0,
vc-1715-348,1715-12-14,1715,1,1,0,0,general
vc-1715-349,1715-12-15,1715,1,0,0,0,
vc-1715-350,1715-12-16,1715,1,1,0,0,general
vc-1715-351,1715-12-17,1715,1,1,0,0,soldiers_sailors
vc-1715-352,1715-12-18,1715,1,1,0,0,general
vc-1715-353,1715-12-19,1715,1,0,0,0,
vc-1715-354,1715-12-20,1715,1,1,0,0,general
vc-1715-355,1715-12-21,1715,1,0,0,0,
vc-1715-356,1715-12-22,1715,1,0,0,0,
vc-1715-357,1715-12-23,1715,1,0,0,0,
vc-1715-358,1715-12-24,1715,1,0,0,0,
vc-1715-359,1715-12-25,1715,1,0,0,0,
vc-1715-360,1715-12-26,1715,1,0,0,0,
vc-1715-361,1715-12-27,1715,1,0,0,0,
vc-1715-362,1715-12-28,1715,1,1,0,0,general
vc-1715-363,1715-12-29,1715,1,1,0,0,general
vc-1715-364,1715-12-30,1715,1,1,0,0,general
vc-1715-365,1715-12-31,1715,1,1,0,0,general
vc-1716-1,1716-01-01,1716,1,1,0,0,settlers
vc-1716-2,1716-01-02,1716,1,0,0,0,
vc-1716-3,1716-01-03,1716,1,1,0,0,general
vc-1716-4,1716-01-04,1716,1,0,0,0,
vc-1716-5,1716-01-05,1716,1,0,0,0,
vc-1716-6,1716-01-06,1716,1,0,0,0,
vc-1716-7,1716-01-07,1716,1,0,0,0,
vc-1716-8,1716-01-08,1716,1,0,0,0,
vc-1716-9,1716-01-09,1716,1,1,0,0,general
vc-1716-10,1716-01-10,1716,1,0,0,0,
vc-1716-11,1716-01-11,1716,1,1,0,0,settlers
vc-1716-12,1716-01-12,1716,1,1,0,0,general
vc-1716-13,1716-01-13,1716,1,1,0,0,general
vc-1716-14,1716-01-14,1716,1,1,0,0,soldiers_sailors
vc-1716-15,1716-01-15,1716,1,1,0,0,general
vc-1716-16,1716-01-16,1716,1,0,0,0,
vc-1716-17,1716-01-17,1716,1,0,0,0,
vc-1716-18,1716-01-18,1716,1,0,0,0,
vc-1716-19,1716-01-19,1716,1,1,0,0,general
vc-1716-20,1716-01-20,1716,1,1,0,0,general
vc-1716-21,1716-01-21,1716,1,0,0,0,
vc-1716-22,1716-01-22,1716,1,0,0,0,
vc-1716-23,1716-01-23,1716,1,1,0,0,general
vc-1716-24,1716-01-24,1716,1,1,0,0,general
vc-1716-25,1716-01-25,1716,1,1,0,0,general
vc-1716-26,1716-01-26,1716,1,1,0,0,general
vc-1716-27,1716-01-27,1716,1,0,0,0,
vc-1716-28,1716-01-28,1716,1,0,0,0,
vc-1716-29,1716-01-29,1716,1,0,0,0,
vc-1716-30,1716-01-30,1716,1,0,0,0,
vc-1716-31,1716-01-31,1716,1,0,0,0,
vc-1716-32,1716-02-01,1716,1,1,0,0,general
vc-1716-33,1716-02-02,1716,1,0,0,0,
vc-1716-34,1716-02-03,1716,1,0,0,0,
vc-1716-35,1716-02-04,1716,1,0,0,0,
vc-1716-36,1716-02-05,1716,1,1,0,0,general
vc-1716-37,1716-02-06,1716,1,0,0,0,
vc-1716-38,1716-02-07,1716,1,1,0,0,general
vc-1716-39,1716-02-08,1716,1,1,0,0,general
vc-1716-40,1716-02-09,1716,1,0,0,0,
vc-1716-41,1716-02-10,1716,1,1,0,0,settlers
vc-1716-42,1716-02-11,1716,1,0,0,0,
vc-1716-43,1716-02-12,1716,1,0,0,0,
vc-1716-44,1716-02-13,1716,1,1,0,0,general
vc-1716-45,1716-02-14,1716,1,1,0,0,general
vc-1716-46,1716-02-15,1716,1,0,0,0,
vc-1716-47,1716-02-16,1716,1,1,0,0,general
vc-1716-48,1716-02-17,1716,1,0,0,0,
vc-1716-49,1716-02-18,1716,1,0,0,0,
vc-1716-50,1716-02-19,1716,1,0,0,0,
vc-1716-51,1716-02-20,1716,1,1,0,0,private_slaves
vc-1716-52,1716-02-21,1716,1,0,0,0,
vc-1716-53,1716-02-22,1716,1,1,0,0,private_slaves|soldiers_sailors
vc-1716-54,1716-02-23,1716,1,1,0,0,general
vc-1716-55,1716-02-24,1716,1,0,0,0,
vc-1716-56,1716-02-25,1716,1,0,0,0,
vc-1716-57,1716-02-26,1716,1,1,0,0,general
vc-1716-58,1716-02-27,1716,1,1,0,0,general
vc-1716-59,1716-02-28,1716,1,1,0,0,general
vc-1716-60,1716-02-29,1716,1,1,0,0,general
vc-1716-61,1716-03-01,1716,1,0,0,0,
vc-1716-62,1716-03-02,1716,1,1,0,0,general
vc-1716-63,1716-03-03,1716,1,0,0,0,
vc-1716-64,1716-03-04,1716,1,0,0,0,
vc-1716-65,1716-03-05,1716,1,1,0,0,general
vc-1716-66,1716-03-06,1716,1,1,0,0,general
vc-1716-67,1716-03-07,1716,1,1,0,0,general
vc-1716-68,1716-03-08,1716,1,1,0,0,general
vc-1716-69,1716-03-09,1716,1,0,0,0,
vc-1716-70,1716-03-10,1716,1,1,0,1,general
vc-1716-71,1716-03-11,1716,1,0,0,0,
vc-1716-72,1716-03-12,1716,1,1,0,0,general
vc-1716-73,1716-03-13,1716,1,1,0,0,general
vc-1716-74,1716-03-14,1716,1,1,0,1,general
vc-1716-75,1716-03-15,1716,1,1,0,1,general
vc-1716-76,1716-03-16,1716,1,1,0,1,general
vc-1716-77,1716-03-17,1716,1,0,0,0,
vc-1716-78,1716-03-18,1716,1,1,0,0,general
vc-1716-79,1716-03-19,1716,1,1,0,1,general
vc-1716-80,1716-03-20,1716,1,1,0,0,general
vc-1716-81,1716-03-21,1716,1,1,0,0,general
vc-1716-82,1716-03-22,1716,1,1,0,0,general
vc-1716-83,1716-03-23,1716,1,1,0,0,general
vc-1716-84,1716-03-24,1716,1,0,0,0,
vc-1716-85,1716-03-25,1716,1,0,0,0,
vc-1716-86,1716-03-26,1716,1,1,0,1,general
vc-1716-87,1716-03-27,1716,1,1,0,0,general
vc-1716-88,1716-03-28,1716,1,1,0,0,settlers
vc-1716-89,1716-03-29,1716,1,0,0,0,
vc-1716-90,1716-03-30,1716,1,1,0,0,general
vc-1716-91,1716-03-31,1716,1,1,0,0,general
vc-1716-92,1716-04-01,1716,1,0,0,0,
vc-1716-93,1716-04-02,1716,1,1,0,0,general
vc-1716-94,1716-04-03,1716,1,0,0,0,
vc-1716-95,1716-04-04,1716,1,0,0,0,
vc-1716-96,1716-04-05,1716,1,1,0,0,general
vc-1716-97,1716-04-06,1716,1,0,0,0,
vc-1716-98,1716-04-07,1716,1,1,0,0,general
vc-1716-99,1716-04-08,1716,1,1,0,1,general
vc-1716-100,1716-04-09,1716,1,0,0,0,
vc-1716-101,1716-04-10,1716,1,0,0,0,
vc-1716-102,1716-04-11,1716,1,0,0,0,
vc-1716-103,1716-04-12,1716,1,1,0,0,general
vc-1716-104,1716-04-13,1716,1,1,0,0,general
vc-1716-105,1716-04-14,1716,1,0,0,0,
vc-1716-106,1716-04-15,1716,1,1,0,0,general
vc-1716-107,1716-04-16,1716,1,0,0,0,
vc-1716-108,1716-04-17,1716,1,0,0,0,
vc-1716-109,1716-04-18,1716,1,0,0,0,
vc-1716-110,1716-04-19,1716,1,0,0,0,
vc-1716-111,1716-04-20,1716,1,0,0,0,
vc-1716-112,1716-04-21,1716,1,0,0,0,
vc-1716-113,1716-04-22,1716,1,0,0,0,
vc-1716-114,1716-04-23,1716,1,1,0,0,general
vc-1716-115,1716-04-24,1716,1,1,0,0,general
vc-1716-116,1716-04-25,1716,1,0,0,0,
vc-1716-117,1716-04-26,1716,1,0,0,0,
vc-1716-118,1716-04-27,1716,1,1,0,0,general
vc-1716-119,1716-04-28,1716,1,1,0,0,khoesan
vc-1716-120,1716-04-29,1716,1,0,0,0,
vc-1716-121,1716-04-30,1716,1,0,0,0,
vc-1716-122,1716-05-01,1716,1,1,0,0,general
vc-1716-123,1716-05-02,1716,1,0,0,0,
vc-1716-124,1716-05-03,1716,1,0,0,0,
vc-1716-125,1716-05-04,1716,1,1,0,0,general
vc-1716-126,1716-05-05,1716,1,0,0,0,
vc-1716-127,1716-05-06,1716,1,1,0,0,general
vc-1716-128,1716-05-07,1716,1,0,0,0,
vc-1716-129,1716-05-08,1716,1,0,0,0,
vc-1716-130,1716-05-09,1716,1,1,0,0,general
vc-1716-131,1716-05-10,1716,1,0,0,0,
vc-1716-132,1716-05-11,1716,1,1,0,0,general
vc-1716-133,1716-05-12,1716,1,1,0,0,general
vc-1716-134,1716-05-13,1716,1,1,0,0,general
vc-1716-135,1716-05-14,1716,1,0,0,0,
vc-1716-136,1716-05-15,1716,1,1,0,1,general
vc-1716-137,1716-05-16,1716,1,1,0,0,general
vc-1716-138,1716-05-17,1716,1,0,0,0,
vc-1716-139,1716-05-18,1716,1,0,0,0,
vc-1716-140,1716-05-19,1716,1,0,0,0,
vc-1716-141,1716-05-20,1716,1,0,0,0,
vc-1716-142,1716-05-21,1716,1,0,0,0,
vc-1716-143,1716-05-22,1716,1,0,0,0,
vc-1716-144,1716-05-23,1716,1,0,0,0,
vc-1716-145,1716-05-24,1716,1,0,0,0,
vc-1716-146,1716-05-25,1716,1,1,0,0,general
vc-1716-147,1716-05-26,1716,1,0,0,0,
vc-1716-148,1716-05-27,1716,1,1,0,0,general
vc-1716-149,1716-05-28,1716,1,0,0,0,
vc-1716-150,1716-05-29,1716,1,1,0,0,general
vc-1716-151,1716-05-30,1716,1,1,0,0,private_slaves|soldiers_sailors|settlers
vc-1716-152,1716-05-31,1716,1,0,0,0,
vc-1716-153,1716-06-01,1716,1,0,0,0,
vc-1716-154,1716-06-02,1716,1,0,0,0,
vc-1716-155,1716-06-03,1716,1,0,0,0,
vc-1716-156,1716-06-04,1716,1,1,0,0,general
vc-1716-157,1716-06-05,1716,1,0,0,0,
vc-1716-158,1716-06-06,1716,1,0,0,0,
vc-1716-159,1716-06-07,1716,1,1,0,0,general
vc-1716-160,1716-06-08,1716,1,1,0,0,general
vc-1716-161,1716-06-09,1716,1,0,0,0,
vc-1716-162,1716-06-10,1716,1,0,0,0,
vc-1716-163,1716-06-11,1716,1,0,0,0,
vc-1716-164,1716-06-12,1716,1,1,0,0,soldiers_sailors
vc-1716-165,1716-06-13,1716,1,0,0,0,
vc-1716-166,1716-06-14,1716,1,1,0,0,general
vc-1716-167,1716-06-15,1716,1,1,0,0,general
vc-1716-168,1716-06-16,1716,1,0,0,0,
vc-1716-169,1716-06-17,1716,1,1,0,0,general
vc-1716-170,1716-06-18,1716,1,1,0,0,general
vc-1716-171,1716-06-19,1716,1,0,0,0,
vc-1716-172,1716-06-20,1716,1,0,0,0,
vc-1716-173,1716-06-21,1716,1,0,0,0,
vc-1716-174,1716-06-22,1716,1,0,0,0,
vc-1716-175,1716-06-23,1716,1,0,0,0,
vc-1716-176,1716-06-24,1716,1,0,0,0,
vc-1716-177,1716-06-25,1716,1,1,0,0,general
vc-1716-178,1716-06-26,1716,1,0,0,0,
vc-1716-179,1716-06-27,1716,1,0,0,0,
vc-1716-180,1716-06-28,1716,1,0,0,0,
vc-1716-181,1716-06-29,1716,1,1,0,0,general
vc-1716-182,1716-06-30,1716,1,1,0,0,general
vc-1716-183,1716-07-01,1716,1,0,0,0,
vc-1716-184,1716-07-02,1716,1,0,0,0,
vc-1716-185,1716-07-03,1716,1,1,0,1,general
vc-1716-186,1716-07-04,1716,1,0,0,0,
vc-1716-187,1716-07-05,1716,1,1,0,0,general
vc-1716-188,1716-07-06,1716,1,0,0,0,
vc-1716-189,1716-07-07,1716,1,1,0,0,general
vc-1716-190,1716-07-08,1716,1,1,0,0,general
vc-1716-191,1716-07-09,1716,1,1,0,0,general
vc-1716-192,1716-07-10,1716,1,1,0,0,general
vc-1716-193,1716-07-11,1716,1,0,0,0,
vc-1716-194,1716-07-12,1716,1,1,0,0,general
vc-1716-195,1716-07-13,1716,1,0,0,0,
vc-1716-196,1716-07-14,1716,1,0,0,0,
vc-1716-197,1716-07-15,1716,1,0,0,0,
vc-1716-198,1716-07-16,1716,1,1,0,0,general
vc-1716-199,1716-07-17,1716,1,0,0,0,
vc-1716-200,1716-07-18,1716,1,0,0,0,
vc-1716-201,1716-07-19,1716,1,0,0,0,
vc-1716-202,1716-07-20,1716,1,1,0,0,general
vc-1716-203,1716-07-21,1716,1,0,0,0,
vc-1716-204,1716-07-22,1716,1,1,0,0,general
vc-1716-205,1716-07-23,1716,1,0,0,0,
vc-1716-206,1716-07-24,1716,1,0,0,0,
vc-1716-207,1716-07-25,1716,1,0,0,0,
vc-1716-208,1716-07-26,1716,1,0,0,0,
vc-1716-209,1716-07-27,1716,1,1,0,0,general
vc-1716-210,1716-07-28,1716,1,1,0,0,general
vc-1716-211,1716-07-29,1716,1,1,0,0,general
vc-1716-212,1716-07-30,1716,1,1,0,1,general
vc-1716-213,1716-07-31,1716,1,1,0,1,general
vc-1716-214,1716-08-01,1716,1,1,0,0,soldiers_sailors
vc-1716-215,1716-08-02,1716,1,1,0,0,general
vc-1716-216,1716-08-03,1716,1,1,0,0,general
vc-1716-217,1716-08-04,1716,1,1,0,0,khoesan
vc-1716-218,1716-08-05,1716,1,0,0,0,
vc-1716-219,1716-08-06,1716,1,0,0,0,
vc-1716-220,1716-08-07,1716,1,0,0,0,
vc-1716-221,1716-08-08,1716,1,1,0,0,general
vc-1716-222,1716-08-09,1716,1,1,0,0,general
vc-1716-223,1716-08-10,1716,1,0,0,0,
vc-1716-224,1716-08-11,1716,1,0,0,0,
vc-1716-225,1716-08-12,1716,1,0,0,0,
vc-1716-226,1716-08-13,1716,1,0,0,0,
vc-1716-227,1716-08-14,1716,1,0,0,0,
vc-1716-228,1716-08-15,1716,1,1,0,0,general
vc-1716-229,1716-08-16,1716,1,1,0,0,general
vc-1716-230,1716-08-17,1716,1,0,0,0,
vc-1716-231,1716-08-18,1716,1,0,0,0,
vc-1716-232,1716-08-19,1716,1,0,0,0,
vc-1716-233,1716-08-20,1716,1,0,0,0,
vc-1716-234,1716-08-21,1716,1,1,0,0,general
vc-1716-235,1716-08-22,1716,1,0,0,0,
vc-1716-236,1716-08-23,1716,1,1,0,0,general
vc-1716-237,1716-08-24,1716,1,0,0,0,
vc-1716-238,1716-08-25,1716,1,1,0,0,general
vc-1716-239,1716-08-26,1716,1,1,0,0,general
vc-1716-240,1716-08-27,1716,1,1,0,0,general
vc-1716-241,1716-08-28,1716,1,0,0,0,
vc-1716-242,1716-08-29,1716,1,0,0,0,
vc-1716-243,1716-08-30,1716,1,1,0,1,general
vc-1716-244,1716-08-31,1716,1,1,0,0,general
vc-1716-245,1716-09-01,1716,1,0,0,0,
vc-1716-246,1716-09-02,1716,1,0,0,0,
vc-1716-247,1716-09-03,1716,1,0,0,0,
vc-1716-248,1716-09-04,1716,1,1,0,0,general
vc-1716-249,1716-09-05,1716,1,0,0,0,
vc-1716-250,1716-09-06,1716,1,1,0,0,general
vc-1716-251,1716-09-07,1716,1,0,0,0,
vc-1716-252,1716-09-08,1716,1,0,0,0,
vc-1716-253,1716-09-09,1716,1,0,0,0,
vc-1716-254,1716-09-10,1716,1,0,0,0,
vc-1716-255,1716-09-11,1716,1,1,0,0,general
vc-1716-256,1716-09-12,1716,1,1,0,1,general
vc-1716-257,1716-09-13,1716,1,0,0,0,
vc-1716-258,1716-09-14,1716,1,1,0,0,khoesan|settlers
vc-1716-259,1716-09-15,1716,1,1,0,0,general
vc-1716-260,1716-09-16,1716,1,0,0,0,
vc-1716-261,1716-09-17,1716,1,1,0,0,general
vc-1716-262,1716-09-18,1716,1,0,0,0,
vc-1716-263,1716-09-19,1716,1,0,0,0,
vc-1716-264,1716-09-20,1716,1,1,0,0,general
vc-1716-265,1716-09-21,1716,1,1,0,0,general
vc-1716-266,1716-09-22,1716,1,0,0,0,
vc-1716-267,1716-09-23,1716,1,0,0,0,
vc-1716-268,1716-09-24,1716,1,0,0,0,
vc-1716-269,1716-09-25,1716,1,1,0,0,soldiers_sailors
vc-1716-270,1716-09-26,1716,1,0,0,0,
vc-1716-271,1716-09-27,1716,1,0,0,0,
vc-1716-272,1716-09-28,1716,1,0,0,0,
vc-1716-273,1716-09-29,1716,1,0,0,0,
vc-1716-274,1716-09-30,1716,1,1,0,0,general
vc-1716-275,1716-10-01,1716,1,0,0,0,
vc-1716-276,1716-10-02,1716,1,1,0,0,general
vc-1716-277,1716-10-03,1716,1,0,0,0,
vc-1716-278,1716-10-04,1716,1,0,0,0,
vc-1716-279,1716-10-05,1716,1,0,0,0,
vc-1716-280,1716-10-06,1716,1,1,0,0,general
vc-1716-281,1716-10-07,1716,1,0,0,0,
vc-1716-282,1716-10-08,1716,1,0,0,0,
vc-1716-283,1716-10-09,1716,1,0,0,0,
vc-1716-284,1716-10-10,1716,1,1,0,0,general
vc-1716-285,1716-10-11,1716,1,0,0,0,
vc-1716-286,1716-10-12,1716,1,1,0,0,general
vc-1716-287,1716-10-13,1716,1,0,0,0,
vc-1716-288,1716-10-14,1716,1,1,0,0,general
vc-1716-289,1716-10-15,1716,1,0,0,0,
vc-1716-290,1716-10-16,1716,1,1,0,0,general
vc-1716-291,1716-10-17,1716,1,1,0,0,general
vc-1716-292,1716-10-18,1716,1,0,0,0,
vc-1716-293,1716-10-19,1716,1,1,0,0,general
vc-1716-294,1716-10-20,1716,1,1,0,0,settlers
vc-1716-295,1716-10-21,1716,1,0,0,0,
vc-1716-296,1716-10-22,1716,1,1,0,0,general
vc-1716-297,1716-10-23,1716,1,0,0,0,
vc-1716-298,1716-10-24,1716,1,0,0,0,
vc-1716-299,1716-10-25,1716,1,1,0,1,general
vc-1716-300,1716-10-26,1716,1,0,0,0,
vc-1716-301,1716-10-27,1716,1,0,0,0,
vc-1716-302,1716-10-28,1716,1,0,0,0,
vc-1716-303,1716-10-29,1716,1,1,0,0,general
vc-1716-304,1716-10-30,1716,1,1,0,0,general
vc-1716-305,1716-10-31,1716,1,0,0,0,
vc-1716-306,1716-11-01,1716,1,0,0,0,
vc-1716-307,1716-11-02,1716,1,0,0,0,
vc-1716-308,1716-11-03,1716,1,0,0,0,
vc-1716-309,1716-11-04,1716,1,1,0,0,general
vc-1716-310,1716-11-05,1716,1,0,0,0,
vc-1716-311,1716-11-06,1716,1,1,0,0,general
vc-1716-312,1716-11-07,1716,1,0,0,0,
vc-1716-313,1716-11-08,1716,1,0,0,0,
vc-1716-314,1716-11-09,1716,1,0,0,0,
vc-1716-315,1716-11-10,1716,1,0,0,0,
vc-1716-316,1716-11-11,1716,1,1,0,0,general
vc-1716-317,1716-11-12,1716,1,0,0,0,
vc-1716-318,1716-11-13,1716,1,1,0,0,soldiers_sailors
vc-1716-319,1716-11-14,1716,1,0,0,0,
vc-1716-320,1716-11-15,1716,1,0,0,0,
vc-1716-321,1716-11-16,1716,1,0,0,0,
vc-1716-322,1716-11-17,1716,1,0,0,0,
vc-1716-323,1716-11-18,1716,1,0,0,0,
vc-1716-324,1716-11-19,1716,1,1,0,0,general
vc-1716-325,1716-11-20,1716,1,1,0,0,khoesan
vc-1716-326,1716-11-21,1716,1,1,0,0,general
vc-1716-327,1716-11-22,1716,1,1,0,0,general
vc-1716-328,1716-11-23,1716,1,0,0,0,
vc-1716-329,1716-11-24,1716,1,1,0,0,general
vc-1716-330,1716-11-25,1716,1,0,0,0,
vc-1716-331,1716-11-26,1716,1,0,0,0,
vc-1716-332,1716-11-27,1716,1,0,0,0,
vc-1716-333,1716-11-28,1716,1,0,0,0,
vc-1716-334,1716-11-29,1716,1,0,0,0,
vc-1716-335,1716-11-30,1716,1,0,0,0,
vc-1716-336,1716-12-01,1716,1,0,0,0,
vc-1716-337,1716-12-02,1716,1,0,0,0,
vc-1716-338,1716-12-03,1716,1,1,0,0,general
vc-1716-339,1716-12-04,1716,1,0,0,0,
vc-1716-340,1716-12-05,1716,1,1,0,0,settlers
vc-1716-341,1716-12-06,1716,1,1,0,0,general
vc-1716-342,1716-12-07,1716,1,1,0,0,general
vc-1716-343,1716-12-08,1716,1,1,0,0,general
vc-1716-344,1716-12-09,1716,1,1,0,0,general
vc-1716-345,1716-12-10,1716,1,0,0,0,
vc-1716-346,1716-12-11,1716,1,1,0,0,general
vc-1716-347,1716-12-12,1716,1,0,0,0,
vc-1716-348,1716-12-13,1716,1,1,0,0,general
vc-1716-349,1716-12-14,1716,1,1,0,0,general
vc-1716-350,1716-12-15,1716,1,0,0,0,
vc-1716-351,1716-12-16,1716,1,0,0,0,
vc-1716-352,1716-12-17,1716,1,0,0,0,
vc-1716-353,1716-12-18,1716,1,1,0,0,general
vc-1716-354,1716-12-19,1716,1,0,0,0,
vc-1716-355,1716-12-20,1716,1,1,0,0,general
vc-1716-356,1716-12-21,1716,1,1,0,0,general
vc-1716-357,1716-12-22,1716,1,0,0,0,
vc-1716-358,1716-12-23,1716,1,1,0,0,general
vc-1716-359,1716-12-24,1716,1,1,0,0,general
vc-1716-360,1716-12-25,1716,1,0,0,0,
vc-1716-361,1716-12-26,1716,1,0,0,0,
vc-1716-362,1716-12-27,1716,1,1,0,0,general
vc-1716-363,1716-12-28,1716,1,1,0,0,general
vc-1716-364,1716-12-29,1716,1,1,0,0,general
vc-1716-365,1716-12-30,1716,1,0,0,0,
vc-1716-366,1716-12-31,1716,1,1,0,0,general
vc-1717-1,1717-01-01,1717,1,1,0,0,general
vc-1717-2,1717-01-02,1717,1,0,0,0,
vc-1717-3,1717-01-03,1717,1,1,0,0,general
vc-1717-4,1717-01-04,1717,1,0,0,0,
vc-1717-5,1717-01-05,1717,1,0,0,0,
vc-1717-6,1717-01-06,1717,1,1,0,0,general
vc-1717-7,1717-01-07,1717,1,0,0,0,
vc-1717-8,1717-01-08,1717,1,0,0,0,
vc-1717-9,1717-01-09,1717,1,1,0,0,general
vc-1717-10,1717-01-10,1717,1,0,0,0,
vc-1717-11,1717-01-11,1717,1,0,0,0,
vc-1717-12,1717-01-12,1717,1,1,0,0,general
vc-1717-13,1717-01-13,1717,1,1,0,0,general
vc-1717-14,1717-01-14,1717,1,0,0,0,
vc-1717-15,1717-01-15,1717,1,0,0,0,
vc-1717-16,1717-01-16,1717,1,0,0,0,
vc-1717-17,1717-01-17,1717,1,1,0,0,general
vc-1717-18,1717-01-18,1717,1,1,0,1,private_slaves|settlers
vc-1717-19,1717-01-19,1717,1,1,0,0,general
vc-1717-20,1717-01-20,1717,1,1,0,0,general
vc-1717-21,1717-01-21,1717,1,0,0,0,
vc-1717-22,1717-01-22,1717,1,1,0,0,general
vc-1717-23,1717-01-23,1717,1,0,0,0,
vc-1717-24,1717-01-24,1717,1,1,0,0,general
vc-1717-25,1717-01-25,1717,1,0,0,0,
vc-1717-26,1717-01-26,1717,1,0,0,0,
vc-1717-27,1717-01-27,1717,1,0,0,0,
vc-1717-28,1717-01-28,1717,1,0,0,0,
vc-1717-29,1717-01-29,1717,1,0,0,0,
vc-1717-30,1717-01-30,1717,1,0,0,0,
vc-1717-31,1717-01-31,1717,1,1,0,0,general
vc-1717-32,1717-02-01,1717,1,1,0,0,general
vc-1717-33,1717-02-02,1717,1,0,0,0,
vc-1717-34,1717-02-03,1717,1,0,0,0,
vc-1717-35,1717-02-04,1717,1,0,0,0,
vc-1717-36,1717-02-05,1717,1,0,0,0,
vc-1717-37,1717-02-06,1717,1,0,0,0,
vc-1717-38,1717-02-07,1717,1,0,0,0,
vc-1717-39,1717-02-08,1717,1,1,0,0,settlers
vc-1717-40,1717-02-09,1717,1,1,0,0,general
vc-1717-41,1717-02-10,1717,1,1,0,0,general
vc-1717-42,1717-02-11,1717,1,0,0,0,
vc-1717-43,1717-02-12,1717,1,1,0,0,general
vc-1717-44,1717-02-13,1717,1,0,0,0,
vc-1717-45,1717-02-14,1717,1,0,0,0,
vc-1717-46,1717-02-15,1717,1,1,0,0,settlers
vc-1717-47,1717-02-16,1717,1,0,0,0,
vc-1717-48,1717-02-17,1717,1,0,0,0,
vc-1717-49,1717-02-18,1717,1,0,0,0,
vc-1717-50,1717-02-19,1717,1,0,0,0,
vc-1717-51,1717-02-20,1717,1,1,0,0,general
vc-1717-52,1717-02-21,1717,1,1,0,0,general
vc-1717-53,1717-02-22,1717,1,0,0,0,
vc-1717-54,1717-02-23,1717,1,0,0,0,
vc-1717-55,1717-02-24,1717,1,0,0,0,
vc-1717-56,1717-02-25,1717,1,0,0,0,
vc-1717-57,1717-02-26,1717,1,1,0,0,general
vc-1717-58,1717-02-27,1717,1,0,0,0,
vc-1717-59,1717-02-28,1717,1,0,0,0,
vc-1717-60,1717-03-01,1717,1,0,0,0,
vc-1717-61,1717-03-02,1717,1,1,0,0,general
vc-1717-62,1717-03-03,1717,1,0,0,0,
vc-1717-63,1717-03-04,1717,1,0,0,0,
vc-1717-64,1717-03-05,1717,1,0,0,0,
vc-1717-65,1717-03-06,1717,1,0,0,0,
vc-1717-66,1717-03-07,1717,1,0,0,0,
vc-1717-67,1717-03-08,1717,1,1,0,0,soldiers_sailors
vc-1717-68,1717-03-09,1717,1,1,0,0,private_slaves
vc-1717-69,1717-03-10,1717,1,1,0,0,general
vc-1717-70,1717-03-11,1717,1,1,0,0,soldiers_sailors
vc-1717-71,1717-03-12,1717,1,0,0,0,
vc-1717-72,1717-03-13,1717,1,1,0,0,general
vc-1717-73,1717-03-14,1717,1,0,0,0,
vc-1717-74,1717-03-15,1717,1,0,0,0,
vc-1717-75,1717-03-16,1717,1,0,0,0,
vc-1717-76,1717-03-17,1717,1,1,0,0,general
vc-1717-77,1717-03-18,1717,1,0,0,0,
vc-1717-78,1717-03-19,1717,1,0,0,0,
vc-1717-79,1717-03-20,1717,1,0,0,0,
vc-1717-80,1717-03-21,1717,1,0,0,0,
vc-1717-81,1717-03-22,1717,1,0,0,0,
vc-1717-82,1717-03-23,1717,1,0,0,0,
vc-1717-83,1717-03-24,1717,1,1,0,1,general
vc-1717-84,1717-03-25,1717,1,0,0,0,
vc-1717-85,1717-03-26,1717,1,1,0,0,general
vc-1717-86,1717-03-27,1717,1,1,0,0,general
vc-1717-87,1717-03-28,1717,1,0,0,0,
vc-1717-88,1717-03-29,1717,1,1,0,1,general
vc-1717-89,1717-03-30,1717,1,1,0,0,general
vc-1717-90,1717-03-31,1717,1,1,0,0,general
vc-1717-91,1717-04-01,1717,1,1,0,0,general
vc-1717-92,1717-04-02,1717,1,0,0,0,
vc-1717-93,1717-04-03,1717,1,0,0,0,
vc-1717-94,1717-04-04,1717,1,0,0,0,
vc-1717-95,1717-04-05,1717,1,0,0,0,
vc-1717-96,1717-04-06,1717,1,0,0,0,
vc-1717-97,1717-04-07,1717,1,0,0,0,
vc-1717-98,1717-04-08,1717,1,1,0,0,private_slaves
vc-1717-99,1717-04-09,1717,1,0,0,0,
vc-1717-100,1717-04-10,1717,1,1,0,0,general
vc-1717-101,1717-04-11,1717,1,1,0,0,general
vc-1717-102,1717-04-12,1717,1,0,0,0,
vc-1717-103,1717-04-13,1717,1,0,0,0,
vc-1717-104,1717-04-14,1717,1,0,0,0,
vc-1717-105,1717-04-15,1717,1,0,0,0,
vc-1717-106,1717-04-16,1717,1,1,0,0,general
vc-1717-107,1717-04-17,1717,1,1,0,0,general
vc-1717-108,1717-04-18,1717,1,0,0,0,
vc-1717-109,1717-04-19,1717,1,1,0,0,general
vc-1717-110,1717-04-20,1717,1,0,0,0,
vc-1717-111,1717-04-21,1717,1,1,0,0,general
vc-1717-112,1717-04-22,1717,1,1,0,0,general
vc-1717-113,1717-04-23,1717,1,0,0,0,
vc-1717-114,1717-04-24,1717,1,0,0,0,
vc-1717-115,1717-04-25,1717,1,1,0,0,general
vc-1717-116,1717-04-26,1717,1,0,0,0,
vc-1717-117,1717-04-27,1717,1,1,0,0,general
vc-1717-118,1717-04-28,1717,1,0,0,0,
vc-1717-119,1717-04-29,1717,1,0,0,0,
vc-1717-120,1717-04-30,1717,1,1,0,0,general
vc-1717-121,1717-05-01,1717,1,0,0,0,
vc-1717-122,1717-05-02,1717,1,0,0,0,
vc-1717-123,1717-05-03,1717,1,0,0,0,
vc-1717-124,1717-05-04,1717,1,1,0,0,general
vc-1717-125,1717-05-05,1717,1,1,0,0,general
vc-1717-126,1717-05-06,1717,1,0,0,0,
vc-1717-127,1717-05-07,1717,1,0,0,0,
vc-1717-128,1717-05-08,1717,1,1,0,0,general
vc-1717-129,1717-05-09,1717,1,1,0,1,general
vc-1717-130,1717-05-10,1717,1,1,0,0,general
vc-1717-131,1717-05-11,1717,1,1,0,0,general
vc-1717-132,1717-05-12,1717,1,1,0,0,general
vc-1717-133,1717-05-13,1717,1,1,0,0,general
vc-1717-134,1717-05-14,1717,1,0,0,0,
vc-1717-135,1717-05-15,1717,1,1,0,0,general
vc-1717-136,1717-05-16,1717,1,0,0,0,
vc-1717-137,1717-05-17,1717,1,0,0,0,
vc-1717-138,1717-05-18,1717,1,0,0,0,
vc-1717-139,1717-05-19,1717,1,0,0,0,
vc-1717-140,1717-05-20,1717,1,0,0,0,
vc-1717-141,1717-05-21,1717,1,0,0,0,
vc-1717-142,1717-05-22,1717,1,0,0,0,
vc-1717-143,1717-05-23,1717,1,0,0,0,
vc-1717-144,1717-05-24,1717,1,0,0,0,
vc-1717-145,1717-05-25,1717,1,0,0,0,
vc-1717-146,1717-05-26,1717,1,0,0,0,
vc-1717-147,1717-05-27,1717,1,0,0,0,
vc-1717-148,1717-05-28,1717,1,1,0,0,general
vc-1717-149,1717-05-29,1717,1,1,0,0,general
vc-1717-150,1717-05-30,1717,1,0,0,0,
vc-1717-151,1717-05-31,1717,1,0,0,0,
vc-1717-152,1717-06-01,1717,1,0,0,0,
vc-1717-153,1717-06-02,1717,1,0,0,0,
vc-1717-154,1717-06-03,1717,1,1,0,0,general
vc-1717-155,1717-06-04,1717,1,1,0,0,general
vc-1717-156,1717-06-05,1717,1,1,0,0,general
vc-1717-157,1717-06-06,1717,1,0,0,0,
vc-1717-158,1717-06-07,1717,1,1,0,0,general
vc-1717-159,1717-06-08,1717,1,1,0,1,general
vc-1717-160,1717-06-09,1717,1,1,0,0,private_slaves|khoesan|settlers
vc-1717-161,1717-06-10,1717,1,0,0,0,
vc-1717-162,1717-06-11,1717,1,0,0,0,
vc-1717-163,1717-06-12,1717,1,1,0,0,general
vc-1717-164,1717-06-13,1717,1,1,0,0,general
vc-1717-165,1717-06-14,1717,1,0,0,0,
vc-1717-166,1717-06-15,1717,1,1,0,0,general
vc-1717-167,1717-06-16,1717,1,0,0,0,
vc-1717-168,1717-06-17,1717,1,0,0,0,
vc-1717-169,1717-06-18,1717,1,1,0,1,general
vc-1717-170,1717-06-19,1717,1,1,0,0,general
vc-1717-171,1717-06-20,1717,1,1,0,0,general
vc-1717-172,1717-06-21,1717,1,0,0,0,
vc-1717-173,1717-06-22,1717,1,1,0,0,general
vc-1717-174,1717-06-23,1717,1,0,0,0,
vc-1717-175,1717-06-24,1717,1,0,0,0,
vc-1717-176,1717-06-25,1717,1,0,0,0,
vc-1717-177,1717-06-26,1717,1,1,0,0,general
vc-1717-178,1717-06-27,1717,1,0,0,0,
vc-1717-179,1717-06-28,1717,1,0,0,0,
vc-1717-180,1717-06-29,1717,1,1,0,1,general
vc-1717-181,1717-06-30,1717,1,1,0,0,general
vc-1717-182,1717-07-01,1717,1,1,0,0,general
vc-1717-183,1717-07-02,1717,1,0,0,0,
vc-1717-184,1717-07-03,1717,1,0,0,0,
vc-1717-185,1717-07-04,1717,1,0,0,0,
vc-1717-186,1717-07-05,1717,1,0,0,0,
vc-1717-187,1717-07-06,1717,1,0,0,0,
vc-1717-188,1717-07-07,1717,1,0,0,0,
vc-1717-189,1717-07-08,1717,1,0,0,0,
vc-1717-190,1717-07-09,1717,1,1,0,0,general
vc-1717-191,1717-07-10,1717,1,1,0,0,general
vc-1717-192,1717-07-11,1717,1,0,0,0,
vc-1717-193,1717-07-12,1717,1,0,0,0,
vc-1717-194,1717-07-13,1717,1,1,0,0,general
vc-1717-195,1717-07-14,1717,1,0,0,0,
vc-1717-196,1717-07-15,1717,1,1,0,0,settlers
vc-1717-197,1717-07-16,1717,1,1,0,0,general
vc-1717-198,1717-07-17,1717,1,0,0,0,
vc-1717-199,1717-07-18,1717,1,0,0,0,
vc-1717-200,1717-07-19,1717,1,0,0,0,
vc-1717-201,1717-07-20,1717,1,1,0,0,general
vc-1717-202,1717-07-21,1717,1,0,0,0,
vc-1717-203,1717-07-22,1717,1,0,0,0,
vc-1717-204,1717-07-23,1717,1,0,0,0,
vc-1717-205,1717-07-24,1717,1,1,0,0,general
vc-1717-206,1717-07-25,1717,1,0,0,0,
vc-1717-207,1717-07-26,1717,1,0,0,0,
vc-1717-208,1717-07-27,1717,1,0,0,0,
vc-1717-209,1717-07-28,1717,1,0,0,0,
vc-1717-210,1717-07-29,1717,1,1,0,0,general
vc-1717-211,1717-07-30,1717,1,0,0,0,
vc-1717-212,1717-07-31,1717,1,1,0,0,general
vc-1717-213,1717-08-01,1717,1,0,0,0,
vc-1717-214,1717-08-02,1717,1,0,0,0,
vc-1717-215,1717-08-03,1717,1,0,0,0,
vc-1717-216,1717-08-04,1717,1,0,0,0,
vc-1717-217,1717-08-05,1717,1,0,0,0,
vc-1717-218,1717-08-06,1717,1,0,0,0,
vc-1717-219,1717-08-07,1717,1,0,0,0,
vc-1717-220,1717-08-08,1717,1,0,0,0,
vc-1717-221,1717-08-09,1717,1,1,0,0,general
vc-1717-222,1717-08-10,1717,1,1,0,0,private_slaves
vc-1717-223,1717-08-11,1717,1,0,0,0,
vc-1717-224,1717-08-12,1717,1,0,0,0,
vc-1717-225,1717-08-13,1717,1,0,0,0,
vc-1717-226,1717-08-14,1717,1,0,0,0,
vc-1717-227,1717-08-15,1717,1,1,0,0,general
vc-1717-228,1717-08-16,1717,1,0,0,0,
vc-1717-229,1717-08-17,1717,1,0,0,0,
vc-1717-230,1717-08-18,1717,1,1,0,0,general
vc-1717-231,1717-08-19,1717,1,0,0,0,
vc-1717-232,1717-08-20,1717,1,0,0,0,
vc-1717-233,1717-08-21,1717,1,1,0,0,general
vc-1717-234,1717-08-22,1717,1,0,0,0,
vc-1717-235,1717-08-23,1717,1,0,0,0,
vc-1717-236,1717-08-24,1717,1,1,0,0,general
vc-1717-237,1717-08-25,1717,1,0,0,0,
vc-1717-238,1717-08-26,1717,1,0,0,0,
vc-1717-239,1717-08-27,1717,1,0,0,0,
vc-1717-240,1717-08-28,1717,1,1,0,0,general
vc-1717-241,1717-08-29,1717,1,0,0,0,
vc-1717-242,1717-08-30,1717,1,1,0,0,general
vc-1717-243,1717-08-31,1717,1,1,0,0,general
vc-1717-244,1717-09-01,1717,1,1,0,0,soldiers_sailors
vc-1717-245,1717-09-02,1717,1,0,0,0,
vc-1717-246,1717-09-03,1717,1,0,0,0,
vc-1717-247,1717-09-04,1717,1,1,0,0,general
vc-1717-248,1717-09-05,1717,1,0,0,0,
vc-1717-249,1717-09-06,1717,1,0,0,0,
vc-1717-250,1717-09-07,1717,1,0,0,0,
vc-1717-251,1717-09-08,1717,1,0,0,0,
vc-1717-252,1717-09-09,1717,1,0,0,0,
vc-1717-253,1717-09-10,1717,1,1,0,0,general
vc-1717-254,1717-09-11,1717,1,1,0,0,general
vc-1717-255,1717-09-12,1717,1,0,0,0,
vc-1717-256,1717-09-13,1717,1,0,0,0,
vc-1717-257,1717-09-14,1717,1,1,0,0,general
vc-1717-258,1717-09-15,1717,1,1,0,0,general
vc-1717-259,1717-09-16,1717,1,0,0,0,
vc-1717-260,1717-09-17,1717,1,0,0,0,
vc-1717-261,1717-09-18,1717,1,0,0,0,
vc-1717-262,1717-09-19,1717,1,1,0,0,general
vc-1717-263,1717-09-20,1717,1,0,0,0,
vc-1717-264,1717-09-21,1717,1,1,0,0,general
vc-1717-265,1717-09-22,1717,1,1,0,0,general
vc-1717-266,1717-09-23,1717,1,0,0,0,
vc-1717-267,1717-09-24,1717,1,0,0,0,
vc-1717-268,1717-09-25,1717,1,0,0,0,
vc-1717-269,1717-09-26,1717,1,1,0,0,general
vc-1717-270,1717-09-27,1717,1,1,0,0,general
vc-1717-271,1717-09-28,1717,1,0,0,0,
vc-1717-272,1717-09-29,1717,1,0,0,0,
vc-1717-273,1717-09-30,1717,1,0,0,0,
vc-1717-274,1717-10-01,1717,1,1,0,1,general
vc-1717-275,1717-10-02,1717,1,1,0,0,general
vc-1717-276,1717-10-03,1717,1,1,0,0,general
vc-1717-277,1717-10-04,1717,1,0,0,0,
vc-1717-278,1717-10-05,1717,1,0,0,0,
vc-1717-279,1717-10-06,1717,1,0,0,0,
vc-1717-280,1717-10-07,1717,1,1,0,0,general
vc-1717-281,1717-10-08,1717,1,0,0,0,
vc-1717-282,1717-10-09,1717,1,0,0,0,
vc-1717-283,1717-10-10,1717,1,1,0,0,general
vc-1717-284,1717-10-11,1717,1,0,0,0,
vc-1717-285,1717-10-12,1717,1,0,0,0,
vc-1717-286,1717-10-13,1717,1,0,0,0,
vc-1717-287,1717-10-14,1717,1,0,0,0,
vc-1717-288,1717-10-15,1717,1,1,0,0,general
vc-1717-289,1717-10-16,1717,1,0,0,0,
vc-1717-290,1717-10-17,1717,1,1,0,1,general
vc-1717-291,1717-10-18,1717,1,0,0,0,
vc-1717-292,1717-10-19,1717,1,0,0,0,
vc-1717-293,1717-10-20,1717,1,0,0,0,
vc-1717-294,1717-10-21,1717,1,0,0,0,
vc-1717-295,1717-10-22,1717,1,0,0,0,
vc-1717-296,1717-10-23,1717,1,0,0,0,
vc-1717-297,1717-10-24,1717,1,0,0,0,
vc-1717-298,1717-10-25,1717,1,0,0,0,
vc-1717-299,1717-10-26,1717,1,1,0,0,general
vc-1717-300,1717-10-27,1717,1,0,0,0,
vc-1717-301,1717-10-28,1717,1,0,0,0,
vc-1717-302,1717-10-29,1717,1,0,0,0,
vc-1717-303,1717-10-30,1717,1,1,0,0,general
vc-1717-304,1717-10-31,1717,1,0,0,0,
vc-1717-305,1717-11-01,1717,1,0,0,0,
vc-1717-306,1717-11-02,1717,1,1,0,0,settlers
vc-1717-307,1717-11-03,1717,1,0,0,0,
vc-1717-308,1717-11-04,1717,1,0,0,0,
vc-1717-309,1717-11-05,1717,1,1,0,0,general
vc-1717-310,1717-11-06,1717,1,1,0,0,general
vc-1717-311,1717-11-07,1717,1,1,0,0,general
vc-1717-312,1717-11-08,1717,1,1,0,0,general
vc-1717-313,1717-11-09,1717,1,1,0,0,general
vc-1717-314,1717-11-10,1717,1,1,0,1,general
vc-1717-315,1717-11-11,1717,1,0,0,0,
vc-1717-316,1717-11-12,1717,1,1,0,0,general
vc-1717-317,1717-11-13,1717,1,0,0,0,
vc-1717-318,1717-11-14,1717,1,0,0,0,
vc-1717-319,1717-11-15,1717,1,0,0,0,
vc-1717-320,1717-11-16,1717,1,0,0,0,
vc-1717-321,1717-11-17,1717,1,1,0,0,general
vc-1717-322,1717-11-18,1717,1,0,0,0,
vc-1717-323,1717-11-19,1717,1,0,0,0,
vc-1717-324,1717-11-20,1717,1,0,0,0,
vc-1717-325,1717-11-21,1717,1,1,0,0,general
vc-1717-326,1717-11-22,1717,1,0,0,0,
vc-1717-327,1717-11-23,1717,1,1,0,0,khoesan
vc-1717-328,1717-11-24,1717,1,1,0,0,general
vc-1717-329,1717-11-25,1717,1,0,0,0,
vc-1717-330,1717-11-26,1717,1,1,0,0,general
vc-1717-331,1717-11-27,1717,1,0,0,0,
vc-1717-332,1717-11-28,1717,1,0,0,0,
vc-1717-333,1717-11-29,1717,1,0,0,0,
vc-1717-334,1717-11-30,1717,1,0,0,0,
vc-1717-335,1717-12-01,1717,1,0,0,0,
vc-1717-336,1717-12-02,1717,1,0,0,0,
vc-1717-337,1717-12-03,1717,1,1,0,0,general
vc-1717-338,1717-12-04,1717,1,0,0,0,
vc-1717-339,1717-12-05,1717,1,0,0,0,
vc-1717-340,1717-12-06,1717,1,0,0,0,
vc-1717-341,1717-12-07,1717,1,1,0,0,general
vc-1717-342,1717-12-08,1717,1,0,0,0,
vc-1717-343,1717-12-09,1717,1,0,0,0,
vc-1717-344,1717-12-10,1717,1,0,0,0,
vc-1717-345,1717-12-11,1717,1,0,0,0,
vc-1717-346,1717-12-12,1717,1,1,0,0,general
vc-1717-347,1717-12-13,1717,1,0,0,0,
vc-1717-348,1717-12-14,1717,1,0,0,0,
vc-1717-349,1717-12-15,1717,1,0,0,0,
vc-1717-350,1717-12-16,1717,1,1,0,0,soldiers_sailors
vc-1717-351,1717-12-17,1717,1,0,0,0,
vc-1717-352,1717-12-18,1717,1,1,0,0,soldiers_sailors
vc-1717-353,1717-12-19,1717,1,0,0,0,
vc-1717-354,1717-12-20,1717,1,0,0,0,
vc-1717-355,1717-12-21,1717,1,1,0,0,general
vc-1717-356,1717-12-22,1717,1,0,0,0,
vc-1717-357,1717-12-23,1717,1,0,0,0,
vc-1717-358,1717-12-24,1717,1,1,0,0,general
vc-1717-359,1717-12-25,1717,1,0,0,0,
vc-1717-360,1717-12-26,1717,1,0,0,0,
vc-1717-361,1717-12-27,1717,1,0,0,0,
vc-1717-362,1717-12-28,1717,1,0,0,0,
vc-1717-363,1717-12-29,1717,1,0,0,0,
vc-1717-364,1717-12-30,1717,1,0,0,0,
vc-1717-365,1717-12-31,1717,1,0,0,0,
vc-1718-1,1718-01-01,1718,1,1,0,0,general
vc-1718-2,1718-01-02,1718,1,0,0,0,
vc-1718-3,1718-01-03,1718,1,1,0,0,general
vc-1718-4,1718-01-04,1718,1,1,0,0,general
vc-1718-5,1718-01-05,1718,1,1,0,0,private_slaves
vc-1718-6,1718-01-06,1718,1,0,0,0,
vc-1718-7,1718-01-07,1718,1,0,0,0,
vc-1718-8,1718-01-08,1718,1,0,0,0,
vc-1718-9,1718-01-09,1718,1,1,0,0,general
vc-1718-10,1718-01-10,1718,1,0,0,0,
vc-1718-11,1718-01-11,1718,1,1,0,0,general
vc-1718-12,1718-01-12,1718,1,1,0,0,khoesan
vc-1718-13,1718-01-13,1718,1,0,0,0,
vc-1718-14,1718-01-14,1718,1,0,0,0,
vc-1718-15,1718-01-15,1718,1,0,0,0,
vc-1718-16,1718-01-16,1718,1,0,0,0,
vc-1718-17,1718-01-17,1718,1,1,0,0,private_slaves
vc-1718-18,1718-01-18,1718,1,0,0,0,
vc-1718-19,1718-01-19,1718,1,0,0,0,
vc-1718-20,1718-01-20,1718,1,0,0,0,
vc-1718-21,1718-01-21,1718,1,0,0,0,
vc-1718-22,1718-01-22,1718,1,0,0,0,
vc-1718-23,1718-01-23,1718,1,0,0,0,
vc-1718-24,1718-01-24,1718,1,1,0,0,general
vc-1718-25,1718-01-25,1718,1,1,0,1,general
vc-1718-26,1718-01-26,1718,1,1,0,0,general
vc-1718-27,1718-01-27,1718,1,0,0,0,
vc-1718-28,1718-01-28,1718,1,0,0,0,
vc-1718-29,1718-01-29,1718,1,1,0,0,general
vc-1718-30,1718-01-30,1718,1,0,0,0,
vc-1718-31,1718-01-31,1718,1,1,0,0,general
vc-1718-32,1718-02-01,1718,1,1,0,0,general
vc-1718-33,1718-02-02,1718,1,0,0,0,
vc-1718-34,1718-02-03,1718,1,1,0,0,general
vc-1718-35,1718-02-04,1718,1,0,0,0,
vc-1718-36,1718-02-05,1718,1,1,0,0,general
vc-1718-37,1718-02-06,1718,1,1,0,0,general
vc-1718-38,1718-02-07,1718,1,1,0,0,general
vc-1718-39,1718-02-08,1718,1,0,0,0,
vc-1718-40,1718-02-09,1718,1,1,0,0,general
vc-1718-41,1718-02-10,1718,1,0,0,0,
vc-1718-42,1718-02-11,1718,1,0,0,0,
vc-1718-43,1718-02-12,1718,1,0,0,0,
vc-1718-44,1718-02-13,1718,1,0,0,0,
vc-1718-45,1718-02-14,1718,1,1,0,0,general
vc-1718-46,1718-02-15,1718,1,1,0,0,general
vc-1718-47,1718-02-16,1718,1,0,0,0,
vc-1718-48,1718-02-17,1718,1,0,0,0,
vc-1718-49,1718-02-18,1718,1,0,0,0,
vc-1718-50,1718-02-19,1718,1,1,0,0,general
vc-1718-51,1718-02-20,1718,1,1,0,0,general
vc-1718-52,1718-02-21,1718,1,0,0,0,
vc-1718-53,1718-02-22,1718,1,1,0,1,general
vc-1718-54,1718-02-23,1718,1,0,0,0,
vc-1718-55,1718-02-24,1718,1,0,0,0,
vc-1718-56,1718-02-25,1718,1,0,0,0,
vc-1718-57,1718-02-26,1718,1,0,0,0,
vc-1718-58,1718-02-27,1718,1,1,0,0,soldiers_sailors
vc-1718-59,1718-02-28,1718,1,0,0,0,
vc-1718-60,1718-03-01,1718,1,0,0,0,
vc-1718-61,1718-03-02,1718,1,0,0,0,
vc-1718-62,1718-03-03,1718,1,0,0,0,
vc-1718-63,1718-03-04,1718,1,0,0,0,
vc-1718-64,1718-03-05,1718,1,0,0,0,
vc-1718-65,1718-03-06,1718,1,0,0,0,
vc-1718-66,1718-03-07,1718,1,1,0,0,general
vc-1718-67,1718-03-08,1718,1,0,0,0,
vc-1718-68,1718-03-09,1718,1,1,0,0,general
vc-1718-69,1718-03-10,1718,1,0,0,0,
vc-1718-70,1718-03-11,1718,1,0,0,0,
vc-1718-71,1718-03-12,1718,1,0,0,0,
vc-1718-72,1718-03-13,1718,1,1,0,0,general
vc-1718-73,1718-03-14,1718,1,0,0,0,
vc-1718-74,1718-03-15,1718,1,0,0,0,
vc-1718-75,1718-03-16,1718,1,0,0,0,
vc-1718-76,1718-03-17,1718,1,0,0,0,
vc-1718-77,1718-03-18,1718,1,0,0,0,
vc-1718-78,1718-03-19,1718,1,0,0,0,
vc-1718-79,1718-03-20,1718,1,0,0,0,
vc-1718-80,1718-03-21,1718,1,1,0,0,general
vc-1718-81,1718-03-22,1718,1,1,0,0,general
vc-1718-82,1718-03-23,1718,1,0,0,0,
vc-1718-83,1718-03-24,1718,1,1,0,0,general
vc-1718-84,1718-03-25,1718,1,0,0,0,
vc-1718-85,1718-03-26,1718,1,1,0,0,general
vc-1718-86,1718-03-27,1718,1,0,0,0,
vc-1718-87,1718-03-28,1718,1,0,0,0,
vc-1718-88,1718-03-29,1718,1,0,0,0,
vc-1718-89,1718-03-30,1718,1,0,0,0,
vc-1718-90,1718-03-31,1718,1,1,0,0,general
vc-1718-91,1718-04-01,1718,1,1,0,0,general
vc-1718-92,1718-04-02,1718,1,1,0,0,general
vc-1718-93,1718-04-03,1718,1,0,0,0,
vc-1718-94,1718-04-04,1718,1,1,0,0,general
vc-1718-95,1718-04-05,1718,1,0,0,0,
vc-1718-96,1718-04-06,1718,1,0,0,0,
vc-1718-97,1718-04-07,1718,1,1,0,0,general
vc-1718-98,1718-04-08,1718,1,0,0,0,
vc-1718-99,1718-04-09,1718,1,1,0,1,general
vc-1718-100,1718-04-10,1718,1,0,0,0,
vc-1718-101,1718-04-11,1718,1,1,0,0,general
vc-1718-102,1718-04-12,1718,1,0,0,0,
vc-1718-103,1718-04-13,1718,1,1,0,1,general
vc-1718-104,1718-04-14,1718,1,1,0,0,general
vc-1718-105,1718-04-15,1718,1,0,0,0,
vc-1718-106,1718-04-16,1718,1,0,0,0,
vc-1718-107,1718-04-17,1718,1,1,0,0,general
vc-1718-108,1718-04-18,1718,1,0,0,0,
vc-1718-109,1718-04-19,1718,1,0,0,0,
vc-1718-110,1718-04-20,1718,1,0,0,0,
vc-1718-111,1718-04-21,1718,1,0,0,0,
vc-1718-112,1718-04-22,1718,1,0,0,0,
vc-1718-113,1718-04-23,1718,1,0,0,0,
vc-1718-114,1718-04-24,1718,1,1,0,1,general
vc-1718-115,1718-04-25,1718,1,1,0,0,general
vc-1718-116,1718-04-26,1718,1,0,0,0,
vc-1718-117,1718-04-27,1718,1,1,0,0,general
vc-1718-118,1718-04-28,1718,1,0,0,0,
vc-1718-119,1718-04-29,1718,1,1,0,0,general
vc-1718-120,1718-04-30,1718,1,0,0,0,
vc-1718-121,1718-05-01,1718,1,1,0,0,general
vc-1718-122,1718-05-02,1718,1,0,0,0,
vc-1718-123,1718-05-03,1718,1,0,0,0,
vc-1718-124,1718-05-04,1718,1,0,0,0,
vc-1718-125,1718-05-05,1718,1,0,0,0,
vc-1718-126,1718-05-06,1718,1,1,0,0,general
vc-1718-127,1718-05-07,1718,1,1,0,0,general
vc-1718-128,1718-05-08,1718,1,1,0,0,general
vc-1718-129,1718-05-09,1718,1,1,0,0,general
vc-1718-130,1718-05-10,1718,1,0,0,0,
vc-1718-131,1718-05-11,1718,1,1,0,0,general
vc-1718-132,1718-05-12,1718,1,0,0,0,
vc-1718-133,1718-05-13,1718,1,0,0,0,
vc-1718-134,1718-05-14,1718,1,0,0,0,
vc-1718-135,1718-05-15,1718,1,1,0,0,general
vc-1718-136,1718-05-16,1718,1,0,0,0,
vc-1718-137,1718-05-17,1718,1,0,0,0,
vc-1718-138,1718-05-18,1718,1,1,0,0,general
vc-1718-139,1718-05-19,1718,1,1,0,0,general
vc-1718-140,1718-05-20,1718,1,1,0,0,general
vc-1718-141,1718-05-21,1718,1,0,0,0,
vc-1718-142,1718-05-22,1718,1,1,0,0,general
vc-1718-143,1718-05-23,1718,1,0,0,0,
vc-1718-144,1718-05-24,1718,1,0,0,0,
vc-1718-145,1718-05-25,1718,1,0,0,0,
vc-1718-146,1718-05-26,1718,1,0,0,0,
vc-1718-147,1718-05-27,1718,1,1,0,0,general
vc-1718-148,1718-05-28,1718,1,1,0,0,general
vc-1718-149,1718-05-29,1718,1,0,0,0,
vc-1718-150,1718-05-30,1718,1,0,0,0,
vc-1718-151,1718-05-31,1718,1,0,0,0,
vc-1718-152,1718-06-01,1718,1,0,0,0,
vc-1718-153,1718-06-02,1718,1,0,0,0,
vc-1718-154,1718-06-03,1718,1,1,0,1,general
vc-1718-155,1718-06-04,1718,1,1,0,0,general
vc-1718-156,1718-06-05,1718,1,1,0,0,general
vc-1718-157,1718-06-06,1718,1,1,0,0,general
vc-1718-158,1718-06-07,1718,1,0,0,0,
vc-1718-159,1718-06-08,1718,1,0,0,0,
vc-1718-160,1718-06-09,1718,1,0,0,0,
vc-1718-161,1718-06-10,1718,1,0,0,0,
vc-1718-162,1718-06-11,1718,1,0,0,0,
vc-1718-163,1718-06-12,1718,1,1,0,0,general
vc-1718-164,1718-06-13,1718,1,1,0,0,general
vc-1718-165,1718-06-14,1718,1,0,0,0,
vc-1718-166,1718-06-15,1718,1,1,0,0,general
vc-1718-167,1718-06-16,1718,1,0,0,0,
vc-1718-168,1718-06-17,1718,1,0,0,0,
vc-1718-169,1718-06-18,1718,1,0,0,0,
vc-1718-170,1718-06-19,1718,1,0,0,0,
vc-1718-171,1718-06-20,1718,1,1,0,0,general
vc-1718-172,1718-06-21,1718,1,1,0,0,general
vc-1718-173,1718-06-22,1718,1,0,0,0,
vc-1718-174,1718-06-23,1718,1,1,0,0,general
vc-1718-175,1718-06-24,1718,1,1,0,0,general
vc-1718-176,1718-06-25,1718,1,0,0,0,
vc-1718-177,1718-06-26,1718,1,1,0,0,general
vc-1718-178,1718-06-27,1718,1,0,0,0,
vc-1718-179,1718-06-28,1718,1,1,0,0,general
vc-1718-180,1718-06-29,1718,1,1,0,0,general
vc-1718-181,1718-06-30,1718,1,1,0,0,general
vc-1718-182,1718-07-01,1718,1,0,0,0,
vc-1718-183,1718-07-02,1718,1,0,0,0,
vc-1718-184,1718-07-03,1718,1,1,0,0,general
vc-1718-185,1718-07-04,1718,1,0,0,0,
vc-1718-186,1718-07-05,1718,1,0,0,0,
vc-1718-187,1718-07-06,1718,1,0,0,0,
vc-1718-188,1718-07-07,1718,1,1,0,0,general
vc-1718-189,1718-07-08,1718,1,1,0,0,general
vc-1718-190,1718-07-09,1718,1,0,0,0,
vc-1718-191,1718-07-10,1718,1,0,0,0,
vc-1718-192,1718-07-11,1718,1,0,0,0,
vc-1718-193,1718-07-12,1718,1,0,0,0,
vc-1718-194,1718-07-13,1718,1,1,0,0,general
vc-1718-195,1718-07-14,1718,1,0,0,0,
vc-1718-196,1718-07-15,1718,1,0,0,0,
vc-1718-197,1718-07-16,1718,1,0,0,0,
vc-1718-198,1718-07-17,1718,1,1,0,0,private_slaves
vc-1718-199,1718-07-18,1718,1,1,0,0,general
vc-1718-200,1718-07-19,1718,1,0,0,0,
vc-1718-201,1718-07-20,1718,1,1,0,0,general
vc-1718-202,1718-07-21,1718,1,0,0,0,
vc-1718-203,1718-07-22,1718,1,0,0,0,
vc-1718-204,1718-07-23,1718,1,1,0,0,general
vc-1718-205,1718-07-24,1718,1,0,0,0,
vc-1718-206,1718-07-25,1718,1,1,0,0,general
vc-1718-207,1718-07-26,1718,1,1,0,0,general
vc-1718-208,1718-07-27,1718,1,0,0,0,
vc-1718-209,1718-07-28,1718,1,1,0,0,soldiers_sailors
vc-1718-210,1718-07-29,1718,1,0,0,0,
vc-1718-211,1718-07-30,1718,1,1,0,0,general
vc-1718-212,1718-07-31,1718,1,1,0,0,general
vc-1718-213,1718-08-01,1718,1,0,0,0,
vc-1718-214,1718-08-02,1718,1,0,0,0,
vc-1718-215,1718-08-03,1718,1,0,0,0,
vc-1718-216,1718-08-04,1718,1,1,0,0,general
vc-1718-217,1718-08-05,1718,1,0,0,0,
vc-1718-218,1718-08-06,1718,1,0,0,0,
vc-1718-219,1718-08-07,1718,1,0,0,0,
vc-1718-220,1718-08-08,1718,1,1,0,0,general
vc-1718-221,1718-08-09,1718,1,0,0,0,
vc-1718-222,1718-08-10,1718,1,0,0,0,
vc-1718-223,1718-08-11,1718,1,0,0,0,
vc-1718-224,1718-08-12,1718,1,1,0,0,general
vc-1718-225,1718-08-13,1718,1,1,0,0,general
vc-1718-226,1718-08-14,1718,1,0,0,0,
vc-1718-227,1718-08-15,1718,1,1,0,0,general
vc-1718-228,1718-08-16,1718,1,1,0,0,general
vc-1718-229,1718-08-17,1718,1,1,0,0,general
vc-1718-230,1718-08-18,1718,1,0,0,0,
vc-1718-231,1718-08-19,1718,1,0,0,0,
vc-1718-232,1718-08-20,1718,1,0,0,0,
vc-1718-233,1718-08-21,1718,1,0,0,0,
vc-1718-234,1718-08-22,1718,1,0,0,0,
vc-1718-235,1718-08-23,1718,1,0,0,0,
vc-1718-236,1718-08-24,1718,1,1,0,1,general
vc-1718-237,1718-08-25,1718,1,1,0,0,general
vc-1718-238,1718-08-26,1718,1,0,0,0,
vc-1718-239,1718-08-27,1718,1,0,0,0,
vc-1718-240,1718-08-28,1718,1,1,0,1,general
vc-1718-241,1718-08-29,1718,1,1,0,0,general
vc-1718-242,1718-08-30,1718,1,0,0,0,
vc-1718-243,1718-08-31,1718,1,1,0,0,settlers
vc-1718-244,1718-09-01,1718,1,1,0,0,general
vc-1718-245,1718-09-02,1718,1,0,0,0,
vc-1718-246,1718-09-03,1718,1,0,0,0,
vc-1718-247,1718-09-04,1718,1,1,0,0,general
vc-1718-248,1718-09-05,1718,1,1,0,0,khoesan
vc-1718-249,1718-09-06,1718,1,0,0,0,
vc-1718-250,1718-09-07,1718,1,1,0,0,general
vc-1718-251,1718-09-08,1718,1,1,0,0,general
vc-1718-252,1718-09-09,1718,1,1,0,0,general
vc-1718-253,1718-09-10,1718,1,1,0,1,general
vc-1718-254,1718-09-11,1718,1,0,0,0,
vc-1718-255,1718-09-12,1718,1,0,0,0,
vc-1718-256,1718-09-13,1718,1,0,0,0,
vc-1718-257,1718-09-14,1718,1,0,0,0,
vc-1718-258,1718-09-15,1718,1,0,0,0,
vc-1718-259,1718-09-16,1718,1,0,0,0,
vc-1718-260,1718-09-17,1718,1,1,0,0,general
vc-1718-261,1718-09-18,1718,1,0,0,0,
vc-1718-262,1718-09-19,1718,1,0,0,0,
vc-1718-263,1718-09-20,1718,1,0,0,0,
vc-1718-264,1718-09-21,1718,1,1,0,0,general
vc-1718-265,1718-09-22,1718,1,0,0,0,
vc-1718-266,1718-09-23,1718,1,0,0,0,
vc-1718-267,1718-09-24,1718,1,0,0,0,
vc-1718-268,1718-09-25,1718,1,0,0,0,
vc-1718-269,1718-09-26,1718,1,0,0,0,
vc-1718-270,1718-09-27,1718,1,0,0,0,
vc-1718-271,1718-09-28,1718,1,0,0,0,
vc-1718-272,1718-09-29,1718,1,0,0,0,
vc-1718-273,1718-09-30,1718,1,1,0,0,general
vc-1718-274,1718-10-01,1718,1,1,0,0,private_slaves
vc-1718-275,1718-10-02,1718,1,1,0,0,general
vc-1718-276,1718-10-03,1718,1,1,0,0,general
vc-1718-277,1718-10-04,1718,1,0,0,0,
vc-1718-278,1718-10-05,1718,1,1,0,0,general
vc-1718-279,1718-10-06,1718,1,1,0,0,general
vc-1718-280,1718-10-07,1718,1,0,0,0,
vc-1718-281,1718-10-08,1718,1,1,0,0,general
vc-1718-282,1718-10-09,1718,1,1,0,0,general
vc-1718-283,1718-10-10,1718,1,0,0,0,
vc-1718-284,1718-10-11,1718,1,0,0,0,
vc-1718-285,1718-10-12,1718,1,0,0,0,
vc-1718-286,1718-10-13,1718,1,0,0,0,
vc-1718-287,1718-10-14,1718,1,1,0,0,general
vc-1718-288,1718-10-15,1718,1,1,0,0,general
vc-1718-289,1718-10-16,1718,1,0,0,0,
vc-1718-290,1718-10-17,1718,1,1,0,0,general
vc-1718-291,1718-10-18,1718,1,0,0,0,
vc-1718-292,1718-10-19,1718,1,1,0,0,general
vc-1718-293,1718-10-20,1718,1,1,0,0,settlers
vc-1718-294,1718-10-21,1718,1,0,0,0,
vc-1718-295,1718-10-22,1718,1,0,0,0,
vc-1718-296,1718-10-23,1718,1,0,0,0,
vc-1718-297,1718-10-24,1718,1,0,0,0,
vc-1718-298,1718-10-25,1718,1,0,0,0,
vc-1718-299,1718-10-26,1718,1,0,0,0,
vc-1718-300,1718-10-27,1718,1,0,0,0,
vc-1718-301,1718-10-28,1718,1,0,0,0,
vc-1718-302,1718-10-29,1718,1,0,0,0,
vc-1718-303,1718-10-30,1718,1,0,0,0,
vc-1718-304,1718-10-31,1718,1,0,0,0,
vc-1718-305,1718-11-01,1718,1,1,0,0,settlers
vc-1718-306,1718-11-02,1718,1,0,0,0,
vc-1718-307,1718-11-03,1718,1,0,0,0,
vc-1718-308,1718-11-04,1718,1,0,0,0,
vc-1718-309,1718-11-05,1718,1,0,0,0,
vc-1718-310,1718-11-06,1718,1,0,0,0,
vc-1718-311,1718-11-07,1718,1,1,0,0,general
vc-1718-312,1718-11-08,1718,1,1,0,0,general
vc-1718-313,1718-11-09,1718,1,0,0,0,
vc-1718-314,1718-11-10,1718,1,0,0,0,
vc-1718-315,1718-11-11,1718,1,0,0,0,
vc-1718-316,1718-11-12,1718,1,0,0,0,
vc-1718-317,1718-11-13,1718,1,0,0,0,
vc-1718-318,1718-11-14,1718,1,0,0,0,
vc-1718-319,1718-11-15,1718,1,0,0,0,
vc-1718-320,1718-11-16,1718,1,0,0,0,
vc-1718-321,1718-11-17,1718,1,0,0,0,
vc-1718-322,1718-11-18,1718,1,0,0,0,
vc-1718-323,1718-11-19,1718,1,1,0,0,general
vc-1718-324,1718-11-20,1718,1,0,0,0,
vc-1718-325,1718-11-21,1718,1,1,0,0,general
vc-1718-326,1718-11-22,1718,1,0,0,0,
vc-1718-327,1718-11-23,1718,1,1,0,0,general
vc-1718-328,1718-11-24,1718,1,0,0,0,
vc-1718-329,1718-11-25,1718,1,0,0,0,
vc-1718-330,1718-11-26,1718,1,0,0,0,
vc-1718-331,1718-11-27,1718,1,0,0,0,
vc-1718-332,1718-11-28,1718,1,0,0,0,
vc-1718-333,1718-11-29,1718,1,0,0,0,
vc-1718-334,1718-11-30,1718,1,0,0,0,
vc-1718-335,1718-12-01,1718,1,0,0,0,
vc-1718-336,1718-12-02,1718,1,0,0,0,
vc-1718-337,1718-12-03,1718,1,1,0,0,private_slaves
vc-1718-338,1718-12-04,1718,1,0,0,0,
vc-1718-339,1718-12-05,1718,1,0,0,0,
vc-1718-340,1718-12-06,1718,1,0,0,0,
vc-1718-341,1718-12-07,1718,1,0,0,0,
vc-1718-342,1718-12-08,1718,1,0,0,0,
vc-1718-343,1718-12-09,1718,1,1,0,0,private_slaves
vc-1718-344,1718-12-10,1718,1,0,0,0,
vc-1718-345,1718-12-11,1718,1,0,0,0,
vc-1718-346,1718-12-12,1718,1,0,0,0,
vc-1718-347,1718-12-13,1718,1,0,0,0,
vc-1718-348,1718-12-14,1718,1,0,0,0,
vc-1718-349,1718-12-15,1718,1,1,0,0,general
vc-1718-350,1718-12-16,1718,1,0,0,0,
vc-1718-351,1718-12-17,1718,1,0,0,0,
vc-1718-352,1718-12-18,1718,1,1,0,0,general
vc-1718-353,1718-12-19,1718,1,1,0,0,general
vc-1718-354,1718-12-20,1718,1,1,0,0,general
vc-1718-355,1718-12-21,1718,1,0,0,0,
vc-1718-356,1718-12-22,1718,1,1,0,0,general
vc-1718-357,1718-12-23,1718,1,0,0,0,
vc-1718-358,1718-12-24,1718,1,0,0,0,
vc-1718-359,1718-12-25,1718,1,0,0,0,
vc-1718-360,1718-12-26,1718,1,1,0,0,general
vc-1718-361,1718-12-27,1718,1,0,0,0,
vc-1718-362,1718-12-28,1718,1,0,0,0,
vc-1718-363,1718-12-29,1718,1,0,0,0,
vc-1718-364,1718-12-30,1718,1,0,0,0,
vc-1718-365,1718-12-31,1718,1,1,0,0,general
vc-1719-1,1719-01-01,1719,1,1,0,0,general
vc-1719-2,1719-01-02,1719,1,0,0,0,
vc-1719-3,1719-01-03,1719,1,0,0,0,
vc-1719-4,1719-01-04,1719,1,0,0,0,
vc-1719-5,1719-01-05,1719,1,0,0,0,
vc-1719-6,1719-01-06,1719,1,1,0,0,general
vc-1719-7,1719-01-07,1719,1,1,0,0,general
vc-1719-8,1719-01-08,1719,1,1,0,0,general
vc-1719-9,1719-01-09,1719,1,0,0,0,
vc-1719-10,1719-01-10,1719,1,0,0,0,
vc-1719-11,1719-01-11,1719,1,1,0,0,general
vc-1719-12,1719-01-12,1719,1,0,0,0,
vc-1719-13,1719-01-13,1719,1,0,0,0,
vc-1719-14,1719-01-14,1719,1,0,0,0,
vc-1719-15,1719-01-15,1719,1,0,0,0,
vc-1719-16,1719-01-16,1719,1,0,0,0,
vc-1719-17,1719-01-17,1719,1,1,0,0,general
vc-1719-18,1719-01-18,1719,1,0,0,0,
vc-1719-19,1719-01-19,1719,1,0,0,0,
vc-1719-20,1719-01-20,1719,1,0,0,0,
vc-1719-21,1719-01-21,1719,1,0,0,0,
vc-1719-22,1719-01-22,1719,1,0,0,0,
vc-1719-23,1719-01-23,1719,1,0,0,0,
vc-1719-24,1719-01-24,1719,1,0,0,0,
vc-1719-25,1719-01-25,1719,1,1,0,0,general
vc-1719-26,1719-01-26,1719,1,0,0,0,
vc-1719-27,1719-01-27,1719,1,0,0,0,
vc-1719-28,1719-01-28,1719,1,1,0,0,general
vc-1719-29,1719-01-29,1719,1,0,0,0,
vc-1719-30,1719-01-30,1719,1,0,0,0,
vc-1719-31,1719-01-31,1719,1,1,0,0,khoesan
vc-1719-32,1719-02-01,1719,1,0,0,0,
vc-1719-33,1719-02-02,1719,1,0,0,0,
vc-1719-34,1719-02-03,1719,1,0,0,0,
vc-1719-35,1719-02-04,1719,1,0,0,0,
vc-1719-36,1719-02-05,1719,1,1,0,0,private_slaves
vc-1719-37,1719-02-06,1719,1,0,0,0,
vc-1719-38,1719-02-07,1719,1,1,0,0,general
vc-1719-39,1719-02-08,1719,1,0,0,0,
vc-1719-40,1719-02-09,1719,1,1,0,1,private_slaves
vc-1719-41,1719-02-10,1719,1,1,0,0,general
vc-1719-42,1719-02-11,1719,1,1,0,0,general
vc-1719-43,1719-02-12,1719,1,1,0,0,general
vc-1719-44,1719-02-13,1719,1,1,0,0,general
vc-1719-45,1719-02-14,1719,1,0,0,0,
vc-1719-46,1719-02-15,1719,1,0,0,0,
vc-1719-47,1719-02-16,1719,1,0,0,0,
vc-1719-48,1719-02-17,1719,1,0,0,0,
vc-1719-49,1719-02-18,1719,1,1,0,1,general
vc-1719-50,1719-02-19,1719,1,0,0,0,
vc-1719-51,1719-02-20,1719,1,1,0,0,settlers
vc-1719-52,1719-02-21,1719,1,0,0,0,
vc-1719-53,1719-02-22,1719,1,0,0,0,
vc-1719-54,1719-02-23,1719,1,0,0,0,
vc-1719-55,1719-02-24,1719,1,1,0,0,general
vc-1719-56,1719-02-25,1719,1,0,0,0,
vc-1719-57,1719-02-26,1719,1,0,0,0,
vc-1719-58,1719-02-27,1719,1,1,0,0,soldiers_sailors
vc-1719-59,1719-02-28,1719,1,0,0,0,
vc-1719-60,1719-03-01,1719,1,1,0,0,general
vc-1719-61,1719-03-02,1719,1,0,0,0,
vc-1719-62,1719-03-03,1719,1,1,0,0,general
vc-1719-63,1719-03-04,1719,1,1,0,0,general
vc-1719-64,1719-03-05,1719,1,0,0,0,
vc-1719-65,1719-03-06,1719,1,0,0,0,
vc-1719-66,1719-03-07,1719,1,0,0,0,
vc-1719-67,1719-03-08,1719,1,0,0,0,
vc-1719-68,1719-03-09,1719,1,0,0,0,
vc-1719-69,1719-03-10,1719,1,0,0,0,
vc-1719-70,1719-03-11,1719,1,1,0,0,general
vc-1719-71,1719-03-12,1719,1,0,0,0,
vc-1719-72,1719-03-13,1719,1,0,0,0,
vc-1719-73,1719-03-14,1719,1,0,0,0,
vc-1719-74,1719-03-15,1719,1,0,0,0,
vc-1719-75,1719-03-16,1719,1,1,0,0,general
vc-1719-76,1719-03-17,1719,1,0,0,0,
vc-1719-77,1719-03-18,1719,1,0,0,0,
vc-1719-78,1719-03-19,1719,1,0,0,0,
vc-1719-79,1719-03-20,1719,1,0,0,0,
vc-1719-80,1719-03-21,1719,1,0,0,0,
vc-1719-81,1719-03-22,1719,1,0,0,0,
vc-1719-82,1719-03-23,1719,1,0,0,0,
vc-1719-83,1719-03-24,1719,1,1,0,0,general
vc-1719-84,1719-03-25,1719,1,1,0,0,general
vc-1719-85,1719-03-26,1719,1,1,0,0,general
vc-1719-86,1719-03-27,1719,1,0,0,0,
vc-1719-87,1719-03-28,1719,1,0,0,0,
vc-1719-88,1719-03-29,1719,1,1,0,0,general
vc-1719-89,1719-03-30,1719,1,0,0,0,
vc-1719-90,1719-03-31,1719,1,1,0,0,general
vc-1719-91,1719-04-01,1719,1,1,0,0,general
vc-1719-92,1719-04-02,1719,1,1,0,0,general
vc-1719-93,1719-04-03,1719,1,0,0,0,
vc-1719-94,1719-04-04,1719,1,0,0,0,
vc-1719-95,1719-04-05,1719,1,1,0,0,general
vc-1719-96,1719-04-06,1719,1,1,0,0,general
vc-1719-97,1719-04-07,1719,1,1,0,0,general
vc-1719-98,1719-04-08,1719,1,0,0,0,
vc-1719-99,1719-04-09,1719,1,1,0,0,general
vc-1719-100,1719-04-10,1719,1,1,0,0,general
vc-1719-101,1719-04-11,1719,1,0,0,0,
vc-1719-102,1719-04-12,1719,1,0,0,0,
vc-1719-103,1719-04-13,1719,1,1,0,0,general
vc-1719-104,1719-04-14,1719,1,0,0,0,
vc-1719-105,1719-04-15,1719,1,1,0,0,general
vc-1719-106,1719-04-16,1719,1,1,0,0,general
vc-1719-107,1719-04-17,1719,1,0,0,0,
vc-1719-108,1719-04-18,1719,1,0,0,0,
vc-1719-109,1719-04-19,1719,1,0,0,0,
vc-1719-110,1719-04-20,1719,1,0,0,0,
vc-1719-111,1719-04-21,1719,1,0,0,0,
vc-1719-112,1719-04-22,1719,1,1,0,0,general
vc-1719-113,1719-04-23,1719,1,0,0,0,
vc-1719-114,1719-04-24,1719,1,0,0,0,
vc-1719-115,1719-04-25,1719,1,0,0,0,
vc-1719-116,1719-04-26,1719,1,1,0,0,settlers
vc-1719-117,1719-04-27,1719,1,0,0,0,
vc-1719-118,1719-04-28,1719,1,0,0,0,
vc-1719-119,1719-04-29,1719,1,1,0,0,general
vc-1719-120,1719-04-30,1719,1,0,0,0,
vc-1719-121,1719-05-01,1719,1,1,0,0,general
vc-1719-122,1719-05-02,1719,1,0,0,0,
vc-1719-123,1719-05-03,1719,1,0,0,0,
vc-1719-124,1719-05-04,1719,1,0,0,0,
vc-1719-125,1719-05-05,1719,1,1,0,0,soldiers_sailors
vc-1719-126,1719-05-06,1719,1,0,0,0,
vc-1719-127,1719-05-07,1719,1,0,0,0,
vc-1719-128,1719-05-08,1719,1,0,0,0,
vc-1719-129,1719-05-09,1719,1,0,0,0,
vc-1719-130,1719-05-10,1719,1,1,0,0,general
vc-1719-131,1719-05-11,1719,1,1,0,0,general
vc-1719-132,1719-05-12,1719,1,1,0,0,general
vc-1719-133,1719-05-13,1719,1,0,0,0,
vc-1719-134,1719-05-14,1719,1,0,0,0,
vc-1719-135,1719-05-15,1719,1,0,0,0,
vc-1719-136,1719-05-16,1719,1,0,0,0,
vc-1719-137,1719-05-17,1719,1,0,0,0,
vc-1719-138,1719-05-18,1719,1,0,0,0,
vc-1719-139,1719-05-19,1719,1,0,0,0,
vc-1719-140,1719-05-20,1719,1,0,0,0,
vc-1719-141,1719-05-21,1719,1,0,0,0,
vc-1719-142,1719-05-22,1719,1,0,0,0,
vc-1719-143,1719-05-23,1719,1,0,0,0,
vc-1719-144,1719-05-24,1719,1,0,0,0,
vc-1719-145,1719-05-25,1719,1,0,0,0,
vc-1719-146,1719-05-26,1719,1,0,0,0,
vc-1719-147,1719-05-27,1719,1,0,0,0,
vc-1719-148,1719-05-28,1719,1,0,0,0,
vc-1719-149,1719-05-29,1719,1,1,0,0,general
vc-1719-150,1719-05-30,1719,1,0,0,0,
vc-1719-151,1719-05-31,1719,1,1,0,0,general
vc-1719-152,1719-06-01,1719,1,0,0,0,
vc-1719-153,1719-06-02,1719,1,0,0,0,
vc-1719-154,1719-06-03,1719,1,0,0,0,
vc-1719-155,1719-06-04,1719,1,1,0,0,general
vc-1719-156,1719-06-05,1719,1,1,0,0,general
vc-1719-157,1719-06-06,1719,1,0,0,0,
vc-1719-158,1719-06-07,1719,1,1,0,0,general
vc-1719-159,1719-06-08,1719,1,0,0,0,
vc-1719-160,1719-06-09,1719,1,0,0,0,
vc-1719-161,1719-06-10,1719,1,0,0,0,
vc-1719-162,1719-06-11,1719,1,0,0,0,
vc-1719-163,1719-06-12,1719,1,1,0,0,general
vc-1719-164,1719-06-13,1719,1,1,0,0,general
vc-1719-165,1719-06-14,1719,1,0,0,0,
vc-1719-166,1719-06-15,1719,1,1,0,0,general
vc-1719-167,1719-06-16,1719,1,0,0,0,
vc-1719-168,1719-06-17,1719,1,1,0,0,general
vc-1719-169,1719-06-18,1719,1,0,0,0,
vc-1719-170,1719-06-19,1719,1,0,0,0,
vc-1719-171,1719-06-20,1719,1,1,0,0,general
vc-1719-172,1719-06-21,1719,1,0,0,0,
vc-1719-173,1719-06-22,1719,1,1,0,0,general
vc-1719-174,1719-06-23,1719,1,1,0,0,general
vc-1719-175,1719-06-24,1719,1,0,0,0,
vc-1719-176,1719-06-25,1719,1,1,0,0,general
vc-1719-177,1719-06-26,1719,1,1,0,0,general
vc-1719-178,1719-06-27,1719,1,0,0,0,
vc-1719-179,1719-06-28,1719,1,1,0,0,general
vc-1719-180,1719-06-29,1719,1,0,0,0,
vc-1719-181,1719-06-30,1719,1,1,0,0,general
vc-1719-182,1719-07-01,1719,1,0,0,0,
vc-1719-183,1719-07-02,1719,1,1,0,0,general
vc-1719-184,1719-07-03,1719,1,1,0,0,general
vc-1719-185,1719-07-04,1719,1,0,0,0,
vc-1719-186,1719-07-05,1719,1,0,0,0,
vc-1719-187,1719-07-06,1719,1,0,0,0,
vc-1719-188,1719-07-07,1719,1,0,0,0,
vc-1719-189,1719-07-08,1719,1,1,0,1,soldiers_sailors
vc-1719-190,1719-07-09,1719,1,1,0,0,general
vc-1719-191,1719-07-10,1719,1,0,0,0,
vc-1719-192,1719-07-11,1719,1,0,0,0,
vc-1719-193,1719-07-12,1719,1,1,0,0,general
vc-1719-194,1719-07-13,1719,1,1,0,1,general
vc-1719-195,1719-07-14,1719,1,0,0,0,
vc-1719-196,1719-07-15,1719,1,1,0,0,general
vc-1719-197,1719-07-16,1719,1,0,0,0,
vc-1719-198,1719-07-17,1719,1,0,0,0,
vc-1719-199,1719-07-18,1719,1,1,0,0,general
vc-1719-200,1719-07-19,1719,1,0,0,0,
vc-1719-201,1719-07-20,1719,1,1,0,0,general
vc-1719-202,1719-07-21,1719,1,1,0,0,general
vc-1719-203,1719-07-22,1719,1,1,0,0,general
vc-1719-204,1719-07-23,1719,1,0,0,0,
vc-1719-205,1719-07-24,1719,1,0,0,0,
vc-1719-206,1719-07-25,1719,1,0,0,0,
vc-1719-207,1719-07-26,1719,1,1,0,0,general
vc-1719-208,1719-07-27,1719,1,0,0,0,
vc-1719-209,1719-07-28,1719,1,0,0,0,
vc-1719-210,1719-07-29,1719,1,1,0,0,general
vc-1719-211,1719-07-30,1719,1,0,0,0,
vc-1719-212,1719-07-31,1719,1,1,0,0,general
vc-1719-213,1719-08-01,1719,1,0,0,0,
vc-1719-214,1719-08-02,1719,1,0,0,0,
vc-1719-215,1719-08-03,1719,1,0,0,0,
vc-1719-216,1719-08-04,1719,1,0,0,0,
vc-1719-217,1719-08-05,1719,1,1,0,0,general
vc-1719-218,1719-08-06,1719,1,1,0,0,general
vc-1719-219,1719-08-07,1719,1,0,0,0,
vc-1719-220,1719-08-08,1719,1,0,0,0,
vc-1719-221,1719-08-09,1719,1,1,0,0,general
vc-1719-222,1719-08-10,1719,1,0,0,0,
vc-1719-223,1719-08-11,1719,1,0,0,0,
vc-1719-224,1719-08-12,1719,1,0,0,0,
vc-1719-225,1719-08-13,1719,1,0,0,0,
vc-1719-226,1719-08-14,1719,1,1,0,0,general
vc-1719-227,1719-08-15,1719,1,0,0,0,
vc-1719-228,1719-08-16,1719,1,0,0,0,
vc-1719-229,1719-08-17,1719,1,1,0,0,private_slaves|settlers
vc-1719-230,1719-08-18,1719,1,0,0,0,
vc-1719-231,1719-08-19,1719,1,0,0,0,
vc-1719-232,1719-08-20,1719,1,0,0,0,
vc-1719-233,1719-08-21,1719,1,0,0,0,
vc-1719-234,1719-08-22,1719,1,0,0,0,
vc-1719-235,1719-08-23,1719,1,1,0,0,general
vc-1719-236,1719-08-24,1719,1,0,0,0,
vc-1719-237,1719-08-25,1719,1,1,0,0,general
vc-1719-238,1719-08-26,1719,1,0,0,0,
vc-1719-239,1719-08-27,1719,1,0,0,0,
vc-1719-240,1719-08-28,1719,1,1,0,0,general
vc-1719-241,1719-08-29,1719,1,0,0,0,
vc-1719-242,1719-08-30,1719,1,0,0,0,
vc-1719-243,1719-08-31,1719,1,0,0,0,
vc-1719-244,1719-09-01,1719,1,1,0,0,general
vc-1719-245,1719-09-02,1719,1,1,0,0,general
vc-1719-246,1719-09-03,1719,1,0,0,0,
vc-1719-247,1719-09-04,1719,1,0,0,0,
vc-1719-248,1719-09-05,1719,1,0,0,0,
vc-1719-249,1719-09-06,1719,1,1,0,0,soldiers_sailors
vc-1719-250,1719-09-07,1719,1,0,0,0,
vc-1719-251,1719-09-08,1719,1,1,0,0,general
vc-1719-252,1719-09-09,1719,1,0,0,0,
vc-1719-253,1719-09-10,1719,1,0,0,0,
vc-1719-254,1719-09-11,1719,1,0,0,0,
vc-1719-255,1719-09-12,1719,1,0,0,0,
vc-1719-256,1719-09-13,1719,1,0,0,0,
vc-1719-257,1719-09-14,1719,1,1,0,0,general
vc-1719-258,1719-09-15,1719,1,0,0,0,
vc-1719-259,1719-09-16,1719,1,1,0,0,general
vc-1719-260,1719-09-17,1719,1,0,0,0,
vc-1719-261,1719-09-18,1719,1,1,0,0,general
vc-1719-262,1719-09-19,1719,1,0,0,0,
vc-1719-263,1719-09-20,1719,1,0,0,0,
vc-1719-264,1719-09-21,1719,1,0,0,0,
vc-1719-265,1719-09-22,1719,1,0,0,0,
vc-1719-266,1719-09-23,1719,1,1,0,0,general
vc-1719-267,1719-09-24,1719,1,1,0,0,general
vc-1719-268,1719-09-25,1719,1,1,0,0,general
vc-1719-269,1719-09-26,1719,1,1,0,0,general
vc-1719-270,1719-09-27,1719,1,1,0,0,general
vc-1719-271,1719-09-28,1719,1,0,0,0,
vc-1719-272,1719-09-29,1719,1,0,0,0,
vc-1719-273,1719-09-30,1719,1,0,0,0,
vc-1719-274,1719-10-01,1719,1,0,0,0,
vc-1719-275,1719-10-02,1719,1,1,0,0,settlers
vc-1719-276,1719-10-03,1719,1,0,0,0,
vc-1719-277,1719-10-04,1719,1,0,0,0,
vc-1719-278,1719-10-05,1719,1,0,0,0,
vc-1719-279,1719-10-06,1719,1,1,0,0,general
vc-1719-280,1719-10-07,1719,1,0,0,0,
vc-1719-281,1719-10-08,1719,1,0,0,0,
vc-1719-282,1719-10-09,1719,1,0,0,0,
vc-1719-283,1719-10-10,1719,1,0,0,0,
vc-1719-284,1719-10-11,1719,1,1,0,0,general
vc-1719-285,1719-10-12,1719,1,0,0,0,
vc-1719-286,1719-10-13,1719,1,1,0,0,general
vc-1719-287,1719-10-14,1719,1,0,0,0,
vc-1719-288,1719-10-15,1719,1,1,0,0,general
vc-1719-289,1719-10-16,1719,1,0,0,0,
vc-1719-290,1719-10-17,1719,1,0,0,0,
vc-1719-291,1719-10-18,1719,1,0,0,0,
vc-1719-292,1719-10-19,1719,1,0,0,0,
vc-1719-293,1719-10-20,1719,1,1,0,0,settlers
vc-1719-294,1719-10-21,1719,1,1,0,0,general
vc-1719-295,1719-10-22,1719,1,1,0,0,general
vc-1719-296,1719-10-23,1719,1,0,0,0,
vc-1719-297,1719-10-24,1719,1,0,0,0,
vc-1719-298,1719-10-25,1719,1,0,0,0,
vc-1719-299,1719-10-26,1719,1,0,0,0,
vc-1719-300,1719-10-27,1719,1,0,0,0,
vc-1719-301,1719-10-28,1719,1,0,0,0,
vc-1719-302,1719-10-29,1719,1,0,0,0,
vc-1719-303,1719-10-30,1719,1,0,0,0,
vc-1719-304,1719-10-31,1719,1,0,0,0,
vc-1719-305,1719-11-01,1719,1,0,0,0,
vc-1719-306,1719-11-02,1719,1,1,0,0,general
vc-1719-307,1719-11-03,1719,1,0,0,0,
vc-1719-308,1719-11-04,1719,1,1,0,0,general
vc-1719-309,1719-11-05,1719,1,0,0,0,
vc-1719-310,1719-11-06,1719,1,1,0,0,general
vc-1719-311,1719-11-07,1719,1,0,0,0,
vc-1719-312,1719-11-08,1719,1,0,0,0,
vc-1719-313,1719-11-09,1719,1,0,0,0,
vc-1719-314,1719-11-10,1719,1,0,0,0,
vc-1719-315,1719-11-11,1719,1,1,0,0,general
vc-1719-316,1719-11-12,1719,1,0,0,0,
vc-1719-317,1719-11-13,1719,1,0,0,0,
vc-1719-318,1719-11-14,1719,1,0,0,0,
vc-1719-319,1719-11-15,1719,1,0,0,0,
vc-1719-320,1719-11-16,1719,1,0,0,0,
vc-1719-321,1719-11-17,1719,1,0,0,0,
vc-1719-322,1719-11-18,1719,1,0,0,0,
vc-1719-323,1719-11-19,1719,1,1,0,0,general
vc-1719-324,1719-11-20,1719,1,0,0,0,
vc-1719-325,1719-11-21,1719,1,0,0,0,
vc-1719-326,1719-11-22,1719,1,1,0,0,general
vc-1719-327,1719-11-23,1719,1,0,0,0,
vc-1719-328,1719-11-24,1719,1,1,0,0,general
vc-1719-329,1719-11-25,1719,1,1,0,0,general
vc-1719-330,1719-11-26,1719,1,1,0,0,general
vc-1719-331,1719-11-27,1719,1,1,0,0,general
vc-1719-332,1719-11-28,1719,1,0,0,0,
vc-1719-333,1719-11-29,1719,1,1,0,0,general
vc-1719-334,1719-11-30,1719,1,0,0,0,
vc-1719-335,1719-12-01,1719,1,0,0,0,
vc-1719-336,1719-12-02,1719,1,0,0,0,
vc-1719-337,1719-12-03,1719,1,0,0,0,
vc-1719-338,1719-12-04,1719,1,1,0,0,general
vc-1719-339,1719-12-05,1719,1,1,0,0,general
vc-1719-340,1719-12-06,1719,1,0,0,0,
vc-1719-341,1719-12-07,1719,1,1,0,0,general
vc-1719-342,1719-12-08,1719,1,0,0,0,
vc-1719-343,1719-12-09,1719,1,1,0,0,general
vc-1719-344,1719-12-10,1719,1,0,0,0,
vc-1719-345,1719-12-11,1719,1,0,0,0,
vc-1719-346,1719-12-12,1719,1,0,0,0,
vc-1719-347,1719-12-13,1719,1,0,0,0,
vc-1719-348,1719-12-14,1719,1,0,0,0,
vc-1719-349,1719-12-15,1719,1,0,0,0,
vc-1719-350,1719-12-16,1719,1,1,0,0,general
vc-1719-351,1719-12-17,1719,1,0,0,0,
vc-1719-352,1719-12-18,1719,1,0,0,0,
vc-1719-353,1719-12-19,1719,1,0,0,0,
vc-1719-354,1719-12-20,1719,1,0,0,0,
vc-1719-355,1719-12-21,1719,1,0,0,0,
vc-1719-356,1719-12-22,1719,1,0,0,0,
vc-1719-357,1719-12-23,1719,1,1,0,0,general
vc-1719-358,1719-12-24,1719,1,0,0,0,
vc-1719-359,1719-12-25,1719,1,0,0,0,
vc-1719-360,1719-12-26,1719,1,0,0,0,
vc-1719-361,1719-12-27,1719,1,0,0,0,
vc-1719-362,1719-12-28,1719,1,0,0,0,
vc-1719-363,1719-12-29,1719,1,0,0,0,
vc-1719-364,1719-12-30,1719,1,1,0,0,general
vc-1719-365,1719-12-31,1719,1,0,0,0,
vc-1720-1,1720-01-01,1720,1,0,0,0,
vc-1720-2,1720-01-02,1720,1,1,0,0,general
vc-1720-3,1720-01-03,1720,1,0,0,0,
vc-1720-4,1720-01-04,1720,1,0,0,0,
vc-1720-5,1720-01-05,1720,1,1,0,0,general
vc-1720-6,1720-01-06,1720,1,0,0,0,
vc-1720-7,1720-01-07,1720,1,0,0,0,
vc-1720-8,1720-01-08,1720,1,0,0,0,
vc-1720-9,1720-01-09,1720,1,0,0,0,
vc-1720-10,1720-01-10,1720,1,0,0,0,
vc-1720-11,1720-01-11,1720,1,1,0,1,general
vc-1720-12,1720-01-12,1720,1,0,0,0,
vc-1720-13,1720-01-13,1720,1,0,0,0,
vc-1720-14,1720-01-14,1720,1,0,0,0,
vc-1720-15,1720-01-15,1720,1,1,0,0,general
vc-1720-16,1720-01-16,1720,1,0,0,0,
vc-1720-17,1720-01-17,1720,1,0,0,0,
vc-1720-18,1720-01-18,1720,1,1,0,0,general
vc-1720-19,1720-01-19,1720,1,0,0,0,
vc-1720-20,1720-01-20,1720,1,1,0,0,general
vc-1720-21,1720-01-21,1720,1,0,0,0,
vc-1720-22,1720-01-22,1720,1,1,0,0,general
vc-1720-23,1720-01-23,1720,1,0,0,0,
vc-1720-24,1720-01-24,1720,1,0,0,0,
vc-1720-25,1720-01-25,1720,1,0,0,0,
vc-1720-26,1720-01-26,1720,1,0,0,0,
vc-1720-27,1720-01-27,1720,1,1,0,0,general
vc-1720-28,1720-01-28,1720,1,1,0,0,general
vc-1720-29,1720-01-29,1720,1,0,0,0,
vc-1720-30,1720-01-30,1720,1,0,0,0,
vc-1720-31,1720-01-31,1720,1,1,0,0,company_slaves
vc-1720-32,1720-02-01,1720,1,0,0,0,
vc-1720-33,1720-02-02,1720,1,0,0,0,
vc-1720-34,1720-02-03,1720,1,1,0,0,general
vc-1720-35,1720-02-04,1720,1,0,0,0,
vc-1720-36,1720-02-05,1720,1,1,0,0,settlers
vc-1720-37,1720-02-06,1720,1,0,0,0,
vc-1720-38,1720-02-07,1720,1,1,0,0,general
vc-1720-39,1720-02-08,1720,1,0,0,0,
vc-1720-40,1720-02-09,1720,1,1,0,0,general
vc-1720-41,1720-02-10,1720,1,0,0,0,
vc-1720-42,1720-02-11,1720,1,1,0,0,general
vc-1720-43,1720-02-12,1720,1,1,0,0,general
vc-1720-44,1720-02-13,1720,1,0,0,0,
vc-1720-45,1720-02-14,1720,1,0,0,0,
vc-1720-46,1720-02-15,1720,1,0,0,0,
vc-1720-47,1720-02-16,1720,1,0,0,0,
vc-1720-48,1720-02-17,1720,1,1,0,0,soldiers_sailors
vc-1720-49,1720-02-18,1720,1,1,0,1,general
vc-1720-50,1720-02-19,1720,1,0,0,0,
vc-1720-51,1720-02-20,1720,1,0,0,0,
vc-1720-52,1720-02-21,1720,1,0,0,0,
vc-1720-53,1720-02-22,1720,1,1,0,0,general
vc-1720-54,1720-02-23,1720,1,0,0,0,
vc-1720-55,1720-02-24,1720,1,1,0,0,general
vc-1720-56,1720-02-25,1720,1,1,0,0,general
vc-1720-57,1720-02-26,1720,1,0,0,0,
vc-1720-58,1720-02-27,1720,1,0,0,0,
vc-1720-59,1720-02-28,1720,1,0,0,0,
vc-1720-60,1720-02-29,1720,1,1,0,0,private_slaves
vc-1720-61,1720-03-01,1720,1,0,0,0,
vc-1720-62,1720-03-02,1720,1,1,0,0,general
vc-1720-63,1720-03-03,1720,1,1,0,0,general
vc-1720-64,1720-03-04,1720,1,0,0,0,
vc-1720-65,1720-03-05,1720,1,0,0,0,
vc-1720-66,1720-03-06,1720,1,0,0,0,
vc-1720-67,1720-03-07,1720,1,0,0,0,
vc-1720-68,1720-03-08,1720,1,0,0,0,
vc-1720-69,1720-03-09,1720,1,1,0,0,general
vc-1720-70,1720-03-10,1720,1,0,0,0,
vc-1720-71,1720-03-11,1720,1,0,0,0,
vc-1720-72,1720-03-12,1720,1,0,0,0,
vc-1720-73,1720-03-13,1720,1,0,0,0,
vc-1720-74,1720-03-14,1720,1,0,0,0,
vc-1720-75,1720-03-15,1720,1,1,0,0,general
vc-1720-76,1720-03-16,1720,1,0,0,0,
vc-1720-77,1720-03-17,1720,1,1,0,0,general
vc-1720-78,1720-03-18,1720,1,0,0,0,
vc-1720-79,1720-03-19,1720,1,0,0,0,
vc-1720-80,1720-03-20,1720,1,1,0,0,general
vc-1720-81,1720-03-21,1720,1,0,0,0,
vc-1720-82,1720-03-22,1720,1,1,0,0,general
vc-1720-83,1720-03-23,1720,1,0,0,0,
vc-1720-84,1720-03-24,1720,1,0,0,0,
vc-1720-85,1720-03-25,1720,1,0,0,0,
vc-1720-86,1720-03-26,1720,1,1,0,0,general
vc-1720-87,1720-03-27,1720,1,1,0,0,general
vc-1720-88,1720-03-28,1720,1,0,0,0,
vc-1720-89,1720-03-29,1720,1,0,0,0,
vc-1720-90,1720-03-30,1720,1,1,0,0,general
vc-1720-91,1720-03-31,1720,1,1,0,0,company_slaves
vc-1720-92,1720-04-01,1720,1,0,0,0,
vc-1720-93,1720-04-02,1720,1,1,0,0,general
vc-1720-94,1720-04-03,1720,1,0,0,0,
vc-1720-95,1720-04-04,1720,1,0,0,0,
vc-1720-96,1720-04-05,1720,1,0,0,0,
vc-1720-97,1720-04-06,1720,1,0,0,0,
vc-1720-98,1720-04-07,1720,1,1,0,0,general
vc-1720-99,1720-04-08,1720,1,0,0,0,
vc-1720-100,1720-04-09,1720,1,1,0,0,general
vc-1720-101,1720-04-10,1720,1,0,0,0,
vc-1720-102,1720-04-11,1720,1,0,0,0,
vc-1720-103,1720-04-12,1720,1,1,0,0,general
vc-1720-104,1720-04-13,1720,1,1,0,0,general
vc-1720-105,1720-04-14,1720,1,0,0,0,
vc-1720-106,1720-04-15,1720,1,0,0,0,
vc-1720-107,1720-04-16,1720,1,0,0,0,
vc-1720-108,1720-04-17,1720,1,1,0,0,general
vc-1720-109,1720-04-18,1720,1,0,0,0,
vc-1720-110,1720-04-19,1720,1,1,0,0,general
vc-1720-111,1720-04-20,1720,1,1,0,0,general
vc-1720-112,1720-04-21,1720,1,0,0,0,
vc-1720-113,1720-04-22,1720,1,1,0,0,general
vc-1720-114,1720-04-23,1720,1,0,0,0,
vc-1720-115,1720-04-24,1720,1,0,0,0,
vc-1720-116,1720-04-25,1720,1,0,0,0,
vc-1720-117,1720-04-26,1720,1,1,0,0,general
vc-1720-118,1720-04-27,1720,1,1,0,0,general
vc-1720-119,1720-04-28,1720,1,0,0,0,
vc-1720-120,1720-04-29,1720,1,0,0,0,
vc-1720-121,1720-04-30,1720,1,1,0,0,company_slaves
vc-1720-122,1720-05-01,1720,1,0,0,0,
vc-1720-123,1720-05-02,1720,1,0,0,0,
vc-1720-124,1720-05-03,1720,1,0,0,0,
vc-1720-125,1720-05-04,1720,1,1,0,0,general
vc-1720-126,1720-05-05,1720,1,1,0,0,general
vc-1720-127,1720-05-06,1720,1,1,0,0,general
vc-1720-128,1720-05-07,1720,1,0,0,0,
vc-1720-129,1720-05-08,1720,1,0,0,0,
vc-1720-130,1720-05-09,1720,1,1,0,0,general
vc-1720-131,1720-05-10,1720,1,0,0,0,
vc-1720-132,1720-05-11,1720,1,0,0,0,
vc-1720-133,1720-05-12,1720,1,0,0,0,
vc-1720-134,1720-05-13,1720,1,0,0,0,
vc-1720-135,1720-05-14,1720,1,1,0,0,general
vc-1720-136,1720-05-15,1720,1,0,0,0,
vc-1720-137,1720-05-16,1720,1,0,0,0,
vc-1720-138,1720-05-17,1720,1,0,0,0,
vc-1720-139,1720-05-18,1720,1,0,0,0,
vc-1720-140,1720-05-19,1720,1,0,0,0,
vc-1720-141,1720-05-20,1720,1,0,0,0,
vc-1720-142,1720-05-21,1720,1,0,0,0,
vc-1720-143,1720-05-22,1720,1,1,0,0,general
vc-1720-144,1720-05-23,1720,1,1,0,0,general
vc-1720-145,1720-05-24,1720,1,1,0,0,general
vc-1720-146,1720-05-25,1720,1,0,0,0,
vc-1720-147,1720-05-26,1720,1,0,0,0,
vc-1720-148,1720-05-27,1720,1,1,0,0,settlers
vc-1720-149,1720-05-28,1720,1,0,0,0,
vc-1720-150,1720-05-29,1720,1,1,0,0,general
vc-1720-151,1720-05-30,1720,1,1,0,0,general
vc-1720-152,1720-05-31,1720,1,1,0,0,company_slaves
vc-1720-153,1720-06-01,1720,1,0,0,0,
vc-1720-154,1720-06-02,1720,1,0,0,0,
vc-1720-155,1720-06-03,1720,1,1,0,0,general
vc-1720-156,1720-06-04,1720,1,0,0,0,
vc-1720-157,1720-06-05,1720,1,0,0,0,
vc-1720-158,1720-06-06,1720,1,1,0,0,general
vc-1720-159,1720-06-07,1720,1,1,0,0,general
vc-1720-160,1720-06-08,1720,1,1,0,0,khoesan
vc-1720-161,1720-06-09,1720,1,0,0,0,
vc-1720-162,1720-06-10,1720,1,0,0,0,
vc-1720-163,1720-06-11,1720,1,0,0,0,
vc-1720-164,1720-06-12,1720,1,0,0,0,
vc-1720-165,1720-06-13,1720,1,1,0,0,general
vc-1720-166,1720-06-14,1720,1,1,0,0,general
vc-1720-167,1720-06-15,1720,1,1,0,1,general
vc-1720-168,1720-06-16,1720,1,0,0,0,
vc-1720-169,1720-06-17,1720,1,0,0,0,
vc-1720-170,1720-06-18,1720,1,0,0,0,
vc-1720-171,1720-06-19,1720,1,0,0,0,
vc-1720-172,1720-06-20,1720,1,0,0,0,
vc-1720-173,1720-06-21,1720,1,0,0,0,
vc-1720-174,1720-06-22,1720,1,0,0,0,
vc-1720-175,1720-06-23,1720,1,0,0,0,
vc-1720-176,1720-06-24,1720,1,0,0,0,
vc-1720-177,1720-06-25,1720,1,0,0,0,
vc-1720-178,1720-06-26,1720,1,0,0,0,
vc-1720-179,1720-06-27,1720,1,1,0,0,general
vc-1720-180,1720-06-28,1720,1,0,0,0,
vc-1720-181,1720-06-29,1720,1,0,0,0,
vc-1720-182,1720-06-30,1720,1,1,0,0,company_slaves
vc-1720-183,1720-07-01,1720,1,0,0,0,
vc-1720-184,1720-07-02,1720,1,0,0,0,
vc-1720-185,1720-07-03,1720,1,0,0,0,
vc-1720-186,1720-07-04,1720,1,1,0,0,general
vc-1720-187,1720-07-05,1720,1,0,0,0,
vc-1720-188,1720-07-06,1720,1,0,0,0,
vc-1720-189,1720-07-07,1720,1,0,0,0,
vc-1720-190,1720-07-08,1720,1,0,0,0,
vc-1720-191,1720-07-09,1720,1,0,0,0,
vc-1720-192,1720-07-10,1720,1,0,0,0,
vc-1720-193,1720-07-11,1720,1,1,0,0,general
vc-1720-194,1720-07-12,1720,1,0,0,0,
vc-1720-195,1720-07-13,1720,1,0,0,0,
vc-1720-196,1720-07-14,1720,1,0,0,0,
vc-1720-197,1720-07-15,1720,1,0,0,0,
vc-1720-198,1720-07-16,1720,1,0,0,0,
vc-1720-199,1720-07-17,1720,1,0,0,0,
vc-1720-200,1720-07-18,1720,1,1,0,0,private_slaves
vc-1720-201,1720-07-19,1720,1,0,0,0,
vc-1720-202,1720-07-20,1720,1,0,0,0,
vc-1720-203,1720-07-21,1720,1,1,0,0,general
vc-1720-204,1720-07-22,1720,1,0,0,0,
vc-1720-205,1720-07-23,1720,1,0,0,0,
vc-1720-206,1720-07-24,1720,1,0,0,0,
vc-1720-207,1720-07-25,1720,1,1,0,0,general
vc-1720-208,1720-07-26,1720,1,0,0,0,
vc-1720-209,1720-07-27,1720,1,1,0,0,general
vc-1720-210,1720-07-28,1720,1,0,0,0,
vc-1720-211,1720-07-29,1720,1,0,0,0,
vc-1720-212,1720-07-30,1720,1,1,0,0,general
vc-1720-213,1720-07-31,1720,1,1,0,0,private_slaves
vc-1720-214,1720-08-01,1720,1,0,0,0,
vc-1720-215,1720-08-02,1720,1,0,0,0,
vc-1720-216,1720-08-03,1720,1,0,0,0,
vc-1720-217,1720-08-04,1720,1,0,0,0,
vc-1720-218,1720-08-05,1720,1,0,0,0,
vc-1720-219,1720-08-06,1720,1,0,0,0,
vc-1720-220,1720-08-07,1720,1,0,0,0,
vc-1720-221,1720-08-08,1720,1,0,0,0,
vc-1720-222,1720-08-09,1720,1,0,0,0,
vc-1720-223,1720-08-10,1720,1,1,0,0,general
vc-1720-224,1720-08-11,1720,1,0,0,0,
vc-1720-225,1720-08-12,1720,1,0,0,0,
vc-1720-226,1720-08-13,1720,1,0,0,0,
vc-1720-227,1720-08-14,1720,1,0,0,0,
vc-1720-228,1720-08-15,1720,1,0,0,0,
vc-1720-229,1720-08-16,1720,1,0,0,0,
vc-1720-230,1720-08-17,1720,1,1,0,0,general
vc-1720-231,1720-08-18,1720,1,0,0,0,
vc-1720-232,1720-08-19,1720,1,0,0,0,
vc-1720-233,1720-08-20,1720,1,0,0,0,
vc-1720-234,1720-08-21,1720,1,1,0,0,general
vc-1720-235,1720-08-22,1720,1,0,0,0,
vc-1720-236,1720-08-23,1720,1,0,0,0,
vc-1720-237,1720-08-24,1720,1,0,0,0,
vc-1720-238,1720-08-25,1720,1,0,0,0,
vc-1720-239,1720-08-26,1720,1,0,0,0,
vc-1720-240,1720-08-27,1720,1,0,0,0,
vc-1720-241,1720-08-28,1720,1,1,0,0,general
vc-1720-242,1720-08-29,1720,1,1,0,0,general
vc-1720-243,1720-08-30,1720,1,1,0,0,general
vc-1720-244,1720-08-31,1720,1,1,0,1,company_slaves|settlers
vc-1720-245,1720-09-01,1720,1,1,0,0,general
vc-1720-246,1720-09-02,1720,1,1,0,0,general
vc-1720-247,1720-09-03,1720,1,1,0,0,general
vc-1720-248,1720-09-04,1720,1,0,0,0,
vc-1720-249,1720-09-05,1720,1,1,0,0,general
vc-1720-250,1720-09-06,1720,1,1,0,0,general
vc-1720-251,1720-09-07,1720,1,1,0,0,general
vc-1720-252,1720-09-08,1720,1,1,0,0,general
vc-1720-253,1720-09-09,1720,1,1,0,0,general
vc-1720-254,1720-09-10,1720,1,1,0,0,general
vc-1720-255,1720-09-11,1720,1,0,0,0,
vc-1720-256,1720-09-12,1720,1,0,0,0,
vc-1720-257,1720-09-13,1720,1,0,0,0,
vc-1720-258,1720-09-14,1720,1,0,0,0,
vc-1720-259,1720-09-15,1720,1,0,0,0,
vc-1720-260,1720-09-16,1720,1,0,0,0,
vc-1720-261,1720-09-17,1720,1,0,0,0,
vc-1720-262,1720-09-18,1720,1,0,0,0,
vc-1720-263,1720-09-19,1720,1,0,0,0,
vc-1720-264,1720-09-20,1720,1,0,0,0,
vc-1720-265,1720-09-21,1720,1,0,0,0,
vc-1720-266,1720-09-22,1720,1,1,0,0,general
vc-1720-267,1720-09-23,1720,1,0,0,0,
vc-1720-268,1720-09-24,1720,1,0,0,0,
vc-1720-269,1720-09-25,1720,1,0,0,0,
vc-1720-270,1720-09-26,1720,1,0,0,0,
vc-1720-271,1720-09-27,1720,1,0,0,0,
vc-1720-272,1720-09-28,1720,1,1,0,1,general
vc-1720-273,1720-09-29,1720,1,0,0,0,
vc-1720-274,1720-09-30,1720,1,1,0,0,private_slaves
vc-1720-275,1720-10-01,1720,1,0,0,0,
vc-1720-276,1720-10-02,1720,1,1,0,0,general
vc-1720-277,1720-10-03,1720,1,0,0,0,
vc-1720-278,1720-10-04,1720,1,1,0,1,general
vc-1720-279,1720-10-05,1720,1,0,0,0,
vc-1720-280,1720-10-06,1720,1,0,0,0,
vc-1720-281,1720-10-07,1720,1,0,0,0,
vc-1720-282,1720-10-08,1720,1,0,0,0,
vc-1720-283,1720-10-09,1720,1,0,0,0,
vc-1720-284,1720-10-10,1720,1,0,0,0,
vc-1720-285,1720-10-11,1720,1,0,0,0,
vc-1720-286,1720-10-12,1720,1,0,0,0,
vc-1720-287,1720-10-13,1720,1,0,0,0,
vc-1720-288,1720-10-14,1720,1,0,0,0,
vc-1720-289,1720-10-15,1720,1,0,0,0,
vc-1720-290,1720-10-16,1720,1,0,0,0,
vc-1720-291,1720-10-17,1720,1,0,0,0,
vc-1720-292,1720-10-18,1720,1,0,0,0,
vc-1720-293,1720-10-19,1720,1,0,0,0,
vc-1720-294,1720-10-20,1720,1,0,0,0,
vc-1720-295,1720-10-21,1720,1,0,0,0,
vc-1720-296,1720-10-22,1720,1,0,0,0,
vc-1720-297,1720-10-23,1720,1,0,0,0,
vc-1720-298,1720-10-24,1720,1,0,0,0,
vc-1720-299,1720-10-25,1720,1,0,0,0,
vc-1720-300,1720-10-26,1720,1,1,0,0,general
vc-1720-301,1720-10-27,1720,1,1,0,0,general
vc-1720-302,1720-10-28,1720,1,1,0,0,general
vc-1720-303,1720-10-29,1720,1,0,0,0,
vc-1720-304,1720-10-30,1720,1,0,0,0,
vc-1720-305,1720-10-31,1720,1,1,0,0,company_slaves
vc-1720-306,1720-11-01,1720,1,1,0,0,general
vc-1720-307,1720-11-02,1720,1,0,0,0,
vc-1720-308,1720-11-03,1720,1,0,0,0,
vc-1720-309,1720-11-04,1720,1,0,0,0,
vc-1720-310,1720-11-05,1720,1,0,0,0,
vc-1720-311,1720-11-06,1720,1,0,0,0,
vc-1720-312,1720-11-07,1720,1,0,0,0,
vc-1720-313,1720-11-08,1720,1,1,0,0,general
vc-1720-314,1720-11-09,1720,1,1,0,0,general
vc-1720-315,1720-11-10,1720,1,1,0,0,general
vc-1720-316,1720-11-11,1720,1,0,0,0,
vc-1720-317,1720-11-12,1720,1,0,0,0,
vc-1720-318,1720-11-13,1720,1,0,0,0,
vc-1720-319,1720-11-14,1720,1,0,0,0,
vc-1720-320,1720-11-15,1720,1,0,0,0,
vc-1720-321,1720-11-16,1720,1,0,0,0,
vc-1720-322,1720-11-17,1720,1,0,0,0,
vc-1720-323,1720-11-18,1720,1,0,0,0,
vc-1720-324,1720-11-19,1720,1,0,0,0,
vc-1720-325,1720-11-20,1720,1,0,0,0,
vc-1720-326,1720-11-21,1720,1,0,0,0,
vc-1720-327,1720-11-22,1720,1,1,0,0,general
vc-1720-328,1720-11-23,1720,1,1,0,0,general
vc-1720-329,1720-11-24,1720,1,1,0,0,general
vc-1720-330,1720-11-25,1720,1,0,0,0,
vc-1720-331,1720-11-26,1720,1,0,0,0,
vc-1720-332,1720-11-27,1720,1,0,0,0,
vc-1720-333,1720-11-28,1720,1,1,0,0,general
vc-1720-334,1720-11-29,1720,1,0,0,0,
vc-1720-335,1720-11-30,1720,1,1,0,0,private_slaves
vc-1720-336,1720-12-01,1720,1,0,0,0,
vc-1720-337,1720-12-02,1720,1,1,0,0,general
vc-1720-338,1720-12-03,1720,1,1,0,0,general
vc-1720-339,1720-12-04,1720,1,1,0,0,general
vc-1720-340,1720-12-05,1720,1,0,0,0,
vc-1720-341,1720-12-06,1720,1,0,0,0,
vc-1720-342,1720-12-07,1720,1,0,0,0,
vc-1720-343,1720-12-08,1720,1,0,0,0,
vc-1720-344,1720-12-09,1720,1,0,0,0,
vc-1720-345,1720-12-10,1720,1,0,0,0,
vc-1720-346,1720-12-11,1720,1,1,0,0,soldiers_sailors
vc-1720-347,1720-12-12,1720,1,0,0,0,
vc-1720-348,1720-12-13,1720,1,0,0,0,
vc-1720-349,1720-12-14,1720,1,0,0,0,
vc-1720-350,1720-12-15,1720,1,1,0,0,general
vc-1720-351,1720-12-16,1720,1,0,0,0,
vc-1720-352,1720-12-17,1720,1,0,0,0,
vc-1720-353,1720-12-18,1720,1,0,0,0,
vc-1720-354,1720-12-19,1720,1,0,0,0,
vc-1720-355,1720-12-20,1720,1,0,0,0,
vc-1720-356,1720-12-21,1720,1,0,0,0,
vc-1720-357,1720-12-22,1720,1,0,0,0,
vc-1720-358,1720-12-23,1720,1,0,0,0,
vc-1720-359,1720-12-24,1720,1,0,0,0,
vc-1720-360,1720-12-25,1720,1,0,0,0,
vc-1720-361,1720-12-26,1720,1,0,0,0,
vc-1720-362,1720-12-27,1720,1,0,0,0,
vc-1720-363,1720-12-28,1720,1,0,0,0,
vc-1720-364,1720-12-29,1720,1,0,0,0,
vc-1720-365,1720-12-30,1720,1,1,0,0,general
vc-1720-366,1720-12-31,1720,1,1,0,0,company_slaves
