case_id,labels
P0001,C01=ALBERTS|JOHANNES|Swellendam
P0002,C01=ALBERTS|JOHANNES|Swellendam
P0003,C01=AUCAMP|PIETER|Graaff-Reinet
P0004,C01=BADENHORST|FRANS HENDRIK|Swellendam || C02=BADENHORST|BAREND|Swellendam || C03=BADENHORST|LOURENS|Swellendam || C04=BADENHORST|BERNARDUS|Swellendam || C05=BADENHORST|WESSEL JOHANNES|Swellendam || C06=BADENHORST|PIETER JOHANNES|Swellendam || C07=BADENHORST|CASPER HENDRIK|Swellendam || C08=BADENHORST|PETRUS JOHANNES|Swellendam || C09=BADENHORST|LOURENS PETRUS|Swellendam || C10=BADENHORST|JAN HENDRIK|Swellendam
P0005,C01=BADENHORST|PIETER JOHANNES|Swellendam || C02=BADENHORST|LOURENS PETRUS|Swellendam || C03=BADENHORST|CASPER HENDRIK|Swellendam || C04=BADENHORST|JAN HENDRIK|Swellendam || C05=BADENHORST|LOURENS|Swellendam || C06=BADENHORST|BERNARDUS|Swellendam || C07=BADENHORST|FRANS HENDRIK|Swellendam || C08=BADENHORST|PETRUS JOHANNES|Swellendam || C09=BADENHORST|BAREND|Swellendam || C10=BADENHORST|WESSEL JOHANNES|Swellendam
P0006,C01=BADENHORST|GERHARDUS JOHANNES|Somerset || C02=BADENHORST|CASPER HENDRIK|Somerset || C03=BADENHORST|HENDRIK|Graaff-Reinet
P0007,C01=BADENHORST|HENDRIK|Graaff-Reinet || C02=BADENHORST|CASPER HENDRIK|Somerset || C03=BADENHORST|GERHARDUS JOHANNES|Somerset
P0008,C01=BADENHORST|HENDRIK|Graaff-Reinet || C02=BADENHORST|GERHARDUS JOHANNES|Somerset || C03=BADENHORST|CASPER HENDRIK|Somerset
P0009,C01=BADENHORST|HENDRIK|Graaff-Reinet || C02=BADENHORST|GERHARDUS JOHANNES|Somerset || C03=BADENHORST|CASPER HENDRIK|Somerset
P0010,C01=BADENHORST|CASPER HENDRIK|Somerset || C02=BADENHORST|GERHARDUS JOHANNES|Somerset || C03=BADENHORST|HENDRIK|Graaff-Reinet
P0011,C01=BADENHORST|GERHARDUS JOHANNES|Somerset || C02=BADENHORST|CASPER HENDRIK|Somerset || C03=BADENHORST|HENDRIK|Graaff-Reinet
P0012,C01=BASSON|NICOLAAS JOHANNES|Uitenhage
P0013,C01=BASSON|WILLEM JOHANNES|Graaff-Reinet || C02=BASSON|WILLEM DIEDERIK|Graaff-Reinet
P0014,C01=BASSON|NICOLAAS JOHANNES|Uitenhage
P0015,C01=BEETGE|JOHANNES ANDRIES|Graaff-Reinet
P0016,C01=BEKKER|JOHANNES STEPHANUS|Uitenhage || C02=BEKKER|PETRUS|Uitenhage
P0017,C01=BEKKER|PETRUS|Uitenhage || C02=BEKKER|JOHANNES STEPHANUS|Uitenhage
P0018,C01=BEKKER|MARTINUS JOHANNES|George || C02=BEKKER|JOHANNES HENDRIK|George
P0019,C01=BEKKER|JOHANNES HENDRIK|George || C02=BEKKER|MARTINUS JOHANNES|George
P0020,C01=BEKKER|JOHANNES STEPHANUS|Uitenhage || C02=BEKKER|PETRUS|Uitenhage
P0021,C01=BESTER|ANDRIES|Swellendam || C02=BESTER|HERMANUS JACOBUS|Swellendam || C03=BESTER|MARIA ELIZABETH|Swellendam || C04=BESTER|CASPER HERMANUS|Swellendam || C05=BESTER|CHRISTIAAN|Swellendam
P0022,C01=BESTER|MARIA ELIZABETH|Swellendam || C02=BESTER|HERMANUS JACOBUS|Swellendam || C03=BESTER|ANDRIES|Swellendam || C04=BESTER|CHRISTIAAN|Swellendam || C05=BESTER|CASPER HERMANUS|Swellendam
P0023,C01=BESTER|BAREND JACOBUS|Albany || C02=BESTER|JACOBUS JOHANNES|Albany || C03=BESTER|THEUNIS CHRISTIAAN|Albany || C04=BESTER|PAUL MICHIEL|Albany || C05=BESTER|WILLEM ABRAHAM|Somerset || C06=BESTER|ANDRIES|Somerset || C07=BESTER|PAUL DIRK|Somerset
P0024,C01=BESTER|WILLEM ABRAHAM|Somerset || C02=BESTER|THEUNIS CHRISTIAAN|Albany || C03=BESTER|JACOBUS JOHANNES|Albany || C04=BESTER|ANDRIES|Somerset || C05=BESTER|PAUL MICHIEL|Albany || C06=BESTER|BAREND JACOBUS|Albany || C07=BESTER|PAUL DIRK|Somerset
P0025,C01=BESTER|WILLEM ABRAHAM|Somerset || C02=BESTER|ANDRIES|Somerset || C03=BESTER|PAUL DIRK|Somerset
P0026,C01=BESTER|BAREND JACOBUS|Albany || C02=BESTER|PAUL MICHIEL|Albany || C03=BESTER|JACOBUS JOHANNES|Albany || C04=BESTER|THEUNIS CHRISTIAAN|Albany
P0027,C01=BEUKES|MATTHEUS GERHARDUS|Somerset || C02=BEUKES|JAN ANDRIES|Somerset
P0028,C01=BEUKES|MATTHEUS GERHARDUS|Somerset || C02=BEUKES|JAN ANDRIES|Somerset
P0029,C01=BEUKES|HENDRIK JACOBUS|Swellendam || C02=BEUKES|MATTHYS GERHARDUS|Swellendam || C03=BEUKES|GERHARDUS JOHANNES|Swellendam || C04=BEUKES|ROELOF JOHANNES|Swellendam || C05=BEUKES|PETRUS JACOBUS|Swellendam || C06=BEUKES|PETRUS JOHANNES|Swellendam || C07=BEUKES|BAREND ADRIAAN|Swellendam
P0030,C01=BEZUIDENHOUT|ANNA CATHARINA|Beaufort || C02=BEZUIDENHOUT|GERRIT PIETER|Beaufort || C03=BEZUIDENHOUT|JOHANNES|Beaufort
P0031,C01=BEZUIDENHOUT|JOHANNES|Beaufort || C02=BEZUIDENHOUT|GERRIT PIETER|Beaufort || C03=BEZUIDENHOUT|ANNA CATHARINA|Beaufort
P0032,C01=BEZUIDENHOUT|GERRIT PIETER|Beaufort || C02=BEZUIDENHOUT|JOHANNES|Beaufort || C03=BEZUIDENHOUT|ANNA CATHARINA|Beaufort
P0033,C01=BEZUIDENHOUT|GERRIT PIETER|Beaufort || C02=BEZUIDENHOUT|JOHANNES|Beaufort || C03=BEZUIDENHOUT|ANNA CATHARINA|Beaufort
P0034,C01=BEZUIDENHOUT|JOHANNES|Beaufort || C02=BEZUIDENHOUT|GERRIT PIETER|Beaufort || C03=BEZUIDENHOUT|ANNA CATHARINA|Beaufort
P0035,C01=BEZUIDENHOUT|GERRIT PIETER|Beaufort || C02=BEZUIDENHOUT|ANNA CATHARINA|Beaufort || C03=BEZUIDENHOUT|JOHANNES|Beaufort
P0036,C01=BOOYSEN|JACOBUS|Graaff-Reinet || C02=BOOYSEN|JAN HENDRIK|Graaff-Reinet
P0037,C01=BOSHOF|JACOBUS|Graaff-Reinet
P0038,C01=BOSHOF|JACOBUS|Graaff-Reinet
P0039,C01=BOSMAN|ISAAC DANIEL|Stellenbosch || C02=BOSMAN|MARIA|Stellenbosch || C03=BOSMAN|ELIZABETH RACHEL|Stellenbosch || C04=BOSMAN|PETRUS JACOBUS|Stellenbosch || C05=BOSMAN|HERMANUS STEPHANUS|Stellenbosch || C06=BOSMAN|WILLEM ADOLPH|Stellenbosch || C07=BOSMAN|ISAK JOHANNES|Stellenbosch || C08=BOSMAN|HERMANUS / STEPHANUS|Stellenbosch || C09=BOSMAN|DANIEL|Stellenbosch || C10=BOSMAN|FRANS PETRUS|Stellenbosch || C11=BOSMAN|HERMANUS LAMBERTUS|Stellenbosch || C12=BOSMAN|ISAAC PETRUS|Stellenbosch || C13=BOSMAN|JOHANNA M|Stellenbosch || C14=BOSMAN|ABRAHAM SR|Stellenbosch || C15=BOSMAN|JAN CHRISTOFFEL|Stellenbosch
P0040,C01=BOTES|ANDRIES STEPHANUS|Beaufort || C02=BOTES|JACOB|Beaufort || C03=BOTES|WIETSCHE - NA WORCESTER OORGEDRA|Beaufort
P0041,C01=BOTES|ANDRIES STEPHANUS|Beaufort || C02=BOTES|WIETSCHE - NA WORCESTER OORGEDRA|Beaufort || C03=BOTES|JACOB|Beaufort
P0042,C01=BOTES|WIETSCHE - NA WORCESTER OORGEDRA|Beaufort || C02=BOTES|JACOB|Beaufort || C03=BOTES|ANDRIES STEPHANUS|Beaufort
P0043,C01=BOTES|JACOB|Beaufort || C02=BOTES|ANDRIES STEPHANUS|Beaufort || C03=BOTES|WIETSCHE - NA WORCESTER OORGEDRA|Beaufort
P0044,C01=BOTES|JACOB|Beaufort || C02=BOTES|WIETSCHE - NA WORCESTER OORGEDRA|Beaufort || C03=BOTES|ANDRIES STEPHANUS|Beaufort
P0045,C01=BOTES|ANDRIES STEPHANUS|Beaufort || C02=BOTES|JACOB|Beaufort || C03=BOTES|WIETSCHE - NA WORCESTER OORGEDRA|Beaufort
P0046,C01=BOTHA|PETRUS JOHANNES|Graaff-Reinet || C02=BOTHA|WILLEM CHRISTIAAN|Graaff-Reinet || C03=BOTHA|JAN CHRISTOFFEL|Graaff-Reinet || C04=BOTHA|THEUNIS JOHANNES|Graaff-Reinet
P0047,C01=BOTHA|THEUNIS JACOBUS|Uitenhage || C02=BOTHA|IGNATIUS MICHIEL|Uitenhage || C03=BOTHA|CHRISTOFFEL JACOBUS|Somerset || C04=BOTHA|THEUNIS JOHANNES|Graaff-Reinet || C05=BOTHA|CHRISTOFFEL JACOBUS LODEW.|Somerset || C06=BOTHA|THEODORUS ERNST|Albany || C07=BOTHA|JOSEPH JOHANNES|Somerset || C08=BOTHA|THEUNIS|Somerset || C09=BOTHA|WILLEM CHRISTIAAN|Graaff-Reinet || C10=BOTHA|WILLEM JACOBUS|Somerset || C11=BOTHA|ANTONY|Somerset || C12=BOTHA|PAUL STEPHANUS|Somerset || C13=BOTHA|RUDOLPH PHILIP|Somerset || C14=BOTHA|PETRUS JOHANNES|Graaff-Reinet || C15=BOTHA|THEUNIS LOUIS|Somerset || C16=BOTHA|JAN CHRISTOFFEL|Graaff-Reinet || C17=BOTHA|JACOBUS THEODORUS|Uitenhage || C18=BOTHA|CHRISTOFFEL|Somerset || C19=BOTHA|PHILIP RUDOLPH|Somerset || C20=BOTHA|PIETER BAREND|Somerset || C21=BOTHA|JACOBUS PETRUS|Somerset || C22=BOTHA|THEUNIS CHRISTOFFEL|Somerset
P0048,C01=BOTHA|PIETER BAREND|Somerset || C02=BOTHA|JACOBUS THEODORUS|Uitenhage || C03=BOTHA|THEODORUS ERNST|Albany || C04=BOTHA|THEUNIS JACOBUS|Uitenhage || C05=BOTHA|THEUNIS LOUIS|Somerset || C06=BOTHA|JOSEPH JOHANNES|Somerset || C07=BOTHA|CHRISTOFFEL|Somerset || C08=BOTHA|CHRISTOFFEL JACOBUS|Somerset || C09=BOTHA|PAUL STEPHANUS|Somerset || C10=BOTHA|IGNATIUS MICHIEL|Uitenhage || C11=BOTHA|THEUNIS|Somerset || C12=BOTHA|JACOBUS PETRUS|Somerset || C13=BOTHA|WILLEM JACOBUS|Somerset || C14=BOTHA|THEUNIS CHRISTOFFEL|Somerset || C15=BOTHA|PETRUS JOHANNES|Graaff-Reinet || C16=BOTHA|JAN CHRISTOFFEL|Graaff-Reinet || C17=BOTHA|WILLEM CHRISTIAAN|Graaff-Reinet || C18=BOTHA|THEUNIS JOHANNES|Graaff-Reinet || C19=BOTHA|ANTONY|Somerset || C20=BOTHA|CHRISTOFFEL JACOBUS LODEW.|Somerset || C21=BOTHA|PHILIP RUDOLPH|Somerset || C22=BOTHA|RUDOLPH PHILIP|Somerset
P0049,C01=BOTHA|PHILIP RUDOLPH|Somerset || C02=BOTHA|PAUL STEPHANUS|Somerset || C03=BOTHA|THEUNIS JACOBUS|Uitenhage || C04=BOTHA|CHRISTOFFEL JACOBUS LODEW.|Somerset || C05=BOTHA|ANTONY|Somerset || C06=BOTHA|THEUNIS|Somerset || C07=BOTHA|PIETER BAREND|Somerset || C08=BOTHA|PETRUS JOHANNES|Graaff-Reinet || C09=BOTHA|THEODORUS ERNST|Albany || C10=BOTHA|THEUNIS JOHANNES|Graaff-Reinet || C11=BOTHA|CHRISTOFFEL JACOBUS|Somerset || C12=BOTHA|IGNATIUS MICHIEL|Uitenhage || C13=BOTHA|JACOBUS THEODORUS|Uitenhage || C14=BOTHA|THEUNIS CHRISTOFFEL|Somerset || C15=BOTHA|JOSEPH JOHANNES|Somerset || C16=BOTHA|THEUNIS LOUIS|Somerset || C17=BOTHA|CHRISTOFFEL|Somerset || C18=BOTHA|JACOBUS PETRUS|Somerset || C19=BOTHA|WILLEM CHRISTIAAN|Graaff-Reinet || C20=BOTHA|JAN CHRISTOFFEL|Graaff-Reinet || C21=BOTHA|RUDOLPH PHILIP|Somerset || C22=BOTHA|WILLEM JACOBUS|Somerset
P0050,C01=BOTHA|THEUNIS JACOBUS|Uitenhage || C02=BOTHA|ANTONY|Somerset || C03=BOTHA|JACOBUS THEODORUS|Uitenhage || C04=BOTHA|JAN CHRISTOFFEL|Graaff-Reinet || C05=BOTHA|PHILIP RUDOLPH|Somerset || C06=BOTHA|RUDOLPH PHILIP|Somerset || C07=BOTHA|IGNATIUS MICHIEL|Uitenhage || C08=BOTHA|WILLEM JACOBUS|Somerset || C09=BOTHA|CHRISTOFFEL|Somerset || C10=BOTHA|JACOBUS PETRUS|Somerset || C11=BOTHA|CHRISTOFFEL JACOBUS LODEW.|Somerset || C12=BOTHA|CHRISTOFFEL JACOBUS|Somerset || C13=BOTHA|THEUNIS CHRISTOFFEL|Somerset || C14=BOTHA|JOSEPH JOHANNES|Somerset || C15=BOTHA|THEODORUS ERNST|Albany || C16=BOTHA|THEUNIS JOHANNES|Graaff-Reinet || C17=BOTHA|THEUNIS LOUIS|Somerset || C18=BOTHA|PETRUS JOHANNES|Graaff-Reinet || C19=BOTHA|PAUL STEPHANUS|Somerset || C20=BOTHA|WILLEM CHRISTIAAN|Graaff-Reinet || C21=BOTHA|PIETER BAREND|Somerset || C22=BOTHA|THEUNIS|Somerset
P0051,C01=BOTHA|THEUNIS LOUIS|Somerset || C02=BOTHA|RUDOLPH PHILIP|Somerset || C03=BOTHA|THEUNIS CHRISTOFFEL|Somerset || C04=BOTHA|WILLEM CHRISTIAAN|Graaff-Reinet || C05=BOTHA|PIETER BAREND|Somerset || C06=BOTHA|CHRISTOFFEL|Somerset || C07=BOTHA|ANTONY|Somerset || C08=BOTHA|PHILIP RUDOLPH|Somerset || C09=BOTHA|CHRISTOFFEL JACOBUS|Somerset || C10=BOTHA|THEUNIS|Somerset || C11=BOTHA|PETRUS JOHANNES|Graaff-Reinet || C12=BOTHA|THEUNIS JOHANNES|Graaff-Reinet || C13=BOTHA|CHRISTOFFEL JACOBUS LODEW.|Somerset || C14=BOTHA|JOSEPH JOHANNES|Somerset || C15=BOTHA|WILLEM JACOBUS|Somerset || C16=BOTHA|PAUL STEPHANUS|Somerset || C17=BOTHA|JAN CHRISTOFFEL|Graaff-Reinet || C18=BOTHA|JACOBUS PETRUS|Somerset
P0052,C01=BOTHA|THEUNIS LOUIS|Somerset || C02=BOTHA|WILLEM CHRISTIAAN|Graaff-Reinet || C03=BOTHA|THEUNIS CHRISTOFFEL|Somerset || C04=BOTHA|THEUNIS|Somerset || C05=BOTHA|IGNATIUS MICHIEL|Uitenhage || C06=BOTHA|PIETER BAREND|Somerset || C07=BOTHA|JACOBUS THEODORUS|Uitenhage || C08=BOTHA|RUDOLPH PHILIP|Somerset || C09=BOTHA|PETRUS JOHANNES|Graaff-Reinet || C10=BOTHA|THEUNIS JACOBUS|Uitenhage || C11=BOTHA|WILLEM JACOBUS|Somerset || C12=BOTHA|ANTONY|Somerset || C13=BOTHA|JACOBUS PETRUS|Somerset || C14=BOTHA|CHRISTOFFEL|Somerset || C15=BOTHA|JAN CHRISTOFFEL|Graaff-Reinet || C16=BOTHA|CHRISTOFFEL JACOBUS LODEW.|Somerset || C17=BOTHA|THEODORUS ERNST|Albany || C18=BOTHA|PAUL STEPHANUS|Somerset || C19=BOTHA|JOSEPH JOHANNES|Somerset || C20=BOTHA|THEUNIS JOHANNES|Graaff-Reinet || C21=BOTHA|PHILIP RUDOLPH|Somerset || C22=BOTHA|CHRISTOFFEL JACOBUS|Somerset
P0053,C01=BOTHA|PAUL STEPHANUS|Somerset || C02=BOTHA|PETRUS JOHANNES|Graaff-Reinet || C03=BOTHA|THEODORUS ERNST|Albany || C04=BOTHA|THEUNIS CHRISTOFFEL|Somerset || C05=BOTHA|JAN CHRISTOFFEL|Graaff-Reinet || C06=BOTHA|THEUNIS JOHANNES|Graaff-Reinet || C07=BOTHA|WILLEM JACOBUS|Somerset || C08=BOTHA|JACOBUS PETRUS|Somerset || C09=BOTHA|WILLEM CHRISTIAAN|Graaff-Reinet || C10=BOTHA|CHRISTOFFEL JACOBUS|Somerset || C11=BOTHA|PHILIP RUDOLPH|Somerset || C12=BOTHA|ANTONY|Somerset || C13=BOTHA|THEUNIS|Somerset || C14=BOTHA|JOSEPH JOHANNES|Somerset || C15=BOTHA|THEUNIS JACOBUS|Uitenhage || C16=BOTHA|JACOBUS THEODORUS|Uitenhage || C17=BOTHA|PIETER BAREND|Somerset || C18=BOTHA|THEUNIS LOUIS|Somerset || C19=BOTHA|CHRISTOFFEL|Somerset || C20=BOTHA|CHRISTOFFEL JACOBUS LODEW.|Somerset || C21=BOTHA|RUDOLPH PHILIP|Somerset || C22=BOTHA|IGNATIUS MICHIEL|Uitenhage
P0054,C01=BOTHA|CHRISTOFFEL|Somerset || C02=BOTHA|PETRUS JOHANNES|Graaff-Reinet || C03=BOTHA|PAUL STEPHANUS|Somerset || C04=BOTHA|THEUNIS LOUIS|Somerset || C05=BOTHA|RUDOLPH PHILIP|Somerset || C06=BOTHA|JOSEPH JOHANNES|Somerset || C07=BOTHA|WILLEM JACOBUS|Somerset || C08=BOTHA|JACOBUS PETRUS|Somerset || C09=BOTHA|THEUNIS JOHANNES|Graaff-Reinet || C10=BOTHA|THEUNIS CHRISTOFFEL|Somerset || C11=BOTHA|THEUNIS JACOBUS|Uitenhage || C12=BOTHA|JACOBUS THEODORUS|Uitenhage || C13=BOTHA|PIETER BAREND|Somerset || C14=BOTHA|THEODORUS ERNST|Albany || C15=BOTHA|WILLEM CHRISTIAAN|Graaff-Reinet || C16=BOTHA|THEUNIS|Somerset || C17=BOTHA|PHILIP RUDOLPH|Somerset || C18=BOTHA|CHRISTOFFEL JACOBUS LODEW.|Somerset || C19=BOTHA|JAN CHRISTOFFEL|Graaff-Reinet || C20=BOTHA|CHRISTOFFEL JACOBUS|Somerset || C21=BOTHA|ANTONY|Somerset || C22=BOTHA|IGNATIUS MICHIEL|Uitenhage
P0055,C01=BOTHA|JACOBUS THEODORUS|Uitenhage || C02=BOTHA|THEUNIS JACOBUS|Uitenhage || C03=BOTHA|IGNATIUS MICHIEL|Uitenhage
P0056,C01=BOTHA|THEUNIS JOHANNES|Graaff-Reinet || C02=BOTHA|JAN CHRISTOFFEL|Graaff-Reinet || C03=BOTHA|THEUNIS LOUIS|Somerset || C04=BOTHA|JACOBUS PETRUS|Somerset || C05=BOTHA|CHRISTOFFEL JACOBUS|Somerset || C06=BOTHA|PETRUS JOHANNES|Graaff-Reinet || C07=BOTHA|RUDOLPH PHILIP|Somerset || C08=BOTHA|THEUNIS JACOBUS|Uitenhage || C09=BOTHA|PAUL STEPHANUS|Somerset || C10=BOTHA|THEUNIS|Somerset || C11=BOTHA|ANTONY|Somerset || C12=BOTHA|CHRISTOFFEL|Somerset || C13=BOTHA|PHILIP RUDOLPH|Somerset || C14=BOTHA|PIETER BAREND|Somerset || C15=BOTHA|WILLEM CHRISTIAAN|Graaff-Reinet || C16=BOTHA|THEUNIS CHRISTOFFEL|Somerset || C17=BOTHA|JOSEPH JOHANNES|Somerset || C18=BOTHA|IGNATIUS MICHIEL|Uitenhage || C19=BOTHA|WILLEM JACOBUS|Somerset || C20=BOTHA|JACOBUS THEODORUS|Uitenhage || C21=BOTHA|THEODORUS ERNST|Albany || C22=BOTHA|CHRISTOFFEL JACOBUS LODEW.|Somerset
P0057,C01=BOTHA|THEUNIS JOHANNES|Graaff-Reinet || C02=BOTHA|CHRISTOFFEL JACOBUS LODEW.|Somerset || C03=BOTHA|JACOBUS PETRUS|Somerset || C04=BOTHA|PETRUS JOHANNES|Graaff-Reinet || C05=BOTHA|CHRISTOFFEL JACOBUS|Somerset || C06=BOTHA|JACOBUS THEODORUS|Uitenhage || C07=BOTHA|WILLEM JACOBUS|Somerset || C08=BOTHA|RUDOLPH PHILIP|Somerset || C09=BOTHA|THEUNIS LOUIS|Somerset || C10=BOTHA|CHRISTOFFEL|Somerset || C11=BOTHA|WILLEM CHRISTIAAN|Graaff-Reinet || C12=BOTHA|THEUNIS CHRISTOFFEL|Somerset || C13=BOTHA|PAUL STEPHANUS|Somerset || C14=BOTHA|THEODORUS ERNST|Albany || C15=BOTHA|ANTONY|Somerset || C16=BOTHA|THEUNIS|Somerset || C17=BOTHA|JAN CHRISTOFFEL|Graaff-Reinet || C18=BOTHA|IGNATIUS MICHIEL|Uitenhage || C19=BOTHA|JOSEPH JOHANNES|Somerset || C20=BOTHA|PHILIP RUDOLPH|Somerset || C21=BOTHA|THEUNIS JACOBUS|Uitenhage || C22=BOTHA|PIETER BAREND|Somerset
P0058,C01=BOTHA|THEUNIS JACOBUS|George || C02=BOTHA|GEORGE FREDERIK|George || C03=BOTHA|LOUIS JOHANNES|George || C04=BOTHA|JOHANNES CASPARUS|George || C05=BOTHA|PHILIPPUS RUDOLPH|George || C06=BOTHA|FREDERIK  [OORLEDE]|George || C07=BOTHA|MARTINUS CHRISTIAAN|George || C08=BOTHA|FREDERIK ALBERTUS|George || C09=BOTHA|JOHANNES CHRISTOFFEL|George || C10=BOTHA|JOHANNES P  [OORLEDE]|George || C11=BOTHA|ROELOF CORNELIS|George || C12=BOTHA|DAVID HERCULES|George || C13=BOTHA|ADAM|George || C14=BOTHA|JOHANNES PETRUS|George || C15=BOTHA|JACOBUS JOHANNES|George || C16=BOTHA|PETRUS JOHANNES|George || C17=BOTHA|PETRUS JACOBUS|George || C18=BOTHA|JACOBUS|George || C19=BOTHA|JAN LODEWYK|George || C20=BOTHA|JAN HENDRIK|George || C21=BOTHA|PHILLIP WED|George || C22=BOTHA|FREDERIK|George || C23=BOTHA|CHRISTOFFEL JACOBUS|George
P0059,C01=BOTHA|FREDERIK ALBERTUS|George || C02=BOTHA|JAN LODEWYK|George || C03=BOTHA|JACOBUS|George || C04=BOTHA|PETRUS JOHANNES|George || C05=BOTHA|JOHANNES CASPARUS|George || C06=BOTHA|ROELOF CORNELIS|George || C07=BOTHA|JOHANNES P  [OORLEDE]|George || C08=BOTHA|DAVID HERCULES|George || C09=BOTHA|GEORGE FREDERIK|George || C10=BOTHA|MARTINUS CHRISTIAAN|George || C11=BOTHA|JACOBUS JOHANNES|George || C12=BOTHA|PHILLIP WED|George || C13=BOTHA|JOHANNES CHRISTOFFEL|George || C14=BOTHA|PHILIPPUS RUDOLPH|George || C15=BOTHA|LOUIS JOHANNES|George || C16=BOTHA|PETRUS JACOBUS|George || C17=BOTHA|FREDERIK|George || C18=BOTHA|CHRISTOFFEL JACOBUS|George || C19=BOTHA|ADAM|George || C20=BOTHA|JOHANNES PETRUS|George || C21=BOTHA|THEUNIS JACOBUS|George || C22=BOTHA|JAN HENDRIK|George || C23=BOTHA|FREDERIK  [OORLEDE]|George
P0060,C01=BOTHA|JACOBUS THEODORUS|Uitenhage || C02=BOTHA|THEUNIS JACOBUS|Uitenhage || C03=BOTHA|IGNATIUS MICHIEL|Uitenhage
P0061,C01=BOTHA|WILLEM CHRISTIAAN|Graaff-Reinet || C02=BOTHA|THEUNIS JOHANNES|Graaff-Reinet || C03=BOTHA|PETRUS JOHANNES|Graaff-Reinet || C04=BOTHA|JAN CHRISTOFFEL|Graaff-Reinet
P0062,C01=BOTHA|WILLEM CHRISTIAAN|Graaff-Reinet || C02=BOTHA|CHRISTOFFEL JACOBUS|Somerset || C03=BOTHA|WILLEM JACOBUS|Somerset || C04=BOTHA|JACOBUS PETRUS|Somerset || C05=BOTHA|THEUNIS LOUIS|Somerset || C06=BOTHA|JAN CHRISTOFFEL|Graaff-Reinet || C07=BOTHA|ANTONY|Somerset || C08=BOTHA|THEUNIS JOHANNES|Graaff-Reinet || C09=BOTHA|PHILIP RUDOLPH|Somerset || C10=BOTHA|CHRISTOFFEL|Somerset || C11=BOTHA|CHRISTOFFEL JACOBUS LODEW.|Somerset || C12=BOTHA|PIETER BAREND|Somerset || C13=BOTHA|RUDOLPH PHILIP|Somerset || C14=BOTHA|PAUL STEPHANUS|Somerset || C15=BOTHA|JOSEPH JOHANNES|Somerset || C16=BOTHA|PETRUS JOHANNES|Graaff-Reinet || C17=BOTHA|THEUNIS CHRISTOFFEL|Somerset || C18=BOTHA|THEUNIS|Somerset
P0063,C01=BOTHA|PETRUS JOHANNES|Graaff-Reinet || C02=BOTHA|THEUNIS JOHANNES|Graaff-Reinet || C03=BOTHA|WILLEM CHRISTIAAN|Graaff-Reinet || C04=BOTHA|JAN CHRISTOFFEL|Graaff-Reinet
P0064,C01=BOTHA|JAN CHRISTOFFEL|Graaff-Reinet || C02=BOTHA|THEUNIS CHRISTOFFEL|Somerset || C03=BOTHA|PHILIP RUDOLPH|Somerset || C04=BOTHA|CHRISTOFFEL|Somerset || C05=BOTHA|THEUNIS|Somerset || C06=BOTHA|THEUNIS JOHANNES|Graaff-Reinet || C07=BOTHA|THEUNIS JACOBUS|Uitenhage || C08=BOTHA|THEUNIS LOUIS|Somerset || C09=BOTHA|JACOBUS PETRUS|Somerset || C10=BOTHA|PIETER BAREND|Somerset || C11=BOTHA|THEODORUS ERNST|Albany || C12=BOTHA|WILLEM JACOBUS|Somerset || C13=BOTHA|WILLEM CHRISTIAAN|Graaff-Reinet || C14=BOTHA|PETRUS JOHANNES|Graaff-Reinet || C15=BOTHA|RUDOLPH PHILIP|Somerset || C16=BOTHA|JOSEPH JOHANNES|Somerset || C17=BOTHA|CHRISTOFFEL JACOBUS|Somerset || C18=BOTHA|IGNATIUS MICHIEL|Uitenhage || C19=BOTHA|ANTONY|Somerset || C20=BOTHA|JACOBUS THEODORUS|Uitenhage || C21=BOTHA|CHRISTOFFEL JACOBUS LODEW.|Somerset || C22=BOTHA|PAUL STEPHANUS|Somerset
P0065,C01=BOTHA|WILLEM CHRISTIAAN|Graaff-Reinet || C02=BOTHA|RUDOLPH PHILIP|Somerset || C03=BOTHA|WILLEM JACOBUS|Somerset || C04=BOTHA|PIETER BAREND|Somerset || C05=BOTHA|JAN CHRISTOFFEL|Graaff-Reinet || C06=BOTHA|JACOBUS PETRUS|Somerset || C07=BOTHA|JOSEPH JOHANNES|Somerset || C08=BOTHA|IGNATIUS MICHIEL|Uitenhage || C09=BOTHA|THEUNIS JACOBUS|Uitenhage || C10=BOTHA|THEUNIS|Somerset || C11=BOTHA|PETRUS JOHANNES|Graaff-Reinet || C12=BOTHA|CHRISTOFFEL JACOBUS|Somerset || C13=BOTHA|THEUNIS LOUIS|Somerset || C14=BOTHA|CHRISTOFFEL JACOBUS LODEW.|Somerset || C15=BOTHA|ANTONY|Somerset || C16=BOTHA|PAUL STEPHANUS|Somerset || C17=BOTHA|THEUNIS JOHANNES|Graaff-Reinet || C18=BOTHA|JACOBUS THEODORUS|Uitenhage || C19=BOTHA|PHILIP RUDOLPH|Somerset || C20=BOTHA|CHRISTOFFEL|Somerset || C21=BOTHA|THEODORUS ERNST|Albany || C22=BOTHA|THEUNIS CHRISTOFFEL|Somerset
P0066,C01=BOTHA|THEUNIS JOHANNES|Graaff-Reinet || C02=BOTHA|ANTONY|Somerset || C03=BOTHA|JAN CHRISTOFFEL|Graaff-Reinet || C04=BOTHA|PETRUS JOHANNES|Graaff-Reinet || C05=BOTHA|THEUNIS LOUIS|Somerset || C06=BOTHA|THEUNIS CHRISTOFFEL|Somerset || C07=BOTHA|JOSEPH JOHANNES|Somerset || C08=BOTHA|PHILIP RUDOLPH|Somerset || C09=BOTHA|JACOBUS PETRUS|Somerset || C10=BOTHA|WILLEM JACOBUS|Somerset || C11=BOTHA|RUDOLPH PHILIP|Somerset || C12=BOTHA|CHRISTOFFEL JACOBUS LODEW.|Somerset || C13=BOTHA|CHRISTOFFEL|Somerset || C14=BOTHA|THEODORUS ERNST|Albany || C15=BOTHA|IGNATIUS MICHIEL|Uitenhage || C16=BOTHA|PIETER BAREND|Somerset || C17=BOTHA|WILLEM CHRISTIAAN|Graaff-Reinet || C18=BOTHA|THEUNIS|Somerset || C19=BOTHA|PAUL STEPHANUS|Somerset || C20=BOTHA|JACOBUS THEODORUS|Uitenhage || C21=BOTHA|THEUNIS JACOBUS|Uitenhage || C22=BOTHA|CHRISTOFFEL JACOBUS|Somerset
P0067,C01=BOTHA|CHRISTOFFEL|Somerset || C02=BOTHA|PIETER BAREND|Somerset || C03=BOTHA|THEUNIS JACOBUS|Uitenhage || C04=BOTHA|WILLEM JACOBUS|Somerset || C05=BOTHA|WILLEM CHRISTIAAN|Graaff-Reinet || C06=BOTHA|CHRISTOFFEL JACOBUS LODEW.|Somerset || C07=BOTHA|THEUNIS|Somerset || C08=BOTHA|JACOBUS PETRUS|Somerset || C09=BOTHA|JOSEPH JOHANNES|Somerset || C10=BOTHA|JACOBUS THEODORUS|Uitenhage || C11=BOTHA|THEUNIS LOUIS|Somerset || C12=BOTHA|JAN CHRISTOFFEL|Graaff-Reinet || C13=BOTHA|IGNATIUS MICHIEL|Uitenhage || C14=BOTHA|THEUNIS JOHANNES|Graaff-Reinet || C15=BOTHA|PHILIP RUDOLPH|Somerset || C16=BOTHA|PETRUS JOHANNES|Graaff-Reinet || C17=BOTHA|RUDOLPH PHILIP|Somerset || C18=BOTHA|CHRISTOFFEL JACOBUS|Somerset || C19=BOTHA|THEUNIS CHRISTOFFEL|Somerset || C20=BOTHA|THEODORUS ERNST|Albany || C21=BOTHA|PAUL STEPHANUS|Somerset || C22=BOTHA|ANTONY|Somerset
P0068,C01=BOTHA|PHILIP RUDOLPH|Somerset || C02=BOTHA|CHRISTOFFEL JACOBUS LODEW.|Somerset || C03=BOTHA|JOSEPH JOHANNES|Somerset || C04=BOTHA|PETRUS JOHANNES|Graaff-Reinet || C05=BOTHA|IGNATIUS MICHIEL|Uitenhage || C06=BOTHA|THEUNIS JACOBUS|Uitenhage || C07=BOTHA|JACOBUS THEODORUS|Uitenhage || C08=BOTHA|THEUNIS JOHANNES|Graaff-Reinet || C09=BOTHA|JACOBUS PETRUS|Somerset || C10=BOTHA|CHRISTOFFEL JACOBUS|Somerset || C11=BOTHA|THEUNIS CHRISTOFFEL|Somerset || C12=BOTHA|THEODORUS ERNST|Albany || C13=BOTHA|JAN CHRISTOFFEL|Graaff-Reinet || C14=BOTHA|RUDOLPH PHILIP|Somerset || C15=BOTHA|PIETER BAREND|Somerset || C16=BOTHA|PAUL STEPHANUS|Somerset || C17=BOTHA|CHRISTOFFEL|Somerset || C18=BOTHA|THEUNIS LOUIS|Somerset || C19=BOTHA|ANTONY|Somerset || C20=BOTHA|THEUNIS|Somerset || C21=BOTHA|WILLEM CHRISTIAAN|Graaff-Reinet || C22=BOTHA|WILLEM JACOBUS|Somerset
P0069,C01=BOTHA|THEUNIS CHRISTOFFEL|Somerset || C02=BOTHA|JOSEPH JOHANNES|Somerset || C03=BOTHA|WILLEM CHRISTIAAN|Graaff-Reinet || C04=BOTHA|CHRISTOFFEL|Somerset || C05=BOTHA|IGNATIUS MICHIEL|Uitenhage || C06=BOTHA|ANTONY|Somerset || C07=BOTHA|THEUNIS LOUIS|Somerset || C08=BOTHA|JACOBUS PETRUS|Somerset || C09=BOTHA|WILLEM JACOBUS|Somerset || C10=BOTHA|PIETER BAREND|Somerset || C11=BOTHA|CHRISTOFFEL JACOBUS LODEW.|Somerset || C12=BOTHA|JAN CHRISTOFFEL|Graaff-Reinet || C13=BOTHA|THEUNIS|Somerset || C14=BOTHA|THEUNIS JACOBUS|Uitenhage || C15=BOTHA|RUDOLPH PHILIP|Somerset || C16=BOTHA|CHRISTOFFEL JACOBUS|Somerset || C17=BOTHA|THEUNIS JOHANNES|Graaff-Reinet || C18=BOTHA|PETRUS JOHANNES|Graaff-Reinet || C19=BOTHA|PHILIP RUDOLPH|Somerset || C20=BOTHA|THEODORUS ERNST|Albany || C21=BOTHA|JACOBUS THEODORUS|Uitenhage || C22=BOTHA|PAUL STEPHANUS|Somerset
P0070,C01=BOTHA|CHRISTOFFEL JACOBUS LODEW.|Somerset || C02=BOTHA|RUDOLPH PHILIP|Somerset || C03=BOTHA|JACOBUS PETRUS|Somerset || C04=BOTHA|THEUNIS JACOBUS|Uitenhage || C05=BOTHA|IGNATIUS MICHIEL|Uitenhage || C06=BOTHA|THEODORUS ERNST|Albany || C07=BOTHA|WILLEM JACOBUS|Somerset || C08=BOTHA|JOSEPH JOHANNES|Somerset || C09=BOTHA|THEUNIS JOHANNES|Graaff-Reinet || C10=BOTHA|PETRUS JOHANNES|Graaff-Reinet || C11=BOTHA|THEUNIS|Somerset || C12=BOTHA|WILLEM CHRISTIAAN|Graaff-Reinet || C13=BOTHA|PIETER BAREND|Somerset || C14=BOTHA|ANTONY|Somerset || C15=BOTHA|JACOBUS THEODORUS|Uitenhage || C16=BOTHA|PHILIP RUDOLPH|Somerset || C17=BOTHA|THEUNIS CHRISTOFFEL|Somerset || C18=BOTHA|THEUNIS LOUIS|Somerset || C19=BOTHA|CHRISTOFFEL|Somerset || C20=BOTHA|CHRISTOFFEL JACOBUS|Somerset || C21=BOTHA|PAUL STEPHANUS|Somerset || C22=BOTHA|JAN CHRISTOFFEL|Graaff-Reinet
P0071,C01=BOTHA|THEUNIS JACOBUS|Uitenhage || C02=BOTHA|IGNATIUS MICHIEL|Uitenhage || C03=BOTHA|JACOBUS THEODORUS|Uitenhage
P0072,C01=BOTHA|ANTONY|Somerset || C02=BOTHA|JACOBUS THEODORUS|Uitenhage || C03=BOTHA|WILLEM JACOBUS|Somerset || C04=BOTHA|CHRISTOFFEL JACOBUS|Somerset || C05=BOTHA|WILLEM CHRISTIAAN|Graaff-Reinet || C06=BOTHA|JOSEPH JOHANNES|Somerset || C07=BOTHA|THEUNIS|Somerset || C08=BOTHA|CHRISTOFFEL JACOBUS LODEW.|Somerset || C09=BOTHA|THEODORUS ERNST|Albany || C10=BOTHA|CHRISTOFFEL|Somerset || C11=BOTHA|PIETER BAREND|Somerset || C12=BOTHA|THEUNIS CHRISTOFFEL|Somerset || C13=BOTHA|JACOBUS PETRUS|Somerset || C14=BOTHA|PAUL STEPHANUS|Somerset || C15=BOTHA|THEUNIS JOHANNES|Graaff-Reinet || C16=BOTHA|PHILIP RUDOLPH|Somerset || C17=BOTHA|JAN CHRISTOFFEL|Graaff-Reinet || C18=BOTHA|IGNATIUS MICHIEL|Uitenhage || C19=BOTHA|RUDOLPH PHILIP|Somerset || C20=BOTHA|THEUNIS LOUIS|Somerset || C21=BOTHA|THEUNIS JACOBUS|Uitenhage || C22=BOTHA|PETRUS JOHANNES|Graaff-Reinet
P0073,C01=BOTHA|IGNATIUS MICHIEL|Uitenhage || C02=BOTHA|THEUNIS LOUIS|Somerset || C03=BOTHA|THEUNIS CHRISTOFFEL|Somerset || C04=BOTHA|JACOBUS THEODORUS|Uitenhage || C05=BOTHA|THEUNIS JACOBUS|Uitenhage || C06=BOTHA|THEODORUS ERNST|Albany || C07=BOTHA|JACOBUS PETRUS|Somerset || C08=BOTHA|THEUNIS JOHANNES|Graaff-Reinet || C09=BOTHA|JOSEPH JOHANNES|Somerset || C10=BOTHA|PETRUS JOHANNES|Graaff-Reinet || C11=BOTHA|THEUNIS|Somerset || C12=BOTHA|PIETER BAREND|Somerset || C13=BOTHA|WILLEM JACOBUS|Somerset || C14=BOTHA|CHRISTOFFEL JACOBUS|Somerset || C15=BOTHA|PHILIP RUDOLPH|Somerset || C16=BOTHA|CHRISTOFFEL JACOBUS LODEW.|Somerset || C17=BOTHA|ANTONY|Somerset || C18=BOTHA|JAN CHRISTOFFEL|Graaff-Reinet || C19=BOTHA|WILLEM CHRISTIAAN|Graaff-Reinet || C20=BOTHA|RUDOLPH PHILIP|Somerset || C21=BOTHA|PAUL STEPHANUS|Somerset || C22=BOTHA|CHRISTOFFEL|Somerset
P0074,C01=BOTHA|WILLEM CHRISTIAAN|Graaff-Reinet || C02=BOTHA|JOSEPH JOHANNES|Somerset || C03=BOTHA|JACOBUS PETRUS|Somerset || C04=BOTHA|THEUNIS|Somerset || C05=BOTHA|CHRISTOFFEL JACOBUS|Somerset || C06=BOTHA|IGNATIUS MICHIEL|Uitenhage || C07=BOTHA|PETRUS JOHANNES|Graaff-Reinet || C08=BOTHA|RUDOLPH PHILIP|Somerset || C09=BOTHA|PIETER BAREND|Somerset || C10=BOTHA|THEODORUS ERNST|Albany || C11=BOTHA|PAUL STEPHANUS|Somerset || C12=BOTHA|PHILIP RUDOLPH|Somerset || C13=BOTHA|THEUNIS JACOBUS|Uitenhage || C14=BOTHA|WILLEM JACOBUS|Somerset || C15=BOTHA|JACOBUS THEODORUS|Uitenhage || C16=BOTHA|CHRISTOFFEL JACOBUS LODEW.|Somerset || C17=BOTHA|CHRISTOFFEL|Somerset || C18=BOTHA|ANTONY|Somerset || C19=BOTHA|THEUNIS CHRISTOFFEL|Somerset || C20=BOTHA|THEUNIS JOHANNES|Graaff-Reinet || C21=BOTHA|JAN CHRISTOFFEL|Graaff-Reinet || C22=BOTHA|THEUNIS LOUIS|Somerset
P0075,C01=BOTHA|JAN LODEWYK|George || C02=BOTHA|MARTINUS CHRISTIAAN|George || C03=BOTHA|PHILIPPUS RUDOLPH|George || C04=BOTHA|FREDERIK ALBERTUS|George || C05=BOTHA|PHILLIP WED|George || C06=BOTHA|FREDERIK  [OORLEDE]|George || C07=BOTHA|PETRUS JOHANNES|George || C08=BOTHA|JOHANNES P  [OORLEDE]|George || C09=BOTHA|JOHANNES PETRUS|George || C10=BOTHA|JAN HENDRIK|George || C11=BOTHA|DAVID HERCULES|George || C12=BOTHA|GEORGE FREDERIK|George || C13=BOTHA|PETRUS JACOBUS|George || C14=BOTHA|ROELOF CORNELIS|George || C15=BOTHA|LOUIS JOHANNES|George || C16=BOTHA|JACOBUS JOHANNES|George || C17=BOTHA|JOHANNES CASPARUS|George || C18=BOTHA|JACOBUS|George || C19=BOTHA|THEUNIS JACOBUS|George || C20=BOTHA|CHRISTOFFEL JACOBUS|George || C21=BOTHA|FREDERIK|George || C22=BOTHA|ADAM|George || C23=BOTHA|JOHANNES CHRISTOFFEL|George
P0076,C01=BOTHA|ANTONY|Somerset || C02=BOTHA|CHRISTOFFEL|Somerset || C03=BOTHA|JAN CHRISTOFFEL|Graaff-Reinet || C04=BOTHA|THEUNIS CHRISTOFFEL|Somerset || C05=BOTHA|THEUNIS LOUIS|Somerset || C06=BOTHA|RUDOLPH PHILIP|Somerset || C07=BOTHA|JOSEPH JOHANNES|Somerset || C08=BOTHA|PHILIP RUDOLPH|Somerset || C09=BOTHA|CHRISTOFFEL JACOBUS|Somerset || C10=BOTHA|THEUNIS|Somerset || C11=BOTHA|PAUL STEPHANUS|Somerset || C12=BOTHA|JACOBUS PETRUS|Somerset || C13=BOTHA|PETRUS JOHANNES|Graaff-Reinet || C14=BOTHA|WILLEM JACOBUS|Somerset || C15=BOTHA|CHRISTOFFEL JACOBUS LODEW.|Somerset || C16=BOTHA|PIETER BAREND|Somerset || C17=BOTHA|THEUNIS JOHANNES|Graaff-Reinet || C18=BOTHA|WILLEM CHRISTIAAN|Graaff-Reinet
P0077,C01=BOTHA|PHILIPPUS RUDOLPH|George || C02=BOTHA|JAN LODEWYK|George || C03=BOTHA|JOHANNES CASPARUS|George || C04=BOTHA|JACOBUS|George || C05=BOTHA|PETRUS JOHANNES|George || C06=BOTHA|CHRISTOFFEL JACOBUS|George || C07=BOTHA|JOHANNES CHRISTOFFEL|George || C08=BOTHA|THEUNIS JACOBUS|George || C09=BOTHA|FREDERIK ALBERTUS|George || C10=BOTHA|JACOBUS JOHANNES|George || C11=BOTHA|FREDERIK|George || C12=BOTHA|JOHANNES PETRUS|George || C13=BOTHA|MARTINUS CHRISTIAAN|George || C14=BOTHA|ADAM|George || C15=BOTHA|JAN HENDRIK|George || C16=BOTHA|LOUIS JOHANNES|George || C17=BOTHA|DAVID HERCULES|George || C18=BOTHA|JOHANNES P  [OORLEDE]|George || C19=BOTHA|PETRUS JACOBUS|George || C20=BOTHA|FREDERIK  [OORLEDE]|George || C21=BOTHA|PHILLIP WED|George || C22=BOTHA|GEORGE FREDERIK|George || C23=BOTHA|ROELOF CORNELIS|George
P0078,C01=BOTHA|CHRISTOFFEL JACOBUS LODEW.|Somerset || C02=BOTHA|ANTONY|Somerset || C03=BOTHA|IGNATIUS MICHIEL|Uitenhage || C04=BOTHA|PETRUS JOHANNES|Graaff-Reinet || C05=BOTHA|CHRISTOFFEL|Somerset || C06=BOTHA|WILLEM JACOBUS|Somerset || C07=BOTHA|PAUL STEPHANUS|Somerset || C08=BOTHA|WILLEM CHRISTIAAN|Graaff-Reinet || C09=BOTHA|JAN CHRISTOFFEL|Graaff-Reinet || C10=BOTHA|THEUNIS LOUIS|Somerset || C11=BOTHA|THEUNIS CHRISTOFFEL|Somerset || C12=BOTHA|RUDOLPH PHILIP|Somerset || C13=BOTHA|JACOBUS THEODORUS|Uitenhage || C14=BOTHA|PHILIP RUDOLPH|Somerset || C15=BOTHA|JACOBUS PETRUS|Somerset || C16=BOTHA|THEODORUS ERNST|Albany || C17=BOTHA|CHRISTOFFEL JACOBUS|Somerset || C18=BOTHA|THEUNIS JACOBUS|Uitenhage || C19=BOTHA|JOSEPH JOHANNES|Somerset || C20=BOTHA|PIETER BAREND|Somerset || C21=BOTHA|THEUNIS JOHANNES|Graaff-Reinet || C22=BOTHA|THEUNIS|Somerset
P0079,C01=BOTHA|THEODORUS ERNST|Albany || C02=BOTHA|THEUNIS CHRISTOFFEL|Somerset || C03=BOTHA|ANTONY|Somerset || C04=BOTHA|THEUNIS JOHANNES|Graaff-Reinet || C05=BOTHA|RUDOLPH PHILIP|Somerset || C06=BOTHA|JAN CHRISTOFFEL|Graaff-Reinet || C07=BOTHA|PIETER BAREND|Somerset || C08=BOTHA|CHRISTOFFEL|Somerset || C09=BOTHA|THEUNIS JACOBUS|Uitenhage || C10=BOTHA|IGNATIUS MICHIEL|Uitenhage || C11=BOTHA|JACOBUS PETRUS|Somerset || C12=BOTHA|PETRUS JOHANNES|Graaff-Reinet || C13=BOTHA|PHILIP RUDOLPH|Somerset || C14=BOTHA|THEUNIS LOUIS|Somerset || C15=BOTHA|WILLEM JACOBUS|Somerset || C16=BOTHA|THEUNIS|Somerset || C17=BOTHA|JACOBUS THEODORUS|Uitenhage || C18=BOTHA|PAUL STEPHANUS|Somerset || C19=BOTHA|CHRISTOFFEL JACOBUS|Somerset || C20=BOTHA|WILLEM CHRISTIAAN|Graaff-Reinet || C21=BOTHA|CHRISTOFFEL JACOBUS LODEW.|Somerset || C22=BOTHA|JOSEPH JOHANNES|Somerset
P0080,C01=BOTHA|THEUNIS JOHANNES|Graaff-Reinet || C02=BOTHA|PETRUS JOHANNES|Graaff-Reinet || C03=BOTHA|CHRISTOFFEL|Somerset || C04=BOTHA|RUDOLPH PHILIP|Somerset || C05=BOTHA|CHRISTOFFEL JACOBUS|Somerset || C06=BOTHA|JACOBUS PETRUS|Somerset || C07=BOTHA|JOSEPH JOHANNES|Somerset || C08=BOTHA|ANTONY|Somerset || C09=BOTHA|THEUNIS CHRISTOFFEL|Somerset || C10=BOTHA|THEUNIS LOUIS|Somerset || C11=BOTHA|IGNATIUS MICHIEL|Uitenhage || C12=BOTHA|THEUNIS|Somerset || C13=BOTHA|PIETER BAREND|Somerset || C14=BOTHA|PAUL STEPHANUS|Somerset || C15=BOTHA|WILLEM JACOBUS|Somerset || C16=BOTHA|JAN CHRISTOFFEL|Graaff-Reinet || C17=BOTHA|THEUNIS JACOBUS|Uitenhage || C18=BOTHA|CHRISTOFFEL JACOBUS LODEW.|Somerset || C19=BOTHA|WILLEM CHRISTIAAN|Graaff-Reinet || C20=BOTHA|THEODORUS ERNST|Albany || C21=BOTHA|JACOBUS THEODORUS|Uitenhage || C22=BOTHA|PHILIP RUDOLPH|Somerset
P0081,C01=BOTHMA|JOHANNES ARNOLDUS|Albany || C02=BOTHMA|JACOBA WILHELMINA|Somerset
P0082,C01=BOTHMA|JACOBA WILHELMINA|Somerset || C02=BOTHMA|JOHANNES ARNOLDUS|Albany
P0083,C01=BOTHMA|JOHANNES ARNOLDUS|Albany || C02=BOTHMA|JACOBA WILHELMINA|Somerset
P0084,C01=BOTHMA|JACOBA WILHELMINA|Somerset || C02=BOTHMA|JOHANNES ARNOLDUS|Albany
P0085,C01=BOTHMA|JOHANNES ARNOLDUS|Albany || C02=BOTHMA|JACOBA WILHELMINA|Somerset
P0086,C01=BOTHMA|JACOBA WILHELMINA|Somerset || C02=BOTHMA|JOHANNES ARNOLDUS|Albany
P0087,C01=BOTHMA|JACOBA WILHELMINA|Somerset || C02=BOTHMA|JOHANNES ARNOLDUS|Albany
P0088,C01=BOTHMA|JACOBA WILHELMINA|Somerset || C02=BOTHMA|JOHANNES ARNOLDUS|Albany
P0089,C01=BOUWER|PIET|Albany
P0090,C01=BOUWER|PIET|Albany
P0091,C01=BOUWER|PIET|Albany
P0092,C01=BREYTENBACH|JOHAN HENDRIK|Uitenhage
P0093,C01=BREYTENBACH|JOHAN HENDRIK|Uitenhage
P0094,C01=BREYTENBACH|JOHAN HENDRIK|Uitenhage
P0095,C01=BRITS|ANDRIES PETRUS|Graaff-Reinet || C02=BRITS|OCKERT|Graaff-Reinet || C03=BRITS|GERT CORNELIS|Graaff-Reinet || C04=BRITS|GERHARDUS PETRUS|Graaff-Reinet || C05=BRITS|RUDOLPH JOHANNES|Graaff-Reinet
P0096,C01=BRITS|GERHARDUS PETRUS|Graaff-Reinet || C02=BRITS|OCKERT|Graaff-Reinet || C03=BRITS|RUDOLPH JOHANNES|Graaff-Reinet || C04=BRITS|ANDRIES PETRUS|Graaff-Reinet || C05=BRITS|GERT CORNELIS|Graaff-Reinet
P0097,C01=BRITS|GERT CORNELIS|Graaff-Reinet || C02=BRITS|GERHARDUS PETRUS|Graaff-Reinet || C03=BRITS|RUDOLPH JOHANNES|Graaff-Reinet || C04=BRITS|ANDRIES PETRUS|Graaff-Reinet || C05=BRITS|OCKERT|Graaff-Reinet
P0098,C01=BRONKHORST|GYSBERT SYBRAND|Beaufort || C02=BRONKHORST|JOHANNES GERHARDUS STEPHANUS|Beaufort
P0099,C01=BRONKHORST|JOHANNES GERHARDUS STEPHANUS|Beaufort || C02=BRONKHORST|GYSBERT SYBRAND|Beaufort
P0100,C01=BRONKHORST|GYSBERT SYBRAND|Beaufort || C02=BRONKHORST|JOHANNES GERHARDUS STEPHANUS|Beaufort
P0101,C01=BRONKHORST|GYSBERT SYBRAND|Beaufort || C02=BRONKHORST|JOHANNES GERHARDUS STEPHANUS|Beaufort
P0102,C01=BRONKHORST|GYSBERT SYBRAND|Beaufort || C02=BRONKHORST|JOHANNES GERHARDUS STEPHANUS|Beaufort
P0103,C01=BRUWER|DANIEL|Swellendam || C02=BRUWER|JOHANNES GODFRIED|Swellendam || C03=BRUWER|JACOBUS STEPHANUS|Swellendam || C04=BRUWER|PIETER WILLEM|Swellendam || C05=BRUWER|SCHALK WILLEM|Swellendam || C06=BRUWER|JOHANNES HENDRIK|Swellendam || C07=BRUWER|STEPHANUS JACOBUS|Swellendam || C08=BRUWER|JOHANNES PETRUS|Swellendam
P0104,C01=BRUWER|SCHALK WILLEM|Swellendam || C02=BRUWER|PIETER WILLEM|Swellendam || C03=BRUWER|JOHANNES PETRUS|Swellendam || C04=BRUWER|DANIEL|Swellendam || C05=BRUWER|JOHANNES GODFRIED|Swellendam || C06=BRUWER|JOHANNES HENDRIK|Swellendam || C07=BRUWER|JACOBUS STEPHANUS|Swellendam || C08=BRUWER|STEPHANUS JACOBUS|Swellendam
P0105,C01=BUCHNER|JOHANNES CASPARUS|Uitenhage || C02=BUCHNER|CAREL VALENTYN|Uitenhage
P0106,C01=BURGER|WILLEM JACOBUS|Graaff-Reinet || C02=BURGER|SCHALK WILLEM DECEASED|Graaff-Reinet || C03=BURGER|ANDRIES JACOBUS|Graaff-Reinet || C04=BURGER|BAREND JOHANNES|Graaff-Reinet || C05=BURGER|ANRIES BARTOLOMEUS|Graaff-Reinet || C06=BURGER|BAREND DECEASED|Graaff-Reinet || C07=BURGER|ALWYN PETRUS|Graaff-Reinet || C08=BURGER|SCHALK WILLEM|Graaff-Reinet || C09=BURGER|BAREND JACOBUS|Graaff-Reinet || C10=BURGER|BAREND JACOBUS DECEASED|Graaff-Reinet || C11=BURGER|DANIEL STEPHANUS|Graaff-Reinet
P0107,C01=BURGER|SCHALK JOHANNES|Worcester || C02=BURGER|BAREND FREDERIK|Worcester || C03=BURGER|ELSIE SOPHIA|Worcester || C04=BURGER|ANDRIES SR|Worcester || C05=BURGER|WILLEM ANDRIES|Worcester || C06=BURGER|ANDRIES|Worcester || C07=BURGER|HENDRIK SCHALK|Worcester || C08=BURGER|ANDRIES JACOBUS|Worcester || C09=BURGER|JACOBUS JOHANNES|Worcester || C10=BURGER|JACOBUS ABRAHAM|Worcester || C11=BURGER|MARTHA JACOBA|Worcester
P0108,C01=CILLIERS|CHARL SR [DIED]|Graaff-Reinet || C02=CILLIERS|PETRUS GERHARDUS|Graaff-Reinet || C03=CILLIERS|CHARL ANDRIES|Graaff-Reinet || C04=CILLIERS|ABRAHAM JACOBUS|Graaff-Reinet
P0109,C01=CILLIERS|JAN DANIEL|Somerset || C02=CILLIERS|ABRAHAM JACOBUS|Graaff-Reinet || C03=CILLIERS|PETRUS GERHARDUS|Graaff-Reinet || C04=CILLIERS|CHARL SR [DIED]|Graaff-Reinet || C05=CILLIERS|CHARL ANDRIES|Graaff-Reinet
P0110,C01=CILLIERS|DOROTHEA JOHANNA|Swellendam || C02=CILLIERS|ABRAHAM ALBERTUS|Swellendam || C03=CILLIERS|GERT ADRIAAN|Swellendam
P0111,C01=CILLIERS|CHARL SR [DIED]|Graaff-Reinet || C02=CILLIERS|JAN DANIEL|Somerset || C03=CILLIERS|CHARL ANDRIES|Graaff-Reinet || C04=CILLIERS|PETRUS GERHARDUS|Graaff-Reinet || C05=CILLIERS|ABRAHAM JACOBUS|Graaff-Reinet
P0112,C01=COETZEE|CORNELIS GERHARDUS|Somerset || C02=COETZEE|PHILIPPUS ARNOLDUS|Somerset || C03=COETZEE|DIRK|Somerset || C04=COETZEE|JOHANNES|Graaff-Reinet || C05=COETZEE|DIRK JACOBUS|Somerset || C06=COETZEE|CORNELIS JACOBUS|Somerset || C07=COETZEE|GERT PETRUS NICOLAAS|Somerset || C08=COETZEE|MARTIN|Graaff-Reinet || C09=COETZEE|JOHANNES JACOBUS|Graaff-Reinet || C10=COETZEE|JOHANNES CORNELIS|Somerset || C11=COETZEE|FREDERIK JOHANNES|Somerset || C12=COETZEE|DIRK JACOBUS|Graaff-Reinet || C13=COETZEE|FLORIS|Somerset || C14=COETZEE|HENDRIK PETRUS|Graaff-Reinet || C15=COETZEE|ABRAHAM JACOBUS|Somerset || C16=COETZEE|HENNING JOHANNES HENDRIK|Graaff-Reinet || C17=COETZEE|STEPHANUS JOHANNES|Somerset
P0113,C01=COETZEE|CORNELIS JACOBUS|Somerset || C02=COETZEE|ABRAHAM JACOBUS|Somerset || C03=COETZEE|DIRK JACOBUS|Graaff-Reinet || C04=COETZEE|FLORIS|Somerset || C05=COETZEE|CORNELIS GERHARDUS|Somerset || C06=COETZEE|JOHANNES CORNELIS|Somerset || C07=COETZEE|HENNING JOHANNES HENDRIK|Graaff-Reinet || C08=COETZEE|FREDERIK JOHANNES|Somerset || C09=COETZEE|JOHANNES JACOBUS|Graaff-Reinet || C10=COETZEE|STEPHANUS JOHANNES|Somerset || C11=COETZEE|PHILIPPUS ARNOLDUS|Somerset || C12=COETZEE|JOHANNES|Graaff-Reinet || C13=COETZEE|DIRK JACOBUS|Somerset || C14=COETZEE|HENDRIK PETRUS|Graaff-Reinet || C15=COETZEE|DIRK|Somerset || C16=COETZEE|MARTIN|Graaff-Reinet || C17=COETZEE|GERT PETRUS NICOLAAS|Somerset
P0114,C01=COETZEE|CORNELIS GERHARDUS|Somerset || C02=COETZEE|ABRAHAM JACOBUS|Somerset || C03=COETZEE|DIRK JACOBUS|Graaff-Reinet || C04=COETZEE|GERT PETRUS NICOLAAS|Somerset || C05=COETZEE|HENNING JOHANNES HENDRIK|Graaff-Reinet || C06=COETZEE|DIRK JACOBUS|Somerset || C07=COETZEE|JOHANNES JACOBUS|Graaff-Reinet || C08=COETZEE|STEPHANUS JOHANNES|Somerset || C09=COETZEE|FREDERIK JOHANNES|Somerset || C10=COETZEE|FLORIS|Somerset || C11=COETZEE|PHILIPPUS ARNOLDUS|Somerset || C12=COETZEE|DIRK|Somerset || C13=COETZEE|HENDRIK PETRUS|Graaff-Reinet || C14=COETZEE|JOHANNES|Graaff-Reinet || C15=COETZEE|JOHANNES CORNELIS|Somerset || C16=COETZEE|CORNELIS JACOBUS|Somerset || C17=COETZEE|MARTIN|Graaff-Reinet
P0115,C01=COETZEE|PHILIPPUS ARNOLDUS|Somerset || C02=COETZEE|DIRK|Somerset || C03=COETZEE|FREDERIK JOHANNES|Somerset || C04=COETZEE|JOHANNES JACOBUS|Graaff-Reinet || C05=COETZEE|CORNELIS GERHARDUS|Somerset || C06=COETZEE|MARTIN|Graaff-Reinet || C07=COETZEE|FLORIS|Somerset || C08=COETZEE|JOHANNES|Graaff-Reinet || C09=COETZEE|CORNELIS JACOBUS|Somerset || C10=COETZEE|JOHANNES CORNELIS|Somerset || C11=COETZEE|HENNING JOHANNES HENDRIK|Graaff-Reinet || C12=COETZEE|GERT PETRUS NICOLAAS|Somerset || C13=COETZEE|STEPHANUS JOHANNES|Somerset || C14=COETZEE|HENDRIK PETRUS|Graaff-Reinet || C15=COETZEE|ABRAHAM JACOBUS|Somerset || C16=COETZEE|DIRK JACOBUS|Graaff-Reinet || C17=COETZEE|DIRK JACOBUS|Somerset
P0116,C01=COETZEE|DIRK JACOBUS|Somerset || C02=COETZEE|CORNELIS JACOBUS|Somerset || C03=COETZEE|DIRK|Somerset || C04=COETZEE|PHILIPPUS ARNOLDUS|Somerset || C05=COETZEE|GERT PETRUS NICOLAAS|Somerset || C06=COETZEE|FLORIS|Somerset || C07=COETZEE|HENDRIK PETRUS|Graaff-Reinet || C08=COETZEE|JOHANNES|Graaff-Reinet || C09=COETZEE|JOHANNES CORNELIS|Somerset || C10=COETZEE|FREDERIK JOHANNES|Somerset || C11=COETZEE|ABRAHAM JACOBUS|Somerset || C12=COETZEE|CORNELIS GERHARDUS|Somerset || C13=COETZEE|HENNING JOHANNES HENDRIK|Graaff-Reinet || C14=COETZEE|DIRK JACOBUS|Graaff-Reinet || C15=COETZEE|STEPHANUS JOHANNES|Somerset || C16=COETZEE|JOHANNES JACOBUS|Graaff-Reinet || C17=COETZEE|MARTIN|Graaff-Reinet
P0117,C01=COETZEE|JOHANNES JACOBUS|Graaff-Reinet || C02=COETZEE|FREDERIK JOHANNES|Somerset || C03=COETZEE|HENNING JOHANNES HENDRIK|Graaff-Reinet || C04=COETZEE|CORNELIS GERHARDUS|Somerset || C05=COETZEE|MARTIN|Graaff-Reinet || C06=COETZEE|CORNELIS JACOBUS|Somerset || C07=COETZEE|STEPHANUS JOHANNES|Somerset || C08=COETZEE|JOHANNES CORNELIS|Somerset || C09=COETZEE|FLORIS|Somerset || C10=COETZEE|HENDRIK PETRUS|Graaff-Reinet || C11=COETZEE|ABRAHAM JACOBUS|Somerset || C12=COETZEE|DIRK|Somerset || C13=COETZEE|DIRK JACOBUS|Somerset || C14=COETZEE|DIRK JACOBUS|Graaff-Reinet || C15=COETZEE|GERT PETRUS NICOLAAS|Somerset || C16=COETZEE|JOHANNES|Graaff-Reinet || C17=COETZEE|PHILIPPUS ARNOLDUS|Somerset
P0118,C01=COETZEE|JOHANNES JACOBUS|Graaff-Reinet || C02=COETZEE|DIRK JACOBUS|Graaff-Reinet || C03=COETZEE|JOHANNES CORNELIS|Somerset || C04=COETZEE|HENDRIK PETRUS|Graaff-Reinet || C05=COETZEE|DIRK|Somerset || C06=COETZEE|FREDERIK JOHANNES|Somerset || C07=COETZEE|PHILIPPUS ARNOLDUS|Somerset || C08=COETZEE|HENNING JOHANNES HENDRIK|Graaff-Reinet || C09=COETZEE|CORNELIS GERHARDUS|Somerset || C10=COETZEE|GERT PETRUS NICOLAAS|Somerset || C11=COETZEE|MARTIN|Graaff-Reinet || C12=COETZEE|DIRK JACOBUS|Somerset || C13=COETZEE|ABRAHAM JACOBUS|Somerset || C14=COETZEE|JOHANNES|Graaff-Reinet || C15=COETZEE|STEPHANUS JOHANNES|Somerset || C16=COETZEE|CORNELIS JACOBUS|Somerset || C17=COETZEE|FLORIS|Somerset
P0119,C01=COETZER|WENTZEL CHRISTOFFEL|Somerset || C02=COETZER|PIETER WILLEM|Somerset || C03=COETZER|JACOB JEREMIAS|Somerset || C04=COETZER|JOHANNES JACOBUS|Somerset
P0120,C01=COETZER|JOHANNES JACOBUS|Somerset || C02=COETZER|PIETER WILLEM|Somerset || C03=COETZER|JACOB JEREMIAS|Somerset || C04=COETZER|WENTZEL CHRISTOFFEL|Somerset
P0121,C01=COETZER|PIETER WILLEM|Somerset || C02=COETZER|JACOB JEREMIAS|Somerset || C03=COETZER|WENTZEL CHRISTOFFEL|Somerset || C04=COETZER|JOHANNES JACOBUS|Somerset
P0122,C01=COETZER|PIETER WILLEM|Somerset || C02=COETZER|JOHANNES JACOBUS|Somerset || C03=COETZER|JACOB JEREMIAS|Somerset || C04=COETZER|WENTZEL CHRISTOFFEL|Somerset
P0123,C01=COETZER|PIETER WILLEM|Somerset || C02=COETZER|JOHANNES JACOBUS|Somerset || C03=COETZER|JACOB JEREMIAS|Somerset || C04=COETZER|WENTZEL CHRISTOFFEL|Somerset
P0124,C01=COETZER|JACOB JEREMIAS|Somerset || C02=COETZER|WENTZEL CHRISTOFFEL|Somerset || C03=COETZER|PIETER WILLEM|Somerset || C04=COETZER|JOHANNES JACOBUS|Somerset
P0125,C01=COMBRINK|MICHAEL|Beaufort
P0126,C01=COMBRINK|JAN HENDRIK|Uitenhage
P0127,C01=COMBRINK|JAN HENDRIK|Uitenhage
P0128,C01=COMBRINK|JAN HENDRIK|Uitenhage
P0129,C01=COMBRINK|MICHAEL|Beaufort
P0130,C01=CRAFFORD|JACOBUS MARTINUS|Swellendam || C02=CRAFFORD|DIRK JOHANNES ALBERTUS|Swellendam || C03=CRAFFORD|JACOB DANIEL|Swellendam || C04=CRAFFORD|DIRK JOHANNES ALBERTUS GERHARDUS|Swellendam
P0131,C01=CRAFFORD|DIRK JOHANNES ALBERTUS|Swellendam || C02=CRAFFORD|DIRK JOHANNES ALBERTUS GERHARDUS|Swellendam || C03=CRAFFORD|JACOBUS MARTINUS|Swellendam || C04=CRAFFORD|JACOB DANIEL|Swellendam
P0132,C01=CRONJE|ANDRIES STEPHANUS|Graaff-Reinet || C02=CRONJE|CORNELIS|Somerset || C03=CRONJE|WYNAND LODEWYK|Graaff-Reinet
P0133,C01=CRONJE|DANIEL CHRISTIAAN|Swellendam || C02=CRONJE|WYNAND LODEWYK|Swellendam || C03=CRONJE|ISAAC STEPHANUS|Swellendam || C04=CRONJE|ANDRIES|Swellendam || C05=CRONJE|CHRISTAAN ANDRIES JOHANNES|Swellendam || C06=CRONJE|JAN HERMANUS|Swellendam || C07=CRONJE|DANIEL LODEWYK|Swellendam || C08=CRONJE|JACOBUS|Swellendam || C09=CRONJE|ANDRIES LODEWICUS|Swellendam || C10=CRONJE|JOHANNES ISAAC|Swellendam || C11=CRONJE|ABRAHAM MARTINUS|Swellendam || C12=CRONJE|PIETER|Swellendam || C13=CRONJE|PIETER ROELOF|Swellendam || C14=CRONJE|ABRAHAM|Swellendam || C15=CRONJE|ANDRIES STEPHANUS|Swellendam
P0134,C01=CRONJE|ABRAHAM MARTINUS|Swellendam || C02=CRONJE|JOHANNES ISAAC|Swellendam || C03=CRONJE|JACOBUS|Swellendam || C04=CRONJE|PIETER|Swellendam || C05=CRONJE|ISAAC STEPHANUS|Swellendam || C06=CRONJE|CHRISTAAN ANDRIES JOHANNES|Swellendam || C07=CRONJE|ANDRIES STEPHANUS|Swellendam || C08=CRONJE|WYNAND LODEWYK|Swellendam || C09=CRONJE|ABRAHAM|Swellendam || C10=CRONJE|DANIEL CHRISTIAAN|Swellendam || C11=CRONJE|ANDRIES LODEWICUS|Swellendam || C12=CRONJE|PIETER ROELOF|Swellendam || C13=CRONJE|DANIEL LODEWYK|Swellendam || C14=CRONJE|ANDRIES|Swellendam || C15=CRONJE|JAN HERMANUS|Swellendam
P0135,C01=CRONJE|ANDRIES|Swellendam || C02=CRONJE|CHRISTAAN ANDRIES JOHANNES|Swellendam || C03=CRONJE|WYNAND LODEWYK|Swellendam || C04=CRONJE|ABRAHAM|Swellendam || C05=CRONJE|DANIEL CHRISTIAAN|Swellendam || C06=CRONJE|JAN HERMANUS|Swellendam || C07=CRONJE|ANDRIES STEPHANUS|Swellendam || C08=CRONJE|ABRAHAM MARTINUS|Swellendam || C09=CRONJE|JACOBUS|Swellendam || C10=CRONJE|DANIEL LODEWYK|Swellendam || C11=CRONJE|PIETER|Swellendam || C12=CRONJE|ISAAC STEPHANUS|Swellendam || C13=CRONJE|ANDRIES LODEWICUS|Swellendam || C14=CRONJE|JOHANNES ISAAC|Swellendam || C15=CRONJE|PIETER ROELOF|Swellendam
P0136,C01=DAVEL|JOHANNES CHRISTIAAN|Uitenhage
P0137,C01=DE BEER|JOHANNES MATTHYS|Somerset || C02=DE BEER|ZACHARIAS JOHANNES|Uitenhage || C03=DE BEER|SAMUEL PIETER M.|Somerset || C04=DE BEER|JOHANNES ARNOLDUS|Somerset
P0138,C01=DE BEER|SAMUEL PIETER M.|Somerset || C02=DE BEER|ZACHARIAS JOHANNES|Uitenhage || C03=DE BEER|JOHANNES MATTHYS|Somerset || C04=DE BEER|JOHANNES ARNOLDUS|Somerset
P0139,C01=DE BEER|JAN ANDRIES|Beaufort || C02=DE BEER|MATTHYS ANDRIES|Beaufort || C03=DE BEER|SAMUEL|Beaufort
P0140,C01=DE BEER|ZACHARIAS JOHANNES|Uitenhage || C02=DE BEER|JOHANNES ARNOLDUS|Somerset || C03=DE BEER|JOHANNES MATTHYS|Somerset || C04=DE BEER|SAMUEL PIETER M.|Somerset
P0141,C01=DE BEER|JOHANNES ARNOLDUS|Somerset || C02=DE BEER|ZACHARIAS JOHANNES|Uitenhage || C03=DE BEER|JOHANNES MATTHYS|Somerset || C04=DE BEER|SAMUEL PIETER M.|Somerset
P0142,C01=DE BEER|SAMUEL PIETER M.|Somerset || C02=DE BEER|ZACHARIAS JOHANNES|Uitenhage || C03=DE BEER|JOHANNES MATTHYS|Somerset || C04=DE BEER|JOHANNES ARNOLDUS|Somerset
P0143,C01=DE BEER|ZACHARIAS JOHANNES|Uitenhage || C02=DE BEER|SAMUEL PIETER M.|Somerset || C03=DE BEER|JOHANNES MATTHYS|Somerset || C04=DE BEER|JOHANNES ARNOLDUS|Somerset
P0144,C01=DE BEER|JOHANNES MATTHYS|Somerset || C02=DE BEER|SAMUEL PIETER M.|Somerset || C03=DE BEER|ZACHARIAS JOHANNES|Uitenhage || C04=DE BEER|JOHANNES ARNOLDUS|Somerset
P0145,C01=DE BEER|SAMUEL PIETER M.|Somerset || C02=DE BEER|ZACHARIAS JOHANNES|Uitenhage || C03=DE BEER|JOHANNES MATTHYS|Somerset || C04=DE BEER|JOHANNES ARNOLDUS|Somerset
P0146,C01=DE BEER|JAN ANDRIES|Beaufort || C02=DE BEER|SAMUEL|Beaufort || C03=DE BEER|MATTHYS ANDRIES|Beaufort
P0147,C01=DE BEER|SAMUEL|Beaufort || C02=DE BEER|JAN ANDRIES|Beaufort || C03=DE BEER|MATTHYS ANDRIES|Beaufort
P0148,C01=DE BEER|MATTHYS ANDRIES|Beaufort || C02=DE BEER|JAN ANDRIES|Beaufort || C03=DE BEER|SAMUEL|Beaufort
P0149,C01=DE BEER|SAMUEL PIETER M.|Somerset || C02=DE BEER|JOHANNES ARNOLDUS|Somerset || C03=DE BEER|ZACHARIAS JOHANNES|Uitenhage || C04=DE BEER|JOHANNES MATTHYS|Somerset
P0150,C01=DE BRUYN|HENDRIK JEREMIAS|Uitenhage || C02=DE BRUYN|HENDRIK JACOBUS|Somerset || C03=DE BRUYN|HENDRIK|Somerset
P0151,C01=DE BRUYN|HENDRIK JEREMIAS|Uitenhage || C02=DE BRUYN|HENDRIK|Somerset || C03=DE BRUYN|HENDRIK JACOBUS|Somerset
P0152,C01=DE JAGER|ANDRIES JOHANNES|Swellendam || C02=DE JAGER|JOHANNES GERHARDUS|Swellendam || C03=DE JAGER|JACOBUS HERCULES|Swellendam || C04=DE JAGER|PIETER CHRISTIAAN|Swellendam || C05=DE JAGER|FREDERIK JOSEPHUS|Swellendam || C06=DE JAGER|JACOBUS LODEWICUS|Swellendam || C07=DE JAGER|JOHANNES EVERT|Swellendam || C08=DE JAGER|CATHARINA CAROLINA|Swellendam || C09=DE JAGER|LOURENS|Swellendam || C10=DE JAGER|CHRISTIAAN JOHANNES|Swellendam || C11=DE JAGER|HERMANUS HENDRIK|Swellendam || C12=DE JAGER|LOUIS CHRISTIAAN ALBREGT|Swellendam || C13=DE JAGER|CHRISTIAAN|Swellendam || C14=DE JAGER|CAREL PIETER|Swellendam
P0153,C01=DE JAGER|CHRISTIAAN|Swellendam || C02=DE JAGER|CHRISTIAAN JOHANNES|Swellendam || C03=DE JAGER|CAREL PIETER|Swellendam || C04=DE JAGER|JACOBUS LODEWICUS|Swellendam || C05=DE JAGER|JACOBUS HERCULES|Swellendam || C06=DE JAGER|FREDERIK JOSEPHUS|Swellendam || C07=DE JAGER|LOUIS CHRISTIAAN ALBREGT|Swellendam || C08=DE JAGER|JOHANNES EVERT|Swellendam || C09=DE JAGER|LOURENS|Swellendam || C10=DE JAGER|CATHARINA CAROLINA|Swellendam || C11=DE JAGER|HERMANUS HENDRIK|Swellendam || C12=DE JAGER|JOHANNES GERHARDUS|Swellendam || C13=DE JAGER|PIETER CHRISTIAAN|Swellendam || C14=DE JAGER|ANDRIES JOHANNES|Swellendam
P0154,C01=DE JAGER|JOHANNES EVERT|Swellendam || C02=DE JAGER|LOUIS CHRISTIAAN ALBREGT|Swellendam || C03=DE JAGER|JACOBUS LODEWICUS|Swellendam || C04=DE JAGER|HERMANUS HENDRIK|Swellendam || C05=DE JAGER|CHRISTIAAN JOHANNES|Swellendam || C06=DE JAGER|JACOBUS HERCULES|Swellendam || C07=DE JAGER|CAREL PIETER|Swellendam || C08=DE JAGER|LOURENS|Swellendam || C09=DE JAGER|CHRISTIAAN|Swellendam || C10=DE JAGER|CATHARINA CAROLINA|Swellendam || C11=DE JAGER|JOHANNES GERHARDUS|Swellendam || C12=DE JAGER|FREDERIK JOSEPHUS|Swellendam || C13=DE JAGER|ANDRIES JOHANNES|Swellendam || C14=DE JAGER|PIETER CHRISTIAAN|Swellendam
P0155,C01=DE JAGER|CATHARINA CAROLINA|Swellendam || C02=DE JAGER|JACOBUS HERCULES|Swellendam || C03=DE JAGER|LOURENS|Swellendam || C04=DE JAGER|CHRISTIAAN JOHANNES|Swellendam || C05=DE JAGER|FREDERIK JOSEPHUS|Swellendam || C06=DE JAGER|ANDRIES JOHANNES|Swellendam || C07=DE JAGER|JOHANNES EVERT|Swellendam || C08=DE JAGER|CAREL PIETER|Swellendam || C09=DE JAGER|HERMANUS HENDRIK|Swellendam || C10=DE JAGER|PIETER CHRISTIAAN|Swellendam || C11=DE JAGER|JACOBUS LODEWICUS|Swellendam || C12=DE JAGER|LOUIS CHRISTIAAN ALBREGT|Swellendam || C13=DE JAGER|JOHANNES GERHARDUS|Swellendam || C14=DE JAGER|CHRISTIAAN|Swellendam
P0156,C01=DE LA REY|JACOBUS HERCULES|Swellendam
P0157,C01=DE LANGE|BAREND JACOBUS|Somerset || C02=DE LANGE|ALIDA|Somerset || C03=DE LANGE|JAN HENDRIK|Somerset
P0158,C01=DE LANGE|BAREND JACOBUS|Somerset || C02=DE LANGE|ALIDA|Somerset || C03=DE LANGE|JAN HENDRIK|Somerset
P0159,C01=DE LANGE|BAREND JACOBUS|Somerset || C02=DE LANGE|JAN HENDRIK|Somerset || C03=DE LANGE|ALIDA|Somerset
P0160,C01=DE LANGE|ALIDA|Somerset || C02=DE LANGE|BAREND JACOBUS|Somerset || C03=DE LANGE|JAN HENDRIK|Somerset
P0161,C01=DE LANGE|JAN HENDRIK|Somerset || C02=DE LANGE|BAREND JACOBUS|Somerset || C03=DE LANGE|ALIDA|Somerset
P0162,C01=DE LANGE|ALIDA|Somerset || C02=DE LANGE|BAREND JACOBUS|Somerset || C03=DE LANGE|JAN HENDRIK|Somerset
P0163,C01=DE LANGE|BAREND JACOBUS|Somerset || C02=DE LANGE|JAN HENDRIK|Somerset || C03=DE LANGE|ALIDA|Somerset
P0164,C01=DE NECKER|DANIEL JOHANNES JACOBUS|Swellendam || C02=DE NECKER|PIETER JOSUA|Swellendam || C03=DE NECKER|ADRIAAN FRANCOIS|Swellendam || C04=DE NECKER|PIETER HENDRIK|Swellendam
P0165,C01=DE NECKER|ADRIAAN FRANCOIS|Swellendam || C02=DE NECKER|DANIEL JOHANNES JACOBUS|Swellendam || C03=DE NECKER|PIETER HENDRIK|Swellendam || C04=DE NECKER|PIETER JOSUA|Swellendam
P0166,C01=DE NECKER|PIETER JOSUA|Swellendam || C02=DE NECKER|PIETER HENDRIK|Swellendam || C03=DE NECKER|ADRIAAN FRANCOIS|Swellendam || C04=DE NECKER|DANIEL JOHANNES JACOBUS|Swellendam
P0167,C01=DE NECKER|DANIEL JOHANNES JACOBUS|Swellendam || C02=DE NECKER|PIETER JOSUA|Swellendam || C03=DE NECKER|PIETER HENDRIK|Swellendam || C04=DE NECKER|ADRIAAN FRANCOIS|Swellendam
P0168,C01=DE VILLIERS|JOHANNES PHILIP|Stellenbosch || C02=DE VILLIERS|LOUISA ELIZABETH|Stellenbosch || C03=DE VILLIERS|PIETER JACOB|Stellenbosch || C04=DE VILLIERS|PIETER FREDERIK|Stellenbosch || C05=DE VILLIERS|JACOB DANIEL|Stellenbosch || C06=DE VILLIERS|ABRAHAM|Stellenbosch || C07=DE VILLIERS|JAN STEPHANUS|Stellenbosch || C08=DE VILLIERS|ISAAC JACOB|Stellenbosch || C09=DE VILLIERS|JAN PIETER|Stellenbosch || C10=DE VILLIERS|PIETER JOHANNES|Stellenbosch || C11=DE VILLIERS|HERMANUS JOHANNES|Stellenbosch || C12=DE VILLIERS|DAVID|Stellenbosch || C13=DE VILLIERS|JOHANNES JACOBUS|Stellenbosch || C14=DE VILLIERS|JAN ABRAHAM|Stellenbosch || C15=DE VILLIERS|GABRIEL FRANCOIS|Stellenbosch || C16=DE VILLIERS|GIDEON MAURITS|Stellenbosch || C17=DE VILLIERS|DAVID JACOBUS|Stellenbosch || C18=DE VILLIERS|PIETER JACOBUS|Stellenbosch || C19=DE VILLIERS|PIETER MATTHYS|Stellenbosch || C20=DE VILLIERS|PIETER HENDRIK|Stellenbosch || C21=DE VILLIERS|ABRAHAM COENRAAD|Stellenbosch || C22=DE VILLIERS|ISAAC|Stellenbosch || C23=DE VILLIERS|PIETER|Stellenbosch || C24=DE VILLIERS|JACOB|Stellenbosch || C25=DE VILLIERS|JAN DAVID|Stellenbosch || C26=DE VILLIERS|PETRUS FRANS|Stellenbosch || C27=DE VILLIERS|JEREMIAS BAREND|Stellenbosch || C28=DE VILLIERS|JAN DANIEL|Stellenbosch || C29=DE VILLIERS|JACOB HENDRIK|Stellenbosch || C30=DE VILLIERS|ABRAHAM PIETER|Stellenbosch || C31=DE VILLIERS|JOHANNES CORNELIS|Stellenbosch || C32=DE VILLIERS|JAN ISAAC|Stellenbosch || C33=DE VILLIERS|JAN GABRIEL|Stellenbosch || C34=DE VILLIERS|JACOB STEPHANUS|Stellenbosch || C35=DE VILLIERS|PETRUS JOHANNES|Stellenbosch || C36=DE VILLIERS|ANTONETTA  FRANZINA|Stellenbosch || C37=DE VILLIERS|ISAAC TOBIAS|Stellenbosch || C38=DE VILLIERS|CHARLES|Stellenbosch || C39=DE VILLIERS|DAVID PIETER|Stellenbosch || C40=DE VILLIERS|PAUL|Stellenbosch || C41=DE VILLIERS|JEREMIAS|Stellenbosch || C42=DE VILLIERS|ANNA MARGARETHA|Stellenbosch || C43=DE VILLIERS|ABRAHAM ALBERTUS|Stellenbosch || C44=DE VILLIERS|ABRAHAM BAREND|Stellenbosch || C45=DE VILLIERS|JACOB RUDOLPH|Stellenbosch || C46=DE VILLIERS|JAN JACOBUS|Stellenbosch || C47=DE VILLIERS|JACOB JOHANNES|Stellenbosch || C48=DE VILLIERS|ISAK PIETER|Stellenbosch || C49=DE VILLIERS|ABRAHAM BENJAMEN|Stellenbosch || C50=DE VILLIERS|MARIA ELIZABETH|Stellenbosch || C51=DE VILLIERS|JACOB LOUIS|Stellenbosch || C52=DE VILLIERS|DAVID CORNELIUS|Stellenbosch || C53=DE VILLIERS|ANDRIETTA EN ESTER|Stellenbosch || C54=DE VILLIERS|JACOBUS NICOLAAS|Stellenbosch || C55=DE VILLIERS|MARIA MAGDALENA JOHANNA|Stellenbosch || C56=DE VILLIERS|PIETER WILLEM|Stellenbosch || C57=DE VILLIERS|JOHANNES NICOLAAS|Stellenbosch || C58=DE VILLIERS|DANIEL ELIE|Stellenbosch || C59=DE VILLIERS|JOHANNES ALBERTUS|Stellenbosch || C60=DE VILLIERS|PIETER FRANCOIS|Stellenbosch || C61=DE VILLIERS|JACOB ISAAC|Stellenbosch || C62=DE VILLIERS|JACOB PIETER DANIEL|Stellenbosch || C63=DE VILLIERS|GEERTRUIDA LOUISA|Stellenbosch
P0169,C01=DE WET|JOSIAS|Graaff-Reinet || C02=DE WET|JACOBUS ALBERTUS|Somerset || C03=DE WET|JACOBUS|Somerset
P0170,C01=DELPORT|ISAAC CHRISTIAAN|Uitenhage || C02=DELPORT|MICHIEL DANIEL|Albany
P0171,C01=DELPORT|ISAAC CHRISTIAAN|Uitenhage || C02=DELPORT|MICHIEL DANIEL|Albany
P0172,C01=DORFLING|JOSEPH THEODORUS|Uitenhage
P0173,C01=DREYER|JOHANNES PHILIPPUS|Albany
P0174,C01=DREYER|JOHANNES PHILIPPUS|Albany || C02=DREYER|ROELOF PETRUS GERHARDUS|Somerset
P0175,C01=DU PLESSIS|PAUL JACOBUS|Somerset || C02=DU PLESSIS|PETRUS FRANCOIS|Somerset || C03=DU PLESSIS|FRANCOIS JACOBUS|Uitenhage || C04=DU PLESSIS|JOHANNES PETRUS|Somerset || C05=DU PLESSIS|JAN GABRIEL|Graaff-Reinet || C06=DU PLESSIS|CHARL JACOB|Graaff-Reinet || C07=DU PLESSIS|THEODORUS DANIEL|Uitenhage || C08=DU PLESSIS|PIETER ABRAHAM|Somerset || C09=DU PLESSIS|MARTINUS JOHANNES|Somerset || C10=DU PLESSIS|PHILIPPUS ARNOLDUS|Graaff-Reinet || C11=DU PLESSIS|MARIA JACOBA|Somerset || C12=DU PLESSIS|JOSEPH ALBERTUS|Uitenhage || C13=DU PLESSIS|BAREND CHRISTOFFEL|Somerset || C14=DU PLESSIS|JACOBUS JOHANNES|Uitenhage || C15=DU PLESSIS|HENDRIK JOHANNES|Graaff-Reinet || C16=DU PLESSIS|JAN|Somerset || C17=DU PLESSIS|DANIEL JOHANNES|Graaff-Reinet || C18=DU PLESSIS|DANIEL|Somerset || C19=DU PLESSIS|PIETER|Somerset || C20=DU PLESSIS|PHILIPPUS JACOBUS|Somerset || C21=DU PLESSIS|CHARL JOHANNES|Graaff-Reinet || C22=DU PLESSIS|HENDRIK CHRISTOFFEL|Graaff-Reinet || C23=DU PLESSIS|MAGDALENA JOHANNA MARIA|Somerset || C24=DU PLESSIS|HENDRIK FRANCOIS|Somerset || C25=DU PLESSIS|PETRUS JOHANNES|Graaff-Reinet || C26=DU PLESSIS|JACOBUS|Uitenhage
P0176,C01=DU PLESSIS|DAVID JACOBUS|Worcester || C02=DU PLESSIS|PHILIPPUS JACOBUS|Worcester || C03=DU PLESSIS|JACOBUS STEPHANUS|Worcester || C04=DU PLESSIS|CAREL ANDREAS JACOBUS|Worcester || C05=DU PLESSIS|PIETER JOHANNES|Worcester || C06=DU PLESSIS|DANIEL JOHANNES|Worcester || C07=DU PLESSIS|PHILIPPUS PETRUS|Worcester || C08=DU PLESSIS|PIETER JACOBUS|Worcester || C09=DU PLESSIS|PHILIPPUS|Worcester || C10=DU PLESSIS|PIETER FRANCOIS|Worcester || C11=DU PLESSIS|JOHANNES HENDRIK|Worcester || C12=DU PLESSIS|JOHANNES PETRUS|Worcester || C13=DU PLESSIS|WILLEM DANIEL|Worcester || C14=DU PLESSIS|CAREL JACOBUS|Worcester || C15=DU PLESSIS|WILLEM HENDRIK|Worcester || C16=DU PLESSIS|PHILIPPUS ANDRIES|Worcester || C17=DU PLESSIS|JAN ABRAHAM|Worcester || C18=DU PLESSIS|ELIZABETH MARIA|Worcester
P0177,C01=DU PLESSIS|ANDRIES STEPHANUS|Swellendam || C02=DU PLESSIS|DANIEL|Swellendam || C03=DU PLESSIS|HERMANUS BAREND|Swellendam || C04=DU PLESSIS|WYNAND|Swellendam || C05=DU PLESSIS|ANDRIES|Swellendam || C06=DU PLESSIS|HELENA ALETTA|Swellendam || C07=DU PLESSIS|JACOBUS|Swellendam || C08=DU PLESSIS|CHARLES|Swellendam
P0178,C01=DU PLESSIS|JACOBUS|Uitenhage || C02=DU PLESSIS|JACOBUS JOHANNES|Uitenhage || C03=DU PLESSIS|JOSEPH ALBERTUS|Uitenhage || C04=DU PLESSIS|FRANCOIS JACOBUS|Uitenhage || C05=DU PLESSIS|THEODORUS DANIEL|Uitenhage
P0179,C01=DU PLESSIS|FRANCOIS JACOBUS|Uitenhage || C02=DU PLESSIS|JACOBUS JOHANNES|Uitenhage || C03=DU PLESSIS|JOSEPH ALBERTUS|Uitenhage || C04=DU PLESSIS|THEODORUS DANIEL|Uitenhage || C05=DU PLESSIS|JACOBUS|Uitenhage
P0180,C01=DU PLESSIS|DANIEL|Swellendam || C02=DU PLESSIS|HELENA ALETTA|Swellendam || C03=DU PLESSIS|HERMANUS BAREND|Swellendam || C04=DU PLESSIS|ANDRIES STEPHANUS|Swellendam || C05=DU PLESSIS|CHARLES|Swellendam || C06=DU PLESSIS|ANDRIES|Swellendam || C07=DU PLESSIS|WYNAND|Swellendam || C08=DU PLESSIS|JACOBUS|Swellendam
P0181,C01=DU PLESSIS|JAN GABRIEL|Graaff-Reinet || C02=DU PLESSIS|PETRUS JOHANNES|Graaff-Reinet || C03=DU PLESSIS|JAN|Somerset || C04=DU PLESSIS|JOHANNES PETRUS|Somerset || C05=DU PLESSIS|HENDRIK FRANCOIS|Somerset || C06=DU PLESSIS|FRANCOIS JACOBUS|Uitenhage || C07=DU PLESSIS|PHILIPPUS ARNOLDUS|Graaff-Reinet || C08=DU PLESSIS|PIETER ABRAHAM|Somerset || C09=DU PLESSIS|JACOBUS JOHANNES|Uitenhage || C10=DU PLESSIS|HENDRIK JOHANNES|Graaff-Reinet || C11=DU PLESSIS|CHARL JOHANNES|Graaff-Reinet || C12=DU PLESSIS|THEODORUS DANIEL|Uitenhage || C13=DU PLESSIS|HENDRIK CHRISTOFFEL|Graaff-Reinet || C14=DU PLESSIS|DANIEL|Somerset || C15=DU PLESSIS|JOSEPH ALBERTUS|Uitenhage || C16=DU PLESSIS|JACOBUS|Uitenhage || C17=DU PLESSIS|PETRUS FRANCOIS|Somerset || C18=DU PLESSIS|BAREND CHRISTOFFEL|Somerset || C19=DU PLESSIS|MAGDALENA JOHANNA MARIA|Somerset || C20=DU PLESSIS|CHARL JACOB|Graaff-Reinet || C21=DU PLESSIS|MARTINUS JOHANNES|Somerset || C22=DU PLESSIS|PAUL JACOBUS|Somerset || C23=DU PLESSIS|PIETER|Somerset || C24=DU PLESSIS|PHILIPPUS JACOBUS|Somerset || C25=DU PLESSIS|DANIEL JOHANNES|Graaff-Reinet || C26=DU PLESSIS|MARIA JACOBA|Somerset
P0182,C01=DU PLESSIS|BAREND CHRISTOFFEL|Somerset || C02=DU PLESSIS|DANIEL|Somerset || C03=DU PLESSIS|MARIA JACOBA|Somerset || C04=DU PLESSIS|JOSEPH ALBERTUS|Uitenhage || C05=DU PLESSIS|PHILIPPUS ARNOLDUS|Graaff-Reinet || C06=DU PLESSIS|PETRUS JOHANNES|Graaff-Reinet || C07=DU PLESSIS|CHARL JACOB|Graaff-Reinet || C08=DU PLESSIS|MAGDALENA JOHANNA MARIA|Somerset || C09=DU PLESSIS|JACOBUS JOHANNES|Uitenhage || C10=DU PLESSIS|PHILIPPUS JACOBUS|Somerset || C11=DU PLESSIS|FRANCOIS JACOBUS|Uitenhage || C12=DU PLESSIS|PETRUS FRANCOIS|Somerset || C13=DU PLESSIS|CHARL JOHANNES|Graaff-Reinet || C14=DU PLESSIS|THEODORUS DANIEL|Uitenhage || C15=DU PLESSIS|JACOBUS|Uitenhage || C16=DU PLESSIS|HENDRIK CHRISTOFFEL|Graaff-Reinet || C17=DU PLESSIS|PIETER|Somerset || C18=DU PLESSIS|JOHANNES PETRUS|Somerset || C19=DU PLESSIS|PAUL JACOBUS|Somerset || C20=DU PLESSIS|HENDRIK JOHANNES|Graaff-Reinet || C21=DU PLESSIS|PIETER ABRAHAM|Somerset || C22=DU PLESSIS|JAN|Somerset || C23=DU PLESSIS|JAN GABRIEL|Graaff-Reinet || C24=DU PLESSIS|MARTINUS JOHANNES|Somerset || C25=DU PLESSIS|HENDRIK FRANCOIS|Somerset || C26=DU PLESSIS|DANIEL JOHANNES|Graaff-Reinet
P0183,C01=DU PLESSIS|DANIEL JOHANNES|Graaff-Reinet || C02=DU PLESSIS|PHILIPPUS ARNOLDUS|Graaff-Reinet || C03=DU PLESSIS|MAGDALENA JOHANNA MARIA|Somerset || C04=DU PLESSIS|DANIEL|Somerset || C05=DU PLESSIS|CHARL JACOB|Graaff-Reinet || C06=DU PLESSIS|MARTINUS JOHANNES|Somerset || C07=DU PLESSIS|PIETER ABRAHAM|Somerset || C08=DU PLESSIS|HENDRIK FRANCOIS|Somerset || C09=DU PLESSIS|HENDRIK JOHANNES|Graaff-Reinet || C10=DU PLESSIS|CHARL JOHANNES|Graaff-Reinet || C11=DU PLESSIS|MARIA JACOBA|Somerset || C12=DU PLESSIS|FRANCOIS JACOBUS|Uitenhage || C13=DU PLESSIS|THEODORUS DANIEL|Uitenhage || C14=DU PLESSIS|JOHANNES PETRUS|Somerset || C15=DU PLESSIS|PAUL JACOBUS|Somerset || C16=DU PLESSIS|JOSEPH ALBERTUS|Uitenhage || C17=DU PLESSIS|PETRUS FRANCOIS|Somerset || C18=DU PLESSIS|PHILIPPUS JACOBUS|Somerset || C19=DU PLESSIS|JACOBUS|Uitenhage || C20=DU PLESSIS|JAN|Somerset || C21=DU PLESSIS|BAREND CHRISTOFFEL|Somerset || C22=DU PLESSIS|PIETER|Somerset || C23=DU PLESSIS|JAN GABRIEL|Graaff-Reinet || C24=DU PLESSIS|JACOBUS JOHANNES|Uitenhage || C25=DU PLESSIS|PETRUS JOHANNES|Graaff-Reinet || C26=DU PLESSIS|HENDRIK CHRISTOFFEL|Graaff-Reinet
P0184,C01=DU PLESSIS|JAN|Somerset || C02=DU PLESSIS|CHARL JOHANNES|Graaff-Reinet || C03=DU PLESSIS|MARIA JACOBA|Somerset || C04=DU PLESSIS|PETRUS JOHANNES|Graaff-Reinet || C05=DU PLESSIS|DANIEL|Somerset || C06=DU PLESSIS|PIETER ABRAHAM|Somerset || C07=DU PLESSIS|JACOBUS JOHANNES|Uitenhage || C08=DU PLESSIS|CHARL JACOB|Graaff-Reinet || C09=DU PLESSIS|PETRUS FRANCOIS|Somerset || C10=DU PLESSIS|MARTINUS JOHANNES|Somerset || C11=DU PLESSIS|PHILIPPUS JACOBUS|Somerset || C12=DU PLESSIS|JOSEPH ALBERTUS|Uitenhage || C13=DU PLESSIS|JOHANNES PETRUS|Somerset || C14=DU PLESSIS|HENDRIK FRANCOIS|Somerset || C15=DU PLESSIS|HENDRIK CHRISTOFFEL|Graaff-Reinet || C16=DU PLESSIS|PHILIPPUS ARNOLDUS|Graaff-Reinet || C17=DU PLESSIS|PIETER|Somerset || C18=DU PLESSIS|BAREND CHRISTOFFEL|Somerset || C19=DU PLESSIS|JAN GABRIEL|Graaff-Reinet || C20=DU PLESSIS|PAUL JACOBUS|Somerset || C21=DU PLESSIS|HENDRIK JOHANNES|Graaff-Reinet || C22=DU PLESSIS|JACOBUS|Uitenhage || C23=DU PLESSIS|FRANCOIS JACOBUS|Uitenhage || C24=DU PLESSIS|THEODORUS DANIEL|Uitenhage || C25=DU PLESSIS|MAGDALENA JOHANNA MARIA|Somerset || C26=DU PLESSIS|DANIEL JOHANNES|Graaff-Reinet
P0185,C01=DU PLESSIS|JOSEPH ALBERTUS|Uitenhage || C02=DU PLESSIS|BAREND CHRISTOFFEL|Somerset || C03=DU PLESSIS|DANIEL JOHANNES|Graaff-Reinet || C04=DU PLESSIS|PIETER ABRAHAM|Somerset || C05=DU PLESSIS|JACOBUS JOHANNES|Uitenhage || C06=DU PLESSIS|PHILIPPUS ARNOLDUS|Graaff-Reinet || C07=DU PLESSIS|PETRUS JOHANNES|Graaff-Reinet || C08=DU PLESSIS|HENDRIK CHRISTOFFEL|Graaff-Reinet || C09=DU PLESSIS|HENDRIK JOHANNES|Graaff-Reinet || C10=DU PLESSIS|CHARL JOHANNES|Graaff-Reinet || C11=DU PLESSIS|MARTINUS JOHANNES|Somerset || C12=DU PLESSIS|THEODORUS DANIEL|Uitenhage || C13=DU PLESSIS|JAN GABRIEL|Graaff-Reinet || C14=DU PLESSIS|MARIA JACOBA|Somerset || C15=DU PLESSIS|CHARL JACOB|Graaff-Reinet || C16=DU PLESSIS|PETRUS FRANCOIS|Somerset || C17=DU PLESSIS|MAGDALENA JOHANNA MARIA|Somerset || C18=DU PLESSIS|HENDRIK FRANCOIS|Somerset || C19=DU PLESSIS|FRANCOIS JACOBUS|Uitenhage || C20=DU PLESSIS|PIETER|Somerset || C21=DU PLESSIS|PAUL JACOBUS|Somerset || C22=DU PLESSIS|JAN|Somerset || C23=DU PLESSIS|JOHANNES PETRUS|Somerset || C24=DU PLESSIS|PHILIPPUS JACOBUS|Somerset || C25=DU PLESSIS|DANIEL|Somerset || C26=DU PLESSIS|JACOBUS|Uitenhage
P0186,C01=DU PLESSIS|PIETER ABRAHAM|Somerset || C02=DU PLESSIS|HENDRIK JOHANNES|Graaff-Reinet || C03=DU PLESSIS|MARTINUS JOHANNES|Somerset || C04=DU PLESSIS|HENDRIK FRANCOIS|Somerset || C05=DU PLESSIS|HENDRIK CHRISTOFFEL|Graaff-Reinet || C06=DU PLESSIS|PIETER|Somerset || C07=DU PLESSIS|JAN|Somerset || C08=DU PLESSIS|JOHANNES PETRUS|Somerset || C09=DU PLESSIS|MARIA JACOBA|Somerset || C10=DU PLESSIS|THEODORUS DANIEL|Uitenhage || C11=DU PLESSIS|PAUL JACOBUS|Somerset || C12=DU PLESSIS|CHARL JOHANNES|Graaff-Reinet || C13=DU PLESSIS|JAN GABRIEL|Graaff-Reinet || C14=DU PLESSIS|PETRUS JOHANNES|Graaff-Reinet || C15=DU PLESSIS|DANIEL|Somerset || C16=DU PLESSIS|PHILIPPUS ARNOLDUS|Graaff-Reinet || C17=DU PLESSIS|JOSEPH ALBERTUS|Uitenhage || C18=DU PLESSIS|PETRUS FRANCOIS|Somerset || C19=DU PLESSIS|DANIEL JOHANNES|Graaff-Reinet || C20=DU PLESSIS|CHARL JACOB|Graaff-Reinet || C21=DU PLESSIS|MAGDALENA JOHANNA MARIA|Somerset || C22=DU PLESSIS|BAREND CHRISTOFFEL|Somerset || C23=DU PLESSIS|JACOBUS JOHANNES|Uitenhage || C24=DU PLESSIS|FRANCOIS JACOBUS|Uitenhage || C25=DU PLESSIS|PHILIPPUS JACOBUS|Somerset || C26=DU PLESSIS|JACOBUS|Uitenhage
P0187,C01=DU PLESSIS|PAUL JACOBUS|Somerset || C02=DU PLESSIS|HENDRIK CHRISTOFFEL|Graaff-Reinet || C03=DU PLESSIS|MAGDALENA JOHANNA MARIA|Somerset || C04=DU PLESSIS|PHILIPPUS ARNOLDUS|Graaff-Reinet || C05=DU PLESSIS|BAREND CHRISTOFFEL|Somerset || C06=DU PLESSIS|CHARL JOHANNES|Graaff-Reinet || C07=DU PLESSIS|FRANCOIS JACOBUS|Uitenhage || C08=DU PLESSIS|HENDRIK FRANCOIS|Somerset || C09=DU PLESSIS|JAN|Somerset || C10=DU PLESSIS|HENDRIK JOHANNES|Graaff-Reinet || C11=DU PLESSIS|PIETER ABRAHAM|Somerset || C12=DU PLESSIS|PETRUS FRANCOIS|Somerset || C13=DU PLESSIS|PETRUS JOHANNES|Graaff-Reinet || C14=DU PLESSIS|JACOBUS|Uitenhage || C15=DU PLESSIS|CHARL JACOB|Graaff-Reinet || C16=DU PLESSIS|PHILIPPUS JACOBUS|Somerset || C17=DU PLESSIS|DANIEL JOHANNES|Graaff-Reinet || C18=DU PLESSIS|MARIA JACOBA|Somerset || C19=DU PLESSIS|DANIEL|Somerset || C20=DU PLESSIS|JOSEPH ALBERTUS|Uitenhage || C21=DU PLESSIS|MARTINUS JOHANNES|Somerset || C22=DU PLESSIS|JAN GABRIEL|Graaff-Reinet || C23=DU PLESSIS|THEODORUS DANIEL|Uitenhage || C24=DU PLESSIS|JOHANNES PETRUS|Somerset || C25=DU PLESSIS|JACOBUS JOHANNES|Uitenhage || C26=DU PLESSIS|PIETER|Somerset
P0188,C01=DU PLESSIS|PIETER|Somerset || C02=DU PLESSIS|CHARL JACOB|Graaff-Reinet || C03=DU PLESSIS|JAN|Somerset || C04=DU PLESSIS|MARIA JACOBA|Somerset || C05=DU PLESSIS|FRANCOIS JACOBUS|Uitenhage || C06=DU PLESSIS|HENDRIK CHRISTOFFEL|Graaff-Reinet || C07=DU PLESSIS|JOHANNES PETRUS|Somerset || C08=DU PLESSIS|BAREND CHRISTOFFEL|Somerset || C09=DU PLESSIS|JACOBUS|Uitenhage || C10=DU PLESSIS|PAUL JACOBUS|Somerset || C11=DU PLESSIS|DANIEL JOHANNES|Graaff-Reinet || C12=DU PLESSIS|THEODORUS DANIEL|Uitenhage || C13=DU PLESSIS|MAGDALENA JOHANNA MARIA|Somerset || C14=DU PLESSIS|JAN GABRIEL|Graaff-Reinet || C15=DU PLESSIS|PETRUS JOHANNES|Graaff-Reinet || C16=DU PLESSIS|JOSEPH ALBERTUS|Uitenhage || C17=DU PLESSIS|PHILIPPUS JACOBUS|Somerset || C18=DU PLESSIS|HENDRIK JOHANNES|Graaff-Reinet || C19=DU PLESSIS|MARTINUS JOHANNES|Somerset || C20=DU PLESSIS|JACOBUS JOHANNES|Uitenhage || C21=DU PLESSIS|CHARL JOHANNES|Graaff-Reinet || C22=DU PLESSIS|PHILIPPUS ARNOLDUS|Graaff-Reinet || C23=DU PLESSIS|PIETER ABRAHAM|Somerset || C24=DU PLESSIS|PETRUS FRANCOIS|Somerset || C25=DU PLESSIS|HENDRIK FRANCOIS|Somerset || C26=DU PLESSIS|DANIEL|Somerset
P0189,C01=DU PLESSIS|PIETER|Somerset || C02=DU PLESSIS|CHARL JACOB|Graaff-Reinet || C03=DU PLESSIS|JAN|Somerset || C04=DU PLESSIS|PETRUS JOHANNES|Graaff-Reinet || C05=DU PLESSIS|HENDRIK FRANCOIS|Somerset || C06=DU PLESSIS|JAN GABRIEL|Graaff-Reinet || C07=DU PLESSIS|JACOBUS|Uitenhage || C08=DU PLESSIS|PHILIPPUS ARNOLDUS|Graaff-Reinet || C09=DU PLESSIS|MAGDALENA JOHANNA MARIA|Somerset || C10=DU PLESSIS|JACOBUS JOHANNES|Uitenhage || C11=DU PLESSIS|MARTINUS JOHANNES|Somerset || C12=DU PLESSIS|PHILIPPUS JACOBUS|Somerset || C13=DU PLESSIS|PAUL JACOBUS|Somerset || C14=DU PLESSIS|HENDRIK JOHANNES|Graaff-Reinet || C15=DU PLESSIS|DANIEL|Somerset || C16=DU PLESSIS|THEODORUS DANIEL|Uitenhage || C17=DU PLESSIS|CHARL JOHANNES|Graaff-Reinet || C18=DU PLESSIS|JOHANNES PETRUS|Somerset || C19=DU PLESSIS|BAREND CHRISTOFFEL|Somerset || C20=DU PLESSIS|DANIEL JOHANNES|Graaff-Reinet || C21=DU PLESSIS|PIETER ABRAHAM|Somerset || C22=DU PLESSIS|JOSEPH ALBERTUS|Uitenhage || C23=DU PLESSIS|PETRUS FRANCOIS|Somerset || C24=DU PLESSIS|HENDRIK CHRISTOFFEL|Graaff-Reinet || C25=DU PLESSIS|FRANCOIS JACOBUS|Uitenhage || C26=DU PLESSIS|MARIA JACOBA|Somerset
P0190,C01=DU PLESSIS|HENDRIK JOHANNES|Graaff-Reinet || C02=DU PLESSIS|MARTINUS JOHANNES|Somerset || C03=DU PLESSIS|DANIEL|Somerset || C04=DU PLESSIS|JOSEPH ALBERTUS|Uitenhage || C05=DU PLESSIS|PHILIPPUS ARNOLDUS|Graaff-Reinet || C06=DU PLESSIS|PIETER ABRAHAM|Somerset || C07=DU PLESSIS|PAUL JACOBUS|Somerset || C08=DU PLESSIS|DANIEL JOHANNES|Graaff-Reinet || C09=DU PLESSIS|PHILIPPUS JACOBUS|Somerset || C10=DU PLESSIS|THEODORUS DANIEL|Uitenhage || C11=DU PLESSIS|JACOBUS JOHANNES|Uitenhage || C12=DU PLESSIS|JOHANNES PETRUS|Somerset || C13=DU PLESSIS|HENDRIK FRANCOIS|Somerset || C14=DU PLESSIS|CHARL JACOB|Graaff-Reinet || C15=DU PLESSIS|FRANCOIS JACOBUS|Uitenhage || C16=DU PLESSIS|JAN|Somerset || C17=DU PLESSIS|MARIA JACOBA|Somerset || C18=DU PLESSIS|PETRUS FRANCOIS|Somerset || C19=DU PLESSIS|JACOBUS|Uitenhage || C20=DU PLESSIS|HENDRIK CHRISTOFFEL|Graaff-Reinet || C21=DU PLESSIS|BAREND CHRISTOFFEL|Somerset || C22=DU PLESSIS|JAN GABRIEL|Graaff-Reinet || C23=DU PLESSIS|MAGDALENA JOHANNA MARIA|Somerset || C24=DU PLESSIS|CHARL JOHANNES|Graaff-Reinet || C25=DU PLESSIS|PETRUS JOHANNES|Graaff-Reinet || C26=DU PLESSIS|PIETER|Somerset
P0191,C01=DU PLESSIS|PIETER ABRAHAM|Somerset || C02=DU PLESSIS|CHARL JOHANNES|Graaff-Reinet || C03=DU PLESSIS|BAREND CHRISTOFFEL|Somerset || C04=DU PLESSIS|PETRUS FRANCOIS|Somerset || C05=DU PLESSIS|PETRUS JOHANNES|Graaff-Reinet || C06=DU PLESSIS|MARIA JACOBA|Somerset || C07=DU PLESSIS|PIETER|Somerset || C08=DU PLESSIS|JOHANNES PETRUS|Somerset || C09=DU PLESSIS|HENDRIK JOHANNES|Graaff-Reinet || C10=DU PLESSIS|MAGDALENA JOHANNA MARIA|Somerset || C11=DU PLESSIS|HENDRIK FRANCOIS|Somerset || C12=DU PLESSIS|JACOBUS JOHANNES|Uitenhage || C13=DU PLESSIS|JOSEPH ALBERTUS|Uitenhage || C14=DU PLESSIS|DANIEL|Somerset || C15=DU PLESSIS|CHARL JACOB|Graaff-Reinet || C16=DU PLESSIS|MARTINUS JOHANNES|Somerset || C17=DU PLESSIS|JACOBUS|Uitenhage || C18=DU PLESSIS|THEODORUS DANIEL|Uitenhage || C19=DU PLESSIS|PHILIPPUS ARNOLDUS|Graaff-Reinet || C20=DU PLESSIS|PAUL JACOBUS|Somerset || C21=DU PLESSIS|HENDRIK CHRISTOFFEL|Graaff-Reinet || C22=DU PLESSIS|DANIEL JOHANNES|Graaff-Reinet || C23=DU PLESSIS|PHILIPPUS JACOBUS|Somerset || C24=DU PLESSIS|JAN GABRIEL|Graaff-Reinet || C25=DU PLESSIS|JAN|Somerset || C26=DU PLESSIS|FRANCOIS JACOBUS|Uitenhage
P0192,C01=DU PLESSIS|PETRUS FRANCOIS|Somerset || C02=DU PLESSIS|JACOBUS|Uitenhage || C03=DU PLESSIS|DANIEL JOHANNES|Graaff-Reinet || C04=DU PLESSIS|PIETER ABRAHAM|Somerset || C05=DU PLESSIS|PHILIPPUS JACOBUS|Somerset || C06=DU PLESSIS|DANIEL|Somerset || C07=DU PLESSIS|THEODORUS DANIEL|Uitenhage || C08=DU PLESSIS|CHARL JACOB|Graaff-Reinet || C09=DU PLESSIS|HENDRIK FRANCOIS|Somerset || C10=DU PLESSIS|BAREND CHRISTOFFEL|Somerset || C11=DU PLESSIS|PETRUS JOHANNES|Graaff-Reinet || C12=DU PLESSIS|FRANCOIS JACOBUS|Uitenhage || C13=DU PLESSIS|PHILIPPUS ARNOLDUS|Graaff-Reinet || C14=DU PLESSIS|JACOBUS JOHANNES|Uitenhage || C15=DU PLESSIS|HENDRIK CHRISTOFFEL|Graaff-Reinet || C16=DU PLESSIS|JAN GABRIEL|Graaff-Reinet || C17=DU PLESSIS|MARIA JACOBA|Somerset || C18=DU PLESSIS|HENDRIK JOHANNES|Graaff-Reinet || C19=DU PLESSIS|JAN|Somerset || C20=DU PLESSIS|PAUL JACOBUS|Somerset || C21=DU PLESSIS|PIETER|Somerset || C22=DU PLESSIS|JOSEPH ALBERTUS|Uitenhage || C23=DU PLESSIS|CHARL JOHANNES|Graaff-Reinet || C24=DU PLESSIS|JOHANNES PETRUS|Somerset || C25=DU PLESSIS|MARTINUS JOHANNES|Somerset || C26=DU PLESSIS|MAGDALENA JOHANNA MARIA|Somerset
P0193,C01=DU PLOOY|LEENDERT HENDRIK|Beaufort || C02=DU PLOOY|CORNELIS MICHIEL|Beaufort
P0194,C01=DU PLOOY|ROELOF|Somerset
P0195,C01=DU PLOOY|CORNELIS MICHIEL|Beaufort || C02=DU PLOOY|LEENDERT HENDRIK|Beaufort
P0196,C01=DU PLOOY|LEENDERT HENDRIK|Beaufort || C02=DU PLOOY|CORNELIS MICHIEL|Beaufort
P0197,C01=DU PLOOY|LEENDERT HENDRIK|Beaufort || C02=DU PLOOY|CORNELIS MICHIEL|Beaufort
P0198,C01=DU PLOOY|LEENDERT HENDRIK|Beaufort || C02=DU PLOOY|CORNELIS MICHIEL|Beaufort
P0199,C01=DU PLOOY|ROELOF|Somerset
P0200,C01=DU PLOOY|CORNELIS MICHIEL|Beaufort || C02=DU PLOOY|LEENDERT HENDRIK|Beaufort
P0201,C01=DU PLOOY|LEENDERT HENDRIK|Beaufort || C02=DU PLOOY|CORNELIS MICHIEL|Beaufort
P0202,C01=DU PREEZ|LOUIS|Somerset || C02=DU PREEZ|IGNAAS|Uitenhage || C03=DU PREEZ|PHILIPPUS JACOBUS|Graaff-Reinet || C04=DU PREEZ|JOHANNES LODEWIKUS|Graaff-Reinet || C05=DU PREEZ|JACOBUS HERCULES|Somerset || C06=DU PREEZ|JOHANNES LODEWICUS|Albany || C07=DU PREEZ|ANDRIES|Uitenhage || C08=DU PREEZ|PETRUS HENDRIK|Uitenhage || C09=DU PREEZ|ANDRIES HENDRIK|Uitenhage || C10=DU PREEZ|HERCULES STEPHANUS|Uitenhage || C11=DU PREEZ|IGNATIUS PETRUS|Uitenhage || C12=DU PREEZ|HERMANUS CAREL|Graaff-Reinet || C13=DU PREEZ|SALOMON|Uitenhage || C14=DU PREEZ|JOHANNES ANDRIES|Uitenhage
P0203,C01=DU PREEZ|JOHANNES ANDRIES|Uitenhage || C02=DU PREEZ|IGNAAS|Uitenhage || C03=DU PREEZ|ANDRIES HENDRIK|Uitenhage || C04=DU PREEZ|PETRUS HENDRIK|Uitenhage || C05=DU PREEZ|ANDRIES|Uitenhage || C06=DU PREEZ|SALOMON|Uitenhage || C07=DU PREEZ|HERCULES STEPHANUS|Uitenhage || C08=DU PREEZ|IGNATIUS PETRUS|Uitenhage
P0204,C01=DU PREEZ|ANDRIES HENDRIK|Uitenhage || C02=DU PREEZ|IGNAAS|Uitenhage || C03=DU PREEZ|PETRUS HENDRIK|Uitenhage || C04=DU PREEZ|ANDRIES|Uitenhage || C05=DU PREEZ|SALOMON|Uitenhage || C06=DU PREEZ|HERCULES STEPHANUS|Uitenhage || C07=DU PREEZ|IGNATIUS PETRUS|Uitenhage || C08=DU PREEZ|JOHANNES ANDRIES|Uitenhage
P0205,C01=DU PREEZ|IGNAAS|Uitenhage || C02=DU PREEZ|JOHANNES ANDRIES|Uitenhage || C03=DU PREEZ|PETRUS HENDRIK|Uitenhage || C04=DU PREEZ|IGNATIUS PETRUS|Uitenhage || C05=DU PREEZ|ANDRIES|Uitenhage || C06=DU PREEZ|SALOMON|Uitenhage || C07=DU PREEZ|ANDRIES HENDRIK|Uitenhage || C08=DU PREEZ|HERCULES STEPHANUS|Uitenhage
P0206,C01=DU PREEZ|HERMANUS CAREL|Graaff-Reinet || C02=DU PREEZ|JOHANNES LODEWIKUS|Graaff-Reinet || C03=DU PREEZ|PHILIPPUS JACOBUS|Graaff-Reinet
P0207,C01=DU PREEZ|PHILIPPUS JACOBUS|Graaff-Reinet || C02=DU PREEZ|JOHANNES LODEWIKUS|Graaff-Reinet || C03=DU PREEZ|HERMANUS CAREL|Graaff-Reinet
P0208,C01=DU PREEZ|HERCULES|George || C02=DU PREEZ|HERCULES SALOMON|George
P0209,C01=DU PREEZ|HERCULES SALOMON|George || C02=DU PREEZ|HERCULES|George
P0210,C01=DU PREEZ|HERCULES|George || C02=DU PREEZ|HERCULES SALOMON|George
P0211,C01=DU PREEZ|ANDRIES HENDRIK|Uitenhage || C02=DU PREEZ|LOUIS|Somerset || C03=DU PREEZ|PHILIPPUS JACOBUS|Graaff-Reinet || C04=DU PREEZ|IGNATIUS PETRUS|Uitenhage || C05=DU PREEZ|JACOBUS HERCULES|Somerset || C06=DU PREEZ|JOHANNES LODEWIKUS|Graaff-Reinet || C07=DU PREEZ|JOHANNES ANDRIES|Uitenhage || C08=DU PREEZ|PETRUS HENDRIK|Uitenhage || C09=DU PREEZ|HERMANUS CAREL|Graaff-Reinet || C10=DU PREEZ|ANDRIES|Uitenhage || C11=DU PREEZ|HERCULES STEPHANUS|Uitenhage || C12=DU PREEZ|SALOMON|Uitenhage || C13=DU PREEZ|JOHANNES LODEWICUS|Albany || C14=DU PREEZ|IGNAAS|Uitenhage
P0212,C01=DU TOIT|CHARL|Beaufort || C02=DU TOIT|GUILLIAME|Beaufort || C03=DU TOIT|ANDRIES GERHARDUS|Beaufort || C04=DU TOIT|GERHARDUS JOHANNES|Beaufort
P0213,C01=DU TOIT|GUILLIAME|Beaufort || C02=DU TOIT|GERHARDUS JOHANNES|Beaufort || C03=DU TOIT|CHARL|Beaufort || C04=DU TOIT|ANDRIES GERHARDUS|Beaufort
P0214,C01=DU TOIT|JOHANNES STEPHANUS|Graaff-Reinet || C02=DU TOIT|ANDRIES BERNARDUS|Graaff-Reinet || C03=DU TOIT|JACOBUS FRANCOIS|Graaff-Reinet || C04=DU TOIT|ANDRIES STEPHANUS|Graaff-Reinet || C05=DU TOIT|DANIEL CHARL|Graaff-Reinet || C06=DU TOIT|THOMAS ARNOLDUS|Graaff-Reinet || C07=DU TOIT|GERHARDUS JOHANNES|Beaufort || C08=DU TOIT|GUILLIAME|Beaufort || C09=DU TOIT|JOHANNES FRANCOIS|Graaff-Reinet || C10=DU TOIT|PETRUS JACOBUS|Graaff-Reinet || C11=DU TOIT|ANDRIES GERHARDUS|Beaufort || C12=DU TOIT|PETRUS JOHANNES|Graaff-Reinet || C13=DU TOIT|CHARL|Beaufort
P0215,C01=DU TOIT|JOHANNES STEPHANUS|Graaff-Reinet || C02=DU TOIT|JACOBUS FRANCOIS|Graaff-Reinet || C03=DU TOIT|THOMAS ARNOLDUS|Graaff-Reinet || C04=DU TOIT|ANDRIES BERNARDUS|Graaff-Reinet || C05=DU TOIT|PETRUS JOHANNES|Graaff-Reinet || C06=DU TOIT|PETRUS JACOBUS|Graaff-Reinet || C07=DU TOIT|JOHANNES FRANCOIS|Graaff-Reinet || C08=DU TOIT|ANDRIES STEPHANUS|Graaff-Reinet || C09=DU TOIT|DANIEL CHARL|Graaff-Reinet
P0216,C01=DU TOIT|PETRUS JACOBUS|Graaff-Reinet || C02=DU TOIT|ANDRIES GERHARDUS|Beaufort || C03=DU TOIT|JACOBUS FRANCOIS|Graaff-Reinet || C04=DU TOIT|CHARL|Beaufort || C05=DU TOIT|ANDRIES BERNARDUS|Graaff-Reinet || C06=DU TOIT|JOHANNES STEPHANUS|Graaff-Reinet || C07=DU TOIT|ANDRIES STEPHANUS|Graaff-Reinet || C08=DU TOIT|DANIEL CHARL|Graaff-Reinet || C09=DU TOIT|THOMAS ARNOLDUS|Graaff-Reinet || C10=DU TOIT|JOHANNES FRANCOIS|Graaff-Reinet || C11=DU TOIT|PETRUS JOHANNES|Graaff-Reinet || C12=DU TOIT|GERHARDUS JOHANNES|Beaufort || C13=DU TOIT|GUILLIAME|Beaufort
P0217,C01=DU TOIT|ANDRIES STEPHANUS|Graaff-Reinet || C02=DU TOIT|JOHANNES FRANCOIS|Graaff-Reinet || C03=DU TOIT|CHARL|Beaufort || C04=DU TOIT|PETRUS JOHANNES|Graaff-Reinet || C05=DU TOIT|JACOBUS FRANCOIS|Graaff-Reinet || C06=DU TOIT|GUILLIAME|Beaufort || C07=DU TOIT|THOMAS ARNOLDUS|Graaff-Reinet || C08=DU TOIT|JOHANNES STEPHANUS|Graaff-Reinet || C09=DU TOIT|GERHARDUS JOHANNES|Beaufort || C10=DU TOIT|PETRUS JACOBUS|Graaff-Reinet || C11=DU TOIT|ANDRIES BERNARDUS|Graaff-Reinet || C12=DU TOIT|ANDRIES GERHARDUS|Beaufort || C13=DU TOIT|DANIEL CHARL|Graaff-Reinet
P0218,C01=DU TOIT|PETRUS JOHANNES|Graaff-Reinet || C02=DU TOIT|GUILLIAME|Beaufort || C03=DU TOIT|JACOBUS FRANCOIS|Graaff-Reinet || C04=DU TOIT|JOHANNES FRANCOIS|Graaff-Reinet || C05=DU TOIT|JOHANNES STEPHANUS|Graaff-Reinet || C06=DU TOIT|DANIEL CHARL|Graaff-Reinet || C07=DU TOIT|ANDRIES BERNARDUS|Graaff-Reinet || C08=DU TOIT|ANDRIES STEPHANUS|Graaff-Reinet || C09=DU TOIT|CHARL|Beaufort || C10=DU TOIT|GERHARDUS JOHANNES|Beaufort || C11=DU TOIT|THOMAS ARNOLDUS|Graaff-Reinet || C12=DU TOIT|ANDRIES GERHARDUS|Beaufort || C13=DU TOIT|PETRUS JACOBUS|Graaff-Reinet
P0219,C01=DU TOIT|THOMAS ARNOLDUS|Graaff-Reinet || C02=DU TOIT|JOHANNES FRANCOIS|Graaff-Reinet || C03=DU TOIT|PETRUS JOHANNES|Graaff-Reinet || C04=DU TOIT|CHARL|Beaufort || C05=DU TOIT|ANDRIES STEPHANUS|Graaff-Reinet || C06=DU TOIT|GERHARDUS JOHANNES|Beaufort || C07=DU TOIT|ANDRIES BERNARDUS|Graaff-Reinet || C08=DU TOIT|GUILLIAME|Beaufort || C09=DU TOIT|JOHANNES STEPHANUS|Graaff-Reinet || C10=DU TOIT|JACOBUS FRANCOIS|Graaff-Reinet || C11=DU TOIT|PETRUS JACOBUS|Graaff-Reinet || C12=DU TOIT|ANDRIES GERHARDUS|Beaufort || C13=DU TOIT|DANIEL CHARL|Graaff-Reinet
P0220,C01=DU TOIT|ANDRIES BERNARDUS|Graaff-Reinet || C02=DU TOIT|ANDRIES GERHARDUS|Beaufort || C03=DU TOIT|CHARL|Beaufort || C04=DU TOIT|GERHARDUS JOHANNES|Beaufort || C05=DU TOIT|JOHANNES FRANCOIS|Graaff-Reinet || C06=DU TOIT|GUILLIAME|Beaufort || C07=DU TOIT|DANIEL CHARL|Graaff-Reinet || C08=DU TOIT|ANDRIES STEPHANUS|Graaff-Reinet || C09=DU TOIT|PETRUS JACOBUS|Graaff-Reinet || C10=DU TOIT|THOMAS ARNOLDUS|Graaff-Reinet || C11=DU TOIT|JACOBUS FRANCOIS|Graaff-Reinet || C12=DU TOIT|JOHANNES STEPHANUS|Graaff-Reinet || C13=DU TOIT|PETRUS JOHANNES|Graaff-Reinet
P0221,C01=DU TOIT|PETRUS JOHANNES|Graaff-Reinet || C02=DU TOIT|GERHARDUS JOHANNES|Beaufort || C03=DU TOIT|PETRUS JACOBUS|Graaff-Reinet || C04=DU TOIT|ANDRIES BERNARDUS|Graaff-Reinet || C05=DU TOIT|ANDRIES STEPHANUS|Graaff-Reinet || C06=DU TOIT|ANDRIES GERHARDUS|Beaufort || C07=DU TOIT|JOHANNES FRANCOIS|Graaff-Reinet || C08=DU TOIT|DANIEL CHARL|Graaff-Reinet || C09=DU TOIT|JOHANNES STEPHANUS|Graaff-Reinet || C10=DU TOIT|JACOBUS FRANCOIS|Graaff-Reinet || C11=DU TOIT|THOMAS ARNOLDUS|Graaff-Reinet || C12=DU TOIT|CHARL|Beaufort || C13=DU TOIT|GUILLIAME|Beaufort
P0222,C01=ELS|JOHANNES CHRISTOFFEL|Somerset || C02=ELS|NICOLAAS|Albany || C03=ELS|JOHANNES MARTINUS|Albany || C04=ELS|FREDERIK|Somerset
P0223,C01=ELS|JOHANNES MARTINUS|Albany || C02=ELS|NICOLAAS|Albany || C03=ELS|FREDERIK|Somerset || C04=ELS|JOHANNES CHRISTOFFEL|Somerset
P0224,C01=ELS|JOHANNES CHRISTOFFEL|Somerset || C02=ELS|JOHANNES MARTINUS|Albany || C03=ELS|FREDERIK|Somerset || C04=ELS|NICOLAAS|Albany
P0225,C01=ENGELBRECHT|WILLEM CHRISTOFFEL|Somerset || C02=ENGELBRECHT|CORNELIS PHILIPPUS|Somerset || C03=ENGELBRECHT|ELIZABETH CATHARINA|Somerset || C04=ENGELBRECHT|JOHANNES CORNELIS|Somerset || C05=ENGELBRECHT|GERHARDUS CORNELIS|Somerset || C06=ENGELBRECHT|PIETER [DECEASED]|Graaff-Reinet || C07=ENGELBRECHT|JOHANNES HENDRIK|Somerset
P0226,C01=ENGELBRECHT|ELIZABETH CATHARINA|Somerset || C02=ENGELBRECHT|JOHANNES CORNELIS|Somerset || C03=ENGELBRECHT|GERHARDUS CORNELIS|Somerset || C04=ENGELBRECHT|JOHANNES HENDRIK|Somerset || C05=ENGELBRECHT|CORNELIS PHILIPPUS|Somerset || C06=ENGELBRECHT|PIETER [DECEASED]|Graaff-Reinet || C07=ENGELBRECHT|WILLEM CHRISTOFFEL|Somerset
P0227,C01=ENGELBRECHT|JOHANNES CORNELIS|Somerset || C02=ENGELBRECHT|GERHARDUS CORNELIS|Somerset || C03=ENGELBRECHT|CORNELIS PHILIPPUS|Somerset || C04=ENGELBRECHT|JOHANNES HENDRIK|Somerset || C05=ENGELBRECHT|WILLEM CHRISTOFFEL|Somerset || C06=ENGELBRECHT|PIETER [DECEASED]|Graaff-Reinet || C07=ENGELBRECHT|ELIZABETH CATHARINA|Somerset
P0228,C01=ENGELBRECHT|JOHANNES CORNELIS|Somerset || C02=ENGELBRECHT|GERHARDUS CORNELIS|Somerset || C03=ENGELBRECHT|PIETER [DECEASED]|Graaff-Reinet || C04=ENGELBRECHT|ELIZABETH CATHARINA|Somerset || C05=ENGELBRECHT|CORNELIS PHILIPPUS|Somerset || C06=ENGELBRECHT|JOHANNES HENDRIK|Somerset || C07=ENGELBRECHT|WILLEM CHRISTOFFEL|Somerset
P0229,C01=ENGELBRECHT|JOHANNES HENDRIK|Somerset || C02=ENGELBRECHT|ELIZABETH CATHARINA|Somerset || C03=ENGELBRECHT|PIETER [DECEASED]|Graaff-Reinet || C04=ENGELBRECHT|WILLEM CHRISTOFFEL|Somerset || C05=ENGELBRECHT|GERHARDUS CORNELIS|Somerset || C06=ENGELBRECHT|CORNELIS PHILIPPUS|Somerset || C07=ENGELBRECHT|JOHANNES CORNELIS|Somerset
P0230,C01=ENSLIN|HENDRIK AUGUST|Graaff-Reinet || C02=ENSLIN|JAN ADRIAAN|Graaff-Reinet || C03=ENSLIN|JOHANNES STEPHANUS|Graaff-Reinet || C04=ENSLIN|CHRISTOFFEL BERNARDUS|Somerset
P0231,C01=ERASMUS|JACOBUS LOURENS|Albany
P0232,C01=ERASMUS|CHRISTOFFEL PETRUS JOHANNES|Somerset || C02=ERASMUS|PETRUS JOHANNES|Somerset || C03=ERASMUS|DANIEL JACOBUS|Uitenhage || C04=ERASMUS|PETRUS STEPHANUS|Somerset || C05=ERASMUS|LOURENS JACOBUS|Somerset || C06=ERASMUS|JACOB LOURENS CAROLUS|Somerset || C07=ERASMUS|LOURENS RASMUS|Somerset || C08=ERASMUS|LOURENS RASMUS SR|Somerset || C09=ERASMUS|PETRUS LOURENS|Somerset || C10=ERASMUS|MARTHA FRANCINA|Somerset || C11=ERASMUS|MICHIEL COENRAAD|Somerset || C12=ERASMUS|CAREL STEPHANUS|Somerset || C13=ERASMUS|LOURENS JOHANNES|Somerset || C14=ERASMUS|GERRIT|Somerset || C15=ERASMUS|JOHANNES JACOBUS|Somerset || C16=ERASMUS|HENDRIK FERDINAND|Graaff-Reinet || C17=ERASMUS|COERT|Somerset || C18=ERASMUS|PETRUS RASMUS|Graaff-Reinet || C19=ERASMUS|ABEL HERMANUS|Uitenhage || C20=ERASMUS|JACOBUS LOURENS|Albany || C21=ERASMUS|DANIEL JOHANNES|Somerset
P0233,C01=ERASMUS|LOURENS JACOBUS|Somerset || C02=ERASMUS|LOURENS RASMUS SR|Somerset || C03=ERASMUS|PETRUS LOURENS|Somerset || C04=ERASMUS|CAREL STEPHANUS|Somerset || C05=ERASMUS|LOURENS RASMUS|Somerset || C06=ERASMUS|ABEL HERMANUS|Uitenhage || C07=ERASMUS|LOURENS JOHANNES|Somerset || C08=ERASMUS|COERT|Somerset || C09=ERASMUS|PETRUS RASMUS|Graaff-Reinet || C10=ERASMUS|HENDRIK FERDINAND|Graaff-Reinet || C11=ERASMUS|PETRUS JOHANNES|Somerset || C12=ERASMUS|GERRIT|Somerset || C13=ERASMUS|DANIEL JACOBUS|Uitenhage || C14=ERASMUS|JACOBUS LOURENS|Albany || C15=ERASMUS|JOHANNES JACOBUS|Somerset || C16=ERASMUS|CHRISTOFFEL PETRUS JOHANNES|Somerset || C17=ERASMUS|JACOB LOURENS CAROLUS|Somerset || C18=ERASMUS|MICHIEL COENRAAD|Somerset || C19=ERASMUS|PETRUS STEPHANUS|Somerset || C20=ERASMUS|MARTHA FRANCINA|Somerset || C21=ERASMUS|DANIEL JOHANNES|Somerset
P0234,C01=ERASMUS|ABEL HERMANUS|Uitenhage || C02=ERASMUS|COERT|Somerset || C03=ERASMUS|JOHANNES JACOBUS|Somerset || C04=ERASMUS|DANIEL JOHANNES|Somerset || C05=ERASMUS|LOURENS JACOBUS|Somerset || C06=ERASMUS|LOURENS RASMUS SR|Somerset || C07=ERASMUS|LOURENS JOHANNES|Somerset || C08=ERASMUS|JACOB LOURENS CAROLUS|Somerset || C09=ERASMUS|HENDRIK FERDINAND|Graaff-Reinet || C10=ERASMUS|MICHIEL COENRAAD|Somerset || C11=ERASMUS|CHRISTOFFEL PETRUS JOHANNES|Somerset || C12=ERASMUS|PETRUS RASMUS|Graaff-Reinet || C13=ERASMUS|GERRIT|Somerset || C14=ERASMUS|PETRUS JOHANNES|Somerset || C15=ERASMUS|PETRUS LOURENS|Somerset || C16=ERASMUS|DANIEL JACOBUS|Uitenhage || C17=ERASMUS|JACOBUS LOURENS|Albany || C18=ERASMUS|LOURENS RASMUS|Somerset || C19=ERASMUS|MARTHA FRANCINA|Somerset || C20=ERASMUS|PETRUS STEPHANUS|Somerset || C21=ERASMUS|CAREL STEPHANUS|Somerset
P0235,C01=ERASMUS|ABEL HERMANUS|Uitenhage || C02=ERASMUS|LOURENS RASMUS SR|Somerset || C03=ERASMUS|DANIEL JOHANNES|Somerset || C04=ERASMUS|JOHANNES JACOBUS|Somerset || C05=ERASMUS|JACOB LOURENS CAROLUS|Somerset || C06=ERASMUS|JACOBUS LOURENS|Albany || C07=ERASMUS|COERT|Somerset || C08=ERASMUS|MARTHA FRANCINA|Somerset || C09=ERASMUS|LOURENS JACOBUS|Somerset || C10=ERASMUS|LOURENS JOHANNES|Somerset || C11=ERASMUS|PETRUS LOURENS|Somerset || C12=ERASMUS|DANIEL JACOBUS|Uitenhage || C13=ERASMUS|CHRISTOFFEL PETRUS JOHANNES|Somerset || C14=ERASMUS|HENDRIK FERDINAND|Graaff-Reinet || C15=ERASMUS|CAREL STEPHANUS|Somerset || C16=ERASMUS|GERRIT|Somerset || C17=ERASMUS|PETRUS RASMUS|Graaff-Reinet || C18=ERASMUS|PETRUS STEPHANUS|Somerset || C19=ERASMUS|LOURENS RASMUS|Somerset || C20=ERASMUS|MICHIEL COENRAAD|Somerset || C21=ERASMUS|PETRUS JOHANNES|Somerset
P0236,C01=ERASMUS|PETRUS JOHANNES|Somerset || C02=ERASMUS|ABEL HERMANUS|Uitenhage || C03=ERASMUS|LOURENS RASMUS|Somerset || C04=ERASMUS|JACOBUS LOURENS|Albany || C05=ERASMUS|HENDRIK FERDINAND|Graaff-Reinet || C06=ERASMUS|CHRISTOFFEL PETRUS JOHANNES|Somerset || C07=ERASMUS|MICHIEL COENRAAD|Somerset || C08=ERASMUS|JOHANNES JACOBUS|Somerset || C09=ERASMUS|LOURENS JOHANNES|Somerset || C10=ERASMUS|PETRUS LOURENS|Somerset || C11=ERASMUS|GERRIT|Somerset || C12=ERASMUS|LOURENS RASMUS SR|Somerset || C13=ERASMUS|COERT|Somerset || C14=ERASMUS|JACOB LOURENS CAROLUS|Somerset || C15=ERASMUS|PETRUS STEPHANUS|Somerset || C16=ERASMUS|LOURENS JACOBUS|Somerset || C17=ERASMUS|CAREL STEPHANUS|Somerset || C18=ERASMUS|PETRUS RASMUS|Graaff-Reinet || C19=ERASMUS|DANIEL JOHANNES|Somerset || C20=ERASMUS|DANIEL JACOBUS|Uitenhage || C21=ERASMUS|MARTHA FRANCINA|Somerset
P0237,C01=ERASMUS|HENDRIK FERDINAND|Graaff-Reinet || C02=ERASMUS|JACOB LOURENS CAROLUS|Somerset || C03=ERASMUS|COERT|Somerset || C04=ERASMUS|CHRISTOFFEL PETRUS JOHANNES|Somerset || C05=ERASMUS|GERRIT|Somerset || C06=ERASMUS|PETRUS RASMUS|Graaff-Reinet || C07=ERASMUS|LOURENS JACOBUS|Somerset || C08=ERASMUS|JOHANNES JACOBUS|Somerset || C09=ERASMUS|ABEL HERMANUS|Uitenhage || C10=ERASMUS|LOURENS RASMUS|Somerset || C11=ERASMUS|MARTHA FRANCINA|Somerset || C12=ERASMUS|DANIEL JACOBUS|Uitenhage || C13=ERASMUS|PETRUS STEPHANUS|Somerset || C14=ERASMUS|MICHIEL COENRAAD|Somerset || C15=ERASMUS|PETRUS JOHANNES|Somerset || C16=ERASMUS|LOURENS JOHANNES|Somerset || C17=ERASMUS|DANIEL JOHANNES|Somerset || C18=ERASMUS|JACOBUS LOURENS|Albany || C19=ERASMUS|PETRUS LOURENS|Somerset || C20=ERASMUS|LOURENS RASMUS SR|Somerset || C21=ERASMUS|CAREL STEPHANUS|Somerset
P0238,C01=ERASMUS|PETRUS STEPHANUS|Somerset || C02=ERASMUS|DANIEL JOHANNES|Somerset || C03=ERASMUS|MARTHA FRANCINA|Somerset || C04=ERASMUS|ABEL HERMANUS|Uitenhage || C05=ERASMUS|CAREL STEPHANUS|Somerset || C06=ERASMUS|COERT|Somerset || C07=ERASMUS|LOURENS JACOBUS|Somerset || C08=ERASMUS|CHRISTOFFEL PETRUS JOHANNES|Somerset || C09=ERASMUS|JACOBUS LOURENS|Albany || C10=ERASMUS|PETRUS LOURENS|Somerset || C11=ERASMUS|HENDRIK FERDINAND|Graaff-Reinet || C12=ERASMUS|LOURENS RASMUS SR|Somerset || C13=ERASMUS|LOURENS RASMUS|Somerset || C14=ERASMUS|JACOB LOURENS CAROLUS|Somerset || C15=ERASMUS|LOURENS JOHANNES|Somerset || C16=ERASMUS|JOHANNES JACOBUS|Somerset || C17=ERASMUS|PETRUS RASMUS|Graaff-Reinet || C18=ERASMUS|PETRUS JOHANNES|Somerset || C19=ERASMUS|MICHIEL COENRAAD|Somerset || C20=ERASMUS|GERRIT|Somerset || C21=ERASMUS|DANIEL JACOBUS|Uitenhage
P0239,C01=ERASMUS|JACOBUS LOURENS|Albany
P0240,C01=ERASMUS|HENDRIK FERDINAND|Graaff-Reinet || C02=ERASMUS|PETRUS RASMUS|Graaff-Reinet
P0241,C01=ERASMUS|DANIEL JOHANNES|Somerset || C02=ERASMUS|LOURENS RASMUS|Somerset || C03=ERASMUS|PETRUS STEPHANUS|Somerset || C04=ERASMUS|GERRIT|Somerset || C05=ERASMUS|LOURENS RASMUS SR|Somerset || C06=ERASMUS|HENDRIK FERDINAND|Graaff-Reinet || C07=ERASMUS|CHRISTOFFEL PETRUS JOHANNES|Somerset || C08=ERASMUS|LOURENS JACOBUS|Somerset || C09=ERASMUS|MARTHA FRANCINA|Somerset || C10=ERASMUS|JACOBUS LOURENS|Albany || C11=ERASMUS|PETRUS JOHANNES|Somerset || C12=ERASMUS|DANIEL JACOBUS|Uitenhage || C13=ERASMUS|PETRUS LOURENS|Somerset || C14=ERASMUS|LOURENS JOHANNES|Somerset || C15=ERASMUS|JACOB LOURENS CAROLUS|Somerset || C16=ERASMUS|CAREL STEPHANUS|Somerset || C17=ERASMUS|PETRUS RASMUS|Graaff-Reinet || C18=ERASMUS|COERT|Somerset || C19=ERASMUS|MICHIEL COENRAAD|Somerset || C20=ERASMUS|JOHANNES JACOBUS|Somerset || C21=ERASMUS|ABEL HERMANUS|Uitenhage
P0242,C01=ERASMUS|HENDRIK FERDINAND|Graaff-Reinet || C02=ERASMUS|DANIEL JOHANNES|Somerset || C03=ERASMUS|GERRIT|Somerset || C04=ERASMUS|JACOBUS LOURENS|Albany || C05=ERASMUS|JOHANNES JACOBUS|Somerset || C06=ERASMUS|PETRUS STEPHANUS|Somerset || C07=ERASMUS|COERT|Somerset || C08=ERASMUS|MICHIEL COENRAAD|Somerset || C09=ERASMUS|LOURENS RASMUS SR|Somerset || C10=ERASMUS|CAREL STEPHANUS|Somerset || C11=ERASMUS|PETRUS LOURENS|Somerset || C12=ERASMUS|CHRISTOFFEL PETRUS JOHANNES|Somerset || C13=ERASMUS|PETRUS RASMUS|Graaff-Reinet || C14=ERASMUS|LOURENS JACOBUS|Somerset || C15=ERASMUS|MARTHA FRANCINA|Somerset || C16=ERASMUS|LOURENS RASMUS|Somerset || C17=ERASMUS|JACOB LOURENS CAROLUS|Somerset || C18=ERASMUS|PETRUS JOHANNES|Somerset || C19=ERASMUS|ABEL HERMANUS|Uitenhage || C20=ERASMUS|LOURENS JOHANNES|Somerset || C21=ERASMUS|DANIEL JACOBUS|Uitenhage
P0243,C01=ERASMUS|CHRISTOFFEL PETRUS JOHANNES|Somerset || C02=ERASMUS|PETRUS LOURENS|Somerset || C03=ERASMUS|PETRUS RASMUS|Graaff-Reinet || C04=ERASMUS|DANIEL JACOBUS|Uitenhage || C05=ERASMUS|JACOBUS LOURENS|Albany || C06=ERASMUS|GERRIT|Somerset || C07=ERASMUS|LOURENS JOHANNES|Somerset || C08=ERASMUS|LOURENS JACOBUS|Somerset || C09=ERASMUS|COERT|Somerset || C10=ERASMUS|MARTHA FRANCINA|Somerset || C11=ERASMUS|CAREL STEPHANUS|Somerset || C12=ERASMUS|HENDRIK FERDINAND|Graaff-Reinet || C13=ERASMUS|LOURENS RASMUS SR|Somerset || C14=ERASMUS|PETRUS JOHANNES|Somerset || C15=ERASMUS|JACOB LOURENS CAROLUS|Somerset || C16=ERASMUS|MICHIEL COENRAAD|Somerset || C17=ERASMUS|JOHANNES JACOBUS|Somerset || C18=ERASMUS|DANIEL JOHANNES|Somerset || C19=ERASMUS|LOURENS RASMUS|Somerset || C20=ERASMUS|ABEL HERMANUS|Uitenhage || C21=ERASMUS|PETRUS STEPHANUS|Somerset
P0244,C01=ERASMUS|CHRISTOFFEL PETRUS JOHANNES|Somerset || C02=ERASMUS|CAREL STEPHANUS|Somerset || C03=ERASMUS|MICHIEL COENRAAD|Somerset || C04=ERASMUS|JACOBUS LOURENS|Albany || C05=ERASMUS|LOURENS RASMUS SR|Somerset || C06=ERASMUS|PETRUS STEPHANUS|Somerset || C07=ERASMUS|HENDRIK FERDINAND|Graaff-Reinet || C08=ERASMUS|LOURENS JACOBUS|Somerset || C09=ERASMUS|JOHANNES JACOBUS|Somerset || C10=ERASMUS|ABEL HERMANUS|Uitenhage || C11=ERASMUS|JACOB LOURENS CAROLUS|Somerset || C12=ERASMUS|PETRUS RASMUS|Graaff-Reinet || C13=ERASMUS|DANIEL JACOBUS|Uitenhage || C14=ERASMUS|COERT|Somerset || C15=ERASMUS|DANIEL JOHANNES|Somerset || C16=ERASMUS|LOURENS RASMUS|Somerset || C17=ERASMUS|GERRIT|Somerset || C18=ERASMUS|PETRUS LOURENS|Somerset || C19=ERASMUS|PETRUS JOHANNES|Somerset || C20=ERASMUS|LOURENS JOHANNES|Somerset || C21=ERASMUS|MARTHA FRANCINA|Somerset
P0245,C01=ERASMUS|PETRUS LOURENS|Somerset || C02=ERASMUS|JACOBUS LOURENS|Albany || C03=ERASMUS|LOURENS RASMUS SR|Somerset || C04=ERASMUS|PETRUS STEPHANUS|Somerset || C05=ERASMUS|MARTHA FRANCINA|Somerset || C06=ERASMUS|JACOB LOURENS CAROLUS|Somerset || C07=ERASMUS|LOURENS JACOBUS|Somerset || C08=ERASMUS|CHRISTOFFEL PETRUS JOHANNES|Somerset || C09=ERASMUS|DANIEL JOHANNES|Somerset || C10=ERASMUS|COERT|Somerset || C11=ERASMUS|GERRIT|Somerset || C12=ERASMUS|DANIEL JACOBUS|Uitenhage || C13=ERASMUS|PETRUS JOHANNES|Somerset || C14=ERASMUS|LOURENS RASMUS|Somerset || C15=ERASMUS|PETRUS RASMUS|Graaff-Reinet || C16=ERASMUS|LOURENS JOHANNES|Somerset || C17=ERASMUS|HENDRIK FERDINAND|Graaff-Reinet || C18=ERASMUS|ABEL HERMANUS|Uitenhage || C19=ERASMUS|JOHANNES JACOBUS|Somerset || C20=ERASMUS|MICHIEL COENRAAD|Somerset || C21=ERASMUS|CAREL STEPHANUS|Somerset
P0246,C01=ERASMUS|ABEL HERMANUS|Uitenhage || C02=ERASMUS|MICHIEL COENRAAD|Somerset || C03=ERASMUS|LOURENS JOHANNES|Somerset || C04=ERASMUS|LOURENS RASMUS|Somerset || C05=ERASMUS|LOURENS RASMUS SR|Somerset || C06=ERASMUS|DANIEL JOHANNES|Somerset || C07=ERASMUS|CHRISTOFFEL PETRUS JOHANNES|Somerset || C08=ERASMUS|JACOBUS LOURENS|Albany || C09=ERASMUS|CAREL STEPHANUS|Somerset || C10=ERASMUS|JOHANNES JACOBUS|Somerset || C11=ERASMUS|COERT|Somerset || C12=ERASMUS|JACOB LOURENS CAROLUS|Somerset || C13=ERASMUS|MARTHA FRANCINA|Somerset || C14=ERASMUS|DANIEL JACOBUS|Uitenhage || C15=ERASMUS|PETRUS STEPHANUS|Somerset || C16=ERASMUS|PETRUS JOHANNES|Somerset || C17=ERASMUS|LOURENS JACOBUS|Somerset || C18=ERASMUS|GERRIT|Somerset || C19=ERASMUS|PETRUS RASMUS|Graaff-Reinet || C20=ERASMUS|HENDRIK FERDINAND|Graaff-Reinet || C21=ERASMUS|PETRUS LOURENS|Somerset
P0247,C01=ERASMUS|CHRISTOFFEL PETRUS JOHANNES|Somerset || C02=ERASMUS|HENDRIK FERDINAND|Graaff-Reinet || C03=ERASMUS|JACOB LOURENS CAROLUS|Somerset || C04=ERASMUS|PETRUS RASMUS|Graaff-Reinet || C05=ERASMUS|PETRUS JOHANNES|Somerset || C06=ERASMUS|MARTHA FRANCINA|Somerset || C07=ERASMUS|LOURENS JACOBUS|Somerset || C08=ERASMUS|LOURENS RASMUS SR|Somerset || C09=ERASMUS|PETRUS STEPHANUS|Somerset || C10=ERASMUS|LOURENS JOHANNES|Somerset || C11=ERASMUS|CAREL STEPHANUS|Somerset || C12=ERASMUS|PETRUS LOURENS|Somerset || C13=ERASMUS|JACOBUS LOURENS|Albany || C14=ERASMUS|LOURENS RASMUS|Somerset || C15=ERASMUS|ABEL HERMANUS|Uitenhage || C16=ERASMUS|JOHANNES JACOBUS|Somerset || C17=ERASMUS|DANIEL JOHANNES|Somerset || C18=ERASMUS|DANIEL JACOBUS|Uitenhage || C19=ERASMUS|COERT|Somerset || C20=ERASMUS|MICHIEL COENRAAD|Somerset || C21=ERASMUS|GERRIT|Somerset
P0248,C01=ERASMUS|DANIEL JOHANNES|Somerset || C02=ERASMUS|DANIEL JACOBUS|Uitenhage || C03=ERASMUS|MICHIEL COENRAAD|Somerset || C04=ERASMUS|LOURENS RASMUS|Somerset || C05=ERASMUS|GERRIT|Somerset || C06=ERASMUS|JOHANNES JACOBUS|Somerset || C07=ERASMUS|CAREL STEPHANUS|Somerset || C08=ERASMUS|LOURENS RASMUS SR|Somerset || C09=ERASMUS|PETRUS JOHANNES|Somerset || C10=ERASMUS|JACOBUS LOURENS|Albany || C11=ERASMUS|JACOB LOURENS CAROLUS|Somerset || C12=ERASMUS|MARTHA FRANCINA|Somerset || C13=ERASMUS|LOURENS JOHANNES|Somerset || C14=ERASMUS|PETRUS LOURENS|Somerset || C15=ERASMUS|HENDRIK FERDINAND|Graaff-Reinet || C16=ERASMUS|CHRISTOFFEL PETRUS JOHANNES|Somerset || C17=ERASMUS|LOURENS JACOBUS|Somerset || C18=ERASMUS|PETRUS STEPHANUS|Somerset || C19=ERASMUS|ABEL HERMANUS|Uitenhage || C20=ERASMUS|COERT|Somerset || C21=ERASMUS|PETRUS RASMUS|Graaff-Reinet
P0249,C01=ERASMUS|PETRUS RASMUS|Graaff-Reinet || C02=ERASMUS|DANIEL JACOBUS|Uitenhage || C03=ERASMUS|ABEL HERMANUS|Uitenhage || C04=ERASMUS|MARTHA FRANCINA|Somerset || C05=ERASMUS|COERT|Somerset || C06=ERASMUS|MICHIEL COENRAAD|Somerset || C07=ERASMUS|PETRUS LOURENS|Somerset || C08=ERASMUS|JACOB LOURENS CAROLUS|Somerset || C09=ERASMUS|JOHANNES JACOBUS|Somerset || C10=ERASMUS|LOURENS JACOBUS|Somerset || C11=ERASMUS|LOURENS JOHANNES|Somerset || C12=ERASMUS|CHRISTOFFEL PETRUS JOHANNES|Somerset || C13=ERASMUS|PETRUS STEPHANUS|Somerset || C14=ERASMUS|PETRUS JOHANNES|Somerset || C15=ERASMUS|CAREL STEPHANUS|Somerset || C16=ERASMUS|LOURENS RASMUS|Somerset || C17=ERASMUS|LOURENS RASMUS SR|Somerset || C18=ERASMUS|HENDRIK FERDINAND|Graaff-Reinet || C19=ERASMUS|JACOBUS LOURENS|Albany || C20=ERASMUS|DANIEL JOHANNES|Somerset || C21=ERASMUS|GERRIT|Somerset
P0250,C01=ERASMUS|PETRUS LOURENS|Somerset || C02=ERASMUS|JACOB LOURENS CAROLUS|Somerset || C03=ERASMUS|PETRUS STEPHANUS|Somerset || C04=ERASMUS|PETRUS JOHANNES|Somerset || C05=ERASMUS|DANIEL JACOBUS|Uitenhage || C06=ERASMUS|JACOBUS LOURENS|Albany || C07=ERASMUS|HENDRIK FERDINAND|Graaff-Reinet || C08=ERASMUS|LOURENS RASMUS SR|Somerset || C09=ERASMUS|LOURENS JACOBUS|Somerset || C10=ERASMUS|DANIEL JOHANNES|Somerset || C11=ERASMUS|MARTHA FRANCINA|Somerset || C12=ERASMUS|GERRIT|Somerset || C13=ERASMUS|ABEL HERMANUS|Uitenhage || C14=ERASMUS|JOHANNES JACOBUS|Somerset || C15=ERASMUS|LOURENS RASMUS|Somerset || C16=ERASMUS|COERT|Somerset || C17=ERASMUS|CHRISTOFFEL PETRUS JOHANNES|Somerset || C18=ERASMUS|CAREL STEPHANUS|Somerset || C19=ERASMUS|MICHIEL COENRAAD|Somerset || C20=ERASMUS|PETRUS RASMUS|Graaff-Reinet || C21=ERASMUS|LOURENS JOHANNES|Somerset
P0251,C01=ERASMUS|LOURENS JOHANNES|Somerset || C02=ERASMUS|CHRISTOFFEL PETRUS JOHANNES|Somerset || C03=ERASMUS|DANIEL JOHANNES|Somerset || C04=ERASMUS|CAREL STEPHANUS|Somerset || C05=ERASMUS|PETRUS JOHANNES|Somerset || C06=ERASMUS|GERRIT|Somerset || C07=ERASMUS|COERT|Somerset || C08=ERASMUS|ABEL HERMANUS|Uitenhage || C09=ERASMUS|JACOBUS LOURENS|Albany || C10=ERASMUS|PETRUS LOURENS|Somerset || C11=ERASMUS|MICHIEL COENRAAD|Somerset || C12=ERASMUS|PETRUS STEPHANUS|Somerset || C13=ERASMUS|LOURENS RASMUS|Somerset || C14=ERASMUS|JOHANNES JACOBUS|Somerset || C15=ERASMUS|DANIEL JACOBUS|Uitenhage || C16=ERASMUS|LOURENS JACOBUS|Somerset || C17=ERASMUS|LOURENS RASMUS SR|Somerset || C18=ERASMUS|PETRUS RASMUS|Graaff-Reinet || C19=ERASMUS|JACOB LOURENS CAROLUS|Somerset || C20=ERASMUS|MARTHA FRANCINA|Somerset || C21=ERASMUS|HENDRIK FERDINAND|Graaff-Reinet
P0252,C01=ERASMUS|JOHANNES JACOBUS|Somerset || C02=ERASMUS|LOURENS JACOBUS|Somerset || C03=ERASMUS|ABEL HERMANUS|Uitenhage || C04=ERASMUS|COERT|Somerset || C05=ERASMUS|HENDRIK FERDINAND|Graaff-Reinet || C06=ERASMUS|CAREL STEPHANUS|Somerset || C07=ERASMUS|PETRUS STEPHANUS|Somerset || C08=ERASMUS|PETRUS RASMUS|Graaff-Reinet || C09=ERASMUS|DANIEL JOHANNES|Somerset || C10=ERASMUS|PETRUS JOHANNES|Somerset || C11=ERASMUS|LOURENS RASMUS SR|Somerset || C12=ERASMUS|MARTHA FRANCINA|Somerset || C13=ERASMUS|JACOB LOURENS CAROLUS|Somerset || C14=ERASMUS|LOURENS RASMUS|Somerset || C15=ERASMUS|LOURENS JOHANNES|Somerset || C16=ERASMUS|JACOBUS LOURENS|Albany || C17=ERASMUS|MICHIEL COENRAAD|Somerset || C18=ERASMUS|DANIEL JACOBUS|Uitenhage || C19=ERASMUS|CHRISTOFFEL PETRUS JOHANNES|Somerset || C20=ERASMUS|PETRUS LOURENS|Somerset || C21=ERASMUS|GERRIT|Somerset
P0253,C01=ERASMUS|JOHANNES JACOBUS|Somerset || C02=ERASMUS|LOURENS RASMUS|Somerset || C03=ERASMUS|CHRISTOFFEL PETRUS JOHANNES|Somerset || C04=ERASMUS|JACOBUS LOURENS|Albany || C05=ERASMUS|ABEL HERMANUS|Uitenhage || C06=ERASMUS|PETRUS LOURENS|Somerset || C07=ERASMUS|COERT|Somerset || C08=ERASMUS|PETRUS STEPHANUS|Somerset || C09=ERASMUS|MARTHA FRANCINA|Somerset || C10=ERASMUS|PETRUS JOHANNES|Somerset || C11=ERASMUS|GERRIT|Somerset || C12=ERASMUS|PETRUS RASMUS|Graaff-Reinet || C13=ERASMUS|LOURENS RASMUS SR|Somerset || C14=ERASMUS|LOURENS JOHANNES|Somerset || C15=ERASMUS|LOURENS JACOBUS|Somerset || C16=ERASMUS|DANIEL JOHANNES|Somerset || C17=ERASMUS|CAREL STEPHANUS|Somerset || C18=ERASMUS|MICHIEL COENRAAD|Somerset || C19=ERASMUS|HENDRIK FERDINAND|Graaff-Reinet || C20=ERASMUS|DANIEL JACOBUS|Uitenhage || C21=ERASMUS|JACOB LOURENS CAROLUS|Somerset
P0254,C01=ERASMUS|COERT|Somerset || C02=ERASMUS|LOURENS DANIEL|Beaufort || C03=ERASMUS|LOURENS JACOBUS|Somerset || C04=ERASMUS|CAREL STEPHANUS|Somerset || C05=ERASMUS|CHRISTOFFEL PETRUS JOHANNES|Somerset || C06=ERASMUS|MARTHA FRANCINA|Somerset || C07=ERASMUS|LOURENS JOHANNES|Somerset || C08=ERASMUS|PETRUS STEPHANUS|Somerset || C09=ERASMUS|HENDRIK FERDINAND|Graaff-Reinet || C10=ERASMUS|LOURENS RASMUS SR|Somerset || C11=ERASMUS|DANIEL JOHANNES|Somerset || C12=ERASMUS|LOURENS JOHANNES|Beaufort || C13=ERASMUS|JACOB LOURENS CAROLUS|Somerset || C14=ERASMUS|LOURENS RASMUS|Somerset || C15=ERASMUS|JOHANNES JACOBUS|Somerset || C16=ERASMUS|MICHIEL COENRAAD|Somerset || C17=ERASMUS|GERRIT|Somerset || C18=ERASMUS|PETRUS LOURENS|Somerset || C19=ERASMUS|PETRUS JOHANNES|Somerset || C20=ERASMUS|PETRUS RASMUS|Graaff-Reinet
P0255,C01=ERASMUS|DANIEL JACOBUS|Uitenhage || C02=ERASMUS|MICHIEL COENRAAD|Somerset || C03=ERASMUS|JACOB LOURENS CAROLUS|Somerset || C04=ERASMUS|JOHANNES JACOBUS|Somerset || C05=ERASMUS|PETRUS LOURENS|Somerset || C06=ERASMUS|ABEL HERMANUS|Uitenhage || C07=ERASMUS|LOURENS RASMUS SR|Somerset || C08=ERASMUS|LOURENS JACOBUS|Somerset || C09=ERASMUS|COERT|Somerset || C10=ERASMUS|CHRISTOFFEL PETRUS JOHANNES|Somerset || C11=ERASMUS|MARTHA FRANCINA|Somerset || C12=ERASMUS|JACOBUS LOURENS|Albany || C13=ERASMUS|LOURENS JOHANNES|Somerset || C14=ERASMUS|GERRIT|Somerset || C15=ERASMUS|DANIEL JOHANNES|Somerset || C16=ERASMUS|PETRUS RASMUS|Graaff-Reinet || C17=ERASMUS|CAREL STEPHANUS|Somerset || C18=ERASMUS|LOURENS RASMUS|Somerset || C19=ERASMUS|PETRUS JOHANNES|Somerset || C20=ERASMUS|PETRUS STEPHANUS|Somerset || C21=ERASMUS|HENDRIK FERDINAND|Graaff-Reinet
P0256,C01=ERWEE|ANDRIES JOHANNES|Swellendam
P0257,C01=ESPAG|JOACHIM CHRISTOFFEL|Albany || C02=ESPAG|ABRAHAM JACOBUS|Albany
P0258,C01=ESTERHUIZEN|CHARL JOHANNES|Beaufort || C02=ESTERHUIZEN|JOHANNES|Beaufort || C03=ESTERHUIZEN|JAN CHRISTOFFEL|Beaufort
P0259,C01=FERREIRA|ANTHONY MICHIEL|Uitenhage || C02=FERREIRA|IGNATIUS WILHELMUS 1|Uitenhage || C03=FERREIRA|IGNATIUS STEPHANUS|Uitenhage || C04=FERREIRA|PETRUS JOHANNES|Uitenhage || C05=FERREIRA|STEPHANUS|Uitenhage || C06=FERREIRA|THEODORUS IGNATIUS|Uitenhage || C07=FERREIRA|JAN ABRAHAM|Uitenhage || C08=FERREIRA|SALOMON|Uitenhage || C09=FERREIRA|THOMAS IGNATIUS|Uitenhage || C10=FERREIRA|GERRIT MARTINUS|Uitenhage || C11=FERREIRA|DANIEL THEODORUS|Uitenhage || C12=FERREIRA|MARTINUS GERRIT THOMAS|Uitenhage
P0260,C01=FICK|ABRAHAM JOHAN|Stellenbosch || C02=FICK|COENRAAD JOHANNES|Stellenbosch || C03=FICK|JOHANNES JAC ALB COENRAAD (UNSURE)|Stellenbosch
P0261,C01=FOUCHE|JACOBUS ALBERTUS|Graaff-Reinet || C02=FOUCHE|JOHANNES HENDRIK|Graaff-Reinet || C03=FOUCHE|PAUL JOHANNES|Graaff-Reinet
P0262,C01=FOUCHE|PAUL JOHANNES|Graaff-Reinet || C02=FOUCHE|JACOBUS ALBERTUS|Graaff-Reinet || C03=FOUCHE|JOHANNES HENDRIK|Graaff-Reinet
P0263,C01=FOUCHE|PHILIP JOHANNES|Swellendam
P0264,C01=FOURIE|DAVID STEPHANUS|Beaufort
P0265,C01=FOURIE|ANNA CATHARINA|Graaff-Reinet || C02=FOURIE|LOUIS|Somerset || C03=FOURIE|STEPHANUS|Somerset || C04=FOURIE|LOUIS JOHANNES|Somerset || C05=FOURIE|PETRUS JOHANNES|Somerset || C06=FOURIE|DAVID STEPHANUS|Beaufort || C07=FOURIE|JOHANNES|Somerset || C08=FOURIE|DAVID|Somerset
P0266,C01=FOURIE|LOUIS|Somerset || C02=FOURIE|STEPHANUS|Somerset || C03=FOURIE|DAVID|Somerset || C04=FOURIE|JOHANNES|Somerset || C05=FOURIE|LOUIS JOHANNES|Somerset || C06=FOURIE|PETRUS JOHANNES|Somerset || C07=FOURIE|ANNA CATHARINA|Graaff-Reinet || C08=FOURIE|JOHANNES HERMANUS|Uitenhage
P0267,C01=FOURIE|DAVID STEPHANUS|Beaufort
P0268,C01=FOURIE|JOHANNES HERMANUS|Uitenhage
P0269,C01=FOURIE|JOHANNES|Somerset || C02=FOURIE|STEPHANUS|Somerset || C03=FOURIE|JOHANNES HERMANUS|Uitenhage || C04=FOURIE|DAVID|Somerset || C05=FOURIE|PETRUS JOHANNES|Somerset || C06=FOURIE|ANNA CATHARINA|Graaff-Reinet || C07=FOURIE|LOUIS|Somerset || C08=FOURIE|LOUIS JOHANNES|Somerset
P0270,C01=FOURIE|JOHANNES HERMANUS|Uitenhage
P0271,C01=FOURIE|PETRUS JOHANNES|Somerset || C02=FOURIE|DAVID|Somerset || C03=FOURIE|JOHANNES|Somerset || C04=FOURIE|STEPHANUS|Somerset || C05=FOURIE|ANNA CATHARINA|Graaff-Reinet || C06=FOURIE|LOUIS JOHANNES|Somerset || C07=FOURIE|JOHANNES HERMANUS|Uitenhage || C08=FOURIE|LOUIS|Somerset
P0272,C01=FOURIE|JOHANNES HERMANUS|Uitenhage
P0273,"C01=FOURIE|JURIE WYNAND|Swellendam || C02=FOURIE|ANNA|Swellendam || C03=FOURIE|STEPHANUS ANDRIES|Swellendam || C04=FOURIE|JOHANNES JACOBUS|Swellendam || C05=FOURIE|PHILIPPUS JACOBUS|Swellendam || C06=FOURIE|ANDRIES JONATHAN|Swellendam || C07=FOURIE|JOHANNES (JOE)|Swellendam || C08=FOURIE|JOHANNES FREDERIK|Swellendam || C09=FOURIE|HELENA GERTRUIDA|Swellendam || C10=FOURIE|JACOBUS|Swellendam || C11=FOURIE|LOUIS JACOBUS,SV JOSEPH|Swellendam || C12=FOURIE|PHILIP RUDOLPH|Swellendam || C13=FOURIE|LOUIS|Swellendam || C14=FOURIE|PETRUS JACOBUS|Swellendam || C15=FOURIE|JOSEPH JOHANNES|Swellendam || C16=FOURIE|JAN NICOLAAS|Swellendam || C17=FOURIE|LOUIS JOHANNES|Swellendam"
P0274,"C01=FOURIE|JAN NICOLAAS|Swellendam || C02=FOURIE|ANDRIES JONATHAN|Swellendam || C03=FOURIE|LOUIS JACOBUS,SV JOSEPH|Swellendam || C04=FOURIE|PETRUS JACOBUS|Swellendam || C05=FOURIE|PHILIP RUDOLPH|Swellendam || C06=FOURIE|LOUIS|Swellendam || C07=FOURIE|JOHANNES FREDERIK|Swellendam || C08=FOURIE|ANNA|Swellendam || C09=FOURIE|JURIE WYNAND|Swellendam || C10=FOURIE|HELENA GERTRUIDA|Swellendam || C11=FOURIE|JOHANNES JACOBUS|Swellendam || C12=FOURIE|JACOBUS|Swellendam || C13=FOURIE|LOUIS JOHANNES|Swellendam || C14=FOURIE|JOHANNES (JOE)|Swellendam || C15=FOURIE|STEPHANUS ANDRIES|Swellendam || C16=FOURIE|PHILIPPUS JACOBUS|Swellendam || C17=FOURIE|JOSEPH JOHANNES|Swellendam"
P0275,C01=FOURIE|ANNA CATHARINA|Graaff-Reinet
P0276,C01=GEERE|GEORG DIEDERICK|Graaff-Reinet
P0277,C01=GOUWS|CORNELIS|Uitenhage || C02=GOUWS|MARTHINUS|Uitenhage || C03=GOUWS|JURIE HENDRIK|Uitenhage
P0278,C01=GOUWS|CORNELIS|Uitenhage || C02=GOUWS|JURIE HENDRIK|Uitenhage || C03=GOUWS|MARTHINUS|Uitenhage
P0279,C01=GOUWS|CORNELIS|Uitenhage || C02=GOUWS|JURIE HENDRIK|Uitenhage || C03=GOUWS|MARTHINUS|Uitenhage
P0280,C01=GOUWS|JACOB MARTINUS|Swellendam || C02=GOUWS|GERRIT|Swellendam
P0281,C01=GOUWS|CORNELIS|Uitenhage || C02=GOUWS|JURIE HENDRIK|Uitenhage || C03=GOUWS|MARTHINUS|Uitenhage
P0282,C01=GREYLING|ABRAHAM CAREL|Albany || C02=GREYLING|PETRUS JOHANNES|Albany
P0283,C01=GREYLING|PETRUS JOHANNES|Albany || C02=GREYLING|ABRAHAM CAREL|Albany
P0284,C01=GREYLING|JOHAN HENDRIK|Graaff-Reinet || C02=GREYLING|ABRAHAM CAREL|Graaff-Reinet || C03=GREYLING|JOHANNES CHRISTOFFEL|Graaff-Reinet || C04=GREYLING|ARNOLDUS JACOBUS|Somerset || C05=GREYLING|JOHANNES ARNOLDUS|Somerset || C06=GREYLING|ABRAHAM CAREL|Somerset || C07=GREYLING|JOHANNES CHRISTOFFEL|Somerset
P0285,C01=GREYLING|ABRAHAM CAREL|Albany || C02=GREYLING|JOHANNES ARNOLDUS|Somerset || C03=GREYLING|ARNOLDUS JACOBUS|Somerset || C04=GREYLING|ABRAHAM CAREL|Somerset || C05=GREYLING|PETRUS JOHANNES|Albany || C06=GREYLING|JOHANNES CHRISTOFFEL|Graaff-Reinet || C07=GREYLING|JOHAN HENDRIK|Graaff-Reinet || C08=GREYLING|ABRAHAM CAREL|Graaff-Reinet || C09=GREYLING|JOHANNES CHRISTOFFEL|Somerset
P0286,C01=GREYLING|PETRUS JOHANNES|Albany || C02=GREYLING|JOHAN HENDRIK|Graaff-Reinet || C03=GREYLING|JOHANNES CHRISTOFFEL|Graaff-Reinet || C04=GREYLING|ARNOLDUS JACOBUS|Somerset || C05=GREYLING|ABRAHAM CAREL|Graaff-Reinet || C06=GREYLING|JOHANNES CHRISTOFFEL|Somerset || C07=GREYLING|ABRAHAM CAREL|Somerset || C08=GREYLING|ABRAHAM CAREL|Albany || C09=GREYLING|JOHANNES ARNOLDUS|Somerset
P0287,C01=GROBBELAAR|NICOLAAS|Somerset || C02=GROBBELAAR|PETRUS|Somerset || C03=GROBBELAAR|PIETER|Graaff-Reinet || C04=GROBBELAAR|NICOLAAS JOHANNES|Somerset || C05=GROBBELAAR|ANNA SOPHIA|Graaff-Reinet || C06=GROBBELAAR|GERTRUIDA [WID]|Graaff-Reinet || C07=GROBBELAAR|COERT|Somerset || C08=GROBBELAAR|NICOLAAS|Graaff-Reinet
P0288,C01=GROBLER|MARTINUS JOHANNES|Swellendam || C02=GROBLER|JOHANNES|Swellendam || C03=GROBLER|PAUL JOHANNES|Swellendam
P0289,C01=GROBLER|JOHANNES HERMANUS|Somerset
P0290,C01=GROBLER|JOHANNES HERMANUS|Somerset
P0291,C01=GROBLER|JOHANNES HERMANUS|Somerset
P0292,C01=GROBLER|JOHANNES HERMANUS|Somerset
P0293,C01=GROBLER|JOHANNES HERMANUS|Somerset
P0294,C01=GROBLER|JOHANNES HERMANUS|Somerset
P0295,C01=GROBLER|JOHANNES HERMANUS|Somerset
P0296,C01=HAASBROEK|JOHANNES BERNARDUS|Swellendam || C02=HAASBROEK|LEENDERT JOHANNES|Swellendam
P0297,C01=HARMSE|CORNELIS JOHANNES|Beaufort
P0298,C01=HARMSE|CORNELIS JOHANNES|Beaufort
P0299,C01=HARMSE|CORNELIS JOHANNES|Beaufort
P0300,C01=HATTINGH|JOHANNES|Graaff-Reinet || C02=HATTINGH|JOHANNES HENDRIK|Somerset || C03=HATTINGH|CHRISTIAAN ARNOLDUS|Somerset || C04=HATTINGH|CHRISTIAAN|Somerset || C05=HATTINGH|JOHANNES|Somerset || C06=HATTINGH|DANIEL WILHELM|Somerset
P0301,C01=HATTINGH|CHRISTIAAN|Somerset || C02=HATTINGH|JOHANNES|Somerset || C03=HATTINGH|CHRISTIAAN ARNOLDUS|Somerset || C04=HATTINGH|DANIEL WILHELM|Somerset || C05=HATTINGH|JOHANNES|Graaff-Reinet || C06=HATTINGH|JOHANNES HENDRIK|Somerset
P0302,C01=HATTINGH|JOHANNES|Somerset || C02=HATTINGH|JOHANNES HENDRIK|Somerset || C03=HATTINGH|CHRISTIAAN|Somerset || C04=HATTINGH|DANIEL WILHELM|Somerset || C05=HATTINGH|JOHANNES|Graaff-Reinet || C06=HATTINGH|CHRISTIAAN ARNOLDUS|Somerset
P0303,C01=HATTINGH|JOHANNES|Graaff-Reinet || C02=HATTINGH|DANIEL WILHELM|Somerset || C03=HATTINGH|CHRISTIAAN ARNOLDUS|Somerset || C04=HATTINGH|CHRISTIAAN|Somerset || C05=HATTINGH|JOHANNES HENDRIK|Somerset || C06=HATTINGH|JOHANNES|Somerset
P0304,C01=HATTINGH|DANIEL WILHELM|Somerset || C02=HATTINGH|JOHANNES|Somerset || C03=HATTINGH|CHRISTIAAN ARNOLDUS|Somerset || C04=HATTINGH|JOHANNES HENDRIK|Somerset || C05=HATTINGH|CHRISTIAAN|Somerset || C06=HATTINGH|JOHANNES|Graaff-Reinet
P0305,C01=HATTINGH|DANIEL WILHELM|Somerset || C02=HATTINGH|JOHANNES|Graaff-Reinet || C03=HATTINGH|JOHANNES HENDRIK|Somerset || C04=HATTINGH|CHRISTIAAN ARNOLDUS|Somerset || C05=HATTINGH|JOHANNES|Somerset || C06=HATTINGH|CHRISTIAAN|Somerset
P0306,C01=HATTINGH|JOHANNES|Graaff-Reinet
P0307,C01=HERBST|CHRISTIAAN SERVAAS|Graaff-Reinet
P0308,C01=HERBST|CHRISTIAAN SERVAAS|Graaff-Reinet
P0309,C01=HORN|MICHIEL FREDERIK|Graaff-Reinet
P0310,C01=HUGO|PIETER DANIEL|Somerset
P0311,C01=HUMAN|PETRUS GERHARDUS|Uitenhage || C02=HUMAN|PETRUS GERHARDUS 1|Uitenhage || C03=HUMAN|MATTHYS GERHARDUS|Uitenhage
P0312,C01=JACOBS|DAVID|Graaff-Reinet || C02=JACOBS|JACOBUS JOHANNES|Graaff-Reinet || C03=JACOBS|CHRISTOFFEL JOHANNES|Graaff-Reinet
P0313,C01=JACOBS|JOHANNES STEPHANUS|Beaufort || C02=JACOBS|DAVID FRANCOIS|Beaufort || C03=JACOBS|PIETER|Beaufort || C04=JACOBS|ERASMUS STEPHANUS - SLAWE NA GRAAFF-REINET|Beaufort || C05=JACOBS|GABRIEL GERHARDUS|Beaufort || C06=JACOBS|PIETER DANIEL|Beaufort || C07=JACOBS|PETRUS JACOBUS|Beaufort || C08=JACOBS|DANIEL|Beaufort
P0314,C01=JACOBS|PIETER DANIEL|Beaufort || C02=JACOBS|JOHANNES STEPHANUS|Beaufort || C03=JACOBS|DANIEL|Beaufort || C04=JACOBS|PETRUS JACOBUS|Beaufort || C05=JACOBS|DAVID FRANCOIS|Beaufort || C06=JACOBS|GABRIEL GERHARDUS|Beaufort || C07=JACOBS|ERASMUS STEPHANUS - SLAWE NA GRAAFF-REINET|Beaufort || C08=JACOBS|PIETER|Beaufort
P0315,C01=JACOBS|JACOBUS JOHANNES|Graaff-Reinet || C02=JACOBS|DAVID|Graaff-Reinet || C03=JACOBS|CHRISTOFFEL JOHANNES|Graaff-Reinet
P0316,C01=JACOBS|DANIEL|Beaufort || C02=JACOBS|DAVID FRANCOIS|Beaufort || C03=JACOBS|PETRUS JACOBUS|Beaufort || C04=JACOBS|PIETER|Beaufort || C05=JACOBS|JOHANNES STEPHANUS|Beaufort || C06=JACOBS|ERASMUS STEPHANUS - SLAWE NA GRAAFF-REINET|Beaufort || C07=JACOBS|PIETER DANIEL|Beaufort || C08=JACOBS|GABRIEL GERHARDUS|Beaufort
P0317,C01=JACOBS|JACOBUS JOHANNES|Graaff-Reinet || C02=JACOBS|DAVID|Graaff-Reinet || C03=JACOBS|CHRISTOFFEL JOHANNES|Graaff-Reinet
P0318,C01=JACOBS|PIETER DANIEL|Beaufort || C02=JACOBS|JOHANNES STEPHANUS|Beaufort || C03=JACOBS|GABRIEL GERHARDUS|Beaufort || C04=JACOBS|DAVID|Graaff-Reinet || C05=JACOBS|DAVID FRANCOIS|Beaufort || C06=JACOBS|DANIEL|Beaufort || C07=JACOBS|ERASMUS STEPHANUS - SLAWE NA GRAAFF-REINET|Beaufort || C08=JACOBS|PIETER|Beaufort || C09=JACOBS|PETRUS JACOBUS|Beaufort || C10=JACOBS|CHRISTOFFEL JOHANNES|Graaff-Reinet || C11=JACOBS|JACOBUS JOHANNES|Graaff-Reinet
P0319,C01=JACOBS|CHRISTOFFEL JOHANNES|Graaff-Reinet || C02=JACOBS|DAVID|Graaff-Reinet || C03=JACOBS|JACOBUS JOHANNES|Graaff-Reinet
P0320,C01=JACOBS|PETRUS JACOBUS|Beaufort || C02=JACOBS|JOHANNES STEPHANUS|Beaufort || C03=JACOBS|DAVID FRANCOIS|Beaufort || C04=JACOBS|DANIEL|Beaufort || C05=JACOBS|PIETER DANIEL|Beaufort || C06=JACOBS|GABRIEL GERHARDUS|Beaufort || C07=JACOBS|ERASMUS STEPHANUS - SLAWE NA GRAAFF-REINET|Beaufort || C08=JACOBS|PIETER|Beaufort
P0321,C01=JACOBS|PETRUS JACOBUS|Beaufort || C02=JACOBS|JOHANNES STEPHANUS|Beaufort || C03=JACOBS|DANIEL|Beaufort || C04=JACOBS|GABRIEL GERHARDUS|Beaufort || C05=JACOBS|ERASMUS STEPHANUS - SLAWE NA GRAAFF-REINET|Beaufort || C06=JACOBS|PIETER DANIEL|Beaufort || C07=JACOBS|DAVID FRANCOIS|Beaufort || C08=JACOBS|PIETER|Beaufort
P0322,C01=JACOBS|JOHANNES STEPHANUS|Beaufort || C02=JACOBS|ERASMUS STEPHANUS - SLAWE NA GRAAFF-REINET|Beaufort || C03=JACOBS|PIETER DANIEL|Beaufort || C04=JACOBS|PETRUS JACOBUS|Beaufort || C05=JACOBS|DAVID FRANCOIS|Beaufort || C06=JACOBS|DANIEL|Beaufort || C07=JACOBS|PIETER|Beaufort || C08=JACOBS|GABRIEL GERHARDUS|Beaufort
P0323,C01=JACOBS|PIETER DANIEL|Beaufort || C02=JACOBS|DAVID FRANCOIS|Beaufort || C03=JACOBS|DANIEL|Beaufort || C04=JACOBS|GABRIEL GERHARDUS|Beaufort || C05=JACOBS|JOHANNES STEPHANUS|Beaufort || C06=JACOBS|PIETER|Beaufort || C07=JACOBS|PETRUS JACOBUS|Beaufort || C08=JACOBS|ERASMUS STEPHANUS - SLAWE NA GRAAFF-REINET|Beaufort
P0324,C01=JACOBS|PIETER|Beaufort || C02=JACOBS|DANIEL|Beaufort || C03=JACOBS|JOHANNES STEPHANUS|Beaufort || C04=JACOBS|GABRIEL GERHARDUS|Beaufort || C05=JACOBS|PETRUS JACOBUS|Beaufort || C06=JACOBS|DAVID FRANCOIS|Beaufort || C07=JACOBS|PIETER DANIEL|Beaufort || C08=JACOBS|ERASMUS STEPHANUS - SLAWE NA GRAAFF-REINET|Beaufort
P0325,C01=JACOBS|JOHANNES STEPHANUS|Beaufort || C02=JACOBS|GABRIEL GERHARDUS|Beaufort || C03=JACOBS|ERASMUS STEPHANUS - SLAWE NA GRAAFF-REINET|Beaufort || C04=JACOBS|PIETER|Beaufort || C05=JACOBS|DANIEL|Beaufort || C06=JACOBS|DAVID FRANCOIS|Beaufort || C07=JACOBS|PETRUS JACOBUS|Beaufort || C08=JACOBS|PIETER DANIEL|Beaufort
P0326,C01=JACOBS|DAVID FRANCOIS|Beaufort || C02=JACOBS|PETRUS JACOBUS|Beaufort || C03=JACOBS|ERASMUS STEPHANUS - SLAWE NA GRAAFF-REINET|Beaufort || C04=JACOBS|JOHANNES STEPHANUS|Beaufort || C05=JACOBS|DANIEL|Beaufort || C06=JACOBS|PIETER DANIEL|Beaufort || C07=JACOBS|PIETER|Beaufort || C08=JACOBS|GABRIEL GERHARDUS|Beaufort
P0327,C01=JACOBS|GABRIEL GERHARDUS|Beaufort || C02=JACOBS|DAVID FRANCOIS|Beaufort || C03=JACOBS|PIETER|Beaufort || C04=JACOBS|DANIEL|Beaufort || C05=JACOBS|PIETER DANIEL|Beaufort || C06=JACOBS|JOHANNES STEPHANUS|Beaufort || C07=JACOBS|PETRUS JACOBUS|Beaufort || C08=JACOBS|ERASMUS STEPHANUS - SLAWE NA GRAAFF-REINET|Beaufort
P0328,C01=JACOBS|DANIEL|Beaufort || C02=JACOBS|PIETER|Beaufort || C03=JACOBS|PETRUS JACOBUS|Beaufort || C04=JACOBS|JOHANNES STEPHANUS|Beaufort || C05=JACOBS|PIETER DANIEL|Beaufort || C06=JACOBS|DAVID FRANCOIS|Beaufort || C07=JACOBS|ERASMUS STEPHANUS - SLAWE NA GRAAFF-REINET|Beaufort || C08=JACOBS|GABRIEL GERHARDUS|Beaufort
P0329,C01=JACOBS|CHRISTOFFEL JOHANNES|Graaff-Reinet || C02=JACOBS|JACOBUS JOHANNES|Graaff-Reinet || C03=JACOBS|DAVID|Graaff-Reinet
P0330,C01=JACOBSZ|JOACHIM JACOBUS|Graaff-Reinet
P0331,C01=JONKER|ADOLPH|Beaufort
P0332,C01=JONKER|ADOLPH|Beaufort
P0333,C01=JOOSTE|NICOLAAS JOHANNES JACOBUS|Graaff-Reinet
P0334,C01=JOOSTE|NICOLAAS JOHANNES JACOBUS|Graaff-Reinet
P0335,C01=JORDAAN|GERRIT|Somerset || C02=JORDAAN|GIDEON|Somerset || C03=JORDAAN|JOHANNES PETRUS|Somerset || C04=JORDAAN|PIETER JOHANNES|Somerset
P0336,C01=JORDAAN|PIETER JOHANNES|Somerset || C02=JORDAAN|GIDEON|Somerset || C03=JORDAAN|GERRIT|Somerset || C04=JORDAAN|JOHANNES PETRUS|Somerset
P0337,C01=JORDAAN|GIDEON|Somerset || C02=JORDAAN|JOHANNES PETRUS|Somerset || C03=JORDAAN|PIETER JOHANNES|Somerset || C04=JORDAAN|GERRIT|Somerset
P0338,C01=JORDAAN|JOHANNES PETRUS|Somerset || C02=JORDAAN|GIDEON|Somerset || C03=JORDAAN|GERRIT|Somerset || C04=JORDAAN|PIETER JOHANNES|Somerset
P0339,C01=JORDAAN|JOHANNES PETRUS|Somerset || C02=JORDAAN|GERRIT|Somerset || C03=JORDAAN|GIDEON|Somerset || C04=JORDAAN|PIETER JOHANNES|Somerset
P0340,C01=JORDAAN|GIDEON|Somerset || C02=JORDAAN|PIETER JOHANNES|Somerset || C03=JORDAAN|GERRIT|Somerset || C04=JORDAAN|JOHANNES PETRUS|Somerset
P0341,C01=JORDAAN|GIDEON|Somerset || C02=JORDAAN|PIETER JOHANNES|Somerset || C03=JORDAAN|JOHANNES PETRUS|Somerset || C04=JORDAAN|GERRIT|Somerset
P0342,C01=JORDAAN|JOHANNES PETRUS|Somerset || C02=JORDAAN|GIDEON|Somerset || C03=JORDAAN|GERRIT|Somerset || C04=JORDAAN|PIETER JOHANNES|Somerset
P0343,C01=JOUBERT|JOSUA|Graaff-Reinet || C02=JOUBERT|FRANCOIS JACOBUS|Somerset || C03=JOUBERT|PIETER SCHALK|Uitenhage || C04=JOUBERT|FRANS|Graaff-Reinet || C05=JOUBERT|DAVID JOHANNES|Graaff-Reinet || C06=JOUBERT|SUSANNA CATHARINA|Graaff-Reinet || C07=JOUBERT|FRANCOIS NICOLAAS|Graaff-Reinet || C08=JOUBERT|GIDEON DANIEL|Graaff-Reinet || C09=JOUBERT|HESTER GEERTRUY|Graaff-Reinet
P0344,C01=JOUBERT|PETRUS JACOBUS|Beaufort
P0345,C01=JOUBERT|JOHANNES STEPHANUS|Swellendam || C02=JOUBERT|GIDEON JACOBUS|Swellendam || C03=JOUBERT|PETRUS JACOBUS|Swellendam || C04=JOUBERT|ANDRIES JOHANNES|Swellendam || C05=JOUBERT|GIDEON|Swellendam || C06=JOUBERT|DANIEL FRANCOIS|Swellendam || C07=JOUBERT|JOSUA PETRUS|Swellendam || C08=JOUBERT|PIET|Swellendam || C09=JOUBERT|JACOBUS FRANCOIS|Swellendam
P0346,C01=JOUBERT|DAVID JOHANNES|Graaff-Reinet || C02=JOUBERT|FRANCOIS NICOLAAS|Graaff-Reinet || C03=JOUBERT|JOSUA|Graaff-Reinet || C04=JOUBERT|FRANS|Graaff-Reinet || C05=JOUBERT|PIETER SCHALK|Uitenhage || C06=JOUBERT|SUSANNA CATHARINA|Graaff-Reinet || C07=JOUBERT|HESTER GEERTRUY|Graaff-Reinet || C08=JOUBERT|FRANCOIS JACOBUS|Somerset || C09=JOUBERT|GIDEON DANIEL|Graaff-Reinet
P0347,C01=JOUBERT|PIETER SCHALK|Uitenhage
P0348,C01=JOUBERT|PIETER SCHALK|Uitenhage
P0349,C01=JOUBERT|PIET|Swellendam || C02=JOUBERT|GIDEON JACOBUS|Swellendam || C03=JOUBERT|JACOBUS FRANCOIS|Swellendam || C04=JOUBERT|JOSUA PETRUS|Swellendam || C05=JOUBERT|PETRUS JACOBUS|Swellendam || C06=JOUBERT|JOHANNES STEPHANUS|Swellendam || C07=JOUBERT|GIDEON|Swellendam || C08=JOUBERT|DANIEL FRANCOIS|Swellendam || C09=JOUBERT|ANDRIES JOHANNES|Swellendam
P0350,C01=JOUBERT|PIETER SCHALK|Uitenhage || C02=JOUBERT|DAVID JOHANNES|Graaff-Reinet || C03=JOUBERT|GIDEON DANIEL|Graaff-Reinet || C04=JOUBERT|FRANCOIS JACOBUS|Somerset || C05=JOUBERT|JOSUA|Graaff-Reinet || C06=JOUBERT|SUSANNA CATHARINA|Graaff-Reinet || C07=JOUBERT|FRANS|Graaff-Reinet || C08=JOUBERT|HESTER GEERTRUY|Graaff-Reinet || C09=JOUBERT|FRANCOIS NICOLAAS|Graaff-Reinet
P0351,C01=JOUBERT|GIDEON DANIEL|Graaff-Reinet || C02=JOUBERT|JOSUA|Graaff-Reinet || C03=JOUBERT|DAVID JOHANNES|Graaff-Reinet || C04=JOUBERT|PETRUS JACOBUS|Beaufort || C05=JOUBERT|FRANCOIS JACOBUS|Somerset || C06=JOUBERT|FRANS|Graaff-Reinet || C07=JOUBERT|HESTER GEERTRUY|Graaff-Reinet || C08=JOUBERT|SUSANNA CATHARINA|Graaff-Reinet || C09=JOUBERT|FRANCOIS NICOLAAS|Graaff-Reinet
P0352,C01=JOUBERT|JOSUA|Graaff-Reinet || C02=JOUBERT|GIDEON DANIEL|Graaff-Reinet || C03=JOUBERT|HESTER GEERTRUY|Graaff-Reinet || C04=JOUBERT|DAVID JOHANNES|Graaff-Reinet || C05=JOUBERT|FRANS|Graaff-Reinet || C06=JOUBERT|SUSANNA CATHARINA|Graaff-Reinet || C07=JOUBERT|FRANCOIS NICOLAAS|Graaff-Reinet
P0353,C01=JOUBERT|JOSUA PETRUS|Swellendam || C02=JOUBERT|GIDEON JACOBUS|Swellendam || C03=JOUBERT|DANIEL FRANCOIS|Swellendam || C04=JOUBERT|JACOBUS FRANCOIS|Swellendam || C05=JOUBERT|PETRUS JACOBUS|Swellendam || C06=JOUBERT|JOHANNES STEPHANUS|Swellendam || C07=JOUBERT|GIDEON|Swellendam || C08=JOUBERT|ANDRIES JOHANNES|Swellendam || C09=JOUBERT|PIET|Swellendam
P0354,C01=JOUBERT|HESTER GEERTRUY|Graaff-Reinet || C02=JOUBERT|DAVID JOHANNES|Graaff-Reinet || C03=JOUBERT|SUSANNA CATHARINA|Graaff-Reinet || C04=JOUBERT|FRANCOIS NICOLAAS|Graaff-Reinet || C05=JOUBERT|GIDEON DANIEL|Graaff-Reinet || C06=JOUBERT|JOSUA|Graaff-Reinet || C07=JOUBERT|FRANCOIS JACOBUS|Somerset || C08=JOUBERT|PIETER SCHALK|Uitenhage || C09=JOUBERT|FRANS|Graaff-Reinet
P0355,C01=KEMP|PETRUS|Uitenhage || C02=KEMP|GERHARDUS PHILIP|Uitenhage || C03=KEMP|JURIE JOHANNES|Uitenhage
P0356,C01=KLOPPER|JOHANNES FREDERIK|Somerset || C02=KLOPPER|FREDERIK MARTINUS|Graaff-Reinet || C03=KLOPPER|HENDRIK PETRUS|Albany || C04=KLOPPER|LOURENS JOHANNES|Somerset
P0357,C01=KLOPPER|JOHANNES FREDERIK|Somerset || C02=KLOPPER|LOURENS JOHANNES|Somerset || C03=KLOPPER|HENDRIK PETRUS|Albany || C04=KLOPPER|FREDERIK MARTINUS|Graaff-Reinet
P0358,C01=KLOPPER|JOHANNES FREDERIK|Somerset || C02=KLOPPER|HENDRIK PETRUS|Albany || C03=KLOPPER|LOURENS JOHANNES|Somerset || C04=KLOPPER|FREDERIK MARTINUS|Graaff-Reinet
P0359,C01=KLOPPER|JOHANNES FREDERIK|Somerset || C02=KLOPPER|HENDRIK PETRUS|Albany || C03=KLOPPER|FREDERIK MARTINUS|Graaff-Reinet || C04=KLOPPER|LOURENS JOHANNES|Somerset
P0360,C01=KLOPPER|HENDRIK PETRUS|Albany || C02=KLOPPER|JOHANNES FREDERIK|Somerset || C03=KLOPPER|LOURENS JOHANNES|Somerset || C04=KLOPPER|FREDERIK MARTINUS|Graaff-Reinet
P0361,C01=KLOPPER|FREDERIK MARTINUS|Graaff-Reinet || C02=KLOPPER|HENDRIK PETRUS|Albany || C03=KLOPPER|LOURENS JOHANNES|Somerset || C04=KLOPPER|JOHANNES FREDERIK|Somerset
P0362,C01=KLOPPER|HENDRIK PETRUS|Albany
P0363,C01=KLOPPER|HENDRIK PETRUS|Albany || C02=KLOPPER|JOHANNES FREDERIK|Somerset || C03=KLOPPER|LOURENS JOHANNES|Somerset || C04=KLOPPER|FREDERIK MARTINUS|Graaff-Reinet
P0364,C01=KLOPPER|LOURENS JOHANNES|Somerset || C02=KLOPPER|HENDRIK PETRUS|Albany || C03=KLOPPER|FREDERIK MARTINUS|Graaff-Reinet || C04=KLOPPER|JOHANNES FREDERIK|Somerset
P0365,C01=KLOPPER|JOHANNES FREDERIK|Somerset || C02=KLOPPER|HENDRIK PETRUS|Albany || C03=KLOPPER|LOURENS JOHANNES|Somerset || C04=KLOPPER|FREDERIK MARTINUS|Graaff-Reinet
P0366,C01=KLOPPER|FREDERIK MARTINUS|Graaff-Reinet
P0367,C01=KOEKEMOER|JOACHIM MARTHINUS|Graaff-Reinet || C02=KOEKEMOER|GERT JA|Graaff-Reinet
P0368,C01=KOEKEMOER|GERT JA|Graaff-Reinet || C02=KOEKEMOER|JOACHIM MARTHINUS|Graaff-Reinet
P0369,C01=KOEKEMOER|GERT JA|Graaff-Reinet || C02=KOEKEMOER|JOACHIM MARTHINUS|Graaff-Reinet
P0370,C01=KOEKEMOER|JOACHIM MARTHINUS|Graaff-Reinet || C02=KOEKEMOER|GERT JA|Graaff-Reinet
P0371,C01=KOEKEMOER|JOACHIM MARTHINUS|Graaff-Reinet || C02=KOEKEMOER|GERT JA|Graaff-Reinet
P0372,C01=KOEKEMOER|GERT JA|Graaff-Reinet || C02=KOEKEMOER|JOACHIM MARTHINUS|Graaff-Reinet
P0373,C01=KOTZE|CHRISTIAAN BURGERT|Graaff-Reinet
P0374,C01=KRIEL|JOHANNES DAVID|Swellendam || C02=KRIEL|THEODORUS LOUIS|Swellendam
P0375,C01=KRITZINGER|PIETER HENDRIK|Uitenhage
P0376,C01=KRITZINGER|PIETER HENDRIK|Uitenhage
P0377,C01=KRUGEL|MAURITZ HERMANUS OTTO|Somerset || C02=KRUGEL|ANDRIES JACOBUS|Somerset || C03=KRUGEL|JOHANNES GIDEON HENDRIK|Somerset
P0378,C01=KRUGER|JOHANNES HENDRIK|Graaff-Reinet || C02=KRUGER|GERT HENDRIK|Graaff-Reinet || C03=KRUGER|JACOB|Graaff-Reinet || C04=KRUGER|PIETER ERNST|Graaff-Reinet || C05=KRUGER|GERT|Graaff-Reinet || C06=KRUGER|JACOB PETRUS|Graaff-Reinet || C07=KRUGER|ABRAHAM JACOBUS|Graaff-Reinet || C08=KRUGER|JOHANNES ABRAHAM|Graaff-Reinet || C09=KRUGER|JACOBUS STEPHANUS|Graaff-Reinet || C10=KRUGER|JOHANNES PHILIPPUS|Graaff-Reinet
P0379,C01=KRUGER|LOUIS|Somerset || C02=KRUGER|JACOBUS STEPHANUS|Graaff-Reinet || C03=KRUGER|PIETER ERNST|Somerset || C04=KRUGER|JACOB PETRUS|Graaff-Reinet || C05=KRUGER|JOHANNES HENDRIK|Graaff-Reinet || C06=KRUGER|JOHANNES JACOB|Somerset || C07=KRUGER|ABRAHAM JACOBUS|Graaff-Reinet || C08=KRUGER|GERT HENDRIK|Graaff-Reinet || C09=KRUGER|HENRIK|Somerset || C10=KRUGER|GERT LODEWYK|Somerset || C11=KRUGER|PIETER ERNST|Graaff-Reinet || C12=KRUGER|HENDRIK GERHARDUS|Somerset || C13=KRUGER|GERT|Graaff-Reinet || C14=KRUGER|JACOB|Graaff-Reinet || C15=KRUGER|CASPER JAN HENDRIK|Somerset || C16=KRUGER|DANIEL FREDERIK|Somerset || C17=KRUGER|FRANS|Somerset || C18=KRUGER|GERT|Somerset || C19=KRUGER|JOHANNES ABRAHAM|Graaff-Reinet || C20=KRUGER|JOHANNES PHILIPPUS|Graaff-Reinet
P0380,C01=KRUGER|HENRIK|Somerset || C02=KRUGER|JACOB|Graaff-Reinet || C03=KRUGER|GERT LODEWYK|Somerset || C04=KRUGER|LOUIS|Somerset || C05=KRUGER|PIETER ERNST|Somerset || C06=KRUGER|JOHANNES HENDRIK|Graaff-Reinet || C07=KRUGER|ABRAHAM JACOBUS|Graaff-Reinet || C08=KRUGER|FRANS|Somerset || C09=KRUGER|JOHANNES PHILIPPUS|Graaff-Reinet || C10=KRUGER|GERT|Somerset || C11=KRUGER|JACOB PETRUS|Graaff-Reinet || C12=KRUGER|GERT|Graaff-Reinet || C13=KRUGER|JOHANNES ABRAHAM|Graaff-Reinet || C14=KRUGER|PIETER ERNST|Graaff-Reinet || C15=KRUGER|JACOBUS STEPHANUS|Graaff-Reinet || C16=KRUGER|HENDRIK GERHARDUS|Somerset || C17=KRUGER|CASPER JAN HENDRIK|Somerset || C18=KRUGER|DANIEL FREDERIK|Somerset || C19=KRUGER|GERT HENDRIK|Graaff-Reinet || C20=KRUGER|JOHANNES JACOB|Somerset
P0381,C01=KRUGER|JOHANNES HENDRIK|Graaff-Reinet || C02=KRUGER|JOHANNES PHILIPPUS|Graaff-Reinet || C03=KRUGER|GERT|Somerset || C04=KRUGER|ABRAHAM JACOBUS|Graaff-Reinet || C05=KRUGER|DANIEL FREDERIK|Somerset || C06=KRUGER|GERT|Graaff-Reinet || C07=KRUGER|GERT LODEWYK|Somerset || C08=KRUGER|CASPER JAN HENDRIK|Somerset || C09=KRUGER|JACOB|Graaff-Reinet || C10=KRUGER|GERT HENDRIK|Graaff-Reinet || C11=KRUGER|LOUIS|Somerset || C12=KRUGER|PIETER ERNST|Somerset || C13=KRUGER|HENRIK|Somerset || C14=KRUGER|JACOB PETRUS|Graaff-Reinet || C15=KRUGER|JOHANNES ABRAHAM|Graaff-Reinet || C16=KRUGER|PIETER ERNST|Graaff-Reinet || C17=KRUGER|FRANS|Somerset || C18=KRUGER|JACOBUS STEPHANUS|Graaff-Reinet || C19=KRUGER|JOHANNES JACOB|Somerset || C20=KRUGER|HENDRIK GERHARDUS|Somerset
P0382,C01=KRUGER|PIETER ERNST|Graaff-Reinet || C02=KRUGER|JACOBUS STEPHANUS|Graaff-Reinet || C03=KRUGER|GERT|Graaff-Reinet || C04=KRUGER|JACOB PETRUS|Graaff-Reinet || C05=KRUGER|JOHANNES HENDRIK|Graaff-Reinet || C06=KRUGER|GERT HENDRIK|Graaff-Reinet || C07=KRUGER|JACOB|Graaff-Reinet || C08=KRUGER|JOHANNES ABRAHAM|Graaff-Reinet || C09=KRUGER|ABRAHAM JACOBUS|Graaff-Reinet || C10=KRUGER|JOHANNES PHILIPPUS|Graaff-Reinet
P0383,C01=KRUGER|JACOBUS STEPHANUS|Graaff-Reinet || C02=KRUGER|PIETER ERNST|Graaff-Reinet || C03=KRUGER|JACOB|Graaff-Reinet || C04=KRUGER|JOHANNES PHILIPPUS|Graaff-Reinet || C05=KRUGER|GERT HENDRIK|Graaff-Reinet || C06=KRUGER|JOHANNES HENDRIK|Graaff-Reinet || C07=KRUGER|JOHANNES ABRAHAM|Graaff-Reinet || C08=KRUGER|ABRAHAM JACOBUS|Graaff-Reinet || C09=KRUGER|GERT|Graaff-Reinet || C10=KRUGER|JACOB PETRUS|Graaff-Reinet
P0384,C01=KRUGER|JACOB|Graaff-Reinet || C02=KRUGER|JACOB PETRUS|Graaff-Reinet || C03=KRUGER|JACOBUS STEPHANUS|Graaff-Reinet || C04=KRUGER|JOHANNES HENDRIK|Graaff-Reinet || C05=KRUGER|GERT HENDRIK|Graaff-Reinet || C06=KRUGER|ABRAHAM JACOBUS|Graaff-Reinet || C07=KRUGER|JOHANNES PHILIPPUS|Graaff-Reinet || C08=KRUGER|JOHANNES ABRAHAM|Graaff-Reinet || C09=KRUGER|GERT|Graaff-Reinet || C10=KRUGER|PIETER ERNST|Graaff-Reinet
P0385,C01=KRUGER|GERT|Graaff-Reinet || C02=KRUGER|JACOB|Graaff-Reinet || C03=KRUGER|JOHANNES PHILIPPUS|Graaff-Reinet || C04=KRUGER|JACOBUS STEPHANUS|Graaff-Reinet || C05=KRUGER|PIETER ERNST|Graaff-Reinet || C06=KRUGER|JOHANNES ABRAHAM|Graaff-Reinet || C07=KRUGER|GERT HENDRIK|Graaff-Reinet || C08=KRUGER|ABRAHAM JACOBUS|Graaff-Reinet || C09=KRUGER|JACOB PETRUS|Graaff-Reinet || C10=KRUGER|JOHANNES HENDRIK|Graaff-Reinet
P0386,C01=KRUGER|JACOB|Graaff-Reinet || C02=KRUGER|JOHANNES PHILIPPUS|Graaff-Reinet || C03=KRUGER|PIETER ERNST|Graaff-Reinet || C04=KRUGER|JOHANNES HENDRIK|Graaff-Reinet || C05=KRUGER|GERT HENDRIK|Graaff-Reinet || C06=KRUGER|ABRAHAM JACOBUS|Graaff-Reinet || C07=KRUGER|JACOB PETRUS|Graaff-Reinet || C08=KRUGER|JOHANNES ABRAHAM|Graaff-Reinet || C09=KRUGER|JACOBUS STEPHANUS|Graaff-Reinet || C10=KRUGER|GERT|Graaff-Reinet
P0387,C01=KRUGER|FRANS|Somerset || C02=KRUGER|GERT|Graaff-Reinet || C03=KRUGER|JOHANNES JACOB|Somerset || C04=KRUGER|JACOBUS STEPHANUS|Graaff-Reinet || C05=KRUGER|DANIEL FREDERIK|Somerset || C06=KRUGER|JACOB PETRUS|Graaff-Reinet || C07=KRUGER|JOHANNES LODEWIKUS|Beaufort || C08=KRUGER|HENRIK|Somerset || C09=KRUGER|ABRAHAM JACOBUS|Graaff-Reinet || C10=KRUGER|JOHANNES PHILIPPUS|Graaff-Reinet || C11=KRUGER|GERT LODEWYK|Somerset || C12=KRUGER|HENDRIK GERHARDUS|Somerset || C13=KRUGER|JACOB|Graaff-Reinet || C14=KRUGER|JOHANNES HENDRIK|Graaff-Reinet || C15=KRUGER|GERT HENDRIK|Graaff-Reinet || C16=KRUGER|LOUIS|Somerset || C17=KRUGER|JOHANNES ABRAHAM|Graaff-Reinet || C18=KRUGER|PIETER ERNST|Somerset || C19=KRUGER|PIETER ERNST|Graaff-Reinet || C20=KRUGER|GERT|Somerset || C21=KRUGER|CASPER JAN HENDRIK|Somerset
P0388,C01=LABUSCHAGNE|JAN|Uitenhage || C02=LABUSCHAGNE|CASPER|Somerset || C03=LABUSCHAGNE|JAN HENDRIK|Somerset || C04=LABUSCHAGNE|FRANS JACOB|Somerset
P0389,C01=LABUSCHAGNE|CASPER|Somerset || C02=LABUSCHAGNE|JAN HENDRIK|Somerset || C03=LABUSCHAGNE|JAN|Uitenhage || C04=LABUSCHAGNE|FRANS JACOB|Somerset
P0390,C01=LABUSCHAGNE|JAN|Uitenhage || C02=LABUSCHAGNE|JAN HENDRIK|Somerset || C03=LABUSCHAGNE|FRANS JACOB|Somerset || C04=LABUSCHAGNE|CASPER|Somerset
P0391,C01=LABUSCHAGNE|FRANS JACOB|Somerset || C02=LABUSCHAGNE|JAN HENDRIK|Somerset || C03=LABUSCHAGNE|CASPER|Somerset || C04=LABUSCHAGNE|JAN|Uitenhage
P0392,C01=LABUSCHAGNE|FRANS JACOB|Somerset || C02=LABUSCHAGNE|JAN|Uitenhage || C03=LABUSCHAGNE|JAN HENDRIK|Somerset || C04=LABUSCHAGNE|CASPER|Somerset
P0393,C01=LABUSCHAGNE|JAN|Uitenhage || C02=LABUSCHAGNE|CASPER|Somerset || C03=LABUSCHAGNE|FRANS JACOB|Somerset || C04=LABUSCHAGNE|JAN HENDRIK|Somerset
P0394,C01=LABUSCHAGNE|CASPER|Somerset || C02=LABUSCHAGNE|JAN HENDRIK|Somerset || C03=LABUSCHAGNE|FRANS JACOB|Somerset || C04=LABUSCHAGNE|JAN|Uitenhage
P0395,C01=LABUSCHAGNE|FRANS JACOB|Somerset || C02=LABUSCHAGNE|CASPER|Somerset || C03=LABUSCHAGNE|JAN|Uitenhage || C04=LABUSCHAGNE|JAN HENDRIK|Somerset
P0396,C01=LABUSCHAGNE|JAN|Uitenhage || C02=LABUSCHAGNE|FRANS JACOB|Somerset || C03=LABUSCHAGNE|JAN HENDRIK|Somerset || C04=LABUSCHAGNE|CASPER|Somerset
P0397,C01=LABUSCHAGNE|JAN HENDRIK|Somerset || C02=LABUSCHAGNE|JAN|Uitenhage || C03=LABUSCHAGNE|CASPER|Somerset || C04=LABUSCHAGNE|FRANS JACOB|Somerset
P0398,C01=LABUSCHAGNE|JAN HENDRIK|Somerset || C02=LABUSCHAGNE|JAN|Uitenhage || C03=LABUSCHAGNE|FRANS JACOB|Somerset || C04=LABUSCHAGNE|CASPER|Somerset
P0399,C01=LABUSCHAGNE|FRANS JACOB|Somerset || C02=LABUSCHAGNE|CASPER|Somerset || C03=LABUSCHAGNE|JAN|Uitenhage || C04=LABUSCHAGNE|JAN HENDRIK|Somerset
P0400,C01=LANDMAN|JOHANNES CHRISTOFFEL|Uitenhage || C02=LANDMAN|JOHANNES ABRAHAM|Uitenhage || C03=LANDMAN|CAREL|Uitenhage || C04=LANDMAN|WILLEM|Uitenhage
P0401,C01=LANDMAN|JOHANNES CHRISTOFFEL|Uitenhage || C02=LANDMAN|JOHANNES ABRAHAM|Uitenhage || C03=LANDMAN|WILLEM|Uitenhage || C04=LANDMAN|CAREL|Uitenhage
P0402,C01=LANDMAN|JOHANNES ABRAHAM|Uitenhage || C02=LANDMAN|CAREL|Uitenhage || C03=LANDMAN|WILLEM|Uitenhage || C04=LANDMAN|JOHANNES CHRISTOFFEL|Uitenhage
P0403,C01=LANDMAN|JOHANNES ABRAHAM|Uitenhage || C02=LANDMAN|CAREL|Uitenhage || C03=LANDMAN|WILLEM|Uitenhage || C04=LANDMAN|JOHANNES CHRISTOFFEL|Uitenhage
P0404,C01=LE ROUX|EDUARD CHRISTIAAN|Swellendam || C02=LE ROUX|SUSANNA FRANCINA MARIA|Swellendam || C03=LE ROUX|GABRIEL|Swellendam || C04=LE ROUX|ABRAHAM|Swellendam || C05=LE ROUX|ABRAHAM HERCULES|Swellendam || C06=LE ROUX|HERMANUS BENJAMEN|Swellendam || C07=LE ROUX|CHARLES ABRAHAM|Swellendam || C08=LE ROUX|ABRAHAM PETRUS|Swellendam || C09=LE ROUX|GABRIEL JACOBUS|Swellendam || C10=LE ROUX|IGNATIUS STEPHANUS|Swellendam || C11=LE ROUX|JOHANNES JACOBUS|Swellendam || C12=LE ROUX|DANIEL|Swellendam || C13=LE ROUX|HENDRIK JACOBUS|Swellendam
P0405,C01=LIEBENBERG|CHRISTIAAN JACOBUS|Graaff-Reinet || C02=LIEBENBERG|ELIZABETH LOUISA [WID]|Graaff-Reinet || C03=LIEBENBERG|CHARL JOHANNES|Graaff-Reinet || C04=LIEBENBERG|JOHANNES PETRUS|Graaff-Reinet || C05=LIEBENBERG|CHRISTAAN JACOBUS|Graaff-Reinet || C06=LIEBENBERG|BAREND GODLIEB|Graaff-Reinet || C07=LIEBENBERG|ALBERTUS PHILIPPUS|Graaff-Reinet
P0406,C01=LIEBENBERG|ELIZABETH LOUISA [WID]|Graaff-Reinet || C02=LIEBENBERG|CHRISTAAN JACOBUS|Graaff-Reinet || C03=LIEBENBERG|CHRISTIAAN JACOBUS|Graaff-Reinet || C04=LIEBENBERG|CHARL JOHANNES|Graaff-Reinet || C05=LIEBENBERG|JOHANNES PETRUS|Graaff-Reinet || C06=LIEBENBERG|BAREND GODLIEB|Graaff-Reinet || C07=LIEBENBERG|ALBERTUS PHILIPPUS|Graaff-Reinet
P0407,C01=LIEBENBERG|ELIZABETH LOUISA [WID]|Graaff-Reinet || C02=LIEBENBERG|BAREND GODLIEB|Graaff-Reinet || C03=LIEBENBERG|JOHANNES PETRUS|Graaff-Reinet || C04=LIEBENBERG|CHRISTIAAN JACOBUS|Graaff-Reinet || C05=LIEBENBERG|CHRISTAAN JACOBUS|Graaff-Reinet || C06=LIEBENBERG|CHARL JOHANNES|Graaff-Reinet || C07=LIEBENBERG|ALBERTUS PHILIPPUS|Graaff-Reinet
P0408,C01=LIEBENBERG|CHARL JOHANNES|Graaff-Reinet || C02=LIEBENBERG|ELIZABETH LOUISA [WID]|Graaff-Reinet || C03=LIEBENBERG|ALBERTUS PHILIPPUS|Graaff-Reinet || C04=LIEBENBERG|BAREND GODLIEB|Graaff-Reinet || C05=LIEBENBERG|JOHANNES PETRUS|Graaff-Reinet || C06=LIEBENBERG|CHRISTAAN JACOBUS|Graaff-Reinet || C07=LIEBENBERG|CHRISTIAAN JACOBUS|Graaff-Reinet
P0409,C01=LIEBENBERG|ALBERTUS PHILIPPUS|Graaff-Reinet || C02=LIEBENBERG|ELIZABETH LOUISA [WID]|Graaff-Reinet || C03=LIEBENBERG|JOHANNES PETRUS|Graaff-Reinet || C04=LIEBENBERG|CHRISTIAAN JACOBUS|Graaff-Reinet || C05=LIEBENBERG|CHRISTAAN JACOBUS|Graaff-Reinet || C06=LIEBENBERG|BAREND GODLIEB|Graaff-Reinet || C07=LIEBENBERG|CHARL JOHANNES|Graaff-Reinet
P0410,C01=LIEBENBERG|BAREND GODLIEB|Graaff-Reinet || C02=LIEBENBERG|ELIZABETH LOUISA [WID]|Graaff-Reinet || C03=LIEBENBERG|JOHANNES PETRUS|Graaff-Reinet || C04=LIEBENBERG|ALBERTUS PHILIPPUS|Graaff-Reinet || C05=LIEBENBERG|CHRISTIAAN JACOBUS|Graaff-Reinet || C06=LIEBENBERG|CHARL JOHANNES|Graaff-Reinet || C07=LIEBENBERG|CHRISTAAN JACOBUS|Graaff-Reinet
P0411,C01=LINDE|HANS JURIE|Swellendam || C02=LINDE|JACOBUS|Swellendam || C03=LINDE|GEORG FREDERIK|Swellendam || C04=LINDE|NICOLAAS|Swellendam || C05=LINDE|JOHANNES CHRISTOFFEL|Swellendam
P0412,C01=LOMBARD|HANS JURGEN|Somerset || C02=LOMBARD|HANS JURIE|Albany
P0413,C01=LOMBARD|HANS JURIE|Albany || C02=LOMBARD|HANS JURGEN|Somerset
P0414,C01=LOMBARD|HANS JURIE|Albany
P0415,C01=LUBBE|ANDRIES PETRUS|Clanwilliam || C02=LUBBE|JOHANNES HENDRIK|Clanwilliam || C03=LUBBE|FRANS SR|Clanwilliam || C04=LUBBE|FRANS JACOBUS|Clanwilliam || C05=LUBBE|BAREND FREDERIK|Clanwilliam || C06=LUBBE|PAUL WILLEM|Clanwilliam || C07=LUBBE|FRANS|Clanwilliam || C08=LUBBE|SCHALK WILLEM|Clanwilliam
P0416,C01=LUBBE|JAN. SV JOH|Graaff-Reinet || C02=LUBBE|HENNING HERMANUS|Graaff-Reinet || C03=LUBBE|ANNA JACOBA|Graaff-Reinet || C04=LUBBE|CAREL JOHANNES|Graaff-Reinet || C05=LUBBE|HENNING HERMANUS/JEREMIAS|Graaff-Reinet
P0417,C01=MAARTENS|JOACHIM HENDRIK|Graaff-Reinet || C02=MAARTENS|JACOBUS|Graaff-Reinet
P0418,C01=MAARTENS|JACOBUS|Graaff-Reinet || C02=MAARTENS|JOACHIM HENDRIK|Graaff-Reinet
P0419,C01=MALAN|HERCULES|Albany || C02=MALAN|DAVID EDUARD|Somerset || C03=MALAN|ELISABETH|Somerset || C04=MALAN|JACOBUS|Somerset || C05=MALAN|DANIEL JACOBUS|Somerset || C06=MALAN|STEPHANUS WILLEM|Somerset || C07=MALAN|HERCULES PHILIPPUS|Somerset || C08=MALAN|PIETER|Graaff-Reinet
P0420,C01=MARAIS|BAREND DANIEL|Uitenhage || C02=MARAIS|DANIEL PETRUS|Uitenhage || C03=MARAIS|MATTHYS HENDRIK|Uitenhage || C04=MARAIS|JOHAN LODEWYK|Uitenhage || C05=MARAIS|CHRISTOFFEL GERHARDUS|Uitenhage
P0421,C01=MARAIS|JOHANNES STEPHANUS|Beaufort || C02=MARAIS|CHARL FRANCOIS|Beaufort
P0422,C01=MARAIS|CHARL FRANCOIS|Beaufort || C02=MARAIS|JOHANNES STEPHANUS|Beaufort
P0423,C01=MARAIS|CHARL FRANCOIS|Beaufort || C02=MARAIS|JOHANNES STEPHANUS|Beaufort
P0424,C01=MARAIS|BAREND DANIEL|Uitenhage || C02=MARAIS|ISAAC JOHANNES|Somerset || C03=MARAIS|MATTHYS HENDRIK|Uitenhage || C04=MARAIS|ISAAC STEPHANUS|Graaff-Reinet || C05=MARAIS|JOHAN LODEWYK|Uitenhage || C06=MARAIS|JACOBUS|Somerset || C07=MARAIS|CHRISTOFFEL GERHARDUS|Uitenhage || C08=MARAIS|DANIEL PETRUS|Uitenhage || C09=MARAIS|DANIEL PETRUS|Albany
P0425,C01=MARAIS|JOHAN LODEWYK|Uitenhage || C02=MARAIS|MATTHYS HENDRIK|Uitenhage || C03=MARAIS|DANIEL PETRUS|Uitenhage || C04=MARAIS|CHRISTOFFEL GERHARDUS|Uitenhage || C05=MARAIS|BAREND DANIEL|Uitenhage
P0426,C01=MARX|GEORG FREDERIK|Uitenhage || C02=MARX|PETRUS GERHARDUS|Uitenhage
P0427,C01=MEYER|PIETER HENDRIK|George || C02=MEYER|ESIAS ENGELBRECHT|George || C03=MEYER|JOHANNES JACOBUS|George || C04=MEYER|ANTON MICHIEL|George || C05=MEYER|JACOBUS ESIAS|George || C06=MEYER|JAN ABRAHAM|George || C07=MEYER|HELGARD PETRUS|George || C08=MEYER|ANTON MATTHYS|George || C09=MEYER|JACOBUS|George || C10=MEYER|GERRIT HENDRIK|George || C11=MEYER|NICOLAAS|George || C12=MEYER|JUSTUS HENDRIK|George || C13=MEYER|NICOLAAS MARTINUS|George || C14=MEYER|MARTINUS|George || C15=MEYER|ESIAS|George
P0428,C01=MEYER|PETRUS|Albany || C02=MEYER|CORNELIS|Somerset || C03=MEYER|LUCAS JOHANNES|Somerset || C04=MEYER|ISAAC|Uitenhage || C05=MEYER|ISAAC JOHANNES|Uitenhage || C06=MEYER|COENRAAD FREDERIK|Uitenhage || C07=MEYER|GERRIT FREDERIK|Uitenhage || C08=MEYER|JOHANNES|Uitenhage || C09=MEYER|LUCAS WILLEM|Uitenhage
P0429,C01=MEYER|LUCAS JOHANNES|Somerset || C02=MEYER|ISAAC JOHANNES|Uitenhage || C03=MEYER|COENRAAD FREDERIK|Uitenhage || C04=MEYER|LUCAS WILLEM|Uitenhage || C05=MEYER|CORNELIS|Somerset || C06=MEYER|ISAAC|Uitenhage || C07=MEYER|JOHANNES|Uitenhage || C08=MEYER|GERRIT FREDERIK|Uitenhage || C09=MEYER|PETRUS|Albany
P0430,C01=MEYER|GERRIT FREDERIK|Uitenhage || C02=MEYER|ISAAC|Uitenhage || C03=MEYER|ISAAC JOHANNES|Uitenhage || C04=MEYER|LUCAS WILLEM|Uitenhage || C05=MEYER|LUCAS JOHANNES|Somerset || C06=MEYER|JOHANNES|Uitenhage || C07=MEYER|CORNELIS|Somerset || C08=MEYER|PETRUS|Albany || C09=MEYER|COENRAAD FREDERIK|Uitenhage
P0431,C01=MEYER|PETRUS|Albany
P0432,C01=MEYER|ISAAC|Uitenhage || C02=MEYER|ISAAC JOHANNES|Uitenhage || C03=MEYER|GERRIT FREDERIK|Uitenhage || C04=MEYER|JOHANNES|Uitenhage || C05=MEYER|COENRAAD FREDERIK|Uitenhage || C06=MEYER|LUCAS WILLEM|Uitenhage
P0433,C01=MEYER|JOHANNES|Uitenhage || C02=MEYER|LUCAS WILLEM|Uitenhage || C03=MEYER|ISAAC JOHANNES|Uitenhage || C04=MEYER|GERRIT FREDERIK|Uitenhage || C05=MEYER|COENRAAD FREDERIK|Uitenhage || C06=MEYER|ISAAC|Uitenhage
P0434,C01=MEYER|GERRIT FREDERIK|Uitenhage || C02=MEYER|COENRAAD FREDERIK|Uitenhage || C03=MEYER|LUCAS WILLEM|Uitenhage || C04=MEYER|JOHANNES|Uitenhage || C05=MEYER|ISAAC JOHANNES|Uitenhage || C06=MEYER|ISAAC|Uitenhage
P0435,C01=MINNAAR|PHILIP CAREL|Graaff-Reinet || C02=MINNAAR|JAN STEPHANUS|Graaff-Reinet
P0436,C01=MINNAAR|JAN STEPHANUS|Graaff-Reinet || C02=MINNAAR|PHILIP CAREL|Graaff-Reinet
P0437,C01=MINNAAR|JAN STEPHANUS|Graaff-Reinet || C02=MINNAAR|PHILIP CAREL|Graaff-Reinet
P0438,C01=MOOLMAN|WESSEL HENDRIK|Uitenhage || C02=MOOLMAN|PETRUS LAFRAS|Uitenhage || C03=MOOLMAN|HANS JURIE|Uitenhage || C04=MOOLMAN|JACOBUS PHILIPPUS|Uitenhage || C05=MOOLMAN|PETRUS JOHANNES ALBERTUS|Uitenhage || C06=MOOLMAN|LOUIS|Uitenhage || C07=MOOLMAN|PETRUS JOHANNES|Uitenhage
P0439,C01=MOOLMAN|JOHANNES ZACHARIAS|Swellendam || C02=MOOLMAN|JACOBUS PHILIPPUS|Swellendam || C03=MOOLMAN|JOHANNES ALBERTUS|Swellendam || C04=MOOLMAN|PETRUS LAFRAS|Swellendam
P0440,C01=MOOLMAN|WESSEL HENDRIK|Uitenhage || C02=MOOLMAN|PETRUS JOHANNES|Uitenhage || C03=MOOLMAN|HANS JURIE|Uitenhage || C04=MOOLMAN|PETRUS LAFRAS|Uitenhage || C05=MOOLMAN|PETRUS JOHANNES ALBERTUS|Uitenhage || C06=MOOLMAN|JACOBUS PHILIPPUS|Uitenhage || C07=MOOLMAN|LOUIS|Uitenhage
P0441,C01=MULLER|JOHANNES PETRUS|Swellendam || C02=MULLER|MICHIEL ARNOLDUS|Swellendam || C03=MULLER|ALEWYN IGNATIUS|Swellendam || C04=MULLER|HELLEGARDT|Swellendam || C05=MULLER|ALBERTUS JOHANNES|Swellendam
P0442,C01=MULLER|THOMAS NICOLAAS GERMAN|Graaff-Reinet || C02=MULLER|ANTHONY MICHIEL|Uitenhage || C03=MULLER|GEORG FREDERIK|Uitenhage || C04=MULLER|CORNELIUS JOHANNES|Uitenhage || C05=MULLER|WIDOW REGINA C RACH/ROG|Graaff-Reinet || C06=MULLER|CORNELIS JOHANNES|Uitenhage || C07=MULLER|THOMAS IGNATIUS|Uitenhage
P0443,C01=NEETHLING|FREDERIK JACOBUS|Worcester || C02=NEETHLING|WILLEM HENDRIK|Worcester
P0444,C01=NEL|WILLEM|Uitenhage || C02=NEL|HENDRIK JOHANNES|Uitenhage
P0445,C01=NEL|WILLEM|Uitenhage || C02=NEL|HENDRIK JOHANNES|Uitenhage
P0446,C01=NEL|PIETER WILLEM|Somerset || C02=NEL|LOUIS|Albany || C03=NEL|JACOBUS|Somerset || C04=NEL|LOUIS JACOBUS|Somerset || C05=NEL|JURIE|Somerset || C06=NEL|PHILIP RUDOLPH|Somerset || C07=NEL|GERRIT|Albany || C08=NEL|WILLEM|Uitenhage || C09=NEL|WILLEM ANDRIES|Albany || C10=NEL|DANIEL SR|Albany || C11=NEL|DANIEL|Somerset || C12=NEL|GERT|Albany || C13=NEL|HENDRIK JOHANNES|Uitenhage || C14=NEL|PHILIP|Somerset
P0447,C01=NEL|DANIEL SR|Albany || C02=NEL|LOUIS|Albany || C03=NEL|HENDRIK JOHANNES|Uitenhage || C04=NEL|LOUIS JACOBUS|Somerset || C05=NEL|GERT|Albany || C06=NEL|JURIE|Somerset || C07=NEL|JACOBUS|Somerset || C08=NEL|DANIEL|Somerset || C09=NEL|GERRIT|Albany || C10=NEL|PIETER WILLEM|Somerset || C11=NEL|WILLEM ANDRIES|Albany || C12=NEL|WILLEM|Uitenhage || C13=NEL|PHILIP RUDOLPH|Somerset || C14=NEL|PHILIP|Somerset
P0448,C01=NEL|ISAAC BARTOLOMEUS|Beaufort || C02=NEL|STEPHANUS|Beaufort
P0449,C01=NEL|WILLEM|Uitenhage || C02=NEL|HENDRIK JOHANNES|Uitenhage
P0450,C01=NEL|HENDRIK JOHANNES|Uitenhage || C02=NEL|WILLEM|Uitenhage
P0451,C01=NEL|GERRIT|Albany || C02=NEL|DANIEL SR|Albany || C03=NEL|GERT|Albany || C04=NEL|LOUIS|Albany || C05=NEL|WILLEM ANDRIES|Albany
P0452,C01=NEL|WILLEM ANDRIES|Albany || C02=NEL|GERT|Albany || C03=NEL|LOUIS|Albany || C04=NEL|DANIEL SR|Albany || C05=NEL|GERRIT|Albany
P0453,C01=NEL|GERT PETRUS|Swellendam || C02=NEL|ISAAC BARTOLOMEUS|Swellendam
P0454,C01=NEL|GERT PETRUS|Swellendam || C02=NEL|ISAAC BARTOLOMEUS|Swellendam
P0455,C01=NEL|WILLEM ANDRIES|Albany || C02=NEL|GERRIT|Albany || C03=NEL|DANIEL SR|Albany || C04=NEL|LOUIS JACOBUS|Somerset || C05=NEL|PIETER WILLEM|Somerset || C06=NEL|WILLEM|Uitenhage || C07=NEL|PHILIP|Somerset || C08=NEL|DANIEL|Somerset || C09=NEL|LOUIS|Albany || C10=NEL|PHILIP RUDOLPH|Somerset || C11=NEL|GERT|Albany || C12=NEL|JACOBUS|Somerset || C13=NEL|JURIE|Somerset || C14=NEL|HENDRIK JOHANNES|Uitenhage
P0456,C01=NEL|GERRIT|Albany || C02=NEL|WILLEM ANDRIES|Albany || C03=NEL|GERT|Albany || C04=NEL|DANIEL SR|Albany || C05=NEL|LOUIS|Albany
P0457,C01=NEL|LOUIS|Albany || C02=NEL|JURIE|Somerset || C03=NEL|PHILIP|Somerset || C04=NEL|JACOBUS|Somerset || C05=NEL|WILLEM ANDRIES|Albany || C06=NEL|LOUIS JACOBUS|Somerset || C07=NEL|DANIEL|Somerset || C08=NEL|PHILIP RUDOLPH|Somerset || C09=NEL|GERT|Albany || C10=NEL|HENDRIK JOHANNES|Uitenhage || C11=NEL|PIETER WILLEM|Somerset || C12=NEL|GERRIT|Albany || C13=NEL|DANIEL SR|Albany || C14=NEL|WILLEM|Uitenhage
P0458,C01=NEL|LOUIS|Albany || C02=NEL|GERRIT|Albany || C03=NEL|DANIEL SR|Albany || C04=NEL|GERT|Albany || C05=NEL|WILLEM ANDRIES|Albany
P0459,C01=NEL|WILLEM ANDRIES|Albany || C02=NEL|JURIE|Somerset || C03=NEL|PIETER WILLEM|Somerset || C04=NEL|DANIEL SR|Albany || C05=NEL|LOUIS|Albany || C06=NEL|LOUIS JACOBUS|Somerset || C07=NEL|PHILIP RUDOLPH|Somerset || C08=NEL|JACOBUS|Somerset || C09=NEL|GERRIT|Albany || C10=NEL|GERT|Albany || C11=NEL|PHILIP|Somerset || C12=NEL|WILLEM|Uitenhage || C13=NEL|HENDRIK JOHANNES|Uitenhage || C14=NEL|DANIEL|Somerset
P0460,C01=NEL|GERRIT|Albany || C02=NEL|DANIEL SR|Albany || C03=NEL|LOUIS|Albany || C04=NEL|WILLEM ANDRIES|Albany || C05=NEL|GERT|Albany
P0461,C01=NEL|DANIEL JACOBUS|George || C02=NEL|LOUIS|George || C03=NEL|PIETER WILLEM|George || C04=NEL|JOHANNES PETRUS|George
P0462,C01=NEL|PHILIP RUDOLPH|Somerset || C02=NEL|DANIEL|Somerset || C03=NEL|LOUIS|Albany || C04=NEL|GERT|Albany || C05=NEL|JACOBUS|Somerset || C06=NEL|HENDRIK JOHANNES|Uitenhage || C07=NEL|LOUIS JACOBUS|Somerset || C08=NEL|JURIE|Somerset || C09=NEL|PIETER WILLEM|Somerset || C10=NEL|WILLEM ANDRIES|Albany || C11=NEL|PHILIP|Somerset || C12=NEL|DANIEL SR|Albany || C13=NEL|WILLEM|Uitenhage || C14=NEL|GERRIT|Albany
P0463,C01=NEL|PHILIP RUDOLPH|Somerset || C02=NEL|GERT|Albany || C03=NEL|LOUIS JACOBUS|Somerset || C04=NEL|PIETER WILLEM|Somerset || C05=NEL|LOUIS|Albany || C06=NEL|JACOBUS|Somerset || C07=NEL|PHILIP|Somerset || C08=NEL|JURIE|Somerset || C09=NEL|DANIEL|Somerset || C10=NEL|HENDRIK JOHANNES|Uitenhage || C11=NEL|DANIEL SR|Albany || C12=NEL|WILLEM|Uitenhage || C13=NEL|GERRIT|Albany || C14=NEL|WILLEM ANDRIES|Albany
P0464,C01=NEL|DANIEL|Somerset || C02=NEL|JACOBUS|Somerset || C03=NEL|JURIE|Somerset || C04=NEL|WILLEM ANDRIES|Albany || C05=NEL|LOUIS|Albany || C06=NEL|GERRIT|Albany || C07=NEL|HENDRIK JOHANNES|Uitenhage || C08=NEL|PHILIP|Somerset || C09=NEL|DANIEL SR|Albany || C10=NEL|LOUIS JACOBUS|Somerset || C11=NEL|PHILIP RUDOLPH|Somerset || C12=NEL|GERT|Albany || C13=NEL|WILLEM|Uitenhage || C14=NEL|PIETER WILLEM|Somerset
P0465,C01=NEL|JOHANNES PETRUS|George || C02=NEL|LOUIS|George || C03=NEL|PIETER WILLEM|George || C04=NEL|DANIEL JACOBUS|George
P0466,C01=NIEMAND|PETRUS JACOBUS|Graaff-Reinet
P0467,C01=ODENDAAL|JACOBUS PAULUS|Somerset
P0468,C01=OLIVIER|ADRIAAN JACOBUS JEREMIAS|Beaufort
P0469,C01=OLIVIER|ADRIAAN JACOBUS JEREMIAS|Beaufort
P0470,C01=OLIVIER|GERRIT CORNELIS|Somerset || C02=OLIVIER|GERRIT JACOBUS|Graaff-Reinet || C03=OLIVIER|OCKERT JOHANNES STEPHANUS|Somerset || C04=OLIVIER|CORNELIS JOHANNES|Graaff-Reinet || C05=OLIVIER|CHRISTOFFEL HENDRIK|Graaff-Reinet || C06=OLIVIER|CORNELIS HERMANUS|Graaff-Reinet || C07=OLIVIER|ALBERT|Somerset || C08=OLIVIER|WILLEM HENDRIK|Somerset
P0471,C01=OOSTHUIZEN|MARTINUS|Uitenhage
P0472,C01=OOSTHUIZEN|MARTINUS|Uitenhage
P0473,C01=OOSTHUIZEN|MARTINUS|Uitenhage
P0474,C01=OOSTHUIZEN|MARTINUS|Uitenhage
P0475,C01=OOSTHUIZEN|GERT ADRIAAN|Graaff-Reinet
P0476,C01=OOSTHUIZEN|MARTINUS|Uitenhage || C02=OOSTHUIZEN|GERT ADRIAAN|Graaff-Reinet || C03=OOSTHUIZEN|ANDRIES|Somerset || C04=OOSTHUIZEN|JOHANNES JACOBUS|Somerset
P0477,C01=OOSTHUIZEN|MARTINUS|Uitenhage
P0478,C01=OPPERMAN|GODLIEB RUDOLPH|Somerset
P0479,C01=OPPERMAN|GODLIEB RUDOLPH|Somerset
P0480,C01=OPPERMAN|GODLIEB RUDOLPH|Somerset
P0481,C01=OPPERMAN|GODLIEB RUDOLPH|Somerset
P0482,C01=PIEK|ANDRIES CHRISTOFFEL|Albany
P0483,C01=PIEK|ANDRIES CHRISTOFFEL|Albany
P0484,C01=PIEK|ANDRIES CHRISTOFFEL|Albany
P0485,C01=PIENAAR|BAREND|Graaff-Reinet || C02=PIENAAR|JOHANNA CATHARINA|Somerset || C03=PIENAAR|LOUIS DANIEL|Graaff-Reinet || C04=PIENAAR|PIETER JACOBUS|Graaff-Reinet || C05=PIENAAR|PETRUS ARNOLDUS|Graaff-Reinet || C06=PIENAAR|SCHALK WILLEM|Graaff-Reinet || C07=PIENAAR|HENDRIK JACOBUS|Graaff-Reinet || C08=PIENAAR|PETRUS|Graaff-Reinet || C09=PIENAAR|ABEL JACOBUS|Graaff-Reinet || C10=PIENAAR|JACOBUS JOHANNES|Graaff-Reinet || C11=PIENAAR|BAREND JACOBUS|Graaff-Reinet
P0486,C01=PIENAAR|HENDRIK JACOBUS|Graaff-Reinet || C02=PIENAAR|SCHALK WILLEM|Graaff-Reinet || C03=PIENAAR|LOUIS DANIEL|Graaff-Reinet || C04=PIENAAR|ABEL JACOBUS|Graaff-Reinet || C05=PIENAAR|BAREND|Graaff-Reinet || C06=PIENAAR|JOHANNA CATHARINA|Somerset || C07=PIENAAR|JACOBUS JOHANNES|Graaff-Reinet || C08=PIENAAR|PETRUS ARNOLDUS|Graaff-Reinet || C09=PIENAAR|BAREND JACOBUS|Graaff-Reinet || C10=PIENAAR|PETRUS|Graaff-Reinet || C11=PIENAAR|PIETER JACOBUS|Graaff-Reinet
P0487,C01=PIENAAR|LOUIS DANIEL|Graaff-Reinet || C02=PIENAAR|BAREND JACOBUS|Graaff-Reinet || C03=PIENAAR|PETRUS|Graaff-Reinet || C04=PIENAAR|PIETER JACOBUS|Graaff-Reinet || C05=PIENAAR|PETRUS ARNOLDUS|Graaff-Reinet || C06=PIENAAR|BAREND|Graaff-Reinet || C07=PIENAAR|SCHALK WILLEM|Graaff-Reinet || C08=PIENAAR|JACOBUS JOHANNES|Graaff-Reinet || C09=PIENAAR|ABEL JACOBUS|Graaff-Reinet || C10=PIENAAR|HENDRIK JACOBUS|Graaff-Reinet
P0488,C01=PIETERSE|HERMANUS JOHANNES|Uitenhage
P0489,C01=PIETERSE|HERMANUS JOHANNES|Uitenhage
P0490,C01=PIETERSE|HERMANUS JOHANNES|Uitenhage
P0491,C01=PIETERSE|HERMANUS JOHANNES|Uitenhage
P0492,C01=PIETERSE|HERMANUS JOHANNES|Uitenhage
P0493,C01=PIETERSE|HERMANUS JOHANNES|Uitenhage
P0494,C01=POTGIETER|THEODORUS DAVID|Albany || C02=POTGIETER|JACOBUS CORNELIS|Albany
P0495,C01=POTGIETER|EVERT FREDERIK|Uitenhage || C02=POTGIETER|FREDERIK JOHANNES|Uitenhage || C03=POTGIETER|MARTINUS JACOBUS|Uitenhage || C04=POTGIETER|MATTHYS GERHARDUS|Uitenhage || C05=POTGIETER|THEUNIS|Uitenhage || C06=POTGIETER|JOHANNES|Uitenhage || C07=POTGIETER|FREDERIK JOHANNES ABR.|Uitenhage || C08=POTGIETER|PETRUS HENDRIK|Uitenhage || C09=POTGIETER|FREDERIK|Uitenhage || C10=POTGIETER|HERMANUS JACOBUS|Uitenhage
P0496,C01=POTGIETER|FREDERIK|Uitenhage || C02=POTGIETER|PETRUS HENDRIK|Uitenhage || C03=POTGIETER|HERMANUS JACOBUS|Uitenhage || C04=POTGIETER|THEUNIS|Uitenhage || C05=POTGIETER|JOHANNES|Uitenhage || C06=POTGIETER|MARTINUS JACOBUS|Uitenhage || C07=POTGIETER|MATTHYS GERHARDUS|Uitenhage || C08=POTGIETER|FREDERIK JOHANNES ABR.|Uitenhage || C09=POTGIETER|FREDERIK JOHANNES|Uitenhage || C10=POTGIETER|EVERT FREDERIK|Uitenhage
P0497,C01=POTGIETER|PETRUS HENDRIK|Uitenhage || C02=POTGIETER|FREDERIK|Uitenhage || C03=POTGIETER|THEUNIS|Uitenhage || C04=POTGIETER|FREDERIK JOHANNES ABR.|Uitenhage || C05=POTGIETER|FREDERIK JOHANNES|Uitenhage || C06=POTGIETER|MATTHYS GERHARDUS|Uitenhage || C07=POTGIETER|EVERT FREDERIK|Uitenhage || C08=POTGIETER|HERMANUS JACOBUS|Uitenhage || C09=POTGIETER|MARTINUS JACOBUS|Uitenhage || C10=POTGIETER|JOHANNES|Uitenhage
P0498,C01=POTGIETER|HERMANUS JACOBUS|Uitenhage || C02=POTGIETER|MARTINUS JACOBUS|Uitenhage || C03=POTGIETER|FREDERIK JOHANNES ABR.|Uitenhage || C04=POTGIETER|EVERT FREDERIK|Uitenhage || C05=POTGIETER|PETRUS HENDRIK|Uitenhage || C06=POTGIETER|JOHANNES|Uitenhage || C07=POTGIETER|FREDERIK|Uitenhage || C08=POTGIETER|MATTHYS GERHARDUS|Uitenhage || C09=POTGIETER|THEUNIS|Uitenhage || C10=POTGIETER|FREDERIK JOHANNES|Uitenhage
P0499,C01=POTGIETER|FREDERIK JOHANNES ABR.|Uitenhage || C02=POTGIETER|MATTHYS GERHARDUS|Uitenhage || C03=POTGIETER|JOHANNES|Uitenhage || C04=POTGIETER|EVERT FREDERIK|Uitenhage || C05=POTGIETER|MARTINUS JACOBUS|Uitenhage || C06=POTGIETER|PETRUS HENDRIK|Uitenhage || C07=POTGIETER|HERMANUS JACOBUS|Uitenhage || C08=POTGIETER|THEUNIS|Uitenhage || C09=POTGIETER|FREDERIK|Uitenhage || C10=POTGIETER|FREDERIK JOHANNES|Uitenhage
P0500,C01=POTGIETER|HERMANUS JACOBUS|Uitenhage || C02=POTGIETER|FREDERIK JOHANNES ABR.|Uitenhage || C03=POTGIETER|JOHANNES|Uitenhage || C04=POTGIETER|FREDERIK|Uitenhage || C05=POTGIETER|FREDERIK JOHANNES|Uitenhage || C06=POTGIETER|PETRUS HENDRIK|Uitenhage || C07=POTGIETER|THEUNIS|Uitenhage || C08=POTGIETER|EVERT FREDERIK|Uitenhage || C09=POTGIETER|MATTHYS GERHARDUS|Uitenhage || C10=POTGIETER|MARTINUS JACOBUS|Uitenhage
P0501,C01=POTGIETER|FREDERIK JOHANNES ABR.|Uitenhage || C02=POTGIETER|JOHANNES|Uitenhage || C03=POTGIETER|THEUNIS|Uitenhage || C04=POTGIETER|MARTINUS JACOBUS|Uitenhage || C05=POTGIETER|FREDERIK|Uitenhage || C06=POTGIETER|HERMANUS JACOBUS|Uitenhage || C07=POTGIETER|FREDERIK JOHANNES|Uitenhage || C08=POTGIETER|PETRUS HENDRIK|Uitenhage || C09=POTGIETER|MATTHYS GERHARDUS|Uitenhage || C10=POTGIETER|EVERT FREDERIK|Uitenhage
P0502,C01=POTGIETER|FREDERIK JOHANNES ABR.|Uitenhage || C02=POTGIETER|MARTINUS JACOBUS|Uitenhage || C03=POTGIETER|JOHANNES|Uitenhage || C04=POTGIETER|FREDERIK|Uitenhage || C05=POTGIETER|PETRUS HENDRIK|Uitenhage || C06=POTGIETER|EVERT FREDERIK|Uitenhage || C07=POTGIETER|MATTHYS GERHARDUS|Uitenhage || C08=POTGIETER|THEUNIS|Uitenhage || C09=POTGIETER|FREDERIK JOHANNES|Uitenhage || C10=POTGIETER|HERMANUS JACOBUS|Uitenhage
P0503,C01=POTGIETER|EVERT FREDERIK|Uitenhage || C02=POTGIETER|FREDERIK JOHANNES|Uitenhage || C03=POTGIETER|THEUNIS|Uitenhage || C04=POTGIETER|FREDERIK|Uitenhage || C05=POTGIETER|FREDERIK JOHANNES ABR.|Uitenhage || C06=POTGIETER|MATTHYS GERHARDUS|Uitenhage || C07=POTGIETER|JOHANNES|Uitenhage || C08=POTGIETER|MARTINUS JACOBUS|Uitenhage || C09=POTGIETER|PETRUS HENDRIK|Uitenhage || C10=POTGIETER|HERMANUS JACOBUS|Uitenhage
P0504,C01=POTGIETER|MARTINUS JACOBUS|Uitenhage || C02=POTGIETER|HERMANUS JACOBUS|Uitenhage || C03=POTGIETER|FREDERIK JOHANNES ABR.|Uitenhage || C04=POTGIETER|FREDERIK|Uitenhage || C05=POTGIETER|JOHANNES|Uitenhage || C06=POTGIETER|EVERT FREDERIK|Uitenhage || C07=POTGIETER|MATTHYS GERHARDUS|Uitenhage || C08=POTGIETER|PETRUS HENDRIK|Uitenhage || C09=POTGIETER|FREDERIK JOHANNES|Uitenhage || C10=POTGIETER|THEUNIS|Uitenhage
P0505,C01=POTGIETER|PIETER JACOBUS|Somerset || C02=POTGIETER|JACOBUS|Graaff-Reinet || C03=POTGIETER|PHILIP|Graaff-Reinet || C04=POTGIETER|PETRUS HENDRIK|Uitenhage || C05=POTGIETER|JACOBUS CORNELIS|Albany || C06=POTGIETER|THEODORUS DAVID|Albany || C07=POTGIETER|EVERT FREDERIK|Uitenhage || C08=POTGIETER|HERMANUS PHILIPPUS|Somerset || C09=POTGIETER|HERMANUS JACOBUS|Uitenhage || C10=POTGIETER|JOHANNES|Uitenhage || C11=POTGIETER|FREDERIK|Uitenhage || C12=POTGIETER|ANDRIES HENDRIK|Somerset || C13=POTGIETER|THEUNIS|Uitenhage || C14=POTGIETER|FREDERIK JOHANNES ABR.|Uitenhage || C15=POTGIETER|FREDERIK JOHANNES|Uitenhage || C16=POTGIETER|MARTINUS JACOBUS|Uitenhage || C17=POTGIETER|MATTHYS GERHARDUS|Uitenhage
P0506,C01=POTGIETER|JACOBUS CORNELIS|Albany || C02=POTGIETER|FREDERIK|Uitenhage || C03=POTGIETER|MARTINUS JACOBUS|Uitenhage || C04=POTGIETER|FREDERIK JOHANNES ABR.|Uitenhage || C05=POTGIETER|PHILIP|Graaff-Reinet || C06=POTGIETER|PETRUS HENDRIK|Uitenhage || C07=POTGIETER|HERMANUS JACOBUS|Uitenhage || C08=POTGIETER|MATTHYS GERHARDUS|Uitenhage || C09=POTGIETER|JACOBUS|Graaff-Reinet || C10=POTGIETER|JOHANNES|Uitenhage || C11=POTGIETER|THEODORUS DAVID|Albany || C12=POTGIETER|PIETER JACOBUS|Somerset || C13=POTGIETER|HERMANUS PHILIPPUS|Somerset || C14=POTGIETER|EVERT FREDERIK|Uitenhage || C15=POTGIETER|ANDRIES HENDRIK|Somerset || C16=POTGIETER|THEUNIS|Uitenhage || C17=POTGIETER|FREDERIK JOHANNES|Uitenhage
P0507,C01=POTGIETER|PETRUS HENDRIK|Uitenhage || C02=POTGIETER|HERMANUS JACOBUS|Uitenhage || C03=POTGIETER|EVERT FREDERIK|Uitenhage || C04=POTGIETER|ANDRIES HENDRIK|Somerset || C05=POTGIETER|JACOBUS CORNELIS|Albany || C06=POTGIETER|JACOBUS|Graaff-Reinet || C07=POTGIETER|FREDERIK JOHANNES|Uitenhage || C08=POTGIETER|PIETER JACOBUS|Somerset || C09=POTGIETER|FREDERIK|Uitenhage || C10=POTGIETER|THEUNIS|Uitenhage || C11=POTGIETER|PHILIP|Graaff-Reinet || C12=POTGIETER|FREDERIK JOHANNES ABR.|Uitenhage || C13=POTGIETER|MATTHYS GERHARDUS|Uitenhage || C14=POTGIETER|THEODORUS DAVID|Albany || C15=POTGIETER|HERMANUS PHILIPPUS|Somerset || C16=POTGIETER|MARTINUS JACOBUS|Uitenhage || C17=POTGIETER|JOHANNES|Uitenhage
P0508,C01=POTGIETER|ANDRIES HENDRIK|Somerset || C02=POTGIETER|MARTINUS JACOBUS|Uitenhage || C03=POTGIETER|EVERT FREDERIK|Uitenhage || C04=POTGIETER|PIETER JACOBUS|Somerset || C05=POTGIETER|FREDERIK|Uitenhage || C06=POTGIETER|JACOBUS|Graaff-Reinet || C07=POTGIETER|JOHANNES|Uitenhage || C08=POTGIETER|PHILIP|Graaff-Reinet || C09=POTGIETER|JACOBUS CORNELIS|Albany || C10=POTGIETER|THEODORUS DAVID|Albany || C11=POTGIETER|HERMANUS PHILIPPUS|Somerset || C12=POTGIETER|FREDERIK JOHANNES|Uitenhage || C13=POTGIETER|THEUNIS|Uitenhage || C14=POTGIETER|MATTHYS GERHARDUS|Uitenhage || C15=POTGIETER|FREDERIK JOHANNES ABR.|Uitenhage || C16=POTGIETER|HERMANUS JACOBUS|Uitenhage || C17=POTGIETER|PETRUS HENDRIK|Uitenhage
P0509,C01=POTGIETER|FREDERIK JOHANNES ABR.|Uitenhage || C02=POTGIETER|PHILIP|Graaff-Reinet || C03=POTGIETER|THEUNIS|Uitenhage || C04=POTGIETER|THEODORUS DAVID|Albany || C05=POTGIETER|MARTINUS JACOBUS|Uitenhage || C06=POTGIETER|PIETER JACOBUS|Somerset || C07=POTGIETER|HERMANUS JACOBUS|Uitenhage || C08=POTGIETER|ANDRIES HENDRIK|Somerset || C09=POTGIETER|JACOBUS|Graaff-Reinet || C10=POTGIETER|PETRUS HENDRIK|Uitenhage || C11=POTGIETER|HERMANUS PHILIPPUS|Somerset || C12=POTGIETER|JOHANNES|Uitenhage || C13=POTGIETER|FREDERIK JOHANNES|Uitenhage || C14=POTGIETER|JACOBUS CORNELIS|Albany || C15=POTGIETER|FREDERIK|Uitenhage || C16=POTGIETER|EVERT FREDERIK|Uitenhage || C17=POTGIETER|MATTHYS GERHARDUS|Uitenhage
P0510,C01=POTGIETER|JOHANNES|Uitenhage || C02=POTGIETER|PETRUS HENDRIK|Uitenhage || C03=POTGIETER|JACOBUS|Graaff-Reinet || C04=POTGIETER|THEUNIS|Uitenhage || C05=POTGIETER|THEODORUS DAVID|Albany || C06=POTGIETER|EVERT FREDERIK|Uitenhage || C07=POTGIETER|PHILIP|Graaff-Reinet || C08=POTGIETER|JACOBUS CORNELIS|Albany || C09=POTGIETER|FREDERIK|Uitenhage || C10=POTGIETER|HERMANUS PHILIPPUS|Somerset || C11=POTGIETER|PIETER JACOBUS|Somerset || C12=POTGIETER|FREDERIK JOHANNES|Uitenhage || C13=POTGIETER|MARTINUS JACOBUS|Uitenhage || C14=POTGIETER|HERMANUS JACOBUS|Uitenhage || C15=POTGIETER|MATTHYS GERHARDUS|Uitenhage || C16=POTGIETER|ANDRIES HENDRIK|Somerset || C17=POTGIETER|FREDERIK JOHANNES ABR.|Uitenhage
P0511,C01=POTGIETER|JACOBUS CORNELIS|Albany || C02=POTGIETER|THEODORUS DAVID|Albany || C03=POTGIETER|FREDERIK JOHANNES|Uitenhage || C04=POTGIETER|JOHANNES|Uitenhage || C05=POTGIETER|ANDRIES HENDRIK|Somerset || C06=POTGIETER|HERMANUS JACOBUS|Uitenhage || C07=POTGIETER|FREDERIK|Uitenhage || C08=POTGIETER|THEUNIS|Uitenhage || C09=POTGIETER|PETRUS HENDRIK|Uitenhage || C10=POTGIETER|MATTHYS GERHARDUS|Uitenhage || C11=POTGIETER|JACOBUS|Graaff-Reinet || C12=POTGIETER|PHILIP|Graaff-Reinet || C13=POTGIETER|EVERT FREDERIK|Uitenhage || C14=POTGIETER|PIETER JACOBUS|Somerset || C15=POTGIETER|FREDERIK JOHANNES ABR.|Uitenhage || C16=POTGIETER|HERMANUS PHILIPPUS|Somerset || C17=POTGIETER|MARTINUS JACOBUS|Uitenhage
P0512,C01=POTGIETER|JACOBUS|Graaff-Reinet || C02=POTGIETER|JOHANNES|Uitenhage || C03=POTGIETER|FREDERIK|Uitenhage || C04=POTGIETER|FREDERIK JOHANNES ABR.|Uitenhage || C05=POTGIETER|MARTINUS JACOBUS|Uitenhage || C06=POTGIETER|PETRUS HENDRIK|Uitenhage || C07=POTGIETER|THEODORUS DAVID|Albany || C08=POTGIETER|FREDERIK JOHANNES|Uitenhage || C09=POTGIETER|HERMANUS PHILIPPUS|Somerset || C10=POTGIETER|ANDRIES HENDRIK|Somerset || C11=POTGIETER|PIETER JACOBUS|Somerset || C12=POTGIETER|THEUNIS|Uitenhage || C13=POTGIETER|PHILIP|Graaff-Reinet || C14=POTGIETER|MATTHYS GERHARDUS|Uitenhage || C15=POTGIETER|EVERT FREDERIK|Uitenhage || C16=POTGIETER|HERMANUS JACOBUS|Uitenhage || C17=POTGIETER|JACOBUS CORNELIS|Albany
P0513,C01=POTGIETER|PETRUS HENDRIK|Uitenhage || C02=POTGIETER|JOHANNES|Uitenhage || C03=POTGIETER|EVERT FREDERIK|Uitenhage || C04=POTGIETER|FREDERIK JOHANNES ABR.|Uitenhage || C05=POTGIETER|PHILIP|Graaff-Reinet || C06=POTGIETER|ANDRIES HENDRIK|Somerset || C07=POTGIETER|FREDERIK|Uitenhage || C08=POTGIETER|HERMANUS JACOBUS|Uitenhage || C09=POTGIETER|PIETER JACOBUS|Somerset || C10=POTGIETER|JACOBUS|Graaff-Reinet || C11=POTGIETER|FREDERIK JOHANNES|Uitenhage || C12=POTGIETER|MARTINUS JACOBUS|Uitenhage || C13=POTGIETER|MATTHYS GERHARDUS|Uitenhage || C14=POTGIETER|JACOBUS CORNELIS|Albany || C15=POTGIETER|HERMANUS PHILIPPUS|Somerset || C16=POTGIETER|THEODORUS DAVID|Albany || C17=POTGIETER|THEUNIS|Uitenhage
P0514,C01=POTGIETER|PHILIP|Graaff-Reinet || C02=POTGIETER|HERMANUS PHILIPPUS|Somerset || C03=POTGIETER|MATTHYS GERHARDUS|Uitenhage || C04=POTGIETER|JACOBUS CORNELIS|Albany || C05=POTGIETER|FREDERIK|Uitenhage || C06=POTGIETER|EVERT FREDERIK|Uitenhage || C07=POTGIETER|FREDERIK JOHANNES ABR.|Uitenhage || C08=POTGIETER|PIETER JACOBUS|Somerset || C09=POTGIETER|THEUNIS|Uitenhage || C10=POTGIETER|PETRUS HENDRIK|Uitenhage || C11=POTGIETER|ANDRIES HENDRIK|Somerset || C12=POTGIETER|HERMANUS JACOBUS|Uitenhage || C13=POTGIETER|THEODORUS DAVID|Albany || C14=POTGIETER|JOHANNES|Uitenhage || C15=POTGIETER|MARTINUS JACOBUS|Uitenhage || C16=POTGIETER|JACOBUS|Graaff-Reinet || C17=POTGIETER|FREDERIK JOHANNES|Uitenhage
P0515,C01=POTGIETER|PETRUS HENDRIK|Uitenhage || C02=POTGIETER|FREDERIK|Uitenhage || C03=POTGIETER|PIETER JACOBUS|Somerset || C04=POTGIETER|EVERT FREDERIK|Uitenhage || C05=POTGIETER|FREDERIK JOHANNES ABR.|Uitenhage || C06=POTGIETER|JACOBUS|Graaff-Reinet || C07=POTGIETER|FREDERIK JOHANNES|Uitenhage || C08=POTGIETER|JOHANNES|Uitenhage || C09=POTGIETER|HERMANUS JACOBUS|Uitenhage || C10=POTGIETER|PHILIP|Graaff-Reinet || C11=POTGIETER|JACOBUS CORNELIS|Albany || C12=POTGIETER|ANDRIES HENDRIK|Somerset || C13=POTGIETER|HERMANUS PHILIPPUS|Somerset || C14=POTGIETER|MARTINUS JACOBUS|Uitenhage || C15=POTGIETER|MATTHYS GERHARDUS|Uitenhage || C16=POTGIETER|THEUNIS|Uitenhage || C17=POTGIETER|THEODORUS DAVID|Albany
P0516,C01=POTGIETER|JACOBUS CORNELIS|Albany || C02=POTGIETER|THEODORUS DAVID|Albany
P0517,C01=POTGIETER|FREDERIK JOHANNES|Uitenhage || C02=POTGIETER|FREDERIK|Uitenhage || C03=POTGIETER|MARTINUS JACOBUS|Uitenhage || C04=POTGIETER|HERMANUS JACOBUS|Uitenhage || C05=POTGIETER|ANDRIES HENDRIK|Somerset || C06=POTGIETER|JACOBUS CORNELIS|Albany || C07=POTGIETER|PETRUS HENDRIK|Uitenhage || C08=POTGIETER|THEUNIS|Uitenhage || C09=POTGIETER|THEODORUS DAVID|Albany || C10=POTGIETER|PIETER JACOBUS|Somerset || C11=POTGIETER|EVERT FREDERIK|Uitenhage || C12=POTGIETER|PHILIP|Graaff-Reinet || C13=POTGIETER|MATTHYS GERHARDUS|Uitenhage || C14=POTGIETER|HERMANUS PHILIPPUS|Somerset || C15=POTGIETER|JACOBUS|Graaff-Reinet || C16=POTGIETER|JOHANNES|Uitenhage || C17=POTGIETER|FREDERIK JOHANNES ABR.|Uitenhage
P0518,C01=POTGIETER|FREDERIK JOHANNES ABR.|Uitenhage || C02=POTGIETER|JOHANNES|Uitenhage || C03=POTGIETER|EVERT FREDERIK|Uitenhage || C04=POTGIETER|MARTINUS JACOBUS|Uitenhage || C05=POTGIETER|HERMANUS JACOBUS|Uitenhage || C06=POTGIETER|PETRUS HENDRIK|Uitenhage || C07=POTGIETER|MATTHYS GERHARDUS|Uitenhage || C08=POTGIETER|FREDERIK|Uitenhage || C09=POTGIETER|THEUNIS|Uitenhage || C10=POTGIETER|FREDERIK JOHANNES|Uitenhage
P0519,C01=PRETORIUS|CHARL JOHANNES|Graaff-Reinet || C02=PRETORIUS|HERCULES ALBERTUS|Graaff-Reinet || C03=PRETORIUS|CHARLES|Graaff-Reinet || C04=PRETORIUS|WYNAND JOHANNES|Somerset || C05=PRETORIUS|GERT|Graaff-Reinet || C06=PRETORIUS|LOURENS|Somerset || C07=PRETORIUS|JOHANNES LODEWICUS|Graaff-Reinet || C08=PRETORIUS|ISAAC JOHANNES|Graaff-Reinet || C09=PRETORIUS|JOHANNES|Graaff-Reinet || C10=PRETORIUS|PETRUS GERHARDUS|Graaff-Reinet || C11=PRETORIUS|WILLEM STERRENBERG|Graaff-Reinet || C12=PRETORIUS|PETRUS JACOBUS|Graaff-Reinet || C13=PRETORIUS|MATTHYS JACOBUS|Graaff-Reinet || C14=PRETORIUS|ROELOF GERHARDUS PETRUS|Graaff-Reinet || C15=PRETORIUS|WILLEM|Somerset || C16=PRETORIUS|JOHANNES JACOBUS|Graaff-Reinet || C17=PRETORIUS|ANDRIES LODEWYK|Graaff-Reinet || C18=PRETORIUS|WILLEM LODEWYK|Graaff-Reinet || C19=PRETORIUS ?|JOHANNES LODEWYK WYNAND|Graaff-Reinet || C20=PRETORIUS|ANDRIES WILHELM JACOBUS|Graaff-Reinet || C21=PRETORIUS|MICHIEL JACOBUS|Graaff-Reinet || C22=PRETORIUS|ABRAHAM|Somerset || C23=PRETORIUS|CHARL|Graaff-Reinet || C24=PRETORIUS|JOHANNES DIEDERIK|Somerset || C25=PRETORIUS|MARTINUS WESSEL|Graaff-Reinet || C26=PRETORIUS|HENDRIK STEPHANUS|Somerset || C27=PRETORIUS|LODEWIKUS|Graaff-Reinet || C28=PRETORIUS|JOHANNES LODEWICUS|Somerset || C29=PRETORIUS|HENNING PETRUS NICOLAAS|Graaff-Reinet || C30=PRETORIUS|JOHANNES PETRUS|Somerset || C31=PRETORIUS|HENDRIK STEPHANUS DIED|Graaff-Reinet
P0520,C01=PRETORIUS|ROELOF GERHARDUS PETRUS|Graaff-Reinet || C02=PRETORIUS|JOHANNES JACOBUS|Graaff-Reinet || C03=PRETORIUS|JOHANNES LODEWICUS|Graaff-Reinet || C04=PRETORIUS|ANDRIES LODEWYK|Graaff-Reinet || C05=PRETORIUS|MICHIEL JACOBUS|Graaff-Reinet || C06=PRETORIUS|ANDRIES WILHELM JACOBUS|Graaff-Reinet || C07=PRETORIUS|HERCULES ALBERTUS|Graaff-Reinet || C08=PRETORIUS|GERT|Graaff-Reinet || C09=PRETORIUS|CHARL JOHANNES|Graaff-Reinet || C10=PRETORIUS|HENDRIK STEPHANUS DIED|Graaff-Reinet || C11=PRETORIUS|ISAAC JOHANNES|Graaff-Reinet || C12=PRETORIUS|MARTINUS WESSEL|Graaff-Reinet || C13=PRETORIUS|PETRUS JACOBUS|Graaff-Reinet || C14=PRETORIUS|PETRUS GERHARDUS|Graaff-Reinet || C15=PRETORIUS|MATTHYS JACOBUS|Graaff-Reinet || C16=PRETORIUS|HENNING PETRUS NICOLAAS|Graaff-Reinet || C17=PRETORIUS|WILLEM LODEWYK|Graaff-Reinet || C18=PRETORIUS|JOHANNES|Graaff-Reinet || C19=PRETORIUS|WILLEM STERRENBERG|Graaff-Reinet || C20=PRETORIUS|LODEWIKUS|Graaff-Reinet || C21=PRETORIUS ?|JOHANNES LODEWYK WYNAND|Graaff-Reinet || C22=PRETORIUS|CHARL|Graaff-Reinet || C23=PRETORIUS|CHARLES|Graaff-Reinet
P0521,C01=PRETORIUS|CHARL JOHANNES|Graaff-Reinet || C02=PRETORIUS|ROELOF GERHARDUS PETRUS|Graaff-Reinet || C03=PRETORIUS|CHARL|Graaff-Reinet || C04=PRETORIUS|PETRUS JACOBUS|Graaff-Reinet || C05=PRETORIUS|JOHANNES JACOBUS|Graaff-Reinet || C06=PRETORIUS ?|JOHANNES LODEWYK WYNAND|Graaff-Reinet || C07=PRETORIUS|GERT|Graaff-Reinet || C08=PRETORIUS|WILLEM LODEWYK|Graaff-Reinet || C09=PRETORIUS|LODEWIKUS|Graaff-Reinet || C10=PRETORIUS|ANDRIES LODEWYK|Graaff-Reinet || C11=PRETORIUS|PETRUS GERHARDUS|Graaff-Reinet || C12=PRETORIUS|HENNING PETRUS NICOLAAS|Graaff-Reinet || C13=PRETORIUS|ISAAC JOHANNES|Graaff-Reinet || C14=PRETORIUS|HERCULES ALBERTUS|Graaff-Reinet || C15=PRETORIUS|JOHANNES|Graaff-Reinet || C16=PRETORIUS|HENDRIK STEPHANUS DIED|Graaff-Reinet || C17=PRETORIUS|WILLEM STERRENBERG|Graaff-Reinet || C18=PRETORIUS|MARTINUS WESSEL|Graaff-Reinet || C19=PRETORIUS|ANDRIES WILHELM JACOBUS|Graaff-Reinet || C20=PRETORIUS|MICHIEL JACOBUS|Graaff-Reinet || C21=PRETORIUS|JOHANNES LODEWICUS|Graaff-Reinet || C22=PRETORIUS|CHARLES|Graaff-Reinet || C23=PRETORIUS|MATTHYS JACOBUS|Graaff-Reinet
P0522,C01=PRETORIUS|WILLEM LODEWYK|Graaff-Reinet || C02=PRETORIUS|ANDRIES LODEWYK|Graaff-Reinet || C03=PRETORIUS|MATTHYS JACOBUS|Graaff-Reinet || C04=PRETORIUS|JOHANNES PETRUS|Somerset || C05=PRETORIUS|WILLEM STERRENBERG|Graaff-Reinet || C06=PRETORIUS|ABRAHAM|Somerset || C07=PRETORIUS|HENDRIK STEPHANUS DIED|Graaff-Reinet || C08=PRETORIUS|GERT|Graaff-Reinet || C09=PRETORIUS|HERCULES ALBERTUS|Graaff-Reinet || C10=PRETORIUS|LOURENS|Somerset || C11=PRETORIUS ?|JOHANNES LODEWYK WYNAND|Graaff-Reinet || C12=PRETORIUS|ANDRIES WILHELM JACOBUS|Graaff-Reinet || C13=PRETORIUS|JOHANNES LODEWICUS|Somerset || C14=PRETORIUS|MARTINUS WESSEL|Graaff-Reinet || C15=PRETORIUS|JOHANNES LODEWICUS|Graaff-Reinet || C16=PRETORIUS|LODEWIKUS|Graaff-Reinet || C17=PRETORIUS|JOHANNES DIEDERIK|Somerset || C18=PRETORIUS|WYNAND JOHANNES|Somerset || C19=PRETORIUS|JOHANNES|Graaff-Reinet || C20=PRETORIUS|HENNING PETRUS NICOLAAS|Graaff-Reinet || C21=PRETORIUS|PETRUS JACOBUS|Graaff-Reinet || C22=PRETORIUS|HENDRIK STEPHANUS|Somerset || C23=PRETORIUS|WILLEM|Somerset || C24=PRETORIUS|MICHIEL JACOBUS|Graaff-Reinet || C25=PRETORIUS|CHARL JOHANNES|Graaff-Reinet || C26=PRETORIUS|CHARLES|Graaff-Reinet || C27=PRETORIUS|JOHANNES JACOBUS|Graaff-Reinet || C28=PRETORIUS|PETRUS GERHARDUS|Graaff-Reinet || C29=PRETORIUS|ROELOF GERHARDUS PETRUS|Graaff-Reinet || C30=PRETORIUS|ISAAC JOHANNES|Graaff-Reinet || C31=PRETORIUS|CHARL|Graaff-Reinet
P0523,C01=PRETORIUS|PETRUS JACOBUS|Graaff-Reinet || C02=PRETORIUS|CHARLES|Graaff-Reinet || C03=PRETORIUS|JOHANNES|Graaff-Reinet || C04=PRETORIUS|WILLEM LODEWYK|Graaff-Reinet || C05=PRETORIUS|CHARL JOHANNES|Graaff-Reinet || C06=PRETORIUS|ISAAC JOHANNES|Graaff-Reinet || C07=PRETORIUS|HENDRIK STEPHANUS DIED|Graaff-Reinet || C08=PRETORIUS|ROELOF GERHARDUS PETRUS|Graaff-Reinet || C09=PRETORIUS|CHARL|Graaff-Reinet || C10=PRETORIUS|ANDRIES WILHELM JACOBUS|Graaff-Reinet || C11=PRETORIUS|JOHANNES JACOBUS|Graaff-Reinet || C12=PRETORIUS|LODEWIKUS|Graaff-Reinet || C13=PRETORIUS ?|JOHANNES LODEWYK WYNAND|Graaff-Reinet || C14=PRETORIUS|HENNING PETRUS NICOLAAS|Graaff-Reinet || C15=PRETORIUS|HERCULES ALBERTUS|Graaff-Reinet || C16=PRETORIUS|GERT|Graaff-Reinet || C17=PRETORIUS|MARTINUS WESSEL|Graaff-Reinet || C18=PRETORIUS|MATTHYS JACOBUS|Graaff-Reinet || C19=PRETORIUS|WILLEM STERRENBERG|Graaff-Reinet || C20=PRETORIUS|PETRUS GERHARDUS|Graaff-Reinet || C21=PRETORIUS|MICHIEL JACOBUS|Graaff-Reinet || C22=PRETORIUS|ANDRIES LODEWYK|Graaff-Reinet || C23=PRETORIUS|JOHANNES LODEWICUS|Graaff-Reinet
P0524,C01=PRETORIUS ?|JOHANNES LODEWYK WYNAND|Graaff-Reinet || C02=PRETORIUS|JOHANNES|Graaff-Reinet || C03=PRETORIUS|LODEWIKUS|Graaff-Reinet || C04=PRETORIUS|JOHANNES JACOBUS|Graaff-Reinet || C05=PRETORIUS|CHARLES|Graaff-Reinet || C06=PRETORIUS|MICHIEL JACOBUS|Graaff-Reinet || C07=PRETORIUS|MATTHYS JACOBUS|Graaff-Reinet || C08=PRETORIUS|JOHANNES LODEWICUS|Graaff-Reinet || C09=PRETORIUS|ANDRIES WILHELM JACOBUS|Graaff-Reinet || C10=PRETORIUS|GERT|Graaff-Reinet || C11=PRETORIUS|ANDRIES LODEWYK|Graaff-Reinet || C12=PRETORIUS|CHARL|Graaff-Reinet || C13=PRETORIUS|HENNING PETRUS NICOLAAS|Graaff-Reinet || C14=PRETORIUS|WILLEM STERRENBERG|Graaff-Reinet || C15=PRETORIUS|ISAAC JOHANNES|Graaff-Reinet || C16=PRETORIUS|PETRUS JACOBUS|Graaff-Reinet || C17=PRETORIUS|HERCULES ALBERTUS|Graaff-Reinet || C18=PRETORIUS|WILLEM LODEWYK|Graaff-Reinet || C19=PRETORIUS|CHARL JOHANNES|Graaff-Reinet || C20=PRETORIUS|HENDRIK STEPHANUS DIED|Graaff-Reinet || C21=PRETORIUS|MARTINUS WESSEL|Graaff-Reinet || C22=PRETORIUS|ROELOF GERHARDUS PETRUS|Graaff-Reinet || C23=PRETORIUS|PETRUS GERHARDUS|Graaff-Reinet
P0525,C01=PRETORIUS|ISAAC JOHANNES|Graaff-Reinet || C02=PRETORIUS|JOHANNES JACOBUS|Graaff-Reinet || C03=PRETORIUS|HENDRIK STEPHANUS DIED|Graaff-Reinet || C04=PRETORIUS|ANDRIES LODEWYK|Graaff-Reinet || C05=PRETORIUS|MATTHYS JACOBUS|Graaff-Reinet || C06=PRETORIUS|ANDRIES WILHELM JACOBUS|Graaff-Reinet || C07=PRETORIUS|WILLEM STERRENBERG|Graaff-Reinet || C08=PRETORIUS|ROELOF GERHARDUS PETRUS|Graaff-Reinet || C09=PRETORIUS|JOHANNES|Graaff-Reinet || C10=PRETORIUS ?|JOHANNES LODEWYK WYNAND|Graaff-Reinet || C11=PRETORIUS|LODEWIKUS|Graaff-Reinet || C12=PRETORIUS|CHARL|Graaff-Reinet || C13=PRETORIUS|PETRUS GERHARDUS|Graaff-Reinet || C14=PRETORIUS|MARTINUS WESSEL|Graaff-Reinet || C15=PRETORIUS|CHARL JOHANNES|Graaff-Reinet || C16=PRETORIUS|JOHANNES LODEWICUS|Graaff-Reinet || C17=PRETORIUS|HERCULES ALBERTUS|Graaff-Reinet || C18=PRETORIUS|GERT|Graaff-Reinet || C19=PRETORIUS|PETRUS JACOBUS|Graaff-Reinet || C20=PRETORIUS|HENNING PETRUS NICOLAAS|Graaff-Reinet || C21=PRETORIUS|MICHIEL JACOBUS|Graaff-Reinet || C22=PRETORIUS|WILLEM LODEWYK|Graaff-Reinet || C23=PRETORIUS|CHARLES|Graaff-Reinet
P0526,C01=PRETORIUS|MARTINUS WESSEL|Graaff-Reinet || C02=PRETORIUS|JOHANNES|Graaff-Reinet || C03=PRETORIUS|JOHANNES LODEWICUS|Graaff-Reinet || C04=PRETORIUS|ISAAC JOHANNES|Graaff-Reinet || C05=PRETORIUS|PETRUS JACOBUS|Graaff-Reinet || C06=PRETORIUS|CHARL|Graaff-Reinet || C07=PRETORIUS ?|JOHANNES LODEWYK WYNAND|Graaff-Reinet || C08=PRETORIUS|LODEWIKUS|Graaff-Reinet || C09=PRETORIUS|MATTHYS JACOBUS|Graaff-Reinet || C10=PRETORIUS|PETRUS GERHARDUS|Graaff-Reinet || C11=PRETORIUS|GERT|Graaff-Reinet || C12=PRETORIUS|HENDRIK STEPHANUS DIED|Graaff-Reinet || C13=PRETORIUS|JOHANNES JACOBUS|Graaff-Reinet || C14=PRETORIUS|ROELOF GERHARDUS PETRUS|Graaff-Reinet || C15=PRETORIUS|WILLEM LODEWYK|Graaff-Reinet || C16=PRETORIUS|CHARL JOHANNES|Graaff-Reinet || C17=PRETORIUS|CHARLES|Graaff-Reinet || C18=PRETORIUS|ANDRIES WILHELM JACOBUS|Graaff-Reinet || C19=PRETORIUS|MICHIEL JACOBUS|Graaff-Reinet || C20=PRETORIUS|WILLEM STERRENBERG|Graaff-Reinet || C21=PRETORIUS|HENNING PETRUS NICOLAAS|Graaff-Reinet || C22=PRETORIUS|ANDRIES LODEWYK|Graaff-Reinet || C23=PRETORIUS|HERCULES ALBERTUS|Graaff-Reinet
P0527,C01=PRETORIUS|HERCULES ALBERTUS|Graaff-Reinet || C02=PRETORIUS|CHARL JOHANNES|Graaff-Reinet || C03=PRETORIUS|MATTHYS JACOBUS|Graaff-Reinet || C04=PRETORIUS|MICHIEL JACOBUS|Graaff-Reinet || C05=PRETORIUS|ISAAC JOHANNES|Graaff-Reinet || C06=PRETORIUS ?|JOHANNES LODEWYK WYNAND|Graaff-Reinet || C07=PRETORIUS|ANDRIES WILHELM JACOBUS|Graaff-Reinet || C08=PRETORIUS|HENDRIK STEPHANUS DIED|Graaff-Reinet || C09=PRETORIUS|LODEWIKUS|Graaff-Reinet || C10=PRETORIUS|CHARLES|Graaff-Reinet || C11=PRETORIUS|JOHANNES|Graaff-Reinet || C12=PRETORIUS|WILLEM LODEWYK|Graaff-Reinet || C13=PRETORIUS|CHARL|Graaff-Reinet || C14=PRETORIUS|PETRUS GERHARDUS|Graaff-Reinet || C15=PRETORIUS|ROELOF GERHARDUS PETRUS|Graaff-Reinet || C16=PRETORIUS|HENNING PETRUS NICOLAAS|Graaff-Reinet || C17=PRETORIUS|MARTINUS WESSEL|Graaff-Reinet || C18=PRETORIUS|ANDRIES LODEWYK|Graaff-Reinet || C19=PRETORIUS|JOHANNES LODEWICUS|Graaff-Reinet || C20=PRETORIUS|PETRUS JACOBUS|Graaff-Reinet || C21=PRETORIUS|JOHANNES JACOBUS|Graaff-Reinet || C22=PRETORIUS|GERT|Graaff-Reinet || C23=PRETORIUS|WILLEM STERRENBERG|Graaff-Reinet
P0528,C01=PRETORIUS|MICHIEL JACOBUS|Graaff-Reinet || C02=PRETORIUS|LODEWIKUS|Graaff-Reinet || C03=PRETORIUS|ROELOF GERHARDUS PETRUS|Graaff-Reinet || C04=PRETORIUS|ANDRIES LODEWYK|Graaff-Reinet || C05=PRETORIUS|PETRUS JACOBUS|Graaff-Reinet || C06=PRETORIUS|CHARL JOHANNES|Graaff-Reinet || C07=PRETORIUS|CHARLES|Graaff-Reinet || C08=PRETORIUS|GERT|Graaff-Reinet || C09=PRETORIUS|WILLEM STERRENBERG|Graaff-Reinet || C10=PRETORIUS|ANDRIES WILHELM JACOBUS|Graaff-Reinet || C11=PRETORIUS|CHARL|Graaff-Reinet || C12=PRETORIUS|PETRUS GERHARDUS|Graaff-Reinet || C13=PRETORIUS|JOHANNES LODEWICUS|Graaff-Reinet || C14=PRETORIUS|HENNING PETRUS NICOLAAS|Graaff-Reinet || C15=PRETORIUS|MATTHYS JACOBUS|Graaff-Reinet || C16=PRETORIUS|WILLEM LODEWYK|Graaff-Reinet || C17=PRETORIUS|HERCULES ALBERTUS|Graaff-Reinet || C18=PRETORIUS ?|JOHANNES LODEWYK WYNAND|Graaff-Reinet || C19=PRETORIUS|MARTINUS WESSEL|Graaff-Reinet || C20=PRETORIUS|ISAAC JOHANNES|Graaff-Reinet || C21=PRETORIUS|JOHANNES JACOBUS|Graaff-Reinet || C22=PRETORIUS|JOHANNES|Graaff-Reinet || C23=PRETORIUS|HENDRIK STEPHANUS DIED|Graaff-Reinet
P0529,C01=PRETORIUS|PETRUS JACOBUS|Graaff-Reinet || C02=PRETORIUS|MICHIEL JACOBUS|Graaff-Reinet || C03=PRETORIUS|ANDRIES WILHELM JACOBUS|Graaff-Reinet || C04=PRETORIUS ?|JOHANNES LODEWYK WYNAND|Graaff-Reinet || C05=PRETORIUS|ROELOF GERHARDUS PETRUS|Graaff-Reinet || C06=PRETORIUS|CHARL|Graaff-Reinet || C07=PRETORIUS|GERT|Graaff-Reinet || C08=PRETORIUS|ANDRIES LODEWYK|Graaff-Reinet || C09=PRETORIUS|MARTINUS WESSEL|Graaff-Reinet || C10=PRETORIUS|WILLEM LODEWYK|Graaff-Reinet || C11=PRETORIUS|HENNING PETRUS NICOLAAS|Graaff-Reinet || C12=PRETORIUS|HERCULES ALBERTUS|Graaff-Reinet || C13=PRETORIUS|LODEWIKUS|Graaff-Reinet || C14=PRETORIUS|CHARLES|Graaff-Reinet || C15=PRETORIUS|ISAAC JOHANNES|Graaff-Reinet || C16=PRETORIUS|HENDRIK STEPHANUS DIED|Graaff-Reinet || C17=PRETORIUS|JOHANNES JACOBUS|Graaff-Reinet || C18=PRETORIUS|CHARL JOHANNES|Graaff-Reinet || C19=PRETORIUS|WILLEM STERRENBERG|Graaff-Reinet || C20=PRETORIUS|JOHANNES LODEWICUS|Graaff-Reinet || C21=PRETORIUS|MATTHYS JACOBUS|Graaff-Reinet || C22=PRETORIUS|PETRUS GERHARDUS|Graaff-Reinet || C23=PRETORIUS|JOHANNES|Graaff-Reinet
P0530,C01=PRETORIUS|WILLEM STERRENBERG|Graaff-Reinet || C02=PRETORIUS|HENNING PETRUS NICOLAAS|Graaff-Reinet || C03=PRETORIUS|MICHIEL JACOBUS|Graaff-Reinet || C04=PRETORIUS|HENDRIK STEPHANUS DIED|Graaff-Reinet || C05=PRETORIUS|JOHANNES JACOBUS|Graaff-Reinet || C06=PRETORIUS ?|JOHANNES LODEWYK WYNAND|Graaff-Reinet || C07=PRETORIUS|ISAAC JOHANNES|Graaff-Reinet || C08=PRETORIUS|MARTINUS WESSEL|Graaff-Reinet || C09=PRETORIUS|PETRUS JACOBUS|Graaff-Reinet || C10=PRETORIUS|CHARL JOHANNES|Graaff-Reinet || C11=PRETORIUS|CHARL|Graaff-Reinet || C12=PRETORIUS|ANDRIES WILHELM JACOBUS|Graaff-Reinet || C13=PRETORIUS|JOHANNES LODEWICUS|Graaff-Reinet || C14=PRETORIUS|HERCULES ALBERTUS|Graaff-Reinet || C15=PRETORIUS|ANDRIES LODEWYK|Graaff-Reinet || C16=PRETORIUS|GERT|Graaff-Reinet || C17=PRETORIUS|CHARLES|Graaff-Reinet || C18=PRETORIUS|JOHANNES|Graaff-Reinet || C19=PRETORIUS|ROELOF GERHARDUS PETRUS|Graaff-Reinet || C20=PRETORIUS|MATTHYS JACOBUS|Graaff-Reinet || C21=PRETORIUS|WILLEM LODEWYK|Graaff-Reinet || C22=PRETORIUS|LODEWIKUS|Graaff-Reinet || C23=PRETORIUS|PETRUS GERHARDUS|Graaff-Reinet
P0531,C01=PRETORIUS|HERCULES ALBERTUS|Graaff-Reinet || C02=PRETORIUS|WILLEM|Somerset || C03=PRETORIUS|MICHIEL JACOBUS|Graaff-Reinet || C04=PRETORIUS|ANDRIES WILHELM JACOBUS|Graaff-Reinet || C05=PRETORIUS|WILLEM LODEWYK|Graaff-Reinet || C06=PRETORIUS ?|JOHANNES LODEWYK WYNAND|Graaff-Reinet || C07=PRETORIUS|HENDRIK STEPHANUS DIED|Graaff-Reinet || C08=PRETORIUS|GERT|Graaff-Reinet || C09=PRETORIUS|WILLEM STERRENBERG|Graaff-Reinet || C10=PRETORIUS|JOHANNES LODEWICUS|Somerset || C11=PRETORIUS|CHARLES|Graaff-Reinet || C12=PRETORIUS|ABRAHAM|Somerset || C13=PRETORIUS|JOHANNES JACOBUS|Graaff-Reinet || C14=PRETORIUS|JOHANNES|Graaff-Reinet || C15=PRETORIUS|PETRUS GERHARDUS|Graaff-Reinet || C16=PRETORIUS|HENNING PETRUS NICOLAAS|Graaff-Reinet || C17=PRETORIUS|JOHANNES LODEWICUS|Graaff-Reinet || C18=PRETORIUS|JOHANNES DIEDERIK|Somerset || C19=PRETORIUS|CHARL JOHANNES|Graaff-Reinet || C20=PRETORIUS|JOHANNES PETRUS|Somerset || C21=PRETORIUS|MARTINUS WESSEL|Graaff-Reinet || C22=PRETORIUS|MATTHYS JACOBUS|Graaff-Reinet || C23=PRETORIUS|ANDRIES LODEWYK|Graaff-Reinet || C24=PRETORIUS|ROELOF GERHARDUS PETRUS|Graaff-Reinet || C25=PRETORIUS|PETRUS JACOBUS|Graaff-Reinet || C26=PRETORIUS|CHARL|Graaff-Reinet || C27=PRETORIUS|LODEWIKUS|Graaff-Reinet || C28=PRETORIUS|HENDRIK STEPHANUS|Somerset || C29=PRETORIUS|ISAAC JOHANNES|Graaff-Reinet || C30=PRETORIUS|LOURENS|Somerset || C31=PRETORIUS|WYNAND JOHANNES|Somerset
P0532,C01=PRETORIUS|JOHANNES|Graaff-Reinet || C02=PRETORIUS|JOHANNES LODEWICUS|Graaff-Reinet || C03=PRETORIUS|WILLEM LODEWYK|Graaff-Reinet || C04=PRETORIUS|LOURENS|Somerset || C05=PRETORIUS|JOHANNES DIEDERIK|Somerset || C06=PRETORIUS|HERCULES ALBERTUS|Graaff-Reinet || C07=PRETORIUS|GERT|Graaff-Reinet || C08=PRETORIUS|HENNING PETRUS NICOLAAS|Graaff-Reinet || C09=PRETORIUS|ANDRIES LODEWYK|Graaff-Reinet || C10=PRETORIUS|WYNAND JOHANNES|Somerset || C11=PRETORIUS ?|JOHANNES LODEWYK WYNAND|Graaff-Reinet || C12=PRETORIUS|PETRUS JACOBUS|Graaff-Reinet || C13=PRETORIUS|HENDRIK STEPHANUS|Somerset || C14=PRETORIUS|JOHANNES JACOBUS|Graaff-Reinet || C15=PRETORIUS|JOHANNES LODEWICUS|Somerset || C16=PRETORIUS|LODEWIKUS|Graaff-Reinet || C17=PRETORIUS|JOHANNES PETRUS|Somerset || C18=PRETORIUS|MICHIEL JACOBUS|Graaff-Reinet || C19=PRETORIUS|CHARL JOHANNES|Graaff-Reinet || C20=PRETORIUS|CHARLES|Graaff-Reinet || C21=PRETORIUS|ABRAHAM|Somerset || C22=PRETORIUS|ISAAC JOHANNES|Graaff-Reinet || C23=PRETORIUS|CHARL|Graaff-Reinet || C24=PRETORIUS|MATTHYS JACOBUS|Graaff-Reinet || C25=PRETORIUS|ROELOF GERHARDUS PETRUS|Graaff-Reinet || C26=PRETORIUS|ANDRIES WILHELM JACOBUS|Graaff-Reinet || C27=PRETORIUS|MARTINUS WESSEL|Graaff-Reinet || C28=PRETORIUS|HENDRIK STEPHANUS DIED|Graaff-Reinet || C29=PRETORIUS|PETRUS GERHARDUS|Graaff-Reinet || C30=PRETORIUS|WILLEM|Somerset || C31=PRETORIUS|WILLEM STERRENBERG|Graaff-Reinet
P0533,C01=PRETORIUS|ANDRIES LODEWYK|Graaff-Reinet || C02=PRETORIUS|ISAAC JOHANNES|Graaff-Reinet || C03=PRETORIUS|MARTINUS WESSEL|Graaff-Reinet || C04=PRETORIUS|CHARL|Graaff-Reinet || C05=PRETORIUS|MATTHYS JACOBUS|Graaff-Reinet || C06=PRETORIUS|WYNAND JOHANNES|Somerset || C07=PRETORIUS|PETRUS GERHARDUS|Graaff-Reinet || C08=PRETORIUS|JOHANNES|Graaff-Reinet || C09=PRETORIUS|JOHANNES JACOBUS|Graaff-Reinet || C10=PRETORIUS|LODEWIKUS|Graaff-Reinet || C11=PRETORIUS|WILLEM STERRENBERG|Graaff-Reinet || C12=PRETORIUS|JOHANNES PETRUS|Somerset || C13=PRETORIUS|JOHANNES DIEDERIK|Somerset || C14=PRETORIUS|CHARLES|Graaff-Reinet || C15=PRETORIUS|JOHANNES LODEWICUS|Somerset || C16=PRETORIUS|HENDRIK STEPHANUS DIED|Graaff-Reinet || C17=PRETORIUS|WILLEM|Somerset || C18=PRETORIUS|ANDRIES WILHELM JACOBUS|Graaff-Reinet || C19=PRETORIUS|MICHIEL JACOBUS|Graaff-Reinet || C20=PRETORIUS|ABRAHAM|Somerset || C21=PRETORIUS|JOHANNES LODEWICUS|Graaff-Reinet || C22=PRETORIUS|LOURENS|Somerset || C23=PRETORIUS|GERT|Graaff-Reinet || C24=PRETORIUS ?|JOHANNES LODEWYK WYNAND|Graaff-Reinet || C25=PRETORIUS|HENNING PETRUS NICOLAAS|Graaff-Reinet || C26=PRETORIUS|CHARL JOHANNES|Graaff-Reinet || C27=PRETORIUS|HENDRIK STEPHANUS|Somerset || C28=PRETORIUS|HERCULES ALBERTUS|Graaff-Reinet || C29=PRETORIUS|WILLEM LODEWYK|Graaff-Reinet || C30=PRETORIUS|ROELOF GERHARDUS PETRUS|Graaff-Reinet || C31=PRETORIUS|PETRUS JACOBUS|Graaff-Reinet
P0534,C01=PRETORIUS|HERCULES ALBERTUS|Graaff-Reinet || C02=PRETORIUS|JOHANNES JACOBUS|Graaff-Reinet || C03=PRETORIUS|CHARLES|Graaff-Reinet || C04=PRETORIUS|LODEWIKUS|Graaff-Reinet || C05=PRETORIUS|WILLEM STERRENBERG|Graaff-Reinet || C06=PRETORIUS|HENNING PETRUS NICOLAAS|Graaff-Reinet || C07=PRETORIUS|ANDRIES WILHELM JACOBUS|Graaff-Reinet || C08=PRETORIUS|HENDRIK STEPHANUS DIED|Graaff-Reinet || C09=PRETORIUS|MATTHYS JACOBUS|Graaff-Reinet || C10=PRETORIUS|PETRUS JACOBUS|Graaff-Reinet || C11=PRETORIUS|GERT|Graaff-Reinet || C12=PRETORIUS|ISAAC JOHANNES|Graaff-Reinet || C13=PRETORIUS|ROELOF GERHARDUS PETRUS|Graaff-Reinet || C14=PRETORIUS|CHARL|Graaff-Reinet || C15=PRETORIUS|WILLEM LODEWYK|Graaff-Reinet || C16=PRETORIUS|ANDRIES LODEWYK|Graaff-Reinet || C17=PRETORIUS ?|JOHANNES LODEWYK WYNAND|Graaff-Reinet || C18=PRETORIUS|JOHANNES|Graaff-Reinet || C19=PRETORIUS|CHARL JOHANNES|Graaff-Reinet || C20=PRETORIUS|PETRUS GERHARDUS|Graaff-Reinet || C21=PRETORIUS|MARTINUS WESSEL|Graaff-Reinet || C22=PRETORIUS|JOHANNES LODEWICUS|Graaff-Reinet || C23=PRETORIUS|MICHIEL JACOBUS|Graaff-Reinet
P0535,C01=PRETORIUS|GERT|Graaff-Reinet || C02=PRETORIUS|MICHIEL JACOBUS|Graaff-Reinet || C03=PRETORIUS|JOHANNES|Graaff-Reinet || C04=PRETORIUS|ROELOF GERHARDUS PETRUS|Graaff-Reinet || C05=PRETORIUS|JOHANNES LODEWICUS|Graaff-Reinet || C06=PRETORIUS|ISAAC JOHANNES|Graaff-Reinet || C07=PRETORIUS|PETRUS GERHARDUS|Graaff-Reinet || C08=PRETORIUS|CHARLES|Graaff-Reinet || C09=PRETORIUS|JOHANNES JACOBUS|Graaff-Reinet || C10=PRETORIUS|ANDRIES LODEWYK|Graaff-Reinet || C11=PRETORIUS|ANDRIES WILHELM JACOBUS|Graaff-Reinet || C12=PRETORIUS|HENNING PETRUS NICOLAAS|Graaff-Reinet || C13=PRETORIUS|WILLEM STERRENBERG|Graaff-Reinet || C14=PRETORIUS|PETRUS JACOBUS|Graaff-Reinet || C15=PRETORIUS|CHARL|Graaff-Reinet || C16=PRETORIUS|WILLEM LODEWYK|Graaff-Reinet || C17=PRETORIUS|CHARL JOHANNES|Graaff-Reinet || C18=PRETORIUS|MATTHYS JACOBUS|Graaff-Reinet || C19=PRETORIUS ?|JOHANNES LODEWYK WYNAND|Graaff-Reinet || C20=PRETORIUS|HENDRIK STEPHANUS DIED|Graaff-Reinet || C21=PRETORIUS|HERCULES ALBERTUS|Graaff-Reinet || C22=PRETORIUS|LODEWIKUS|Graaff-Reinet || C23=PRETORIUS|MARTINUS WESSEL|Graaff-Reinet
P0536,C01=PRETORIUS|ANDRIES WILHELM JACOBUS|Graaff-Reinet || C02=PRETORIUS|MATTHYS JACOBUS|Graaff-Reinet || C03=PRETORIUS|LODEWIKUS|Graaff-Reinet || C04=PRETORIUS|CHARL JOHANNES|Graaff-Reinet || C05=PRETORIUS|JOHANNES|Graaff-Reinet || C06=PRETORIUS|PETRUS JACOBUS|Graaff-Reinet || C07=PRETORIUS|CHARLES|Graaff-Reinet || C08=PRETORIUS|ISAAC JOHANNES|Graaff-Reinet || C09=PRETORIUS|ANDRIES LODEWYK|Graaff-Reinet || C10=PRETORIUS|MICHIEL JACOBUS|Graaff-Reinet || C11=PRETORIUS|CHARL|Graaff-Reinet || C12=PRETORIUS|WILLEM LODEWYK|Graaff-Reinet || C13=PRETORIUS|JOHANNES JACOBUS|Graaff-Reinet || C14=PRETORIUS|MARTINUS WESSEL|Graaff-Reinet || C15=PRETORIUS|HERCULES ALBERTUS|Graaff-Reinet || C16=PRETORIUS|HENDRIK STEPHANUS DIED|Graaff-Reinet || C17=PRETORIUS|PETRUS GERHARDUS|Graaff-Reinet || C18=PRETORIUS|GERT|Graaff-Reinet || C19=PRETORIUS|WILLEM STERRENBERG|Graaff-Reinet || C20=PRETORIUS|JOHANNES LODEWICUS|Graaff-Reinet || C21=PRETORIUS|ROELOF GERHARDUS PETRUS|Graaff-Reinet || C22=PRETORIUS ?|JOHANNES LODEWYK WYNAND|Graaff-Reinet || C23=PRETORIUS|HENNING PETRUS NICOLAAS|Graaff-Reinet
P0537,C01=PRETORIUS|JOHANNES LODEWICUS|Graaff-Reinet || C02=PRETORIUS|MARTINUS WESSEL|Graaff-Reinet || C03=PRETORIUS|CHARL JOHANNES|Graaff-Reinet || C04=PRETORIUS|ROELOF GERHARDUS PETRUS|Graaff-Reinet || C05=PRETORIUS|HENDRIK STEPHANUS DIED|Graaff-Reinet || C06=PRETORIUS|GERT|Graaff-Reinet || C07=PRETORIUS|ANDRIES LODEWYK|Graaff-Reinet || C08=PRETORIUS|LODEWIKUS|Graaff-Reinet || C09=PRETORIUS|HENNING PETRUS NICOLAAS|Graaff-Reinet || C10=PRETORIUS|CHARL|Graaff-Reinet || C11=PRETORIUS|ISAAC JOHANNES|Graaff-Reinet || C12=PRETORIUS|PETRUS GERHARDUS|Graaff-Reinet || C13=PRETORIUS|PETRUS JACOBUS|Graaff-Reinet || C14=PRETORIUS|WILLEM STERRENBERG|Graaff-Reinet || C15=PRETORIUS|ANDRIES WILHELM JACOBUS|Graaff-Reinet || C16=PRETORIUS|CHARLES|Graaff-Reinet || C17=PRETORIUS|MICHIEL JACOBUS|Graaff-Reinet || C18=PRETORIUS|HERCULES ALBERTUS|Graaff-Reinet || C19=PRETORIUS|JOHANNES JACOBUS|Graaff-Reinet || C20=PRETORIUS|WILLEM LODEWYK|Graaff-Reinet || C21=PRETORIUS ?|JOHANNES LODEWYK WYNAND|Graaff-Reinet || C22=PRETORIUS|MATTHYS JACOBUS|Graaff-Reinet || C23=PRETORIUS|JOHANNES|Graaff-Reinet
P0538,C01=PRETORIUS|ROELOF GERHARDUS PETRUS|Graaff-Reinet || C02=PRETORIUS|HENNING PETRUS NICOLAAS|Graaff-Reinet || C03=PRETORIUS|WILLEM LODEWYK|Graaff-Reinet || C04=PRETORIUS|MARTINUS WESSEL|Graaff-Reinet || C05=PRETORIUS|JOHANNES LODEWICUS|Graaff-Reinet || C06=PRETORIUS|JOHANNES|Graaff-Reinet || C07=PRETORIUS|ANDRIES LODEWYK|Graaff-Reinet || C08=PRETORIUS|WILLEM STERRENBERG|Graaff-Reinet || C09=PRETORIUS|LODEWIKUS|Graaff-Reinet || C10=PRETORIUS|HERCULES ALBERTUS|Graaff-Reinet || C11=PRETORIUS|PETRUS JACOBUS|Graaff-Reinet || C12=PRETORIUS|ANDRIES WILHELM JACOBUS|Graaff-Reinet || C13=PRETORIUS|CHARL|Graaff-Reinet || C14=PRETORIUS|HENDRIK STEPHANUS DIED|Graaff-Reinet || C15=PRETORIUS|GERT|Graaff-Reinet || C16=PRETORIUS ?|JOHANNES LODEWYK WYNAND|Graaff-Reinet || C17=PRETORIUS|MICHIEL JACOBUS|Graaff-Reinet || C18=PRETORIUS|PETRUS GERHARDUS|Graaff-Reinet || C19=PRETORIUS|MATTHYS JACOBUS|Graaff-Reinet || C20=PRETORIUS|JOHANNES JACOBUS|Graaff-Reinet || C21=PRETORIUS|CHARLES|Graaff-Reinet || C22=PRETORIUS|ISAAC JOHANNES|Graaff-Reinet || C23=PRETORIUS|CHARL JOHANNES|Graaff-Reinet
P0539,C01=PRETORIUS ?|JOHANNES LODEWYK WYNAND|Graaff-Reinet || C02=PRETORIUS|CHARL JOHANNES|Graaff-Reinet || C03=PRETORIUS|JOHANNES|Graaff-Reinet || C04=PRETORIUS|CHARLES|Graaff-Reinet || C05=PRETORIUS|JOHANNES JACOBUS|Graaff-Reinet || C06=PRETORIUS|HERCULES ALBERTUS|Graaff-Reinet || C07=PRETORIUS|PETRUS JACOBUS|Graaff-Reinet || C08=PRETORIUS|PETRUS GERHARDUS|Graaff-Reinet || C09=PRETORIUS|MARTINUS WESSEL|Graaff-Reinet || C10=PRETORIUS|WILLEM STERRENBERG|Graaff-Reinet || C11=PRETORIUS|LODEWIKUS|Graaff-Reinet || C12=PRETORIUS|GERT|Graaff-Reinet || C13=PRETORIUS|JOHANNES LODEWICUS|Graaff-Reinet || C14=PRETORIUS|CHARL|Graaff-Reinet || C15=PRETORIUS|MATTHYS JACOBUS|Graaff-Reinet || C16=PRETORIUS|ANDRIES LODEWYK|Graaff-Reinet || C17=PRETORIUS|MICHIEL JACOBUS|Graaff-Reinet || C18=PRETORIUS|ISAAC JOHANNES|Graaff-Reinet || C19=PRETORIUS|ANDRIES WILHELM JACOBUS|Graaff-Reinet || C20=PRETORIUS|ROELOF GERHARDUS PETRUS|Graaff-Reinet || C21=PRETORIUS|WILLEM LODEWYK|Graaff-Reinet || C22=PRETORIUS|HENNING PETRUS NICOLAAS|Graaff-Reinet || C23=PRETORIUS|HENDRIK STEPHANUS DIED|Graaff-Reinet
P0540,C01=PRETORIUS|HENNING PETRUS NICOLAAS|Graaff-Reinet || C02=PRETORIUS|WILLEM STERRENBERG|Graaff-Reinet || C03=PRETORIUS|MATTHYS JACOBUS|Graaff-Reinet || C04=PRETORIUS|LODEWIKUS|Graaff-Reinet || C05=PRETORIUS|PETRUS JACOBUS|Graaff-Reinet || C06=PRETORIUS|HERCULES ALBERTUS|Graaff-Reinet || C07=PRETORIUS|GERT|Graaff-Reinet || C08=PRETORIUS|WILLEM LODEWYK|Graaff-Reinet || C09=PRETORIUS|CHARL|Graaff-Reinet || C10=PRETORIUS|CHARLES|Graaff-Reinet || C11=PRETORIUS|MARTINUS WESSEL|Graaff-Reinet || C12=PRETORIUS|JOHANNES|Graaff-Reinet || C13=PRETORIUS|PETRUS GERHARDUS|Graaff-Reinet || C14=PRETORIUS ?|JOHANNES LODEWYK WYNAND|Graaff-Reinet || C15=PRETORIUS|ISAAC JOHANNES|Graaff-Reinet || C16=PRETORIUS|ANDRIES WILHELM JACOBUS|Graaff-Reinet || C17=PRETORIUS|ROELOF GERHARDUS PETRUS|Graaff-Reinet || C18=PRETORIUS|ANDRIES LODEWYK|Graaff-Reinet || C19=PRETORIUS|JOHANNES LODEWICUS|Graaff-Reinet || C20=PRETORIUS|CHARL JOHANNES|Graaff-Reinet || C21=PRETORIUS|HENDRIK STEPHANUS DIED|Graaff-Reinet || C22=PRETORIUS|JOHANNES JACOBUS|Graaff-Reinet || C23=PRETORIUS|MICHIEL JACOBUS|Graaff-Reinet
P0541,C01=PRETORIUS|WILLEM LODEWYK|Graaff-Reinet || C02=PRETORIUS|PETRUS JACOBUS|Graaff-Reinet || C03=PRETORIUS|ANDRIES WILHELM JACOBUS|Graaff-Reinet || C04=PRETORIUS|WILLEM STERRENBERG|Graaff-Reinet || C05=PRETORIUS|MATTHYS JACOBUS|Graaff-Reinet || C06=PRETORIUS|HERCULES ALBERTUS|Graaff-Reinet || C07=PRETORIUS ?|JOHANNES LODEWYK WYNAND|Graaff-Reinet || C08=PRETORIUS|MICHIEL JACOBUS|Graaff-Reinet || C09=PRETORIUS|MARTINUS WESSEL|Graaff-Reinet || C10=PRETORIUS|HENDRIK STEPHANUS DIED|Graaff-Reinet || C11=PRETORIUS|LODEWIKUS|Graaff-Reinet || C12=PRETORIUS|HENNING PETRUS NICOLAAS|Graaff-Reinet || C13=PRETORIUS|CHARLES|Graaff-Reinet || C14=PRETORIUS|PETRUS GERHARDUS|Graaff-Reinet || C15=PRETORIUS|GERT|Graaff-Reinet || C16=PRETORIUS|ANDRIES LODEWYK|Graaff-Reinet || C17=PRETORIUS|JOHANNES|Graaff-Reinet || C18=PRETORIUS|JOHANNES JACOBUS|Graaff-Reinet || C19=PRETORIUS|JOHANNES LODEWICUS|Graaff-Reinet || C20=PRETORIUS|CHARL|Graaff-Reinet || C21=PRETORIUS|CHARL JOHANNES|Graaff-Reinet || C22=PRETORIUS|ISAAC JOHANNES|Graaff-Reinet || C23=PRETORIUS|ROELOF GERHARDUS PETRUS|Graaff-Reinet
P0542,C01=PRETORIUS|HERCULES ALBERTUS|Graaff-Reinet || C02=PRETORIUS|CHARL JOHANNES|Graaff-Reinet || C03=PRETORIUS ?|JOHANNES LODEWYK WYNAND|Graaff-Reinet || C04=PRETORIUS|MARTINUS WESSEL|Graaff-Reinet || C05=PRETORIUS|MICHIEL JACOBUS|Graaff-Reinet || C06=PRETORIUS|ANDRIES WILHELM JACOBUS|Graaff-Reinet || C07=PRETORIUS|LODEWIKUS|Graaff-Reinet || C08=PRETORIUS|WILLEM STERRENBERG|Graaff-Reinet || C09=PRETORIUS|ROELOF GERHARDUS PETRUS|Graaff-Reinet || C10=PRETORIUS|GERT|Graaff-Reinet || C11=PRETORIUS|CHARL|Graaff-Reinet || C12=PRETORIUS|WILLEM LODEWYK|Graaff-Reinet || C13=PRETORIUS|JOHANNES LODEWICUS|Graaff-Reinet || C14=PRETORIUS|JOHANNES|Graaff-Reinet || C15=PRETORIUS|HENNING PETRUS NICOLAAS|Graaff-Reinet || C16=PRETORIUS|CHARLES|Graaff-Reinet || C17=PRETORIUS|ANDRIES LODEWYK|Graaff-Reinet || C18=PRETORIUS|HENDRIK STEPHANUS DIED|Graaff-Reinet || C19=PRETORIUS|PETRUS GERHARDUS|Graaff-Reinet || C20=PRETORIUS|PETRUS JACOBUS|Graaff-Reinet || C21=PRETORIUS|ISAAC JOHANNES|Graaff-Reinet || C22=PRETORIUS|JOHANNES JACOBUS|Graaff-Reinet || C23=PRETORIUS|MATTHYS JACOBUS|Graaff-Reinet
P0543,C01=PRETORIUS|ANDRIES LODEWYK|Graaff-Reinet || C02=PRETORIUS|CHARL JOHANNES|Graaff-Reinet || C03=PRETORIUS|CHARL|Graaff-Reinet || C04=PRETORIUS|CHARLES|Graaff-Reinet || C05=PRETORIUS|MARTINUS WESSEL|Graaff-Reinet || C06=PRETORIUS|JOHANNES JACOBUS|Graaff-Reinet || C07=PRETORIUS ?|JOHANNES LODEWYK WYNAND|Graaff-Reinet || C08=PRETORIUS|WILLEM LODEWYK|Graaff-Reinet || C09=PRETORIUS|HERCULES ALBERTUS|Graaff-Reinet || C10=PRETORIUS|HENDRIK STEPHANUS DIED|Graaff-Reinet || C11=PRETORIUS|JOHANNES|Graaff-Reinet || C12=PRETORIUS|JOHANNES LODEWICUS|Graaff-Reinet || C13=PRETORIUS|PETRUS JACOBUS|Graaff-Reinet || C14=PRETORIUS|PETRUS GERHARDUS|Graaff-Reinet || C15=PRETORIUS|MICHIEL JACOBUS|Graaff-Reinet || C16=PRETORIUS|HENNING PETRUS NICOLAAS|Graaff-Reinet || C17=PRETORIUS|MATTHYS JACOBUS|Graaff-Reinet || C18=PRETORIUS|ROELOF GERHARDUS PETRUS|Graaff-Reinet || C19=PRETORIUS|ANDRIES WILHELM JACOBUS|Graaff-Reinet || C20=PRETORIUS|GERT|Graaff-Reinet || C21=PRETORIUS|ISAAC JOHANNES|Graaff-Reinet || C22=PRETORIUS|LODEWIKUS|Graaff-Reinet || C23=PRETORIUS|WILLEM STERRENBERG|Graaff-Reinet
P0544,C01=PRETORIUS|JOHANNES|Graaff-Reinet || C02=PRETORIUS|JOHANNES LODEWICUS|Graaff-Reinet || C03=PRETORIUS|GERT|Graaff-Reinet || C04=PRETORIUS|PETRUS JACOBUS|Graaff-Reinet || C05=PRETORIUS|ROELOF GERHARDUS PETRUS|Graaff-Reinet || C06=PRETORIUS|MARTINUS WESSEL|Graaff-Reinet || C07=PRETORIUS|MICHIEL JACOBUS|Graaff-Reinet || C08=PRETORIUS|JOHANNES JACOBUS|Graaff-Reinet || C09=PRETORIUS|HENNING PETRUS NICOLAAS|Graaff-Reinet || C10=PRETORIUS|MATTHYS JACOBUS|Graaff-Reinet || C11=PRETORIUS ?|JOHANNES LODEWYK WYNAND|Graaff-Reinet || C12=PRETORIUS|LODEWIKUS|Graaff-Reinet || C13=PRETORIUS|WILLEM LODEWYK|Graaff-Reinet || C14=PRETORIUS|PETRUS GERHARDUS|Graaff-Reinet || C15=PRETORIUS|HENDRIK STEPHANUS DIED|Graaff-Reinet || C16=PRETORIUS|WILLEM STERRENBERG|Graaff-Reinet || C17=PRETORIUS|CHARL JOHANNES|Graaff-Reinet || C18=PRETORIUS|CHARLES|Graaff-Reinet || C19=PRETORIUS|CHARL|Graaff-Reinet || C20=PRETORIUS|ANDRIES LODEWYK|Graaff-Reinet || C21=PRETORIUS|HERCULES ALBERTUS|Graaff-Reinet || C22=PRETORIUS|ANDRIES WILHELM JACOBUS|Graaff-Reinet || C23=PRETORIUS|ISAAC JOHANNES|Graaff-Reinet
P0545,C01=PRETORIUS|PETRUS GERHARDUS|Graaff-Reinet || C02=PRETORIUS|HENDRIK STEPHANUS|Somerset || C03=PRETORIUS|WILLEM|Somerset || C04=PRETORIUS ?|JOHANNES LODEWYK WYNAND|Graaff-Reinet || C05=PRETORIUS|JOHANNES|Graaff-Reinet || C06=PRETORIUS|JOHANNES PETRUS|Somerset || C07=PRETORIUS|ANDRIES WILHELM JACOBUS|Graaff-Reinet || C08=PRETORIUS|ROELOF GERHARDUS PETRUS|Graaff-Reinet || C09=PRETORIUS|HENDRIK STEPHANUS DIED|Graaff-Reinet || C10=PRETORIUS|HERCULES ALBERTUS|Graaff-Reinet || C11=PRETORIUS|WILLEM LODEWYK|Graaff-Reinet || C12=PRETORIUS|WYNAND JOHANNES|Somerset || C13=PRETORIUS|JOHANNES JACOBUS|Graaff-Reinet || C14=PRETORIUS|MATTHYS JACOBUS|Graaff-Reinet || C15=PRETORIUS|ISAAC JOHANNES|Graaff-Reinet || C16=PRETORIUS|WILLEM STERRENBERG|Graaff-Reinet || C17=PRETORIUS|CHARLES|Graaff-Reinet || C18=PRETORIUS|CHARL|Graaff-Reinet || C19=PRETORIUS|JOHANNES DIEDERIK|Somerset || C20=PRETORIUS|GERT|Graaff-Reinet || C21=PRETORIUS|MICHIEL JACOBUS|Graaff-Reinet || C22=PRETORIUS|LODEWIKUS|Graaff-Reinet || C23=PRETORIUS|MARTINUS WESSEL|Graaff-Reinet || C24=PRETORIUS|JOHANNES LODEWICUS|Somerset || C25=PRETORIUS|ANDRIES LODEWYK|Graaff-Reinet || C26=PRETORIUS|PETRUS JACOBUS|Graaff-Reinet || C27=PRETORIUS|JOHANNES LODEWICUS|Graaff-Reinet || C28=PRETORIUS|LOURENS|Somerset || C29=PRETORIUS|CHARL JOHANNES|Graaff-Reinet || C30=PRETORIUS|ABRAHAM|Somerset || C31=PRETORIUS|HENNING PETRUS NICOLAAS|Graaff-Reinet
P0546,C01=PRINSLOO|HENDRIK FREDERIK|Somerset || C02=PRINSLOO|MARTINUS PETRUS|Uitenhage || C03=PRINSLOO|WILLEM JACOBUS|Somerset || C04=PRINSLOO|WILLEM PETRUS|Somerset || C05=PRINSLOO|JOACHIM|Uitenhage || C06=PRINSLOO|PIETER WILLEM|Somerset || C07=PRINSLOO|JOCHEMUS JOHANNES|Somerset || C08=PRINSLOO|PETRUS JOCHEMUS|Somerset || C09=PRINSLOO|NICOLAAS MARTINUS|Uitenhage || C10=PRINSLOO|HENDRIK FREDERIK|Uitenhage
P0547,C01=PRINSLOO|NICOLAAS MARTINUS|Uitenhage || C02=PRINSLOO|MARTINUS PETRUS|Uitenhage || C03=PRINSLOO|WILLEM PETRUS|Somerset || C04=PRINSLOO|JOACHIM|Uitenhage || C05=PRINSLOO|HENDRIK FREDERIK|Somerset || C06=PRINSLOO|PIETER WILLEM|Somerset || C07=PRINSLOO|PETRUS JOCHEMUS|Somerset || C08=PRINSLOO|WILLEM JACOBUS|Somerset || C09=PRINSLOO|JOCHEMUS JOHANNES|Somerset || C10=PRINSLOO|HENDRIK FREDERIK|Uitenhage
P0548,C01=PRINSLOO|PETRUS JOCHEMUS|Somerset || C02=PRINSLOO|NICOLAAS MARTINUS|Uitenhage || C03=PRINSLOO|PIETER WILLEM|Somerset || C04=PRINSLOO|JOACHIM|Uitenhage || C05=PRINSLOO|HENDRIK FREDERIK|Somerset || C06=PRINSLOO|JOCHEMUS JOHANNES|Somerset || C07=PRINSLOO|HENDRIK FREDERIK|Uitenhage || C08=PRINSLOO|WILLEM JACOBUS|Somerset || C09=PRINSLOO|WILLEM PETRUS|Somerset || C10=PRINSLOO|MARTINUS PETRUS|Uitenhage
P0549,C01=PRINSLOO|JOACHIM|Uitenhage || C02=PRINSLOO|NICOLAAS MARTINUS|Uitenhage || C03=PRINSLOO|HENDRIK FREDERIK|Somerset || C04=PRINSLOO|JOCHEMUS JOHANNES|Somerset || C05=PRINSLOO|HENDRIK FREDERIK|Uitenhage || C06=PRINSLOO|WILLEM JACOBUS|Somerset || C07=PRINSLOO|WILLEM PETRUS|Somerset || C08=PRINSLOO|PIETER WILLEM|Somerset || C09=PRINSLOO|PETRUS JOCHEMUS|Somerset || C10=PRINSLOO|MARTINUS PETRUS|Uitenhage
P0550,C01=PRINSLOO|WILLEM JACOBUS|Somerset || C02=PRINSLOO|PETRUS JOCHEMUS|Somerset || C03=PRINSLOO|HENDRIK FREDERIK|Somerset || C04=PRINSLOO|WILLEM PETRUS|Somerset || C05=PRINSLOO|NICOLAAS MARTINUS|Uitenhage || C06=PRINSLOO|HENDRIK FREDERIK|Uitenhage || C07=PRINSLOO|JOACHIM|Uitenhage || C08=PRINSLOO|MARTINUS PETRUS|Uitenhage || C09=PRINSLOO|JOCHEMUS JOHANNES|Somerset || C10=PRINSLOO|PIETER WILLEM|Somerset
P0551,C01=PRINSLOO|JOACHIM|Uitenhage || C02=PRINSLOO|WILLEM JACOBUS|Somerset || C03=PRINSLOO|PETRUS JOCHEMUS|Somerset || C04=PRINSLOO|HENDRIK FREDERIK|Uitenhage || C05=PRINSLOO|JOCHEMUS JOHANNES|Somerset || C06=PRINSLOO|HENDRIK FREDERIK|Somerset || C07=PRINSLOO|NICOLAAS MARTINUS|Uitenhage || C08=PRINSLOO|PIETER WILLEM|Somerset || C09=PRINSLOO|MARTINUS PETRUS|Uitenhage || C10=PRINSLOO|WILLEM PETRUS|Somerset
P0552,C01=PRINSLOO|HENDRIK FREDERIK|Uitenhage || C02=PRINSLOO|PETRUS JOCHEMUS|Somerset || C03=PRINSLOO|JOCHEMUS JOHANNES|Somerset || C04=PRINSLOO|JOACHIM|Uitenhage || C05=PRINSLOO|MARTINUS PETRUS|Uitenhage || C06=PRINSLOO|WILLEM JACOBUS|Somerset || C07=PRINSLOO|PIETER WILLEM|Somerset || C08=PRINSLOO|NICOLAAS MARTINUS|Uitenhage || C09=PRINSLOO|WILLEM PETRUS|Somerset || C10=PRINSLOO|HENDRIK FREDERIK|Somerset
P0553,C01=PRINSLOO|JOACHIM|Uitenhage || C02=PRINSLOO|PIETER WILLEM|Somerset || C03=PRINSLOO|JOCHEMUS JOHANNES|Somerset || C04=PRINSLOO|HENDRIK FREDERIK|Uitenhage || C05=PRINSLOO|HENDRIK FREDERIK|Somerset || C06=PRINSLOO|WILLEM JACOBUS|Somerset || C07=PRINSLOO|WILLEM PETRUS|Somerset || C08=PRINSLOO|NICOLAAS MARTINUS|Uitenhage || C09=PRINSLOO|MARTINUS PETRUS|Uitenhage || C10=PRINSLOO|PETRUS JOCHEMUS|Somerset
P0554,C01=PRINSLOO|JOCHEMUS JOHANNES|Somerset || C02=PRINSLOO|PIETER WILLEM|Somerset || C03=PRINSLOO|NICOLAAS MARTINUS|Uitenhage || C04=PRINSLOO|WILLEM JACOBUS|Somerset || C05=PRINSLOO|WILLEM PETRUS|Somerset || C06=PRINSLOO|PETRUS JOCHEMUS|Somerset || C07=PRINSLOO|HENDRIK FREDERIK|Uitenhage || C08=PRINSLOO|HENDRIK FREDERIK|Somerset || C09=PRINSLOO|JOACHIM|Uitenhage || C10=PRINSLOO|MARTINUS PETRUS|Uitenhage
P0555,C01=PRINSLOO|PETRUS JOCHEMUS|Somerset || C02=PRINSLOO|MARTINUS PETRUS|Uitenhage || C03=PRINSLOO|PIETER WILLEM|Somerset || C04=PRINSLOO|NICOLAAS MARTINUS|Uitenhage || C05=PRINSLOO|WILLEM JACOBUS|Somerset || C06=PRINSLOO|WILLEM PETRUS|Somerset || C07=PRINSLOO|HENDRIK FREDERIK|Somerset || C08=PRINSLOO|HENDRIK FREDERIK|Uitenhage || C09=PRINSLOO|JOACHIM|Uitenhage || C10=PRINSLOO|JOCHEMUS JOHANNES|Somerset
P0556,C01=PRINSLOO|JOCHEMUS JOHANNES|Somerset || C02=PRINSLOO|PETRUS JOCHEMUS|Somerset || C03=PRINSLOO|PIETER WILLEM|Somerset || C04=PRINSLOO|WILLEM JACOBUS|Somerset || C05=PRINSLOO|JOACHIM|Uitenhage || C06=PRINSLOO|HENDRIK FREDERIK|Uitenhage || C07=PRINSLOO|WILLEM PETRUS|Somerset || C08=PRINSLOO|MARTINUS PETRUS|Uitenhage || C09=PRINSLOO|HENDRIK FREDERIK|Somerset || C10=PRINSLOO|NICOLAAS MARTINUS|Uitenhage
P0557,C01=PRINSLOO|NICOLAAS MARTINUS|Uitenhage || C02=PRINSLOO|PIETER WILLEM|Somerset || C03=PRINSLOO|PETRUS JOCHEMUS|Somerset || C04=PRINSLOO|WILLEM JACOBUS|Somerset || C05=PRINSLOO|HENDRIK FREDERIK|Somerset || C06=PRINSLOO|HENDRIK FREDERIK|Uitenhage || C07=PRINSLOO|JOACHIM|Uitenhage || C08=PRINSLOO|MARTINUS PETRUS|Uitenhage || C09=PRINSLOO|WILLEM PETRUS|Somerset || C10=PRINSLOO|JOCHEMUS JOHANNES|Somerset
P0558,C01=PRINSLOO|WILLEM JACOBUS|Somerset || C02=PRINSLOO|WILLEM PETRUS|Somerset || C03=PRINSLOO|JOCHEMUS JOHANNES|Somerset || C04=PRINSLOO|HENDRIK FREDERIK|Uitenhage || C05=PRINSLOO|MARTINUS PETRUS|Uitenhage || C06=PRINSLOO|HENDRIK FREDERIK|Somerset || C07=PRINSLOO|PETRUS JOCHEMUS|Somerset || C08=PRINSLOO|PIETER WILLEM|Somerset || C09=PRINSLOO|NICOLAAS MARTINUS|Uitenhage || C10=PRINSLOO|JOACHIM|Uitenhage
P0559,C01=PRINSLOO|WILLEM PETRUS|Somerset || C02=PRINSLOO|HENDRIK FREDERIK|Uitenhage || C03=PRINSLOO|JOCHEMUS JOHANNES|Somerset || C04=PRINSLOO|NICOLAAS MARTINUS|Uitenhage || C05=PRINSLOO|PIETER WILLEM|Somerset || C06=PRINSLOO|PETRUS JOCHEMUS|Somerset || C07=PRINSLOO|HENDRIK FREDERIK|Somerset || C08=PRINSLOO|JOACHIM|Uitenhage || C09=PRINSLOO|MARTINUS PETRUS|Uitenhage || C10=PRINSLOO|WILLEM JACOBUS|Somerset
P0560,C01=PRINSLOO|HENDRIK FREDERIK|Uitenhage || C02=PRINSLOO|JOACHIM|Uitenhage || C03=PRINSLOO|PIETER WILLEM|Somerset || C04=PRINSLOO|MARTINUS PETRUS|Uitenhage || C05=PRINSLOO|HENDRIK FREDERIK|Somerset || C06=PRINSLOO|PETRUS JOCHEMUS|Somerset || C07=PRINSLOO|JOCHEMUS JOHANNES|Somerset || C08=PRINSLOO|WILLEM JACOBUS|Somerset || C09=PRINSLOO|WILLEM PETRUS|Somerset || C10=PRINSLOO|NICOLAAS MARTINUS|Uitenhage
P0561,C01=PRINSLOO|HENDRIK FREDERIK|Somerset || C02=PRINSLOO|NICOLAAS MARTINUS|Uitenhage || C03=PRINSLOO|JOACHIM|Uitenhage || C04=PRINSLOO|WILLEM PETRUS|Somerset || C05=PRINSLOO|JOCHEMUS JOHANNES|Somerset || C06=PRINSLOO|PETRUS JOCHEMUS|Somerset || C07=PRINSLOO|PIETER WILLEM|Somerset || C08=PRINSLOO|WILLEM JACOBUS|Somerset || C09=PRINSLOO|HENDRIK FREDERIK|Uitenhage || C10=PRINSLOO|MARTINUS PETRUS|Uitenhage
P0562,C01=PRINSLOO|JOACHIM|Uitenhage || C02=PRINSLOO|NICOLAAS MARTINUS|Uitenhage || C03=PRINSLOO|WILLEM JACOBUS|Somerset || C04=PRINSLOO|JOCHEMUS JOHANNES|Somerset || C05=PRINSLOO|PETRUS JOCHEMUS|Somerset || C06=PRINSLOO|HENDRIK FREDERIK|Somerset || C07=PRINSLOO|WILLEM PETRUS|Somerset || C08=PRINSLOO|PIETER WILLEM|Somerset || C09=PRINSLOO|MARTINUS PETRUS|Uitenhage || C10=PRINSLOO|HENDRIK FREDERIK|Uitenhage
P0563,C01=PRINSLOO|JOACHIM|Uitenhage || C02=PRINSLOO|HENDRIK FREDERIK|Somerset || C03=PRINSLOO|PETRUS JOCHEMUS|Somerset || C04=PRINSLOO|PIETER WILLEM|Somerset || C05=PRINSLOO|HENDRIK FREDERIK|Uitenhage || C06=PRINSLOO|NICOLAAS MARTINUS|Uitenhage || C07=PRINSLOO|JOCHEMUS JOHANNES|Somerset || C08=PRINSLOO|WILLEM JACOBUS|Somerset || C09=PRINSLOO|MARTINUS PETRUS|Uitenhage || C10=PRINSLOO|WILLEM PETRUS|Somerset
P0564,C01=PRINSLOO|HENDRIK FREDERIK|Uitenhage || C02=PRINSLOO|NICOLAAS MARTINUS|Uitenhage || C03=PRINSLOO|PETRUS JOCHEMUS|Somerset || C04=PRINSLOO|MARTINUS PETRUS|Uitenhage || C05=PRINSLOO|WILLEM JACOBUS|Somerset || C06=PRINSLOO|WILLEM PETRUS|Somerset || C07=PRINSLOO|JOCHEMUS JOHANNES|Somerset || C08=PRINSLOO|HENDRIK FREDERIK|Somerset || C09=PRINSLOO|PIETER WILLEM|Somerset || C10=PRINSLOO|JOACHIM|Uitenhage
P0565,C01=PRINSLOO|NICOLAAS MARTINUS|Uitenhage || C02=PRINSLOO|MARTINUS PETRUS|Uitenhage || C03=PRINSLOO|JOACHIM|Uitenhage || C04=PRINSLOO|HENDRIK FREDERIK|Uitenhage
P0566,C01=PRINSLOO|HENDRIK FREDERIK|Uitenhage || C02=PRINSLOO|JOACHIM|Uitenhage || C03=PRINSLOO|MARTINUS PETRUS|Uitenhage || C04=PRINSLOO|NICOLAAS MARTINUS|Uitenhage
P0567,C01=PRINSLOO|NICOLAAS MATTHEUS|George || C02=PRINSLOO|JOACHIM JOHANNES|George
P0568,C01=PRINSLOO|MARTINUS HENDRIK|Swellendam || C02=PRINSLOO|NICOLAAS|Swellendam || C03=PRINSLOO|MARTINUS|Swellendam
P0569,C01=PUTTER|DIEDERIK JOHANNES|Somerset || C02=PUTTER|DIEDERIK JOHANNES GERHARDUS|Graaff-Reinet
P0570,C01=RABIE|CHRISTAAN JACOBUS|Graaff-Reinet || C02=RABIE|ISAAC STEPHANUS|Graaff-Reinet || C03=RABIE|JACOB|Graaff-Reinet || C04=RABIE|JAN BASTIAAN|Graaff-Reinet
P0571,C01=RAS|MARTINUS NICOLAAS|Clanwilliam || C02=RAS|NICOLAAS JOHANNES|Clanwilliam || C03=RAS|CHRISTIAAN DAVID|Clanwilliam
P0572,C01=RAS|MARTINUS NICOLAAS|Clanwilliam || C02=RAS|CHRISTIAAN DAVID|Clanwilliam || C03=RAS|NICOLAAS JOHANNES|Clanwilliam
P0573,C01=RAS|MARTINUS NICOLAAS|Clanwilliam || C02=RAS|CHRISTIAAN DAVID|Clanwilliam || C03=RAS|NICOLAAS JOHANNES|Clanwilliam
P0574,C01=RAS|MARTINUS NICOLAAS|Clanwilliam || C02=RAS|NICOLAAS JOHANNES|Clanwilliam || C03=RAS|CHRISTIAAN DAVID|Clanwilliam
P0575,C01=RETIEF|PETRUS JACOBUS|Graaff-Reinet
P0576,C01=REYNEKE|PETRUS ALBERTUS|Somerset
P0577,C01=ROBBERTSE|JOHANNES FRANCOIS|Somerset
P0578,C01=ROBBERTSE|JOHANNES FRANCOIS|Somerset
P0579,C01=ROBBERTSE|JOHANNES FRANCOIS|Somerset
P0580,C01=ROBBERTSE|JOHANNES FRANCOIS|Somerset
P0581,C01=ROBBERTSE|JOHANNES FRANCOIS|Somerset
P0582,C01=ROBBERTSE|JOHANNES FRANCOIS|Somerset
P0583,C01=ROBBERTSE|JOHANNES FRANCOIS|Somerset
P0584,C01=ROBBERTSE|JOHANNES FRANCOIS|Somerset
P0585,C01=ROBBERTSE|JOHANNES FRANCOIS|Somerset
P0586,C01=ROOS|JOHANNES GYSBERTUS|Somerset
P0587,C01=ROOS|JOHANNES GYSBERTUS|Somerset
P0588,C01=ROOS|JOHANNES GYSBERTUS|Somerset
P0589,C01=ROOS|JOHANNES GYSBERTUS|Somerset
P0590,C01=ROOS|FRANS JACOBUS|Stellenbosch || C02=ROOS|MAGDALENA|Stellenbosch || C03=ROOS|TIELMAN|Stellenbosch || C04=ROOS|TIELMAN JOHANNES|Stellenbosch || C05=ROOS|CHARLES JACOBUS|Stellenbosch || C06=ROOS|GERHARDUS JACOBUS|Stellenbosch || C07=ROOS|PIETER GYSBERT|Stellenbosch
P0591,C01=ROUX|PETRUS JOHANNES|Beaufort
P0592,C01=SCHEEPERS|STEPHANUS JOHANNES|Graaff-Reinet
P0593,C01=SCHEEPERS|STEPHANUS JOHANNES|Graaff-Reinet
P0594,C01=SCHEEPERS|GIDEON|George || C02=SCHEEPERS|EVERT PHILLIP|George || C03=SCHEEPERS|PETRUS JACOBUS|George || C04=SCHEEPERS|JACOBUS|George
P0595,C01=SCHEEPERS|PETRUS JACOBUS|George || C02=SCHEEPERS|GIDEON|George || C03=SCHEEPERS|EVERT PHILLIP|George || C04=SCHEEPERS|JACOBUS|George
P0596,C01=SCHEEPERS|JOHANNES MARTINUS|Uitenhage || C02=SCHEEPERS|GERHARDUS JOHANNES ADOLPHUS|Uitenhage || C03=SCHEEPERS|COENRAAD FREDERIK|Uitenhage || C04=SCHEEPERS|JACOBUS JOHANNES|Uitenhage || C05=SCHEEPERS|COENRAAD|Uitenhage || C06=SCHEEPERS|JOHANNES HENRICUS|Uitenhage
P0597,C01=SCHEEPERS|COENRAAD|Uitenhage || C02=SCHEEPERS|JOHANNES MARTINUS|Uitenhage || C03=SCHEEPERS|GERHARDUS JOHANNES ADOLPHUS|Uitenhage || C04=SCHEEPERS|JACOBUS JOHANNES|Uitenhage || C05=SCHEEPERS|JOHANNES HENRICUS|Uitenhage || C06=SCHEEPERS|COENRAAD FREDERIK|Uitenhage
P0598,C01=SCHEEPERS|COENRAAD FREDERIK|Uitenhage || C02=SCHEEPERS|JACOBUS JOHANNES|Uitenhage || C03=SCHEEPERS|JOHANNES HENRICUS|Uitenhage || C04=SCHEEPERS|GERHARDUS JOHANNES ADOLPHUS|Uitenhage || C05=SCHEEPERS|COENRAAD|Uitenhage || C06=SCHEEPERS|JOHANNES MARTINUS|Uitenhage
P0599,C01=SCHEEPERS|COENRAAD FREDERIK|Uitenhage || C02=SCHEEPERS|GERHARDUS JOHANNES ADOLPHUS|Uitenhage || C03=SCHEEPERS|JACOBUS JOHANNES|Uitenhage || C04=SCHEEPERS|COENRAAD|Uitenhage || C05=SCHEEPERS|JOHANNES MARTINUS|Uitenhage || C06=SCHEEPERS|JOHANNES HENRICUS|Uitenhage
P0600,C01=SCHEEPERS|JOHANNES MARTINUS|Uitenhage || C02=SCHEEPERS|COENRAAD|Uitenhage || C03=SCHEEPERS|JACOBUS JOHANNES|Uitenhage || C04=SCHEEPERS|JOHANNES HENRICUS|Uitenhage || C05=SCHEEPERS|GERHARDUS JOHANNES ADOLPHUS|Uitenhage || C06=SCHEEPERS|COENRAAD FREDERIK|Uitenhage
P0601,C01=SCHEEPERS|JOHANNES MARTINUS|Uitenhage || C02=SCHEEPERS|GERHARDUS JOHANNES ADOLPHUS|Uitenhage || C03=SCHEEPERS|JOHANNES HENRICUS|Uitenhage || C04=SCHEEPERS|JACOBUS JOHANNES|Uitenhage || C05=SCHEEPERS|COENRAAD|Uitenhage || C06=SCHEEPERS|COENRAAD FREDERIK|Uitenhage
P0602,C01=SCHEEPERS|COENRAAD FREDERIK|Uitenhage || C02=SCHEEPERS|COENRAAD|Uitenhage || C03=SCHEEPERS|JOHANNES MARTINUS|Uitenhage || C04=SCHEEPERS|GERHARDUS JOHANNES ADOLPHUS|Uitenhage || C05=SCHEEPERS|JOHANNES HENRICUS|Uitenhage || C06=SCHEEPERS|JACOBUS JOHANNES|Uitenhage
P0603,C01=SCHEEPERS|COENRAAD|Uitenhage || C02=SCHEEPERS|JOHANNES HENRICUS|Uitenhage || C03=SCHEEPERS|JACOBUS JOHANNES|Uitenhage || C04=SCHEEPERS|COENRAAD FREDERIK|Uitenhage || C05=SCHEEPERS|GERHARDUS JOHANNES ADOLPHUS|Uitenhage || C06=SCHEEPERS|JOHANNES MARTINUS|Uitenhage
P0604,C01=SCHEEPERS|JOHANNES MARTINUS|Uitenhage || C02=SCHEEPERS|JOHANNES HENRICUS|Uitenhage || C03=SCHEEPERS|GERHARDUS JOHANNES ADOLPHUS|Uitenhage || C04=SCHEEPERS|COENRAAD FREDERIK|Uitenhage || C05=SCHEEPERS|COENRAAD|Uitenhage || C06=SCHEEPERS|JACOBUS JOHANNES|Uitenhage
P0605,C01=SCHEEPERS|GERHARDUS JOHANNES ADOLPHUS|Uitenhage || C02=SCHEEPERS|JOHANNES MARTINUS|Uitenhage || C03=SCHEEPERS|JOHANNES HENRICUS|Uitenhage || C04=SCHEEPERS|COENRAAD FREDERIK|Uitenhage || C05=SCHEEPERS|COENRAAD|Uitenhage || C06=SCHEEPERS|JACOBUS JOHANNES|Uitenhage
P0606,C01=SCHEEPERS|COENRAAD FREDERIK|Uitenhage || C02=SCHEEPERS|JOHANNES MARTINUS|Uitenhage || C03=SCHEEPERS|JOHANNES HENRICUS|Uitenhage || C04=SCHEEPERS|JACOBUS JOHANNES|Uitenhage || C05=SCHEEPERS|GERHARDUS JOHANNES ADOLPHUS|Uitenhage || C06=SCHEEPERS|COENRAAD|Uitenhage
P0607,C01=SCHEEPERS|COENRAAD FREDERIK|Uitenhage || C02=SCHEEPERS|JOHANNES HENRICUS|Uitenhage || C03=SCHEEPERS|JACOBUS JOHANNES|Albany || C04=SCHEEPERS|JOHANNES MARTINUS|Uitenhage || C05=SCHEEPERS|JACOBUS JOHANNES|Uitenhage || C06=SCHEEPERS|COENRAAD|Uitenhage || C07=SCHEEPERS|STEPHANUS JOHANNES|Graaff-Reinet || C08=SCHEEPERS|GERHARDUS JOHANNES ADOLPHUS|Uitenhage
P0608,C01=SCHEEPERS|JACOBUS JOHANNES|Uitenhage || C02=SCHEEPERS|JOHANNES MARTINUS|Uitenhage || C03=SCHEEPERS|COENRAAD|Uitenhage || C04=SCHEEPERS|JOHANNES HENRICUS|Uitenhage || C05=SCHEEPERS|GERHARDUS JOHANNES ADOLPHUS|Uitenhage || C06=SCHEEPERS|COENRAAD FREDERIK|Uitenhage
P0609,C01=SCHEEPERS|COENRAAD FREDERIK|Uitenhage || C02=SCHEEPERS|COENRAAD|Uitenhage || C03=SCHEEPERS|JACOBUS JOHANNES|Uitenhage || C04=SCHEEPERS|JOHANNES MARTINUS|Uitenhage || C05=SCHEEPERS|JOHANNES HENRICUS|Uitenhage || C06=SCHEEPERS|GERHARDUS JOHANNES ADOLPHUS|Uitenhage
P0610,C01=SCHOEMAN|JACOBUS GUSTAAF|Somerset || C02=SCHOEMAN|CHRISTOFFEL ANDRIES|Somerset || C03=SCHOEMAN|DANIEL JOACHIM|Somerset
P0611,C01=SCHOEMAN|HENDRIK JACOBUS|George || C02=SCHOEMAN|STEPHANUS|George || C03=SCHOEMAN |JACOBUS JOHANNES|George || C04=SCHOEMAN|HENDRIK|George || C05=SCHOEMAN|JURGEN|George || C06=SCHOEMAN|JOHANNES JURIE|George || C07=SCHOEMAN|JOHANNES HENDRIK|George || C08=SCHOEMAN|STEPHANUS GERHARDUS|George || C09=SCHOEMAN|STEPHANUS JOHANNES|George || C10=SCHOEMAN|WILLEM HENDRIK|George || C11=SCHOEMAN|HENDRIK WED|George
P0612,C01=SCHOEMAN|STEPHANUS|George || C02=SCHOEMAN|HENDRIK|George || C03=SCHOEMAN|HENDRIK WED|George || C04=SCHOEMAN|JOHANNES JURIE|George || C05=SCHOEMAN|WILLEM HENDRIK|George || C06=SCHOEMAN|JOHANNES HENDRIK|George || C07=SCHOEMAN|STEPHANUS GERHARDUS|George || C08=SCHOEMAN|HENDRIK JACOBUS|George || C09=SCHOEMAN |JACOBUS JOHANNES|George || C10=SCHOEMAN|JURGEN|George || C11=SCHOEMAN|STEPHANUS JOHANNES|George
P0613,C01=SCHOEMAN|JOHANNES HENDRIK|George || C02=SCHOEMAN|JURGEN|George || C03=SCHOEMAN|HENDRIK WED|George || C04=SCHOEMAN|STEPHANUS GERHARDUS|George || C05=SCHOEMAN|HENDRIK JACOBUS|George || C06=SCHOEMAN |JACOBUS JOHANNES|George || C07=SCHOEMAN|STEPHANUS|George || C08=SCHOEMAN|JOHANNES JURIE|George || C09=SCHOEMAN|WILLEM HENDRIK|George || C10=SCHOEMAN|HENDRIK|George || C11=SCHOEMAN|STEPHANUS JOHANNES|George
P0614,C01=SCHOEMAN|JACOBUS GUSTAAF|Somerset || C02=SCHOEMAN|CHRISTOFFEL ANDRIES|Somerset || C03=SCHOEMAN|DANIEL JOACHIM|Somerset
P0615,C01=SCHOEMAN|DANIEL JOACHIM|Somerset || C02=SCHOEMAN|CHRISTOFFEL ANDRIES|Somerset || C03=SCHOEMAN|JACOBUS GUSTAAF|Somerset
P0616,C01=SCHOLTZ|JOACHIM|Graaff-Reinet
P0617,C01=SCHUTTE|CHRISTIAAN ERNST|Uitenhage || C02=SCHUTTE|PHILIP|Somerset || C03=SCHUTTE|PHILIPPUS JACOBUS WILHELMUS|Somerset
P0618,C01=SMIT|ABRAHAM JOHANNES|Graaff-Reinet || C02=SMIT|HENDRIK ADRIAAN|Graaff-Reinet || C03=SMIT|HENDRIK|Graaff-Reinet || C04=SMIT|ANDRIES ADRIAAN JR|Graaff-Reinet || C05=SMIT|WILLEM STEPHANUS|Graaff-Reinet || C06=SMIT|NICOLAAS JACOBUS|Graaff-Reinet || C07=SMIT|FRANCOIS ALWYN|Graaff-Reinet || C08=SMIT|JURGEN|Graaff-Reinet || C09=SMIT|ANNA|Graaff-Reinet
P0619,C01=SMIT|HENDRIK|Graaff-Reinet || C02=SMIT|ADAM JOHANNES|Uitenhage || C03=SMIT|NICOLAAS JACOBUS|Graaff-Reinet || C04=SMIT|GERHARDUS JOHANNES|Uitenhage || C05=SMIT|MICHIEL|Somerset || C06=SMIT|LOURENS ERASMUS|Somerset || C07=SMIT|JURGEN|Graaff-Reinet || C08=SMIT|HERMANUS WILHELM|Uitenhage || C09=SMIT|ABRAHAM JOHANNES|Graaff-Reinet || C10=SMIT|DANIEL MICHIEL CHRISTOFFEL|Somerset || C11=SMIT|MARTIN JOHANNES|Albany || C12=SMIT|MAGTELD MARGARETHA|Somerset || C13=SMIT|FRANCOIS ALWYN|Graaff-Reinet || C14=SMIT|WILLEM STEPHANUS|Graaff-Reinet || C15=SMIT|JACOBUS FRANCOIS|Somerset || C16=SMIT|HENDRIK ADRIAAN|Graaff-Reinet || C17=SMIT|ANNA|Graaff-Reinet || C18=SMIT|HENDRIK JOHANNES|Uitenhage || C19=SMIT|ANDRIES ADRIAAN JR|Graaff-Reinet || C20=SMIT|STEPHANUS JOHANNES|Somerset || C21=SMIT|JACOBUS PETRUS|Somerset
P0620,C01=SMIT|CHRISTOFFEL JOHANNES|Beaufort || C02=SMIT|WILLEM|Beaufort || C03=SMIT|FRANS PETRUS|Beaufort
P0621,C01=SMIT|GERRIT WILLEM|Clanwilliam || C02=SMIT|GERRIT ERASMUS|Clanwilliam || C03=SMIT|JOHANNES JACOBUS|Clanwilliam || C04=SMIT|NICOLAAS JOHANNES CHRISTOFFEL|Clanwilliam || C05=SMIT|CHRISTOFFEL|Clanwilliam || C06=SMIT|PETRUS JOHANNES|Clanwilliam || C07=SMIT|ALWYN JOHANNES|Clanwilliam
P0622,C01=SMIT|ALBERT|Worcester || C02=SMIT|JACOBUS EVERHARDUS|Worcester || C03=SMIT|JOHANNES JACOBUS|Worcester || C04=SMIT|JOHANNES PETRUS|Worcester || C05=SMIT|FRANS|Worcester || C06=SMIT|ALWYN PETRUS|Worcester || C07=SMIT|NICOLAAS WILHELMUS|Worcester || C08=SMIT|NICOLAAS ALBERTUS|Worcester
P0623,C01=SMIT|JASPER (PIETER ZOON)|Stellenbosch || C02=SMIT|STEPHANUS CHRISTIAAN (STEPH ZOON)|Stellenbosch || C03=SMIT|MARTEN JOHANNES ADRIAAN|Stellenbosch || C04=SMIT|HENDRIK JAC  (JAC HEND ZOON)|Stellenbosch || C05=SMIT|EVERHARDUS JOH (EVERH JOH ZOON)|Stellenbosch || C06=SMIT|JOHANNES JACOBUS (JAN ZOON)|Stellenbosch || C07=SMIT|JACOBUS GIDEON (GIDEON ZN)|Stellenbosch || C08=SMIT|FRANCISCUS (JAC ZOON)|Stellenbosch || C09=SMIT|GIDEON (JACOBUS ZOON)|Stellenbosch || C10=SMIT|CHRISTOFFEL|Stellenbosch || C11=SMIT|JOHANNES CORN. (ALEWYN ZOON)|Stellenbosch || C12=SMIT|JOHANNES JACOBUS|Stellenbosch || C13=SMIT|ANDRIES [HENDRIK JACOBUS LOMBARD]|Stellenbosch || C14=SMIT|ALWYN JOHANNES|Stellenbosch || C15=SMIT|DE WED JACOBUS HENDRIK OUDE|Stellenbosch
P0624,C01=SMIT|WILLEM|Beaufort || C02=SMIT|CHRISTOFFEL JOHANNES|Beaufort || C03=SMIT|FRANS PETRUS|Beaufort
P0625,C01=SMIT|LOURENS ERASMUS|Somerset || C02=SMIT|JACOBUS PETRUS|Somerset || C03=SMIT|WILLEM|Beaufort || C04=SMIT|JURGEN|Graaff-Reinet || C05=SMIT|ANNA|Graaff-Reinet || C06=SMIT|FRANS PETRUS|Beaufort || C07=SMIT|MICHIEL|Somerset || C08=SMIT|STEPHANUS JOHANNES|Somerset || C09=SMIT|HENDRIK|Graaff-Reinet || C10=SMIT|ANDRIES ADRIAAN JR|Graaff-Reinet || C11=SMIT|JACOBUS FRANCOIS|Somerset || C12=SMIT|ABRAHAM JOHANNES|Graaff-Reinet || C13=SMIT|MAGTELD MARGARETHA|Somerset || C14=SMIT|HENDRIK ADRIAAN|Graaff-Reinet || C15=SMIT|FRANCOIS ALWYN|Graaff-Reinet || C16=SMIT|CHRISTOFFEL JOHANNES|Beaufort || C17=SMIT|WILLEM STEPHANUS|Graaff-Reinet || C18=SMIT|NICOLAAS JACOBUS|Graaff-Reinet || C19=SMIT|DANIEL MICHIEL CHRISTOFFEL|Somerset
P0626,C01=SMIT|HENDRIK ADRIAAN|Graaff-Reinet || C02=SMIT|DANIEL MICHIEL CHRISTOFFEL|Somerset || C03=SMIT|JACOBUS PETRUS|Somerset || C04=SMIT|FRANCOIS ALWYN|Graaff-Reinet || C05=SMIT|ANNA|Graaff-Reinet || C06=SMIT|HENDRIK JOHANNES|Uitenhage || C07=SMIT|ADAM JOHANNES|Uitenhage || C08=SMIT|LOURENS ERASMUS|Somerset || C09=SMIT|STEPHANUS JOHANNES|Somerset || C10=SMIT|MARTIN JOHANNES|Albany || C11=SMIT|JACOBUS FRANCOIS|Somerset || C12=SMIT|HERMANUS WILHELM|Uitenhage || C13=SMIT|HENDRIK|Graaff-Reinet || C14=SMIT|WILLEM STEPHANUS|Graaff-Reinet || C15=SMIT|JURGEN|Graaff-Reinet || C16=SMIT|ABRAHAM JOHANNES|Graaff-Reinet || C17=SMIT|GERHARDUS JOHANNES|Uitenhage || C18=SMIT|MAGTELD MARGARETHA|Somerset || C19=SMIT|NICOLAAS JACOBUS|Graaff-Reinet || C20=SMIT|ANDRIES ADRIAAN JR|Graaff-Reinet || C21=SMIT|MICHIEL|Somerset
P0627,C01=SMIT|FRANS PETRUS|Beaufort || C02=SMIT|WILLEM|Beaufort || C03=SMIT|CHRISTOFFEL JOHANNES|Beaufort
P0628,C01=SMIT|JURGEN|Graaff-Reinet || C02=SMIT|STEPHANUS JOHANNES|Somerset || C03=SMIT|JACOBUS FRANCOIS|Somerset || C04=SMIT|ADAM JOHANNES|Uitenhage || C05=SMIT|ANNA|Graaff-Reinet || C06=SMIT|ANDRIES ADRIAAN JR|Graaff-Reinet || C07=SMIT|HERMANUS WILHELM|Uitenhage || C08=SMIT|MAGTELD MARGARETHA|Somerset || C09=SMIT|HENDRIK JOHANNES|Uitenhage || C10=SMIT|WILLEM STEPHANUS|Graaff-Reinet || C11=SMIT|DANIEL MICHIEL CHRISTOFFEL|Somerset || C12=SMIT|GERHARDUS JOHANNES|Uitenhage || C13=SMIT|HENDRIK|Graaff-Reinet || C14=SMIT|HENDRIK ADRIAAN|Graaff-Reinet || C15=SMIT|FRANCOIS ALWYN|Graaff-Reinet || C16=SMIT|ABRAHAM JOHANNES|Graaff-Reinet || C17=SMIT|LOURENS ERASMUS|Somerset || C18=SMIT|MARTIN JOHANNES|Albany || C19=SMIT|JACOBUS PETRUS|Somerset || C20=SMIT|MICHIEL|Somerset || C21=SMIT|NICOLAAS JACOBUS|Graaff-Reinet
P0629,C01=SMIT|JURGEN|Graaff-Reinet || C02=SMIT|FRANCOIS ALWYN|Graaff-Reinet || C03=SMIT|ANNA|Graaff-Reinet || C04=SMIT|MAGTELD MARGARETHA|Somerset || C05=SMIT|HENDRIK ADRIAAN|Graaff-Reinet || C06=SMIT|GERHARDUS JOHANNES|Uitenhage || C07=SMIT|NICOLAAS JACOBUS|Graaff-Reinet || C08=SMIT|LOURENS ERASMUS|Somerset || C09=SMIT|ANDRIES ADRIAAN JR|Graaff-Reinet || C10=SMIT|WILLEM STEPHANUS|Graaff-Reinet || C11=SMIT|ADAM JOHANNES|Uitenhage || C12=SMIT|DANIEL MICHIEL CHRISTOFFEL|Somerset || C13=SMIT|HERMANUS WILHELM|Uitenhage || C14=SMIT|HENDRIK|Graaff-Reinet || C15=SMIT|STEPHANUS JOHANNES|Somerset || C16=SMIT|ABRAHAM JOHANNES|Graaff-Reinet || C17=SMIT|JACOBUS PETRUS|Somerset || C18=SMIT|HENDRIK JOHANNES|Uitenhage || C19=SMIT|MARTIN JOHANNES|Albany || C20=SMIT|MICHIEL|Somerset || C21=SMIT|JACOBUS FRANCOIS|Somerset
P0630,C01=SMIT|FRANCOIS ALWYN|Graaff-Reinet || C02=SMIT|JURGEN|Graaff-Reinet || C03=SMIT|NICOLAAS JACOBUS|Graaff-Reinet || C04=SMIT|HENDRIK ADRIAAN|Graaff-Reinet || C05=SMIT|ABRAHAM JOHANNES|Graaff-Reinet || C06=SMIT|ANDRIES ADRIAAN JR|Graaff-Reinet || C07=SMIT|HENDRIK|Graaff-Reinet || C08=SMIT|ANNA|Graaff-Reinet || C09=SMIT|WILLEM STEPHANUS|Graaff-Reinet
P0631,C01=SMIT|NICOLAAS JOHANNES CHRISTOFFEL|Clanwilliam || C02=SMIT|JOHANNES JACOBUS|Clanwilliam || C03=SMIT|CHRISTOFFEL|Clanwilliam || C04=SMIT|PETRUS JOHANNES|Clanwilliam || C05=SMIT|GERRIT ERASMUS|Clanwilliam || C06=SMIT|GERRIT WILLEM|Clanwilliam || C07=SMIT|ALWYN JOHANNES|Clanwilliam
P0632,C01=SMIT|STEPHANUS JOHANNES|Somerset || C02=SMIT|GERHARDUS JOHANNES|Uitenhage || C03=SMIT|NICOLAAS JACOBUS|Graaff-Reinet || C04=SMIT|HENDRIK ADRIAAN|Graaff-Reinet || C05=SMIT|ANNA|Graaff-Reinet || C06=SMIT|HENDRIK|Graaff-Reinet || C07=SMIT|JACOBUS PETRUS|Somerset || C08=SMIT|MARTIN JOHANNES|Albany || C09=SMIT|HENDRIK JOHANNES|Uitenhage || C10=SMIT|ABRAHAM JOHANNES|Graaff-Reinet || C11=SMIT|FRANCOIS ALWYN|Graaff-Reinet || C12=SMIT|LOURENS ERASMUS|Somerset || C13=SMIT|MICHIEL|Somerset || C14=SMIT|ANDRIES ADRIAAN JR|Graaff-Reinet || C15=SMIT|ADAM JOHANNES|Uitenhage || C16=SMIT|JURGEN|Graaff-Reinet || C17=SMIT|JACOBUS FRANCOIS|Somerset || C18=SMIT|DANIEL MICHIEL CHRISTOFFEL|Somerset || C19=SMIT|MAGTELD MARGARETHA|Somerset || C20=SMIT|WILLEM STEPHANUS|Graaff-Reinet || C21=SMIT|HERMANUS WILHELM|Uitenhage
P0633,C01=SNYMAN|JOHAN HENDRIK|Graaff-Reinet || C02=SNYMAN|JOHANNES HENDRIK JACOBUS|Uitenhage
P0634,C01=SNYMAN|JOHAN HENDRIK|Graaff-Reinet || C02=SNYMAN|JOHANNES HENDRIK JACOBUS|Uitenhage
P0635,C01=SNYMAN|JOHANNES HENDRIK JACOBUS|Uitenhage
P0636,C01=SNYMAN|JOHANNES HENDRIK JACOBUS|Uitenhage
P0637,C01=SNYMAN|JACOBUS WED|George || C02=SNYMAN|LOUIS JOHANNES|George
P0638,C01=SNYMAN|JOHANNES HENDRIK JACOBUS|Uitenhage
P0639,C01=SPIES|BAREND JACOBUS|Swellendam || C02=SPIES|LODEWYK PETRUS|Swellendam || C03=SPIES|BAREND CHRISTOFFEL|Swellendam || C04=SPIES|ANDRIES THEODORUS|Swellendam || C05=SPIES|JOHANNES JACOBUS|Swellendam
P0640,C01=SPIES|BAREND CHRISTOFFEL|Swellendam || C02=SPIES|JOHANNES JACOBUS|Swellendam || C03=SPIES|ANDRIES THEODORUS|Swellendam || C04=SPIES|BAREND JACOBUS|Swellendam || C05=SPIES|LODEWYK PETRUS|Swellendam
P0641,C01=SPIES|BAREND JACOBUS|Swellendam || C02=SPIES|JOHANNES JACOBUS|Swellendam || C03=SPIES|LODEWYK PETRUS|Swellendam || C04=SPIES|BAREND CHRISTOFFEL|Swellendam || C05=SPIES|ANDRIES THEODORUS|Swellendam
P0642,C01=STEENKAMP|CHRISTIAAN JACOBUS|Clanwilliam || C02=STEENKAMP|FLORIS|Clanwilliam || C03=STEENKAMP|CASPARUS|Clanwilliam || C04=STEENKAMP|GERRIT|Clanwilliam || C05=STEENKAMP|JAN HARMSE|Clanwilliam || C06=STEENKAMP|ARIE WILLEM|Clanwilliam || C07=STEENKAMP|CAREL GERRIT|Clanwilliam || C08=STEENKAMP|WILLEM|Clanwilliam || C09=STEENKAMP|PETRUS JOHANNES DIRKSE|Clanwilliam || C10=STEENKAMP|WILLEM JACOBUS|Clanwilliam || C11=STEENKAMP|JAN HENDRIK CASPARUS L.|Clanwilliam
P0643,C01=STEENKAMP|PETRUS JOHANNES DIRKSE|Clanwilliam || C02=STEENKAMP|GERRIT|Clanwilliam || C03=STEENKAMP|CASPARUS|Clanwilliam || C04=STEENKAMP|ARIE WILLEM|Clanwilliam || C05=STEENKAMP|WILLEM|Clanwilliam || C06=STEENKAMP|JAN HARMSE|Clanwilliam || C07=STEENKAMP|CAREL GERRIT|Clanwilliam || C08=STEENKAMP|WILLEM JACOBUS|Clanwilliam || C09=STEENKAMP|JAN HENDRIK CASPARUS L.|Clanwilliam || C10=STEENKAMP|FLORIS|Clanwilliam || C11=STEENKAMP|CHRISTIAAN JACOBUS|Clanwilliam
P0644,C01=STEENKAMP|LAVINA CATHARINA|Somerset || C02=STEENKAMP|THOMAS IGNATIUS|Somerset || C03=STEENKAMP|JAN HARMSE|Somerset
P0645,C01=STEENKAMP|THOMAS IGNATIUS|Somerset || C02=STEENKAMP|JAN HARMSE|Somerset || C03=STEENKAMP|LAVINA CATHARINA|Somerset
P0646,C01=STEENKAMP|JAN HARMSE|Somerset || C02=STEENKAMP|LAVINA CATHARINA|Somerset || C03=STEENKAMP|THOMAS IGNATIUS|Somerset
P0647,C01=STEENKAMP|THOMAS IGNATIUS|Somerset || C02=STEENKAMP|LAVINA CATHARINA|Somerset || C03=STEENKAMP|JAN HARMSE|Somerset
P0648,"C01=STEYN|HERMANUS,SO  MARTINUS|Beaufort"
P0649,C01=STEYN|JACOBUS JOHANNES|Swellendam || C02=STEYN|HERMANUS JACOBUS|Swellendam || C03=STEYN|JAN ANDRIES|Swellendam || C04=STEYN|HERMANUS PHILIPPUS|Swellendam || C05=STEYN|HERMANUS HENDRIK|Swellendam || C06=STEYN|PIETER WOUTER|Swellendam || C07=STEYN|JOHANNES JACOBUS|Swellendam || C08=STEYN|PETRUS PAULUS|Swellendam || C09=STEYN|MARTINUS|Swellendam || C10=STEYN|HERMANUS|Swellendam || C11=STEYN|THEUNIS LODEWYK|Swellendam || C12=STEYN|PIETER GYSBERT|Swellendam
P0650,C01=STEYN|THEUNIS LODEWYK|Swellendam || C02=STEYN|JAN ANDRIES|Swellendam || C03=STEYN|HERMANUS PHILIPPUS|Swellendam || C04=STEYN|PIETER WOUTER|Swellendam || C05=STEYN|JOHANNES JACOBUS|Swellendam || C06=STEYN|MARTINUS|Swellendam || C07=STEYN|PETRUS PAULUS|Swellendam || C08=STEYN|JACOBUS JOHANNES|Swellendam || C09=STEYN|HERMANUS HENDRIK|Swellendam || C10=STEYN|HERMANUS JACOBUS|Swellendam || C11=STEYN|PIETER GYSBERT|Swellendam || C12=STEYN|HERMANUS|Swellendam
P0651,C01=STEYN|PIETER WOUTER|Swellendam || C02=STEYN|PETRUS PAULUS|Swellendam || C03=STEYN|THEUNIS LODEWYK|Swellendam || C04=STEYN|JAN ANDRIES|Swellendam || C05=STEYN|HERMANUS HENDRIK|Swellendam || C06=STEYN|PIETER GYSBERT|Swellendam || C07=STEYN|MARTINUS|Swellendam || C08=STEYN|JOHANNES JACOBUS|Swellendam || C09=STEYN|JACOBUS JOHANNES|Swellendam || C10=STEYN|HERMANUS PHILIPPUS|Swellendam || C11=STEYN|HERMANUS|Swellendam || C12=STEYN|HERMANUS JACOBUS|Swellendam
P0652,"C01=STEYN|HERMANUS,SO  MARTINUS|Beaufort"
P0653,C01=STEYN|STEPHANUS JOHANNES|Graaff-Reinet || C02=STEYN|DOUW GERBRAND|Somerset || C03=STEYN|HERMANUS|Somerset || C04=STEYN|HANS JURGEN|Graaff-Reinet
P0654,C01=STEYN|DOUW GERBRAND|Somerset || C02=STEYN|HANS JURGEN|Graaff-Reinet || C03=STEYN|STEPHANUS JOHANNES|Graaff-Reinet || C04=STEYN|HERMANUS|Somerset
P0655,C01=STEYN|HANS JURGEN|Graaff-Reinet || C02=STEYN|HERMANUS|Somerset || C03=STEYN|DOUW GERBRAND|Somerset || C04=STEYN|STEPHANUS JOHANNES|Graaff-Reinet
P0656,C01=STEYN|DOUW GERBRAND|Somerset || C02=STEYN|HANS JURGEN|Graaff-Reinet || C03=STEYN|STEPHANUS JOHANNES|Graaff-Reinet || C04=STEYN|HERMANUS|Somerset
P0657,C01=STEYN|DOUW GERBRAND|Somerset || C02=STEYN|STEPHANUS JOHANNES|Graaff-Reinet || C03=STEYN|HERMANUS|Somerset || C04=STEYN|HANS JURGEN|Graaff-Reinet
P0658,"C01=STEYN|HERMANUS,SO  MARTINUS|Beaufort"
P0659,"C01=STEYN|HERMANUS,SO  MARTINUS|Beaufort"
P0660,C01=STEYN|JACOBUS JOHANNES|Swellendam || C02=STEYN|THEUNIS LODEWYK|Swellendam || C03=STEYN|MARTINUS|Swellendam || C04=STEYN|JOHANNES JACOBUS|Swellendam || C05=STEYN|HERMANUS HENDRIK|Swellendam || C06=STEYN|PIETER WOUTER|Swellendam || C07=STEYN|HERMANUS JACOBUS|Swellendam || C08=STEYN|PETRUS PAULUS|Swellendam || C09=STEYN|HERMANUS|Swellendam || C10=STEYN|PIETER GYSBERT|Swellendam || C11=STEYN|HERMANUS PHILIPPUS|Swellendam || C12=STEYN|JAN ANDRIES|Swellendam
P0661,"C01=STEYN|HERMANUS,SO  MARTINUS|Beaufort"
P0662,"C01=STEYN|HERMANUS,SO  MARTINUS|Beaufort"
P0663,C01=STEYN|HERMANUS JACOBUS|Swellendam || C02=STEYN|PIETER WOUTER|Swellendam || C03=STEYN|JOHANNES JACOBUS|Swellendam || C04=STEYN|PIETER GYSBERT|Swellendam || C05=STEYN|MARTINUS|Swellendam || C06=STEYN|JAN ANDRIES|Swellendam || C07=STEYN|HERMANUS HENDRIK|Swellendam || C08=STEYN|HERMANUS PHILIPPUS|Swellendam || C09=STEYN|THEUNIS LODEWYK|Swellendam || C10=STEYN|HERMANUS|Swellendam || C11=STEYN|PETRUS PAULUS|Swellendam || C12=STEYN|JACOBUS JOHANNES|Swellendam
P0664,C01=STEYN|PIETER GYSBERT|Swellendam || C02=STEYN|THEUNIS LODEWYK|Swellendam || C03=STEYN|HERMANUS PHILIPPUS|Swellendam || C04=STEYN|HERMANUS HENDRIK|Swellendam || C05=STEYN|MARTINUS|Swellendam || C06=STEYN|HERMANUS|Swellendam || C07=STEYN|HERMANUS JACOBUS|Swellendam || C08=STEYN|JOHANNES JACOBUS|Swellendam || C09=STEYN|PETRUS PAULUS|Swellendam || C10=STEYN|JAN ANDRIES|Swellendam || C11=STEYN|JACOBUS JOHANNES|Swellendam || C12=STEYN|PIETER WOUTER|Swellendam
P0665,C01=STRAUSS|ABRAHAM FREDERIK|Graaff-Reinet
P0666,C01=STRAUSS|ABRAHAM FREDERIK|Graaff-Reinet
P0667,C01=STRAUSS|ABRAHAM FREDERIK|Graaff-Reinet
P0668,C01=STRAUSS|ABRAHAM FREDERIK|Graaff-Reinet
P0669,C01=STRYDOM|GERRIT CORNELIS|Uitenhage || C02=STRYDOM|JOHANNES S MATTHYS|Uitenhage || C03=STRYDOM|PIETER|Uitenhage
P0670,C01=STRYDOM|JAN LODEWYK|Beaufort
P0671,C01=STRYDOM|JAN LODEWYK|Beaufort
P0672,C01=STRYDOM|JAN LODEWYK|Beaufort
P0673,C01=STRYDOM|JAN LODEWYK|Beaufort
P0674,C01=STRYDOM|JAN LODEWYK|Beaufort
P0675,C01=STRYDOM|JAN LODEWYK|Beaufort
P0676,C01=STRYDOM|JAN LODEWYK|Beaufort
P0677,C01=STRYDOM|GERRIT CORNELIS|Uitenhage || C02=STRYDOM|PHILIP RUDOLPH|Somerset || C03=STRYDOM|JOHANNES S MATTHYS|Uitenhage || C04=STRYDOM|JACOBUS STEPHANUS|Somerset || C05=STRYDOM|GERT CORNELIS|Somerset || C06=STRYDOM|PIETER|Uitenhage
P0678,C01=STRYDOM|PIETER|Uitenhage || C02=STRYDOM|GERRIT CORNELIS|Uitenhage || C03=STRYDOM|JOHANNES S MATTHYS|Uitenhage
P0679,C01=STRYDOM|PIETER|Uitenhage || C02=STRYDOM|JOHANNES S MATTHYS|Uitenhage || C03=STRYDOM|GERRIT CORNELIS|Uitenhage
P0680,C01=STRYDOM|GERT CORNELIS|Somerset || C02=STRYDOM|PHILIP RUDOLPH|Somerset || C03=STRYDOM|JACOBUS STEPHANUS|Somerset || C04=STRYDOM|JOHANNES S MATTHYS|Uitenhage || C05=STRYDOM|GERRIT CORNELIS|Uitenhage || C06=STRYDOM|PIETER|Uitenhage
P0681,C01=STRYDOM|JOHANNES S MATTHYS|Uitenhage || C02=STRYDOM|PIETER|Uitenhage || C03=STRYDOM|GERRIT CORNELIS|Uitenhage
P0682,C01=SWANEPOEL|JOHANNES|Worcester
P0683,C01=SWANEPOEL|PIETER ANDREAS JOHANNES|Graaff-Reinet
P0684,C01=SWANEPOEL|PIETER ANDREAS JOHANNES|Graaff-Reinet
P0685,C01=SWANEPOEL|PIETER FREDERIK RYNIER|Beaufort || C02=SWANEPOEL|JAN ABRAHAM|Beaufort
P0686,C01=SWANEPOEL|PIETER ANDREAS JOHANNES|Graaff-Reinet
P0687,C01=SWANEPOEL|PIETER ANDREAS JOHANNES|Graaff-Reinet
P0688,C01=SWANEPOEL|PIETER ANDREAS JOHANNES|Graaff-Reinet
P0689,C01=SWANEPOEL|PIETER ANDREAS JOHANNES|Graaff-Reinet
P0690,C01=SWART|JACOBUS NICOLAAS|Uitenhage || C02=SWART|CORNELIS JACOB|Graaff-Reinet || C03=SWART|WENTZEL CORNELIS|Somerset || C04=SWART|JACOBUS NICOLAAS|Somerset || C05=SWART|GERHARDUS JACOBUS|Somerset
P0691,C01=SWART|GERHARDUS JACOBUS|Somerset || C02=SWART|JACOBUS NICOLAAS|Somerset || C03=SWART|WENTZEL CORNELIS|Somerset || C04=SWART|JACOBUS NICOLAAS|Uitenhage || C05=SWART|CORNELIS JACOB|Graaff-Reinet
P0692,C01=SWART|JACOBUS NICOLAAS|Uitenhage || C02=SWART|JACOBUS NICOLAAS|Somerset || C03=SWART|CORNELIS JACOB|Graaff-Reinet || C04=SWART|WENTZEL CORNELIS|Somerset || C05=SWART|GERHARDUS JACOBUS|Somerset
P0693,C01=SWART|HANS JACOB|Swellendam || C02=SWART|BAREND|Swellendam || C03=SWART|PETRUS JOHANNES|Swellendam || C04=SWART|DANIEL|Swellendam || C05=SWART|HERMANUS BERNARDUS|Swellendam || C06=SWART|NICOLAAS BAREND|Swellendam || C07=SWART|NICOLAAS GERHARDUS|Swellendam || C08=SWART|NICOLAAS|Swellendam || C09=SWART|JOHANNES|Swellendam || C10=SWART|JACOBUS JOHANNES|Swellendam || C11=SWART|JACOBUS MICHIEL|Swellendam || C12=SWART|PETRUS GERHARDUS|Swellendam || C13=SWART|MATTHYS LOURENS|Swellendam || C14=SWART|JOHANNES JOSEPHUS|Swellendam || C15=SWART|PIETER HENDRIK|Swellendam || C16=SWART|JOHANNES GERHARDUS|Swellendam || C17=SWART|GERHARDUS PAULUS|Swellendam || C18=SWART|JOHANNES JOACHEMUS|Swellendam || C19=SWART|JOHAN NICOLAAS|Swellendam || C20=SWART|JOHAN WILHELMUS|Swellendam || C21=SWART|PIETER ARNOLDUS|Swellendam || C22=SWART|HENDRIK ALBERTUS|Swellendam || C23=SWART|PETRUS HERMANUS|Swellendam || C24=SWART|JACOBUS NICOLAAS|Swellendam || C25=SWART|CORNELIS|Swellendam || C26=SWART|JOHANNES NICOLAAS|Swellendam || C27=SWART|JOHANNES CORNELIS|Swellendam || C28=SWART|DANIEL JOHANNES|Swellendam || C29=SWART|NICOLAAS JACOBUS|Swellendam || C30=SWART|PIETER|Swellendam || C31=SWART|HENDRIK JOHANNES|Swellendam
P0694,C01=THERON|DAVID CAREL|Graaff-Reinet || C02=THERON|JACOBUS ARNOLDUS|Graaff-Reinet || C03=THERON|THOMAS FRANCOIS|Graaff-Reinet
P0695,C01=THERON|JACOBUS ARNOLDUS|Graaff-Reinet || C02=THERON|THOMAS FRANCOIS|Graaff-Reinet || C03=THERON|DAVID CAREL|Graaff-Reinet
P0696,C01=UYS|PETRUS LAFRAS|Uitenhage || C02=UYS|JACOBUS JOHANNES|Uitenhage
P0697,C01=UYS|JACOBUS JOHANNES|Uitenhage || C02=UYS|PETRUS LAFRAS|Uitenhage
P0698,C01=UYS|JACOBUS JOHANNES|Uitenhage || C02=UYS|PETRUS LAFRAS|Uitenhage
P0699,C01=UYS|JACOBUS JOHANNES|Uitenhage || C02=UYS|PETRUS LAFRAS|Uitenhage
P0700,C01=UYS|PETRUS JOHANNES|Swellendam || C02=UYS|BAREND PETRUS|Swellendam || C03=UYS|CORNELIS JANSE|Swellendam || C04=UYS|MATTHYS JOHANNES|Swellendam || C05=UYS|DIRK CORNELIS|Swellendam || C06=UYS|JOHANNES FREDERIK|Swellendam || C07=UYS|JOHANNES GERHARDUS|Swellendam
P0701,C01=VAN ASWEGEN|JOHANNES GERHARDUS|Graaff-Reinet || C02=VAN ASWEGEN|JOHANNES|Graaff-Reinet
P0702,C01=VAN ASWEGEN|JOHANNES GERHARDUS|Graaff-Reinet || C02=VAN ASWEGEN|JOHANNES|Graaff-Reinet
P0703,C01=VAN ASWEGEN|JOHANNES GERHARDUS|Graaff-Reinet || C02=VAN ASWEGEN|JOHANNES|Graaff-Reinet
P0704,C01=VAN COLLER|HENDRIK PETRUS|Swellendam || C02=VAN COLLER|ADOLPH JOHANNES|Swellendam || C03=VAN COLLER|JOHANNES DANIEL|Swellendam
P0705,C01=VAN COLLER|ADOLPH JOHANNES|Swellendam || C02=VAN COLLER|JOHANNES DANIEL|Swellendam || C03=VAN COLLER|HENDRIK PETRUS|Swellendam
P0706,C01=VAN COLLER|ADOLPH JOHANNES|Swellendam || C02=VAN COLLER|JOHANNES DANIEL|Swellendam || C03=VAN COLLER|HENDRIK PETRUS|Swellendam
P0707,C01=VAN COLLER|HENDRIK PETRUS|Swellendam || C02=VAN COLLER|ADOLPH JOHANNES|Swellendam || C03=VAN COLLER|JOHANNES DANIEL|Swellendam
P0708,C01=VAN DEN BERG|NICOLAAS FRANCOIS|Graaff-Reinet || C02=VAN DEN BERG|STEPHANUS JOHANNES HENDRICUS|Graaff-Reinet || C03=VAN DEN BERG|SUSANNA CATHARINA|Graaff-Reinet || C04=VAN DEN BERG|BAREND|Graaff-Reinet || C05=VAN DEN BERG|ANNA JOHANNA CHRISTINA|Graaff-Reinet || C06=VAN DEN BERG|PAUL JOHANNES|Graaff-Reinet || C07=VAN DEN BERG|PAULUS JOHANNES|Graaff-Reinet || C08=VAN DEN BERG|GERT|Graaff-Reinet || C09=VAN DEN BERG|ABRAHAM|Graaff-Reinet || C10=VAN DEN BERG|JACOBUS PETRUS|Graaff-Reinet || C11=VAN DEN BERG|PETRUS JACOBUS|Graaff-Reinet || C12=VAN DEN BERG|PIETER ERNST|Graaff-Reinet
P0709,C01=VAN DEN BERG|GERT|Graaff-Reinet || C02=VAN DEN BERG|PIETER ERNST|Graaff-Reinet || C03=VAN DEN BERG|SUSANNA CATHARINA|Graaff-Reinet || C04=VAN DEN BERG|ABRAHAM|Graaff-Reinet || C05=VAN DEN BERG|ANNA JOHANNA CHRISTINA|Graaff-Reinet || C06=VAN DEN BERG|PETRUS JACOBUS|Graaff-Reinet || C07=VAN DEN BERG|STEPHANUS JOHANNES HENDRICUS|Graaff-Reinet || C08=VAN DEN BERG|PAUL JOHANNES|Graaff-Reinet || C09=VAN DEN BERG|PAULUS JOHANNES|Graaff-Reinet || C10=VAN DEN BERG|JACOBUS PETRUS|Graaff-Reinet || C11=VAN DEN BERG|BAREND|Graaff-Reinet || C12=VAN DEN BERG|NICOLAAS FRANCOIS|Graaff-Reinet
P0710,C01=VAN DEN BERG|JACOBUS PETRUS|Graaff-Reinet || C02=VAN DEN BERG|PETRUS JACOBUS|Graaff-Reinet || C03=VAN DEN BERG|PIETER ERNST|Graaff-Reinet || C04=VAN DEN BERG|ABRAHAM|Graaff-Reinet || C05=VAN DEN BERG|SUSANNA CATHARINA|Graaff-Reinet || C06=VAN DEN BERG|STEPHANUS JOHANNES HENDRICUS|Graaff-Reinet || C07=VAN DEN BERG|ANNA JOHANNA CHRISTINA|Graaff-Reinet || C08=VAN DEN BERG|BAREND|Graaff-Reinet || C09=VAN DEN BERG|NICOLAAS FRANCOIS|Graaff-Reinet || C10=VAN DEN BERG|PAUL JOHANNES|Graaff-Reinet || C11=VAN DEN BERG|GERT|Graaff-Reinet || C12=VAN DEN BERG|PAULUS JOHANNES|Graaff-Reinet
P0711,C01=VAN DEN BERG|NICOLAAS FRANCOIS|Graaff-Reinet || C02=VAN DEN BERG|ABRAHAM|Graaff-Reinet || C03=VAN DEN BERG|BAREND|Graaff-Reinet || C04=VAN DEN BERG|PAUL JOHANNES|Graaff-Reinet || C05=VAN DEN BERG|ANNA JOHANNA CHRISTINA|Graaff-Reinet || C06=VAN DEN BERG|PAULUS JOHANNES|Graaff-Reinet || C07=VAN DEN BERG|GERT|Graaff-Reinet || C08=VAN DEN BERG|JACOBUS PETRUS|Graaff-Reinet || C09=VAN DEN BERG|SUSANNA CATHARINA|Graaff-Reinet || C10=VAN DEN BERG|PIETER ERNST|Graaff-Reinet || C11=VAN DEN BERG|PETRUS JACOBUS|Graaff-Reinet || C12=VAN DEN BERG|STEPHANUS JOHANNES HENDRICUS|Graaff-Reinet
P0712,C01=VAN DER LINDE|GERHARDUS LEONARDUS|Graaff-Reinet || C02=VAN DER LINDE|JAN. SV GERRIT|Somerset
P0713,C01=VAN DER MERWE|PAUL JACOBUS|Graaff-Reinet || C02=VAN DER MERWE|JAN|Graaff-Reinet || C03=VAN DER MERWE|DANIEL JOHANNES|Graaff-Reinet || C04=VAN DER MERWE|HENDRIK SCHALK|Graaff-Reinet || C05=VAN DER MERWE|JOHANNES PETRUS|Graaff-Reinet || C06=VAN DER MERWE|NICOLAAS JOHANNES STEPHANUS|Graaff-Reinet || C07=VAN DER MERWE|CAREL JOHANNES|Graaff-Reinet || C08=VAN DER MERWE|PETRUS|Graaff-Reinet || C09=VAN DER MERWE|SCHALK JACOBUS|Graaff-Reinet || C10=VAN DER MERWE|BAREND FREDERIK|Graaff-Reinet || C11=VAN DER MERWE|ANNA SOPHIA|Graaff-Reinet || C12=VAN DER MERWE|BAREND|Graaff-Reinet || C13=VAN DER MERWE|WILLEM CAREL|Graaff-Reinet || C14=VAN DER MERWE|PIETER|Graaff-Reinet || C15=VAN DER MERWE|JACOB FRANCISCUS|Graaff-Reinet || C16=VAN DER MERWE|JOHANNES LODEWICUS|Graaff-Reinet || C17=VAN DER MERWE|ANDRIES PETRUS|Graaff-Reinet || C18=VAN DER MERWE|JOHANNES VALENTYN|Graaff-Reinet || C19=VAN DER MERWE|BAREND JACOBUS|Graaff-Reinet || C20=VAN DER MERWE|ANRIES PETRUS|Graaff-Reinet || C21=VAN DER MERWE|HENDRIK|Graaff-Reinet || C22=VAN DER MERWE|ALETTA SOPHIA|Graaff-Reinet || C23=VAN DER MERWE|ANDRIES|Graaff-Reinet || C24=VAN DER MERWE|WILLEM JACOBUS|Graaff-Reinet || C25=VAN DER MERWE|HENDRIK JACOBUS|Graaff-Reinet || C26=VAN DER MERWE|DAVID SCHALK|Graaff-Reinet || C27=VAN DER MERWE|NICOLAAS|Graaff-Reinet || C28=VAN DER MERWE|JOHANNA CATHARINA|Graaff-Reinet || C29=VAN DER MERWE|SCHALK WILLEM|Graaff-Reinet || C30=VAN DER MERWE|DAVID JACOBUS|Graaff-Reinet || C31=VAN DER MERWE|HENDRIK STEPHANUS|Graaff-Reinet || C32=VAN DER MERWE|ROELOF PETRUS|Graaff-Reinet || C33=VAN DER MERWE|ISAAC JOHANNES|Graaff-Reinet
P0714,C01=VAN DER MERWE|JOHANNES MARTINUS|Uitenhage || C02=VAN DER MERWE|JOHANNES LODEWICUS|Graaff-Reinet || C03=VAN DER MERWE|ANDRIES|Graaff-Reinet || C04=VAN DER MERWE|JOHANNES VALENTYN|Graaff-Reinet || C05=VAN DER MERWE|PIETER|Graaff-Reinet || C06=VAN DER MERWE|MARTINUS|Somerset || C07=VAN DER MERWE|BAREND JACOBUS|Graaff-Reinet || C08=VAN DER MERWE|NICOLAAS JOHANNES STEPHANUS|Graaff-Reinet || C09=VAN DER MERWE|NICOLAAS|Graaff-Reinet || C10=VAN DER MERWE|ROELOF PETRUS|Graaff-Reinet || C11=VAN DER MERWE|BAREND FREDERIK|Graaff-Reinet || C12=VAN DER MERWE|JACOB FRANCISCUS|Graaff-Reinet || C13=VAN DER MERWE|HENDRIK JACOBUS|Graaff-Reinet || C14=VAN DER MERWE|ANDRIES PETRUS|Graaff-Reinet || C15=VAN DER MERWE|SCHALK JACOBUS|Graaff-Reinet || C16=VAN DER MERWE|CAREL JOHANNES|Graaff-Reinet || C17=VAN DER MERWE|PETRUS|Graaff-Reinet || C18=VAN DER MERWE|DAVID JACOBUS|Graaff-Reinet || C19=VAN DER MERWE|JOHANNA CATHARINA|Graaff-Reinet || C20=VAN DER MERWE|SCHALK WILLEM|Graaff-Reinet || C21=VAN DER MERWE|GERRIT|Somerset || C22=VAN DER MERWE|ANRIES PETRUS|Graaff-Reinet || C23=VAN DER MERWE|PETRUS JACOBUS S PIET|Uitenhage || C24=VAN DER MERWE|WILLEM CAREL|Graaff-Reinet || C25=VAN DER MERWE|HENDRIK|Graaff-Reinet || C26=VAN DER MERWE|DANIEL JOHANNES|Graaff-Reinet || C27=VAN DER MERWE|HENDRIK STEPHANUS|Graaff-Reinet || C28=VAN DER MERWE|JOHANNES PETRUS|Graaff-Reinet || C29=VAN DER MERWE|ALETTA SOPHIA|Graaff-Reinet || C30=VAN DER MERWE|ISAAC JOHANNES|Graaff-Reinet || C31=VAN DER MERWE|JAN|Graaff-Reinet || C32=VAN DER MERWE|HENDRIK SCHALK|Graaff-Reinet || C33=VAN DER MERWE|ANNA SOPHIA|Graaff-Reinet || C34=VAN DER MERWE|BAREND|Graaff-Reinet || C35=VAN DER MERWE|WILLEM|Somerset || C36=VAN DER MERWE|HENDRIK PETRUS|Somerset || C37=VAN DER MERWE|PAUL JACOBUS|Graaff-Reinet || C38=VAN DER MERWE|WILLEM JACOBUS|Graaff-Reinet || C39=VAN DER MERWE|DAVID SCHALK|Graaff-Reinet
P0715,C01=VAN DER MERWE|NICOLAAS JOHANNES STEPHANUS|Graaff-Reinet || C02=VAN DER MERWE|WILLEM CAREL|Graaff-Reinet || C03=VAN DER MERWE|DAVID JACOBUS|Graaff-Reinet || C04=VAN DER MERWE|NICOLAAS|Graaff-Reinet || C05=VAN DER MERWE|BAREND JACOBUS|Graaff-Reinet || C06=VAN DER MERWE|JACOB FRANCISCUS|Graaff-Reinet || C07=VAN DER MERWE|DAVID SCHALK|Graaff-Reinet || C08=VAN DER MERWE|BAREND FREDERIK|Graaff-Reinet || C09=VAN DER MERWE|PETRUS|Graaff-Reinet || C10=VAN DER MERWE|BAREND|Graaff-Reinet || C11=VAN DER MERWE|SCHALK WILLEM|Graaff-Reinet || C12=VAN DER MERWE|JAN|Graaff-Reinet || C13=VAN DER MERWE|JOHANNES LODEWICUS|Graaff-Reinet || C14=VAN DER MERWE|HENDRIK|Graaff-Reinet || C15=VAN DER MERWE|ROELOF PETRUS|Graaff-Reinet || C16=VAN DER MERWE|PIETER|Graaff-Reinet || C17=VAN DER MERWE|HENDRIK JACOBUS|Graaff-Reinet || C18=VAN DER MERWE|ANDRIES PETRUS|Graaff-Reinet || C19=VAN DER MERWE|JOHANNES VALENTYN|Graaff-Reinet || C20=VAN DER MERWE|HENDRIK STEPHANUS|Graaff-Reinet || C21=VAN DER MERWE|DANIEL JOHANNES|Graaff-Reinet || C22=VAN DER MERWE|HENDRIK SCHALK|Graaff-Reinet || C23=VAN DER MERWE|SCHALK JACOBUS|Graaff-Reinet || C24=VAN DER MERWE|ALETTA SOPHIA|Graaff-Reinet || C25=VAN DER MERWE|ISAAC JOHANNES|Graaff-Reinet || C26=VAN DER MERWE|ANNA SOPHIA|Graaff-Reinet || C27=VAN DER MERWE|CAREL JOHANNES|Graaff-Reinet || C28=VAN DER MERWE|PAUL JACOBUS|Graaff-Reinet || C29=VAN DER MERWE|ANDRIES|Graaff-Reinet || C30=VAN DER MERWE|JOHANNA CATHARINA|Graaff-Reinet || C31=VAN DER MERWE|JOHANNES PETRUS|Graaff-Reinet || C32=VAN DER MERWE|ANRIES PETRUS|Graaff-Reinet || C33=VAN DER MERWE|WILLEM JACOBUS|Graaff-Reinet
P0716,C01=VAN DER MERWE|BAREND|Graaff-Reinet || C02=VAN DER MERWE|ANDRIES PETRUS|Graaff-Reinet || C03=VAN DER MERWE|WILLEM JACOBUS|Graaff-Reinet || C04=VAN DER MERWE|HENDRIK SCHALK|Graaff-Reinet || C05=VAN DER MERWE|JOHANNA CATHARINA|Graaff-Reinet || C06=VAN DER MERWE|PIETER|Graaff-Reinet || C07=VAN DER MERWE|HENDRIK|Graaff-Reinet || C08=VAN DER MERWE|NICOLAAS JOHANNES STEPHANUS|Graaff-Reinet || C09=VAN DER MERWE|JOHANNES LODEWICUS|Graaff-Reinet || C10=VAN DER MERWE|CAREL JOHANNES|Graaff-Reinet || C11=VAN DER MERWE|JOHANNES VALENTYN|Graaff-Reinet || C12=VAN DER MERWE|ANDRIES|Graaff-Reinet || C13=VAN DER MERWE|ANRIES PETRUS|Graaff-Reinet || C14=VAN DER MERWE|BAREND JACOBUS|Graaff-Reinet || C15=VAN DER MERWE|ALETTA SOPHIA|Graaff-Reinet || C16=VAN DER MERWE|JACOB FRANCISCUS|Graaff-Reinet || C17=VAN DER MERWE|DAVID JACOBUS|Graaff-Reinet || C18=VAN DER MERWE|HENDRIK STEPHANUS|Graaff-Reinet || C19=VAN DER MERWE|SCHALK JACOBUS|Graaff-Reinet || C20=VAN DER MERWE|ANNA SOPHIA|Graaff-Reinet || C21=VAN DER MERWE|HENDRIK JACOBUS|Graaff-Reinet || C22=VAN DER MERWE|PAUL JACOBUS|Graaff-Reinet || C23=VAN DER MERWE|NICOLAAS|Graaff-Reinet || C24=VAN DER MERWE|PETRUS|Graaff-Reinet || C25=VAN DER MERWE|DAVID SCHALK|Graaff-Reinet || C26=VAN DER MERWE|WILLEM CAREL|Graaff-Reinet || C27=VAN DER MERWE|ISAAC JOHANNES|Graaff-Reinet || C28=VAN DER MERWE|SCHALK WILLEM|Graaff-Reinet || C29=VAN DER MERWE|ROELOF PETRUS|Graaff-Reinet || C30=VAN DER MERWE|DANIEL JOHANNES|Graaff-Reinet || C31=VAN DER MERWE|BAREND FREDERIK|Graaff-Reinet || C32=VAN DER MERWE|JAN|Graaff-Reinet || C33=VAN DER MERWE|JOHANNES PETRUS|Graaff-Reinet
P0717,C01=VAN DER MERWE|ROELOF PETRUS|Graaff-Reinet || C02=VAN DER MERWE|WILLEM CAREL|Graaff-Reinet || C03=VAN DER MERWE|SCHALK JACOBUS|Graaff-Reinet || C04=VAN DER MERWE|ISAAC JOHANNES|Graaff-Reinet || C05=VAN DER MERWE|JOHANNES PETRUS|Graaff-Reinet || C06=VAN DER MERWE|HENDRIK SCHALK|Graaff-Reinet || C07=VAN DER MERWE|HENDRIK|Graaff-Reinet || C08=VAN DER MERWE|BAREND FREDERIK|Graaff-Reinet || C09=VAN DER MERWE|JACOB FRANCISCUS|Graaff-Reinet || C10=VAN DER MERWE|JOHANNA CATHARINA|Graaff-Reinet || C11=VAN DER MERWE|PETRUS|Graaff-Reinet || C12=VAN DER MERWE|PIETER|Graaff-Reinet || C13=VAN DER MERWE|HENDRIK STEPHANUS|Graaff-Reinet || C14=VAN DER MERWE|DAVID JACOBUS|Graaff-Reinet || C15=VAN DER MERWE|CAREL JOHANNES|Graaff-Reinet || C16=VAN DER MERWE|HENDRIK JACOBUS|Graaff-Reinet || C17=VAN DER MERWE|ANRIES PETRUS|Graaff-Reinet || C18=VAN DER MERWE|SCHALK WILLEM|Graaff-Reinet || C19=VAN DER MERWE|ANDRIES PETRUS|Graaff-Reinet || C20=VAN DER MERWE|NICOLAAS|Graaff-Reinet || C21=VAN DER MERWE|BAREND|Graaff-Reinet || C22=VAN DER MERWE|ANNA SOPHIA|Graaff-Reinet || C23=VAN DER MERWE|NICOLAAS JOHANNES STEPHANUS|Graaff-Reinet || C24=VAN DER MERWE|BAREND JACOBUS|Graaff-Reinet || C25=VAN DER MERWE|PAUL JACOBUS|Graaff-Reinet || C26=VAN DER MERWE|JOHANNES LODEWICUS|Graaff-Reinet || C27=VAN DER MERWE|ALETTA SOPHIA|Graaff-Reinet || C28=VAN DER MERWE|ANDRIES|Graaff-Reinet || C29=VAN DER MERWE|JOHANNES VALENTYN|Graaff-Reinet || C30=VAN DER MERWE|DAVID SCHALK|Graaff-Reinet || C31=VAN DER MERWE|DANIEL JOHANNES|Graaff-Reinet || C32=VAN DER MERWE|WILLEM JACOBUS|Graaff-Reinet || C33=VAN DER MERWE|JAN|Graaff-Reinet
P0718,C01=VAN DER MERWE|BAREND JACOBUS|Graaff-Reinet || C02=VAN DER MERWE|JOHANNA CATHARINA|Graaff-Reinet || C03=VAN DER MERWE|CAREL JOHANNES|Graaff-Reinet || C04=VAN DER MERWE|ANDRIES PETRUS|Graaff-Reinet || C05=VAN DER MERWE|JOHANNES PETRUS|Graaff-Reinet || C06=VAN DER MERWE|HENDRIK STEPHANUS|Graaff-Reinet || C07=VAN DER MERWE|HENDRIK SCHALK|Graaff-Reinet || C08=VAN DER MERWE|ANDRIES|Graaff-Reinet || C09=VAN DER MERWE|JACOB FRANCISCUS|Graaff-Reinet || C10=VAN DER MERWE|WILLEM CAREL|Graaff-Reinet || C11=VAN DER MERWE|DAVID JACOBUS|Graaff-Reinet || C12=VAN DER MERWE|BAREND|Graaff-Reinet || C13=VAN DER MERWE|PAUL JACOBUS|Graaff-Reinet || C14=VAN DER MERWE|BAREND FREDERIK|Graaff-Reinet || C15=VAN DER MERWE|ROELOF PETRUS|Graaff-Reinet || C16=VAN DER MERWE|NICOLAAS JOHANNES STEPHANUS|Graaff-Reinet || C17=VAN DER MERWE|JOHANNES VALENTYN|Graaff-Reinet || C18=VAN DER MERWE|ALETTA SOPHIA|Graaff-Reinet || C19=VAN DER MERWE|JOHANNES LODEWICUS|Graaff-Reinet || C20=VAN DER MERWE|ISAAC JOHANNES|Graaff-Reinet || C21=VAN DER MERWE|WILLEM JACOBUS|Graaff-Reinet || C22=VAN DER MERWE|SCHALK JACOBUS|Graaff-Reinet || C23=VAN DER MERWE|ANNA SOPHIA|Graaff-Reinet || C24=VAN DER MERWE|DAVID SCHALK|Graaff-Reinet || C25=VAN DER MERWE|HENDRIK|Graaff-Reinet || C26=VAN DER MERWE|ANRIES PETRUS|Graaff-Reinet || C27=VAN DER MERWE|PETRUS|Graaff-Reinet || C28=VAN DER MERWE|NICOLAAS|Graaff-Reinet || C29=VAN DER MERWE|PIETER|Graaff-Reinet || C30=VAN DER MERWE|SCHALK WILLEM|Graaff-Reinet || C31=VAN DER MERWE|DANIEL JOHANNES|Graaff-Reinet || C32=VAN DER MERWE|HENDRIK JACOBUS|Graaff-Reinet || C33=VAN DER MERWE|JAN|Graaff-Reinet
P0719,C01=VAN DER MERWE|ISAAC JOHANNES|Graaff-Reinet || C02=VAN DER MERWE|HENDRIK STEPHANUS|Graaff-Reinet || C03=VAN DER MERWE|JOHANNES VALENTYN|Graaff-Reinet || C04=VAN DER MERWE|HENDRIK JACOBUS|Graaff-Reinet || C05=VAN DER MERWE|JAN|Graaff-Reinet || C06=VAN DER MERWE|BAREND|Graaff-Reinet || C07=VAN DER MERWE|PIETER|Graaff-Reinet || C08=VAN DER MERWE|DAVID JACOBUS|Graaff-Reinet || C09=VAN DER MERWE|NICOLAAS|Graaff-Reinet || C10=VAN DER MERWE|JOHANNES LODEWICUS|Graaff-Reinet || C11=VAN DER MERWE|NICOLAAS JOHANNES STEPHANUS|Graaff-Reinet || C12=VAN DER MERWE|JACOB FRANCISCUS|Graaff-Reinet || C13=VAN DER MERWE|PETRUS|Graaff-Reinet || C14=VAN DER MERWE|JOHANNA CATHARINA|Graaff-Reinet || C15=VAN DER MERWE|BAREND FREDERIK|Graaff-Reinet || C16=VAN DER MERWE|JOHANNES PETRUS|Graaff-Reinet || C17=VAN DER MERWE|WILLEM CAREL|Graaff-Reinet || C18=VAN DER MERWE|ANRIES PETRUS|Graaff-Reinet || C19=VAN DER MERWE|DANIEL JOHANNES|Graaff-Reinet || C20=VAN DER MERWE|ANNA SOPHIA|Graaff-Reinet || C21=VAN DER MERWE|ALETTA SOPHIA|Graaff-Reinet || C22=VAN DER MERWE|HENDRIK SCHALK|Graaff-Reinet || C23=VAN DER MERWE|DAVID SCHALK|Graaff-Reinet || C24=VAN DER MERWE|ROELOF PETRUS|Graaff-Reinet || C25=VAN DER MERWE|ANDRIES|Graaff-Reinet || C26=VAN DER MERWE|SCHALK WILLEM|Graaff-Reinet || C27=VAN DER MERWE|PAUL JACOBUS|Graaff-Reinet || C28=VAN DER MERWE|BAREND JACOBUS|Graaff-Reinet || C29=VAN DER MERWE|CAREL JOHANNES|Graaff-Reinet || C30=VAN DER MERWE|ANDRIES PETRUS|Graaff-Reinet || C31=VAN DER MERWE|HENDRIK|Graaff-Reinet || C32=VAN DER MERWE|SCHALK JACOBUS|Graaff-Reinet || C33=VAN DER MERWE|WILLEM JACOBUS|Graaff-Reinet
P0720,C01=VAN DER MERWE|ALETTA SOPHIA|Graaff-Reinet || C02=VAN DER MERWE|JOHANNES LODEWICUS|Graaff-Reinet || C03=VAN DER MERWE|DANIEL JOHANNES|Graaff-Reinet || C04=VAN DER MERWE|BAREND FREDERIK|Graaff-Reinet || C05=VAN DER MERWE|ISAAC JOHANNES|Graaff-Reinet || C06=VAN DER MERWE|MARTINUS|Somerset || C07=VAN DER MERWE|HENDRIK|Graaff-Reinet || C08=VAN DER MERWE|GERRIT|Somerset || C09=VAN DER MERWE|JOHANNA CATHARINA|Graaff-Reinet || C10=VAN DER MERWE|CAREL JOHANNES|Graaff-Reinet || C11=VAN DER MERWE|WILLEM|Somerset || C12=VAN DER MERWE|ANDRIES PETRUS|Graaff-Reinet || C13=VAN DER MERWE|WILLEM CAREL|Graaff-Reinet || C14=VAN DER MERWE|DAVID JACOBUS|Graaff-Reinet || C15=VAN DER MERWE|BAREND JACOBUS|Graaff-Reinet || C16=VAN DER MERWE|HENDRIK JACOBUS|Graaff-Reinet || C17=VAN DER MERWE|ROELOF PETRUS|Graaff-Reinet || C18=VAN DER MERWE|PETRUS|Graaff-Reinet || C19=VAN DER MERWE|SCHALK JACOBUS|Graaff-Reinet || C20=VAN DER MERWE|ANDRIES|Graaff-Reinet || C21=VAN DER MERWE|BAREND|Graaff-Reinet || C22=VAN DER MERWE|NICOLAAS|Graaff-Reinet || C23=VAN DER MERWE|SCHALK WILLEM|Graaff-Reinet || C24=VAN DER MERWE|HENDRIK SCHALK|Graaff-Reinet || C25=VAN DER MERWE|HENDRIK STEPHANUS|Graaff-Reinet || C26=VAN DER MERWE|PAUL JACOBUS|Graaff-Reinet || C27=VAN DER MERWE|JAN|Graaff-Reinet || C28=VAN DER MERWE|ANRIES PETRUS|Graaff-Reinet || C29=VAN DER MERWE|NICOLAAS JOHANNES STEPHANUS|Graaff-Reinet || C30=VAN DER MERWE|PIETER|Graaff-Reinet || C31=VAN DER MERWE|JOHANNES MARTINUS|Uitenhage || C32=VAN DER MERWE|DAVID SCHALK|Graaff-Reinet || C33=VAN DER MERWE|PETRUS JACOBUS S PIET|Uitenhage || C34=VAN DER MERWE|JACOB FRANCISCUS|Graaff-Reinet || C35=VAN DER MERWE|ANNA SOPHIA|Graaff-Reinet || C36=VAN DER MERWE|WILLEM JACOBUS|Graaff-Reinet || C37=VAN DER MERWE|HENDRIK PETRUS|Somerset || C38=VAN DER MERWE|JOHANNES PETRUS|Graaff-Reinet || C39=VAN DER MERWE|JOHANNES VALENTYN|Graaff-Reinet
P0721,C01=VAN DER MERWE|JOHANNES PETRUS|Graaff-Reinet || C02=VAN DER MERWE|DAVID SCHALK|Graaff-Reinet || C03=VAN DER MERWE|ANNA SOPHIA|Graaff-Reinet || C04=VAN DER MERWE|MARTINUS|Somerset || C05=VAN DER MERWE|WILLEM|Somerset || C06=VAN DER MERWE|WILLEM JACOBUS|Graaff-Reinet || C07=VAN DER MERWE|ROELOF PETRUS|Graaff-Reinet || C08=VAN DER MERWE|PETRUS JACOBUS S PIET|Uitenhage || C09=VAN DER MERWE|DAVID JACOBUS|Graaff-Reinet || C10=VAN DER MERWE|ANDRIES PETRUS|Graaff-Reinet || C11=VAN DER MERWE|ANDRIES|Graaff-Reinet || C12=VAN DER MERWE|HENDRIK|Graaff-Reinet || C13=VAN DER MERWE|PETRUS|Graaff-Reinet || C14=VAN DER MERWE|JOHANNES VALENTYN|Graaff-Reinet || C15=VAN DER MERWE|PIETER|Graaff-Reinet || C16=VAN DER MERWE|JOHANNES LODEWICUS|Graaff-Reinet || C17=VAN DER MERWE|ISAAC JOHANNES|Graaff-Reinet || C18=VAN DER MERWE|DANIEL JOHANNES|Graaff-Reinet || C19=VAN DER MERWE|HENDRIK PETRUS|Somerset || C20=VAN DER MERWE|BAREND JACOBUS|Graaff-Reinet || C21=VAN DER MERWE|PAUL JACOBUS|Graaff-Reinet || C22=VAN DER MERWE|JACOB FRANCISCUS|Graaff-Reinet || C23=VAN DER MERWE|JAN|Graaff-Reinet || C24=VAN DER MERWE|BAREND FREDERIK|Graaff-Reinet || C25=VAN DER MERWE|CAREL JOHANNES|Graaff-Reinet || C26=VAN DER MERWE|WILLEM CAREL|Graaff-Reinet || C27=VAN DER MERWE|SCHALK JACOBUS|Graaff-Reinet || C28=VAN DER MERWE|BAREND|Graaff-Reinet || C29=VAN DER MERWE|JOHANNES MARTINUS|Uitenhage || C30=VAN DER MERWE|NICOLAAS|Graaff-Reinet || C31=VAN DER MERWE|GERRIT|Somerset || C32=VAN DER MERWE|NICOLAAS JOHANNES STEPHANUS|Graaff-Reinet || C33=VAN DER MERWE|HENDRIK JACOBUS|Graaff-Reinet || C34=VAN DER MERWE|ANRIES PETRUS|Graaff-Reinet || C35=VAN DER MERWE|HENDRIK SCHALK|Graaff-Reinet || C36=VAN DER MERWE|ALETTA SOPHIA|Graaff-Reinet || C37=VAN DER MERWE|SCHALK WILLEM|Graaff-Reinet || C38=VAN DER MERWE|JOHANNA CATHARINA|Graaff-Reinet || C39=VAN DER MERWE|HENDRIK STEPHANUS|Graaff-Reinet
P0722,C01=VAN DER MERWE|ALETTA SOPHIA|Graaff-Reinet || C02=VAN DER MERWE|HENDRIK STEPHANUS|Graaff-Reinet || C03=VAN DER MERWE|DAVID JACOBUS|Graaff-Reinet || C04=VAN DER MERWE|JAN|Graaff-Reinet || C05=VAN DER MERWE|WILLEM JACOBUS|Graaff-Reinet || C06=VAN DER MERWE|CAREL JOHANNES|Graaff-Reinet || C07=VAN DER MERWE|WILLEM CAREL|Graaff-Reinet || C08=VAN DER MERWE|ANDRIES PETRUS|Graaff-Reinet || C09=VAN DER MERWE|NICOLAAS|Graaff-Reinet || C10=VAN DER MERWE|JACOB FRANCISCUS|Graaff-Reinet || C11=VAN DER MERWE|HENDRIK JACOBUS|Graaff-Reinet || C12=VAN DER MERWE|HENDRIK SCHALK|Graaff-Reinet || C13=VAN DER MERWE|BAREND|Graaff-Reinet || C14=VAN DER MERWE|PAUL JACOBUS|Graaff-Reinet || C15=VAN DER MERWE|PIETER|Graaff-Reinet || C16=VAN DER MERWE|ISAAC JOHANNES|Graaff-Reinet || C17=VAN DER MERWE|PETRUS JACOBUS S PIET|Uitenhage || C18=VAN DER MERWE|SCHALK WILLEM|Graaff-Reinet || C19=VAN DER MERWE|HENDRIK|Graaff-Reinet || C20=VAN DER MERWE|SCHALK JACOBUS|Graaff-Reinet || C21=VAN DER MERWE|BAREND FREDERIK|Graaff-Reinet || C22=VAN DER MERWE|GERRIT|Somerset || C23=VAN DER MERWE|ROELOF PETRUS|Graaff-Reinet || C24=VAN DER MERWE|MARTINUS|Somerset || C25=VAN DER MERWE|JOHANNA CATHARINA|Graaff-Reinet || C26=VAN DER MERWE|DAVID SCHALK|Graaff-Reinet || C27=VAN DER MERWE|WILLEM|Somerset || C28=VAN DER MERWE|ANRIES PETRUS|Graaff-Reinet || C29=VAN DER MERWE|DANIEL JOHANNES|Graaff-Reinet || C30=VAN DER MERWE|HENDRIK PETRUS|Somerset || C31=VAN DER MERWE|PETRUS|Graaff-Reinet || C32=VAN DER MERWE|JOHANNES VALENTYN|Graaff-Reinet || C33=VAN DER MERWE|BAREND JACOBUS|Graaff-Reinet || C34=VAN DER MERWE|NICOLAAS JOHANNES STEPHANUS|Graaff-Reinet || C35=VAN DER MERWE|JOHANNES MARTINUS|Uitenhage || C36=VAN DER MERWE|JOHANNES LODEWICUS|Graaff-Reinet || C37=VAN DER MERWE|ANDRIES|Graaff-Reinet || C38=VAN DER MERWE|JOHANNES PETRUS|Graaff-Reinet || C39=VAN DER MERWE|ANNA SOPHIA|Graaff-Reinet
P0723,C01=VAN DER MERWE|JOHANNES MARTINUS|Uitenhage || C02=VAN DER MERWE|ISAAC JOHANNES|Graaff-Reinet || C03=VAN DER MERWE|CAREL JOHANNES|Graaff-Reinet || C04=VAN DER MERWE|PETRUS|Graaff-Reinet || C05=VAN DER MERWE|DAVID SCHALK|Graaff-Reinet || C06=VAN DER MERWE|PIETER|Graaff-Reinet || C07=VAN DER MERWE|WILLEM|Somerset || C08=VAN DER MERWE|HENDRIK JACOBUS|Graaff-Reinet || C09=VAN DER MERWE|JAN|Graaff-Reinet || C10=VAN DER MERWE|HENDRIK|Graaff-Reinet || C11=VAN DER MERWE|MARTINUS|Somerset || C12=VAN DER MERWE|PAUL JACOBUS|Graaff-Reinet || C13=VAN DER MERWE|HENDRIK SCHALK|Graaff-Reinet || C14=VAN DER MERWE|ANNA SOPHIA|Graaff-Reinet || C15=VAN DER MERWE|HENDRIK STEPHANUS|Graaff-Reinet || C16=VAN DER MERWE|NICOLAAS|Graaff-Reinet || C17=VAN DER MERWE|DAVID JACOBUS|Graaff-Reinet || C18=VAN DER MERWE|JOHANNES PETRUS|Graaff-Reinet || C19=VAN DER MERWE|ANDRIES PETRUS|Graaff-Reinet || C20=VAN DER MERWE|PETRUS JACOBUS S PIET|Uitenhage || C21=VAN DER MERWE|BAREND|Graaff-Reinet || C22=VAN DER MERWE|ANDRIES|Graaff-Reinet || C23=VAN DER MERWE|ANRIES PETRUS|Graaff-Reinet || C24=VAN DER MERWE|BAREND FREDERIK|Graaff-Reinet || C25=VAN DER MERWE|WILLEM JACOBUS|Graaff-Reinet || C26=VAN DER MERWE|JOHANNES LODEWICUS|Graaff-Reinet || C27=VAN DER MERWE|ROELOF PETRUS|Graaff-Reinet || C28=VAN DER MERWE|JOHANNA CATHARINA|Graaff-Reinet || C29=VAN DER MERWE|NICOLAAS JOHANNES STEPHANUS|Graaff-Reinet || C30=VAN DER MERWE|DANIEL JOHANNES|Graaff-Reinet || C31=VAN DER MERWE|HENDRIK PETRUS|Somerset || C32=VAN DER MERWE|BAREND JACOBUS|Graaff-Reinet || C33=VAN DER MERWE|SCHALK JACOBUS|Graaff-Reinet || C34=VAN DER MERWE|GERRIT|Somerset || C35=VAN DER MERWE|JOHANNES VALENTYN|Graaff-Reinet || C36=VAN DER MERWE|JACOB FRANCISCUS|Graaff-Reinet || C37=VAN DER MERWE|WILLEM CAREL|Graaff-Reinet || C38=VAN DER MERWE|SCHALK WILLEM|Graaff-Reinet || C39=VAN DER MERWE|ALETTA SOPHIA|Graaff-Reinet
P0724,C01=VAN DER MERWE|ANDRIES|Graaff-Reinet || C02=VAN DER MERWE|BAREND FREDERIK|Graaff-Reinet || C03=VAN DER MERWE|WILLEM CAREL|Graaff-Reinet || C04=VAN DER MERWE|HENDRIK STEPHANUS|Graaff-Reinet || C05=VAN DER MERWE|PETRUS|Graaff-Reinet || C06=VAN DER MERWE|DANIEL JOHANNES|Graaff-Reinet || C07=VAN DER MERWE|ISAAC JOHANNES|Graaff-Reinet || C08=VAN DER MERWE|HENDRIK|Graaff-Reinet || C09=VAN DER MERWE|HENDRIK JACOBUS|Graaff-Reinet || C10=VAN DER MERWE|HENDRIK PETRUS|Somerset || C11=VAN DER MERWE|WILLEM|Somerset || C12=VAN DER MERWE|JAN|Graaff-Reinet || C13=VAN DER MERWE|SCHALK WILLEM|Graaff-Reinet || C14=VAN DER MERWE|JOHANNES LODEWICUS|Graaff-Reinet || C15=VAN DER MERWE|JOHANNES PETRUS|Graaff-Reinet || C16=VAN DER MERWE|WILLEM JACOBUS|Graaff-Reinet || C17=VAN DER MERWE|GERRIT|Somerset || C18=VAN DER MERWE|DAVID JACOBUS|Graaff-Reinet || C19=VAN DER MERWE|JOHANNES MARTINUS|Uitenhage || C20=VAN DER MERWE|HENDRIK SCHALK|Graaff-Reinet || C21=VAN DER MERWE|NICOLAAS JOHANNES STEPHANUS|Graaff-Reinet || C22=VAN DER MERWE|SCHALK JACOBUS|Graaff-Reinet || C23=VAN DER MERWE|PETRUS JACOBUS S PIET|Uitenhage || C24=VAN DER MERWE|BAREND|Graaff-Reinet || C25=VAN DER MERWE|CAREL JOHANNES|Graaff-Reinet || C26=VAN DER MERWE|ROELOF PETRUS|Graaff-Reinet || C27=VAN DER MERWE|ANNA SOPHIA|Graaff-Reinet || C28=VAN DER MERWE|BAREND JACOBUS|Graaff-Reinet || C29=VAN DER MERWE|NICOLAAS|Graaff-Reinet || C30=VAN DER MERWE|ANDRIES PETRUS|Graaff-Reinet || C31=VAN DER MERWE|PIETER|Graaff-Reinet || C32=VAN DER MERWE|JACOB FRANCISCUS|Graaff-Reinet || C33=VAN DER MERWE|ALETTA SOPHIA|Graaff-Reinet || C34=VAN DER MERWE|PAUL JACOBUS|Graaff-Reinet || C35=VAN DER MERWE|ANRIES PETRUS|Graaff-Reinet || C36=VAN DER MERWE|JOHANNES VALENTYN|Graaff-Reinet || C37=VAN DER MERWE|JOHANNA CATHARINA|Graaff-Reinet || C38=VAN DER MERWE|MARTINUS|Somerset || C39=VAN DER MERWE|DAVID SCHALK|Graaff-Reinet
P0725,C01=VAN DER MERWE|JACOBUS WILLEM|Beaufort || C02=VAN DER MERWE|JAN|Graaff-Reinet || C03=VAN DER MERWE|PETRUS|Graaff-Reinet || C04=VAN DER MERWE|SCHALK WILLEM|Graaff-Reinet || C05=VAN DER MERWE|ANDRIES|Graaff-Reinet || C06=VAN DER MERWE|WILLEM JACOBUS|Graaff-Reinet || C07=VAN DER MERWE|HENDRIK JACOBUS|Graaff-Reinet || C08=VAN DER MERWE|BAREND|Graaff-Reinet || C09=VAN DER MERWE|WILLEM CAREL|Graaff-Reinet || C10=VAN DER MERWE|PAUL JACOBUS|Graaff-Reinet || C11=VAN DER MERWE|CAREL JOHANNES|Graaff-Reinet || C12=VAN DER MERWE|JOHANNES VALENTYN|Graaff-Reinet || C13=VAN DER MERWE|NICOLAAS JOHANNES STEPHANUS|Graaff-Reinet || C14=VAN DER MERWE|DANIEL JOHANNES|Graaff-Reinet || C15=VAN DER MERWE|ISAAC JOHANNES|Graaff-Reinet || C16=VAN DER MERWE|ROELOF PETRUS|Graaff-Reinet || C17=VAN DER MERWE|JOHANNES LODEWICUS|Graaff-Reinet || C18=VAN DER MERWE|HENDRIK|Graaff-Reinet || C19=VAN DER MERWE|HENDRIK PETRUS|Somerset || C20=VAN DER MERWE|NICOLAAS|Graaff-Reinet || C21=VAN DER MERWE|JOHANNES PETRUS|Graaff-Reinet || C22=VAN DER MERWE|WILLEM|Somerset || C23=VAN DER MERWE|ANDRIES PETRUS|Graaff-Reinet || C24=VAN DER MERWE|DAVID JACOBUS|Graaff-Reinet || C25=VAN DER MERWE|GERRIT|Somerset || C26=VAN DER MERWE|ANRIES PETRUS|Graaff-Reinet || C27=VAN DER MERWE|ALETTA SOPHIA|Graaff-Reinet || C28=VAN DER MERWE|BAREND JACOBUS|Graaff-Reinet || C29=VAN DER MERWE|JOHANNA CATHARINA|Graaff-Reinet || C30=VAN DER MERWE|HENDRIK SCHALK|Graaff-Reinet || C31=VAN DER MERWE|MARTINUS|Somerset || C32=VAN DER MERWE|JOHANNES PETRUS|Beaufort || C33=VAN DER MERWE|SCHALK JACOBUS|Graaff-Reinet || C34=VAN DER MERWE|JACOB FRANCISCUS|Graaff-Reinet || C35=VAN DER MERWE|ANNA SOPHIA|Graaff-Reinet || C36=VAN DER MERWE|PIETER|Graaff-Reinet || C37=VAN DER MERWE|HENDRIK STEPHANUS|Graaff-Reinet || C38=VAN DER MERWE|DAVID SCHALK|Graaff-Reinet || C39=VAN DER MERWE|BAREND FREDERIK|Graaff-Reinet
P0726,C01=VAN DER MERWE|HENDRIK|Graaff-Reinet || C02=VAN DER MERWE|WILLEM JACOBUS|Graaff-Reinet || C03=VAN DER MERWE|WILLEM CAREL|Graaff-Reinet || C04=VAN DER MERWE|GERRIT|Somerset || C05=VAN DER MERWE|ANDRIES PETRUS|Graaff-Reinet || C06=VAN DER MERWE|JACOB FRANCISCUS|Graaff-Reinet || C07=VAN DER MERWE|SCHALK WILLEM|Graaff-Reinet || C08=VAN DER MERWE|PAUL JACOBUS|Graaff-Reinet || C09=VAN DER MERWE|DANIEL JOHANNES|Graaff-Reinet || C10=VAN DER MERWE|HENDRIK PETRUS|Somerset || C11=VAN DER MERWE|ISAAC JOHANNES|Graaff-Reinet || C12=VAN DER MERWE|DAVID JACOBUS|Graaff-Reinet || C13=VAN DER MERWE|JOHANNES PETRUS|Graaff-Reinet || C14=VAN DER MERWE|SCHALK JACOBUS|Graaff-Reinet || C15=VAN DER MERWE|BAREND FREDERIK|Graaff-Reinet || C16=VAN DER MERWE|HENDRIK STEPHANUS|Graaff-Reinet || C17=VAN DER MERWE|HENDRIK JACOBUS|Graaff-Reinet || C18=VAN DER MERWE|ANNA SOPHIA|Graaff-Reinet || C19=VAN DER MERWE|PIETER|Graaff-Reinet || C20=VAN DER MERWE|PETRUS|Graaff-Reinet || C21=VAN DER MERWE|DAVID SCHALK|Graaff-Reinet || C22=VAN DER MERWE|BAREND JACOBUS|Graaff-Reinet || C23=VAN DER MERWE|JAN|Graaff-Reinet || C24=VAN DER MERWE|ROELOF PETRUS|Graaff-Reinet || C25=VAN DER MERWE|NICOLAAS|Graaff-Reinet || C26=VAN DER MERWE|CAREL JOHANNES|Graaff-Reinet || C27=VAN DER MERWE|JACOBUS WILLEM|Beaufort || C28=VAN DER MERWE|HENDRIK SCHALK|Graaff-Reinet || C29=VAN DER MERWE|JOHANNA CATHARINA|Graaff-Reinet || C30=VAN DER MERWE|MARTINUS|Somerset || C31=VAN DER MERWE|NICOLAAS JOHANNES STEPHANUS|Graaff-Reinet || C32=VAN DER MERWE|JOHANNES VALENTYN|Graaff-Reinet || C33=VAN DER MERWE|JOHANNES PETRUS|Beaufort || C34=VAN DER MERWE|BAREND|Graaff-Reinet || C35=VAN DER MERWE|ANRIES PETRUS|Graaff-Reinet || C36=VAN DER MERWE|ANDRIES|Graaff-Reinet || C37=VAN DER MERWE|WILLEM|Somerset || C38=VAN DER MERWE|JOHANNES LODEWICUS|Graaff-Reinet || C39=VAN DER MERWE|ALETTA SOPHIA|Graaff-Reinet
P0727,C01=VAN DER MERWE|PETRUS JACOBUS S PIET|Uitenhage || C02=VAN DER MERWE|JOHANNES MARTINUS|Uitenhage
P0728,C01=VAN DER MERWE|JOHANNES MARTINUS|Uitenhage || C02=VAN DER MERWE|PETRUS JACOBUS S PIET|Uitenhage
P0729,C01=VAN DER MERWE|PETRUS JACOBUS S PIET|Uitenhage || C02=VAN DER MERWE|JOHANNES MARTINUS|Uitenhage
P0730,C01=VAN DER MERWE|SCHALK WILLEM|Graaff-Reinet || C02=VAN DER MERWE|PAUL JACOBUS|Graaff-Reinet || C03=VAN DER MERWE|PIETER|Graaff-Reinet || C04=VAN DER MERWE|NICOLAAS|Graaff-Reinet || C05=VAN DER MERWE|HENDRIK SCHALK|Graaff-Reinet || C06=VAN DER MERWE|DANIEL JOHANNES|Graaff-Reinet || C07=VAN DER MERWE|BAREND FREDERIK|Graaff-Reinet || C08=VAN DER MERWE|DAVID JACOBUS|Graaff-Reinet || C09=VAN DER MERWE|JACOB FRANCISCUS|Graaff-Reinet || C10=VAN DER MERWE|ROELOF PETRUS|Graaff-Reinet || C11=VAN DER MERWE|BAREND|Graaff-Reinet || C12=VAN DER MERWE|ALETTA SOPHIA|Graaff-Reinet || C13=VAN DER MERWE|JOHANNES VALENTYN|Graaff-Reinet || C14=VAN DER MERWE|BAREND JACOBUS|Graaff-Reinet || C15=VAN DER MERWE|PETRUS JACOBUS S PIET|Uitenhage || C16=VAN DER MERWE|SCHALK JACOBUS|Graaff-Reinet || C17=VAN DER MERWE|JAN|Graaff-Reinet || C18=VAN DER MERWE|WILLEM|Somerset || C19=VAN DER MERWE|PETRUS|Graaff-Reinet || C20=VAN DER MERWE|HENDRIK|Graaff-Reinet || C21=VAN DER MERWE|ANRIES PETRUS|Graaff-Reinet || C22=VAN DER MERWE|MARTINUS|Somerset || C23=VAN DER MERWE|JOHANNES LODEWICUS|Graaff-Reinet || C24=VAN DER MERWE|NICOLAAS JOHANNES STEPHANUS|Graaff-Reinet || C25=VAN DER MERWE|JOHANNES PETRUS|Graaff-Reinet || C26=VAN DER MERWE|CAREL JOHANNES|Graaff-Reinet || C27=VAN DER MERWE|ANDRIES|Graaff-Reinet || C28=VAN DER MERWE|JOHANNES MARTINUS|Uitenhage || C29=VAN DER MERWE|WILLEM CAREL|Graaff-Reinet || C30=VAN DER MERWE|ANDRIES PETRUS|Graaff-Reinet || C31=VAN DER MERWE|GERRIT|Somerset || C32=VAN DER MERWE|HENDRIK PETRUS|Somerset || C33=VAN DER MERWE|JOHANNA CATHARINA|Graaff-Reinet || C34=VAN DER MERWE|WILLEM JACOBUS|Graaff-Reinet || C35=VAN DER MERWE|ISAAC JOHANNES|Graaff-Reinet || C36=VAN DER MERWE|ANNA SOPHIA|Graaff-Reinet || C37=VAN DER MERWE|DAVID SCHALK|Graaff-Reinet || C38=VAN DER MERWE|HENDRIK JACOBUS|Graaff-Reinet || C39=VAN DER MERWE|HENDRIK STEPHANUS|Graaff-Reinet
P0731,C01=VAN DER MERWE|JOHANNES VALENTYN|Graaff-Reinet || C02=VAN DER MERWE|WILLEM CAREL|Graaff-Reinet || C03=VAN DER MERWE|BAREND JACOBUS|Graaff-Reinet || C04=VAN DER MERWE|NICOLAAS|Graaff-Reinet || C05=VAN DER MERWE|SCHALK JACOBUS|Graaff-Reinet || C06=VAN DER MERWE|JOHANNA CATHARINA|Graaff-Reinet || C07=VAN DER MERWE|DANIEL JOHANNES|Graaff-Reinet || C08=VAN DER MERWE|ROELOF PETRUS|Graaff-Reinet || C09=VAN DER MERWE|ISAAC JOHANNES|Graaff-Reinet || C10=VAN DER MERWE|ALETTA SOPHIA|Graaff-Reinet || C11=VAN DER MERWE|ANNA SOPHIA|Graaff-Reinet || C12=VAN DER MERWE|JOHANNES PETRUS|Graaff-Reinet || C13=VAN DER MERWE|MARTINUS|Somerset || C14=VAN DER MERWE|BAREND FREDERIK|Graaff-Reinet || C15=VAN DER MERWE|ANRIES PETRUS|Graaff-Reinet || C16=VAN DER MERWE|GERRIT|Somerset || C17=VAN DER MERWE|JOHANNES MARTINUS|Uitenhage || C18=VAN DER MERWE|WILLEM|Somerset || C19=VAN DER MERWE|WILLEM JACOBUS|Graaff-Reinet || C20=VAN DER MERWE|JACOB FRANCISCUS|Graaff-Reinet || C21=VAN DER MERWE|PETRUS JACOBUS S PIET|Uitenhage || C22=VAN DER MERWE|PIETER|Graaff-Reinet || C23=VAN DER MERWE|HENDRIK STEPHANUS|Graaff-Reinet || C24=VAN DER MERWE|ANDRIES|Graaff-Reinet || C25=VAN DER MERWE|HENDRIK|Graaff-Reinet || C26=VAN DER MERWE|HENDRIK JACOBUS|Graaff-Reinet || C27=VAN DER MERWE|NICOLAAS JOHANNES STEPHANUS|Graaff-Reinet || C28=VAN DER MERWE|BAREND|Graaff-Reinet || C29=VAN DER MERWE|JAN|Graaff-Reinet || C30=VAN DER MERWE|CAREL JOHANNES|Graaff-Reinet || C31=VAN DER MERWE|JOHANNES LODEWICUS|Graaff-Reinet || C32=VAN DER MERWE|PAUL JACOBUS|Graaff-Reinet || C33=VAN DER MERWE|ANDRIES PETRUS|Graaff-Reinet || C34=VAN DER MERWE|HENDRIK SCHALK|Graaff-Reinet || C35=VAN DER MERWE|DAVID SCHALK|Graaff-Reinet || C36=VAN DER MERWE|DAVID JACOBUS|Graaff-Reinet || C37=VAN DER MERWE|PETRUS|Graaff-Reinet || C38=VAN DER MERWE|HENDRIK PETRUS|Somerset || C39=VAN DER MERWE|SCHALK WILLEM|Graaff-Reinet
P0732,C01=VAN DER MERWE|BAREND JACOBUS|Graaff-Reinet || C02=VAN DER MERWE|DAVID JACOBUS|Graaff-Reinet || C03=VAN DER MERWE|PETRUS JACOBUS S PIET|Uitenhage || C04=VAN DER MERWE|PETRUS|Graaff-Reinet || C05=VAN DER MERWE|JAN|Graaff-Reinet || C06=VAN DER MERWE|GERRIT|Somerset || C07=VAN DER MERWE|SCHALK WILLEM|Graaff-Reinet || C08=VAN DER MERWE|ANDRIES PETRUS|Graaff-Reinet || C09=VAN DER MERWE|HENDRIK PETRUS|Somerset || C10=VAN DER MERWE|HENDRIK SCHALK|Graaff-Reinet || C11=VAN DER MERWE|DANIEL JOHANNES|Graaff-Reinet || C12=VAN DER MERWE|JOHANNES LODEWICUS|Graaff-Reinet || C13=VAN DER MERWE|PIETER|Graaff-Reinet || C14=VAN DER MERWE|WILLEM CAREL|Graaff-Reinet || C15=VAN DER MERWE|HENDRIK|Graaff-Reinet || C16=VAN DER MERWE|ISAAC JOHANNES|Graaff-Reinet || C17=VAN DER MERWE|ROELOF PETRUS|Graaff-Reinet || C18=VAN DER MERWE|ALETTA SOPHIA|Graaff-Reinet || C19=VAN DER MERWE|HENDRIK STEPHANUS|Graaff-Reinet || C20=VAN DER MERWE|NICOLAAS|Graaff-Reinet || C21=VAN DER MERWE|PAUL JACOBUS|Graaff-Reinet || C22=VAN DER MERWE|JOHANNES MARTINUS|Uitenhage || C23=VAN DER MERWE|NICOLAAS JOHANNES STEPHANUS|Graaff-Reinet || C24=VAN DER MERWE|JACOB FRANCISCUS|Graaff-Reinet || C25=VAN DER MERWE|ANDRIES|Graaff-Reinet || C26=VAN DER MERWE|ANRIES PETRUS|Graaff-Reinet || C27=VAN DER MERWE|WILLEM JACOBUS|Graaff-Reinet || C28=VAN DER MERWE|CAREL JOHANNES|Graaff-Reinet || C29=VAN DER MERWE|JOHANNES VALENTYN|Graaff-Reinet || C30=VAN DER MERWE|HENDRIK JACOBUS|Graaff-Reinet || C31=VAN DER MERWE|SCHALK JACOBUS|Graaff-Reinet || C32=VAN DER MERWE|BAREND FREDERIK|Graaff-Reinet || C33=VAN DER MERWE|WILLEM|Somerset || C34=VAN DER MERWE|ANNA SOPHIA|Graaff-Reinet || C35=VAN DER MERWE|JOHANNA CATHARINA|Graaff-Reinet || C36=VAN DER MERWE|BAREND|Graaff-Reinet || C37=VAN DER MERWE|JOHANNES PETRUS|Graaff-Reinet || C38=VAN DER MERWE|MARTINUS|Somerset || C39=VAN DER MERWE|DAVID SCHALK|Graaff-Reinet
P0733,C01=VAN DER MERWE|SCHALK JACOBUS|Graaff-Reinet || C02=VAN DER MERWE|SCHALK WILLEM|Graaff-Reinet || C03=VAN DER MERWE|DAVID JACOBUS|Graaff-Reinet || C04=VAN DER MERWE|JOHANNA CATHARINA|Graaff-Reinet || C05=VAN DER MERWE|HENDRIK|Graaff-Reinet || C06=VAN DER MERWE|DANIEL JOHANNES|Graaff-Reinet || C07=VAN DER MERWE|JACOB FRANCISCUS|Graaff-Reinet || C08=VAN DER MERWE|WILLEM CAREL|Graaff-Reinet || C09=VAN DER MERWE|ROELOF PETRUS|Graaff-Reinet || C10=VAN DER MERWE|JOHANNES LODEWICUS|Graaff-Reinet || C11=VAN DER MERWE|JOHANNES VALENTYN|Graaff-Reinet || C12=VAN DER MERWE|PIETER|Graaff-Reinet || C13=VAN DER MERWE|NICOLAAS|Graaff-Reinet || C14=VAN DER MERWE|NICOLAAS JOHANNES STEPHANUS|Graaff-Reinet || C15=VAN DER MERWE|JAN|Graaff-Reinet || C16=VAN DER MERWE|BAREND JACOBUS|Graaff-Reinet || C17=VAN DER MERWE|HENDRIK STEPHANUS|Graaff-Reinet || C18=VAN DER MERWE|PAUL JACOBUS|Graaff-Reinet || C19=VAN DER MERWE|HENDRIK JACOBUS|Graaff-Reinet || C20=VAN DER MERWE|ANRIES PETRUS|Graaff-Reinet || C21=VAN DER MERWE|ANDRIES PETRUS|Graaff-Reinet || C22=VAN DER MERWE|DAVID SCHALK|Graaff-Reinet || C23=VAN DER MERWE|BAREND|Graaff-Reinet || C24=VAN DER MERWE|ISAAC JOHANNES|Graaff-Reinet || C25=VAN DER MERWE|WILLEM JACOBUS|Graaff-Reinet || C26=VAN DER MERWE|ANDRIES|Graaff-Reinet || C27=VAN DER MERWE|BAREND FREDERIK|Graaff-Reinet || C28=VAN DER MERWE|HENDRIK SCHALK|Graaff-Reinet || C29=VAN DER MERWE|ALETTA SOPHIA|Graaff-Reinet || C30=VAN DER MERWE|CAREL JOHANNES|Graaff-Reinet || C31=VAN DER MERWE|PETRUS|Graaff-Reinet || C32=VAN DER MERWE|JOHANNES PETRUS|Graaff-Reinet || C33=VAN DER MERWE|ANNA SOPHIA|Graaff-Reinet
P0734,C01=VAN DER MERWE|JOHANNES PETRUS|Graaff-Reinet || C02=VAN DER MERWE|WILLEM CAREL|Graaff-Reinet || C03=VAN DER MERWE|ANDRIES PETRUS|Graaff-Reinet || C04=VAN DER MERWE|DAVID SCHALK|Graaff-Reinet || C05=VAN DER MERWE|SCHALK WILLEM|Graaff-Reinet || C06=VAN DER MERWE|ROELOF PETRUS|Graaff-Reinet || C07=VAN DER MERWE|HENDRIK STEPHANUS|Graaff-Reinet || C08=VAN DER MERWE|DANIEL JOHANNES|Graaff-Reinet || C09=VAN DER MERWE|ANRIES PETRUS|Graaff-Reinet || C10=VAN DER MERWE|WILLEM JACOBUS|Graaff-Reinet || C11=VAN DER MERWE|BAREND JACOBUS|Graaff-Reinet || C12=VAN DER MERWE|JOHANNES LODEWICUS|Graaff-Reinet || C13=VAN DER MERWE|PIETER|Graaff-Reinet || C14=VAN DER MERWE|NICOLAAS JOHANNES STEPHANUS|Graaff-Reinet || C15=VAN DER MERWE|BAREND FREDERIK|Graaff-Reinet || C16=VAN DER MERWE|JAN|Graaff-Reinet || C17=VAN DER MERWE|SCHALK JACOBUS|Graaff-Reinet || C18=VAN DER MERWE|JOHANNA CATHARINA|Graaff-Reinet || C19=VAN DER MERWE|ALETTA SOPHIA|Graaff-Reinet || C20=VAN DER MERWE|DAVID JACOBUS|Graaff-Reinet || C21=VAN DER MERWE|HENDRIK|Graaff-Reinet || C22=VAN DER MERWE|BAREND|Graaff-Reinet || C23=VAN DER MERWE|CAREL JOHANNES|Graaff-Reinet || C24=VAN DER MERWE|HENDRIK SCHALK|Graaff-Reinet || C25=VAN DER MERWE|ISAAC JOHANNES|Graaff-Reinet || C26=VAN DER MERWE|JOHANNES VALENTYN|Graaff-Reinet || C27=VAN DER MERWE|ANDRIES|Graaff-Reinet || C28=VAN DER MERWE|PAUL JACOBUS|Graaff-Reinet || C29=VAN DER MERWE|JACOB FRANCISCUS|Graaff-Reinet || C30=VAN DER MERWE|NICOLAAS|Graaff-Reinet || C31=VAN DER MERWE|ANNA SOPHIA|Graaff-Reinet || C32=VAN DER MERWE|PETRUS|Graaff-Reinet || C33=VAN DER MERWE|HENDRIK JACOBUS|Graaff-Reinet
P0735,C01=VAN DER MERWE|JOHANNES VALENTYN|Graaff-Reinet || C02=VAN DER MERWE|HENDRIK STEPHANUS|Graaff-Reinet || C03=VAN DER MERWE|ISAAC JOHANNES|Graaff-Reinet || C04=VAN DER MERWE|JOHANNES LODEWICUS|Graaff-Reinet || C05=VAN DER MERWE|ANDRIES|Graaff-Reinet || C06=VAN DER MERWE|PIETER|Graaff-Reinet || C07=VAN DER MERWE|JAN|Graaff-Reinet || C08=VAN DER MERWE|PETRUS|Graaff-Reinet || C09=VAN DER MERWE|WILLEM CAREL|Graaff-Reinet || C10=VAN DER MERWE|BAREND JACOBUS|Graaff-Reinet || C11=VAN DER MERWE|ANDRIES PETRUS|Graaff-Reinet || C12=VAN DER MERWE|HENDRIK JACOBUS|Graaff-Reinet || C13=VAN DER MERWE|DAVID SCHALK|Graaff-Reinet || C14=VAN DER MERWE|NICOLAAS|Graaff-Reinet || C15=VAN DER MERWE|JOHANNES PETRUS|Graaff-Reinet || C16=VAN DER MERWE|JACOB FRANCISCUS|Graaff-Reinet || C17=VAN DER MERWE|ROELOF PETRUS|Graaff-Reinet || C18=VAN DER MERWE|JOHANNA CATHARINA|Graaff-Reinet || C19=VAN DER MERWE|DANIEL JOHANNES|Graaff-Reinet || C20=VAN DER MERWE|DAVID JACOBUS|Graaff-Reinet || C21=VAN DER MERWE|BAREND FREDERIK|Graaff-Reinet || C22=VAN DER MERWE|ANRIES PETRUS|Graaff-Reinet || C23=VAN DER MERWE|HENDRIK|Graaff-Reinet || C24=VAN DER MERWE|WILLEM JACOBUS|Graaff-Reinet || C25=VAN DER MERWE|CAREL JOHANNES|Graaff-Reinet || C26=VAN DER MERWE|HENDRIK SCHALK|Graaff-Reinet || C27=VAN DER MERWE|PAUL JACOBUS|Graaff-Reinet || C28=VAN DER MERWE|BAREND|Graaff-Reinet || C29=VAN DER MERWE|ANNA SOPHIA|Graaff-Reinet || C30=VAN DER MERWE|SCHALK JACOBUS|Graaff-Reinet || C31=VAN DER MERWE|NICOLAAS JOHANNES STEPHANUS|Graaff-Reinet || C32=VAN DER MERWE|ALETTA SOPHIA|Graaff-Reinet || C33=VAN DER MERWE|SCHALK WILLEM|Graaff-Reinet
P0736,C01=VAN DER MERWE|CAREL JOHANNES|Graaff-Reinet || C02=VAN DER MERWE|HENDRIK JACOBUS|Graaff-Reinet || C03=VAN DER MERWE|HENDRIK SCHALK|Graaff-Reinet || C04=VAN DER MERWE|ANDRIES|Graaff-Reinet || C05=VAN DER MERWE|ANNA SOPHIA|Graaff-Reinet || C06=VAN DER MERWE|PETRUS|Graaff-Reinet || C07=VAN DER MERWE|PETRUS JACOBUS S PIET|Uitenhage || C08=VAN DER MERWE|DANIEL JOHANNES|Graaff-Reinet || C09=VAN DER MERWE|WILLEM CAREL|Graaff-Reinet || C10=VAN DER MERWE|JOHANNES MARTINUS|Uitenhage || C11=VAN DER MERWE|ANRIES PETRUS|Graaff-Reinet || C12=VAN DER MERWE|BAREND|Graaff-Reinet || C13=VAN DER MERWE|MARTINUS|Somerset || C14=VAN DER MERWE|PAUL JACOBUS|Graaff-Reinet || C15=VAN DER MERWE|NICOLAAS|Graaff-Reinet || C16=VAN DER MERWE|DAVID SCHALK|Graaff-Reinet || C17=VAN DER MERWE|HENDRIK PETRUS|Somerset || C18=VAN DER MERWE|GERRIT|Somerset || C19=VAN DER MERWE|WILLEM|Somerset || C20=VAN DER MERWE|DAVID JACOBUS|Graaff-Reinet || C21=VAN DER MERWE|BAREND FREDERIK|Graaff-Reinet || C22=VAN DER MERWE|JOHANNA CATHARINA|Graaff-Reinet || C23=VAN DER MERWE|JOHANNES PETRUS|Graaff-Reinet || C24=VAN DER MERWE|SCHALK WILLEM|Graaff-Reinet || C25=VAN DER MERWE|SCHALK JACOBUS|Graaff-Reinet || C26=VAN DER MERWE|JAN|Graaff-Reinet || C27=VAN DER MERWE|JOHANNES LODEWICUS|Graaff-Reinet || C28=VAN DER MERWE|ROELOF PETRUS|Graaff-Reinet || C29=VAN DER MERWE|JOHANNES VALENTYN|Graaff-Reinet || C30=VAN DER MERWE|NICOLAAS JOHANNES STEPHANUS|Graaff-Reinet || C31=VAN DER MERWE|WILLEM JACOBUS|Graaff-Reinet || C32=VAN DER MERWE|ISAAC JOHANNES|Graaff-Reinet || C33=VAN DER MERWE|HENDRIK STEPHANUS|Graaff-Reinet || C34=VAN DER MERWE|BAREND JACOBUS|Graaff-Reinet || C35=VAN DER MERWE|ALETTA SOPHIA|Graaff-Reinet || C36=VAN DER MERWE|ANDRIES PETRUS|Graaff-Reinet || C37=VAN DER MERWE|JACOB FRANCISCUS|Graaff-Reinet || C38=VAN DER MERWE|PIETER|Graaff-Reinet || C39=VAN DER MERWE|HENDRIK|Graaff-Reinet
P0737,C01=VAN DER MERWE|JOHANNES VALENTYN|Graaff-Reinet || C02=VAN DER MERWE|PAUL JACOBUS|Graaff-Reinet || C03=VAN DER MERWE|JOHANNES PETRUS|Graaff-Reinet || C04=VAN DER MERWE|ALETTA SOPHIA|Graaff-Reinet || C05=VAN DER MERWE|WILLEM JACOBUS|Graaff-Reinet || C06=VAN DER MERWE|BAREND|Graaff-Reinet || C07=VAN DER MERWE|NICOLAAS|Graaff-Reinet || C08=VAN DER MERWE|ISAAC JOHANNES|Graaff-Reinet || C09=VAN DER MERWE|JACOB FRANCISCUS|Graaff-Reinet || C10=VAN DER MERWE|PETRUS|Graaff-Reinet || C11=VAN DER MERWE|HENDRIK STEPHANUS|Graaff-Reinet || C12=VAN DER MERWE|CAREL JOHANNES|Graaff-Reinet || C13=VAN DER MERWE|MARTINUS|Somerset || C14=VAN DER MERWE|BAREND FREDERIK|Graaff-Reinet || C15=VAN DER MERWE|DAVID SCHALK|Graaff-Reinet || C16=VAN DER MERWE|DAVID JACOBUS|Graaff-Reinet || C17=VAN DER MERWE|HENDRIK PETRUS|Somerset || C18=VAN DER MERWE|ANRIES PETRUS|Graaff-Reinet || C19=VAN DER MERWE|BAREND JACOBUS|Graaff-Reinet || C20=VAN DER MERWE|NICOLAAS JOHANNES STEPHANUS|Graaff-Reinet || C21=VAN DER MERWE|WILLEM CAREL|Graaff-Reinet || C22=VAN DER MERWE|PETRUS JACOBUS S PIET|Uitenhage || C23=VAN DER MERWE|ANDRIES PETRUS|Graaff-Reinet || C24=VAN DER MERWE|WILLEM|Somerset || C25=VAN DER MERWE|JOHANNES MARTINUS|Uitenhage || C26=VAN DER MERWE|JOHANNES LODEWICUS|Graaff-Reinet || C27=VAN DER MERWE|HENDRIK SCHALK|Graaff-Reinet || C28=VAN DER MERWE|JOHANNA CATHARINA|Graaff-Reinet || C29=VAN DER MERWE|ROELOF PETRUS|Graaff-Reinet || C30=VAN DER MERWE|SCHALK JACOBUS|Graaff-Reinet || C31=VAN DER MERWE|SCHALK WILLEM|Graaff-Reinet || C32=VAN DER MERWE|DANIEL JOHANNES|Graaff-Reinet || C33=VAN DER MERWE|GERRIT|Somerset || C34=VAN DER MERWE|HENDRIK|Graaff-Reinet || C35=VAN DER MERWE|PIETER|Graaff-Reinet || C36=VAN DER MERWE|JAN|Graaff-Reinet || C37=VAN DER MERWE|ANNA SOPHIA|Graaff-Reinet || C38=VAN DER MERWE|HENDRIK JACOBUS|Graaff-Reinet || C39=VAN DER MERWE|ANDRIES|Graaff-Reinet
P0738,C01=VAN DER MERWE|WILLEM JACOBUS|Graaff-Reinet || C02=VAN DER MERWE|NICOLAAS|Graaff-Reinet || C03=VAN DER MERWE|HENDRIK STEPHANUS|Graaff-Reinet || C04=VAN DER MERWE|PIETER|Graaff-Reinet || C05=VAN DER MERWE|WILLEM CAREL|Graaff-Reinet || C06=VAN DER MERWE|JACOB FRANCISCUS|Graaff-Reinet || C07=VAN DER MERWE|ANNA SOPHIA|Graaff-Reinet || C08=VAN DER MERWE|JAN|Graaff-Reinet || C09=VAN DER MERWE|ANDRIES|Graaff-Reinet || C10=VAN DER MERWE|SCHALK JACOBUS|Graaff-Reinet || C11=VAN DER MERWE|PETRUS|Graaff-Reinet || C12=VAN DER MERWE|ANDRIES PETRUS|Graaff-Reinet || C13=VAN DER MERWE|ROELOF PETRUS|Graaff-Reinet || C14=VAN DER MERWE|ISAAC JOHANNES|Graaff-Reinet || C15=VAN DER MERWE|HENDRIK JACOBUS|Graaff-Reinet || C16=VAN DER MERWE|HENDRIK SCHALK|Graaff-Reinet || C17=VAN DER MERWE|JOHANNA CATHARINA|Graaff-Reinet || C18=VAN DER MERWE|JOHANNES PETRUS|Graaff-Reinet || C19=VAN DER MERWE|CAREL JOHANNES|Graaff-Reinet || C20=VAN DER MERWE|NICOLAAS JOHANNES STEPHANUS|Graaff-Reinet || C21=VAN DER MERWE|ANRIES PETRUS|Graaff-Reinet || C22=VAN DER MERWE|ALETTA SOPHIA|Graaff-Reinet || C23=VAN DER MERWE|BAREND|Graaff-Reinet || C24=VAN DER MERWE|DAVID JACOBUS|Graaff-Reinet || C25=VAN DER MERWE|BAREND FREDERIK|Graaff-Reinet || C26=VAN DER MERWE|HENDRIK|Graaff-Reinet || C27=VAN DER MERWE|JOHANNES LODEWICUS|Graaff-Reinet || C28=VAN DER MERWE|DAVID SCHALK|Graaff-Reinet || C29=VAN DER MERWE|JOHANNES VALENTYN|Graaff-Reinet || C30=VAN DER MERWE|DANIEL JOHANNES|Graaff-Reinet || C31=VAN DER MERWE|SCHALK WILLEM|Graaff-Reinet || C32=VAN DER MERWE|PAUL JACOBUS|Graaff-Reinet || C33=VAN DER MERWE|BAREND JACOBUS|Graaff-Reinet
P0739,C01=VAN DER VYVER|FREDERIK HENDRIK CHRISTOFFEL|Somerset || C02=VAN DER VYVER|HENDRIK CHRISTOFFEL|Somerset || C03=VAN DER VYVER|ISAAC JACOBUS|Graaff-Reinet || C04=VAN DER VYVER|WILLEM|Somerset || C05=VAN DER VYVER|BARTOLOMEUS JACOBUS|Somerset || C06=VAN DER VYVER|JOHANNES HENDRIK|Somerset
P0740,C01=VAN DER WESTHUIZEN|WIETSCHE|Beaufort || C02=VAN DER WESTHUIZEN|PIETER|Beaufort || C03=VAN DER WESTHUIZEN|NICOLAAS|Beaufort || C04=VAN DER WESTHUIZEN|PETRUS JOHANNES|Beaufort || C05=VAN DER WESTHUIZEN|JACOBUS|Beaufort || C06=VAN DER WESTHUIZEN|WILTSCHE|Beaufort || C07=VAN DER WESTHUIZEN|JOHANNES|Beaufort || C08=VAN DER WESTHUIZEN|ISAAC|Beaufort
P0741,C01=VAN DER WESTHUIZEN|NICOLAAS|Beaufort || C02=VAN DER WESTHUIZEN|WILTSCHE|Beaufort || C03=VAN DER WESTHUIZEN|JOHANNES|Beaufort || C04=VAN DER WESTHUIZEN|PETRUS JOHANNES|Beaufort || C05=VAN DER WESTHUIZEN|WIETSCHE|Beaufort || C06=VAN DER WESTHUIZEN|JACOBUS|Beaufort || C07=VAN DER WESTHUIZEN|ISAAC|Beaufort || C08=VAN DER WESTHUIZEN|PIETER|Beaufort
P0742,C01=VAN DER WESTHUIZEN|PETRUS JOHANNES|Beaufort || C02=VAN DER WESTHUIZEN|NICOLAAS|Beaufort || C03=VAN DER WESTHUIZEN|WIETSCHE|Beaufort || C04=VAN DER WESTHUIZEN|JACOBUS|Beaufort || C05=VAN DER WESTHUIZEN|WILTSCHE|Beaufort || C06=VAN DER WESTHUIZEN|PIETER|Beaufort || C07=VAN DER WESTHUIZEN|ISAAC|Beaufort || C08=VAN DER WESTHUIZEN|JOHANNES|Beaufort
P0743,C01=VAN DER WESTHUIZEN|JOHANNES|Beaufort || C02=VAN DER WESTHUIZEN|PETRUS JOHANNES|Beaufort || C03=VAN DER WESTHUIZEN|ISAAC|Beaufort || C04=VAN DER WESTHUIZEN|NICOLAAS|Beaufort || C05=VAN DER WESTHUIZEN|WILTSCHE|Beaufort || C06=VAN DER WESTHUIZEN|PIETER|Beaufort || C07=VAN DER WESTHUIZEN|JACOBUS|Beaufort || C08=VAN DER WESTHUIZEN|WIETSCHE|Beaufort
P0744,C01=VAN DER WESTHUIZEN|NICOLAAS|Beaufort || C02=VAN DER WESTHUIZEN|WIETSCHE|Beaufort || C03=VAN DER WESTHUIZEN|PIETER|Beaufort || C04=VAN DER WESTHUIZEN|WILTSCHE|Beaufort || C05=VAN DER WESTHUIZEN|JACOBUS|Beaufort || C06=VAN DER WESTHUIZEN|JOHANNES|Beaufort || C07=VAN DER WESTHUIZEN|PETRUS JOHANNES|Beaufort || C08=VAN DER WESTHUIZEN|ISAAC|Beaufort
P0745,C01=VAN DER WESTHUIZEN|JOHANNES|Beaufort || C02=VAN DER WESTHUIZEN|PETRUS JOHANNES|Beaufort || C03=VAN DER WESTHUIZEN|WIETSCHE|Beaufort || C04=VAN DER WESTHUIZEN|WILTSCHE|Beaufort || C05=VAN DER WESTHUIZEN|PIETER|Beaufort || C06=VAN DER WESTHUIZEN|ISAAC|Beaufort || C07=VAN DER WESTHUIZEN|JACOBUS|Beaufort || C08=VAN DER WESTHUIZEN|NICOLAAS|Beaufort
P0746,C01=VAN DEVENTER|JACOB|Uitenhage || C02=VAN DEVENTER|JAN FREDERIK|Uitenhage || C03=VAN DEVENTER|GERRIT ALBERTUS|Somerset || C04=VAN DE VENTER|WILLEM ABRAHAM|Albany
P0747,C01=VAN DE VENTER|WILLEM ABRAHAM|Albany
P0748,C01=VAN DE VENTER|WILLEM ABRAHAM|Albany || C02=VAN DEVENTER|GERRIT ALBERTUS|Somerset || C03=VAN DEVENTER|JACOB|Uitenhage || C04=VAN DEVENTER|JAN FREDERIK|Uitenhage
P0749,C01=VAN DE VENTER|WILLEM ABRAHAM|Albany || C02=VAN DEVENTER|JACOB|Uitenhage || C03=VAN DEVENTER|JAN FREDERIK|Uitenhage || C04=VAN DEVENTER|GERRIT ALBERTUS|Somerset
P0750,C01=VAN DEVENTER|GERRIT ALBERTUS|Somerset || C02=VAN DEVENTER|JAN FREDERIK|Uitenhage || C03=VAN DE VENTER|WILLEM ABRAHAM|Albany || C04=VAN DEVENTER|JACOB|Uitenhage
P0751,C01=VAN DEVENTER|GIDEON GERHARDUS|Swellendam
P0752,C01=VAN DEVENTER|JAN FREDERIK|Uitenhage || C02=VAN DEVENTER|JACOB|Uitenhage || C03=VAN DE VENTER|WILLEM ABRAHAM|Albany || C04=VAN DEVENTER|GERRIT ALBERTUS|Somerset
P0753,C01=VAN JAARSVELD|ALBERTUS STEPHANUS|Graaff-Reinet
P0754,C01=VAN JAARSVELD|ALBERTUS STEPHANUS|Graaff-Reinet
P0755,C01=VAN NIEKERK|JAN ANTONY|Graaff-Reinet || C02=VAN NIEKERK|CORNELIS|Graaff-Reinet || C03=VAN NIEKERK|GUILLIAM|Graaff-Reinet || C04=VAN NIEKERK|CORNELIS GREGORIUS|Graaff-Reinet || C05=VAN NIEKERK|GERT|Graaff-Reinet || C06=VAN NIEKERK|GM [RACHEL JOHANNA]|Graaff-Reinet || C07=VAN NIEKERK|GERRIT|Graaff-Reinet
P0756,C01=VAN NIEKERK|GERHARDUS LOURENS|Uitenhage || C02=VAN NIEKERK|GERHARDUS LAURENS|Uitenhage || C03=VAN NIEKERK|CHRISTINA MARIA T.|Uitenhage || C04=VAN NIEKERK|JOHANNES STEPHANUS|Uitenhage || C05=VAN NIEKERK|MARTHA JACOBA|Uitenhage || C06=VAN NIEKERK|MARGARETHA SUSANNA|Uitenhage || C07=VAN NIEKERK|ADRIANA MARIA|Uitenhage || C08=VAN NIEKERK|STEPHANUS IGNATIUS|Uitenhage || C09=VAN NIEKERK|ISAAC ABRAHAM|Uitenhage || C10=VAN NIEKERK|PIETER CORNELIS|Uitenhage
P0757,C01=VAN NIEKERK|PIETER CORNELIS|Uitenhage || C02=VAN NIEKERK|STEPHANUS IGNATIUS|Uitenhage || C03=VAN NIEKERK|GERHARDUS LAURENS|Uitenhage || C04=VAN NIEKERK|ISAAC ABRAHAM|Uitenhage || C05=VAN NIEKERK|GERHARDUS LOURENS|Uitenhage || C06=VAN NIEKERK|ADRIANA MARIA|Uitenhage || C07=VAN NIEKERK|MARTHA JACOBA|Uitenhage || C08=VAN NIEKERK|JOHANNES STEPHANUS|Uitenhage || C09=VAN NIEKERK|MARGARETHA SUSANNA|Uitenhage || C10=VAN NIEKERK|CHRISTINA MARIA T.|Uitenhage
P0758,C01=VAN NIEKERK|JOHANNES STEPHANUS|Uitenhage || C02=VAN NIEKERK|ISAAC ABRAHAM|Uitenhage || C03=VAN NIEKERK|PIETER CORNELIS|Uitenhage || C04=VAN NIEKERK|MARTHA JACOBA|Uitenhage || C05=VAN NIEKERK|GERHARDUS LOURENS|Uitenhage || C06=VAN NIEKERK|GERHARDUS LAURENS|Uitenhage || C07=VAN NIEKERK|STEPHANUS IGNATIUS|Uitenhage || C08=VAN NIEKERK|MARGARETHA SUSANNA|Uitenhage || C09=VAN NIEKERK|CHRISTINA MARIA T.|Uitenhage || C10=VAN NIEKERK|ADRIANA MARIA|Uitenhage
P0759,C01=VAN NIEKERK|MARTHA JACOBA|Uitenhage || C02=VAN NIEKERK|ADRIANA MARIA|Uitenhage || C03=VAN NIEKERK|PIETER CORNELIS|Uitenhage || C04=VAN NIEKERK|CHRISTINA MARIA T.|Uitenhage || C05=VAN NIEKERK|JOHANNES STEPHANUS|Uitenhage || C06=VAN NIEKERK|GERHARDUS LAURENS|Uitenhage || C07=VAN NIEKERK|GERHARDUS LOURENS|Uitenhage || C08=VAN NIEKERK|ISAAC ABRAHAM|Uitenhage || C09=VAN NIEKERK|STEPHANUS IGNATIUS|Uitenhage || C10=VAN NIEKERK|MARGARETHA SUSANNA|Uitenhage
P0760,C01=VAN NIEKERK|STEPHANUS IGNATIUS|Uitenhage || C02=VAN NIEKERK|GERHARDUS LAURENS|Uitenhage || C03=VAN NIEKERK|MARGARETHA SUSANNA|Uitenhage || C04=VAN NIEKERK|GERHARDUS LOURENS|Uitenhage || C05=VAN NIEKERK|JOHANNES STEPHANUS|Uitenhage || C06=VAN NIEKERK|ADRIANA MARIA|Uitenhage || C07=VAN NIEKERK|CHRISTINA MARIA T.|Uitenhage || C08=VAN NIEKERK|ISAAC ABRAHAM|Uitenhage || C09=VAN NIEKERK|PIETER CORNELIS|Uitenhage || C10=VAN NIEKERK|MARTHA JACOBA|Uitenhage
P0761,C01=VAN NIEKERK|ISAAC ABRAHAM|Uitenhage || C02=VAN NIEKERK|GERHARDUS LAURENS|Uitenhage || C03=VAN NIEKERK|PIETER CORNELIS|Uitenhage || C04=VAN NIEKERK|MARTHA JACOBA|Uitenhage || C05=VAN NIEKERK|CHRISTINA MARIA T.|Uitenhage || C06=VAN NIEKERK|MARGARETHA SUSANNA|Uitenhage || C07=VAN NIEKERK|JOHANNES STEPHANUS|Uitenhage || C08=VAN NIEKERK|STEPHANUS IGNATIUS|Uitenhage || C09=VAN NIEKERK|GERHARDUS LOURENS|Uitenhage || C10=VAN NIEKERK|ADRIANA MARIA|Uitenhage
P0762,C01=VAN NIEKERK|ISAAC ABRAHAM|Uitenhage || C02=VAN NIEKERK|MARGARETHA SUSANNA|Uitenhage || C03=VAN NIEKERK|ADRIANA MARIA|Uitenhage || C04=VAN NIEKERK|CHRISTINA MARIA T.|Uitenhage || C05=VAN NIEKERK|GM [RACHEL JOHANNA]|Graaff-Reinet || C06=VAN NIEKERK|JOHANNES STEPHANUS|Uitenhage || C07=VAN NIEKERK|JAN ANTONY|Graaff-Reinet || C08=VAN NIEKERK|GUILLIAM|Graaff-Reinet || C09=VAN NIEKERK|GERHARDUS LOURENS|Uitenhage || C10=VAN NIEKERK|CORNELIS GREGORIUS|Graaff-Reinet || C11=VAN NIEKERK|GERHARDUS LAURENS|Uitenhage || C12=VAN NIEKERK|JOHANNES ALBERTUS|Somerset || C13=VAN NIEKERK|GERRIT|Graaff-Reinet || C14=VAN NIEKERK|GERT|Graaff-Reinet || C15=VAN NIEKERK|PIETER CORNELIS|Uitenhage || C16=VAN NIEKERK|MARTHA JACOBA|Uitenhage || C17=VAN NIEKERK|CORNELIS|Graaff-Reinet || C18=VAN NIEKERK|STEPHANUS IGNATIUS|Uitenhage
P0763,C01=VAN NIEKERK|ADRIANA MARIA|Uitenhage || C02=VAN NIEKERK|CHRISTINA MARIA T.|Uitenhage || C03=VAN NIEKERK|GUILLIAM|Graaff-Reinet || C04=VAN NIEKERK|MARTHA JACOBA|Uitenhage || C05=VAN NIEKERK|GERHARDUS LOURENS|Uitenhage || C06=VAN NIEKERK|GERRIT|Graaff-Reinet || C07=VAN NIEKERK|MARGARETHA SUSANNA|Uitenhage || C08=VAN NIEKERK|GERHARDUS LAURENS|Uitenhage || C09=VAN NIEKERK|ISAAC ABRAHAM|Uitenhage || C10=VAN NIEKERK|JOHANNES ALBERTUS|Somerset || C11=VAN NIEKERK|PIETER CORNELIS|Uitenhage || C12=VAN NIEKERK|CORNELIS|Graaff-Reinet || C13=VAN NIEKERK|CORNELIS GREGORIUS|Graaff-Reinet || C14=VAN NIEKERK|STEPHANUS IGNATIUS|Uitenhage || C15=VAN NIEKERK|GERT|Graaff-Reinet || C16=VAN NIEKERK|GM [RACHEL JOHANNA]|Graaff-Reinet || C17=VAN NIEKERK|JAN ANTONY|Graaff-Reinet || C18=VAN NIEKERK|JOHANNES STEPHANUS|Uitenhage
P0764,C01=VAN RENSBURG|FREDERIK ROELOF JANSE|Albany
P0765,C01=VAN RENSBURG|GERHARDUS JACOBUS JANSE|Uitenhage || C02=VAN RENSBURG|FREDERIK JANSE|Uitenhage || C03=VAN RENSBURG|MARTINUS ESIAS JANSE|Uitenhage || C04=VAN RENSBURG|COENRAAD FREDERK JANSE|Uitenhage || C05=VAN RENSBURG|GERHARDUS HENDRIK JANSE|Uitenhage || C06=VAN RENSBURG|FREDERIK ROELOF JANSE|Albany
P0766,C01=VAN RENSBURG|FREDERIK ROELOF JANSE|Albany
P0767,C01=VAN RENSBURG|FREDERIK ROELOF JANSE|Albany
P0768,C01=VAN RENSBURG|MARTINUS ESIAS JANSE|Uitenhage || C02=VAN RENSBURG|FREDERIK ROELOF JANSE|Albany || C03=VAN RENSBURG|GERHARDUS JACOBUS JANSE|Uitenhage || C04=VAN RENSBURG|GERHARDUS HENDRIK JANSE|Uitenhage || C05=VAN RENSBURG|FREDERIK JANSE|Uitenhage || C06=VAN RENSBURG|COENRAAD FREDERK JANSE|Uitenhage
P0769,C01=VAN RENSBURG|NICOLAAS JOHANNES JANSE|Swellendam || C02=VAN RENSBURG|CORNELIS FERDINAND JANSE|Swellendam || C03=VAN RENSBURG|NICOLAAS|Swellendam || C04=VAN RENSBURG|JACOBUS JANSEN|Swellendam || C05=VAN RENSBURG|MARTINUS JOHANNES JANSE|Swellendam || C06=VAN RENSBURG|DAVID BENJAMEN JANSE|Swellendam || C07=VAN RENSBURG|JOHANNES FREDERIK JANSE|Swellendam || C08=VAN RENSBURG|JOHANNES FREDERIK|Swellendam || C09=VAN RENSBURG|JOSEPHUS JANSE|Swellendam || C10=VAN RENSBURG|MARTINUS PHILIPPUS JANSE|Swellendam || C11=VAN RENSBURG|BAREND DANIEL JANSE|Swellendam || C12=VAN RENSBURG|NICOLAAS BENJAMEN JANSE|Swellendam || C13=VAN RENSBURG|RYNIER JANSEN|Swellendam || C14=VAN RENSBURG|JACOBA ISABELLA JANSE|Swellendam || C15=VAN RENSBURG|JACOBUS JANSE|Swellendam || C16=VAN RENSBURG|PHILIPPUS ROEDOLF JANSE|Swellendam || C17=VAN RENSBURG|JACOBUS HENDRIK JANSE|Swellendam || C18=VAN RENSBURG|REYNIER JANSE|Swellendam || C19=VAN RENSBURG|NICOLAAS JANSE|Swellendam || C20=VAN RENSBURG|PETRUS JOHANNES JANSE|Swellendam
P0770,C01=VAN RENSBURG|FREDERIK JANSE|Uitenhage || C02=VAN RENSBURG|GERHARDUS HENDRIK JANSE|Uitenhage || C03=VAN RENSBURG|FREDERIK ROELOF JANSE|Albany || C04=VAN RENSBURG|COENRAAD FREDERK JANSE|Uitenhage || C05=VAN RENSBURG|GERHARDUS JACOBUS JANSE|Uitenhage || C06=VAN RENSBURG|MARTINUS ESIAS JANSE|Uitenhage
P0771,C01=VAN RENSBURG|FREDERIK JANSE|Uitenhage || C02=VAN RENSBURG|MARTINUS ESIAS JANSE|Uitenhage || C03=VAN RENSBURG|GERHARDUS HENDRIK JANSE|Uitenhage || C04=VAN RENSBURG|FREDERIK ROELOF JANSE|Albany || C05=VAN RENSBURG|COENRAAD FREDERK JANSE|Uitenhage || C06=VAN RENSBURG|GERHARDUS JACOBUS JANSE|Uitenhage
P0772,C01=VAN RENSBURG|WILLEM JACOBUS JANSE|Beaufort
P0773,C01=VAN RENSBURG|WILLEM JACOBUS JANSE|Beaufort
P0774,C01=VAN RENSBURG|WILLEM JACOBUS JANSE|Beaufort
P0775,C01=VAN ROOYEN|MARTINUS|Uitenhage || C02=VAN ROOYEN|GERRIT|Uitenhage || C03=VAN ROOYEN|CORNELIS JOHANNES S CJ|Uitenhage || C04=VAN ROOYEN|GERRIT RYNIER|Uitenhage || C05=VAN ROOYEN|CORNELIS JOHANNES 1|Uitenhage
P0776,C01=VAN ROOYEN|CORNELIS JOHANNES S CJ|Uitenhage || C02=VAN ROOYEN|MARTINUS|Uitenhage || C03=VAN ROOYEN|CORNELIS JOHANNES 1|Uitenhage || C04=VAN ROOYEN|GERRIT|Uitenhage || C05=VAN ROOYEN|GERRIT RYNIER|Uitenhage
P0777,C01=VAN ROOYEN|GERRIT|Uitenhage || C02=VAN ROOYEN|CORNELIS JOHANNES 1|Uitenhage || C03=VAN ROOYEN|GERRIT RYNIER|Uitenhage || C04=VAN ROOYEN|CORNELIS JOHANNES S CJ|Uitenhage || C05=VAN ROOYEN|MARTINUS|Uitenhage
P0778,C01=VAN ROOYEN|DIRK WILLEM|Albany
P0779,C01=VAN ROOYEN|GERRIT RYNIER|Uitenhage || C02=VAN ROOYEN|MARTINUS|Uitenhage || C03=VAN ROOYEN|GERRIT|Uitenhage || C04=VAN ROOYEN|CORNELIS JOHANNES 1|Uitenhage || C05=VAN ROOYEN|CORNELIS JOHANNES S CJ|Uitenhage || C06=VAN ROOYEN|DIRK WILLEM|Albany
P0780,C01=VAN ROOYEN|CORNELIS JOHANNES S CJ|Uitenhage || C02=VAN ROOYEN|MARTINUS|Uitenhage || C03=VAN ROOYEN|GERRIT|Uitenhage || C04=VAN ROOYEN|GERRIT RYNIER|Uitenhage || C05=VAN ROOYEN|CORNELIS JOHANNES 1|Uitenhage
P0781,C01=VAN ROOYEN|GERRIT RYNIER|Uitenhage || C02=VAN ROOYEN|GERRIT|Uitenhage || C03=VAN ROOYEN|CORNELIS JOHANNES 1|Uitenhage || C04=VAN ROOYEN|CORNELIS JOHANNES S CJ|Uitenhage || C05=VAN ROOYEN|MARTINUS|Uitenhage
P0782,C01=VAN ROOYEN|MARTINUS|Uitenhage || C02=VAN ROOYEN|CORNELIS JOHANNES S CJ|Uitenhage || C03=VAN ROOYEN|GERRIT|Uitenhage || C04=VAN ROOYEN|CORNELIS JOHANNES 1|Uitenhage || C05=VAN ROOYEN|GERRIT RYNIER|Uitenhage
P0783,C01=VAN ROOYEN|CORNELIS JOHANNES S CJ|Uitenhage || C02=VAN ROOYEN|CORNELIS JOHANNES 1|Uitenhage || C03=VAN ROOYEN|MARTINUS|Uitenhage || C04=VAN ROOYEN|GERRIT RYNIER|Uitenhage || C05=VAN ROOYEN|GERRIT|Uitenhage
P0784,C01=VAN ROOYEN|GERRIT RYNIER|Uitenhage || C02=VAN ROOYEN|CORNELIS JOHANNES S CJ|Uitenhage || C03=VAN ROOYEN|GERRIT|Uitenhage || C04=VAN ROOYEN|CORNELIS JOHANNES 1|Uitenhage || C05=VAN ROOYEN|MARTINUS|Uitenhage
P0785,C01=VAN ROOYEN|CORNELIS JOHANNES S CJ|Uitenhage || C02=VAN ROOYEN|GERRIT RYNIER|Uitenhage || C03=VAN ROOYEN|MARTINUS|Uitenhage || C04=VAN ROOYEN|CORNELIS JOHANNES 1|Uitenhage || C05=VAN ROOYEN|GERRIT|Uitenhage
P0786,C01=VAN ROOYEN|GERRIT|Uitenhage || C02=VAN ROOYEN|CORNELIS JOHANNES 1|Uitenhage || C03=VAN ROOYEN|GERRIT RYNIER|Uitenhage || C04=VAN ROOYEN|MARTINUS|Uitenhage || C05=VAN ROOYEN|CORNELIS JOHANNES S CJ|Uitenhage
P0787,C01=VAN STADEN|WILLEM HENDRIK|Uitenhage || C02=VAN STADEN|JACOBUS FREDERK|Uitenhage
P0788,C01=VAN STADEN|JACOBUS FREDERIK|Beaufort || C02=VAN STADEN|MARTINUS JACOBUS|Beaufort
P0789,C01=VAN STADEN|WILLEM HENDRIK|Uitenhage || C02=VAN STADEN|JACOBUS FREDERK|Uitenhage
P0790,C01=VAN STADEN|WILLEM HENDRIK|Uitenhage || C02=VAN STADEN|JACOBUS FREDERK|Uitenhage
P0791,C01=VAN STADEN|JACOBUS FREDERK|Uitenhage || C02=VAN STADEN|WILLEM HENDRIK|Uitenhage
P0792,C01=VAN STADEN|JACOBUS FREDERIK|Beaufort || C02=VAN STADEN|MARTINUS JACOBUS|Beaufort
P0793,C01=VAN STADEN|MARTINUS JACOBUS|Beaufort || C02=VAN STADEN|JACOBUS FREDERIK|Beaufort
P0794,C01=VAN STADEN|WILLEM HENDRIK|Uitenhage || C02=VAN STADEN|JACOBUS FREDERK|Uitenhage
P0795,C01=VAN STADEN|WILLEM HENDRIK|Uitenhage || C02=VAN STADEN|JACOBUS FREDERK|Uitenhage
P0796,C01=VAN STADEN|WILLEM HENDRIK|Uitenhage || C02=VAN STADEN|JACOBUS FREDERK|Uitenhage
P0797,C01=VAN STADEN|JACOBUS FREDERK|Uitenhage || C02=VAN STADEN|WILLEM HENDRIK|Uitenhage
P0798,C01=VAN STADEN|WILLEM HENDRIK|Uitenhage || C02=VAN STADEN|JACOBUS FREDERK|Uitenhage
P0799,C01=VAN STADEN|JACOBUS FREDERK|Uitenhage || C02=VAN STADEN|WILLEM HENDRIK|Uitenhage
P0800,C01=VAN STADEN|WILLEM HENDRIK|Uitenhage || C02=VAN STADEN|JACOBUS FREDERK|Uitenhage
P0801,C01=VAN STRATEN|JACOB|Graaff-Reinet || C02=VAN STRATEN|WILLEM JACOBUS|Graaff-Reinet
P0802,C01=VAN STRATEN|WILLEM JACOBUS|Graaff-Reinet || C02=VAN STRATEN|JACOB|Graaff-Reinet
P0803,C01=VAN TONDER|JOHANNES JACOBUS|Graaff-Reinet
P0804,C01=VAN TONDER|JOHANNES JACOBUS|Graaff-Reinet
P0805,C01=VAN TONDER|JOHANNES WILLEM|Swellendam || C02=VAN TONDER|ANDRIES|Swellendam || C03=VAN TONDER|CORNELIS|Swellendam || C04=VAN TONDER|ANDRIES JOHANNES|Swellendam || C05=VAN TONDER|MATTHYS|Swellendam || C06=VAN TONDER|JOHANNES PETRUS|Swellendam
P0806,C01=VAN TONDER|ANDRIES|Swellendam || C02=VAN TONDER|JOHANNES PETRUS|Swellendam || C03=VAN TONDER|JOHANNES WILLEM|Swellendam || C04=VAN TONDER|ANDRIES JOHANNES|Swellendam || C05=VAN TONDER|CORNELIS|Swellendam || C06=VAN TONDER|MATTHYS|Swellendam
P0807,C01=VAN VUUREN|JOHANNES JANSE|George
P0808,C01=VAN VUUREN|JOHANNES GERHARDUS JANSE|Uitenhage
P0809,C01=VAN VUUREN|JOHANNES GERHARDUS JANSE|Uitenhage
P0810,C01=VAN VUUREN|JOHANNES MARTINUS JANSE|Beaufort || C02=VAN VUUREN|JOHANNES CORNELIS JANSE|Beaufort || C03=VAN VUUREN|JOHANNES PETRUS JANSE|Beaufort || C04=VAN VUUREN|LUCAS DANIEL|Beaufort
P0811,C01=VAN VUUREN|JOHANNES GERHARDUS JANSE|Uitenhage
P0812,C01=VAN VUUREN|JOHANNES GERHARDUS JANSE|Uitenhage
P0813,C01=VAN VUUREN|JOHANNES MARTINUS JANSE|Beaufort || C02=VAN VUUREN|JOHANNES PETRUS JANSE|Beaufort || C03=VAN VUUREN|LUCAS DANIEL|Beaufort || C04=VAN VUUREN|JOHANNES CORNELIS JANSE|Beaufort
P0814,C01=VAN VUUREN|JOHANNES PETRUS JANSE|Beaufort || C02=VAN VUUREN|LUCAS DANIEL|Beaufort || C03=VAN VUUREN|JOHANNES MARTINUS JANSE|Beaufort || C04=VAN VUUREN|JOHANNES CORNELIS JANSE|Beaufort
P0815,C01=VAN WYK|ANDRIES PETRUS|Somerset || C02=VAN WYK|STEPHANUS JOHANNES|Somerset || C03=VAN WYK|ADRIAAN|Beaufort || C04=VAN WYK|ADRIAAN JACOBUS|Graaff-Reinet || C05=VAN WYK|JOHANNES HENDRIK|Graaff-Reinet || C06=VAN WYK|LOUIS JOHAN|Somerset
P0816,C01=VAN WYK|ADRIAAN JACOBUS|Graaff-Reinet || C02=VAN WYK|JOHANNES HENDRIK|Graaff-Reinet || C03=VAN WYK|STEPHANUS JOHANNES|Somerset || C04=VAN WYK|LOUIS JOHAN|Somerset || C05=VAN WYK|ANDRIES PETRUS|Somerset
P0817,C01=VAN WYK|ADRIAAN|Beaufort
P0818,C01=VAN WYK|ROELOF DANIEL|Swellendam || C02=VAN WYK|JOHANNES WILLEM|Swellendam || C03=VAN WYK|GERT|Swellendam || C04=VAN WYK|ANDRIES PETRUS|Swellendam || C05=VAN WYK|JACOBUS JOHANNES|Swellendam || C06=VAN WYK|BAREND JACOBUS|Swellendam || C07=VAN WYK|JACOBUS FREDERIK|Swellendam
P0819,C01=VAN WYK|ANDRIES GERRIT JOHANNES|Clanwilliam || C02=VAN WYK|HENDRIK CHRISTOFFEL|Clanwilliam || C03=VAN WYK|GERT MATTHYS JACOBUS|Clanwilliam || C04=VAN WYK|WILLEM JACOBUS|Clanwilliam || C05=VAN WYK|GERRIT JACOBUS|Clanwilliam || C06=VAN WYK|GERRIT JOHANNES|Clanwilliam || C07=VAN WYK|HENDRIK CHRISTOFFEL +|Clanwilliam || C08=VAN WYK|GERRIT|Clanwilliam || C09=VAN WYK|JOHANNES ABRAHAM|Clanwilliam || C10=VAN WYK|ALBERTUS ERASMUS|Clanwilliam || C11=VAN WYK|ARIE WILLEM|Clanwilliam
P0820,C01=VAN WYK|GERRIT|Clanwilliam || C02=VAN WYK|WILLEM JACOBUS|Clanwilliam || C03=VAN WYK|GERT MATTHYS JACOBUS|Clanwilliam || C04=VAN WYK|JOHANNES ABRAHAM|Clanwilliam || C05=VAN WYK|HENDRIK CHRISTOFFEL|Clanwilliam || C06=VAN WYK|HENDRIK CHRISTOFFEL +|Clanwilliam || C07=VAN WYK|GERRIT JOHANNES|Clanwilliam || C08=VAN WYK|GERRIT JACOBUS|Clanwilliam || C09=VAN WYK|ANDRIES GERRIT JOHANNES|Clanwilliam || C10=VAN WYK|ARIE WILLEM|Clanwilliam || C11=VAN WYK|ALBERTUS ERASMUS|Clanwilliam
P0821,C01=VAN ZYL|ANDRIES|Graaff-Reinet || C02=VAN ZYL|JACOBUS BENJAMEN|Somerset || C03=VAN ZYL|GIDEON|Somerset || C04=VAN ZYL|ADRIAAN JACOBUS|Graaff-Reinet || C05=VAN ZYL|JACOBUS|Somerset
P0822,C01=VAN ZYL|HERMANUS|Clanwilliam || C02=VAN ZYL|GERRIT WILLEM JOHANNES|Clanwilliam || C03=VAN ZYL|ABRAHAM JOHANNES|Clanwilliam || C04=VAN ZYL|HENDRIK|Clanwilliam || C05=VAN ZYL|ALBERT|Clanwilliam || C06=VAN ZYL|ISAAK JACOBUS|Clanwilliam || C07=VAN ZYL|JACOBUS JOHANNES|Clanwilliam || C08=VAN ZYL|PIETER|Clanwilliam || C09=VAN ZYL|ABRAHAM JACOBUS|Clanwilliam || C10=VAN ZYL|PAUL HENDRIK STEPHANUS|Clanwilliam || C11=VAN ZYL|PIETER ADRIAAN|Clanwilliam || C12=VAN ZYL|BAREND|Clanwilliam || C13=VAN ZYL|JOHANNES ALBERTUS|Clanwilliam || C14=VAN ZYL|JOHANNES ABRAHAM|Clanwilliam || C15=VAN ZYL|JOHANNES GIDEON|Clanwilliam || C16=VAN ZYL|GERRIT|Clanwilliam || C17=VAN ZYL|ISAAC JACOBUS|Clanwilliam || C18=VAN ZYL|GIDEON ANDREAS|Clanwilliam || C19=VAN ZYL|WILLEM|Clanwilliam || C20=VAN ZYL|ERASMUS JOHANNES|Clanwilliam || C21=VAN ZYL|GIDEON|Clanwilliam || C22=VAN ZYL|GIDEON JACOBUS|Clanwilliam || C23=VAN ZYL|JOHANNES|Clanwilliam || C24=VAN ZYL|ALDERT HEREMIAS|Clanwilliam || C25=VAN ZYL|DAVID JOHANNES [JD??]|Clanwilliam
P0823,C01=VENTER|PIETER|Somerset || C02=VENTER|ANDRIES|Somerset || C03=VENTER|TJAART NICOLAAS|Somerset || C04=VENTER|JAN ALBERT|Somerset || C05=VENTER|ERASMUS ALBERTUS|Graaff-Reinet || C06=VENTER|PETRUS|Graaff-Reinet || C07=VENTER|BAREND JOHANNES|Graaff-Reinet || C08=VENTER|HENDRIK STEPHANUS|Graaff-Reinet || C09=VENTER|JAN ADRIAAN|Somerset || C10=VENTER|ANDRIES ALBERTUS|Graaff-Reinet || C11=VENTER|PIET|Graaff-Reinet || C12=VENTER|WILLEM ADRIAAN|Graaff-Reinet || C13=VENTER|JACOB|Graaff-Reinet || C14=VENTER|TJAART PETRUS|Somerset || C15=VENTER|MARCUS ALBERTUS|Graaff-Reinet || C16=VENTER|JOHANNES PETRUS ALBERTUS|Graaff-Reinet || C17=VENTER|JOHANNES PETRUS|Graaff-Reinet || C18=VENTER|HENDRIK|Graaff-Reinet || C19=VENTER|PIETER ALBERT|Graaff-Reinet || C20=VENTER|JAN HENDRIK|Somerset || C21=VENTER|PETRUS STEPHANUS|Somerset || C22=VENTER|JAN MICHIEL ANDRIES|Somerset || C23=VENTER|GERRIT|Somerset || C24=VENTER|PETRUS JACOBUS|Graaff-Reinet
P0824,C01=VENTER|JAN ADRIAAN|Somerset || C02=VENTER|BAREND JOHANNES|Graaff-Reinet || C03=VENTER|ERASMUS ALBERTUS|Graaff-Reinet || C04=VENTER|PIET|Graaff-Reinet || C05=VENTER|ANDRIES ALBERTUS|Graaff-Reinet || C06=VENTER|JAN HENDRIK|Somerset || C07=VENTER|TJAART PETRUS|Somerset || C08=VENTER|PIETER|Somerset || C09=VENTER|JOHANNES PETRUS ALBERTUS|Graaff-Reinet || C10=VENTER|WILLEM ADRIAAN|Graaff-Reinet || C11=VENTER|JACOB|Graaff-Reinet || C12=VENTER|ANDRIES|Somerset || C13=VENTER|PETRUS|Graaff-Reinet || C14=VENTER|PIETER ALBERT|Graaff-Reinet || C15=VENTER|TJAART NICOLAAS|Somerset || C16=VENTER|MARCUS ALBERTUS|Graaff-Reinet || C17=VENTER|HENDRIK STEPHANUS|Graaff-Reinet || C18=VENTER|PETRUS JACOBUS|Graaff-Reinet || C19=VENTER|HENDRIK|Graaff-Reinet || C20=VENTER|PETRUS STEPHANUS|Somerset || C21=VENTER|JAN ALBERT|Somerset || C22=VENTER|JAN MICHIEL ANDRIES|Somerset || C23=VENTER|JOHANNES PETRUS|Graaff-Reinet || C24=VENTER|GERRIT|Somerset
P0825,C01=VENTER|PETRUS|Graaff-Reinet || C02=VENTER|PETRUS JACOBUS|Graaff-Reinet || C03=VENTER|ERASMUS ALBERTUS|Graaff-Reinet || C04=VENTER|ANDRIES ALBERTUS|Graaff-Reinet || C05=VENTER|JOHANNES PETRUS ALBERTUS|Graaff-Reinet || C06=VENTER|PIET|Graaff-Reinet || C07=VENTER|PIETER ALBERT|Graaff-Reinet || C08=VENTER|HENDRIK STEPHANUS|Graaff-Reinet || C09=VENTER|WILLEM ADRIAAN|Graaff-Reinet || C10=VENTER|JOHANNES PETRUS|Graaff-Reinet || C11=VENTER|BAREND JOHANNES|Graaff-Reinet || C12=VENTER|HENDRIK|Graaff-Reinet || C13=VENTER|MARCUS ALBERTUS|Graaff-Reinet || C14=VENTER|JACOB|Graaff-Reinet
P0826,C01=VENTER|ERASMUS ALBERTUS|Graaff-Reinet || C02=VENTER|WILLEM ADRIAAN|Graaff-Reinet || C03=VENTER|PIET|Graaff-Reinet || C04=VENTER|PETRUS|Graaff-Reinet || C05=VENTER|ANDRIES ALBERTUS|Graaff-Reinet || C06=VENTER|HENDRIK STEPHANUS|Graaff-Reinet || C07=VENTER|JOHANNES PETRUS|Graaff-Reinet || C08=VENTER|PIETER ALBERT|Graaff-Reinet || C09=VENTER|MARCUS ALBERTUS|Graaff-Reinet || C10=VENTER|JOHANNES PETRUS ALBERTUS|Graaff-Reinet || C11=VENTER|BAREND JOHANNES|Graaff-Reinet || C12=VENTER|JACOB|Graaff-Reinet || C13=VENTER|HENDRIK|Graaff-Reinet || C14=VENTER|PETRUS JACOBUS|Graaff-Reinet
P0827,C01=VENTER|JOHANNES HENDRIK|Beaufort || C02=VENTER|JACOBUS DANIEL|Beaufort || C03=VENTER|JAN LOUIS|Beaufort
P0828,C01=VENTER|JACOBUS DANIEL|Beaufort || C02=VENTER|JOHANNES HENDRIK|Beaufort || C03=VENTER|JAN LOUIS|Beaufort
P0829,C01=VENTER|PIETER ALBERT|Graaff-Reinet || C02=VENTER|JAN MICHIEL ANDRIES|Somerset || C03=VENTER|ANDRIES ALBERTUS|Graaff-Reinet || C04=VENTER|TJAART PETRUS|Somerset || C05=VENTER|WILLEM ADRIAAN|Graaff-Reinet || C06=VENTER|ERASMUS ALBERTUS|Graaff-Reinet || C07=VENTER|PIET|Graaff-Reinet || C08=VENTER|HENDRIK STEPHANUS|Graaff-Reinet || C09=VENTER|TJAART NICOLAAS|Somerset || C10=VENTER|PETRUS|Graaff-Reinet || C11=VENTER|ANDRIES|Somerset || C12=VENTER|GERRIT|Somerset || C13=VENTER|JOHANNES PETRUS|Graaff-Reinet || C14=VENTER|JAN ALBERT|Somerset || C15=VENTER|MARCUS ALBERTUS|Graaff-Reinet || C16=VENTER|BAREND JOHANNES|Graaff-Reinet || C17=VENTER|JAN LOUIS|Beaufort || C18=VENTER|PETRUS JACOBUS|Graaff-Reinet || C19=VENTER|PIETER|Somerset || C20=VENTER|JOHANNES HENDRIK|Beaufort || C21=VENTER|JAN ADRIAAN|Somerset || C22=VENTER|JAN HENDRIK|Somerset || C23=VENTER|HENDRIK|Graaff-Reinet || C24=VENTER|JOHANNES PETRUS ALBERTUS|Graaff-Reinet || C25=VENTER|JACOBUS DANIEL|Beaufort || C26=VENTER|JACOB|Graaff-Reinet || C27=VENTER|PETRUS STEPHANUS|Somerset
P0830,C01=VENTER|JAN HENDRIK|Somerset || C02=VENTER|PETRUS STEPHANUS|Somerset || C03=VENTER|JAN MICHIEL ANDRIES|Somerset || C04=VENTER|HENDRIK STEPHANUS|Graaff-Reinet || C05=VENTER|PETRUS|Graaff-Reinet || C06=VENTER|JAN ADRIAAN|Somerset || C07=VENTER|TJAART NICOLAAS|Somerset || C08=VENTER|HENDRIK|Graaff-Reinet || C09=VENTER|JOHANNES PETRUS ALBERTUS|Graaff-Reinet || C10=VENTER|PETRUS JACOBUS|Graaff-Reinet || C11=VENTER|ERASMUS ALBERTUS|Graaff-Reinet || C12=VENTER|PIETER|Somerset || C13=VENTER|JAN ALBERT|Somerset || C14=VENTER|JOHANNES PETRUS|Graaff-Reinet || C15=VENTER|ANDRIES ALBERTUS|Graaff-Reinet || C16=VENTER|JACOB|Graaff-Reinet || C17=VENTER|ANDRIES|Somerset || C18=VENTER|WILLEM ADRIAAN|Graaff-Reinet || C19=VENTER|GERRIT|Somerset || C20=VENTER|TJAART PETRUS|Somerset || C21=VENTER|MARCUS ALBERTUS|Graaff-Reinet || C22=VENTER|PIETER ALBERT|Graaff-Reinet || C23=VENTER|PIET|Graaff-Reinet || C24=VENTER|BAREND JOHANNES|Graaff-Reinet
P0831,C01=VENTER|HENDRIK STEPHANUS|Graaff-Reinet || C02=VENTER|JOHANNES PETRUS ALBERTUS|Graaff-Reinet || C03=VENTER|JACOB|Graaff-Reinet || C04=VENTER|BAREND JOHANNES|Graaff-Reinet || C05=VENTER|ERASMUS ALBERTUS|Graaff-Reinet || C06=VENTER|JOHANNES PETRUS|Graaff-Reinet || C07=VENTER|PETRUS JACOBUS|Graaff-Reinet || C08=VENTER|PIETER ALBERT|Graaff-Reinet || C09=VENTER|PETRUS|Graaff-Reinet || C10=VENTER|HENDRIK|Graaff-Reinet || C11=VENTER|ANDRIES ALBERTUS|Graaff-Reinet || C12=VENTER|WILLEM ADRIAAN|Graaff-Reinet || C13=VENTER|PIET|Graaff-Reinet || C14=VENTER|MARCUS ALBERTUS|Graaff-Reinet
P0832,C01=VENTER|PIET|Graaff-Reinet || C02=VENTER|JAN ADRIAAN|Somerset || C03=VENTER|ANDRIES ALBERTUS|Graaff-Reinet || C04=VENTER|WILLEM ADRIAAN|Graaff-Reinet || C05=VENTER|ERASMUS ALBERTUS|Graaff-Reinet || C06=VENTER|JAN HENDRIK|Somerset || C07=VENTER|GERRIT|Somerset || C08=VENTER|BAREND JOHANNES|Graaff-Reinet || C09=VENTER|JACOB|Graaff-Reinet || C10=VENTER|PIETER ALBERT|Graaff-Reinet || C11=VENTER|HENDRIK|Graaff-Reinet || C12=VENTER|JOHANNES PETRUS ALBERTUS|Graaff-Reinet || C13=VENTER|MARCUS ALBERTUS|Graaff-Reinet || C14=VENTER|PIETER|Somerset || C15=VENTER|ANDRIES|Somerset || C16=VENTER|TJAART PETRUS|Somerset || C17=VENTER|JAN MICHIEL ANDRIES|Somerset || C18=VENTER|HENDRIK STEPHANUS|Graaff-Reinet || C19=VENTER|PETRUS STEPHANUS|Somerset || C20=VENTER|JOHANNES PETRUS|Graaff-Reinet || C21=VENTER|TJAART NICOLAAS|Somerset || C22=VENTER|JAN ALBERT|Somerset || C23=VENTER|PETRUS|Graaff-Reinet || C24=VENTER|PETRUS JACOBUS|Graaff-Reinet
P0833,C01=VENTER|HENDRIK|Graaff-Reinet || C02=VENTER|PETRUS JACOBUS|Graaff-Reinet || C03=VENTER|HENDRIK STEPHANUS|Graaff-Reinet || C04=VENTER|PIETER ALBERT|Graaff-Reinet || C05=VENTER|JOHANNES PETRUS ALBERTUS|Graaff-Reinet || C06=VENTER|BAREND JOHANNES|Graaff-Reinet || C07=VENTER|ERASMUS ALBERTUS|Graaff-Reinet || C08=VENTER|JOHANNES PETRUS|Graaff-Reinet || C09=VENTER|JACOB|Graaff-Reinet || C10=VENTER|MARCUS ALBERTUS|Graaff-Reinet || C11=VENTER|WILLEM ADRIAAN|Graaff-Reinet || C12=VENTER|PETRUS|Graaff-Reinet || C13=VENTER|PIET|Graaff-Reinet || C14=VENTER|ANDRIES ALBERTUS|Graaff-Reinet
P0834,C01=VENTER|MARCUS ALBERTUS|Graaff-Reinet || C02=VENTER|BAREND JOHANNES|Graaff-Reinet || C03=VENTER|PIET|Graaff-Reinet || C04=VENTER|JACOB|Graaff-Reinet || C05=VENTER|ERASMUS ALBERTUS|Graaff-Reinet || C06=VENTER|JOHANNES PETRUS ALBERTUS|Graaff-Reinet || C07=VENTER|HENDRIK STEPHANUS|Graaff-Reinet || C08=VENTER|JOHANNES PETRUS|Graaff-Reinet || C09=VENTER|ANDRIES ALBERTUS|Graaff-Reinet || C10=VENTER|PIETER ALBERT|Graaff-Reinet || C11=VENTER|WILLEM ADRIAAN|Graaff-Reinet || C12=VENTER|PETRUS|Graaff-Reinet || C13=VENTER|PETRUS JACOBUS|Graaff-Reinet || C14=VENTER|HENDRIK|Graaff-Reinet
P0835,C01=VENTER|PETRUS JACOBUS|Graaff-Reinet || C02=VENTER|BAREND JOHANNES|Graaff-Reinet || C03=VENTER|ERASMUS ALBERTUS|Graaff-Reinet || C04=VENTER|JOHANNES PETRUS|Graaff-Reinet || C05=VENTER|JOHANNES PETRUS ALBERTUS|Graaff-Reinet || C06=VENTER|PIETER ALBERT|Graaff-Reinet || C07=VENTER|JACOB|Graaff-Reinet || C08=VENTER|PETRUS|Graaff-Reinet || C09=VENTER|WILLEM ADRIAAN|Graaff-Reinet || C10=VENTER|ANDRIES ALBERTUS|Graaff-Reinet || C11=VENTER|PIET|Graaff-Reinet || C12=VENTER|MARCUS ALBERTUS|Graaff-Reinet || C13=VENTER|HENDRIK|Graaff-Reinet || C14=VENTER|HENDRIK STEPHANUS|Graaff-Reinet
P0836,C01=VENTER|ANDRIES ALBERTUS|Graaff-Reinet || C02=VENTER|HENDRIK STEPHANUS|Graaff-Reinet || C03=VENTER|ERASMUS ALBERTUS|Graaff-Reinet || C04=VENTER|HENDRIK|Graaff-Reinet || C05=VENTER|JOHANNES PETRUS ALBERTUS|Graaff-Reinet || C06=VENTER|WILLEM ADRIAAN|Graaff-Reinet || C07=VENTER|JACOB|Graaff-Reinet || C08=VENTER|BAREND JOHANNES|Graaff-Reinet || C09=VENTER|PIET|Graaff-Reinet || C10=VENTER|PETRUS JACOBUS|Graaff-Reinet || C11=VENTER|MARCUS ALBERTUS|Graaff-Reinet || C12=VENTER|PIETER ALBERT|Graaff-Reinet || C13=VENTER|JOHANNES PETRUS|Graaff-Reinet || C14=VENTER|PETRUS|Graaff-Reinet
P0837,C01=VERMAAK|JACOBUS STEPHANUS|Uitenhage || C02=VERMAAK|IGNATIUS MARTINUS|Uitenhage || C03=VERMAAK|GERRIT THOMAS|Uitenhage || C04=VERMAAK|JOHANNES RYNIER|Uitenhage || C05=VERMAAK|SALOMON|Uitenhage || C06=VERMAAK|PETRUS HENDRIK|Uitenhage || C07=VERMAAK|COENRAAD MARTINUS|Uitenhage || C08=VERMAAK|JOHANNES ADRIANUS|Uitenhage || C09=VERMAAK|CORNELIS TOBIAS|Uitenhage || C10=VERMAAK|PETRUS THEODORUS|Uitenhage || C11=VERMAAK|JOHANNES GERHARDUS|Uitenhage
P0838,C01=VERMAAK|PETRUS HENDRIK|Uitenhage || C02=VERMAAK|JACOBUS STEPHANUS|Uitenhage || C03=VERMAAK|JOHANNES ADRIANUS|Uitenhage || C04=VERMAAK|IGNATIUS MARTINUS|Uitenhage || C05=VERMAAK|GERRIT THOMAS|Uitenhage || C06=VERMAAK|CORNELIS TOBIAS|Uitenhage || C07=VERMAAK|JOHANNES GERHARDUS|Uitenhage || C08=VERMAAK|PETRUS THEODORUS|Uitenhage || C09=VERMAAK|COENRAAD MARTINUS|Uitenhage || C10=VERMAAK|JOHANNES RYNIER|Uitenhage || C11=VERMAAK|SALOMON|Uitenhage
P0839,C01=VERMAAK|CORNELIS TOBIAS|Uitenhage || C02=VERMAAK|GERRIT THOMAS|Uitenhage || C03=VERMAAK|COENRAAD MARTINUS|Uitenhage || C04=VERMAAK|IGNATIUS MARTINUS|Uitenhage || C05=VERMAAK|JOHANNES GERHARDUS|Uitenhage || C06=VERMAAK|JACOBUS STEPHANUS|Uitenhage || C07=VERMAAK|SALOMON|Uitenhage || C08=VERMAAK|JOHANNES ADRIANUS|Uitenhage || C09=VERMAAK|PETRUS HENDRIK|Uitenhage || C10=VERMAAK|JOHANNES RYNIER|Uitenhage || C11=VERMAAK|PETRUS THEODORUS|Uitenhage
P0840,C01=VERMAAK|PETRUS THEODORUS|Uitenhage || C02=VERMAAK|JOHANNES GERHARDUS|Uitenhage || C03=VERMAAK|JACOBUS STEPHANUS|Uitenhage || C04=VERMAAK|COENRAAD MARTINUS|Uitenhage || C05=VERMAAK|SALOMON|Uitenhage || C06=VERMAAK|IGNATIUS MARTINUS|Uitenhage || C07=VERMAAK|PETRUS HENDRIK|Uitenhage || C08=VERMAAK|JOHANNES RYNIER|Uitenhage || C09=VERMAAK|GERRIT THOMAS|Uitenhage || C10=VERMAAK|CORNELIS TOBIAS|Uitenhage || C11=VERMAAK|JOHANNES ADRIANUS|Uitenhage
P0841,C01=VERMAAK|SALOMON|Uitenhage || C02=VERMAAK|JOHANNES ADRIANUS|Uitenhage || C03=VERMAAK|JACOBUS STEPHANUS|Uitenhage || C04=VERMAAK|JOHANNES GERHARDUS|Uitenhage || C05=VERMAAK|GERRIT THOMAS|Uitenhage || C06=VERMAAK|JOHANNES RYNIER|Uitenhage || C07=VERMAAK|IGNATIUS MARTINUS|Uitenhage || C08=VERMAAK|CORNELIS TOBIAS|Uitenhage || C09=VERMAAK|PETRUS THEODORUS|Uitenhage || C10=VERMAAK|PETRUS HENDRIK|Uitenhage || C11=VERMAAK|COENRAAD MARTINUS|Uitenhage
P0842,C01=VERMAAK|PETRUS HENDRIK|Uitenhage || C02=VERMAAK|CORNELIS TOBIAS|Uitenhage || C03=VERMAAK|COENRAAD MARTINUS|Uitenhage || C04=VERMAAK|IGNATIUS MARTINUS|Uitenhage || C05=VERMAAK|GERRIT THOMAS|Uitenhage || C06=VERMAAK|JOHANNES RYNIER|Uitenhage || C07=VERMAAK|SALOMON|Uitenhage || C08=VERMAAK|JOHANNES ADRIANUS|Uitenhage || C09=VERMAAK|PETRUS THEODORUS|Uitenhage || C10=VERMAAK|JOHANNES GERHARDUS|Uitenhage || C11=VERMAAK|JACOBUS STEPHANUS|Uitenhage
P0843,C01=VERMAAK|JOHANNES GERHARDUS|Uitenhage || C02=VERMAAK|PETRUS HENDRIK|Uitenhage || C03=VERMAAK|IGNATIUS MARTINUS|Uitenhage || C04=VERMAAK|PETRUS THEODORUS|Uitenhage || C05=VERMAAK|COENRAAD MARTINUS|Uitenhage || C06=VERMAAK|JOHANNES RYNIER|Uitenhage || C07=VERMAAK|JOHANNES ADRIANUS|Uitenhage || C08=VERMAAK|SALOMON|Uitenhage || C09=VERMAAK|GERRIT THOMAS|Uitenhage || C10=VERMAAK|CORNELIS TOBIAS|Uitenhage || C11=VERMAAK|JACOBUS STEPHANUS|Uitenhage
P0844,C01=VERMAAK|JACOBUS STEPHANUS|Uitenhage || C02=VERMAAK|JOHANNES RYNIER|Uitenhage || C03=VERMAAK|JOHANNES ADRIANUS|Uitenhage || C04=VERMAAK|PETRUS HENDRIK|Uitenhage || C05=VERMAAK|GERRIT THOMAS|Uitenhage || C06=VERMAAK|JOHANNES GERHARDUS|Uitenhage || C07=VERMAAK|CORNELIS TOBIAS|Uitenhage || C08=VERMAAK|IGNATIUS MARTINUS|Uitenhage || C09=VERMAAK|PETRUS THEODORUS|Uitenhage || C10=VERMAAK|COENRAAD MARTINUS|Uitenhage || C11=VERMAAK|SALOMON|Uitenhage
P0845,C01=VERMAAK|JOHANNES RYNIER|Uitenhage || C02=VERMAAK|JACOBUS STEPHANUS|Uitenhage || C03=VERMAAK|PETRUS THEODORUS|Uitenhage || C04=VERMAAK|COENRAAD MARTINUS|Uitenhage || C05=VERMAAK|JOHANNES GERHARDUS|Uitenhage || C06=VERMAAK|GERRIT THOMAS|Uitenhage || C07=VERMAAK|CORNELIS TOBIAS|Uitenhage || C08=VERMAAK|SALOMON|Uitenhage || C09=VERMAAK|IGNATIUS MARTINUS|Uitenhage || C10=VERMAAK|JOHANNES ADRIANUS|Uitenhage || C11=VERMAAK|PETRUS HENDRIK|Uitenhage
P0846,C01=VERMAAK|GERRIT THOMAS|Uitenhage || C02=VERMAAK|JOHANNES RYNIER|Uitenhage || C03=VERMAAK|JACOBUS STEPHANUS|Uitenhage || C04=VERMAAK|COENRAAD MARTINUS|Uitenhage || C05=VERMAAK|SALOMON|Uitenhage || C06=VERMAAK|PETRUS HENDRIK|Uitenhage || C07=VERMAAK|IGNATIUS MARTINUS|Uitenhage || C08=VERMAAK|CORNELIS TOBIAS|Uitenhage || C09=VERMAAK|JOHANNES ADRIANUS|Uitenhage || C10=VERMAAK|JOHANNES GERHARDUS|Uitenhage || C11=VERMAAK|PETRUS THEODORUS|Uitenhage
P0847,C01=VERMAAK|CORNELIS TOBIAS|Uitenhage || C02=VERMAAK|GERRIT THOMAS|Uitenhage || C03=VERMAAK|PETRUS HENDRIK|Uitenhage || C04=VERMAAK|SALOMON|Uitenhage || C05=VERMAAK|COENRAAD MARTINUS|Uitenhage || C06=VERMAAK|IGNATIUS MARTINUS|Uitenhage || C07=VERMAAK|PETRUS THEODORUS|Uitenhage || C08=VERMAAK|JOHANNES RYNIER|Uitenhage || C09=VERMAAK|JOHANNES ADRIANUS|Uitenhage || C10=VERMAAK|JACOBUS STEPHANUS|Uitenhage || C11=VERMAAK|JOHANNES GERHARDUS|Uitenhage
P0848,C01=VERMAAK|PETRUS THEODORUS|Uitenhage || C02=VERMAAK|JOHANNES GERHARDUS|Uitenhage || C03=VERMAAK|JACOBUS STEPHANUS|Uitenhage || C04=VERMAAK|IGNATIUS MARTINUS|Uitenhage || C05=VERMAAK|JOHANNES ADRIANUS|Uitenhage || C06=VERMAAK|GERRIT THOMAS|Uitenhage || C07=VERMAAK|SALOMON|Uitenhage || C08=VERMAAK|COENRAAD MARTINUS|Uitenhage || C09=VERMAAK|PETRUS HENDRIK|Uitenhage || C10=VERMAAK|CORNELIS TOBIAS|Uitenhage || C11=VERMAAK|JOHANNES RYNIER|Uitenhage
P0849,C01=VERMEULEN|JAN GABRIEL|Graaff-Reinet || C02=VERMEULEN|PETRUS CORNELIS|Graaff-Reinet
P0850,C01=VERMEULEN|PETRUS CORNELIS|Graaff-Reinet || C02=VERMEULEN|JAN GABRIEL|Graaff-Reinet
P0851,C01=VILJOEN|HERCULES ALBERTUS|Somerset || C02=VILJOEN|FREDRIK JACOBUS|Graaff-Reinet || C03=VILJOEN|WILLEM JACOBUS [DIED]|Graaff-Reinet || C04=VILJOEN|WILLEM|Graaff-Reinet || C05=VILJOEN|CHRISTOFFEL|Uitenhage || C06=VILJOEN|CHARL|Uitenhage || C07=VILJOEN|JAN ALBERTUS|Somerset || C08=VILJOEN|JAN HENDRIK|Graaff-Reinet || C09=VILJOEN|CHRISTOFFEL JACOBUS|Somerset || C10=VILJOEN|WILLEM WOUTER|Somerset || C11=VILJOEN|HERMANUS DAVID JAC|Graaff-Reinet
P0852,C01=VILJOEN|HERMANUS DAVID JAC|Graaff-Reinet || C02=VILJOEN|WILLEM JACOBUS [DIED]|Graaff-Reinet || C03=VILJOEN|FREDRIK JACOBUS|Graaff-Reinet || C04=VILJOEN|WILLEM|Graaff-Reinet || C05=VILJOEN|JAN HENDRIK|Graaff-Reinet
P0853,C01=VILJOEN|CHRISTOFFEL JACOBUS|Somerset || C02=VILJOEN|HERCULES ALBERTUS|Somerset || C03=VILJOEN|WILLEM WOUTER|Somerset || C04=VILJOEN|WILLEM JACOBUS [DIED]|Graaff-Reinet || C05=VILJOEN|FREDRIK JACOBUS|Graaff-Reinet || C06=VILJOEN|JAN ALBERTUS|Somerset || C07=VILJOEN|HERMANUS DAVID JAC|Graaff-Reinet || C08=VILJOEN|WILLEM|Graaff-Reinet || C09=VILJOEN|JAN HENDRIK|Graaff-Reinet
P0854,C01=VILJOEN|HERCULES ALBERTUS|Somerset || C02=VILJOEN|HERMANUS DAVID JAC|Graaff-Reinet || C03=VILJOEN|WILLEM JACOBUS [DIED]|Graaff-Reinet || C04=VILJOEN|JAN ALBERTUS|Somerset || C05=VILJOEN|WILLEM WOUTER|Somerset || C06=VILJOEN|WILLEM|Graaff-Reinet || C07=VILJOEN|FREDRIK JACOBUS|Graaff-Reinet || C08=VILJOEN|JAN HENDRIK|Graaff-Reinet || C09=VILJOEN|CHRISTOFFEL JACOBUS|Somerset
P0855,C01=VILJOEN|HERCULES ALBERTUS|Somerset || C02=VILJOEN|CHRISTOFFEL|Uitenhage || C03=VILJOEN|CHARL|Uitenhage || C04=VILJOEN|CHRISTOFFEL JACOBUS|Somerset || C05=VILJOEN|JAN ALBERTUS|Somerset || C06=VILJOEN|HERMANUS DAVID JAC|Graaff-Reinet || C07=VILJOEN|JAN HENDRIK|Graaff-Reinet || C08=VILJOEN|WILLEM JACOBUS [DIED]|Graaff-Reinet || C09=VILJOEN|WILLEM WOUTER|Somerset || C10=VILJOEN|WILLEM|Graaff-Reinet || C11=VILJOEN|FREDRIK JACOBUS|Graaff-Reinet
P0856,C01=VILJOEN|CHRISTOFFEL|Uitenhage || C02=VILJOEN|WILLEM WOUTER|Somerset || C03=VILJOEN|JAN HENDRIK|Graaff-Reinet || C04=VILJOEN|WILLEM|Graaff-Reinet || C05=VILJOEN|HERCULES ALBERTUS|Somerset || C06=VILJOEN|FREDRIK JACOBUS|Graaff-Reinet || C07=VILJOEN|CHARL|Uitenhage || C08=VILJOEN|CHRISTOFFEL JACOBUS|Somerset || C09=VILJOEN|JAN ALBERTUS|Somerset || C10=VILJOEN|WILLEM JACOBUS [DIED]|Graaff-Reinet || C11=VILJOEN|HERMANUS DAVID JAC|Graaff-Reinet
P0857,C01=VILJOEN|HERCULES ALBERTUS|Somerset || C02=VILJOEN|WILLEM|Graaff-Reinet || C03=VILJOEN|FREDRIK JACOBUS|Graaff-Reinet || C04=VILJOEN|CHRISTOFFEL JACOBUS|Somerset || C05=VILJOEN|HERMANUS DAVID JAC|Graaff-Reinet || C06=VILJOEN|WILLEM JACOBUS [DIED]|Graaff-Reinet || C07=VILJOEN|JAN HENDRIK|Graaff-Reinet || C08=VILJOEN|WILLEM WOUTER|Somerset || C09=VILJOEN|CHARL|Uitenhage || C10=VILJOEN|CHRISTOFFEL|Uitenhage || C11=VILJOEN|JAN ALBERTUS|Somerset
P0858,C01=VILJOEN|WILLEM WOUTER|Somerset || C02=VILJOEN|HERCULES ALBERTUS|Somerset || C03=VILJOEN|CHARL|Uitenhage || C04=VILJOEN|JAN ALBERTUS|Somerset || C05=VILJOEN|HERMANUS DAVID JAC|Graaff-Reinet || C06=VILJOEN|CHRISTOFFEL|Uitenhage || C07=VILJOEN|FREDRIK JACOBUS|Graaff-Reinet || C08=VILJOEN|WILLEM JACOBUS [DIED]|Graaff-Reinet || C09=VILJOEN|WILLEM|Graaff-Reinet || C10=VILJOEN|CHRISTOFFEL JACOBUS|Somerset || C11=VILJOEN|JAN HENDRIK|Graaff-Reinet
P0859,C01=VILJOEN|CHRISTOFFEL JACOBUS|Somerset || C02=VILJOEN|JAN ALBERTUS|Somerset || C03=VILJOEN|WILLEM|Graaff-Reinet || C04=VILJOEN|WILLEM JACOBUS [DIED]|Graaff-Reinet || C05=VILJOEN|WILLEM WOUTER|Somerset || C06=VILJOEN|JAN HENDRIK|Graaff-Reinet || C07=VILJOEN|FREDRIK JACOBUS|Graaff-Reinet || C08=VILJOEN|CHRISTOFFEL|Uitenhage || C09=VILJOEN|HERMANUS DAVID JAC|Graaff-Reinet || C10=VILJOEN|CHARL|Uitenhage || C11=VILJOEN|HERCULES ALBERTUS|Somerset
P0860,C01=VILJOEN|HERMANUS DAVID JAC|Graaff-Reinet || C02=VILJOEN|JAN HENDRIK|Graaff-Reinet || C03=VILJOEN|FREDRIK JACOBUS|Graaff-Reinet || C04=VILJOEN|WILLEM|Graaff-Reinet || C05=VILJOEN|WILLEM JACOBUS [DIED]|Graaff-Reinet
P0861,C01=VILJOEN|WILLEM|Graaff-Reinet || C02=VILJOEN|WILLEM WOUTER|Somerset || C03=VILJOEN|JAN HENDRIK|Graaff-Reinet || C04=VILJOEN|FREDRIK JACOBUS|Graaff-Reinet || C05=VILJOEN|CHARL|Uitenhage || C06=VILJOEN|JAN ALBERTUS|Somerset || C07=VILJOEN|HERMANUS DAVID JAC|Graaff-Reinet || C08=VILJOEN|HERCULES ALBERTUS|Somerset || C09=VILJOEN|CHRISTOFFEL JACOBUS|Somerset || C10=VILJOEN|WILLEM JACOBUS [DIED]|Graaff-Reinet || C11=VILJOEN|CHRISTOFFEL|Uitenhage
P0862,C01=VILJOEN|CHRISTOFFEL JACOBUS|Somerset || C02=VILJOEN|WILLEM JACOBUS [DIED]|Graaff-Reinet || C03=VILJOEN|JAN HENDRIK|Graaff-Reinet || C04=VILJOEN|HERMANUS DAVID JAC|Graaff-Reinet || C05=VILJOEN|FREDRIK JACOBUS|Graaff-Reinet || C06=VILJOEN|WILLEM|Graaff-Reinet || C07=VILJOEN|HERCULES ALBERTUS|Somerset || C08=VILJOEN|JAN ALBERTUS|Somerset || C09=VILJOEN|WILLEM WOUTER|Somerset
P0863,C01=VILJOEN|CHRISTOFFEL JACOBUS|Somerset || C02=VILJOEN|JAN HENDRIK|Graaff-Reinet || C03=VILJOEN|FREDRIK JACOBUS|Graaff-Reinet || C04=VILJOEN|JAN ALBERTUS|Somerset || C05=VILJOEN|HERCULES ALBERTUS|Somerset || C06=VILJOEN|WILLEM WOUTER|Somerset || C07=VILJOEN|WILLEM|Graaff-Reinet || C08=VILJOEN|WILLEM JACOBUS [DIED]|Graaff-Reinet || C09=VILJOEN|HERMANUS DAVID JAC|Graaff-Reinet
P0864,C01=VILJOEN|CHARL|Uitenhage || C02=VILJOEN|CHRISTOFFEL|Uitenhage
P0865,C01=VILJOEN|FREDRIK JACOBUS|Graaff-Reinet || C02=VILJOEN|JAN HENDRIK|Graaff-Reinet || C03=VILJOEN|WILLEM|Graaff-Reinet || C04=VILJOEN|HERMANUS DAVID JAC|Graaff-Reinet || C05=VILJOEN|WILLEM JACOBUS [DIED]|Graaff-Reinet
P0866,C01=VILJOEN|CHARL|Uitenhage || C02=VILJOEN|CHRISTOFFEL|Uitenhage
P0867,C01=VILJOEN|JAN HENDRIK|Graaff-Reinet || C02=VILJOEN|WILLEM WOUTER|Somerset || C03=VILJOEN|HERCULES ALBERTUS|Somerset || C04=VILJOEN|CHRISTOFFEL JACOBUS|Somerset || C05=VILJOEN|WILLEM JACOBUS [DIED]|Graaff-Reinet || C06=VILJOEN|HERMANUS DAVID JAC|Graaff-Reinet || C07=VILJOEN|CHRISTOFFEL|Uitenhage || C08=VILJOEN|JAN ALBERTUS|Somerset || C09=VILJOEN|FREDRIK JACOBUS|Graaff-Reinet || C10=VILJOEN|WILLEM|Graaff-Reinet || C11=VILJOEN|CHARL|Uitenhage
P0868,C01=VILJOEN|WILLEM WOUTER|Somerset || C02=VILJOEN|HERMANUS DAVID JAC|Graaff-Reinet || C03=VILJOEN|CHRISTOFFEL JACOBUS|Somerset || C04=VILJOEN|WILLEM JACOBUS [DIED]|Graaff-Reinet || C05=VILJOEN|JAN ALBERTUS|Somerset || C06=VILJOEN|CHRISTOFFEL|Uitenhage || C07=VILJOEN|JAN HENDRIK|Graaff-Reinet || C08=VILJOEN|FREDRIK JACOBUS|Graaff-Reinet || C09=VILJOEN|CHARL|Uitenhage || C10=VILJOEN|WILLEM|Graaff-Reinet || C11=VILJOEN|HERCULES ALBERTUS|Somerset
P0869,C01=VILJOEN|CHRISTOFFEL JACOBUS|Somerset || C02=VILJOEN|HERCULES ALBERTUS|Somerset || C03=VILJOEN|JAN ALBERTUS|Somerset || C04=VILJOEN|FREDRIK JACOBUS|Graaff-Reinet || C05=VILJOEN|WILLEM WOUTER|Somerset || C06=VILJOEN|WILLEM|Graaff-Reinet || C07=VILJOEN|HERMANUS DAVID JAC|Graaff-Reinet || C08=VILJOEN|CHRISTOFFEL|Uitenhage || C09=VILJOEN|JAN HENDRIK|Graaff-Reinet || C10=VILJOEN|WILLEM JACOBUS [DIED]|Graaff-Reinet || C11=VILJOEN|CHARL|Uitenhage
P0870,C01=VILJOEN|WILLEM|Graaff-Reinet || C02=VILJOEN|CHARL|Uitenhage || C03=VILJOEN|JAN HENDRIK|Graaff-Reinet || C04=VILJOEN|HERCULES ALBERTUS|Somerset || C05=VILJOEN|JAN ALBERTUS|Somerset || C06=VILJOEN|HERMANUS DAVID JAC|Graaff-Reinet || C07=VILJOEN|FREDRIK JACOBUS|Graaff-Reinet || C08=VILJOEN|WILLEM JACOBUS [DIED]|Graaff-Reinet || C09=VILJOEN|CHRISTOFFEL|Uitenhage || C10=VILJOEN|CHRISTOFFEL JACOBUS|Somerset || C11=VILJOEN|WILLEM WOUTER|Somerset
P0871,C01=VISAGIE|ANNA CATHARINA [ISAAC JOH DAVEL|Graaff-Reinet || C02=VISAGIE|ANNA CATHARINA [ISAAC JOH]|Graaff-Reinet
P0872,C01=VISSER|GERRIT PETRUS|Graaff-Reinet || C02=VISSER|FLORIS|Graaff-Reinet || C03=VISSER|CORNELIS JOHANNES|Graaff-Reinet
P0873,C01=VISSER|PETRUS JOHANNES|Worcester || C02=VISSER|GIDEON|Worcester || C03=VISSER|NICOLAAS HENDRIK|Worcester || C04=VISSER|ABRAHAM|Worcester || C05=VISSER|GERRIT|Worcester || C06=VISSER|GERHARDUS GEORGE|Worcester || C07=VISSER|ALBERTUS ABRAHAM|Worcester || C08=VISSER|JOHANNES LUCAS|Worcester || C09=VISSER|WILLEM ADRIAAN|Worcester
P0874,C01=VISSER|FLORIS|Graaff-Reinet || C02=VISSER|GERRIT PETRUS|Graaff-Reinet || C03=VISSER|CORNELIS JOHANNES|Graaff-Reinet
P0875,C01=VORSTER|STEPHANUS JOH. RUDOLPH|Graaff-Reinet || C02=VORSTER|FRANCOIS CHRISTIAAN|Graaff-Reinet || C03=VORSTER|BAREND JOHANNES|Graaff-Reinet || C04=VORSTER|SCHALK WILLEM|Graaff-Reinet || C05=VORSTER|BAREND CHRISTOFFEL|Graaff-Reinet || C06=VORSTER|PIETER WILLEM|Graaff-Reinet || C07=VORSTER|BAREND J|Graaff-Reinet || C08=VORSTER|ISAAC DAVID|Graaff-Reinet || C09=VORSTER|JAN|Graaff-Reinet
P0876,C01=WEIDEMAN|PIETER ANDRIES CHRISTIAAN|Beaufort || C02=WEIDEMAN|ROELOF|Beaufort
P0877,C01=WENTZEL|JOHAN DAVID|Somerset
P0878,C01=WESSELS|HERMANUS JOHANNES|Uitenhage || C02=WESSELS|HERMANUS|Uitenhage
P0879,C01=WESSELS|HERMANUS|Uitenhage || C02=WESSELS|HERMANUS JOHANNES|Uitenhage
P0880,C01=WESSELS|JURIE JACOBUS|Swellendam || C02=WESSELS|MARTINUS HENDRICUS|Swellendam || C03=WESSELS|JAN WILLEM|Swellendam || C04=WESSELS|SUSANNA GEERTRUIDA|Swellendam || C05=WESSELS|JOHANNES BERNARDUS|Swellendam || C06=WESSELS|WESSEL JOHANNES|Swellendam || C07=WESSELS|JAN HENDRIK|Swellendam || C08=WESSELS|CORNELIS JACOBUS|Swellendam || C09=WESSELS|JOHANNES MATTHEUS|Swellendam || C10=WESSELS|JOHANNES WILHELMUS|Swellendam || C11=WESSELS|JURIE HENDRIK|Swellendam || C12=WESSELS|JURIE JOHANNES|Swellendam || C13=WESSELS|PIETER HERMANUS|Swellendam || C14=WESSELS|HENDRIK PETRUS|Swellendam || C15=WESSELS|JOHANNES ALBERTUS|Swellendam || C16=WESSELS|DIRK CORNELIS|Swellendam || C17=WESSELS|MATTHYS JOHANNES|Swellendam || C18=WESSELS|WYNAND|Swellendam || C19=WESSELS|ZACHARIA JOHANNA|Swellendam || C20=WESSELS|WESSEL|Swellendam || C21=WESSELS|WILLEM|Swellendam
P0881,C01=WESSELS|DIRK CORNELIS|Swellendam || C02=WESSELS|MATTHYS JOHANNES|Swellendam || C03=WESSELS|WESSEL JOHANNES|Swellendam || C04=WESSELS|JOHANNES BERNARDUS|Swellendam || C05=WESSELS|WESSEL|Swellendam || C06=WESSELS|JURIE JACOBUS|Swellendam || C07=WESSELS|ZACHARIA JOHANNA|Swellendam || C08=WESSELS|WYNAND|Swellendam || C09=WESSELS|HENDRIK PETRUS|Swellendam || C10=WESSELS|SUSANNA GEERTRUIDA|Swellendam || C11=WESSELS|JURIE JOHANNES|Swellendam || C12=WESSELS|PIETER HERMANUS|Swellendam || C13=WESSELS|JAN WILLEM|Swellendam || C14=WESSELS|JOHANNES MATTHEUS|Swellendam || C15=WESSELS|MARTINUS HENDRICUS|Swellendam || C16=WESSELS|JOHANNES ALBERTUS|Swellendam || C17=WESSELS|CORNELIS JACOBUS|Swellendam || C18=WESSELS|JURIE HENDRIK|Swellendam || C19=WESSELS|JOHANNES WILHELMUS|Swellendam || C20=WESSELS|WILLEM|Swellendam || C21=WESSELS|JAN HENDRIK|Swellendam
P0882,C01=WESSELS|JURIE JACOBUS|Swellendam || C02=WESSELS|JURIE JOHANNES|Swellendam || C03=WESSELS|JAN HENDRIK|Swellendam || C04=WESSELS|SUSANNA GEERTRUIDA|Swellendam || C05=WESSELS|WILLEM|Swellendam || C06=WESSELS|JOHANNES ALBERTUS|Swellendam || C07=WESSELS|WYNAND|Swellendam || C08=WESSELS|WESSEL JOHANNES|Swellendam || C09=WESSELS|ZACHARIA JOHANNA|Swellendam || C10=WESSELS|JOHANNES BERNARDUS|Swellendam || C11=WESSELS|DIRK CORNELIS|Swellendam || C12=WESSELS|PIETER HERMANUS|Swellendam || C13=WESSELS|MARTINUS HENDRICUS|Swellendam || C14=WESSELS|JOHANNES MATTHEUS|Swellendam || C15=WESSELS|WESSEL|Swellendam || C16=WESSELS|JURIE HENDRIK|Swellendam || C17=WESSELS|JOHANNES WILHELMUS|Swellendam || C18=WESSELS|HENDRIK PETRUS|Swellendam || C19=WESSELS|MATTHYS JOHANNES|Swellendam || C20=WESSELS|CORNELIS JACOBUS|Swellendam || C21=WESSELS|JAN WILLEM|Swellendam
P0883,C01=WESSELS|HENDRIK PETRUS|Swellendam || C02=WESSELS|JOHANNES ALBERTUS|Swellendam || C03=WESSELS|JURIE HENDRIK|Swellendam || C04=WESSELS|CORNELIS JACOBUS|Swellendam || C05=WESSELS|WYNAND|Swellendam || C06=WESSELS|JOHANNES MATTHEUS|Swellendam || C07=WESSELS|JURIE JACOBUS|Swellendam || C08=WESSELS|WESSEL|Swellendam || C09=WESSELS|PIETER HERMANUS|Swellendam || C10=WESSELS|MARTINUS HENDRICUS|Swellendam || C11=WESSELS|JOHANNES BERNARDUS|Swellendam || C12=WESSELS|JURIE JOHANNES|Swellendam || C13=WESSELS|SUSANNA GEERTRUIDA|Swellendam || C14=WESSELS|JAN HENDRIK|Swellendam || C15=WESSELS|JOHANNES WILHELMUS|Swellendam || C16=WESSELS|WESSEL JOHANNES|Swellendam || C17=WESSELS|DIRK CORNELIS|Swellendam || C18=WESSELS|MATTHYS JOHANNES|Swellendam || C19=WESSELS|ZACHARIA JOHANNA|Swellendam || C20=WESSELS|JAN WILLEM|Swellendam || C21=WESSELS|WILLEM|Swellendam
P0884,C01=WILKEN|JOHAN ADAM|Uitenhage
P0885,C01=WOLMARANS|FREDRIK GERHARDUS|George || C02=WOLMARANS |JOHANNES JOSEPHUS|George || C03=WOLMARANS|JOSEPH HENDRIK|George || C04=WOLMARANS |JAN BAREND  |George
P0886,C01=ZIETSMAN|JOHAN PHILIP|Uitenhage
