nr,names_men,names_women,raw_order,hhobs,h_key,group,slaves,raw_excel_row,district,folio,decision,duplicate_set,evidence,source_workbook,source_sheet,archive
1,Jan Stevens Botma,Christina de Bruyn,1,5669,jan botma,high,20,4,Stellenbosch,1,include,"",Named male entry in 1712 transcription; preserve source row; do not deduplicate by a shortened name key.,Stellenbosch-Drakenstein Earlier Opgaafrolle - Hague & Cape Archives - including Full Indexes June 2022.xlsx,1712,"NL-HaNA VOC 1.04.02, inv.4068, pp.220-243"
2,Harmanus van Brakel,Geertruyd  van de Byl,2,5670,harmanus van brakel,high,9,5,Stellenbosch,1,include,"",Named male entry in 1712 transcription; preserve source row; do not deduplicate by a shortened name key.,Stellenbosch-Drakenstein Earlier Opgaafrolle - Hague & Cape Archives - including Full Indexes June 2022.xlsx,1712,"NL-HaNA VOC 1.04.02, inv.4068, pp.220-243"
3,Pieter van der Byl,Ester Winkel,3,5671,pieter van der byl,high,18,6,Stellenbosch,1,include,"",Named male entry in 1712 transcription; preserve source row; do not deduplicate by a shortened name key.,Stellenbosch-Drakenstein Earlier Opgaafrolle - Hague & Cape Archives - including Full Indexes June 2022.xlsx,1712,"NL-HaNA VOC 1.04.02, inv.4068, pp.220-243"
4,Wessel Pretorius,Geertruyd Elbertsz,4,5672,wessel pretorius,high,7,7,Stellenbosch,1,include,"",Named male entry in 1712 transcription; preserve source row; do not deduplicate by a shortened name key.,Stellenbosch-Drakenstein Earlier Opgaafrolle - Hague & Cape Archives - including Full Indexes June 2022.xlsx,1712,"NL-HaNA VOC 1.04.02, inv.4068, pp.220-243"
5,Adam Tas,Elisabeth van Brakel,5,5673,adam tas,high,12,8,Stellenbosch,1,include,"",Named male entry in 1712 transcription; preserve source row; do not deduplicate by a shortened name key.,Stellenbosch-Drakenstein Earlier Opgaafrolle - Hague & Cape Archives - including Full Indexes June 2022.xlsx,1712,"NL-HaNA VOC 1.04.02, inv.4068, pp.220-243"
6,Theunis de Bruyn,Justina Cleef,6,5674,theunis de bruyn,middle,1,9,Stellenbosch,1,include,"",Named male entry in 1712 transcription; preserve source row; do not deduplicate by a shortened name key.,Stellenbosch-Drakenstein Earlier Opgaafrolle - Hague & Cape Archives - including Full Indexes June 2022.xlsx,1712,"NL-HaNA VOC 1.04.02, inv.4068, pp.220-243"
7,Dirk Smit,Marie Busset,7,5675,dirk smit,middle,1,10,Stellenbosch,1,include,"",Named male entry in 1712 transcription; preserve source row; do not deduplicate by a shortened name key.,Stellenbosch-Drakenstein Earlier Opgaafrolle - Hague & Cape Archives - including Full Indexes June 2022.xlsx,1712,"NL-HaNA VOC 1.04.02, inv.4068, pp.220-243"
8,Harmanus Jansz,"",8,5676,harmanus jansen,low,0,11,Stellenbosch,1,include,"",Named male entry in 1712 transcription; preserve source row; do not deduplicate by a shortened name key.,Stellenbosch-Drakenstein Earlier Opgaafrolle - Hague & Cape Archives - including Full Indexes June 2022.xlsx,1712,"NL-HaNA VOC 1.04.02, inv.4068, pp.220-243"
9,Frans Smit,"",9,5677,francois smit,low,0,12,Stellenbosch,1,include,"",Named male entry in 1712 transcription; preserve source row; do not deduplicate by a shortened name key.,Stellenbosch-Drakenstein Earlier Opgaafrolle - Hague & Cape Archives - including Full Indexes June 2022.xlsx,1712,"NL-HaNA VOC 1.04.02, inv.4068, pp.220-243"
10,Christoffel Keyser,"",10,5678,christoffel keyser,low,0,13,Stellenbosch,1,include,"",Named male entry in 1712 transcription; preserve source row; do not deduplicate by a shortened name key.,Stellenbosch-Drakenstein Earlier Opgaafrolle - Hague & Cape Archives - including Full Indexes June 2022.xlsx,1712,"NL-HaNA VOC 1.04.02, inv.4068, pp.220-243"
11,Jan Oberholster,Helena du toit,11,5679,jan oberholster,high,7,14,Stellenbosch,1,include,"",Named male entry in 1712 transcription; preserve source row; do not deduplicate by a shortened name key.,Stellenbosch-Drakenstein Earlier Opgaafrolle - Hague & Cape Archives - including Full Indexes June 2022.xlsx,1712,"NL-HaNA VOC 1.04.02, inv.4068, pp.220-243"
12,Alewyn Smit,"",12,5680,alewyn smit,low,0,15,Stellenbosch,1,include,"",Named male entry in 1712 transcription; preserve source row; do not deduplicate by a shortened name key.,Stellenbosch-Drakenstein Earlier Opgaafrolle - Hague & Cape Archives - including Full Indexes June 2022.xlsx,1712,"NL-HaNA VOC 1.04.02, inv.4068, pp.220-243"
14,Jacob Gerrits Cloete,Francina Viljon,13,5682,jacob cloete,low,0,17,Stellenbosch,1,include,"",Named male entry in 1712 transcription; preserve source row; do not deduplicate by a shortened name key.,Stellenbosch-Drakenstein Earlier Opgaafrolle - Hague & Cape Archives - including Full Indexes June 2022.xlsx,1712,"NL-HaNA VOC 1.04.02, inv.4068, pp.220-243"
15,Coenraad Cloete,"",14,5683,coenraad cloete,low,0,18,Stellenbosch,1,include,"",Named male entry in 1712 transcription; preserve source row; do not deduplicate by a shortened name key.,Stellenbosch-Drakenstein Earlier Opgaafrolle - Hague & Cape Archives - including Full Indexes June 2022.xlsx,1712,"NL-HaNA VOC 1.04.02, inv.4068, pp.220-243"
16,Jan Cloete,"",15,5684,jan cloete,low,0,19,Stellenbosch,1,include,"",Named male entry in 1712 transcription; preserve source row; do not deduplicate by a shortened name key.,Stellenbosch-Drakenstein Earlier Opgaafrolle - Hague & Cape Archives - including Full Indexes June 2022.xlsx,1712,"NL-HaNA VOC 1.04.02, inv.4068, pp.220-243"
17,Gerrit Gerritsz Cloete,"",16,5685,gerrit cloete,low,0,20,Stellenbosch,1,include,"",Named male entry in 1712 transcription; preserve source row; do not deduplicate by a shortened name key.,Stellenbosch-Drakenstein Earlier Opgaafrolle - Hague & Cape Archives - including Full Indexes June 2022.xlsx,1712,"NL-HaNA VOC 1.04.02, inv.4068, pp.220-243"
18,Abraham Gerritsz Cloete,"",17,5686,abraham cloete,low,0,21,Stellenbosch,1,include,"",Named male entry in 1712 transcription; preserve source row; do not deduplicate by a shortened name key.,Stellenbosch-Drakenstein Earlier Opgaafrolle - Hague & Cape Archives - including Full Indexes June 2022.xlsx,1712,"NL-HaNA VOC 1.04.02, inv.4068, pp.220-243"
20,Michiel Romond,Cornelia van den Bogaart,18,5688,michiel romond,high,16,23,Stellenbosch,1,include,"",Named male entry in 1712 transcription; preserve source row; do not deduplicate by a shortened name key.,Stellenbosch-Drakenstein Earlier Opgaafrolle - Hague & Cape Archives - including Full Indexes June 2022.xlsx,1712,"NL-HaNA VOC 1.04.02, inv.4068, pp.220-243"
21,Gerrit Romond,Jannetje Hylon,19,5689,gerrit romond,low,0,24,Stellenbosch,1,include,"",Named male entry in 1712 transcription; preserve source row; do not deduplicate by a shortened name key.,Stellenbosch-Drakenstein Earlier Opgaafrolle - Hague & Cape Archives - including Full Indexes June 2022.xlsx,1712,"NL-HaNA VOC 1.04.02, inv.4068, pp.220-243"
22,Fredrik Hylon,"",20,5690,fredrik hylon,low,0,25,Stellenbosch,1,include,"",Named male entry in 1712 transcription; preserve source row; do not deduplicate by a shortened name key.,Stellenbosch-Drakenstein Earlier Opgaafrolle - Hague & Cape Archives - including Full Indexes June 2022.xlsx,1712,"NL-HaNA VOC 1.04.02, inv.4068, pp.220-243"
23,"Michiel Romond, de jonge","",21,5691,de michiel romond,low,0,26,Stellenbosch,1,include,"",Named male entry in 1712 transcription; preserve source row; do not deduplicate by a shortened name key.,Stellenbosch-Drakenstein Earlier Opgaafrolle - Hague & Cape Archives - including Full Indexes June 2022.xlsx,1712,"NL-HaNA VOC 1.04.02, inv.4068, pp.220-243"
24,Willem Nel,Johanna Labaate,22,5692,willem nel,low,0,27,Stellenbosch,1,include,"",Named male entry in 1712 transcription; preserve source row; do not deduplicate by a shortened name key.,Stellenbosch-Drakenstein Earlier Opgaafrolle - Hague & Cape Archives - including Full Indexes June 2022.xlsx,1712,"NL-HaNA VOC 1.04.02, inv.4068, pp.220-243"
25,Jan Nel,"",23,5693,jan nel,low,0,28,Stellenbosch,1,include,"",Named male entry in 1712 transcription; preserve source row; do not deduplicate by a shortened name key.,Stellenbosch-Drakenstein Earlier Opgaafrolle - Hague & Cape Archives - including Full Indexes June 2022.xlsx,1712,"NL-HaNA VOC 1.04.02, inv.4068, pp.220-243"
26,Isaia Nel,"",24,5694,isaia nel,low,0,29,Stellenbosch,1,include,"",Named male entry in 1712 transcription; preserve source row; do not deduplicate by a shortened name key.,Stellenbosch-Drakenstein Earlier Opgaafrolle - Hague & Cape Archives - including Full Indexes June 2022.xlsx,1712,"NL-HaNA VOC 1.04.02, inv.4068, pp.220-243"
27,Pieter Willemsz Nel,"",25,5695,pieter nel,low,0,30,Stellenbosch,1,include,"",Named male entry in 1712 transcription; preserve source row; do not deduplicate by a shortened name key.,Stellenbosch-Drakenstein Earlier Opgaafrolle - Hague & Cape Archives - including Full Indexes June 2022.xlsx,1712,"NL-HaNA VOC 1.04.02, inv.4068, pp.220-243"
28,Cornelis Jooste van Daalen,Maria Rossart,26,5696,cornelis van daalen,low,0,31,Stellenbosch,1,include,"",Named male entry in 1712 transcription; preserve source row; do not deduplicate by a shortened name key.,Stellenbosch-Drakenstein Earlier Opgaafrolle - Hague & Cape Archives - including Full Indexes June 2022.xlsx,1712,"NL-HaNA VOC 1.04.02, inv.4068, pp.220-243"
29,Fredrik van Eede,"",27,5697,fredrik van eede,middle,1,32,Stellenbosch,1,include,"",Named male entry in 1712 transcription; preserve source row; do not deduplicate by a shortened name key.,Stellenbosch-Drakenstein Earlier Opgaafrolle - Hague & Cape Archives - including Full Indexes June 2022.xlsx,1712,"NL-HaNA VOC 1.04.02, inv.4068, pp.220-243"
30,Jan Beukers,Jacomina Vissers,28,5698,jan beukers,middle,1,33,Stellenbosch,1,include,"",Named male entry in 1712 transcription; preserve source row; do not deduplicate by a shortened name key.,Stellenbosch-Drakenstein Earlier Opgaafrolle - Hague & Cape Archives - including Full Indexes June 2022.xlsx,1712,"NL-HaNA VOC 1.04.02, inv.4068, pp.220-243"
31,Hendrik Scheffers,Susanna Greef,29,5699,hendrik scheffers,high,6,34,Stellenbosch,1,include,"",Named male entry in 1712 transcription; preserve source row; do not deduplicate by a shortened name key.,Stellenbosch-Drakenstein Earlier Opgaafrolle - Hague & Cape Archives - including Full Indexes June 2022.xlsx,1712,"NL-HaNA VOC 1.04.02, inv.4068, pp.220-243"
32,Coenraad Jansz Visser,Catrina van der See,30,5700,coenraad visser,middle,1,36,Stellenbosch,2,include,"",Named male entry in 1712 transcription; preserve source row; do not deduplicate by a shortened name key.,Stellenbosch-Drakenstein Earlier Opgaafrolle - Hague & Cape Archives - including Full Indexes June 2022.xlsx,1712,"NL-HaNA VOC 1.04.02, inv.4068, pp.220-243"
33,Evert Coenraadsz Visser,"",31,5701,evert visser,low,0,37,Stellenbosch,2,include,"",Named male entry in 1712 transcription; preserve source row; do not deduplicate by a shortened name key.,Stellenbosch-Drakenstein Earlier Opgaafrolle - Hague & Cape Archives - including Full Indexes June 2022.xlsx,1712,"NL-HaNA VOC 1.04.02, inv.4068, pp.220-243"
34,Cornelis Everts,"",32,5702,cornelis everts,low,0,38,Stellenbosch,2,include,"",Named male entry in 1712 transcription; preserve source row; do not deduplicate by a shortened name key.,Stellenbosch-Drakenstein Earlier Opgaafrolle - Hague & Cape Archives - including Full Indexes June 2022.xlsx,1712,"NL-HaNA VOC 1.04.02, inv.4068, pp.220-243"
36,Warnar van den Brink,"",33,5704,warnar van den brink,low,0,40,Stellenbosch,2,include,"",Named male entry in 1712 transcription; preserve source row; do not deduplicate by a shortened name key.,Stellenbosch-Drakenstein Earlier Opgaafrolle - Hague & Cape Archives - including Full Indexes June 2022.xlsx,1712,"NL-HaNA VOC 1.04.02, inv.4068, pp.220-243"
37,Johannes Viljon,Catharina Snyman,34,5705,johannes viljon,middle,2,41,Stellenbosch,2,include,"",Named male entry in 1712 transcription; preserve source row; do not deduplicate by a shortened name key.,Stellenbosch-Drakenstein Earlier Opgaafrolle - Hague & Cape Archives - including Full Indexes June 2022.xlsx,1712,"NL-HaNA VOC 1.04.02, inv.4068, pp.220-243"
38,Pieter Jansz Hartog,"",35,5706,pieter hartog,low,0,42,Stellenbosch,2,include,"",Named male entry in 1712 transcription; preserve source row; do not deduplicate by a shortened name key.,Stellenbosch-Drakenstein Earlier Opgaafrolle - Hague & Cape Archives - including Full Indexes June 2022.xlsx,1712,"NL-HaNA VOC 1.04.02, inv.4068, pp.220-243"
39,Jan Harmensz,Maria Beyers,36,5707,jan harmensen,low,0,43,Stellenbosch,2,include,"",Named male entry in 1712 transcription; preserve source row; do not deduplicate by a shortened name key.,Stellenbosch-Drakenstein Earlier Opgaafrolle - Hague & Cape Archives - including Full Indexes June 2022.xlsx,1712,"NL-HaNA VOC 1.04.02, inv.4068, pp.220-243"
40,Harman Hartigh,"",37,5708,harman hartigh,low,0,44,Stellenbosch,2,include,"",Named male entry in 1712 transcription; preserve source row; do not deduplicate by a shortened name key.,Stellenbosch-Drakenstein Earlier Opgaafrolle - Hague & Cape Archives - including Full Indexes June 2022.xlsx,1712,"NL-HaNA VOC 1.04.02, inv.4068, pp.220-243"
41,Claas Jansz Wart,Alida Willemsz,38,5709,claas wart,low,0,45,Stellenbosch,2,include,"",Male count blank but entry directly names Claas Jansz Wart and wife Alida Willemsz; retain because eligibility uses a named man rather than requiring a nonmissing numeric male count.,Stellenbosch-Drakenstein Earlier Opgaafrolle - Hague & Cape Archives - including Full Indexes June 2022.xlsx,1712,"NL-HaNA VOC 1.04.02, inv.4068, pp.220-243"
43,Jan Jansz Swart,"",39,5711,jan swart,low,0,47,Stellenbosch,2,include,"",Named male entry in 1712 transcription; preserve source row; do not deduplicate by a shortened name key.,Stellenbosch-Drakenstein Earlier Opgaafrolle - Hague & Cape Archives - including Full Indexes June 2022.xlsx,1712,"NL-HaNA VOC 1.04.02, inv.4068, pp.220-243"
44,Pieter Jansz Swart,"",40,5712,pieter swart,low,0,48,Stellenbosch,2,include,"",Named male entry in 1712 transcription; preserve source row; do not deduplicate by a shortened name key.,Stellenbosch-Drakenstein Earlier Opgaafrolle - Hague & Cape Archives - including Full Indexes June 2022.xlsx,1712,"NL-HaNA VOC 1.04.02, inv.4068, pp.220-243"
45,Willem Elbertsz,Susanna du Toit,41,5713,willem elbertsz,high,5,49,Stellenbosch,2,include,"",Named male entry in 1712 transcription; preserve source row; do not deduplicate by a shortened name key.,Stellenbosch-Drakenstein Earlier Opgaafrolle - Hague & Cape Archives - including Full Indexes June 2022.xlsx,1712,"NL-HaNA VOC 1.04.02, inv.4068, pp.220-243"
46,Isacq Elbertsz,"",42,5714,isacq elbertsz,middle,3,50,Stellenbosch,2,include,"",Named male entry in 1712 transcription; preserve source row; do not deduplicate by a shortened name key.,Stellenbosch-Drakenstein Earlier Opgaafrolle - Hague & Cape Archives - including Full Indexes June 2022.xlsx,1712,"NL-HaNA VOC 1.04.02, inv.4068, pp.220-243"
47,Hendrik Jansz van der Wat,"",43,5715,hendrik van der wat,low,0,51,Stellenbosch,2,include,"",Named male entry in 1712 transcription; preserve source row; do not deduplicate by a shortened name key.,Stellenbosch-Drakenstein Earlier Opgaafrolle - Hague & Cape Archives - including Full Indexes June 2022.xlsx,1712,"NL-HaNA VOC 1.04.02, inv.4068, pp.220-243"
48,Barent Cornelisz Lankhaar,"",44,5716,barent lankhaar,low,0,52,Stellenbosch,2,include,"",Named male entry in 1712 transcription; preserve source row; do not deduplicate by a shortened name key.,Stellenbosch-Drakenstein Earlier Opgaafrolle - Hague & Cape Archives - including Full Indexes June 2022.xlsx,1712,"NL-HaNA VOC 1.04.02, inv.4068, pp.220-243"
49,C asper Gerritsz,Elsje Spellenberg,45,5717,c gerritsen,low,0,53,Stellenbosch,2,include,"",Named male entry in 1712 transcription; preserve source row; do not deduplicate by a shortened name key.,Stellenbosch-Drakenstein Earlier Opgaafrolle - Hague & Cape Archives - including Full Indexes June 2022.xlsx,1712,"NL-HaNA VOC 1.04.02, inv.4068, pp.220-243"
50,Johannes Boshouwer,"",46,5718,johannes boshouwer,low,0,54,Stellenbosch,2,include,"",Named male entry in 1712 transcription; preserve source row; do not deduplicate by a shortened name key.,Stellenbosch-Drakenstein Earlier Opgaafrolle - Hague & Cape Archives - including Full Indexes June 2022.xlsx,1712,"NL-HaNA VOC 1.04.02, inv.4068, pp.220-243"
51,Ary van Eeden,Hjudic du Plaisier,47,5719,ary van eeden,low,0,55,Stellenbosch,2,include,"",Named male entry in 1712 transcription; preserve source row; do not deduplicate by a shortened name key.,Stellenbosch-Drakenstein Earlier Opgaafrolle - Hague & Cape Archives - including Full Indexes June 2022.xlsx,1712,"NL-HaNA VOC 1.04.02, inv.4068, pp.220-243"
52,Coert Helm,Adriana Gabrielsz,48,5720,coert helm,low,0,56,Stellenbosch,2,include,"",Named male entry in 1712 transcription; preserve source row; do not deduplicate by a shortened name key.,Stellenbosch-Drakenstein Earlier Opgaafrolle - Hague & Cape Archives - including Full Indexes June 2022.xlsx,1712,"NL-HaNA VOC 1.04.02, inv.4068, pp.220-243"
53,Christoffel Esterhuys,Elisabeth Beyer,49,5721,christoffel esterhuys,high,5,57,Stellenbosch,2,include,"",Named male entry in 1712 transcription; preserve source row; do not deduplicate by a shortened name key.,Stellenbosch-Drakenstein Earlier Opgaafrolle - Hague & Cape Archives - including Full Indexes June 2022.xlsx,1712,"NL-HaNA VOC 1.04.02, inv.4068, pp.220-243"
54,Hans Henske,Maria Holslap ?,50,5722,hans henske,low,0,58,Stellenbosch,2,include,"",Named male entry in 1712 transcription; preserve source row; do not deduplicate by a shortened name key.,Stellenbosch-Drakenstein Earlier Opgaafrolle - Hague & Cape Archives - including Full Indexes June 2022.xlsx,1712,"NL-HaNA VOC 1.04.02, inv.4068, pp.220-243"
55,Barent Lubbe,Jacoba Brandenburg,51,5723,barent lubbe,middle,1,59,Stellenbosch,2,include,"",Named male entry in 1712 transcription; preserve source row; do not deduplicate by a shortened name key.,Stellenbosch-Drakenstein Earlier Opgaafrolle - Hague & Cape Archives - including Full Indexes June 2022.xlsx,1712,"NL-HaNA VOC 1.04.02, inv.4068, pp.220-243"
56,Jacob Vry,"",52,5724,jacob vry,low,0,60,Stellenbosch,2,include,"",Named male entry in 1712 transcription; preserve source row; do not deduplicate by a shortened name key.,Stellenbosch-Drakenstein Earlier Opgaafrolle - Hague & Cape Archives - including Full Indexes June 2022.xlsx,1712,"NL-HaNA VOC 1.04.02, inv.4068, pp.220-243"
57,Regardus Adolphus,Cornelia Cornelis,53,5725,regardus adolphus,low,0,61,Stellenbosch,2,include,"",Named male entry in 1712 transcription; preserve source row; do not deduplicate by a shortened name key.,Stellenbosch-Drakenstein Earlier Opgaafrolle - Hague & Cape Archives - including Full Indexes June 2022.xlsx,1712,"NL-HaNA VOC 1.04.02, inv.4068, pp.220-243"
58,Isacq Pieters,"",54,5726,isacq pieters,low,0,62,Stellenbosch,2,include,"",Named male entry in 1712 transcription; preserve source row; do not deduplicate by a shortened name key.,Stellenbosch-Drakenstein Earlier Opgaafrolle - Hague & Cape Archives - including Full Indexes June 2022.xlsx,1712,"NL-HaNA VOC 1.04.02, inv.4068, pp.220-243"
59,Jan Fredrick Pons,"",55,5727,jan pons,low,0,64,Stellenbosch,3,include,"",Named male entry in 1712 transcription; preserve source row; do not deduplicate by a shortened name key.,Stellenbosch-Drakenstein Earlier Opgaafrolle - Hague & Cape Archives - including Full Indexes June 2022.xlsx,1712,"NL-HaNA VOC 1.04.02, inv.4068, pp.220-243"
60,Leendert Oelofsz,Margreta Beyers,56,5728,leendert oelofsz,low,0,65,Stellenbosch,3,include,"",Named male entry in 1712 transcription; preserve source row; do not deduplicate by a shortened name key.,Stellenbosch-Drakenstein Earlier Opgaafrolle - Hague & Cape Archives - including Full Indexes June 2022.xlsx,1712,"NL-HaNA VOC 1.04.02, inv.4068, pp.220-243"
62,Jacobus van Ede,Rigina Christina van Arensdorp,57,5730,jacobus van ede,low,0,67,Stellenbosch,3,include,"",Named male entry in 1712 transcription; preserve source row; do not deduplicate by a shortened name key.,Stellenbosch-Drakenstein Earlier Opgaafrolle - Hague & Cape Archives - including Full Indexes June 2022.xlsx,1712,"NL-HaNA VOC 1.04.02, inv.4068, pp.220-243"
63,Lourens Jansz van Arensdorp,"",58,5731,lourens van arensdorp,low,0,68,Stellenbosch,3,include,"",Named male entry in 1712 transcription; preserve source row; do not deduplicate by a shortened name key.,Stellenbosch-Drakenstein Earlier Opgaafrolle - Hague & Cape Archives - including Full Indexes June 2022.xlsx,1712,"NL-HaNA VOC 1.04.02, inv.4068, pp.220-243"
64,Christiaan van Riga,"",59,5732,christiaan van riga,low,0,69,Stellenbosch,3,include,"",Named male entry in 1712 transcription; preserve source row; do not deduplicate by a shortened name key.,Stellenbosch-Drakenstein Earlier Opgaafrolle - Hague & Cape Archives - including Full Indexes June 2022.xlsx,1712,"NL-HaNA VOC 1.04.02, inv.4068, pp.220-243"
65,Cornelis Campher,Doria Oelofsz,60,5733,cornelis campher,low,0,70,Stellenbosch,3,include,"",Named male entry in 1712 transcription; preserve source row; do not deduplicate by a shortened name key.,Stellenbosch-Drakenstein Earlier Opgaafrolle - Hague & Cape Archives - including Full Indexes June 2022.xlsx,1712,"NL-HaNA VOC 1.04.02, inv.4068, pp.220-243"
66,Laurens Campher,Ansela,61,5734,laurens campher,low,0,71,Stellenbosch,3,include,"",Named male entry in 1712 transcription; preserve source row; do not deduplicate by a shortened name key.,Stellenbosch-Drakenstein Earlier Opgaafrolle - Hague & Cape Archives - including Full Indexes June 2022.xlsx,1712,"NL-HaNA VOC 1.04.02, inv.4068, pp.220-243"
67,Pieter Andries Sax,Jannetje Slabbers,62,5735,pieter sax,low,0,72,Stellenbosch,3,include,"",Named male entry in 1712 transcription; preserve source row; do not deduplicate by a shortened name key.,Stellenbosch-Drakenstein Earlier Opgaafrolle - Hague & Cape Archives - including Full Indexes June 2022.xlsx,1712,"NL-HaNA VOC 1.04.02, inv.4068, pp.220-243"
68,Matthys de Beer,Hyltje Smit,63,5736,matthys de beer,low,0,73,Stellenbosch,3,include,"",Named male entry in 1712 transcription; preserve source row; do not deduplicate by a shortened name key.,Stellenbosch-Drakenstein Earlier Opgaafrolle - Hague & Cape Archives - including Full Indexes June 2022.xlsx,1712,"NL-HaNA VOC 1.04.02, inv.4068, pp.220-243"
69,Laurens Sweres,Neeltje Andries,64,5737,laurens sweres,low,0,74,Stellenbosch,3,include,"",Named male entry in 1712 transcription; preserve source row; do not deduplicate by a shortened name key.,Stellenbosch-Drakenstein Earlier Opgaafrolle - Hague & Cape Archives - including Full Indexes June 2022.xlsx,1712,"NL-HaNA VOC 1.04.02, inv.4068, pp.220-243"
70,Pieter Grieson,"",65,5738,pieter grieson,low,0,75,Stellenbosch,3,include,"",Named male entry in 1712 transcription; preserve source row; do not deduplicate by a shortened name key.,Stellenbosch-Drakenstein Earlier Opgaafrolle - Hague & Cape Archives - including Full Indexes June 2022.xlsx,1712,"NL-HaNA VOC 1.04.02, inv.4068, pp.220-243"
72,Fredrik Bota,"",66,5740,fredrik bota,low,0,77,Stellenbosch,3,include,"",Named male entry in 1712 transcription; preserve source row; do not deduplicate by a shortened name key.,Stellenbosch-Drakenstein Earlier Opgaafrolle - Hague & Cape Archives - including Full Indexes June 2022.xlsx,1712,"NL-HaNA VOC 1.04.02, inv.4068, pp.220-243"
73,Daniel Zaayman,Pieternella Meerhoff,67,5741,daniel zaayman,middle,2,78,Stellenbosch,3,include,"",Named male entry in 1712 transcription; preserve source row; do not deduplicate by a shortened name key.,Stellenbosch-Drakenstein Earlier Opgaafrolle - Hague & Cape Archives - including Full Indexes June 2022.xlsx,1712,"NL-HaNA VOC 1.04.02, inv.4068, pp.220-243"
74,Barent Zaayman,"",68,5742,barent zaayman,low,0,79,Stellenbosch,3,include,"",Named male entry in 1712 transcription; preserve source row; do not deduplicate by a shortened name key.,Stellenbosch-Drakenstein Earlier Opgaafrolle - Hague & Cape Archives - including Full Indexes June 2022.xlsx,1712,"NL-HaNA VOC 1.04.02, inv.4068, pp.220-243"
75,Pieter Zaayman,Anna Maria Coopmans,69,5743,pieter zaayman,low,0,80,Stellenbosch,3,include,"",Named male entry in 1712 transcription; preserve source row; do not deduplicate by a shortened name key.,Stellenbosch-Drakenstein Earlier Opgaafrolle - Hague & Cape Archives - including Full Indexes June 2022.xlsx,1712,"NL-HaNA VOC 1.04.02, inv.4068, pp.220-243"
76,Anthony Meerhoff,"",70,5744,anthony meerhoff,low,0,81,Stellenbosch,3,exclude_identity_unresolved,anthony meerhoff,"Same complete name Anthony Meerhoff in Stellenbosch folios 3 and 5; wives blank; all enslaved-person and livestock cells blank; guns 1 in each, sidearm blank versus 1. Source does not establish whether two people or duplicate enumeration.",Stellenbosch-Drakenstein Earlier Opgaafrolle - Hague & Cape Archives - including Full Indexes June 2022.xlsx,1712,"NL-HaNA VOC 1.04.02, inv.4068, pp.220-243"
77,Joen Pieter Boeyns,"",71,5745,joen boeyns,low,0,82,Stellenbosch,3,include,"",Named male entry in 1712 transcription; preserve source row; do not deduplicate by a shortened name key.,Stellenbosch-Drakenstein Earlier Opgaafrolle - Hague & Cape Archives - including Full Indexes June 2022.xlsx,1712,"NL-HaNA VOC 1.04.02, inv.4068, pp.220-243"
78,Andries Voermeester,"",72,5746,andries voermeester,low,0,83,Stellenbosch,3,include,"",Named male entry in 1712 transcription; preserve source row; do not deduplicate by a shortened name key.,Stellenbosch-Drakenstein Earlier Opgaafrolle - Hague & Cape Archives - including Full Indexes June 2022.xlsx,1712,"NL-HaNA VOC 1.04.02, inv.4068, pp.220-243"
79,Martinus Hendriksz,"",73,5747,martinus hendriksen,low,0,84,Stellenbosch,3,include,"",Named male entry in 1712 transcription; preserve source row; do not deduplicate by a shortened name key.,Stellenbosch-Drakenstein Earlier Opgaafrolle - Hague & Cape Archives - including Full Indexes June 2022.xlsx,1712,"NL-HaNA VOC 1.04.02, inv.4068, pp.220-243"
80,Casper Jansz Vigier,Anna Louisa,74,5748,casper vigier,low,0,85,Stellenbosch,3,include,"",Named male entry in 1712 transcription; preserve source row; do not deduplicate by a shortened name key.,Stellenbosch-Drakenstein Earlier Opgaafrolle - Hague & Cape Archives - including Full Indexes June 2022.xlsx,1712,"NL-HaNA VOC 1.04.02, inv.4068, pp.220-243"
81,Andries Cornelis van Tonderen,Cornelia de Vry,75,5749,andries van tonderen,middle,3,86,Stellenbosch,3,include,"",Named male entry in 1712 transcription; preserve source row; do not deduplicate by a shortened name key.,Stellenbosch-Drakenstein Earlier Opgaafrolle - Hague & Cape Archives - including Full Indexes June 2022.xlsx,1712,"NL-HaNA VOC 1.04.02, inv.4068, pp.220-243"
82,Jan Smit,Eva Zaayman,76,5750,jan smit,low,0,87,Stellenbosch,3,include,"",Named male entry in 1712 transcription; preserve source row; do not deduplicate by a shortened name key.,Stellenbosch-Drakenstein Earlier Opgaafrolle - Hague & Cape Archives - including Full Indexes June 2022.xlsx,1712,"NL-HaNA VOC 1.04.02, inv.4068, pp.220-243"
83,Christoffel Smit,"",77,5751,christoffel smit,low,0,88,Stellenbosch,3,include,"",Named male entry in 1712 transcription; preserve source row; do not deduplicate by a shortened name key.,Stellenbosch-Drakenstein Earlier Opgaafrolle - Hague & Cape Archives - including Full Indexes June 2022.xlsx,1712,"NL-HaNA VOC 1.04.02, inv.4068, pp.220-243"
84,Jacobus van den Berge,"",78,5752,jacobus van den berge,low,0,89,Stellenbosch,3,include,"",Named male entry in 1712 transcription; preserve source row; do not deduplicate by a shortened name key.,Stellenbosch-Drakenstein Earlier Opgaafrolle - Hague & Cape Archives - including Full Indexes June 2022.xlsx,1712,"NL-HaNA VOC 1.04.02, inv.4068, pp.220-243"
85,Willem Bota,Catrina Pyl,79,5753,willem bota,low,0,90,Stellenbosch,3,include,"",Named male entry in 1712 transcription; preserve source row; do not deduplicate by a shortened name key.,Stellenbosch-Drakenstein Earlier Opgaafrolle - Hague & Cape Archives - including Full Indexes June 2022.xlsx,1712,"NL-HaNA VOC 1.04.02, inv.4068, pp.220-243"
86,Pieter Willemsz,"",80,5754,pieter willemsen,low,0,91,Stellenbosch,3,include,"",Named male entry in 1712 transcription; preserve source row; do not deduplicate by a shortened name key.,Stellenbosch-Drakenstein Earlier Opgaafrolle - Hague & Cape Archives - including Full Indexes June 2022.xlsx,1712,"NL-HaNA VOC 1.04.02, inv.4068, pp.220-243"
87,Ary van Wyk,Cornelia Helms,81,5755,ary van wyk,high,10,92,Stellenbosch,3,include,ary van wyk,"Retain separate entries: different wives (Cornelia Helms versus Angenieite Claassse), different districts, 10 versus 0 recorded adult enslaved people. Same shortened key is not sufficient evidence to merge.",Stellenbosch-Drakenstein Earlier Opgaafrolle - Hague & Cape Archives - including Full Indexes June 2022.xlsx,1712,"NL-HaNA VOC 1.04.02, inv.4068, pp.220-243"
88,Albert Gerritsz van Emmenes,Catharina van den Bos,82,5756,albert van emmenes,low,0,93,Stellenbosch,3,include,"",Named male entry in 1712 transcription; preserve source row; do not deduplicate by a shortened name key.,Stellenbosch-Drakenstein Earlier Opgaafrolle - Hague & Cape Archives - including Full Indexes June 2022.xlsx,1712,"NL-HaNA VOC 1.04.02, inv.4068, pp.220-243"
89,Roelof van Wyk,"",83,5757,roelof van wyk,low,0,94,Stellenbosch,3,include,"",Named male entry in 1712 transcription; preserve source row; do not deduplicate by a shortened name key.,Stellenbosch-Drakenstein Earlier Opgaafrolle - Hague & Cape Archives - including Full Indexes June 2022.xlsx,1712,"NL-HaNA VOC 1.04.02, inv.4068, pp.220-243"
90,Claas Jansz Hofman,"",84,5758,claas hofman,low,0,95,Stellenbosch,3,include,"",Named male entry in 1712 transcription; preserve source row; do not deduplicate by a shortened name key.,Stellenbosch-Drakenstein Earlier Opgaafrolle - Hague & Cape Archives - including Full Indexes June 2022.xlsx,1712,"NL-HaNA VOC 1.04.02, inv.4068, pp.220-243"
91,Alardus Barthomeus Coopman,Diana Holters ?,85,5759,alardus coopman,low,0,97,Stellenbosch,4,include,"",Named male entry in 1712 transcription; preserve source row; do not deduplicate by a shortened name key.,Stellenbosch-Drakenstein Earlier Opgaafrolle - Hague & Cape Archives - including Full Indexes June 2022.xlsx,1712,"NL-HaNA VOC 1.04.02, inv.4068, pp.220-243"
92,Pieter van Bengale,"",86,5760,pieter van bengale,low,0,98,Stellenbosch,4,include,"",Named male entry in 1712 transcription; preserve source row; do not deduplicate by a shortened name key.,Stellenbosch-Drakenstein Earlier Opgaafrolle - Hague & Cape Archives - including Full Indexes June 2022.xlsx,1712,"NL-HaNA VOC 1.04.02, inv.4068, pp.220-243"
93,Roelof Jonasz,Barbara Lafebre,87,5761,roelof jonasz,middle,1,99,Stellenbosch,4,include,"",Named male entry in 1712 transcription; preserve source row; do not deduplicate by a shortened name key.,Stellenbosch-Drakenstein Earlier Opgaafrolle - Hague & Cape Archives - including Full Indexes June 2022.xlsx,1712,"NL-HaNA VOC 1.04.02, inv.4068, pp.220-243"
94,Nicolaas Cleef,"",88,5762,nicolaas cleef,low,0,100,Stellenbosch,4,include,"",Named male entry in 1712 transcription; preserve source row; do not deduplicate by a shortened name key.,Stellenbosch-Drakenstein Earlier Opgaafrolle - Hague & Cape Archives - including Full Indexes June 2022.xlsx,1712,"NL-HaNA VOC 1.04.02, inv.4068, pp.220-243"
95,Jochem Cleef,"",89,5763,jochem cleef,low,0,101,Stellenbosch,4,include,"",Named male entry in 1712 transcription; preserve source row; do not deduplicate by a shortened name key.,Stellenbosch-Drakenstein Earlier Opgaafrolle - Hague & Cape Archives - including Full Indexes June 2022.xlsx,1712,"NL-HaNA VOC 1.04.02, inv.4068, pp.220-243"
96,Jan Sandersz van Westerhold,Barbara Corneliz Bakker,90,5764,jan van westerhold,low,0,102,Stellenbosch,4,include,"",Named male entry in 1712 transcription; preserve source row; do not deduplicate by a shortened name key.,Stellenbosch-Drakenstein Earlier Opgaafrolle - Hague & Cape Archives - including Full Indexes June 2022.xlsx,1712,"NL-HaNA VOC 1.04.02, inv.4068, pp.220-243"
97,Theunis Boshouwer,"",91,5765,theunis boshouwer,low,0,103,Stellenbosch,4,include,"",Named male entry in 1712 transcription; preserve source row; do not deduplicate by a shortened name key.,Stellenbosch-Drakenstein Earlier Opgaafrolle - Hague & Cape Archives - including Full Indexes June 2022.xlsx,1712,"NL-HaNA VOC 1.04.02, inv.4068, pp.220-243"
98,Hendrik Loods,Elisabeth Jansz,92,5766,hendrik loods,low,0,104,Stellenbosch,4,include,"",Named male entry in 1712 transcription; preserve source row; do not deduplicate by a shortened name key.,Stellenbosch-Drakenstein Earlier Opgaafrolle - Hague & Cape Archives - including Full Indexes June 2022.xlsx,1712,"NL-HaNA VOC 1.04.02, inv.4068, pp.220-243"
99,Andries Pietersz,"",93,5767,andries pietersen,low,0,105,Stellenbosch,4,include,"",Named male entry in 1712 transcription; preserve source row; do not deduplicate by a shortened name key.,Stellenbosch-Drakenstein Earlier Opgaafrolle - Hague & Cape Archives - including Full Indexes June 2022.xlsx,1712,"NL-HaNA VOC 1.04.02, inv.4068, pp.220-243"
100,Gerrit Willemsz van Leeuwaarden,Maria Cornelise,94,5768,gerrit van leeuwaarden,low,0,106,Stellenbosch,4,include,"",Named male entry in 1712 transcription; preserve source row; do not deduplicate by a shortened name key.,Stellenbosch-Drakenstein Earlier Opgaafrolle - Hague & Cape Archives - including Full Indexes June 2022.xlsx,1712,"NL-HaNA VOC 1.04.02, inv.4068, pp.220-243"
101,Steven Botma,"",95,5769,steven botma,low,0,107,Stellenbosch,4,include,"",Named male entry in 1712 transcription; preserve source row; do not deduplicate by a shortened name key.,Stellenbosch-Drakenstein Earlier Opgaafrolle - Hague & Cape Archives - including Full Indexes June 2022.xlsx,1712,"NL-HaNA VOC 1.04.02, inv.4068, pp.220-243"
102,Blesius Paasser,"",96,5770,blesius paasser,low,0,108,Stellenbosch,4,include,"",Named male entry in 1712 transcription; preserve source row; do not deduplicate by a shortened name key.,Stellenbosch-Drakenstein Earlier Opgaafrolle - Hague & Cape Archives - including Full Indexes June 2022.xlsx,1712,"NL-HaNA VOC 1.04.02, inv.4068, pp.220-243"
103,Jan Jacobsz van de Caab,"",97,5771,jan van de caab,low,0,109,Stellenbosch,4,include,jan van de caab,Retain separate source entries: Jan Jacobsz van de Caab versus Jan van de Caab in different districts; patronym and district distinguish source entries. Shortened-name collision is not evidence to merge.,Stellenbosch-Drakenstein Earlier Opgaafrolle - Hague & Cape Archives - including Full Indexes June 2022.xlsx,1712,"NL-HaNA VOC 1.04.02, inv.4068, pp.220-243"
104,Jan Eggers,"",98,5772,jan eggers,low,0,110,Stellenbosch,4,include,jan eggers,"Retain separate source entries: Jan Eggers versus Jan Christiaan Eggers, Stellenbosch folios 4 and 5; 3 horses/400 sheep versus blank livestock. Full-name shortening alone cannot justify merging.",Stellenbosch-Drakenstein Earlier Opgaafrolle - Hague & Cape Archives - including Full Indexes June 2022.xlsx,1712,"NL-HaNA VOC 1.04.02, inv.4068, pp.220-243"
105,Hans Jes,"",99,5773,hans jes,high,5,111,Stellenbosch,4,include,"",Named male entry in 1712 transcription; preserve source row; do not deduplicate by a shortened name key.,Stellenbosch-Drakenstein Earlier Opgaafrolle - Hague & Cape Archives - including Full Indexes June 2022.xlsx,1712,"NL-HaNA VOC 1.04.02, inv.4068, pp.220-243"
106,Johannes Goudappel,"",100,5774,johannes goudappel,low,0,112,Stellenbosch,4,include,"",Named male entry in 1712 transcription; preserve source row; do not deduplicate by a shortened name key.,Stellenbosch-Drakenstein Earlier Opgaafrolle - Hague & Cape Archives - including Full Indexes June 2022.xlsx,1712,"NL-HaNA VOC 1.04.02, inv.4068, pp.220-243"
108,Jacob Hasselaar,Elisabeth van Congshoven,101,5776,jacob hasselaar,low,0,114,Stellenbosch,4,include,"",Named male entry in 1712 transcription; preserve source row; do not deduplicate by a shortened name key.,Stellenbosch-Drakenstein Earlier Opgaafrolle - Hague & Cape Archives - including Full Indexes June 2022.xlsx,1712,"NL-HaNA VOC 1.04.02, inv.4068, pp.220-243"
109,Andries Kuijper,Adriana Tol,102,5777,andries kuijper,low,0,115,Stellenbosch,4,include,"",Named male entry in 1712 transcription; preserve source row; do not deduplicate by a shortened name key.,Stellenbosch-Drakenstein Earlier Opgaafrolle - Hague & Cape Archives - including Full Indexes June 2022.xlsx,1712,"NL-HaNA VOC 1.04.02, inv.4068, pp.220-243"
110,Wynant Wynantsz,"",103,5778,wynant wynantsz,middle,1,116,Stellenbosch,4,include,"",Named male entry in 1712 transcription; preserve source row; do not deduplicate by a shortened name key.,Stellenbosch-Drakenstein Earlier Opgaafrolle - Hague & Cape Archives - including Full Indexes June 2022.xlsx,1712,"NL-HaNA VOC 1.04.02, inv.4068, pp.220-243"
111,Jan van Ceylon,Dina van Cuylan,104,5779,jan van ceylon,low,0,117,Stellenbosch,4,include,"",Named male entry in 1712 transcription; preserve source row; do not deduplicate by a shortened name key.,Stellenbosch-Drakenstein Earlier Opgaafrolle - Hague & Cape Archives - including Full Indexes June 2022.xlsx,1712,"NL-HaNA VOC 1.04.02, inv.4068, pp.220-243"
112,Jacob Pleunis,Wilhelmna de Wit,105,5780,jacob pleunis,high,7,118,Stellenbosch,4,include,"",Named male entry in 1712 transcription; preserve source row; do not deduplicate by a shortened name key.,Stellenbosch-Drakenstein Earlier Opgaafrolle - Hague & Cape Archives - including Full Indexes June 2022.xlsx,1712,"NL-HaNA VOC 1.04.02, inv.4068, pp.220-243"
113,Anthony Vlotman,Sara Bruyners,106,5781,anthony vlotman,middle,3,119,Stellenbosch,4,include,"",Named male entry in 1712 transcription; preserve source row; do not deduplicate by a shortened name key.,Stellenbosch-Drakenstein Earlier Opgaafrolle - Hague & Cape Archives - including Full Indexes June 2022.xlsx,1712,"NL-HaNA VOC 1.04.02, inv.4068, pp.220-243"
114,Jan Dirks Janszoon,"",107,5782,jan janszoon,low,0,120,Stellenbosch,4,include,"",Named male entry in 1712 transcription; preserve source row; do not deduplicate by a shortened name key.,Stellenbosch-Drakenstein Earlier Opgaafrolle - Hague & Cape Archives - including Full Indexes June 2022.xlsx,1712,"NL-HaNA VOC 1.04.02, inv.4068, pp.220-243"
115,Wemmer Pasman,Cornelia Kempenaar,108,5783,wemmer pasman,low,0,121,Stellenbosch,4,include,"",Named male entry in 1712 transcription; preserve source row; do not deduplicate by a shortened name key.,Stellenbosch-Drakenstein Earlier Opgaafrolle - Hague & Cape Archives - including Full Indexes June 2022.xlsx,1712,"NL-HaNA VOC 1.04.02, inv.4068, pp.220-243"
116,Barent Burgert,Margrietha Pasman,109,5784,barent burgert,low,0,122,Stellenbosch,4,include,"",Named male entry in 1712 transcription; preserve source row; do not deduplicate by a shortened name key.,Stellenbosch-Drakenstein Earlier Opgaafrolle - Hague & Cape Archives - including Full Indexes June 2022.xlsx,1712,"NL-HaNA VOC 1.04.02, inv.4068, pp.220-243"
117,Fredrik Pasman,"",110,5785,fredrik pasman,low,0,123,Stellenbosch,4,include,"",Named male entry in 1712 transcription; preserve source row; do not deduplicate by a shortened name key.,Stellenbosch-Drakenstein Earlier Opgaafrolle - Hague & Cape Archives - including Full Indexes June 2022.xlsx,1712,"NL-HaNA VOC 1.04.02, inv.4068, pp.220-243"
118,Pieter Robbertsz,Sophia Willemse Schalk,111,5786,pieter robbertsz,high,20,124,Stellenbosch,4,include,"",Named male entry in 1712 transcription; preserve source row; do not deduplicate by a shortened name key.,Stellenbosch-Drakenstein Earlier Opgaafrolle - Hague & Cape Archives - including Full Indexes June 2022.xlsx,1712,"NL-HaNA VOC 1.04.02, inv.4068, pp.220-243"
119,Johannes Mulder,Jacoba Kiggelaar,112,5787,johannes mulder,high,17,125,Stellenbosch,4,include,"",Named male entry in 1712 transcription; preserve source row; do not deduplicate by a shortened name key.,Stellenbosch-Drakenstein Earlier Opgaafrolle - Hague & Cape Archives - including Full Indexes June 2022.xlsx,1712,"NL-HaNA VOC 1.04.02, inv.4068, pp.220-243"
120,Gerrit Elbertsz,Johanna Cock,113,5788,gerrit elbertsz,middle,3,126,Stellenbosch,4,include,"",Named male entry in 1712 transcription; preserve source row; do not deduplicate by a shortened name key.,Stellenbosch-Drakenstein Earlier Opgaafrolle - Hague & Cape Archives - including Full Indexes June 2022.xlsx,1712,"NL-HaNA VOC 1.04.02, inv.4068, pp.220-243"
121,Christiaan Holm,Grietje Cock ?,114,5789,christiaan holm,low,0,127,Stellenbosch,4,include,"",Named male entry in 1712 transcription; preserve source row; do not deduplicate by a shortened name key.,Stellenbosch-Drakenstein Earlier Opgaafrolle - Hague & Cape Archives - including Full Indexes June 2022.xlsx,1712,"NL-HaNA VOC 1.04.02, inv.4068, pp.220-243"
122,Robbert Jansz,Catharina Cornelisse,115,5790,robbert jansen,low,0,128,Stellenbosch,4,include,"",Named male entry in 1712 transcription; preserve source row; do not deduplicate by a shortened name key.,Stellenbosch-Drakenstein Earlier Opgaafrolle - Hague & Cape Archives - including Full Indexes June 2022.xlsx,1712,"NL-HaNA VOC 1.04.02, inv.4068, pp.220-243"
123,Anthony Jansz,"",116,5791,anthony jansen,low,0,129,Stellenbosch,4,include,"",Named male entry in 1712 transcription; preserve source row; do not deduplicate by a shortened name key.,Stellenbosch-Drakenstein Earlier Opgaafrolle - Hague & Cape Archives - including Full Indexes June 2022.xlsx,1712,"NL-HaNA VOC 1.04.02, inv.4068, pp.220-243"
124,Coenraad Boom,"",117,5792,coenraad boom,low,0,131,Stellenbosch,5,include,"",Named male entry in 1712 transcription; preserve source row; do not deduplicate by a shortened name key.,Stellenbosch-Drakenstein Earlier Opgaafrolle - Hague & Cape Archives - including Full Indexes June 2022.xlsx,1712,"NL-HaNA VOC 1.04.02, inv.4068, pp.220-243"
125,Lambert Lambertsz van Oldenzeel,"",118,5793,lambert van oldenzeel,low,0,132,Stellenbosch,5,include,"",Named male entry in 1712 transcription; preserve source row; do not deduplicate by a shortened name key.,Stellenbosch-Drakenstein Earlier Opgaafrolle - Hague & Cape Archives - including Full Indexes June 2022.xlsx,1712,"NL-HaNA VOC 1.04.02, inv.4068, pp.220-243"
126,Claas Greef,"",119,5794,claas greef,high,5,133,Stellenbosch,5,include,"",Named male entry in 1712 transcription; preserve source row; do not deduplicate by a shortened name key.,Stellenbosch-Drakenstein Earlier Opgaafrolle - Hague & Cape Archives - including Full Indexes June 2022.xlsx,1712,"NL-HaNA VOC 1.04.02, inv.4068, pp.220-243"
127,Claas Ras,Maria van Staden,120,5795,claas ras,high,9,134,Stellenbosch,5,include,"",Named male entry in 1712 transcription; preserve source row; do not deduplicate by a shortened name key.,Stellenbosch-Drakenstein Earlier Opgaafrolle - Hague & Cape Archives - including Full Indexes June 2022.xlsx,1712,"NL-HaNA VOC 1.04.02, inv.4068, pp.220-243"
128,Jan Christiaan Eggers,"",121,5796,jan eggers,low,0,135,Stellenbosch,5,include,jan eggers,"Retain separate source entries: Jan Eggers versus Jan Christiaan Eggers, Stellenbosch folios 4 and 5; 3 horses/400 sheep versus blank livestock. Full-name shortening alone cannot justify merging.",Stellenbosch-Drakenstein Earlier Opgaafrolle - Hague & Cape Archives - including Full Indexes June 2022.xlsx,1712,"NL-HaNA VOC 1.04.02, inv.4068, pp.220-243"
129,Anthony van der Lith,Aletta Leonora Schagen,122,5797,anthony van der lith,high,5,136,Stellenbosch,5,include,"",Named male entry in 1712 transcription; preserve source row; do not deduplicate by a shortened name key.,Stellenbosch-Drakenstein Earlier Opgaafrolle - Hague & Cape Archives - including Full Indexes June 2022.xlsx,1712,"NL-HaNA VOC 1.04.02, inv.4068, pp.220-243"
130,Ferdinandus Appel,Livina Cloete,123,5798,ferdinandus appel,high,10,137,Stellenbosch,5,include,"",Named male entry in 1712 transcription; preserve source row; do not deduplicate by a shortened name key.,Stellenbosch-Drakenstein Earlier Opgaafrolle - Hague & Cape Archives - including Full Indexes June 2022.xlsx,1712,"NL-HaNA VOC 1.04.02, inv.4068, pp.220-243"
131,Arend Gildenhuys,Judic Smit,124,5799,arend gildenhuys,middle,4,138,Stellenbosch,5,include,"",Named male entry in 1712 transcription; preserve source row; do not deduplicate by a shortened name key.,Stellenbosch-Drakenstein Earlier Opgaafrolle - Hague & Cape Archives - including Full Indexes June 2022.xlsx,1712,"NL-HaNA VOC 1.04.02, inv.4068, pp.220-243"
132,Anthony Mauritsz,"",125,5800,anthony mauritsz,low,0,139,Stellenbosch,5,include,"",Named male entry in 1712 transcription; preserve source row; do not deduplicate by a shortened name key.,Stellenbosch-Drakenstein Earlier Opgaafrolle - Hague & Cape Archives - including Full Indexes June 2022.xlsx,1712,"NL-HaNA VOC 1.04.02, inv.4068, pp.220-243"
133,Joost Hendriksz van Reenen,"",126,5801,joost van reenen,low,0,140,Stellenbosch,5,include,"",Named male entry in 1712 transcription; preserve source row; do not deduplicate by a shortened name key.,Stellenbosch-Drakenstein Earlier Opgaafrolle - Hague & Cape Archives - including Full Indexes June 2022.xlsx,1712,"NL-HaNA VOC 1.04.02, inv.4068, pp.220-243"
134,Claas Elbertsz,Margreta Pasman,127,5802,claas elbertsz,high,8,141,Stellenbosch,5,include,"",Named male entry in 1712 transcription; preserve source row; do not deduplicate by a shortened name key.,Stellenbosch-Drakenstein Earlier Opgaafrolle - Hague & Cape Archives - including Full Indexes June 2022.xlsx,1712,"NL-HaNA VOC 1.04.02, inv.4068, pp.220-243"
135,Barend Gildenhuys,Anna Margareta Sick / Fick,128,5803,barend gildenhuys,high,8,142,Stellenbosch,5,include,"",Named male entry in 1712 transcription; preserve source row; do not deduplicate by a shortened name key.,Stellenbosch-Drakenstein Earlier Opgaafrolle - Hague & Cape Archives - including Full Indexes June 2022.xlsx,1712,"NL-HaNA VOC 1.04.02, inv.4068, pp.220-243"
136,Nicolaas Semelrood ?,"",129,5804,nicolaas ?,low,0,143,Stellenbosch,5,include,"",Named male entry in 1712 transcription; preserve source row; do not deduplicate by a shortened name key.,Stellenbosch-Drakenstein Earlier Opgaafrolle - Hague & Cape Archives - including Full Indexes June 2022.xlsx,1712,"NL-HaNA VOC 1.04.02, inv.4068, pp.220-243"
137,Karel Stokman van Stockholm,"",130,5805,karel van stockholm,middle,1,144,Stellenbosch,5,include,"",Named male entry in 1712 transcription; preserve source row; do not deduplicate by a shortened name key.,Stellenbosch-Drakenstein Earlier Opgaafrolle - Hague & Cape Archives - including Full Indexes June 2022.xlsx,1712,"NL-HaNA VOC 1.04.02, inv.4068, pp.220-243"
138,Willem Odendaal,Susanna Wiebout,131,5806,willem odendaal,middle,1,145,Stellenbosch,5,include,"",Named male entry in 1712 transcription; preserve source row; do not deduplicate by a shortened name key.,Stellenbosch-Drakenstein Earlier Opgaafrolle - Hague & Cape Archives - including Full Indexes June 2022.xlsx,1712,"NL-HaNA VOC 1.04.02, inv.4068, pp.220-243"
139,Jacob Mallan,Elisabeth Le Long,132,5807,jacob mallan,high,10,146,Stellenbosch,5,include,"",Named male entry in 1712 transcription; preserve source row; do not deduplicate by a shortened name key.,Stellenbosch-Drakenstein Earlier Opgaafrolle - Hague & Cape Archives - including Full Indexes June 2022.xlsx,1712,"NL-HaNA VOC 1.04.02, inv.4068, pp.220-243"
140,Pieter Jordaan,"",133,5808,pieter jordaan,low,0,147,Stellenbosch,5,include,"",Named male entry in 1712 transcription; preserve source row; do not deduplicate by a shortened name key.,Stellenbosch-Drakenstein Earlier Opgaafrolle - Hague & Cape Archives - including Full Indexes June 2022.xlsx,1712,"NL-HaNA VOC 1.04.02, inv.4068, pp.220-243"
141,David Pannesmit,"",134,5809,david pannesmit,low,0,148,Stellenbosch,5,include,"",Named male entry in 1712 transcription; preserve source row; do not deduplicate by a shortened name key.,Stellenbosch-Drakenstein Earlier Opgaafrolle - Hague & Cape Archives - including Full Indexes June 2022.xlsx,1712,"NL-HaNA VOC 1.04.02, inv.4068, pp.220-243"
142,Jan Eyman,Anna Margareta Putters,135,5810,jan eyman,low,0,149,Stellenbosch,5,include,"",Named male entry in 1712 transcription; preserve source row; do not deduplicate by a shortened name key.,Stellenbosch-Drakenstein Earlier Opgaafrolle - Hague & Cape Archives - including Full Indexes June 2022.xlsx,1712,"NL-HaNA VOC 1.04.02, inv.4068, pp.220-243"
144,Johannes Wessels,"",136,5812,johannes wessels,low,0,151,Stellenbosch,5,include,"",Named male entry in 1712 transcription; preserve source row; do not deduplicate by a shortened name key.,Stellenbosch-Drakenstein Earlier Opgaafrolle - Hague & Cape Archives - including Full Indexes June 2022.xlsx,1712,"NL-HaNA VOC 1.04.02, inv.4068, pp.220-243"
145,Dirk Coetsee,Sara van der Schulp,137,5813,dirk coetsee,middle,4,152,Stellenbosch,5,include,"",Named male entry in 1712 transcription; preserve source row; do not deduplicate by a shortened name key.,Stellenbosch-Drakenstein Earlier Opgaafrolle - Hague & Cape Archives - including Full Indexes June 2022.xlsx,1712,"NL-HaNA VOC 1.04.02, inv.4068, pp.220-243"
146,Gerrit Coetzee,"",138,5814,gerrit coetzee,low,0,153,Stellenbosch,5,include,"",Named male entry in 1712 transcription; preserve source row; do not deduplicate by a shortened name key.,Stellenbosch-Drakenstein Earlier Opgaafrolle - Hague & Cape Archives - including Full Indexes June 2022.xlsx,1712,"NL-HaNA VOC 1.04.02, inv.4068, pp.220-243"
147,Jan Coetsee,"",139,5815,jan coetsee,low,0,154,Stellenbosch,5,include,"",Named male entry in 1712 transcription; preserve source row; do not deduplicate by a shortened name key.,Stellenbosch-Drakenstein Earlier Opgaafrolle - Hague & Cape Archives - including Full Indexes June 2022.xlsx,1712,"NL-HaNA VOC 1.04.02, inv.4068, pp.220-243"
148,Cornelis Coetzee,"",140,5816,cornelis coetzee,low,0,155,Stellenbosch,5,include,"",Named male entry in 1712 transcription; preserve source row; do not deduplicate by a shortened name key.,Stellenbosch-Drakenstein Earlier Opgaafrolle - Hague & Cape Archives - including Full Indexes June 2022.xlsx,1712,"NL-HaNA VOC 1.04.02, inv.4068, pp.220-243"
149,Anthony Meerhoff,"",141,5817,anthony meerhoff,low,0,156,Stellenbosch,5,exclude_identity_unresolved,anthony meerhoff,"Same complete name Anthony Meerhoff in Stellenbosch folios 3 and 5; wives blank; all enslaved-person and livestock cells blank; guns 1 in each, sidearm blank versus 1. Source does not establish whether two people or duplicate enumeration.",Stellenbosch-Drakenstein Earlier Opgaafrolle - Hague & Cape Archives - including Full Indexes June 2022.xlsx,1712,"NL-HaNA VOC 1.04.02, inv.4068, pp.220-243"
150,Hendrik Harmensz van Dort,"",142,5818,hendrik van dort,low,0,157,Stellenbosch,5,include,"",Named male entry in 1712 transcription; preserve source row; do not deduplicate by a shortened name key.,Stellenbosch-Drakenstein Earlier Opgaafrolle - Hague & Cape Archives - including Full Indexes June 2022.xlsx,1712,"NL-HaNA VOC 1.04.02, inv.4068, pp.220-243"
151,gemagtigde van Samuel Elsevier,"",143,5819,gemagtigde van samuel elsevier,high,42,158,Stellenbosch,5,exclude_proxy,"",Raw male-name field is gemagtigde van Samuel Elsevier (representative of Samuel Elsevier); male count and wife are blank; proxy-managed property is not a named resident man.,Stellenbosch-Drakenstein Earlier Opgaafrolle - Hague & Cape Archives - including Full Indexes June 2022.xlsx,1712,"NL-HaNA VOC 1.04.02, inv.4068, pp.220-243"
152,Andries Roode,"",144,5820,andries roode,low,0,159,Stellenbosch,5,include,"",Named male entry in 1712 transcription; preserve source row; do not deduplicate by a shortened name key.,Stellenbosch-Drakenstein Earlier Opgaafrolle - Hague & Cape Archives - including Full Indexes June 2022.xlsx,1712,"NL-HaNA VOC 1.04.02, inv.4068, pp.220-243"
153,Claas Juriaansz,"",145,5821,claas juriaansz,low,0,160,Stellenbosch,5,include,"",Named male entry in 1712 transcription; preserve source row; do not deduplicate by a shortened name key.,Stellenbosch-Drakenstein Earlier Opgaafrolle - Hague & Cape Archives - including Full Indexes June 2022.xlsx,1712,"NL-HaNA VOC 1.04.02, inv.4068, pp.220-243"
154,Johannes Vissers,"",146,5822,johannes vissers,low,0,161,Stellenbosch,5,include,"",Named male entry in 1712 transcription; preserve source row; do not deduplicate by a shortened name key.,Stellenbosch-Drakenstein Earlier Opgaafrolle - Hague & Cape Archives - including Full Indexes June 2022.xlsx,1712,"NL-HaNA VOC 1.04.02, inv.4068, pp.220-243"
155,Gysbert Vissers,"",147,5823,gysbert vissers,low,0,162,Stellenbosch,5,include,"",Named male entry in 1712 transcription; preserve source row; do not deduplicate by a shortened name key.,Stellenbosch-Drakenstein Earlier Opgaafrolle - Hague & Cape Archives - including Full Indexes June 2022.xlsx,1712,"NL-HaNA VOC 1.04.02, inv.4068, pp.220-243"
156,Jacobus Smit,Elisabeth Slabbert,148,5824,jacobus smit,low,0,163,Stellenbosch,5,include,"",Named male entry in 1712 transcription; preserve source row; do not deduplicate by a shortened name key.,Stellenbosch-Drakenstein Earlier Opgaafrolle - Hague & Cape Archives - including Full Indexes June 2022.xlsx,1712,"NL-HaNA VOC 1.04.02, inv.4068, pp.220-243"
1,Jacobus van As,Helena Schalk,149,5825,jacobus van as,high,10,165,Drakenstein,6,include,"",Named male entry in 1712 transcription; preserve source row; do not deduplicate by a shortened name key.,Stellenbosch-Drakenstein Earlier Opgaafrolle - Hague & Cape Archives - including Full Indexes June 2022.xlsx,1712,"NL-HaNA VOC 1.04.02, inv.4068, pp.220-243"
2,Jan Durand,Anna Vermeulen,150,5826,jan durand,middle,3,166,Drakenstein,6,include,"",Named male entry in 1712 transcription; preserve source row; do not deduplicate by a shortened name key.,Stellenbosch-Drakenstein Earlier Opgaafrolle - Hague & Cape Archives - including Full Indexes June 2022.xlsx,1712,"NL-HaNA VOC 1.04.02, inv.4068, pp.220-243"
3,Jan van As,"",151,5827,jan van as,low,0,167,Drakenstein,6,include,"",Named male entry in 1712 transcription; preserve source row; do not deduplicate by a shortened name key.,Stellenbosch-Drakenstein Earlier Opgaafrolle - Hague & Cape Archives - including Full Indexes June 2022.xlsx,1712,"NL-HaNA VOC 1.04.02, inv.4068, pp.220-243"
4,Leendert Cornelis,"",152,5828,leendert cornelis,low,0,168,Drakenstein,6,include,"",Named male entry in 1712 transcription; preserve source row; do not deduplicate by a shortened name key.,Stellenbosch-Drakenstein Earlier Opgaafrolle - Hague & Cape Archives - including Full Indexes June 2022.xlsx,1712,"NL-HaNA VOC 1.04.02, inv.4068, pp.220-243"
5,Willem van Zyl,Christina van Loveren,153,5829,willem van zyl,middle,1,169,Drakenstein,6,include,"",Named male entry in 1712 transcription; preserve source row; do not deduplicate by a shortened name key.,Stellenbosch-Drakenstein Earlier Opgaafrolle - Hague & Cape Archives - including Full Indexes June 2022.xlsx,1712,"NL-HaNA VOC 1.04.02, inv.4068, pp.220-243"
6,Pieter de Vos,"",154,5830,pieter de vos,low,0,170,Drakenstein,6,include,"",Named male entry in 1712 transcription; preserve source row; do not deduplicate by a shortened name key.,Stellenbosch-Drakenstein Earlier Opgaafrolle - Hague & Cape Archives - including Full Indexes June 2022.xlsx,1712,"NL-HaNA VOC 1.04.02, inv.4068, pp.220-243"
7,Anthony van Madagascar,"",155,5831,anthony van madagascar,low,0,171,Drakenstein,6,include,"",Named male entry in 1712 transcription; preserve source row; do not deduplicate by a shortened name key.,Stellenbosch-Drakenstein Earlier Opgaafrolle - Hague & Cape Archives - including Full Indexes June 2022.xlsx,1712,"NL-HaNA VOC 1.04.02, inv.4068, pp.220-243"
8,Pierre Jordaan,Anna Vouche,156,5832,pierre jordaan,high,8,172,Drakenstein,6,include,"",Named male entry in 1712 transcription; preserve source row; do not deduplicate by a shortened name key.,Stellenbosch-Drakenstein Earlier Opgaafrolle - Hague & Cape Archives - including Full Indexes June 2022.xlsx,1712,"NL-HaNA VOC 1.04.02, inv.4068, pp.220-243"
9,Pierre Jubert,Elisabeth Foucher,157,5833,pierre jubert,high,7,173,Drakenstein,6,include,"",Named male entry in 1712 transcription; preserve source row; do not deduplicate by a shortened name key.,Stellenbosch-Drakenstein Earlier Opgaafrolle - Hague & Cape Archives - including Full Indexes June 2022.xlsx,1712,"NL-HaNA VOC 1.04.02, inv.4068, pp.220-243"
10,Jacob Jubert,"",158,5834,jacob jubert,low,0,174,Drakenstein,6,include,"",Named male entry in 1712 transcription; preserve source row; do not deduplicate by a shortened name key.,Stellenbosch-Drakenstein Earlier Opgaafrolle - Hague & Cape Archives - including Full Indexes June 2022.xlsx,1712,"NL-HaNA VOC 1.04.02, inv.4068, pp.220-243"
11,Jacob du Villiers,Margreta Gardiol,159,5835,jacob du villiers,middle,4,175,Drakenstein,6,include,"",Named male entry in 1712 transcription; preserve source row; do not deduplicate by a shortened name key.,Stellenbosch-Drakenstein Earlier Opgaafrolle - Hague & Cape Archives - including Full Indexes June 2022.xlsx,1712,"NL-HaNA VOC 1.04.02, inv.4068, pp.220-243"
12,Jean de Villiers,"",160,5836,jean de villiers,low,0,176,Drakenstein,6,include,"",Named male entry in 1712 transcription; preserve source row; do not deduplicate by a shortened name key.,Stellenbosch-Drakenstein Earlier Opgaafrolle - Hague & Cape Archives - including Full Indexes June 2022.xlsx,1712,"NL-HaNA VOC 1.04.02, inv.4068, pp.220-243"
13,Abraham de Villiers,Susanna Gardiol,161,5837,abraham de villiers,high,7,177,Drakenstein,6,include,"",Named male entry in 1712 transcription; preserve source row; do not deduplicate by a shortened name key.,Stellenbosch-Drakenstein Earlier Opgaafrolle - Hague & Cape Archives - including Full Indexes June 2022.xlsx,1712,"NL-HaNA VOC 1.04.02, inv.4068, pp.220-243"
14,"Abraham de Villiers, de jonge","",162,5838,de abraham de villiers,low,0,178,Drakenstein,6,include,"",Named male entry in 1712 transcription; preserve source row; do not deduplicate by a shortened name key.,Stellenbosch-Drakenstein Earlier Opgaafrolle - Hague & Cape Archives - including Full Indexes June 2022.xlsx,1712,"NL-HaNA VOC 1.04.02, inv.4068, pp.220-243"
15,Christoffel Beyer,"",163,5839,christoffel beyer,low,0,179,Drakenstein,6,include,"",Named male entry in 1712 transcription; preserve source row; do not deduplicate by a shortened name key.,Stellenbosch-Drakenstein Earlier Opgaafrolle - Hague & Cape Archives - including Full Indexes June 2022.xlsx,1712,"NL-HaNA VOC 1.04.02, inv.4068, pp.220-243"
16,Claude Marais,"",164,5840,claude marais,middle,1,180,Drakenstein,6,include,"",Named male entry in 1712 transcription; preserve source row; do not deduplicate by a shortened name key.,Stellenbosch-Drakenstein Earlier Opgaafrolle - Hague & Cape Archives - including Full Indexes June 2022.xlsx,1712,"NL-HaNA VOC 1.04.02, inv.4068, pp.220-243"
17,Henning Viljon,Margareta de Savoye,165,5841,henning viljon,high,6,181,Drakenstein,6,include,"",Named male entry in 1712 transcription; preserve source row; do not deduplicate by a shortened name key.,Stellenbosch-Drakenstein Earlier Opgaafrolle - Hague & Cape Archives - including Full Indexes June 2022.xlsx,1712,"NL-HaNA VOC 1.04.02, inv.4068, pp.220-243"
18,Fredrik Coenradi,Harmina Harmensz,166,5842,fredrik coenradi,low,0,182,Drakenstein,6,include,"",Named male entry in 1712 transcription; preserve source row; do not deduplicate by a shortened name key.,Stellenbosch-Drakenstein Earlier Opgaafrolle - Hague & Cape Archives - including Full Indexes June 2022.xlsx,1712,"NL-HaNA VOC 1.04.02, inv.4068, pp.220-243"
19,Matthys Samuelsz,"",167,5843,matthys samuelsz,low,0,183,Drakenstein,6,include,"",Named male entry in 1712 transcription; preserve source row; do not deduplicate by a shortened name key.,Stellenbosch-Drakenstein Earlier Opgaafrolle - Hague & Cape Archives - including Full Indexes June 2022.xlsx,1712,"NL-HaNA VOC 1.04.02, inv.4068, pp.220-243"
20,Hendrik Willemsz van Campen,"",168,5844,hendrik van campen,low,0,184,Drakenstein,6,include,"",Named male entry in 1712 transcription; preserve source row; do not deduplicate by a shortened name key.,Stellenbosch-Drakenstein Earlier Opgaafrolle - Hague & Cape Archives - including Full Indexes June 2022.xlsx,1712,"NL-HaNA VOC 1.04.02, inv.4068, pp.220-243"
21,Teunis Botha,Maria Magdalena Snymans,169,5845,teunis botha,low,0,185,Drakenstein,6,include,"",Named male entry in 1712 transcription; preserve source row; do not deduplicate by a shortened name key.,Stellenbosch-Drakenstein Earlier Opgaafrolle - Hague & Cape Archives - including Full Indexes June 2022.xlsx,1712,"NL-HaNA VOC 1.04.02, inv.4068, pp.220-243"
22,Jacobus Bota,"",170,5846,jacobus bota,low,0,186,Drakenstein,6,include,"",Named male entry in 1712 transcription; preserve source row; do not deduplicate by a shortened name key.,Stellenbosch-Drakenstein Earlier Opgaafrolle - Hague & Cape Archives - including Full Indexes June 2022.xlsx,1712,"NL-HaNA VOC 1.04.02, inv.4068, pp.220-243"
23,Mattheu Amiel,Jannetje Duysert,171,5847,mattheu amiel,middle,3,187,Drakenstein,6,include,"",Named male entry in 1712 transcription; preserve source row; do not deduplicate by a shortened name key.,Stellenbosch-Drakenstein Earlier Opgaafrolle - Hague & Cape Archives - including Full Indexes June 2022.xlsx,1712,"NL-HaNA VOC 1.04.02, inv.4068, pp.220-243"
24,Francois Amiel,"",172,5848,francois amiel,low,0,188,Drakenstein,6,include,"",Named male entry in 1712 transcription; preserve source row; do not deduplicate by a shortened name key.,Stellenbosch-Drakenstein Earlier Opgaafrolle - Hague & Cape Archives - including Full Indexes June 2022.xlsx,1712,"NL-HaNA VOC 1.04.02, inv.4068, pp.220-243"
25,Jean Roy,Maria La Febre,173,5849,jean roy,middle,1,189,Drakenstein,6,include,"",Named male entry in 1712 transcription; preserve source row; do not deduplicate by a shortened name key.,Stellenbosch-Drakenstein Earlier Opgaafrolle - Hague & Cape Archives - including Full Indexes June 2022.xlsx,1712,"NL-HaNA VOC 1.04.02, inv.4068, pp.220-243"
26,Coenraad Schepens,Maria Bota,174,5850,coenraad schepens,low,0,190,Drakenstein,6,include,"",Named male entry in 1712 transcription; preserve source row; do not deduplicate by a shortened name key.,Stellenbosch-Drakenstein Earlier Opgaafrolle - Hague & Cape Archives - including Full Indexes June 2022.xlsx,1712,"NL-HaNA VOC 1.04.02, inv.4068, pp.220-243"
27,Jan Mortens ??,"",175,5851,jan ??,low,0,191,Drakenstein,6,include,"",Named male entry in 1712 transcription; preserve source row; do not deduplicate by a shortened name key.,Stellenbosch-Drakenstein Earlier Opgaafrolle - Hague & Cape Archives - including Full Indexes June 2022.xlsx,1712,"NL-HaNA VOC 1.04.02, inv.4068, pp.220-243"
28,Bastiaan Pyl,Susanna Putters,176,5852,bastiaan pyl,low,0,192,Drakenstein,6,include,"",Named male entry in 1712 transcription; preserve source row; do not deduplicate by a shortened name key.,Stellenbosch-Drakenstein Earlier Opgaafrolle - Hague & Cape Archives - including Full Indexes June 2022.xlsx,1712,"NL-HaNA VOC 1.04.02, inv.4068, pp.220-243"
29,Charles Lelong,"",177,5853,charles lelong,low,0,193,Drakenstein,6,include,"",Named male entry in 1712 transcription; preserve source row; do not deduplicate by a shortened name key.,Stellenbosch-Drakenstein Earlier Opgaafrolle - Hague & Cape Archives - including Full Indexes June 2022.xlsx,1712,"NL-HaNA VOC 1.04.02, inv.4068, pp.220-243"
31,Daniel Druel,Catrina Tabourden ?,178,5855,daniel druel,low,0,195,Drakenstein,6,include,"",Named male entry in 1712 transcription; preserve source row; do not deduplicate by a shortened name key.,Stellenbosch-Drakenstein Earlier Opgaafrolle - Hague & Cape Archives - including Full Indexes June 2022.xlsx,1712,"NL-HaNA VOC 1.04.02, inv.4068, pp.220-243"
32,Ettienne Marais,"",179,5856,ettienne marais,low,0,196,Drakenstein,6,include,"",Named male entry in 1712 transcription; preserve source row; do not deduplicate by a shortened name key.,Stellenbosch-Drakenstein Earlier Opgaafrolle - Hague & Cape Archives - including Full Indexes June 2022.xlsx,1712,"NL-HaNA VOC 1.04.02, inv.4068, pp.220-243"
33,Claas van de Westhuysen,Catharina Olivier,180,5857,claas van de westhuysen,high,5,198,Drakenstein,7,include,"",Named male entry in 1712 transcription; preserve source row; do not deduplicate by a shortened name key.,Stellenbosch-Drakenstein Earlier Opgaafrolle - Hague & Cape Archives - including Full Indexes June 2022.xlsx,1712,"NL-HaNA VOC 1.04.02, inv.4068, pp.220-243"
34,Dirk Bakhuysen,"",181,5858,dirk bakhuysen,low,0,199,Drakenstein,7,exclude_identity_unresolved,dirk bakhuysen,Same complete name Dirk Bakhuysen in Drakenstein folios 7 and 12; wives blank; identical recorded demographic and asset cells. Source does not establish whether two people or duplicate enumeration.,Stellenbosch-Drakenstein Earlier Opgaafrolle - Hague & Cape Archives - including Full Indexes June 2022.xlsx,1712,"NL-HaNA VOC 1.04.02, inv.4068, pp.220-243"
35,Jasper Raats,Wilmina Vermeulen,182,5859,jasper raats,low,0,200,Drakenstein,7,include,"",Named male entry in 1712 transcription; preserve source row; do not deduplicate by a shortened name key.,Stellenbosch-Drakenstein Earlier Opgaafrolle - Hague & Cape Archives - including Full Indexes June 2022.xlsx,1712,"NL-HaNA VOC 1.04.02, inv.4068, pp.220-243"
36,Anthony Bernart,"",183,5860,anthony bernart,low,0,201,Drakenstein,7,include,"",Named male entry in 1712 transcription; preserve source row; do not deduplicate by a shortened name key.,Stellenbosch-Drakenstein Earlier Opgaafrolle - Hague & Cape Archives - including Full Indexes June 2022.xlsx,1712,"NL-HaNA VOC 1.04.02, inv.4068, pp.220-243"
37,Pieter Lombart. de jonge,"",184,5861,pieter de jonge,low,0,202,Drakenstein,7,include,"",Named male entry in 1712 transcription; preserve source row; do not deduplicate by a shortened name key.,Stellenbosch-Drakenstein Earlier Opgaafrolle - Hague & Cape Archives - including Full Indexes June 2022.xlsx,1712,"NL-HaNA VOC 1.04.02, inv.4068, pp.220-243"
38,"Pieter Lombart, de oude",Maria Coutau,185,5862,de pieter lombart,middle,1,203,Drakenstein,7,include,"",Named male entry in 1712 transcription; preserve source row; do not deduplicate by a shortened name key.,Stellenbosch-Drakenstein Earlier Opgaafrolle - Hague & Cape Archives - including Full Indexes June 2022.xlsx,1712,"NL-HaNA VOC 1.04.02, inv.4068, pp.220-243"
39,Anthony Lombart,"",186,5863,anthony lombart,low,0,204,Drakenstein,7,include,"",Named male entry in 1712 transcription; preserve source row; do not deduplicate by a shortened name key.,Stellenbosch-Drakenstein Earlier Opgaafrolle - Hague & Cape Archives - including Full Indexes June 2022.xlsx,1712,"NL-HaNA VOC 1.04.02, inv.4068, pp.220-243"
40,Jean Roux de Provence,"",187,5864,jean de provence,low,0,205,Drakenstein,7,include,"",Named male entry in 1712 transcription; preserve source row; do not deduplicate by a shortened name key.,Stellenbosch-Drakenstein Earlier Opgaafrolle - Hague & Cape Archives - including Full Indexes June 2022.xlsx,1712,"NL-HaNA VOC 1.04.02, inv.4068, pp.220-243"
41,David Du Basson,Glaudina Lombart,188,5865,david du basson,low,0,206,Drakenstein,7,include,"",Named male entry in 1712 transcription; preserve source row; do not deduplicate by a shortened name key.,Stellenbosch-Drakenstein Earlier Opgaafrolle - Hague & Cape Archives - including Full Indexes June 2022.xlsx,1712,"NL-HaNA VOC 1.04.02, inv.4068, pp.220-243"
42,Fredrik Balde,"",189,5866,fredrik balde,low,0,207,Drakenstein,7,include,"",Named male entry in 1712 transcription; preserve source row; do not deduplicate by a shortened name key.,Stellenbosch-Drakenstein Earlier Opgaafrolle - Hague & Cape Archives - including Full Indexes June 2022.xlsx,1712,"NL-HaNA VOC 1.04.02, inv.4068, pp.220-243"
43,Ary Dirksz van Ek,Anna Bester ?,190,5867,ary van ek,low,0,208,Drakenstein,7,include,"",Named male entry in 1712 transcription; preserve source row; do not deduplicate by a shortened name key.,Stellenbosch-Drakenstein Earlier Opgaafrolle - Hague & Cape Archives - including Full Indexes June 2022.xlsx,1712,"NL-HaNA VOC 1.04.02, inv.4068, pp.220-243"
44,Jan van Ewik,"",191,5868,jan van ewik,low,0,209,Drakenstein,7,include,"",Named male entry in 1712 transcription; preserve source row; do not deduplicate by a shortened name key.,Stellenbosch-Drakenstein Earlier Opgaafrolle - Hague & Cape Archives - including Full Indexes June 2022.xlsx,1712,"NL-HaNA VOC 1.04.02, inv.4068, pp.220-243"
45,Jan Gardiol,"",192,5869,jan gardiol,low,0,210,Drakenstein,7,include,"",Named male entry in 1712 transcription; preserve source row; do not deduplicate by a shortened name key.,Stellenbosch-Drakenstein Earlier Opgaafrolle - Hague & Cape Archives - including Full Indexes June 2022.xlsx,1712,"NL-HaNA VOC 1.04.02, inv.4068, pp.220-243"
46,Matthys Kruger,Elisabeth van Staden,193,5870,matthys kruger,high,8,211,Drakenstein,7,include,"",Named male entry in 1712 transcription; preserve source row; do not deduplicate by a shortened name key.,Stellenbosch-Drakenstein Earlier Opgaafrolle - Hague & Cape Archives - including Full Indexes June 2022.xlsx,1712,"NL-HaNA VOC 1.04.02, inv.4068, pp.220-243"
47,Matthys van Staden,Catharina Willemsz,194,5871,matthys van staden,high,6,212,Drakenstein,7,include,"",Named male entry in 1712 transcription; preserve source row; do not deduplicate by a shortened name key.,Stellenbosch-Drakenstein Earlier Opgaafrolle - Hague & Cape Archives - including Full Indexes June 2022.xlsx,1712,"NL-HaNA VOC 1.04.02, inv.4068, pp.220-243"
48,Willem van Staden,"",195,5872,willem van staden,low,0,213,Drakenstein,7,include,"",Named male entry in 1712 transcription; preserve source row; do not deduplicate by a shortened name key.,Stellenbosch-Drakenstein Earlier Opgaafrolle - Hague & Cape Archives - including Full Indexes June 2022.xlsx,1712,"NL-HaNA VOC 1.04.02, inv.4068, pp.220-243"
49,Jan van Staden,"",196,5873,jan van staden,low,0,214,Drakenstein,7,include,"",Named male entry in 1712 transcription; preserve source row; do not deduplicate by a shortened name key.,Stellenbosch-Drakenstein Earlier Opgaafrolle - Hague & Cape Archives - including Full Indexes June 2022.xlsx,1712,"NL-HaNA VOC 1.04.02, inv.4068, pp.220-243"
50,Cornelis Coopman,"",197,5874,cornelis coopman,low,0,215,Drakenstein,7,include,"",Named male entry in 1712 transcription; preserve source row; do not deduplicate by a shortened name key.,Stellenbosch-Drakenstein Earlier Opgaafrolle - Hague & Cape Archives - including Full Indexes June 2022.xlsx,1712,"NL-HaNA VOC 1.04.02, inv.4068, pp.220-243"
51,Hendrik Neef,"",198,5875,hendrik neef,low,0,216,Drakenstein,7,include,"",Named male entry in 1712 transcription; preserve source row; do not deduplicate by a shortened name key.,Stellenbosch-Drakenstein Earlier Opgaafrolle - Hague & Cape Archives - including Full Indexes June 2022.xlsx,1712,"NL-HaNA VOC 1.04.02, inv.4068, pp.220-243"
52,Pieter Willemsz Schalk,"",199,5876,pieter schalk,low,0,217,Drakenstein,7,include,"",Named male entry in 1712 transcription; preserve source row; do not deduplicate by a shortened name key.,Stellenbosch-Drakenstein Earlier Opgaafrolle - Hague & Cape Archives - including Full Indexes June 2022.xlsx,1712,"NL-HaNA VOC 1.04.02, inv.4068, pp.220-243"
53,Maurits van Staden,Johanna van den Bos,200,5877,maurits van staden,middle,2,218,Drakenstein,7,include,"",Named male entry in 1712 transcription; preserve source row; do not deduplicate by a shortened name key.,Stellenbosch-Drakenstein Earlier Opgaafrolle - Hague & Cape Archives - including Full Indexes June 2022.xlsx,1712,"NL-HaNA VOC 1.04.02, inv.4068, pp.220-243"
54,Claas Claasz Cranenburg,"",201,5878,claas cranenburg,low,0,219,Drakenstein,7,include,"",Named male entry in 1712 transcription; preserve source row; do not deduplicate by a shortened name key.,Stellenbosch-Drakenstein Earlier Opgaafrolle - Hague & Cape Archives - including Full Indexes June 2022.xlsx,1712,"NL-HaNA VOC 1.04.02, inv.4068, pp.220-243"
55,Francois Du Toit,Susanna Sunnet,202,5879,francois du toit,high,9,220,Drakenstein,7,include,"",Named male entry in 1712 transcription; preserve source row; do not deduplicate by a shortened name key.,Stellenbosch-Drakenstein Earlier Opgaafrolle - Hague & Cape Archives - including Full Indexes June 2022.xlsx,1712,"NL-HaNA VOC 1.04.02, inv.4068, pp.220-243"
56,Andries Du Toit,"",203,5880,andries du toit,low,0,221,Drakenstein,7,include,"",Named male entry in 1712 transcription; preserve source row; do not deduplicate by a shortened name key.,Stellenbosch-Drakenstein Earlier Opgaafrolle - Hague & Cape Archives - including Full Indexes June 2022.xlsx,1712,"NL-HaNA VOC 1.04.02, inv.4068, pp.220-243"
57,Jacob de Terrone,Maria Jeanne Du Pree,204,5881,jacob de terrone,middle,3,222,Drakenstein,7,include,"",Named male entry in 1712 transcription; preserve source row; do not deduplicate by a shortened name key.,Stellenbosch-Drakenstein Earlier Opgaafrolle - Hague & Cape Archives - including Full Indexes June 2022.xlsx,1712,"NL-HaNA VOC 1.04.02, inv.4068, pp.220-243"
58,Guilliam Loree,Elizabeth Joubert,205,5882,guilliam loree,low,0,223,Drakenstein,7,include,"",Named male entry in 1712 transcription; preserve source row; do not deduplicate by a shortened name key.,Stellenbosch-Drakenstein Earlier Opgaafrolle - Hague & Cape Archives - including Full Indexes June 2022.xlsx,1712,"NL-HaNA VOC 1.04.02, inv.4068, pp.220-243"
59,Pierre Vivie,"",206,5883,pierre vivie,low,0,224,Drakenstein,7,include,"",Named male entry in 1712 transcription; preserve source row; do not deduplicate by a shortened name key.,Stellenbosch-Drakenstein Earlier Opgaafrolle - Hague & Cape Archives - including Full Indexes June 2022.xlsx,1712,"NL-HaNA VOC 1.04.02, inv.4068, pp.220-243"
60,Jacob Vivie,"",207,5884,jacob vivie,low,0,225,Drakenstein,7,include,"",Named male entry in 1712 transcription; preserve source row; do not deduplicate by a shortened name key.,Stellenbosch-Drakenstein Earlier Opgaafrolle - Hague & Cape Archives - including Full Indexes June 2022.xlsx,1712,"NL-HaNA VOC 1.04.02, inv.4068, pp.220-243"
62,Jacob Nortie,"",208,5886,jacob nortie,low,0,227,Drakenstein,7,include,"",Named male entry in 1712 transcription; preserve source row; do not deduplicate by a shortened name key.,Stellenbosch-Drakenstein Earlier Opgaafrolle - Hague & Cape Archives - including Full Indexes June 2022.xlsx,1712,"NL-HaNA VOC 1.04.02, inv.4068, pp.220-243"
63,Scheele Willem,"",209,5887,scheele willem,low,0,228,Drakenstein,7,include,"",Named male entry in 1712 transcription; preserve source row; do not deduplicate by a shortened name key.,Stellenbosch-Drakenstein Earlier Opgaafrolle - Hague & Cape Archives - including Full Indexes June 2022.xlsx,1712,"NL-HaNA VOC 1.04.02, inv.4068, pp.220-243"
64,Josua Selliers,Elisabeth Smit,210,5888,josua selliers,low,0,230,Drakenstein,8,include,"",Named male entry in 1712 transcription; preserve source row; do not deduplicate by a shortened name key.,Stellenbosch-Drakenstein Earlier Opgaafrolle - Hague & Cape Archives - including Full Indexes June 2022.xlsx,1712,"NL-HaNA VOC 1.04.02, inv.4068, pp.220-243"
65,Guiljam de Haas,Maria Catharina Durie,211,5889,guiljam de haas,low,0,231,Drakenstein,8,include,"",Named male entry in 1712 transcription; preserve source row; do not deduplicate by a shortened name key.,Stellenbosch-Drakenstein Earlier Opgaafrolle - Hague & Cape Archives - including Full Indexes June 2022.xlsx,1712,"NL-HaNA VOC 1.04.02, inv.4068, pp.220-243"
66,Pieter de Haas,"",212,5890,pieter de haas,low,0,232,Drakenstein,8,include,"",Named male entry in 1712 transcription; preserve source row; do not deduplicate by a shortened name key.,Stellenbosch-Drakenstein Earlier Opgaafrolle - Hague & Cape Archives - including Full Indexes June 2022.xlsx,1712,"NL-HaNA VOC 1.04.02, inv.4068, pp.220-243"
67,Abraham de Haas,"",213,5891,abraham de haas,low,0,233,Drakenstein,8,include,"",Named male entry in 1712 transcription; preserve source row; do not deduplicate by a shortened name key.,Stellenbosch-Drakenstein Earlier Opgaafrolle - Hague & Cape Archives - including Full Indexes June 2022.xlsx,1712,"NL-HaNA VOC 1.04.02, inv.4068, pp.220-243"
68,Ettienne Bruere,Susanna Du Pui,214,5892,ettienne bruere,middle,3,234,Drakenstein,8,include,"",Named male entry in 1712 transcription; preserve source row; do not deduplicate by a shortened name key.,Stellenbosch-Drakenstein Earlier Opgaafrolle - Hague & Cape Archives - including Full Indexes June 2022.xlsx,1712,"NL-HaNA VOC 1.04.02, inv.4068, pp.220-243"
69,Philip Minar,Jeanne Mouy,215,5893,philip minar,middle,2,235,Drakenstein,8,include,"",Named male entry in 1712 transcription; preserve source row; do not deduplicate by a shortened name key.,Stellenbosch-Drakenstein Earlier Opgaafrolle - Hague & Cape Archives - including Full Indexes June 2022.xlsx,1712,"NL-HaNA VOC 1.04.02, inv.4068, pp.220-243"
70,Jurgen Kerver,Catharina Harmensz,216,5894,jurgen kerver,low,0,236,Drakenstein,8,include,"",Named male entry in 1712 transcription; preserve source row; do not deduplicate by a shortened name key.,Stellenbosch-Drakenstein Earlier Opgaafrolle - Hague & Cape Archives - including Full Indexes June 2022.xlsx,1712,"NL-HaNA VOC 1.04.02, inv.4068, pp.220-243"
71,Salomon de Gourne,"",217,5895,salomon de gourne,low,0,237,Drakenstein,8,include,"",Named male entry in 1712 transcription; preserve source row; do not deduplicate by a shortened name key.,Stellenbosch-Drakenstein Earlier Opgaafrolle - Hague & Cape Archives - including Full Indexes June 2022.xlsx,1712,"NL-HaNA VOC 1.04.02, inv.4068, pp.220-243"
72,Jacob Pinar,Martha Lafebre,218,5896,jacob pinar,low,0,238,Drakenstein,8,include,"",Named male entry in 1712 transcription; preserve source row; do not deduplicate by a shortened name key.,Stellenbosch-Drakenstein Earlier Opgaafrolle - Hague & Cape Archives - including Full Indexes June 2022.xlsx,1712,"NL-HaNA VOC 1.04.02, inv.4068, pp.220-243"
73,Pieter Pinar,"",219,5897,pieter pinar,low,0,239,Drakenstein,8,include,"",Named male entry in 1712 transcription; preserve source row; do not deduplicate by a shortened name key.,Stellenbosch-Drakenstein Earlier Opgaafrolle - Hague & Cape Archives - including Full Indexes June 2022.xlsx,1712,"NL-HaNA VOC 1.04.02, inv.4068, pp.220-243"
74,"Jacob Pinar, de jonge","",220,5898,de jacob pinar,low,0,240,Drakenstein,8,include,"",Named male entry in 1712 transcription; preserve source row; do not deduplicate by a shortened name key.,Stellenbosch-Drakenstein Earlier Opgaafrolle - Hague & Cape Archives - including Full Indexes June 2022.xlsx,1712,"NL-HaNA VOC 1.04.02, inv.4068, pp.220-243"
75,Pieter Jansz van Marseveen,Elisabeth Du Pree,221,5899,pieter van marseveen,high,7,241,Drakenstein,8,include,"",Named male entry in 1712 transcription; preserve source row; do not deduplicate by a shortened name key.,Stellenbosch-Drakenstein Earlier Opgaafrolle - Hague & Cape Archives - including Full Indexes June 2022.xlsx,1712,"NL-HaNA VOC 1.04.02, inv.4068, pp.220-243"
76,Charles Du Plausier,Sicilia Marseveen,222,5900,charles du plausier,low,0,242,Drakenstein,8,include,"",Named male entry in 1712 transcription; preserve source row; do not deduplicate by a shortened name key.,Stellenbosch-Drakenstein Earlier Opgaafrolle - Hague & Cape Archives - including Full Indexes June 2022.xlsx,1712,"NL-HaNA VOC 1.04.02, inv.4068, pp.220-243"
77,Pieter Erasmus,Maria Elizabeth,223,5901,pieter erasmus,middle,2,243,Drakenstein,8,include,"",Named male entry in 1712 transcription; preserve source row; do not deduplicate by a shortened name key.,Stellenbosch-Drakenstein Earlier Opgaafrolle - Hague & Cape Archives - including Full Indexes June 2022.xlsx,1712,"NL-HaNA VOC 1.04.02, inv.4068, pp.220-243"
78,Willem Pelm ??,"",224,5902,willem ??,low,0,244,Drakenstein,8,include,"",Named male entry in 1712 transcription; preserve source row; do not deduplicate by a shortened name key.,Stellenbosch-Drakenstein Earlier Opgaafrolle - Hague & Cape Archives - including Full Indexes June 2022.xlsx,1712,"NL-HaNA VOC 1.04.02, inv.4068, pp.220-243"
79,Barent Pietersz Blom,Catharina de Beer,225,5903,barent blom,middle,1,245,Drakenstein,8,include,"",Named male entry in 1712 transcription; preserve source row; do not deduplicate by a shortened name key.,Stellenbosch-Drakenstein Earlier Opgaafrolle - Hague & Cape Archives - including Full Indexes June 2022.xlsx,1712,"NL-HaNA VOC 1.04.02, inv.4068, pp.220-243"
80,Jeronimus Stevens,"",226,5904,jeronimus stevens,low,0,246,Drakenstein,8,include,"",Named male entry in 1712 transcription; preserve source row; do not deduplicate by a shortened name key.,Stellenbosch-Drakenstein Earlier Opgaafrolle - Hague & Cape Archives - including Full Indexes June 2022.xlsx,1712,"NL-HaNA VOC 1.04.02, inv.4068, pp.220-243"
81,Louis Florie,Susanna Cordier,227,5905,louis florie,middle,2,247,Drakenstein,8,include,"",Named male entry in 1712 transcription; preserve source row; do not deduplicate by a shortened name key.,Stellenbosch-Drakenstein Earlier Opgaafrolle - Hague & Cape Archives - including Full Indexes June 2022.xlsx,1712,"NL-HaNA VOC 1.04.02, inv.4068, pp.220-243"
82,Jan Lourens van Rostok,Anna elisabeth Michielse,228,5906,jan van rostok,middle,1,248,Drakenstein,8,include,"",Named male entry in 1712 transcription; preserve source row; do not deduplicate by a shortened name key.,Stellenbosch-Drakenstein Earlier Opgaafrolle - Hague & Cape Archives - including Full Indexes June 2022.xlsx,1712,"NL-HaNA VOC 1.04.02, inv.4068, pp.220-243"
83,Pieter Cronje,Susanna Tailjefair,229,5907,pieter cronje,middle,2,249,Drakenstein,8,include,"",Named male entry in 1712 transcription; preserve source row; do not deduplicate by a shortened name key.,Stellenbosch-Drakenstein Earlier Opgaafrolle - Hague & Cape Archives - including Full Indexes June 2022.xlsx,1712,"NL-HaNA VOC 1.04.02, inv.4068, pp.220-243"
84,Jacob Pottie,Catharina Harmensz Potgieter,230,5908,jacob pottie,low,0,250,Drakenstein,8,include,"",Named male entry in 1712 transcription; preserve source row; do not deduplicate by a shortened name key.,Stellenbosch-Drakenstein Earlier Opgaafrolle - Hague & Cape Archives - including Full Indexes June 2022.xlsx,1712,"NL-HaNA VOC 1.04.02, inv.4068, pp.220-243"
85,Harmanus Heppenaar ?,"",231,5909,harmanus ?,low,0,251,Drakenstein,8,include,"",Named male entry in 1712 transcription; preserve source row; do not deduplicate by a shortened name key.,Stellenbosch-Drakenstein Earlier Opgaafrolle - Hague & Cape Archives - including Full Indexes June 2022.xlsx,1712,"NL-HaNA VOC 1.04.02, inv.4068, pp.220-243"
86,Jacobus Cordier,"",232,5910,jacobus cordier,low,0,252,Drakenstein,8,include,"",Named male entry in 1712 transcription; preserve source row; do not deduplicate by a shortened name key.,Stellenbosch-Drakenstein Earlier Opgaafrolle - Hague & Cape Archives - including Full Indexes June 2022.xlsx,1712,"NL-HaNA VOC 1.04.02, inv.4068, pp.220-243"
87,Hans Jurgen Potgieter,"",233,5911,hans potgieter,low,0,253,Drakenstein,8,include,hans potgieter,Retain separate entries: Hans Jurgen versus Hans Harmen are distinct full names on adjacent Drakenstein rows; different wives/assets; same first-name token must not collapse middle names.,Stellenbosch-Drakenstein Earlier Opgaafrolle - Hague & Cape Archives - including Full Indexes June 2022.xlsx,1712,"NL-HaNA VOC 1.04.02, inv.4068, pp.220-243"
88,Hans Harmen Potgieter,Clara Herfst,234,5912,hans potgieter,middle,2,254,Drakenstein,8,include,hans potgieter,Retain separate entries: Hans Jurgen versus Hans Harmen are distinct full names on adjacent Drakenstein rows; different wives/assets; same first-name token must not collapse middle names.,Stellenbosch-Drakenstein Earlier Opgaafrolle - Hague & Cape Archives - including Full Indexes June 2022.xlsx,1712,"NL-HaNA VOC 1.04.02, inv.4068, pp.220-243"
89,Matthys Eekhof,"",235,5913,matthys eekhof,low,0,255,Drakenstein,8,include,"",Named male entry in 1712 transcription; preserve source row; do not deduplicate by a shortened name key.,Stellenbosch-Drakenstein Earlier Opgaafrolle - Hague & Cape Archives - including Full Indexes June 2022.xlsx,1712,"NL-HaNA VOC 1.04.02, inv.4068, pp.220-243"
90,Hercules Verdouw,Maria Catharina Wiebau,236,5914,hercules verdouw,low,0,256,Drakenstein,8,include,"",Named male entry in 1712 transcription; preserve source row; do not deduplicate by a shortened name key.,Stellenbosch-Drakenstein Earlier Opgaafrolle - Hague & Cape Archives - including Full Indexes June 2022.xlsx,1712,"NL-HaNA VOC 1.04.02, inv.4068, pp.220-243"
91,Claas Voogt,"",237,5915,claas voogt,low,0,257,Drakenstein,8,include,"",Named male entry in 1712 transcription; preserve source row; do not deduplicate by a shortened name key.,Stellenbosch-Drakenstein Earlier Opgaafrolle - Hague & Cape Archives - including Full Indexes June 2022.xlsx,1712,"NL-HaNA VOC 1.04.02, inv.4068, pp.220-243"
92,Abraham Bleuse,"",238,5916,abraham bleuse,low,0,258,Drakenstein,8,include,"",Named male entry in 1712 transcription; preserve source row; do not deduplicate by a shortened name key.,Stellenbosch-Drakenstein Earlier Opgaafrolle - Hague & Cape Archives - including Full Indexes June 2022.xlsx,1712,"NL-HaNA VOC 1.04.02, inv.4068, pp.220-243"
93,Jacob Bourbonay,"",239,5917,jacob bourbonay,low,0,259,Drakenstein,8,include,"",Named male entry in 1712 transcription; preserve source row; do not deduplicate by a shortened name key.,Stellenbosch-Drakenstein Earlier Opgaafrolle - Hague & Cape Archives - including Full Indexes June 2022.xlsx,1712,"NL-HaNA VOC 1.04.02, inv.4068, pp.220-243"
94,Hendrik Meyer,"",240,5918,hendrik meyer,low,0,260,Drakenstein,8,include,"",Named male entry in 1712 transcription; preserve source row; do not deduplicate by a shortened name key.,Stellenbosch-Drakenstein Earlier Opgaafrolle - Hague & Cape Archives - including Full Indexes June 2022.xlsx,1712,"NL-HaNA VOC 1.04.02, inv.4068, pp.220-243"
95,Gidion Malherbe,Maria Grieljon,241,5919,gidion malherbe,middle,3,261,Drakenstein,8,include,"",Named male entry in 1712 transcription; preserve source row; do not deduplicate by a shortened name key.,Stellenbosch-Drakenstein Earlier Opgaafrolle - Hague & Cape Archives - including Full Indexes June 2022.xlsx,1712,"NL-HaNA VOC 1.04.02, inv.4068, pp.220-243"
96,"Gidion Malherbe, junior","",242,5920,junior gidion malherbe,low,0,263,Drakenstein,9,include,"",Named male entry in 1712 transcription; preserve source row; do not deduplicate by a shortened name key.,Stellenbosch-Drakenstein Earlier Opgaafrolle - Hague & Cape Archives - including Full Indexes June 2022.xlsx,1712,"NL-HaNA VOC 1.04.02, inv.4068, pp.220-243"
97,Jan Cordier,Johanna Terjee,243,5921,jan cordier,low,0,264,Drakenstein,9,include,"",Named male entry in 1712 transcription; preserve source row; do not deduplicate by a shortened name key.,Stellenbosch-Drakenstein Earlier Opgaafrolle - Hague & Cape Archives - including Full Indexes June 2022.xlsx,1712,"NL-HaNA VOC 1.04.02, inv.4068, pp.220-243"
98,Jan du Buis,Sara Jacobsz,244,5922,jan du buis,low,0,265,Drakenstein,9,include,"",Named male entry in 1712 transcription; preserve source row; do not deduplicate by a shortened name key.,Stellenbosch-Drakenstein Earlier Opgaafrolle - Hague & Cape Archives - including Full Indexes June 2022.xlsx,1712,"NL-HaNA VOC 1.04.02, inv.4068, pp.220-243"
99,Jan Herfst,Elisabeth Zanderse,245,5923,jan herfst,low,0,266,Drakenstein,9,include,"",Named male entry in 1712 transcription; preserve source row; do not deduplicate by a shortened name key.,Stellenbosch-Drakenstein Earlier Opgaafrolle - Hague & Cape Archives - including Full Indexes June 2022.xlsx,1712,"NL-HaNA VOC 1.04.02, inv.4068, pp.220-243"
100,Pieter Tailjefair,Maria Marais,246,5924,pieter tailjefair,low,0,267,Drakenstein,9,include,"",Named male entry in 1712 transcription; preserve source row; do not deduplicate by a shortened name key.,Stellenbosch-Drakenstein Earlier Opgaafrolle - Hague & Cape Archives - including Full Indexes June 2022.xlsx,1712,"NL-HaNA VOC 1.04.02, inv.4068, pp.220-243"
102,Jan Tailjefair,"",247,5926,jan tailjefair,low,0,269,Drakenstein,9,include,"",Named male entry in 1712 transcription; preserve source row; do not deduplicate by a shortened name key.,Stellenbosch-Drakenstein Earlier Opgaafrolle - Hague & Cape Archives - including Full Indexes June 2022.xlsx,1712,"NL-HaNA VOC 1.04.02, inv.4068, pp.220-243"
103,Nicolaas La Batte,"",248,5927,nicolaas la batte,low,0,270,Drakenstein,9,include,"",Named male entry in 1712 transcription; preserve source row; do not deduplicate by a shortened name key.,Stellenbosch-Drakenstein Earlier Opgaafrolle - Hague & Cape Archives - including Full Indexes June 2022.xlsx,1712,"NL-HaNA VOC 1.04.02, inv.4068, pp.220-243"
104,Pierre Villies,Elisabeth Tailjefair,249,5928,pierre villies,low,0,271,Drakenstein,9,include,"",Named male entry in 1712 transcription; preserve source row; do not deduplicate by a shortened name key.,Stellenbosch-Drakenstein Earlier Opgaafrolle - Hague & Cape Archives - including Full Indexes June 2022.xlsx,1712,"NL-HaNA VOC 1.04.02, inv.4068, pp.220-243"
105,Steven Cronse,"",250,5929,steven cronse,middle,2,272,Drakenstein,9,include,"",Named male entry in 1712 transcription; preserve source row; do not deduplicate by a shortened name key.,Stellenbosch-Drakenstein Earlier Opgaafrolle - Hague & Cape Archives - including Full Indexes June 2022.xlsx,1712,"NL-HaNA VOC 1.04.02, inv.4068, pp.220-243"
106,Jacob Delporte,Sara Vitou,251,5930,jacob delporte,low,0,273,Drakenstein,9,include,"",Named male entry in 1712 transcription; preserve source row; do not deduplicate by a shortened name key.,Stellenbosch-Drakenstein Earlier Opgaafrolle - Hague & Cape Archives - including Full Indexes June 2022.xlsx,1712,"NL-HaNA VOC 1.04.02, inv.4068, pp.220-243"
107,Daniel Jacobsz,Louisa Cordier,252,5931,daniel jacobsen,low,0,274,Drakenstein,9,include,"",Named male entry in 1712 transcription; preserve source row; do not deduplicate by a shortened name key.,Stellenbosch-Drakenstein Earlier Opgaafrolle - Hague & Cape Archives - including Full Indexes June 2022.xlsx,1712,"NL-HaNA VOC 1.04.02, inv.4068, pp.220-243"
108,Matthys Michielsz,"",253,5932,matthys michielsz,middle,1,275,Drakenstein,9,include,"",Named male entry in 1712 transcription; preserve source row; do not deduplicate by a shortened name key.,Stellenbosch-Drakenstein Earlier Opgaafrolle - Hague & Cape Archives - including Full Indexes June 2022.xlsx,1712,"NL-HaNA VOC 1.04.02, inv.4068, pp.220-243"
109,David Sinnekal,Anna Magdalena du Pui ?,254,5933,david sinnekal,low,0,276,Drakenstein,9,include,"",Named male entry in 1712 transcription; preserve source row; do not deduplicate by a shortened name key.,Stellenbosch-Drakenstein Earlier Opgaafrolle - Hague & Cape Archives - including Full Indexes June 2022.xlsx,1712,"NL-HaNA VOC 1.04.02, inv.4068, pp.220-243"
110,Francois Retief,Maria Moi,255,5934,francois retief,middle,1,277,Drakenstein,9,include,"",Named male entry in 1712 transcription; preserve source row; do not deduplicate by a shortened name key.,Stellenbosch-Drakenstein Earlier Opgaafrolle - Hague & Cape Archives - including Full Indexes June 2022.xlsx,1712,"NL-HaNA VOC 1.04.02, inv.4068, pp.220-243"
111,"David Sinnekal, de jonge","",256,5935,de david sinnekal,low,0,278,Drakenstein,9,include,"",Named male entry in 1712 transcription; preserve source row; do not deduplicate by a shortened name key.,Stellenbosch-Drakenstein Earlier Opgaafrolle - Hague & Cape Archives - including Full Indexes June 2022.xlsx,1712,"NL-HaNA VOC 1.04.02, inv.4068, pp.220-243"
112,Pieter Moi,"",257,5936,pieter moi,low,0,279,Drakenstein,9,include,"",Named male entry in 1712 transcription; preserve source row; do not deduplicate by a shortened name key.,Stellenbosch-Drakenstein Earlier Opgaafrolle - Hague & Cape Archives - including Full Indexes June 2022.xlsx,1712,"NL-HaNA VOC 1.04.02, inv.4068, pp.220-243"
113,Godfried Roose,"",258,5937,godfried roose,low,0,280,Drakenstein,9,include,"",Named male entry in 1712 transcription; preserve source row; do not deduplicate by a shortened name key.,Stellenbosch-Drakenstein Earlier Opgaafrolle - Hague & Cape Archives - including Full Indexes June 2022.xlsx,1712,"NL-HaNA VOC 1.04.02, inv.4068, pp.220-243"
114,Louis Le Riche,Susanna Fouchet,259,5938,louis le riche,high,6,281,Drakenstein,9,include,"",Named male entry in 1712 transcription; preserve source row; do not deduplicate by a shortened name key.,Stellenbosch-Drakenstein Earlier Opgaafrolle - Hague & Cape Archives - including Full Indexes June 2022.xlsx,1712,"NL-HaNA VOC 1.04.02, inv.4068, pp.220-243"
115,Steven Terblanche,"",260,5939,steven terblanche,low,0,282,Drakenstein,9,include,"",Named male entry in 1712 transcription; preserve source row; do not deduplicate by a shortened name key.,Stellenbosch-Drakenstein Earlier Opgaafrolle - Hague & Cape Archives - including Full Indexes June 2022.xlsx,1712,"NL-HaNA VOC 1.04.02, inv.4068, pp.220-243"
116,"Paul Roux, de jonge","",261,5940,de paul roux,low,0,283,Drakenstein,9,include,"",Named male entry in 1712 transcription; preserve source row; do not deduplicate by a shortened name key.,Stellenbosch-Drakenstein Earlier Opgaafrolle - Hague & Cape Archives - including Full Indexes June 2022.xlsx,1712,"NL-HaNA VOC 1.04.02, inv.4068, pp.220-243"
117,Steven Vouchet,"",262,5941,steven vouchet,low,0,284,Drakenstein,9,include,"",Named male entry in 1712 transcription; preserve source row; do not deduplicate by a shortened name key.,Stellenbosch-Drakenstein Earlier Opgaafrolle - Hague & Cape Archives - including Full Indexes June 2022.xlsx,1712,"NL-HaNA VOC 1.04.02, inv.4068, pp.220-243"
118,Jan Hendrik Millius,Ester Roux,263,5942,jan millius,middle,1,285,Drakenstein,9,include,"",Named male entry in 1712 transcription; preserve source row; do not deduplicate by a shortened name key.,Stellenbosch-Drakenstein Earlier Opgaafrolle - Hague & Cape Archives - including Full Indexes June 2022.xlsx,1712,"NL-HaNA VOC 1.04.02, inv.4068, pp.220-243"
119,Jan Vosloo,"",264,5943,jan vosloo,high,16,286,Drakenstein,9,include,"",Named male entry in 1712 transcription; preserve source row; do not deduplicate by a shortened name key.,Stellenbosch-Drakenstein Earlier Opgaafrolle - Hague & Cape Archives - including Full Indexes June 2022.xlsx,1712,"NL-HaNA VOC 1.04.02, inv.4068, pp.220-243"
120,"Jan Vosloo, de jonge","",265,5944,de jan vosloo,low,0,287,Drakenstein,9,include,"",Named male entry in 1712 transcription; preserve source row; do not deduplicate by a shortened name key.,Stellenbosch-Drakenstein Earlier Opgaafrolle - Hague & Cape Archives - including Full Indexes June 2022.xlsx,1712,"NL-HaNA VOC 1.04.02, inv.4068, pp.220-243"
121,Ari Cruytsman,Maria Vosloo,266,5945,ari cruytsman,high,9,288,Drakenstein,9,include,"",Named male entry in 1712 transcription; preserve source row; do not deduplicate by a shortened name key.,Stellenbosch-Drakenstein Earlier Opgaafrolle - Hague & Cape Archives - including Full Indexes June 2022.xlsx,1712,"NL-HaNA VOC 1.04.02, inv.4068, pp.220-243"
122,Jan van Macassar,"",267,5946,jan van macassar,low,0,289,Drakenstein,9,include,"",Named male entry in 1712 transcription; preserve source row; do not deduplicate by a shortened name key.,Stellenbosch-Drakenstein Earlier Opgaafrolle - Hague & Cape Archives - including Full Indexes June 2022.xlsx,1712,"NL-HaNA VOC 1.04.02, inv.4068, pp.220-243"
123,Jan van de Caab,"",268,5947,jan van de caab,low,0,290,Drakenstein,9,include,jan van de caab,Retain separate source entries: Jan Jacobsz van de Caab versus Jan van de Caab in different districts; patronym and district distinguish source entries. Shortened-name collision is not evidence to merge.,Stellenbosch-Drakenstein Earlier Opgaafrolle - Hague & Cape Archives - including Full Indexes June 2022.xlsx,1712,"NL-HaNA VOC 1.04.02, inv.4068, pp.220-243"
124,Jan Willemsz,"",269,5948,jan willemsen,low,0,291,Drakenstein,9,include,"",Named male entry in 1712 transcription; preserve source row; do not deduplicate by a shortened name key.,Stellenbosch-Drakenstein Earlier Opgaafrolle - Hague & Cape Archives - including Full Indexes June 2022.xlsx,1712,"NL-HaNA VOC 1.04.02, inv.4068, pp.220-243"
125,Sinnepaay van de Cust,"",270,5949,sinnepaay van de cust,low,0,292,Drakenstein,9,include,"",Named male entry in 1712 transcription; preserve source row; do not deduplicate by a shortened name key.,Stellenbosch-Drakenstein Earlier Opgaafrolle - Hague & Cape Archives - including Full Indexes June 2022.xlsx,1712,"NL-HaNA VOC 1.04.02, inv.4068, pp.220-243"
126,Lourens Pretorius,Maria Rossaeux,271,5950,lourens pretorius,middle,4,293,Drakenstein,9,include,"",Named male entry in 1712 transcription; preserve source row; do not deduplicate by a shortened name key.,Stellenbosch-Drakenstein Earlier Opgaafrolle - Hague & Cape Archives - including Full Indexes June 2022.xlsx,1712,"NL-HaNA VOC 1.04.02, inv.4068, pp.220-243"
127,Jan Pretorius,"",272,5951,jan pretorius,middle,3,295,Drakenstein,10,include,"",Named male entry in 1712 transcription; preserve source row; do not deduplicate by a shortened name key.,Stellenbosch-Drakenstein Earlier Opgaafrolle - Hague & Cape Archives - including Full Indexes June 2022.xlsx,1712,"NL-HaNA VOC 1.04.02, inv.4068, pp.220-243"
128,Pieter Rosseaux,Geertruida Dutoit,273,5952,pieter rosseaux,high,12,296,Drakenstein,10,include,"",Named male entry in 1712 transcription; preserve source row; do not deduplicate by a shortened name key.,Stellenbosch-Drakenstein Earlier Opgaafrolle - Hague & Cape Archives - including Full Indexes June 2022.xlsx,1712,"NL-HaNA VOC 1.04.02, inv.4068, pp.220-243"
129,Arnoldus Henninghuysen,"",274,5953,arnoldus henninghuysen,low,0,297,Drakenstein,10,include,"",Named male entry in 1712 transcription; preserve source row; do not deduplicate by a shortened name key.,Stellenbosch-Drakenstein Earlier Opgaafrolle - Hague & Cape Archives - including Full Indexes June 2022.xlsx,1712,"NL-HaNA VOC 1.04.02, inv.4068, pp.220-243"
130,Jan Leseray,"",275,5954,jan leseray,low,0,298,Drakenstein,10,include,"",Named male entry in 1712 transcription; preserve source row; do not deduplicate by a shortened name key.,Stellenbosch-Drakenstein Earlier Opgaafrolle - Hague & Cape Archives - including Full Indexes June 2022.xlsx,1712,"NL-HaNA VOC 1.04.02, inv.4068, pp.220-243"
131,Jacob Mouton,Francina Bevernagie,276,5955,jacob mouton,middle,2,299,Drakenstein,10,include,"",Named male entry in 1712 transcription; preserve source row; do not deduplicate by a shortened name key.,Stellenbosch-Drakenstein Earlier Opgaafrolle - Hague & Cape Archives - including Full Indexes June 2022.xlsx,1712,"NL-HaNA VOC 1.04.02, inv.4068, pp.220-243"
132,Joost Bevernagie,"",277,5956,joost bevernagie,high,6,300,Drakenstein,10,include,"",Named male entry in 1712 transcription; preserve source row; do not deduplicate by a shortened name key.,Stellenbosch-Drakenstein Earlier Opgaafrolle - Hague & Cape Archives - including Full Indexes June 2022.xlsx,1712,"NL-HaNA VOC 1.04.02, inv.4068, pp.220-243"
133,Jan Oosthuysen,Jannetje Martensz,278,5957,jan oosthuysen,low,0,301,Drakenstein,10,include,"",Named male entry in 1712 transcription; preserve source row; do not deduplicate by a shortened name key.,Stellenbosch-Drakenstein Earlier Opgaafrolle - Hague & Cape Archives - including Full Indexes June 2022.xlsx,1712,"NL-HaNA VOC 1.04.02, inv.4068, pp.220-243"
134,Schalk Willemsz,Anna Provo,279,5958,schalk willemsen,middle,4,302,Drakenstein,10,include,"",Named male entry in 1712 transcription; preserve source row; do not deduplicate by a shortened name key.,Stellenbosch-Drakenstein Earlier Opgaafrolle - Hague & Cape Archives - including Full Indexes June 2022.xlsx,1712,"NL-HaNA VOC 1.04.02, inv.4068, pp.220-243"
135,Willem Burger,"",280,5959,willem burger,low,0,303,Drakenstein,10,include,"",Named male entry in 1712 transcription; preserve source row; do not deduplicate by a shortened name key.,Stellenbosch-Drakenstein Earlier Opgaafrolle - Hague & Cape Archives - including Full Indexes June 2022.xlsx,1712,"NL-HaNA VOC 1.04.02, inv.4068, pp.220-243"
136,Abraham de Clercq,Magdalena Bouton,281,5960,abraham de clercq,middle,3,304,Drakenstein,10,include,"",Named male entry in 1712 transcription; preserve source row; do not deduplicate by a shortened name key.,Stellenbosch-Drakenstein Earlier Opgaafrolle - Hague & Cape Archives - including Full Indexes June 2022.xlsx,1712,"NL-HaNA VOC 1.04.02, inv.4068, pp.220-243"
137,Philip Despree,Elisabeth Provoo,282,5961,philip despree,high,6,305,Drakenstein,10,include,"",Named male entry in 1712 transcription; preserve source row; do not deduplicate by a shortened name key.,Stellenbosch-Drakenstein Earlier Opgaafrolle - Hague & Cape Archives - including Full Indexes June 2022.xlsx,1712,"NL-HaNA VOC 1.04.02, inv.4068, pp.220-243"
138,"Dirk Coetzee, Janszoon","",283,5962,janszoon dirk coetzee,low,0,306,Drakenstein,10,include,"",Named male entry in 1712 transcription; preserve source row; do not deduplicate by a shortened name key.,Stellenbosch-Drakenstein Earlier Opgaafrolle - Hague & Cape Archives - including Full Indexes June 2022.xlsx,1712,"NL-HaNA VOC 1.04.02, inv.4068, pp.220-243"
139,Jan Wilders,"",284,5963,jan wilders,middle,2,307,Drakenstein,10,include,"",Named male entry in 1712 transcription; preserve source row; do not deduplicate by a shortened name key.,Stellenbosch-Drakenstein Earlier Opgaafrolle - Hague & Cape Archives - including Full Indexes June 2022.xlsx,1712,"NL-HaNA VOC 1.04.02, inv.4068, pp.220-243"
140,Adriaan Wilderz,"",285,5964,adriaan wilderz,low,0,308,Drakenstein,10,include,"",Named male entry in 1712 transcription; preserve source row; do not deduplicate by a shortened name key.,Stellenbosch-Drakenstein Earlier Opgaafrolle - Hague & Cape Archives - including Full Indexes June 2022.xlsx,1712,"NL-HaNA VOC 1.04.02, inv.4068, pp.220-243"
141,Jacobus Mostert,Maria Magdalena Pieron,286,5965,jacobus mostert,low,0,309,Drakenstein,10,include,"",Named male entry in 1712 transcription; preserve source row; do not deduplicate by a shortened name key.,Stellenbosch-Drakenstein Earlier Opgaafrolle - Hague & Cape Archives - including Full Indexes June 2022.xlsx,1712,"NL-HaNA VOC 1.04.02, inv.4068, pp.220-243"
142,Claas Holtum ?,"",287,5966,claas ?,low,0,310,Drakenstein,10,include,"",Named male entry in 1712 transcription; preserve source row; do not deduplicate by a shortened name key.,Stellenbosch-Drakenstein Earlier Opgaafrolle - Hague & Cape Archives - including Full Indexes June 2022.xlsx,1712,"NL-HaNA VOC 1.04.02, inv.4068, pp.220-243"
143,Joost de Clercq,Jacoba Campher,288,5967,joost de clercq,low,0,311,Drakenstein,10,include,"",Named male entry in 1712 transcription; preserve source row; do not deduplicate by a shortened name key.,Stellenbosch-Drakenstein Earlier Opgaafrolle - Hague & Cape Archives - including Full Indexes June 2022.xlsx,1712,"NL-HaNA VOC 1.04.02, inv.4068, pp.220-243"
144,Amon Feron,"",289,5968,amon feron,low,0,312,Drakenstein,10,include,"",Named male entry in 1712 transcription; preserve source row; do not deduplicate by a shortened name key.,Stellenbosch-Drakenstein Earlier Opgaafrolle - Hague & Cape Archives - including Full Indexes June 2022.xlsx,1712,"NL-HaNA VOC 1.04.02, inv.4068, pp.220-243"
145,Andries Pelantion,"",290,5969,andries pelantion,low,0,313,Drakenstein,10,include,"",Named male entry in 1712 transcription; preserve source row; do not deduplicate by a shortened name key.,Stellenbosch-Drakenstein Earlier Opgaafrolle - Hague & Cape Archives - including Full Indexes June 2022.xlsx,1712,"NL-HaNA VOC 1.04.02, inv.4068, pp.220-243"
146,Pieter Jansz Swanepoel,Maria Sibella Sax,291,5970,pieter swanepoel,middle,1,314,Drakenstein,10,include,"",Named male entry in 1712 transcription; preserve source row; do not deduplicate by a shortened name key.,Stellenbosch-Drakenstein Earlier Opgaafrolle - Hague & Cape Archives - including Full Indexes June 2022.xlsx,1712,"NL-HaNA VOC 1.04.02, inv.4068, pp.220-243"
147,Cornelis Olivier,"",292,5971,cornelis olivier,low,0,315,Drakenstein,10,include,"",Named male entry in 1712 transcription; preserve source row; do not deduplicate by a shortened name key.,Stellenbosch-Drakenstein Earlier Opgaafrolle - Hague & Cape Archives - including Full Indexes June 2022.xlsx,1712,"NL-HaNA VOC 1.04.02, inv.4068, pp.220-243"
148,Hans Jurgen,"",293,5972,hans jurgen,low,0,316,Drakenstein,10,include,"",Named male entry in 1712 transcription; preserve source row; do not deduplicate by a shortened name key.,Stellenbosch-Drakenstein Earlier Opgaafrolle - Hague & Cape Archives - including Full Indexes June 2022.xlsx,1712,"NL-HaNA VOC 1.04.02, inv.4068, pp.220-243"
149,Abraham Provoo,Anna van Marseveen,294,5973,abraham provoo,middle,3,317,Drakenstein,10,include,"",Named male entry in 1712 transcription; preserve source row; do not deduplicate by a shortened name key.,Stellenbosch-Drakenstein Earlier Opgaafrolle - Hague & Cape Archives - including Full Indexes June 2022.xlsx,1712,"NL-HaNA VOC 1.04.02, inv.4068, pp.220-243"
150,Dirk Ruyter,"",295,5974,dirk ruyter,low,0,318,Drakenstein,10,include,"",Named male entry in 1712 transcription; preserve source row; do not deduplicate by a shortened name key.,Stellenbosch-Drakenstein Earlier Opgaafrolle - Hague & Cape Archives - including Full Indexes June 2022.xlsx,1712,"NL-HaNA VOC 1.04.02, inv.4068, pp.220-243"
151,Hendrik Venter,Anna Viljon,296,5975,hendrik venter,low,0,319,Drakenstein,10,include,"",Named male entry in 1712 transcription; preserve source row; do not deduplicate by a shortened name key.,Stellenbosch-Drakenstein Earlier Opgaafrolle - Hague & Cape Archives - including Full Indexes June 2022.xlsx,1712,"NL-HaNA VOC 1.04.02, inv.4068, pp.220-243"
152,Francois Venter,"",297,5976,francois venter,low,0,320,Drakenstein,10,include,"",Named male entry in 1712 transcription; preserve source row; do not deduplicate by a shortened name key.,Stellenbosch-Drakenstein Earlier Opgaafrolle - Hague & Cape Archives - including Full Indexes June 2022.xlsx,1712,"NL-HaNA VOC 1.04.02, inv.4068, pp.220-243"
153,Matthys Greef,Sara Coetzee,298,5977,matthys greef,high,6,321,Drakenstein,10,include,"",Named male entry in 1712 transcription; preserve source row; do not deduplicate by a shortened name key.,Stellenbosch-Drakenstein Earlier Opgaafrolle - Hague & Cape Archives - including Full Indexes June 2022.xlsx,1712,"NL-HaNA VOC 1.04.02, inv.4068, pp.220-243"
154,Pieter Willemsz van Heerden,Magteltje Schalk,299,5978,pieter van heerden,middle,3,322,Drakenstein,10,include,"",Named male entry in 1712 transcription; preserve source row; do not deduplicate by a shortened name key.,Stellenbosch-Drakenstein Earlier Opgaafrolle - Hague & Cape Archives - including Full Indexes June 2022.xlsx,1712,"NL-HaNA VOC 1.04.02, inv.4068, pp.220-243"
155,Jan van Hoeting,"",300,5979,jan van hoeting,low,0,323,Drakenstein,10,include,"",Named male entry in 1712 transcription; preserve source row; do not deduplicate by a shortened name key.,Stellenbosch-Drakenstein Earlier Opgaafrolle - Hague & Cape Archives - including Full Indexes June 2022.xlsx,1712,"NL-HaNA VOC 1.04.02, inv.4068, pp.220-243"
156,Jan Mulder,"",301,5980,jan mulder,low,0,324,Drakenstein,10,include,"",Named male entry in 1712 transcription; preserve source row; do not deduplicate by a shortened name key.,Stellenbosch-Drakenstein Earlier Opgaafrolle - Hague & Cape Archives - including Full Indexes June 2022.xlsx,1712,"NL-HaNA VOC 1.04.02, inv.4068, pp.220-243"
157,Joost Fris,Jacomina Schalk,302,5981,joost fris,high,6,326,Drakenstein,11,include,"",Named male entry in 1712 transcription; preserve source row; do not deduplicate by a shortened name key.,Stellenbosch-Drakenstein Earlier Opgaafrolle - Hague & Cape Archives - including Full Indexes June 2022.xlsx,1712,"NL-HaNA VOC 1.04.02, inv.4068, pp.220-243"
158,Dirk Bronsgeen ?,"",303,5982,dirk ?,middle,3,327,Drakenstein,11,include,"",Named male entry in 1712 transcription; preserve source row; do not deduplicate by a shortened name key.,Stellenbosch-Drakenstein Earlier Opgaafrolle - Hague & Cape Archives - including Full Indexes June 2022.xlsx,1712,"NL-HaNA VOC 1.04.02, inv.4068, pp.220-243"
159,Dirk Brouwer,"",304,5983,dirk brouwer,low,0,328,Drakenstein,11,include,"",Named male entry in 1712 transcription; preserve source row; do not deduplicate by a shortened name key.,Stellenbosch-Drakenstein Earlier Opgaafrolle - Hague & Cape Archives - including Full Indexes June 2022.xlsx,1712,"NL-HaNA VOC 1.04.02, inv.4068, pp.220-243"
160,Jan Cautas ?,"",305,5984,jan ?,low,0,329,Drakenstein,11,include,"",Named male entry in 1712 transcription; preserve source row; do not deduplicate by a shortened name key.,Stellenbosch-Drakenstein Earlier Opgaafrolle - Hague & Cape Archives - including Full Indexes June 2022.xlsx,1712,"NL-HaNA VOC 1.04.02, inv.4068, pp.220-243"
161,Hercules des Pree,Cornelia Viljon,306,5985,hercules pree,middle,4,330,Drakenstein,11,include,"",Named male entry in 1712 transcription; preserve source row; do not deduplicate by a shortened name key.,Stellenbosch-Drakenstein Earlier Opgaafrolle - Hague & Cape Archives - including Full Indexes June 2022.xlsx,1712,"NL-HaNA VOC 1.04.02, inv.4068, pp.220-243"
162,Daniel Hugo,Anna Russau,307,5986,daniel hugo,high,5,331,Drakenstein,11,include,"",Named male entry in 1712 transcription; preserve source row; do not deduplicate by a shortened name key.,Stellenbosch-Drakenstein Earlier Opgaafrolle - Hague & Cape Archives - including Full Indexes June 2022.xlsx,1712,"NL-HaNA VOC 1.04.02, inv.4068, pp.220-243"
163,Jacob Coetzee,"",308,5987,jacob coetzee,low,0,332,Drakenstein,11,include,"",Named male entry in 1712 transcription; preserve source row; do not deduplicate by a shortened name key.,Stellenbosch-Drakenstein Earlier Opgaafrolle - Hague & Cape Archives - including Full Indexes June 2022.xlsx,1712,"NL-HaNA VOC 1.04.02, inv.4068, pp.220-243"
164,Dirk van Schalkwyk,Marietie Olivier,309,5988,dirk van schalkwyk,high,9,333,Drakenstein,11,include,"",Named male entry in 1712 transcription; preserve source row; do not deduplicate by a shortened name key.,Stellenbosch-Drakenstein Earlier Opgaafrolle - Hague & Cape Archives - including Full Indexes June 2022.xlsx,1712,"NL-HaNA VOC 1.04.02, inv.4068, pp.220-243"
165,Ary van Wyk,Angenieite Claassse,310,5989,ary van wyk,low,0,334,Drakenstein,11,include,ary van wyk,"Retain separate entries: different wives (Cornelia Helms versus Angenieite Claassse), different districts, 10 versus 0 recorded adult enslaved people. Same shortened key is not sufficient evidence to merge.",Stellenbosch-Drakenstein Earlier Opgaafrolle - Hague & Cape Archives - including Full Indexes June 2022.xlsx,1712,"NL-HaNA VOC 1.04.02, inv.4068, pp.220-243"
166,Jan Gerritse van Deventer,Magdalena Brits,311,5990,jan van deventer,low,0,335,Drakenstein,11,include,"",Named male entry in 1712 transcription; preserve source row; do not deduplicate by a shortened name key.,Stellenbosch-Drakenstein Earlier Opgaafrolle - Hague & Cape Archives - including Full Indexes June 2022.xlsx,1712,"NL-HaNA VOC 1.04.02, inv.4068, pp.220-243"
167,Gerrit Jansz van Deventer,Adriana Jacobsz,312,5991,gerrit van deventer,low,0,336,Drakenstein,11,include,"",Named male entry in 1712 transcription; preserve source row; do not deduplicate by a shortened name key.,Stellenbosch-Drakenstein Earlier Opgaafrolle - Hague & Cape Archives - including Full Indexes June 2022.xlsx,1712,"NL-HaNA VOC 1.04.02, inv.4068, pp.220-243"
168,Andries Krugel,Sacharia Jansz Visser,313,5992,andries krugel,high,7,337,Drakenstein,11,include,"",Named male entry in 1712 transcription; preserve source row; do not deduplicate by a shortened name key.,Stellenbosch-Drakenstein Earlier Opgaafrolle - Hague & Cape Archives - including Full Indexes June 2022.xlsx,1712,"NL-HaNA VOC 1.04.02, inv.4068, pp.220-243"
169,Pieter Viljon,"",314,5993,pieter viljon,low,0,338,Drakenstein,11,include,"",Named male entry in 1712 transcription; preserve source row; do not deduplicate by a shortened name key.,Stellenbosch-Drakenstein Earlier Opgaafrolle - Hague & Cape Archives - including Full Indexes June 2022.xlsx,1712,"NL-HaNA VOC 1.04.02, inv.4068, pp.220-243"
170,Nicolaas Gockelius,Maria Magdalena Oostenraad,315,5994,nicolaas gockelius,high,9,339,Drakenstein,11,include,"",Named male entry in 1712 transcription; preserve source row; do not deduplicate by a shortened name key.,Stellenbosch-Drakenstein Earlier Opgaafrolle - Hague & Cape Archives - including Full Indexes June 2022.xlsx,1712,"NL-HaNA VOC 1.04.02, inv.4068, pp.220-243"
171,Nicolaas Prinsloo,Pieternella van Staaden,316,5995,nicolaas prinsloo,middle,1,340,Drakenstein,11,include,"",Named male entry in 1712 transcription; preserve source row; do not deduplicate by a shortened name key.,Stellenbosch-Drakenstein Earlier Opgaafrolle - Hague & Cape Archives - including Full Indexes June 2022.xlsx,1712,"NL-HaNA VOC 1.04.02, inv.4068, pp.220-243"
172,Cornelis Courtze,Dirkje Helmsse,317,5996,cornelis courtze,low,0,341,Drakenstein,11,include,"",Named male entry in 1712 transcription; preserve source row; do not deduplicate by a shortened name key.,Stellenbosch-Drakenstein Earlier Opgaafrolle - Hague & Cape Archives - including Full Indexes June 2022.xlsx,1712,"NL-HaNA VOC 1.04.02, inv.4068, pp.220-243"
173,Claas Jansz van Rensburg,Alida Willemse,318,5997,claas van rensburg,middle,2,342,Drakenstein,11,include,"",Named male entry in 1712 transcription; preserve source row; do not deduplicate by a shortened name key.,Stellenbosch-Drakenstein Earlier Opgaafrolle - Hague & Cape Archives - including Full Indexes June 2022.xlsx,1712,"NL-HaNA VOC 1.04.02, inv.4068, pp.220-243"
174,Booy Booysz,Hermina van Es,319,5998,booy booysz,middle,2,343,Drakenstein,11,include,"",Named male entry in 1712 transcription; preserve source row; do not deduplicate by a shortened name key.,Stellenbosch-Drakenstein Earlier Opgaafrolle - Hague & Cape Archives - including Full Indexes June 2022.xlsx,1712,"NL-HaNA VOC 1.04.02, inv.4068, pp.220-243"
175,Dirk Booysz,"",320,5999,dirk booysz,low,0,344,Drakenstein,11,include,"",Named male entry in 1712 transcription; preserve source row; do not deduplicate by a shortened name key.,Stellenbosch-Drakenstein Earlier Opgaafrolle - Hague & Cape Archives - including Full Indexes June 2022.xlsx,1712,"NL-HaNA VOC 1.04.02, inv.4068, pp.220-243"
176,Frans Badenhorst & Casper Badenhorst,"",321,6000,francois badenhorst,high,5,345,Drakenstein,11,exclude_joint,"",Raw male-name field explicitly names Frans Badenhorst & Casper Badenhorst and male count is 2; joint asset entry cannot supply a single named-male mortality denominator.,Stellenbosch-Drakenstein Earlier Opgaafrolle - Hague & Cape Archives - including Full Indexes June 2022.xlsx,1712,"NL-HaNA VOC 1.04.02, inv.4068, pp.220-243"
177,Hendrik Roodenburg,"",322,6001,hendrik roodenburg,middle,1,346,Drakenstein,11,include,"",Named male entry in 1712 transcription; preserve source row; do not deduplicate by a shortened name key.,Stellenbosch-Drakenstein Earlier Opgaafrolle - Hague & Cape Archives - including Full Indexes June 2022.xlsx,1712,"NL-HaNA VOC 1.04.02, inv.4068, pp.220-243"
178,Pieter Jansz van Nimwegen,"",323,6002,pieter van nimwegen,low,0,347,Drakenstein,11,include,"",Named male entry in 1712 transcription; preserve source row; do not deduplicate by a shortened name key.,Stellenbosch-Drakenstein Earlier Opgaafrolle - Hague & Cape Archives - including Full Indexes June 2022.xlsx,1712,"NL-HaNA VOC 1.04.02, inv.4068, pp.220-243"
179,Cornelis Jansz,"",324,6003,cornelis jansen,low,0,348,Drakenstein,11,include,"",Named male entry in 1712 transcription; preserve source row; do not deduplicate by a shortened name key.,Stellenbosch-Drakenstein Earlier Opgaafrolle - Hague & Cape Archives - including Full Indexes June 2022.xlsx,1712,"NL-HaNA VOC 1.04.02, inv.4068, pp.220-243"
180,Guddert Jansz van Keulen,Anna Maria Pieterse de Leeuw,325,6004,guddert van keulen,low,0,349,Drakenstein,11,include,"",Named male entry in 1712 transcription; preserve source row; do not deduplicate by a shortened name key.,Stellenbosch-Drakenstein Earlier Opgaafrolle - Hague & Cape Archives - including Full Indexes June 2022.xlsx,1712,"NL-HaNA VOC 1.04.02, inv.4068, pp.220-243"
181,Anthony Bastiaansz,"",326,6005,anthony bastiaansz,low,0,350,Drakenstein,11,include,"",Named male entry in 1712 transcription; preserve source row; do not deduplicate by a shortened name key.,Stellenbosch-Drakenstein Earlier Opgaafrolle - Hague & Cape Archives - including Full Indexes June 2022.xlsx,1712,"NL-HaNA VOC 1.04.02, inv.4068, pp.220-243"
182,Jan Bastiaansz,"",327,6006,jan bastiaansz,low,0,351,Drakenstein,11,include,"",Named male entry in 1712 transcription; preserve source row; do not deduplicate by a shortened name key.,Stellenbosch-Drakenstein Earlier Opgaafrolle - Hague & Cape Archives - including Full Indexes June 2022.xlsx,1712,"NL-HaNA VOC 1.04.02, inv.4068, pp.220-243"
183,Pieter van Baarle ?,"",328,6007,pieter van baarle ?,low,0,352,Drakenstein,11,include,"",Named male entry in 1712 transcription; preserve source row; do not deduplicate by a shortened name key.,Stellenbosch-Drakenstein Earlier Opgaafrolle - Hague & Cape Archives - including Full Indexes June 2022.xlsx,1712,"NL-HaNA VOC 1.04.02, inv.4068, pp.220-243"
184,Claas Mallebaar,"",329,6008,claas mallebaar,low,0,353,Drakenstein,11,include,"",Named male entry in 1712 transcription; preserve source row; do not deduplicate by a shortened name key.,Stellenbosch-Drakenstein Earlier Opgaafrolle - Hague & Cape Archives - including Full Indexes June 2022.xlsx,1712,"NL-HaNA VOC 1.04.02, inv.4068, pp.220-243"
185,Cornelis Ockers,Anna Catharina van der Wey,330,6009,cornelis ockers,low,0,354,Drakenstein,11,include,"",Named male entry in 1712 transcription; preserve source row; do not deduplicate by a shortened name key.,Stellenbosch-Drakenstein Earlier Opgaafrolle - Hague & Cape Archives - including Full Indexes June 2022.xlsx,1712,"NL-HaNA VOC 1.04.02, inv.4068, pp.220-243"
186,Jan Cornelis van der Wey,"",331,6010,jan van der wey,low,0,355,Drakenstein,11,include,"",Named male entry in 1712 transcription; preserve source row; do not deduplicate by a shortened name key.,Stellenbosch-Drakenstein Earlier Opgaafrolle - Hague & Cape Archives - including Full Indexes June 2022.xlsx,1712,"NL-HaNA VOC 1.04.02, inv.4068, pp.220-243"
187,Francois des Pree,Maria Cordier,332,6011,francois pree,low,0,356,Drakenstein,11,include,"",Named male entry in 1712 transcription; preserve source row; do not deduplicate by a shortened name key.,Stellenbosch-Drakenstein Earlier Opgaafrolle - Hague & Cape Archives - including Full Indexes June 2022.xlsx,1712,"NL-HaNA VOC 1.04.02, inv.4068, pp.220-243"
189,Matthys Strydom,Elisabeth Mortier,333,6013,matthys strydom,middle,4,359,Drakenstein,12,include,"",Named male entry in 1712 transcription; preserve source row; do not deduplicate by a shortened name key.,Stellenbosch-Drakenstein Earlier Opgaafrolle - Hague & Cape Archives - including Full Indexes June 2022.xlsx,1712,"NL-HaNA VOC 1.04.02, inv.4068, pp.220-243"
190,Anthony Mortier,"",334,6014,anthony mortier,low,0,360,Drakenstein,12,include,"",Named male entry in 1712 transcription; preserve source row; do not deduplicate by a shortened name key.,Stellenbosch-Drakenstein Earlier Opgaafrolle - Hague & Cape Archives - including Full Indexes June 2022.xlsx,1712,"NL-HaNA VOC 1.04.02, inv.4068, pp.220-243"
191,Albert Myburg,Elsje Schalk,335,6015,albert myburg,middle,4,361,Drakenstein,12,include,"",Named male entry in 1712 transcription; preserve source row; do not deduplicate by a shortened name key.,Stellenbosch-Drakenstein Earlier Opgaafrolle - Hague & Cape Archives - including Full Indexes June 2022.xlsx,1712,"NL-HaNA VOC 1.04.02, inv.4068, pp.220-243"
192,Lucas Meyer,"",336,6016,lucas meyer,middle,4,362,Drakenstein,12,include,"",Named male entry in 1712 transcription; preserve source row; do not deduplicate by a shortened name key.,Stellenbosch-Drakenstein Earlier Opgaafrolle - Hague & Cape Archives - including Full Indexes June 2022.xlsx,1712,"NL-HaNA VOC 1.04.02, inv.4068, pp.220-243"
193,Abraham Vivier,Jcomina Dupree,337,6017,abraham vivier,low,0,363,Drakenstein,12,include,"",Named male entry in 1712 transcription; preserve source row; do not deduplicate by a shortened name key.,Stellenbosch-Drakenstein Earlier Opgaafrolle - Hague & Cape Archives - including Full Indexes June 2022.xlsx,1712,"NL-HaNA VOC 1.04.02, inv.4068, pp.220-243"
194,Jacobus Steyn,Maria Harmensse,338,6018,jacobus steyn,middle,2,364,Drakenstein,12,include,"",Named male entry in 1712 transcription; preserve source row; do not deduplicate by a shortened name key.,Stellenbosch-Drakenstein Earlier Opgaafrolle - Hague & Cape Archives - including Full Indexes June 2022.xlsx,1712,"NL-HaNA VOC 1.04.02, inv.4068, pp.220-243"
195,Gysbert Verschuur,Anna Sibina Venter,339,6019,gysbert verschuur,middle,2,365,Drakenstein,12,include,"",Named male entry in 1712 transcription; preserve source row; do not deduplicate by a shortened name key.,Stellenbosch-Drakenstein Earlier Opgaafrolle - Hague & Cape Archives - including Full Indexes June 2022.xlsx,1712,"NL-HaNA VOC 1.04.02, inv.4068, pp.220-243"
196,Hendrik Meynike van den Berg,Christina Bastiaansz,340,6020,hendrik van den berg,low,0,366,Drakenstein,12,include,"",Named male entry in 1712 transcription; preserve source row; do not deduplicate by a shortened name key.,Stellenbosch-Drakenstein Earlier Opgaafrolle - Hague & Cape Archives - including Full Indexes June 2022.xlsx,1712,"NL-HaNA VOC 1.04.02, inv.4068, pp.220-243"
197,Dirk Olivier,"",341,6021,dirk olivier,low,0,367,Drakenstein,12,include,"",Named male entry in 1712 transcription; preserve source row; do not deduplicate by a shortened name key.,Stellenbosch-Drakenstein Earlier Opgaafrolle - Hague & Cape Archives - including Full Indexes June 2022.xlsx,1712,"NL-HaNA VOC 1.04.02, inv.4068, pp.220-243"
198,Matthys Ekkers,"",342,6022,matthys ekkers,low,0,368,Drakenstein,12,include,"",Named male entry in 1712 transcription; preserve source row; do not deduplicate by a shortened name key.,Stellenbosch-Drakenstein Earlier Opgaafrolle - Hague & Cape Archives - including Full Indexes June 2022.xlsx,1712,"NL-HaNA VOC 1.04.02, inv.4068, pp.220-243"
199,Steven Niel,Maria Magdalen Mare,343,6023,steven niel,high,9,369,Drakenstein,12,include,"",Named male entry in 1712 transcription; preserve source row; do not deduplicate by a shortened name key.,Stellenbosch-Drakenstein Earlier Opgaafrolle - Hague & Cape Archives - including Full Indexes June 2022.xlsx,1712,"NL-HaNA VOC 1.04.02, inv.4068, pp.220-243"
200,Pieter Boeyens,"",344,6024,pieter boeyens,low,0,370,Drakenstein,12,include,"",Named male entry in 1712 transcription; preserve source row; do not deduplicate by a shortened name key.,Stellenbosch-Drakenstein Earlier Opgaafrolle - Hague & Cape Archives - including Full Indexes June 2022.xlsx,1712,"NL-HaNA VOC 1.04.02, inv.4068, pp.220-243"
201,Maurits Woutersz,Geertruyd van de Caab,345,6025,maurits woutersz,low,0,371,Drakenstein,12,include,"",Named male entry in 1712 transcription; preserve source row; do not deduplicate by a shortened name key.,Stellenbosch-Drakenstein Earlier Opgaafrolle - Hague & Cape Archives - including Full Indexes June 2022.xlsx,1712,"NL-HaNA VOC 1.04.02, inv.4068, pp.220-243"
202,Jan van den Bosch,"",346,6026,jan van den bosch,low,0,372,Drakenstein,12,include,"",Named male entry in 1712 transcription; preserve source row; do not deduplicate by a shortened name key.,Stellenbosch-Drakenstein Earlier Opgaafrolle - Hague & Cape Archives - including Full Indexes June 2022.xlsx,1712,"NL-HaNA VOC 1.04.02, inv.4068, pp.220-243"
203,Jacob Muntersz,"",347,6027,jacob muntersz,low,0,373,Drakenstein,12,include,"",Named male entry in 1712 transcription; preserve source row; do not deduplicate by a shortened name key.,Stellenbosch-Drakenstein Earlier Opgaafrolle - Hague & Cape Archives - including Full Indexes June 2022.xlsx,1712,"NL-HaNA VOC 1.04.02, inv.4068, pp.220-243"
204,Jan van Elve ?,"",348,6028,jan van elve ?,low,0,374,Drakenstein,12,include,"",Named male entry in 1712 transcription; preserve source row; do not deduplicate by a shortened name key.,Stellenbosch-Drakenstein Earlier Opgaafrolle - Hague & Cape Archives - including Full Indexes June 2022.xlsx,1712,"NL-HaNA VOC 1.04.02, inv.4068, pp.220-243"
205,Dirk Bakhuysen,"",349,6029,dirk bakhuysen,low,0,375,Drakenstein,12,exclude_identity_unresolved,dirk bakhuysen,Same complete name Dirk Bakhuysen in Drakenstein folios 7 and 12; wives blank; identical recorded demographic and asset cells. Source does not establish whether two people or duplicate enumeration.,Stellenbosch-Drakenstein Earlier Opgaafrolle - Hague & Cape Archives - including Full Indexes June 2022.xlsx,1712,"NL-HaNA VOC 1.04.02, inv.4068, pp.220-243"
206,Steven Gousch,"",350,6030,steven gousch,low,0,376,Drakenstein,12,include,"",Named male entry in 1712 transcription; preserve source row; do not deduplicate by a shortened name key.,Stellenbosch-Drakenstein Earlier Opgaafrolle - Hague & Cape Archives - including Full Indexes June 2022.xlsx,1712,"NL-HaNA VOC 1.04.02, inv.4068, pp.220-243"
207,Jan Olivier,"",351,6031,jan olivier,low,0,377,Drakenstein,12,include,"",Named male entry in 1712 transcription; preserve source row; do not deduplicate by a shortened name key.,Stellenbosch-Drakenstein Earlier Opgaafrolle - Hague & Cape Archives - including Full Indexes June 2022.xlsx,1712,"NL-HaNA VOC 1.04.02, inv.4068, pp.220-243"
208,Claas Remmers,"",352,6032,claas remmers,low,0,378,Drakenstein,12,include,"",Named male entry in 1712 transcription; preserve source row; do not deduplicate by a shortened name key.,Stellenbosch-Drakenstein Earlier Opgaafrolle - Hague & Cape Archives - including Full Indexes June 2022.xlsx,1712,"NL-HaNA VOC 1.04.02, inv.4068, pp.220-243"
209,Job Schuurbeck,"",353,6033,job schuurbeck,low,0,379,Drakenstein,12,include,"",Named male entry in 1712 transcription; preserve source row; do not deduplicate by a shortened name key.,Stellenbosch-Drakenstein Earlier Opgaafrolle - Hague & Cape Archives - including Full Indexes June 2022.xlsx,1712,"NL-HaNA VOC 1.04.02, inv.4068, pp.220-243"
210,Engel Olivier,"",354,6034,engel olivier,low,0,380,Drakenstein,12,include,"",Named male entry in 1712 transcription; preserve source row; do not deduplicate by a shortened name key.,Stellenbosch-Drakenstein Earlier Opgaafrolle - Hague & Cape Archives - including Full Indexes June 2022.xlsx,1712,"NL-HaNA VOC 1.04.02, inv.4068, pp.220-243"
