hex_id,vertex_order,x,y,world_n_raw,za_n_raw,world_mass,za_mass,raw_lq,smoothed_lq,display_log2_lq,low_support,support_k,eb_prior_shape
0,0,-4.14002743,-1.9737912,147,3,1593.2483333333332,3,0.05685070311884512,0.20710597851865553,-2,FALSE,30,10
0,1,-4.14002743,-1.6949567,147,3,1593.2483333333332,3,0.05685070311884512,0.20710597851865553,-2,FALSE,30,10
0,2,-4.34797281,-1.55553946,147,3,1593.2483333333332,3,0.05685070311884512,0.20710597851865553,-2,FALSE,30,10
0,3,-4.55591819,-1.6949567,147,3,1593.2483333333332,3,0.05685070311884512,0.20710597851865553,-2,FALSE,30,10
0,4,-4.55591819,-1.9737912,147,3,1593.2483333333332,3,0.05685070311884512,0.20710597851865553,-2,FALSE,30,10
0,5,-4.34797281,-2.11320844,147,3,1593.2483333333332,3,0.05685070311884512,0.20710597851865553,-2,FALSE,30,10
0,6,-4.14002743,-1.9737912,147,3,1593.2483333333332,3,0.05685070311884512,0.20710597851865553,-2,FALSE,30,10
1,0,-4.14002743,-1.13728769,1,0,1,0,0,0.9966988451501398,0,TRUE,30,10
1,1,-4.14002743,-0.858453199,1,0,1,0,0,0.9966988451501398,0,TRUE,30,10
1,2,-4.34797281,-0.719035953,1,0,1,0,0,0.9966988451501398,0,TRUE,30,10
1,3,-4.55591819,-0.858453199,1,0,1,0,0,0.9966988451501398,0,TRUE,30,10
1,4,-4.55591819,-1.13728769,1,0,1,0,0,0.9966988451501398,0,TRUE,30,10
1,5,-4.34797281,-1.27670494,1,0,1,0,0,0.9966988451501398,0,TRUE,30,10
1,6,-4.14002743,-1.13728769,1,0,1,0,0,0.9966988451501398,0,TRUE,30,10
2,0,-4.14002743,1.37222283,8,1,4.632820512820513,0.02564102564102564,0.16710443508399403,0.9874129306279504,0,TRUE,30,10
2,1,-4.14002743,1.65105732,8,1,4.632820512820513,0.02564102564102564,0.16710443508399403,0.9874129306279504,0,TRUE,30,10
2,2,-4.34797281,1.79047456,8,1,4.632820512820513,0.02564102564102564,0.16710443508399403,0.9874129306279504,0,TRUE,30,10
2,3,-4.55591819,1.65105732,8,1,4.632820512820513,0.02564102564102564,0.16710443508399403,0.9874129306279504,0,TRUE,30,10
2,4,-4.55591819,1.37222283,8,1,4.632820512820513,0.02564102564102564,0.16710443508399403,0.9874129306279504,0,TRUE,30,10
2,5,-4.34797281,1.23280558,8,1,4.632820512820513,0.02564102564102564,0.16710443508399403,0.9874129306279504,0,TRUE,30,10
2,6,-4.14002743,1.37222283,8,1,4.632820512820513,0.02564102564102564,0.16710443508399403,0.9874129306279504,0,TRUE,30,10
3,0,-4.14002743,2.20872633,1,0,1.840666666666667,0,0,0.9939404904805031,0,TRUE,30,10
3,1,-4.14002743,2.48756082,1,0,1.840666666666667,0,0,0.9939404904805031,0,TRUE,30,10
3,2,-4.34797281,2.62697807,1,0,1.840666666666667,0,0,0.9939404904805031,0,TRUE,30,10
3,3,-4.55591819,2.48756082,1,0,1.840666666666667,0,0,0.9939404904805031,0,TRUE,30,10
3,4,-4.55591819,2.20872633,1,0,1.840666666666667,0,0,0.9939404904805031,0,TRUE,30,10
3,5,-4.34797281,2.06930909,1,0,1.840666666666667,0,0,0.9939404904805031,0,TRUE,30,10
3,6,-4.14002743,2.20872633,1,0,1.840666666666667,0,0,0.9939404904805031,0,TRUE,30,10
4,0,-4.14002743,6.39124386,54,6,17.30381436210848,0.6807533539731682,1.1878073297334732,1.010180128539595,0.01461256761096409,FALSE,30,10
4,1,-4.14002743,6.67007835,54,6,17.30381436210848,0.6807533539731682,1.1878073297334732,1.010180128539595,0.01461256761096409,FALSE,30,10
4,2,-4.34797281,6.8094956,54,6,17.30381436210848,0.6807533539731682,1.1878073297334732,1.010180128539595,0.01461256761096409,FALSE,30,10
4,3,-4.55591819,6.67007835,54,6,17.30381436210848,0.6807533539731682,1.1878073297334732,1.010180128539595,0.01461256761096409,FALSE,30,10
4,4,-4.55591819,6.39124386,54,6,17.30381436210848,0.6807533539731682,1.1878073297334732,1.010180128539595,0.01461256761096409,FALSE,30,10
4,5,-4.34797281,6.25182661,54,6,17.30381436210848,0.6807533539731682,1.1878073297334732,1.010180128539595,0.01461256761096409,FALSE,30,10
4,6,-4.14002743,6.39124386,54,6,17.30381436210848,0.6807533539731682,1.1878073297334732,1.010180128539595,0.01461256761096409,FALSE,30,10
6,0,-3.72413668,-1.9737912,330,90,1665.3350994949494,77.88452380952381,1.4120419258616006,1.3488039676468515,0.43168068523606234,FALSE,30,10
6,1,-3.72413668,-1.6949567,330,90,1665.3350994949494,77.88452380952381,1.4120419258616006,1.3488039676468515,0.43168068523606234,FALSE,30,10
6,2,-3.93208206,-1.55553946,330,90,1665.3350994949494,77.88452380952381,1.4120419258616006,1.3488039676468515,0.43168068523606234,FALSE,30,10
6,3,-4.14002743,-1.6949567,330,90,1665.3350994949494,77.88452380952381,1.4120419258616006,1.3488039676468515,0.43168068523606234,FALSE,30,10
6,4,-4.14002743,-1.9737912,330,90,1665.3350994949494,77.88452380952381,1.4120419258616006,1.3488039676468515,0.43168068523606234,FALSE,30,10
6,5,-3.93208206,-2.11320844,330,90,1665.3350994949494,77.88452380952381,1.4120419258616006,1.3488039676468515,0.43168068523606234,FALSE,30,10
6,6,-3.72413668,-1.9737912,330,90,1665.3350994949494,77.88452380952381,1.4120419258616006,1.3488039676468515,0.43168068523606234,FALSE,30,10
7,0,-3.72413668,-1.13728769,42,0,318.3458888888889,0,0,0.48676254634640065,-1.0387099298740785,FALSE,30,10
7,1,-3.72413668,-0.858453199,42,0,318.3458888888889,0,0,0.48676254634640065,-1.0387099298740785,FALSE,30,10
7,2,-3.93208206,-0.719035953,42,0,318.3458888888889,0,0,0.48676254634640065,-1.0387099298740785,FALSE,30,10
7,3,-4.14002743,-0.858453199,42,0,318.3458888888889,0,0,0.48676254634640065,-1.0387099298740785,FALSE,30,10
7,4,-4.14002743,-1.13728769,42,0,318.3458888888889,0,0,0.48676254634640065,-1.0387099298740785,FALSE,30,10
7,5,-3.93208206,-1.27670494,42,0,318.3458888888889,0,0,0.48676254634640065,-1.0387099298740785,FALSE,30,10
7,6,-3.72413668,-1.13728769,42,0,318.3458888888889,0,0,0.48676254634640065,-1.0387099298740785,FALSE,30,10
8,0,-3.72413668,0.53571932,316,36,741.2758682539683,26.033333333333335,1.060346910749717,1.0428812324907872,0.06057486729877606,FALSE,30,10
8,1,-3.72413668,0.814553812,316,36,741.2758682539683,26.033333333333335,1.060346910749717,1.0428812324907872,0.06057486729877606,FALSE,30,10
8,2,-3.93208206,0.953971058,316,36,741.2758682539683,26.033333333333335,1.060346910749717,1.0428812324907872,0.06057486729877606,FALSE,30,10
8,3,-4.14002743,0.814553812,316,36,741.2758682539683,26.033333333333335,1.060346910749717,1.0428812324907872,0.06057486729877606,FALSE,30,10
8,4,-4.14002743,0.53571932,316,36,741.2758682539683,26.033333333333335,1.060346910749717,1.0428812324907872,0.06057486729877606,FALSE,30,10
8,5,-3.93208206,0.396302074,316,36,741.2758682539683,26.033333333333335,1.060346910749717,1.0428812324907872,0.06057486729877606,FALSE,30,10
8,6,-3.72413668,0.53571932,316,36,741.2758682539683,26.033333333333335,1.060346910749717,1.0428812324907872,0.06057486729877606,FALSE,30,10
9,0,-3.72413668,1.37222283,4,0,27.796666666666667,0,0,0.9156963916741784,0,TRUE,30,10
9,1,-3.72413668,1.65105732,4,0,27.796666666666667,0,0,0.9156963916741784,0,TRUE,30,10
9,2,-3.93208206,1.79047456,4,0,27.796666666666667,0,0,0.9156963916741784,0,TRUE,30,10
9,3,-4.14002743,1.65105732,4,0,27.796666666666667,0,0,0.9156963916741784,0,TRUE,30,10
9,4,-4.14002743,1.37222283,4,0,27.796666666666667,0,0,0.9156963916741784,0,TRUE,30,10
9,5,-3.93208206,1.23280558,4,0,27.796666666666667,0,0,0.9156963916741784,0,TRUE,30,10
9,6,-3.72413668,1.37222283,4,0,27.796666666666667,0,0,0.9156963916741784,0,TRUE,30,10
11,0,-3.72413668,5.55474035,2,0,0.7401666666666666,0,0,0.9975544975887676,0,TRUE,30,10
11,1,-3.72413668,5.83357485,2,0,0.7401666666666666,0,0,0.9975544975887676,0,TRUE,30,10
11,2,-3.93208206,5.97299209,2,0,0.7401666666666666,0,0,0.9975544975887676,0,TRUE,30,10
11,3,-4.14002743,5.83357485,2,0,0.7401666666666666,0,0,0.9975544975887676,0,TRUE,30,10
11,4,-4.14002743,5.55474035,2,0,0.7401666666666666,0,0,0.9975544975887676,0,TRUE,30,10
11,5,-3.93208206,5.41532311,2,0,0.7401666666666666,0,0,0.9975544975887676,0,TRUE,30,10
11,6,-3.72413668,5.55474035,2,0,0.7401666666666666,0,0,0.9975544975887676,0,TRUE,30,10
12,0,-3.72413668,6.39124386,9,2,9.736631578947367,0.26785714285714285,0.8306011982622185,0.9947077943023336,0,TRUE,30,10
12,1,-3.72413668,6.67007835,9,2,9.736631578947367,0.26785714285714285,0.8306011982622185,0.9947077943023336,0,TRUE,30,10
12,2,-3.93208206,6.8094956,9,2,9.736631578947367,0.26785714285714285,0.8306011982622185,0.9947077943023336,0,TRUE,30,10
12,3,-4.14002743,6.67007835,9,2,9.736631578947367,0.26785714285714285,0.8306011982622185,0.9947077943023336,0,TRUE,30,10
12,4,-4.14002743,6.39124386,9,2,9.736631578947367,0.26785714285714285,0.8306011982622185,0.9947077943023336,0,TRUE,30,10
12,5,-3.93208206,6.25182661,9,2,9.736631578947367,0.26785714285714285,0.8306011982622185,0.9947077943023336,0,TRUE,30,10
12,6,-3.72413668,6.39124386,9,2,9.736631578947367,0.26785714285714285,0.8306011982622185,0.9947077943023336,0,TRUE,30,10
13,0,-3.30824593,-2.8102947,33,0,149.98666666666665,0,0,0.6681057111903407,-0.5818517033496414,FALSE,30,10
13,1,-3.30824593,-2.53146021,33,0,149.98666666666665,0,0,0.6681057111903407,-0.5818517033496414,FALSE,30,10
13,2,-3.5161913,-2.39204296,33,0,149.98666666666665,0,0,0.6681057111903407,-0.5818517033496414,FALSE,30,10
13,3,-3.72413668,-2.53146021,33,0,149.98666666666665,0,0,0.6681057111903407,-0.5818517033496414,FALSE,30,10
13,4,-3.72413668,-2.8102947,33,0,149.98666666666665,0,0,0.6681057111903407,-0.5818517033496414,FALSE,30,10
13,5,-3.5161913,-2.94971195,33,0,149.98666666666665,0,0,0.6681057111903407,-0.5818517033496414,FALSE,30,10
13,6,-3.30824593,-2.8102947,33,0,149.98666666666665,0,0,0.6681057111903407,-0.5818517033496414,FALSE,30,10
14,0,-3.30824593,-1.9737912,450,24,1404.612461111111,20.25,0.4352778512790801,0.5351897548623081,-0.9018775961553968,FALSE,30,10
14,1,-3.30824593,-1.6949567,450,24,1404.612461111111,20.25,0.4352778512790801,0.5351897548623081,-0.9018775961553968,FALSE,30,10
14,2,-3.5161913,-1.55553946,450,24,1404.612461111111,20.25,0.4352778512790801,0.5351897548623081,-0.9018775961553968,FALSE,30,10
14,3,-3.72413668,-1.6949567,450,24,1404.612461111111,20.25,0.4352778512790801,0.5351897548623081,-0.9018775961553968,FALSE,30,10
14,4,-3.72413668,-1.9737912,450,24,1404.612461111111,20.25,0.4352778512790801,0.5351897548623081,-0.9018775961553968,FALSE,30,10
14,5,-3.5161913,-2.11320844,450,24,1404.612461111111,20.25,0.4352778512790801,0.5351897548623081,-0.9018775961553968,FALSE,30,10
14,6,-3.30824593,-1.9737912,450,24,1404.612461111111,20.25,0.4352778512790801,0.5351897548623081,-0.9018775961553968,FALSE,30,10
15,0,-3.30824593,-1.13728769,219,1,2070.4049555555557,1,0.01458286179713786,0.13999604936776278,-2,FALSE,30,10
15,1,-3.30824593,-0.858453199,219,1,2070.4049555555557,1,0.01458286179713786,0.13999604936776278,-2,FALSE,30,10
15,2,-3.5161913,-0.719035953,219,1,2070.4049555555557,1,0.01458286179713786,0.13999604936776278,-2,FALSE,30,10
15,3,-3.72413668,-0.858453199,219,1,2070.4049555555557,1,0.01458286179713786,0.13999604936776278,-2,FALSE,30,10
15,4,-3.72413668,-1.13728769,219,1,2070.4049555555557,1,0.01458286179713786,0.13999604936776278,-2,FALSE,30,10
15,5,-3.5161913,-1.27670494,219,1,2070.4049555555557,1,0.01458286179713786,0.13999604936776278,-2,FALSE,30,10
15,6,-3.30824593,-1.13728769,219,1,2070.4049555555557,1,0.01458286179713786,0.13999604936776278,-2,FALSE,30,10
16,0,-3.30824593,-0.300784186,6,1,47.809333333333335,0.5,0.3157587360659289,0.906462758580463,0,TRUE,30,10
16,1,-3.30824593,-0.0219496936,6,1,47.809333333333335,0.5,0.3157587360659289,0.906462758580463,0,TRUE,30,10
16,2,-3.5161913,0.117467552,6,1,47.809333333333335,0.5,0.3157587360659289,0.906462758580463,0,TRUE,30,10
16,3,-3.72413668,-0.0219496936,6,1,47.809333333333335,0.5,0.3157587360659289,0.906462758580463,0,TRUE,30,10
16,4,-3.72413668,-0.300784186,6,1,47.809333333333335,0.5,0.3157587360659289,0.906462758580463,0,TRUE,30,10
16,5,-3.5161913,-0.440201432,6,1,47.809333333333335,0.5,0.3157587360659289,0.906462758580463,0,TRUE,30,10
16,6,-3.30824593,-0.300784186,6,1,47.809333333333335,0.5,0.3157587360659289,0.906462758580463,0,TRUE,30,10
17,0,-3.30824593,0.53571932,590,53,1333.8933857142858,40.259523809523806,0.9112668527604174,0.9276444070056102,-0.10835621040008989,FALSE,30,10
17,1,-3.30824593,0.814553812,590,53,1333.8933857142858,40.259523809523806,0.9112668527604174,0.9276444070056102,-0.10835621040008989,FALSE,30,10
17,2,-3.5161913,0.953971058,590,53,1333.8933857142858,40.259523809523806,0.9112668527604174,0.9276444070056102,-0.10835621040008989,FALSE,30,10
17,3,-3.72413668,0.814553812,590,53,1333.8933857142858,40.259523809523806,0.9112668527604174,0.9276444070056102,-0.10835621040008989,FALSE,30,10
17,4,-3.72413668,0.53571932,590,53,1333.8933857142858,40.259523809523806,0.9112668527604174,0.9276444070056102,-0.10835621040008989,FALSE,30,10
17,5,-3.5161913,0.396302074,590,53,1333.8933857142858,40.259523809523806,0.9112668527604174,0.9276444070056102,-0.10835621040008989,FALSE,30,10
17,6,-3.30824593,0.53571932,590,53,1333.8933857142858,40.259523809523806,0.9112668527604174,0.9276444070056102,-0.10835621040008989,FALSE,30,10
18,0,-3.30824593,1.37222283,31,7,57.28876666666667,6.333333333333333,3.337804777833378,1.3728426590010503,0.45716628820436694,FALSE,30,10
18,1,-3.30824593,1.65105732,31,7,57.28876666666667,6.333333333333333,3.337804777833378,1.3728426590010503,0.45716628820436694,FALSE,30,10
18,2,-3.5161913,1.79047456,31,7,57.28876666666667,6.333333333333333,3.337804777833378,1.3728426590010503,0.45716628820436694,FALSE,30,10
18,3,-3.72413668,1.65105732,31,7,57.28876666666667,6.333333333333333,3.337804777833378,1.3728426590010503,0.45716628820436694,FALSE,30,10
18,4,-3.72413668,1.37222283,31,7,57.28876666666667,6.333333333333333,3.337804777833378,1.3728426590010503,0.45716628820436694,FALSE,30,10
18,5,-3.5161913,1.23280558,31,7,57.28876666666667,6.333333333333333,3.337804777833378,1.3728426590010503,0.45716628820436694,FALSE,30,10
18,6,-3.30824593,1.37222283,31,7,57.28876666666667,6.333333333333333,3.337804777833378,1.3728426590010503,0.45716628820436694,FALSE,30,10
19,0,-3.30824593,2.20872633,181,31,432.0241158730159,26.366666666666667,1.842660376534914,1.4960152506619293,0.5811248824061571,FALSE,30,10
19,1,-3.30824593,2.48756082,181,31,432.0241158730159,26.366666666666667,1.842660376534914,1.4960152506619293,0.5811248824061571,FALSE,30,10
19,2,-3.5161913,2.62697807,181,31,432.0241158730159,26.366666666666667,1.842660376534914,1.4960152506619293,0.5811248824061571,FALSE,30,10
19,3,-3.72413668,2.48756082,181,31,432.0241158730159,26.366666666666667,1.842660376534914,1.4960152506619293,0.5811248824061571,FALSE,30,10
19,4,-3.72413668,2.20872633,181,31,432.0241158730159,26.366666666666667,1.842660376534914,1.4960152506619293,0.5811248824061571,FALSE,30,10
19,5,-3.5161913,2.06930909,181,31,432.0241158730159,26.366666666666667,1.842660376534914,1.4960152506619293,0.5811248824061571,FALSE,30,10
19,6,-3.30824593,2.20872633,181,31,432.0241158730159,26.366666666666667,1.842660376534914,1.4960152506619293,0.5811248824061571,FALSE,30,10
20,0,-3.30824593,3.88173334,1,1,0.75,0.5,20.128286220650693,1.0473981933140453,0,TRUE,30,10
20,1,-3.30824593,4.16056783,1,1,0.75,0.5,20.128286220650693,1.0473981933140453,0,TRUE,30,10
20,2,-3.5161913,4.29998508,1,1,0.75,0.5,20.128286220650693,1.0473981933140453,0,TRUE,30,10
20,3,-3.72413668,4.16056783,1,1,0.75,0.5,20.128286220650693,1.0473981933140453,0,TRUE,30,10
20,4,-3.72413668,3.88173334,1,1,0.75,0.5,20.128286220650693,1.0473981933140453,0,TRUE,30,10
20,5,-3.5161913,3.7423161,1,1,0.75,0.5,20.128286220650693,1.0473981933140453,0,TRUE,30,10
20,6,-3.30824593,3.88173334,1,1,0.75,0.5,20.128286220650693,1.0473981933140453,0,TRUE,30,10
21,0,-3.30824593,4.71823685,311,67,647.2732533373896,35.286889483065956,1.6459770452960385,1.440502259162994,0.5265719231015266,FALSE,30,10
21,1,-3.30824593,4.99707134,311,67,647.2732533373896,35.286889483065956,1.6459770452960385,1.440502259162994,0.5265719231015266,FALSE,30,10
21,2,-3.5161913,5.13648859,311,67,647.2732533373896,35.286889483065956,1.6459770452960385,1.440502259162994,0.5265719231015266,FALSE,30,10
21,3,-3.72413668,4.99707134,311,67,647.2732533373896,35.286889483065956,1.6459770452960385,1.440502259162994,0.5265719231015266,FALSE,30,10
21,4,-3.72413668,4.71823685,311,67,647.2732533373896,35.286889483065956,1.6459770452960385,1.440502259162994,0.5265719231015266,FALSE,30,10
21,5,-3.5161913,4.5788196,311,67,647.2732533373896,35.286889483065956,1.6459770452960385,1.440502259162994,0.5265719231015266,FALSE,30,10
21,6,-3.30824593,4.71823685,311,67,647.2732533373896,35.286889483065956,1.6459770452960385,1.440502259162994,0.5265719231015266,FALSE,30,10
22,0,-3.30824593,5.55474035,254,19,382.6000070891928,12.6,0.9943141728212578,0.996822030251334,-0.00459214191154571,FALSE,30,10
22,1,-3.30824593,5.83357485,254,19,382.6000070891928,12.6,0.9943141728212578,0.996822030251334,-0.00459214191154571,FALSE,30,10
22,2,-3.5161913,5.97299209,254,19,382.6000070891928,12.6,0.9943141728212578,0.996822030251334,-0.00459214191154571,FALSE,30,10
22,3,-3.72413668,5.83357485,254,19,382.6000070891928,12.6,0.9943141728212578,0.996822030251334,-0.00459214191154571,FALSE,30,10
22,4,-3.72413668,5.55474035,254,19,382.6000070891928,12.6,0.9943141728212578,0.996822030251334,-0.00459214191154571,FALSE,30,10
22,5,-3.5161913,5.41532311,254,19,382.6000070891928,12.6,0.9943141728212578,0.996822030251334,-0.00459214191154571,FALSE,30,10
22,6,-3.30824593,5.55474035,254,19,382.6000070891928,12.6,0.9943141728212578,0.996822030251334,-0.00459214191154571,FALSE,30,10
23,0,-3.30824593,6.39124386,103,8,155.18028140629352,6.7,1.303575909802,1.1030595573026354,0.14151068821443208,FALSE,30,10
23,1,-3.30824593,6.67007835,103,8,155.18028140629352,6.7,1.303575909802,1.1030595573026354,0.14151068821443208,FALSE,30,10
23,2,-3.5161913,6.8094956,103,8,155.18028140629352,6.7,1.303575909802,1.1030595573026354,0.14151068821443208,FALSE,30,10
23,3,-3.72413668,6.67007835,103,8,155.18028140629352,6.7,1.303575909802,1.1030595573026354,0.14151068821443208,FALSE,30,10
23,4,-3.72413668,6.39124386,103,8,155.18028140629352,6.7,1.303575909802,1.1030595573026354,0.14151068821443208,FALSE,30,10
23,5,-3.5161913,6.25182661,103,8,155.18028140629352,6.7,1.303575909802,1.1030595573026354,0.14151068821443208,FALSE,30,10
23,6,-3.30824593,6.39124386,103,8,155.18028140629352,6.7,1.303575909802,1.1030595573026354,0.14151068821443208,FALSE,30,10
24,0,-3.30824593,9.73725788,59,0,59.21098253968254,0,0,0.8360420969665463,-0.2583525071795175,FALSE,30,10
24,1,-3.30824593,10.0160924,59,0,59.21098253968254,0,0,0.8360420969665463,-0.2583525071795175,FALSE,30,10
24,2,-3.5161913,10.1555096,59,0,59.21098253968254,0,0,0.8360420969665463,-0.2583525071795175,FALSE,30,10
24,3,-3.72413668,10.0160924,59,0,59.21098253968254,0,0,0.8360420969665463,-0.2583525071795175,FALSE,30,10
24,4,-3.72413668,9.73725788,59,0,59.21098253968254,0,0,0.8360420969665463,-0.2583525071795175,FALSE,30,10
24,5,-3.5161913,9.59784064,59,0,59.21098253968254,0,0,0.8360420969665463,-0.2583525071795175,FALSE,30,10
24,6,-3.30824593,9.73725788,59,0,59.21098253968254,0,0,0.8360420969665463,-0.2583525071795175,FALSE,30,10
25,0,-2.89235517,-2.8102947,1,1,0.6666666666666666,1,45.28864399646406,1.0975764863121142,0,TRUE,30,10
25,1,-2.89235517,-2.53146021,1,1,0.6666666666666666,1,45.28864399646406,1.0975764863121142,0,TRUE,30,10
25,2,-3.10030055,-2.39204296,1,1,0.6666666666666666,1,45.28864399646406,1.0975764863121142,0,TRUE,30,10
25,3,-3.30824593,-2.53146021,1,1,0.6666666666666666,1,45.28864399646406,1.0975764863121142,0,TRUE,30,10
25,4,-3.30824593,-2.8102947,1,1,0.6666666666666666,1,45.28864399646406,1.0975764863121142,0,TRUE,30,10
25,5,-3.10030055,-2.94971195,1,1,0.6666666666666666,1,45.28864399646406,1.0975764863121142,0,TRUE,30,10
25,6,-2.89235517,-2.8102947,1,1,0.6666666666666666,1,45.28864399646406,1.0975764863121142,0,TRUE,30,10
26,0,-2.89235517,-1.9737912,149,26,310.9640119047619,22.321428571428573,2.167254501835061,1.5922353872904735,0.6710536317193183,FALSE,30,10
26,1,-2.89235517,-1.6949567,149,26,310.9640119047619,22.321428571428573,2.167254501835061,1.5922353872904735,0.6710536317193183,FALSE,30,10
26,2,-3.10030055,-1.55553946,149,26,310.9640119047619,22.321428571428573,2.167254501835061,1.5922353872904735,0.6710536317193183,FALSE,30,10
26,3,-3.30824593,-1.6949567,149,26,310.9640119047619,22.321428571428573,2.167254501835061,1.5922353872904735,0.6710536317193183,FALSE,30,10
26,4,-3.30824593,-1.9737912,149,26,310.9640119047619,22.321428571428573,2.167254501835061,1.5922353872904735,0.6710536317193183,FALSE,30,10
26,5,-3.10030055,-2.11320844,149,26,310.9640119047619,22.321428571428573,2.167254501835061,1.5922353872904735,0.6710536317193183,FALSE,30,10
26,6,-2.89235517,-1.9737912,149,26,310.9640119047619,22.321428571428573,2.167254501835061,1.5922353872904735,0.6710536317193183,FALSE,30,10
27,0,-2.89235517,-1.13728769,180,0,1671.746111111111,0,0,0.15297604535867437,-2,FALSE,30,10
27,1,-2.89235517,-0.858453199,180,0,1671.746111111111,0,0,0.15297604535867437,-2,FALSE,30,10
27,2,-3.10030055,-0.719035953,180,0,1671.746111111111,0,0,0.15297604535867437,-2,FALSE,30,10
27,3,-3.30824593,-0.858453199,180,0,1671.746111111111,0,0,0.15297604535867437,-2,FALSE,30,10
27,4,-3.30824593,-1.13728769,180,0,1671.746111111111,0,0,0.15297604535867437,-2,FALSE,30,10
27,5,-3.10030055,-1.27670494,180,0,1671.746111111111,0,0,0.15297604535867437,-2,FALSE,30,10
27,6,-2.89235517,-1.13728769,180,0,1671.746111111111,0,0,0.15297604535867437,-2,FALSE,30,10
28,0,-2.89235517,-0.300784186,121,0,799.5335277777777,0,0,0.2741133500796714,-1.867155501766652,FALSE,30,10
28,1,-2.89235517,-0.0219496936,121,0,799.5335277777777,0,0,0.2741133500796714,-1.867155501766652,FALSE,30,10
28,2,-3.10030055,0.117467552,121,0,799.5335277777777,0,0,0.2741133500796714,-1.867155501766652,FALSE,30,10
28,3,-3.30824593,-0.0219496936,121,0,799.5335277777777,0,0,0.2741133500796714,-1.867155501766652,FALSE,30,10
28,4,-3.30824593,-0.300784186,121,0,799.5335277777777,0,0,0.2741133500796714,-1.867155501766652,FALSE,30,10
28,5,-3.10030055,-0.440201432,121,0,799.5335277777777,0,0,0.2741133500796714,-1.867155501766652,FALSE,30,10
28,6,-2.89235517,-0.300784186,121,0,799.5335277777777,0,0,0.2741133500796714,-1.867155501766652,FALSE,30,10
29,0,-2.89235517,0.53571932,199,9,404.56785,7.5,0.5597162997067618,0.7478745776517698,-0.41913175174203937,FALSE,30,10
29,1,-2.89235517,0.814553812,199,9,404.56785,7.5,0.5597162997067618,0.7478745776517698,-0.41913175174203937,FALSE,30,10
29,2,-3.10030055,0.953971058,199,9,404.56785,7.5,0.5597162997067618,0.7478745776517698,-0.41913175174203937,FALSE,30,10
29,3,-3.30824593,0.814553812,199,9,404.56785,7.5,0.5597162997067618,0.7478745776517698,-0.41913175174203937,FALSE,30,10
29,4,-3.30824593,0.53571932,199,9,404.56785,7.5,0.5597162997067618,0.7478745776517698,-0.41913175174203937,FALSE,30,10
29,5,-3.10030055,0.396302074,199,9,404.56785,7.5,0.5597162997067618,0.7478745776517698,-0.41913175174203937,FALSE,30,10
29,6,-2.89235517,0.53571932,199,9,404.56785,7.5,0.5597162997067618,0.7478745776517698,-0.41913175174203937,FALSE,30,10
30,0,-2.89235517,1.37222283,12,8,21.900969696969696,7.4,10.201556375841044,1.6223202151713056,0,TRUE,30,10
30,1,-2.89235517,1.65105732,12,8,21.900969696969696,7.4,10.201556375841044,1.6223202151713056,0,TRUE,30,10
30,2,-3.10030055,1.79047456,12,8,21.900969696969696,7.4,10.201556375841044,1.6223202151713056,0,TRUE,30,10
30,3,-3.30824593,1.65105732,12,8,21.900969696969696,7.4,10.201556375841044,1.6223202151713056,0,TRUE,30,10
30,4,-3.30824593,1.37222283,12,8,21.900969696969696,7.4,10.201556375841044,1.6223202151713056,0,TRUE,30,10
30,5,-3.10030055,1.23280558,12,8,21.900969696969696,7.4,10.201556375841044,1.6223202151713056,0,TRUE,30,10
30,6,-2.89235517,1.37222283,12,8,21.900969696969696,7.4,10.201556375841044,1.6223202151713056,0,TRUE,30,10
31,0,-2.89235517,2.20872633,639,159,1602.3423222222225,134.01666666666668,2.525233641644487,2.283405587930939,1.1911871397755225,FALSE,30,10
31,1,-2.89235517,2.48756082,639,159,1602.3423222222225,134.01666666666668,2.525233641644487,2.283405587930939,1.1911871397755225,FALSE,30,10
31,2,-3.10030055,2.62697807,639,159,1602.3423222222225,134.01666666666668,2.525233641644487,2.283405587930939,1.1911871397755225,FALSE,30,10
31,3,-3.30824593,2.48756082,639,159,1602.3423222222225,134.01666666666668,2.525233641644487,2.283405587930939,1.1911871397755225,FALSE,30,10
31,4,-3.30824593,2.20872633,639,159,1602.3423222222225,134.01666666666668,2.525233641644487,2.283405587930939,1.1911871397755225,FALSE,30,10
31,5,-3.10030055,2.06930909,639,159,1602.3423222222225,134.01666666666668,2.525233641644487,2.283405587930939,1.1911871397755225,FALSE,30,10
31,6,-2.89235517,2.20872633,639,159,1602.3423222222225,134.01666666666668,2.525233641644487,2.283405587930939,1.1911871397755225,FALSE,30,10
32,0,-2.89235517,3.04522984,105,5,200.5619925925926,4.2,0.6322643764698159,0.8532222839275148,-0.2290064493074588,FALSE,30,10
32,1,-2.89235517,3.32406433,105,5,200.5619925925926,4.2,0.6322643764698159,0.8532222839275148,-0.2290064493074588,FALSE,30,10
32,2,-3.10030055,3.46348158,105,5,200.5619925925926,4.2,0.6322643764698159,0.8532222839275148,-0.2290064493074588,FALSE,30,10
32,3,-3.30824593,3.32406433,105,5,200.5619925925926,4.2,0.6322643764698159,0.8532222839275148,-0.2290064493074588,FALSE,30,10
32,4,-3.30824593,3.04522984,105,5,200.5619925925926,4.2,0.6322643764698159,0.8532222839275148,-0.2290064493074588,FALSE,30,10
32,5,-3.10030055,2.90581259,105,5,200.5619925925926,4.2,0.6322643764698159,0.8532222839275148,-0.2290064493074588,FALSE,30,10
32,6,-2.89235517,3.04522984,105,5,200.5619925925926,4.2,0.6322643764698159,0.8532222839275148,-0.2290064493074588,FALSE,30,10
33,0,-2.89235517,3.88173334,26,2,55.57667222222222,2,1.0865144717644195,1.0134494362345987,0,TRUE,30,10
33,1,-2.89235517,4.16056783,26,2,55.57667222222222,2,1.0865144717644195,1.0134494362345987,0,TRUE,30,10
33,2,-3.10030055,4.29998508,26,2,55.57667222222222,2,1.0865144717644195,1.0134494362345987,0,TRUE,30,10
33,3,-3.30824593,4.16056783,26,2,55.57667222222222,2,1.0865144717644195,1.0134494362345987,0,TRUE,30,10
33,4,-3.30824593,3.88173334,26,2,55.57667222222222,2,1.0865144717644195,1.0134494362345987,0,TRUE,30,10
33,5,-3.10030055,3.7423161,26,2,55.57667222222222,2,1.0865144717644195,1.0134494362345987,0,TRUE,30,10
33,6,-2.89235517,3.88173334,26,2,55.57667222222222,2,1.0865144717644195,1.0134494362345987,0,TRUE,30,10
34,0,-2.89235517,4.71823685,374,110,627.6003901012032,81.74414981154112,3.932525386110244,2.979994839460078,1.575309832334484,FALSE,30,10
34,1,-2.89235517,4.99707134,374,110,627.6003901012032,81.74414981154112,3.932525386110244,2.979994839460078,1.575309832334484,FALSE,30,10
34,2,-3.10030055,5.13648859,374,110,627.6003901012032,81.74414981154112,3.932525386110244,2.979994839460078,1.575309832334484,FALSE,30,10
34,3,-3.30824593,4.99707134,374,110,627.6003901012032,81.74414981154112,3.932525386110244,2.979994839460078,1.575309832334484,FALSE,30,10
34,4,-3.30824593,4.71823685,374,110,627.6003901012032,81.74414981154112,3.932525386110244,2.979994839460078,1.575309832334484,FALSE,30,10
34,5,-3.10030055,4.5788196,374,110,627.6003901012032,81.74414981154112,3.932525386110244,2.979994839460078,1.575309832334484,FALSE,30,10
34,6,-2.89235517,4.71823685,374,110,627.6003901012032,81.74414981154112,3.932525386110244,2.979994839460078,1.575309832334484,FALSE,30,10
35,0,-2.89235517,5.55474035,333,33,363.6019245776246,21.326898978214768,1.7709226676855705,1.4211839566002216,0.5070933076405244,FALSE,30,10
35,1,-2.89235517,5.83357485,333,33,363.6019245776246,21.326898978214768,1.7709226676855705,1.4211839566002216,0.5070933076405244,FALSE,30,10
35,2,-3.10030055,5.97299209,333,33,363.6019245776246,21.326898978214768,1.7709226676855705,1.4211839566002216,0.5070933076405244,FALSE,30,10
35,3,-3.30824593,5.83357485,333,33,363.6019245776246,21.326898978214768,1.7709226676855705,1.4211839566002216,0.5070933076405244,FALSE,30,10
35,4,-3.30824593,5.55474035,333,33,363.6019245776246,21.326898978214768,1.7709226676855705,1.4211839566002216,0.5070933076405244,FALSE,30,10
35,5,-3.10030055,5.41532311,333,33,363.6019245776246,21.326898978214768,1.7709226676855705,1.4211839566002216,0.5070933076405244,FALSE,30,10
35,6,-2.89235517,5.55474035,333,33,363.6019245776246,21.326898978214768,1.7709226676855705,1.4211839566002216,0.5070933076405244,FALSE,30,10
36,0,-2.89235517,6.39124386,251,44,337.5589764875794,22.847879029891224,2.0435924416842246,1.5508728892887855,0.6330804468462342,FALSE,30,10
36,1,-2.89235517,6.67007835,251,44,337.5589764875794,22.847879029891224,2.0435924416842246,1.5508728892887855,0.6330804468462342,FALSE,30,10
36,2,-3.10030055,6.8094956,251,44,337.5589764875794,22.847879029891224,2.0435924416842246,1.5508728892887855,0.6330804468462342,FALSE,30,10
36,3,-3.30824593,6.67007835,251,44,337.5589764875794,22.847879029891224,2.0435924416842246,1.5508728892887855,0.6330804468462342,FALSE,30,10
36,4,-3.30824593,6.39124386,251,44,337.5589764875794,22.847879029891224,2.0435924416842246,1.5508728892887855,0.6330804468462342,FALSE,30,10
36,5,-3.10030055,6.25182661,251,44,337.5589764875794,22.847879029891224,2.0435924416842246,1.5508728892887855,0.6330804468462342,FALSE,30,10
36,6,-2.89235517,6.39124386,251,44,337.5589764875794,22.847879029891224,2.0435924416842246,1.5508728892887855,0.6330804468462342,FALSE,30,10
37,0,-2.89235517,7.22774737,79,3,191.35197667332667,3,0.47335433669211763,0.7957033516251374,-0.32969741902587146,FALSE,30,10
37,1,-2.89235517,7.50658186,79,3,191.35197667332667,3,0.47335433669211763,0.7957033516251374,-0.32969741902587146,FALSE,30,10
37,2,-3.10030055,7.6459991,79,3,191.35197667332667,3,0.47335433669211763,0.7957033516251374,-0.32969741902587146,FALSE,30,10
37,3,-3.30824593,7.50658186,79,3,191.35197667332667,3,0.47335433669211763,0.7957033516251374,-0.32969741902587146,FALSE,30,10
37,4,-3.30824593,7.22774737,79,3,191.35197667332667,3,0.47335433669211763,0.7957033516251374,-0.32969741902587146,FALSE,30,10
37,5,-3.10030055,7.08833012,79,3,191.35197667332667,3,0.47335433669211763,0.7957033516251374,-0.32969741902587146,FALSE,30,10
37,6,-2.89235517,7.22774737,79,3,191.35197667332667,3,0.47335433669211763,0.7957033516251374,-0.32969741902587146,FALSE,30,10
38,0,-2.89235517,9.73725788,1,0,1,0,0,0.9966988451501398,0,TRUE,30,10
38,1,-2.89235517,10.0160924,1,0,1,0,0,0.9966988451501398,0,TRUE,30,10
38,2,-3.10030055,10.1555096,1,0,1,0,0,0.9966988451501398,0,TRUE,30,10
38,3,-3.30824593,10.0160924,1,0,1,0,0,0.9966988451501398,0,TRUE,30,10
38,4,-3.30824593,9.73725788,1,0,1,0,0,0.9966988451501398,0,TRUE,30,10
38,5,-3.10030055,9.59784064,1,0,1,0,0,0.9966988451501398,0,TRUE,30,10
38,6,-2.89235517,9.73725788,1,0,1,0,0,0.9966988451501398,0,TRUE,30,10
39,0,-2.47646442,-2.8102947,1,0,10.542666666666667,0,0,0.9662598993907644,0,TRUE,30,10
39,1,-2.47646442,-2.53146021,1,0,10.542666666666667,0,0,0.9662598993907644,0,TRUE,30,10
39,2,-2.6844098,-2.39204296,1,0,10.542666666666667,0,0,0.9662598993907644,0,TRUE,30,10
39,3,-2.89235517,-2.53146021,1,0,10.542666666666667,0,0,0.9662598993907644,0,TRUE,30,10
39,4,-2.89235517,-2.8102947,1,0,10.542666666666667,0,0,0.9662598993907644,0,TRUE,30,10
39,5,-2.6844098,-2.94971195,1,0,10.542666666666667,0,0,0.9662598993907644,0,TRUE,30,10
39,6,-2.47646442,-2.8102947,1,0,10.542666666666667,0,0,0.9662598993907644,0,TRUE,30,10
40,0,-2.47646442,-1.9737912,120,9,200.78338888888888,6.083333333333333,0.9147699557211812,0.9659587912987392,-0.04996645122699968,FALSE,30,10
40,1,-2.47646442,-1.6949567,120,9,200.78338888888888,6.083333333333333,0.9147699557211812,0.9659587912987392,-0.04996645122699968,FALSE,30,10
40,2,-2.6844098,-1.55553946,120,9,200.78338888888888,6.083333333333333,0.9147699557211812,0.9659587912987392,-0.04996645122699968,FALSE,30,10
40,3,-2.89235517,-1.6949567,120,9,200.78338888888888,6.083333333333333,0.9147699557211812,0.9659587912987392,-0.04996645122699968,FALSE,30,10
40,4,-2.89235517,-1.9737912,120,9,200.78338888888888,6.083333333333333,0.9147699557211812,0.9659587912987392,-0.04996645122699968,FALSE,30,10
40,5,-2.6844098,-2.11320844,120,9,200.78338888888888,6.083333333333333,0.9147699557211812,0.9659587912987392,-0.04996645122699968,FALSE,30,10
40,6,-2.47646442,-1.9737912,120,9,200.78338888888888,6.083333333333333,0.9147699557211812,0.9659587912987392,-0.04996645122699968,FALSE,30,10
41,0,-2.47646442,-1.13728769,112,1,1041,0.5,0.01450164713303364,0.23606729698360152,-2,FALSE,30,10
41,1,-2.47646442,-0.858453199,112,1,1041,0.5,0.01450164713303364,0.23606729698360152,-2,FALSE,30,10
41,2,-2.6844098,-0.719035953,112,1,1041,0.5,0.01450164713303364,0.23606729698360152,-2,FALSE,30,10
41,3,-2.89235517,-0.858453199,112,1,1041,0.5,0.01450164713303364,0.23606729698360152,-2,FALSE,30,10
41,4,-2.89235517,-1.13728769,112,1,1041,0.5,0.01450164713303364,0.23606729698360152,-2,FALSE,30,10
41,5,-2.6844098,-1.27670494,112,1,1041,0.5,0.01450164713303364,0.23606729698360152,-2,FALSE,30,10
41,6,-2.47646442,-1.13728769,112,1,1041,0.5,0.01450164713303364,0.23606729698360152,-2,FALSE,30,10
42,0,-2.47646442,-0.300784186,180,2,1330.124611111111,2,0.04539789592458557,0.22199650451055383,-2,FALSE,30,10
42,1,-2.47646442,-0.0219496936,180,2,1330.124611111111,2,0.04539789592458557,0.22199650451055383,-2,FALSE,30,10
42,2,-2.6844098,0.117467552,180,2,1330.124611111111,2,0.04539789592458557,0.22199650451055383,-2,FALSE,30,10
42,3,-2.89235517,-0.0219496936,180,2,1330.124611111111,2,0.04539789592458557,0.22199650451055383,-2,FALSE,30,10
42,4,-2.89235517,-0.300784186,180,2,1330.124611111111,2,0.04539789592458557,0.22199650451055383,-2,FALSE,30,10
42,5,-2.6844098,-0.440201432,180,2,1330.124611111111,2,0.04539789592458557,0.22199650451055383,-2,FALSE,30,10
42,6,-2.47646442,-0.300784186,180,2,1330.124611111111,2,0.04539789592458557,0.22199650451055383,-2,FALSE,30,10
43,0,-2.47646442,0.53571932,106,1,184.0640111111111,0.2,0.03280644504997801,0.633683519489095,-0.6581655997288564,FALSE,30,10
43,1,-2.47646442,0.814553812,106,1,184.0640111111111,0.2,0.03280644504997801,0.633683519489095,-0.6581655997288564,FALSE,30,10
43,2,-2.6844098,0.953971058,106,1,184.0640111111111,0.2,0.03280644504997801,0.633683519489095,-0.6581655997288564,FALSE,30,10
43,3,-2.89235517,0.814553812,106,1,184.0640111111111,0.2,0.03280644504997801,0.633683519489095,-0.6581655997288564,FALSE,30,10
43,4,-2.89235517,0.53571932,106,1,184.0640111111111,0.2,0.03280644504997801,0.633683519489095,-0.6581655997288564,FALSE,30,10
43,5,-2.6844098,0.396302074,106,1,184.0640111111111,0.2,0.03280644504997801,0.633683519489095,-0.6581655997288564,FALSE,30,10
43,6,-2.47646442,0.53571932,106,1,184.0640111111111,0.2,0.03280644504997801,0.633683519489095,-0.6581655997288564,FALSE,30,10
44,0,-2.47646442,1.37222283,144,19,179.77954603174604,15.805555555555555,2.6544071874764885,1.6174511158614977,0.6937221103816654,FALSE,30,10
44,1,-2.47646442,1.65105732,144,19,179.77954603174604,15.805555555555555,2.6544071874764885,1.6174511158614977,0.6937221103816654,FALSE,30,10
44,2,-2.6844098,1.79047456,144,19,179.77954603174604,15.805555555555555,2.6544071874764885,1.6174511158614977,0.6937221103816654,FALSE,30,10
44,3,-2.89235517,1.65105732,144,19,179.77954603174604,15.805555555555555,2.6544071874764885,1.6174511158614977,0.6937221103816654,FALSE,30,10
44,4,-2.89235517,1.37222283,144,19,179.77954603174604,15.805555555555555,2.6544071874764885,1.6174511158614977,0.6937221103816654,FALSE,30,10
44,5,-2.6844098,1.23280558,144,19,179.77954603174604,15.805555555555555,2.6544071874764885,1.6174511158614977,0.6937221103816654,FALSE,30,10
44,6,-2.47646442,1.37222283,144,19,179.77954603174604,15.805555555555555,2.6544071874764885,1.6174511158614977,0.6937221103816654,FALSE,30,10
45,0,-2.47646442,2.20872633,254,88,843.563185016835,77.42900432900433,2.7713036591617572,2.304428537741244,1.2044090291868712,FALSE,30,10
45,1,-2.47646442,2.48756082,254,88,843.563185016835,77.42900432900433,2.7713036591617572,2.304428537741244,1.2044090291868712,FALSE,30,10
45,2,-2.6844098,2.62697807,254,88,843.563185016835,77.42900432900433,2.7713036591617572,2.304428537741244,1.2044090291868712,FALSE,30,10
45,3,-2.89235517,2.48756082,254,88,843.563185016835,77.42900432900433,2.7713036591617572,2.304428537741244,1.2044090291868712,FALSE,30,10
45,4,-2.89235517,2.20872633,254,88,843.563185016835,77.42900432900433,2.7713036591617572,2.304428537741244,1.2044090291868712,FALSE,30,10
45,5,-2.6844098,2.06930909,254,88,843.563185016835,77.42900432900433,2.7713036591617572,2.304428537741244,1.2044090291868712,FALSE,30,10
45,6,-2.47646442,2.20872633,254,88,843.563185016835,77.42900432900433,2.7713036591617572,2.304428537741244,1.2044090291868712,FALSE,30,10
46,0,-2.47646442,3.04522984,8,1,9.562333333333331,1,3.1574332622068573,1.0662310809936664,0,TRUE,30,10
46,1,-2.47646442,3.32406433,8,1,9.562333333333331,1,3.1574332622068573,1.0662310809936664,0,TRUE,30,10
46,2,-2.6844098,3.46348158,8,1,9.562333333333331,1,3.1574332622068573,1.0662310809936664,0,TRUE,30,10
46,3,-2.89235517,3.32406433,8,1,9.562333333333331,1,3.1574332622068573,1.0662310809936664,0,TRUE,30,10
46,4,-2.89235517,3.04522984,8,1,9.562333333333331,1,3.1574332622068573,1.0662310809936664,0,TRUE,30,10
46,5,-2.6844098,2.90581259,8,1,9.562333333333331,1,3.1574332622068573,1.0662310809936664,0,TRUE,30,10
46,6,-2.47646442,3.04522984,8,1,9.562333333333331,1,3.1574332622068573,1.0662310809936664,0,TRUE,30,10
47,0,-2.47646442,3.88173334,32,3,86.70499206349206,2.3,0.8009064508118943,0.9555813078119736,-0.06554946146850439,FALSE,30,10
47,1,-2.47646442,4.16056783,32,3,86.70499206349206,2.3,0.8009064508118943,0.9555813078119736,-0.06554946146850439,FALSE,30,10
47,2,-2.6844098,4.29998508,32,3,86.70499206349206,2.3,0.8009064508118943,0.9555813078119736,-0.06554946146850439,FALSE,30,10
47,3,-2.89235517,4.16056783,32,3,86.70499206349206,2.3,0.8009064508118943,0.9555813078119736,-0.06554946146850439,FALSE,30,10
47,4,-2.89235517,3.88173334,32,3,86.70499206349206,2.3,0.8009064508118943,0.9555813078119736,-0.06554946146850439,FALSE,30,10
47,5,-2.6844098,3.7423161,32,3,86.70499206349206,2.3,0.8009064508118943,0.9555813078119736,-0.06554946146850439,FALSE,30,10
47,6,-2.47646442,3.88173334,32,3,86.70499206349206,2.3,0.8009064508118943,0.9555813078119736,-0.06554946146850439,FALSE,30,10
48,0,-2.47646442,4.71823685,281,80,450.0594087376561,58.98993506493507,3.9573652080343646,2.769971920036819,1.4698713513542605,FALSE,30,10
48,1,-2.47646442,4.99707134,281,80,450.0594087376561,58.98993506493507,3.9573652080343646,2.769971920036819,1.4698713513542605,FALSE,30,10
48,2,-2.6844098,5.13648859,281,80,450.0594087376561,58.98993506493507,3.9573652080343646,2.769971920036819,1.4698713513542605,FALSE,30,10
48,3,-2.89235517,4.99707134,281,80,450.0594087376561,58.98993506493507,3.9573652080343646,2.769971920036819,1.4698713513542605,FALSE,30,10
48,4,-2.89235517,4.71823685,281,80,450.0594087376561,58.98993506493507,3.9573652080343646,2.769971920036819,1.4698713513542605,FALSE,30,10
48,5,-2.6844098,4.5788196,281,80,450.0594087376561,58.98993506493507,3.9573652080343646,2.769971920036819,1.4698713513542605,FALSE,30,10
48,6,-2.47646442,4.71823685,281,80,450.0594087376561,58.98993506493507,3.9573652080343646,2.769971920036819,1.4698713513542605,FALSE,30,10
49,0,-2.47646442,5.55474035,339,39,474.0968381051149,26.567450306329143,1.6919240994815792,1.4227191947400333,0.5086509420241011,FALSE,30,10
49,1,-2.47646442,5.83357485,339,39,474.0968381051149,26.567450306329143,1.6919240994815792,1.4227191947400333,0.5086509420241011,FALSE,30,10
49,2,-2.6844098,5.97299209,339,39,474.0968381051149,26.567450306329143,1.6919240994815792,1.4227191947400333,0.5086509420241011,FALSE,30,10
49,3,-2.89235517,5.83357485,339,39,474.0968381051149,26.567450306329143,1.6919240994815792,1.4227191947400333,0.5086509420241011,FALSE,30,10
49,4,-2.89235517,5.55474035,339,39,474.0968381051149,26.567450306329143,1.6919240994815792,1.4227191947400333,0.5086509420241011,FALSE,30,10
49,5,-2.6844098,5.41532311,339,39,474.0968381051149,26.567450306329143,1.6919240994815792,1.4227191947400333,0.5086509420241011,FALSE,30,10
49,6,-2.47646442,5.55474035,339,39,474.0968381051149,26.567450306329143,1.6919240994815792,1.4227191947400333,0.5086509420241011,FALSE,30,10
50,0,-2.47646442,6.39124386,285,35,362.94951551306536,18.9019398592928,1.5723825464082022,1.3124592443712149,0.39227262365003673,FALSE,30,10
50,1,-2.47646442,6.67007835,285,35,362.94951551306536,18.9019398592928,1.5723825464082022,1.3124592443712149,0.39227262365003673,FALSE,30,10
50,2,-2.6844098,6.8094956,285,35,362.94951551306536,18.9019398592928,1.5723825464082022,1.3124592443712149,0.39227262365003673,FALSE,30,10
50,3,-2.89235517,6.67007835,285,35,362.94951551306536,18.9019398592928,1.5723825464082022,1.3124592443712149,0.39227262365003673,FALSE,30,10
50,4,-2.89235517,6.39124386,285,35,362.94951551306536,18.9019398592928,1.5723825464082022,1.3124592443712149,0.39227262365003673,FALSE,30,10
50,5,-2.6844098,6.25182661,285,35,362.94951551306536,18.9019398592928,1.5723825464082022,1.3124592443712149,0.39227262365003673,FALSE,30,10
50,6,-2.47646442,6.39124386,285,35,362.94951551306536,18.9019398592928,1.5723825464082022,1.3124592443712149,0.39227262365003673,FALSE,30,10
51,0,-2.47646442,7.22774737,14,1,7.62179996455786,1,3.9613253393389862,1.07291524544106,0,TRUE,30,10
51,1,-2.47646442,7.50658186,14,1,7.62179996455786,1,3.9613253393389862,1.07291524544106,0,TRUE,30,10
51,2,-2.6844098,7.6459991,14,1,7.62179996455786,1,3.9613253393389862,1.07291524544106,0,TRUE,30,10
51,3,-2.89235517,7.50658186,14,1,7.62179996455786,1,3.9613253393389862,1.07291524544106,0,TRUE,30,10
51,4,-2.89235517,7.22774737,14,1,7.62179996455786,1,3.9613253393389862,1.07291524544106,0,TRUE,30,10
51,5,-2.6844098,7.08833012,14,1,7.62179996455786,1,3.9613253393389862,1.07291524544106,0,TRUE,30,10
51,6,-2.47646442,7.22774737,14,1,7.62179996455786,1,3.9613253393389862,1.07291524544106,0,TRUE,30,10
52,0,-2.06057367,-3.64679821,1,0,2.1593333333333335,0,0,0.9928988832540208,0,TRUE,30,10
52,1,-2.06057367,-3.36796372,1,0,2.1593333333333335,0,0,0.9928988832540208,0,TRUE,30,10
52,2,-2.26851904,-3.22854647,1,0,2.1593333333333335,0,0,0.9928988832540208,0,TRUE,30,10
52,3,-2.47646442,-3.36796372,1,0,2.1593333333333335,0,0,0.9928988832540208,0,TRUE,30,10
52,4,-2.47646442,-3.64679821,1,0,2.1593333333333335,0,0,0.9928988832540208,0,TRUE,30,10
52,5,-2.26851904,-3.78621545,1,0,2.1593333333333335,0,0,0.9928988832540208,0,TRUE,30,10
52,6,-2.06057367,-3.64679821,1,0,2.1593333333333335,0,0,0.9928988832540208,0,TRUE,30,10
53,0,-2.06057367,-2.8102947,17,2,61.391777777777776,0.5,0.24589961737437185,0.8725749648956893,0,TRUE,30,10
53,1,-2.06057367,-2.53146021,17,2,61.391777777777776,0.5,0.24589961737437185,0.8725749648956893,0,TRUE,30,10
53,2,-2.26851904,-2.39204296,17,2,61.391777777777776,0.5,0.24589961737437185,0.8725749648956893,0,TRUE,30,10
53,3,-2.47646442,-2.53146021,17,2,61.391777777777776,0.5,0.24589961737437185,0.8725749648956893,0,TRUE,30,10
53,4,-2.47646442,-2.8102947,17,2,61.391777777777776,0.5,0.24589961737437185,0.8725749648956893,0,TRUE,30,10
53,5,-2.26851904,-2.94971195,17,2,61.391777777777776,0.5,0.24589961737437185,0.8725749648956893,0,TRUE,30,10
53,6,-2.06057367,-2.8102947,17,2,61.391777777777776,0.5,0.24589961737437185,0.8725749648956893,0,TRUE,30,10
54,0,-2.06057367,-1.9737912,279,20,660.9140555555556,15.86111111111111,0.7245805597679962,0.8109458566569442,-0.3023224997297423,FALSE,30,10
54,1,-2.06057367,-1.6949567,279,20,660.9140555555556,15.86111111111111,0.7245805597679962,0.8109458566569442,-0.3023224997297423,FALSE,30,10
54,2,-2.26851904,-1.55553946,279,20,660.9140555555556,15.86111111111111,0.7245805597679962,0.8109458566569442,-0.3023224997297423,FALSE,30,10
54,3,-2.47646442,-1.6949567,279,20,660.9140555555556,15.86111111111111,0.7245805597679962,0.8109458566569442,-0.3023224997297423,FALSE,30,10
54,4,-2.47646442,-1.9737912,279,20,660.9140555555556,15.86111111111111,0.7245805597679962,0.8109458566569442,-0.3023224997297423,FALSE,30,10
54,5,-2.26851904,-2.11320844,279,20,660.9140555555556,15.86111111111111,0.7245805597679962,0.8109458566569442,-0.3023224997297423,FALSE,30,10
54,6,-2.06057367,-1.9737912,279,20,660.9140555555556,15.86111111111111,0.7245805597679962,0.8109458566569442,-0.3023224997297423,FALSE,30,10
55,0,-2.06057367,-1.13728769,53,7,358.8263333333333,6.666666666666667,0.5609478555731425,0.7615689417848651,-0.3929534508615286,FALSE,30,10
55,1,-2.06057367,-0.858453199,53,7,358.8263333333333,6.666666666666667,0.5609478555731425,0.7615689417848651,-0.3929534508615286,FALSE,30,10
55,2,-2.26851904,-0.719035953,53,7,358.8263333333333,6.666666666666667,0.5609478555731425,0.7615689417848651,-0.3929534508615286,FALSE,30,10
55,3,-2.47646442,-0.858453199,53,7,358.8263333333333,6.666666666666667,0.5609478555731425,0.7615689417848651,-0.3929534508615286,FALSE,30,10
55,4,-2.47646442,-1.13728769,53,7,358.8263333333333,6.666666666666667,0.5609478555731425,0.7615689417848651,-0.3929534508615286,FALSE,30,10
55,5,-2.26851904,-1.27670494,53,7,358.8263333333333,6.666666666666667,0.5609478555731425,0.7615689417848651,-0.3929534508615286,FALSE,30,10
55,6,-2.06057367,-1.13728769,53,7,358.8263333333333,6.666666666666667,0.5609478555731425,0.7615689417848651,-0.3929534508615286,FALSE,30,10
56,0,-2.06057367,-0.300784186,98,4,518.9450605363985,3,0.17454118919506523,0.47815353254891785,-1.06445416061064,FALSE,30,10
56,1,-2.06057367,-0.0219496936,98,4,518.9450605363985,3,0.17454118919506523,0.47815353254891785,-1.06445416061064,FALSE,30,10
56,2,-2.26851904,0.117467552,98,4,518.9450605363985,3,0.17454118919506523,0.47815353254891785,-1.06445416061064,FALSE,30,10
56,3,-2.47646442,-0.0219496936,98,4,518.9450605363985,3,0.17454118919506523,0.47815353254891785,-1.06445416061064,FALSE,30,10
56,4,-2.47646442,-0.300784186,98,4,518.9450605363985,3,0.17454118919506523,0.47815353254891785,-1.06445416061064,FALSE,30,10
56,5,-2.26851904,-0.440201432,98,4,518.9450605363985,3,0.17454118919506523,0.47815353254891785,-1.06445416061064,FALSE,30,10
56,6,-2.06057367,-0.300784186,98,4,518.9450605363985,3,0.17454118919506523,0.47815353254891785,-1.06445416061064,FALSE,30,10
57,0,-2.06057367,0.53571932,166,22,507.1604222222222,18.666666666666668,1.1112697077361264,1.0697474453202256,0.09727023364404531,FALSE,30,10
57,1,-2.06057367,0.814553812,166,22,507.1604222222222,18.666666666666668,1.1112697077361264,1.0697474453202256,0.09727023364404531,FALSE,30,10
57,2,-2.26851904,0.953971058,166,22,507.1604222222222,18.666666666666668,1.1112697077361264,1.0697474453202256,0.09727023364404531,FALSE,30,10
57,3,-2.47646442,0.814553812,166,22,507.1604222222222,18.666666666666668,1.1112697077361264,1.0697474453202256,0.09727023364404531,FALSE,30,10
57,4,-2.47646442,0.53571932,166,22,507.1604222222222,18.666666666666668,1.1112697077361264,1.0697474453202256,0.09727023364404531,FALSE,30,10
57,5,-2.26851904,0.396302074,166,22,507.1604222222222,18.666666666666668,1.1112697077361264,1.0697474453202256,0.09727023364404531,FALSE,30,10
57,6,-2.06057367,0.53571932,166,22,507.1604222222222,18.666666666666668,1.1112697077361264,1.0697474453202256,0.09727023364404531,FALSE,30,10
58,0,-2.06057367,1.37222283,110,24,189.8499888888889,21.333333333333332,3.392705803305521,1.9237066406584464,0.943888809328274,FALSE,30,10
58,1,-2.06057367,1.65105732,110,24,189.8499888888889,21.333333333333332,3.392705803305521,1.9237066406584464,0.943888809328274,FALSE,30,10
58,2,-2.26851904,1.79047456,110,24,189.8499888888889,21.333333333333332,3.392705803305521,1.9237066406584464,0.943888809328274,FALSE,30,10
58,3,-2.47646442,1.65105732,110,24,189.8499888888889,21.333333333333332,3.392705803305521,1.9237066406584464,0.943888809328274,FALSE,30,10
58,4,-2.47646442,1.37222283,110,24,189.8499888888889,21.333333333333332,3.392705803305521,1.9237066406584464,0.943888809328274,FALSE,30,10
58,5,-2.26851904,1.23280558,110,24,189.8499888888889,21.333333333333332,3.392705803305521,1.9237066406584464,0.943888809328274,FALSE,30,10
58,6,-2.06057367,1.37222283,110,24,189.8499888888889,21.333333333333332,3.392705803305521,1.9237066406584464,0.943888809328274,FALSE,30,10
59,0,-2.06057367,2.20872633,202,105,568.7208031746031,94.13333333333334,4.997380082619062,3.6111594958280504,1.8524621419034295,FALSE,30,10
59,1,-2.06057367,2.48756082,202,105,568.7208031746031,94.13333333333334,4.997380082619062,3.6111594958280504,1.8524621419034295,FALSE,30,10
59,2,-2.26851904,2.62697807,202,105,568.7208031746031,94.13333333333334,4.997380082619062,3.6111594958280504,1.8524621419034295,FALSE,30,10
59,3,-2.47646442,2.48756082,202,105,568.7208031746031,94.13333333333334,4.997380082619062,3.6111594958280504,1.8524621419034295,FALSE,30,10
59,4,-2.47646442,2.20872633,202,105,568.7208031746031,94.13333333333334,4.997380082619062,3.6111594958280504,1.8524621419034295,FALSE,30,10
59,5,-2.26851904,2.06930909,202,105,568.7208031746031,94.13333333333334,4.997380082619062,3.6111594958280504,1.8524621419034295,FALSE,30,10
59,6,-2.06057367,2.20872633,202,105,568.7208031746031,94.13333333333334,4.997380082619062,3.6111594958280504,1.8524621419034295,FALSE,30,10
60,0,-2.06057367,3.04522984,55,21,164.4373015873016,17.416666666666668,3.1978843756160704,1.7749655629490058,0.827791034394985,FALSE,30,10
60,1,-2.06057367,3.32406433,55,21,164.4373015873016,17.416666666666668,3.1978843756160704,1.7749655629490058,0.827791034394985,FALSE,30,10
60,2,-2.26851904,3.46348158,55,21,164.4373015873016,17.416666666666668,3.1978843756160704,1.7749655629490058,0.827791034394985,FALSE,30,10
60,3,-2.47646442,3.32406433,55,21,164.4373015873016,17.416666666666668,3.1978843756160704,1.7749655629490058,0.827791034394985,FALSE,30,10
60,4,-2.47646442,3.04522984,55,21,164.4373015873016,17.416666666666668,3.1978843756160704,1.7749655629490058,0.827791034394985,FALSE,30,10
60,5,-2.26851904,2.90581259,55,21,164.4373015873016,17.416666666666668,3.1978843756160704,1.7749655629490058,0.827791034394985,FALSE,30,10
60,6,-2.06057367,3.04522984,55,21,164.4373015873016,17.416666666666668,3.1978843756160704,1.7749655629490058,0.827791034394985,FALSE,30,10
61,0,-2.06057367,3.88173334,84,26,206.5053237816764,22.525,3.293302362505874,1.9314546811960989,0.9496878272044912,FALSE,30,10
61,1,-2.06057367,4.16056783,84,26,206.5053237816764,22.525,3.293302362505874,1.9314546811960989,0.9496878272044912,FALSE,30,10
61,2,-2.26851904,4.29998508,84,26,206.5053237816764,22.525,3.293302362505874,1.9314546811960989,0.9496878272044912,FALSE,30,10
61,3,-2.47646442,4.16056783,84,26,206.5053237816764,22.525,3.293302362505874,1.9314546811960989,0.9496878272044912,FALSE,30,10
61,4,-2.47646442,3.88173334,84,26,206.5053237816764,22.525,3.293302362505874,1.9314546811960989,0.9496878272044912,FALSE,30,10
61,5,-2.26851904,3.7423161,84,26,206.5053237816764,22.525,3.293302362505874,1.9314546811960989,0.9496878272044912,FALSE,30,10
61,6,-2.06057367,3.88173334,84,26,206.5053237816764,22.525,3.293302362505874,1.9314546811960989,0.9496878272044912,FALSE,30,10
62,0,-2.06057367,4.71823685,110,76,184.50595112258824,55.895793972109765,9.146750005263714,4.090111841284126,2,FALSE,30,10
62,1,-2.06057367,4.99707134,110,76,184.50595112258824,55.895793972109765,9.146750005263714,4.090111841284126,2,FALSE,30,10
62,2,-2.26851904,5.13648859,110,76,184.50595112258824,55.895793972109765,9.146750005263714,4.090111841284126,2,FALSE,30,10
62,3,-2.47646442,4.99707134,110,76,184.50595112258824,55.895793972109765,9.146750005263714,4.090111841284126,2,FALSE,30,10
62,4,-2.47646442,4.71823685,110,76,184.50595112258824,55.895793972109765,9.146750005263714,4.090111841284126,2,FALSE,30,10
62,5,-2.26851904,4.5788196,110,76,184.50595112258824,55.895793972109765,9.146750005263714,4.090111841284126,2,FALSE,30,10
62,6,-2.06057367,4.71823685,110,76,184.50595112258824,55.895793972109765,9.146750005263714,4.090111841284126,2,FALSE,30,10
63,0,-2.06057367,5.55474035,115,11,215.91265643310464,8.50952380952381,1.1899404162020817,1.079195854692418,0.10995671186233086,FALSE,30,10
63,1,-2.06057367,5.83357485,115,11,215.91265643310464,8.50952380952381,1.1899404162020817,1.079195854692418,0.10995671186233086,FALSE,30,10
63,2,-2.26851904,5.97299209,115,11,215.91265643310464,8.50952380952381,1.1899404162020817,1.079195854692418,0.10995671186233086,FALSE,30,10
63,3,-2.47646442,5.83357485,115,11,215.91265643310464,8.50952380952381,1.1899404162020817,1.079195854692418,0.10995671186233086,FALSE,30,10
63,4,-2.47646442,5.55474035,115,11,215.91265643310464,8.50952380952381,1.1899404162020817,1.079195854692418,0.10995671186233086,FALSE,30,10
63,5,-2.26851904,5.41532311,115,11,215.91265643310464,8.50952380952381,1.1899404162020817,1.079195854692418,0.10995671186233086,FALSE,30,10
63,6,-2.06057367,5.55474035,115,11,215.91265643310464,8.50952380952381,1.1899404162020817,1.079195854692418,0.10995671186233086,FALSE,30,10
64,0,-2.06057367,6.39124386,309,20,394.18335090543246,13.30540293040293,1.0191258376935564,1.0108303462166677,0.01554088130581558,FALSE,30,10
64,1,-2.06057367,6.67007835,309,20,394.18335090543246,13.30540293040293,1.0191258376935564,1.0108303462166677,0.01554088130581558,FALSE,30,10
64,2,-2.26851904,6.8094956,309,20,394.18335090543246,13.30540293040293,1.0191258376935564,1.0108303462166677,0.01554088130581558,FALSE,30,10
64,3,-2.47646442,6.67007835,309,20,394.18335090543246,13.30540293040293,1.0191258376935564,1.0108303462166677,0.01554088130581558,FALSE,30,10
64,4,-2.47646442,6.39124386,309,20,394.18335090543246,13.30540293040293,1.0191258376935564,1.0108303462166677,0.01554088130581558,FALSE,30,10
64,5,-2.26851904,6.25182661,309,20,394.18335090543246,13.30540293040293,1.0191258376935564,1.0108303462166677,0.01554088130581558,FALSE,30,10
64,6,-2.06057367,6.39124386,309,20,394.18335090543246,13.30540293040293,1.0191258376935564,1.0108303462166677,0.01554088130581558,FALSE,30,10
65,0,-1.64468291,-6.99281223,167,2,260.35594136604135,1.6666666666666663,0.19327661695601367,0.6264581024522118,-0.6747100696270094,FALSE,30,10
65,1,-1.64468291,-6.71397774,167,2,260.35594136604135,1.6666666666666663,0.19327661695601367,0.6264581024522118,-0.6747100696270094,FALSE,30,10
65,2,-1.85262829,-6.57456049,167,2,260.35594136604135,1.6666666666666663,0.19327661695601367,0.6264581024522118,-0.6747100696270094,FALSE,30,10
65,3,-2.06057367,-6.71397774,167,2,260.35594136604135,1.6666666666666663,0.19327661695601367,0.6264581024522118,-0.6747100696270094,FALSE,30,10
65,4,-2.06057367,-6.99281223,167,2,260.35594136604135,1.6666666666666663,0.19327661695601367,0.6264581024522118,-0.6747100696270094,FALSE,30,10
65,5,-1.85262829,-7.13222948,167,2,260.35594136604135,1.6666666666666663,0.19327661695601367,0.6264581024522118,-0.6747100696270094,FALSE,30,10
65,6,-1.64468291,-6.99281223,167,2,260.35594136604135,1.6666666666666663,0.19327661695601367,0.6264581024522118,-0.6747100696270094,FALSE,30,10
66,0,-1.64468291,-6.15630873,21,0,43.53371111111111,0,0,0.8739826243595329,0,TRUE,30,10
66,1,-1.64468291,-5.87747423,21,0,43.53371111111111,0,0,0.8739826243595329,0,TRUE,30,10
66,2,-1.85262829,-5.73805699,21,0,43.53371111111111,0,0,0.8739826243595329,0,TRUE,30,10
66,3,-2.06057367,-5.87747423,21,0,43.53371111111111,0,0,0.8739826243595329,0,TRUE,30,10
66,4,-2.06057367,-6.15630873,21,0,43.53371111111111,0,0,0.8739826243595329,0,TRUE,30,10
66,5,-1.85262829,-6.29572597,21,0,43.53371111111111,0,0,0.8739826243595329,0,TRUE,30,10
66,6,-1.64468291,-6.15630873,21,0,43.53371111111111,0,0,0.8739826243595329,0,TRUE,30,10
67,0,-1.64468291,-3.64679821,65,10,122.26777777777778,9.333333333333334,2.304744653176531,1.3760754624723075,0.4605595880264785,FALSE,30,10
67,1,-1.64468291,-3.36796372,65,10,122.26777777777778,9.333333333333334,2.304744653176531,1.3760754624723075,0.4605595880264785,FALSE,30,10
67,2,-1.85262829,-3.22854647,65,10,122.26777777777778,9.333333333333334,2.304744653176531,1.3760754624723075,0.4605595880264785,FALSE,30,10
67,3,-2.06057367,-3.36796372,65,10,122.26777777777778,9.333333333333334,2.304744653176531,1.3760754624723075,0.4605595880264785,FALSE,30,10
67,4,-2.06057367,-3.64679821,65,10,122.26777777777778,9.333333333333334,2.304744653176531,1.3760754624723075,0.4605595880264785,FALSE,30,10
67,5,-1.85262829,-3.78621545,65,10,122.26777777777778,9.333333333333334,2.304744653176531,1.3760754624723075,0.4605595880264785,FALSE,30,10
67,6,-1.64468291,-3.64679821,65,10,122.26777777777778,9.333333333333334,2.304744653176531,1.3760754624723075,0.4605595880264785,FALSE,30,10
68,0,-1.64468291,-2.8102947,283,58,488.8942055555556,49.083333333333336,3.031218321173182,2.255725389409458,1.1735914456394176,FALSE,30,10
68,1,-1.64468291,-2.53146021,283,58,488.8942055555556,49.083333333333336,3.031218321173182,2.255725389409458,1.1735914456394176,FALSE,30,10
68,2,-1.85262829,-2.39204296,283,58,488.8942055555556,49.083333333333336,3.031218321173182,2.255725389409458,1.1735914456394176,FALSE,30,10
68,3,-2.06057367,-2.53146021,283,58,488.8942055555556,49.083333333333336,3.031218321173182,2.255725389409458,1.1735914456394176,FALSE,30,10
68,4,-2.06057367,-2.8102947,283,58,488.8942055555556,49.083333333333336,3.031218321173182,2.255725389409458,1.1735914456394176,FALSE,30,10
68,5,-1.85262829,-2.94971195,283,58,488.8942055555556,49.083333333333336,3.031218321173182,2.255725389409458,1.1735914456394176,FALSE,30,10
68,6,-1.64468291,-2.8102947,283,58,488.8942055555556,49.083333333333336,3.031218321173182,2.255725389409458,1.1735914456394176,FALSE,30,10
69,0,-1.64468291,-1.9737912,223,66,348.3264,51.666666666666664,4.4783920544076725,2.8633056366819596,1.5176816755733715,FALSE,30,10
69,1,-1.64468291,-1.6949567,223,66,348.3264,51.666666666666664,4.4783920544076725,2.8633056366819596,1.5176816755733715,FALSE,30,10
69,2,-1.85262829,-1.55553946,223,66,348.3264,51.666666666666664,4.4783920544076725,2.8633056366819596,1.5176816755733715,FALSE,30,10
69,3,-2.06057367,-1.6949567,223,66,348.3264,51.666666666666664,4.4783920544076725,2.8633056366819596,1.5176816755733715,FALSE,30,10
69,4,-2.06057367,-1.9737912,223,66,348.3264,51.666666666666664,4.4783920544076725,2.8633056366819596,1.5176816755733715,FALSE,30,10
69,5,-1.85262829,-2.11320844,223,66,348.3264,51.666666666666664,4.4783920544076725,2.8633056366819596,1.5176816755733715,FALSE,30,10
69,6,-1.64468291,-1.9737912,223,66,348.3264,51.666666666666664,4.4783920544076725,2.8633056366819596,1.5176816755733715,FALSE,30,10
70,0,-1.64468291,-1.13728769,161,29,347.4004,25.7,2.233576685018452,1.659985733211053,0.7311708423468315,FALSE,30,10
70,1,-1.64468291,-0.858453199,161,29,347.4004,25.7,2.233576685018452,1.659985733211053,0.7311708423468315,FALSE,30,10
70,2,-1.85262829,-0.719035953,161,29,347.4004,25.7,2.233576685018452,1.659985733211053,0.7311708423468315,FALSE,30,10
70,3,-2.06057367,-0.858453199,161,29,347.4004,25.7,2.233576685018452,1.659985733211053,0.7311708423468315,FALSE,30,10
70,4,-2.06057367,-1.13728769,161,29,347.4004,25.7,2.233576685018452,1.659985733211053,0.7311708423468315,FALSE,30,10
70,5,-1.85262829,-1.27670494,161,29,347.4004,25.7,2.233576685018452,1.659985733211053,0.7311708423468315,FALSE,30,10
70,6,-1.64468291,-1.13728769,161,29,347.4004,25.7,2.233576685018452,1.659985733211053,0.7311708423468315,FALSE,30,10
71,0,-1.64468291,-0.300784186,468,37,790.7593015873016,28.65,1.0939018973233845,1.0679554439106933,0.09485145770899332,FALSE,30,10
71,1,-1.64468291,-0.0219496936,468,37,790.7593015873016,28.65,1.0939018973233845,1.0679554439106933,0.09485145770899332,FALSE,30,10
71,2,-1.85262829,0.117467552,468,37,790.7593015873016,28.65,1.0939018973233845,1.0679554439106933,0.09485145770899332,FALSE,30,10
71,3,-2.06057367,-0.0219496936,468,37,790.7593015873016,28.65,1.0939018973233845,1.0679554439106933,0.09485145770899332,FALSE,30,10
71,4,-2.06057367,-0.300784186,468,37,790.7593015873016,28.65,1.0939018973233845,1.0679554439106933,0.09485145770899332,FALSE,30,10
71,5,-1.85262829,-0.440201432,468,37,790.7593015873016,28.65,1.0939018973233845,1.0679554439106933,0.09485145770899332,FALSE,30,10
71,6,-1.64468291,-0.300784186,468,37,790.7593015873016,28.65,1.0939018973233845,1.0679554439106933,0.09485145770899332,FALSE,30,10
72,0,-1.64468291,0.53571932,313,18,828.2415944444444,15.7,0.5723223074956536,0.6865765833261829,-0.5425074419255663,FALSE,30,10
72,1,-1.64468291,0.814553812,313,18,828.2415944444444,15.7,0.5723223074956536,0.6865765833261829,-0.5425074419255663,FALSE,30,10
72,2,-1.85262829,0.953971058,313,18,828.2415944444444,15.7,0.5723223074956536,0.6865765833261829,-0.5425074419255663,FALSE,30,10
72,3,-2.06057367,0.814553812,313,18,828.2415944444444,15.7,0.5723223074956536,0.6865765833261829,-0.5425074419255663,FALSE,30,10
72,4,-2.06057367,0.53571932,313,18,828.2415944444444,15.7,0.5723223074956536,0.6865765833261829,-0.5425074419255663,FALSE,30,10
72,5,-1.85262829,0.396302074,313,18,828.2415944444444,15.7,0.5723223074956536,0.6865765833261829,-0.5425074419255663,FALSE,30,10
72,6,-1.64468291,0.53571932,313,18,828.2415944444444,15.7,0.5723223074956536,0.6865765833261829,-0.5425074419255663,FALSE,30,10
73,0,-1.64468291,1.37222283,182,43,486.8249317460317,35.825,2.221833168861803,1.7541292341607189,0.8107550411774568,FALSE,30,10
73,1,-1.64468291,1.65105732,182,43,486.8249317460317,35.825,2.221833168861803,1.7541292341607189,0.8107550411774568,FALSE,30,10
73,2,-1.85262829,1.79047456,182,43,486.8249317460317,35.825,2.221833168861803,1.7541292341607189,0.8107550411774568,FALSE,30,10
73,3,-2.06057367,1.65105732,182,43,486.8249317460317,35.825,2.221833168861803,1.7541292341607189,0.8107550411774568,FALSE,30,10
73,4,-2.06057367,1.37222283,182,43,486.8249317460317,35.825,2.221833168861803,1.7541292341607189,0.8107550411774568,FALSE,30,10
73,5,-1.85262829,1.23280558,182,43,486.8249317460317,35.825,2.221833168861803,1.7541292341607189,0.8107550411774568,FALSE,30,10
73,6,-1.64468291,1.37222283,182,43,486.8249317460317,35.825,2.221833168861803,1.7541292341607189,0.8107550411774568,FALSE,30,10
74,0,-1.64468291,2.20872633,104,32,316.1124555555555,27.642857142857142,2.640215518636221,1.8389348306364484,0.8788703534945181,FALSE,30,10
74,1,-1.64468291,2.48756082,104,32,316.1124555555555,27.642857142857142,2.640215518636221,1.8389348306364484,0.8788703534945181,FALSE,30,10
74,2,-1.85262829,2.62697807,104,32,316.1124555555555,27.642857142857142,2.640215518636221,1.8389348306364484,0.8788703534945181,FALSE,30,10
74,3,-2.06057367,2.48756082,104,32,316.1124555555555,27.642857142857142,2.640215518636221,1.8389348306364484,0.8788703534945181,FALSE,30,10
74,4,-2.06057367,2.20872633,104,32,316.1124555555555,27.642857142857142,2.640215518636221,1.8389348306364484,0.8788703534945181,FALSE,30,10
74,5,-1.85262829,2.06930909,104,32,316.1124555555555,27.642857142857142,2.640215518636221,1.8389348306364484,0.8788703534945181,FALSE,30,10
74,6,-1.64468291,2.20872633,104,32,316.1124555555555,27.642857142857142,2.640215518636221,1.8389348306364484,0.8788703534945181,FALSE,30,10
75,0,-1.64468291,3.04522984,255,105,945.375807299852,83.66666666666667,2.672058985628812,2.267316592549971,1.1809858531924464,FALSE,30,10
75,1,-1.64468291,3.32406433,255,105,945.375807299852,83.66666666666667,2.672058985628812,2.267316592549971,1.1809858531924464,FALSE,30,10
75,2,-1.85262829,3.46348158,255,105,945.375807299852,83.66666666666667,2.672058985628812,2.267316592549971,1.1809858531924464,FALSE,30,10
75,3,-2.06057367,3.32406433,255,105,945.375807299852,83.66666666666667,2.672058985628812,2.267316592549971,1.1809858531924464,FALSE,30,10
75,4,-2.06057367,3.04522984,255,105,945.375807299852,83.66666666666667,2.672058985628812,2.267316592549971,1.1809858531924464,FALSE,30,10
75,5,-1.85262829,2.90581259,255,105,945.375807299852,83.66666666666667,2.672058985628812,2.267316592549971,1.1809858531924464,FALSE,30,10
75,6,-1.64468291,3.04522984,255,105,945.375807299852,83.66666666666667,2.672058985628812,2.267316592549971,1.1809858531924464,FALSE,30,10
76,0,-1.64468291,3.88173334,282,56,937.4096514693368,44.46570512820513,1.4321675242312857,1.3268836538954196,0.40804187537515074,FALSE,30,10
76,1,-1.64468291,4.16056783,282,56,937.4096514693368,44.46570512820513,1.4321675242312857,1.3268836538954196,0.40804187537515074,FALSE,30,10
76,2,-1.85262829,4.29998508,282,56,937.4096514693368,44.46570512820513,1.4321675242312857,1.3268836538954196,0.40804187537515074,FALSE,30,10
76,3,-2.06057367,4.16056783,282,56,937.4096514693368,44.46570512820513,1.4321675242312857,1.3268836538954196,0.40804187537515074,FALSE,30,10
76,4,-2.06057367,3.88173334,282,56,937.4096514693368,44.46570512820513,1.4321675242312857,1.3268836538954196,0.40804187537515074,FALSE,30,10
76,5,-1.85262829,3.7423161,282,56,937.4096514693368,44.46570512820513,1.4321675242312857,1.3268836538954196,0.40804187537515074,FALSE,30,10
76,6,-1.64468291,3.88173334,282,56,937.4096514693368,44.46570512820513,1.4321675242312857,1.3268836538954196,0.40804187537515074,FALSE,30,10
77,0,-1.64468291,4.71823685,24,5,88.95491111111112,5,1.697063655837029,1.15863528896514,0,TRUE,30,10
77,1,-1.64468291,4.99707134,24,5,88.95491111111112,5,1.697063655837029,1.15863528896514,0,TRUE,30,10
77,2,-1.85262829,5.13648859,24,5,88.95491111111112,5,1.697063655837029,1.15863528896514,0,TRUE,30,10
77,3,-2.06057367,4.99707134,24,5,88.95491111111112,5,1.697063655837029,1.15863528896514,0,TRUE,30,10
77,4,-2.06057367,4.71823685,24,5,88.95491111111112,5,1.697063655837029,1.15863528896514,0,TRUE,30,10
77,5,-1.85262829,4.5788196,24,5,88.95491111111112,5,1.697063655837029,1.15863528896514,0,TRUE,30,10
77,6,-1.64468291,4.71823685,24,5,88.95491111111112,5,1.697063655837029,1.15863528896514,0,TRUE,30,10
78,0,-1.64468291,5.55474035,36,2,113.64266666666668,0.65,0.17269111717255045,0.7737606772038246,-0.3700406825246249,FALSE,30,10
78,1,-1.64468291,5.83357485,36,2,113.64266666666668,0.65,0.17269111717255045,0.7737606772038246,-0.3700406825246249,FALSE,30,10
78,2,-1.85262829,5.97299209,36,2,113.64266666666668,0.65,0.17269111717255045,0.7737606772038246,-0.3700406825246249,FALSE,30,10
78,3,-2.06057367,5.83357485,36,2,113.64266666666668,0.65,0.17269111717255045,0.7737606772038246,-0.3700406825246249,FALSE,30,10
78,4,-2.06057367,5.55474035,36,2,113.64266666666668,0.65,0.17269111717255045,0.7737606772038246,-0.3700406825246249,FALSE,30,10
78,5,-1.85262829,5.41532311,36,2,113.64266666666668,0.65,0.17269111717255045,0.7737606772038246,-0.3700406825246249,FALSE,30,10
78,6,-1.64468291,5.55474035,36,2,113.64266666666668,0.65,0.17269111717255045,0.7737606772038246,-0.3700406825246249,FALSE,30,10
79,0,-1.64468291,6.39124386,127,12,232.9575570680231,11.142857142857142,1.444168332914991,1.1934490199840786,0.25513694079170196,FALSE,30,10
79,1,-1.64468291,6.67007835,127,12,232.9575570680231,11.142857142857142,1.444168332914991,1.1934490199840786,0.25513694079170196,FALSE,30,10
79,2,-1.85262829,6.8094956,127,12,232.9575570680231,11.142857142857142,1.444168332914991,1.1934490199840786,0.25513694079170196,FALSE,30,10
79,3,-2.06057367,6.67007835,127,12,232.9575570680231,11.142857142857142,1.444168332914991,1.1934490199840786,0.25513694079170196,FALSE,30,10
79,4,-2.06057367,6.39124386,127,12,232.9575570680231,11.142857142857142,1.444168332914991,1.1934490199840786,0.25513694079170196,FALSE,30,10
79,5,-1.85262829,6.25182661,127,12,232.9575570680231,11.142857142857142,1.444168332914991,1.1934490199840786,0.25513694079170196,FALSE,30,10
79,6,-1.64468291,6.39124386,127,12,232.9575570680231,11.142857142857142,1.444168332914991,1.1934490199840786,0.25513694079170196,FALSE,30,10
80,0,-1.64468291,7.22774737,1,0,8.593333333333334,0,0,0.9723257792923606,0,TRUE,30,10
80,1,-1.64468291,7.50658186,1,0,8.593333333333334,0,0,0.9723257792923606,0,TRUE,30,10
80,2,-1.85262829,7.6459991,1,0,8.593333333333334,0,0,0.9723257792923606,0,TRUE,30,10
80,3,-2.06057367,7.50658186,1,0,8.593333333333334,0,0,0.9723257792923606,0,TRUE,30,10
80,4,-2.06057367,7.22774737,1,0,8.593333333333334,0,0,0.9723257792923606,0,TRUE,30,10
80,5,-1.85262829,7.08833012,1,0,8.593333333333334,0,0,0.9723257792923606,0,TRUE,30,10
80,6,-1.64468291,7.22774737,1,0,8.593333333333334,0,0,0.9723257792923606,0,TRUE,30,10
81,0,-1.22879216,-6.99281223,207,2,327.9729253968254,0.6666666666666666,0.06137179218771429,0.5112779830838201,-0.9678201936027582,FALSE,30,10
81,1,-1.22879216,-6.71397774,207,2,327.9729253968254,0.6666666666666666,0.06137179218771429,0.5112779830838201,-0.9678201936027582,FALSE,30,10
81,2,-1.43673754,-6.57456049,207,2,327.9729253968254,0.6666666666666666,0.06137179218771429,0.5112779830838201,-0.9678201936027582,FALSE,30,10
81,3,-1.64468291,-6.71397774,207,2,327.9729253968254,0.6666666666666666,0.06137179218771429,0.5112779830838201,-0.9678201936027582,FALSE,30,10
81,4,-1.64468291,-6.99281223,207,2,327.9729253968254,0.6666666666666666,0.06137179218771429,0.5112779830838201,-0.9678201936027582,FALSE,30,10
81,5,-1.43673754,-7.13222948,207,2,327.9729253968254,0.6666666666666666,0.06137179218771429,0.5112779830838201,-0.9678201936027582,FALSE,30,10
81,6,-1.22879216,-6.99281223,207,2,327.9729253968254,0.6666666666666666,0.06137179218771429,0.5112779830838201,-0.9678201936027582,FALSE,30,10
82,0,-1.22879216,-6.15630873,59,2,127.30428267973856,1.75,0.4150429994733982,0.8265084490731756,-0.2748985271862689,FALSE,30,10
82,1,-1.22879216,-5.87747423,59,2,127.30428267973856,1.75,0.4150429994733982,0.8265084490731756,-0.2748985271862689,FALSE,30,10
82,2,-1.43673754,-5.73805699,59,2,127.30428267973856,1.75,0.4150429994733982,0.8265084490731756,-0.2748985271862689,FALSE,30,10
82,3,-1.64468291,-5.87747423,59,2,127.30428267973856,1.75,0.4150429994733982,0.8265084490731756,-0.2748985271862689,FALSE,30,10
82,4,-1.64468291,-6.15630873,59,2,127.30428267973856,1.75,0.4150429994733982,0.8265084490731756,-0.2748985271862689,FALSE,30,10
82,5,-1.43673754,-6.29572597,59,2,127.30428267973856,1.75,0.4150429994733982,0.8265084490731756,-0.2748985271862689,FALSE,30,10
82,6,-1.22879216,-6.15630873,59,2,127.30428267973856,1.75,0.4150429994733982,0.8265084490731756,-0.2748985271862689,FALSE,30,10
83,0,-1.22879216,-5.31980522,4,0,9.724666666666666,0,0,0.9687960881775372,0,TRUE,30,10
83,1,-1.22879216,-5.04097073,4,0,9.724666666666666,0,0,0.9687960881775372,0,TRUE,30,10
83,2,-1.43673754,-4.90155348,4,0,9.724666666666666,0,0,0.9687960881775372,0,TRUE,30,10
83,3,-1.64468291,-5.04097073,4,0,9.724666666666666,0,0,0.9687960881775372,0,TRUE,30,10
83,4,-1.64468291,-5.31980522,4,0,9.724666666666666,0,0,0.9687960881775372,0,TRUE,30,10
83,5,-1.43673754,-5.45922247,4,0,9.724666666666666,0,0,0.9687960881775372,0,TRUE,30,10
83,6,-1.22879216,-5.31980522,4,0,9.724666666666666,0,0,0.9687960881775372,0,TRUE,30,10
84,0,-1.22879216,-4.48330171,16,6,17.372666666666667,2.833333333333333,4.92412696790545,1.2135082957762322,0,TRUE,30,10
84,1,-1.22879216,-4.20446722,16,6,17.372666666666667,2.833333333333333,4.92412696790545,1.2135082957762322,0,TRUE,30,10
84,2,-1.43673754,-4.06504998,16,6,17.372666666666667,2.833333333333333,4.92412696790545,1.2135082957762322,0,TRUE,30,10
84,3,-1.64468291,-4.20446722,16,6,17.372666666666667,2.833333333333333,4.92412696790545,1.2135082957762322,0,TRUE,30,10
84,4,-1.64468291,-4.48330171,16,6,17.372666666666667,2.833333333333333,4.92412696790545,1.2135082957762322,0,TRUE,30,10
84,5,-1.43673754,-4.62271896,16,6,17.372666666666667,2.833333333333333,4.92412696790545,1.2135082957762322,0,TRUE,30,10
84,6,-1.22879216,-4.48330171,16,6,17.372666666666667,2.833333333333333,4.92412696790545,1.2135082957762322,0,TRUE,30,10
85,0,-1.22879216,-3.64679821,580,128,1138.558511111111,113.75,3.016435960807081,2.593792246767169,1.375062929642877,FALSE,30,10
85,1,-1.22879216,-3.36796372,580,128,1138.558511111111,113.75,3.016435960807081,2.593792246767169,1.375062929642877,FALSE,30,10
85,2,-1.43673754,-3.22854647,580,128,1138.558511111111,113.75,3.016435960807081,2.593792246767169,1.375062929642877,FALSE,30,10
85,3,-1.64468291,-3.36796372,580,128,1138.558511111111,113.75,3.016435960807081,2.593792246767169,1.375062929642877,FALSE,30,10
85,4,-1.64468291,-3.64679821,580,128,1138.558511111111,113.75,3.016435960807081,2.593792246767169,1.375062929642877,FALSE,30,10
85,5,-1.43673754,-3.78621545,580,128,1138.558511111111,113.75,3.016435960807081,2.593792246767169,1.375062929642877,FALSE,30,10
85,6,-1.22879216,-3.64679821,580,128,1138.558511111111,113.75,3.016435960807081,2.593792246767169,1.375062929642877,FALSE,30,10
86,0,-1.22879216,-2.8102947,197,22,464.6742777777778,18.5,1.2020461844676888,1.122470440705476,0.16667745333245573,FALSE,30,10
86,1,-1.22879216,-2.53146021,197,22,464.6742777777778,18.5,1.2020461844676888,1.122470440705476,0.16667745333245573,FALSE,30,10
86,2,-1.43673754,-2.39204296,197,22,464.6742777777778,18.5,1.2020461844676888,1.122470440705476,0.16667745333245573,FALSE,30,10
86,3,-1.64468291,-2.53146021,197,22,464.6742777777778,18.5,1.2020461844676888,1.122470440705476,0.16667745333245573,FALSE,30,10
86,4,-1.64468291,-2.8102947,197,22,464.6742777777778,18.5,1.2020461844676888,1.122470440705476,0.16667745333245573,FALSE,30,10
86,5,-1.43673754,-2.94971195,197,22,464.6742777777778,18.5,1.2020461844676888,1.122470440705476,0.16667745333245573,FALSE,30,10
86,6,-1.22879216,-2.8102947,197,22,464.6742777777778,18.5,1.2020461844676888,1.122470440705476,0.16667745333245573,FALSE,30,10
87,0,-1.22879216,-1.9737912,104,22,213.2686,21.25,3.0083618651936614,1.831378943392592,0.8729303401186681,FALSE,30,10
87,1,-1.22879216,-1.6949567,104,22,213.2686,21.25,3.0083618651936614,1.831378943392592,0.8729303401186681,FALSE,30,10
87,2,-1.43673754,-1.55553946,104,22,213.2686,21.25,3.0083618651936614,1.831378943392592,0.8729303401186681,FALSE,30,10
87,3,-1.64468291,-1.6949567,104,22,213.2686,21.25,3.0083618651936614,1.831378943392592,0.8729303401186681,FALSE,30,10
87,4,-1.64468291,-1.9737912,104,22,213.2686,21.25,3.0083618651936614,1.831378943392592,0.8729303401186681,FALSE,30,10
87,5,-1.43673754,-2.11320844,104,22,213.2686,21.25,3.0083618651936614,1.831378943392592,0.8729303401186681,FALSE,30,10
87,6,-1.22879216,-1.9737912,104,22,213.2686,21.25,3.0083618651936614,1.831378943392592,0.8729303401186681,FALSE,30,10
88,0,-1.22879216,-1.13728769,173,14,295.92458571428574,12.666666666666666,1.2923476340070144,1.1447068908438944,0.1949782347762095,FALSE,30,10
88,1,-1.22879216,-0.858453199,173,14,295.92458571428574,12.666666666666666,1.2923476340070144,1.1447068908438944,0.1949782347762095,FALSE,30,10
88,2,-1.43673754,-0.719035953,173,14,295.92458571428574,12.666666666666666,1.2923476340070144,1.1447068908438944,0.1949782347762095,FALSE,30,10
88,3,-1.64468291,-0.858453199,173,14,295.92458571428574,12.666666666666666,1.2923476340070144,1.1447068908438944,0.1949782347762095,FALSE,30,10
88,4,-1.64468291,-1.13728769,173,14,295.92458571428574,12.666666666666666,1.2923476340070144,1.1447068908438944,0.1949782347762095,FALSE,30,10
88,5,-1.43673754,-1.27670494,173,14,295.92458571428574,12.666666666666666,1.2923476340070144,1.1447068908438944,0.1949782347762095,FALSE,30,10
88,6,-1.22879216,-1.13728769,173,14,295.92458571428574,12.666666666666666,1.2923476340070144,1.1447068908438944,0.1949782347762095,FALSE,30,10
89,0,-1.22879216,-0.300784186,218,15,360.4478555555556,13.083333333333334,1.0959078018967048,1.052190844050334,0.07339640120258993,FALSE,30,10
89,1,-1.22879216,-0.0219496936,218,15,360.4478555555556,13.083333333333334,1.0959078018967048,1.052190844050334,0.07339640120258993,FALSE,30,10
89,2,-1.43673754,0.117467552,218,15,360.4478555555556,13.083333333333334,1.0959078018967048,1.052190844050334,0.07339640120258993,FALSE,30,10
89,3,-1.64468291,-0.0219496936,218,15,360.4478555555556,13.083333333333334,1.0959078018967048,1.052190844050334,0.07339640120258993,FALSE,30,10
89,4,-1.64468291,-0.300784186,218,15,360.4478555555556,13.083333333333334,1.0959078018967048,1.052190844050334,0.07339640120258993,FALSE,30,10
89,5,-1.43673754,-0.440201432,218,15,360.4478555555556,13.083333333333334,1.0959078018967048,1.052190844050334,0.07339640120258993,FALSE,30,10
89,6,-1.22879216,-0.300784186,218,15,360.4478555555556,13.083333333333334,1.0959078018967048,1.052190844050334,0.07339640120258993,FALSE,30,10
90,0,-1.22879216,0.53571932,283,8,813.6315698412699,8,0.296865858701783,0.48716854611160926,-1.0375071058009304,FALSE,30,10
90,1,-1.22879216,0.814553812,283,8,813.6315698412699,8,0.296865858701783,0.48716854611160926,-1.0375071058009304,FALSE,30,10
90,2,-1.43673754,0.953971058,283,8,813.6315698412699,8,0.296865858701783,0.48716854611160926,-1.0375071058009304,FALSE,30,10
90,3,-1.64468291,0.814553812,283,8,813.6315698412699,8,0.296865858701783,0.48716854611160926,-1.0375071058009304,FALSE,30,10
90,4,-1.64468291,0.53571932,283,8,813.6315698412699,8,0.296865858701783,0.48716854611160926,-1.0375071058009304,FALSE,30,10
90,5,-1.43673754,0.396302074,283,8,813.6315698412699,8,0.296865858701783,0.48716854611160926,-1.0375071058009304,FALSE,30,10
90,6,-1.22879216,0.53571932,283,8,813.6315698412699,8,0.296865858701783,0.48716854611160926,-1.0375071058009304,FALSE,30,10
91,0,-1.22879216,1.37222283,211,24,711.4509174603174,21.2,0.8996818840315765,0.9295705925257544,-0.10536366586989612,FALSE,30,10
91,1,-1.22879216,1.65105732,211,24,711.4509174603174,21.2,0.8996818840315765,0.9295705925257544,-0.10536366586989612,FALSE,30,10
91,2,-1.43673754,1.79047456,211,24,711.4509174603174,21.2,0.8996818840315765,0.9295705925257544,-0.10536366586989612,FALSE,30,10
91,3,-1.64468291,1.65105732,211,24,711.4509174603174,21.2,0.8996818840315765,0.9295705925257544,-0.10536366586989612,FALSE,30,10
91,4,-1.64468291,1.37222283,211,24,711.4509174603174,21.2,0.8996818840315765,0.9295705925257544,-0.10536366586989612,FALSE,30,10
91,5,-1.43673754,1.23280558,211,24,711.4509174603174,21.2,0.8996818840315765,0.9295705925257544,-0.10536366586989612,FALSE,30,10
91,6,-1.22879216,1.37222283,211,24,711.4509174603174,21.2,0.8996818840315765,0.9295705925257544,-0.10536366586989612,FALSE,30,10
92,0,-1.22879216,2.20872633,405,66,1386.112680952381,60.15833333333333,1.310374151247207,1.2548602628041583,0.32752671924878646,FALSE,30,10
92,1,-1.22879216,2.48756082,405,66,1386.112680952381,60.15833333333333,1.310374151247207,1.2548602628041583,0.32752671924878646,FALSE,30,10
92,2,-1.43673754,2.62697807,405,66,1386.112680952381,60.15833333333333,1.310374151247207,1.2548602628041583,0.32752671924878646,FALSE,30,10
92,3,-1.64468291,2.48756082,405,66,1386.112680952381,60.15833333333333,1.310374151247207,1.2548602628041583,0.32752671924878646,FALSE,30,10
92,4,-1.64468291,2.20872633,405,66,1386.112680952381,60.15833333333333,1.310374151247207,1.2548602628041583,0.32752671924878646,FALSE,30,10
92,5,-1.43673754,2.06930909,405,66,1386.112680952381,60.15833333333333,1.310374151247207,1.2548602628041583,0.32752671924878646,FALSE,30,10
92,6,-1.22879216,2.20872633,405,66,1386.112680952381,60.15833333333333,1.310374151247207,1.2548602628041583,0.32752671924878646,FALSE,30,10
93,0,-1.22879216,3.04522984,169,35,532.486959002109,24.69,1.399942416578217,1.255226808830344,0.3279480704791642,FALSE,30,10
93,1,-1.22879216,3.32406433,169,35,532.486959002109,24.69,1.399942416578217,1.255226808830344,0.3279480704791642,FALSE,30,10
93,2,-1.43673754,3.46348158,169,35,532.486959002109,24.69,1.399942416578217,1.255226808830344,0.3279480704791642,FALSE,30,10
93,3,-1.64468291,3.32406433,169,35,532.486959002109,24.69,1.399942416578217,1.255226808830344,0.3279480704791642,FALSE,30,10
93,4,-1.64468291,3.04522984,169,35,532.486959002109,24.69,1.399942416578217,1.255226808830344,0.3279480704791642,FALSE,30,10
93,5,-1.43673754,2.90581259,169,35,532.486959002109,24.69,1.399942416578217,1.255226808830344,0.3279480704791642,FALSE,30,10
93,6,-1.22879216,3.04522984,169,35,532.486959002109,24.69,1.399942416578217,1.255226808830344,0.3279480704791642,FALSE,30,10
94,0,-1.22879216,3.88173334,23,4,53.257333333333335,4,2.26766362048239,1.1900784807723488,0,TRUE,30,10
94,1,-1.22879216,4.16056783,23,4,53.257333333333335,4,2.26766362048239,1.1900784807723488,0,TRUE,30,10
94,2,-1.43673754,4.29998508,23,4,53.257333333333335,4,2.26766362048239,1.1900784807723488,0,TRUE,30,10
94,3,-1.64468291,4.16056783,23,4,53.257333333333335,4,2.26766362048239,1.1900784807723488,0,TRUE,30,10
94,4,-1.64468291,3.88173334,23,4,53.257333333333335,4,2.26766362048239,1.1900784807723488,0,TRUE,30,10
94,5,-1.43673754,3.7423161,23,4,53.257333333333335,4,2.26766362048239,1.1900784807723488,0,TRUE,30,10
94,6,-1.22879216,3.88173334,23,4,53.257333333333335,4,2.26766362048239,1.1900784807723488,0,TRUE,30,10
95,0,-1.22879216,4.71823685,2,0,4.878444444444445,0,0,0.9840990843818584,0,TRUE,30,10
95,1,-1.22879216,4.99707134,2,0,4.878444444444445,0,0,0.9840990843818584,0,TRUE,30,10
95,2,-1.43673754,5.13648859,2,0,4.878444444444445,0,0,0.9840990843818584,0,TRUE,30,10
95,3,-1.64468291,4.99707134,2,0,4.878444444444445,0,0,0.9840990843818584,0,TRUE,30,10
95,4,-1.64468291,4.71823685,2,0,4.878444444444445,0,0,0.9840990843818584,0,TRUE,30,10
95,5,-1.43673754,4.5788196,2,0,4.878444444444445,0,0,0.9840990843818584,0,TRUE,30,10
95,6,-1.22879216,4.71823685,2,0,4.878444444444445,0,0,0.9840990843818584,0,TRUE,30,10
96,0,-1.22879216,5.55474035,15,0,31.597042424242424,0,0,0.9052623054692897,0,TRUE,30,10
96,1,-1.22879216,5.83357485,15,0,31.597042424242424,0,0,0.9052623054692897,0,TRUE,30,10
96,2,-1.43673754,5.97299209,15,0,31.597042424242424,0,0,0.9052623054692897,0,TRUE,30,10
96,3,-1.64468291,5.83357485,15,0,31.597042424242424,0,0,0.9052623054692897,0,TRUE,30,10
96,4,-1.64468291,5.55474035,15,0,31.597042424242424,0,0,0.9052623054692897,0,TRUE,30,10
96,5,-1.43673754,5.41532311,15,0,31.597042424242424,0,0,0.9052623054692897,0,TRUE,30,10
96,6,-1.22879216,5.55474035,15,0,31.597042424242424,0,0,0.9052623054692897,0,TRUE,30,10
97,0,-1.22879216,6.39124386,66,0,139.48554444444446,0,0,0.6839999190908025,-0.5479319404301437,FALSE,30,10
97,1,-1.22879216,6.67007835,66,0,139.48554444444446,0,0,0.6839999190908025,-0.5479319404301437,FALSE,30,10
97,2,-1.43673754,6.8094956,66,0,139.48554444444446,0,0,0.6839999190908025,-0.5479319404301437,FALSE,30,10
97,3,-1.64468291,6.67007835,66,0,139.48554444444446,0,0,0.6839999190908025,-0.5479319404301437,FALSE,30,10
97,4,-1.64468291,6.39124386,66,0,139.48554444444446,0,0,0.6839999190908025,-0.5479319404301437,FALSE,30,10
97,5,-1.43673754,6.25182661,66,0,139.48554444444446,0,0,0.6839999190908025,-0.5479319404301437,FALSE,30,10
97,6,-1.22879216,6.39124386,66,0,139.48554444444446,0,0,0.6839999190908025,-0.5479319404301437,FALSE,30,10
98,0,-1.22879216,7.22774737,103,18,135.3684951152921,14.441666666666666,3.2210522831289787,1.6875496534539436,0.7549299517859204,FALSE,30,10
98,1,-1.22879216,7.50658186,103,18,135.3684951152921,14.441666666666666,3.2210522831289787,1.6875496534539436,0.7549299517859204,FALSE,30,10
98,2,-1.43673754,7.6459991,103,18,135.3684951152921,14.441666666666666,3.2210522831289787,1.6875496534539436,0.7549299517859204,FALSE,30,10
98,3,-1.64468291,7.50658186,103,18,135.3684951152921,14.441666666666666,3.2210522831289787,1.6875496534539436,0.7549299517859204,FALSE,30,10
98,4,-1.64468291,7.22774737,103,18,135.3684951152921,14.441666666666666,3.2210522831289787,1.6875496534539436,0.7549299517859204,FALSE,30,10
98,5,-1.43673754,7.08833012,103,18,135.3684951152921,14.441666666666666,3.2210522831289787,1.6875496534539436,0.7549299517859204,FALSE,30,10
98,6,-1.22879216,7.22774737,103,18,135.3684951152921,14.441666666666666,3.2210522831289787,1.6875496534539436,0.7549299517859204,FALSE,30,10
99,0,-1.22879216,8.06425087,19,0,39.79533333333333,0,0,0.8835439049133188,0,TRUE,30,10
99,1,-1.22879216,8.34308536,19,0,39.79533333333333,0,0,0.8835439049133188,0,TRUE,30,10
99,2,-1.43673754,8.48250261,19,0,39.79533333333333,0,0,0.8835439049133188,0,TRUE,30,10
99,3,-1.64468291,8.34308536,19,0,39.79533333333333,0,0,0.8835439049133188,0,TRUE,30,10
99,4,-1.64468291,8.06425087,19,0,39.79533333333333,0,0,0.8835439049133188,0,TRUE,30,10
99,5,-1.43673754,7.92483363,19,0,39.79533333333333,0,0,0.8835439049133188,0,TRUE,30,10
99,6,-1.22879216,8.06425087,19,0,39.79533333333333,0,0,0.8835439049133188,0,TRUE,30,10
100,0,-1.22879216,9.73725788,1,0,1.840666666666667,0,0,0.9939404904805031,0,TRUE,30,10
100,1,-1.22879216,10.0160924,1,0,1.840666666666667,0,0,0.9939404904805031,0,TRUE,30,10
100,2,-1.43673754,10.1555096,1,0,1.840666666666667,0,0,0.9939404904805031,0,TRUE,30,10
100,3,-1.64468291,10.0160924,1,0,1.840666666666667,0,0,0.9939404904805031,0,TRUE,30,10
100,4,-1.64468291,9.73725788,1,0,1.840666666666667,0,0,0.9939404904805031,0,TRUE,30,10
100,5,-1.43673754,9.59784064,1,0,1.840666666666667,0,0,0.9939404904805031,0,TRUE,30,10
100,6,-1.22879216,9.73725788,1,0,1.840666666666667,0,0,0.9939404904805031,0,TRUE,30,10
101,0,-0.812901407,-6.99281223,676,23,1007.1111222222222,18.916666666666668,0.5671073518190574,0.6669524784903674,-0.5843441243151323,FALSE,30,10
101,1,-0.812901407,-6.71397774,676,23,1007.1111222222222,18.916666666666668,0.5671073518190574,0.6669524784903674,-0.5843441243151323,FALSE,30,10
101,2,-1.02084678,-6.57456049,676,23,1007.1111222222222,18.916666666666668,0.5671073518190574,0.6669524784903674,-0.5843441243151323,FALSE,30,10
101,3,-1.22879216,-6.71397774,676,23,1007.1111222222222,18.916666666666668,0.5671073518190574,0.6669524784903674,-0.5843441243151323,FALSE,30,10
101,4,-1.22879216,-6.99281223,676,23,1007.1111222222222,18.916666666666668,0.5671073518190574,0.6669524784903674,-0.5843441243151323,FALSE,30,10
101,5,-1.02084678,-7.13222948,676,23,1007.1111222222222,18.916666666666668,0.5671073518190574,0.6669524784903674,-0.5843441243151323,FALSE,30,10
101,6,-0.812901407,-6.99281223,676,23,1007.1111222222222,18.916666666666668,0.5671073518190574,0.6669524784903674,-0.5843441243151323,FALSE,30,10
102,0,-0.812901407,-6.15630873,184,14,259.99083333333334,9.283333333333331,1.0780625687029768,1.0361185369941437,0.05118906378788013,FALSE,30,10
102,1,-0.812901407,-5.87747423,184,14,259.99083333333334,9.283333333333331,1.0780625687029768,1.0361185369941437,0.05118906378788013,FALSE,30,10
102,2,-1.02084678,-5.73805699,184,14,259.99083333333334,9.283333333333331,1.0780625687029768,1.0361185369941437,0.05118906378788013,FALSE,30,10
102,3,-1.22879216,-5.87747423,184,14,259.99083333333334,9.283333333333331,1.0780625687029768,1.0361185369941437,0.05118906378788013,FALSE,30,10
102,4,-1.22879216,-6.15630873,184,14,259.99083333333334,9.283333333333331,1.0780625687029768,1.0361185369941437,0.05118906378788013,FALSE,30,10
102,5,-1.02084678,-6.29572597,184,14,259.99083333333334,9.283333333333331,1.0780625687029768,1.0361185369941437,0.05118906378788013,FALSE,30,10
102,6,-0.812901407,-6.15630873,184,14,259.99083333333334,9.283333333333331,1.0780625687029768,1.0361185369941437,0.05118906378788013,FALSE,30,10
103,0,-0.812901407,-5.31980522,250,6,264.6316111111111,5.5,0.6275076534626286,0.8260131983065225,-0.2757632612096578,FALSE,30,10
103,1,-0.812901407,-5.04097073,250,6,264.6316111111111,5.5,0.6275076534626286,0.8260131983065225,-0.2757632612096578,FALSE,30,10
103,2,-1.02084678,-4.90155348,250,6,264.6316111111111,5.5,0.6275076534626286,0.8260131983065225,-0.2757632612096578,FALSE,30,10
103,3,-1.22879216,-5.04097073,250,6,264.6316111111111,5.5,0.6275076534626286,0.8260131983065225,-0.2757632612096578,FALSE,30,10
103,4,-1.22879216,-5.31980522,250,6,264.6316111111111,5.5,0.6275076534626286,0.8260131983065225,-0.2757632612096578,FALSE,30,10
103,5,-1.02084678,-5.45922247,250,6,264.6316111111111,5.5,0.6275076534626286,0.8260131983065225,-0.2757632612096578,FALSE,30,10
103,6,-0.812901407,-5.31980522,250,6,264.6316111111111,5.5,0.6275076534626286,0.8260131983065225,-0.2757632612096578,FALSE,30,10
104,0,-0.812901407,-4.48330171,215,44,292.72180000000003,35.25,3.635817810347248,2.297513500210598,1.2000733388286335,FALSE,30,10
104,1,-0.812901407,-4.20446722,215,44,292.72180000000003,35.25,3.635817810347248,2.297513500210598,1.2000733388286335,FALSE,30,10
104,2,-1.02084678,-4.06504998,215,44,292.72180000000003,35.25,3.635817810347248,2.297513500210598,1.2000733388286335,FALSE,30,10
104,3,-1.22879216,-4.20446722,215,44,292.72180000000003,35.25,3.635817810347248,2.297513500210598,1.2000733388286335,FALSE,30,10
104,4,-1.22879216,-4.48330171,215,44,292.72180000000003,35.25,3.635817810347248,2.297513500210598,1.2000733388286335,FALSE,30,10
104,5,-1.02084678,-4.62271896,215,44,292.72180000000003,35.25,3.635817810347248,2.297513500210598,1.2000733388286335,FALSE,30,10
104,6,-0.812901407,-4.48330171,215,44,292.72180000000003,35.25,3.635817810347248,2.297513500210598,1.2000733388286335,FALSE,30,10
105,0,-0.812901407,-3.64679821,392,74,776.1597555555555,62,2.411785209322833,2.0164057840557588,1.0117859978335466,FALSE,30,10
105,1,-0.812901407,-3.36796372,392,74,776.1597555555555,62,2.411785209322833,2.0164057840557588,1.0117859978335466,FALSE,30,10
105,2,-1.02084678,-3.22854647,392,74,776.1597555555555,62,2.411785209322833,2.0164057840557588,1.0117859978335466,FALSE,30,10
105,3,-1.22879216,-3.36796372,392,74,776.1597555555555,62,2.411785209322833,2.0164057840557588,1.0117859978335466,FALSE,30,10
105,4,-1.22879216,-3.64679821,392,74,776.1597555555555,62,2.411785209322833,2.0164057840557588,1.0117859978335466,FALSE,30,10
105,5,-1.02084678,-3.78621545,392,74,776.1597555555555,62,2.411785209322833,2.0164057840557588,1.0117859978335466,FALSE,30,10
105,6,-0.812901407,-3.64679821,392,74,776.1597555555555,62,2.411785209322833,2.0164057840557588,1.0117859978335466,FALSE,30,10
106,0,-0.812901407,-2.8102947,299,21,690.7816666666666,17.583333333333332,0.7685258232625292,0.8389270095640388,-0.2533827997416634,FALSE,30,10
106,1,-0.812901407,-2.53146021,299,21,690.7816666666666,17.583333333333332,0.7685258232625292,0.8389270095640388,-0.2533827997416634,FALSE,30,10
106,2,-1.02084678,-2.39204296,299,21,690.7816666666666,17.583333333333332,0.7685258232625292,0.8389270095640388,-0.2533827997416634,FALSE,30,10
106,3,-1.22879216,-2.53146021,299,21,690.7816666666666,17.583333333333332,0.7685258232625292,0.8389270095640388,-0.2533827997416634,FALSE,30,10
106,4,-1.22879216,-2.8102947,299,21,690.7816666666666,17.583333333333332,0.7685258232625292,0.8389270095640388,-0.2533827997416634,FALSE,30,10
106,5,-1.02084678,-2.94971195,299,21,690.7816666666666,17.583333333333332,0.7685258232625292,0.8389270095640388,-0.2533827997416634,FALSE,30,10
106,6,-0.812901407,-2.8102947,299,21,690.7816666666666,17.583333333333332,0.7685258232625292,0.8389270095640388,-0.2533827997416634,FALSE,30,10
107,0,-0.812901407,-1.9737912,165,26,363.7845142857143,23.75,1.9711399700964127,1.5306910142905072,0.6141830894088254,FALSE,30,10
107,1,-0.812901407,-1.6949567,165,26,363.7845142857143,23.75,1.9711399700964127,1.5306910142905072,0.6141830894088254,FALSE,30,10
107,2,-1.02084678,-1.55553946,165,26,363.7845142857143,23.75,1.9711399700964127,1.5306910142905072,0.6141830894088254,FALSE,30,10
107,3,-1.22879216,-1.6949567,165,26,363.7845142857143,23.75,1.9711399700964127,1.5306910142905072,0.6141830894088254,FALSE,30,10
107,4,-1.22879216,-1.9737912,165,26,363.7845142857143,23.75,1.9711399700964127,1.5306910142905072,0.6141830894088254,FALSE,30,10
107,5,-1.02084678,-2.11320844,165,26,363.7845142857143,23.75,1.9711399700964127,1.5306910142905072,0.6141830894088254,FALSE,30,10
107,6,-0.812901407,-1.9737912,165,26,363.7845142857143,23.75,1.9711399700964127,1.5306910142905072,0.6141830894088254,FALSE,30,10
108,0,-0.812901407,-1.13728769,169,23,342.35262698412697,17.9,1.578619360351888,1.307463843264763,0.3867710505916225,FALSE,30,10
108,1,-0.812901407,-0.858453199,169,23,342.35262698412697,17.9,1.578619360351888,1.307463843264763,0.3867710505916225,FALSE,30,10
108,2,-1.02084678,-0.719035953,169,23,342.35262698412697,17.9,1.578619360351888,1.307463843264763,0.3867710505916225,FALSE,30,10
108,3,-1.22879216,-0.858453199,169,23,342.35262698412697,17.9,1.578619360351888,1.307463843264763,0.3867710505916225,FALSE,30,10
108,4,-1.22879216,-1.13728769,169,23,342.35262698412697,17.9,1.578619360351888,1.307463843264763,0.3867710505916225,FALSE,30,10
108,5,-1.02084678,-1.27670494,169,23,342.35262698412697,17.9,1.578619360351888,1.307463843264763,0.3867710505916225,FALSE,30,10
108,6,-0.812901407,-1.13728769,169,23,342.35262698412697,17.9,1.578619360351888,1.307463843264763,0.3867710505916225,FALSE,30,10
109,0,-0.812901407,-0.300784186,262,38,563.7332777777777,31,1.6602981341633911,1.4299991635432,0.5160143031208463,FALSE,30,10
109,1,-0.812901407,-0.0219496936,262,38,563.7332777777777,31,1.6602981341633911,1.4299991635432,0.5160143031208463,FALSE,30,10
109,2,-1.02084678,0.117467552,262,38,563.7332777777777,31,1.6602981341633911,1.4299991635432,0.5160143031208463,FALSE,30,10
109,3,-1.22879216,-0.0219496936,262,38,563.7332777777777,31,1.6602981341633911,1.4299991635432,0.5160143031208463,FALSE,30,10
109,4,-1.22879216,-0.300784186,262,38,563.7332777777777,31,1.6602981341633911,1.4299991635432,0.5160143031208463,FALSE,30,10
109,5,-1.02084678,-0.440201432,262,38,563.7332777777777,31,1.6602981341633911,1.4299991635432,0.5160143031208463,FALSE,30,10
109,6,-0.812901407,-0.300784186,262,38,563.7332777777777,31,1.6602981341633911,1.4299991635432,0.5160143031208463,FALSE,30,10
110,0,-0.812901407,0.53571932,243,13,594.8509932950192,10.666666666666666,0.5414004232328609,0.695800700755892,-0.5232539629595374,FALSE,30,10
110,1,-0.812901407,0.814553812,243,13,594.8509932950192,10.666666666666666,0.5414004232328609,0.695800700755892,-0.5232539629595374,FALSE,30,10
110,2,-1.02084678,0.953971058,243,13,594.8509932950192,10.666666666666666,0.5414004232328609,0.695800700755892,-0.5232539629595374,FALSE,30,10
110,3,-1.22879216,0.814553812,243,13,594.8509932950192,10.666666666666666,0.5414004232328609,0.695800700755892,-0.5232539629595374,FALSE,30,10
110,4,-1.22879216,0.53571932,243,13,594.8509932950192,10.666666666666666,0.5414004232328609,0.695800700755892,-0.5232539629595374,FALSE,30,10
110,5,-1.02084678,0.396302074,243,13,594.8509932950192,10.666666666666666,0.5414004232328609,0.695800700755892,-0.5232539629595374,FALSE,30,10
110,6,-0.812901407,0.53571932,243,13,594.8509932950192,10.666666666666666,0.5414004232328609,0.695800700755892,-0.5232539629595374,FALSE,30,10
111,0,-0.812901407,1.37222283,185,12,498.9375505050505,11.5,0.6959046015974494,0.8105483306882199,-0.3030298827838033,FALSE,30,10
111,1,-0.812901407,1.65105732,185,12,498.9375505050505,11.5,0.6959046015974494,0.8105483306882199,-0.3030298827838033,FALSE,30,10
111,2,-1.02084678,1.79047456,185,12,498.9375505050505,11.5,0.6959046015974494,0.8105483306882199,-0.3030298827838033,FALSE,30,10
111,3,-1.22879216,1.65105732,185,12,498.9375505050505,11.5,0.6959046015974494,0.8105483306882199,-0.3030298827838033,FALSE,30,10
111,4,-1.22879216,1.37222283,185,12,498.9375505050505,11.5,0.6959046015974494,0.8105483306882199,-0.3030298827838033,FALSE,30,10
111,5,-1.02084678,1.23280558,185,12,498.9375505050505,11.5,0.6959046015974494,0.8105483306882199,-0.3030298827838033,FALSE,30,10
111,6,-0.812901407,1.37222283,185,12,498.9375505050505,11.5,0.6959046015974494,0.8105483306882199,-0.3030298827838033,FALSE,30,10
112,0,-0.812901407,2.20872633,220,35,595.5279103174603,30.7,1.5564469177722575,1.3692449233554405,0.4533805314064299,FALSE,30,10
112,1,-0.812901407,2.48756082,220,35,595.5279103174603,30.7,1.5564469177722575,1.3692449233554405,0.4533805314064299,FALSE,30,10
112,2,-1.02084678,2.62697807,220,35,595.5279103174603,30.7,1.5564469177722575,1.3692449233554405,0.4533805314064299,FALSE,30,10
112,3,-1.22879216,2.48756082,220,35,595.5279103174603,30.7,1.5564469177722575,1.3692449233554405,0.4533805314064299,FALSE,30,10
112,4,-1.22879216,2.20872633,220,35,595.5279103174603,30.7,1.5564469177722575,1.3692449233554405,0.4533805314064299,FALSE,30,10
112,5,-1.02084678,2.06930909,220,35,595.5279103174603,30.7,1.5564469177722575,1.3692449233554405,0.4533805314064299,FALSE,30,10
112,6,-0.812901407,2.20872633,220,35,595.5279103174603,30.7,1.5564469177722575,1.3692449233554405,0.4533805314064299,FALSE,30,10
113,0,-0.812901407,3.04522984,212,23,739.624995045695,13.925,0.568436141625888,0.6935378669252953,-0.5279534395426531,FALSE,30,10
113,1,-0.812901407,3.32406433,212,23,739.624995045695,13.925,0.568436141625888,0.6935378669252953,-0.5279534395426531,FALSE,30,10
113,2,-1.02084678,3.46348158,212,23,739.624995045695,13.925,0.568436141625888,0.6935378669252953,-0.5279534395426531,FALSE,30,10
113,3,-1.22879216,3.32406433,212,23,739.624995045695,13.925,0.568436141625888,0.6935378669252953,-0.5279534395426531,FALSE,30,10
113,4,-1.22879216,3.04522984,212,23,739.624995045695,13.925,0.568436141625888,0.6935378669252953,-0.5279534395426531,FALSE,30,10
113,5,-1.02084678,2.90581259,212,23,739.624995045695,13.925,0.568436141625888,0.6935378669252953,-0.5279534395426531,FALSE,30,10
113,6,-0.812901407,3.04522984,212,23,739.624995045695,13.925,0.568436141625888,0.6935378669252953,-0.5279534395426531,FALSE,30,10
114,0,-0.812901407,3.88173334,19,1,31.3055,1,0.9644448844764032,0.9966597504443748,0,TRUE,30,10
114,1,-0.812901407,4.16056783,19,1,31.3055,1,0.9644448844764032,0.9966597504443748,0,TRUE,30,10
114,2,-1.02084678,4.29998508,19,1,31.3055,1,0.9644448844764032,0.9966597504443748,0,TRUE,30,10
114,3,-1.22879216,4.16056783,19,1,31.3055,1,0.9644448844764032,0.9966597504443748,0,TRUE,30,10
114,4,-1.22879216,3.88173334,19,1,31.3055,1,0.9644448844764032,0.9966597504443748,0,TRUE,30,10
114,5,-1.02084678,3.7423161,19,1,31.3055,1,0.9644448844764032,0.9966597504443748,0,TRUE,30,10
114,6,-0.812901407,3.88173334,19,1,31.3055,1,0.9644448844764032,0.9966597504443748,0,TRUE,30,10
115,0,-0.812901407,4.71823685,1,0,1,0,0,0.9966988451501398,0,TRUE,30,10
115,1,-0.812901407,4.99707134,1,0,1,0,0,0.9966988451501398,0,TRUE,30,10
115,2,-1.02084678,5.13648859,1,0,1,0,0,0.9966988451501398,0,TRUE,30,10
115,3,-1.22879216,4.99707134,1,0,1,0,0,0.9966988451501398,0,TRUE,30,10
115,4,-1.22879216,4.71823685,1,0,1,0,0,0.9966988451501398,0,TRUE,30,10
115,5,-1.02084678,4.5788196,1,0,1,0,0,0.9966988451501398,0,TRUE,30,10
115,6,-0.812901407,4.71823685,1,0,1,0,0,0.9966988451501398,0,TRUE,30,10
116,0,-0.812901407,5.55474035,11,1,21.80655555555556,1,1.3845574673201448,1.025903845138062,0,TRUE,30,10
116,1,-0.812901407,5.83357485,11,1,21.80655555555556,1,1.3845574673201448,1.025903845138062,0,TRUE,30,10
116,2,-1.02084678,5.97299209,11,1,21.80655555555556,1,1.3845574673201448,1.025903845138062,0,TRUE,30,10
116,3,-1.22879216,5.83357485,11,1,21.80655555555556,1,1.3845574673201448,1.025903845138062,0,TRUE,30,10
116,4,-1.22879216,5.55474035,11,1,21.80655555555556,1,1.3845574673201448,1.025903845138062,0,TRUE,30,10
116,5,-1.02084678,5.41532311,11,1,21.80655555555556,1,1.3845574673201448,1.025903845138062,0,TRUE,30,10
116,6,-0.812901407,5.55474035,11,1,21.80655555555556,1,1.3845574673201448,1.025903845138062,0,TRUE,30,10
117,0,-0.812901407,6.39124386,54,2,128.4578314659197,1.2,0.28204520334584215,0.7857092314955736,-0.3479325837908648,FALSE,30,10
117,1,-0.812901407,6.67007835,54,2,128.4578314659197,1.2,0.28204520334584215,0.7857092314955736,-0.3479325837908648,FALSE,30,10
117,2,-1.02084678,6.8094956,54,2,128.4578314659197,1.2,0.28204520334584215,0.7857092314955736,-0.3479325837908648,FALSE,30,10
117,3,-1.22879216,6.67007835,54,2,128.4578314659197,1.2,0.28204520334584215,0.7857092314955736,-0.3479325837908648,FALSE,30,10
117,4,-1.22879216,6.39124386,54,2,128.4578314659197,1.2,0.28204520334584215,0.7857092314955736,-0.3479325837908648,FALSE,30,10
117,5,-1.02084678,6.25182661,54,2,128.4578314659197,1.2,0.28204520334584215,0.7857092314955736,-0.3479325837908648,FALSE,30,10
117,6,-0.812901407,6.39124386,54,2,128.4578314659197,1.2,0.28204520334584215,0.7857092314955736,-0.3479325837908648,FALSE,30,10
118,0,-0.812901407,7.22774737,135,12,312.75852645502647,11.5,1.110162978581984,1.0560523407248996,0.07868134021998306,FALSE,30,10
118,1,-0.812901407,7.50658186,135,12,312.75852645502647,11.5,1.110162978581984,1.0560523407248996,0.07868134021998306,FALSE,30,10
118,2,-1.02084678,7.6459991,135,12,312.75852645502647,11.5,1.110162978581984,1.0560523407248996,0.07868134021998306,FALSE,30,10
118,3,-1.22879216,7.50658186,135,12,312.75852645502647,11.5,1.110162978581984,1.0560523407248996,0.07868134021998306,FALSE,30,10
118,4,-1.22879216,7.22774737,135,12,312.75852645502647,11.5,1.110162978581984,1.0560523407248996,0.07868134021998306,FALSE,30,10
118,5,-1.02084678,7.08833012,135,12,312.75852645502647,11.5,1.110162978581984,1.0560523407248996,0.07868134021998306,FALSE,30,10
118,6,-0.812901407,7.22774737,135,12,312.75852645502647,11.5,1.110162978581984,1.0560523407248996,0.07868134021998306,FALSE,30,10
119,0,-0.812901407,8.06425087,10,0,40.72640476190476,0,0,0.8811430853895799,0,TRUE,30,10
119,1,-0.812901407,8.34308536,10,0,40.72640476190476,0,0,0.8811430853895799,0,TRUE,30,10
119,2,-1.02084678,8.48250261,10,0,40.72640476190476,0,0,0.8811430853895799,0,TRUE,30,10
119,3,-1.22879216,8.34308536,10,0,40.72640476190476,0,0,0.8811430853895799,0,TRUE,30,10
119,4,-1.22879216,8.06425087,10,0,40.72640476190476,0,0,0.8811430853895799,0,TRUE,30,10
119,5,-1.02084678,7.92483363,10,0,40.72640476190476,0,0,0.8811430853895799,0,TRUE,30,10
119,6,-0.812901407,8.06425087,10,0,40.72640476190476,0,0,0.8811430853895799,0,TRUE,30,10
120,0,-0.812901407,8.90075438,1,0,8.593333333333334,0,0,0.9723257792923606,0,TRUE,30,10
120,1,-0.812901407,9.17958887,1,0,8.593333333333334,0,0,0.9723257792923606,0,TRUE,30,10
120,2,-1.02084678,9.31900612,1,0,8.593333333333334,0,0,0.9723257792923606,0,TRUE,30,10
120,3,-1.22879216,9.17958887,1,0,8.593333333333334,0,0,0.9723257792923606,0,TRUE,30,10
120,4,-1.22879216,8.90075438,1,0,8.593333333333334,0,0,0.9723257792923606,0,TRUE,30,10
120,5,-1.02084678,8.76133713,1,0,8.593333333333334,0,0,0.9723257792923606,0,TRUE,30,10
120,6,-0.812901407,8.90075438,1,0,8.593333333333334,0,0,0.9723257792923606,0,TRUE,30,10
121,0,-0.812901407,9.73725788,46,0,431.4003412698413,0,0,0.4117198292170381,-1.280265161593305,FALSE,30,10
121,1,-0.812901407,10.0160924,46,0,431.4003412698413,0,0,0.4117198292170381,-1.280265161593305,FALSE,30,10
121,2,-1.02084678,10.1555096,46,0,431.4003412698413,0,0,0.4117198292170381,-1.280265161593305,FALSE,30,10
121,3,-1.22879216,10.0160924,46,0,431.4003412698413,0,0,0.4117198292170381,-1.280265161593305,FALSE,30,10
121,4,-1.22879216,9.73725788,46,0,431.4003412698413,0,0,0.4117198292170381,-1.280265161593305,FALSE,30,10
121,5,-1.02084678,9.59784064,46,0,431.4003412698413,0,0,0.4117198292170381,-1.280265161593305,FALSE,30,10
121,6,-0.812901407,9.73725788,46,0,431.4003412698413,0,0,0.4117198292170381,-1.280265161593305,FALSE,30,10
122,0,-0.812901407,10.5737614,111,0,1181.2005,0,0,0.20357308749183692,-2,FALSE,30,10
122,1,-0.812901407,10.8525959,111,0,1181.2005,0,0,0.20357308749183692,-2,FALSE,30,10
122,2,-1.02084678,10.9920131,111,0,1181.2005,0,0,0.20357308749183692,-2,FALSE,30,10
122,3,-1.22879216,10.8525959,111,0,1181.2005,0,0,0.20357308749183692,-2,FALSE,30,10
122,4,-1.22879216,10.5737614,111,0,1181.2005,0,0,0.20357308749183692,-2,FALSE,30,10
122,5,-1.02084678,10.4343441,111,0,1181.2005,0,0,0.20357308749183692,-2,FALSE,30,10
122,6,-0.812901407,10.5737614,111,0,1181.2005,0,0,0.20357308749183692,-2,FALSE,30,10
123,0,-0.397010654,-6.99281223,243,13,412.4242495238095,11.5,0.841882934156081,0.90871219256791,-0.13810465866607632,FALSE,30,10
123,1,-0.397010654,-6.71397774,243,13,412.4242495238095,11.5,0.841882934156081,0.90871219256791,-0.13810465866607632,FALSE,30,10
123,2,-0.604956031,-6.57456049,243,13,412.4242495238095,11.5,0.841882934156081,0.90871219256791,-0.13810465866607632,FALSE,30,10
123,3,-0.812901407,-6.71397774,243,13,412.4242495238095,11.5,0.841882934156081,0.90871219256791,-0.13810465866607632,FALSE,30,10
123,4,-0.812901407,-6.99281223,243,13,412.4242495238095,11.5,0.841882934156081,0.90871219256791,-0.13810465866607632,FALSE,30,10
123,5,-0.604956031,-7.13222948,243,13,412.4242495238095,11.5,0.841882934156081,0.90871219256791,-0.13810465866607632,FALSE,30,10
123,6,-0.397010654,-6.99281223,243,13,412.4242495238095,11.5,0.841882934156081,0.90871219256791,-0.13810465866607632,FALSE,30,10
124,0,-0.397010654,-6.15630873,102,9,167.64260634920635,6.416666666666667,1.1556415107875713,1.0555664135259677,0.07801735220501024,FALSE,30,10
124,1,-0.397010654,-5.87747423,102,9,167.64260634920635,6.416666666666667,1.1556415107875713,1.0555664135259677,0.07801735220501024,FALSE,30,10
124,2,-0.604956031,-5.73805699,102,9,167.64260634920635,6.416666666666667,1.1556415107875713,1.0555664135259677,0.07801735220501024,FALSE,30,10
124,3,-0.812901407,-5.87747423,102,9,167.64260634920635,6.416666666666667,1.1556415107875713,1.0555664135259677,0.07801735220501024,FALSE,30,10
124,4,-0.812901407,-6.15630873,102,9,167.64260634920635,6.416666666666667,1.1556415107875713,1.0555664135259677,0.07801735220501024,FALSE,30,10
124,5,-0.604956031,-6.29572597,102,9,167.64260634920635,6.416666666666667,1.1556415107875713,1.0555664135259677,0.07801735220501024,FALSE,30,10
124,6,-0.397010654,-6.15630873,102,9,167.64260634920635,6.416666666666667,1.1556415107875713,1.0555664135259677,0.07801735220501024,FALSE,30,10
125,0,-0.397010654,-5.31980522,59,2,78.30536507936509,0.6666666666666666,0.25704862240601273,0.8469948948612099,-0.23957482093863888,FALSE,30,10
125,1,-0.397010654,-5.04097073,59,2,78.30536507936509,0.6666666666666666,0.25704862240601273,0.8469948948612099,-0.23957482093863888,FALSE,30,10
125,2,-0.604956031,-4.90155348,59,2,78.30536507936509,0.6666666666666666,0.25704862240601273,0.8469948948612099,-0.23957482093863888,FALSE,30,10
125,3,-0.812901407,-5.04097073,59,2,78.30536507936509,0.6666666666666666,0.25704862240601273,0.8469948948612099,-0.23957482093863888,FALSE,30,10
125,4,-0.812901407,-5.31980522,59,2,78.30536507936509,0.6666666666666666,0.25704862240601273,0.8469948948612099,-0.23957482093863888,FALSE,30,10
125,5,-0.604956031,-5.45922247,59,2,78.30536507936509,0.6666666666666666,0.25704862240601273,0.8469948948612099,-0.23957482093863888,FALSE,30,10
125,6,-0.397010654,-5.31980522,59,2,78.30536507936509,0.6666666666666666,0.25704862240601273,0.8469948948612099,-0.23957482093863888,FALSE,30,10
126,0,-0.397010654,-4.48330171,145,22,191.96494444444448,14,2.2019333366149785,1.4671676330474073,0.5530337173300495,FALSE,30,10
126,1,-0.397010654,-4.20446722,145,22,191.96494444444448,14,2.2019333366149785,1.4671676330474073,0.5530337173300495,FALSE,30,10
126,2,-0.604956031,-4.06504998,145,22,191.96494444444448,14,2.2019333366149785,1.4671676330474073,0.5530337173300495,FALSE,30,10
126,3,-0.812901407,-4.20446722,145,22,191.96494444444448,14,2.2019333366149785,1.4671676330474073,0.5530337173300495,FALSE,30,10
126,4,-0.812901407,-4.48330171,145,22,191.96494444444448,14,2.2019333366149785,1.4671676330474073,0.5530337173300495,FALSE,30,10
126,5,-0.604956031,-4.62271896,145,22,191.96494444444448,14,2.2019333366149785,1.4671676330474073,0.5530337173300495,FALSE,30,10
126,6,-0.397010654,-4.48330171,145,22,191.96494444444448,14,2.2019333366149785,1.4671676330474073,0.5530337173300495,FALSE,30,10
127,0,-0.397010654,-3.64679821,276,29,486.3369404040404,25.75,1.598593466140443,1.3693167980582068,0.4534562596812097,FALSE,30,10
127,1,-0.397010654,-3.36796372,276,29,486.3369404040404,25.75,1.598593466140443,1.3693167980582068,0.4534562596812097,FALSE,30,10
127,2,-0.604956031,-3.22854647,276,29,486.3369404040404,25.75,1.598593466140443,1.3693167980582068,0.4534562596812097,FALSE,30,10
127,3,-0.812901407,-3.36796372,276,29,486.3369404040404,25.75,1.598593466140443,1.3693167980582068,0.4534562596812097,FALSE,30,10
127,4,-0.812901407,-3.64679821,276,29,486.3369404040404,25.75,1.598593466140443,1.3693167980582068,0.4534562596812097,FALSE,30,10
127,5,-0.604956031,-3.78621545,276,29,486.3369404040404,25.75,1.598593466140443,1.3693167980582068,0.4534562596812097,FALSE,30,10
127,6,-0.397010654,-3.64679821,276,29,486.3369404040404,25.75,1.598593466140443,1.3693167980582068,0.4534562596812097,FALSE,30,10
128,0,-0.397010654,-2.8102947,374,58,727.4289777777777,52.35,2.172821985048065,1.8288162302116635,0.8709101122203535,FALSE,30,10
128,1,-0.397010654,-2.53146021,374,58,727.4289777777777,52.35,2.172821985048065,1.8288162302116635,0.8709101122203535,FALSE,30,10
128,2,-0.604956031,-2.39204296,374,58,727.4289777777777,52.35,2.172821985048065,1.8288162302116635,0.8709101122203535,FALSE,30,10
128,3,-0.812901407,-2.53146021,374,58,727.4289777777777,52.35,2.172821985048065,1.8288162302116635,0.8709101122203535,FALSE,30,10
128,4,-0.812901407,-2.8102947,374,58,727.4289777777777,52.35,2.172821985048065,1.8288162302116635,0.8709101122203535,FALSE,30,10
128,5,-0.604956031,-2.94971195,374,58,727.4289777777777,52.35,2.172821985048065,1.8288162302116635,0.8709101122203535,FALSE,30,10
128,6,-0.397010654,-2.8102947,374,58,727.4289777777777,52.35,2.172821985048065,1.8288162302116635,0.8709101122203535,FALSE,30,10
129,0,-0.397010654,-1.9737912,156,23,331.61406666666664,18.45,1.6798151138638104,1.3558367870545822,0.4391835201564912,FALSE,30,10
129,1,-0.397010654,-1.6949567,156,23,331.61406666666664,18.45,1.6798151138638104,1.3558367870545822,0.4391835201564912,FALSE,30,10
129,2,-0.604956031,-1.55553946,156,23,331.61406666666664,18.45,1.6798151138638104,1.3558367870545822,0.4391835201564912,FALSE,30,10
129,3,-0.812901407,-1.6949567,156,23,331.61406666666664,18.45,1.6798151138638104,1.3558367870545822,0.4391835201564912,FALSE,30,10
129,4,-0.812901407,-1.9737912,156,23,331.61406666666664,18.45,1.6798151138638104,1.3558367870545822,0.4391835201564912,FALSE,30,10
129,5,-0.604956031,-2.11320844,156,23,331.61406666666664,18.45,1.6798151138638104,1.3558367870545822,0.4391835201564912,FALSE,30,10
129,6,-0.397010654,-1.9737912,156,23,331.61406666666664,18.45,1.6798151138638104,1.3558367870545822,0.4391835201564912,FALSE,30,10
130,0,-0.397010654,-1.13728769,221,29,504.98,24.166666666666668,1.444909452846821,1.2784349734675902,0.35437878096152103,FALSE,30,10
130,1,-0.397010654,-0.858453199,221,29,504.98,24.166666666666668,1.444909452846821,1.2784349734675902,0.35437878096152103,FALSE,30,10
130,2,-0.604956031,-0.719035953,221,29,504.98,24.166666666666668,1.444909452846821,1.2784349734675902,0.35437878096152103,FALSE,30,10
130,3,-0.812901407,-0.858453199,221,29,504.98,24.166666666666668,1.444909452846821,1.2784349734675902,0.35437878096152103,FALSE,30,10
130,4,-0.812901407,-1.13728769,221,29,504.98,24.166666666666668,1.444909452846821,1.2784349734675902,0.35437878096152103,FALSE,30,10
130,5,-0.604956031,-1.27670494,221,29,504.98,24.166666666666668,1.444909452846821,1.2784349734675902,0.35437878096152103,FALSE,30,10
130,6,-0.397010654,-1.13728769,221,29,504.98,24.166666666666668,1.444909452846821,1.2784349734675902,0.35437878096152103,FALSE,30,10
131,0,-0.397010654,-0.300784186,418,35,742.4503,27.28333333333333,1.1095020280551164,1.0778454532510984,0.1081503322534206,FALSE,30,10
131,1,-0.397010654,-0.0219496936,418,35,742.4503,27.28333333333333,1.1095020280551164,1.0778454532510984,0.1081503322534206,FALSE,30,10
131,2,-0.604956031,0.117467552,418,35,742.4503,27.28333333333333,1.1095020280551164,1.0778454532510984,0.1081503322534206,FALSE,30,10
131,3,-0.812901407,-0.0219496936,418,35,742.4503,27.28333333333333,1.1095020280551164,1.0778454532510984,0.1081503322534206,FALSE,30,10
131,4,-0.812901407,-0.300784186,418,35,742.4503,27.28333333333333,1.1095020280551164,1.0778454532510984,0.1081503322534206,FALSE,30,10
131,5,-0.604956031,-0.440201432,418,35,742.4503,27.28333333333333,1.1095020280551164,1.0778454532510984,0.1081503322534206,FALSE,30,10
131,6,-0.397010654,-0.300784186,418,35,742.4503,27.28333333333333,1.1095020280551164,1.0778454532510984,0.1081503322534206,FALSE,30,10
132,0,-0.397010654,0.53571932,480,27,962.7698562770564,21.666666666666668,0.6794659158739772,0.7559879958275046,-0.4035647685066567,FALSE,30,10
132,1,-0.397010654,0.814553812,480,27,962.7698562770564,21.666666666666668,0.6794659158739772,0.7559879958275046,-0.4035647685066567,FALSE,30,10
132,2,-0.604956031,0.953971058,480,27,962.7698562770564,21.666666666666668,0.6794659158739772,0.7559879958275046,-0.4035647685066567,FALSE,30,10
132,3,-0.812901407,0.814553812,480,27,962.7698562770564,21.666666666666668,0.6794659158739772,0.7559879958275046,-0.4035647685066567,FALSE,30,10
132,4,-0.812901407,0.53571932,480,27,962.7698562770564,21.666666666666668,0.6794659158739772,0.7559879958275046,-0.4035647685066567,FALSE,30,10
132,5,-0.604956031,0.396302074,480,27,962.7698562770564,21.666666666666668,0.6794659158739772,0.7559879958275046,-0.4035647685066567,FALSE,30,10
132,6,-0.397010654,0.53571932,480,27,962.7698562770564,21.666666666666668,0.6794659158739772,0.7559879958275046,-0.4035647685066567,FALSE,30,10
133,0,-0.397010654,1.37222283,410,28,1048.8129936507935,23.791666666666668,0.6848963722303404,0.7553300835464585,-0.40482084670504126,FALSE,30,10
133,1,-0.397010654,1.65105732,410,28,1048.8129936507935,23.791666666666668,0.6848963722303404,0.7553300835464585,-0.40482084670504126,FALSE,30,10
133,2,-0.604956031,1.79047456,410,28,1048.8129936507935,23.791666666666668,0.6848963722303404,0.7553300835464585,-0.40482084670504126,FALSE,30,10
133,3,-0.812901407,1.65105732,410,28,1048.8129936507935,23.791666666666668,0.6848963722303404,0.7553300835464585,-0.40482084670504126,FALSE,30,10
133,4,-0.812901407,1.37222283,410,28,1048.8129936507935,23.791666666666668,0.6848963722303404,0.7553300835464585,-0.40482084670504126,FALSE,30,10
133,5,-0.604956031,1.23280558,410,28,1048.8129936507935,23.791666666666668,0.6848963722303404,0.7553300835464585,-0.40482084670504126,FALSE,30,10
133,6,-0.397010654,1.37222283,410,28,1048.8129936507935,23.791666666666668,0.6848963722303404,0.7553300835464585,-0.40482084670504126,FALSE,30,10
134,0,-0.397010654,2.20872633,211,11,711.3603253968254,8.416666666666666,0.35723051239040754,0.548753920251194,-0.8657687537122513,FALSE,30,10
134,1,-0.397010654,2.48756082,211,11,711.3603253968254,8.416666666666666,0.35723051239040754,0.548753920251194,-0.8657687537122513,FALSE,30,10
134,2,-0.604956031,2.62697807,211,11,711.3603253968254,8.416666666666666,0.35723051239040754,0.548753920251194,-0.8657687537122513,FALSE,30,10
134,3,-0.812901407,2.48756082,211,11,711.3603253968254,8.416666666666666,0.35723051239040754,0.548753920251194,-0.8657687537122513,FALSE,30,10
134,4,-0.812901407,2.20872633,211,11,711.3603253968254,8.416666666666666,0.35723051239040754,0.548753920251194,-0.8657687537122513,FALSE,30,10
134,5,-0.604956031,2.06930909,211,11,711.3603253968254,8.416666666666666,0.35723051239040754,0.548753920251194,-0.8657687537122513,FALSE,30,10
134,6,-0.397010654,2.20872633,211,11,711.3603253968254,8.416666666666666,0.35723051239040754,0.548753920251194,-0.8657687537122513,FALSE,30,10
135,0,-0.397010654,3.04522984,145,4,1340.8766682539683,3.4,0.07655757024916428,0.24627362809063233,-2,FALSE,30,10
135,1,-0.397010654,3.32406433,145,4,1340.8766682539683,3.4,0.07655757024916428,0.24627362809063233,-2,FALSE,30,10
135,2,-0.604956031,3.46348158,145,4,1340.8766682539683,3.4,0.07655757024916428,0.24627362809063233,-2,FALSE,30,10
135,3,-0.812901407,3.32406433,145,4,1340.8766682539683,3.4,0.07655757024916428,0.24627362809063233,-2,FALSE,30,10
135,4,-0.812901407,3.04522984,145,4,1340.8766682539683,3.4,0.07655757024916428,0.24627362809063233,-2,FALSE,30,10
135,5,-0.604956031,2.90581259,145,4,1340.8766682539683,3.4,0.07655757024916428,0.24627362809063233,-2,FALSE,30,10
135,6,-0.397010654,3.04522984,145,4,1340.8766682539683,3.4,0.07655757024916428,0.24627362809063233,-2,FALSE,30,10
136,0,-0.397010654,3.88173334,5,0,23.700333333333333,0,0,0.9272157834692568,0,TRUE,30,10
136,1,-0.397010654,4.16056783,5,0,23.700333333333333,0,0,0.9272157834692568,0,TRUE,30,10
136,2,-0.604956031,4.29998508,5,0,23.700333333333333,0,0,0.9272157834692568,0,TRUE,30,10
136,3,-0.812901407,4.16056783,5,0,23.700333333333333,0,0,0.9272157834692568,0,TRUE,30,10
136,4,-0.812901407,3.88173334,5,0,23.700333333333333,0,0,0.9272157834692568,0,TRUE,30,10
136,5,-0.604956031,3.7423161,5,0,23.700333333333333,0,0,0.9272157834692568,0,TRUE,30,10
136,6,-0.397010654,3.88173334,5,0,23.700333333333333,0,0,0.9272157834692568,0,TRUE,30,10
137,0,-0.397010654,4.71823685,1,0,1,0,0,0.9966988451501398,0,TRUE,30,10
137,1,-0.397010654,4.99707134,1,0,1,0,0,0.9966988451501398,0,TRUE,30,10
137,2,-0.604956031,5.13648859,1,0,1,0,0,0.9966988451501398,0,TRUE,30,10
137,3,-0.812901407,4.99707134,1,0,1,0,0,0.9966988451501398,0,TRUE,30,10
137,4,-0.812901407,4.71823685,1,0,1,0,0,0.9966988451501398,0,TRUE,30,10
137,5,-0.604956031,4.5788196,1,0,1,0,0,0.9966988451501398,0,TRUE,30,10
137,6,-0.397010654,4.71823685,1,0,1,0,0,0.9966988451501398,0,TRUE,30,10
138,0,-0.397010654,5.55474035,23,2,51.29483333333334,0.4,0.2354422647971124,0.8889701642896304,0,TRUE,30,10
138,1,-0.397010654,5.83357485,23,2,51.29483333333334,0.4,0.2354422647971124,0.8889701642896304,0,TRUE,30,10
138,2,-0.604956031,5.97299209,23,2,51.29483333333334,0.4,0.2354422647971124,0.8889701642896304,0,TRUE,30,10
138,3,-0.812901407,5.83357485,23,2,51.29483333333334,0.4,0.2354422647971124,0.8889701642896304,0,TRUE,30,10
138,4,-0.812901407,5.55474035,23,2,51.29483333333334,0.4,0.2354422647971124,0.8889701642896304,0,TRUE,30,10
138,5,-0.604956031,5.41532311,23,2,51.29483333333334,0.4,0.2354422647971124,0.8889701642896304,0,TRUE,30,10
138,6,-0.397010654,5.55474035,23,2,51.29483333333334,0.4,0.2354422647971124,0.8889701642896304,0,TRUE,30,10
139,0,-0.397010654,6.39124386,24,0,48.17205555555556,0,0,0.8624034334785718,0,TRUE,30,10
139,1,-0.397010654,6.67007835,24,0,48.17205555555556,0,0,0.8624034334785718,0,TRUE,30,10
139,2,-0.604956031,6.8094956,24,0,48.17205555555556,0,0,0.8624034334785718,0,TRUE,30,10
139,3,-0.812901407,6.67007835,24,0,48.17205555555556,0,0,0.8624034334785718,0,TRUE,30,10
139,4,-0.812901407,6.39124386,24,0,48.17205555555556,0,0,0.8624034334785718,0,TRUE,30,10
139,5,-0.604956031,6.25182661,24,0,48.17205555555556,0,0,0.8624034334785718,0,TRUE,30,10
139,6,-0.397010654,6.39124386,24,0,48.17205555555556,0,0,0.8624034334785718,0,TRUE,30,10
140,0,-0.397010654,7.22774737,27,2,56.227777777777774,2,1.0739328682097988,1.011607027348889,0,TRUE,30,10
140,1,-0.397010654,7.50658186,27,2,56.227777777777774,2,1.0739328682097988,1.011607027348889,0,TRUE,30,10
140,2,-0.604956031,7.6459991,27,2,56.227777777777774,2,1.0739328682097988,1.011607027348889,0,TRUE,30,10
140,3,-0.812901407,7.50658186,27,2,56.227777777777774,2,1.0739328682097988,1.011607027348889,0,TRUE,30,10
140,4,-0.812901407,7.22774737,27,2,56.227777777777774,2,1.0739328682097988,1.011607027348889,0,TRUE,30,10
140,5,-0.604956031,7.08833012,27,2,56.227777777777774,2,1.0739328682097988,1.011607027348889,0,TRUE,30,10
140,6,-0.397010654,7.22774737,27,2,56.227777777777774,2,1.0739328682097988,1.011607027348889,0,TRUE,30,10
141,0,-0.397010654,8.90075438,39,0,53.6705,0,0,0.8490683749881361,-0.23604735702858257,FALSE,30,10
141,1,-0.397010654,9.17958887,39,0,53.6705,0,0,0.8490683749881361,-0.23604735702858257,FALSE,30,10
141,2,-0.604956031,9.31900612,39,0,53.6705,0,0,0.8490683749881361,-0.23604735702858257,FALSE,30,10
141,3,-0.812901407,9.17958887,39,0,53.6705,0,0,0.8490683749881361,-0.23604735702858257,FALSE,30,10
141,4,-0.812901407,8.90075438,39,0,53.6705,0,0,0.8490683749881361,-0.23604735702858257,FALSE,30,10
141,5,-0.604956031,8.76133713,39,0,53.6705,0,0,0.8490683749881361,-0.23604735702858257,FALSE,30,10
141,6,-0.397010654,8.90075438,39,0,53.6705,0,0,0.8490683749881361,-0.23604735702858257,FALSE,30,10
142,0,-0.397010654,9.73725788,37,0,431.4799111111111,0,0,0.4116751601501565,-1.2804216936154005,FALSE,30,10
142,1,-0.397010654,10.0160924,37,0,431.4799111111111,0,0,0.4116751601501565,-1.2804216936154005,FALSE,30,10
142,2,-0.604956031,10.1555096,37,0,431.4799111111111,0,0,0.4116751601501565,-1.2804216936154005,FALSE,30,10
142,3,-0.812901407,10.0160924,37,0,431.4799111111111,0,0,0.4116751601501565,-1.2804216936154005,FALSE,30,10
142,4,-0.812901407,9.73725788,37,0,431.4799111111111,0,0,0.4116751601501565,-1.2804216936154005,FALSE,30,10
142,5,-0.604956031,9.59784064,37,0,431.4799111111111,0,0,0.4116751601501565,-1.2804216936154005,FALSE,30,10
142,6,-0.397010654,9.73725788,37,0,431.4799111111111,0,0,0.4116751601501565,-1.2804216936154005,FALSE,30,10
143,0,-0.397010654,10.5737614,348,1,4353.401672222222,1,0.0069353649408519,0.07134123906676515,-2,FALSE,30,10
143,1,-0.397010654,10.8525959,348,1,4353.401672222222,1,0.0069353649408519,0.07134123906676515,-2,FALSE,30,10
143,2,-0.604956031,10.9920131,348,1,4353.401672222222,1,0.0069353649408519,0.07134123906676515,-2,FALSE,30,10
143,3,-0.812901407,10.8525959,348,1,4353.401672222222,1,0.0069353649408519,0.07134123906676515,-2,FALSE,30,10
143,4,-0.812901407,10.5737614,348,1,4353.401672222222,1,0.0069353649408519,0.07134123906676515,-2,FALSE,30,10
143,5,-0.604956031,10.4343441,348,1,4353.401672222222,1,0.0069353649408519,0.07134123906676515,-2,FALSE,30,10
143,6,-0.397010654,10.5737614,348,1,4353.401672222222,1,0.0069353649408519,0.07134123906676515,-2,FALSE,30,10
144,0,0.0188800991,-6.99281223,17,2,22.212722222222222,2,2.7184807903257076,1.1177654344015004,0,TRUE,30,10
144,1,0.0188800991,-6.71397774,17,2,22.212722222222222,2,2.7184807903257076,1.1177654344015004,0,TRUE,30,10
144,2,-0.189065278,-6.57456049,17,2,22.212722222222222,2,2.7184807903257076,1.1177654344015004,0,TRUE,30,10
144,3,-0.397010654,-6.71397774,17,2,22.212722222222222,2,2.7184807903257076,1.1177654344015004,0,TRUE,30,10
144,4,-0.397010654,-6.99281223,17,2,22.212722222222222,2,2.7184807903257076,1.1177654344015004,0,TRUE,30,10
144,5,-0.189065278,-7.13222948,17,2,22.212722222222222,2,2.7184807903257076,1.1177654344015004,0,TRUE,30,10
144,6,0.0188800991,-6.99281223,17,2,22.212722222222222,2,2.7184807903257076,1.1177654344015004,0,TRUE,30,10
145,0,0.0188800991,-6.15630873,186,19,306.90472222222223,16.166666666666668,1.5904315101979762,1.2976307206223123,0.37587988000446704,FALSE,30,10
145,1,0.0188800991,-5.87747423,186,19,306.90472222222223,16.166666666666668,1.5904315101979762,1.2976307206223123,0.37587988000446704,FALSE,30,10
145,2,-0.189065278,-5.73805699,186,19,306.90472222222223,16.166666666666668,1.5904315101979762,1.2976307206223123,0.37587988000446704,FALSE,30,10
145,3,-0.397010654,-5.87747423,186,19,306.90472222222223,16.166666666666668,1.5904315101979762,1.2976307206223123,0.37587988000446704,FALSE,30,10
145,4,-0.397010654,-6.15630873,186,19,306.90472222222223,16.166666666666668,1.5904315101979762,1.2976307206223123,0.37587988000446704,FALSE,30,10
145,5,-0.189065278,-6.29572597,186,19,306.90472222222223,16.166666666666668,1.5904315101979762,1.2976307206223123,0.37587988000446704,FALSE,30,10
145,6,0.0188800991,-6.15630873,186,19,306.90472222222223,16.166666666666668,1.5904315101979762,1.2976307206223123,0.37587988000446704,FALSE,30,10
146,0,0.0188800991,-5.31980522,130,21,266.1608888888889,17.5,1.9851433300279224,1.4615621611329106,0.5475111891515578,FALSE,30,10
146,1,0.0188800991,-5.04097073,130,21,266.1608888888889,17.5,1.9851433300279224,1.4615621611329106,0.5475111891515578,FALSE,30,10
146,2,-0.189065278,-4.90155348,130,21,266.1608888888889,17.5,1.9851433300279224,1.4615621611329106,0.5475111891515578,FALSE,30,10
146,3,-0.397010654,-5.04097073,130,21,266.1608888888889,17.5,1.9851433300279224,1.4615621611329106,0.5475111891515578,FALSE,30,10
146,4,-0.397010654,-5.31980522,130,21,266.1608888888889,17.5,1.9851433300279224,1.4615621611329106,0.5475111891515578,FALSE,30,10
146,5,-0.189065278,-5.45922247,130,21,266.1608888888889,17.5,1.9851433300279224,1.4615621611329106,0.5475111891515578,FALSE,30,10
146,6,0.0188800991,-5.31980522,130,21,266.1608888888889,17.5,1.9851433300279224,1.4615621611329106,0.5475111891515578,FALSE,30,10
147,0,0.0188800991,-4.48330171,101,9,121.68490598290596,6.833333333333333,1.6954850077350785,1.1997832623089324,0.2627738103059908,FALSE,30,10
147,1,0.0188800991,-4.20446722,101,9,121.68490598290596,6.833333333333333,1.6954850077350785,1.1997832623089324,0.2627738103059908,FALSE,30,10
147,2,-0.189065278,-4.06504998,101,9,121.68490598290596,6.833333333333333,1.6954850077350785,1.1997832623089324,0.2627738103059908,FALSE,30,10
147,3,-0.397010654,-4.20446722,101,9,121.68490598290596,6.833333333333333,1.6954850077350785,1.1997832623089324,0.2627738103059908,FALSE,30,10
147,4,-0.397010654,-4.48330171,101,9,121.68490598290596,6.833333333333333,1.6954850077350785,1.1997832623089324,0.2627738103059908,FALSE,30,10
147,5,-0.189065278,-4.62271896,101,9,121.68490598290596,6.833333333333333,1.6954850077350785,1.1997832623089324,0.2627738103059908,FALSE,30,10
147,6,0.0188800991,-4.48330171,101,9,121.68490598290596,6.833333333333333,1.6954850077350785,1.1997832623089324,0.2627738103059908,FALSE,30,10
148,0,0.0188800991,-3.64679821,207,18,360.1438888888889,15.183333333333334,1.2728849018919524,1.148440647698945,0.19967629904670228,FALSE,30,10
148,1,0.0188800991,-3.36796372,207,18,360.1438888888889,15.183333333333334,1.2728849018919524,1.148440647698945,0.19967629904670228,FALSE,30,10
148,2,-0.189065278,-3.22854647,207,18,360.1438888888889,15.183333333333334,1.2728849018919524,1.148440647698945,0.19967629904670228,FALSE,30,10
148,3,-0.397010654,-3.36796372,207,18,360.1438888888889,15.183333333333334,1.2728849018919524,1.148440647698945,0.19967629904670228,FALSE,30,10
148,4,-0.397010654,-3.64679821,207,18,360.1438888888889,15.183333333333334,1.2728849018919524,1.148440647698945,0.19967629904670228,FALSE,30,10
148,5,-0.189065278,-3.78621545,207,18,360.1438888888889,15.183333333333334,1.2728849018919524,1.148440647698945,0.19967629904670228,FALSE,30,10
148,6,0.0188800991,-3.64679821,207,18,360.1438888888889,15.183333333333334,1.2728849018919524,1.148440647698945,0.19967629904670228,FALSE,30,10
149,0,0.0188800991,-2.8102947,166,12,412.2797,10.666666666666666,0.7811507079548449,0.8736675777301959,-0.1948436426067332,FALSE,30,10
149,1,0.0188800991,-2.53146021,166,12,412.2797,10.666666666666666,0.7811507079548449,0.8736675777301959,-0.1948436426067332,FALSE,30,10
149,2,-0.189065278,-2.39204296,166,12,412.2797,10.666666666666666,0.7811507079548449,0.8736675777301959,-0.1948436426067332,FALSE,30,10
149,3,-0.397010654,-2.53146021,166,12,412.2797,10.666666666666666,0.7811507079548449,0.8736675777301959,-0.1948436426067332,FALSE,30,10
149,4,-0.397010654,-2.8102947,166,12,412.2797,10.666666666666666,0.7811507079548449,0.8736675777301959,-0.1948436426067332,FALSE,30,10
149,5,-0.189065278,-2.94971195,166,12,412.2797,10.666666666666666,0.7811507079548449,0.8736675777301959,-0.1948436426067332,FALSE,30,10
149,6,0.0188800991,-2.8102947,166,12,412.2797,10.666666666666666,0.7811507079548449,0.8736675777301959,-0.1948436426067332,FALSE,30,10
150,0,0.0188800991,-1.9737912,94,9,182.91844444444445,7.583333333333333,1.251701305766574,1.094960298938824,0.13087856155025707,FALSE,30,10
150,1,0.0188800991,-1.6949567,94,9,182.91844444444445,7.583333333333333,1.251701305766574,1.094960298938824,0.13087856155025707,FALSE,30,10
150,2,-0.189065278,-1.55553946,94,9,182.91844444444445,7.583333333333333,1.251701305766574,1.094960298938824,0.13087856155025707,FALSE,30,10
150,3,-0.397010654,-1.6949567,94,9,182.91844444444445,7.583333333333333,1.251701305766574,1.094960298938824,0.13087856155025707,FALSE,30,10
150,4,-0.397010654,-1.9737912,94,9,182.91844444444445,7.583333333333333,1.251701305766574,1.094960298938824,0.13087856155025707,FALSE,30,10
150,5,-0.189065278,-2.11320844,94,9,182.91844444444445,7.583333333333333,1.251701305766574,1.094960298938824,0.13087856155025707,FALSE,30,10
150,6,0.0188800991,-1.9737912,94,9,182.91844444444445,7.583333333333333,1.251701305766574,1.094960298938824,0.13087856155025707,FALSE,30,10
151,0,0.0188800991,-1.13728769,180,37,347.04027777777776,31.85,2.7709431318728717,1.9470295048370336,0.96127474649249,FALSE,30,10
151,1,0.0188800991,-0.858453199,180,37,347.04027777777776,31.85,2.7709431318728717,1.9470295048370336,0.96127474649249,FALSE,30,10
151,2,-0.189065278,-0.719035953,180,37,347.04027777777776,31.85,2.7709431318728717,1.9470295048370336,0.96127474649249,FALSE,30,10
151,3,-0.397010654,-0.858453199,180,37,347.04027777777776,31.85,2.7709431318728717,1.9470295048370336,0.96127474649249,FALSE,30,10
151,4,-0.397010654,-1.13728769,180,37,347.04027777777776,31.85,2.7709431318728717,1.9470295048370336,0.96127474649249,FALSE,30,10
151,5,-0.189065278,-1.27670494,180,37,347.04027777777776,31.85,2.7709431318728717,1.9470295048370336,0.96127474649249,FALSE,30,10
151,6,0.0188800991,-1.13728769,180,37,347.04027777777776,31.85,2.7709431318728717,1.9470295048370336,0.96127474649249,FALSE,30,10
152,0,0.0188800991,-0.300784186,220,16,442.8927984126984,11,0.7498806118117592,0.8512707656643835,-0.2323100086282935,FALSE,30,10
152,1,0.0188800991,-0.0219496936,220,16,442.8927984126984,11,0.7498806118117592,0.8512707656643835,-0.2323100086282935,FALSE,30,10
152,2,-0.189065278,0.117467552,220,16,442.8927984126984,11,0.7498806118117592,0.8512707656643835,-0.2323100086282935,FALSE,30,10
152,3,-0.397010654,-0.0219496936,220,16,442.8927984126984,11,0.7498806118117592,0.8512707656643835,-0.2323100086282935,FALSE,30,10
152,4,-0.397010654,-0.300784186,220,16,442.8927984126984,11,0.7498806118117592,0.8512707656643835,-0.2323100086282935,FALSE,30,10
152,5,-0.189065278,-0.440201432,220,16,442.8927984126984,11,0.7498806118117592,0.8512707656643835,-0.2323100086282935,FALSE,30,10
152,6,0.0188800991,-0.300784186,220,16,442.8927984126984,11,0.7498806118117592,0.8512707656643835,-0.2323100086282935,FALSE,30,10
153,0,0.0188800991,0.53571932,243,7,539.139146031746,6.5,0.36400768168258457,0.5923157049260646,-0.7555617559795501,FALSE,30,10
153,1,0.0188800991,0.814553812,243,7,539.139146031746,6.5,0.36400768168258457,0.5923157049260646,-0.7555617559795501,FALSE,30,10
153,2,-0.189065278,0.953971058,243,7,539.139146031746,6.5,0.36400768168258457,0.5923157049260646,-0.7555617559795501,FALSE,30,10
153,3,-0.397010654,0.814553812,243,7,539.139146031746,6.5,0.36400768168258457,0.5923157049260646,-0.7555617559795501,FALSE,30,10
153,4,-0.397010654,0.53571932,243,7,539.139146031746,6.5,0.36400768168258457,0.5923157049260646,-0.7555617559795501,FALSE,30,10
153,5,-0.189065278,0.396302074,243,7,539.139146031746,6.5,0.36400768168258457,0.5923157049260646,-0.7555617559795501,FALSE,30,10
153,6,0.0188800991,0.53571932,243,7,539.139146031746,6.5,0.36400768168258457,0.5923157049260646,-0.7555617559795501,FALSE,30,10
154,0,0.0188800991,1.37222283,367,9,1108.8594737373735,6.616666666666666,0.18016100819937905,0.35561618000454137,-1.491607128758842,FALSE,30,10
154,1,0.0188800991,1.65105732,367,9,1108.8594737373735,6.616666666666666,0.18016100819937905,0.35561618000454137,-1.491607128758842,FALSE,30,10
154,2,-0.189065278,1.79047456,367,9,1108.8594737373735,6.616666666666666,0.18016100819937905,0.35561618000454137,-1.491607128758842,FALSE,30,10
154,3,-0.397010654,1.65105732,367,9,1108.8594737373735,6.616666666666666,0.18016100819937905,0.35561618000454137,-1.491607128758842,FALSE,30,10
154,4,-0.397010654,1.37222283,367,9,1108.8594737373735,6.616666666666666,0.18016100819937905,0.35561618000454137,-1.491607128758842,FALSE,30,10
154,5,-0.189065278,1.23280558,367,9,1108.8594737373735,6.616666666666666,0.18016100819937905,0.35561618000454137,-1.491607128758842,FALSE,30,10
154,6,0.0188800991,1.37222283,367,9,1108.8594737373735,6.616666666666666,0.18016100819937905,0.35561618000454137,-1.491607128758842,FALSE,30,10
155,0,0.0188800991,2.20872633,139,4,320.6410436507936,4,0.3766508365517705,0.6789552606595678,-0.5586115827901262,FALSE,30,10
155,1,0.0188800991,2.48756082,139,4,320.6410436507936,4,0.3766508365517705,0.6789552606595678,-0.5586115827901262,FALSE,30,10
155,2,-0.189065278,2.62697807,139,4,320.6410436507936,4,0.3766508365517705,0.6789552606595678,-0.5586115827901262,FALSE,30,10
155,3,-0.397010654,2.48756082,139,4,320.6410436507936,4,0.3766508365517705,0.6789552606595678,-0.5586115827901262,FALSE,30,10
155,4,-0.397010654,2.20872633,139,4,320.6410436507936,4,0.3766508365517705,0.6789552606595678,-0.5586115827901262,FALSE,30,10
155,5,-0.189065278,2.06930909,139,4,320.6410436507936,4,0.3766508365517705,0.6789552606595678,-0.5586115827901262,FALSE,30,10
155,6,0.0188800991,2.20872633,139,4,320.6410436507936,4,0.3766508365517705,0.6789552606595678,-0.5586115827901262,FALSE,30,10
156,0,0.0188800991,3.04522984,17,0,41.858266666666665,0,0,0.8782420298762774,0,TRUE,30,10
156,1,0.0188800991,3.32406433,17,0,41.858266666666665,0,0,0.8782420298762774,0,TRUE,30,10
156,2,-0.189065278,3.46348158,17,0,41.858266666666665,0,0,0.8782420298762774,0,TRUE,30,10
156,3,-0.397010654,3.32406433,17,0,41.858266666666665,0,0,0.8782420298762774,0,TRUE,30,10
156,4,-0.397010654,3.04522984,17,0,41.858266666666665,0,0,0.8782420298762774,0,TRUE,30,10
156,5,-0.189065278,2.90581259,17,0,41.858266666666665,0,0,0.8782420298762774,0,TRUE,30,10
156,6,0.0188800991,3.04522984,17,0,41.858266666666665,0,0,0.8782420298762774,0,TRUE,30,10
157,0,0.0188800991,3.88173334,33,0,76.75322222222222,0,0,0.7973124384889978,-0.3267829188146913,FALSE,30,10
157,1,0.0188800991,4.16056783,33,0,76.75322222222222,0,0,0.7973124384889978,-0.3267829188146913,FALSE,30,10
157,2,-0.189065278,4.29998508,33,0,76.75322222222222,0,0,0.7973124384889978,-0.3267829188146913,FALSE,30,10
157,3,-0.397010654,4.16056783,33,0,76.75322222222222,0,0,0.7973124384889978,-0.3267829188146913,FALSE,30,10
157,4,-0.397010654,3.88173334,33,0,76.75322222222222,0,0,0.7973124384889978,-0.3267829188146913,FALSE,30,10
157,5,-0.189065278,3.7423161,33,0,76.75322222222222,0,0,0.7973124384889978,-0.3267829188146913,FALSE,30,10
157,6,0.0188800991,3.88173334,33,0,76.75322222222222,0,0,0.7973124384889978,-0.3267829188146913,FALSE,30,10
158,0,0.0188800991,4.71823685,204,0,372.4081111111111,0,0,0.44773807595537135,-1.1592730836456866,FALSE,30,10
158,1,0.0188800991,4.99707134,204,0,372.4081111111111,0,0,0.44773807595537135,-1.1592730836456866,FALSE,30,10
158,2,-0.189065278,5.13648859,204,0,372.4081111111111,0,0,0.44773807595537135,-1.1592730836456866,FALSE,30,10
158,3,-0.397010654,4.99707134,204,0,372.4081111111111,0,0,0.44773807595537135,-1.1592730836456866,FALSE,30,10
158,4,-0.397010654,4.71823685,204,0,372.4081111111111,0,0,0.44773807595537135,-1.1592730836456866,FALSE,30,10
158,5,-0.189065278,4.5788196,204,0,372.4081111111111,0,0,0.44773807595537135,-1.1592730836456866,FALSE,30,10
158,6,0.0188800991,4.71823685,204,0,372.4081111111111,0,0,0.44773807595537135,-1.1592730836456866,FALSE,30,10
159,0,0.0188800991,5.55474035,176,1,467.6457380952382,0.3333333333333333,0.02152086994594985,0.4054061666752936,-1.3025600609315866,FALSE,30,10
159,1,0.0188800991,5.83357485,176,1,467.6457380952382,0.3333333333333333,0.02152086994594985,0.4054061666752936,-1.3025600609315866,FALSE,30,10
159,2,-0.189065278,5.97299209,176,1,467.6457380952382,0.3333333333333333,0.02152086994594985,0.4054061666752936,-1.3025600609315866,FALSE,30,10
159,3,-0.397010654,5.83357485,176,1,467.6457380952382,0.3333333333333333,0.02152086994594985,0.4054061666752936,-1.3025600609315866,FALSE,30,10
159,4,-0.397010654,5.55474035,176,1,467.6457380952382,0.3333333333333333,0.02152086994594985,0.4054061666752936,-1.3025600609315866,FALSE,30,10
159,5,-0.189065278,5.41532311,176,1,467.6457380952382,0.3333333333333333,0.02152086994594985,0.4054061666752936,-1.3025600609315866,FALSE,30,10
159,6,0.0188800991,5.55474035,176,1,467.6457380952382,0.3333333333333333,0.02152086994594985,0.4054061666752936,-1.3025600609315866,FALSE,30,10
160,0,0.0188800991,6.39124386,19,0,36.383066666666664,0,0,0.8924555863366324,0,TRUE,30,10
160,1,0.0188800991,6.67007835,19,0,36.383066666666664,0,0,0.8924555863366324,0,TRUE,30,10
160,2,-0.189065278,6.8094956,19,0,36.383066666666664,0,0,0.8924555863366324,0,TRUE,30,10
160,3,-0.397010654,6.67007835,19,0,36.383066666666664,0,0,0.8924555863366324,0,TRUE,30,10
160,4,-0.397010654,6.39124386,19,0,36.383066666666664,0,0,0.8924555863366324,0,TRUE,30,10
160,5,-0.189065278,6.25182661,19,0,36.383066666666664,0,0,0.8924555863366324,0,TRUE,30,10
160,6,0.0188800991,6.39124386,19,0,36.383066666666664,0,0,0.8924555863366324,0,TRUE,30,10
161,0,0.0188800991,7.22774737,3,0,28.164666666666665,0,0,0.9146755266559716,0,TRUE,30,10
161,1,0.0188800991,7.50658186,3,0,28.164666666666665,0,0,0.9146755266559716,0,TRUE,30,10
161,2,-0.189065278,7.6459991,3,0,28.164666666666665,0,0,0.9146755266559716,0,TRUE,30,10
161,3,-0.397010654,7.50658186,3,0,28.164666666666665,0,0,0.9146755266559716,0,TRUE,30,10
161,4,-0.397010654,7.22774737,3,0,28.164666666666665,0,0,0.9146755266559716,0,TRUE,30,10
161,5,-0.189065278,7.08833012,3,0,28.164666666666665,0,0,0.9146755266559716,0,TRUE,30,10
161,6,0.0188800991,7.22774737,3,0,28.164666666666665,0,0,0.9146755266559716,0,TRUE,30,10
163,0,0.0188800991,8.90075438,9,0,21.497333333333337,0,0,0.9335315527398038,0,TRUE,30,10
163,1,0.0188800991,9.17958887,9,0,21.497333333333337,0,0,0.9335315527398038,0,TRUE,30,10
163,2,-0.189065278,9.31900612,9,0,21.497333333333337,0,0,0.9335315527398038,0,TRUE,30,10
163,3,-0.397010654,9.17958887,9,0,21.497333333333337,0,0,0.9335315527398038,0,TRUE,30,10
163,4,-0.397010654,8.90075438,9,0,21.497333333333337,0,0,0.9335315527398038,0,TRUE,30,10
163,5,-0.189065278,8.76133713,9,0,21.497333333333337,0,0,0.9335315527398038,0,TRUE,30,10
163,6,0.0188800991,8.90075438,9,0,21.497333333333337,0,0,0.9335315527398038,0,TRUE,30,10
164,0,0.0188800991,9.73725788,16,0,81.26457142857143,0,0,0.7879255403622843,0,TRUE,30,10
164,1,0.0188800991,10.0160924,16,0,81.26457142857143,0,0,0.7879255403622843,0,TRUE,30,10
164,2,-0.189065278,10.1555096,16,0,81.26457142857143,0,0,0.7879255403622843,0,TRUE,30,10
164,3,-0.397010654,10.0160924,16,0,81.26457142857143,0,0,0.7879255403622843,0,TRUE,30,10
164,4,-0.397010654,9.73725788,16,0,81.26457142857143,0,0,0.7879255403622843,0,TRUE,30,10
164,5,-0.189065278,9.59784064,16,0,81.26457142857143,0,0,0.7879255403622843,0,TRUE,30,10
164,6,0.0188800991,9.73725788,16,0,81.26457142857143,0,0,0.7879255403622843,0,TRUE,30,10
165,0,0.0188800991,10.5737614,7,0,67.746,0,0,0.816739399334874,0,TRUE,30,10
165,1,0.0188800991,10.8525959,7,0,67.746,0,0,0.816739399334874,0,TRUE,30,10
165,2,-0.189065278,10.9920131,7,0,67.746,0,0,0.816739399334874,0,TRUE,30,10
165,3,-0.397010654,10.8525959,7,0,67.746,0,0,0.816739399334874,0,TRUE,30,10
165,4,-0.397010654,10.5737614,7,0,67.746,0,0,0.816739399334874,0,TRUE,30,10
165,5,-0.189065278,10.4343441,7,0,67.746,0,0,0.816739399334874,0,TRUE,30,10
165,6,0.0188800991,10.5737614,7,0,67.746,0,0,0.816739399334874,0,TRUE,30,10
166,0,0.434770852,-6.99281223,6,1,8.857333333333333,0.5,1.7043746799813362,1.0200748075088737,0,TRUE,30,10
166,1,0.434770852,-6.71397774,6,1,8.857333333333333,0.5,1.7043746799813362,1.0200748075088737,0,TRUE,30,10
166,2,0.226825476,-6.57456049,6,1,8.857333333333333,0.5,1.7043746799813362,1.0200748075088737,0,TRUE,30,10
166,3,0.0188800991,-6.71397774,6,1,8.857333333333333,0.5,1.7043746799813362,1.0200748075088737,0,TRUE,30,10
166,4,0.0188800991,-6.99281223,6,1,8.857333333333333,0.5,1.7043746799813362,1.0200748075088737,0,TRUE,30,10
166,5,0.226825476,-7.13222948,6,1,8.857333333333333,0.5,1.7043746799813362,1.0200748075088737,0,TRUE,30,10
166,6,0.434770852,-6.99281223,6,1,8.857333333333333,0.5,1.7043746799813362,1.0200748075088737,0,TRUE,30,10
167,0,0.434770852,-6.15630873,236,29,386.3953111111111,22.083333333333332,1.7255630746184834,1.4073023173353072,0.4929322822844032,FALSE,30,10
167,1,0.434770852,-5.87747423,236,29,386.3953111111111,22.083333333333332,1.7255630746184834,1.4073023173353072,0.4929322822844032,FALSE,30,10
167,2,0.226825476,-5.73805699,236,29,386.3953111111111,22.083333333333332,1.7255630746184834,1.4073023173353072,0.4929322822844032,FALSE,30,10
167,3,0.0188800991,-5.87747423,236,29,386.3953111111111,22.083333333333332,1.7255630746184834,1.4073023173353072,0.4929322822844032,FALSE,30,10
167,4,0.0188800991,-6.15630873,236,29,386.3953111111111,22.083333333333332,1.7255630746184834,1.4073023173353072,0.4929322822844032,FALSE,30,10
167,5,0.226825476,-6.29572597,236,29,386.3953111111111,22.083333333333332,1.7255630746184834,1.4073023173353072,0.4929322822844032,FALSE,30,10
167,6,0.434770852,-6.15630873,236,29,386.3953111111111,22.083333333333332,1.7255630746184834,1.4073023173353072,0.4929322822844032,FALSE,30,10
168,0,0.434770852,-5.31980522,355,35,596.2988555555555,26.916666666666668,1.3628729094266334,1.2408986017300492,0.3113852325046447,FALSE,30,10
168,1,0.434770852,-5.04097073,355,35,596.2988555555555,26.916666666666668,1.3628729094266334,1.2408986017300492,0.3113852325046447,FALSE,30,10
168,2,0.226825476,-4.90155348,355,35,596.2988555555555,26.916666666666668,1.3628729094266334,1.2408986017300492,0.3113852325046447,FALSE,30,10
168,3,0.0188800991,-5.04097073,355,35,596.2988555555555,26.916666666666668,1.3628729094266334,1.2408986017300492,0.3113852325046447,FALSE,30,10
168,4,0.0188800991,-5.31980522,355,35,596.2988555555555,26.916666666666668,1.3628729094266334,1.2408986017300492,0.3113852325046447,FALSE,30,10
168,5,0.226825476,-5.45922247,355,35,596.2988555555555,26.916666666666668,1.3628729094266334,1.2408986017300492,0.3113852325046447,FALSE,30,10
168,6,0.434770852,-5.31980522,355,35,596.2988555555555,26.916666666666668,1.3628729094266334,1.2408986017300492,0.3113852325046447,FALSE,30,10
169,0,0.434770852,-4.48330171,229,28,404.27422222222225,22.344444444444445,1.668751116805007,1.3828368817837635,0.4676309874929282,FALSE,30,10
169,1,0.434770852,-4.20446722,229,28,404.27422222222225,22.344444444444445,1.668751116805007,1.3828368817837635,0.4676309874929282,FALSE,30,10
169,2,0.226825476,-4.06504998,229,28,404.27422222222225,22.344444444444445,1.668751116805007,1.3828368817837635,0.4676309874929282,FALSE,30,10
169,3,0.0188800991,-4.20446722,229,28,404.27422222222225,22.344444444444445,1.668751116805007,1.3828368817837635,0.4676309874929282,FALSE,30,10
169,4,0.0188800991,-4.48330171,229,28,404.27422222222225,22.344444444444445,1.668751116805007,1.3828368817837635,0.4676309874929282,FALSE,30,10
169,5,0.226825476,-4.62271896,229,28,404.27422222222225,22.344444444444445,1.668751116805007,1.3828368817837635,0.4676309874929282,FALSE,30,10
169,6,0.434770852,-4.48330171,229,28,404.27422222222225,22.344444444444445,1.668751116805007,1.3828368817837635,0.4676309874929282,FALSE,30,10
170,0,0.434770852,-3.64679821,328,52,581.6442333333333,45.9,2.382611959117621,1.910159482495135,0.9336930963759416,FALSE,30,10
170,1,0.434770852,-3.36796372,328,52,581.6442333333333,45.9,2.382611959117621,1.910159482495135,0.9336930963759416,FALSE,30,10
170,2,0.226825476,-3.22854647,328,52,581.6442333333333,45.9,2.382611959117621,1.910159482495135,0.9336930963759416,FALSE,30,10
170,3,0.0188800991,-3.36796372,328,52,581.6442333333333,45.9,2.382611959117621,1.910159482495135,0.9336930963759416,FALSE,30,10
170,4,0.0188800991,-3.64679821,328,52,581.6442333333333,45.9,2.382611959117621,1.910159482495135,0.9336930963759416,FALSE,30,10
170,5,0.226825476,-3.78621545,328,52,581.6442333333333,45.9,2.382611959117621,1.910159482495135,0.9336930963759416,FALSE,30,10
170,6,0.434770852,-3.64679821,328,52,581.6442333333333,45.9,2.382611959117621,1.910159482495135,0.9336930963759416,FALSE,30,10
171,0,0.434770852,-2.8102947,323,30,819.8569428571428,24.216666666666665,0.8918141187133162,0.9209320471475512,-0.11883338684438728,FALSE,30,10
171,1,0.434770852,-2.53146021,323,30,819.8569428571428,24.216666666666665,0.8918141187133162,0.9209320471475512,-0.11883338684438728,FALSE,30,10
171,2,0.226825476,-2.39204296,323,30,819.8569428571428,24.216666666666665,0.8918141187133162,0.9209320471475512,-0.11883338684438728,FALSE,30,10
171,3,0.0188800991,-2.53146021,323,30,819.8569428571428,24.216666666666665,0.8918141187133162,0.9209320471475512,-0.11883338684438728,FALSE,30,10
171,4,0.0188800991,-2.8102947,323,30,819.8569428571428,24.216666666666665,0.8918141187133162,0.9209320471475512,-0.11883338684438728,FALSE,30,10
171,5,0.226825476,-2.94971195,323,30,819.8569428571428,24.216666666666665,0.8918141187133162,0.9209320471475512,-0.11883338684438728,FALSE,30,10
171,6,0.434770852,-2.8102947,323,30,819.8569428571428,24.216666666666665,0.8918141187133162,0.9209320471475512,-0.11883338684438728,FALSE,30,10
172,0,0.434770852,-1.9737912,99,9,311.5692222222222,6.833333333333333,0.6621800840601594,0.8284345542441751,-0.271540364847716,FALSE,30,10
172,1,0.434770852,-1.6949567,99,9,311.5692222222222,6.833333333333333,0.6621800840601594,0.8284345542441751,-0.271540364847716,FALSE,30,10
172,2,0.226825476,-1.55553946,99,9,311.5692222222222,6.833333333333333,0.6621800840601594,0.8284345542441751,-0.271540364847716,FALSE,30,10
172,3,0.0188800991,-1.6949567,99,9,311.5692222222222,6.833333333333333,0.6621800840601594,0.8284345542441751,-0.271540364847716,FALSE,30,10
172,4,0.0188800991,-1.9737912,99,9,311.5692222222222,6.833333333333333,0.6621800840601594,0.8284345542441751,-0.271540364847716,FALSE,30,10
172,5,0.226825476,-2.11320844,99,9,311.5692222222222,6.833333333333333,0.6621800840601594,0.8284345542441751,-0.271540364847716,FALSE,30,10
172,6,0.434770852,-1.9737912,99,9,311.5692222222222,6.833333333333333,0.6621800840601594,0.8284345542441751,-0.271540364847716,FALSE,30,10
173,0,0.434770852,-1.13728769,206,46,441.57749206349206,40.7,2.782822711430314,2.0588466594091845,1.0418363836622608,FALSE,30,10
173,1,0.434770852,-0.858453199,206,46,441.57749206349206,40.7,2.782822711430314,2.0588466594091845,1.0418363836622608,FALSE,30,10
173,2,0.226825476,-0.719035953,206,46,441.57749206349206,40.7,2.782822711430314,2.0588466594091845,1.0418363836622608,FALSE,30,10
173,3,0.0188800991,-0.858453199,206,46,441.57749206349206,40.7,2.782822711430314,2.0588466594091845,1.0418363836622608,FALSE,30,10
173,4,0.0188800991,-1.13728769,206,46,441.57749206349206,40.7,2.782822711430314,2.0588466594091845,1.0418363836622608,FALSE,30,10
173,5,0.226825476,-1.27670494,206,46,441.57749206349206,40.7,2.782822711430314,2.0588466594091845,1.0418363836622608,FALSE,30,10
173,6,0.434770852,-1.13728769,206,46,441.57749206349206,40.7,2.782822711430314,2.0588466594091845,1.0418363836622608,FALSE,30,10
174,0,0.434770852,-0.300784186,272,17,718.8003888888888,15.416666666666666,0.6475603325313427,0.7518098910955513,-0.4115601987394325,FALSE,30,10
174,1,0.434770852,-0.0219496936,272,17,718.8003888888888,15.416666666666666,0.6475603325313427,0.7518098910955513,-0.4115601987394325,FALSE,30,10
174,2,0.226825476,0.117467552,272,17,718.8003888888888,15.416666666666666,0.6475603325313427,0.7518098910955513,-0.4115601987394325,FALSE,30,10
174,3,0.0188800991,-0.0219496936,272,17,718.8003888888888,15.416666666666666,0.6475603325313427,0.7518098910955513,-0.4115601987394325,FALSE,30,10
174,4,0.0188800991,-0.300784186,272,17,718.8003888888888,15.416666666666666,0.6475603325313427,0.7518098910955513,-0.4115601987394325,FALSE,30,10
174,5,0.226825476,-0.440201432,272,17,718.8003888888888,15.416666666666666,0.6475603325313427,0.7518098910955513,-0.4115601987394325,FALSE,30,10
174,6,0.434770852,-0.300784186,272,17,718.8003888888888,15.416666666666666,0.6475603325313427,0.7518098910955513,-0.4115601987394325,FALSE,30,10
175,0,0.434770852,0.53571932,225,7,690.0288555555555,5.5,0.24065422769410336,0.4717789899305715,-1.0838169234441466,FALSE,30,10
175,1,0.434770852,0.814553812,225,7,690.0288555555555,5.5,0.24065422769410336,0.4717789899305715,-1.0838169234441466,FALSE,30,10
175,2,0.226825476,0.953971058,225,7,690.0288555555555,5.5,0.24065422769410336,0.4717789899305715,-1.0838169234441466,FALSE,30,10
175,3,0.0188800991,0.814553812,225,7,690.0288555555555,5.5,0.24065422769410336,0.4717789899305715,-1.0838169234441466,FALSE,30,10
175,4,0.0188800991,0.53571932,225,7,690.0288555555555,5.5,0.24065422769410336,0.4717789899305715,-1.0838169234441466,FALSE,30,10
175,5,0.226825476,0.396302074,225,7,690.0288555555555,5.5,0.24065422769410336,0.4717789899305715,-1.0838169234441466,FALSE,30,10
175,6,0.434770852,0.53571932,225,7,690.0288555555555,5.5,0.24065422769410336,0.4717789899305715,-1.0838169234441466,FALSE,30,10
176,0,0.434770852,1.37222283,232,4,923.779819047619,3.25,0.1062216269530932,0.3263835738186622,-1.6153596434807744,FALSE,30,10
176,1,0.434770852,1.65105732,232,4,923.779819047619,3.25,0.1062216269530932,0.3263835738186622,-1.6153596434807744,FALSE,30,10
176,2,0.226825476,1.79047456,232,4,923.779819047619,3.25,0.1062216269530932,0.3263835738186622,-1.6153596434807744,FALSE,30,10
176,3,0.0188800991,1.65105732,232,4,923.779819047619,3.25,0.1062216269530932,0.3263835738186622,-1.6153596434807744,FALSE,30,10
176,4,0.0188800991,1.37222283,232,4,923.779819047619,3.25,0.1062216269530932,0.3263835738186622,-1.6153596434807744,FALSE,30,10
176,5,0.226825476,1.23280558,232,4,923.779819047619,3.25,0.1062216269530932,0.3263835738186622,-1.6153596434807744,FALSE,30,10
176,6,0.434770852,1.37222283,232,4,923.779819047619,3.25,0.1062216269530932,0.3263835738186622,-1.6153596434807744,FALSE,30,10
177,0,0.434770852,2.20872633,103,3,186.3893,2.2,0.3563688716473923,0.7543259964181406,-0.4067399483514026,FALSE,30,10
177,1,0.434770852,2.48756082,103,3,186.3893,2.2,0.3563688716473923,0.7543259964181406,-0.4067399483514026,FALSE,30,10
177,2,0.226825476,2.62697807,103,3,186.3893,2.2,0.3563688716473923,0.7543259964181406,-0.4067399483514026,FALSE,30,10
177,3,0.0188800991,2.48756082,103,3,186.3893,2.2,0.3563688716473923,0.7543259964181406,-0.4067399483514026,FALSE,30,10
177,4,0.0188800991,2.20872633,103,3,186.3893,2.2,0.3563688716473923,0.7543259964181406,-0.4067399483514026,FALSE,30,10
177,5,0.226825476,2.06930909,103,3,186.3893,2.2,0.3563688716473923,0.7543259964181406,-0.4067399483514026,FALSE,30,10
177,6,0.434770852,2.20872633,103,3,186.3893,2.2,0.3563688716473923,0.7543259964181406,-0.4067399483514026,FALSE,30,10
178,0,0.434770852,3.04522984,30,3,68.14388888888888,3,1.3292063231175095,1.0606196376320651,0.08490736569021672,FALSE,30,10
178,1,0.434770852,3.32406433,30,3,68.14388888888888,3,1.3292063231175095,1.0606196376320651,0.08490736569021672,FALSE,30,10
178,2,0.226825476,3.46348158,30,3,68.14388888888888,3,1.3292063231175095,1.0606196376320651,0.08490736569021672,FALSE,30,10
178,3,0.0188800991,3.32406433,30,3,68.14388888888888,3,1.3292063231175095,1.0606196376320651,0.08490736569021672,FALSE,30,10
178,4,0.0188800991,3.04522984,30,3,68.14388888888888,3,1.3292063231175095,1.0606196376320651,0.08490736569021672,FALSE,30,10
178,5,0.226825476,2.90581259,30,3,68.14388888888888,3,1.3292063231175095,1.0606196376320651,0.08490736569021672,FALSE,30,10
178,6,0.434770852,3.04522984,30,3,68.14388888888888,3,1.3292063231175095,1.0606196376320651,0.08490736569021672,FALSE,30,10
179,0,0.434770852,3.88173334,51,0,120.16848888888887,0,0,0.7153031419704919,-0.48337331630704305,FALSE,30,10
179,1,0.434770852,4.16056783,51,0,120.16848888888887,0,0,0.7153031419704919,-0.48337331630704305,FALSE,30,10
179,2,0.226825476,4.29998508,51,0,120.16848888888887,0,0,0.7153031419704919,-0.48337331630704305,FALSE,30,10
179,3,0.0188800991,4.16056783,51,0,120.16848888888887,0,0,0.7153031419704919,-0.48337331630704305,FALSE,30,10
179,4,0.0188800991,3.88173334,51,0,120.16848888888887,0,0,0.7153031419704919,-0.48337331630704305,FALSE,30,10
179,5,0.226825476,3.7423161,51,0,120.16848888888887,0,0,0.7153031419704919,-0.48337331630704305,FALSE,30,10
179,6,0.434770852,3.88173334,51,0,120.16848888888887,0,0,0.7153031419704919,-0.48337331630704305,FALSE,30,10
180,0,0.434770852,4.71823685,279,0,600.4507444444445,0,0,0.33458848114989703,-1.579540316199601,FALSE,30,10
180,1,0.434770852,4.99707134,279,0,600.4507444444445,0,0,0.33458848114989703,-1.579540316199601,FALSE,30,10
180,2,0.226825476,5.13648859,279,0,600.4507444444445,0,0,0.33458848114989703,-1.579540316199601,FALSE,30,10
180,3,0.0188800991,4.99707134,279,0,600.4507444444445,0,0,0.33458848114989703,-1.579540316199601,FALSE,30,10
180,4,0.0188800991,4.71823685,279,0,600.4507444444445,0,0,0.33458848114989703,-1.579540316199601,FALSE,30,10
180,5,0.226825476,4.5788196,279,0,600.4507444444445,0,0,0.33458848114989703,-1.579540316199601,FALSE,30,10
180,6,0.434770852,4.71823685,279,0,600.4507444444445,0,0,0.33458848114989703,-1.579540316199601,FALSE,30,10
181,0,0.434770852,5.55474035,116,0,252.91477777777777,0,0,0.5441655230190615,-0.8778825409919535,FALSE,30,10
181,1,0.434770852,5.83357485,116,0,252.91477777777777,0,0,0.5441655230190615,-0.8778825409919535,FALSE,30,10
181,2,0.226825476,5.97299209,116,0,252.91477777777777,0,0,0.5441655230190615,-0.8778825409919535,FALSE,30,10
181,3,0.0188800991,5.83357485,116,0,252.91477777777777,0,0,0.5441655230190615,-0.8778825409919535,FALSE,30,10
181,4,0.0188800991,5.55474035,116,0,252.91477777777777,0,0,0.5441655230190615,-0.8778825409919535,FALSE,30,10
181,5,0.226825476,5.41532311,116,0,252.91477777777777,0,0,0.5441655230190615,-0.8778825409919535,FALSE,30,10
181,6,0.434770852,5.55474035,116,0,252.91477777777777,0,0,0.5441655230190615,-0.8778825409919535,FALSE,30,10
182,0,0.434770852,6.39124386,65,0,113.49051111111112,0,0,0.7268019581793002,-0.4603657883426316,FALSE,30,10
182,1,0.434770852,6.67007835,65,0,113.49051111111112,0,0,0.7268019581793002,-0.4603657883426316,FALSE,30,10
182,2,0.226825476,6.8094956,65,0,113.49051111111112,0,0,0.7268019581793002,-0.4603657883426316,FALSE,30,10
182,3,0.0188800991,6.67007835,65,0,113.49051111111112,0,0,0.7268019581793002,-0.4603657883426316,FALSE,30,10
182,4,0.0188800991,6.39124386,65,0,113.49051111111112,0,0,0.7268019581793002,-0.4603657883426316,FALSE,30,10
182,5,0.226825476,6.25182661,65,0,113.49051111111112,0,0,0.7268019581793002,-0.4603657883426316,FALSE,30,10
182,6,0.434770852,6.39124386,65,0,113.49051111111112,0,0,0.7268019581793002,-0.4603657883426316,FALSE,30,10
183,0,0.434770852,7.22774737,4,1,20.517333333333333,1,1.471557187303875,1.0300057287837463,0,TRUE,30,10
183,1,0.434770852,7.50658186,4,1,20.517333333333333,1,1.471557187303875,1.0300057287837463,0,TRUE,30,10
183,2,0.226825476,7.6459991,4,1,20.517333333333333,1,1.471557187303875,1.0300057287837463,0,TRUE,30,10
183,3,0.0188800991,7.50658186,4,1,20.517333333333333,1,1.471557187303875,1.0300057287837463,0,TRUE,30,10
183,4,0.0188800991,7.22774737,4,1,20.517333333333333,1,1.471557187303875,1.0300057287837463,0,TRUE,30,10
183,5,0.226825476,7.08833012,4,1,20.517333333333333,1,1.471557187303875,1.0300057287837463,0,TRUE,30,10
183,6,0.434770852,7.22774737,4,1,20.517333333333333,1,1.471557187303875,1.0300057287837463,0,TRUE,30,10
185,0,0.434770852,8.90075438,88,1,396.72926666666666,1,0.07610335780028002,0.4753668222229373,-1.0728868796271198,FALSE,30,10
185,1,0.434770852,9.17958887,88,1,396.72926666666666,1,0.07610335780028002,0.4753668222229373,-1.0728868796271198,FALSE,30,10
185,2,0.226825476,9.31900612,88,1,396.72926666666666,1,0.07610335780028002,0.4753668222229373,-1.0728868796271198,FALSE,30,10
185,3,0.0188800991,9.17958887,88,1,396.72926666666666,1,0.07610335780028002,0.4753668222229373,-1.0728868796271198,FALSE,30,10
185,4,0.0188800991,8.90075438,88,1,396.72926666666666,1,0.07610335780028002,0.4753668222229373,-1.0728868796271198,FALSE,30,10
185,5,0.226825476,8.76133713,88,1,396.72926666666666,1,0.07610335780028002,0.4753668222229373,-1.0728868796271198,FALSE,30,10
185,6,0.434770852,8.90075438,88,1,396.72926666666666,1,0.07610335780028002,0.4753668222229373,-1.0728868796271198,FALSE,30,10
186,0,0.434770852,9.73725788,45,4,113.9016,3.3333333333333335,0.8835822420690619,0.9681112477359156,-0.04675525468598336,FALSE,30,10
186,1,0.434770852,10.0160924,45,4,113.9016,3.3333333333333335,0.8835822420690619,0.9681112477359156,-0.04675525468598336,FALSE,30,10
186,2,0.226825476,10.1555096,45,4,113.9016,3.3333333333333335,0.8835822420690619,0.9681112477359156,-0.04675525468598336,FALSE,30,10
186,3,0.0188800991,10.0160924,45,4,113.9016,3.3333333333333335,0.8835822420690619,0.9681112477359156,-0.04675525468598336,FALSE,30,10
186,4,0.0188800991,9.73725788,45,4,113.9016,3.3333333333333335,0.8835822420690619,0.9681112477359156,-0.04675525468598336,FALSE,30,10
186,5,0.226825476,9.59784064,45,4,113.9016,3.3333333333333335,0.8835822420690619,0.9681112477359156,-0.04675525468598336,FALSE,30,10
186,6,0.434770852,9.73725788,45,4,113.9016,3.3333333333333335,0.8835822420690619,0.9681112477359156,-0.04675525468598336,FALSE,30,10
187,0,0.434770852,10.5737614,1,1,2.252666666666667,1,13.402972476017773,1.0918536455439447,0,TRUE,30,10
187,1,0.434770852,10.8525959,1,1,2.252666666666667,1,13.402972476017773,1.0918536455439447,0,TRUE,30,10
187,2,0.226825476,10.9920131,1,1,2.252666666666667,1,13.402972476017773,1.0918536455439447,0,TRUE,30,10
187,3,0.0188800991,10.8525959,1,1,2.252666666666667,1,13.402972476017773,1.0918536455439447,0,TRUE,30,10
187,4,0.0188800991,10.5737614,1,1,2.252666666666667,1,13.402972476017773,1.0918536455439447,0,TRUE,30,10
187,5,0.226825476,10.4343441,1,1,2.252666666666667,1,13.402972476017773,1.0918536455439447,0,TRUE,30,10
187,6,0.434770852,10.5737614,1,1,2.252666666666667,1,13.402972476017773,1.0918536455439447,0,TRUE,30,10
188,0,0.434770852,11.4102649,1,0,8.110666666666667,0,0,0.9738395093660298,0,TRUE,30,10
188,1,0.434770852,11.6890994,1,0,8.110666666666667,0,0,0.9738395093660298,0,TRUE,30,10
188,2,0.226825476,11.8285166,1,0,8.110666666666667,0,0,0.9738395093660298,0,TRUE,30,10
188,3,0.0188800991,11.6890994,1,0,8.110666666666667,0,0,0.9738395093660298,0,TRUE,30,10
188,4,0.0188800991,11.4102649,1,0,8.110666666666667,0,0,0.9738395093660298,0,TRUE,30,10
188,5,0.226825476,11.2708476,1,0,8.110666666666667,0,0,0.9738395093660298,0,TRUE,30,10
188,6,0.434770852,11.4102649,1,0,8.110666666666667,0,0,0.9738395093660298,0,TRUE,30,10
189,0,0.850661606,-6.15630873,305,34,594.452592063492,29.833333333333332,1.5152441429305985,1.3416957992876932,0.4240576084923698,FALSE,30,10
189,1,0.850661606,-5.87747423,305,34,594.452592063492,29.833333333333332,1.5152441429305985,1.3416957992876932,0.4240576084923698,FALSE,30,10
189,2,0.642716229,-5.73805699,305,34,594.452592063492,29.833333333333332,1.5152441429305985,1.3416957992876932,0.4240576084923698,FALSE,30,10
189,3,0.434770852,-5.87747423,305,34,594.452592063492,29.833333333333332,1.5152441429305985,1.3416957992876932,0.4240576084923698,FALSE,30,10
189,4,0.434770852,-6.15630873,305,34,594.452592063492,29.833333333333332,1.5152441429305985,1.3416957992876932,0.4240576084923698,FALSE,30,10
189,5,0.642716229,-6.29572597,305,34,594.452592063492,29.833333333333332,1.5152441429305985,1.3416957992876932,0.4240576084923698,FALSE,30,10
189,6,0.850661606,-6.15630873,305,34,594.452592063492,29.833333333333332,1.5152441429305985,1.3416957992876932,0.4240576084923698,FALSE,30,10
190,0,0.850661606,-5.31980522,588,93,1066.8193571428571,75.76666666666667,2.144299045251222,1.89188386110899,0.919823527289952,FALSE,30,10
190,1,0.850661606,-5.04097073,588,93,1066.8193571428571,75.76666666666667,2.144299045251222,1.89188386110899,0.919823527289952,FALSE,30,10
190,2,0.642716229,-4.90155348,588,93,1066.8193571428571,75.76666666666667,2.144299045251222,1.89188386110899,0.919823527289952,FALSE,30,10
190,3,0.434770852,-5.04097073,588,93,1066.8193571428571,75.76666666666667,2.144299045251222,1.89188386110899,0.919823527289952,FALSE,30,10
190,4,0.434770852,-5.31980522,588,93,1066.8193571428571,75.76666666666667,2.144299045251222,1.89188386110899,0.919823527289952,FALSE,30,10
190,5,0.642716229,-5.45922247,588,93,1066.8193571428571,75.76666666666667,2.144299045251222,1.89188386110899,0.919823527289952,FALSE,30,10
190,6,0.850661606,-5.31980522,588,93,1066.8193571428571,75.76666666666667,2.144299045251222,1.89188386110899,0.919823527289952,FALSE,30,10
191,0,0.850661606,-4.48330171,383,73,812.2987444444444,59.28333333333333,2.203509317739417,1.8773908585639716,0.9087290396248726,FALSE,30,10
191,1,0.850661606,-4.20446722,383,73,812.2987444444444,59.28333333333333,2.203509317739417,1.8773908585639716,0.9087290396248726,FALSE,30,10
191,2,0.642716229,-4.06504998,383,73,812.2987444444444,59.28333333333333,2.203509317739417,1.8773908585639716,0.9087290396248726,FALSE,30,10
191,3,0.434770852,-4.20446722,383,73,812.2987444444444,59.28333333333333,2.203509317739417,1.8773908585639716,0.9087290396248726,FALSE,30,10
191,4,0.434770852,-4.48330171,383,73,812.2987444444444,59.28333333333333,2.203509317739417,1.8773908585639716,0.9087290396248726,FALSE,30,10
191,5,0.642716229,-4.62271896,383,73,812.2987444444444,59.28333333333333,2.203509317739417,1.8773908585639716,0.9087290396248726,FALSE,30,10
191,6,0.850661606,-4.48330171,383,73,812.2987444444444,59.28333333333333,2.203509317739417,1.8773908585639716,0.9087290396248726,FALSE,30,10
192,0,0.850661606,-3.64679821,142,23,264.54117777777776,21.416666666666668,2.444312073720274,1.6744983349595572,0.7437289414989231,FALSE,30,10
192,1,0.850661606,-3.36796372,142,23,264.54117777777776,21.416666666666668,2.444312073720274,1.6744983349595572,0.7437289414989231,FALSE,30,10
192,2,0.642716229,-3.22854647,142,23,264.54117777777776,21.416666666666668,2.444312073720274,1.6744983349595572,0.7437289414989231,FALSE,30,10
192,3,0.434770852,-3.36796372,142,23,264.54117777777776,21.416666666666668,2.444312073720274,1.6744983349595572,0.7437289414989231,FALSE,30,10
192,4,0.434770852,-3.64679821,142,23,264.54117777777776,21.416666666666668,2.444312073720274,1.6744983349595572,0.7437289414989231,FALSE,30,10
192,5,0.642716229,-3.78621545,142,23,264.54117777777776,21.416666666666668,2.444312073720274,1.6744983349595572,0.7437289414989231,FALSE,30,10
192,6,0.850661606,-3.64679821,142,23,264.54117777777776,21.416666666666668,2.444312073720274,1.6744983349595572,0.7437289414989231,FALSE,30,10
193,0,0.850661606,-2.8102947,249,21,685.8013222222222,17.783333333333335,0.7829119273145363,0.84927060213359,-0.23570378356628985,FALSE,30,10
193,1,0.850661606,-2.53146021,249,21,685.8013222222222,17.783333333333335,0.7829119273145363,0.84927060213359,-0.23570378356628985,FALSE,30,10
193,2,0.642716229,-2.39204296,249,21,685.8013222222222,17.783333333333335,0.7829119273145363,0.84927060213359,-0.23570378356628985,FALSE,30,10
193,3,0.434770852,-2.53146021,249,21,685.8013222222222,17.783333333333335,0.7829119273145363,0.84927060213359,-0.23570378356628985,FALSE,30,10
193,4,0.434770852,-2.8102947,249,21,685.8013222222222,17.783333333333335,0.7829119273145363,0.84927060213359,-0.23570378356628985,FALSE,30,10
193,5,0.642716229,-2.94971195,249,21,685.8013222222222,17.783333333333335,0.7829119273145363,0.84927060213359,-0.23570378356628985,FALSE,30,10
193,6,0.850661606,-2.8102947,249,21,685.8013222222222,17.783333333333335,0.7829119273145363,0.84927060213359,-0.23570378356628985,FALSE,30,10
194,0,0.850661606,-1.9737912,272,10,840.08548730158725,8.533333333333333,0.30668553084031125,0.4899838569110491,-1.0291938761452728,FALSE,30,10
194,1,0.850661606,-1.6949567,272,10,840.08548730158725,8.533333333333333,0.30668553084031125,0.4899838569110491,-1.0291938761452728,FALSE,30,10
194,2,0.642716229,-1.55553946,272,10,840.08548730158725,8.533333333333333,0.30668553084031125,0.4899838569110491,-1.0291938761452728,FALSE,30,10
194,3,0.434770852,-1.6949567,272,10,840.08548730158725,8.533333333333333,0.30668553084031125,0.4899838569110491,-1.0291938761452728,FALSE,30,10
194,4,0.434770852,-1.9737912,272,10,840.08548730158725,8.533333333333333,0.30668553084031125,0.4899838569110491,-1.0291938761452728,FALSE,30,10
194,5,0.642716229,-2.11320844,272,10,840.08548730158725,8.533333333333333,0.30668553084031125,0.4899838569110491,-1.0291938761452728,FALSE,30,10
194,6,0.850661606,-1.9737912,272,10,840.08548730158725,8.533333333333333,0.30668553084031125,0.4899838569110491,-1.0291938761452728,FALSE,30,10
195,0,0.850661606,-1.13728769,159,41,238.9504113756614,37.083333333333336,4.685641320213006,2.628261595557975,1.394108876813899,FALSE,30,10
195,1,0.850661606,-0.858453199,159,41,238.9504113756614,37.083333333333336,4.685641320213006,2.628261595557975,1.394108876813899,FALSE,30,10
195,2,0.642716229,-0.719035953,159,41,238.9504113756614,37.083333333333336,4.685641320213006,2.628261595557975,1.394108876813899,FALSE,30,10
195,3,0.434770852,-0.858453199,159,41,238.9504113756614,37.083333333333336,4.685641320213006,2.628261595557975,1.394108876813899,FALSE,30,10
195,4,0.434770852,-1.13728769,159,41,238.9504113756614,37.083333333333336,4.685641320213006,2.628261595557975,1.394108876813899,FALSE,30,10
195,5,0.642716229,-1.27670494,159,41,238.9504113756614,37.083333333333336,4.685641320213006,2.628261595557975,1.394108876813899,FALSE,30,10
195,6,0.850661606,-1.13728769,159,41,238.9504113756614,37.083333333333336,4.685641320213006,2.628261595557975,1.394108876813899,FALSE,30,10
196,0,0.850661606,-0.300784186,230,52,444.59237777777776,48.625,3.3021413537425044,2.3710537729182373,1.245528381943825,FALSE,30,10
196,1,0.850661606,-0.0219496936,230,52,444.59237777777776,48.625,3.3021413537425044,2.3710537729182373,1.245528381943825,FALSE,30,10
196,2,0.642716229,0.117467552,230,52,444.59237777777776,48.625,3.3021413537425044,2.3710537729182373,1.245528381943825,FALSE,30,10
196,3,0.434770852,-0.0219496936,230,52,444.59237777777776,48.625,3.3021413537425044,2.3710537729182373,1.245528381943825,FALSE,30,10
196,4,0.434770852,-0.300784186,230,52,444.59237777777776,48.625,3.3021413537425044,2.3710537729182373,1.245528381943825,FALSE,30,10
196,5,0.642716229,-0.440201432,230,52,444.59237777777776,48.625,3.3021413537425044,2.3710537729182373,1.245528381943825,FALSE,30,10
196,6,0.850661606,-0.300784186,230,52,444.59237777777776,48.625,3.3021413537425044,2.3710537729182373,1.245528381943825,FALSE,30,10
197,0,0.850661606,0.53571932,251,7,796.1773777777778,7,0.26545216080708794,0.46741691788726536,-1.0972181423020333,FALSE,30,10
197,1,0.850661606,0.814553812,251,7,796.1773777777778,7,0.26545216080708794,0.46741691788726536,-1.0972181423020333,FALSE,30,10
197,2,0.642716229,0.953971058,251,7,796.1773777777778,7,0.26545216080708794,0.46741691788726536,-1.0972181423020333,FALSE,30,10
197,3,0.434770852,0.814553812,251,7,796.1773777777778,7,0.26545216080708794,0.46741691788726536,-1.0972181423020333,FALSE,30,10
197,4,0.434770852,0.53571932,251,7,796.1773777777778,7,0.26545216080708794,0.46741691788726536,-1.0972181423020333,FALSE,30,10
197,5,0.642716229,0.396302074,251,7,796.1773777777778,7,0.26545216080708794,0.46741691788726536,-1.0972181423020333,FALSE,30,10
197,6,0.850661606,0.53571932,251,7,796.1773777777778,7,0.26545216080708794,0.46741691788726536,-1.0972181423020333,FALSE,30,10
198,0,0.850661606,1.37222283,196,9,723.3873212121212,8.75,0.3652037420332018,0.5521326803849633,-0.8569130990211069,FALSE,30,10
198,1,0.850661606,1.65105732,196,9,723.3873212121212,8.75,0.3652037420332018,0.5521326803849633,-0.8569130990211069,FALSE,30,10
198,2,0.642716229,1.79047456,196,9,723.3873212121212,8.75,0.3652037420332018,0.5521326803849633,-0.8569130990211069,FALSE,30,10
198,3,0.434770852,1.65105732,196,9,723.3873212121212,8.75,0.3652037420332018,0.5521326803849633,-0.8569130990211069,FALSE,30,10
198,4,0.434770852,1.37222283,196,9,723.3873212121212,8.75,0.3652037420332018,0.5521326803849633,-0.8569130990211069,FALSE,30,10
198,5,0.642716229,1.23280558,196,9,723.3873212121212,8.75,0.3652037420332018,0.5521326803849633,-0.8569130990211069,FALSE,30,10
198,6,0.850661606,1.37222283,196,9,723.3873212121212,8.75,0.3652037420332018,0.5521326803849633,-0.8569130990211069,FALSE,30,10
199,0,0.850661606,2.20872633,103,17,260.96722222222223,16.5,1.9089565337707128,1.4214095526288042,0.5073223001231337,FALSE,30,10
199,1,0.850661606,2.48756082,103,17,260.96722222222223,16.5,1.9089565337707128,1.4214095526288042,0.5073223001231337,FALSE,30,10
199,2,0.642716229,2.62697807,103,17,260.96722222222223,16.5,1.9089565337707128,1.4214095526288042,0.5073223001231337,FALSE,30,10
199,3,0.434770852,2.48756082,103,17,260.96722222222223,16.5,1.9089565337707128,1.4214095526288042,0.5073223001231337,FALSE,30,10
199,4,0.434770852,2.20872633,103,17,260.96722222222223,16.5,1.9089565337707128,1.4214095526288042,0.5073223001231337,FALSE,30,10
199,5,0.642716229,2.06930909,103,17,260.96722222222223,16.5,1.9089565337707128,1.4214095526288042,0.5073223001231337,FALSE,30,10
199,6,0.850661606,2.20872633,103,17,260.96722222222223,16.5,1.9089565337707128,1.4214095526288042,0.5073223001231337,FALSE,30,10
200,0,0.850661606,3.04522984,126,1,290.7991666666667,1,0.10382570788307866,0.5603232283971767,-0.8356687936474945,FALSE,30,10
200,1,0.850661606,3.32406433,126,1,290.7991666666667,1,0.10382570788307866,0.5603232283971767,-0.8356687936474945,FALSE,30,10
200,2,0.642716229,3.46348158,126,1,290.7991666666667,1,0.10382570788307866,0.5603232283971767,-0.8356687936474945,FALSE,30,10
200,3,0.434770852,3.32406433,126,1,290.7991666666667,1,0.10382570788307866,0.5603232283971767,-0.8356687936474945,FALSE,30,10
200,4,0.434770852,3.04522984,126,1,290.7991666666667,1,0.10382570788307866,0.5603232283971767,-0.8356687936474945,FALSE,30,10
200,5,0.642716229,2.90581259,126,1,290.7991666666667,1,0.10382570788307866,0.5603232283971767,-0.8356687936474945,FALSE,30,10
200,6,0.850661606,3.04522984,126,1,290.7991666666667,1,0.10382570788307866,0.5603232283971767,-0.8356687936474945,FALSE,30,10
201,0,0.850661606,3.88173334,153,1,353.08983333333333,1,0.08550920043759223,0.5070374960351066,-0.9798356546732554,FALSE,30,10
201,1,0.850661606,4.16056783,153,1,353.08983333333333,1,0.08550920043759223,0.5070374960351066,-0.9798356546732554,FALSE,30,10
201,2,0.642716229,4.29998508,153,1,353.08983333333333,1,0.08550920043759223,0.5070374960351066,-0.9798356546732554,FALSE,30,10
201,3,0.434770852,4.16056783,153,1,353.08983333333333,1,0.08550920043759223,0.5070374960351066,-0.9798356546732554,FALSE,30,10
201,4,0.434770852,3.88173334,153,1,353.08983333333333,1,0.08550920043759223,0.5070374960351066,-0.9798356546732554,FALSE,30,10
201,5,0.642716229,3.7423161,153,1,353.08983333333333,1,0.08550920043759223,0.5070374960351066,-0.9798356546732554,FALSE,30,10
201,6,0.850661606,3.88173334,153,1,353.08983333333333,1,0.08550920043759223,0.5070374960351066,-0.9798356546732554,FALSE,30,10
202,0,0.850661606,4.71823685,329,0,713.5088333333333,0,0,0.29733547723412146,-1.7498364830507716,FALSE,30,10
202,1,0.850661606,4.99707134,329,0,713.5088333333333,0,0,0.29733547723412146,-1.7498364830507716,FALSE,30,10
202,2,0.642716229,5.13648859,329,0,713.5088333333333,0,0,0.29733547723412146,-1.7498364830507716,FALSE,30,10
202,3,0.434770852,4.99707134,329,0,713.5088333333333,0,0,0.29733547723412146,-1.7498364830507716,FALSE,30,10
202,4,0.434770852,4.71823685,329,0,713.5088333333333,0,0,0.29733547723412146,-1.7498364830507716,FALSE,30,10
202,5,0.642716229,4.5788196,329,0,713.5088333333333,0,0,0.29733547723412146,-1.7498364830507716,FALSE,30,10
202,6,0.850661606,4.71823685,329,0,713.5088333333333,0,0,0.29733547723412146,-1.7498364830507716,FALSE,30,10
203,0,0.850661606,5.55474035,325,0,705.7269777777777,0,0,0.2996317297192505,-1.7387376877637015,FALSE,30,10
203,1,0.850661606,5.83357485,325,0,705.7269777777777,0,0,0.2996317297192505,-1.7387376877637015,FALSE,30,10
203,2,0.642716229,5.97299209,325,0,705.7269777777777,0,0,0.2996317297192505,-1.7387376877637015,FALSE,30,10
203,3,0.434770852,5.83357485,325,0,705.7269777777777,0,0,0.2996317297192505,-1.7387376877637015,FALSE,30,10
203,4,0.434770852,5.55474035,325,0,705.7269777777777,0,0,0.2996317297192505,-1.7387376877637015,FALSE,30,10
203,5,0.642716229,5.41532311,325,0,705.7269777777777,0,0,0.2996317297192505,-1.7387376877637015,FALSE,30,10
203,6,0.850661606,5.55474035,325,0,705.7269777777777,0,0,0.2996317297192505,-1.7387376877637015,FALSE,30,10
204,0,0.850661606,6.39124386,170,0,384.76492210012213,0,0,0.43968113454285546,-1.1854704629175663,FALSE,30,10
204,1,0.850661606,6.67007835,170,0,384.76492210012213,0,0,0.43968113454285546,-1.1854704629175663,FALSE,30,10
204,2,0.642716229,6.8094956,170,0,384.76492210012213,0,0,0.43968113454285546,-1.1854704629175663,FALSE,30,10
204,3,0.434770852,6.67007835,170,0,384.76492210012213,0,0,0.43968113454285546,-1.1854704629175663,FALSE,30,10
204,4,0.434770852,6.39124386,170,0,384.76492210012213,0,0,0.43968113454285546,-1.1854704629175663,FALSE,30,10
204,5,0.642716229,6.25182661,170,0,384.76492210012213,0,0,0.43968113454285546,-1.1854704629175663,FALSE,30,10
204,6,0.850661606,6.39124386,170,0,384.76492210012213,0,0,0.43968113454285546,-1.1854704629175663,FALSE,30,10
205,0,0.850661606,7.22774737,18,0,45.86351111111111,0,0,0.8681278914092976,0,TRUE,30,10
205,1,0.850661606,7.50658186,18,0,45.86351111111111,0,0,0.8681278914092976,0,TRUE,30,10
205,2,0.642716229,7.6459991,18,0,45.86351111111111,0,0,0.8681278914092976,0,TRUE,30,10
205,3,0.434770852,7.50658186,18,0,45.86351111111111,0,0,0.8681278914092976,0,TRUE,30,10
205,4,0.434770852,7.22774737,18,0,45.86351111111111,0,0,0.8681278914092976,0,TRUE,30,10
205,5,0.642716229,7.08833012,18,0,45.86351111111111,0,0,0.8681278914092976,0,TRUE,30,10
205,6,0.850661606,7.22774737,18,0,45.86351111111111,0,0,0.8681278914092976,0,TRUE,30,10
206,0,0.850661606,8.06425087,1,0,3.904,0,0,0.98723466701609,0,TRUE,30,10
206,1,0.850661606,8.34308536,1,0,3.904,0,0,0.98723466701609,0,TRUE,30,10
206,2,0.642716229,8.48250261,1,0,3.904,0,0,0.98723466701609,0,TRUE,30,10
206,3,0.434770852,8.34308536,1,0,3.904,0,0,0.98723466701609,0,TRUE,30,10
206,4,0.434770852,8.06425087,1,0,3.904,0,0,0.98723466701609,0,TRUE,30,10
206,5,0.642716229,7.92483363,1,0,3.904,0,0,0.98723466701609,0,TRUE,30,10
206,6,0.850661606,8.06425087,1,0,3.904,0,0,0.98723466701609,0,TRUE,30,10
207,0,0.850661606,8.90075438,207,0,1128.5892222222224,0,0,0.21106007739988397,-2,FALSE,30,10
207,1,0.850661606,9.17958887,207,0,1128.5892222222224,0,0,0.21106007739988397,-2,FALSE,30,10
207,2,0.642716229,9.31900612,207,0,1128.5892222222224,0,0,0.21106007739988397,-2,FALSE,30,10
207,3,0.434770852,9.17958887,207,0,1128.5892222222224,0,0,0.21106007739988397,-2,FALSE,30,10
207,4,0.434770852,8.90075438,207,0,1128.5892222222224,0,0,0.21106007739988397,-2,FALSE,30,10
207,5,0.642716229,8.76133713,207,0,1128.5892222222224,0,0,0.21106007739988397,-2,FALSE,30,10
207,6,0.850661606,8.90075438,207,0,1128.5892222222224,0,0,0.21106007739988397,-2,FALSE,30,10
208,0,0.850661606,9.73725788,4,0,13.812666666666669,0,0,0.9562526139869784,0,TRUE,30,10
208,1,0.850661606,10.0160924,4,0,13.812666666666669,0,0,0.9562526139869784,0,TRUE,30,10
208,2,0.642716229,10.1555096,4,0,13.812666666666669,0,0,0.9562526139869784,0,TRUE,30,10
208,3,0.434770852,10.0160924,4,0,13.812666666666669,0,0,0.9562526139869784,0,TRUE,30,10
208,4,0.434770852,9.73725788,4,0,13.812666666666669,0,0,0.9562526139869784,0,TRUE,30,10
208,5,0.642716229,9.59784064,4,0,13.812666666666669,0,0,0.9562526139869784,0,TRUE,30,10
208,6,0.850661606,9.73725788,4,0,13.812666666666669,0,0,0.9562526139869784,0,TRUE,30,10
209,0,0.850661606,10.5737614,4,1,5.567333333333333,1,5.423140222304402,1.08008379371652,0,TRUE,30,10
209,1,0.850661606,10.8525959,4,1,5.567333333333333,1,5.423140222304402,1.08008379371652,0,TRUE,30,10
209,2,0.642716229,10.9920131,4,1,5.567333333333333,1,5.423140222304402,1.08008379371652,0,TRUE,30,10
209,3,0.434770852,10.8525959,4,1,5.567333333333333,1,5.423140222304402,1.08008379371652,0,TRUE,30,10
209,4,0.434770852,10.5737614,4,1,5.567333333333333,1,5.423140222304402,1.08008379371652,0,TRUE,30,10
209,5,0.642716229,10.4343441,4,1,5.567333333333333,1,5.423140222304402,1.08008379371652,0,TRUE,30,10
209,6,0.850661606,10.5737614,4,1,5.567333333333333,1,5.423140222304402,1.08008379371652,0,TRUE,30,10
210,0,0.850661606,11.4102649,235,0,1278.6954444444443,0,0,0.1910164007813442,-2,FALSE,30,10
210,1,0.850661606,11.6890994,235,0,1278.6954444444443,0,0,0.1910164007813442,-2,FALSE,30,10
210,2,0.642716229,11.8285166,235,0,1278.6954444444443,0,0,0.1910164007813442,-2,FALSE,30,10
210,3,0.434770852,11.6890994,235,0,1278.6954444444443,0,0,0.1910164007813442,-2,FALSE,30,10
210,4,0.434770852,11.4102649,235,0,1278.6954444444443,0,0,0.1910164007813442,-2,FALSE,30,10
210,5,0.642716229,11.2708476,235,0,1278.6954444444443,0,0,0.1910164007813442,-2,FALSE,30,10
210,6,0.850661606,11.4102649,235,0,1278.6954444444443,0,0,0.1910164007813442,-2,FALSE,30,10
211,0,1.26655236,-6.15630873,95,8,140.36466666666666,7.333333333333333,1.577399453047236,1.1832432845821212,0.2427467341805962,FALSE,30,10
211,1,1.26655236,-5.87747423,95,8,140.36466666666666,7.333333333333333,1.577399453047236,1.1832432845821212,0.2427467341805962,FALSE,30,10
211,2,1.05860698,-5.73805699,95,8,140.36466666666666,7.333333333333333,1.577399453047236,1.1832432845821212,0.2427467341805962,FALSE,30,10
211,3,0.850661606,-5.87747423,95,8,140.36466666666666,7.333333333333333,1.577399453047236,1.1832432845821212,0.2427467341805962,FALSE,30,10
211,4,0.850661606,-6.15630873,95,8,140.36466666666666,7.333333333333333,1.577399453047236,1.1832432845821212,0.2427467341805962,FALSE,30,10
211,5,1.05860698,-6.29572597,95,8,140.36466666666666,7.333333333333333,1.577399453047236,1.1832432845821212,0.2427467341805962,FALSE,30,10
211,6,1.26655236,-6.15630873,95,8,140.36466666666666,7.333333333333333,1.577399453047236,1.1832432845821212,0.2427467341805962,FALSE,30,10
212,0,1.26655236,-5.31980522,469,63,996.2142,52.833333333333336,1.6012286142744878,1.4613933613966457,0.5473445588071639,FALSE,30,10
212,1,1.26655236,-5.04097073,469,63,996.2142,52.833333333333336,1.6012286142744878,1.4613933613966457,0.5473445588071639,FALSE,30,10
212,2,1.05860698,-4.90155348,469,63,996.2142,52.833333333333336,1.6012286142744878,1.4613933613966457,0.5473445588071639,FALSE,30,10
212,3,0.850661606,-5.04097073,469,63,996.2142,52.833333333333336,1.6012286142744878,1.4613933613966457,0.5473445588071639,FALSE,30,10
212,4,0.850661606,-5.31980522,469,63,996.2142,52.833333333333336,1.6012286142744878,1.4613933613966457,0.5473445588071639,FALSE,30,10
212,5,1.05860698,-5.45922247,469,63,996.2142,52.833333333333336,1.6012286142744878,1.4613933613966457,0.5473445588071639,FALSE,30,10
212,6,1.26655236,-5.31980522,469,63,996.2142,52.833333333333336,1.6012286142744878,1.4613933613966457,0.5473445588071639,FALSE,30,10
213,0,1.26655236,-4.48330171,264,41,657.9015063492063,26.483333333333334,1.2153736728046534,1.1476253960004903,0.1986517992200613,FALSE,30,10
213,1,1.26655236,-4.20446722,264,41,657.9015063492063,26.483333333333334,1.2153736728046534,1.1476253960004903,0.1986517992200613,FALSE,30,10
213,2,1.05860698,-4.06504998,264,41,657.9015063492063,26.483333333333334,1.2153736728046534,1.1476253960004903,0.1986517992200613,FALSE,30,10
213,3,0.850661606,-4.20446722,264,41,657.9015063492063,26.483333333333334,1.2153736728046534,1.1476253960004903,0.1986517992200613,FALSE,30,10
213,4,0.850661606,-4.48330171,264,41,657.9015063492063,26.483333333333334,1.2153736728046534,1.1476253960004903,0.1986517992200613,FALSE,30,10
213,5,1.05860698,-4.62271896,264,41,657.9015063492063,26.483333333333334,1.2153736728046534,1.1476253960004903,0.1986517992200613,FALSE,30,10
213,6,1.26655236,-4.48330171,264,41,657.9015063492063,26.483333333333334,1.2153736728046534,1.1476253960004903,0.1986517992200613,FALSE,30,10
214,0,1.26655236,-3.64679821,130,28,379.0334693121693,25.583333333333332,2.037875402188581,1.5777003156416212,0.6578231912843057,FALSE,30,10
214,1,1.26655236,-3.36796372,130,28,379.0334693121693,25.583333333333332,2.037875402188581,1.5777003156416212,0.6578231912843057,FALSE,30,10
214,2,1.05860698,-3.22854647,130,28,379.0334693121693,25.583333333333332,2.037875402188581,1.5777003156416212,0.6578231912843057,FALSE,30,10
214,3,0.850661606,-3.36796372,130,28,379.0334693121693,25.583333333333332,2.037875402188581,1.5777003156416212,0.6578231912843057,FALSE,30,10
214,4,0.850661606,-3.64679821,130,28,379.0334693121693,25.583333333333332,2.037875402188581,1.5777003156416212,0.6578231912843057,FALSE,30,10
214,5,1.05860698,-3.78621545,130,28,379.0334693121693,25.583333333333332,2.037875402188581,1.5777003156416212,0.6578231912843057,FALSE,30,10
214,6,1.26655236,-3.64679821,130,28,379.0334693121693,25.583333333333332,2.037875402188581,1.5777003156416212,0.6578231912843057,FALSE,30,10
215,0,1.26655236,-2.8102947,253,40,733.5008698412698,36.13095238095238,1.487225538885636,1.3451532465117104,0.4277705411003244,FALSE,30,10
215,1,1.26655236,-2.53146021,253,40,733.5008698412698,36.13095238095238,1.487225538885636,1.3451532465117104,0.4277705411003244,FALSE,30,10
215,2,1.05860698,-2.39204296,253,40,733.5008698412698,36.13095238095238,1.487225538885636,1.3451532465117104,0.4277705411003244,FALSE,30,10
215,3,0.850661606,-2.53146021,253,40,733.5008698412698,36.13095238095238,1.487225538885636,1.3451532465117104,0.4277705411003244,FALSE,30,10
215,4,0.850661606,-2.8102947,253,40,733.5008698412698,36.13095238095238,1.487225538885636,1.3451532465117104,0.4277705411003244,FALSE,30,10
215,5,1.05860698,-2.94971195,253,40,733.5008698412698,36.13095238095238,1.487225538885636,1.3451532465117104,0.4277705411003244,FALSE,30,10
215,6,1.26655236,-2.8102947,253,40,733.5008698412698,36.13095238095238,1.487225538885636,1.3451532465117104,0.4277705411003244,FALSE,30,10
216,0,1.26655236,-1.9737912,97,5,298.0205952380952,3.333333333333333,0.33769958422789137,0.6710045074096876,-0.5756056372610652,FALSE,30,10
216,1,1.26655236,-1.6949567,97,5,298.0205952380952,3.333333333333333,0.33769958422789137,0.6710045074096876,-0.5756056372610652,FALSE,30,10
216,2,1.05860698,-1.55553946,97,5,298.0205952380952,3.333333333333333,0.33769958422789137,0.6710045074096876,-0.5756056372610652,FALSE,30,10
216,3,0.850661606,-1.6949567,97,5,298.0205952380952,3.333333333333333,0.33769958422789137,0.6710045074096876,-0.5756056372610652,FALSE,30,10
216,4,0.850661606,-1.9737912,97,5,298.0205952380952,3.333333333333333,0.33769958422789137,0.6710045074096876,-0.5756056372610652,FALSE,30,10
216,5,1.05860698,-2.11320844,97,5,298.0205952380952,3.333333333333333,0.33769958422789137,0.6710045074096876,-0.5756056372610652,FALSE,30,10
216,6,1.26655236,-1.9737912,97,5,298.0205952380952,3.333333333333333,0.33769958422789137,0.6710045074096876,-0.5756056372610652,FALSE,30,10
217,0,1.26655236,-1.13728769,293,34,428.0119475709476,30.8,2.172665573172853,1.6876146815474276,0.7549855435726825,FALSE,30,10
217,1,1.26655236,-0.858453199,293,34,428.0119475709476,30.8,2.172665573172853,1.6876146815474276,0.7549855435726825,FALSE,30,10
217,2,1.05860698,-0.719035953,293,34,428.0119475709476,30.8,2.172665573172853,1.6876146815474276,0.7549855435726825,FALSE,30,10
217,3,0.850661606,-0.858453199,293,34,428.0119475709476,30.8,2.172665573172853,1.6876146815474276,0.7549855435726825,FALSE,30,10
217,4,0.850661606,-1.13728769,293,34,428.0119475709476,30.8,2.172665573172853,1.6876146815474276,0.7549855435726825,FALSE,30,10
217,5,1.05860698,-1.27670494,293,34,428.0119475709476,30.8,2.172665573172853,1.6876146815474276,0.7549855435726825,FALSE,30,10
217,6,1.26655236,-1.13728769,293,34,428.0119475709476,30.8,2.172665573172853,1.6876146815474276,0.7549855435726825,FALSE,30,10
218,0,1.26655236,-0.300784186,95,13,192.53396666666663,10.25,1.6073652145664918,1.2364980898112872,0.3062600110000612,FALSE,30,10
218,1,1.26655236,-0.0219496936,95,13,192.53396666666663,10.25,1.6073652145664918,1.2364980898112872,0.3062600110000612,FALSE,30,10
218,2,1.05860698,0.117467552,95,13,192.53396666666663,10.25,1.6073652145664918,1.2364980898112872,0.3062600110000612,FALSE,30,10
218,3,0.850661606,-0.0219496936,95,13,192.53396666666663,10.25,1.6073652145664918,1.2364980898112872,0.3062600110000612,FALSE,30,10
218,4,0.850661606,-0.300784186,95,13,192.53396666666663,10.25,1.6073652145664918,1.2364980898112872,0.3062600110000612,FALSE,30,10
218,5,1.05860698,-0.440201432,95,13,192.53396666666663,10.25,1.6073652145664918,1.2364980898112872,0.3062600110000612,FALSE,30,10
218,6,1.26655236,-0.300784186,95,13,192.53396666666663,10.25,1.6073652145664918,1.2364980898112872,0.3062600110000612,FALSE,30,10
219,0,1.26655236,0.53571932,232,21,558.6425952380952,17.583333333333332,0.950309828851124,0.9677433020746654,-0.04730367748690768,FALSE,30,10
219,1,1.26655236,0.814553812,232,21,558.6425952380952,17.583333333333332,0.950309828851124,0.9677433020746654,-0.04730367748690768,FALSE,30,10
219,2,1.05860698,0.953971058,232,21,558.6425952380952,17.583333333333332,0.950309828851124,0.9677433020746654,-0.04730367748690768,FALSE,30,10
219,3,0.850661606,0.814553812,232,21,558.6425952380952,17.583333333333332,0.950309828851124,0.9677433020746654,-0.04730367748690768,FALSE,30,10
219,4,0.850661606,0.53571932,232,21,558.6425952380952,17.583333333333332,0.950309828851124,0.9677433020746654,-0.04730367748690768,FALSE,30,10
219,5,1.05860698,0.396302074,232,21,558.6425952380952,17.583333333333332,0.950309828851124,0.9677433020746654,-0.04730367748690768,FALSE,30,10
219,6,1.26655236,0.53571932,232,21,558.6425952380952,17.583333333333332,0.950309828851124,0.9677433020746654,-0.04730367748690768,FALSE,30,10
220,0,1.26655236,1.37222283,213,13,653.3451333333333,10.444444444444445,0.4826593705249317,0.6461710454495443,-0.6300119891653025,FALSE,30,10
220,1,1.26655236,1.65105732,213,13,653.3451333333333,10.444444444444445,0.4826593705249317,0.6461710454495443,-0.6300119891653025,FALSE,30,10
220,2,1.05860698,1.79047456,213,13,653.3451333333333,10.444444444444445,0.4826593705249317,0.6461710454495443,-0.6300119891653025,FALSE,30,10
220,3,0.850661606,1.65105732,213,13,653.3451333333333,10.444444444444445,0.4826593705249317,0.6461710454495443,-0.6300119891653025,FALSE,30,10
220,4,0.850661606,1.37222283,213,13,653.3451333333333,10.444444444444445,0.4826593705249317,0.6461710454495443,-0.6300119891653025,FALSE,30,10
220,5,1.05860698,1.23280558,213,13,653.3451333333333,10.444444444444445,0.4826593705249317,0.6461710454495443,-0.6300119891653025,FALSE,30,10
220,6,1.26655236,1.37222283,213,13,653.3451333333333,10.444444444444445,0.4826593705249317,0.6461710454495443,-0.6300119891653025,FALSE,30,10
221,0,1.26655236,2.20872633,311,40,823.4119111111111,38.666666666666664,1.417808735876066,1.3057119182117451,0.38483662734927504,FALSE,30,10
221,1,1.26655236,2.48756082,311,40,823.4119111111111,38.666666666666664,1.417808735876066,1.3057119182117451,0.38483662734927504,FALSE,30,10
221,2,1.05860698,2.62697807,311,40,823.4119111111111,38.666666666666664,1.417808735876066,1.3057119182117451,0.38483662734927504,FALSE,30,10
221,3,0.850661606,2.48756082,311,40,823.4119111111111,38.666666666666664,1.417808735876066,1.3057119182117451,0.38483662734927504,FALSE,30,10
221,4,0.850661606,2.20872633,311,40,823.4119111111111,38.666666666666664,1.417808735876066,1.3057119182117451,0.38483662734927504,FALSE,30,10
221,5,1.05860698,2.06930909,311,40,823.4119111111111,38.666666666666664,1.417808735876066,1.3057119182117451,0.38483662734927504,FALSE,30,10
221,6,1.26655236,2.20872633,311,40,823.4119111111111,38.666666666666664,1.417808735876066,1.3057119182117451,0.38483662734927504,FALSE,30,10
222,0,1.26655236,3.04522984,69,3,123.33904444444444,3,0.7343764369256712,0.922961248847527,-0.115658018272123,FALSE,30,10
222,1,1.26655236,3.32406433,69,3,123.33904444444444,3,0.7343764369256712,0.922961248847527,-0.115658018272123,FALSE,30,10
222,2,1.05860698,3.46348158,69,3,123.33904444444444,3,0.7343764369256712,0.922961248847527,-0.115658018272123,FALSE,30,10
222,3,0.850661606,3.32406433,69,3,123.33904444444444,3,0.7343764369256712,0.922961248847527,-0.115658018272123,FALSE,30,10
222,4,0.850661606,3.04522984,69,3,123.33904444444444,3,0.7343764369256712,0.922961248847527,-0.115658018272123,FALSE,30,10
222,5,1.05860698,2.90581259,69,3,123.33904444444444,3,0.7343764369256712,0.922961248847527,-0.115658018272123,FALSE,30,10
222,6,1.26655236,3.04522984,69,3,123.33904444444444,3,0.7343764369256712,0.922961248847527,-0.115658018272123,FALSE,30,10
223,0,1.26655236,3.88173334,348,0,933.4293555555556,0,0,0.24440312584746943,-2,FALSE,30,10
223,1,1.26655236,4.16056783,348,0,933.4293555555556,0,0,0.24440312584746943,-2,FALSE,30,10
223,2,1.05860698,4.29998508,348,0,933.4293555555556,0,0,0.24440312584746943,-2,FALSE,30,10
223,3,0.850661606,4.16056783,348,0,933.4293555555556,0,0,0.24440312584746943,-2,FALSE,30,10
223,4,0.850661606,3.88173334,348,0,933.4293555555556,0,0,0.24440312584746943,-2,FALSE,30,10
223,5,1.05860698,3.7423161,348,0,933.4293555555556,0,0,0.24440312584746943,-2,FALSE,30,10
223,6,1.26655236,3.88173334,348,0,933.4293555555556,0,0,0.24440312584746943,-2,FALSE,30,10
224,0,1.26655236,4.71823685,305,1,632.6380222222223,1,0.04772465180787151,0.3553714044757786,-1.4926004975971658,FALSE,30,10
224,1,1.26655236,4.99707134,305,1,632.6380222222223,1,0.04772465180787151,0.3553714044757786,-1.4926004975971658,FALSE,30,10
224,2,1.05860698,5.13648859,305,1,632.6380222222223,1,0.04772465180787151,0.3553714044757786,-1.4926004975971658,FALSE,30,10
224,3,0.850661606,4.99707134,305,1,632.6380222222223,1,0.04772465180787151,0.3553714044757786,-1.4926004975971658,FALSE,30,10
224,4,0.850661606,4.71823685,305,1,632.6380222222223,1,0.04772465180787151,0.3553714044757786,-1.4926004975971658,FALSE,30,10
224,5,1.05860698,4.5788196,305,1,632.6380222222223,1,0.04772465180787151,0.3553714044757786,-1.4926004975971658,FALSE,30,10
224,6,1.26655236,4.71823685,305,1,632.6380222222223,1,0.04772465180787151,0.3553714044757786,-1.4926004975971658,FALSE,30,10
225,0,1.26655236,5.55474035,298,0,697.521846031746,0,0,0.30209160996778256,-1.7269419784347428,FALSE,30,10
225,1,1.26655236,5.83357485,298,0,697.521846031746,0,0,0.30209160996778256,-1.7269419784347428,FALSE,30,10
225,2,1.05860698,5.97299209,298,0,697.521846031746,0,0,0.30209160996778256,-1.7269419784347428,FALSE,30,10
225,3,0.850661606,5.83357485,298,0,697.521846031746,0,0,0.30209160996778256,-1.7269419784347428,FALSE,30,10
225,4,0.850661606,5.55474035,298,0,697.521846031746,0,0,0.30209160996778256,-1.7269419784347428,FALSE,30,10
225,5,1.05860698,5.41532311,298,0,697.521846031746,0,0,0.30209160996778256,-1.7269419784347428,FALSE,30,10
225,6,1.26655236,5.55474035,298,0,697.521846031746,0,0,0.30209160996778256,-1.7269419784347428,FALSE,30,10
226,0,1.26655236,6.39124386,342,0,851.1839962000962,0,0,0.2618351598513763,-1.9332692560559537,FALSE,30,10
226,1,1.26655236,6.67007835,342,0,851.1839962000962,0,0,0.2618351598513763,-1.9332692560559537,FALSE,30,10
226,2,1.05860698,6.8094956,342,0,851.1839962000962,0,0,0.2618351598513763,-1.9332692560559537,FALSE,30,10
226,3,0.850661606,6.67007835,342,0,851.1839962000962,0,0,0.2618351598513763,-1.9332692560559537,FALSE,30,10
226,4,0.850661606,6.39124386,342,0,851.1839962000962,0,0,0.2618351598513763,-1.9332692560559537,FALSE,30,10
226,5,1.05860698,6.25182661,342,0,851.1839962000962,0,0,0.2618351598513763,-1.9332692560559537,FALSE,30,10
226,6,1.26655236,6.39124386,342,0,851.1839962000962,0,0,0.2618351598513763,-1.9332692560559537,FALSE,30,10
227,0,1.26655236,7.22774737,184,1,381.92443333333335,1,0.07905341134492147,0.4856581721970082,-1.0419868567499395,FALSE,30,10
227,1,1.26655236,7.50658186,184,1,381.92443333333335,1,0.07905341134492147,0.4856581721970082,-1.0419868567499395,FALSE,30,10
227,2,1.05860698,7.6459991,184,1,381.92443333333335,1,0.07905341134492147,0.4856581721970082,-1.0419868567499395,FALSE,30,10
227,3,0.850661606,7.50658186,184,1,381.92443333333335,1,0.07905341134492147,0.4856581721970082,-1.0419868567499395,FALSE,30,10
227,4,0.850661606,7.22774737,184,1,381.92443333333335,1,0.07905341134492147,0.4856581721970082,-1.0419868567499395,FALSE,30,10
227,5,1.05860698,7.08833012,184,1,381.92443333333335,1,0.07905341134492147,0.4856581721970082,-1.0419868567499395,FALSE,30,10
227,6,1.26655236,7.22774737,184,1,381.92443333333335,1,0.07905341134492147,0.4856581721970082,-1.0419868567499395,FALSE,30,10
228,0,1.26655236,8.06425087,1,0,1.704,0,0,0.9943878747878688,0,TRUE,30,10
228,1,1.26655236,8.34308536,1,0,1.704,0,0,0.9943878747878688,0,TRUE,30,10
228,2,1.05860698,8.48250261,1,0,1.704,0,0,0.9943878747878688,0,TRUE,30,10
228,3,0.850661606,8.34308536,1,0,1.704,0,0,0.9943878747878688,0,TRUE,30,10
228,4,0.850661606,8.06425087,1,0,1.704,0,0,0.9943878747878688,0,TRUE,30,10
228,5,1.05860698,7.92483363,1,0,1.704,0,0,0.9943878747878688,0,TRUE,30,10
228,6,1.26655236,8.06425087,1,0,1.704,0,0,0.9943878747878688,0,TRUE,30,10
230,0,1.26655236,9.73725788,1,0,0.5,0,0,0.9983466936649568,0,TRUE,30,10
230,1,1.26655236,10.0160924,1,0,0.5,0,0,0.9983466936649568,0,TRUE,30,10
230,2,1.05860698,10.1555096,1,0,0.5,0,0,0.9983466936649568,0,TRUE,30,10
230,3,0.850661606,10.0160924,1,0,0.5,0,0,0.9983466936649568,0,TRUE,30,10
230,4,0.850661606,9.73725788,1,0,0.5,0,0,0.9983466936649568,0,TRUE,30,10
230,5,1.05860698,9.59784064,1,0,0.5,0,0,0.9983466936649568,0,TRUE,30,10
230,6,1.26655236,9.73725788,1,0,0.5,0,0,0.9983466936649568,0,TRUE,30,10
231,0,1.26655236,10.5737614,1,0,4.633333333333334,0,0,0.9848859303091888,0,TRUE,30,10
231,1,1.26655236,10.8525959,1,0,4.633333333333334,0,0,0.9848859303091888,0,TRUE,30,10
231,2,1.05860698,10.9920131,1,0,4.633333333333334,0,0,0.9848859303091888,0,TRUE,30,10
231,3,0.850661606,10.8525959,1,0,4.633333333333334,0,0,0.9848859303091888,0,TRUE,30,10
231,4,0.850661606,10.5737614,1,0,4.633333333333334,0,0,0.9848859303091888,0,TRUE,30,10
231,5,1.05860698,10.4343441,1,0,4.633333333333334,0,0,0.9848859303091888,0,TRUE,30,10
231,6,1.26655236,10.5737614,1,0,4.633333333333334,0,0,0.9848859303091888,0,TRUE,30,10
232,0,1.26655236,11.4102649,854,0,4131.659500000001,0,0,0.0680993767988239,-2,FALSE,30,10
232,1,1.26655236,11.6890994,854,0,4131.659500000001,0,0,0.0680993767988239,-2,FALSE,30,10
232,2,1.05860698,11.8285166,854,0,4131.659500000001,0,0,0.0680993767988239,-2,FALSE,30,10
232,3,0.850661606,11.6890994,854,0,4131.659500000001,0,0,0.0680993767988239,-2,FALSE,30,10
232,4,0.850661606,11.4102649,854,0,4131.659500000001,0,0,0.0680993767988239,-2,FALSE,30,10
232,5,1.05860698,11.2708476,854,0,4131.659500000001,0,0,0.0680993767988239,-2,FALSE,30,10
232,6,1.26655236,11.4102649,854,0,4131.659500000001,0,0,0.0680993767988239,-2,FALSE,30,10
233,0,1.68244311,-6.15630873,52,11,93.91572222222224,10.666666666666666,3.429165765965939,1.576336015452071,0.6565750958067096,FALSE,30,10
233,1,1.68244311,-5.87747423,52,11,93.91572222222224,10.666666666666666,3.429165765965939,1.576336015452071,0.6565750958067096,FALSE,30,10
233,2,1.47449774,-5.73805699,52,11,93.91572222222224,10.666666666666666,3.429165765965939,1.576336015452071,0.6565750958067096,FALSE,30,10
233,3,1.26655236,-5.87747423,52,11,93.91572222222224,10.666666666666666,3.429165765965939,1.576336015452071,0.6565750958067096,FALSE,30,10
233,4,1.26655236,-6.15630873,52,11,93.91572222222224,10.666666666666666,3.429165765965939,1.576336015452071,0.6565750958067096,FALSE,30,10
233,5,1.47449774,-6.29572597,52,11,93.91572222222224,10.666666666666666,3.429165765965939,1.576336015452071,0.6565750958067096,FALSE,30,10
233,6,1.68244311,-6.15630873,52,11,93.91572222222224,10.666666666666666,3.429165765965939,1.576336015452071,0.6565750958067096,FALSE,30,10
234,0,1.68244311,-5.31980522,350,43,614.6858888888888,38.05,1.8689577177707108,1.5827297770940436,0.6624149620295035,FALSE,30,10
234,1,1.68244311,-5.04097073,350,43,614.6858888888888,38.05,1.8689577177707108,1.5827297770940436,0.6624149620295035,FALSE,30,10
234,2,1.47449774,-4.90155348,350,43,614.6858888888888,38.05,1.8689577177707108,1.5827297770940436,0.6624149620295035,FALSE,30,10
234,3,1.26655236,-5.04097073,350,43,614.6858888888888,38.05,1.8689577177707108,1.5827297770940436,0.6624149620295035,FALSE,30,10
234,4,1.26655236,-5.31980522,350,43,614.6858888888888,38.05,1.8689577177707108,1.5827297770940436,0.6624149620295035,FALSE,30,10
234,5,1.47449774,-5.45922247,350,43,614.6858888888888,38.05,1.8689577177707108,1.5827297770940436,0.6624149620295035,FALSE,30,10
234,6,1.68244311,-5.31980522,350,43,614.6858888888888,38.05,1.8689577177707108,1.5827297770940436,0.6624149620295035,FALSE,30,10
235,0,1.68244311,-4.48330171,351,60,798.578992063492,42.25,1.5973750272813552,1.433484527952542,0.519526333203061,FALSE,30,10
235,1,1.68244311,-4.20446722,351,60,798.578992063492,42.25,1.5973750272813552,1.433484527952542,0.519526333203061,FALSE,30,10
235,2,1.47449774,-4.06504998,351,60,798.578992063492,42.25,1.5973750272813552,1.433484527952542,0.519526333203061,FALSE,30,10
235,3,1.26655236,-4.20446722,351,60,798.578992063492,42.25,1.5973750272813552,1.433484527952542,0.519526333203061,FALSE,30,10
235,4,1.26655236,-4.48330171,351,60,798.578992063492,42.25,1.5973750272813552,1.433484527952542,0.519526333203061,FALSE,30,10
235,5,1.47449774,-4.62271896,351,60,798.578992063492,42.25,1.5973750272813552,1.433484527952542,0.519526333203061,FALSE,30,10
235,6,1.68244311,-4.48330171,351,60,798.578992063492,42.25,1.5973750272813552,1.433484527952542,0.519526333203061,FALSE,30,10
236,0,1.68244311,-3.64679821,255,45,744.1790166666666,38.25,1.5518583513449422,1.3925820722739335,0.4777623557688285,FALSE,30,10
236,1,1.68244311,-3.36796372,255,45,744.1790166666666,38.25,1.5518583513449422,1.3925820722739335,0.4777623557688285,FALSE,30,10
236,2,1.47449774,-3.22854647,255,45,744.1790166666666,38.25,1.5518583513449422,1.3925820722739335,0.4777623557688285,FALSE,30,10
236,3,1.26655236,-3.36796372,255,45,744.1790166666666,38.25,1.5518583513449422,1.3925820722739335,0.4777623557688285,FALSE,30,10
236,4,1.26655236,-3.64679821,255,45,744.1790166666666,38.25,1.5518583513449422,1.3925820722739335,0.4777623557688285,FALSE,30,10
236,5,1.47449774,-3.78621545,255,45,744.1790166666666,38.25,1.5518583513449422,1.3925820722739335,0.4777623557688285,FALSE,30,10
236,6,1.68244311,-3.64679821,255,45,744.1790166666666,38.25,1.5518583513449422,1.3925820722739335,0.4777623557688285,FALSE,30,10
237,0,1.68244311,-2.8102947,76,7,126.69728888888888,6.666666666666667,1.5886911548914686,1.1740126405558613,0.23144794198210408,FALSE,30,10
237,1,1.68244311,-2.53146021,76,7,126.69728888888888,6.666666666666667,1.5886911548914686,1.1740126405558613,0.23144794198210408,FALSE,30,10
237,2,1.47449774,-2.39204296,76,7,126.69728888888888,6.666666666666667,1.5886911548914686,1.1740126405558613,0.23144794198210408,FALSE,30,10
237,3,1.26655236,-2.53146021,76,7,126.69728888888888,6.666666666666667,1.5886911548914686,1.1740126405558613,0.23144794198210408,FALSE,30,10
237,4,1.26655236,-2.8102947,76,7,126.69728888888888,6.666666666666667,1.5886911548914686,1.1740126405558613,0.23144794198210408,FALSE,30,10
237,5,1.47449774,-2.94971195,76,7,126.69728888888888,6.666666666666667,1.5886911548914686,1.1740126405558613,0.23144794198210408,FALSE,30,10
237,6,1.68244311,-2.8102947,76,7,126.69728888888888,6.666666666666667,1.5886911548914686,1.1740126405558613,0.23144794198210408,FALSE,30,10
238,0,1.68244311,-1.9737912,86,10,174.6538238095238,9,1.5558311753605416,1.2036980647706963,0.26747355232489356,FALSE,30,10
238,1,1.68244311,-1.6949567,86,10,174.6538238095238,9,1.5558311753605416,1.2036980647706963,0.26747355232489356,FALSE,30,10
238,2,1.47449774,-1.55553946,86,10,174.6538238095238,9,1.5558311753605416,1.2036980647706963,0.26747355232489356,FALSE,30,10
238,3,1.26655236,-1.6949567,86,10,174.6538238095238,9,1.5558311753605416,1.2036980647706963,0.26747355232489356,FALSE,30,10
238,4,1.26655236,-1.9737912,86,10,174.6538238095238,9,1.5558311753605416,1.2036980647706963,0.26747355232489356,FALSE,30,10
238,5,1.47449774,-2.11320844,86,10,174.6538238095238,9,1.5558311753605416,1.2036980647706963,0.26747355232489356,FALSE,30,10
238,6,1.68244311,-1.9737912,86,10,174.6538238095238,9,1.5558311753605416,1.2036980647706963,0.26747355232489356,FALSE,30,10
239,0,1.68244311,-1.13728769,79,7,134.4547535834536,4.545454545454545,1.0207025894076616,1.006378769964241,0.00917339331715489,FALSE,30,10
239,1,1.68244311,-0.858453199,79,7,134.4547535834536,4.545454545454545,1.0207025894076616,1.006378769964241,0.00917339331715489,FALSE,30,10
239,2,1.47449774,-0.719035953,79,7,134.4547535834536,4.545454545454545,1.0207025894076616,1.006378769964241,0.00917339331715489,FALSE,30,10
239,3,1.26655236,-0.858453199,79,7,134.4547535834536,4.545454545454545,1.0207025894076616,1.006378769964241,0.00917339331715489,FALSE,30,10
239,4,1.26655236,-1.13728769,79,7,134.4547535834536,4.545454545454545,1.0207025894076616,1.006378769964241,0.00917339331715489,FALSE,30,10
239,5,1.47449774,-1.27670494,79,7,134.4547535834536,4.545454545454545,1.0207025894076616,1.006378769964241,0.00917339331715489,FALSE,30,10
239,6,1.68244311,-1.13728769,79,7,134.4547535834536,4.545454545454545,1.0207025894076616,1.006378769964241,0.00917339331715489,FALSE,30,10
240,0,1.68244311,-0.300784186,122,5,156.95580158730158,4.333333333333333,0.8335713564653259,0.9430745821325462,-0.08455622534652439,FALSE,30,10
240,1,1.68244311,-0.0219496936,122,5,156.95580158730158,4.333333333333333,0.8335713564653259,0.9430745821325462,-0.08455622534652439,FALSE,30,10
240,2,1.47449774,0.117467552,122,5,156.95580158730158,4.333333333333333,0.8335713564653259,0.9430745821325462,-0.08455622534652439,FALSE,30,10
240,3,1.26655236,-0.0219496936,122,5,156.95580158730158,4.333333333333333,0.8335713564653259,0.9430745821325462,-0.08455622534652439,FALSE,30,10
240,4,1.26655236,-0.300784186,122,5,156.95580158730158,4.333333333333333,0.8335713564653259,0.9430745821325462,-0.08455622534652439,FALSE,30,10
240,5,1.47449774,-0.440201432,122,5,156.95580158730158,4.333333333333333,0.8335713564653259,0.9430745821325462,-0.08455622534652439,FALSE,30,10
240,6,1.68244311,-0.300784186,122,5,156.95580158730158,4.333333333333333,0.8335713564653259,0.9430745821325462,-0.08455622534652439,FALSE,30,10
241,0,1.68244311,0.53571932,146,22,413.2231,18.5,1.3517151936158862,1.203226417354926,0.26690814746774705,FALSE,30,10
241,1,1.68244311,0.814553812,146,22,413.2231,18.5,1.3517151936158862,1.203226417354926,0.26690814746774705,FALSE,30,10
241,2,1.47449774,0.953971058,146,22,413.2231,18.5,1.3517151936158862,1.203226417354926,0.26690814746774705,FALSE,30,10
241,3,1.26655236,0.814553812,146,22,413.2231,18.5,1.3517151936158862,1.203226417354926,0.26690814746774705,FALSE,30,10
241,4,1.26655236,0.53571932,146,22,413.2231,18.5,1.3517151936158862,1.203226417354926,0.26690814746774705,FALSE,30,10
241,5,1.47449774,0.396302074,146,22,413.2231,18.5,1.3517151936158862,1.203226417354926,0.26690814746774705,FALSE,30,10
241,6,1.68244311,0.53571932,146,22,413.2231,18.5,1.3517151936158862,1.203226417354926,0.26690814746774705,FALSE,30,10
242,0,1.68244311,1.37222283,269,4,1087.9005888888887,3.25,0.0901970238162028,0.28784179486164435,-1.7966520071113994,FALSE,30,10
242,1,1.68244311,1.65105732,269,4,1087.9005888888887,3.25,0.0901970238162028,0.28784179486164435,-1.7966520071113994,FALSE,30,10
242,2,1.47449774,1.79047456,269,4,1087.9005888888887,3.25,0.0901970238162028,0.28784179486164435,-1.7966520071113994,FALSE,30,10
242,3,1.26655236,1.65105732,269,4,1087.9005888888887,3.25,0.0901970238162028,0.28784179486164435,-1.7966520071113994,FALSE,30,10
242,4,1.26655236,1.37222283,269,4,1087.9005888888887,3.25,0.0901970238162028,0.28784179486164435,-1.7966520071113994,FALSE,30,10
242,5,1.47449774,1.23280558,269,4,1087.9005888888887,3.25,0.0901970238162028,0.28784179486164435,-1.7966520071113994,FALSE,30,10
242,6,1.68244311,1.37222283,269,4,1087.9005888888887,3.25,0.0901970238162028,0.28784179486164435,-1.7966520071113994,FALSE,30,10
243,0,1.68244311,2.20872633,101,10,289.39490476190474,9,0.9389656124123804,0.9701294312095382,-0.04375085551834611,FALSE,30,10
243,1,1.68244311,2.48756082,101,10,289.39490476190474,9,0.9389656124123804,0.9701294312095382,-0.04375085551834611,FALSE,30,10
243,2,1.47449774,2.62697807,101,10,289.39490476190474,9,0.9389656124123804,0.9701294312095382,-0.04375085551834611,FALSE,30,10
243,3,1.26655236,2.48756082,101,10,289.39490476190474,9,0.9389656124123804,0.9701294312095382,-0.04375085551834611,FALSE,30,10
243,4,1.26655236,2.20872633,101,10,289.39490476190474,9,0.9389656124123804,0.9701294312095382,-0.04375085551834611,FALSE,30,10
243,5,1.47449774,2.06930909,101,10,289.39490476190474,9,0.9389656124123804,0.9701294312095382,-0.04375085551834611,FALSE,30,10
243,6,1.68244311,2.20872633,101,10,289.39490476190474,9,0.9389656124123804,0.9701294312095382,-0.04375085551834611,FALSE,30,10
244,0,1.68244311,3.04522984,86,15,157.41922222222223,14,2.6851486411041012,1.5775085082113716,0.6576477863306458,FALSE,30,10
244,1,1.68244311,3.32406433,86,15,157.41922222222223,14,2.6851486411041012,1.5775085082113716,0.6576477863306458,FALSE,30,10
244,2,1.47449774,3.46348158,86,15,157.41922222222223,14,2.6851486411041012,1.5775085082113716,0.6576477863306458,FALSE,30,10
244,3,1.26655236,3.32406433,86,15,157.41922222222223,14,2.6851486411041012,1.5775085082113716,0.6576477863306458,FALSE,30,10
244,4,1.26655236,3.04522984,86,15,157.41922222222223,14,2.6851486411041012,1.5775085082113716,0.6576477863306458,FALSE,30,10
244,5,1.47449774,2.90581259,86,15,157.41922222222223,14,2.6851486411041012,1.5775085082113716,0.6576477863306458,FALSE,30,10
244,6,1.68244311,3.04522984,86,15,157.41922222222223,14,2.6851486411041012,1.5775085082113716,0.6576477863306458,FALSE,30,10
245,0,1.68244311,3.88173334,285,1,850.0983777777778,1,0.03551639447883827,0.28829009270035455,-1.7944068364716868,FALSE,30,10
245,1,1.68244311,4.16056783,285,1,850.0983777777778,1,0.03551639447883827,0.28829009270035455,-1.7944068364716868,FALSE,30,10
245,2,1.47449774,4.29998508,285,1,850.0983777777778,1,0.03551639447883827,0.28829009270035455,-1.7944068364716868,FALSE,30,10
245,3,1.26655236,4.16056783,285,1,850.0983777777778,1,0.03551639447883827,0.28829009270035455,-1.7944068364716868,FALSE,30,10
245,4,1.26655236,3.88173334,285,1,850.0983777777778,1,0.03551639447883827,0.28829009270035455,-1.7944068364716868,FALSE,30,10
245,5,1.47449774,3.7423161,285,1,850.0983777777778,1,0.03551639447883827,0.28829009270035455,-1.7944068364716868,FALSE,30,10
245,6,1.68244311,3.88173334,285,1,850.0983777777778,1,0.03551639447883827,0.28829009270035455,-1.7944068364716868,FALSE,30,10
246,0,1.68244311,4.71823685,306,0,823.8677555555556,0,0,0.26818833337299675,-1.898681615851584,FALSE,30,10
246,1,1.68244311,4.99707134,306,0,823.8677555555556,0,0,0.26818833337299675,-1.898681615851584,FALSE,30,10
246,2,1.47449774,5.13648859,306,0,823.8677555555556,0,0,0.26818833337299675,-1.898681615851584,FALSE,30,10
246,3,1.26655236,4.99707134,306,0,823.8677555555556,0,0,0.26818833337299675,-1.898681615851584,FALSE,30,10
246,4,1.26655236,4.71823685,306,0,823.8677555555556,0,0,0.26818833337299675,-1.898681615851584,FALSE,30,10
246,5,1.47449774,4.5788196,306,0,823.8677555555556,0,0,0.26818833337299675,-1.898681615851584,FALSE,30,10
246,6,1.68244311,4.71823685,306,0,823.8677555555556,0,0,0.26818833337299675,-1.898681615851584,FALSE,30,10
247,0,1.68244311,5.55474035,314,0,608.7029031746032,0,0,0.33155642009748026,-1.592673703979694,FALSE,30,10
247,1,1.68244311,5.83357485,314,0,608.7029031746032,0,0,0.33155642009748026,-1.592673703979694,FALSE,30,10
247,2,1.47449774,5.97299209,314,0,608.7029031746032,0,0,0.33155642009748026,-1.592673703979694,FALSE,30,10
247,3,1.26655236,5.83357485,314,0,608.7029031746032,0,0,0.33155642009748026,-1.592673703979694,FALSE,30,10
247,4,1.26655236,5.55474035,314,0,608.7029031746032,0,0,0.33155642009748026,-1.592673703979694,FALSE,30,10
247,5,1.47449774,5.41532311,314,0,608.7029031746032,0,0,0.33155642009748026,-1.592673703979694,FALSE,30,10
247,6,1.68244311,5.55474035,314,0,608.7029031746032,0,0,0.33155642009748026,-1.592673703979694,FALSE,30,10
248,0,1.68244311,6.39124386,308,0,724.4059444444445,0,0,0.2941785033737533,-1.7652362670885349,FALSE,30,10
248,1,1.68244311,6.67007835,308,0,724.4059444444445,0,0,0.2941785033737533,-1.7652362670885349,FALSE,30,10
248,2,1.47449774,6.8094956,308,0,724.4059444444445,0,0,0.2941785033737533,-1.7652362670885349,FALSE,30,10
248,3,1.26655236,6.67007835,308,0,724.4059444444445,0,0,0.2941785033737533,-1.7652362670885349,FALSE,30,10
248,4,1.26655236,6.39124386,308,0,724.4059444444445,0,0,0.2941785033737533,-1.7652362670885349,FALSE,30,10
248,5,1.47449774,6.25182661,308,0,724.4059444444445,0,0,0.2941785033737533,-1.7652362670885349,FALSE,30,10
248,6,1.68244311,6.39124386,308,0,724.4059444444445,0,0,0.2941785033737533,-1.7652362670885349,FALSE,30,10
249,0,1.68244311,7.22774737,191,3,401.1055444444444,3,0.2258190873885405,0.5583000325512727,-0.8408874546538662,FALSE,30,10
249,1,1.68244311,7.50658186,191,3,401.1055444444444,3,0.2258190873885405,0.5583000325512727,-0.8408874546538662,FALSE,30,10
249,2,1.47449774,7.6459991,191,3,401.1055444444444,3,0.2258190873885405,0.5583000325512727,-0.8408874546538662,FALSE,30,10
249,3,1.26655236,7.50658186,191,3,401.1055444444444,3,0.2258190873885405,0.5583000325512727,-0.8408874546538662,FALSE,30,10
249,4,1.26655236,7.22774737,191,3,401.1055444444444,3,0.2258190873885405,0.5583000325512727,-0.8408874546538662,FALSE,30,10
249,5,1.47449774,7.08833012,191,3,401.1055444444444,3,0.2258190873885405,0.5583000325512727,-0.8408874546538662,FALSE,30,10
249,6,1.68244311,7.22774737,191,3,401.1055444444444,3,0.2258190873885405,0.5583000325512727,-0.8408874546538662,FALSE,30,10
250,0,1.68244311,8.06425087,5,0,6.767777777777778,0,0,0.9780759584982712,0,TRUE,30,10
250,1,1.68244311,8.34308536,5,0,6.767777777777778,0,0,0.9780759584982712,0,TRUE,30,10
250,2,1.47449774,8.48250261,5,0,6.767777777777778,0,0,0.9780759584982712,0,TRUE,30,10
250,3,1.26655236,8.34308536,5,0,6.767777777777778,0,0,0.9780759584982712,0,TRUE,30,10
250,4,1.26655236,8.06425087,5,0,6.767777777777778,0,0,0.9780759584982712,0,TRUE,30,10
250,5,1.47449774,7.92483363,5,0,6.767777777777778,0,0,0.9780759584982712,0,TRUE,30,10
250,6,1.68244311,8.06425087,5,0,6.767777777777778,0,0,0.9780759584982712,0,TRUE,30,10
251,0,1.68244311,11.4102649,2,0,2.956,0,0,0.9903043913796138,0,TRUE,30,10
251,1,1.68244311,11.6890994,2,0,2.956,0,0,0.9903043913796138,0,TRUE,30,10
251,2,1.47449774,11.8285166,2,0,2.956,0,0,0.9903043913796138,0,TRUE,30,10
251,3,1.26655236,11.6890994,2,0,2.956,0,0,0.9903043913796138,0,TRUE,30,10
251,4,1.26655236,11.4102649,2,0,2.956,0,0,0.9903043913796138,0,TRUE,30,10
251,5,1.47449774,11.2708476,2,0,2.956,0,0,0.9903043913796138,0,TRUE,30,10
251,6,1.68244311,11.4102649,2,0,2.956,0,0,0.9903043913796138,0,TRUE,30,10
252,0,2.09833387,-6.15630873,24,1,76.89606666666667,1,0.3926394501016008,0.8767129693382983,0,TRUE,30,10
252,1,2.09833387,-5.87747423,24,1,76.89606666666667,1,0.3926394501016008,0.8767129693382983,0,TRUE,30,10
252,2,1.89038849,-5.73805699,24,1,76.89606666666667,1,0.3926394501016008,0.8767129693382983,0,TRUE,30,10
252,3,1.68244311,-5.87747423,24,1,76.89606666666667,1,0.3926394501016008,0.8767129693382983,0,TRUE,30,10
252,4,1.68244311,-6.15630873,24,1,76.89606666666667,1,0.3926394501016008,0.8767129693382983,0,TRUE,30,10
252,5,1.89038849,-6.29572597,24,1,76.89606666666667,1,0.3926394501016008,0.8767129693382983,0,TRUE,30,10
252,6,2.09833387,-6.15630873,24,1,76.89606666666667,1,0.3926394501016008,0.8767129693382983,0,TRUE,30,10
253,0,2.09833387,-5.31980522,62,3,211.07291666666663,1.5333333333333332,0.21933206324432084,0.6787938508150135,-0.5589545993038814,FALSE,30,10
253,1,2.09833387,-5.04097073,62,3,211.07291666666663,1.5333333333333332,0.21933206324432084,0.6787938508150135,-0.5589545993038814,FALSE,30,10
253,2,1.89038849,-4.90155348,62,3,211.07291666666663,1.5333333333333332,0.21933206324432084,0.6787938508150135,-0.5589545993038814,FALSE,30,10
253,3,1.68244311,-5.04097073,62,3,211.07291666666663,1.5333333333333332,0.21933206324432084,0.6787938508150135,-0.5589545993038814,FALSE,30,10
253,4,1.68244311,-5.31980522,62,3,211.07291666666663,1.5333333333333332,0.21933206324432084,0.6787938508150135,-0.5589545993038814,FALSE,30,10
253,5,1.89038849,-5.45922247,62,3,211.07291666666663,1.5333333333333332,0.21933206324432084,0.6787938508150135,-0.5589545993038814,FALSE,30,10
253,6,2.09833387,-5.31980522,62,3,211.07291666666663,1.5333333333333332,0.21933206324432084,0.6787938508150135,-0.5589545993038814,FALSE,30,10
254,0,2.09833387,-4.48330171,279,34,554.9079396825397,24.616666666666667,1.339387879587251,1.2197968537636463,0.2866408998609722,FALSE,30,10
254,1,2.09833387,-4.20446722,279,34,554.9079396825397,24.616666666666667,1.339387879587251,1.2197968537636463,0.2866408998609722,FALSE,30,10
254,2,1.89038849,-4.06504998,279,34,554.9079396825397,24.616666666666667,1.339387879587251,1.2197968537636463,0.2866408998609722,FALSE,30,10
254,3,1.68244311,-4.20446722,279,34,554.9079396825397,24.616666666666667,1.339387879587251,1.2197968537636463,0.2866408998609722,FALSE,30,10
254,4,1.68244311,-4.48330171,279,34,554.9079396825397,24.616666666666667,1.339387879587251,1.2197968537636463,0.2866408998609722,FALSE,30,10
254,5,1.89038849,-4.62271896,279,34,554.9079396825397,24.616666666666667,1.339387879587251,1.2197968537636463,0.2866408998609722,FALSE,30,10
254,6,2.09833387,-4.48330171,279,34,554.9079396825397,24.616666666666667,1.339387879587251,1.2197968537636463,0.2866408998609722,FALSE,30,10
255,0,2.09833387,-3.64679821,96,12,208.9713238095238,8.166666666666666,1.1799298664907705,1.0735966039510343,0.1024520130602437,FALSE,30,10
255,1,2.09833387,-3.36796372,96,12,208.9713238095238,8.166666666666666,1.1799298664907705,1.0735966039510343,0.1024520130602437,FALSE,30,10
255,2,1.89038849,-3.22854647,96,12,208.9713238095238,8.166666666666666,1.1799298664907705,1.0735966039510343,0.1024520130602437,FALSE,30,10
255,3,1.68244311,-3.36796372,96,12,208.9713238095238,8.166666666666666,1.1799298664907705,1.0735966039510343,0.1024520130602437,FALSE,30,10
255,4,1.68244311,-3.64679821,96,12,208.9713238095238,8.166666666666666,1.1799298664907705,1.0735966039510343,0.1024520130602437,FALSE,30,10
255,5,1.89038849,-3.78621545,96,12,208.9713238095238,8.166666666666666,1.1799298664907705,1.0735966039510343,0.1024520130602437,FALSE,30,10
255,6,2.09833387,-3.64679821,96,12,208.9713238095238,8.166666666666666,1.1799298664907705,1.0735966039510343,0.1024520130602437,FALSE,30,10
256,0,2.09833387,-2.8102947,28,1,63.25666666666667,0.25,0.11932508825542516,0.8474494416753855,0,TRUE,30,10
256,1,2.09833387,-2.53146021,28,1,63.25666666666667,0.25,0.11932508825542516,0.8474494416753855,0,TRUE,30,10
256,2,1.89038849,-2.39204296,28,1,63.25666666666667,0.25,0.11932508825542516,0.8474494416753855,0,TRUE,30,10
256,3,1.68244311,-2.53146021,28,1,63.25666666666667,0.25,0.11932508825542516,0.8474494416753855,0,TRUE,30,10
256,4,1.68244311,-2.8102947,28,1,63.25666666666667,0.25,0.11932508825542516,0.8474494416753855,0,TRUE,30,10
256,5,1.89038849,-2.94971195,28,1,63.25666666666667,0.25,0.11932508825542516,0.8474494416753855,0,TRUE,30,10
256,6,2.09833387,-2.8102947,28,1,63.25666666666667,0.25,0.11932508825542516,0.8474494416753855,0,TRUE,30,10
257,0,2.09833387,-1.9737912,34,2,36.56511111111111,1.75,1.4450045336564687,1.048071342870943,0.0677369253705101,FALSE,30,10
257,1,2.09833387,-1.6949567,34,2,36.56511111111111,1.75,1.4450045336564687,1.048071342870943,0.0677369253705101,FALSE,30,10
257,2,1.89038849,-1.55553946,34,2,36.56511111111111,1.75,1.4450045336564687,1.048071342870943,0.0677369253705101,FALSE,30,10
257,3,1.68244311,-1.6949567,34,2,36.56511111111111,1.75,1.4450045336564687,1.048071342870943,0.0677369253705101,FALSE,30,10
257,4,1.68244311,-1.9737912,34,2,36.56511111111111,1.75,1.4450045336564687,1.048071342870943,0.0677369253705101,FALSE,30,10
257,5,1.89038849,-2.11320844,34,2,36.56511111111111,1.75,1.4450045336564687,1.048071342870943,0.0677369253705101,FALSE,30,10
257,6,2.09833387,-1.9737912,34,2,36.56511111111111,1.75,1.4450045336564687,1.048071342870943,0.0677369253705101,FALSE,30,10
258,0,2.09833387,-1.13728769,60,2,166.07544444444443,1.25,0.2272493491736222,0.7257799579192791,-0.4623958768820377,FALSE,30,10
258,1,2.09833387,-0.858453199,60,2,166.07544444444443,1.25,0.2272493491736222,0.7257799579192791,-0.4623958768820377,FALSE,30,10
258,2,1.89038849,-0.719035953,60,2,166.07544444444443,1.25,0.2272493491736222,0.7257799579192791,-0.4623958768820377,FALSE,30,10
258,3,1.68244311,-0.858453199,60,2,166.07544444444443,1.25,0.2272493491736222,0.7257799579192791,-0.4623958768820377,FALSE,30,10
258,4,1.68244311,-1.13728769,60,2,166.07544444444443,1.25,0.2272493491736222,0.7257799579192791,-0.4623958768820377,FALSE,30,10
258,5,1.89038849,-1.27670494,60,2,166.07544444444443,1.25,0.2272493491736222,0.7257799579192791,-0.4623958768820377,FALSE,30,10
258,6,2.09833387,-1.13728769,60,2,166.07544444444443,1.25,0.2272493491736222,0.7257799579192791,-0.4623958768820377,FALSE,30,10
259,0,2.09833387,-0.300784186,113,4,169.1236111111111,3.5,0.6248299806523797,0.8653000939878853,-0.20872753551955628,FALSE,30,10
259,1,2.09833387,-0.0219496936,113,4,169.1236111111111,3.5,0.6248299806523797,0.8653000939878853,-0.20872753551955628,FALSE,30,10
259,2,1.89038849,0.117467552,113,4,169.1236111111111,3.5,0.6248299806523797,0.8653000939878853,-0.20872753551955628,FALSE,30,10
259,3,1.68244311,-0.0219496936,113,4,169.1236111111111,3.5,0.6248299806523797,0.8653000939878853,-0.20872753551955628,FALSE,30,10
259,4,1.68244311,-0.300784186,113,4,169.1236111111111,3.5,0.6248299806523797,0.8653000939878853,-0.20872753551955628,FALSE,30,10
259,5,1.89038849,-0.440201432,113,4,169.1236111111111,3.5,0.6248299806523797,0.8653000939878853,-0.20872753551955628,FALSE,30,10
259,6,2.09833387,-0.300784186,113,4,169.1236111111111,3.5,0.6248299806523797,0.8653000939878853,-0.20872753551955628,FALSE,30,10
260,0,2.09833387,0.53571932,128,11,335.52247936507933,10.5,0.94485623906677485,0.9709748763615298,-0.04249412799423269,FALSE,30,10
260,1,2.09833387,0.814553812,128,11,335.52247936507933,10.5,0.94485623906677485,0.9709748763615298,-0.04249412799423269,FALSE,30,10
260,2,1.89038849,0.953971058,128,11,335.52247936507933,10.5,0.94485623906677485,0.9709748763615298,-0.04249412799423269,FALSE,30,10
260,3,1.68244311,0.814553812,128,11,335.52247936507933,10.5,0.94485623906677485,0.9709748763615298,-0.04249412799423269,FALSE,30,10
260,4,1.68244311,0.53571932,128,11,335.52247936507933,10.5,0.94485623906677485,0.9709748763615298,-0.04249412799423269,FALSE,30,10
260,5,1.89038849,0.396302074,128,11,335.52247936507933,10.5,0.94485623906677485,0.9709748763615298,-0.04249412799423269,FALSE,30,10
260,6,2.09833387,0.53571932,128,11,335.52247936507933,10.5,0.94485623906677485,0.9709748763615298,-0.04249412799423269,FALSE,30,10
261,0,2.09833387,1.37222283,341,11,1027.5660773448774,9.7,0.2850099579651402,0.4473825993394403,-1.1604189501016189,FALSE,30,10
261,1,2.09833387,1.65105732,341,11,1027.5660773448774,9.7,0.2850099579651402,0.4473825993394403,-1.1604189501016189,FALSE,30,10
261,2,1.89038849,1.79047456,341,11,1027.5660773448774,9.7,0.2850099579651402,0.4473825993394403,-1.1604189501016189,FALSE,30,10
261,3,1.68244311,1.65105732,341,11,1027.5660773448774,9.7,0.2850099579651402,0.4473825993394403,-1.1604189501016189,FALSE,30,10
261,4,1.68244311,1.37222283,341,11,1027.5660773448774,9.7,0.2850099579651402,0.4473825993394403,-1.1604189501016189,FALSE,30,10
261,5,1.89038849,1.23280558,341,11,1027.5660773448774,9.7,0.2850099579651402,0.4473825993394403,-1.1604189501016189,FALSE,30,10
261,6,2.09833387,1.37222283,341,11,1027.5660773448774,9.7,0.2850099579651402,0.4473825993394403,-1.1604189501016189,FALSE,30,10
262,0,2.09833387,2.20872633,20,3,57.085,3,1.5867090828225998,1.0932908663287173,0,TRUE,30,10
262,1,2.09833387,2.48756082,20,3,57.085,3,1.5867090828225998,1.0932908663287173,0,TRUE,30,10
262,2,1.89038849,2.62697807,20,3,57.085,3,1.5867090828225998,1.0932908663287173,0,TRUE,30,10
262,3,1.68244311,2.48756082,20,3,57.085,3,1.5867090828225998,1.0932908663287173,0,TRUE,30,10
262,4,1.68244311,2.20872633,20,3,57.085,3,1.5867090828225998,1.0932908663287173,0,TRUE,30,10
262,5,1.89038849,2.06930909,20,3,57.085,3,1.5867090828225998,1.0932908663287173,0,TRUE,30,10
262,6,2.09833387,2.20872633,20,3,57.085,3,1.5867090828225998,1.0932908663287173,0,TRUE,30,10
263,0,2.09833387,3.04522984,335,60,696.0819507936508,59,2.5591143808520584,2.0874394685866138,1.0617343630304892,FALSE,30,10
263,1,2.09833387,3.32406433,335,60,696.0819507936508,59,2.5591143808520584,2.0874394685866138,1.0617343630304892,FALSE,30,10
263,2,1.89038849,3.46348158,335,60,696.0819507936508,59,2.5591143808520584,2.0874394685866138,1.0617343630304892,FALSE,30,10
263,3,1.68244311,3.32406433,335,60,696.0819507936508,59,2.5591143808520584,2.0874394685866138,1.0617343630304892,FALSE,30,10
263,4,1.68244311,3.04522984,335,60,696.0819507936508,59,2.5591143808520584,2.0874394685866138,1.0617343630304892,FALSE,30,10
263,5,1.89038849,2.90581259,335,60,696.0819507936508,59,2.5591143808520584,2.0874394685866138,1.0617343630304892,FALSE,30,10
263,6,2.09833387,3.04522984,335,60,696.0819507936508,59,2.5591143808520584,2.0874394685866138,1.0617343630304892,FALSE,30,10
264,0,2.09833387,3.88173334,222,2,595.2656111111111,1.5,0.07608140492431464,0.387000495207698,-1.3695926824369713,FALSE,30,10
264,1,2.09833387,4.16056783,222,2,595.2656111111111,1.5,0.07608140492431464,0.387000495207698,-1.3695926824369713,FALSE,30,10
264,2,1.89038849,4.29998508,222,2,595.2656111111111,1.5,0.07608140492431464,0.387000495207698,-1.3695926824369713,FALSE,30,10
264,3,1.68244311,4.16056783,222,2,595.2656111111111,1.5,0.07608140492431464,0.387000495207698,-1.3695926824369713,FALSE,30,10
264,4,1.68244311,3.88173334,222,2,595.2656111111111,1.5,0.07608140492431464,0.387000495207698,-1.3695926824369713,FALSE,30,10
264,5,1.89038849,3.7423161,222,2,595.2656111111111,1.5,0.07608140492431464,0.387000495207698,-1.3695926824369713,FALSE,30,10
264,6,2.09833387,3.88173334,222,2,595.2656111111111,1.5,0.07608140492431464,0.387000495207698,-1.3695926824369713,FALSE,30,10
265,0,2.09833387,4.71823685,158,0,352.1084777777778,0,0,0.4616348089220589,-1.1151760824164196,FALSE,30,10
265,1,2.09833387,4.99707134,158,0,352.1084777777778,0,0,0.4616348089220589,-1.1151760824164196,FALSE,30,10
265,2,1.89038849,5.13648859,158,0,352.1084777777778,0,0,0.4616348089220589,-1.1151760824164196,FALSE,30,10
265,3,1.68244311,4.99707134,158,0,352.1084777777778,0,0,0.4616348089220589,-1.1151760824164196,FALSE,30,10
265,4,1.68244311,4.71823685,158,0,352.1084777777778,0,0,0.4616348089220589,-1.1151760824164196,FALSE,30,10
265,5,1.89038849,4.5788196,158,0,352.1084777777778,0,0,0.4616348089220589,-1.1151760824164196,FALSE,30,10
265,6,2.09833387,4.71823685,158,0,352.1084777777778,0,0,0.4616348089220589,-1.1151760824164196,FALSE,30,10
266,0,2.09833387,5.55474035,316,2,771.2537777777778,1.1666666666666663,0.04567173853933197,0.31415922788492956,-1.6704321375049194,FALSE,30,10
266,1,2.09833387,5.83357485,316,2,771.2537777777778,1.1666666666666663,0.04567173853933197,0.31415922788492956,-1.6704321375049194,FALSE,30,10
266,2,1.89038849,5.97299209,316,2,771.2537777777778,1.1666666666666663,0.04567173853933197,0.31415922788492956,-1.6704321375049194,FALSE,30,10
266,3,1.68244311,5.83357485,316,2,771.2537777777778,1.1666666666666663,0.04567173853933197,0.31415922788492956,-1.6704321375049194,FALSE,30,10
266,4,1.68244311,5.55474035,316,2,771.2537777777778,1.1666666666666663,0.04567173853933197,0.31415922788492956,-1.6704321375049194,FALSE,30,10
266,5,1.89038849,5.41532311,316,2,771.2537777777778,1.1666666666666663,0.04567173853933197,0.31415922788492956,-1.6704321375049194,FALSE,30,10
266,6,2.09833387,5.55474035,316,2,771.2537777777778,1.1666666666666663,0.04567173853933197,0.31415922788492956,-1.6704321375049194,FALSE,30,10
267,0,2.09833387,6.39124386,295,0,672.8260555555555,0,0,0.30974525288575006,-1.690845922902978,FALSE,30,10
267,1,2.09833387,6.67007835,295,0,672.8260555555555,0,0,0.30974525288575006,-1.690845922902978,FALSE,30,10
267,2,1.89038849,6.8094956,295,0,672.8260555555555,0,0,0.30974525288575006,-1.690845922902978,FALSE,30,10
267,3,1.68244311,6.67007835,295,0,672.8260555555555,0,0,0.30974525288575006,-1.690845922902978,FALSE,30,10
267,4,1.68244311,6.39124386,295,0,672.8260555555555,0,0,0.30974525288575006,-1.690845922902978,FALSE,30,10
267,5,1.89038849,6.25182661,295,0,672.8260555555555,0,0,0.30974525288575006,-1.690845922902978,FALSE,30,10
267,6,2.09833387,6.39124386,295,0,672.8260555555555,0,0,0.30974525288575006,-1.690845922902978,FALSE,30,10
268,0,2.09833387,7.22774737,25,0,51.275666666666666,0,0,0.8548253893627596,0,TRUE,30,10
268,1,2.09833387,7.50658186,25,0,51.275666666666666,0,0,0.8548253893627596,0,TRUE,30,10
268,2,1.89038849,7.6459991,25,0,51.275666666666666,0,0,0.8548253893627596,0,TRUE,30,10
268,3,1.68244311,7.50658186,25,0,51.275666666666666,0,0,0.8548253893627596,0,TRUE,30,10
268,4,1.68244311,7.22774737,25,0,51.275666666666666,0,0,0.8548253893627596,0,TRUE,30,10
268,5,1.89038849,7.08833012,25,0,51.275666666666666,0,0,0.8548253893627596,0,TRUE,30,10
268,6,2.09833387,7.22774737,25,0,51.275666666666666,0,0,0.8548253893627596,0,TRUE,30,10
270,0,2.51422462,-4.48330171,3,0,3.284666666666667,0,0,0.9892379743146454,0,TRUE,30,10
270,1,2.51422462,-4.20446722,3,0,3.284666666666667,0,0,0.9892379743146454,0,TRUE,30,10
270,2,2.30627924,-4.06504998,3,0,3.284666666666667,0,0,0.9892379743146454,0,TRUE,30,10
270,3,2.09833387,-4.20446722,3,0,3.284666666666667,0,0,0.9892379743146454,0,TRUE,30,10
270,4,2.09833387,-4.48330171,3,0,3.284666666666667,0,0,0.9892379743146454,0,TRUE,30,10
270,5,2.30627924,-4.62271896,3,0,3.284666666666667,0,0,0.9892379743146454,0,TRUE,30,10
270,6,2.51422462,-4.48330171,3,0,3.284666666666667,0,0,0.9892379743146454,0,TRUE,30,10
271,0,2.51422462,-3.64679821,147,13,181.12584444444445,9.166666666666666,1.5280201253600616,1.1979879180536883,0.2606133583337747,FALSE,30,10
271,1,2.51422462,-3.36796372,147,13,181.12584444444445,9.166666666666666,1.5280201253600616,1.1979879180536883,0.2606133583337747,FALSE,30,10
271,2,2.30627924,-3.22854647,147,13,181.12584444444445,9.166666666666666,1.5280201253600616,1.1979879180536883,0.2606133583337747,FALSE,30,10
271,3,2.09833387,-3.36796372,147,13,181.12584444444445,9.166666666666666,1.5280201253600616,1.1979879180536883,0.2606133583337747,FALSE,30,10
271,4,2.09833387,-3.64679821,147,13,181.12584444444445,9.166666666666666,1.5280201253600616,1.1979879180536883,0.2606133583337747,FALSE,30,10
271,5,2.30627924,-3.78621545,147,13,181.12584444444445,9.166666666666666,1.5280201253600616,1.1979879180536883,0.2606133583337747,FALSE,30,10
271,6,2.51422462,-3.64679821,147,13,181.12584444444445,9.166666666666666,1.5280201253600616,1.1979879180536883,0.2606133583337747,FALSE,30,10
272,0,2.51422462,-2.8102947,75,5,192.23893333333336,3.7,0.5811101143123177,0.837043833966055,-0.25662491967496553,FALSE,30,10
272,1,2.51422462,-2.53146021,75,5,192.23893333333336,3.7,0.5811101143123177,0.837043833966055,-0.25662491967496553,FALSE,30,10
272,2,2.30627924,-2.39204296,75,5,192.23893333333336,3.7,0.5811101143123177,0.837043833966055,-0.25662491967496553,FALSE,30,10
272,3,2.09833387,-2.53146021,75,5,192.23893333333336,3.7,0.5811101143123177,0.837043833966055,-0.25662491967496553,FALSE,30,10
272,4,2.09833387,-2.8102947,75,5,192.23893333333336,3.7,0.5811101143123177,0.837043833966055,-0.25662491967496553,FALSE,30,10
272,5,2.30627924,-2.94971195,75,5,192.23893333333336,3.7,0.5811101143123177,0.837043833966055,-0.25662491967496553,FALSE,30,10
272,6,2.51422462,-2.8102947,75,5,192.23893333333336,3.7,0.5811101143123177,0.837043833966055,-0.25662491967496553,FALSE,30,10
273,0,2.51422462,-1.9737912,40,0,87.47016849816849,0,0,0.775368740243374,-0.3670455223014191,FALSE,30,10
273,1,2.51422462,-1.6949567,40,0,87.47016849816849,0,0,0.775368740243374,-0.3670455223014191,FALSE,30,10
273,2,2.30627924,-1.55553946,40,0,87.47016849816849,0,0,0.775368740243374,-0.3670455223014191,FALSE,30,10
273,3,2.09833387,-1.6949567,40,0,87.47016849816849,0,0,0.775368740243374,-0.3670455223014191,FALSE,30,10
273,4,2.09833387,-1.9737912,40,0,87.47016849816849,0,0,0.775368740243374,-0.3670455223014191,FALSE,30,10
273,5,2.30627924,-2.11320844,40,0,87.47016849816849,0,0,0.775368740243374,-0.3670455223014191,FALSE,30,10
273,6,2.51422462,-1.9737912,40,0,87.47016849816849,0,0,0.775368740243374,-0.3670455223014191,FALSE,30,10
274,0,2.51422462,-1.13728769,64,1,134.18794444444444,1,0.2250010569576621,0.7615395622718553,-0.3930091076681388,FALSE,30,10
274,1,2.51422462,-0.858453199,64,1,134.18794444444444,1,0.2250010569576621,0.7615395622718553,-0.3930091076681388,FALSE,30,10
274,2,2.30627924,-0.719035953,64,1,134.18794444444444,1,0.2250010569576621,0.7615395622718553,-0.3930091076681388,FALSE,30,10
274,3,2.09833387,-0.858453199,64,1,134.18794444444444,1,0.2250010569576621,0.7615395622718553,-0.3930091076681388,FALSE,30,10
274,4,2.09833387,-1.13728769,64,1,134.18794444444444,1,0.2250010569576621,0.7615395622718553,-0.3930091076681388,FALSE,30,10
274,5,2.30627924,-1.27670494,64,1,134.18794444444444,1,0.2250010569576621,0.7615395622718553,-0.3930091076681388,FALSE,30,10
274,6,2.51422462,-1.13728769,64,1,134.18794444444444,1,0.2250010569576621,0.7615395622718553,-0.3930091076681388,FALSE,30,10
275,0,2.51422462,-0.300784186,95,7,160.1881111111111,5.666666666666667,1.068059493858802,1.0235923590453773,0.0336412830405183,FALSE,30,10
275,1,2.51422462,-0.0219496936,95,7,160.1881111111111,5.666666666666667,1.068059493858802,1.0235923590453773,0.0336412830405183,FALSE,30,10
275,2,2.30627924,0.117467552,95,7,160.1881111111111,5.666666666666667,1.068059493858802,1.0235923590453773,0.0336412830405183,FALSE,30,10
275,3,2.09833387,-0.0219496936,95,7,160.1881111111111,5.666666666666667,1.068059493858802,1.0235923590453773,0.0336412830405183,FALSE,30,10
275,4,2.09833387,-0.300784186,95,7,160.1881111111111,5.666666666666667,1.068059493858802,1.0235923590453773,0.0336412830405183,FALSE,30,10
275,5,2.30627924,-0.440201432,95,7,160.1881111111111,5.666666666666667,1.068059493858802,1.0235923590453773,0.0336412830405183,FALSE,30,10
275,6,2.51422462,-0.300784186,95,7,160.1881111111111,5.666666666666667,1.068059493858802,1.0235923590453773,0.0336412830405183,FALSE,30,10
276,0,2.51422462,0.53571932,188,22,385.56569629629627,17.966666666666665,1.406912800742712,1.2282093117314208,0.2965564461024757,FALSE,30,10
276,1,2.51422462,0.814553812,188,22,385.56569629629627,17.966666666666665,1.406912800742712,1.2282093117314208,0.2965564461024757,FALSE,30,10
276,2,2.30627924,0.953971058,188,22,385.56569629629627,17.966666666666665,1.406912800742712,1.2282093117314208,0.2965564461024757,FALSE,30,10
276,3,2.09833387,0.814553812,188,22,385.56569629629627,17.966666666666665,1.406912800742712,1.2282093117314208,0.2965564461024757,FALSE,30,10
276,4,2.09833387,0.53571932,188,22,385.56569629629627,17.966666666666665,1.406912800742712,1.2282093117314208,0.2965564461024757,FALSE,30,10
276,5,2.30627924,0.396302074,188,22,385.56569629629627,17.966666666666665,1.406912800742712,1.2282093117314208,0.2965564461024757,FALSE,30,10
276,6,2.51422462,0.53571932,188,22,385.56569629629627,17.966666666666665,1.406912800742712,1.2282093117314208,0.2965564461024757,FALSE,30,10
277,0,2.51422462,1.37222283,54,3,95.00138974358974,1.8333333333333333,0.5826523933616914,0.9001107654919089,-0.15182554789713848,FALSE,30,10
277,1,2.51422462,1.65105732,54,3,95.00138974358974,1.8333333333333333,0.5826523933616914,0.9001107654919089,-0.15182554789713848,FALSE,30,10
277,2,2.30627924,1.79047456,54,3,95.00138974358974,1.8333333333333333,0.5826523933616914,0.9001107654919089,-0.15182554789713848,FALSE,30,10
277,3,2.09833387,1.65105732,54,3,95.00138974358974,1.8333333333333333,0.5826523933616914,0.9001107654919089,-0.15182554789713848,FALSE,30,10
277,4,2.09833387,1.37222283,54,3,95.00138974358974,1.8333333333333333,0.5826523933616914,0.9001107654919089,-0.15182554789713848,FALSE,30,10
277,5,2.30627924,1.23280558,54,3,95.00138974358974,1.8333333333333333,0.5826523933616914,0.9001107654919089,-0.15182554789713848,FALSE,30,10
277,6,2.51422462,1.37222283,54,3,95.00138974358974,1.8333333333333333,0.5826523933616914,0.9001107654919089,-0.15182554789713848,FALSE,30,10
278,0,2.51422462,2.20872633,3,0,8.683333333333334,0,0,0.9720440433894724,0,TRUE,30,10
278,1,2.51422462,2.48756082,3,0,8.683333333333334,0,0,0.9720440433894724,0,TRUE,30,10
278,2,2.30627924,2.62697807,3,0,8.683333333333334,0,0,0.9720440433894724,0,TRUE,30,10
278,3,2.09833387,2.48756082,3,0,8.683333333333334,0,0,0.9720440433894724,0,TRUE,30,10
278,4,2.09833387,2.20872633,3,0,8.683333333333334,0,0,0.9720440433894724,0,TRUE,30,10
278,5,2.30627924,2.06930909,3,0,8.683333333333334,0,0,0.9720440433894724,0,TRUE,30,10
278,6,2.51422462,2.20872633,3,0,8.683333333333334,0,0,0.9720440433894724,0,TRUE,30,10
279,0,2.51422462,3.04522984,477,45,1292.4386444444444,43.03333333333333,1.0052940471317298,1.0042915141443238,0.00617809893603118,FALSE,30,10
279,1,2.51422462,3.32406433,477,45,1292.4386444444444,43.03333333333333,1.0052940471317298,1.0042915141443238,0.00617809893603118,FALSE,30,10
279,2,2.30627924,3.46348158,477,45,1292.4386444444444,43.03333333333333,1.0052940471317298,1.0042915141443238,0.00617809893603118,FALSE,30,10
279,3,2.09833387,3.32406433,477,45,1292.4386444444444,43.03333333333333,1.0052940471317298,1.0042915141443238,0.00617809893603118,FALSE,30,10
279,4,2.09833387,3.04522984,477,45,1292.4386444444444,43.03333333333333,1.0052940471317298,1.0042915141443238,0.00617809893603118,FALSE,30,10
279,5,2.30627924,2.90581259,477,45,1292.4386444444444,43.03333333333333,1.0052940471317298,1.0042915141443238,0.00617809893603118,FALSE,30,10
279,6,2.51422462,3.04522984,477,45,1292.4386444444444,43.03333333333333,1.0052940471317298,1.0042915141443238,0.00617809893603118,FALSE,30,10
280,0,2.51422462,3.88173334,25,2,69.3365,1.5,0.6531717637386377,0.9352265134458416,0,TRUE,30,10
280,1,2.51422462,4.16056783,25,2,69.3365,1.5,0.6531717637386377,0.9352265134458416,0,TRUE,30,10
280,2,2.30627924,4.29998508,25,2,69.3365,1.5,0.6531717637386377,0.9352265134458416,0,TRUE,30,10
280,3,2.09833387,4.16056783,25,2,69.3365,1.5,0.6531717637386377,0.9352265134458416,0,TRUE,30,10
280,4,2.09833387,3.88173334,25,2,69.3365,1.5,0.6531717637386377,0.9352265134458416,0,TRUE,30,10
280,5,2.30627924,3.7423161,25,2,69.3365,1.5,0.6531717637386377,0.9352265134458416,0,TRUE,30,10
280,6,2.51422462,3.88173334,25,2,69.3365,1.5,0.6531717637386377,0.9352265134458416,0,TRUE,30,10
281,0,2.51422462,4.71823685,130,1,255.62723333333332,1,0.11811116107338084,0.5956700085467345,-0.7474147723849369,FALSE,30,10
281,1,2.51422462,4.99707134,130,1,255.62723333333332,1,0.11811116107338084,0.5956700085467345,-0.7474147723849369,FALSE,30,10
281,2,2.30627924,5.13648859,130,1,255.62723333333332,1,0.11811116107338084,0.5956700085467345,-0.7474147723849369,FALSE,30,10
281,3,2.09833387,4.99707134,130,1,255.62723333333332,1,0.11811116107338084,0.5956700085467345,-0.7474147723849369,FALSE,30,10
281,4,2.09833387,4.71823685,130,1,255.62723333333332,1,0.11811116107338084,0.5956700085467345,-0.7474147723849369,FALSE,30,10
281,5,2.30627924,4.5788196,130,1,255.62723333333332,1,0.11811116107338084,0.5956700085467345,-0.7474147723849369,FALSE,30,10
281,6,2.51422462,4.71823685,130,1,255.62723333333332,1,0.11811116107338084,0.5956700085467345,-0.7474147723849369,FALSE,30,10
282,0,2.51422462,5.55474035,340,0,791.4567873015873,0,0,0.2761382089590795,-1.85653756892484,FALSE,30,10
282,1,2.51422462,5.83357485,340,0,791.4567873015873,0,0,0.2761382089590795,-1.85653756892484,FALSE,30,10
282,2,2.30627924,5.97299209,340,0,791.4567873015873,0,0,0.2761382089590795,-1.85653756892484,FALSE,30,10
282,3,2.09833387,5.83357485,340,0,791.4567873015873,0,0,0.2761382089590795,-1.85653756892484,FALSE,30,10
282,4,2.09833387,5.55474035,340,0,791.4567873015873,0,0,0.2761382089590795,-1.85653756892484,FALSE,30,10
282,5,2.30627924,5.41532311,340,0,791.4567873015873,0,0,0.2761382089590795,-1.85653756892484,FALSE,30,10
282,6,2.51422462,5.55474035,340,0,791.4567873015873,0,0,0.2761382089590795,-1.85653756892484,FALSE,30,10
283,0,2.51422462,6.39124386,169,2,361.8216063492064,2,0.16689124585797285,0.5458552017539653,-0.8734097946878412,FALSE,30,10
283,1,2.51422462,6.67007835,169,2,361.8216063492064,2,0.16689124585797285,0.5458552017539653,-0.8734097946878412,FALSE,30,10
283,2,2.30627924,6.8094956,169,2,361.8216063492064,2,0.16689124585797285,0.5458552017539653,-0.8734097946878412,FALSE,30,10
283,3,2.09833387,6.67007835,169,2,361.8216063492064,2,0.16689124585797285,0.5458552017539653,-0.8734097946878412,FALSE,30,10
283,4,2.09833387,6.39124386,169,2,361.8216063492064,2,0.16689124585797285,0.5458552017539653,-0.8734097946878412,FALSE,30,10
283,5,2.30627924,6.25182661,169,2,361.8216063492064,2,0.16689124585797285,0.5458552017539653,-0.8734097946878412,FALSE,30,10
283,6,2.51422462,6.39124386,169,2,361.8216063492064,2,0.16689124585797285,0.5458552017539653,-0.8734097946878412,FALSE,30,10
285,0,2.93011537,-3.64679821,2,1,1.4538888888888888,0.5,10.383334504347896,1.0449680516829858,0,TRUE,30,10
285,1,2.93011537,-3.36796372,2,1,1.4538888888888888,0.5,10.383334504347896,1.0449680516829858,0,TRUE,30,10
285,2,2.72217,-3.22854647,2,1,1.4538888888888888,0.5,10.383334504347896,1.0449680516829858,0,TRUE,30,10
285,3,2.51422462,-3.36796372,2,1,1.4538888888888888,0.5,10.383334504347896,1.0449680516829858,0,TRUE,30,10
285,4,2.51422462,-3.64679821,2,1,1.4538888888888888,0.5,10.383334504347896,1.0449680516829858,0,TRUE,30,10
285,5,2.72217,-3.78621545,2,1,1.4538888888888888,0.5,10.383334504347896,1.0449680516829858,0,TRUE,30,10
285,6,2.93011537,-3.64679821,2,1,1.4538888888888888,0.5,10.383334504347896,1.0449680516829858,0,TRUE,30,10
286,0,2.93011537,-2.8102947,159,20,312.06302698412696,13.35952380952381,1.2925481189255277,1.148689473728406,0.19998884562541172,FALSE,30,10
286,1,2.93011537,-2.53146021,159,20,312.06302698412696,13.35952380952381,1.2925481189255277,1.148689473728406,0.19998884562541172,FALSE,30,10
286,2,2.72217,-2.39204296,159,20,312.06302698412696,13.35952380952381,1.2925481189255277,1.148689473728406,0.19998884562541172,FALSE,30,10
286,3,2.51422462,-2.53146021,159,20,312.06302698412696,13.35952380952381,1.2925481189255277,1.148689473728406,0.19998884562541172,FALSE,30,10
286,4,2.51422462,-2.8102947,159,20,312.06302698412696,13.35952380952381,1.2925481189255277,1.148689473728406,0.19998884562541172,FALSE,30,10
286,5,2.72217,-2.94971195,159,20,312.06302698412696,13.35952380952381,1.2925481189255277,1.148689473728406,0.19998884562541172,FALSE,30,10
286,6,2.93011537,-2.8102947,159,20,312.06302698412696,13.35952380952381,1.2925481189255277,1.148689473728406,0.19998884562541172,FALSE,30,10
287,0,2.93011537,-1.9737912,156,3,247.77574444444448,1.5833333333333333,0.1929352684671845,0.6362178443949553,-0.6524072582833137,FALSE,30,10
287,1,2.93011537,-1.6949567,156,3,247.77574444444448,1.5833333333333333,0.1929352684671845,0.6362178443949553,-0.6524072582833137,FALSE,30,10
287,2,2.72217,-1.55553946,156,3,247.77574444444448,1.5833333333333333,0.1929352684671845,0.6362178443949553,-0.6524072582833137,FALSE,30,10
287,3,2.51422462,-1.6949567,156,3,247.77574444444448,1.5833333333333333,0.1929352684671845,0.6362178443949553,-0.6524072582833137,FALSE,30,10
287,4,2.51422462,-1.9737912,156,3,247.77574444444448,1.5833333333333333,0.1929352684671845,0.6362178443949553,-0.6524072582833137,FALSE,30,10
287,5,2.72217,-2.11320844,156,3,247.77574444444448,1.5833333333333333,0.1929352684671845,0.6362178443949553,-0.6524072582833137,FALSE,30,10
287,6,2.93011537,-1.9737912,156,3,247.77574444444448,1.5833333333333333,0.1929352684671845,0.6362178443949553,-0.6524072582833137,FALSE,30,10
288,0,2.93011537,-1.13728769,190,7,267.3616666666667,4.642857142857143,0.524305290011152,0.7765928910447722,-0.36476959405533566,FALSE,30,10
288,1,2.93011537,-0.858453199,190,7,267.3616666666667,4.642857142857143,0.524305290011152,0.7765928910447722,-0.36476959405533566,FALSE,30,10
288,2,2.72217,-0.719035953,190,7,267.3616666666667,4.642857142857143,0.524305290011152,0.7765928910447722,-0.36476959405533566,FALSE,30,10
288,3,2.51422462,-0.858453199,190,7,267.3616666666667,4.642857142857143,0.524305290011152,0.7765928910447722,-0.36476959405533566,FALSE,30,10
288,4,2.51422462,-1.13728769,190,7,267.3616666666667,4.642857142857143,0.524305290011152,0.7765928910447722,-0.36476959405533566,FALSE,30,10
288,5,2.72217,-1.27670494,190,7,267.3616666666667,4.642857142857143,0.524305290011152,0.7765928910447722,-0.36476959405533566,FALSE,30,10
288,6,2.93011537,-1.13728769,190,7,267.3616666666667,4.642857142857143,0.524305290011152,0.7765928910447722,-0.36476959405533566,FALSE,30,10
289,0,2.93011537,-0.300784186,124,5,181.57010130718956,3.5,0.5819983681103549,0.8430248633825368,-0.24635291360171505,FALSE,30,10
289,1,2.93011537,-0.0219496936,124,5,181.57010130718956,3.5,0.5819983681103549,0.8430248633825368,-0.24635291360171505,FALSE,30,10
289,2,2.72217,0.117467552,124,5,181.57010130718956,3.5,0.5819983681103549,0.8430248633825368,-0.24635291360171505,FALSE,30,10
289,3,2.51422462,-0.0219496936,124,5,181.57010130718956,3.5,0.5819983681103549,0.8430248633825368,-0.24635291360171505,FALSE,30,10
289,4,2.51422462,-0.300784186,124,5,181.57010130718956,3.5,0.5819983681103549,0.8430248633825368,-0.24635291360171505,FALSE,30,10
289,5,2.72217,-0.440201432,124,5,181.57010130718956,3.5,0.5819983681103549,0.8430248633825368,-0.24635291360171505,FALSE,30,10
289,6,2.93011537,-0.300784186,124,5,181.57010130718956,3.5,0.5819983681103549,0.8430248633825368,-0.24635291360171505,FALSE,30,10
290,0,2.93011537,0.53571932,265,28,334.569178980279,22.325,2.014668496567555,1.5333547327867445,0.6166914947984177,FALSE,30,10
290,1,2.93011537,0.814553812,265,28,334.569178980279,22.325,2.014668496567555,1.5333547327867445,0.6166914947984177,FALSE,30,10
290,2,2.72217,0.953971058,265,28,334.569178980279,22.325,2.014668496567555,1.5333547327867445,0.6166914947984177,FALSE,30,10
290,3,2.51422462,0.814553812,265,28,334.569178980279,22.325,2.014668496567555,1.5333547327867445,0.6166914947984177,FALSE,30,10
290,4,2.51422462,0.53571932,265,28,334.569178980279,22.325,2.014668496567555,1.5333547327867445,0.6166914947984177,FALSE,30,10
290,5,2.72217,0.396302074,265,28,334.569178980279,22.325,2.014668496567555,1.5333547327867445,0.6166914947984177,FALSE,30,10
290,6,2.93011537,0.53571932,265,28,334.569178980279,22.325,2.014668496567555,1.5333547327867445,0.6166914947984177,FALSE,30,10
291,0,2.93011537,1.37222283,14,1,30.891067521367525,0.15384615384615383,0.15036674030865077,0.9211392216754009,0,TRUE,30,10
291,1,2.93011537,1.65105732,14,1,30.891067521367525,0.15384615384615383,0.15036674030865077,0.9211392216754009,0,TRUE,30,10
291,2,2.72217,1.79047456,14,1,30.891067521367525,0.15384615384615383,0.15036674030865077,0.9211392216754009,0,TRUE,30,10
291,3,2.51422462,1.65105732,14,1,30.891067521367525,0.15384615384615383,0.15036674030865077,0.9211392216754009,0,TRUE,30,10
291,4,2.51422462,1.37222283,14,1,30.891067521367525,0.15384615384615383,0.15036674030865077,0.9211392216754009,0,TRUE,30,10
291,5,2.72217,1.23280558,14,1,30.891067521367525,0.15384615384615383,0.15036674030865077,0.9211392216754009,0,TRUE,30,10
291,6,2.93011537,1.37222283,14,1,30.891067521367525,0.15384615384615383,0.15036674030865077,0.9211392216754009,0,TRUE,30,10
292,0,2.93011537,2.20872633,30,0,64.8263253968254,0,0,0.8232414014039091,-0.28061255665674667,FALSE,30,10
292,1,2.93011537,2.48756082,30,0,64.8263253968254,0,0,0.8232414014039091,-0.28061255665674667,FALSE,30,10
292,2,2.72217,2.62697807,30,0,64.8263253968254,0,0,0.8232414014039091,-0.28061255665674667,FALSE,30,10
292,3,2.51422462,2.48756082,30,0,64.8263253968254,0,0,0.8232414014039091,-0.28061255665674667,FALSE,30,10
292,4,2.51422462,2.20872633,30,0,64.8263253968254,0,0,0.8232414014039091,-0.28061255665674667,FALSE,30,10
292,5,2.72217,2.06930909,30,0,64.8263253968254,0,0,0.8232414014039091,-0.28061255665674667,FALSE,30,10
292,6,2.93011537,2.20872633,30,0,64.8263253968254,0,0,0.8232414014039091,-0.28061255665674667,FALSE,30,10
293,0,2.93011537,3.04522984,38,3,129.0448357142857,2.3333333333333335,0.5459265485699593,0.8640370504618234,-0.2108349174853316,FALSE,30,10
293,1,2.93011537,3.32406433,38,3,129.0448357142857,2.3333333333333335,0.5459265485699593,0.8640370504618234,-0.2108349174853316,FALSE,30,10
293,2,2.72217,3.46348158,38,3,129.0448357142857,2.3333333333333335,0.5459265485699593,0.8640370504618234,-0.2108349174853316,FALSE,30,10
293,3,2.51422462,3.32406433,38,3,129.0448357142857,2.3333333333333335,0.5459265485699593,0.8640370504618234,-0.2108349174853316,FALSE,30,10
293,4,2.51422462,3.04522984,38,3,129.0448357142857,2.3333333333333335,0.5459265485699593,0.8640370504618234,-0.2108349174853316,FALSE,30,10
293,5,2.72217,2.90581259,38,3,129.0448357142857,2.3333333333333335,0.5459265485699593,0.8640370504618234,-0.2108349174853316,FALSE,30,10
293,6,2.93011537,3.04522984,38,3,129.0448357142857,2.3333333333333335,0.5459265485699593,0.8640370504618234,-0.2108349174853316,FALSE,30,10
295,0,2.93011537,4.71823685,92,6,160.0723380952381,4.7,0.8865018125190289,0.9606752105867103,-0.05787933431023345,FALSE,30,10
295,1,2.93011537,4.99707134,92,6,160.0723380952381,4.7,0.8865018125190289,0.9606752105867103,-0.05787933431023345,FALSE,30,10
295,2,2.72217,5.13648859,92,6,160.0723380952381,4.7,0.8865018125190289,0.9606752105867103,-0.05787933431023345,FALSE,30,10
295,3,2.51422462,4.99707134,92,6,160.0723380952381,4.7,0.8865018125190289,0.9606752105867103,-0.05787933431023345,FALSE,30,10
295,4,2.51422462,4.71823685,92,6,160.0723380952381,4.7,0.8865018125190289,0.9606752105867103,-0.05787933431023345,FALSE,30,10
295,5,2.72217,4.5788196,92,6,160.0723380952381,4.7,0.8865018125190289,0.9606752105867103,-0.05787933431023345,FALSE,30,10
295,6,2.93011537,4.71823685,92,6,160.0723380952381,4.7,0.8865018125190289,0.9606752105867103,-0.05787933431023345,FALSE,30,10
296,0,2.93011537,5.55474035,212,0,481.6923417027417,0,0,0.3852959212701545,-1.3759611811309245,FALSE,30,10
296,1,2.93011537,5.83357485,212,0,481.6923417027417,0,0,0.3852959212701545,-1.3759611811309245,FALSE,30,10
296,2,2.72217,5.97299209,212,0,481.6923417027417,0,0,0.3852959212701545,-1.3759611811309245,FALSE,30,10
296,3,2.51422462,5.83357485,212,0,481.6923417027417,0,0,0.3852959212701545,-1.3759611811309245,FALSE,30,10
296,4,2.51422462,5.55474035,212,0,481.6923417027417,0,0,0.3852959212701545,-1.3759611811309245,FALSE,30,10
296,5,2.72217,5.41532311,212,0,481.6923417027417,0,0,0.3852959212701545,-1.3759611811309245,FALSE,30,10
296,6,2.93011537,5.55474035,212,0,481.6923417027417,0,0,0.3852959212701545,-1.3759611811309245,FALSE,30,10
297,0,2.93011537,6.39124386,2,0,1.25,0,0,0.9958769591367602,0,TRUE,30,10
297,1,2.93011537,6.67007835,2,0,1.25,0,0,0.9958769591367602,0,TRUE,30,10
297,2,2.72217,6.8094956,2,0,1.25,0,0,0.9958769591367602,0,TRUE,30,10
297,3,2.51422462,6.67007835,2,0,1.25,0,0,0.9958769591367602,0,TRUE,30,10
297,4,2.51422462,6.39124386,2,0,1.25,0,0,0.9958769591367602,0,TRUE,30,10
297,5,2.72217,6.25182661,2,0,1.25,0,0,0.9958769591367602,0,TRUE,30,10
297,6,2.93011537,6.39124386,2,0,1.25,0,0,0.9958769591367602,0,TRUE,30,10
298,0,2.93011537,7.22774737,1,0,1.157333333333333,0,0,0.9961814467404314,0,TRUE,30,10
298,1,2.93011537,7.50658186,1,0,1.157333333333333,0,0,0.9961814467404314,0,TRUE,30,10
298,2,2.72217,7.6459991,1,0,1.157333333333333,0,0,0.9961814467404314,0,TRUE,30,10
298,3,2.51422462,7.50658186,1,0,1.157333333333333,0,0,0.9961814467404314,0,TRUE,30,10
298,4,2.51422462,7.22774737,1,0,1.157333333333333,0,0,0.9961814467404314,0,TRUE,30,10
298,5,2.72217,7.08833012,1,0,1.157333333333333,0,0,0.9961814467404314,0,TRUE,30,10
298,6,2.93011537,7.22774737,1,0,1.157333333333333,0,0,0.9961814467404314,0,TRUE,30,10
299,0,3.34600613,-2.8102947,72,8,131.38619523809524,6.083333333333333,1.3979445209642736,1.1206627070130748,0.16435212636688065,FALSE,30,10
299,1,3.34600613,-2.53146021,72,8,131.38619523809524,6.083333333333333,1.3979445209642736,1.1206627070130748,0.16435212636688065,FALSE,30,10
299,2,3.13806075,-2.39204296,72,8,131.38619523809524,6.083333333333333,1.3979445209642736,1.1206627070130748,0.16435212636688065,FALSE,30,10
299,3,2.93011537,-2.53146021,72,8,131.38619523809524,6.083333333333333,1.3979445209642736,1.1206627070130748,0.16435212636688065,FALSE,30,10
299,4,2.93011537,-2.8102947,72,8,131.38619523809524,6.083333333333333,1.3979445209642736,1.1206627070130748,0.16435212636688065,FALSE,30,10
299,5,3.13806075,-2.94971195,72,8,131.38619523809524,6.083333333333333,1.3979445209642736,1.1206627070130748,0.16435212636688065,FALSE,30,10
299,6,3.34600613,-2.8102947,72,8,131.38619523809524,6.083333333333333,1.3979445209642736,1.1206627070130748,0.16435212636688065,FALSE,30,10
300,0,3.34600613,-1.9737912,330,22,563.6268622655123,14.5,0.7767376869502701,0.8546167535496794,-0.22665049560046244,FALSE,30,10
300,1,3.34600613,-1.6949567,330,22,563.6268622655123,14.5,0.7767376869502701,0.8546167535496794,-0.22665049560046244,FALSE,30,10
300,2,3.13806075,-1.55553946,330,22,563.6268622655123,14.5,0.7767376869502701,0.8546167535496794,-0.22665049560046244,FALSE,30,10
300,3,2.93011537,-1.6949567,330,22,563.6268622655123,14.5,0.7767376869502701,0.8546167535496794,-0.22665049560046244,FALSE,30,10
300,4,2.93011537,-1.9737912,330,22,563.6268622655123,14.5,0.7767376869502701,0.8546167535496794,-0.22665049560046244,FALSE,30,10
300,5,3.13806075,-2.11320844,330,22,563.6268622655123,14.5,0.7767376869502701,0.8546167535496794,-0.22665049560046244,FALSE,30,10
300,6,3.34600613,-1.9737912,330,22,563.6268622655123,14.5,0.7767376869502701,0.8546167535496794,-0.22665049560046244,FALSE,30,10
301,0,3.34600613,-1.13728769,275,60,450.28833589220505,47.95757575757576,3.2156189746211044,2.3263103307794397,1.218043565776168,FALSE,30,10
301,1,3.34600613,-0.858453199,275,60,450.28833589220505,47.95757575757576,3.2156189746211044,2.3263103307794397,1.218043565776168,FALSE,30,10
301,2,3.13806075,-0.719035953,275,60,450.28833589220505,47.95757575757576,3.2156189746211044,2.3263103307794397,1.218043565776168,FALSE,30,10
301,3,2.93011537,-0.858453199,275,60,450.28833589220505,47.95757575757576,3.2156189746211044,2.3263103307794397,1.218043565776168,FALSE,30,10
301,4,2.93011537,-1.13728769,275,60,450.28833589220505,47.95757575757576,3.2156189746211044,2.3263103307794397,1.218043565776168,FALSE,30,10
301,5,3.13806075,-1.27670494,275,60,450.28833589220505,47.95757575757576,3.2156189746211044,2.3263103307794397,1.218043565776168,FALSE,30,10
301,6,3.34600613,-1.13728769,275,60,450.28833589220505,47.95757575757576,3.2156189746211044,2.3263103307794397,1.218043565776168,FALSE,30,10
302,0,3.34600613,-0.300784186,294,4,421.9464277777778,3.3333333333333335,0.2385170829228047,0.5561293096759073,-0.8465077214027433,FALSE,30,10
302,1,3.34600613,-0.0219496936,294,4,421.9464277777778,3.3333333333333335,0.2385170829228047,0.5561293096759073,-0.8465077214027433,FALSE,30,10
302,2,3.13806075,0.117467552,294,4,421.9464277777778,3.3333333333333335,0.2385170829228047,0.5561293096759073,-0.8465077214027433,FALSE,30,10
302,3,2.93011537,-0.0219496936,294,4,421.9464277777778,3.3333333333333335,0.2385170829228047,0.5561293096759073,-0.8465077214027433,FALSE,30,10
302,4,2.93011537,-0.300784186,294,4,421.9464277777778,3.3333333333333335,0.2385170829228047,0.5561293096759073,-0.8465077214027433,FALSE,30,10
302,5,3.13806075,-0.440201432,294,4,421.9464277777778,3.3333333333333335,0.2385170829228047,0.5561293096759073,-0.8465077214027433,FALSE,30,10
302,6,3.34600613,-0.300784186,294,4,421.9464277777778,3.3333333333333335,0.2385170829228047,0.5561293096759073,-0.8465077214027433,FALSE,30,10
303,0,3.34600613,0.53571932,360,45,386.6678499204499,33.69090909090909,2.630708480244438,1.9156981358301055,0.9378702477908484,FALSE,30,10
303,1,3.34600613,0.814553812,360,45,386.6678499204499,33.69090909090909,2.630708480244438,1.9156981358301055,0.9378702477908484,FALSE,30,10
303,2,3.13806075,0.953971058,360,45,386.6678499204499,33.69090909090909,2.630708480244438,1.9156981358301055,0.9378702477908484,FALSE,30,10
303,3,2.93011537,0.814553812,360,45,386.6678499204499,33.69090909090909,2.630708480244438,1.9156981358301055,0.9378702477908484,FALSE,30,10
303,4,2.93011537,0.53571932,360,45,386.6678499204499,33.69090909090909,2.630708480244438,1.9156981358301055,0.9378702477908484,FALSE,30,10
303,5,3.13806075,0.396302074,360,45,386.6678499204499,33.69090909090909,2.630708480244438,1.9156981358301055,0.9378702477908484,FALSE,30,10
303,6,3.34600613,0.53571932,360,45,386.6678499204499,33.69090909090909,2.630708480244438,1.9156981358301055,0.9378702477908484,FALSE,30,10
304,0,3.34600613,1.37222283,26,5,27.350585620915034,4.923076923076923,5.434605830790476,1.3683520190302152,0,TRUE,30,10
304,1,3.34600613,1.65105732,26,5,27.350585620915034,4.923076923076923,5.434605830790476,1.3683520190302152,0,TRUE,30,10
304,2,3.13806075,1.79047456,26,5,27.350585620915034,4.923076923076923,5.434605830790476,1.3683520190302152,0,TRUE,30,10
304,3,2.93011537,1.65105732,26,5,27.350585620915034,4.923076923076923,5.434605830790476,1.3683520190302152,0,TRUE,30,10
304,4,2.93011537,1.37222283,26,5,27.350585620915034,4.923076923076923,5.434605830790476,1.3683520190302152,0,TRUE,30,10
304,5,3.13806075,1.23280558,26,5,27.350585620915034,4.923076923076923,5.434605830790476,1.3683520190302152,0,TRUE,30,10
304,6,3.34600613,1.37222283,26,5,27.350585620915034,4.923076923076923,5.434605830790476,1.3683520190302152,0,TRUE,30,10
305,0,3.34600613,2.20872633,4,0,4.808666666666667,0,0,0.9843229541845252,0,TRUE,30,10
305,1,3.34600613,2.48756082,4,0,4.808666666666667,0,0,0.9843229541845252,0,TRUE,30,10
305,2,3.13806075,2.62697807,4,0,4.808666666666667,0,0,0.9843229541845252,0,TRUE,30,10
305,3,2.93011537,2.48756082,4,0,4.808666666666667,0,0,0.9843229541845252,0,TRUE,30,10
305,4,2.93011537,2.20872633,4,0,4.808666666666667,0,0,0.9843229541845252,0,TRUE,30,10
305,5,3.13806075,2.06930909,4,0,4.808666666666667,0,0,0.9843229541845252,0,TRUE,30,10
305,6,3.34600613,2.20872633,4,0,4.808666666666667,0,0,0.9843229541845252,0,TRUE,30,10
306,0,3.34600613,3.04522984,15,0,42.6386,0,0,0.8762530706936336,0,TRUE,30,10
306,1,3.34600613,3.32406433,15,0,42.6386,0,0,0.8762530706936336,0,TRUE,30,10
306,2,3.13806075,3.46348158,15,0,42.6386,0,0,0.8762530706936336,0,TRUE,30,10
306,3,2.93011537,3.32406433,15,0,42.6386,0,0,0.8762530706936336,0,TRUE,30,10
306,4,2.93011537,3.04522984,15,0,42.6386,0,0,0.8762530706936336,0,TRUE,30,10
306,5,3.13806075,2.90581259,15,0,42.6386,0,0,0.8762530706936336,0,TRUE,30,10
306,6,3.34600613,3.04522984,15,0,42.6386,0,0,0.8762530706936336,0,TRUE,30,10
307,0,3.34600613,3.88173334,1,0,1.704,0,0,0.9943878747878688,0,TRUE,30,10
307,1,3.34600613,4.16056783,1,0,1.704,0,0,0.9943878747878688,0,TRUE,30,10
307,2,3.13806075,4.29998508,1,0,1.704,0,0,0.9943878747878688,0,TRUE,30,10
307,3,2.93011537,4.16056783,1,0,1.704,0,0,0.9943878747878688,0,TRUE,30,10
307,4,2.93011537,3.88173334,1,0,1.704,0,0,0.9943878747878688,0,TRUE,30,10
307,5,3.13806075,3.7423161,1,0,1.704,0,0,0.9943878747878688,0,TRUE,30,10
307,6,3.34600613,3.88173334,1,0,1.704,0,0,0.9943878747878688,0,TRUE,30,10
308,0,3.34600613,4.71823685,3,0,10.314666666666668,0,0,0.966965471997968,0,TRUE,30,10
308,1,3.34600613,4.99707134,3,0,10.314666666666668,0,0,0.966965471997968,0,TRUE,30,10
308,2,3.13806075,5.13648859,3,0,10.314666666666668,0,0,0.966965471997968,0,TRUE,30,10
308,3,2.93011537,4.99707134,3,0,10.314666666666668,0,0,0.966965471997968,0,TRUE,30,10
308,4,2.93011537,4.71823685,3,0,10.314666666666668,0,0,0.966965471997968,0,TRUE,30,10
308,5,3.13806075,4.5788196,3,0,10.314666666666668,0,0,0.966965471997968,0,TRUE,30,10
308,6,3.34600613,4.71823685,3,0,10.314666666666668,0,0,0.966965471997968,0,TRUE,30,10
309,0,3.34600613,5.55474035,26,0,64.90133333333334,0,0,0.8230730662760383,0,TRUE,30,10
309,1,3.34600613,5.83357485,26,0,64.90133333333334,0,0,0.8230730662760383,0,TRUE,30,10
309,2,3.13806075,5.97299209,26,0,64.90133333333334,0,0,0.8230730662760383,0,TRUE,30,10
309,3,2.93011537,5.83357485,26,0,64.90133333333334,0,0,0.8230730662760383,0,TRUE,30,10
309,4,2.93011537,5.55474035,26,0,64.90133333333334,0,0,0.8230730662760383,0,TRUE,30,10
309,5,3.13806075,5.41532311,26,0,64.90133333333334,0,0,0.8230730662760383,0,TRUE,30,10
309,6,3.34600613,5.55474035,26,0,64.90133333333334,0,0,0.8230730662760383,0,TRUE,30,10
310,0,3.76189688,-2.8102947,40,6,81.1486,5.25,1.9533331935193483,1.2019502171485363,0.2653771431703359,FALSE,30,10
310,1,3.76189688,-2.53146021,40,6,81.1486,5.25,1.9533331935193483,1.2019502171485363,0.2653771431703359,FALSE,30,10
310,2,3.5539515,-2.39204296,40,6,81.1486,5.25,1.9533331935193483,1.2019502171485363,0.2653771431703359,FALSE,30,10
310,3,3.34600613,-2.53146021,40,6,81.1486,5.25,1.9533331935193483,1.2019502171485363,0.2653771431703359,FALSE,30,10
310,4,3.34600613,-2.8102947,40,6,81.1486,5.25,1.9533331935193483,1.2019502171485363,0.2653771431703359,FALSE,30,10
310,5,3.5539515,-2.94971195,40,6,81.1486,5.25,1.9533331935193483,1.2019502171485363,0.2653771431703359,FALSE,30,10
310,6,3.76189688,-2.8102947,40,6,81.1486,5.25,1.9533331935193483,1.2019502171485363,0.2653771431703359,FALSE,30,10
311,0,3.76189688,-1.9737912,475,66,938.8088157305656,45.53333333333333,1.4643683845263264,1.3513673730179367,0.43441992868478696,FALSE,30,10
311,1,3.76189688,-1.6949567,475,66,938.8088157305656,45.53333333333333,1.4643683845263264,1.3513673730179367,0.43441992868478696,FALSE,30,10
311,2,3.5539515,-1.55553946,475,66,938.8088157305656,45.53333333333333,1.4643683845263264,1.3513673730179367,0.43441992868478696,FALSE,30,10
311,3,3.34600613,-1.6949567,475,66,938.8088157305656,45.53333333333333,1.4643683845263264,1.3513673730179367,0.43441992868478696,FALSE,30,10
311,4,3.34600613,-1.9737912,475,66,938.8088157305656,45.53333333333333,1.4643683845263264,1.3513673730179367,0.43441992868478696,FALSE,30,10
311,5,3.5539515,-2.11320844,475,66,938.8088157305656,45.53333333333333,1.4643683845263264,1.3513673730179367,0.43441992868478696,FALSE,30,10
311,6,3.76189688,-1.9737912,475,66,938.8088157305656,45.53333333333333,1.4643683845263264,1.3513673730179367,0.43441992868478696,FALSE,30,10
312,0,3.76189688,-1.13728769,73,11,118.35623066734806,5.706721056721057,1.4557727231184732,1.128351276044934,0.17421627457562763,FALSE,30,10
312,1,3.76189688,-0.858453199,73,11,118.35623066734806,5.706721056721057,1.4557727231184732,1.128351276044934,0.17421627457562763,FALSE,30,10
312,2,3.5539515,-0.719035953,73,11,118.35623066734806,5.706721056721057,1.4557727231184732,1.128351276044934,0.17421627457562763,FALSE,30,10
312,3,3.34600613,-0.858453199,73,11,118.35623066734806,5.706721056721057,1.4557727231184732,1.128351276044934,0.17421627457562763,FALSE,30,10
312,4,3.34600613,-1.13728769,73,11,118.35623066734806,5.706721056721057,1.4557727231184732,1.128351276044934,0.17421627457562763,FALSE,30,10
312,5,3.5539515,-1.27670494,73,11,118.35623066734806,5.706721056721057,1.4557727231184732,1.128351276044934,0.17421627457562763,FALSE,30,10
312,6,3.76189688,-1.13728769,73,11,118.35623066734806,5.706721056721057,1.4557727231184732,1.128351276044934,0.17421627457562763,FALSE,30,10
313,0,3.76189688,-0.300784186,63,1,93.74928888888888,1,0.32205502237739564,0.8393704750144175,-0.25262037779104274,FALSE,30,10
313,1,3.76189688,-0.0219496936,63,1,93.74928888888888,1,0.32205502237739564,0.8393704750144175,-0.25262037779104274,FALSE,30,10
313,2,3.5539515,0.117467552,63,1,93.74928888888888,1,0.32205502237739564,0.8393704750144175,-0.25262037779104274,FALSE,30,10
313,3,3.34600613,-0.0219496936,63,1,93.74928888888888,1,0.32205502237739564,0.8393704750144175,-0.25262037779104274,FALSE,30,10
313,4,3.34600613,-0.300784186,63,1,93.74928888888888,1,0.32205502237739564,0.8393704750144175,-0.25262037779104274,FALSE,30,10
313,5,3.5539515,-0.440201432,63,1,93.74928888888888,1,0.32205502237739564,0.8393704750144175,-0.25262037779104274,FALSE,30,10
313,6,3.76189688,-0.300784186,63,1,93.74928888888888,1,0.32205502237739564,0.8393704750144175,-0.25262037779104274,FALSE,30,10
314,0,3.76189688,0.53571932,78,12,139.22845056639267,7.595970695970696,1.6472266085364236,1.2042656633620874,0.26815368855669336,FALSE,30,10
314,1,3.76189688,0.814553812,78,12,139.22845056639267,7.595970695970696,1.6472266085364236,1.2042656633620874,0.26815368855669336,FALSE,30,10
314,2,3.5539515,0.953971058,78,12,139.22845056639267,7.595970695970696,1.6472266085364236,1.2042656633620874,0.26815368855669336,FALSE,30,10
314,3,3.34600613,0.814553812,78,12,139.22845056639267,7.595970695970696,1.6472266085364236,1.2042656633620874,0.26815368855669336,FALSE,30,10
314,4,3.34600613,0.53571932,78,12,139.22845056639267,7.595970695970696,1.6472266085364236,1.2042656633620874,0.26815368855669336,FALSE,30,10
314,5,3.5539515,0.396302074,78,12,139.22845056639267,7.595970695970696,1.6472266085364236,1.2042656633620874,0.26815368855669336,FALSE,30,10
314,6,3.76189688,0.53571932,78,12,139.22845056639267,7.595970695970696,1.6472266085364236,1.2042656633620874,0.26815368855669336,FALSE,30,10
315,0,3.76189688,1.37222283,4,0,9.232343434343434,0,0,0.9703289522249974,0,TRUE,30,10
315,1,3.76189688,1.65105732,4,0,9.232343434343434,0,0,0.9703289522249974,0,TRUE,30,10
315,2,3.5539515,1.79047456,4,0,9.232343434343434,0,0,0.9703289522249974,0,TRUE,30,10
315,3,3.34600613,1.65105732,4,0,9.232343434343434,0,0,0.9703289522249974,0,TRUE,30,10
315,4,3.34600613,1.37222283,4,0,9.232343434343434,0,0,0.9703289522249974,0,TRUE,30,10
315,5,3.5539515,1.23280558,4,0,9.232343434343434,0,0,0.9703289522249974,0,TRUE,30,10
315,6,3.76189688,1.37222283,4,0,9.232343434343434,0,0,0.9703289522249974,0,TRUE,30,10
316,0,3.76189688,2.20872633,2,1,14.305333333333332,1,2.1105715349270233,1.050239113160556,0,TRUE,30,10
316,1,3.76189688,2.48756082,2,1,14.305333333333332,1,2.1105715349270233,1.050239113160556,0,TRUE,30,10
316,2,3.5539515,2.62697807,2,1,14.305333333333332,1,2.1105715349270233,1.050239113160556,0,TRUE,30,10
316,3,3.34600613,2.48756082,2,1,14.305333333333332,1,2.1105715349270233,1.050239113160556,0,TRUE,30,10
316,4,3.34600613,2.20872633,2,1,14.305333333333332,1,2.1105715349270233,1.050239113160556,0,TRUE,30,10
316,5,3.5539515,2.06930909,2,1,14.305333333333332,1,2.1105715349270233,1.050239113160556,0,TRUE,30,10
316,6,3.76189688,2.20872633,2,1,14.305333333333332,1,2.1105715349270233,1.050239113160556,0,TRUE,30,10
317,0,4.17778763,-2.8102947,46,6,115.51713333333332,5.083333333333333,1.3286183443419493,1.0909374266095164,0.12556835472380684,FALSE,30,10
317,1,4.17778763,-2.53146021,46,6,115.51713333333332,5.083333333333333,1.3286183443419493,1.0909374266095164,0.12556835472380684,FALSE,30,10
317,2,3.96984226,-2.39204296,46,6,115.51713333333332,5.083333333333333,1.3286183443419493,1.0909374266095164,0.12556835472380684,FALSE,30,10
317,3,3.76189688,-2.53146021,46,6,115.51713333333332,5.083333333333333,1.3286183443419493,1.0909374266095164,0.12556835472380684,FALSE,30,10
317,4,3.76189688,-2.8102947,46,6,115.51713333333332,5.083333333333333,1.3286183443419493,1.0909374266095164,0.12556835472380684,FALSE,30,10
317,5,3.96984226,-2.94971195,46,6,115.51713333333332,5.083333333333333,1.3286183443419493,1.0909374266095164,0.12556835472380684,FALSE,30,10
317,6,4.17778763,-2.8102947,46,6,115.51713333333332,5.083333333333333,1.3286183443419493,1.0909374266095164,0.12556835472380684,FALSE,30,10
318,0,4.17778763,-1.9737912,268,21,558.9991634310135,14.35,0.7750662062537689,0.8539500793630167,-0.2277763603583071,FALSE,30,10
318,1,4.17778763,-1.6949567,268,21,558.9991634310135,14.35,0.7750662062537689,0.8539500793630167,-0.2277763603583071,FALSE,30,10
318,2,3.96984226,-1.55553946,268,21,558.9991634310135,14.35,0.7750662062537689,0.8539500793630167,-0.2277763603583071,FALSE,30,10
318,3,3.76189688,-1.6949567,268,21,558.9991634310135,14.35,0.7750662062537689,0.8539500793630167,-0.2277763603583071,FALSE,30,10
318,4,3.76189688,-1.9737912,268,21,558.9991634310135,14.35,0.7750662062537689,0.8539500793630167,-0.2277763603583071,FALSE,30,10
318,5,3.96984226,-2.11320844,268,21,558.9991634310135,14.35,0.7750662062537689,0.8539500793630167,-0.2277763603583071,FALSE,30,10
318,6,4.17778763,-1.9737912,268,21,558.9991634310135,14.35,0.7750662062537689,0.8539500793630167,-0.2277763603583071,FALSE,30,10
320,0,4.17778763,1.37222283,14,0,10.780666666666669,0,0,0.9655244781935044,0,TRUE,30,10
320,1,4.17778763,1.65105732,14,0,10.780666666666669,0,0,0.9655244781935044,0,TRUE,30,10
320,2,3.96984226,1.79047456,14,0,10.780666666666669,0,0,0.9655244781935044,0,TRUE,30,10
320,3,3.76189688,1.65105732,14,0,10.780666666666669,0,0,0.9655244781935044,0,TRUE,30,10
320,4,3.76189688,1.37222283,14,0,10.780666666666669,0,0,0.9655244781935044,0,TRUE,30,10
320,5,3.96984226,1.23280558,14,0,10.780666666666669,0,0,0.9655244781935044,0,TRUE,30,10
320,6,4.17778763,1.37222283,14,0,10.780666666666669,0,0,0.9655244781935044,0,TRUE,30,10
321,0,4.17778763,2.20872633,25,1,29.8407,1,1.0117868994687136,1.0010601761429592,0,TRUE,30,10
321,1,4.17778763,2.48756082,25,1,29.8407,1,1.0117868994687136,1.0010601761429592,0,TRUE,30,10
321,2,3.96984226,2.62697807,25,1,29.8407,1,1.0117868994687136,1.0010601761429592,0,TRUE,30,10
321,3,3.76189688,2.48756082,25,1,29.8407,1,1.0117868994687136,1.0010601761429592,0,TRUE,30,10
321,4,3.76189688,2.20872633,25,1,29.8407,1,1.0117868994687136,1.0010601761429592,0,TRUE,30,10
321,5,3.96984226,2.06930909,25,1,29.8407,1,1.0117868994687136,1.0010601761429592,0,TRUE,30,10
321,6,4.17778763,2.20872633,25,1,29.8407,1,1.0117868994687136,1.0010601761429592,0,TRUE,30,10
322,0,4.59367839,-1.9737912,16,0,36.50494444444445,0,0,0.8921341882672758,0,TRUE,30,10
322,1,4.59367839,-1.6949567,16,0,36.50494444444445,0,0,0.8921341882672758,0,TRUE,30,10
322,2,4.38573301,-1.55553946,16,0,36.50494444444445,0,0,0.8921341882672758,0,TRUE,30,10
322,3,4.17778763,-1.6949567,16,0,36.50494444444445,0,0,0.8921341882672758,0,TRUE,30,10
322,4,4.17778763,-1.9737912,16,0,36.50494444444445,0,0,0.8921341882672758,0,TRUE,30,10
322,5,4.38573301,-2.11320844,16,0,36.50494444444445,0,0,0.8921341882672758,0,TRUE,30,10
322,6,4.59367839,-1.9737912,16,0,36.50494444444445,0,0,0.8921341882672758,0,TRUE,30,10
323,0,4.59367839,2.20872633,716,65,1459.8724307951309,56.666666666666664,1.1719546808781447,1.1424863007891666,0.19217686646319287,FALSE,30,10
323,1,4.59367839,2.48756082,716,65,1459.8724307951309,56.666666666666664,1.1719546808781447,1.1424863007891666,0.19217686646319287,FALSE,30,10
323,2,4.38573301,2.62697807,716,65,1459.8724307951309,56.666666666666664,1.1719546808781447,1.1424863007891666,0.19217686646319287,FALSE,30,10
323,3,4.17778763,2.48756082,716,65,1459.8724307951309,56.666666666666664,1.1719546808781447,1.1424863007891666,0.19217686646319287,FALSE,30,10
323,4,4.17778763,2.20872633,716,65,1459.8724307951309,56.666666666666664,1.1719546808781447,1.1424863007891666,0.19217686646319287,FALSE,30,10
323,5,4.38573301,2.06930909,716,65,1459.8724307951309,56.666666666666664,1.1719546808781447,1.1424863007891666,0.19217686646319287,FALSE,30,10
323,6,4.59367839,2.20872633,716,65,1459.8724307951309,56.666666666666664,1.1719546808781447,1.1424863007891666,0.19217686646319287,FALSE,30,10
324,0,5.00956914,2.20872633,53,4,130.68182222222222,2.5833333333333335,0.5968474251329974,0.8782155147011421,-0.18735307330757348,FALSE,30,10
324,1,5.00956914,2.48756082,53,4,130.68182222222222,2.5833333333333335,0.5968474251329974,0.8782155147011421,-0.18735307330757348,FALSE,30,10
324,2,4.80162376,2.62697807,53,4,130.68182222222222,2.5833333333333335,0.5968474251329974,0.8782155147011421,-0.18735307330757348,FALSE,30,10
324,3,4.59367839,2.48756082,53,4,130.68182222222222,2.5833333333333335,0.5968474251329974,0.8782155147011421,-0.18735307330757348,FALSE,30,10
324,4,4.59367839,2.20872633,53,4,130.68182222222222,2.5833333333333335,0.5968474251329974,0.8782155147011421,-0.18735307330757348,FALSE,30,10
324,5,4.80162376,2.06930909,53,4,130.68182222222222,2.5833333333333335,0.5968474251329974,0.8782155147011421,-0.18735307330757348,FALSE,30,10
324,6,5.00956914,2.20872633,53,4,130.68182222222222,2.5833333333333335,0.5968474251329974,0.8782155147011421,-0.18735307330757348,FALSE,30,10
326,0,-4.34797281,-1.55553944,3,0,10.23704761904762,0,0,0.9672059083658848,0,TRUE,30,10
326,1,-4.34797281,-1.27670495,3,0,10.23704761904762,0,0,0.9672059083658848,0,TRUE,30,10
326,2,-4.55591819,-1.13728771,3,0,10.23704761904762,0,0,0.9672059083658848,0,TRUE,30,10
326,3,-4.76386356,-1.27670495,3,0,10.23704761904762,0,0,0.9672059083658848,0,TRUE,30,10
326,4,-4.76386356,-1.55553944,3,0,10.23704761904762,0,0,0.9672059083658848,0,TRUE,30,10
326,5,-4.55591819,-1.69495669,3,0,10.23704761904762,0,0,0.9672059083658848,0,TRUE,30,10
326,6,-4.34797281,-1.55553944,3,0,10.23704761904762,0,0,0.9672059083658848,0,TRUE,30,10
327,0,-3.93208206,-2.39204295,227,52,1060.236666666667,47.083333333333336,1.3407951818934658,1.265257600447631,0.33943114069334246,FALSE,30,10
327,1,-3.93208206,-2.11320846,227,52,1060.236666666667,47.083333333333336,1.3407951818934658,1.265257600447631,0.33943114069334246,FALSE,30,10
327,2,-4.14002743,-1.97379121,227,52,1060.236666666667,47.083333333333336,1.3407951818934658,1.265257600447631,0.33943114069334246,FALSE,30,10
327,3,-4.34797281,-2.11320846,227,52,1060.236666666667,47.083333333333336,1.3407951818934658,1.265257600447631,0.33943114069334246,FALSE,30,10
327,4,-4.34797281,-2.39204295,227,52,1060.236666666667,47.083333333333336,1.3407951818934658,1.265257600447631,0.33943114069334246,FALSE,30,10
327,5,-4.14002743,-2.5314602,227,52,1060.236666666667,47.083333333333336,1.3407951818934658,1.265257600447631,0.33943114069334246,FALSE,30,10
327,6,-3.93208206,-2.39204295,227,52,1060.236666666667,47.083333333333336,1.3407951818934658,1.265257600447631,0.33943114069334246,FALSE,30,10
328,0,-3.93208206,-1.55553944,291,0,2864.146811111111,0,0,0.09536244871069866,-2,FALSE,30,10
328,1,-3.93208206,-1.27670495,291,0,2864.146811111111,0,0,0.09536244871069866,-2,FALSE,30,10
328,2,-4.14002743,-1.13728771,291,0,2864.146811111111,0,0,0.09536244871069866,-2,FALSE,30,10
328,3,-4.34797281,-1.27670495,291,0,2864.146811111111,0,0,0.09536244871069866,-2,FALSE,30,10
328,4,-4.34797281,-1.55553944,291,0,2864.146811111111,0,0,0.09536244871069866,-2,FALSE,30,10
328,5,-4.14002743,-1.69495669,291,0,2864.146811111111,0,0,0.09536244871069866,-2,FALSE,30,10
328,6,-3.93208206,-1.55553944,291,0,2864.146811111111,0,0,0.09536244871069866,-2,FALSE,30,10
329,0,-3.93208206,0.117467567,2,0,2.2446666666666664,0,0,0.9926203296127236,0,TRUE,30,10
329,1,-3.93208206,0.396302059,2,0,2.2446666666666664,0,0,0.9926203296127236,0,TRUE,30,10
329,2,-4.14002743,0.535719305,2,0,2.2446666666666664,0,0,0.9926203296127236,0,TRUE,30,10
329,3,-4.34797281,0.396302059,2,0,2.2446666666666664,0,0,0.9926203296127236,0,TRUE,30,10
329,4,-4.34797281,0.117467567,2,0,2.2446666666666664,0,0,0.9926203296127236,0,TRUE,30,10
329,5,-4.14002743,-0.0219496787,2,0,2.2446666666666664,0,0,0.9926203296127236,0,TRUE,30,10
329,6,-3.93208206,0.117467567,2,0,2.2446666666666664,0,0,0.9926203296127236,0,TRUE,30,10
330,0,-3.93208206,0.953971073,0,1,0,1,NA,1.1,0,TRUE,30,10
330,1,-3.93208206,1.23280556,0,1,0,1,NA,1.1,0,TRUE,30,10
330,2,-4.14002743,1.37222281,0,1,0,1,NA,1.1,0,TRUE,30,10
330,3,-4.34797281,1.23280556,0,1,0,1,NA,1.1,0,TRUE,30,10
330,4,-4.34797281,0.953971073,0,1,0,1,NA,1.1,0,TRUE,30,10
330,5,-4.14002743,0.814553827,0,1,0,1,NA,1.1,0,TRUE,30,10
330,6,-3.93208206,0.953971073,0,1,0,1,NA,1.1,0,TRUE,30,10
331,0,-3.93208206,1.79047458,2,0,2.1740000000000004,0,0,0.9928509957213554,0,TRUE,30,10
331,1,-3.93208206,2.06930907,2,0,2.1740000000000004,0,0,0.9928509957213554,0,TRUE,30,10
331,2,-4.14002743,2.20872632,2,0,2.1740000000000004,0,0,0.9928509957213554,0,TRUE,30,10
331,3,-4.34797281,2.06930907,2,0,2.1740000000000004,0,0,0.9928509957213554,0,TRUE,30,10
331,4,-4.34797281,1.79047458,2,0,2.1740000000000004,0,0,0.9928509957213554,0,TRUE,30,10
331,5,-4.14002743,1.65105733,2,0,2.1740000000000004,0,0,0.9928509957213554,0,TRUE,30,10
331,6,-3.93208206,1.79047458,2,0,2.1740000000000004,0,0,0.9928509957213554,0,TRUE,30,10
333,0,-3.93208206,5.97299211,10,2,0.5124912186379929,0.08225806451612903,4.846074838914278,1.0065173275276078,0,TRUE,30,10
333,1,-3.93208206,6.2518266,10,2,0.5124912186379929,0.08225806451612903,4.846074838914278,1.0065173275276078,0,TRUE,30,10
333,2,-4.14002743,6.39124385,10,2,0.5124912186379929,0.08225806451612903,4.846074838914278,1.0065173275276078,0,TRUE,30,10
333,3,-4.34797281,6.2518266,10,2,0.5124912186379929,0.08225806451612903,4.846074838914278,1.0065173275276078,0,TRUE,30,10
333,4,-4.34797281,5.97299211,10,2,0.5124912186379929,0.08225806451612903,4.846074838914278,1.0065173275276078,0,TRUE,30,10
333,5,-4.14002743,5.83357486,10,2,0.5124912186379929,0.08225806451612903,4.846074838914278,1.0065173275276078,0,TRUE,30,10
333,6,-3.93208206,5.97299211,10,2,0.5124912186379929,0.08225806451612903,4.846074838914278,1.0065173275276078,0,TRUE,30,10
334,0,-3.5161913,-2.39204295,188,25,535.7251451184458,21.125,1.1905639961623449,1.1218766703765577,0.16591408698443078,FALSE,30,10
334,1,-3.5161913,-2.11320846,188,25,535.7251451184458,21.125,1.1905639961623449,1.1218766703765577,0.16591408698443078,FALSE,30,10
334,2,-3.72413668,-1.97379121,188,25,535.7251451184458,21.125,1.1905639961623449,1.1218766703765577,0.16591408698443078,FALSE,30,10
334,3,-3.93208206,-2.11320846,188,25,535.7251451184458,21.125,1.1905639961623449,1.1218766703765577,0.16591408698443078,FALSE,30,10
334,4,-3.93208206,-2.39204295,188,25,535.7251451184458,21.125,1.1905639961623449,1.1218766703765577,0.16591408698443078,FALSE,30,10
334,5,-3.72413668,-2.5314602,188,25,535.7251451184458,21.125,1.1905639961623449,1.1218766703765577,0.16591408698443078,FALSE,30,10
334,6,-3.5161913,-2.39204295,188,25,535.7251451184458,21.125,1.1905639961623449,1.1218766703765577,0.16591408698443078,FALSE,30,10
335,0,-3.5161913,-1.55553944,73,7,825.2238888888888,5.7,0.20854564379889776,0.420549088383112,-1.2496538867172144,FALSE,30,10
335,1,-3.5161913,-1.27670495,73,7,825.2238888888888,5.7,0.20854564379889776,0.420549088383112,-1.2496538867172144,FALSE,30,10
335,2,-3.72413668,-1.13728771,73,7,825.2238888888888,5.7,0.20854564379889776,0.420549088383112,-1.2496538867172144,FALSE,30,10
335,3,-3.93208206,-1.27670495,73,7,825.2238888888888,5.7,0.20854564379889776,0.420549088383112,-1.2496538867172144,FALSE,30,10
335,4,-3.93208206,-1.55553944,73,7,825.2238888888888,5.7,0.20854564379889776,0.420549088383112,-1.2496538867172144,FALSE,30,10
335,5,-3.72413668,-1.69495669,73,7,825.2238888888888,5.7,0.20854564379889776,0.420549088383112,-1.2496538867172144,FALSE,30,10
335,6,-3.5161913,-1.55553944,73,7,825.2238888888888,5.7,0.20854564379889776,0.420549088383112,-1.2496538867172144,FALSE,30,10
336,0,-3.5161913,-0.719035938,38,1,265.85110000000003,1,0.11356894641766024,0.5849438467290956,-0.7736299589670886,FALSE,30,10
336,1,-3.5161913,-0.440201446,38,1,265.85110000000003,1,0.11356894641766024,0.5849438467290956,-0.7736299589670886,FALSE,30,10
336,2,-3.72413668,-0.3007842,38,1,265.85110000000003,1,0.11356894641766024,0.5849438467290956,-0.7736299589670886,FALSE,30,10
336,3,-3.93208206,-0.440201446,38,1,265.85110000000003,1,0.11356894641766024,0.5849438467290956,-0.7736299589670886,FALSE,30,10
336,4,-3.93208206,-0.719035938,38,1,265.85110000000003,1,0.11356894641766024,0.5849438467290956,-0.7736299589670886,FALSE,30,10
336,5,-3.72413668,-0.858453184,38,1,265.85110000000003,1,0.11356894641766024,0.5849438467290956,-0.7736299589670886,FALSE,30,10
336,6,-3.5161913,-0.719035938,38,1,265.85110000000003,1,0.11356894641766024,0.5849438467290956,-0.7736299589670886,FALSE,30,10
337,0,-3.5161913,0.117467567,195,63,364.8952476190476,36.833333333333336,3.0476905932520553,2.1205318983770995,1.0844261850255166,FALSE,30,10
337,1,-3.5161913,0.396302059,195,63,364.8952476190476,36.833333333333336,3.0476905932520553,2.1205318983770995,1.0844261850255166,FALSE,30,10
337,2,-3.72413668,0.535719305,195,63,364.8952476190476,36.833333333333336,3.0476905932520553,2.1205318983770995,1.0844261850255166,FALSE,30,10
337,3,-3.93208206,0.396302059,195,63,364.8952476190476,36.833333333333336,3.0476905932520553,2.1205318983770995,1.0844261850255166,FALSE,30,10
337,4,-3.93208206,0.117467567,195,63,364.8952476190476,36.833333333333336,3.0476905932520553,2.1205318983770995,1.0844261850255166,FALSE,30,10
337,5,-3.72413668,-0.0219496787,195,63,364.8952476190476,36.833333333333336,3.0476905932520553,2.1205318983770995,1.0844261850255166,FALSE,30,10
337,6,-3.5161913,0.117467567,195,63,364.8952476190476,36.833333333333336,3.0476905932520553,2.1205318983770995,1.0844261850255166,FALSE,30,10
338,0,-3.5161913,0.953971073,42,7,121.65505714285712,4.222222222222222,1.0478737921632375,1.0137496998261142,0.01970148725691024,FALSE,30,10
338,1,-3.5161913,1.23280556,42,7,121.65505714285712,4.222222222222222,1.0478737921632375,1.0137496998261142,0.01970148725691024,FALSE,30,10
338,2,-3.72413668,1.37222281,42,7,121.65505714285712,4.222222222222222,1.0478737921632375,1.0137496998261142,0.01970148725691024,FALSE,30,10
338,3,-3.93208206,1.23280556,42,7,121.65505714285712,4.222222222222222,1.0478737921632375,1.0137496998261142,0.01970148725691024,FALSE,30,10
338,4,-3.93208206,0.953971073,42,7,121.65505714285712,4.222222222222222,1.0478737921632375,1.0137496998261142,0.01970148725691024,FALSE,30,10
338,5,-3.72413668,0.814553827,42,7,121.65505714285712,4.222222222222222,1.0478737921632375,1.0137496998261142,0.01970148725691024,FALSE,30,10
338,6,-3.5161913,0.953971073,42,7,121.65505714285712,4.222222222222222,1.0478737921632375,1.0137496998261142,0.01970148725691024,FALSE,30,10
339,0,-3.5161913,1.79047458,253,85,747.2661814814815,70.32777777777778,2.84151285469723,2.3115828938043546,1.2088810988213856,FALSE,30,10
339,1,-3.5161913,2.06930907,253,85,747.2661814814815,70.32777777777778,2.84151285469723,2.3115828938043546,1.2088810988213856,FALSE,30,10
339,2,-3.72413668,2.20872632,253,85,747.2661814814815,70.32777777777778,2.84151285469723,2.3115828938043546,1.2088810988213856,FALSE,30,10
339,3,-3.93208206,2.06930907,253,85,747.2661814814815,70.32777777777778,2.84151285469723,2.3115828938043546,1.2088810988213856,FALSE,30,10
339,4,-3.93208206,1.79047458,253,85,747.2661814814815,70.32777777777778,2.84151285469723,2.3115828938043546,1.2088810988213856,FALSE,30,10
339,5,-3.72413668,1.65105733,253,85,747.2661814814815,70.32777777777778,2.84151285469723,2.3115828938043546,1.2088810988213856,FALSE,30,10
339,6,-3.5161913,1.79047458,253,85,747.2661814814815,70.32777777777778,2.84151285469723,2.3115828938043546,1.2088810988213856,FALSE,30,10
340,0,-3.5161913,2.62697808,1,0,8.593333333333334,0,0,0.9723257792923606,0,TRUE,30,10
340,1,-3.5161913,2.90581258,1,0,8.593333333333334,0,0,0.9723257792923606,0,TRUE,30,10
340,2,-3.72413668,3.04522982,1,0,8.593333333333334,0,0,0.9723257792923606,0,TRUE,30,10
340,3,-3.93208206,2.90581258,1,0,8.593333333333334,0,0,0.9723257792923606,0,TRUE,30,10
340,4,-3.93208206,2.62697808,1,0,8.593333333333334,0,0,0.9723257792923606,0,TRUE,30,10
340,5,-3.72413668,2.48756084,1,0,8.593333333333334,0,0,0.9723257792923606,0,TRUE,30,10
340,6,-3.5161913,2.62697808,1,0,8.593333333333334,0,0,0.9723257792923606,0,TRUE,30,10
341,0,-3.5161913,4.2999851,15,2,17.485059508124724,0.6666666666666666,1.1511705871688769,1.0082753579042285,0,TRUE,30,10
341,1,-3.5161913,4.57881959,15,2,17.485059508124724,0.6666666666666666,1.1511705871688769,1.0082753579042285,0,TRUE,30,10
341,2,-3.72413668,4.71823683,15,2,17.485059508124724,0.6666666666666666,1.1511705871688769,1.0082753579042285,0,TRUE,30,10
341,3,-3.93208206,4.57881959,15,2,17.485059508124724,0.6666666666666666,1.1511705871688769,1.0082753579042285,0,TRUE,30,10
341,4,-3.93208206,4.2999851,15,2,17.485059508124724,0.6666666666666666,1.1511705871688769,1.0082753579042285,0,TRUE,30,10
341,5,-3.72413668,4.16056785,15,2,17.485059508124724,0.6666666666666666,1.1511705871688769,1.0082753579042285,0,TRUE,30,10
341,6,-3.5161913,4.2999851,15,2,17.485059508124724,0.6666666666666666,1.1511705871688769,1.0082753579042285,0,TRUE,30,10
342,0,-3.5161913,5.1364886,34,5,56.15368152218152,2.0134158926728585,1.0825633405598958,1.0129475585125942,0.01855948605197189,FALSE,30,10
342,1,-3.5161913,5.41532309,34,5,56.15368152218152,2.0134158926728585,1.0825633405598958,1.0129475585125942,0.01855948605197189,FALSE,30,10
342,2,-3.72413668,5.55474034,34,5,56.15368152218152,2.0134158926728585,1.0825633405598958,1.0129475585125942,0.01855948605197189,FALSE,30,10
342,3,-3.93208206,5.41532309,34,5,56.15368152218152,2.0134158926728585,1.0825633405598958,1.0129475585125942,0.01855948605197189,FALSE,30,10
342,4,-3.93208206,5.1364886,34,5,56.15368152218152,2.0134158926728585,1.0825633405598958,1.0129475585125942,0.01855948605197189,FALSE,30,10
342,5,-3.72413668,4.99707136,34,5,56.15368152218152,2.0134158926728585,1.0825633405598958,1.0129475585125942,0.01855948605197189,FALSE,30,10
342,6,-3.5161913,5.1364886,34,5,56.15368152218152,2.0134158926728585,1.0825633405598958,1.0129475585125942,0.01855948605197189,FALSE,30,10
343,0,-3.5161913,5.97299211,85,19,89.68586843395553,10.61371316855188,3.573068872235249,1.5892796941715213,0.6683730440604889,FALSE,30,10
343,1,-3.5161913,6.2518266,85,19,89.68586843395553,10.61371316855188,3.573068872235249,1.5892796941715213,0.6683730440604889,FALSE,30,10
343,2,-3.72413668,6.39124385,85,19,89.68586843395553,10.61371316855188,3.573068872235249,1.5892796941715213,0.6683730440604889,FALSE,30,10
343,3,-3.93208206,6.2518266,85,19,89.68586843395553,10.61371316855188,3.573068872235249,1.5892796941715213,0.6683730440604889,FALSE,30,10
343,4,-3.93208206,5.97299211,85,19,89.68586843395553,10.61371316855188,3.573068872235249,1.5892796941715213,0.6683730440604889,FALSE,30,10
343,5,-3.72413668,5.83357486,85,19,89.68586843395553,10.61371316855188,3.573068872235249,1.5892796941715213,0.6683730440604889,FALSE,30,10
343,6,-3.5161913,5.97299211,85,19,89.68586843395553,10.61371316855188,3.573068872235249,1.5892796941715213,0.6683730440604889,FALSE,30,10
344,0,-3.5161913,6.80949561,0,2,0,1.1,NA,1.11,0,TRUE,30,10
344,1,-3.5161913,7.0883301,0,2,0,1.1,NA,1.11,0,TRUE,30,10
344,2,-3.72413668,7.22774735,0,2,0,1.1,NA,1.11,0,TRUE,30,10
344,3,-3.93208206,7.0883301,0,2,0,1.1,NA,1.11,0,TRUE,30,10
344,4,-3.93208206,6.80949561,0,2,0,1.1,NA,1.11,0,TRUE,30,10
344,5,-3.72413668,6.67007837,0,2,0,1.1,NA,1.11,0,TRUE,30,10
344,6,-3.5161913,6.80949561,0,2,0,1.1,NA,1.11,0,TRUE,30,10
345,0,-3.10030055,-2.39204295,63,16,175.12727777777778,11.333333333333334,1.9538981596302856,1.3501793057560858,0.4331510119780137,FALSE,30,10
345,1,-3.10030055,-2.11320846,63,16,175.12727777777778,11.333333333333334,1.9538981596302856,1.3501793057560858,0.4331510119780137,FALSE,30,10
345,2,-3.30824593,-1.97379121,63,16,175.12727777777778,11.333333333333334,1.9538981596302856,1.3501793057560858,0.4331510119780137,FALSE,30,10
345,3,-3.5161913,-2.11320846,63,16,175.12727777777778,11.333333333333334,1.9538981596302856,1.3501793057560858,0.4331510119780137,FALSE,30,10
345,4,-3.5161913,-2.39204295,63,16,175.12727777777778,11.333333333333334,1.9538981596302856,1.3501793057560858,0.4331510119780137,FALSE,30,10
345,5,-3.30824593,-2.5314602,63,16,175.12727777777778,11.333333333333334,1.9538981596302856,1.3501793057560858,0.4331510119780137,FALSE,30,10
345,6,-3.10030055,-2.39204295,63,16,175.12727777777778,11.333333333333334,1.9538981596302856,1.3501793057560858,0.4331510119780137,FALSE,30,10
346,0,-3.10030055,-1.55553944,50,3,206.62485555555557,3,0.438365886569607,0.7718065838443444,-0.3736887441423327,FALSE,30,10
346,1,-3.10030055,-1.27670495,50,3,206.62485555555557,3,0.438365886569607,0.7718065838443444,-0.3736887441423327,FALSE,30,10
346,2,-3.30824593,-1.13728771,50,3,206.62485555555557,3,0.438365886569607,0.7718065838443444,-0.3736887441423327,FALSE,30,10
346,3,-3.5161913,-1.27670495,50,3,206.62485555555557,3,0.438365886569607,0.7718065838443444,-0.3736887441423327,FALSE,30,10
346,4,-3.5161913,-1.55553944,50,3,206.62485555555557,3,0.438365886569607,0.7718065838443444,-0.3736887441423327,FALSE,30,10
346,5,-3.30824593,-1.69495669,50,3,206.62485555555557,3,0.438365886569607,0.7718065838443444,-0.3736887441423327,FALSE,30,10
346,6,-3.10030055,-1.55553944,50,3,206.62485555555557,3,0.438365886569607,0.7718065838443444,-0.3736887441423327,FALSE,30,10
347,0,-3.10030055,-0.719035938,153,2,1366.7452777777778,0.5833333333333333,0.01288627129680339,0.1914918023851631,-2,FALSE,30,10
347,1,-3.10030055,-0.440201446,153,2,1366.7452777777778,0.5833333333333333,0.01288627129680339,0.1914918023851631,-2,FALSE,30,10
347,2,-3.30824593,-0.3007842,153,2,1366.7452777777778,0.5833333333333333,0.01288627129680339,0.1914918023851631,-2,FALSE,30,10
347,3,-3.5161913,-0.440201446,153,2,1366.7452777777778,0.5833333333333333,0.01288627129680339,0.1914918023851631,-2,FALSE,30,10
347,4,-3.5161913,-0.719035938,153,2,1366.7452777777778,0.5833333333333333,0.01288627129680339,0.1914918023851631,-2,FALSE,30,10
347,5,-3.30824593,-0.858453184,153,2,1366.7452777777778,0.5833333333333333,0.01288627129680339,0.1914918023851631,-2,FALSE,30,10
347,6,-3.10030055,-0.719035938,153,2,1366.7452777777778,0.5833333333333333,0.01288627129680339,0.1914918023851631,-2,FALSE,30,10
348,0,-3.10030055,0.117467567,30,3,34.34731111111111,1.7,1.4943565653980788,1.0504943579187749,0.07106841348695823,FALSE,30,10
348,1,-3.10030055,0.396302059,30,3,34.34731111111111,1.7,1.4943565653980788,1.0504943579187749,0.07106841348695823,FALSE,30,10
348,2,-3.30824593,0.535719305,30,3,34.34731111111111,1.7,1.4943565653980788,1.0504943579187749,0.07106841348695823,FALSE,30,10
348,3,-3.5161913,0.396302059,30,3,34.34731111111111,1.7,1.4943565653980788,1.0504943579187749,0.07106841348695823,FALSE,30,10
348,4,-3.5161913,0.117467567,30,3,34.34731111111111,1.7,1.4943565653980788,1.0504943579187749,0.07106841348695823,FALSE,30,10
348,5,-3.30824593,-0.0219496787,30,3,34.34731111111111,1.7,1.4943565653980788,1.0504943579187749,0.07106841348695823,FALSE,30,10
348,6,-3.10030055,0.117467567,30,3,34.34731111111111,1.7,1.4943565653980788,1.0504943579187749,0.07106841348695823,FALSE,30,10
349,0,-3.10030055,0.953971073,290,23,613.3007174603174,16.3,0.8024392994889205,0.8676127532141419,-0.20487683525710632,FALSE,30,10
349,1,-3.10030055,1.23280556,290,23,613.3007174603174,16.3,0.8024392994889205,0.8676127532141419,-0.20487683525710632,FALSE,30,10
349,2,-3.30824593,1.37222281,290,23,613.3007174603174,16.3,0.8024392994889205,0.8676127532141419,-0.20487683525710632,FALSE,30,10
349,3,-3.5161913,1.23280556,290,23,613.3007174603174,16.3,0.8024392994889205,0.8676127532141419,-0.20487683525710632,FALSE,30,10
349,4,-3.5161913,0.953971073,290,23,613.3007174603174,16.3,0.8024392994889205,0.8676127532141419,-0.20487683525710632,FALSE,30,10
349,5,-3.30824593,0.814553827,290,23,613.3007174603174,16.3,0.8024392994889205,0.8676127532141419,-0.20487683525710632,FALSE,30,10
349,6,-3.10030055,0.953971073,290,23,613.3007174603174,16.3,0.8024392994889205,0.8676127532141419,-0.20487683525710632,FALSE,30,10
350,0,-3.10030055,1.79047458,180,94,522.6325380952381,76.05,4.393400875860333,3.1508544286796365,1.655743102539103,FALSE,30,10
350,1,-3.10030055,2.06930907,180,94,522.6325380952381,76.05,4.393400875860333,3.1508544286796365,1.655743102539103,FALSE,30,10
350,2,-3.30824593,2.20872632,180,94,522.6325380952381,76.05,4.393400875860333,3.1508544286796365,1.655743102539103,FALSE,30,10
350,3,-3.5161913,2.06930907,180,94,522.6325380952381,76.05,4.393400875860333,3.1508544286796365,1.655743102539103,FALSE,30,10
350,4,-3.5161913,1.79047458,180,94,522.6325380952381,76.05,4.393400875860333,3.1508544286796365,1.655743102539103,FALSE,30,10
350,5,-3.30824593,1.65105733,180,94,522.6325380952381,76.05,4.393400875860333,3.1508544286796365,1.655743102539103,FALSE,30,10
350,6,-3.10030055,1.79047458,180,94,522.6325380952381,76.05,4.393400875860333,3.1508544286796365,1.655743102539103,FALSE,30,10
351,0,-3.10030055,2.62697808,11,4,22.034,4,5.481061873645465,1.3047791007760856,0,TRUE,30,10
351,1,-3.10030055,2.90581258,11,4,22.034,4,5.481061873645465,1.3047791007760856,0,TRUE,30,10
351,2,-3.30824593,3.04522982,11,4,22.034,4,5.481061873645465,1.3047791007760856,0,TRUE,30,10
351,3,-3.5161913,2.90581258,11,4,22.034,4,5.481061873645465,1.3047791007760856,0,TRUE,30,10
351,4,-3.5161913,2.62697808,11,4,22.034,4,5.481061873645465,1.3047791007760856,0,TRUE,30,10
351,5,-3.30824593,2.48756084,11,4,22.034,4,5.481061873645465,1.3047791007760856,0,TRUE,30,10
351,6,-3.10030055,2.62697808,11,4,22.034,4,5.481061873645465,1.3047791007760856,0,TRUE,30,10
352,0,-3.10030055,4.2999851,209,55,676.1456214045214,39.3,1.7548918977580226,1.5218613144357294,0.6058368936035347,FALSE,30,10
352,1,-3.10030055,4.57881959,209,55,676.1456214045214,39.3,1.7548918977580226,1.5218613144357294,0.6058368936035347,FALSE,30,10
352,2,-3.30824593,4.71823683,209,55,676.1456214045214,39.3,1.7548918977580226,1.5218613144357294,0.6058368936035347,FALSE,30,10
352,3,-3.5161913,4.57881959,209,55,676.1456214045214,39.3,1.7548918977580226,1.5218613144357294,0.6058368936035347,FALSE,30,10
352,4,-3.5161913,4.2999851,209,55,676.1456214045214,39.3,1.7548918977580226,1.5218613144357294,0.6058368936035347,FALSE,30,10
352,5,-3.30824593,4.16056785,209,55,676.1456214045214,39.3,1.7548918977580226,1.5218613144357294,0.6058368936035347,FALSE,30,10
352,6,-3.10030055,4.2999851,209,55,676.1456214045214,39.3,1.7548918977580226,1.5218613144357294,0.6058368936035347,FALSE,30,10
353,0,-3.10030055,5.1364886,267,20,429.03611851851855,12.754700854700854,0.8975827152339699,0.9398863281592518,-0.08944181013689054,FALSE,30,10
353,1,-3.10030055,5.41532309,267,20,429.03611851851855,12.754700854700854,0.8975827152339699,0.9398863281592518,-0.08944181013689054,FALSE,30,10
353,2,-3.30824593,5.55474034,267,20,429.03611851851855,12.754700854700854,0.8975827152339699,0.9398863281592518,-0.08944181013689054,FALSE,30,10
353,3,-3.5161913,5.41532309,267,20,429.03611851851855,12.754700854700854,0.8975827152339699,0.9398863281592518,-0.08944181013689054,FALSE,30,10
353,4,-3.5161913,5.1364886,267,20,429.03611851851855,12.754700854700854,0.8975827152339699,0.9398863281592518,-0.08944181013689054,FALSE,30,10
353,5,-3.30824593,4.99707136,267,20,429.03611851851855,12.754700854700854,0.8975827152339699,0.9398863281592518,-0.08944181013689054,FALSE,30,10
353,6,-3.10030055,5.1364886,267,20,429.03611851851855,12.754700854700854,0.8975827152339699,0.9398863281592518,-0.08944181013689054,FALSE,30,10
354,0,-3.10030055,5.97299211,376,54,495.9237224510279,31.38240740740741,1.9105984952708388,1.5660067914092732,0.6470904692772508,FALSE,30,10
354,1,-3.10030055,6.2518266,376,54,495.9237224510279,31.38240740740741,1.9105984952708388,1.5660067914092732,0.6470904692772508,FALSE,30,10
354,2,-3.30824593,6.39124385,376,54,495.9237224510279,31.38240740740741,1.9105984952708388,1.5660067914092732,0.6470904692772508,FALSE,30,10
354,3,-3.5161913,6.2518266,376,54,495.9237224510279,31.38240740740741,1.9105984952708388,1.5660067914092732,0.6470904692772508,FALSE,30,10
354,4,-3.5161913,5.97299211,376,54,495.9237224510279,31.38240740740741,1.9105984952708388,1.5660067914092732,0.6470904692772508,FALSE,30,10
354,5,-3.30824593,5.83357486,376,54,495.9237224510279,31.38240740740741,1.9105984952708388,1.5660067914092732,0.6470904692772508,FALSE,30,10
354,6,-3.10030055,5.97299211,376,54,495.9237224510279,31.38240740740741,1.9105984952708388,1.5660067914092732,0.6470904692772508,FALSE,30,10
355,0,-3.10030055,6.80949561,315,96,614.8170658761122,71.3994381057539,3.5062827773127525,2.680850774281294,1.4226909160022847,FALSE,30,10
355,1,-3.10030055,7.0883301,315,96,614.8170658761122,71.3994381057539,3.5062827773127525,2.680850774281294,1.4226909160022847,FALSE,30,10
355,2,-3.30824593,7.22774735,315,96,614.8170658761122,71.3994381057539,3.5062827773127525,2.680850774281294,1.4226909160022847,FALSE,30,10
355,3,-3.5161913,7.0883301,315,96,614.8170658761122,71.3994381057539,3.5062827773127525,2.680850774281294,1.4226909160022847,FALSE,30,10
355,4,-3.5161913,6.80949561,315,96,614.8170658761122,71.3994381057539,3.5062827773127525,2.680850774281294,1.4226909160022847,FALSE,30,10
355,5,-3.30824593,6.67007837,315,96,614.8170658761122,71.3994381057539,3.5062827773127525,2.680850774281294,1.4226909160022847,FALSE,30,10
355,6,-3.10030055,6.80949561,315,96,614.8170658761122,71.3994381057539,3.5062827773127525,2.680850774281294,1.4226909160022847,FALSE,30,10
356,0,-3.10030055,9.31900613,3,0,3,0,0,0.9901614923250722,0,TRUE,30,10
356,1,-3.10030055,9.59784062,3,0,3,0,0,0.9901614923250722,0,TRUE,30,10
356,2,-3.30824593,9.73725787,3,0,3,0,0,0.9901614923250722,0,TRUE,30,10
356,3,-3.5161913,9.59784062,3,0,3,0,0,0.9901614923250722,0,TRUE,30,10
356,4,-3.5161913,9.31900613,3,0,3,0,0,0.9901614923250722,0,TRUE,30,10
356,5,-3.30824593,9.17958888,3,0,3,0,0,0.9901614923250722,0,TRUE,30,10
356,6,-3.10030055,9.31900613,3,0,3,0,0,0.9901614923250722,0,TRUE,30,10
357,0,-2.6844098,-3.22854646,1,0,1,0,0,0.9966988451501398,0,TRUE,30,10
357,1,-2.6844098,-2.94971196,1,0,1,0,0,0.9966988451501398,0,TRUE,30,10
357,2,-2.89235517,-2.81029472,1,0,1,0,0,0.9966988451501398,0,TRUE,30,10
357,3,-3.10030055,-2.94971196,1,0,1,0,0,0.9966988451501398,0,TRUE,30,10
357,4,-3.10030055,-3.22854646,1,0,1,0,0,0.9966988451501398,0,TRUE,30,10
357,5,-2.89235517,-3.3679637,1,0,1,0,0,0.9966988451501398,0,TRUE,30,10
357,6,-2.6844098,-3.22854646,1,0,1,0,0,0.9966988451501398,0,TRUE,30,10
358,0,-2.6844098,-2.39204295,22,7,67.85172222222222,6.666666666666667,2.9665107327310327,1.360843143902458,0,TRUE,30,10
358,1,-2.6844098,-2.11320846,22,7,67.85172222222222,6.666666666666667,2.9665107327310327,1.360843143902458,0,TRUE,30,10
358,2,-2.89235517,-1.97379121,22,7,67.85172222222222,6.666666666666667,2.9665107327310327,1.360843143902458,0,TRUE,30,10
358,3,-3.10030055,-2.11320846,22,7,67.85172222222222,6.666666666666667,2.9665107327310327,1.360843143902458,0,TRUE,30,10
358,4,-3.10030055,-2.39204295,22,7,67.85172222222222,6.666666666666667,2.9665107327310327,1.360843143902458,0,TRUE,30,10
358,5,-2.89235517,-2.5314602,22,7,67.85172222222222,6.666666666666667,2.9665107327310327,1.360843143902458,0,TRUE,30,10
358,6,-2.6844098,-2.39204295,22,7,67.85172222222222,6.666666666666667,2.9665107327310327,1.360843143902458,0,TRUE,30,10
359,0,-2.6844098,-1.55553944,96,5,640.3930777777778,4.2,0.19801619909780316,0.45497675162780365,-1.136135266429176,FALSE,30,10
359,1,-2.6844098,-1.27670495,96,5,640.3930777777778,4.2,0.19801619909780316,0.45497675162780365,-1.136135266429176,FALSE,30,10
359,2,-2.89235517,-1.13728771,96,5,640.3930777777778,4.2,0.19801619909780316,0.45497675162780365,-1.136135266429176,FALSE,30,10
359,3,-3.10030055,-1.27670495,96,5,640.3930777777778,4.2,0.19801619909780316,0.45497675162780365,-1.136135266429176,FALSE,30,10
359,4,-3.10030055,-1.55553944,96,5,640.3930777777778,4.2,0.19801619909780316,0.45497675162780365,-1.136135266429176,FALSE,30,10
359,5,-2.89235517,-1.69495669,96,5,640.3930777777778,4.2,0.19801619909780316,0.45497675162780365,-1.136135266429176,FALSE,30,10
359,6,-2.6844098,-1.55553944,96,5,640.3930777777778,4.2,0.19801619909780316,0.45497675162780365,-1.136135266429176,FALSE,30,10
360,0,-2.6844098,-0.719035938,300,0,2484.175266666666,0,0,0.10836809195444363,-2,FALSE,30,10
360,1,-2.6844098,-0.440201446,300,0,2484.175266666666,0,0,0.10836809195444363,-2,FALSE,30,10
360,2,-2.89235517,-0.3007842,300,0,2484.175266666666,0,0,0.10836809195444363,-2,FALSE,30,10
360,3,-3.10030055,-0.440201446,300,0,2484.175266666666,0,0,0.10836809195444363,-2,FALSE,30,10
360,4,-3.10030055,-0.719035938,300,0,2484.175266666666,0,0,0.10836809195444363,-2,FALSE,30,10
360,5,-2.89235517,-0.858453184,300,0,2484.175266666666,0,0,0.10836809195444363,-2,FALSE,30,10
360,6,-2.6844098,-0.719035938,300,0,2484.175266666666,0,0,0.10836809195444363,-2,FALSE,30,10
361,0,-2.6844098,0.117467567,35,7,178.43733333333333,6.333333333333333,1.0716295492881622,1.0266078409555073,0.03788518462120847,FALSE,30,10
361,1,-2.6844098,0.396302059,35,7,178.43733333333333,6.333333333333333,1.0716295492881622,1.0266078409555073,0.03788518462120847,FALSE,30,10
361,2,-2.89235517,0.535719305,35,7,178.43733333333333,6.333333333333333,1.0716295492881622,1.0266078409555073,0.03788518462120847,FALSE,30,10
361,3,-3.10030055,0.396302059,35,7,178.43733333333333,6.333333333333333,1.0716295492881622,1.0266078409555073,0.03788518462120847,FALSE,30,10
361,4,-3.10030055,0.117467567,35,7,178.43733333333333,6.333333333333333,1.0716295492881622,1.0266078409555073,0.03788518462120847,FALSE,30,10
361,5,-2.89235517,-0.0219496787,35,7,178.43733333333333,6.333333333333333,1.0716295492881622,1.0266078409555073,0.03788518462120847,FALSE,30,10
361,6,-2.6844098,0.117467567,35,7,178.43733333333333,6.333333333333333,1.0716295492881622,1.0266078409555073,0.03788518462120847,FALSE,30,10
362,0,-2.6844098,0.953971073,360,26,549.1738413105413,21.516666666666666,1.182941336428566,1.1180434927234104,0.16097631118281663,FALSE,30,10
362,1,-2.6844098,1.23280556,360,26,549.1738413105413,21.516666666666666,1.182941336428566,1.1180434927234104,0.16097631118281663,FALSE,30,10
362,2,-2.89235517,1.37222281,360,26,549.1738413105413,21.516666666666666,1.182941336428566,1.1180434927234104,0.16097631118281663,FALSE,30,10
362,3,-3.10030055,1.23280556,360,26,549.1738413105413,21.516666666666666,1.182941336428566,1.1180434927234104,0.16097631118281663,FALSE,30,10
362,4,-3.10030055,0.953971073,360,26,549.1738413105413,21.516666666666666,1.182941336428566,1.1180434927234104,0.16097631118281663,FALSE,30,10
362,5,-2.89235517,0.814553827,360,26,549.1738413105413,21.516666666666666,1.182941336428566,1.1180434927234104,0.16097631118281663,FALSE,30,10
362,6,-2.6844098,0.953971073,360,26,549.1738413105413,21.516666666666666,1.182941336428566,1.1180434927234104,0.16097631118281663,FALSE,30,10
363,0,-2.6844098,1.79047458,195,73,482.879253968254,59.1,3.695276943038838,2.6583682935767614,1.4105409911863842,FALSE,30,10
363,1,-2.6844098,2.06930907,195,73,482.879253968254,59.1,3.695276943038838,2.6583682935767614,1.4105409911863842,FALSE,30,10
363,2,-2.89235517,2.20872632,195,73,482.879253968254,59.1,3.695276943038838,2.6583682935767614,1.4105409911863842,FALSE,30,10
363,3,-3.10030055,2.06930907,195,73,482.879253968254,59.1,3.695276943038838,2.6583682935767614,1.4105409911863842,FALSE,30,10
363,4,-3.10030055,1.79047458,195,73,482.879253968254,59.1,3.695276943038838,2.6583682935767614,1.4105409911863842,FALSE,30,10
363,5,-2.89235517,1.65105733,195,73,482.879253968254,59.1,3.695276943038838,2.6583682935767614,1.4105409911863842,FALSE,30,10
363,6,-2.6844098,1.79047458,195,73,482.879253968254,59.1,3.695276943038838,2.6583682935767614,1.4105409911863842,FALSE,30,10
364,0,-2.6844098,2.62697808,10,5,23.697999999999997,5,6.370248403024736,1.390833641521637,0,TRUE,30,10
364,1,-2.6844098,2.90581258,10,5,23.697999999999997,5,6.370248403024736,1.390833641521637,0,TRUE,30,10
364,2,-2.89235517,3.04522982,10,5,23.697999999999997,5,6.370248403024736,1.390833641521637,0,TRUE,30,10
364,3,-3.10030055,2.90581258,10,5,23.697999999999997,5,6.370248403024736,1.390833641521637,0,TRUE,30,10
364,4,-3.10030055,2.62697808,10,5,23.697999999999997,5,6.370248403024736,1.390833641521637,0,TRUE,30,10
364,5,-2.89235517,2.48756084,10,5,23.697999999999997,5,6.370248403024736,1.390833641521637,0,TRUE,30,10
364,6,-2.6844098,2.62697808,10,5,23.697999999999997,5,6.370248403024736,1.390833641521637,0,TRUE,30,10
365,0,-2.6844098,3.46348159,68,4,173.58911313131313,3.25,0.5652739020070011,0.8413005463495957,-0.2493068137056224,FALSE,30,10
365,1,-2.6844098,3.74231608,68,4,173.58911313131313,3.25,0.5652739020070011,0.8413005463495957,-0.2493068137056224,FALSE,30,10
365,2,-2.89235517,3.88173333,68,4,173.58911313131313,3.25,0.5652739020070011,0.8413005463495957,-0.2493068137056224,FALSE,30,10
365,3,-3.10030055,3.74231608,68,4,173.58911313131313,3.25,0.5652739020070011,0.8413005463495957,-0.2493068137056224,FALSE,30,10
365,4,-3.10030055,3.46348159,68,4,173.58911313131313,3.25,0.5652739020070011,0.8413005463495957,-0.2493068137056224,FALSE,30,10
365,5,-2.89235517,3.32406434,68,4,173.58911313131313,3.25,0.5652739020070011,0.8413005463495957,-0.2493068137056224,FALSE,30,10
365,6,-2.6844098,3.46348159,68,4,173.58911313131313,3.25,0.5652739020070011,0.8413005463495957,-0.2493068137056224,FALSE,30,10
366,0,-2.6844098,4.2999851,307,32,1030.7133094516594,26.727777777777774,0.7829301652841756,0.8321098194599515,-0.2651541512146942,FALSE,30,10
366,1,-2.6844098,4.57881959,307,32,1030.7133094516594,26.727777777777774,0.7829301652841756,0.8321098194599515,-0.2651541512146942,FALSE,30,10
366,2,-2.89235517,4.71823683,307,32,1030.7133094516594,26.727777777777774,0.7829301652841756,0.8321098194599515,-0.2651541512146942,FALSE,30,10
366,3,-3.10030055,4.57881959,307,32,1030.7133094516594,26.727777777777774,0.7829301652841756,0.8321098194599515,-0.2651541512146942,FALSE,30,10
366,4,-3.10030055,4.2999851,307,32,1030.7133094516594,26.727777777777774,0.7829301652841756,0.8321098194599515,-0.2651541512146942,FALSE,30,10
366,5,-2.89235517,4.16056785,307,32,1030.7133094516594,26.727777777777774,0.7829301652841756,0.8321098194599515,-0.2651541512146942,FALSE,30,10
366,6,-2.6844098,4.2999851,307,32,1030.7133094516594,26.727777777777774,0.7829301652841756,0.8321098194599515,-0.2651541512146942,FALSE,30,10
367,0,-2.6844098,5.1364886,360,59,499.6571778626602,42.843722943722945,2.5888872102020097,1.9904157318287656,0.9930697933854392,FALSE,30,10
367,1,-2.6844098,5.41532309,360,59,499.6571778626602,42.843722943722945,2.5888872102020097,1.9904157318287656,0.9930697933854392,FALSE,30,10
367,2,-2.89235517,5.55474034,360,59,499.6571778626602,42.843722943722945,2.5888872102020097,1.9904157318287656,0.9930697933854392,FALSE,30,10
367,3,-3.10030055,5.41532309,360,59,499.6571778626602,42.843722943722945,2.5888872102020097,1.9904157318287656,0.9930697933854392,FALSE,30,10
367,4,-3.10030055,5.1364886,360,59,499.6571778626602,42.843722943722945,2.5888872102020097,1.9904157318287656,0.9930697933854392,FALSE,30,10
367,5,-2.89235517,4.99707136,360,59,499.6571778626602,42.843722943722945,2.5888872102020097,1.9904157318287656,0.9930697933854392,FALSE,30,10
367,6,-2.6844098,5.1364886,360,59,499.6571778626602,42.843722943722945,2.5888872102020097,1.9904157318287656,0.9930697933854392,FALSE,30,10
368,0,-2.6844098,5.97299211,403,55,456.6472022259649,28.17746548686951,1.8630271493864212,1.5195277380334928,0.6036230106009868,FALSE,30,10
368,1,-2.6844098,6.2518266,403,55,456.6472022259649,28.17746548686951,1.8630271493864212,1.5195277380334928,0.6036230106009868,FALSE,30,10
368,2,-2.89235517,6.39124385,403,55,456.6472022259649,28.17746548686951,1.8630271493864212,1.5195277380334928,0.6036230106009868,FALSE,30,10
368,3,-3.10030055,6.2518266,403,55,456.6472022259649,28.17746548686951,1.8630271493864212,1.5195277380334928,0.6036230106009868,FALSE,30,10
368,4,-3.10030055,5.97299211,403,55,456.6472022259649,28.17746548686951,1.8630271493864212,1.5195277380334928,0.6036230106009868,FALSE,30,10
368,5,-2.89235517,5.83357486,403,55,456.6472022259649,28.17746548686951,1.8630271493864212,1.5195277380334928,0.6036230106009868,FALSE,30,10
368,6,-2.6844098,5.97299211,403,55,456.6472022259649,28.17746548686951,1.8630271493864212,1.5195277380334928,0.6036230106009868,FALSE,30,10
369,0,-2.6844098,6.80949561,402,69,955.755969307306,42.94127055435105,1.3565191515719424,1.2709315852490315,0.34588637158718977,FALSE,30,10
369,1,-2.6844098,7.0883301,402,69,955.755969307306,42.94127055435105,1.3565191515719424,1.2709315852490315,0.34588637158718977,FALSE,30,10
369,2,-2.89235517,7.22774735,402,69,955.755969307306,42.94127055435105,1.3565191515719424,1.2709315852490315,0.34588637158718977,FALSE,30,10
369,3,-3.10030055,7.0883301,402,69,955.755969307306,42.94127055435105,1.3565191515719424,1.2709315852490315,0.34588637158718977,FALSE,30,10
369,4,-3.10030055,6.80949561,402,69,955.755969307306,42.94127055435105,1.3565191515719424,1.2709315852490315,0.34588637158718977,FALSE,30,10
369,5,-2.89235517,6.67007837,402,69,955.755969307306,42.94127055435105,1.3565191515719424,1.2709315852490315,0.34588637158718977,FALSE,30,10
369,6,-2.6844098,6.80949561,402,69,955.755969307306,42.94127055435105,1.3565191515719424,1.2709315852490315,0.34588637158718977,FALSE,30,10
370,0,-2.6844098,9.31900613,1,0,1,0,0,0.9966988451501398,0,TRUE,30,10
370,1,-2.6844098,9.59784062,1,0,1,0,0,0.9966988451501398,0,TRUE,30,10
370,2,-2.89235517,9.73725787,1,0,1,0,0,0.9966988451501398,0,TRUE,30,10
370,3,-3.10030055,9.59784062,1,0,1,0,0,0.9966988451501398,0,TRUE,30,10
370,4,-3.10030055,9.31900613,1,0,1,0,0,0.9966988451501398,0,TRUE,30,10
370,5,-2.89235517,9.17958888,1,0,1,0,0,0.9966988451501398,0,TRUE,30,10
370,6,-2.6844098,9.31900613,1,0,1,0,0,0.9966988451501398,0,TRUE,30,10
371,0,-2.26851904,-3.22854646,0,1,0,0.6666666666666666,NA,1.0666666666666669,0,TRUE,30,10
371,1,-2.26851904,-2.94971196,0,1,0,0.6666666666666666,NA,1.0666666666666669,0,TRUE,30,10
371,2,-2.47646442,-2.81029472,0,1,0,0.6666666666666666,NA,1.0666666666666669,0,TRUE,30,10
371,3,-2.6844098,-2.94971196,0,1,0,0.6666666666666666,NA,1.0666666666666669,0,TRUE,30,10
371,4,-2.6844098,-3.22854646,0,1,0,0.6666666666666666,NA,1.0666666666666669,0,TRUE,30,10
371,5,-2.47646442,-3.3679637,0,1,0,0.6666666666666666,NA,1.0666666666666669,0,TRUE,30,10
371,6,-2.26851904,-3.22854646,0,1,0,0.6666666666666666,NA,1.0666666666666669,0,TRUE,30,10
372,0,-2.26851904,-2.39204295,71,8,194.19427777777776,6.083333333333333,0.945808567920921,0.9787880022485926,-0.03093167757564021,FALSE,30,10
372,1,-2.26851904,-2.11320846,71,8,194.19427777777776,6.083333333333333,0.945808567920921,0.9787880022485926,-0.03093167757564021,FALSE,30,10
372,2,-2.47646442,-1.97379121,71,8,194.19427777777776,6.083333333333333,0.945808567920921,0.9787880022485926,-0.03093167757564021,FALSE,30,10
372,3,-2.6844098,-2.11320846,71,8,194.19427777777776,6.083333333333333,0.945808567920921,0.9787880022485926,-0.03093167757564021,FALSE,30,10
372,4,-2.6844098,-2.39204295,71,8,194.19427777777776,6.083333333333333,0.945808567920921,0.9787880022485926,-0.03093167757564021,FALSE,30,10
372,5,-2.47646442,-2.5314602,71,8,194.19427777777776,6.083333333333333,0.945808567920921,0.9787880022485926,-0.03093167757564021,FALSE,30,10
372,6,-2.26851904,-2.39204295,71,8,194.19427777777776,6.083333333333333,0.945808567920921,0.9787880022485926,-0.03093167757564021,FALSE,30,10
373,0,-2.26851904,-1.55553944,107,4,451.4150666666667,3.5,0.23409387603902776,0.5410546927760826,-0.8861536579357938,FALSE,30,10
373,1,-2.26851904,-1.27670495,107,4,451.4150666666667,3.5,0.23409387603902776,0.5410546927760826,-0.8861536579357938,FALSE,30,10
373,2,-2.47646442,-1.13728771,107,4,451.4150666666667,3.5,0.23409387603902776,0.5410546927760826,-0.8861536579357938,FALSE,30,10
373,3,-2.6844098,-1.27670495,107,4,451.4150666666667,3.5,0.23409387603902776,0.5410546927760826,-0.8861536579357938,FALSE,30,10
373,4,-2.6844098,-1.55553944,107,4,451.4150666666667,3.5,0.23409387603902776,0.5410546927760826,-0.8861536579357938,FALSE,30,10
373,5,-2.47646442,-1.69495669,107,4,451.4150666666667,3.5,0.23409387603902776,0.5410546927760826,-0.8861536579357938,FALSE,30,10
373,6,-2.26851904,-1.55553944,107,4,451.4150666666667,3.5,0.23409387603902776,0.5410546927760826,-0.8861536579357938,FALSE,30,10
374,0,-2.26851904,-0.719035938,139,4,1401.0699396825396,2.033333333333333,0.04381742212447646,0.2133392816277304,-2,FALSE,30,10
374,1,-2.26851904,-0.440201446,139,4,1401.0699396825396,2.033333333333333,0.04381742212447646,0.2133392816277304,-2,FALSE,30,10
374,2,-2.47646442,-0.3007842,139,4,1401.0699396825396,2.033333333333333,0.04381742212447646,0.2133392816277304,-2,FALSE,30,10
374,3,-2.6844098,-0.440201446,139,4,1401.0699396825396,2.033333333333333,0.04381742212447646,0.2133392816277304,-2,FALSE,30,10
374,4,-2.6844098,-0.719035938,139,4,1401.0699396825396,2.033333333333333,0.04381742212447646,0.2133392816277304,-2,FALSE,30,10
374,5,-2.47646442,-0.858453184,139,4,1401.0699396825396,2.033333333333333,0.04381742212447646,0.2133392816277304,-2,FALSE,30,10
374,6,-2.26851904,-0.719035938,139,4,1401.0699396825396,2.033333333333333,0.04381742212447646,0.2133392816277304,-2,FALSE,30,10
375,0,-2.26851904,0.117467567,97,5,301.8059259259259,4.333333333333333,0.4335032853739952,0.7168071763773154,-0.4803430137528139,FALSE,30,10
375,1,-2.26851904,0.396302059,97,5,301.8059259259259,4.333333333333333,0.4335032853739952,0.7168071763773154,-0.4803430137528139,FALSE,30,10
375,2,-2.47646442,0.535719305,97,5,301.8059259259259,4.333333333333333,0.4335032853739952,0.7168071763773154,-0.4803430137528139,FALSE,30,10
375,3,-2.6844098,0.396302059,97,5,301.8059259259259,4.333333333333333,0.4335032853739952,0.7168071763773154,-0.4803430137528139,FALSE,30,10
375,4,-2.6844098,0.117467567,97,5,301.8059259259259,4.333333333333333,0.4335032853739952,0.7168071763773154,-0.4803430137528139,FALSE,30,10
375,5,-2.47646442,-0.0219496787,97,5,301.8059259259259,4.333333333333333,0.4335032853739952,0.7168071763773154,-0.4803430137528139,FALSE,30,10
375,6,-2.26851904,0.117467567,97,5,301.8059259259259,4.333333333333333,0.4335032853739952,0.7168071763773154,-0.4803430137528139,FALSE,30,10
376,0,-2.26851904,0.953971073,119,13,249.60008888888888,11.033333333333331,1.33462747723644,1.1514403546945935,0.2034396805923266,FALSE,30,10
376,1,-2.26851904,1.23280556,119,13,249.60008888888888,11.033333333333331,1.33462747723644,1.1514403546945935,0.2034396805923266,FALSE,30,10
376,2,-2.47646442,1.37222281,119,13,249.60008888888888,11.033333333333331,1.33462747723644,1.1514403546945935,0.2034396805923266,FALSE,30,10
376,3,-2.6844098,1.23280556,119,13,249.60008888888888,11.033333333333331,1.33462747723644,1.1514403546945935,0.2034396805923266,FALSE,30,10
376,4,-2.6844098,0.953971073,119,13,249.60008888888888,11.033333333333331,1.33462747723644,1.1514403546945935,0.2034396805923266,FALSE,30,10
376,5,-2.47646442,0.814553827,119,13,249.60008888888888,11.033333333333331,1.33462747723644,1.1514403546945935,0.2034396805923266,FALSE,30,10
376,6,-2.26851904,0.953971073,119,13,249.60008888888888,11.033333333333331,1.33462747723644,1.1514403546945935,0.2034396805923266,FALSE,30,10
377,0,-2.26851904,1.79047458,78,36,248.62547619047615,29.65,3.6006186629788797,2.174426163251142,1.1206347201977032,FALSE,30,10
377,1,-2.26851904,2.06930907,78,36,248.62547619047615,29.65,3.6006186629788797,2.174426163251142,1.1206347201977032,FALSE,30,10
377,2,-2.47646442,2.20872632,78,36,248.62547619047615,29.65,3.6006186629788797,2.174426163251142,1.1206347201977032,FALSE,30,10
377,3,-2.6844098,2.06930907,78,36,248.62547619047615,29.65,3.6006186629788797,2.174426163251142,1.1206347201977032,FALSE,30,10
377,4,-2.6844098,1.79047458,78,36,248.62547619047615,29.65,3.6006186629788797,2.174426163251142,1.1206347201977032,FALSE,30,10
377,5,-2.47646442,1.65105733,78,36,248.62547619047615,29.65,3.6006186629788797,2.174426163251142,1.1206347201977032,FALSE,30,10
377,6,-2.26851904,1.79047458,78,36,248.62547619047615,29.65,3.6006186629788797,2.174426163251142,1.1206347201977032,FALSE,30,10
378,0,-2.26851904,2.62697808,18,18,78.58555555555554,15.333333333333334,5.891039133109977,2.010131613322469,0,TRUE,30,10
378,1,-2.26851904,2.90581258,18,18,78.58555555555554,15.333333333333334,5.891039133109977,2.010131613322469,0,TRUE,30,10
378,2,-2.47646442,3.04522982,18,18,78.58555555555554,15.333333333333334,5.891039133109977,2.010131613322469,0,TRUE,30,10
378,3,-2.6844098,2.90581258,18,18,78.58555555555554,15.333333333333334,5.891039133109977,2.010131613322469,0,TRUE,30,10
378,4,-2.6844098,2.62697808,18,18,78.58555555555554,15.333333333333334,5.891039133109977,2.010131613322469,0,TRUE,30,10
378,5,-2.47646442,2.48756084,18,18,78.58555555555554,15.333333333333334,5.891039133109977,2.010131613322469,0,TRUE,30,10
378,6,-2.26851904,2.62697808,18,18,78.58555555555554,15.333333333333334,5.891039133109977,2.010131613322469,0,TRUE,30,10
379,0,-2.26851904,3.46348159,10,9,33.154133333333334,9,8.196017710575584,1.7120056430835826,0,TRUE,30,10
379,1,-2.26851904,3.74231608,10,9,33.154133333333334,9,8.196017710575584,1.7120056430835826,0,TRUE,30,10
379,2,-2.47646442,3.88173333,10,9,33.154133333333334,9,8.196017710575584,1.7120056430835826,0,TRUE,30,10
379,3,-2.6844098,3.74231608,10,9,33.154133333333334,9,8.196017710575584,1.7120056430835826,0,TRUE,30,10
379,4,-2.6844098,3.46348159,10,9,33.154133333333334,9,8.196017710575584,1.7120056430835826,0,TRUE,30,10
379,5,-2.47646442,3.32406434,10,9,33.154133333333334,9,8.196017710575584,1.7120056430835826,0,TRUE,30,10
379,6,-2.26851904,3.46348159,10,9,33.154133333333334,9,8.196017710575584,1.7120056430835826,0,TRUE,30,10
380,0,-2.26851904,4.2999851,145,125,287.99395191063667,101.4346837944664,10.63411054939316,5.703305233807604,2,FALSE,30,10
380,1,-2.26851904,4.57881959,145,125,287.99395191063667,101.4346837944664,10.63411054939316,5.703305233807604,2,FALSE,30,10
380,2,-2.47646442,4.71823683,145,125,287.99395191063667,101.4346837944664,10.63411054939316,5.703305233807604,2,FALSE,30,10
380,3,-2.6844098,4.57881959,145,125,287.99395191063667,101.4346837944664,10.63411054939316,5.703305233807604,2,FALSE,30,10
380,4,-2.6844098,4.2999851,145,125,287.99395191063667,101.4346837944664,10.63411054939316,5.703305233807604,2,FALSE,30,10
380,5,-2.47646442,4.16056785,145,125,287.99395191063667,101.4346837944664,10.63411054939316,5.703305233807604,2,FALSE,30,10
380,6,-2.26851904,4.2999851,145,125,287.99395191063667,101.4346837944664,10.63411054939316,5.703305233807604,2,FALSE,30,10
381,0,-2.26851904,5.1364886,268,23,412.6247143673675,15.804761904761904,1.1564604355656216,1.090349915599113,0.12479119966929232,FALSE,30,10
381,1,-2.26851904,5.41532309,268,23,412.6247143673675,15.804761904761904,1.1564604355656216,1.090349915599113,0.12479119966929232,FALSE,30,10
381,2,-2.47646442,5.55474034,268,23,412.6247143673675,15.804761904761904,1.1564604355656216,1.090349915599113,0.12479119966929232,FALSE,30,10
381,3,-2.6844098,5.41532309,268,23,412.6247143673675,15.804761904761904,1.1564604355656216,1.090349915599113,0.12479119966929232,FALSE,30,10
381,4,-2.6844098,5.1364886,268,23,412.6247143673675,15.804761904761904,1.1564604355656216,1.090349915599113,0.12479119966929232,FALSE,30,10
381,5,-2.47646442,4.99707136,268,23,412.6247143673675,15.804761904761904,1.1564604355656216,1.090349915599113,0.12479119966929232,FALSE,30,10
381,6,-2.26851904,5.1364886,268,23,412.6247143673675,15.804761904761904,1.1564604355656216,1.090349915599113,0.12479119966929232,FALSE,30,10
382,0,-2.26851904,5.97299211,319,53,407.0887389422965,29.577041605195628,2.1936316411120065,1.6853386008977709,0.7530384719773339,FALSE,30,10
382,1,-2.26851904,6.2518266,319,53,407.0887389422965,29.577041605195628,2.1936316411120065,1.6853386008977709,0.7530384719773339,FALSE,30,10
382,2,-2.47646442,6.39124385,319,53,407.0887389422965,29.577041605195628,2.1936316411120065,1.6853386008977709,0.7530384719773339,FALSE,30,10
382,3,-2.6844098,6.2518266,319,53,407.0887389422965,29.577041605195628,2.1936316411120065,1.6853386008977709,0.7530384719773339,FALSE,30,10
382,4,-2.6844098,5.97299211,319,53,407.0887389422965,29.577041605195628,2.1936316411120065,1.6853386008977709,0.7530384719773339,FALSE,30,10
382,5,-2.47646442,5.83357486,319,53,407.0887389422965,29.577041605195628,2.1936316411120065,1.6853386008977709,0.7530384719773339,FALSE,30,10
382,6,-2.26851904,5.97299211,319,53,407.0887389422965,29.577041605195628,2.1936316411120065,1.6853386008977709,0.7530384719773339,FALSE,30,10
383,0,-2.26851904,6.80949561,98,5,236.7061971722264,3.630434782608696,0.4630704515728308,0.7640412976921023,-0.3882774744727138,FALSE,30,10
383,1,-2.26851904,7.0883301,98,5,236.7061971722264,3.630434782608696,0.4630704515728308,0.7640412976921023,-0.3882774744727138,FALSE,30,10
383,2,-2.47646442,7.22774735,98,5,236.7061971722264,3.630434782608696,0.4630704515728308,0.7640412976921023,-0.3882774744727138,FALSE,30,10
383,3,-2.6844098,7.0883301,98,5,236.7061971722264,3.630434782608696,0.4630704515728308,0.7640412976921023,-0.3882774744727138,FALSE,30,10
383,4,-2.6844098,6.80949561,98,5,236.7061971722264,3.630434782608696,0.4630704515728308,0.7640412976921023,-0.3882774744727138,FALSE,30,10
383,5,-2.47646442,6.67007837,98,5,236.7061971722264,3.630434782608696,0.4630704515728308,0.7640412976921023,-0.3882774744727138,FALSE,30,10
383,6,-2.26851904,6.80949561,98,5,236.7061971722264,3.630434782608696,0.4630704515728308,0.7640412976921023,-0.3882774744727138,FALSE,30,10
384,0,-1.85262829,-6.57456048,5,0,19.671380952380954,0,0,0.9388319479187204,0,TRUE,30,10
384,1,-1.85262829,-6.29572599,5,0,19.671380952380954,0,0,0.9388319479187204,0,TRUE,30,10
384,2,-2.06057367,-6.15630874,5,0,19.671380952380954,0,0,0.9388319479187204,0,TRUE,30,10
384,3,-2.26851904,-6.29572599,5,0,19.671380952380954,0,0,0.9388319479187204,0,TRUE,30,10
384,4,-2.26851904,-6.57456048,5,0,19.671380952380954,0,0,0.9388319479187204,0,TRUE,30,10
384,5,-2.06057367,-6.71397772,5,0,19.671380952380954,0,0,0.9388319479187204,0,TRUE,30,10
384,6,-1.85262829,-6.57456048,5,0,19.671380952380954,0,0,0.9388319479187204,0,TRUE,30,10
386,0,-1.85262829,-4.06504996,1,0,2.1593333333333335,0,0,0.9928988832540208,0,TRUE,30,10
386,1,-1.85262829,-3.78621547,1,0,2.1593333333333335,0,0,0.9928988832540208,0,TRUE,30,10
386,2,-2.06057367,-3.64679822,1,0,2.1593333333333335,0,0,0.9928988832540208,0,TRUE,30,10
386,3,-2.26851904,-3.78621547,1,0,2.1593333333333335,0,0,0.9928988832540208,0,TRUE,30,10
386,4,-2.26851904,-4.06504996,1,0,2.1593333333333335,0,0,0.9928988832540208,0,TRUE,30,10
386,5,-2.06057367,-4.20446721,1,0,2.1593333333333335,0,0,0.9928988832540208,0,TRUE,30,10
386,6,-1.85262829,-4.06504996,1,0,2.1593333333333335,0,0,0.9928988832540208,0,TRUE,30,10
387,0,-1.85262829,-3.22854646,4,1,3.8528333333333338,0.3333333333333333,2.61214079084449,1.0203131929624087,0,TRUE,30,10
387,1,-1.85262829,-2.94971196,4,1,3.8528333333333338,0.3333333333333333,2.61214079084449,1.0203131929624087,0,TRUE,30,10
387,2,-2.06057367,-2.81029472,4,1,3.8528333333333338,0.3333333333333333,2.61214079084449,1.0203131929624087,0,TRUE,30,10
387,3,-2.26851904,-2.94971196,4,1,3.8528333333333338,0.3333333333333333,2.61214079084449,1.0203131929624087,0,TRUE,30,10
387,4,-2.26851904,-3.22854646,4,1,3.8528333333333338,0.3333333333333333,2.61214079084449,1.0203131929624087,0,TRUE,30,10
387,5,-2.06057367,-3.3679637,4,1,3.8528333333333338,0.3333333333333333,2.61214079084449,1.0203131929624087,0,TRUE,30,10
387,6,-1.85262829,-3.22854646,4,1,3.8528333333333338,0.3333333333333333,2.61214079084449,1.0203131929624087,0,TRUE,30,10
388,0,-1.85262829,-2.39204295,403,97,962.7707711843713,89.55952380952381,2.8085808942958574,2.37681317120268,1.249028505058827,FALSE,30,10
388,1,-1.85262829,-2.11320846,403,97,962.7707711843713,89.55952380952381,2.8085808942958574,2.37681317120268,1.249028505058827,FALSE,30,10
388,2,-2.06057367,-1.97379121,403,97,962.7707711843713,89.55952380952381,2.8085808942958574,2.37681317120268,1.249028505058827,FALSE,30,10
388,3,-2.26851904,-2.11320846,403,97,962.7707711843713,89.55952380952381,2.8085808942958574,2.37681317120268,1.249028505058827,FALSE,30,10
388,4,-2.26851904,-2.39204295,403,97,962.7707711843713,89.55952380952381,2.8085808942958574,2.37681317120268,1.249028505058827,FALSE,30,10
388,5,-2.06057367,-2.5314602,403,97,962.7707711843713,89.55952380952381,2.8085808942958574,2.37681317120268,1.249028505058827,FALSE,30,10
388,6,-1.85262829,-2.39204295,403,97,962.7707711843713,89.55952380952381,2.8085808942958574,2.37681317120268,1.249028505058827,FALSE,30,10
389,0,-1.85262829,-1.55553944,105,14,239.56063492063493,12,1.5123901808481324,1.2266887048033397,0.29476918460315815,FALSE,30,10
389,1,-1.85262829,-1.27670495,105,14,239.56063492063493,12,1.5123901808481324,1.2266887048033397,0.29476918460315815,FALSE,30,10
389,2,-2.06057367,-1.13728771,105,14,239.56063492063493,12,1.5123901808481324,1.2266887048033397,0.29476918460315815,FALSE,30,10
389,3,-2.26851904,-1.27670495,105,14,239.56063492063493,12,1.5123901808481324,1.2266887048033397,0.29476918460315815,FALSE,30,10
389,4,-2.26851904,-1.55553944,105,14,239.56063492063493,12,1.5123901808481324,1.2266887048033397,0.29476918460315815,FALSE,30,10
389,5,-2.06057367,-1.69495669,105,14,239.56063492063493,12,1.5123901808481324,1.2266887048033397,0.29476918460315815,FALSE,30,10
389,6,-1.85262829,-1.55553944,105,14,239.56063492063493,12,1.5123901808481324,1.2266887048033397,0.29476918460315815,FALSE,30,10
390,0,-1.85262829,-0.719035938,89,13,282.1767,11.583333333333334,1.2393970624924238,1.1156517004037716,0.1578866969437853,FALSE,30,10
390,1,-1.85262829,-0.440201446,89,13,282.1767,11.583333333333334,1.2393970624924238,1.1156517004037716,0.1578866969437853,FALSE,30,10
390,2,-2.06057367,-0.3007842,89,13,282.1767,11.583333333333334,1.2393970624924238,1.1156517004037716,0.1578866969437853,FALSE,30,10
390,3,-2.26851904,-0.440201446,89,13,282.1767,11.583333333333334,1.2393970624924238,1.1156517004037716,0.1578866969437853,FALSE,30,10
390,4,-2.26851904,-0.719035938,89,13,282.1767,11.583333333333334,1.2393970624924238,1.1156517004037716,0.1578866969437853,FALSE,30,10
390,5,-2.06057367,-0.858453184,89,13,282.1767,11.583333333333334,1.2393970624924238,1.1156517004037716,0.1578866969437853,FALSE,30,10
390,6,-1.85262829,-0.719035938,89,13,282.1767,11.583333333333334,1.2393970624924238,1.1156517004037716,0.1578866969437853,FALSE,30,10
391,0,-1.85262829,0.117467567,400,41,650.238158237548,34.8,1.6158641682392945,1.4205777930327483,0.5064778378981104,FALSE,30,10
391,1,-1.85262829,0.396302059,400,41,650.238158237548,34.8,1.6158641682392945,1.4205777930327483,0.5064778378981104,FALSE,30,10
391,2,-2.06057367,0.535719305,400,41,650.238158237548,34.8,1.6158641682392945,1.4205777930327483,0.5064778378981104,FALSE,30,10
391,3,-2.26851904,0.396302059,400,41,650.238158237548,34.8,1.6158641682392945,1.4205777930327483,0.5064778378981104,FALSE,30,10
391,4,-2.26851904,0.117467567,400,41,650.238158237548,34.8,1.6158641682392945,1.4205777930327483,0.5064778378981104,FALSE,30,10
391,5,-2.06057367,-0.0219496787,400,41,650.238158237548,34.8,1.6158641682392945,1.4205777930327483,0.5064778378981104,FALSE,30,10
391,6,-1.85262829,0.117467567,400,41,650.238158237548,34.8,1.6158641682392945,1.4205777930327483,0.5064778378981104,FALSE,30,10
392,0,-1.85262829,0.953971073,174,19,692.6291063492064,16,0.697456784399211,0.7893021761069393,-0.3413503681451583,FALSE,30,10
392,1,-1.85262829,1.23280556,174,19,692.6291063492064,16,0.697456784399211,0.7893021761069393,-0.3413503681451583,FALSE,30,10
392,2,-2.06057367,1.37222281,174,19,692.6291063492064,16,0.697456784399211,0.7893021761069393,-0.3413503681451583,FALSE,30,10
392,3,-2.26851904,1.23280556,174,19,692.6291063492064,16,0.697456784399211,0.7893021761069393,-0.3413503681451583,FALSE,30,10
392,4,-2.26851904,0.953971073,174,19,692.6291063492064,16,0.697456784399211,0.7893021761069393,-0.3413503681451583,FALSE,30,10
392,5,-2.06057367,0.814553827,174,19,692.6291063492064,16,0.697456784399211,0.7893021761069393,-0.3413503681451583,FALSE,30,10
392,6,-1.85262829,0.953971073,174,19,692.6291063492064,16,0.697456784399211,0.7893021761069393,-0.3413503681451583,FALSE,30,10
393,0,-1.85262829,1.79047458,182,79,525.5067111111111,71.58730158730158,4.112972296014836,2.977068570452877,1.5738924513754218,FALSE,30,10
393,1,-1.85262829,2.06930907,182,79,525.5067111111111,71.58730158730158,4.112972296014836,2.977068570452877,1.5738924513754218,FALSE,30,10
393,2,-2.06057367,2.20872632,182,79,525.5067111111111,71.58730158730158,4.112972296014836,2.977068570452877,1.5738924513754218,FALSE,30,10
393,3,-2.26851904,2.06930907,182,79,525.5067111111111,71.58730158730158,4.112972296014836,2.977068570452877,1.5738924513754218,FALSE,30,10
393,4,-2.26851904,1.79047458,182,79,525.5067111111111,71.58730158730158,4.112972296014836,2.977068570452877,1.5738924513754218,FALSE,30,10
393,5,-2.06057367,1.65105733,182,79,525.5067111111111,71.58730158730158,4.112972296014836,2.977068570452877,1.5738924513754218,FALSE,30,10
393,6,-1.85262829,1.79047458,182,79,525.5067111111111,71.58730158730158,4.112972296014836,2.977068570452877,1.5738924513754218,FALSE,30,10
394,0,-1.85262829,2.62697808,65,35,178.54067777777777,30.033333333333335,5.0788386463332715,2.515695545534067,1.3309573349653545,FALSE,30,10
394,1,-1.85262829,2.90581258,65,35,178.54067777777777,30.033333333333335,5.0788386463332715,2.515695545534067,1.3309573349653545,FALSE,30,10
394,2,-2.06057367,3.04522982,65,35,178.54067777777777,30.033333333333335,5.0788386463332715,2.515695545534067,1.3309573349653545,FALSE,30,10
394,3,-2.26851904,2.90581258,65,35,178.54067777777777,30.033333333333335,5.0788386463332715,2.515695545534067,1.3309573349653545,FALSE,30,10
394,4,-2.26851904,2.62697808,65,35,178.54067777777777,30.033333333333335,5.0788386463332715,2.515695545534067,1.3309573349653545,FALSE,30,10
394,5,-2.06057367,2.48756084,65,35,178.54067777777777,30.033333333333335,5.0788386463332715,2.515695545534067,1.3309573349653545,FALSE,30,10
394,6,-1.85262829,2.62697808,65,35,178.54067777777777,30.033333333333335,5.0788386463332715,2.515695545534067,1.3309573349653545,FALSE,30,10
395,0,-1.85262829,3.46348159,306,95,1132.6906048141873,76.91183574879227,2.0501230924767726,1.829117669349683,0.8711478883871597,FALSE,30,10
395,1,-1.85262829,3.74231608,306,95,1132.6906048141873,76.91183574879227,2.0501230924767726,1.829117669349683,0.8711478883871597,FALSE,30,10
395,2,-2.06057367,3.88173333,306,95,1132.6906048141873,76.91183574879227,2.0501230924767726,1.829117669349683,0.8711478883871597,FALSE,30,10
395,3,-2.26851904,3.74231608,306,95,1132.6906048141873,76.91183574879227,2.0501230924767726,1.829117669349683,0.8711478883871597,FALSE,30,10
395,4,-2.26851904,3.46348159,306,95,1132.6906048141873,76.91183574879227,2.0501230924767726,1.829117669349683,0.8711478883871597,FALSE,30,10
395,5,-2.06057367,3.32406434,306,95,1132.6906048141873,76.91183574879227,2.0501230924767726,1.829117669349683,0.8711478883871597,FALSE,30,10
395,6,-1.85262829,3.46348159,306,95,1132.6906048141873,76.91183574879227,2.0501230924767726,1.829117669349683,0.8711478883871597,FALSE,30,10
396,0,-1.85262829,4.2999851,214,459,451.13992181103583,389.7478291363602,26.08377848908211,16.02699721892195,2,FALSE,30,10
396,1,-1.85262829,4.57881959,214,459,451.13992181103583,389.7478291363602,26.08377848908211,16.02699721892195,2,FALSE,30,10
396,2,-2.06057367,4.71823683,214,459,451.13992181103583,389.7478291363602,26.08377848908211,16.02699721892195,2,FALSE,30,10
396,3,-2.26851904,4.57881959,214,459,451.13992181103583,389.7478291363602,26.08377848908211,16.02699721892195,2,FALSE,30,10
396,4,-2.26851904,4.2999851,214,459,451.13992181103583,389.7478291363602,26.08377848908211,16.02699721892195,2,FALSE,30,10
396,5,-2.06057367,4.16056785,214,459,451.13992181103583,389.7478291363602,26.08377848908211,16.02699721892195,2,FALSE,30,10
396,6,-1.85262829,4.2999851,214,459,451.13992181103583,389.7478291363602,26.08377848908211,16.02699721892195,2,FALSE,30,10
397,0,-1.85262829,5.1364886,146,1,284.8321707833269,1,0.1060007696740954,0.5660214125703216,-0.8210714636947096,FALSE,30,10
397,1,-1.85262829,5.41532309,146,1,284.8321707833269,1,0.1060007696740954,0.5660214125703216,-0.8210714636947096,FALSE,30,10
397,2,-2.06057367,5.55474034,146,1,284.8321707833269,1,0.1060007696740954,0.5660214125703216,-0.8210714636947096,FALSE,30,10
397,3,-2.26851904,5.41532309,146,1,284.8321707833269,1,0.1060007696740954,0.5660214125703216,-0.8210714636947096,FALSE,30,10
397,4,-2.26851904,5.1364886,146,1,284.8321707833269,1,0.1060007696740954,0.5660214125703216,-0.8210714636947096,FALSE,30,10
397,5,-2.06057367,4.99707136,146,1,284.8321707833269,1,0.1060007696740954,0.5660214125703216,-0.8210714636947096,FALSE,30,10
397,6,-1.85262829,5.1364886,146,1,284.8321707833269,1,0.1060007696740954,0.5660214125703216,-0.8210714636947096,FALSE,30,10
398,0,-1.85262829,5.97299211,108,12,153.1161955666401,9.142857142857142,1.802846963035872,1.270149306726141,0.3449980965348008,FALSE,30,10
398,1,-1.85262829,6.2518266,108,12,153.1161955666401,9.142857142857142,1.802846963035872,1.270149306726141,0.3449980965348008,FALSE,30,10
398,2,-2.06057367,6.39124385,108,12,153.1161955666401,9.142857142857142,1.802846963035872,1.270149306726141,0.3449980965348008,FALSE,30,10
398,3,-2.26851904,6.2518266,108,12,153.1161955666401,9.142857142857142,1.802846963035872,1.270149306726141,0.3449980965348008,FALSE,30,10
398,4,-2.26851904,5.97299211,108,12,153.1161955666401,9.142857142857142,1.802846963035872,1.270149306726141,0.3449980965348008,FALSE,30,10
398,5,-2.06057367,5.83357486,108,12,153.1161955666401,9.142857142857142,1.802846963035872,1.270149306726141,0.3449980965348008,FALSE,30,10
398,6,-1.85262829,5.97299211,108,12,153.1161955666401,9.142857142857142,1.802846963035872,1.270149306726141,0.3449980965348008,FALSE,30,10
399,0,-1.85262829,6.80949561,24,1,43.754603174603176,0.4,0.27601602702685113,0.9083611068989697,0,TRUE,30,10
399,1,-1.85262829,7.0883301,24,1,43.754603174603176,0.4,0.27601602702685113,0.9083611068989697,0,TRUE,30,10
399,2,-2.06057367,7.22774735,24,1,43.754603174603176,0.4,0.27601602702685113,0.9083611068989697,0,TRUE,30,10
399,3,-2.26851904,7.0883301,24,1,43.754603174603176,0.4,0.27601602702685113,0.9083611068989697,0,TRUE,30,10
399,4,-2.26851904,6.80949561,24,1,43.754603174603176,0.4,0.27601602702685113,0.9083611068989697,0,TRUE,30,10
399,5,-2.06057367,6.67007837,24,1,43.754603174603176,0.4,0.27601602702685113,0.9083611068989697,0,TRUE,30,10
399,6,-1.85262829,6.80949561,24,1,43.754603174603176,0.4,0.27601602702685113,0.9083611068989697,0,TRUE,30,10
400,0,-1.43673754,-6.57456048,463,2,730.8372854497354,1.2,0.04957453036194756,0.3274281455291042,-1.6107497545352742,FALSE,30,10
400,1,-1.43673754,-6.29572599,463,2,730.8372854497354,1.2,0.04957453036194756,0.3274281455291042,-1.6107497545352742,FALSE,30,10
400,2,-1.64468291,-6.15630874,463,2,730.8372854497354,1.2,0.04957453036194756,0.3274281455291042,-1.6107497545352742,FALSE,30,10
400,3,-1.85262829,-6.29572599,463,2,730.8372854497354,1.2,0.04957453036194756,0.3274281455291042,-1.6107497545352742,FALSE,30,10
400,4,-1.85262829,-6.57456048,463,2,730.8372854497354,1.2,0.04957453036194756,0.3274281455291042,-1.6107497545352742,FALSE,30,10
400,5,-1.64468291,-6.71397772,463,2,730.8372854497354,1.2,0.04957453036194756,0.3274281455291042,-1.6107497545352742,FALSE,30,10
400,6,-1.43673754,-6.57456048,463,2,730.8372854497354,1.2,0.04957453036194756,0.3274281455291042,-1.6107497545352742,FALSE,30,10
401,0,-1.43673754,-4.90155347,2,0,5.164444444444444,0,0,0.9831825664392222,0,TRUE,30,10
401,1,-1.43673754,-4.62271897,2,0,5.164444444444444,0,0,0.9831825664392222,0,TRUE,30,10
401,2,-1.64468291,-4.48330173,2,0,5.164444444444444,0,0,0.9831825664392222,0,TRUE,30,10
401,3,-1.85262829,-4.62271897,2,0,5.164444444444444,0,0,0.9831825664392222,0,TRUE,30,10
401,4,-1.85262829,-4.90155347,2,0,5.164444444444444,0,0,0.9831825664392222,0,TRUE,30,10
401,5,-1.64468291,-5.04097071,2,0,5.164444444444444,0,0,0.9831825664392222,0,TRUE,30,10
401,6,-1.43673754,-4.90155347,2,0,5.164444444444444,0,0,0.9831825664392222,0,TRUE,30,10
402,0,-1.43673754,-4.06504996,74,21,113.30061111111112,16.988095238095237,4.526999986267338,1.962397124012399,0.9726170246705608,FALSE,30,10
402,1,-1.43673754,-3.78621547,74,21,113.30061111111112,16.988095238095237,4.526999986267338,1.962397124012399,0.9726170246705608,FALSE,30,10
402,2,-1.64468291,-3.64679822,74,21,113.30061111111112,16.988095238095237,4.526999986267338,1.962397124012399,0.9726170246705608,FALSE,30,10
402,3,-1.85262829,-3.78621547,74,21,113.30061111111112,16.988095238095237,4.526999986267338,1.962397124012399,0.9726170246705608,FALSE,30,10
402,4,-1.85262829,-4.06504996,74,21,113.30061111111112,16.988095238095237,4.526999986267338,1.962397124012399,0.9726170246705608,FALSE,30,10
402,5,-1.64468291,-4.20446721,74,21,113.30061111111112,16.988095238095237,4.526999986267338,1.962397124012399,0.9726170246705608,FALSE,30,10
402,6,-1.43673754,-4.06504996,74,21,113.30061111111112,16.988095238095237,4.526999986267338,1.962397124012399,0.9726170246705608,FALSE,30,10
403,0,-1.43673754,-3.22854646,209,30,359.6416111111111,26.666666666666668,2.2387049327762094,1.6733869365666514,0.7427710777259706,FALSE,30,10
403,1,-1.43673754,-2.94971196,209,30,359.6416111111111,26.666666666666668,2.2387049327762094,1.6733869365666514,0.7427710777259706,FALSE,30,10
403,2,-1.64468291,-2.81029472,209,30,359.6416111111111,26.666666666666668,2.2387049327762094,1.6733869365666514,0.7427710777259706,FALSE,30,10
403,3,-1.85262829,-2.94971196,209,30,359.6416111111111,26.666666666666668,2.2387049327762094,1.6733869365666514,0.7427710777259706,FALSE,30,10
403,4,-1.85262829,-3.22854646,209,30,359.6416111111111,26.666666666666668,2.2387049327762094,1.6733869365666514,0.7427710777259706,FALSE,30,10
403,5,-1.64468291,-3.3679637,209,30,359.6416111111111,26.666666666666668,2.2387049327762094,1.6733869365666514,0.7427710777259706,FALSE,30,10
403,6,-1.43673754,-3.22854646,209,30,359.6416111111111,26.666666666666668,2.2387049327762094,1.6733869365666514,0.7427710777259706,FALSE,30,10
404,0,-1.43673754,-2.39204295,199,56,377.0947888888889,49.86666666666667,3.992618974504832,2.661957741690735,1.412487668794086,FALSE,30,10
404,1,-1.43673754,-2.11320846,199,56,377.0947888888889,49.86666666666667,3.992618974504832,2.661957741690735,1.412487668794086,FALSE,30,10
404,2,-1.64468291,-1.97379121,199,56,377.0947888888889,49.86666666666667,3.992618974504832,2.661957741690735,1.412487668794086,FALSE,30,10
404,3,-1.85262829,-2.11320846,199,56,377.0947888888889,49.86666666666667,3.992618974504832,2.661957741690735,1.412487668794086,FALSE,30,10
404,4,-1.85262829,-2.39204295,199,56,377.0947888888889,49.86666666666667,3.992618974504832,2.661957741690735,1.412487668794086,FALSE,30,10
404,5,-1.64468291,-2.5314602,199,56,377.0947888888889,49.86666666666667,3.992618974504832,2.661957741690735,1.412487668794086,FALSE,30,10
404,6,-1.43673754,-2.39204295,199,56,377.0947888888889,49.86666666666667,3.992618974504832,2.661957741690735,1.412487668794086,FALSE,30,10
405,0,-1.43673754,-1.55553944,121,25,269.84386666666666,21.333333333333332,2.3869549714704976,1.6545682648883169,0.7264548162102201,FALSE,30,10
405,1,-1.43673754,-1.27670495,121,25,269.84386666666666,21.333333333333332,2.3869549714704976,1.6545682648883169,0.7264548162102201,FALSE,30,10
405,2,-1.64468291,-1.13728771,121,25,269.84386666666666,21.333333333333332,2.3869549714704976,1.6545682648883169,0.7264548162102201,FALSE,30,10
405,3,-1.85262829,-1.27670495,121,25,269.84386666666666,21.333333333333332,2.3869549714704976,1.6545682648883169,0.7264548162102201,FALSE,30,10
405,4,-1.85262829,-1.55553944,121,25,269.84386666666666,21.333333333333332,2.3869549714704976,1.6545682648883169,0.7264548162102201,FALSE,30,10
405,5,-1.64468291,-1.69495669,121,25,269.84386666666666,21.333333333333332,2.3869549714704976,1.6545682648883169,0.7264548162102201,FALSE,30,10
405,6,-1.43673754,-1.55553944,121,25,269.84386666666666,21.333333333333332,2.3869549714704976,1.6545682648883169,0.7264548162102201,FALSE,30,10
406,0,-1.43673754,-0.719035938,307,31,562.2546560846561,24.666666666666668,1.324571672469961,1.211173778541242,0.27640587696698726,FALSE,30,10
406,1,-1.43673754,-0.440201446,307,31,562.2546560846561,24.666666666666668,1.324571672469961,1.211173778541242,0.27640587696698726,FALSE,30,10
406,2,-1.64468291,-0.3007842,307,31,562.2546560846561,24.666666666666668,1.324571672469961,1.211173778541242,0.27640587696698726,FALSE,30,10
406,3,-1.85262829,-0.440201446,307,31,562.2546560846561,24.666666666666668,1.324571672469961,1.211173778541242,0.27640587696698726,FALSE,30,10
406,4,-1.85262829,-0.719035938,307,31,562.2546560846561,24.666666666666668,1.324571672469961,1.211173778541242,0.27640587696698726,FALSE,30,10
406,5,-1.64468291,-0.858453184,307,31,562.2546560846561,24.666666666666668,1.324571672469961,1.211173778541242,0.27640587696698726,FALSE,30,10
406,6,-1.43673754,-0.719035938,307,31,562.2546560846561,24.666666666666668,1.324571672469961,1.211173778541242,0.27640587696698726,FALSE,30,10
407,0,-1.43673754,0.117467567,330,12,609.596142080142,10.233333333333333,0.5068424357685136,0.6701917621138567,-0.5773541416044962,FALSE,30,10
407,1,-1.43673754,0.396302059,330,12,609.596142080142,10.233333333333333,0.5068424357685136,0.6701917621138567,-0.5773541416044962,FALSE,30,10
407,2,-1.64468291,0.535719305,330,12,609.596142080142,10.233333333333333,0.5068424357685136,0.6701917621138567,-0.5773541416044962,FALSE,30,10
407,3,-1.85262829,0.396302059,330,12,609.596142080142,10.233333333333333,0.5068424357685136,0.6701917621138567,-0.5773541416044962,FALSE,30,10
407,4,-1.85262829,0.117467567,330,12,609.596142080142,10.233333333333333,0.5068424357685136,0.6701917621138567,-0.5773541416044962,FALSE,30,10
407,5,-1.64468291,-0.0219496787,330,12,609.596142080142,10.233333333333333,0.5068424357685136,0.6701917621138567,-0.5773541416044962,FALSE,30,10
407,6,-1.43673754,0.117467567,330,12,609.596142080142,10.233333333333333,0.5068424357685136,0.6701917621138567,-0.5773541416044962,FALSE,30,10
408,0,-1.43673754,0.953971073,247,12,991.3680904761904,9.866666666666667,0.3004924597911343,0.4637953001930503,-1.108439894184458,FALSE,30,10
408,1,-1.43673754,1.23280556,247,12,991.3680904761904,9.866666666666667,0.3004924597911343,0.4637953001930503,-1.108439894184458,FALSE,30,10
408,2,-1.64468291,1.37222281,247,12,991.3680904761904,9.866666666666667,0.3004924597911343,0.4637953001930503,-1.108439894184458,FALSE,30,10
408,3,-1.85262829,1.23280556,247,12,991.3680904761904,9.866666666666667,0.3004924597911343,0.4637953001930503,-1.108439894184458,FALSE,30,10
408,4,-1.85262829,0.953971073,247,12,991.3680904761904,9.866666666666667,0.3004924597911343,0.4637953001930503,-1.108439894184458,FALSE,30,10
408,5,-1.64468291,0.814553827,247,12,991.3680904761904,9.866666666666667,0.3004924597911343,0.4637953001930503,-1.108439894184458,FALSE,30,10
408,6,-1.43673754,0.953971073,247,12,991.3680904761904,9.866666666666667,0.3004924597911343,0.4637953001930503,-1.108439894184458,FALSE,30,10
409,0,-1.43673754,1.79047458,190,36,637.3063746031746,31.904761904761905,1.5114900894109806,1.3470669194100282,0.4298215225915225,FALSE,30,10
409,1,-1.43673754,2.06930907,190,36,637.3063746031746,31.904761904761905,1.5114900894109806,1.3470669194100282,0.4298215225915225,FALSE,30,10
409,2,-1.64468291,2.20872632,190,36,637.3063746031746,31.904761904761905,1.5114900894109806,1.3470669194100282,0.4298215225915225,FALSE,30,10
409,3,-1.85262829,2.06930907,190,36,637.3063746031746,31.904761904761905,1.5114900894109806,1.3470669194100282,0.4298215225915225,FALSE,30,10
409,4,-1.85262829,1.79047458,190,36,637.3063746031746,31.904761904761905,1.5114900894109806,1.3470669194100282,0.4298215225915225,FALSE,30,10
409,5,-1.64468291,1.65105733,190,36,637.3063746031746,31.904761904761905,1.5114900894109806,1.3470669194100282,0.4298215225915225,FALSE,30,10
409,6,-1.43673754,1.79047458,190,36,637.3063746031746,31.904761904761905,1.5114900894109806,1.3470669194100282,0.4298215225915225,FALSE,30,10
410,0,-1.43673754,2.62697808,153,44,555.3423241758242,38.583333333333336,2.0976693371048336,1.7110766107191675,0.7749043556369551,FALSE,30,10
410,1,-1.43673754,2.90581258,153,44,555.3423241758242,38.583333333333336,2.0976693371048336,1.7110766107191675,0.7749043556369551,FALSE,30,10
410,2,-1.64468291,3.04522982,153,44,555.3423241758242,38.583333333333336,2.0976693371048336,1.7110766107191675,0.7749043556369551,FALSE,30,10
410,3,-1.85262829,2.90581258,153,44,555.3423241758242,38.583333333333336,2.0976693371048336,1.7110766107191675,0.7749043556369551,FALSE,30,10
410,4,-1.85262829,2.62697808,153,44,555.3423241758242,38.583333333333336,2.0976693371048336,1.7110766107191675,0.7749043556369551,FALSE,30,10
410,5,-1.64468291,2.48756084,153,44,555.3423241758242,38.583333333333336,2.0976693371048336,1.7110766107191675,0.7749043556369551,FALSE,30,10
410,6,-1.43673754,2.62697808,153,44,555.3423241758242,38.583333333333336,2.0976693371048336,1.7110766107191675,0.7749043556369551,FALSE,30,10
411,0,-1.43673754,3.46348159,197,35,717.4890933166249,27.921014492753624,1.1749352913851303,1.1231239115079403,0.16751710552677418,FALSE,30,10
411,1,-1.43673754,3.74231608,197,35,717.4890933166249,27.921014492753624,1.1749352913851303,1.1231239115079403,0.16751710552677418,FALSE,30,10
411,2,-1.64468291,3.88173333,197,35,717.4890933166249,27.921014492753624,1.1749352913851303,1.1231239115079403,0.16751710552677418,FALSE,30,10
411,3,-1.85262829,3.74231608,197,35,717.4890933166249,27.921014492753624,1.1749352913851303,1.1231239115079403,0.16751710552677418,FALSE,30,10
411,4,-1.85262829,3.46348159,197,35,717.4890933166249,27.921014492753624,1.1749352913851303,1.1231239115079403,0.16751710552677418,FALSE,30,10
411,5,-1.64468291,3.32406434,197,35,717.4890933166249,27.921014492753624,1.1749352913851303,1.1231239115079403,0.16751710552677418,FALSE,30,10
411,6,-1.43673754,3.46348159,197,35,717.4890933166249,27.921014492753624,1.1749352913851303,1.1231239115079403,0.16751710552677418,FALSE,30,10
412,0,-1.43673754,4.2999851,15,2,46.99101851851852,1.5,0.9637723425512988,0.995120952092546,0,TRUE,30,10
412,1,-1.43673754,4.57881959,15,2,46.99101851851852,1.5,0.9637723425512988,0.995120952092546,0,TRUE,30,10
412,2,-1.64468291,4.71823683,15,2,46.99101851851852,1.5,0.9637723425512988,0.995120952092546,0,TRUE,30,10
412,3,-1.85262829,4.57881959,15,2,46.99101851851852,1.5,0.9637723425512988,0.995120952092546,0,TRUE,30,10
412,4,-1.85262829,4.2999851,15,2,46.99101851851852,1.5,0.9637723425512988,0.995120952092546,0,TRUE,30,10
412,5,-1.64468291,4.16056785,15,2,46.99101851851852,1.5,0.9637723425512988,0.995120952092546,0,TRUE,30,10
412,6,-1.43673754,4.2999851,15,2,46.99101851851852,1.5,0.9637723425512988,0.995120952092546,0,TRUE,30,10
413,0,-1.43673754,5.1364886,10,2,64.43979999999999,2,0.9370739614640656,0.988931935710688,0,TRUE,30,10
413,1,-1.43673754,5.41532309,10,2,64.43979999999999,2,0.9370739614640656,0.988931935710688,0,TRUE,30,10
413,2,-1.64468291,5.55474034,10,2,64.43979999999999,2,0.9370739614640656,0.988931935710688,0,TRUE,30,10
413,3,-1.85262829,5.41532309,10,2,64.43979999999999,2,0.9370739614640656,0.988931935710688,0,TRUE,30,10
413,4,-1.85262829,5.1364886,10,2,64.43979999999999,2,0.9370739614640656,0.988931935710688,0,TRUE,30,10
413,5,-1.64468291,4.99707136,10,2,64.43979999999999,2,0.9370739614640656,0.988931935710688,0,TRUE,30,10
413,6,-1.43673754,5.1364886,10,2,64.43979999999999,2,0.9370739614640656,0.988931935710688,0,TRUE,30,10
414,0,-1.43673754,5.97299211,42,0,61.5989797979798,0,0,0.8305501068160683,-0.26786088675458003,FALSE,30,10
414,1,-1.43673754,6.2518266,42,0,61.5989797979798,0,0,0.8305501068160683,-0.26786088675458003,FALSE,30,10
414,2,-1.64468291,6.39124385,42,0,61.5989797979798,0,0,0.8305501068160683,-0.26786088675458003,FALSE,30,10
414,3,-1.85262829,6.2518266,42,0,61.5989797979798,0,0,0.8305501068160683,-0.26786088675458003,FALSE,30,10
414,4,-1.85262829,5.97299211,42,0,61.5989797979798,0,0,0.8305501068160683,-0.26786088675458003,FALSE,30,10
414,5,-1.64468291,5.83357486,42,0,61.5989797979798,0,0,0.8305501068160683,-0.26786088675458003,FALSE,30,10
414,6,-1.43673754,5.97299211,42,0,61.5989797979798,0,0,0.8305501068160683,-0.26786088675458003,FALSE,30,10
415,0,-1.43673754,6.80949561,168,25,345.04392947604646,24.125,2.111013396803908,1.5925305364814903,0.6713210361600924,FALSE,30,10
415,1,-1.43673754,7.0883301,168,25,345.04392947604646,24.125,2.111013396803908,1.5925305364814903,0.6713210361600924,FALSE,30,10
415,2,-1.64468291,7.22774735,168,25,345.04392947604646,24.125,2.111013396803908,1.5925305364814903,0.6713210361600924,FALSE,30,10
415,3,-1.85262829,7.0883301,168,25,345.04392947604646,24.125,2.111013396803908,1.5925305364814903,0.6713210361600924,FALSE,30,10
415,4,-1.85262829,6.80949561,168,25,345.04392947604646,24.125,2.111013396803908,1.5925305364814903,0.6713210361600924,FALSE,30,10
415,5,-1.64468291,6.67007837,168,25,345.04392947604646,24.125,2.111013396803908,1.5925305364814903,0.6713210361600924,FALSE,30,10
415,6,-1.43673754,6.80949561,168,25,345.04392947604646,24.125,2.111013396803908,1.5925305364814903,0.6713210361600924,FALSE,30,10
416,0,-1.43673754,10.1555096,60,0,86.333,0,0,0.7776397211652079,-0.3628261824451084,FALSE,30,10
416,1,-1.43673754,10.4343441,60,0,86.333,0,0,0.7776397211652079,-0.3628261824451084,FALSE,30,10
416,2,-1.64468291,10.5737614,60,0,86.333,0,0,0.7776397211652079,-0.3628261824451084,FALSE,30,10
416,3,-1.85262829,10.4343441,60,0,86.333,0,0,0.7776397211652079,-0.3628261824451084,FALSE,30,10
416,4,-1.85262829,10.1555096,60,0,86.333,0,0,0.7776397211652079,-0.3628261824451084,FALSE,30,10
416,5,-1.64468291,10.0160924,60,0,86.333,0,0,0.7776397211652079,-0.3628261824451084,FALSE,30,10
416,6,-1.43673754,10.1555096,60,0,86.333,0,0,0.7776397211652079,-0.3628261824451084,FALSE,30,10
417,0,-1.02084678,-7.41106398,27,1,37.68322222222222,1,0.8012167630710525,0.9779427941118672,0,TRUE,30,10
417,1,-1.02084678,-7.13222949,27,1,37.68322222222222,1,0.8012167630710525,0.9779427941118672,0,TRUE,30,10
417,2,-1.22879216,-6.99281225,27,1,37.68322222222222,1,0.8012167630710525,0.9779427941118672,0,TRUE,30,10
417,3,-1.43673754,-7.13222949,27,1,37.68322222222222,1,0.8012167630710525,0.9779427941118672,0,TRUE,30,10
417,4,-1.43673754,-7.41106398,27,1,37.68322222222222,1,0.8012167630710525,0.9779427941118672,0,TRUE,30,10
417,5,-1.22879216,-7.55048123,27,1,37.68322222222222,1,0.8012167630710525,0.9779427941118672,0,TRUE,30,10
417,6,-1.02084678,-7.41106398,27,1,37.68322222222222,1,0.8012167630710525,0.9779427941118672,0,TRUE,30,10
418,0,-1.02084678,-6.57456048,96,2,129.07144603174604,1.6666666666666663,0.3898671402445587,0.8172818817178146,-0.29109434305506215,FALSE,30,10
418,1,-1.02084678,-6.29572599,96,2,129.07144603174604,1.6666666666666663,0.3898671402445587,0.8172818817178146,-0.29109434305506215,FALSE,30,10
418,2,-1.22879216,-6.15630874,96,2,129.07144603174604,1.6666666666666663,0.3898671402445587,0.8172818817178146,-0.29109434305506215,FALSE,30,10
418,3,-1.43673754,-6.29572599,96,2,129.07144603174604,1.6666666666666663,0.3898671402445587,0.8172818817178146,-0.29109434305506215,FALSE,30,10
418,4,-1.43673754,-6.57456048,96,2,129.07144603174604,1.6666666666666663,0.3898671402445587,0.8172818817178146,-0.29109434305506215,FALSE,30,10
418,5,-1.22879216,-6.71397772,96,2,129.07144603174604,1.6666666666666663,0.3898671402445587,0.8172818817178146,-0.29109434305506215,FALSE,30,10
418,6,-1.02084678,-6.57456048,96,2,129.07144603174604,1.6666666666666663,0.3898671402445587,0.8172818817178146,-0.29109434305506215,FALSE,30,10
419,0,-1.02084678,-5.73805697,44,0,48.401944444444446,0,0,0.8618375125005506,-0.21451220005858448,FALSE,30,10
419,1,-1.02084678,-5.45922248,44,0,48.401944444444446,0,0,0.8618375125005506,-0.21451220005858448,FALSE,30,10
419,2,-1.22879216,-5.31980523,44,0,48.401944444444446,0,0,0.8618375125005506,-0.21451220005858448,FALSE,30,10
419,3,-1.43673754,-5.45922248,44,0,48.401944444444446,0,0,0.8618375125005506,-0.21451220005858448,FALSE,30,10
419,4,-1.43673754,-5.73805697,44,0,48.401944444444446,0,0,0.8618375125005506,-0.21451220005858448,FALSE,30,10
419,5,-1.22879216,-5.87747422,44,0,48.401944444444446,0,0,0.8618375125005506,-0.21451220005858448,FALSE,30,10
419,6,-1.02084678,-5.73805697,44,0,48.401944444444446,0,0,0.8618375125005506,-0.21451220005858448,FALSE,30,10
420,0,-1.02084678,-4.90155347,126,8,159.52522222222223,4.916666666666667,0.930549469290255,0.9759906317549152,-0.03506079503525719,FALSE,30,10
420,1,-1.02084678,-4.62271897,126,8,159.52522222222223,4.916666666666667,0.930549469290255,0.9759906317549152,-0.03506079503525719,FALSE,30,10
420,2,-1.22879216,-4.48330173,126,8,159.52522222222223,4.916666666666667,0.930549469290255,0.9759906317549152,-0.03506079503525719,FALSE,30,10
420,3,-1.43673754,-4.62271897,126,8,159.52522222222223,4.916666666666667,0.930549469290255,0.9759906317549152,-0.03506079503525719,FALSE,30,10
420,4,-1.43673754,-4.90155347,126,8,159.52522222222223,4.916666666666667,0.930549469290255,0.9759906317549152,-0.03506079503525719,FALSE,30,10
420,5,-1.22879216,-5.04097071,126,8,159.52522222222223,4.916666666666667,0.930549469290255,0.9759906317549152,-0.03506079503525719,FALSE,30,10
420,6,-1.02084678,-4.90155347,126,8,159.52522222222223,4.916666666666667,0.930549469290255,0.9759906317549152,-0.03506079503525719,FALSE,30,10
421,0,-1.02084678,-4.06504996,432,66,637.2230145299145,52.25,2.4756708351271257,2.0012608354025234,1.000909213929124,FALSE,30,10
421,1,-1.02084678,-3.78621547,432,66,637.2230145299145,52.25,2.4756708351271257,2.0012608354025234,1.000909213929124,FALSE,30,10
421,2,-1.22879216,-3.64679822,432,66,637.2230145299145,52.25,2.4756708351271257,2.0012608354025234,1.000909213929124,FALSE,30,10
421,3,-1.43673754,-3.78621547,432,66,637.2230145299145,52.25,2.4756708351271257,2.0012608354025234,1.000909213929124,FALSE,30,10
421,4,-1.43673754,-4.06504996,432,66,637.2230145299145,52.25,2.4756708351271257,2.0012608354025234,1.000909213929124,FALSE,30,10
421,5,-1.22879216,-4.20446721,432,66,637.2230145299145,52.25,2.4756708351271257,2.0012608354025234,1.000909213929124,FALSE,30,10
421,6,-1.02084678,-4.06504996,432,66,637.2230145299145,52.25,2.4756708351271257,2.0012608354025234,1.000909213929124,FALSE,30,10
422,0,-1.02084678,-3.22854646,373,58,823.414346031746,51.56666666666667,1.8908134727923545,1.6518114347915742,0.7240490029691066,FALSE,30,10
422,1,-1.02084678,-2.94971196,373,58,823.414346031746,51.56666666666667,1.8908134727923545,1.6518114347915742,0.7240490029691066,FALSE,30,10
422,2,-1.22879216,-2.81029472,373,58,823.414346031746,51.56666666666667,1.8908134727923545,1.6518114347915742,0.7240490029691066,FALSE,30,10
422,3,-1.43673754,-2.94971196,373,58,823.414346031746,51.56666666666667,1.8908134727923545,1.6518114347915742,0.7240490029691066,FALSE,30,10
422,4,-1.43673754,-3.22854646,373,58,823.414346031746,51.56666666666667,1.8908134727923545,1.6518114347915742,0.7240490029691066,FALSE,30,10
422,5,-1.22879216,-3.3679637,373,58,823.414346031746,51.56666666666667,1.8908134727923545,1.6518114347915742,0.7240490029691066,FALSE,30,10
422,6,-1.02084678,-3.22854646,373,58,823.414346031746,51.56666666666667,1.8908134727923545,1.6518114347915742,0.7240490029691066,FALSE,30,10
423,0,-1.02084678,-2.39204295,247,29,701.1572380952381,25.033333333333335,1.0779567071698275,1.0544919907095032,0.07654813732452712,FALSE,30,10
423,1,-1.02084678,-2.11320846,247,29,701.1572380952381,25.033333333333335,1.0779567071698275,1.0544919907095032,0.07654813732452712,FALSE,30,10
423,2,-1.22879216,-1.97379121,247,29,701.1572380952381,25.033333333333335,1.0779567071698275,1.0544919907095032,0.07654813732452712,FALSE,30,10
423,3,-1.43673754,-2.11320846,247,29,701.1572380952381,25.033333333333335,1.0779567071698275,1.0544919907095032,0.07654813732452712,FALSE,30,10
423,4,-1.43673754,-2.39204295,247,29,701.1572380952381,25.033333333333335,1.0779567071698275,1.0544919907095032,0.07654813732452712,FALSE,30,10
423,5,-1.22879216,-2.5314602,247,29,701.1572380952381,25.033333333333335,1.0779567071698275,1.0544919907095032,0.07654813732452712,FALSE,30,10
423,6,-1.02084678,-2.39204295,247,29,701.1572380952381,25.033333333333335,1.0779567071698275,1.0544919907095032,0.07654813732452712,FALSE,30,10
424,0,-1.02084678,-1.55553944,172,15,346.53624444444443,13.25,1.154423801402878,1.0825238253916265,0.11439877774284228,FALSE,30,10
424,1,-1.02084678,-1.27670495,172,15,346.53624444444443,13.25,1.154423801402878,1.0825238253916265,0.11439877774284228,FALSE,30,10
424,2,-1.22879216,-1.13728771,172,15,346.53624444444443,13.25,1.154423801402878,1.0825238253916265,0.11439877774284228,FALSE,30,10
424,3,-1.43673754,-1.27670495,172,15,346.53624444444443,13.25,1.154423801402878,1.0825238253916265,0.11439877774284228,FALSE,30,10
424,4,-1.43673754,-1.55553944,172,15,346.53624444444443,13.25,1.154423801402878,1.0825238253916265,0.11439877774284228,FALSE,30,10
424,5,-1.22879216,-1.69495669,172,15,346.53624444444443,13.25,1.154423801402878,1.0825238253916265,0.11439877774284228,FALSE,30,10
424,6,-1.02084678,-1.55553944,172,15,346.53624444444443,13.25,1.154423801402878,1.0825238253916265,0.11439877774284228,FALSE,30,10
425,0,-1.02084678,-0.719035938,256,27,391.4513888888889,25.5,1.96680091013401,1.5458160255216078,0.6283686278906031,FALSE,30,10
425,1,-1.02084678,-0.440201446,256,27,391.4513888888889,25.5,1.96680091013401,1.5458160255216078,0.6283686278906031,FALSE,30,10
425,2,-1.22879216,-0.3007842,256,27,391.4513888888889,25.5,1.96680091013401,1.5458160255216078,0.6283686278906031,FALSE,30,10
425,3,-1.43673754,-0.440201446,256,27,391.4513888888889,25.5,1.96680091013401,1.5458160255216078,0.6283686278906031,FALSE,30,10
425,4,-1.43673754,-0.719035938,256,27,391.4513888888889,25.5,1.96680091013401,1.5458160255216078,0.6283686278906031,FALSE,30,10
425,5,-1.22879216,-0.858453184,256,27,391.4513888888889,25.5,1.96680091013401,1.5458160255216078,0.6283686278906031,FALSE,30,10
425,6,-1.02084678,-0.719035938,256,27,391.4513888888889,25.5,1.96680091013401,1.5458160255216078,0.6283686278906031,FALSE,30,10
426,0,-1.02084678,0.117467567,240,20,601.6489349206349,14.833333333333334,0.7443782285903249,0.8297929136165795,-0.26917675815727904,FALSE,30,10
426,1,-1.02084678,0.396302059,240,20,601.6489349206349,14.833333333333334,0.7443782285903249,0.8297929136165795,-0.26917675815727904,FALSE,30,10
426,2,-1.22879216,0.535719305,240,20,601.6489349206349,14.833333333333334,0.7443782285903249,0.8297929136165795,-0.26917675815727904,FALSE,30,10
426,3,-1.43673754,0.396302059,240,20,601.6489349206349,14.833333333333334,0.7443782285903249,0.8297929136165795,-0.26917675815727904,FALSE,30,10
426,4,-1.43673754,0.117467567,240,20,601.6489349206349,14.833333333333334,0.7443782285903249,0.8297929136165795,-0.26917675815727904,FALSE,30,10
426,5,-1.22879216,-0.0219496787,240,20,601.6489349206349,14.833333333333334,0.7443782285903249,0.8297929136165795,-0.26917675815727904,FALSE,30,10
426,6,-1.02084678,0.117467567,240,20,601.6489349206349,14.833333333333334,0.7443782285903249,0.8297929136165795,-0.26917675815727904,FALSE,30,10
427,0,-1.02084678,0.953971073,235,6,1005.6105611111112,4.833333333333333,0.14511589351098067,0.3425181110050331,-1.5457478207810753,FALSE,30,10
427,1,-1.02084678,1.23280556,235,6,1005.6105611111112,4.833333333333333,0.14511589351098067,0.3425181110050331,-1.5457478207810753,FALSE,30,10
427,2,-1.22879216,1.37222281,235,6,1005.6105611111112,4.833333333333333,0.14511589351098067,0.3425181110050331,-1.5457478207810753,FALSE,30,10
427,3,-1.43673754,1.23280556,235,6,1005.6105611111112,4.833333333333333,0.14511589351098067,0.3425181110050331,-1.5457478207810753,FALSE,30,10
427,4,-1.43673754,0.953971073,235,6,1005.6105611111112,4.833333333333333,0.14511589351098067,0.3425181110050331,-1.5457478207810753,FALSE,30,10
427,5,-1.22879216,0.814553827,235,6,1005.6105611111112,4.833333333333333,0.14511589351098067,0.3425181110050331,-1.5457478207810753,FALSE,30,10
427,6,-1.02084678,0.953971073,235,6,1005.6105611111112,4.833333333333333,0.14511589351098067,0.3425181110050331,-1.5457478207810753,FALSE,30,10
428,0,-1.02084678,1.79047458,202,28,500.28517204301073,25.216666666666665,1.5218368819267285,1.3254352703733028,0.4064662157414232,FALSE,30,10
428,1,-1.02084678,2.06930907,202,28,500.28517204301073,25.216666666666665,1.5218368819267285,1.3254352703733028,0.4064662157414232,FALSE,30,10
428,2,-1.22879216,2.20872632,202,28,500.28517204301073,25.216666666666665,1.5218368819267285,1.3254352703733028,0.4064662157414232,FALSE,30,10
428,3,-1.43673754,2.06930907,202,28,500.28517204301073,25.216666666666665,1.5218368819267285,1.3254352703733028,0.4064662157414232,FALSE,30,10
428,4,-1.43673754,1.79047458,202,28,500.28517204301073,25.216666666666665,1.5218368819267285,1.3254352703733028,0.4064662157414232,FALSE,30,10
428,5,-1.22879216,1.65105733,202,28,500.28517204301073,25.216666666666665,1.5218368819267285,1.3254352703733028,0.4064662157414232,FALSE,30,10
428,6,-1.02084678,1.79047458,202,28,500.28517204301073,25.216666666666665,1.5218368819267285,1.3254352703733028,0.4064662157414232,FALSE,30,10
429,0,-1.02084678,2.62697808,69,12,249.32934343434343,9,1.089851119149721,1.0406392249432728,0.05746999313510908,FALSE,30,10
429,1,-1.02084678,2.90581258,69,12,249.32934343434343,9,1.089851119149721,1.0406392249432728,0.05746999313510908,FALSE,30,10
429,2,-1.22879216,3.04522982,69,12,249.32934343434343,9,1.089851119149721,1.0406392249432728,0.05746999313510908,FALSE,30,10
429,3,-1.43673754,2.90581258,69,12,249.32934343434343,9,1.089851119149721,1.0406392249432728,0.05746999313510908,FALSE,30,10
429,4,-1.43673754,2.62697808,69,12,249.32934343434343,9,1.089851119149721,1.0406392249432728,0.05746999313510908,FALSE,30,10
429,5,-1.22879216,2.48756084,69,12,249.32934343434343,9,1.089851119149721,1.0406392249432728,0.05746999313510908,FALSE,30,10
429,6,-1.02084678,2.62697808,69,12,249.32934343434343,9,1.089851119149721,1.0406392249432728,0.05746999313510908,FALSE,30,10
430,0,-1.02084678,3.46348159,63,3,206.23581373071377,2.2,0.3220747324462161,0.724865318498072,-0.464215130635501,FALSE,30,10
430,1,-1.02084678,3.74231608,63,3,206.23581373071377,2.2,0.3220747324462161,0.724865318498072,-0.464215130635501,FALSE,30,10
430,2,-1.22879216,3.88173333,63,3,206.23581373071377,2.2,0.3220747324462161,0.724865318498072,-0.464215130635501,FALSE,30,10
430,3,-1.43673754,3.74231608,63,3,206.23581373071377,2.2,0.3220747324462161,0.724865318498072,-0.464215130635501,FALSE,30,10
430,4,-1.43673754,3.46348159,63,3,206.23581373071377,2.2,0.3220747324462161,0.724865318498072,-0.464215130635501,FALSE,30,10
430,5,-1.22879216,3.32406434,63,3,206.23581373071377,2.2,0.3220747324462161,0.724865318498072,-0.464215130635501,FALSE,30,10
430,6,-1.02084678,3.46348159,63,3,206.23581373071377,2.2,0.3220747324462161,0.724865318498072,-0.464215130635501,FALSE,30,10
431,0,-1.02084678,4.2999851,6,0,9.784666666666666,0,0,0.9686096072842866,0,TRUE,30,10
431,1,-1.02084678,4.57881959,6,0,9.784666666666666,0,0,0.9686096072842866,0,TRUE,30,10
431,2,-1.22879216,4.71823683,6,0,9.784666666666666,0,0,0.9686096072842866,0,TRUE,30,10
431,3,-1.43673754,4.57881959,6,0,9.784666666666666,0,0,0.9686096072842866,0,TRUE,30,10
431,4,-1.43673754,4.2999851,6,0,9.784666666666666,0,0,0.9686096072842866,0,TRUE,30,10
431,5,-1.22879216,4.16056785,6,0,9.784666666666666,0,0,0.9686096072842866,0,TRUE,30,10
431,6,-1.02084678,4.2999851,6,0,9.784666666666666,0,0,0.9686096072842866,0,TRUE,30,10
432,0,-1.02084678,5.1364886,3,0,2.3596190476190473,0,0,0.992245337489786,0,TRUE,30,10
432,1,-1.02084678,5.41532309,3,0,2.3596190476190473,0,0,0.992245337489786,0,TRUE,30,10
432,2,-1.22879216,5.55474034,3,0,2.3596190476190473,0,0,0.992245337489786,0,TRUE,30,10
432,3,-1.43673754,5.41532309,3,0,2.3596190476190473,0,0,0.992245337489786,0,TRUE,30,10
432,4,-1.43673754,5.1364886,3,0,2.3596190476190473,0,0,0.992245337489786,0,TRUE,30,10
432,5,-1.22879216,4.99707136,3,0,2.3596190476190473,0,0,0.992245337489786,0,TRUE,30,10
432,6,-1.02084678,5.1364886,3,0,2.3596190476190473,0,0,0.992245337489786,0,TRUE,30,10
433,0,-1.02084678,5.97299211,87,0,162.85809927849928,0,0,0.6496035523816162,-0.6223685729102587,FALSE,30,10
433,1,-1.02084678,6.2518266,87,0,162.85809927849928,0,0,0.6496035523816162,-0.6223685729102587,FALSE,30,10
433,2,-1.22879216,6.39124385,87,0,162.85809927849928,0,0,0.6496035523816162,-0.6223685729102587,FALSE,30,10
433,3,-1.43673754,6.2518266,87,0,162.85809927849928,0,0,0.6496035523816162,-0.6223685729102587,FALSE,30,10
433,4,-1.43673754,5.97299211,87,0,162.85809927849928,0,0,0.6496035523816162,-0.6223685729102587,FALSE,30,10
433,5,-1.22879216,5.83357486,87,0,162.85809927849928,0,0,0.6496035523816162,-0.6223685729102587,FALSE,30,10
433,6,-1.02084678,5.97299211,87,0,162.85809927849928,0,0,0.6496035523816162,-0.6223685729102587,FALSE,30,10
434,0,-1.02084678,6.80949561,107,24,169.64825011655012,23,4.0933276596450074,2.1128248067264805,1.0791731454339897,FALSE,30,10
434,1,-1.02084678,7.0883301,107,24,169.64825011655012,23,4.0933276596450074,2.1128248067264805,1.0791731454339897,FALSE,30,10
434,2,-1.22879216,7.22774735,107,24,169.64825011655012,23,4.0933276596450074,2.1128248067264805,1.0791731454339897,FALSE,30,10
434,3,-1.43673754,7.0883301,107,24,169.64825011655012,23,4.0933276596450074,2.1128248067264805,1.0791731454339897,FALSE,30,10
434,4,-1.43673754,6.80949561,107,24,169.64825011655012,23,4.0933276596450074,2.1128248067264805,1.0791731454339897,FALSE,30,10
434,5,-1.22879216,6.67007837,107,24,169.64825011655012,23,4.0933276596450074,2.1128248067264805,1.0791731454339897,FALSE,30,10
434,6,-1.02084678,6.80949561,107,24,169.64825011655012,23,4.0933276596450074,2.1128248067264805,1.0791731454339897,FALSE,30,10
435,0,-1.02084678,7.64599912,246,0,438.5114706349206,0,0,0.40776568071382024,-1.29418773774644,FALSE,30,10
435,1,-1.02084678,7.92483361,246,0,438.5114706349206,0,0,0.40776568071382024,-1.29418773774644,FALSE,30,10
435,2,-1.22879216,8.06425086,246,0,438.5114706349206,0,0,0.40776568071382024,-1.29418773774644,FALSE,30,10
435,3,-1.43673754,7.92483361,246,0,438.5114706349206,0,0,0.40776568071382024,-1.29418773774644,FALSE,30,10
435,4,-1.43673754,7.64599912,246,0,438.5114706349206,0,0,0.40776568071382024,-1.29418773774644,FALSE,30,10
435,5,-1.22879216,7.50658187,246,0,438.5114706349206,0,0,0.40776568071382024,-1.29418773774644,FALSE,30,10
435,6,-1.02084678,7.64599912,246,0,438.5114706349206,0,0,0.40776568071382024,-1.29418773774644,FALSE,30,10
436,0,-1.02084678,10.1555096,44,1,446.251,0.2,0.01353159066578049,0.41161848290070774,-1.2806203298797034,FALSE,30,10
436,1,-1.02084678,10.4343441,44,1,446.251,0.2,0.01353159066578049,0.41161848290070774,-1.2806203298797034,FALSE,30,10
436,2,-1.22879216,10.5737614,44,1,446.251,0.2,0.01353159066578049,0.41161848290070774,-1.2806203298797034,FALSE,30,10
436,3,-1.43673754,10.4343441,44,1,446.251,0.2,0.01353159066578049,0.41161848290070774,-1.2806203298797034,FALSE,30,10
436,4,-1.43673754,10.1555096,44,1,446.251,0.2,0.01353159066578049,0.41161848290070774,-1.2806203298797034,FALSE,30,10
436,5,-1.22879216,10.0160924,44,1,446.251,0.2,0.01353159066578049,0.41161848290070774,-1.2806203298797034,FALSE,30,10
436,6,-1.02084678,10.1555096,44,1,446.251,0.2,0.01353159066578049,0.41161848290070774,-1.2806203298797034,FALSE,30,10
437,0,-0.604956031,-7.41106398,257,15,433.52183333333335,12.666666666666666,0.8821641928661719,0.9305395823156452,-0.10386057545094178,FALSE,30,10
437,1,-0.604956031,-7.13222949,257,15,433.52183333333335,12.666666666666666,0.8821641928661719,0.9305395823156452,-0.10386057545094178,FALSE,30,10
437,2,-0.812901407,-6.99281225,257,15,433.52183333333335,12.666666666666666,0.8821641928661719,0.9305395823156452,-0.10386057545094178,FALSE,30,10
437,3,-1.02084678,-7.13222949,257,15,433.52183333333335,12.666666666666666,0.8821641928661719,0.9305395823156452,-0.10386057545094178,FALSE,30,10
437,4,-1.02084678,-7.41106398,257,15,433.52183333333335,12.666666666666666,0.8821641928661719,0.9305395823156452,-0.10386057545094178,FALSE,30,10
437,5,-0.812901407,-7.55048123,257,15,433.52183333333335,12.666666666666666,0.8821641928661719,0.9305395823156452,-0.10386057545094178,FALSE,30,10
437,6,-0.604956031,-7.41106398,257,15,433.52183333333335,12.666666666666666,0.8821641928661719,0.9305395823156452,-0.10386057545094178,FALSE,30,10
438,0,-0.604956031,-6.57456048,107,2,148.29529761904763,2,0.40719334754007747,0.804738752536878,-0.3134075869280119,FALSE,30,10
438,1,-0.604956031,-6.29572599,107,2,148.29529761904763,2,0.40719334754007747,0.804738752536878,-0.3134075869280119,FALSE,30,10
438,2,-0.812901407,-6.15630874,107,2,148.29529761904763,2,0.40719334754007747,0.804738752536878,-0.3134075869280119,FALSE,30,10
438,3,-1.02084678,-6.29572599,107,2,148.29529761904763,2,0.40719334754007747,0.804738752536878,-0.3134075869280119,FALSE,30,10
438,4,-1.02084678,-6.57456048,107,2,148.29529761904763,2,0.40719334754007747,0.804738752536878,-0.3134075869280119,FALSE,30,10
438,5,-0.812901407,-6.71397772,107,2,148.29529761904763,2,0.40719334754007747,0.804738752536878,-0.3134075869280119,FALSE,30,10
438,6,-0.604956031,-6.57456048,107,2,148.29529761904763,2,0.40719334754007747,0.804738752536878,-0.3134075869280119,FALSE,30,10
439,0,-0.604956031,-5.73805697,142,3,218.0479,1.5833333333333333,0.2192393495834878,0.6725916839084961,-0.5721971537542707,FALSE,30,10
439,1,-0.604956031,-5.45922248,142,3,218.0479,1.5833333333333333,0.2192393495834878,0.6725916839084961,-0.5721971537542707,FALSE,30,10
439,2,-0.812901407,-5.31980523,142,3,218.0479,1.5833333333333333,0.2192393495834878,0.6725916839084961,-0.5721971537542707,FALSE,30,10
439,3,-1.02084678,-5.45922248,142,3,218.0479,1.5833333333333333,0.2192393495834878,0.6725916839084961,-0.5721971537542707,FALSE,30,10
439,4,-1.02084678,-5.73805697,142,3,218.0479,1.5833333333333333,0.2192393495834878,0.6725916839084961,-0.5721971537542707,FALSE,30,10
439,5,-0.812901407,-5.87747422,142,3,218.0479,1.5833333333333333,0.2192393495834878,0.6725916839084961,-0.5721971537542707,FALSE,30,10
439,6,-0.604956031,-5.73805697,142,3,218.0479,1.5833333333333333,0.2192393495834878,0.6725916839084961,-0.5721971537542707,FALSE,30,10
440,0,-0.604956031,-4.90155347,80,10,108.21683333333334,9.066666666666666,2.5295943724175634,1.4035875666074302,0.4891190730912112,FALSE,30,10
440,1,-0.604956031,-4.62271897,80,10,108.21683333333334,9.066666666666666,2.5295943724175634,1.4035875666074302,0.4891190730912112,FALSE,30,10
440,2,-0.812901407,-4.48330173,80,10,108.21683333333334,9.066666666666666,2.5295943724175634,1.4035875666074302,0.4891190730912112,FALSE,30,10
440,3,-1.02084678,-4.62271897,80,10,108.21683333333334,9.066666666666666,2.5295943724175634,1.4035875666074302,0.4891190730912112,FALSE,30,10
440,4,-1.02084678,-4.90155347,80,10,108.21683333333334,9.066666666666666,2.5295943724175634,1.4035875666074302,0.4891190730912112,FALSE,30,10
440,5,-0.812901407,-5.04097071,80,10,108.21683333333334,9.066666666666666,2.5295943724175634,1.4035875666074302,0.4891190730912112,FALSE,30,10
440,6,-0.604956031,-4.90155347,80,10,108.21683333333334,9.066666666666666,2.5295943724175634,1.4035875666074302,0.4891190730912112,FALSE,30,10
441,0,-0.604956031,-4.06504996,256,40,397.54392222222225,33.916666666666664,2.575882825101236,1.8956556214307871,0.9226968975798284,FALSE,30,10
441,1,-0.604956031,-3.78621547,256,40,397.54392222222225,33.916666666666664,2.575882825101236,1.8956556214307871,0.9226968975798284,FALSE,30,10
441,2,-0.812901407,-3.64679822,256,40,397.54392222222225,33.916666666666664,2.575882825101236,1.8956556214307871,0.9226968975798284,FALSE,30,10
441,3,-1.02084678,-3.78621547,256,40,397.54392222222225,33.916666666666664,2.575882825101236,1.8956556214307871,0.9226968975798284,FALSE,30,10
441,4,-1.02084678,-4.06504996,256,40,397.54392222222225,33.916666666666664,2.575882825101236,1.8956556214307871,0.9226968975798284,FALSE,30,10
441,5,-0.812901407,-4.20446721,256,40,397.54392222222225,33.916666666666664,2.575882825101236,1.8956556214307871,0.9226968975798284,FALSE,30,10
441,6,-0.604956031,-4.06504996,256,40,397.54392222222225,33.916666666666664,2.575882825101236,1.8956556214307871,0.9226968975798284,FALSE,30,10
442,0,-0.604956031,-3.22854646,357,61,714.4805666666666,51.983333333333334,2.196705118765635,1.841222415454016,0.8806639114738605,FALSE,30,10
442,1,-0.604956031,-2.94971196,357,61,714.4805666666666,51.983333333333334,2.196705118765635,1.841222415454016,0.8806639114738605,FALSE,30,10
442,2,-0.812901407,-2.81029472,357,61,714.4805666666666,51.983333333333334,2.196705118765635,1.841222415454016,0.8806639114738605,FALSE,30,10
442,3,-1.02084678,-2.94971196,357,61,714.4805666666666,51.983333333333334,2.196705118765635,1.841222415454016,0.8806639114738605,FALSE,30,10
442,4,-1.02084678,-3.22854646,357,61,714.4805666666666,51.983333333333334,2.196705118765635,1.841222415454016,0.8806639114738605,FALSE,30,10
442,5,-0.812901407,-3.3679637,357,61,714.4805666666666,51.983333333333334,2.196705118765635,1.841222415454016,0.8806639114738605,FALSE,30,10
442,6,-0.604956031,-3.22854646,357,61,714.4805666666666,51.983333333333334,2.196705118765635,1.841222415454016,0.8806639114738605,FALSE,30,10
443,0,-0.604956031,-2.39204295,286,28,618.3341031746032,24.166666666666668,1.1800260922897072,1.1209619741034071,0.16473733906847687,FALSE,30,10
443,1,-0.604956031,-2.11320846,286,28,618.3341031746032,24.166666666666668,1.1800260922897072,1.1209619741034071,0.16473733906847687,FALSE,30,10
443,2,-0.812901407,-1.97379121,286,28,618.3341031746032,24.166666666666668,1.1800260922897072,1.1209619741034071,0.16473733906847687,FALSE,30,10
443,3,-1.02084678,-2.11320846,286,28,618.3341031746032,24.166666666666668,1.1800260922897072,1.1209619741034071,0.16473733906847687,FALSE,30,10
443,4,-1.02084678,-2.39204295,286,28,618.3341031746032,24.166666666666668,1.1800260922897072,1.1209619741034071,0.16473733906847687,FALSE,30,10
443,5,-0.812901407,-2.5314602,286,28,618.3341031746032,24.166666666666668,1.1800260922897072,1.1209619741034071,0.16473733906847687,FALSE,30,10
443,6,-0.604956031,-2.39204295,286,28,618.3341031746032,24.166666666666668,1.1800260922897072,1.1209619741034071,0.16473733906847687,FALSE,30,10
444,0,-0.604956031,-1.55553944,215,30,438.4561492063492,22.533333333333335,1.5516627500594344,1.326696804996144,0.4078387038602848,FALSE,30,10
444,1,-0.604956031,-1.27670495,215,30,438.4561492063492,22.533333333333335,1.5516627500594344,1.326696804996144,0.4078387038602848,FALSE,30,10
444,2,-0.812901407,-1.13728771,215,30,438.4561492063492,22.533333333333335,1.5516627500594344,1.326696804996144,0.4078387038602848,FALSE,30,10
444,3,-1.02084678,-1.27670495,215,30,438.4561492063492,22.533333333333335,1.5516627500594344,1.326696804996144,0.4078387038602848,FALSE,30,10
444,4,-1.02084678,-1.55553944,215,30,438.4561492063492,22.533333333333335,1.5516627500594344,1.326696804996144,0.4078387038602848,FALSE,30,10
444,5,-0.812901407,-1.69495669,215,30,438.4561492063492,22.533333333333335,1.5516627500594344,1.326696804996144,0.4078387038602848,FALSE,30,10
444,6,-0.604956031,-1.55553944,215,30,438.4561492063492,22.533333333333335,1.5516627500594344,1.326696804996144,0.4078387038602848,FALSE,30,10
445,0,-0.604956031,-0.719035938,358,42,571.3918555555556,33.791666666666664,1.78555661563859,1.5139726922911856,0.59833918349314,FALSE,30,10
445,1,-0.604956031,-0.440201446,358,42,571.3918555555556,33.791666666666664,1.78555661563859,1.5139726922911856,0.59833918349314,FALSE,30,10
445,2,-0.812901407,-0.3007842,358,42,571.3918555555556,33.791666666666664,1.78555661563859,1.5139726922911856,0.59833918349314,FALSE,30,10
445,3,-1.02084678,-0.440201446,358,42,571.3918555555556,33.791666666666664,1.78555661563859,1.5139726922911856,0.59833918349314,FALSE,30,10
445,4,-1.02084678,-0.719035938,358,42,571.3918555555556,33.791666666666664,1.78555661563859,1.5139726922911856,0.59833918349314,FALSE,30,10
445,5,-0.812901407,-0.858453184,358,42,571.3918555555556,33.791666666666664,1.78555661563859,1.5139726922911856,0.59833918349314,FALSE,30,10
445,6,-0.604956031,-0.719035938,358,42,571.3918555555556,33.791666666666664,1.78555661563859,1.5139726922911856,0.59833918349314,FALSE,30,10
446,0,-0.604956031,0.117467567,347,29,651.3399650793651,24.45,1.133363430343806,1.09112366408218,0.1258146208618522,FALSE,30,10
446,1,-0.604956031,0.396302059,347,29,651.3399650793651,24.45,1.133363430343806,1.09112366408218,0.1258146208618522,FALSE,30,10
446,2,-0.812901407,0.535719305,347,29,651.3399650793651,24.45,1.133363430343806,1.09112366408218,0.1258146208618522,FALSE,30,10
446,3,-1.02084678,0.396302059,347,29,651.3399650793651,24.45,1.133363430343806,1.09112366408218,0.1258146208618522,FALSE,30,10
446,4,-1.02084678,0.117467567,347,29,651.3399650793651,24.45,1.133363430343806,1.09112366408218,0.1258146208618522,FALSE,30,10
446,5,-0.812901407,-0.0219496787,347,29,651.3399650793651,24.45,1.133363430343806,1.09112366408218,0.1258146208618522,FALSE,30,10
446,6,-0.604956031,0.117467567,347,29,651.3399650793651,24.45,1.133363430343806,1.09112366408218,0.1258146208618522,FALSE,30,10
447,0,-0.604956031,0.953971073,315,18,840.0907333333333,16.5,0.5930015225670123,0.7006031957589247,-0.5133305259665739,FALSE,30,10
447,1,-0.604956031,1.23280556,315,18,840.0907333333333,16.5,0.5930015225670123,0.7006031957589247,-0.5133305259665739,FALSE,30,10
447,2,-0.812901407,1.37222281,315,18,840.0907333333333,16.5,0.5930015225670123,0.7006031957589247,-0.5133305259665739,FALSE,30,10
447,3,-1.02084678,1.23280556,315,18,840.0907333333333,16.5,0.5930015225670123,0.7006031957589247,-0.5133305259665739,FALSE,30,10
447,4,-1.02084678,0.953971073,315,18,840.0907333333333,16.5,0.5930015225670123,0.7006031957589247,-0.5133305259665739,FALSE,30,10
447,5,-0.812901407,0.814553827,315,18,840.0907333333333,16.5,0.5930015225670123,0.7006031957589247,-0.5133305259665739,FALSE,30,10
447,6,-0.604956031,0.953971073,315,18,840.0907333333333,16.5,0.5930015225670123,0.7006031957589247,-0.5133305259665739,FALSE,30,10
448,0,-0.604956031,1.79047458,246,16,748.6575333333333,12.533333333333331,0.5054537810678097,0.6475802807591482,-0.6268690395806167,FALSE,30,10
448,1,-0.604956031,2.06930907,246,16,748.6575333333333,12.533333333333331,0.5054537810678097,0.6475802807591482,-0.6268690395806167,FALSE,30,10
448,2,-0.812901407,2.20872632,246,16,748.6575333333333,12.533333333333331,0.5054537810678097,0.6475802807591482,-0.6268690395806167,FALSE,30,10
448,3,-1.02084678,2.06930907,246,16,748.6575333333333,12.533333333333331,0.5054537810678097,0.6475802807591482,-0.6268690395806167,FALSE,30,10
448,4,-1.02084678,1.79047458,246,16,748.6575333333333,12.533333333333331,0.5054537810678097,0.6475802807591482,-0.6268690395806167,FALSE,30,10
448,5,-0.812901407,1.65105733,246,16,748.6575333333333,12.533333333333331,0.5054537810678097,0.6475802807591482,-0.6268690395806167,FALSE,30,10
448,6,-0.604956031,1.79047458,246,16,748.6575333333333,12.533333333333331,0.5054537810678097,0.6475802807591482,-0.6268690395806167,FALSE,30,10
449,0,-0.604956031,2.62697808,146,12,617.3869063492064,8.95,0.4376870318001082,0.6223643702309325,-0.6841686251199686,FALSE,30,10
449,1,-0.604956031,2.90581258,146,12,617.3869063492064,8.95,0.4376870318001082,0.6223643702309325,-0.6841686251199686,FALSE,30,10
449,2,-0.812901407,3.04522982,146,12,617.3869063492064,8.95,0.4376870318001082,0.6223643702309325,-0.6841686251199686,FALSE,30,10
449,3,-1.02084678,2.90581258,146,12,617.3869063492064,8.95,0.4376870318001082,0.6223643702309325,-0.6841686251199686,FALSE,30,10
449,4,-1.02084678,2.62697808,146,12,617.3869063492064,8.95,0.4376870318001082,0.6223643702309325,-0.6841686251199686,FALSE,30,10
449,5,-0.812901407,2.48756084,146,12,617.3869063492064,8.95,0.4376870318001082,0.6223643702309325,-0.6841686251199686,FALSE,30,10
449,6,-0.604956031,2.62697808,146,12,617.3869063492064,8.95,0.4376870318001082,0.6223643702309325,-0.6841686251199686,FALSE,30,10
450,0,-0.604956031,3.46348159,8,1,27.672444444444444,1,1.0910647735363874,1.0076456608876114,0,TRUE,30,10
450,1,-0.604956031,3.74231608,8,1,27.672444444444444,1,1.0910647735363874,1.0076456608876114,0,TRUE,30,10
450,2,-0.812901407,3.88173333,8,1,27.672444444444444,1,1.0910647735363874,1.0076456608876114,0,TRUE,30,10
450,3,-1.02084678,3.74231608,8,1,27.672444444444444,1,1.0910647735363874,1.0076456608876114,0,TRUE,30,10
450,4,-1.02084678,3.46348159,8,1,27.672444444444444,1,1.0910647735363874,1.0076456608876114,0,TRUE,30,10
450,5,-0.812901407,3.32406434,8,1,27.672444444444444,1,1.0910647735363874,1.0076456608876114,0,TRUE,30,10
450,6,-0.604956031,3.46348159,8,1,27.672444444444444,1,1.0910647735363874,1.0076456608876114,0,TRUE,30,10
451,0,-0.604956031,4.2999851,5,1,15.28704761904762,0.2857142857142857,0.5642952514604838,0.979002518575578,0,TRUE,30,10
451,1,-0.604956031,4.57881959,5,1,15.28704761904762,0.2857142857142857,0.5642952514604838,0.979002518575578,0,TRUE,30,10
451,2,-0.812901407,4.71823683,5,1,15.28704761904762,0.2857142857142857,0.5642952514604838,0.979002518575578,0,TRUE,30,10
451,3,-1.02084678,4.57881959,5,1,15.28704761904762,0.2857142857142857,0.5642952514604838,0.979002518575578,0,TRUE,30,10
451,4,-1.02084678,4.2999851,5,1,15.28704761904762,0.2857142857142857,0.5642952514604838,0.979002518575578,0,TRUE,30,10
451,5,-0.812901407,4.16056785,5,1,15.28704761904762,0.2857142857142857,0.5642952514604838,0.979002518575578,0,TRUE,30,10
451,6,-0.604956031,4.2999851,5,1,15.28704761904762,0.2857142857142857,0.5642952514604838,0.979002518575578,0,TRUE,30,10
452,0,-0.604956031,5.1364886,1,0,1,0,0,0.9966988451501398,0,TRUE,30,10
452,1,-0.604956031,5.41532309,1,0,1,0,0,0.9966988451501398,0,TRUE,30,10
452,2,-0.812901407,5.55474034,1,0,1,0,0,0.9966988451501398,0,TRUE,30,10
452,3,-1.02084678,5.41532309,1,0,1,0,0,0.9966988451501398,0,TRUE,30,10
452,4,-1.02084678,5.1364886,1,0,1,0,0,0.9966988451501398,0,TRUE,30,10
452,5,-0.812901407,4.99707136,1,0,1,0,0,0.9966988451501398,0,TRUE,30,10
452,6,-0.604956031,5.1364886,1,0,1,0,0,0.9966988451501398,0,TRUE,30,10
453,0,-0.604956031,5.97299211,125,1,281.0997544733045,0.125,0.01342602975034053,0.5243323120865137,-0.9314466399150908,FALSE,30,10
453,1,-0.604956031,6.2518266,125,1,281.0997544733045,0.125,0.01342602975034053,0.5243323120865137,-0.9314466399150908,FALSE,30,10
453,2,-0.812901407,6.39124385,125,1,281.0997544733045,0.125,0.01342602975034053,0.5243323120865137,-0.9314466399150908,FALSE,30,10
453,3,-1.02084678,6.2518266,125,1,281.0997544733045,0.125,0.01342602975034053,0.5243323120865137,-0.9314466399150908,FALSE,30,10
453,4,-1.02084678,5.97299211,125,1,281.0997544733045,0.125,0.01342602975034053,0.5243323120865137,-0.9314466399150908,FALSE,30,10
453,5,-0.812901407,5.83357486,125,1,281.0997544733045,0.125,0.01342602975034053,0.5243323120865137,-0.9314466399150908,FALSE,30,10
453,6,-0.604956031,5.97299211,125,1,281.0997544733045,0.125,0.01342602975034053,0.5243323120865137,-0.9314466399150908,FALSE,30,10
454,0,-0.604956031,6.80949561,95,3,401.5176301587301,1.8333333333333333,0.13785892062798596,0.5078984753352611,-0.977387951764625,FALSE,30,10
454,1,-0.604956031,7.0883301,95,3,401.5176301587301,1.8333333333333333,0.13785892062798596,0.5078984753352611,-0.977387951764625,FALSE,30,10
454,2,-0.812901407,7.22774735,95,3,401.5176301587301,1.8333333333333333,0.13785892062798596,0.5078984753352611,-0.977387951764625,FALSE,30,10
454,3,-1.02084678,7.0883301,95,3,401.5176301587301,1.8333333333333333,0.13785892062798596,0.5078984753352611,-0.977387951764625,FALSE,30,10
454,4,-1.02084678,6.80949561,95,3,401.5176301587301,1.8333333333333333,0.13785892062798596,0.5078984753352611,-0.977387951764625,FALSE,30,10
454,5,-0.812901407,6.67007837,95,3,401.5176301587301,1.8333333333333333,0.13785892062798596,0.5078984753352611,-0.977387951764625,FALSE,30,10
454,6,-0.604956031,6.80949561,95,3,401.5176301587301,1.8333333333333333,0.13785892062798596,0.5078984753352611,-0.977387951764625,FALSE,30,10
455,0,-0.604956031,7.64599912,34,1,58.16929761904762,0.6666666666666666,0.3460293839625056,0.8943579881544801,-0.1610756747124431,FALSE,30,10
455,1,-0.604956031,7.92483361,34,1,58.16929761904762,0.6666666666666666,0.3460293839625056,0.8943579881544801,-0.1610756747124431,FALSE,30,10
455,2,-0.812901407,8.06425086,34,1,58.16929761904762,0.6666666666666666,0.3460293839625056,0.8943579881544801,-0.1610756747124431,FALSE,30,10
455,3,-1.02084678,7.92483361,34,1,58.16929761904762,0.6666666666666666,0.3460293839625056,0.8943579881544801,-0.1610756747124431,FALSE,30,10
455,4,-1.02084678,7.64599912,34,1,58.16929761904762,0.6666666666666666,0.3460293839625056,0.8943579881544801,-0.1610756747124431,FALSE,30,10
455,5,-0.812901407,7.50658187,34,1,58.16929761904762,0.6666666666666666,0.3460293839625056,0.8943579881544801,-0.1610756747124431,FALSE,30,10
455,6,-0.604956031,7.64599912,34,1,58.16929761904762,0.6666666666666666,0.3460293839625056,0.8943579881544801,-0.1610756747124431,FALSE,30,10
456,0,-0.604956031,8.48250262,3,0,5.654,0,0,0.9816176884943376,0,TRUE,30,10
456,1,-0.604956031,8.76133712,3,0,5.654,0,0,0.9816176884943376,0,TRUE,30,10
456,2,-0.812901407,8.90075436,3,0,5.654,0,0,0.9816176884943376,0,TRUE,30,10
456,3,-1.02084678,8.76133712,3,0,5.654,0,0,0.9816176884943376,0,TRUE,30,10
456,4,-1.02084678,8.48250262,3,0,5.654,0,0,0.9816176884943376,0,TRUE,30,10
456,5,-0.812901407,8.34308538,3,0,5.654,0,0,0.9816176884943376,0,TRUE,30,10
456,6,-0.604956031,8.48250262,3,0,5.654,0,0,0.9816176884943376,0,TRUE,30,10
457,0,-0.604956031,9.31900613,1,0,1.840666666666667,0,0,0.9939404904805031,0,TRUE,30,10
457,1,-0.604956031,9.59784062,1,0,1.840666666666667,0,0,0.9939404904805031,0,TRUE,30,10
457,2,-0.812901407,9.73725787,1,0,1.840666666666667,0,0,0.9939404904805031,0,TRUE,30,10
457,3,-1.02084678,9.59784062,1,0,1.840666666666667,0,0,0.9939404904805031,0,TRUE,30,10
457,4,-1.02084678,9.31900613,1,0,1.840666666666667,0,0,0.9939404904805031,0,TRUE,30,10
457,5,-0.812901407,9.17958888,1,0,1.840666666666667,0,0,0.9939404904805031,0,TRUE,30,10
457,6,-0.604956031,9.31900613,1,0,1.840666666666667,0,0,0.9939404904805031,0,TRUE,30,10
458,0,-0.604956031,10.1555096,881,0,8940.850184126984,0,0,0.03266598076657731,-2,FALSE,30,10
458,1,-0.604956031,10.4343441,881,0,8940.850184126984,0,0,0.03266598076657731,-2,FALSE,30,10
458,2,-0.812901407,10.5737614,881,0,8940.850184126984,0,0,0.03266598076657731,-2,FALSE,30,10
458,3,-1.02084678,10.4343441,881,0,8940.850184126984,0,0,0.03266598076657731,-2,FALSE,30,10
458,4,-1.02084678,10.1555096,881,0,8940.850184126984,0,0,0.03266598076657731,-2,FALSE,30,10
458,5,-0.812901407,10.0160924,881,0,8940.850184126984,0,0,0.03266598076657731,-2,FALSE,30,10
458,6,-0.604956031,10.1555096,881,0,8940.850184126984,0,0,0.03266598076657731,-2,FALSE,30,10
459,0,-0.189065278,-7.41106398,1,0,0.642,0,0,0.9978781509566806,0,TRUE,30,10
459,1,-0.189065278,-7.13222949,1,0,0.642,0,0,0.9978781509566806,0,TRUE,30,10
459,2,-0.397010654,-6.99281225,1,0,0.642,0,0,0.9978781509566806,0,TRUE,30,10
459,3,-0.604956031,-7.13222949,1,0,0.642,0,0,0.9978781509566806,0,TRUE,30,10
459,4,-0.604956031,-7.41106398,1,0,0.642,0,0,0.9978781509566806,0,TRUE,30,10
459,5,-0.397010654,-7.55048123,1,0,0.642,0,0,0.9978781509566806,0,TRUE,30,10
459,6,-0.189065278,-7.41106398,1,0,0.642,0,0,0.9978781509566806,0,TRUE,30,10
460,0,-0.189065278,-6.57456048,114,5,172.82155555555556,4,0.6988116553845118,0.8903585184450589,-0.16754171540118562,FALSE,30,10
460,1,-0.189065278,-6.29572599,114,5,172.82155555555556,4,0.6988116553845118,0.8903585184450589,-0.16754171540118562,FALSE,30,10
460,2,-0.397010654,-6.15630874,114,5,172.82155555555556,4,0.6988116553845118,0.8903585184450589,-0.16754171540118562,FALSE,30,10
460,3,-0.604956031,-6.29572599,114,5,172.82155555555556,4,0.6988116553845118,0.8903585184450589,-0.16754171540118562,FALSE,30,10
460,4,-0.604956031,-6.57456048,114,5,172.82155555555556,4,0.6988116553845118,0.8903585184450589,-0.16754171540118562,FALSE,30,10
460,5,-0.397010654,-6.71397772,114,5,172.82155555555556,4,0.6988116553845118,0.8903585184450589,-0.16754171540118562,FALSE,30,10
460,6,-0.189065278,-6.57456048,114,5,172.82155555555556,4,0.6988116553845118,0.8903585184450589,-0.16754171540118562,FALSE,30,10
461,0,-0.189065278,-5.73805697,126,8,204.36723333333333,4.916666666666667,0.7263694304417956,0.8895475837274763,-0.16885631460960793,FALSE,30,10
461,1,-0.189065278,-5.45922248,126,8,204.36723333333333,4.916666666666667,0.7263694304417956,0.8895475837274763,-0.16885631460960793,FALSE,30,10
461,2,-0.397010654,-5.31980523,126,8,204.36723333333333,4.916666666666667,0.7263694304417956,0.8895475837274763,-0.16885631460960793,FALSE,30,10
461,3,-0.604956031,-5.45922248,126,8,204.36723333333333,4.916666666666667,0.7263694304417956,0.8895475837274763,-0.16885631460960793,FALSE,30,10
461,4,-0.604956031,-5.73805697,126,8,204.36723333333333,4.916666666666667,0.7263694304417956,0.8895475837274763,-0.16885631460960793,FALSE,30,10
461,5,-0.397010654,-5.87747422,126,8,204.36723333333333,4.916666666666667,0.7263694304417956,0.8895475837274763,-0.16885631460960793,FALSE,30,10
461,6,-0.189065278,-5.73805697,126,8,204.36723333333333,4.916666666666667,0.7263694304417956,0.8895475837274763,-0.16885631460960793,FALSE,30,10
462,0,-0.189065278,-4.90155347,86,10,120.22861904761903,5.516666666666667,1.3853737138069788,1.1097539495097493,0.15023984308786767,FALSE,30,10
462,1,-0.189065278,-4.62271897,86,10,120.22861904761903,5.516666666666667,1.3853737138069788,1.1097539495097493,0.15023984308786767,FALSE,30,10
462,2,-0.397010654,-4.48330173,86,10,120.22861904761903,5.516666666666667,1.3853737138069788,1.1097539495097493,0.15023984308786767,FALSE,30,10
462,3,-0.604956031,-4.62271897,86,10,120.22861904761903,5.516666666666667,1.3853737138069788,1.1097539495097493,0.15023984308786767,FALSE,30,10
462,4,-0.604956031,-4.90155347,86,10,120.22861904761903,5.516666666666667,1.3853737138069788,1.1097539495097493,0.15023984308786767,FALSE,30,10
462,5,-0.397010654,-5.04097071,86,10,120.22861904761903,5.516666666666667,1.3853737138069788,1.1097539495097493,0.15023984308786767,FALSE,30,10
462,6,-0.189065278,-4.90155347,86,10,120.22861904761903,5.516666666666667,1.3853737138069788,1.1097539495097493,0.15023984308786767,FALSE,30,10
463,0,-0.189065278,-4.06504996,114,11,165.97778888888888,10.166666666666666,1.8493821789035276,1.3012993131246235,0.3799528359184064,FALSE,30,10
463,1,-0.189065278,-3.78621547,114,11,165.97778888888888,10.166666666666666,1.8493821789035276,1.3012993131246235,0.3799528359184064,FALSE,30,10
463,2,-0.397010654,-3.64679822,114,11,165.97778888888888,10.166666666666666,1.8493821789035276,1.3012993131246235,0.3799528359184064,FALSE,30,10
463,3,-0.604956031,-3.78621547,114,11,165.97778888888888,10.166666666666666,1.8493821789035276,1.3012993131246235,0.3799528359184064,FALSE,30,10
463,4,-0.604956031,-4.06504996,114,11,165.97778888888888,10.166666666666666,1.8493821789035276,1.3012993131246235,0.3799528359184064,FALSE,30,10
463,5,-0.397010654,-4.20446721,114,11,165.97778888888888,10.166666666666666,1.8493821789035276,1.3012993131246235,0.3799528359184064,FALSE,30,10
463,6,-0.189065278,-4.06504996,114,11,165.97778888888888,10.166666666666666,1.8493821789035276,1.3012993131246235,0.3799528359184064,FALSE,30,10
464,0,-0.189065278,-3.22854646,183,33,460.1946,26.833333333333332,1.7604802846039271,1.4592051495552505,0.5451827259151233,FALSE,30,10
464,1,-0.189065278,-2.94971196,183,33,460.1946,26.833333333333332,1.7604802846039271,1.4592051495552505,0.5451827259151233,FALSE,30,10
464,2,-0.397010654,-2.81029472,183,33,460.1946,26.833333333333332,1.7604802846039271,1.4592051495552505,0.5451827259151233,FALSE,30,10
464,3,-0.604956031,-2.94971196,183,33,460.1946,26.833333333333332,1.7604802846039271,1.4592051495552505,0.5451827259151233,FALSE,30,10
464,4,-0.604956031,-3.22854646,183,33,460.1946,26.833333333333332,1.7604802846039271,1.4592051495552505,0.5451827259151233,FALSE,30,10
464,5,-0.397010654,-3.3679637,183,33,460.1946,26.833333333333332,1.7604802846039271,1.4592051495552505,0.5451827259151233,FALSE,30,10
464,6,-0.189065278,-3.22854646,183,33,460.1946,26.833333333333332,1.7604802846039271,1.4592051495552505,0.5451827259151233,FALSE,30,10
465,0,-0.189065278,-2.39204295,257,37,599.4328888888889,33.833333333333336,1.704128259614681,1.468269011602675,0.5541163184192498,FALSE,30,10
465,1,-0.189065278,-2.11320846,257,37,599.4328888888889,33.833333333333336,1.704128259614681,1.468269011602675,0.5541163184192498,FALSE,30,10
465,2,-0.397010654,-1.97379121,257,37,599.4328888888889,33.833333333333336,1.704128259614681,1.468269011602675,0.5541163184192498,FALSE,30,10
465,3,-0.604956031,-2.11320846,257,37,599.4328888888889,33.833333333333336,1.704128259614681,1.468269011602675,0.5541163184192498,FALSE,30,10
465,4,-0.604956031,-2.39204295,257,37,599.4328888888889,33.833333333333336,1.704128259614681,1.468269011602675,0.5541163184192498,FALSE,30,10
465,5,-0.397010654,-2.5314602,257,37,599.4328888888889,33.833333333333336,1.704128259614681,1.468269011602675,0.5541163184192498,FALSE,30,10
465,6,-0.189065278,-2.39204295,257,37,599.4328888888889,33.833333333333336,1.704128259614681,1.468269011602675,0.5541163184192498,FALSE,30,10
466,0,-0.189065278,-1.55553944,220,54,488.74387777777775,49.107142857142854,3.0336215096991324,2.257063454591258,1.1744469787146274,FALSE,30,10
466,1,-0.189065278,-1.27670495,220,54,488.74387777777775,49.107142857142854,3.0336215096991324,2.257063454591258,1.1744469787146274,FALSE,30,10
466,2,-0.397010654,-1.13728771,220,54,488.74387777777775,49.107142857142854,3.0336215096991324,2.257063454591258,1.1744469787146274,FALSE,30,10
466,3,-0.604956031,-1.27670495,220,54,488.74387777777775,49.107142857142854,3.0336215096991324,2.257063454591258,1.1744469787146274,FALSE,30,10
466,4,-0.604956031,-1.55553944,220,54,488.74387777777775,49.107142857142854,3.0336215096991324,2.257063454591258,1.1744469787146274,FALSE,30,10
466,5,-0.397010654,-1.69495669,220,54,488.74387777777775,49.107142857142854,3.0336215096991324,2.257063454591258,1.1744469787146274,FALSE,30,10
466,6,-0.189065278,-1.55553944,220,54,488.74387777777775,49.107142857142854,3.0336215096991324,2.257063454591258,1.1744469787146274,FALSE,30,10
467,0,-0.189065278,-0.719035938,236,29,426.99923333333334,22.466666666666665,1.5885818818470827,1.3447879003988463,0.42737864923378066,FALSE,30,10
467,1,-0.189065278,-0.440201446,236,29,426.99923333333334,22.466666666666665,1.5885818818470827,1.3447879003988463,0.42737864923378066,FALSE,30,10
467,2,-0.397010654,-0.3007842,236,29,426.99923333333334,22.466666666666665,1.5885818818470827,1.3447879003988463,0.42737864923378066,FALSE,30,10
467,3,-0.604956031,-0.440201446,236,29,426.99923333333334,22.466666666666665,1.5885818818470827,1.3447879003988463,0.42737864923378066,FALSE,30,10
467,4,-0.604956031,-0.719035938,236,29,426.99923333333334,22.466666666666665,1.5885818818470827,1.3447879003988463,0.42737864923378066,FALSE,30,10
467,5,-0.397010654,-0.858453184,236,29,426.99923333333334,22.466666666666665,1.5885818818470827,1.3447879003988463,0.42737864923378066,FALSE,30,10
467,6,-0.189065278,-0.719035938,236,29,426.99923333333334,22.466666666666665,1.5885818818470827,1.3447879003988463,0.42737864923378066,FALSE,30,10
468,0,-0.189065278,0.117467567,319,20,593.7121571428571,13.95,0.7094083961392956,0.8073685278345326,-0.3087007449056982,FALSE,30,10
468,1,-0.189065278,0.396302059,319,20,593.7121571428571,13.95,0.7094083961392956,0.8073685278345326,-0.3087007449056982,FALSE,30,10
468,2,-0.397010654,0.535719305,319,20,593.7121571428571,13.95,0.7094083961392956,0.8073685278345326,-0.3087007449056982,FALSE,30,10
468,3,-0.604956031,0.396302059,319,20,593.7121571428571,13.95,0.7094083961392956,0.8073685278345326,-0.3087007449056982,FALSE,30,10
468,4,-0.604956031,0.117467567,319,20,593.7121571428571,13.95,0.7094083961392956,0.8073685278345326,-0.3087007449056982,FALSE,30,10
468,5,-0.397010654,-0.0219496787,319,20,593.7121571428571,13.95,0.7094083961392956,0.8073685278345326,-0.3087007449056982,FALSE,30,10
468,6,-0.189065278,0.117467567,319,20,593.7121571428571,13.95,0.7094083961392956,0.8073685278345326,-0.3087007449056982,FALSE,30,10
469,0,-0.189065278,0.953971073,474,21,1247.944774603175,16.833333333333332,0.4072609921645302,0.5227302984194416,-0.9358613118806332,FALSE,30,10
469,1,-0.189065278,1.23280556,474,21,1247.944774603175,16.833333333333332,0.4072609921645302,0.5227302984194416,-0.9358613118806332,FALSE,30,10
469,2,-0.397010654,1.37222281,474,21,1247.944774603175,16.833333333333332,0.4072609921645302,0.5227302984194416,-0.9358613118806332,FALSE,30,10
469,3,-0.604956031,1.23280556,474,21,1247.944774603175,16.833333333333332,0.4072609921645302,0.5227302984194416,-0.9358613118806332,FALSE,30,10
469,4,-0.604956031,0.953971073,474,21,1247.944774603175,16.833333333333332,0.4072609921645302,0.5227302984194416,-0.9358613118806332,FALSE,30,10
469,5,-0.397010654,0.814553827,474,21,1247.944774603175,16.833333333333332,0.4072609921645302,0.5227302984194416,-0.9358613118806332,FALSE,30,10
469,6,-0.189065278,0.953971073,474,21,1247.944774603175,16.833333333333332,0.4072609921645302,0.5227302984194416,-0.9358613118806332,FALSE,30,10
470,0,-0.189065278,1.79047458,395,20,1017.6405274170274,16.626190476190477,0.4932833033584708,0.6092231027064757,-0.7149574427402771,FALSE,30,10
470,1,-0.189065278,2.06930907,395,20,1017.6405274170274,16.626190476190477,0.4932833033584708,0.6092231027064757,-0.7149574427402771,FALSE,30,10
470,2,-0.397010654,2.20872632,395,20,1017.6405274170274,16.626190476190477,0.4932833033584708,0.6092231027064757,-0.7149574427402771,FALSE,30,10
470,3,-0.604956031,2.06930907,395,20,1017.6405274170274,16.626190476190477,0.4932833033584708,0.6092231027064757,-0.7149574427402771,FALSE,30,10
470,4,-0.604956031,1.79047458,395,20,1017.6405274170274,16.626190476190477,0.4932833033584708,0.6092231027064757,-0.7149574427402771,FALSE,30,10
470,5,-0.397010654,1.65105733,395,20,1017.6405274170274,16.626190476190477,0.4932833033584708,0.6092231027064757,-0.7149574427402771,FALSE,30,10
470,6,-0.189065278,1.79047458,395,20,1017.6405274170274,16.626190476190477,0.4932833033584708,0.6092231027064757,-0.7149574427402771,FALSE,30,10
471,0,-0.189065278,2.62697808,53,4,164.22433333333333,3.5,0.6434704316559836,0.8743945013920493,-0.19364376620069756,FALSE,30,10
471,1,-0.189065278,2.90581258,53,4,164.22433333333333,3.5,0.6434704316559836,0.8743945013920493,-0.19364376620069756,FALSE,30,10
471,2,-0.397010654,3.04522982,53,4,164.22433333333333,3.5,0.6434704316559836,0.8743945013920493,-0.19364376620069756,FALSE,30,10
471,3,-0.604956031,2.90581258,53,4,164.22433333333333,3.5,0.6434704316559836,0.8743945013920493,-0.19364376620069756,FALSE,30,10
471,4,-0.604956031,2.62697808,53,4,164.22433333333333,3.5,0.6434704316559836,0.8743945013920493,-0.19364376620069756,FALSE,30,10
471,5,-0.397010654,2.48756084,53,4,164.22433333333333,3.5,0.6434704316559836,0.8743945013920493,-0.19364376620069756,FALSE,30,10
471,6,-0.189065278,2.62697808,53,4,164.22433333333333,3.5,0.6434704316559836,0.8743945013920493,-0.19364376620069756,FALSE,30,10
472,0,-0.189065278,3.46348159,6,2,61.53066666666667,1.8,0.8832404350528225,0.980233331053246,0,TRUE,30,10
472,1,-0.189065278,3.74231608,6,2,61.53066666666667,1.8,0.8832404350528225,0.980233331053246,0,TRUE,30,10
472,2,-0.397010654,3.88173333,6,2,61.53066666666667,1.8,0.8832404350528225,0.980233331053246,0,TRUE,30,10
472,3,-0.604956031,3.74231608,6,2,61.53066666666667,1.8,0.8832404350528225,0.980233331053246,0,TRUE,30,10
472,4,-0.604956031,3.46348159,6,2,61.53066666666667,1.8,0.8832404350528225,0.980233331053246,0,TRUE,30,10
472,5,-0.397010654,3.32406434,6,2,61.53066666666667,1.8,0.8832404350528225,0.980233331053246,0,TRUE,30,10
472,6,-0.189065278,3.46348159,6,2,61.53066666666667,1.8,0.8832404350528225,0.980233331053246,0,TRUE,30,10
473,0,-0.189065278,4.2999851,10,0,35.269333333333336,0,0,0.8954033215738548,0,TRUE,30,10
473,1,-0.189065278,4.57881959,10,0,35.269333333333336,0,0,0.8954033215738548,0,TRUE,30,10
473,2,-0.397010654,4.71823683,10,0,35.269333333333336,0,0,0.8954033215738548,0,TRUE,30,10
473,3,-0.604956031,4.57881959,10,0,35.269333333333336,0,0,0.8954033215738548,0,TRUE,30,10
473,4,-0.604956031,4.2999851,10,0,35.269333333333336,0,0,0.8954033215738548,0,TRUE,30,10
473,5,-0.397010654,4.16056785,10,0,35.269333333333336,0,0,0.8954033215738548,0,TRUE,30,10
473,6,-0.189065278,4.2999851,10,0,35.269333333333336,0,0,0.8954033215738548,0,TRUE,30,10
474,0,-0.189065278,5.1364886,5,0,9.132333333333332,0,0,0.9706409298143268,0,TRUE,30,10
474,1,-0.189065278,5.41532309,5,0,9.132333333333332,0,0,0.9706409298143268,0,TRUE,30,10
474,2,-0.397010654,5.55474034,5,0,9.132333333333332,0,0,0.9706409298143268,0,TRUE,30,10
474,3,-0.604956031,5.41532309,5,0,9.132333333333332,0,0,0.9706409298143268,0,TRUE,30,10
474,4,-0.604956031,5.1364886,5,0,9.132333333333332,0,0,0.9706409298143268,0,TRUE,30,10
474,5,-0.397010654,4.99707136,5,0,9.132333333333332,0,0,0.9706409298143268,0,TRUE,30,10
474,6,-0.189065278,5.1364886,5,0,9.132333333333332,0,0,0.9706409298143268,0,TRUE,30,10
475,0,-0.189065278,5.97299211,89,1,180.02080714285714,0.25,0.04192908282404345,0.6421320610000271,-0.6390580620928749,FALSE,30,10
475,1,-0.189065278,6.2518266,89,1,180.02080714285714,0.25,0.04192908282404345,0.6421320610000271,-0.6390580620928749,FALSE,30,10
475,2,-0.397010654,6.39124385,89,1,180.02080714285714,0.25,0.04192908282404345,0.6421320610000271,-0.6390580620928749,FALSE,30,10
475,3,-0.604956031,6.2518266,89,1,180.02080714285714,0.25,0.04192908282404345,0.6421320610000271,-0.6390580620928749,FALSE,30,10
475,4,-0.604956031,5.97299211,89,1,180.02080714285714,0.25,0.04192908282404345,0.6421320610000271,-0.6390580620928749,FALSE,30,10
475,5,-0.397010654,5.83357486,89,1,180.02080714285714,0.25,0.04192908282404345,0.6421320610000271,-0.6390580620928749,FALSE,30,10
475,6,-0.189065278,5.97299211,89,1,180.02080714285714,0.25,0.04192908282404345,0.6421320610000271,-0.6390580620928749,FALSE,30,10
476,0,-0.189065278,6.80949561,140,0,476.6198619047619,0,0,0.3878062551591147,-1.3665920211635043,FALSE,30,10
476,1,-0.189065278,7.0883301,140,0,476.6198619047619,0,0,0.3878062551591147,-1.3665920211635043,FALSE,30,10
476,2,-0.397010654,7.22774735,140,0,476.6198619047619,0,0,0.3878062551591147,-1.3665920211635043,FALSE,30,10
476,3,-0.604956031,7.0883301,140,0,476.6198619047619,0,0,0.3878062551591147,-1.3665920211635043,FALSE,30,10
476,4,-0.604956031,6.80949561,140,0,476.6198619047619,0,0,0.3878062551591147,-1.3665920211635043,FALSE,30,10
476,5,-0.397010654,6.67007837,140,0,476.6198619047619,0,0,0.3878062551591147,-1.3665920211635043,FALSE,30,10
476,6,-0.189065278,6.80949561,140,0,476.6198619047619,0,0,0.3878062551591147,-1.3665920211635043,FALSE,30,10
477,0,-0.189065278,7.64599912,17,0,25.941416666666665,0,0,0.92087792081541,0,TRUE,30,10
477,1,-0.189065278,7.92483361,17,0,25.941416666666665,0,0,0.92087792081541,0,TRUE,30,10
477,2,-0.397010654,8.06425086,17,0,25.941416666666665,0,0,0.92087792081541,0,TRUE,30,10
477,3,-0.604956031,7.92483361,17,0,25.941416666666665,0,0,0.92087792081541,0,TRUE,30,10
477,4,-0.604956031,7.64599912,17,0,25.941416666666665,0,0,0.92087792081541,0,TRUE,30,10
477,5,-0.397010654,7.50658187,17,0,25.941416666666665,0,0,0.92087792081541,0,TRUE,30,10
477,6,-0.189065278,7.64599912,17,0,25.941416666666665,0,0,0.92087792081541,0,TRUE,30,10
478,0,-0.189065278,8.48250262,2,0,4.904,0,0,0.9840171193239696,0,TRUE,30,10
478,1,-0.189065278,8.76133712,2,0,4.904,0,0,0.9840171193239696,0,TRUE,30,10
478,2,-0.397010654,8.90075436,2,0,4.904,0,0,0.9840171193239696,0,TRUE,30,10
478,3,-0.604956031,8.76133712,2,0,4.904,0,0,0.9840171193239696,0,TRUE,30,10
478,4,-0.604956031,8.48250262,2,0,4.904,0,0,0.9840171193239696,0,TRUE,30,10
478,5,-0.397010654,8.34308538,2,0,4.904,0,0,0.9840171193239696,0,TRUE,30,10
478,6,-0.189065278,8.48250262,2,0,4.904,0,0,0.9840171193239696,0,TRUE,30,10
479,0,-0.189065278,9.31900613,1,1,1,1,30.19242933097604,1.096368729665154,0,TRUE,30,10
479,1,-0.189065278,9.59784062,1,1,1,1,30.19242933097604,1.096368729665154,0,TRUE,30,10
479,2,-0.397010654,9.73725787,1,1,1,1,30.19242933097604,1.096368729665154,0,TRUE,30,10
479,3,-0.604956031,9.59784062,1,1,1,1,30.19242933097604,1.096368729665154,0,TRUE,30,10
479,4,-0.604956031,9.31900613,1,1,1,1,30.19242933097604,1.096368729665154,0,TRUE,30,10
479,5,-0.397010654,9.17958888,1,1,1,1,30.19242933097604,1.096368729665154,0,TRUE,30,10
479,6,-0.189065278,9.31900613,1,1,1,1,30.19242933097604,1.096368729665154,0,TRUE,30,10
480,0,-0.189065278,10.1555096,64,1,440.7912333333333,1,0.06849598414799699,0.447165449929166,-1.1611193716915922,FALSE,30,10
480,1,-0.189065278,10.4343441,64,1,440.7912333333333,1,0.06849598414799699,0.447165449929166,-1.1611193716915922,FALSE,30,10
480,2,-0.397010654,10.5737614,64,1,440.7912333333333,1,0.06849598414799699,0.447165449929166,-1.1611193716915922,FALSE,30,10
480,3,-0.604956031,10.4343441,64,1,440.7912333333333,1,0.06849598414799699,0.447165449929166,-1.1611193716915922,FALSE,30,10
480,4,-0.604956031,10.1555096,64,1,440.7912333333333,1,0.06849598414799699,0.447165449929166,-1.1611193716915922,FALSE,30,10
480,5,-0.397010654,10.0160924,64,1,440.7912333333333,1,0.06849598414799699,0.447165449929166,-1.1611193716915922,FALSE,30,10
480,6,-0.189065278,10.1555096,64,1,440.7912333333333,1,0.06849598414799699,0.447165449929166,-1.1611193716915922,FALSE,30,10
481,0,0.226825476,-6.57456048,450,56,793.4471518518518,39.71666666666667,1.5113075253928985,1.3703725357598278,0.4545681431368979,FALSE,30,10
481,1,0.226825476,-6.29572599,450,56,793.4471518518518,39.71666666666667,1.5113075253928985,1.3703725357598278,0.4545681431368979,FALSE,30,10
481,2,0.0188800991,-6.15630874,450,56,793.4471518518518,39.71666666666667,1.5113075253928985,1.3703725357598278,0.4545681431368979,FALSE,30,10
481,3,-0.189065278,-6.29572599,450,56,793.4471518518518,39.71666666666667,1.5113075253928985,1.3703725357598278,0.4545681431368979,FALSE,30,10
481,4,-0.189065278,-6.57456048,450,56,793.4471518518518,39.71666666666667,1.5113075253928985,1.3703725357598278,0.4545681431368979,FALSE,30,10
481,5,0.0188800991,-6.71397772,450,56,793.4471518518518,39.71666666666667,1.5113075253928985,1.3703725357598278,0.4545681431368979,FALSE,30,10
481,6,0.226825476,-6.57456048,450,56,793.4471518518518,39.71666666666667,1.5113075253928985,1.3703725357598278,0.4545681431368979,FALSE,30,10
482,0,0.226825476,-5.73805697,284,34,481.87854444444446,27.4,1.716765714527718,1.4406644153189607,0.5267343169570309,FALSE,30,10
482,1,0.226825476,-5.45922248,284,34,481.87854444444446,27.4,1.716765714527718,1.4406644153189607,0.5267343169570309,FALSE,30,10
482,2,0.0188800991,-5.31980523,284,34,481.87854444444446,27.4,1.716765714527718,1.4406644153189607,0.5267343169570309,FALSE,30,10
482,3,-0.189065278,-5.45922248,284,34,481.87854444444446,27.4,1.716765714527718,1.4406644153189607,0.5267343169570309,FALSE,30,10
482,4,-0.189065278,-5.73805697,284,34,481.87854444444446,27.4,1.716765714527718,1.4406644153189607,0.5267343169570309,FALSE,30,10
482,5,0.0188800991,-5.87747422,284,34,481.87854444444446,27.4,1.716765714527718,1.4406644153189607,0.5267343169570309,FALSE,30,10
482,6,0.226825476,-5.73805697,284,34,481.87854444444446,27.4,1.716765714527718,1.4406644153189607,0.5267343169570309,FALSE,30,10
483,0,0.226825476,-4.90155347,101,11,113.14466031746032,8.5,2.268208226470699,1.345703979403642,0.4283610886890157,FALSE,30,10
483,1,0.226825476,-4.62271897,101,11,113.14466031746032,8.5,2.268208226470699,1.345703979403642,0.4283610886890157,FALSE,30,10
483,2,0.0188800991,-4.48330173,101,11,113.14466031746032,8.5,2.268208226470699,1.345703979403642,0.4283610886890157,FALSE,30,10
483,3,-0.189065278,-4.62271897,101,11,113.14466031746032,8.5,2.268208226470699,1.345703979403642,0.4283610886890157,FALSE,30,10
483,4,-0.189065278,-4.90155347,101,11,113.14466031746032,8.5,2.268208226470699,1.345703979403642,0.4283610886890157,FALSE,30,10
483,5,0.0188800991,-5.04097071,101,11,113.14466031746032,8.5,2.268208226470699,1.345703979403642,0.4283610886890157,FALSE,30,10
483,6,0.226825476,-4.90155347,101,11,113.14466031746032,8.5,2.268208226470699,1.345703979403642,0.4283610886890157,FALSE,30,10
484,0,0.226825476,-4.06504996,173,21,347.2170777777778,19.5,1.6956319537106406,1.3720842715225483,0.4563690925705013,FALSE,30,10
484,1,0.226825476,-3.78621547,173,21,347.2170777777778,19.5,1.6956319537106406,1.3720842715225483,0.4563690925705013,FALSE,30,10
484,2,0.0188800991,-3.64679822,173,21,347.2170777777778,19.5,1.6956319537106406,1.3720842715225483,0.4563690925705013,FALSE,30,10
484,3,-0.189065278,-3.78621547,173,21,347.2170777777778,19.5,1.6956319537106406,1.3720842715225483,0.4563690925705013,FALSE,30,10
484,4,-0.189065278,-4.06504996,173,21,347.2170777777778,19.5,1.6956319537106406,1.3720842715225483,0.4563690925705013,FALSE,30,10
484,5,0.0188800991,-4.20446721,173,21,347.2170777777778,19.5,1.6956319537106406,1.3720842715225483,0.4563690925705013,FALSE,30,10
484,6,0.226825476,-4.06504996,173,21,347.2170777777778,19.5,1.6956319537106406,1.3720842715225483,0.4563690925705013,FALSE,30,10
485,0,0.226825476,-3.22854646,291,42,555.0866888888888,34.66025641025641,1.885250291904673,1.5733773120510446,0.6538646853434164,FALSE,30,10
485,1,0.226825476,-2.94971196,291,42,555.0866888888888,34.66025641025641,1.885250291904673,1.5733773120510446,0.6538646853434164,FALSE,30,10
485,2,0.0188800991,-2.81029472,291,42,555.0866888888888,34.66025641025641,1.885250291904673,1.5733773120510446,0.6538646853434164,FALSE,30,10
485,3,-0.189065278,-2.94971196,291,42,555.0866888888888,34.66025641025641,1.885250291904673,1.5733773120510446,0.6538646853434164,FALSE,30,10
485,4,-0.189065278,-3.22854646,291,42,555.0866888888888,34.66025641025641,1.885250291904673,1.5733773120510446,0.6538646853434164,FALSE,30,10
485,5,0.0188800991,-3.3679637,291,42,555.0866888888888,34.66025641025641,1.885250291904673,1.5733773120510446,0.6538646853434164,FALSE,30,10
485,6,0.226825476,-3.22854646,291,42,555.0866888888888,34.66025641025641,1.885250291904673,1.5733773120510446,0.6538646853434164,FALSE,30,10
486,0,0.226825476,-2.39204295,162,10,467.09205555555553,8.75,0.5655924854723172,0.736145662951241,-0.44193683074522094,FALSE,30,10
486,1,0.226825476,-2.11320846,162,10,467.09205555555553,8.75,0.5655924854723172,0.736145662951241,-0.44193683074522094,FALSE,30,10
486,2,0.0188800991,-1.97379121,162,10,467.09205555555553,8.75,0.5655924854723172,0.736145662951241,-0.44193683074522094,FALSE,30,10
486,3,-0.189065278,-2.11320846,162,10,467.09205555555553,8.75,0.5655924854723172,0.736145662951241,-0.44193683074522094,FALSE,30,10
486,4,-0.189065278,-2.39204295,162,10,467.09205555555553,8.75,0.5655924854723172,0.736145662951241,-0.44193683074522094,FALSE,30,10
486,5,0.0188800991,-2.5314602,162,10,467.09205555555553,8.75,0.5655924854723172,0.736145662951241,-0.44193683074522094,FALSE,30,10
486,6,0.226825476,-2.39204295,162,10,467.09205555555553,8.75,0.5655924854723172,0.736145662951241,-0.44193683074522094,FALSE,30,10
487,0,0.226825476,-1.55553944,56,11,70.88377777777778,8.333333333333334,3.5495226925816015,1.484752917106029,0.5702228671038274,FALSE,30,10
487,1,0.226825476,-1.27670495,56,11,70.88377777777778,8.333333333333334,3.5495226925816015,1.484752917106029,0.5702228671038274,FALSE,30,10
487,2,0.0188800991,-1.13728771,56,11,70.88377777777778,8.333333333333334,3.5495226925816015,1.484752917106029,0.5702228671038274,FALSE,30,10
487,3,-0.189065278,-1.27670495,56,11,70.88377777777778,8.333333333333334,3.5495226925816015,1.484752917106029,0.5702228671038274,FALSE,30,10
487,4,-0.189065278,-1.55553944,56,11,70.88377777777778,8.333333333333334,3.5495226925816015,1.484752917106029,0.5702228671038274,FALSE,30,10
487,5,0.0188800991,-1.69495669,56,11,70.88377777777778,8.333333333333334,3.5495226925816015,1.484752917106029,0.5702228671038274,FALSE,30,10
487,6,0.226825476,-1.55553944,56,11,70.88377777777778,8.333333333333334,3.5495226925816015,1.484752917106029,0.5702228671038274,FALSE,30,10
488,0,0.226825476,-0.719035938,375,25,856.374871957672,21.133333333333333,0.7450786963611009,0.8115269307712561,-0.30128912304022915,FALSE,30,10
488,1,0.226825476,-0.440201446,375,25,856.374871957672,21.133333333333333,0.7450786963611009,0.8115269307712561,-0.30128912304022915,FALSE,30,10
488,2,0.0188800991,-0.3007842,375,25,856.374871957672,21.133333333333333,0.7450786963611009,0.8115269307712561,-0.30128912304022915,FALSE,30,10
488,3,-0.189065278,-0.440201446,375,25,856.374871957672,21.133333333333333,0.7450786963611009,0.8115269307712561,-0.30128912304022915,FALSE,30,10
488,4,-0.189065278,-0.719035938,375,25,856.374871957672,21.133333333333333,0.7450786963611009,0.8115269307712561,-0.30128912304022915,FALSE,30,10
488,5,0.0188800991,-0.858453184,375,25,856.374871957672,21.133333333333333,0.7450786963611009,0.8115269307712561,-0.30128912304022915,FALSE,30,10
488,6,0.226825476,-0.719035938,375,25,856.374871957672,21.133333333333333,0.7450786963611009,0.8115269307712561,-0.30128912304022915,FALSE,30,10
489,0,0.226825476,0.117467567,173,23,423.4828333333333,18.283333333333335,1.3035197796715383,1.1771907271752688,0.235348083212434,FALSE,30,10
489,1,0.226825476,0.396302059,173,23,423.4828333333333,18.283333333333335,1.3035197796715383,1.1771907271752688,0.235348083212434,FALSE,30,10
489,2,0.0188800991,0.535719305,173,23,423.4828333333333,18.283333333333335,1.3035197796715383,1.1771907271752688,0.235348083212434,FALSE,30,10
489,3,-0.189065278,0.396302059,173,23,423.4828333333333,18.283333333333335,1.3035197796715383,1.1771907271752688,0.235348083212434,FALSE,30,10
489,4,-0.189065278,0.117467567,173,23,423.4828333333333,18.283333333333335,1.3035197796715383,1.1771907271752688,0.235348083212434,FALSE,30,10
489,5,0.0188800991,-0.0219496787,173,23,423.4828333333333,18.283333333333335,1.3035197796715383,1.1771907271752688,0.235348083212434,FALSE,30,10
489,6,0.226825476,0.117467567,173,23,423.4828333333333,18.283333333333335,1.3035197796715383,1.1771907271752688,0.235348083212434,FALSE,30,10
490,0,0.226825476,0.953971073,377,3,1127.7157047619048,2.5,0.06693271452079001,0.26398629525352846,-1.9214650603149372,FALSE,30,10
490,1,0.226825476,1.23280556,377,3,1127.7157047619048,2.5,0.06693271452079001,0.26398629525352846,-1.9214650603149372,FALSE,30,10
490,2,0.0188800991,1.37222281,377,3,1127.7157047619048,2.5,0.06693271452079001,0.26398629525352846,-1.9214650603149372,FALSE,30,10
490,3,-0.189065278,1.23280556,377,3,1127.7157047619048,2.5,0.06693271452079001,0.26398629525352846,-1.9214650603149372,FALSE,30,10
490,4,-0.189065278,0.953971073,377,3,1127.7157047619048,2.5,0.06693271452079001,0.26398629525352846,-1.9214650603149372,FALSE,30,10
490,5,0.0188800991,0.814553827,377,3,1127.7157047619048,2.5,0.06693271452079001,0.26398629525352846,-1.9214650603149372,FALSE,30,10
490,6,0.226825476,0.953971073,377,3,1127.7157047619048,2.5,0.06693271452079001,0.26398629525352846,-1.9214650603149372,FALSE,30,10
491,0,0.226825476,1.79047458,194,13,726.6315888888888,10.533333333333331,0.4376728553359263,0.6027394586192328,-0.7303935803009435,FALSE,30,10
491,1,0.226825476,2.06930907,194,13,726.6315888888888,10.533333333333331,0.4376728553359263,0.6027394586192328,-0.7303935803009435,FALSE,30,10
491,2,0.0188800991,2.20872632,194,13,726.6315888888888,10.533333333333331,0.4376728553359263,0.6027394586192328,-0.7303935803009435,FALSE,30,10
491,3,-0.189065278,2.06930907,194,13,726.6315888888888,10.533333333333331,0.4376728553359263,0.6027394586192328,-0.7303935803009435,FALSE,30,10
491,4,-0.189065278,1.79047458,194,13,726.6315888888888,10.533333333333331,0.4376728553359263,0.6027394586192328,-0.7303935803009435,FALSE,30,10
491,5,0.0188800991,1.65105733,194,13,726.6315888888888,10.533333333333331,0.4376728553359263,0.6027394586192328,-0.7303935803009435,FALSE,30,10
491,6,0.226825476,1.79047458,194,13,726.6315888888888,10.533333333333331,0.4376728553359263,0.6027394586192328,-0.7303935803009435,FALSE,30,10
492,0,0.226825476,2.62697808,104,2,383.7238222222222,1.6666666666666663,0.1311378461212267,0.5137402129196931,-0.960889090096386,FALSE,30,10
492,1,0.226825476,2.90581258,104,2,383.7238222222222,1.6666666666666663,0.1311378461212267,0.5137402129196931,-0.960889090096386,FALSE,30,10
492,2,0.0188800991,3.04522982,104,2,383.7238222222222,1.6666666666666663,0.1311378461212267,0.5137402129196931,-0.960889090096386,FALSE,30,10
492,3,-0.189065278,2.90581258,104,2,383.7238222222222,1.6666666666666663,0.1311378461212267,0.5137402129196931,-0.960889090096386,FALSE,30,10
492,4,-0.189065278,2.62697808,104,2,383.7238222222222,1.6666666666666663,0.1311378461212267,0.5137402129196931,-0.960889090096386,FALSE,30,10
492,5,0.0188800991,2.48756084,104,2,383.7238222222222,1.6666666666666663,0.1311378461212267,0.5137402129196931,-0.960889090096386,FALSE,30,10
492,6,0.226825476,2.62697808,104,2,383.7238222222222,1.6666666666666663,0.1311378461212267,0.5137402129196931,-0.960889090096386,FALSE,30,10
493,0,0.226825476,3.46348159,15,0,24.453333333333333,0,0,0.9250765636577352,0,TRUE,30,10
493,1,0.226825476,3.74231608,15,0,24.453333333333333,0,0,0.9250765636577352,0,TRUE,30,10
493,2,0.0188800991,3.88173333,15,0,24.453333333333333,0,0,0.9250765636577352,0,TRUE,30,10
493,3,-0.189065278,3.74231608,15,0,24.453333333333333,0,0,0.9250765636577352,0,TRUE,30,10
493,4,-0.189065278,3.46348159,15,0,24.453333333333333,0,0,0.9250765636577352,0,TRUE,30,10
493,5,0.0188800991,3.32406434,15,0,24.453333333333333,0,0,0.9250765636577352,0,TRUE,30,10
493,6,0.226825476,3.46348159,15,0,24.453333333333333,0,0,0.9250765636577352,0,TRUE,30,10
494,0,0.226825476,4.2999851,292,0,726.1352111111112,0,0,0.2936836749345953,-1.767665022433612,FALSE,30,10
494,1,0.226825476,4.57881959,292,0,726.1352111111112,0,0,0.2936836749345953,-1.767665022433612,FALSE,30,10
494,2,0.0188800991,4.71823683,292,0,726.1352111111112,0,0,0.2936836749345953,-1.767665022433612,FALSE,30,10
494,3,-0.189065278,4.57881959,292,0,726.1352111111112,0,0,0.2936836749345953,-1.767665022433612,FALSE,30,10
494,4,-0.189065278,4.2999851,292,0,726.1352111111112,0,0,0.2936836749345953,-1.767665022433612,FALSE,30,10
494,5,0.0188800991,4.16056785,292,0,726.1352111111112,0,0,0.2936836749345953,-1.767665022433612,FALSE,30,10
494,6,0.226825476,4.2999851,292,0,726.1352111111112,0,0,0.2936836749345953,-1.767665022433612,FALSE,30,10
495,0,0.226825476,5.1364886,69,1,232.3446888888889,0.25,0.03248667903208943,0.5792445583663659,-0.7877555089344839,FALSE,30,10
495,1,0.226825476,5.41532309,69,1,232.3446888888889,0.25,0.03248667903208943,0.5792445583663659,-0.7877555089344839,FALSE,30,10
495,2,0.0188800991,5.55474034,69,1,232.3446888888889,0.25,0.03248667903208943,0.5792445583663659,-0.7877555089344839,FALSE,30,10
495,3,-0.189065278,5.41532309,69,1,232.3446888888889,0.25,0.03248667903208943,0.5792445583663659,-0.7877555089344839,FALSE,30,10
495,4,-0.189065278,5.1364886,69,1,232.3446888888889,0.25,0.03248667903208943,0.5792445583663659,-0.7877555089344839,FALSE,30,10
495,5,0.0188800991,4.99707136,69,1,232.3446888888889,0.25,0.03248667903208943,0.5792445583663659,-0.7877555089344839,FALSE,30,10
495,6,0.226825476,5.1364886,69,1,232.3446888888889,0.25,0.03248667903208943,0.5792445583663659,-0.7877555089344839,FALSE,30,10
496,0,0.226825476,5.97299211,66,1,153.3476264957265,0.25,0.04922219864260084,0.6797528843305891,-0.5569177269740556,FALSE,30,10
496,1,0.226825476,6.2518266,66,1,153.3476264957265,0.25,0.04922219864260084,0.6797528843305891,-0.5569177269740556,FALSE,30,10
496,2,0.0188800991,6.39124385,66,1,153.3476264957265,0.25,0.04922219864260084,0.6797528843305891,-0.5569177269740556,FALSE,30,10
496,3,-0.189065278,6.2518266,66,1,153.3476264957265,0.25,0.04922219864260084,0.6797528843305891,-0.5569177269740556,FALSE,30,10
496,4,-0.189065278,5.97299211,66,1,153.3476264957265,0.25,0.04922219864260084,0.6797528843305891,-0.5569177269740556,FALSE,30,10
496,5,0.0188800991,5.83357486,66,1,153.3476264957265,0.25,0.04922219864260084,0.6797528843305891,-0.5569177269740556,FALSE,30,10
496,6,0.226825476,5.97299211,66,1,153.3476264957265,0.25,0.04922219864260084,0.6797528843305891,-0.5569177269740556,FALSE,30,10
497,0,0.226825476,6.80949561,7,0,16.266166666666667,0,0,0.9488791503432512,0,TRUE,30,10
497,1,0.226825476,7.0883301,7,0,16.266166666666667,0,0,0.9488791503432512,0,TRUE,30,10
497,2,0.0188800991,7.22774735,7,0,16.266166666666667,0,0,0.9488791503432512,0,TRUE,30,10
497,3,-0.189065278,7.0883301,7,0,16.266166666666667,0,0,0.9488791503432512,0,TRUE,30,10
497,4,-0.189065278,6.80949561,7,0,16.266166666666667,0,0,0.9488791503432512,0,TRUE,30,10
497,5,0.0188800991,6.67007837,7,0,16.266166666666667,0,0,0.9488791503432512,0,TRUE,30,10
497,6,0.226825476,6.80949561,7,0,16.266166666666667,0,0,0.9488791503432512,0,TRUE,30,10
499,0,0.226825476,8.48250262,2,1,2.884666666666667,1,10.466522763222567,1.0895897635896965,0,TRUE,30,10
499,1,0.226825476,8.76133712,2,1,2.884666666666667,1,10.466522763222567,1.0895897635896965,0,TRUE,30,10
499,2,0.0188800991,8.90075436,2,1,2.884666666666667,1,10.466522763222567,1.0895897635896965,0,TRUE,30,10
499,3,-0.189065278,8.76133712,2,1,2.884666666666667,1,10.466522763222567,1.0895897635896965,0,TRUE,30,10
499,4,-0.189065278,8.48250262,2,1,2.884666666666667,1,10.466522763222567,1.0895897635896965,0,TRUE,30,10
499,5,0.0188800991,8.34308538,2,1,2.884666666666667,1,10.466522763222567,1.0895897635896965,0,TRUE,30,10
499,6,0.226825476,8.48250262,2,1,2.884666666666667,1,10.466522763222567,1.0895897635896965,0,TRUE,30,10
500,0,0.226825476,9.31900613,90,2,307.7861571428571,2,0.196190950309454,0.5942314941506299,-0.7509030251383904,FALSE,30,10
500,1,0.226825476,9.59784062,90,2,307.7861571428571,2,0.196190950309454,0.5942314941506299,-0.7509030251383904,FALSE,30,10
500,2,0.0188800991,9.73725787,90,2,307.7861571428571,2,0.196190950309454,0.5942314941506299,-0.7509030251383904,FALSE,30,10
500,3,-0.189065278,9.59784062,90,2,307.7861571428571,2,0.196190950309454,0.5942314941506299,-0.7509030251383904,FALSE,30,10
500,4,-0.189065278,9.31900613,90,2,307.7861571428571,2,0.196190950309454,0.5942314941506299,-0.7509030251383904,FALSE,30,10
500,5,0.0188800991,9.17958888,90,2,307.7861571428571,2,0.196190950309454,0.5942314941506299,-0.7509030251383904,FALSE,30,10
500,6,0.226825476,9.31900613,90,2,307.7861571428571,2,0.196190950309454,0.5942314941506299,-0.7509030251383904,FALSE,30,10
501,0,0.226825476,10.1555096,6,0,33.43866666666666,0,0,0.9002911154260533,0,TRUE,30,10
501,1,0.226825476,10.4343441,6,0,33.43866666666666,0,0,0.9002911154260533,0,TRUE,30,10
501,2,0.0188800991,10.5737614,6,0,33.43866666666666,0,0,0.9002911154260533,0,TRUE,30,10
501,3,-0.189065278,10.4343441,6,0,33.43866666666666,0,0,0.9002911154260533,0,TRUE,30,10
501,4,-0.189065278,10.1555096,6,0,33.43866666666666,0,0,0.9002911154260533,0,TRUE,30,10
501,5,0.0188800991,10.0160924,6,0,33.43866666666666,0,0,0.9002911154260533,0,TRUE,30,10
501,6,0.226825476,10.1555096,6,0,33.43866666666666,0,0,0.9002911154260533,0,TRUE,30,10
502,0,0.642716229,-6.57456048,114,15,251.62011111111113,13.5,1.6198935536920906,1.281779896267314,0.35814854758392656,FALSE,30,10
502,1,0.642716229,-6.29572599,114,15,251.62011111111113,13.5,1.6198935536920906,1.281779896267314,0.35814854758392656,FALSE,30,10
502,2,0.434770852,-6.15630874,114,15,251.62011111111113,13.5,1.6198935536920906,1.281779896267314,0.35814854758392656,FALSE,30,10
502,3,0.226825476,-6.29572599,114,15,251.62011111111113,13.5,1.6198935536920906,1.281779896267314,0.35814854758392656,FALSE,30,10
502,4,0.226825476,-6.57456048,114,15,251.62011111111113,13.5,1.6198935536920906,1.281779896267314,0.35814854758392656,FALSE,30,10
502,5,0.434770852,-6.71397772,114,15,251.62011111111113,13.5,1.6198935536920906,1.281779896267314,0.35814854758392656,FALSE,30,10
502,6,0.642716229,-6.57456048,114,15,251.62011111111113,13.5,1.6198935536920906,1.281779896267314,0.35814854758392656,FALSE,30,10
503,0,0.642716229,-5.73805697,426,76,797.8906650793651,71.25,2.6961220176928182,2.2304978345946984,1.157365747519241,FALSE,30,10
503,1,0.642716229,-5.45922248,426,76,797.8906650793651,71.25,2.6961220176928182,2.2304978345946984,1.157365747519241,FALSE,30,10
503,2,0.434770852,-5.31980523,426,76,797.8906650793651,71.25,2.6961220176928182,2.2304978345946984,1.157365747519241,FALSE,30,10
503,3,0.226825476,-5.45922248,426,76,797.8906650793651,71.25,2.6961220176928182,2.2304978345946984,1.157365747519241,FALSE,30,10
503,4,0.226825476,-5.73805697,426,76,797.8906650793651,71.25,2.6961220176928182,2.2304978345946984,1.157365747519241,FALSE,30,10
503,5,0.434770852,-5.87747422,426,76,797.8906650793651,71.25,2.6961220176928182,2.2304978345946984,1.157365747519241,FALSE,30,10
503,6,0.642716229,-5.73805697,426,76,797.8906650793651,71.25,2.6961220176928182,2.2304978345946984,1.157365747519241,FALSE,30,10
504,0,0.642716229,-4.90155347,301,45,477.00253333333336,37.53333333333333,2.3757159239880363,1.842466786921928,0.8816386129296232,FALSE,30,10
504,1,0.642716229,-4.62271897,301,45,477.00253333333336,37.53333333333333,2.3757159239880363,1.842466786921928,0.8816386129296232,FALSE,30,10
504,2,0.434770852,-4.48330173,301,45,477.00253333333336,37.53333333333333,2.3757159239880363,1.842466786921928,0.8816386129296232,FALSE,30,10
504,3,0.226825476,-4.62271897,301,45,477.00253333333336,37.53333333333333,2.3757159239880363,1.842466786921928,0.8816386129296232,FALSE,30,10
504,4,0.226825476,-4.90155347,301,45,477.00253333333336,37.53333333333333,2.3757159239880363,1.842466786921928,0.8816386129296232,FALSE,30,10
504,5,0.434770852,-5.04097071,301,45,477.00253333333336,37.53333333333333,2.3757159239880363,1.842466786921928,0.8816386129296232,FALSE,30,10
504,6,0.642716229,-4.90155347,301,45,477.00253333333336,37.53333333333333,2.3757159239880363,1.842466786921928,0.8816386129296232,FALSE,30,10
505,0,0.642716229,-4.06504996,171,25,436.9898365079365,21.55,1.4889290270043083,1.28914999314915,0.3664201316461652,FALSE,30,10
505,1,0.642716229,-3.78621547,171,25,436.9898365079365,21.55,1.4889290270043083,1.28914999314915,0.3664201316461652,FALSE,30,10
505,2,0.434770852,-3.64679822,171,25,436.9898365079365,21.55,1.4889290270043083,1.28914999314915,0.3664201316461652,FALSE,30,10
505,3,0.226825476,-3.78621547,171,25,436.9898365079365,21.55,1.4889290270043083,1.28914999314915,0.3664201316461652,FALSE,30,10
505,4,0.226825476,-4.06504996,171,25,436.9898365079365,21.55,1.4889290270043083,1.28914999314915,0.3664201316461652,FALSE,30,10
505,5,0.434770852,-4.20446721,171,25,436.9898365079365,21.55,1.4889290270043083,1.28914999314915,0.3664201316461652,FALSE,30,10
505,6,0.642716229,-4.06504996,171,25,436.9898365079365,21.55,1.4889290270043083,1.28914999314915,0.3664201316461652,FALSE,30,10
506,0,0.642716229,-3.22854646,707,135,1547.0690904761905,114.73333333333332,2.239123048801741,2.0367851961549888,1.0262938385352358,FALSE,30,10
506,1,0.642716229,-2.94971196,707,135,1547.0690904761905,114.73333333333332,2.239123048801741,2.0367851961549888,1.0262938385352358,FALSE,30,10
506,2,0.434770852,-2.81029472,707,135,1547.0690904761905,114.73333333333332,2.239123048801741,2.0367851961549888,1.0262938385352358,FALSE,30,10
506,3,0.226825476,-2.94971196,707,135,1547.0690904761905,114.73333333333332,2.239123048801741,2.0367851961549888,1.0262938385352358,FALSE,30,10
506,4,0.226825476,-3.22854646,707,135,1547.0690904761905,114.73333333333332,2.239123048801741,2.0367851961549888,1.0262938385352358,FALSE,30,10
506,5,0.434770852,-3.3679637,707,135,1547.0690904761905,114.73333333333332,2.239123048801741,2.0367851961549888,1.0262938385352358,FALSE,30,10
506,6,0.642716229,-3.22854646,707,135,1547.0690904761905,114.73333333333332,2.239123048801741,2.0367851961549888,1.0262938385352358,FALSE,30,10
507,0,0.642716229,-2.39204295,235,20,923.1765634920636,18.166666666666668,0.5941396491240615,0.6941633320235759,-0.5266529355763434,FALSE,30,10
507,1,0.642716229,-2.11320846,235,20,923.1765634920636,18.166666666666668,0.5941396491240615,0.6941633320235759,-0.5266529355763434,FALSE,30,10
507,2,0.434770852,-1.97379121,235,20,923.1765634920636,18.166666666666668,0.5941396491240615,0.6941633320235759,-0.5266529355763434,FALSE,30,10
507,3,0.226825476,-2.11320846,235,20,923.1765634920636,18.166666666666668,0.5941396491240615,0.6941633320235759,-0.5266529355763434,FALSE,30,10
507,4,0.226825476,-2.39204295,235,20,923.1765634920636,18.166666666666668,0.5941396491240615,0.6941633320235759,-0.5266529355763434,FALSE,30,10
507,5,0.434770852,-2.5314602,235,20,923.1765634920636,18.166666666666668,0.5941396491240615,0.6941633320235759,-0.5266529355763434,FALSE,30,10
507,6,0.642716229,-2.39204295,235,20,923.1765634920636,18.166666666666668,0.5941396491240615,0.6941633320235759,-0.5266529355763434,FALSE,30,10
508,0,0.642716229,-1.55553944,47,7,203.18988888888887,6.333333333333333,0.941083831197656,0.9763000719152262,-0.03460345762374198,FALSE,30,10
508,1,0.642716229,-1.27670495,47,7,203.18988888888887,6.333333333333333,0.941083831197656,0.9763000719152262,-0.03460345762374198,FALSE,30,10
508,2,0.434770852,-1.13728771,47,7,203.18988888888887,6.333333333333333,0.941083831197656,0.9763000719152262,-0.03460345762374198,FALSE,30,10
508,3,0.226825476,-1.27670495,47,7,203.18988888888887,6.333333333333333,0.941083831197656,0.9763000719152262,-0.03460345762374198,FALSE,30,10
508,4,0.226825476,-1.55553944,47,7,203.18988888888887,6.333333333333333,0.941083831197656,0.9763000719152262,-0.03460345762374198,FALSE,30,10
508,5,0.434770852,-1.69495669,47,7,203.18988888888887,6.333333333333333,0.941083831197656,0.9763000719152262,-0.03460345762374198,FALSE,30,10
508,6,0.642716229,-1.55553944,47,7,203.18988888888887,6.333333333333333,0.941083831197656,0.9763000719152262,-0.03460345762374198,FALSE,30,10
509,0,0.642716229,-0.719035938,442,77,832.0786761904761,68.58333333333333,2.4885837171429017,2.092253549657663,1.065057695116603,FALSE,30,10
509,1,0.642716229,-0.440201446,442,77,832.0786761904761,68.58333333333333,2.4885837171429017,2.092253549657663,1.065057695116603,FALSE,30,10
509,2,0.434770852,-0.3007842,442,77,832.0786761904761,68.58333333333333,2.4885837171429017,2.092253549657663,1.065057695116603,FALSE,30,10
509,3,0.226825476,-0.440201446,442,77,832.0786761904761,68.58333333333333,2.4885837171429017,2.092253549657663,1.065057695116603,FALSE,30,10
509,4,0.226825476,-0.719035938,442,77,832.0786761904761,68.58333333333333,2.4885837171429017,2.092253549657663,1.065057695116603,FALSE,30,10
509,5,0.434770852,-0.858453184,442,77,832.0786761904761,68.58333333333333,2.4885837171429017,2.092253549657663,1.065057695116603,FALSE,30,10
509,6,0.642716229,-0.719035938,442,77,832.0786761904761,68.58333333333333,2.4885837171429017,2.092253549657663,1.065057695116603,FALSE,30,10
510,0,0.642716229,0.117467567,363,9,868.8629619047618,7.5,0.26062017822223765,0.451292505054873,-1.147865276031079,FALSE,30,10
510,1,0.642716229,0.396302059,363,9,868.8629619047618,7.5,0.26062017822223765,0.451292505054873,-1.147865276031079,FALSE,30,10
510,2,0.434770852,0.535719305,363,9,868.8629619047618,7.5,0.26062017822223765,0.451292505054873,-1.147865276031079,FALSE,30,10
510,3,0.226825476,0.396302059,363,9,868.8629619047618,7.5,0.26062017822223765,0.451292505054873,-1.147865276031079,FALSE,30,10
510,4,0.226825476,0.117467567,363,9,868.8629619047618,7.5,0.26062017822223765,0.451292505054873,-1.147865276031079,FALSE,30,10
510,5,0.434770852,-0.0219496787,363,9,868.8629619047618,7.5,0.26062017822223765,0.451292505054873,-1.147865276031079,FALSE,30,10
510,6,0.642716229,0.117467567,363,9,868.8629619047618,7.5,0.26062017822223765,0.451292505054873,-1.147865276031079,FALSE,30,10
511,0,0.642716229,0.953971073,256,5,832.1502825396825,3.642857142857143,0.1321716872015971,0.3632133273508816,-1.4611109546201315,FALSE,30,10
511,1,0.642716229,1.23280556,256,5,832.1502825396825,3.642857142857143,0.1321716872015971,0.3632133273508816,-1.4611109546201315,FALSE,30,10
511,2,0.434770852,1.37222281,256,5,832.1502825396825,3.642857142857143,0.1321716872015971,0.3632133273508816,-1.4611109546201315,FALSE,30,10
511,3,0.226825476,1.23280556,256,5,832.1502825396825,3.642857142857143,0.1321716872015971,0.3632133273508816,-1.4611109546201315,FALSE,30,10
511,4,0.226825476,0.953971073,256,5,832.1502825396825,3.642857142857143,0.1321716872015971,0.3632133273508816,-1.4611109546201315,FALSE,30,10
511,5,0.434770852,0.814553827,256,5,832.1502825396825,3.642857142857143,0.1321716872015971,0.3632133273508816,-1.4611109546201315,FALSE,30,10
511,6,0.642716229,0.953971073,256,5,832.1502825396825,3.642857142857143,0.1321716872015971,0.3632133273508816,-1.4611109546201315,FALSE,30,10
512,0,0.642716229,1.79047458,175,7,443.99609444444445,6.5,0.4420101733032258,0.6678662926227228,-0.5823687920055578,FALSE,30,10
512,1,0.642716229,2.06930907,175,7,443.99609444444445,6.5,0.4420101733032258,0.6678662926227228,-0.5823687920055578,FALSE,30,10
512,2,0.434770852,2.20872632,175,7,443.99609444444445,6.5,0.4420101733032258,0.6678662926227228,-0.5823687920055578,FALSE,30,10
512,3,0.226825476,2.06930907,175,7,443.99609444444445,6.5,0.4420101733032258,0.6678662926227228,-0.5823687920055578,FALSE,30,10
512,4,0.226825476,1.79047458,175,7,443.99609444444445,6.5,0.4420101733032258,0.6678662926227228,-0.5823687920055578,FALSE,30,10
512,5,0.434770852,1.65105733,175,7,443.99609444444445,6.5,0.4420101733032258,0.6678662926227228,-0.5823687920055578,FALSE,30,10
512,6,0.642716229,1.79047458,175,7,443.99609444444445,6.5,0.4420101733032258,0.6678662926227228,-0.5823687920055578,FALSE,30,10
513,0,0.642716229,2.62697808,92,9,160.36244444444444,8.666666666666666,1.6317269406498136,1.21913948238307,0.28586319489205614,FALSE,30,10
513,1,0.642716229,2.90581258,92,9,160.36244444444444,8.666666666666666,1.6317269406498136,1.21913948238307,0.28586319489205614,FALSE,30,10
513,2,0.434770852,3.04522982,92,9,160.36244444444444,8.666666666666666,1.6317269406498136,1.21913948238307,0.28586319489205614,FALSE,30,10
513,3,0.226825476,2.90581258,92,9,160.36244444444444,8.666666666666666,1.6317269406498136,1.21913948238307,0.28586319489205614,FALSE,30,10
513,4,0.226825476,2.62697808,92,9,160.36244444444444,8.666666666666666,1.6317269406498136,1.21913948238307,0.28586319489205614,FALSE,30,10
513,5,0.434770852,2.48756084,92,9,160.36244444444444,8.666666666666666,1.6317269406498136,1.21913948238307,0.28586319489205614,FALSE,30,10
513,6,0.642716229,2.62697808,92,9,160.36244444444444,8.666666666666666,1.6317269406498136,1.21913948238307,0.28586319489205614,FALSE,30,10
514,0,0.642716229,3.46348159,43,0,76.11833333333334,0,0,0.7986514536489138,-0.3243620733385756,FALSE,30,10
514,1,0.642716229,3.74231608,43,0,76.11833333333334,0,0,0.7986514536489138,-0.3243620733385756,FALSE,30,10
514,2,0.434770852,3.88173333,43,0,76.11833333333334,0,0,0.7986514536489138,-0.3243620733385756,FALSE,30,10
514,3,0.226825476,3.74231608,43,0,76.11833333333334,0,0,0.7986514536489138,-0.3243620733385756,FALSE,30,10
514,4,0.226825476,3.46348159,43,0,76.11833333333334,0,0,0.7986514536489138,-0.3243620733385756,FALSE,30,10
514,5,0.434770852,3.32406434,43,0,76.11833333333334,0,0,0.7986514536489138,-0.3243620733385756,FALSE,30,10
514,6,0.642716229,3.46348159,43,0,76.11833333333334,0,0,0.7986514536489138,-0.3243620733385756,FALSE,30,10
515,0,0.642716229,4.2999851,324,0,876.0387777777778,0,0,0.2563104911523355,-1.9640355634928155,FALSE,30,10
515,1,0.642716229,4.57881959,324,0,876.0387777777778,0,0,0.2563104911523355,-1.9640355634928155,FALSE,30,10
515,2,0.434770852,4.71823683,324,0,876.0387777777778,0,0,0.2563104911523355,-1.9640355634928155,FALSE,30,10
515,3,0.226825476,4.57881959,324,0,876.0387777777778,0,0,0.2563104911523355,-1.9640355634928155,FALSE,30,10
515,4,0.226825476,4.2999851,324,0,876.0387777777778,0,0,0.2563104911523355,-1.9640355634928155,FALSE,30,10
515,5,0.434770852,4.16056785,324,0,876.0387777777778,0,0,0.2563104911523355,-1.9640355634928155,FALSE,30,10
515,6,0.642716229,4.2999851,324,0,876.0387777777778,0,0,0.2563104911523355,-1.9640355634928155,FALSE,30,10
516,0,0.642716229,5.1364886,266,0,639.7970444444444,0,0,0.3206089542685551,-1.6411133758876004,FALSE,30,10
516,1,0.642716229,5.41532309,266,0,639.7970444444444,0,0,0.3206089542685551,-1.6411133758876004,FALSE,30,10
516,2,0.434770852,5.55474034,266,0,639.7970444444444,0,0,0.3206089542685551,-1.6411133758876004,FALSE,30,10
516,3,0.226825476,5.41532309,266,0,639.7970444444444,0,0,0.3206089542685551,-1.6411133758876004,FALSE,30,10
516,4,0.226825476,5.1364886,266,0,639.7970444444444,0,0,0.3206089542685551,-1.6411133758876004,FALSE,30,10
516,5,0.434770852,4.99707136,266,0,639.7970444444444,0,0,0.3206089542685551,-1.6411133758876004,FALSE,30,10
516,6,0.642716229,5.1364886,266,0,639.7970444444444,0,0,0.3206089542685551,-1.6411133758876004,FALSE,30,10
517,0,0.642716229,5.97299211,123,0,270.69237142857145,0,0,0.5272712303050602,-0.9233828143246476,FALSE,30,10
517,1,0.642716229,6.2518266,123,0,270.69237142857145,0,0,0.5272712303050602,-0.9233828143246476,FALSE,30,10
517,2,0.434770852,6.39124385,123,0,270.69237142857145,0,0,0.5272712303050602,-0.9233828143246476,FALSE,30,10
517,3,0.226825476,6.2518266,123,0,270.69237142857145,0,0,0.5272712303050602,-0.9233828143246476,FALSE,30,10
517,4,0.226825476,5.97299211,123,0,270.69237142857145,0,0,0.5272712303050602,-0.9233828143246476,FALSE,30,10
517,5,0.434770852,5.83357486,123,0,270.69237142857145,0,0,0.5272712303050602,-0.9233828143246476,FALSE,30,10
517,6,0.642716229,5.97299211,123,0,270.69237142857145,0,0,0.5272712303050602,-0.9233828143246476,FALSE,30,10
518,0,0.642716229,6.80949561,23,1,52.90855555555556,1,0.5706530638371538,0.9359807686993435,0,TRUE,30,10
518,1,0.642716229,7.0883301,23,1,52.90855555555556,1,0.5706530638371538,0.9359807686993435,0,TRUE,30,10
518,2,0.434770852,7.22774735,23,1,52.90855555555556,1,0.5706530638371538,0.9359807686993435,0,TRUE,30,10
518,3,0.226825476,7.0883301,23,1,52.90855555555556,1,0.5706530638371538,0.9359807686993435,0,TRUE,30,10
518,4,0.226825476,6.80949561,23,1,52.90855555555556,1,0.5706530638371538,0.9359807686993435,0,TRUE,30,10
518,5,0.434770852,6.67007837,23,1,52.90855555555556,1,0.5706530638371538,0.9359807686993435,0,TRUE,30,10
518,6,0.642716229,6.80949561,23,1,52.90855555555556,1,0.5706530638371538,0.9359807686993435,0,TRUE,30,10
519,0,0.642716229,7.64599912,1,0,0.5786666666666666,0,0,0.9980870710596956,0,TRUE,30,10
519,1,0.642716229,7.92483361,1,0,0.5786666666666666,0,0,0.9980870710596956,0,TRUE,30,10
519,2,0.434770852,8.06425086,1,0,0.5786666666666666,0,0,0.9980870710596956,0,TRUE,30,10
519,3,0.226825476,7.92483361,1,0,0.5786666666666666,0,0,0.9980870710596956,0,TRUE,30,10
519,4,0.226825476,7.64599912,1,0,0.5786666666666666,0,0,0.9980870710596956,0,TRUE,30,10
519,5,0.434770852,7.50658187,1,0,0.5786666666666666,0,0,0.9980870710596956,0,TRUE,30,10
519,6,0.642716229,7.64599912,1,0,0.5786666666666666,0,0,0.9980870710596956,0,TRUE,30,10
520,0,0.642716229,8.48250262,5,1,14.648333333333335,0.6666666666666666,1.374100777379726,1.0173102549813806,0,TRUE,30,10
520,1,0.642716229,8.76133712,5,1,14.648333333333335,0.6666666666666666,1.374100777379726,1.0173102549813806,0,TRUE,30,10
520,2,0.434770852,8.90075436,5,1,14.648333333333335,0.6666666666666666,1.374100777379726,1.0173102549813806,0,TRUE,30,10
520,3,0.226825476,8.76133712,5,1,14.648333333333335,0.6666666666666666,1.374100777379726,1.0173102549813806,0,TRUE,30,10
520,4,0.226825476,8.48250262,5,1,14.648333333333335,0.6666666666666666,1.374100777379726,1.0173102549813806,0,TRUE,30,10
520,5,0.434770852,8.34308538,5,1,14.648333333333335,0.6666666666666666,1.374100777379726,1.0173102549813806,0,TRUE,30,10
520,6,0.642716229,8.48250262,5,1,14.648333333333335,0.6666666666666666,1.374100777379726,1.0173102549813806,0,TRUE,30,10
521,0,0.642716229,9.31900613,640,4,2950.185577777778,3.25,0.0332607535148975,0.12301235336235793,-2,FALSE,30,10
521,1,0.642716229,9.59784062,640,4,2950.185577777778,3.25,0.0332607535148975,0.12301235336235793,-2,FALSE,30,10
521,2,0.434770852,9.73725787,640,4,2950.185577777778,3.25,0.0332607535148975,0.12301235336235793,-2,FALSE,30,10
521,3,0.226825476,9.59784062,640,4,2950.185577777778,3.25,0.0332607535148975,0.12301235336235793,-2,FALSE,30,10
521,4,0.226825476,9.31900613,640,4,2950.185577777778,3.25,0.0332607535148975,0.12301235336235793,-2,FALSE,30,10
521,5,0.434770852,9.17958888,640,4,2950.185577777778,3.25,0.0332607535148975,0.12301235336235793,-2,FALSE,30,10
521,6,0.642716229,9.31900613,640,4,2950.185577777778,3.25,0.0332607535148975,0.12301235336235793,-2,FALSE,30,10
522,0,0.642716229,10.1555096,4,0,3.564666666666666,0,0,0.9883312749929106,0,TRUE,30,10
522,1,0.642716229,10.4343441,4,0,3.564666666666666,0,0,0.9883312749929106,0,TRUE,30,10
522,2,0.434770852,10.5737614,4,0,3.564666666666666,0,0,0.9883312749929106,0,TRUE,30,10
522,3,0.226825476,10.4343441,4,0,3.564666666666666,0,0,0.9883312749929106,0,TRUE,30,10
522,4,0.226825476,10.1555096,4,0,3.564666666666666,0,0,0.9883312749929106,0,TRUE,30,10
522,5,0.434770852,10.0160924,4,0,3.564666666666666,0,0,0.9883312749929106,0,TRUE,30,10
522,6,0.642716229,10.1555096,4,0,3.564666666666666,0,0,0.9883312749929106,0,TRUE,30,10
523,0,0.642716229,10.9920131,23,1,162.88111111111112,1,0.185364829138352,0.7145285306106547,0,TRUE,30,10
523,1,0.642716229,11.2708476,23,1,162.88111111111112,1,0.185364829138352,0.7145285306106547,0,TRUE,30,10
523,2,0.434770852,11.4102649,23,1,162.88111111111112,1,0.185364829138352,0.7145285306106547,0,TRUE,30,10
523,3,0.226825476,11.2708476,23,1,162.88111111111112,1,0.185364829138352,0.7145285306106547,0,TRUE,30,10
523,4,0.226825476,10.9920131,23,1,162.88111111111112,1,0.185364829138352,0.7145285306106547,0,TRUE,30,10
523,5,0.434770852,10.8525959,23,1,162.88111111111112,1,0.185364829138352,0.7145285306106547,0,TRUE,30,10
523,6,0.642716229,10.9920131,23,1,162.88111111111112,1,0.185364829138352,0.7145285306106547,0,TRUE,30,10
524,0,0.642716229,11.8285166,35,0,192.13822222222225,0,0,0.6111054447930804,-0.7105067597616331,FALSE,30,10
524,1,0.642716229,12.1073511,35,0,192.13822222222225,0,0,0.6111054447930804,-0.7105067597616331,FALSE,30,10
524,2,0.434770852,12.2467684,35,0,192.13822222222225,0,0,0.6111054447930804,-0.7105067597616331,FALSE,30,10
524,3,0.226825476,12.1073511,35,0,192.13822222222225,0,0,0.6111054447930804,-0.7105067597616331,FALSE,30,10
524,4,0.226825476,11.8285166,35,0,192.13822222222225,0,0,0.6111054447930804,-0.7105067597616331,FALSE,30,10
524,5,0.434770852,11.6890994,35,0,192.13822222222225,0,0,0.6111054447930804,-0.7105067597616331,FALSE,30,10
524,6,0.642716229,11.8285166,35,0,192.13822222222225,0,0,0.6111054447930804,-0.7105067597616331,FALSE,30,10
525,0,1.05860698,-5.73805697,487,99,853.6828063492063,89.56666666666666,3.167728380648948,2.6013681881509156,1.3792706075188128,FALSE,30,10
525,1,1.05860698,-5.45922248,487,99,853.6828063492063,89.56666666666666,3.167728380648948,2.6013681881509156,1.3792706075188128,FALSE,30,10
525,2,0.850661606,-5.31980523,487,99,853.6828063492063,89.56666666666666,3.167728380648948,2.6013681881509156,1.3792706075188128,FALSE,30,10
525,3,0.642716229,-5.45922248,487,99,853.6828063492063,89.56666666666666,3.167728380648948,2.6013681881509156,1.3792706075188128,FALSE,30,10
525,4,0.642716229,-5.73805697,487,99,853.6828063492063,89.56666666666666,3.167728380648948,2.6013681881509156,1.3792706075188128,FALSE,30,10
525,5,0.850661606,-5.87747422,487,99,853.6828063492063,89.56666666666666,3.167728380648948,2.6013681881509156,1.3792706075188128,FALSE,30,10
525,6,1.05860698,-5.73805697,487,99,853.6828063492063,89.56666666666666,3.167728380648948,2.6013681881509156,1.3792706075188128,FALSE,30,10
526,0,1.05860698,-4.90155347,399,62,948.3106698412698,45.55,1.4502263865238945,1.341499397128212,0.4238464062493215,FALSE,30,10
526,1,1.05860698,-4.62271897,399,62,948.3106698412698,45.55,1.4502263865238945,1.341499397128212,0.4238464062493215,FALSE,30,10
526,2,0.850661606,-4.48330173,399,62,948.3106698412698,45.55,1.4502263865238945,1.341499397128212,0.4238464062493215,FALSE,30,10
526,3,0.642716229,-4.62271897,399,62,948.3106698412698,45.55,1.4502263865238945,1.341499397128212,0.4238464062493215,FALSE,30,10
526,4,0.642716229,-4.90155347,399,62,948.3106698412698,45.55,1.4502263865238945,1.341499397128212,0.4238464062493215,FALSE,30,10
526,5,0.850661606,-5.04097071,399,62,948.3106698412698,45.55,1.4502263865238945,1.341499397128212,0.4238464062493215,FALSE,30,10
526,6,1.05860698,-4.90155347,399,62,948.3106698412698,45.55,1.4502263865238945,1.341499397128212,0.4238464062493215,FALSE,30,10
527,0,1.05860698,-4.06504996,103,15,235.917,10.916666666666666,1.3971044344543,1.174184630351912,0.2316592775707821,FALSE,30,10
527,1,1.05860698,-3.78621547,103,15,235.917,10.916666666666666,1.3971044344543,1.174184630351912,0.2316592775707821,FALSE,30,10
527,2,0.850661606,-3.64679822,103,15,235.917,10.916666666666666,1.3971044344543,1.174184630351912,0.2316592775707821,FALSE,30,10
527,3,0.642716229,-3.78621547,103,15,235.917,10.916666666666666,1.3971044344543,1.174184630351912,0.2316592775707821,FALSE,30,10
527,4,0.642716229,-4.06504996,103,15,235.917,10.916666666666666,1.3971044344543,1.174184630351912,0.2316592775707821,FALSE,30,10
527,5,0.850661606,-4.20446721,103,15,235.917,10.916666666666666,1.3971044344543,1.174184630351912,0.2316592775707821,FALSE,30,10
527,6,1.05860698,-4.06504996,103,15,235.917,10.916666666666666,1.3971044344543,1.174184630351912,0.2316592775707821,FALSE,30,10
528,0,1.05860698,-3.22854646,171,25,468.7673174603175,22.083333333333332,1.4223463458829904,1.2568889564023047,0.3298571961989358,FALSE,30,10
528,1,1.05860698,-2.94971196,171,25,468.7673174603175,22.083333333333332,1.4223463458829904,1.2568889564023047,0.3298571961989358,FALSE,30,10
528,2,0.850661606,-2.81029472,171,25,468.7673174603175,22.083333333333332,1.4223463458829904,1.2568889564023047,0.3298571961989358,FALSE,30,10
528,3,0.642716229,-2.94971196,171,25,468.7673174603175,22.083333333333332,1.4223463458829904,1.2568889564023047,0.3298571961989358,FALSE,30,10
528,4,0.642716229,-3.22854646,171,25,468.7673174603175,22.083333333333332,1.4223463458829904,1.2568889564023047,0.3298571961989358,FALSE,30,10
528,5,0.850661606,-3.3679637,171,25,468.7673174603175,22.083333333333332,1.4223463458829904,1.2568889564023047,0.3298571961989358,FALSE,30,10
528,6,1.05860698,-3.22854646,171,25,468.7673174603175,22.083333333333332,1.4223463458829904,1.2568889564023047,0.3298571961989358,FALSE,30,10
529,0,1.05860698,-2.39204295,213,23,682.9985534391534,19.366666666666667,0.8561170616915436,0.9002238205219508,-0.15164435498703113,FALSE,30,10
529,1,1.05860698,-2.11320846,213,23,682.9985534391534,19.366666666666667,0.8561170616915436,0.9002238205219508,-0.15164435498703113,FALSE,30,10
529,2,0.850661606,-1.97379121,213,23,682.9985534391534,19.366666666666667,0.8561170616915436,0.9002238205219508,-0.15164435498703113,FALSE,30,10
529,3,0.642716229,-2.11320846,213,23,682.9985534391534,19.366666666666667,0.8561170616915436,0.9002238205219508,-0.15164435498703113,FALSE,30,10
529,4,0.642716229,-2.39204295,213,23,682.9985534391534,19.366666666666667,0.8561170616915436,0.9002238205219508,-0.15164435498703113,FALSE,30,10
529,5,0.850661606,-2.5314602,213,23,682.9985534391534,19.366666666666667,0.8561170616915436,0.9002238205219508,-0.15164435498703113,FALSE,30,10
529,6,1.05860698,-2.39204295,213,23,682.9985534391534,19.366666666666667,0.8561170616915436,0.9002238205219508,-0.15164435498703113,FALSE,30,10
530,0,1.05860698,-1.55553944,58,22,98.9468126984127,17.666666666666668,5.390770761591193,2.083771730207896,1.0591972441545616,FALSE,30,10
530,1,1.05860698,-1.27670495,58,22,98.9468126984127,17.666666666666668,5.390770761591193,2.083771730207896,1.0591972441545616,FALSE,30,10
530,2,0.850661606,-1.13728771,58,22,98.9468126984127,17.666666666666668,5.390770761591193,2.083771730207896,1.0591972441545616,FALSE,30,10
530,3,0.642716229,-1.27670495,58,22,98.9468126984127,17.666666666666668,5.390770761591193,2.083771730207896,1.0591972441545616,FALSE,30,10
530,4,0.642716229,-1.55553944,58,22,98.9468126984127,17.666666666666668,5.390770761591193,2.083771730207896,1.0591972441545616,FALSE,30,10
530,5,0.850661606,-1.69495669,58,22,98.9468126984127,17.666666666666668,5.390770761591193,2.083771730207896,1.0591972441545616,FALSE,30,10
530,6,1.05860698,-1.55553944,58,22,98.9468126984127,17.666666666666668,5.390770761591193,2.083771730207896,1.0591972441545616,FALSE,30,10
531,0,1.05860698,-0.719035938,115,22,204.1569,18.11111111111111,2.678422538389235,1.677088077679152,0.7459584586662082,FALSE,30,10
531,1,1.05860698,-0.440201446,115,22,204.1569,18.11111111111111,2.678422538389235,1.677088077679152,0.7459584586662082,FALSE,30,10
531,2,0.850661606,-0.3007842,115,22,204.1569,18.11111111111111,2.678422538389235,1.677088077679152,0.7459584586662082,FALSE,30,10
531,3,0.642716229,-0.440201446,115,22,204.1569,18.11111111111111,2.678422538389235,1.677088077679152,0.7459584586662082,FALSE,30,10
531,4,0.642716229,-0.719035938,115,22,204.1569,18.11111111111111,2.678422538389235,1.677088077679152,0.7459584586662082,FALSE,30,10
531,5,0.850661606,-0.858453184,115,22,204.1569,18.11111111111111,2.678422538389235,1.677088077679152,0.7459584586662082,FALSE,30,10
531,6,1.05860698,-0.719035938,115,22,204.1569,18.11111111111111,2.678422538389235,1.677088077679152,0.7459584586662082,FALSE,30,10
532,0,1.05860698,0.117467567,200,12,413.75625,11.166666666666666,0.8148488251135763,0.8929585881295313,-0.1633348244518368,FALSE,30,10
532,1,1.05860698,0.396302059,200,12,413.75625,11.166666666666666,0.8148488251135763,0.8929585881295313,-0.1633348244518368,FALSE,30,10
532,2,0.850661606,0.535719305,200,12,413.75625,11.166666666666666,0.8148488251135763,0.8929585881295313,-0.1633348244518368,FALSE,30,10
532,3,0.642716229,0.396302059,200,12,413.75625,11.166666666666666,0.8148488251135763,0.8929585881295313,-0.1633348244518368,FALSE,30,10
532,4,0.642716229,0.117467567,200,12,413.75625,11.166666666666666,0.8148488251135763,0.8929585881295313,-0.1633348244518368,FALSE,30,10
532,5,0.850661606,-0.0219496787,200,12,413.75625,11.166666666666666,0.8148488251135763,0.8929585881295313,-0.1633348244518368,FALSE,30,10
532,6,1.05860698,0.117467567,200,12,413.75625,11.166666666666666,0.8148488251135763,0.8929585881295313,-0.1633348244518368,FALSE,30,10
533,0,1.05860698,0.953971073,279,5,888.1112126984127,3.8333333333333335,0.13031886560365272,0.350965947629157,-1.510597034641698,FALSE,30,10
533,1,1.05860698,1.23280556,279,5,888.1112126984127,3.8333333333333335,0.13031886560365272,0.350965947629157,-1.510597034641698,FALSE,30,10
533,2,0.850661606,1.37222281,279,5,888.1112126984127,3.8333333333333335,0.13031886560365272,0.350965947629157,-1.510597034641698,FALSE,30,10
533,3,0.642716229,1.23280556,279,5,888.1112126984127,3.8333333333333335,0.13031886560365272,0.350965947629157,-1.510597034641698,FALSE,30,10
533,4,0.642716229,0.953971073,279,5,888.1112126984127,3.8333333333333335,0.13031886560365272,0.350965947629157,-1.510597034641698,FALSE,30,10
533,5,0.850661606,0.814553827,279,5,888.1112126984127,3.8333333333333335,0.13031886560365272,0.350965947629157,-1.510597034641698,FALSE,30,10
533,6,1.05860698,0.953971073,279,5,888.1112126984127,3.8333333333333335,0.13031886560365272,0.350965947629157,-1.510597034641698,FALSE,30,10
534,0,1.05860698,1.79047458,356,13,1097.3487444444445,12,0.33016773729042626,0.4746989524986127,-1.07491522866062,FALSE,30,10
534,1,1.05860698,2.06930907,356,13,1097.3487444444445,12,0.33016773729042626,0.4746989524986127,-1.07491522866062,FALSE,30,10
534,2,0.850661606,2.20872632,356,13,1097.3487444444445,12,0.33016773729042626,0.4746989524986127,-1.07491522866062,FALSE,30,10
534,3,0.642716229,2.06930907,356,13,1097.3487444444445,12,0.33016773729042626,0.4746989524986127,-1.07491522866062,FALSE,30,10
534,4,0.642716229,1.79047458,356,13,1097.3487444444445,12,0.33016773729042626,0.4746989524986127,-1.07491522866062,FALSE,30,10
534,5,0.850661606,1.65105733,356,13,1097.3487444444445,12,0.33016773729042626,0.4746989524986127,-1.07491522866062,FALSE,30,10
534,6,1.05860698,1.79047458,356,13,1097.3487444444445,12,0.33016773729042626,0.4746989524986127,-1.07491522866062,FALSE,30,10
535,0,1.05860698,2.62697808,132,30,244.08685714285716,28.083333333333332,3.473780059155975,2.1058697233591603,1.074416188843603,FALSE,30,10
535,1,1.05860698,2.90581258,132,30,244.08685714285716,28.083333333333332,3.473780059155975,2.1058697233591603,1.074416188843603,FALSE,30,10
535,2,0.850661606,3.04522982,132,30,244.08685714285716,28.083333333333332,3.473780059155975,2.1058697233591603,1.074416188843603,FALSE,30,10
535,3,0.642716229,2.90581258,132,30,244.08685714285716,28.083333333333332,3.473780059155975,2.1058697233591603,1.074416188843603,FALSE,30,10
535,4,0.642716229,2.62697808,132,30,244.08685714285716,28.083333333333332,3.473780059155975,2.1058697233591603,1.074416188843603,FALSE,30,10
535,5,0.850661606,2.48756084,132,30,244.08685714285716,28.083333333333332,3.473780059155975,2.1058697233591603,1.074416188843603,FALSE,30,10
535,6,1.05860698,2.62697808,132,30,244.08685714285716,28.083333333333332,3.473780059155975,2.1058697233591603,1.074416188843603,FALSE,30,10
536,0,1.05860698,3.46348159,111,0,230.27883333333332,0,0,0.5673102584236357,-0.8177901430183223,FALSE,30,10
536,1,1.05860698,3.74231608,111,0,230.27883333333332,0,0,0.5673102584236357,-0.8177901430183223,FALSE,30,10
536,2,0.850661606,3.88173333,111,0,230.27883333333332,0,0,0.5673102584236357,-0.8177901430183223,FALSE,30,10
536,3,0.642716229,3.74231608,111,0,230.27883333333332,0,0,0.5673102584236357,-0.8177901430183223,FALSE,30,10
536,4,0.642716229,3.46348159,111,0,230.27883333333332,0,0,0.5673102584236357,-0.8177901430183223,FALSE,30,10
536,5,0.850661606,3.32406434,111,0,230.27883333333332,0,0,0.5673102584236357,-0.8177901430183223,FALSE,30,10
536,6,1.05860698,3.46348159,111,0,230.27883333333332,0,0,0.5673102584236357,-0.8177901430183223,FALSE,30,10
537,0,1.05860698,4.2999851,324,0,675.8827301587302,0,0,0.3087769734346664,-1.6953629250218527,FALSE,30,10
537,1,1.05860698,4.57881959,324,0,675.8827301587302,0,0,0.3087769734346664,-1.6953629250218527,FALSE,30,10
537,2,0.850661606,4.71823683,324,0,675.8827301587302,0,0,0.3087769734346664,-1.6953629250218527,FALSE,30,10
537,3,0.642716229,4.57881959,324,0,675.8827301587302,0,0,0.3087769734346664,-1.6953629250218527,FALSE,30,10
537,4,0.642716229,4.2999851,324,0,675.8827301587302,0,0,0.3087769734346664,-1.6953629250218527,FALSE,30,10
537,5,0.850661606,4.16056785,324,0,675.8827301587302,0,0,0.3087769734346664,-1.6953629250218527,FALSE,30,10
537,6,1.05860698,4.2999851,324,0,675.8827301587302,0,0,0.3087769734346664,-1.6953629250218527,FALSE,30,10
538,0,1.05860698,5.1364886,329,0,697.6752666666666,0,0,0.30204524431451374,-1.7271634232868345,FALSE,30,10
538,1,1.05860698,5.41532309,329,0,697.6752666666666,0,0,0.30204524431451374,-1.7271634232868345,FALSE,30,10
538,2,0.850661606,5.55474034,329,0,697.6752666666666,0,0,0.30204524431451374,-1.7271634232868345,FALSE,30,10
538,3,0.642716229,5.41532309,329,0,697.6752666666666,0,0,0.30204524431451374,-1.7271634232868345,FALSE,30,10
538,4,0.642716229,5.1364886,329,0,697.6752666666666,0,0,0.30204524431451374,-1.7271634232868345,FALSE,30,10
538,5,0.850661606,4.99707136,329,0,697.6752666666666,0,0,0.30204524431451374,-1.7271634232868345,FALSE,30,10
538,6,1.05860698,5.1364886,329,0,697.6752666666666,0,0,0.30204524431451374,-1.7271634232868345,FALSE,30,10
539,0,1.05860698,5.97299211,312,1,783.5850904761905,0.25,0.00963278580014452,0.2850941735419659,-1.8104895396101135,FALSE,30,10
539,1,1.05860698,6.2518266,312,1,783.5850904761905,0.25,0.00963278580014452,0.2850941735419659,-1.8104895396101135,FALSE,30,10
539,2,0.850661606,6.39124385,312,1,783.5850904761905,0.25,0.00963278580014452,0.2850941735419659,-1.8104895396101135,FALSE,30,10
539,3,0.642716229,6.2518266,312,1,783.5850904761905,0.25,0.00963278580014452,0.2850941735419659,-1.8104895396101135,FALSE,30,10
539,4,0.642716229,5.97299211,312,1,783.5850904761905,0.25,0.00963278580014452,0.2850941735419659,-1.8104895396101135,FALSE,30,10
539,5,0.850661606,5.83357486,312,1,783.5850904761905,0.25,0.00963278580014452,0.2850941735419659,-1.8104895396101135,FALSE,30,10
539,6,1.05860698,5.97299211,312,1,783.5850904761905,0.25,0.00963278580014452,0.2850941735419659,-1.8104895396101135,FALSE,30,10
540,0,1.05860698,6.80949561,198,0,433.2666888888889,0,0,0.4106746418554141,-1.2839322276748617,FALSE,30,10
540,1,1.05860698,7.0883301,198,0,433.2666888888889,0,0,0.4106746418554141,-1.2839322276748617,FALSE,30,10
540,2,0.850661606,7.22774735,198,0,433.2666888888889,0,0,0.4106746418554141,-1.2839322276748617,FALSE,30,10
540,3,0.642716229,7.0883301,198,0,433.2666888888889,0,0,0.4106746418554141,-1.2839322276748617,FALSE,30,10
540,4,0.642716229,6.80949561,198,0,433.2666888888889,0,0,0.4106746418554141,-1.2839322276748617,FALSE,30,10
540,5,0.850661606,6.67007837,198,0,433.2666888888889,0,0,0.4106746418554141,-1.2839322276748617,FALSE,30,10
540,6,1.05860698,6.80949561,198,0,433.2666888888889,0,0,0.4106746418554141,-1.2839322276748617,FALSE,30,10
541,0,1.05860698,7.64599912,3,0,15.148333333333332,0,0,0.9522244051979146,0,TRUE,30,10
541,1,1.05860698,7.92483361,3,0,15.148333333333332,0,0,0.9522244051979146,0,TRUE,30,10
541,2,0.850661606,8.06425086,3,0,15.148333333333332,0,0,0.9522244051979146,0,TRUE,30,10
541,3,0.642716229,7.92483361,3,0,15.148333333333332,0,0,0.9522244051979146,0,TRUE,30,10
541,4,0.642716229,7.64599912,3,0,15.148333333333332,0,0,0.9522244051979146,0,TRUE,30,10
541,5,0.850661606,7.50658187,3,0,15.148333333333332,0,0,0.9522244051979146,0,TRUE,30,10
541,6,1.05860698,7.64599912,3,0,15.148333333333332,0,0,0.9522244051979146,0,TRUE,30,10
542,0,1.05860698,8.48250262,4,0,18.512,0,0,0.9422287662586812,0,TRUE,30,10
542,1,1.05860698,8.76133712,4,0,18.512,0,0,0.9422287662586812,0,TRUE,30,10
542,2,0.850661606,8.90075436,4,0,18.512,0,0,0.9422287662586812,0,TRUE,30,10
542,3,0.642716229,8.76133712,4,0,18.512,0,0,0.9422287662586812,0,TRUE,30,10
542,4,0.642716229,8.48250262,4,0,18.512,0,0,0.9422287662586812,0,TRUE,30,10
542,5,0.850661606,8.34308538,4,0,18.512,0,0,0.9422287662586812,0,TRUE,30,10
542,6,1.05860698,8.48250262,4,0,18.512,0,0,0.9422287662586812,0,TRUE,30,10
543,0,1.05860698,9.31900613,8,0,52.09,0,0,0.8528590483932196,0,TRUE,30,10
543,1,1.05860698,9.59784062,8,0,52.09,0,0,0.8528590483932196,0,TRUE,30,10
543,2,0.850661606,9.73725787,8,0,52.09,0,0,0.8528590483932196,0,TRUE,30,10
543,3,0.642716229,9.59784062,8,0,52.09,0,0,0.8528590483932196,0,TRUE,30,10
543,4,0.642716229,9.31900613,8,0,52.09,0,0,0.8528590483932196,0,TRUE,30,10
543,5,0.850661606,9.17958888,8,0,52.09,0,0,0.8528590483932196,0,TRUE,30,10
543,6,1.05860698,9.31900613,8,0,52.09,0,0,0.8528590483932196,0,TRUE,30,10
544,0,1.05860698,10.1555096,1,0,1,0,0,0.9966988451501398,0,TRUE,30,10
544,1,1.05860698,10.4343441,1,0,1,0,0,0.9966988451501398,0,TRUE,30,10
544,2,0.850661606,10.5737614,1,0,1,0,0,0.9966988451501398,0,TRUE,30,10
544,3,0.642716229,10.4343441,1,0,1,0,0,0.9966988451501398,0,TRUE,30,10
544,4,0.642716229,10.1555096,1,0,1,0,0,0.9966988451501398,0,TRUE,30,10
544,5,0.850661606,10.0160924,1,0,1,0,0,0.9966988451501398,0,TRUE,30,10
544,6,1.05860698,10.1555096,1,0,1,0,0,0.9966988451501398,0,TRUE,30,10
545,0,1.05860698,10.9920131,95,0,467.06533333333334,0,0,0.3926246633881975,-1.348777293885987,FALSE,30,10
545,1,1.05860698,11.2708476,95,0,467.06533333333334,0,0,0.3926246633881975,-1.348777293885987,FALSE,30,10
545,2,0.850661606,11.4102649,95,0,467.06533333333334,0,0,0.3926246633881975,-1.348777293885987,FALSE,30,10
545,3,0.642716229,11.2708476,95,0,467.06533333333334,0,0,0.3926246633881975,-1.348777293885987,FALSE,30,10
545,4,0.642716229,10.9920131,95,0,467.06533333333334,0,0,0.3926246633881975,-1.348777293885987,FALSE,30,10
545,5,0.850661606,10.8525959,95,0,467.06533333333334,0,0,0.3926246633881975,-1.348777293885987,FALSE,30,10
545,6,1.05860698,10.9920131,95,0,467.06533333333334,0,0,0.3926246633881975,-1.348777293885987,FALSE,30,10
546,0,1.05860698,11.8285166,190,0,864.3493333333333,0,0,0.2588794656866198,-1.9496475596492144,FALSE,30,10
546,1,1.05860698,12.1073511,190,0,864.3493333333333,0,0,0.2588794656866198,-1.9496475596492144,FALSE,30,10
546,2,0.850661606,12.2467684,190,0,864.3493333333333,0,0,0.2588794656866198,-1.9496475596492144,FALSE,30,10
546,3,0.642716229,12.1073511,190,0,864.3493333333333,0,0,0.2588794656866198,-1.9496475596492144,FALSE,30,10
546,4,0.642716229,11.8285166,190,0,864.3493333333333,0,0,0.2588794656866198,-1.9496475596492144,FALSE,30,10
546,5,0.850661606,11.6890994,190,0,864.3493333333333,0,0,0.2588794656866198,-1.9496475596492144,FALSE,30,10
546,6,1.05860698,11.8285166,190,0,864.3493333333333,0,0,0.2588794656866198,-1.9496475596492144,FALSE,30,10
547,0,1.47449774,-5.73805697,516,61,817.6248777777778,56.833333333333336,2.0986841850681137,1.8023868408209955,0.8499086856458127,FALSE,30,10
547,1,1.47449774,-5.45922248,516,61,817.6248777777778,56.833333333333336,2.0986841850681137,1.8023868408209955,0.8499086856458127,FALSE,30,10
547,2,1.26655236,-5.31980523,516,61,817.6248777777778,56.833333333333336,2.0986841850681137,1.8023868408209955,0.8499086856458127,FALSE,30,10
547,3,1.05860698,-5.45922248,516,61,817.6248777777778,56.833333333333336,2.0986841850681137,1.8023868408209955,0.8499086856458127,FALSE,30,10
547,4,1.05860698,-5.73805697,516,61,817.6248777777778,56.833333333333336,2.0986841850681137,1.8023868408209955,0.8499086856458127,FALSE,30,10
547,5,1.26655236,-5.87747422,516,61,817.6248777777778,56.833333333333336,2.0986841850681137,1.8023868408209955,0.8499086856458127,FALSE,30,10
547,6,1.47449774,-5.73805697,516,61,817.6248777777778,56.833333333333336,2.0986841850681137,1.8023868408209955,0.8499086856458127,FALSE,30,10
548,0,1.47449774,-4.90155347,294,49,858.8081222222222,42.45,1.492380651668188,1.3643048968214668,0.4481660959580611,FALSE,30,10
548,1,1.47449774,-4.62271897,294,49,858.8081222222222,42.45,1.492380651668188,1.3643048968214668,0.4481660959580611,FALSE,30,10
548,2,1.26655236,-4.48330173,294,49,858.8081222222222,42.45,1.492380651668188,1.3643048968214668,0.4481660959580611,FALSE,30,10
548,3,1.05860698,-4.62271897,294,49,858.8081222222222,42.45,1.492380651668188,1.3643048968214668,0.4481660959580611,FALSE,30,10
548,4,1.05860698,-4.90155347,294,49,858.8081222222222,42.45,1.492380651668188,1.3643048968214668,0.4481660959580611,FALSE,30,10
548,5,1.26655236,-5.04097071,294,49,858.8081222222222,42.45,1.492380651668188,1.3643048968214668,0.4481660959580611,FALSE,30,10
548,6,1.47449774,-4.90155347,294,49,858.8081222222222,42.45,1.492380651668188,1.3643048968214668,0.4481660959580611,FALSE,30,10
549,0,1.47449774,-4.06504996,215,38,532.623011111111,27.233333333333334,1.543756981881604,1.347035428031785,0.42978779524982225,FALSE,30,10
549,1,1.47449774,-3.78621547,215,38,532.623011111111,27.233333333333334,1.543756981881604,1.347035428031785,0.42978779524982225,FALSE,30,10
549,2,1.26655236,-3.64679822,215,38,532.623011111111,27.233333333333334,1.543756981881604,1.347035428031785,0.42978779524982225,FALSE,30,10
549,3,1.05860698,-3.78621547,215,38,532.623011111111,27.233333333333334,1.543756981881604,1.347035428031785,0.42978779524982225,FALSE,30,10
549,4,1.05860698,-4.06504996,215,38,532.623011111111,27.233333333333334,1.543756981881604,1.347035428031785,0.42978779524982225,FALSE,30,10
549,5,1.26655236,-4.20446721,215,38,532.623011111111,27.233333333333334,1.543756981881604,1.347035428031785,0.42978779524982225,FALSE,30,10
549,6,1.47449774,-4.06504996,215,38,532.623011111111,27.233333333333334,1.543756981881604,1.347035428031785,0.42978779524982225,FALSE,30,10
550,0,1.47449774,-3.22854646,117,15,215.3168373015873,12.476190476190476,1.7494521282818432,1.311981496482812,0.3917473730651955,FALSE,30,10
550,1,1.47449774,-2.94971196,117,15,215.3168373015873,12.476190476190476,1.7494521282818432,1.311981496482812,0.3917473730651955,FALSE,30,10
550,2,1.26655236,-2.81029472,117,15,215.3168373015873,12.476190476190476,1.7494521282818432,1.311981496482812,0.3917473730651955,FALSE,30,10
550,3,1.05860698,-2.94971196,117,15,215.3168373015873,12.476190476190476,1.7494521282818432,1.311981496482812,0.3917473730651955,FALSE,30,10
550,4,1.05860698,-3.22854646,117,15,215.3168373015873,12.476190476190476,1.7494521282818432,1.311981496482812,0.3917473730651955,FALSE,30,10
550,5,1.26655236,-3.3679637,117,15,215.3168373015873,12.476190476190476,1.7494521282818432,1.311981496482812,0.3917473730651955,FALSE,30,10
550,6,1.47449774,-3.22854646,117,15,215.3168373015873,12.476190476190476,1.7494521282818432,1.311981496482812,0.3917473730651955,FALSE,30,10
551,0,1.47449774,-2.39204295,185,20,572.8373111111111,15.5,0.8169556094773228,0.8801334489864806,-0.18420580796184324,FALSE,30,10
551,1,1.47449774,-2.11320846,185,20,572.8373111111111,15.5,0.8169556094773228,0.8801334489864806,-0.18420580796184324,FALSE,30,10
551,2,1.26655236,-1.97379121,185,20,572.8373111111111,15.5,0.8169556094773228,0.8801334489864806,-0.18420580796184324,FALSE,30,10
551,3,1.05860698,-2.11320846,185,20,572.8373111111111,15.5,0.8169556094773228,0.8801334489864806,-0.18420580796184324,FALSE,30,10
551,4,1.05860698,-2.39204295,185,20,572.8373111111111,15.5,0.8169556094773228,0.8801334489864806,-0.18420580796184324,FALSE,30,10
551,5,1.26655236,-2.5314602,185,20,572.8373111111111,15.5,0.8169556094773228,0.8801334489864806,-0.18420580796184324,FALSE,30,10
551,6,1.47449774,-2.39204295,185,20,572.8373111111111,15.5,0.8169556094773228,0.8801334489864806,-0.18420580796184324,FALSE,30,10
552,0,1.47449774,-1.55553944,39,4,86.24068888888888,3.1666666666666665,1.108633996085912,1.024135795573665,0.03440702257585253,FALSE,30,10
552,1,1.47449774,-1.27670495,39,4,86.24068888888888,3.1666666666666665,1.108633996085912,1.024135795573665,0.03440702257585253,FALSE,30,10
552,2,1.26655236,-1.13728771,39,4,86.24068888888888,3.1666666666666665,1.108633996085912,1.024135795573665,0.03440702257585253,FALSE,30,10
552,3,1.05860698,-1.27670495,39,4,86.24068888888888,3.1666666666666665,1.108633996085912,1.024135795573665,0.03440702257585253,FALSE,30,10
552,4,1.05860698,-1.55553944,39,4,86.24068888888888,3.1666666666666665,1.108633996085912,1.024135795573665,0.03440702257585253,FALSE,30,10
552,5,1.26655236,-1.69495669,39,4,86.24068888888888,3.1666666666666665,1.108633996085912,1.024135795573665,0.03440702257585253,FALSE,30,10
552,6,1.47449774,-1.55553944,39,4,86.24068888888888,3.1666666666666665,1.108633996085912,1.024135795573665,0.03440702257585253,FALSE,30,10
553,0,1.47449774,-0.719035938,135,4,184.2108888888889,3.5,0.5736550281897591,0.8384453767051567,-0.25421129717231417,FALSE,30,10
553,1,1.47449774,-0.440201446,135,4,184.2108888888889,3.5,0.5736550281897591,0.8384453767051567,-0.25421129717231417,FALSE,30,10
553,2,1.26655236,-0.3007842,135,4,184.2108888888889,3.5,0.5736550281897591,0.8384453767051567,-0.25421129717231417,FALSE,30,10
553,3,1.05860698,-0.440201446,135,4,184.2108888888889,3.5,0.5736550281897591,0.8384453767051567,-0.25421129717231417,FALSE,30,10
553,4,1.05860698,-0.719035938,135,4,184.2108888888889,3.5,0.5736550281897591,0.8384453767051567,-0.25421129717231417,FALSE,30,10
553,5,1.26655236,-0.858453184,135,4,184.2108888888889,3.5,0.5736550281897591,0.8384453767051567,-0.25421129717231417,FALSE,30,10
553,6,1.47449774,-0.719035938,135,4,184.2108888888889,3.5,0.5736550281897591,0.8384453767051567,-0.25421129717231417,FALSE,30,10
554,0,1.47449774,0.117467567,107,43,192.3595476190476,37.083333333333336,5.820537295299958,2.87599977304984,1.5240635619316325,FALSE,30,10
554,1,1.47449774,0.396302059,107,43,192.3595476190476,37.083333333333336,5.820537295299958,2.87599977304984,1.5240635619316325,FALSE,30,10
554,2,1.26655236,0.535719305,107,43,192.3595476190476,37.083333333333336,5.820537295299958,2.87599977304984,1.5240635619316325,FALSE,30,10
554,3,1.05860698,0.396302059,107,43,192.3595476190476,37.083333333333336,5.820537295299958,2.87599977304984,1.5240635619316325,FALSE,30,10
554,4,1.05860698,0.117467567,107,43,192.3595476190476,37.083333333333336,5.820537295299958,2.87599977304984,1.5240635619316325,FALSE,30,10
554,5,1.26655236,-0.0219496787,107,43,192.3595476190476,37.083333333333336,5.820537295299958,2.87599977304984,1.5240635619316325,FALSE,30,10
554,6,1.47449774,0.117467567,107,43,192.3595476190476,37.083333333333336,5.820537295299958,2.87599977304984,1.5240635619316325,FALSE,30,10
555,0,1.47449774,0.953971073,223,7,721.6727666666666,6.5,0.2719387507967175,0.48669061629834826,-1.038923136071946,FALSE,30,10
555,1,1.47449774,1.23280556,223,7,721.6727666666666,6.5,0.2719387507967175,0.48669061629834826,-1.038923136071946,FALSE,30,10
555,2,1.26655236,1.37222281,223,7,721.6727666666666,6.5,0.2719387507967175,0.48669061629834826,-1.038923136071946,FALSE,30,10
555,3,1.05860698,1.23280556,223,7,721.6727666666666,6.5,0.2719387507967175,0.48669061629834826,-1.038923136071946,FALSE,30,10
555,4,1.05860698,0.953971073,223,7,721.6727666666666,6.5,0.2719387507967175,0.48669061629834826,-1.038923136071946,FALSE,30,10
555,5,1.26655236,0.814553827,223,7,721.6727666666666,6.5,0.2719387507967175,0.48669061629834826,-1.038923136071946,FALSE,30,10
555,6,1.47449774,0.953971073,223,7,721.6727666666666,6.5,0.2719387507967175,0.48669061629834826,-1.038923136071946,FALSE,30,10
556,0,1.47449774,1.79047458,318,26,691.3477047619048,25.666666666666668,1.12091067079182,1.084157526735306,0.11657439371071052,FALSE,30,10
556,1,1.47449774,2.06930907,318,26,691.3477047619048,25.666666666666668,1.12091067079182,1.084157526735306,0.11657439371071052,FALSE,30,10
556,2,1.26655236,2.20872632,318,26,691.3477047619048,25.666666666666668,1.12091067079182,1.084157526735306,0.11657439371071052,FALSE,30,10
556,3,1.05860698,2.06930907,318,26,691.3477047619048,25.666666666666668,1.12091067079182,1.084157526735306,0.11657439371071052,FALSE,30,10
556,4,1.05860698,1.79047458,318,26,691.3477047619048,25.666666666666668,1.12091067079182,1.084157526735306,0.11657439371071052,FALSE,30,10
556,5,1.26655236,1.65105733,318,26,691.3477047619048,25.666666666666668,1.12091067079182,1.084157526735306,0.11657439371071052,FALSE,30,10
556,6,1.47449774,1.79047458,318,26,691.3477047619048,25.666666666666668,1.12091067079182,1.084157526735306,0.11657439371071052,FALSE,30,10
557,0,1.47449774,2.62697808,261,43,554.4205238095238,38.75,2.1102332729970703,1.7187946963192244,0.7813972305106431,FALSE,30,10
557,1,1.47449774,2.90581258,261,43,554.4205238095238,38.75,2.1102332729970703,1.7187946963192244,0.7813972305106431,FALSE,30,10
557,2,1.26655236,3.04522982,261,43,554.4205238095238,38.75,2.1102332729970703,1.7187946963192244,0.7813972305106431,FALSE,30,10
557,3,1.05860698,2.90581258,261,43,554.4205238095238,38.75,2.1102332729970703,1.7187946963192244,0.7813972305106431,FALSE,30,10
557,4,1.05860698,2.62697808,261,43,554.4205238095238,38.75,2.1102332729970703,1.7187946963192244,0.7813972305106431,FALSE,30,10
557,5,1.26655236,2.48756084,261,43,554.4205238095238,38.75,2.1102332729970703,1.7187946963192244,0.7813972305106431,FALSE,30,10
557,6,1.47449774,2.62697808,261,43,554.4205238095238,38.75,2.1102332729970703,1.7187946963192244,0.7813972305106431,FALSE,30,10
558,0,1.47449774,3.46348159,102,0,239.65537777777777,0,0,0.5574882319778929,-0.8429867433904282,FALSE,30,10
558,1,1.47449774,3.74231608,102,0,239.65537777777777,0,0,0.5574882319778929,-0.8429867433904282,FALSE,30,10
558,2,1.26655236,3.88173333,102,0,239.65537777777777,0,0,0.5574882319778929,-0.8429867433904282,FALSE,30,10
558,3,1.05860698,3.74231608,102,0,239.65537777777777,0,0,0.5574882319778929,-0.8429867433904282,FALSE,30,10
558,4,1.05860698,3.46348159,102,0,239.65537777777777,0,0,0.5574882319778929,-0.8429867433904282,FALSE,30,10
558,5,1.26655236,3.32406434,102,0,239.65537777777777,0,0,0.5574882319778929,-0.8429867433904282,FALSE,30,10
558,6,1.47449774,3.46348159,102,0,239.65537777777777,0,0,0.5574882319778929,-0.8429867433904282,FALSE,30,10
559,0,1.47449774,4.2999851,307,0,805.8558222222223,0,0,0.2725489373536634,-1.8754127995348808,FALSE,30,10
559,1,1.47449774,4.57881959,307,0,805.8558222222223,0,0,0.2725489373536634,-1.8754127995348808,FALSE,30,10
559,2,1.26655236,4.71823683,307,0,805.8558222222223,0,0,0.2725489373536634,-1.8754127995348808,FALSE,30,10
559,3,1.05860698,4.57881959,307,0,805.8558222222223,0,0,0.2725489373536634,-1.8754127995348808,FALSE,30,10
559,4,1.05860698,4.2999851,307,0,805.8558222222223,0,0,0.2725489373536634,-1.8754127995348808,FALSE,30,10
559,5,1.26655236,4.16056785,307,0,805.8558222222223,0,0,0.2725489373536634,-1.8754127995348808,FALSE,30,10
559,6,1.47449774,4.2999851,307,0,805.8558222222223,0,0,0.2725489373536634,-1.8754127995348808,FALSE,30,10
560,0,1.47449774,5.1364886,309,0,705.1756222222223,0,0,0.2997957686753198,-1.7379480736903552,FALSE,30,10
560,1,1.47449774,5.41532309,309,0,705.1756222222223,0,0,0.2997957686753198,-1.7379480736903552,FALSE,30,10
560,2,1.26655236,5.55474034,309,0,705.1756222222223,0,0,0.2997957686753198,-1.7379480736903552,FALSE,30,10
560,3,1.05860698,5.41532309,309,0,705.1756222222223,0,0,0.2997957686753198,-1.7379480736903552,FALSE,30,10
560,4,1.05860698,5.1364886,309,0,705.1756222222223,0,0,0.2997957686753198,-1.7379480736903552,FALSE,30,10
560,5,1.26655236,4.99707136,309,0,705.1756222222223,0,0,0.2997957686753198,-1.7379480736903552,FALSE,30,10
560,6,1.47449774,5.1364886,309,0,705.1756222222223,0,0,0.2997957686753198,-1.7379480736903552,FALSE,30,10
561,0,1.47449774,5.97299211,330,0,724.8202777777777,0,0,0.2940597903429469,-1.765818570909921,FALSE,30,10
561,1,1.47449774,6.2518266,330,0,724.8202777777777,0,0,0.2940597903429469,-1.765818570909921,FALSE,30,10
561,2,1.26655236,6.39124385,330,0,724.8202777777777,0,0,0.2940597903429469,-1.765818570909921,FALSE,30,10
561,3,1.05860698,6.2518266,330,0,724.8202777777777,0,0,0.2940597903429469,-1.765818570909921,FALSE,30,10
561,4,1.05860698,5.97299211,330,0,724.8202777777777,0,0,0.2940597903429469,-1.765818570909921,FALSE,30,10
561,5,1.26655236,5.83357486,330,0,724.8202777777777,0,0,0.2940597903429469,-1.765818570909921,FALSE,30,10
561,6,1.47449774,5.97299211,330,0,724.8202777777777,0,0,0.2940597903429469,-1.765818570909921,FALSE,30,10
562,0,1.47449774,6.80949561,360,0,849.8171666666667,0,0,0.2621458928082175,-1.9315581523961876,FALSE,30,10
562,1,1.47449774,7.0883301,360,0,849.8171666666667,0,0,0.2621458928082175,-1.9315581523961876,FALSE,30,10
562,2,1.26655236,7.22774735,360,0,849.8171666666667,0,0,0.2621458928082175,-1.9315581523961876,FALSE,30,10
562,3,1.05860698,7.0883301,360,0,849.8171666666667,0,0,0.2621458928082175,-1.9315581523961876,FALSE,30,10
562,4,1.05860698,6.80949561,360,0,849.8171666666667,0,0,0.2621458928082175,-1.9315581523961876,FALSE,30,10
562,5,1.26655236,6.67007837,360,0,849.8171666666667,0,0,0.2621458928082175,-1.9315581523961876,FALSE,30,10
562,6,1.47449774,6.80949561,360,0,849.8171666666667,0,0,0.2621458928082175,-1.9315581523961876,FALSE,30,10
563,0,1.47449774,7.64599912,6,0,11.743666666666666,0,0,0.96256019687969,0,TRUE,30,10
563,1,1.47449774,7.92483361,6,0,11.743666666666666,0,0,0.96256019687969,0,TRUE,30,10
563,2,1.26655236,8.06425086,6,0,11.743666666666666,0,0,0.96256019687969,0,TRUE,30,10
563,3,1.05860698,7.92483361,6,0,11.743666666666666,0,0,0.96256019687969,0,TRUE,30,10
563,4,1.05860698,7.64599912,6,0,11.743666666666666,0,0,0.96256019687969,0,TRUE,30,10
563,5,1.26655236,7.50658187,6,0,11.743666666666666,0,0,0.96256019687969,0,TRUE,30,10
563,6,1.47449774,7.64599912,6,0,11.743666666666666,0,0,0.96256019687969,0,TRUE,30,10
564,0,1.47449774,10.9920131,33,0,140.26722222222224,0,0,0.6827907879384061,-0.55048450091133,FALSE,30,10
564,1,1.47449774,11.2708476,33,0,140.26722222222224,0,0,0.6827907879384061,-0.55048450091133,FALSE,30,10
564,2,1.26655236,11.4102649,33,0,140.26722222222224,0,0,0.6827907879384061,-0.55048450091133,FALSE,30,10
564,3,1.05860698,11.2708476,33,0,140.26722222222224,0,0,0.6827907879384061,-0.55048450091133,FALSE,30,10
564,4,1.05860698,10.9920131,33,0,140.26722222222224,0,0,0.6827907879384061,-0.55048450091133,FALSE,30,10
564,5,1.26655236,10.8525959,33,0,140.26722222222224,0,0,0.6827907879384061,-0.55048450091133,FALSE,30,10
564,6,1.47449774,10.9920131,33,0,140.26722222222224,0,0,0.6827907879384061,-0.55048450091133,FALSE,30,10
565,0,1.47449774,11.8285166,102,0,455.1175,0,0,0.3988211694228371,-1.3261861048835186,FALSE,30,10
565,1,1.47449774,12.1073511,102,0,455.1175,0,0,0.3988211694228371,-1.3261861048835186,FALSE,30,10
565,2,1.26655236,12.2467684,102,0,455.1175,0,0,0.3988211694228371,-1.3261861048835186,FALSE,30,10
565,3,1.05860698,12.1073511,102,0,455.1175,0,0,0.3988211694228371,-1.3261861048835186,FALSE,30,10
565,4,1.05860698,11.8285166,102,0,455.1175,0,0,0.3988211694228371,-1.3261861048835186,FALSE,30,10
565,5,1.26655236,11.6890994,102,0,455.1175,0,0,0.3988211694228371,-1.3261861048835186,FALSE,30,10
565,6,1.47449774,11.8285166,102,0,455.1175,0,0,0.3988211694228371,-1.3261861048835186,FALSE,30,10
566,0,1.89038849,-5.73805697,258,29,672.7145587301587,24.666666666666668,1.1070766649823771,1.0739063821262145,0.10286823175060648,FALSE,30,10
566,1,1.89038849,-5.45922248,258,29,672.7145587301587,24.666666666666668,1.1070766649823771,1.0739063821262145,0.10286823175060648,FALSE,30,10
566,2,1.68244311,-5.31980523,258,29,672.7145587301587,24.666666666666668,1.1070766649823771,1.0739063821262145,0.10286823175060648,FALSE,30,10
566,3,1.47449774,-5.45922248,258,29,672.7145587301587,24.666666666666668,1.1070766649823771,1.0739063821262145,0.10286823175060648,FALSE,30,10
566,4,1.47449774,-5.73805697,258,29,672.7145587301587,24.666666666666668,1.1070766649823771,1.0739063821262145,0.10286823175060648,FALSE,30,10
566,5,1.68244311,-5.87747422,258,29,672.7145587301587,24.666666666666668,1.1070766649823771,1.0739063821262145,0.10286823175060648,FALSE,30,10
566,6,1.89038849,-5.73805697,258,29,672.7145587301587,24.666666666666668,1.1070766649823771,1.0739063821262145,0.10286823175060648,FALSE,30,10
567,0,1.89038849,-4.90155347,418,78,1213.3398055555556,66.42619047619047,1.6529318930240149,1.5228317998928556,0.6067566017981495,FALSE,30,10
567,1,1.89038849,-4.62271897,418,78,1213.3398055555556,66.42619047619047,1.6529318930240149,1.5228317998928556,0.6067566017981495,FALSE,30,10
567,2,1.68244311,-4.48330173,418,78,1213.3398055555556,66.42619047619047,1.6529318930240149,1.5228317998928556,0.6067566017981495,FALSE,30,10
567,3,1.47449774,-4.62271897,418,78,1213.3398055555556,66.42619047619047,1.6529318930240149,1.5228317998928556,0.6067566017981495,FALSE,30,10
567,4,1.47449774,-4.90155347,418,78,1213.3398055555556,66.42619047619047,1.6529318930240149,1.5228317998928556,0.6067566017981495,FALSE,30,10
567,5,1.68244311,-5.04097071,418,78,1213.3398055555556,66.42619047619047,1.6529318930240149,1.5228317998928556,0.6067566017981495,FALSE,30,10
567,6,1.89038849,-4.90155347,418,78,1213.3398055555556,66.42619047619047,1.6529318930240149,1.5228317998928556,0.6067566017981495,FALSE,30,10
568,0,1.89038849,-4.06504996,291,50,709.8271857142857,32.38968253968254,1.3776919520883777,1.2649820840157684,0.33911695212540294,FALSE,30,10
568,1,1.89038849,-3.78621547,291,50,709.8271857142857,32.38968253968254,1.3776919520883777,1.2649820840157684,0.33911695212540294,FALSE,30,10
568,2,1.68244311,-3.64679822,291,50,709.8271857142857,32.38968253968254,1.3776919520883777,1.2649820840157684,0.33911695212540294,FALSE,30,10
568,3,1.47449774,-3.78621547,291,50,709.8271857142857,32.38968253968254,1.3776919520883777,1.2649820840157684,0.33911695212540294,FALSE,30,10
568,4,1.47449774,-4.06504996,291,50,709.8271857142857,32.38968253968254,1.3776919520883777,1.2649820840157684,0.33911695212540294,FALSE,30,10
568,5,1.68244311,-4.20446721,291,50,709.8271857142857,32.38968253968254,1.3776919520883777,1.2649820840157684,0.33911695212540294,FALSE,30,10
568,6,1.89038849,-4.06504996,291,50,709.8271857142857,32.38968253968254,1.3776919520883777,1.2649820840157684,0.33911695212540294,FALSE,30,10
569,0,1.89038849,-3.22854646,166,27,424.7830148148148,24.75,1.7591631489018646,1.4437544627961294,0.5298254060569331,FALSE,30,10
569,1,1.89038849,-2.94971196,166,27,424.7830148148148,24.75,1.7591631489018646,1.4437544627961294,0.5298254060569331,FALSE,30,10
569,2,1.68244311,-2.81029472,166,27,424.7830148148148,24.75,1.7591631489018646,1.4437544627961294,0.5298254060569331,FALSE,30,10
569,3,1.47449774,-2.94971196,166,27,424.7830148148148,24.75,1.7591631489018646,1.4437544627961294,0.5298254060569331,FALSE,30,10
569,4,1.47449774,-3.22854646,166,27,424.7830148148148,24.75,1.7591631489018646,1.4437544627961294,0.5298254060569331,FALSE,30,10
569,5,1.68244311,-3.3679637,166,27,424.7830148148148,24.75,1.7591631489018646,1.4437544627961294,0.5298254060569331,FALSE,30,10
569,6,1.89038849,-3.22854646,166,27,424.7830148148148,24.75,1.7591631489018646,1.4437544627961294,0.5298254060569331,FALSE,30,10
570,0,1.89038849,-2.39204295,12,5,40.28386666666667,4.25,3.18534031795975,1.2572526557988732,0,TRUE,30,10
570,1,1.89038849,-2.11320846,12,5,40.28386666666667,4.25,3.18534031795975,1.2572526557988732,0,TRUE,30,10
570,2,1.68244311,-1.97379121,12,5,40.28386666666667,4.25,3.18534031795975,1.2572526557988732,0,TRUE,30,10
570,3,1.47449774,-2.11320846,12,5,40.28386666666667,4.25,3.18534031795975,1.2572526557988732,0,TRUE,30,10
570,4,1.47449774,-2.39204295,12,5,40.28386666666667,4.25,3.18534031795975,1.2572526557988732,0,TRUE,30,10
570,5,1.68244311,-2.5314602,12,5,40.28386666666667,4.25,3.18534031795975,1.2572526557988732,0,TRUE,30,10
570,6,1.89038849,-2.39204295,12,5,40.28386666666667,4.25,3.18534031795975,1.2572526557988732,0,TRUE,30,10
571,0,1.89038849,-1.55553944,115,7,186.17683333333335,6.666666666666667,1.0811380696658834,1.0309485638295184,0.04397235544199713,FALSE,30,10
571,1,1.89038849,-1.27670495,115,7,186.17683333333335,6.666666666666667,1.0811380696658834,1.0309485638295184,0.04397235544199713,FALSE,30,10
571,2,1.68244311,-1.13728771,115,7,186.17683333333335,6.666666666666667,1.0811380696658834,1.0309485638295184,0.04397235544199713,FALSE,30,10
571,3,1.47449774,-1.27670495,115,7,186.17683333333335,6.666666666666667,1.0811380696658834,1.0309485638295184,0.04397235544199713,FALSE,30,10
571,4,1.47449774,-1.55553944,115,7,186.17683333333335,6.666666666666667,1.0811380696658834,1.0309485638295184,0.04397235544199713,FALSE,30,10
571,5,1.68244311,-1.69495669,115,7,186.17683333333335,6.666666666666667,1.0811380696658834,1.0309485638295184,0.04397235544199713,FALSE,30,10
571,6,1.89038849,-1.55553944,115,7,186.17683333333335,6.666666666666667,1.0811380696658834,1.0309485638295184,0.04397235544199713,FALSE,30,10
572,0,1.89038849,-0.719035938,309,6,441.7359444444445,4.266666666666667,0.29162451784216487,0.5792232840399557,-0.7878084967932577,FALSE,30,10
572,1,1.89038849,-0.440201446,309,6,441.7359444444445,4.266666666666667,0.29162451784216487,0.5792232840399557,-0.7878084967932577,FALSE,30,10
572,2,1.68244311,-0.3007842,309,6,441.7359444444445,4.266666666666667,0.29162451784216487,0.5792232840399557,-0.7878084967932577,FALSE,30,10
572,3,1.47449774,-0.440201446,309,6,441.7359444444445,4.266666666666667,0.29162451784216487,0.5792232840399557,-0.7878084967932577,FALSE,30,10
572,4,1.47449774,-0.719035938,309,6,441.7359444444445,4.266666666666667,0.29162451784216487,0.5792232840399557,-0.7878084967932577,FALSE,30,10
572,5,1.68244311,-0.858453184,309,6,441.7359444444445,4.266666666666667,0.29162451784216487,0.5792232840399557,-0.7878084967932577,FALSE,30,10
572,6,1.89038849,-0.719035938,309,6,441.7359444444445,4.266666666666667,0.29162451784216487,0.5792232840399557,-0.7878084967932577,FALSE,30,10
573,0,1.89038849,0.117467567,103,6,184.82517948717947,5.666666666666667,0.9256879032945764,0.971782719079845,-0.04129431721656317,FALSE,30,10
573,1,1.89038849,0.396302059,103,6,184.82517948717947,5.666666666666667,0.9256879032945764,0.971782719079845,-0.04129431721656317,FALSE,30,10
573,2,1.68244311,0.535719305,103,6,184.82517948717947,5.666666666666667,0.9256879032945764,0.971782719079845,-0.04129431721656317,FALSE,30,10
573,3,1.47449774,0.396302059,103,6,184.82517948717947,5.666666666666667,0.9256879032945764,0.971782719079845,-0.04129431721656317,FALSE,30,10
573,4,1.47449774,0.117467567,103,6,184.82517948717947,5.666666666666667,0.9256879032945764,0.971782719079845,-0.04129431721656317,FALSE,30,10
573,5,1.68244311,-0.0219496787,103,6,184.82517948717947,5.666666666666667,0.9256879032945764,0.971782719079845,-0.04129431721656317,FALSE,30,10
573,6,1.89038849,0.117467567,103,6,184.82517948717947,5.666666666666667,0.9256879032945764,0.971782719079845,-0.04129431721656317,FALSE,30,10
574,0,1.89038849,0.953971073,114,10,303.2096,10,0.9957609960560628,0.997875996197784,-0.00306754864925288,FALSE,30,10
574,1,1.89038849,1.23280556,114,10,303.2096,10,0.9957609960560628,0.997875996197784,-0.00306754864925288,FALSE,30,10
574,2,1.68244311,1.37222281,114,10,303.2096,10,0.9957609960560628,0.997875996197784,-0.00306754864925288,FALSE,30,10
574,3,1.47449774,1.23280556,114,10,303.2096,10,0.9957609960560628,0.997875996197784,-0.00306754864925288,FALSE,30,10
574,4,1.47449774,0.953971073,114,10,303.2096,10,0.9957609960560628,0.997875996197784,-0.00306754864925288,FALSE,30,10
574,5,1.68244311,0.814553827,114,10,303.2096,10,0.9957609960560628,0.997875996197784,-0.00306754864925288,FALSE,30,10
574,6,1.89038849,0.953971073,114,10,303.2096,10,0.9957609960560628,0.997875996197784,-0.00306754864925288,FALSE,30,10
575,0,1.89038849,1.79047458,194,15,865.2912888888889,13.5,0.4710526977471002,0.6078757858436324,-0.7181515433491905,FALSE,30,10
575,1,1.89038849,2.06930907,194,15,865.2912888888889,13.5,0.4710526977471002,0.6078757858436324,-0.7181515433491905,FALSE,30,10
575,2,1.68244311,2.20872632,194,15,865.2912888888889,13.5,0.4710526977471002,0.6078757858436324,-0.7181515433491905,FALSE,30,10
575,3,1.47449774,2.06930907,194,15,865.2912888888889,13.5,0.4710526977471002,0.6078757858436324,-0.7181515433491905,FALSE,30,10
575,4,1.47449774,1.79047458,194,15,865.2912888888889,13.5,0.4710526977471002,0.6078757858436324,-0.7181515433491905,FALSE,30,10
575,5,1.68244311,1.65105733,194,15,865.2912888888889,13.5,0.4710526977471002,0.6078757858436324,-0.7181515433491905,FALSE,30,10
575,6,1.89038849,1.79047458,194,15,865.2912888888889,13.5,0.4710526977471002,0.6078757858436324,-0.7181515433491905,FALSE,30,10
576,0,1.89038849,2.62697808,197,32,511.8952777777778,28.583333333333332,1.6858922306469122,1.431428545596938,0.5174556553279307,FALSE,30,10
576,1,1.89038849,2.90581258,197,32,511.8952777777778,28.583333333333332,1.6858922306469122,1.431428545596938,0.5174556553279307,FALSE,30,10
576,2,1.68244311,3.04522982,197,32,511.8952777777778,28.583333333333332,1.6858922306469122,1.431428545596938,0.5174556553279307,FALSE,30,10
576,3,1.47449774,2.90581258,197,32,511.8952777777778,28.583333333333332,1.6858922306469122,1.431428545596938,0.5174556553279307,FALSE,30,10
576,4,1.47449774,2.62697808,197,32,511.8952777777778,28.583333333333332,1.6858922306469122,1.431428545596938,0.5174556553279307,FALSE,30,10
576,5,1.68244311,2.48756084,197,32,511.8952777777778,28.583333333333332,1.6858922306469122,1.431428545596938,0.5174556553279307,FALSE,30,10
576,6,1.89038849,2.62697808,197,32,511.8952777777778,28.583333333333332,1.6858922306469122,1.431428545596938,0.5174556553279307,FALSE,30,10
577,0,1.89038849,3.46348159,91,1,239.1394358974359,0.6923076923076923,0.08740695986359992,0.596651978239383,-0.7450384291791748,FALSE,30,10
577,1,1.89038849,3.74231608,91,1,239.1394358974359,0.6923076923076923,0.08740695986359992,0.596651978239383,-0.7450384291791748,FALSE,30,10
577,2,1.68244311,3.88173333,91,1,239.1394358974359,0.6923076923076923,0.08740695986359992,0.596651978239383,-0.7450384291791748,FALSE,30,10
577,3,1.47449774,3.74231608,91,1,239.1394358974359,0.6923076923076923,0.08740695986359992,0.596651978239383,-0.7450384291791748,FALSE,30,10
577,4,1.47449774,3.46348159,91,1,239.1394358974359,0.6923076923076923,0.08740695986359992,0.596651978239383,-0.7450384291791748,FALSE,30,10
577,5,1.68244311,3.32406434,91,1,239.1394358974359,0.6923076923076923,0.08740695986359992,0.596651978239383,-0.7450384291791748,FALSE,30,10
577,6,1.89038849,3.46348159,91,1,239.1394358974359,0.6923076923076923,0.08740695986359992,0.596651978239383,-0.7450384291791748,FALSE,30,10
578,0,1.89038849,4.2999851,299,1,791.9900293650794,1,0.03812223413365523,0.3036039621719592,-1.7197374761743751,FALSE,30,10
578,1,1.89038849,4.57881959,299,1,791.9900293650794,1,0.03812223413365523,0.3036039621719592,-1.7197374761743751,FALSE,30,10
578,2,1.68244311,4.71823683,299,1,791.9900293650794,1,0.03812223413365523,0.3036039621719592,-1.7197374761743751,FALSE,30,10
578,3,1.47449774,4.57881959,299,1,791.9900293650794,1,0.03812223413365523,0.3036039621719592,-1.7197374761743751,FALSE,30,10
578,4,1.47449774,4.2999851,299,1,791.9900293650794,1,0.03812223413365523,0.3036039621719592,-1.7197374761743751,FALSE,30,10
578,5,1.68244311,4.16056785,299,1,791.9900293650794,1,0.03812223413365523,0.3036039621719592,-1.7197374761743751,FALSE,30,10
578,6,1.89038849,4.2999851,299,1,791.9900293650794,1,0.03812223413365523,0.3036039621719592,-1.7197374761743751,FALSE,30,10
579,0,1.89038849,5.1364886,340,1,949.7621047619048,0.5,0.01589473257545107,0.2532747087957869,-1.981225073567695,FALSE,30,10
579,1,1.89038849,5.41532309,340,1,949.7621047619048,0.5,0.01589473257545107,0.2532747087957869,-1.981225073567695,FALSE,30,10
579,2,1.68244311,5.55474034,340,1,949.7621047619048,0.5,0.01589473257545107,0.2532747087957869,-1.981225073567695,FALSE,30,10
579,3,1.47449774,5.41532309,340,1,949.7621047619048,0.5,0.01589473257545107,0.2532747087957869,-1.981225073567695,FALSE,30,10
579,4,1.47449774,5.1364886,340,1,949.7621047619048,0.5,0.01589473257545107,0.2532747087957869,-1.981225073567695,FALSE,30,10
579,5,1.68244311,4.99707136,340,1,949.7621047619048,0.5,0.01589473257545107,0.2532747087957869,-1.981225073567695,FALSE,30,10
579,6,1.89038849,5.1364886,340,1,949.7621047619048,0.5,0.01589473257545107,0.2532747087957869,-1.981225073567695,FALSE,30,10
580,0,1.89038849,5.97299211,357,0,830.6794666666667,0,0,0.26657539377764766,-1.9073844761757477,FALSE,30,10
580,1,1.89038849,6.2518266,357,0,830.6794666666667,0,0,0.26657539377764766,-1.9073844761757477,FALSE,30,10
580,2,1.68244311,6.39124385,357,0,830.6794666666667,0,0,0.26657539377764766,-1.9073844761757477,FALSE,30,10
580,3,1.47449774,6.2518266,357,0,830.6794666666667,0,0,0.26657539377764766,-1.9073844761757477,FALSE,30,10
580,4,1.47449774,5.97299211,357,0,830.6794666666667,0,0,0.26657539377764766,-1.9073844761757477,FALSE,30,10
580,5,1.68244311,5.83357486,357,0,830.6794666666667,0,0,0.26657539377764766,-1.9073844761757477,FALSE,30,10
580,6,1.89038849,5.97299211,357,0,830.6794666666667,0,0,0.26657539377764766,-1.9073844761757477,FALSE,30,10
581,0,1.89038849,6.80949561,358,2,842.5845722222223,2,0.07166622871184762,0.3165629929859096,-1.6594354842520915,FALSE,30,10
581,1,1.89038849,7.0883301,358,2,842.5845722222223,2,0.07166622871184762,0.3165629929859096,-1.6594354842520915,FALSE,30,10
581,2,1.68244311,7.22774735,358,2,842.5845722222223,2,0.07166622871184762,0.3165629929859096,-1.6594354842520915,FALSE,30,10
581,3,1.47449774,7.0883301,358,2,842.5845722222223,2,0.07166622871184762,0.3165629929859096,-1.6594354842520915,FALSE,30,10
581,4,1.47449774,6.80949561,358,2,842.5845722222223,2,0.07166622871184762,0.3165629929859096,-1.6594354842520915,FALSE,30,10
581,5,1.68244311,6.67007837,358,2,842.5845722222223,2,0.07166622871184762,0.3165629929859096,-1.6594354842520915,FALSE,30,10
581,6,1.89038849,6.80949561,358,2,842.5845722222223,2,0.07166622871184762,0.3165629929859096,-1.6594354842520915,FALSE,30,10
582,0,1.89038849,9.31900613,1,0,10.542666666666667,0,0,0.9662598993907644,0,TRUE,30,10
582,1,1.89038849,9.59784062,1,0,10.542666666666667,0,0,0.9662598993907644,0,TRUE,30,10
582,2,1.68244311,9.73725787,1,0,10.542666666666667,0,0,0.9662598993907644,0,TRUE,30,10
582,3,1.47449774,9.59784062,1,0,10.542666666666667,0,0,0.9662598993907644,0,TRUE,30,10
582,4,1.47449774,9.31900613,1,0,10.542666666666667,0,0,0.9662598993907644,0,TRUE,30,10
582,5,1.68244311,9.17958888,1,0,10.542666666666667,0,0,0.9662598993907644,0,TRUE,30,10
582,6,1.89038849,9.31900613,1,0,10.542666666666667,0,0,0.9662598993907644,0,TRUE,30,10
583,0,2.30627924,-5.73805697,58,11,249.92303333333336,9.083333333333334,1.0973294301793672,1.0440789784576858,0.06223084746298501,FALSE,30,10
583,1,2.30627924,-5.45922248,58,11,249.92303333333336,9.083333333333334,1.0973294301793672,1.0440789784576858,0.06223084746298501,FALSE,30,10
583,2,2.09833387,-5.31980523,58,11,249.92303333333336,9.083333333333334,1.0973294301793672,1.0440789784576858,0.06223084746298501,FALSE,30,10
583,3,1.89038849,-5.45922248,58,11,249.92303333333336,9.083333333333334,1.0973294301793672,1.0440789784576858,0.06223084746298501,FALSE,30,10
583,4,1.89038849,-5.73805697,58,11,249.92303333333336,9.083333333333334,1.0973294301793672,1.0440789784576858,0.06223084746298501,FALSE,30,10
583,5,2.09833387,-5.87747422,58,11,249.92303333333336,9.083333333333334,1.0973294301793672,1.0440789784576858,0.06223084746298501,FALSE,30,10
583,6,2.30627924,-5.73805697,58,11,249.92303333333336,9.083333333333334,1.0973294301793672,1.0440789784576858,0.06223084746298501,FALSE,30,10
584,0,2.30627924,-4.90155347,13,0,37.94848888888889,0,0,0.8883450194411016,0,TRUE,30,10
584,1,2.30627924,-4.62271897,13,0,37.94848888888889,0,0,0.8883450194411016,0,TRUE,30,10
584,2,2.09833387,-4.48330173,13,0,37.94848888888889,0,0,0.8883450194411016,0,TRUE,30,10
584,3,1.89038849,-4.62271897,13,0,37.94848888888889,0,0,0.8883450194411016,0,TRUE,30,10
584,4,1.89038849,-4.90155347,13,0,37.94848888888889,0,0,0.8883450194411016,0,TRUE,30,10
584,5,2.09833387,-5.04097071,13,0,37.94848888888889,0,0,0.8883450194411016,0,TRUE,30,10
584,6,2.30627924,-4.90155347,13,0,37.94848888888889,0,0,0.8883450194411016,0,TRUE,30,10
585,0,2.30627924,-4.06504996,192,30,259.8853253968254,19.733333333333334,2.2925391082452338,1.5979106365387286,0.6761867275228348,FALSE,30,10
585,1,2.30627924,-3.78621547,192,30,259.8853253968254,19.733333333333334,2.2925391082452338,1.5979106365387286,0.6761867275228348,FALSE,30,10
585,2,2.09833387,-3.64679822,192,30,259.8853253968254,19.733333333333334,2.2925391082452338,1.5979106365387286,0.6761867275228348,FALSE,30,10
585,3,1.89038849,-3.78621547,192,30,259.8853253968254,19.733333333333334,2.2925391082452338,1.5979106365387286,0.6761867275228348,FALSE,30,10
585,4,1.89038849,-4.06504996,192,30,259.8853253968254,19.733333333333334,2.2925391082452338,1.5979106365387286,0.6761867275228348,FALSE,30,10
585,5,2.09833387,-4.20446721,192,30,259.8853253968254,19.733333333333334,2.2925391082452338,1.5979106365387286,0.6761867275228348,FALSE,30,10
585,6,2.30627924,-4.06504996,192,30,259.8853253968254,19.733333333333334,2.2925391082452338,1.5979106365387286,0.6761867275228348,FALSE,30,10
586,0,2.30627924,-3.22854646,24,3,56.18283492063492,2.6,1.3972295340993195,1.0623206844560331,0,TRUE,30,10
586,1,2.30627924,-2.94971196,24,3,56.18283492063492,2.6,1.3972295340993195,1.0623206844560331,0,TRUE,30,10
586,2,2.09833387,-2.81029472,24,3,56.18283492063492,2.6,1.3972295340993195,1.0623206844560331,0,TRUE,30,10
586,3,1.89038849,-2.94971196,24,3,56.18283492063492,2.6,1.3972295340993195,1.0623206844560331,0,TRUE,30,10
586,4,1.89038849,-3.22854646,24,3,56.18283492063492,2.6,1.3972295340993195,1.0623206844560331,0,TRUE,30,10
586,5,2.09833387,-3.3679637,24,3,56.18283492063492,2.6,1.3972295340993195,1.0623206844560331,0,TRUE,30,10
586,6,2.30627924,-3.22854646,24,3,56.18283492063492,2.6,1.3972295340993195,1.0623206844560331,0,TRUE,30,10
587,0,2.30627924,-2.39204295,8,0,45.448166666666665,0,0,0.8691658899218699,0,TRUE,30,10
587,1,2.30627924,-2.11320846,8,0,45.448166666666665,0,0,0.8691658899218699,0,TRUE,30,10
587,2,2.09833387,-1.97379121,8,0,45.448166666666665,0,0,0.8691658899218699,0,TRUE,30,10
587,3,1.89038849,-2.11320846,8,0,45.448166666666665,0,0,0.8691658899218699,0,TRUE,30,10
587,4,1.89038849,-2.39204295,8,0,45.448166666666665,0,0,0.8691658899218699,0,TRUE,30,10
587,5,2.09833387,-2.5314602,8,0,45.448166666666665,0,0,0.8691658899218699,0,TRUE,30,10
587,6,2.30627924,-2.39204295,8,0,45.448166666666665,0,0,0.8691658899218699,0,TRUE,30,10
588,0,2.30627924,-1.55553944,189,12,324.8862555555556,10.571428571428571,0.9824272483442712,0.9908917527065036,-0.01320063219131315,FALSE,30,10
588,1,2.30627924,-1.27670495,189,12,324.8862555555556,10.571428571428571,0.9824272483442712,0.9908917527065036,-0.01320063219131315,FALSE,30,10
588,2,2.09833387,-1.13728771,189,12,324.8862555555556,10.571428571428571,0.9824272483442712,0.9908917527065036,-0.01320063219131315,FALSE,30,10
588,3,1.89038849,-1.27670495,189,12,324.8862555555556,10.571428571428571,0.9824272483442712,0.9908917527065036,-0.01320063219131315,FALSE,30,10
588,4,1.89038849,-1.55553944,189,12,324.8862555555556,10.571428571428571,0.9824272483442712,0.9908917527065036,-0.01320063219131315,FALSE,30,10
588,5,2.09833387,-1.69495669,189,12,324.8862555555556,10.571428571428571,0.9824272483442712,0.9908917527065036,-0.01320063219131315,FALSE,30,10
588,6,2.30627924,-1.55553944,189,12,324.8862555555556,10.571428571428571,0.9824272483442712,0.9908917527065036,-0.01320063219131315,FALSE,30,10
589,0,2.30627924,-0.719035938,137,2,232.7275,2,0.25946593617837205,0.6776544220095826,-0.561378353613745,FALSE,30,10
589,1,2.30627924,-0.440201446,137,2,232.7275,2,0.25946593617837205,0.6776544220095826,-0.561378353613745,FALSE,30,10
589,2,2.09833387,-0.3007842,137,2,232.7275,2,0.25946593617837205,0.6776544220095826,-0.561378353613745,FALSE,30,10
589,3,1.89038849,-0.440201446,137,2,232.7275,2,0.25946593617837205,0.6776544220095826,-0.561378353613745,FALSE,30,10
589,4,1.89038849,-0.719035938,137,2,232.7275,2,0.25946593617837205,0.6776544220095826,-0.561378353613745,FALSE,30,10
589,5,2.09833387,-0.858453184,137,2,232.7275,2,0.25946593617837205,0.6776544220095826,-0.561378353613745,FALSE,30,10
589,6,2.30627924,-0.719035938,137,2,232.7275,2,0.25946593617837205,0.6776544220095826,-0.561378353613745,FALSE,30,10
590,0,2.30627924,0.117467567,432,36,909.1989875457876,30.7,1.0194771366419777,1.014621627042515,0.02094181749815977,FALSE,30,10
590,1,2.30627924,0.396302059,432,36,909.1989875457876,30.7,1.0194771366419777,1.014621627042515,0.02094181749815977,FALSE,30,10
590,2,2.09833387,0.535719305,432,36,909.1989875457876,30.7,1.0194771366419777,1.014621627042515,0.02094181749815977,FALSE,30,10
590,3,1.89038849,0.396302059,432,36,909.1989875457876,30.7,1.0194771366419777,1.014621627042515,0.02094181749815977,FALSE,30,10
590,4,1.89038849,0.117467567,432,36,909.1989875457876,30.7,1.0194771366419777,1.014621627042515,0.02094181749815977,FALSE,30,10
590,5,2.09833387,-0.0219496787,432,36,909.1989875457876,30.7,1.0194771366419777,1.014621627042515,0.02094181749815977,FALSE,30,10
590,6,2.30627924,0.117467567,432,36,909.1989875457876,30.7,1.0194771366419777,1.014621627042515,0.02094181749815977,FALSE,30,10
591,0,2.30627924,0.953971073,181,5,213.42206666666667,4.666666666666667,0.6601847960015139,0.8592712227065518,-0.21881451545256508,FALSE,30,10
591,1,2.30627924,1.23280556,181,5,213.42206666666667,4.666666666666667,0.6601847960015139,0.8592712227065518,-0.21881451545256508,FALSE,30,10
591,2,2.09833387,1.37222281,181,5,213.42206666666667,4.666666666666667,0.6601847960015139,0.8592712227065518,-0.21881451545256508,FALSE,30,10
591,3,1.89038849,1.23280556,181,5,213.42206666666667,4.666666666666667,0.6601847960015139,0.8592712227065518,-0.21881451545256508,FALSE,30,10
591,4,1.89038849,0.953971073,181,5,213.42206666666667,4.666666666666667,0.6601847960015139,0.8592712227065518,-0.21881451545256508,FALSE,30,10
591,5,2.09833387,0.814553827,181,5,213.42206666666667,4.666666666666667,0.6601847960015139,0.8592712227065518,-0.21881451545256508,FALSE,30,10
591,6,2.30627924,0.953971073,181,5,213.42206666666667,4.666666666666667,0.6601847960015139,0.8592712227065518,-0.21881451545256508,FALSE,30,10
592,0,2.30627924,1.79047458,266,3,947.9292444444444,2.5,0.07962732848449833,0.3019596738633393,-1.7275722016350452,FALSE,30,10
592,1,2.30627924,2.06930907,266,3,947.9292444444444,2.5,0.07962732848449833,0.3019596738633393,-1.7275722016350452,FALSE,30,10
592,2,2.09833387,2.20872632,266,3,947.9292444444444,2.5,0.07962732848449833,0.3019596738633393,-1.7275722016350452,FALSE,30,10
592,3,1.89038849,2.06930907,266,3,947.9292444444444,2.5,0.07962732848449833,0.3019596738633393,-1.7275722016350452,FALSE,30,10
592,4,1.89038849,1.79047458,266,3,947.9292444444444,2.5,0.07962732848449833,0.3019596738633393,-1.7275722016350452,FALSE,30,10
592,5,2.09833387,1.65105733,266,3,947.9292444444444,2.5,0.07962732848449833,0.3019596738633393,-1.7275722016350452,FALSE,30,10
592,6,2.30627924,1.79047458,266,3,947.9292444444444,2.5,0.07962732848449833,0.3019596738633393,-1.7275722016350452,FALSE,30,10
593,0,2.30627924,2.62697808,64,7,191.7047777777778,7,1.102460813792672,1.0397914723615849,0.05629422841025571,FALSE,30,10
593,1,2.30627924,2.90581258,64,7,191.7047777777778,7,1.102460813792672,1.0397914723615849,0.05629422841025571,FALSE,30,10
593,2,2.09833387,3.04522982,64,7,191.7047777777778,7,1.102460813792672,1.0397914723615849,0.05629422841025571,FALSE,30,10
593,3,1.89038849,2.90581258,64,7,191.7047777777778,7,1.102460813792672,1.0397914723615849,0.05629422841025571,FALSE,30,10
593,4,1.89038849,2.62697808,64,7,191.7047777777778,7,1.102460813792672,1.0397914723615849,0.05629422841025571,FALSE,30,10
593,5,2.09833387,2.48756084,64,7,191.7047777777778,7,1.102460813792672,1.0397914723615849,0.05629422841025571,FALSE,30,10
593,6,2.30627924,2.62697808,64,7,191.7047777777778,7,1.102460813792672,1.0397914723615849,0.05629422841025571,FALSE,30,10
594,0,2.30627924,3.46348159,123,5,415.1777777777778,4.5,0.3272476015373681,0.6104991784993891,-0.7119387409943478,FALSE,30,10
594,1,2.30627924,3.74231608,123,5,415.1777777777778,4.5,0.3272476015373681,0.6104991784993891,-0.7119387409943478,FALSE,30,10
594,2,2.09833387,3.88173333,123,5,415.1777777777778,4.5,0.3272476015373681,0.6104991784993891,-0.7119387409943478,FALSE,30,10
594,3,1.89038849,3.74231608,123,5,415.1777777777778,4.5,0.3272476015373681,0.6104991784993891,-0.7119387409943478,FALSE,30,10
594,4,1.89038849,3.46348159,123,5,415.1777777777778,4.5,0.3272476015373681,0.6104991784993891,-0.7119387409943478,FALSE,30,10
594,5,2.09833387,3.32406434,123,5,415.1777777777778,4.5,0.3272476015373681,0.6104991784993891,-0.7119387409943478,FALSE,30,10
594,6,2.30627924,3.46348159,123,5,415.1777777777778,4.5,0.3272476015373681,0.6104991784993891,-0.7119387409943478,FALSE,30,10
595,0,2.30627924,4.2999851,186,1,384.0780904761905,0.3333333333333333,0.02620337728155112,0.454792058736393,-1.136721031777802,FALSE,30,10
595,1,2.30627924,4.57881959,186,1,384.0780904761905,0.3333333333333333,0.02620337728155112,0.454792058736393,-1.136721031777802,FALSE,30,10
595,2,2.09833387,4.71823683,186,1,384.0780904761905,0.3333333333333333,0.02620337728155112,0.454792058736393,-1.136721031777802,FALSE,30,10
595,3,1.89038849,4.57881959,186,1,384.0780904761905,0.3333333333333333,0.02620337728155112,0.454792058736393,-1.136721031777802,FALSE,30,10
595,4,1.89038849,4.2999851,186,1,384.0780904761905,0.3333333333333333,0.02620337728155112,0.454792058736393,-1.136721031777802,FALSE,30,10
595,5,2.09833387,4.16056785,186,1,384.0780904761905,0.3333333333333333,0.02620337728155112,0.454792058736393,-1.136721031777802,FALSE,30,10
595,6,2.30627924,4.2999851,186,1,384.0780904761905,0.3333333333333333,0.02620337728155112,0.454792058736393,-1.136721031777802,FALSE,30,10
596,0,2.30627924,5.1364886,229,0,525.6734777777777,0,0,0.3648200899731818,-1.4547429166275074,FALSE,30,10
596,1,2.30627924,5.41532309,229,0,525.6734777777777,0,0,0.3648200899731818,-1.4547429166275074,FALSE,30,10
596,2,2.09833387,5.55474034,229,0,525.6734777777777,0,0,0.3648200899731818,-1.4547429166275074,FALSE,30,10
596,3,1.89038849,5.41532309,229,0,525.6734777777777,0,0,0.3648200899731818,-1.4547429166275074,FALSE,30,10
596,4,1.89038849,5.1364886,229,0,525.6734777777777,0,0,0.3648200899731818,-1.4547429166275074,FALSE,30,10
596,5,2.09833387,4.99707136,229,0,525.6734777777777,0,0,0.3648200899731818,-1.4547429166275074,FALSE,30,10
596,6,2.30627924,5.1364886,229,0,525.6734777777777,0,0,0.3648200899731818,-1.4547429166275074,FALSE,30,10
597,0,2.30627924,5.97299211,253,0,611.5847555555556,0,0,0.3305104571047055,-1.597232176635676,FALSE,30,10
597,1,2.30627924,6.2518266,253,0,611.5847555555556,0,0,0.3305104571047055,-1.597232176635676,FALSE,30,10
597,2,2.09833387,6.39124385,253,0,611.5847555555556,0,0,0.3305104571047055,-1.597232176635676,FALSE,30,10
597,3,1.89038849,6.2518266,253,0,611.5847555555556,0,0,0.3305104571047055,-1.597232176635676,FALSE,30,10
597,4,1.89038849,5.97299211,253,0,611.5847555555556,0,0,0.3305104571047055,-1.597232176635676,FALSE,30,10
597,5,2.09833387,5.83357486,253,0,611.5847555555556,0,0,0.3305104571047055,-1.597232176635676,FALSE,30,10
597,6,2.30627924,5.97299211,253,0,611.5847555555556,0,0,0.3305104571047055,-1.597232176635676,FALSE,30,10
598,0,2.30627924,6.80949561,192,0,413.08455555555554,0,0,0.4222665129094548,-1.2437742535616627,FALSE,30,10
598,1,2.30627924,7.0883301,192,0,413.08455555555554,0,0,0.4222665129094548,-1.2437742535616627,FALSE,30,10
598,2,2.09833387,7.22774735,192,0,413.08455555555554,0,0,0.4222665129094548,-1.2437742535616627,FALSE,30,10
598,3,1.89038849,7.0883301,192,0,413.08455555555554,0,0,0.4222665129094548,-1.2437742535616627,FALSE,30,10
598,4,1.89038849,6.80949561,192,0,413.08455555555554,0,0,0.4222665129094548,-1.2437742535616627,FALSE,30,10
598,5,2.09833387,6.67007837,192,0,413.08455555555554,0,0,0.4222665129094548,-1.2437742535616627,FALSE,30,10
598,6,2.30627924,6.80949561,192,0,413.08455555555554,0,0,0.4222665129094548,-1.2437742535616627,FALSE,30,10
599,0,2.72217,-4.06504996,4,1,21.1,0.25,0.35773020534331806,0.9580468313128988,0,TRUE,30,10
599,1,2.72217,-3.78621547,4,1,21.1,0.25,0.35773020534331806,0.9580468313128988,0,TRUE,30,10
599,2,2.51422462,-3.64679822,4,1,21.1,0.25,0.35773020534331806,0.9580468313128988,0,TRUE,30,10
599,3,2.30627924,-3.78621547,4,1,21.1,0.25,0.35773020534331806,0.9580468313128988,0,TRUE,30,10
599,4,2.30627924,-4.06504996,4,1,21.1,0.25,0.35773020534331806,0.9580468313128988,0,TRUE,30,10
599,5,2.51422462,-4.20446721,4,1,21.1,0.25,0.35773020534331806,0.9580468313128988,0,TRUE,30,10
599,6,2.72217,-4.06504996,4,1,21.1,0.25,0.35773020534331806,0.9580468313128988,0,TRUE,30,10
600,0,2.72217,-3.22854646,110,21,192.0254888888889,16.816666666666666,2.6441074195608656,1.6391551173921908,0.7129523867762163,FALSE,30,10
600,1,2.72217,-2.94971196,110,21,192.0254888888889,16.816666666666666,2.6441074195608656,1.6391551173921908,0.7129523867762163,FALSE,30,10
600,2,2.51422462,-2.81029472,110,21,192.0254888888889,16.816666666666666,2.6441074195608656,1.6391551173921908,0.7129523867762163,FALSE,30,10
600,3,2.30627924,-2.94971196,110,21,192.0254888888889,16.816666666666666,2.6441074195608656,1.6391551173921908,0.7129523867762163,FALSE,30,10
600,4,2.30627924,-3.22854646,110,21,192.0254888888889,16.816666666666666,2.6441074195608656,1.6391551173921908,0.7129523867762163,FALSE,30,10
600,5,2.51422462,-3.3679637,110,21,192.0254888888889,16.816666666666666,2.6441074195608656,1.6391551173921908,0.7129523867762163,FALSE,30,10
600,6,2.72217,-3.22854646,110,21,192.0254888888889,16.816666666666666,2.6441074195608656,1.6391551173921908,0.7129523867762163,FALSE,30,10
601,0,2.72217,-2.39204295,186,16,474.0965579365079,10.959523809523809,0.697947796880042,0.8154664148697388,-0.2943026343801678,FALSE,30,10
601,1,2.72217,-2.11320846,186,16,474.0965579365079,10.959523809523809,0.697947796880042,0.8154664148697388,-0.2943026343801678,FALSE,30,10
601,2,2.51422462,-1.97379121,186,16,474.0965579365079,10.959523809523809,0.697947796880042,0.8154664148697388,-0.2943026343801678,FALSE,30,10
601,3,2.30627924,-2.11320846,186,16,474.0965579365079,10.959523809523809,0.697947796880042,0.8154664148697388,-0.2943026343801678,FALSE,30,10
601,4,2.30627924,-2.39204295,186,16,474.0965579365079,10.959523809523809,0.697947796880042,0.8154664148697388,-0.2943026343801678,FALSE,30,10
601,5,2.51422462,-2.5314602,186,16,474.0965579365079,10.959523809523809,0.697947796880042,0.8154664148697388,-0.2943026343801678,FALSE,30,10
601,6,2.72217,-2.39204295,186,16,474.0965579365079,10.959523809523809,0.697947796880042,0.8154664148697388,-0.2943026343801678,FALSE,30,10
602,0,2.72217,-1.55553944,66,4,128.7426111111111,2.5,0.5862944108093029,0.8763277669193246,-0.1904575227021215,FALSE,30,10
602,1,2.72217,-1.27670495,66,4,128.7426111111111,2.5,0.5862944108093029,0.8763277669193246,-0.1904575227021215,FALSE,30,10
602,2,2.51422462,-1.13728771,66,4,128.7426111111111,2.5,0.5862944108093029,0.8763277669193246,-0.1904575227021215,FALSE,30,10
602,3,2.30627924,-1.27670495,66,4,128.7426111111111,2.5,0.5862944108093029,0.8763277669193246,-0.1904575227021215,FALSE,30,10
602,4,2.30627924,-1.55553944,66,4,128.7426111111111,2.5,0.5862944108093029,0.8763277669193246,-0.1904575227021215,FALSE,30,10
602,5,2.51422462,-1.69495669,66,4,128.7426111111111,2.5,0.5862944108093029,0.8763277669193246,-0.1904575227021215,FALSE,30,10
602,6,2.72217,-1.55553944,66,4,128.7426111111111,2.5,0.5862944108093029,0.8763277669193246,-0.1904575227021215,FALSE,30,10
603,0,2.72217,-0.719035938,137,3,147.50158333333334,1.9166666666666663,0.3923267911883708,0.8005616385098728,-0.3209156088865397,FALSE,30,10
603,1,2.72217,-0.440201446,137,3,147.50158333333334,1.9166666666666663,0.3923267911883708,0.8005616385098728,-0.3209156088865397,FALSE,30,10
603,2,2.51422462,-0.3007842,137,3,147.50158333333334,1.9166666666666663,0.3923267911883708,0.8005616385098728,-0.3209156088865397,FALSE,30,10
603,3,2.30627924,-0.440201446,137,3,147.50158333333334,1.9166666666666663,0.3923267911883708,0.8005616385098728,-0.3209156088865397,FALSE,30,10
603,4,2.30627924,-0.719035938,137,3,147.50158333333334,1.9166666666666663,0.3923267911883708,0.8005616385098728,-0.3209156088865397,FALSE,30,10
603,5,2.51422462,-0.858453184,137,3,147.50158333333334,1.9166666666666663,0.3923267911883708,0.8005616385098728,-0.3209156088865397,FALSE,30,10
603,6,2.72217,-0.719035938,137,3,147.50158333333334,1.9166666666666663,0.3923267911883708,0.8005616385098728,-0.3209156088865397,FALSE,30,10
604,0,2.72217,0.117467567,135,8,236.1416888888889,7.166666666666667,0.9163103638756782,0.9632710249844456,-0.0539863244517849,FALSE,30,10
604,1,2.72217,0.396302059,135,8,236.1416888888889,7.166666666666667,0.9163103638756782,0.9632710249844456,-0.0539863244517849,FALSE,30,10
604,2,2.51422462,0.535719305,135,8,236.1416888888889,7.166666666666667,0.9163103638756782,0.9632710249844456,-0.0539863244517849,FALSE,30,10
604,3,2.30627924,0.396302059,135,8,236.1416888888889,7.166666666666667,0.9163103638756782,0.9632710249844456,-0.0539863244517849,FALSE,30,10
604,4,2.30627924,0.117467567,135,8,236.1416888888889,7.166666666666667,0.9163103638756782,0.9632710249844456,-0.0539863244517849,FALSE,30,10
604,5,2.51422462,-0.0219496787,135,8,236.1416888888889,7.166666666666667,0.9163103638756782,0.9632710249844456,-0.0539863244517849,FALSE,30,10
604,6,2.72217,0.117467567,135,8,236.1416888888889,7.166666666666667,0.9163103638756782,0.9632710249844456,-0.0539863244517849,FALSE,30,10
605,0,2.72217,0.953971073,40,1,56.8930380952381,1,0.5306875909919657,0.925587182035739,-0.11155920941939992,FALSE,30,10
605,1,2.72217,1.23280556,40,1,56.8930380952381,1,0.5306875909919657,0.925587182035739,-0.11155920941939992,FALSE,30,10
605,2,2.51422462,1.37222281,40,1,56.8930380952381,1,0.5306875909919657,0.925587182035739,-0.11155920941939992,FALSE,30,10
605,3,2.30627924,1.23280556,40,1,56.8930380952381,1,0.5306875909919657,0.925587182035739,-0.11155920941939992,FALSE,30,10
605,4,2.30627924,0.953971073,40,1,56.8930380952381,1,0.5306875909919657,0.925587182035739,-0.11155920941939992,FALSE,30,10
605,5,2.51422462,0.814553827,40,1,56.8930380952381,1,0.5306875909919657,0.925587182035739,-0.11155920941939992,FALSE,30,10
605,6,2.72217,0.953971073,40,1,56.8930380952381,1,0.5306875909919657,0.925587182035739,-0.11155920941939992,FALSE,30,10
606,0,2.72217,1.79047458,7,0,13.661666666666669,0,0,0.9567101569800917,0,TRUE,30,10
606,1,2.72217,2.06930907,7,0,13.661666666666669,0,0,0.9567101569800917,0,TRUE,30,10
606,2,2.51422462,2.20872632,7,0,13.661666666666669,0,0,0.9567101569800917,0,TRUE,30,10
606,3,2.30627924,2.06930907,7,0,13.661666666666669,0,0,0.9567101569800917,0,TRUE,30,10
606,4,2.30627924,1.79047458,7,0,13.661666666666669,0,0,0.9567101569800917,0,TRUE,30,10
606,5,2.51422462,1.65105733,7,0,13.661666666666669,0,0,0.9567101569800917,0,TRUE,30,10
606,6,2.72217,1.79047458,7,0,13.661666666666669,0,0,0.9567101569800917,0,TRUE,30,10
607,0,2.72217,2.62697808,15,0,46.196688888888886,0,0,0.867297028185082,0,TRUE,30,10
607,1,2.72217,2.90581258,15,0,46.196688888888886,0,0,0.867297028185082,0,TRUE,30,10
607,2,2.51422462,3.04522982,15,0,46.196688888888886,0,0,0.867297028185082,0,TRUE,30,10
607,3,2.30627924,2.90581258,15,0,46.196688888888886,0,0,0.867297028185082,0,TRUE,30,10
607,4,2.30627924,2.62697808,15,0,46.196688888888886,0,0,0.867297028185082,0,TRUE,30,10
607,5,2.51422462,2.48756084,15,0,46.196688888888886,0,0,0.867297028185082,0,TRUE,30,10
607,6,2.72217,2.62697808,15,0,46.196688888888886,0,0,0.867297028185082,0,TRUE,30,10
608,0,2.72217,3.46348159,11,0,22.568333333333335,0,0,0.930450397080498,0,TRUE,30,10
608,1,2.72217,3.74231608,11,0,22.568333333333335,0,0,0.930450397080498,0,TRUE,30,10
608,2,2.51422462,3.88173333,11,0,22.568333333333335,0,0,0.930450397080498,0,TRUE,30,10
608,3,2.30627924,3.74231608,11,0,22.568333333333335,0,0,0.930450397080498,0,TRUE,30,10
608,4,2.30627924,3.46348159,11,0,22.568333333333335,0,0,0.930450397080498,0,TRUE,30,10
608,5,2.51422462,3.32406434,11,0,22.568333333333335,0,0,0.930450397080498,0,TRUE,30,10
608,6,2.72217,3.46348159,11,0,22.568333333333335,0,0,0.930450397080498,0,TRUE,30,10
609,0,2.72217,4.2999851,15,1,53.891333333333336,1,0.560246471250344,0.9333955503136774,0,TRUE,30,10
609,1,2.72217,4.57881959,15,1,53.891333333333336,1,0.560246471250344,0.9333955503136774,0,TRUE,30,10
609,2,2.51422462,4.71823683,15,1,53.891333333333336,1,0.560246471250344,0.9333955503136774,0,TRUE,30,10
609,3,2.30627924,4.57881959,15,1,53.891333333333336,1,0.560246471250344,0.9333955503136774,0,TRUE,30,10
609,4,2.30627924,4.2999851,15,1,53.891333333333336,1,0.560246471250344,0.9333955503136774,0,TRUE,30,10
609,5,2.51422462,4.16056785,15,1,53.891333333333336,1,0.560246471250344,0.9333955503136774,0,TRUE,30,10
609,6,2.72217,4.2999851,15,1,53.891333333333336,1,0.560246471250344,0.9333955503136774,0,TRUE,30,10
610,0,2.72217,5.1364886,311,1,586.1334228956229,0.5,0.02575559433364085,0.35698187425233785,-1.4860772715857449,FALSE,30,10
610,1,2.72217,5.41532309,311,1,586.1334228956229,0.5,0.02575559433364085,0.35698187425233785,-1.4860772715857449,FALSE,30,10
610,2,2.51422462,5.55474034,311,1,586.1334228956229,0.5,0.02575559433364085,0.35698187425233785,-1.4860772715857449,FALSE,30,10
610,3,2.30627924,5.41532309,311,1,586.1334228956229,0.5,0.02575559433364085,0.35698187425233785,-1.4860772715857449,FALSE,30,10
610,4,2.30627924,5.1364886,311,1,586.1334228956229,0.5,0.02575559433364085,0.35698187425233785,-1.4860772715857449,FALSE,30,10
610,5,2.51422462,4.99707136,311,1,586.1334228956229,0.5,0.02575559433364085,0.35698187425233785,-1.4860772715857449,FALSE,30,10
610,6,2.72217,5.1364886,311,1,586.1334228956229,0.5,0.02575559433364085,0.35698187425233785,-1.4860772715857449,FALSE,30,10
611,0,2.72217,5.97299211,209,0,437.22727301587304,0,0,0.40847413042854536,-1.2916833826957477,FALSE,30,10
611,1,2.72217,6.2518266,209,0,437.22727301587304,0,0,0.40847413042854536,-1.2916833826957477,FALSE,30,10
611,2,2.51422462,6.39124385,209,0,437.22727301587304,0,0,0.40847413042854536,-1.2916833826957477,FALSE,30,10
611,3,2.30627924,6.2518266,209,0,437.22727301587304,0,0,0.40847413042854536,-1.2916833826957477,FALSE,30,10
611,4,2.30627924,5.97299211,209,0,437.22727301587304,0,0,0.40847413042854536,-1.2916833826957477,FALSE,30,10
611,5,2.51422462,5.83357486,209,0,437.22727301587304,0,0,0.40847413042854536,-1.2916833826957477,FALSE,30,10
611,6,2.72217,5.97299211,209,0,437.22727301587304,0,0,0.40847413042854536,-1.2916833826957477,FALSE,30,10
612,0,2.72217,6.80949561,2,0,1.5366666666666668,0,0,0.994936196515077,0,TRUE,30,10
612,1,2.72217,7.0883301,2,0,1.5366666666666668,0,0,0.994936196515077,0,TRUE,30,10
612,2,2.51422462,7.22774735,2,0,1.5366666666666668,0,0,0.994936196515077,0,TRUE,30,10
612,3,2.30627924,7.0883301,2,0,1.5366666666666668,0,0,0.994936196515077,0,TRUE,30,10
612,4,2.30627924,6.80949561,2,0,1.5366666666666668,0,0,0.994936196515077,0,TRUE,30,10
612,5,2.51422462,6.67007837,2,0,1.5366666666666668,0,0,0.994936196515077,0,TRUE,30,10
612,6,2.72217,6.80949561,2,0,1.5366666666666668,0,0,0.994936196515077,0,TRUE,30,10
613,0,3.13806075,-3.22854646,11,0,13.657822222222222,0,0,0.9567218116932926,0,TRUE,30,10
613,1,3.13806075,-2.94971196,11,0,13.657822222222222,0,0,0.9567218116932926,0,TRUE,30,10
613,2,2.93011537,-2.81029472,11,0,13.657822222222222,0,0,0.9567218116932926,0,TRUE,30,10
613,3,2.72217,-2.94971196,11,0,13.657822222222222,0,0,0.9567218116932926,0,TRUE,30,10
613,4,2.72217,-3.22854646,11,0,13.657822222222222,0,0,0.9567218116932926,0,TRUE,30,10
613,5,2.93011537,-3.3679637,11,0,13.657822222222222,0,0,0.9567218116932926,0,TRUE,30,10
613,6,3.13806075,-3.22854646,11,0,13.657822222222222,0,0,0.9567218116932926,0,TRUE,30,10
614,0,3.13806075,-2.39204295,295,28,556.8550833333334,21.242857142857144,1.1517780519026128,1.0984168717124725,0.13542569060218257,FALSE,30,10
614,1,3.13806075,-2.11320846,295,28,556.8550833333334,21.242857142857144,1.1517780519026128,1.0984168717124725,0.13542569060218257,FALSE,30,10
614,2,2.93011537,-1.97379121,295,28,556.8550833333334,21.242857142857144,1.1517780519026128,1.0984168717124725,0.13542569060218257,FALSE,30,10
614,3,2.72217,-2.11320846,295,28,556.8550833333334,21.242857142857144,1.1517780519026128,1.0984168717124725,0.13542569060218257,FALSE,30,10
614,4,2.72217,-2.39204295,295,28,556.8550833333334,21.242857142857144,1.1517780519026128,1.0984168717124725,0.13542569060218257,FALSE,30,10
614,5,2.93011537,-2.5314602,295,28,556.8550833333334,21.242857142857144,1.1517780519026128,1.0984168717124725,0.13542569060218257,FALSE,30,10
614,6,3.13806075,-2.39204295,295,28,556.8550833333334,21.242857142857144,1.1517780519026128,1.0984168717124725,0.13542569060218257,FALSE,30,10
615,0,3.13806075,-1.55553944,294,33,707.4169530747031,27.392857142857142,1.1691222550781866,1.1185327071623126,0.16160744304966512,FALSE,30,10
615,1,3.13806075,-1.27670495,294,33,707.4169530747031,27.392857142857142,1.1691222550781866,1.1185327071623126,0.16160744304966512,FALSE,30,10
615,2,2.93011537,-1.13728771,294,33,707.4169530747031,27.392857142857142,1.1691222550781866,1.1185327071623126,0.16160744304966512,FALSE,30,10
615,3,2.72217,-1.27670495,294,33,707.4169530747031,27.392857142857142,1.1691222550781866,1.1185327071623126,0.16160744304966512,FALSE,30,10
615,4,2.72217,-1.55553944,294,33,707.4169530747031,27.392857142857142,1.1691222550781866,1.1185327071623126,0.16160744304966512,FALSE,30,10
615,5,2.93011537,-1.69495669,294,33,707.4169530747031,27.392857142857142,1.1691222550781866,1.1185327071623126,0.16160744304966512,FALSE,30,10
615,6,3.13806075,-1.55553944,294,33,707.4169530747031,27.392857142857142,1.1691222550781866,1.1185327071623126,0.16160744304966512,FALSE,30,10
616,0,3.13806075,-0.719035938,40,4,93.72076666666666,2.2,0.7087366748118147,0.9310052749296408,-0.10313875299666075,FALSE,30,10
616,1,3.13806075,-0.440201446,40,4,93.72076666666666,2.2,0.7087366748118147,0.9310052749296408,-0.10313875299666075,FALSE,30,10
616,2,2.93011537,-0.3007842,40,4,93.72076666666666,2.2,0.7087366748118147,0.9310052749296408,-0.10313875299666075,FALSE,30,10
616,3,2.72217,-0.440201446,40,4,93.72076666666666,2.2,0.7087366748118147,0.9310052749296408,-0.10313875299666075,FALSE,30,10
616,4,2.72217,-0.719035938,40,4,93.72076666666666,2.2,0.7087366748118147,0.9310052749296408,-0.10313875299666075,FALSE,30,10
616,5,2.93011537,-0.858453184,40,4,93.72076666666666,2.2,0.7087366748118147,0.9310052749296408,-0.10313875299666075,FALSE,30,10
616,6,3.13806075,-0.719035938,40,4,93.72076666666666,2.2,0.7087366748118147,0.9310052749296408,-0.10313875299666075,FALSE,30,10
617,0,3.13806075,0.117467567,114,10,172.70082366522368,7.75,1.3548941015397284,1.129134555795266,0.1752174182734898,FALSE,30,10
617,1,3.13806075,0.396302059,114,10,172.70082366522368,7.75,1.3548941015397284,1.129134555795266,0.1752174182734898,FALSE,30,10
617,2,2.93011537,0.535719305,114,10,172.70082366522368,7.75,1.3548941015397284,1.129134555795266,0.1752174182734898,FALSE,30,10
617,3,2.72217,0.396302059,114,10,172.70082366522368,7.75,1.3548941015397284,1.129134555795266,0.1752174182734898,FALSE,30,10
617,4,2.72217,0.117467567,114,10,172.70082366522368,7.75,1.3548941015397284,1.129134555795266,0.1752174182734898,FALSE,30,10
617,5,2.93011537,-0.0219496787,114,10,172.70082366522368,7.75,1.3548941015397284,1.129134555795266,0.1752174182734898,FALSE,30,10
617,6,3.13806075,0.117467567,114,10,172.70082366522368,7.75,1.3548941015397284,1.129134555795266,0.1752174182734898,FALSE,30,10
618,0,3.13806075,0.953971073,131,7,174.2707138888889,3.4537037037037037,0.5983547245390188,0.8530118799513463,-0.22936226069720392,FALSE,30,10
618,1,3.13806075,1.23280556,131,7,174.2707138888889,3.4537037037037037,0.5983547245390188,0.8530118799513463,-0.22936226069720392,FALSE,30,10
618,2,2.93011537,1.37222281,131,7,174.2707138888889,3.4537037037037037,0.5983547245390188,0.8530118799513463,-0.22936226069720392,FALSE,30,10
618,3,2.72217,1.23280556,131,7,174.2707138888889,3.4537037037037037,0.5983547245390188,0.8530118799513463,-0.22936226069720392,FALSE,30,10
618,4,2.72217,0.953971073,131,7,174.2707138888889,3.4537037037037037,0.5983547245390188,0.8530118799513463,-0.22936226069720392,FALSE,30,10
618,5,2.93011537,0.814553827,131,7,174.2707138888889,3.4537037037037037,0.5983547245390188,0.8530118799513463,-0.22936226069720392,FALSE,30,10
618,6,3.13806075,0.953971073,131,7,174.2707138888889,3.4537037037037037,0.5983547245390188,0.8530118799513463,-0.22936226069720392,FALSE,30,10
619,0,3.13806075,1.79047458,3,1,11.254666666666669,0.6666666666666666,1.7884391263461696,1.0283340220385555,0,TRUE,30,10
619,1,3.13806075,2.06930907,3,1,11.254666666666669,0.6666666666666666,1.7884391263461696,1.0283340220385555,0,TRUE,30,10
619,2,2.93011537,2.20872632,3,1,11.254666666666669,0.6666666666666666,1.7884391263461696,1.0283340220385555,0,TRUE,30,10
619,3,2.72217,2.06930907,3,1,11.254666666666669,0.6666666666666666,1.7884391263461696,1.0283340220385555,0,TRUE,30,10
619,4,2.72217,1.79047458,3,1,11.254666666666669,0.6666666666666666,1.7884391263461696,1.0283340220385555,0,TRUE,30,10
619,5,2.93011537,1.65105733,3,1,11.254666666666669,0.6666666666666666,1.7884391263461696,1.0283340220385555,0,TRUE,30,10
619,6,3.13806075,1.79047458,3,1,11.254666666666669,0.6666666666666666,1.7884391263461696,1.0283340220385555,0,TRUE,30,10
620,0,3.13806075,2.62697808,13,1,59.91466666666666,1,0.5039238472100772,0.9178578300754928,0,TRUE,30,10
620,1,3.13806075,2.90581258,13,1,59.91466666666666,1,0.5039238472100772,0.9178578300754928,0,TRUE,30,10
620,2,2.93011537,3.04522982,13,1,59.91466666666666,1,0.5039238472100772,0.9178578300754928,0,TRUE,30,10
620,3,2.72217,2.90581258,13,1,59.91466666666666,1,0.5039238472100772,0.9178578300754928,0,TRUE,30,10
620,4,2.72217,2.62697808,13,1,59.91466666666666,1,0.5039238472100772,0.9178578300754928,0,TRUE,30,10
620,5,2.93011537,2.48756084,13,1,59.91466666666666,1,0.5039238472100772,0.9178578300754928,0,TRUE,30,10
620,6,3.13806075,2.62697808,13,1,59.91466666666666,1,0.5039238472100772,0.9178578300754928,0,TRUE,30,10
621,0,3.13806075,3.46348159,12,0,129.82088888888887,0,0,0.699311320099092,0,TRUE,30,10
621,1,3.13806075,3.74231608,12,0,129.82088888888887,0,0,0.699311320099092,0,TRUE,30,10
621,2,2.93011537,3.88173333,12,0,129.82088888888887,0,0,0.699311320099092,0,TRUE,30,10
621,3,2.72217,3.74231608,12,0,129.82088888888887,0,0,0.699311320099092,0,TRUE,30,10
621,4,2.72217,3.46348159,12,0,129.82088888888887,0,0,0.699311320099092,0,TRUE,30,10
621,5,2.93011537,3.32406434,12,0,129.82088888888887,0,0,0.699311320099092,0,TRUE,30,10
621,6,3.13806075,3.46348159,12,0,129.82088888888887,0,0,0.699311320099092,0,TRUE,30,10
622,0,3.13806075,4.2999851,3,0,5.443,0,0,0.9822915446162496,0,TRUE,30,10
622,1,3.13806075,4.57881959,3,0,5.443,0,0,0.9822915446162496,0,TRUE,30,10
622,2,2.93011537,4.71823683,3,0,5.443,0,0,0.9822915446162496,0,TRUE,30,10
622,3,2.72217,4.57881959,3,0,5.443,0,0,0.9822915446162496,0,TRUE,30,10
622,4,2.72217,4.2999851,3,0,5.443,0,0,0.9822915446162496,0,TRUE,30,10
622,5,2.93011537,4.16056785,3,0,5.443,0,0,0.9822915446162496,0,TRUE,30,10
622,6,3.13806075,4.2999851,3,0,5.443,0,0,0.9822915446162496,0,TRUE,30,10
623,0,3.13806075,5.1364886,100,3,155.14156296296295,2.5,0.486530313900858,0.8257133221782578,-0.2762871128309964,FALSE,30,10
623,1,3.13806075,5.41532309,100,3,155.14156296296295,2.5,0.486530313900858,0.8257133221782578,-0.2762871128309964,FALSE,30,10
623,2,2.93011537,5.55474034,100,3,155.14156296296295,2.5,0.486530313900858,0.8257133221782578,-0.2762871128309964,FALSE,30,10
623,3,2.72217,5.41532309,100,3,155.14156296296295,2.5,0.486530313900858,0.8257133221782578,-0.2762871128309964,FALSE,30,10
623,4,2.72217,5.1364886,100,3,155.14156296296295,2.5,0.486530313900858,0.8257133221782578,-0.2762871128309964,FALSE,30,10
623,5,2.93011537,4.99707136,100,3,155.14156296296295,2.5,0.486530313900858,0.8257133221782578,-0.2762871128309964,FALSE,30,10
623,6,3.13806075,5.1364886,100,3,155.14156296296295,2.5,0.486530313900858,0.8257133221782578,-0.2762871128309964,FALSE,30,10
624,0,3.13806075,5.97299211,2,0,0.75,0,0,0.9975220888705192,0,TRUE,30,10
624,1,3.13806075,6.2518266,2,0,0.75,0,0,0.9975220888705192,0,TRUE,30,10
624,2,2.93011537,6.39124385,2,0,0.75,0,0,0.9975220888705192,0,TRUE,30,10
624,3,2.72217,6.2518266,2,0,0.75,0,0,0.9975220888705192,0,TRUE,30,10
624,4,2.72217,5.97299211,2,0,0.75,0,0,0.9975220888705192,0,TRUE,30,10
624,5,2.93011537,5.83357486,2,0,0.75,0,0,0.9975220888705192,0,TRUE,30,10
624,6,3.13806075,5.97299211,2,0,0.75,0,0,0.9975220888705192,0,TRUE,30,10
625,0,3.5539515,-2.39204295,477,106,684.2304386964887,79.40555555555555,3.5038584795574454,2.737269142760305,1.4527372950739144,FALSE,30,10
625,1,3.5539515,-2.11320846,477,106,684.2304386964887,79.40555555555555,3.5038584795574454,2.737269142760305,1.4527372950739144,FALSE,30,10
625,2,3.34600613,-1.97379121,477,106,684.2304386964887,79.40555555555555,3.5038584795574454,2.737269142760305,1.4527372950739144,FALSE,30,10
625,3,3.13806075,-2.11320846,477,106,684.2304386964887,79.40555555555555,3.5038584795574454,2.737269142760305,1.4527372950739144,FALSE,30,10
625,4,3.13806075,-2.39204295,477,106,684.2304386964887,79.40555555555555,3.5038584795574454,2.737269142760305,1.4527372950739144,FALSE,30,10
625,5,3.34600613,-2.5314602,477,106,684.2304386964887,79.40555555555555,3.5038584795574454,2.737269142760305,1.4527372950739144,FALSE,30,10
625,6,3.5539515,-2.39204295,477,106,684.2304386964887,79.40555555555555,3.5038584795574454,2.737269142760305,1.4527372950739144,FALSE,30,10
626,0,3.5539515,-1.55553944,345,24,660.644963030464,14.887912087912088,0.6803990929381263,0.7806467139484818,-0.3572582985653469,FALSE,30,10
626,1,3.5539515,-1.27670495,345,24,660.644963030464,14.887912087912088,0.6803990929381263,0.7806467139484818,-0.3572582985653469,FALSE,30,10
626,2,3.34600613,-1.13728771,345,24,660.644963030464,14.887912087912088,0.6803990929381263,0.7806467139484818,-0.3572582985653469,FALSE,30,10
626,3,3.13806075,-1.27670495,345,24,660.644963030464,14.887912087912088,0.6803990929381263,0.7806467139484818,-0.3572582985653469,FALSE,30,10
626,4,3.13806075,-1.55553944,345,24,660.644963030464,14.887912087912088,0.6803990929381263,0.7806467139484818,-0.3572582985653469,FALSE,30,10
626,5,3.34600613,-1.69495669,345,24,660.644963030464,14.887912087912088,0.6803990929381263,0.7806467139484818,-0.3572582985653469,FALSE,30,10
626,6,3.5539515,-1.55553944,345,24,660.644963030464,14.887912087912088,0.6803990929381263,0.7806467139484818,-0.3572582985653469,FALSE,30,10
627,0,3.5539515,-0.719035938,12,3,9.137611111111111,1.2666666666666666,4.185310947708517,1.093570226036886,0,TRUE,30,10
627,1,3.5539515,-0.440201446,12,3,9.137611111111111,1.2666666666666666,4.185310947708517,1.093570226036886,0,TRUE,30,10
627,2,3.34600613,-0.3007842,12,3,9.137611111111111,1.2666666666666666,4.185310947708517,1.093570226036886,0,TRUE,30,10
627,3,3.13806075,-0.440201446,12,3,9.137611111111111,1.2666666666666666,4.185310947708517,1.093570226036886,0,TRUE,30,10
627,4,3.13806075,-0.719035938,12,3,9.137611111111111,1.2666666666666666,4.185310947708517,1.093570226036886,0,TRUE,30,10
627,5,3.34600613,-0.858453184,12,3,9.137611111111111,1.2666666666666666,4.185310947708517,1.093570226036886,0,TRUE,30,10
627,6,3.5539515,-0.719035938,12,3,9.137611111111111,1.2666666666666666,4.185310947708517,1.093570226036886,0,TRUE,30,10
628,0,3.5539515,0.117467567,208,5,287.4170222222222,4.333333333333333,0.4552056778776056,0.7343081883769691,-0.4455424071235115,FALSE,30,10
628,1,3.5539515,0.396302059,208,5,287.4170222222222,4.333333333333333,0.4552056778776056,0.7343081883769691,-0.4455424071235115,FALSE,30,10
628,2,3.34600613,0.535719305,208,5,287.4170222222222,4.333333333333333,0.4552056778776056,0.7343081883769691,-0.4455424071235115,FALSE,30,10
628,3,3.13806075,0.396302059,208,5,287.4170222222222,4.333333333333333,0.4552056778776056,0.7343081883769691,-0.4455424071235115,FALSE,30,10
628,4,3.13806075,0.117467567,208,5,287.4170222222222,4.333333333333333,0.4552056778776056,0.7343081883769691,-0.4455424071235115,FALSE,30,10
628,5,3.34600613,-0.0219496787,208,5,287.4170222222222,4.333333333333333,0.4552056778776056,0.7343081883769691,-0.4455424071235115,FALSE,30,10
628,6,3.5539515,0.117467567,208,5,287.4170222222222,4.333333333333333,0.4552056778776056,0.7343081883769691,-0.4455424071235115,FALSE,30,10
629,0,3.5539515,0.953971073,497,83,704.7049536995222,60.06734449760766,2.57352959465175,2.10157151050238,1.0714685481348465,FALSE,30,10
629,1,3.5539515,1.23280556,497,83,704.7049536995222,60.06734449760766,2.57352959465175,2.10157151050238,1.0714685481348465,FALSE,30,10
629,2,3.34600613,1.37222281,497,83,704.7049536995222,60.06734449760766,2.57352959465175,2.10157151050238,1.0714685481348465,FALSE,30,10
629,3,3.13806075,1.23280556,497,83,704.7049536995222,60.06734449760766,2.57352959465175,2.10157151050238,1.0714685481348465,FALSE,30,10
629,4,3.13806075,0.953971073,497,83,704.7049536995222,60.06734449760766,2.57352959465175,2.10157151050238,1.0714685481348465,FALSE,30,10
629,5,3.34600613,0.814553827,497,83,704.7049536995222,60.06734449760766,2.57352959465175,2.10157151050238,1.0714685481348465,FALSE,30,10
629,6,3.5539515,0.953971073,497,83,704.7049536995222,60.06734449760766,2.57352959465175,2.10157151050238,1.0714685481348465,FALSE,30,10
630,0,3.5539515,2.62697808,6,0,9.009755555555556,0,0,0.9710235801179232,0,TRUE,30,10
630,1,3.5539515,2.90581258,6,0,9.009755555555556,0,0,0.9710235801179232,0,TRUE,30,10
630,2,3.34600613,3.04522982,6,0,9.009755555555556,0,0,0.9710235801179232,0,TRUE,30,10
630,3,3.13806075,2.90581258,6,0,9.009755555555556,0,0,0.9710235801179232,0,TRUE,30,10
630,4,3.13806075,2.62697808,6,0,9.009755555555556,0,0,0.9710235801179232,0,TRUE,30,10
630,5,3.34600613,2.48756084,6,0,9.009755555555556,0,0,0.9710235801179232,0,TRUE,30,10
630,6,3.5539515,2.62697808,6,0,9.009755555555556,0,0,0.9710235801179232,0,TRUE,30,10
631,0,3.5539515,3.46348159,1,0,1,0,0,0.9966988451501398,0,TRUE,30,10
631,1,3.5539515,3.74231608,1,0,1,0,0,0.9966988451501398,0,TRUE,30,10
631,2,3.34600613,3.88173333,1,0,1,0,0,0.9966988451501398,0,TRUE,30,10
631,3,3.13806075,3.74231608,1,0,1,0,0,0.9966988451501398,0,TRUE,30,10
631,4,3.13806075,3.46348159,1,0,1,0,0,0.9966988451501398,0,TRUE,30,10
631,5,3.34600613,3.32406434,1,0,1,0,0,0.9966988451501398,0,TRUE,30,10
631,6,3.5539515,3.46348159,1,0,1,0,0,0.9966988451501398,0,TRUE,30,10
633,0,3.96984226,-2.39204295,797,129,1752.5051499519,107.76190476190476,1.8565387349557745,1.7306595751276406,0.791321971050518,FALSE,30,10
633,1,3.96984226,-2.11320846,797,129,1752.5051499519,107.76190476190476,1.8565387349557745,1.7306595751276406,0.791321971050518,FALSE,30,10
633,2,3.76189688,-1.97379121,797,129,1752.5051499519,107.76190476190476,1.8565387349557745,1.7306595751276406,0.791321971050518,FALSE,30,10
633,3,3.5539515,-2.11320846,797,129,1752.5051499519,107.76190476190476,1.8565387349557745,1.7306595751276406,0.791321971050518,FALSE,30,10
633,4,3.5539515,-2.39204295,797,129,1752.5051499519,107.76190476190476,1.8565387349557745,1.7306595751276406,0.791321971050518,FALSE,30,10
633,5,3.76189688,-2.5314602,797,129,1752.5051499519,107.76190476190476,1.8565387349557745,1.7306595751276406,0.791321971050518,FALSE,30,10
633,6,3.96984226,-2.39204295,797,129,1752.5051499519,107.76190476190476,1.8565387349557745,1.7306595751276406,0.791321971050518,FALSE,30,10
634,0,3.96984226,-1.55553944,32,2,54.11681111111111,2,1.1158244069106658,1.0176048424550206,0.02517744107415655,FALSE,30,10
634,1,3.96984226,-1.27670495,32,2,54.11681111111111,2,1.1158244069106658,1.0176048424550206,0.02517744107415655,FALSE,30,10
634,2,3.76189688,-1.13728771,32,2,54.11681111111111,2,1.1158244069106658,1.0176048424550206,0.02517744107415655,FALSE,30,10
634,3,3.5539515,-1.27670495,32,2,54.11681111111111,2,1.1158244069106658,1.0176048424550206,0.02517744107415655,FALSE,30,10
634,4,3.5539515,-1.55553944,32,2,54.11681111111111,2,1.1158244069106658,1.0176048424550206,0.02517744107415655,FALSE,30,10
634,5,3.76189688,-1.69495669,32,2,54.11681111111111,2,1.1158244069106658,1.0176048424550206,0.02517744107415655,FALSE,30,10
634,6,3.96984226,-1.55553944,32,2,54.11681111111111,2,1.1158244069106658,1.0176048424550206,0.02517744107415655,FALSE,30,10
636,0,3.96984226,0.117467567,38,2,32.443222222222225,1.6666666666666663,1.551039388349015,1.0534665973785198,0.07514457086111449,FALSE,30,10
636,1,3.96984226,0.396302059,38,2,32.443222222222225,1.6666666666666663,1.551039388349015,1.0534665973785198,0.07514457086111449,FALSE,30,10
636,2,3.76189688,0.535719305,38,2,32.443222222222225,1.6666666666666663,1.551039388349015,1.0534665973785198,0.07514457086111449,FALSE,30,10
636,3,3.5539515,0.396302059,38,2,32.443222222222225,1.6666666666666663,1.551039388349015,1.0534665973785198,0.07514457086111449,FALSE,30,10
636,4,3.5539515,0.117467567,38,2,32.443222222222225,1.6666666666666663,1.551039388349015,1.0534665973785198,0.07514457086111449,FALSE,30,10
636,5,3.76189688,-0.0219496787,38,2,32.443222222222225,1.6666666666666663,1.551039388349015,1.0534665973785198,0.07514457086111449,FALSE,30,10
636,6,3.96984226,0.117467567,38,2,32.443222222222225,1.6666666666666663,1.551039388349015,1.0534665973785198,0.07514457086111449,FALSE,30,10
637,0,3.96984226,0.953971073,25,8,43.535309090909095,6.583333333333333,4.565646381741929,1.44934781450358,0,TRUE,30,10
637,1,3.96984226,1.23280556,25,8,43.535309090909095,6.583333333333333,4.565646381741929,1.44934781450358,0,TRUE,30,10
637,2,3.76189688,1.37222281,25,8,43.535309090909095,6.583333333333333,4.565646381741929,1.44934781450358,0,TRUE,30,10
637,3,3.5539515,1.23280556,25,8,43.535309090909095,6.583333333333333,4.565646381741929,1.44934781450358,0,TRUE,30,10
637,4,3.5539515,0.953971073,25,8,43.535309090909095,6.583333333333333,4.565646381741929,1.44934781450358,0,TRUE,30,10
637,5,3.76189688,0.814553827,25,8,43.535309090909095,6.583333333333333,4.565646381741929,1.44934781450358,0,TRUE,30,10
637,6,3.96984226,0.953971073,25,8,43.535309090909095,6.583333333333333,4.565646381741929,1.44934781450358,0,TRUE,30,10
638,0,3.96984226,1.79047458,3,0,2.236,0,0,0.992648613085986,0,TRUE,30,10
638,1,3.96984226,2.06930907,3,0,2.236,0,0,0.992648613085986,0,TRUE,30,10
638,2,3.76189688,2.20872632,3,0,2.236,0,0,0.992648613085986,0,TRUE,30,10
638,3,3.5539515,2.06930907,3,0,2.236,0,0,0.992648613085986,0,TRUE,30,10
638,4,3.5539515,1.79047458,3,0,2.236,0,0,0.992648613085986,0,TRUE,30,10
638,5,3.76189688,1.65105733,3,0,2.236,0,0,0.992648613085986,0,TRUE,30,10
638,6,3.96984226,1.79047458,3,0,2.236,0,0,0.992648613085986,0,TRUE,30,10
639,0,3.96984226,2.62697808,3,0,3.146,0,0,0.9896876225938996,0,TRUE,30,10
639,1,3.96984226,2.90581258,3,0,3.146,0,0,0.9896876225938996,0,TRUE,30,10
639,2,3.76189688,3.04522982,3,0,3.146,0,0,0.9896876225938996,0,TRUE,30,10
639,3,3.5539515,2.90581258,3,0,3.146,0,0,0.9896876225938996,0,TRUE,30,10
639,4,3.5539515,2.62697808,3,0,3.146,0,0,0.9896876225938996,0,TRUE,30,10
639,5,3.76189688,2.48756084,3,0,3.146,0,0,0.9896876225938996,0,TRUE,30,10
639,6,3.96984226,2.62697808,3,0,3.146,0,0,0.9896876225938996,0,TRUE,30,10
640,0,3.96984226,3.46348159,1,0,6.569666666666666,0,0,0.9787040671163588,0,TRUE,30,10
640,1,3.96984226,3.74231608,1,0,6.569666666666666,0,0,0.9787040671163588,0,TRUE,30,10
640,2,3.76189688,3.88173333,1,0,6.569666666666666,0,0,0.9787040671163588,0,TRUE,30,10
640,3,3.5539515,3.74231608,1,0,6.569666666666666,0,0,0.9787040671163588,0,TRUE,30,10
640,4,3.5539515,3.46348159,1,0,6.569666666666666,0,0,0.9787040671163588,0,TRUE,30,10
640,5,3.76189688,3.32406434,1,0,6.569666666666666,0,0,0.9787040671163588,0,TRUE,30,10
640,6,3.96984226,3.46348159,1,0,6.569666666666666,0,0,0.9787040671163588,0,TRUE,30,10
642,0,4.38573301,-2.39204295,77,8,139.62248571428572,6.416666666666667,1.3875612791352891,1.1225516111318532,0.1667817767368129,FALSE,30,10
642,1,4.38573301,-2.11320846,77,8,139.62248571428572,6.416666666666667,1.3875612791352891,1.1225516111318532,0.1667817767368129,FALSE,30,10
642,2,4.17778763,-1.97379121,77,8,139.62248571428572,6.416666666666667,1.3875612791352891,1.1225516111318532,0.1667817767368129,FALSE,30,10
642,3,3.96984226,-2.11320846,77,8,139.62248571428572,6.416666666666667,1.3875612791352891,1.1225516111318532,0.1667817767368129,FALSE,30,10
642,4,3.96984226,-2.39204295,77,8,139.62248571428572,6.416666666666667,1.3875612791352891,1.1225516111318532,0.1667817767368129,FALSE,30,10
642,5,4.17778763,-2.5314602,77,8,139.62248571428572,6.416666666666667,1.3875612791352891,1.1225516111318532,0.1667817767368129,FALSE,30,10
642,6,4.38573301,-2.39204295,77,8,139.62248571428572,6.416666666666667,1.3875612791352891,1.1225516111318532,0.1667817767368129,FALSE,30,10
643,0,4.38573301,-1.55553944,26,0,52.54998888888889,0,0,0.8517523230093189,0,TRUE,30,10
643,1,4.38573301,-1.27670495,26,0,52.54998888888889,0,0,0.8517523230093189,0,TRUE,30,10
643,2,4.17778763,-1.13728771,26,0,52.54998888888889,0,0,0.8517523230093189,0,TRUE,30,10
643,3,3.96984226,-1.27670495,26,0,52.54998888888889,0,0,0.8517523230093189,0,TRUE,30,10
643,4,3.96984226,-1.55553944,26,0,52.54998888888889,0,0,0.8517523230093189,0,TRUE,30,10
643,5,4.17778763,-1.69495669,26,0,52.54998888888889,0,0,0.8517523230093189,0,TRUE,30,10
643,6,4.38573301,-1.55553944,26,0,52.54998888888889,0,0,0.8517523230093189,0,TRUE,30,10
644,0,4.38573301,0.117467567,1,0,1.284,0,0,0.9957652873343796,0,TRUE,30,10
644,1,4.38573301,0.396302059,1,0,1.284,0,0,0.9957652873343796,0,TRUE,30,10
644,2,4.17778763,0.535719305,1,0,1.284,0,0,0.9957652873343796,0,TRUE,30,10
644,3,3.96984226,0.396302059,1,0,1.284,0,0,0.9957652873343796,0,TRUE,30,10
644,4,3.96984226,0.117467567,1,0,1.284,0,0,0.9957652873343796,0,TRUE,30,10
644,5,4.17778763,-0.0219496787,1,0,1.284,0,0,0.9957652873343796,0,TRUE,30,10
644,6,4.38573301,0.117467567,1,0,1.284,0,0,0.9957652873343796,0,TRUE,30,10
645,0,4.38573301,1.79047458,68,3,84.38853333333333,3,1.0733364405700632,1.01602005999483,0.02292888652874416,FALSE,30,10
645,1,4.38573301,2.06930907,68,3,84.38853333333333,3,1.0733364405700632,1.01602005999483,0.02292888652874416,FALSE,30,10
645,2,4.17778763,2.20872632,68,3,84.38853333333333,3,1.0733364405700632,1.01602005999483,0.02292888652874416,FALSE,30,10
645,3,3.96984226,2.06930907,68,3,84.38853333333333,3,1.0733364405700632,1.01602005999483,0.02292888652874416,FALSE,30,10
645,4,3.96984226,1.79047458,68,3,84.38853333333333,3,1.0733364405700632,1.01602005999483,0.02292888652874416,FALSE,30,10
645,5,4.17778763,1.65105733,68,3,84.38853333333333,3,1.0733364405700632,1.01602005999483,0.02292888652874416,FALSE,30,10
645,6,4.38573301,1.79047458,68,3,84.38853333333333,3,1.0733364405700632,1.01602005999483,0.02292888652874416,FALSE,30,10
646,0,4.38573301,2.62697808,14,0,22.915079365079364,0,0,0.9294571985643592,0,TRUE,30,10
646,1,4.38573301,2.90581258,14,0,22.915079365079364,0,0,0.9294571985643592,0,TRUE,30,10
646,2,4.17778763,3.04522982,14,0,22.915079365079364,0,0,0.9294571985643592,0,TRUE,30,10
646,3,3.96984226,2.90581258,14,0,22.915079365079364,0,0,0.9294571985643592,0,TRUE,30,10
646,4,3.96984226,2.62697808,14,0,22.915079365079364,0,0,0.9294571985643592,0,TRUE,30,10
646,5,4.17778763,2.48756084,14,0,22.915079365079364,0,0,0.9294571985643592,0,TRUE,30,10
646,6,4.38573301,2.62697808,14,0,22.915079365079364,0,0,0.9294571985643592,0,TRUE,30,10
647,0,4.80162376,1.79047458,13,2,22.89888888888889,1.3333333333333333,1.7580142266568606,1.0534373299187656,0,TRUE,30,10
647,1,4.80162376,2.06930907,13,2,22.89888888888889,1.3333333333333333,1.7580142266568606,1.0534373299187656,0,TRUE,30,10
647,2,4.59367839,2.20872632,13,2,22.89888888888889,1.3333333333333333,1.7580142266568606,1.0534373299187656,0,TRUE,30,10
647,3,4.38573301,2.06930907,13,2,22.89888888888889,1.3333333333333333,1.7580142266568606,1.0534373299187656,0,TRUE,30,10
647,4,4.38573301,1.79047458,13,2,22.89888888888889,1.3333333333333333,1.7580142266568606,1.0534373299187656,0,TRUE,30,10
647,5,4.59367839,1.65105733,13,2,22.89888888888889,1.3333333333333333,1.7580142266568606,1.0534373299187656,0,TRUE,30,10
647,6,4.80162376,1.79047458,13,2,22.89888888888889,1.3333333333333333,1.7580142266568606,1.0534373299187656,0,TRUE,30,10
648,0,4.80162376,2.62697808,3,1,1.717111111111111,0.5,8.79163530408905,1.0440621844043123,0,TRUE,30,10
648,1,4.80162376,2.90581258,3,1,1.717111111111111,0.5,8.79163530408905,1.0440621844043123,0,TRUE,30,10
648,2,4.59367839,3.04522982,3,1,1.717111111111111,0.5,8.79163530408905,1.0440621844043123,0,TRUE,30,10
648,3,4.38573301,2.90581258,3,1,1.717111111111111,0.5,8.79163530408905,1.0440621844043123,0,TRUE,30,10
648,4,4.38573301,2.62697808,3,1,1.717111111111111,0.5,8.79163530408905,1.0440621844043123,0,TRUE,30,10
648,5,4.59367839,2.48756084,3,1,1.717111111111111,0.5,8.79163530408905,1.0440621844043123,0,TRUE,30,10
648,6,4.80162376,2.62697808,3,1,1.717111111111111,0.5,8.79163530408905,1.0440621844043123,0,TRUE,30,10
