source_row,surname_oorspronklik,surname_no_spaces,surname,name,name_proper,number_original,number_a1_inserted,id,birth_place,dob,birth_year,baptised_place,baptise_date,birthyear,babtise_year,place,birth_or_baptise_year,dod,death_year,m_place,m_date,marry_year,m_to,surname.1,wyk,distrik,move_on,move_year,move_with,move_to,s_m_place,notes,leaders
2,ALBACH,ALBACH,ALBACH,IZAK,Izak,a1,a1,ALBACHa1,"PARIS, FRANCE",,,,,,,DELAGOA BAY,,02/05/1838 - 19/05/1838,1838,BEAUFORT WEST,02/12/1821,1821,MAGDALENA MARIA,LUCAS,BRAKRIVIER,SOMERSET,SEPT 1835,1835,TREGARDT,,,,
3,ALBACH,ALBACH,ALBACH,LOURENS MARTHINUS,Lourens Marthinus,a1b1,a1b1,ALBACHa1b1,,07/01/1817,1817,BEAUFORT WEST,02/12/1821,1817,1821,,1817,,,,,,,,BRAKRIVIER,SOMERSET,SEPT 1835,1835,TREGARDT,,,,
4,ALBERTS,ALBERTS,ALBERTS,GERRIT ANDRIES (JACOBUS),Gerrit Andries (Jacobus),b1c5d2,a1b1c5d2,ALBERTSa1b1c5d2,,28/11/1804 - 29/11/1804,1804,GRAAFF-REINETT,12/05/1805,1804,1805,KROONSTAD,1804,07/12/1866,1866,CRADOCK,08/10/1825,1825,HESTER CECILIA MAGDALENA,OLIVIER,BRAKRIVIER,SOMERSET,APRIL 1837,1837,,OVS,,,
5,ALBERTS,ALBERTS,ALBERTS,JOHANNES,Johannes,b3c2,a1b3c2,ALBERTSa1b3c2,SWELLENDAM,,,,12/03/1780,,1780,BLOEMFONTEIN,1780,,,SWELLENDAM,06/04/1806,1806,ANNA HELENA,LA GRANGE,SWARTBERG,SWELLENDAM,1840,1840,,TRANSGARIEP,,,
6,ALBERTS,ALBERTS,ALBERTS,JOHANNES JOACHIM,Johannes Joachim,b3c2d1,a1b3c2d1,ALBERTSa1b3c2d1,SWELLENDAM,14/07/1807,1807,,21/02/1808,1807,1808,BLOEMFONTEIN,1807,11/12/1854,1854,SWELLENDAM,03/09/1826,1826,PETRONELLA HERMINA SUSANNA,LA GRANGE,SWARTBERG,SWELLENDAM,1835,1835,,TRANSGARIEP,,,
7,APPEL,APPEL,APPEL,JOHANNES HENDRICUS,Johannes Hendricus,b2c2d2e2,a1b2c2d2e2,APPELa1b2c2d2e2,CAPE TOWN,30/08/1764 - 31/08/1764,1764,,07/09/1766,1764,1766,CALEDON RIVER,1764,04/09/1856,1856,,,,,,SWARTRUGGENS,UITENHAGE,1840,1840,,TRANSGARIEP,,,
8,APPELGRYN,APPELGRYN,APPELGRYN,ANDRIES CORNELIS,Andries Cornelis,b1,a1b1,APPELGRYNa1b1,CRADOCK,14/06/1814,1814,GRAAFF-REINETT,25/08/1816,1814,1816,BLOEMFONTEIN,1814,20/12/1854,1854,CRADOCK,04/02/1838,1838,SUSANNA CATHARINA,KROUKAMP,,COLESBERG,JAN 1845 - MAY 1846,1846,,TRANSGARIEP,,,
9,AUCAMP,AUCAMP,AUCAMP,JAN CHRISTOFFEL,Jan Christoffel,b4c2d2,a1b4c2d2,AUCAMPa1b4c2d2,,13/07/1812 - 14/07/1812,1812,,,1812,,OVS,1812,04/11/1864,1864,CRADOCK,01/10/1833,1833,ELISABETH MARIA,LABUSCHAGNE,TARKA,SOMERSET,,,,TRANSGARIEP,RUSTENBURG,,
10,AUCAMP,AUCAMP,AUCAMP,JOHAN DIEDERIK,Johan Diederik,b6c6,a1b6c6,AUCAMPa1b6c6,,16/03/1800,1800,,,1800,,KWAMATHIWANE,1800,06/02/1838,1838,,02/12/1825,1825,GEERTRUIDA MARTHA,NAUDE,,GRAAFF-REINET,1837,1837,,,GRAAFF-REINET,,
11,BADENHORST,BADENHORST,BADENHORST,LOURENS SR,Lourens Sr,b2c10,a1b2c10,BADENHORSTa1b2c10,,30/10/1775,1775,,,1775,,,1775,1854,1854,,,,JOHANNA CATHARINA,SWART,ONDERDUIWENHOKS RIVER,SWELLENDAM,APRIL 1837,1837,P.L. UYS,NATAL,CAPE TOWN,,
12,BADENHORST,BADENHORST,BADENHORST,LOURENS JR,Lourens Jr,b2c10d3,a1b2c10d3,BADENHORSTa1b2c10d3,SWELLENDAM,15/02/1800,1800,TULBACH,23/03/1801,1800,1801,OHRIGSTAD,1800,,,CALEDON,05/10/1818,1818,MARIA CATHARINA,KLEINSMIT,ONDERDUIWENHOKS RIVER,SWELLENDAM,03/03/1839,1839,,NATAL,PIETERMARITZBURG,,
13,BADENHORST,BADENHORST,BADENHORST,LOURENS PETRUS,Lourens Petrus,b2c10d3e1,a1b2c10d3e1,BADENHORSTa1b2c10d3e1,SWELLENDAM,01/07/1818,1818,SWELLENDAM,04/10/1818,1818,1818,WAKKERSTROOM,1818,06/10/1865,1865,COLESBERG,26/08/1838,1838,MARIA ELISABETH,SWART,GAMTOOS,UITENHAGE,1837,1837,,"LYDENBYRG, UTRECHT, WAKKERSTROOM",,,
14,BADENHORST,BADENHORST,BADENHORST,CASPER HENDRIK,Casper Hendrik,b2c10d3e3,a1b2c10d3e3,BADENHORSTa1b2c10d3e3,SWELLENDAM,24/10/1822,1822,,,1822,,WAKKERSTROOM,1822,28/07/1892,1892,PIETERMARTIZBURG,15/10/1842,1842,GESINA JOHANNA,DE LANGE,ONDERDUIWENHOKS RIVER,SWELLENDAM,MARCH 1838,1838,,NATAL,,,
15,BADENHORST,BADENHORST,BADENHORST,CASPER HENDRIK SR,Casper Hendrik Sr,b2c2d2,a1b2c2d2,BADENHORSTa1b2c2d2,,02/04/1779,1779,,,1779,,,1779,,,CAPE TOWN,25/10/1801,1801,CATHARINA ALETTA,VAN DEN BERG,BRAKRIVIER,SOMERSET,1840-1841,1841,,NATAL,,,
16,BADENHORST,BADENHORST,BADENHORST,CASPER HENDRIK JR,Casper Hendrik Jr,b2c2d2e1,a1b2c2d2e1,BADENHORSTa1b2c2d2e1,GRAAFF-REINET,21/05/1804,1804,,,1804,,HEIDELBERG,1804,03/11/1875,1875,CRADOCK,06/07/1828,1828,JUDITH JACOBA,DU PREEZ,BRAKRIVIER,SOMERSET,1840-1841,1841,,NATAL,,,
17,BADENHORST,BADENHORST,BADENHORST,PETRUS JACOBUS,Petrus Jacobus,b2c2d2e3,a1b2c2d2e3,BADENHORSTa1b2c2d2e3,,,,,22/03/1807,,1807,,1807,,,,,,CORNELIA CAROLINA CHRISTINA RACHEL ELISABETH,DU PREEZ,BRAKRIVIER,CRADOCK,1840,1840,,"NATAL, OHRIGSTAD (1846)",,,
18,BADENHORST,BADENHORST,BADENHORST,HENDRIK GERHARDUS JOHANNES,Hendrik Gerhardus Johannes,b2c2d2e4,a1b2c2d2e4,BADENHORSTa1b2c2d2e4,GRAAFF-REINET,,,,15/01/1809,,1809,LYDENBURG,1809,11/03/1864,1864,CRADOCK,04/07/1836,1836,SUSANNA ELISABETH,BADENHORST,,CRADOCK,1839,1839,,NATAL,,,
19,BADENHORST,BADENHORST,BADENHORST,HENDRIK JOHANNES,Hendrik Johannes,b2c2d3e1,a1b2c2d3e1,BADENHORSTa1b2c2d3e1,,20/03/1805,1805,GRAAFF-REINETT,02/11/1805,1805,1805,BLOEMHOF,1805,19/07/1883,1883,GRAAFF-REINET,05/08/1827,1827,CATHARINA FROULINA,NAGEL,,COLESBERG,1846-1851,1851,,POTCHEFSTROOM,COLESBERG,,
20,BADENHORST,BADENHORST,BADENHORST,CORNELIS JACOBUS,Cornelis Jacobus,b2c2d3e2,a1b2c2d3e2,BADENHORSTa1b2c2d3e2,GRAAFF-REINET,09/08/1806,1806,GRAAFF-REINETT,28/09/1806,1806,1806,JACOBSDAL,1806,28/08/1871,1871,CRADOCK,08/11/1829,1829,MARIA MAGDALENA,NAGEL,,,DECEMBER 1834,1834,,,BLOEMFONTEIN,,
21,BADENHORST,BADENHORST,BADENHORST,DIRK STEPHANUS PETRUS,Dirk Stephanus Petrus,b2c2d3e4,a1b2c2d3e4,BADENHORSTa1b2c2d3e4,GRAAFF-REINET,27/02/1809,1809,GRAAFF-REINETT,09/03/1809,1809,1809,MIDDELBURG,1809,04/06/1879,1879,,,,ISABELLA HESTER,VAN STADEN,,,LATE 18,,,,,,
22,BADENHORST,BADENHORST,BADENHORST,JACOBUS PETRUS,Jacobus Petrus,b2c2d4,a1b2c2d4,BADENHORSTa1b2c2d4,,,,,11/12/1785,,1785,,1785,,,GRAAFF-REINET,25/01/1815,1815,ANNA PETRONELLA,AUCAMP,BRAKRIVIER,CRADOCK,,,,OHRIGSTAD,,,
23,BADENHORST,BADENHORST,BADENHORST,HENDRIK,Hendrik,b2c2d4e1,a1b2c2d4e1,BADENHORSTa1b2c2d4e1,,04/03/1816,1816,GRAAFF-REINETT,11/06/1816,1816,1816,IRENE,1816,17/05/1901,1901,CRADOCK,04/07/1836,1836,MARIA CATHARINA,BADENHORST,,SOMERSET,JULY 1836 - 1840,1840,,NATAL,,,
24,BADENHORST,BADENHORST,BADENHORST,CHRISTIAAN GERHARDUS JOHANNES,Christiaan Gerhardus Johannes,b2c2d4e2,a1b2c2d4e2,BADENHORSTa1b2c2d4e2,,02/10/1817,1817,GRAAFF-REINETT,06/10/1817,1817,1817,,1817,,,PIETERMARTIZBURG,23/03/1844,1844,CHRISTINA GEERTRUIDA,BADENHORST,,CRADOCK,1840,1840,,DELGOASBERG (1846),,,
25,BADENHORST,BADENHORST,BADENHORST,HENDRIK JACOBUS,Hendrik Jacobus,b2c5d4e2,a1b2c5d4e2,BADENHORSTa1b2c5d4e2,,04/07/1819,1819,,,1819,,POTCHEFSTROOM,1819,22/12/1884,1884,,,,DIRKJE CORNELIA,VAN ZYL,,SWELLENDAM,21/02/1838  - 1845,1845,,,,,
26,BADENHORST,BADENHORST,BADENHORST,JAN WILHELMUS WESSELS,Jan Wilhelmus Wessels,b2c8d2e2,a1b2c8d2e2,BADENHORSTa1b2c8d2e2,,14/12/1818,1818,CALEDON,03/01/1819,1818,1819,OVS,1818,28/10/1866,1866,UITENHAGE,04/04/1840,1840,ANNA ELISABETH,KRITZINGER,,UITENHAGE,APRIL 1840 - AUGUST 1841,1841,,NATAL,,,
27,BANTJES,BANTJES,BANTJES,JAN GERRITSE,Jan Gerritse,b1c3d3,a1b1c3d3,BANTJESa1b1c3d3,,08/07/1817,1817,GRAAFF-REINETT,06/10/1817,1817,1817,POTCHEFSTROOM,1817,06/10/1887,1887,PIETERMARTIZBURG,23/09/1838,1838,THYSINA GERMINA CLASINA,KNOETSE,BEAUFORT-WES,BEAUFORT,DECEMBER 1836,1836,JACOB DE KLERK,VOORTREKKERSLAER,,,
28,BARNARD,BARNARD,BARNARD,WILLEM HENDRIK,Willem Hendrik,b2c4d11,a1b2c4d11,BARNARDa1b2c4d11,,,,,03/11/1782,,1782,,1782,,,SWELLENDAM,06/04/1811,1811,SUSANNA,TERBLANCHE,,BEAUFORT,1840'S,,,TRANSGARIEP,,,
29,BARNARD,BARNARD,BARNARD,PETRUS JOHANNES,Petrus Johannes,b2c4d11e3,a1b2c4d11e3,BARNARDa1b2c4d11e3,,27/07/1816,1816,GEORGE,05/01/1817,1816,1817,,1816,,,,,,MAGDALENA CHRISTINA,VAN DEN BERG,,BEAUFORT,,,,WINBURG,POTCHEFSTROOM,,
30,BARNARD,BARNARD,BARNARD,MARTHINUS CHRISTOFFEL SR,Marthinus Christoffel Sr,b2c4d9,a1b2c4d9,BARNARDa1b2c4d9,,,,,19/12/1784,,1784,,1784,,,CAPE TOWN,25/03/1804,1804,ALETTA FREDRIKA,VAN STADEN,,BEAUFORT,1837,1837,,TRANSGARIEP,BEAUFORT-WEST,,
31,BARNARD,BARNARD,BARNARD,JACOB FREDERIK,Jacob Frederik,b2c4d9e2,a1b2c4d9e2,BARNARDa1b2c4d9e2,,,,,28/08/1808,,1808,,1808,,,,,,,,NUWEVELD,BEAUFORT,1837,1837,,WINBURG,,,
32,BARNARD,BARNARD,BARNARD,JAN MATTHIAM,Jan Matthiam,b2c4d9e3,a1b2c4d9e3,BARNARDa1b2c4d9e3,,1810,1810,,,1810,,,1810,,,POTCHEFSTROOM,21/10/1838,1838,MARIA MAGDALENA ELISABETH,NIEUWENHUIZEN,NUWEVELD,BEAUFORT,1837,1837,,WINBURG,,,
33,BARNARD,BARNARD,BARNARD,MARTHINUS CHRISTOFFEL JR,Marthinus Christoffel Jr,b2c4d9e5,a1b2c4d9e5,BARNARDa1b2c4d9e5,,22/12/1814,1814,GEORGE,27/03/1815,1814,1815,,1814,,,,,,ANNA SOPHIA,SPRUYT,,BEAUFORT,,,,WINBURG,,,
34,BASSON,BASSON,BASSON,WILLEM JOHANNES,Willem Johannes,b1c2d4e2f1,a1b1c2d4e2f1,BASSONa1b1c2d4e2f1,,,,,06/01/1799,,1799,,1799,,,UITENHAGE,03/04/1820,1820,JOHANNA CORNELIA,BASSON,SWARTRUGGENS,UITENHAGE,,,?,?,,,
35,BASSON,BASSON,BASSON,MATTHYS MICHIEL,Matthys Michiel,b1c2d4e2f3,a1b1c2d4e2f3,BASSONa1b1c2d4e2f3,,,,,25/11/1801,,1801,,1801,,,UITENHAGE,03/07/1825,1825,MARIA SALOME,BASSON,GRAAFF-REINET,GRAAFF-REINET,12/06/1837,1837,,,,,
36,BASSON,BASSON,BASSON,WILLEM DIEDERIK,Willem Diederik,b1c2d4e3f2g1,a1b1c2d4e3f2g1,BASSONa1b1c2d4e3f2g1,,21/03/1815,1815,GRAAFF-REINET,21/03/1815,1815,1815,POTCHEFSTROOM,1815,01/10/1861,1861,PIETERMARTIZBURG,16/06/1839,1839,ELISABETH JACOMINA,VAN DEVENTER,,GRAAFF-REINET,1839,1839,,NATAL - POTCHEFSTROOM,,,
37,BASSON,BASSON,BASSON,NICOLAAS JOHANNES SALOMON,Nicolaas Johannes Salomon,b1c2d4e3f4,a1b1c2d4e3f4,BASSONa1b1c2d4e3f4,,,,,22/06/1800,,1800,,1800,1848,1848,UITENHAGE,26/12/1824,1824,MAGDALENA JOHANNA JACOBA,GOUWS,SWARTRUGGENS,UITENHAGE,1839,1839,,WINBURG,,,
38,BEETGE,BEETGE,BEETGE,JOHANNES ANDRIES,Johannes Andries,b1,a1b1,BEETGEa1b1,,,,GRAAFF-REINET,12/11/1797,,1797,LYDENBURG,1797,12/09/1854,1854,GRAAFF-REINET,07/09/1828,1828,MAGDALENA CATHARINA,JOOSTE,ONDER-SEEKOEISRIVIER,COLESBERG,1838,1838,,POTCHEFSTROOM,POTCHEFSTROOM,,
39,BEKKER,BEKKER,BEKKER,JOHANNES JURGEN SR,Johannes Jurgen Sr,b4c1d10,a1b4c1d10,BEKKERa1b4c1d10,,,,,02/10/1799,,1799,NATAL,1799,14/05/1840,1840,,11/10/1798,1798,JOHANNA,BEKKER,,UITENHAGE,MARCH 1839,1839,BEKKER,NATAL  (1839),,,
40,BEKKER,BEKKER,BEKKER,JOHANNES JURGEN JR,Johannes Jurgen Jr,b4c1d10e5,a1b4c1d10e5,BEKKERa1b4c1d10e5,,,,,26/12/1806,,1806,,1806,,,SOMERSET-OOS,07/05/1826,1826,MARTHA ANNA ALETTA,VILJOEN,,UITENHAGE,,,J.A. ENSLIN,NATAL (1839),,,
41,BEKKER,BEKKER,BEKKER,ADRIAAN,Adriaan,b4c1d1e11,a1b4c1d1e11,BEKKERa1b4c1d1e11,,,,,14/04/1798,,1798,,1798,,,GEORGE,08/04/1822,1822,PETRONELLA CATHARINA,SCHOEMAN,,GEORGE,JUNE 1836,1836,,NATAL,,,
42,BEKKER,BEKKER,BEKKER,HENDRIK MARTHINUS,Hendrik Marthinus,b4c1d1e6,a1b4c1d1e6,BEKKERa1b4c1d1e6,,,,,17/04/1791,,1791,,1791,,,GRAAFF-REINET,10/08/1812,1812,EMMERELDA HESTER,BOTHA,BRAKRIVIER,CRADOCK,,,,POTCHEFSTROOM (1842),GRAAFF-REINET,,
43,BEKKER,BEKKER,BEKKER,MARTHINUS,Marthinus,b4c1d1e9,a1b4c1d1e9,BEKKERa1b4c1d1e9,,,,,24/12/1794,,1794,,1794,,,,03/01/1819,1819,MARIA CATHARINA,FOUCHE,TARKA,CRADOCK,OCTOBER 1831,1831,JAN DU PLESSIS,NATAL,,,
44,BEKKER,BEKKER,BEKKER,RYNIER JOHANNES,Rynier Johannes,b6c3d1e10,a1b6c3d1e10,BEKKERa1b6c3d1e10,,,,,30/10/1809,,1809,NORTH OF ORANGE RIVER,1809,25/09/1837,1837,GEORGE,26/02/1832,1832,SUSANNA JOHANNA CHRISTINA,HARTMAN,,GEORGE,DECEMBER 1836 - SEPTEMBER 1837,1837,,?,,,
45,BEKKER,BEKKER,BEKKER,ROELOF HENDRIK,Roelof Hendrik,b6c3d1e11,a1b6c3d1e11,BEKKERa1b6c3d1e11,,,,,19/11/1812,,1812,NORTH OF ORANGE RIVER,1812,25/09/1837,1837,GEORGE,25/12/1832,1832,JACOMINA HENDRINA,BOTHA,,GEORGE,DECEMBER 1836 - SEPTEMBER 1837,1837,,?,,,
46,BEKKER,BEKKER,BEKKER,MARTHINUS JOHANNES,Marthinus Johannes,b6c3d1e12,a1b6c3d1e12,BEKKERa1b6c3d1e12,,21/11/1814,1814,,22/10/1815,1814,1815,,1814,,,GEORGE,26/12/1836,1836,MARIA PETRONELLA ELIZABETH,SMIT,,GEORGE,1845,1845,,NATAL,,,
47,BEKKER,BEKKER,BEKKER,JACOBUS PETRUS,Jacobus Petrus,b6c3d1e2,a1b6c3d1e2,BEKKERa1b6c3d1e2,,,,,19/10/1794,,1794,,1794,,,GEORGE,06/10/1822,1822,SUSARA MARIA,SNYMAN,BO-BOESMANSRIVIER,SOMERSET-OOS,EARLY 1838,1838,,POTCHEFSTROOM,SOMERSET-OOS,,
48,BEKKER,BEKKER,BEKKER,PETRUS JOHANNES,Petrus Johannes,b6c3d5e3,a1b6c3d5e3,BEKKERa1b6c3d5e3,,,,,14/11/1802,,1802,,1802,,,UITENHAGE,04/01/1823,1823,HESTER MARIA,SWIEGERS,TARKA,CRADOCK,NOVEMBER 1837,1837,JAN DU PLESSIS,POTCHEFSTROOM,,,
49,BESTER,BESTER,BESTER,HERMANUS JACOBUS,Hermanus Jacobus,b1c2d5,a1b1c2d5,BESTERa1b1c2d5,,,,,30/03/1799,,1799,,1799,,,SWELLENDAM,05/04/1828,1828,MARGARETHA MARIA,PIETERSE,ONDER-RIVERSONDEREND,SWELLENDAM,LATE 1837,1837,,NATAL,,,
50,BESTER,BESTER,BESTER,ANDRIES NICOLAAS,Andries Nicolaas,b3c5d4,a1b3c5d4,BESTERa1b3c5d4,,,,,03/03/1793,,1793,"BLOUKRANS, NATAL",1793,17/02/1838,1838,CALEDON,10/07/1814,1814,APPOLONIA CATHARINA,VOSLOO,LANGEBERG,SWELLENDAM,EARLY 1837,1837,,,,,
51,BESTER,BESTER,BESTER,PAUL DIRK,Paul Dirk,b4c3d1,a1b4c3d1,BESTERa1b4c3d1,,,,,15/12/1788,,1788,PORT NATAL,1788,1841,1841,,18/04/1808,1808,ISOBELLA ELISABETH,LOMBARD,BAVIAANSRIVIER,SOMERSET,EARLY 1837,1837,,"NATAL, WEENEN",,,
52,BESTER,BESTER,BESTER,PAUL MICHIEL,Paul Michiel,b4c3d1e4,a1b4c3d1e4,BESTERa1b4c3d1e4,,02/22/1823,1823,UITENHAGE,30/05/1824,1823,1824,,1823,,,POTCHEFSTROOM,07/07/1847,1847,ALETTA CATHARINA,OLIVIER,OOS-RIETRIVIER,SOMERSET,EARLY 1837,1837,,RUSTENBURG,,,
53,BESTER,BESTER,BESTER,PAUL MICHIEL,Paul Michiel,b4c3d2e2,a1b4c3d2e2,BESTERa1b4c3d2e2,GRAHAMSTAD,15/04/1811,1811,,,1811,,"SPITSKOP, LADISMITH, NATAL",1811,03/09/1876,1876,SOMERSET,14/02/1830,1830,RACHEL MARIA JACOMINA,MEYER,BAVIAANSRIVIER,SOMERSET,SEPT 1837,1837,LUCAS J MEYER,NATAL (HARRISMITH),,"STIGTER LADISMITH, DOGTER LUCAS MEYER",
54,BESTER,BESTER,BESTER,ANDRIES,Andries,b4c3d3,a1b4c3d3,BESTERa1b4c3d3,,C 1791,1791,,,1791,,,1791,,,GRAAFF-REINET,05/05/1811,1811,MARGARETHA LOUISA,ERASMUS,BAVIAANSRIVIER,SOMERSET,EARLY 1837,1837,,WINBURG,,,
55,BESTER,BESTER,BESTER,LOURENS RASMUS,Lourens Rasmus,b4c3d3e3,a1b4c3d3e3,BESTERa1b4c3d3e3,,22/10/1815,1815,,,1815,,,1815,02/09/1879,1879,SOMERSET,01/06/1834,1834,SUSANNA DOROTHEA CHRISTINA,PIETERSE,BAVIAANSRIVIER,SOMERSET,EARLY 1837,1837,,WINBURG,,,
56,BESTER,BESTER,BESTER,BARNARD JACOBUS SR,Barnard Jacobus Sr,b4c3d4,a1b4c3d4,BESTERa1b4c3d4,,,,,06/01/1793,,1793,"WIT-MFOLOZI, NATL",1793,27/12/1838,1838,GRAAFF-REINET,17/01/1813,1813,ANNA SUSANNA,ERASMUS,TARKA,CRADOCK,OCTOBER 1838,1838,A.W.J. PRETORIUS,NATAL,,,
57,BESTER,BESTER,BESTER,PAUL MICHIEL,Paul Michiel,b4c3d4e1,a1b4c3d4e1,BESTERa1b4c3d4e1,,14/04/1814,1814,GRAAFF-REINET,28/08/1814,1814,1814,,1814,,,,,,GEERTRUIDA JOHANNA,PRINSLOO,OOS-RIETRIVIER,SOMERSET,1839,1839,,WINBURG,,,
58,BESTER,BESTER,BESTER,LOURENS RASMUS,Lourens Rasmus,b4c3d4e2,a1b4c3d4e2,BESTERa1b4c3d4e2,,01/12/1815,1815,GRAAFF-REINET,21/07/1816,1815,1816,1848/1849,1815,,,SOMERSET-OOS,08/12/1833,1833,ANNA SUSANNA MAGDALENA,BOTHA,OOS-RIETRIVIER,SOMERSET,LATE 1838,1838,,OHRIGSTAD,,,
59,BESTER,BESTER,BESTER,BARNARD JACOBUS JR,Barnard Jacobus Jr,b4c3d4e3,a1b4c3d4e3,BESTERa1b4c3d4e3,,08/10/1817,1817,CRADOCK,28/12/1817,1817,1817,,1817,,,CRADOCK,16/10/1836,1836,CATHARINA MARIA,PRETORIUS,TARKA,CRADOCK,EARLY 1838,1838,,NATAL,,,
60,BESTER,BESTER,BESTER,WILLEM ABRAHAM,Willem Abraham,b4c3d4e7,a1b4c3d4e7,BESTERa1b4c3d4e7,,20/07/1825,1825,SOMERSET,26/02/1826,1825,1826,,1825,,,,,,HEYLTJIE MAGDALENA,BROEKMAN,,SOMERSET,,,,POTCHEFSTROOM,,,
61,BESTER,BESTER,BESTER,THEUNIS CHRISTIAAN,Theunis Christiaan,b4c3d6,a1b4c3d6,BESTERa1b4c3d6,,,,,26/11/1797,,1797,,1797,,,GRAAFF-REINET,21/07/1816,1816,JOHANNA HELENA,NEL,KOONAP,ALBANY,MARCH 1837,1837,,NATAL,,,
62,BESTER,BESTER,BESTER,PAUL MICHIEL,Paul Michiel,b4c3d6e3,a1b4c3d6e3,BESTERa1b4c3d6e3,,16/09/1822,1822,UITENHAGE,30/11/1822,1822,1822,,1822,,,,26/02/1842,1842,MARGARETHA SUSANNA,VAN ROOYEN,KOONAP,ALBANY,1843,1843,,NATAL (1843),,,
63,BEUKES,BEUKES,BEUKES,JOHANNES ANDREAS,Johannes Andreas,b1c2d2,a1b1c2d2,BEUKESa1b1c2d2,,,,,04/04/1779,,1779,,1779,,,,29/04/1798,1798,MARIA DOROTHEA,BOTHA,TARKA,CRADOCK,BEFORE 1840,,,POTCHEFSTROOM (1840),CRADOCK,,
64,BEUKES,BEUKES,BEUKES,JACOBUS CORNELIS,Jacobus Cornelis,b1c2d2e4,a1b1c2d2e4,BEUKESa1b1c2d2e4,,C 1805,1805,,,1805,,OVS,1805,1859-1865,1865,BEAUFORT,11/09/1825,1825,MARTHA MARIA MAGDALENA,NIEUWENHUIZEN,TARKA,CRADOCK,,,A.H. POTGIETER,TRANSGARIEP,,,
65,BEUKES,BEUKES,BEUKES,CORNELIUS JOHANNES,Cornelius Johannes,b1c2d5,a1b1c2d5,BEUKESa1b1c2d5,,13/04/1785,1785,,18/11/1787,1785,1787,KROONSTAD,1785,21/05/1874,1874,GRAAFF-REINET,13/07/1806,1806,ANNA MARGARETHA,VAN DER MERWE,NUWEVELD,BEAUFORT,BEFORE SEPT 1837,,,TRANSGARIEP,,,
66,BEUKES,BEUKES,BEUKES,HENDRIK GERHARDUS,Hendrik Gerhardus,b1c2d5e5,a1b1c2d5e5,BEUKESa1b1c2d5e5,,16/10/1813,1813,GRAAFF-REINET,03/04/1814,1813,1814,,1813,,,BEAUFORT,26/12/1833,1833,JOHANNA HELENA,BOTES,NUWEVELD,BEAUFORT,07/11/1841,1841,,TRANSGARIEP,,,
67,BEUKES,BEUKES,BEUKES,MATTHEUS GERHARDUS,Mattheus Gerhardus,b9c1d2e1,a1b9c1d2e1,BEUKESa1b9c1d2e1,,,,,05/01/1809,,1809,,1809,,,SWELLENDAM,31/01/1836,1836,HENDRIKA ELSABE,SWART,BREEDERIVIER,SWELLENDAM,JULY 1837,1837,,,,,
68,BEZUIDENHOUT,BEZUIDENHOUT,BEZUIDENHOUT,JOHANNES SR,Johannes Sr,a2,a2,BEZUIDENHOUTa2,,11/06/1777,1777,,,1777,,,1777,,,CAPE TOWN,15/02/1801,1801,MAGDALENA GEERTRUIDA,a2b6c2d2,,BEAUFORT,09/06/1838,1838,P.D. JACOBS,,,,
69,BEZUIDENHOUT,BEZUIDENHOUT,BEZUIDENHOUT,MATTHYS MARTHINUS,Matthys Marthinus,a2b1,a2b1,BEZUIDENHOUTa2b1,,29/10/1806,1806,GRAAFF-REINET,13/04/1807,1806,1807,,1806,,,BEAUFORT,13/04/1807,1807,LEA,BEZUIDENHOUT,,COLESBERG,MAY 1843,1843,P.D. JACOBS,WINBURG,,,
70,BEZUIDENHOUT,BEZUIDENHOUT,BEZUIDENHOUT,WYNAND CAREL,Wynand Carel,a2b2,a2b2,BEZUIDENHOUTa2b2,,,,,,,,,,,,BEAUFORT,24/04/1829,1829,ANNA CATHARINA SUSANNA,BOOYSENS,,BEAUFORT,24/04/1829,1829,P.D. JACOBS,APRIL/MAY 1838,,,
71,BEZUIDENHOUT,BEZUIDENHOUT,BEZUIDENHOUT,PIETER CHRISTIAAN,Pieter Christiaan,a2b4,a2b4,BEZUIDENHOUTa2b4,,02/05/1817,1817,BEAUFORT,11/04/1819,1817,1819,,1817,,,,,,MARHTA JOHANNA,JANSEN,,,,,,WINBURG (1842),,,
72,BEZUIDENHOUT,BEZUIDENHOUT,BEZUIDENHOUT,PIETER LODEWYK,Pieter Lodewyk,b4c2d2e1f4g2,a1b4c2d2e1f4g2,BEZUIDENHOUTa1b4c2d2e1f4g2,,19/06/1817,1817,GRAAFF-REINET,03/03/1818,1817,1818,,1817,01/01/1879,1879,GEORGE,06/09/1835,1835,CATHARINA WILHELMINA,SCHOEMAN,,GEORGE,1840,1840,,"TRANSGARIEP, OHRIGSTAD",,,
73,BEZUIDENHOUT,BEZUIDENHOUT,BEZUIDENHOUT,JEREMIAS JESAIAS,Jeremias Jesaias,b4c2d2e1f4g3,a1b4c2d2e1f4g3,BEZUIDENHOUTa1b4c2d2e1f4g3,,01/08/1819,1819,BEAUFORT,23/01/1820,1819,1820,,1819,,,,,,HESTER HERMINA,VAN ZYL,,BEAUFORT,1840,1840,,TRANSGARIEP,BLOEMFONTEIN,,
74,BEZUIDENHOUT,BEZUIDENHOUT,BEZUIDENHOUT,STEPHANUS MARTHINUS,Stephanus Marthinus,b4c2d2e1f4g5,a1b4c2d2e1f4g5,BEZUIDENHOUTa1b4c2d2e1f4g5,,02/02/1824,1824,GRAAFF-REINET,20/06/1824,1824,1824,,1824,,,POTCHEFSTROOM,04/08/1847,1847,CATHARINA ELISABETH,ERASMUS,,BEAUFORT,1840,1840,,POTCHEFSTROOM,,,
75,BEZUIDENHOUT,BEZUIDENHOUT,BEZUIDENHOUT,WYNAND FREDERIK,Wynand Frederik,b4c2d3e4,a1b4c2d3e4,BEZUIDENHOUTa1b4c2d3e4,,,,,26/07/1778,,1778,"BLOUKRANS RIVER, NATAL",1778,17/02/1838,1838,,15/04/1796,1796,CATHARINA PETRONELLA,VENTER,UITVLUGT,GRAAFF-REINET,JULY 1837,1837,JACOB DE KLERK,NATAL,GRAAFF-REINET,,
76,BEZUIDENHOUT,BEZUIDENHOUT,BEZUIDENHOUT,DANIEL PIETER,Daniel Pieter,b4c2d3e4f4,a1b4c2d3e4f4,BEZUIDENHOUTa1b4c2d3e4f4,GRAAFF-REINET,19/11/1813,1813,,11/08/1814,1813,1814,BETHLEHEM,1813,1895,1895,GRAAFF-REINET,25/12/1835,1835,ELISABETH CECILIA,SMIT,UITVLUGT,GRAAFF-REINET,03/04/1837 - 17/02/1838,1838,JACOB DE KLERK,NATAL,PIETERMARITZBURG,,
77,BEZUIDENHOUT,BEZUIDENHOUT,BEZUIDENHOUT,GERRIT PIETER,Gerrit Pieter,b4c6d9e1f1,a1b4c6d9e1f1,BEZUIDENHOUTa1b4c6d9e1f1,,11/09/1816,1816,,14/12/1816,1816,1816,,1816,,,,24/10/1839,1839,LEA ELISABETH,BRITS,,,EARLY 1840'S,,,WINBURG,WINBURG,,
78,BEZUIDENHOUT,BEZUIDENHOUT,BEZUIDENHOUT,GERRIT PIETER,Gerrit Pieter,b4c6d9e2f2,a1b4c6d9e2f2,BEZUIDENHOUTa1b4c6d9e2f2,,10/06/1818,1818,,12/01/1819,1818,1819,,1818,,,,,,MARIA MAGDALENA,POTGIETER,,,EARLY 1840'S,,,NATAL,,,
79,BEZUIDENHOUT,BEZUIDENHOUT,BEZUIDENHOUT,GEORG DIEDERIK,Georg Diederik,b4c6d9e2f3,a1b4c6d9e2f3,BEZUIDENHOUTa1b4c6d9e2f3,,10/03/1820,1820,BEAUFORT,13/01/1822,1820,1822,"VRYHEID, NATAL",1820,26/11/1890,1890,,,,ELSJE MARGARETHA JOHANNA,LABUSCHAGNE,,BEAUFORT,SEPT 1835,1835,TREGARDT,DELAGOA BAY,,,
80,BEZUIDENHOUT,BEZUIDENHOUT,BEZUIDENHOUT,FREDERIK JACOBUS,Frederik Jacobus,b4c6d9e5,a1b4c6d9e5,BEZUIDENHOUTa1b4c6d9e5,,,,SWELLENDAM,24/09/1798,,1798,,1798,,,GRAAFF-REINET,04/04/1819,1819,MARTHA ELISABETH,ENGELBRECHT,,BEAUFORT,,,,PIETERMARITZBURG (1841),,,
81,BEZUIDENHOUT,BEZUIDENHOUT,BEZUIDENHOUT,FREDERIK JACOBUS,Frederik Jacobus,b4c6d9e5f2,a1b4c6d9e5f2,BEZUIDENHOUTa1b4c6d9e5f2,,29/07/1825,1825,BEAUFORT,21/08/1825,1825,1825,,1825,,,,,,JUDITH CORNELIA ETRESIA,VILJOEN,,BEAUFORT,,,,NATAL (1841),,,
82,BEZUIDENHOUT,BEZUIDENHOUT,BEZUIDENHOUT,CORNELIS JOHANNES,Cornelis Johannes,b4c6d9e7,a1b4c6d9e7,BEZUIDENHOUTa1b4c6d9e7,,19/05/1803,1803,,26/10/1803,1803,1803,,1803,,,BEAUFORT,04/01/1824,1824,SUSANNA PETRONELLA,VIVIERS,,COLESBERG,01/08/1840 - OCTOBER 1845,1845,,POTCHEFSTROOM,,,
83,BEZUIDENHOUT,BEZUIDENHOUT,BEZUIDENHOUT,COENRAAD,Coenraad,b4c6d9e8,a1b4c6d9e8,BEZUIDENHOUTa1b4c6d9e8,,05/10/1804,1804,SWELLENDAM,21/04/1805,1804,1805,,1804,,,WORCESTER,03/07/1830,1830,ZACHARYA JACOMINA,SNYDERS,,BEAUFORT,25/09/1836,1836,,BINNELAND,,,
84,BODENSTEIN,BODENSTEIN,BODENSTEIN,JOHANNES,Johannes,b2,a1b2,BODENSTEINa1b2,,,,CAPE TOWN,28/02/1796,,1796,SUIKERBOSRAND,1796,C 1848,1848,GRAAFF-REINET,07/04/1817,1817,HENDRINA JOHANNA,BRITS,,BEAUFORT,LATE 1837,1837,,NATAL,,,
85,BODENSTEIN,BODENSTEIN,BODENSTEIN,JOHANNES CASPER,Johannes Casper,b2c1,a1b2c1,BODENSTEINa1b2c1,,02/08/1819,1819,BEAUFORT,15/08/1819,1819,1819,,1819,,,PIETERMARITZBURG,06/01/1844,1844,MARIA ALETTA PETRONELLA,BOTHA,,BEAUFORT,1838,1838,,NATAL,,,
86,BOOYSEN,BOOYSEN,BOOYSEN,JOHANNES,Johannes,b2c2d3,a1b2c2d3,BOOYSENa1b2c2d3,,,,,14/12/1788,,1788,,1788,,,GEORGE,12/11/1815,1815,ANNA ELISABETH,LAS,ONDER-BOESMANSRIVIER,UITENHAGE,OCTOBER 1837,1837,KAREL LANDMAN,NATAL,,,
87,BOOYSEN,BOOYSEN,BOOYSEN,DIRK,Dirk,b2c2d4,a1b2c2d4,BOOYSENa1b2c2d4,,,,,15/07/1798,,1798,,1798,,,UITENHAGE,02/03/1823,1823,HESTER SUSANNA,OOSTHUIZEN,ONDER-BOESMANSRIVIER,UITENHAGE,OCTOBER 1837,1837,KAREL LANDMAN,POTCHEFSTROOM,,,
88,BOOYSEN,BOOYSEN,BOOYSEN,FRANS ABRAHAM,Frans Abraham,b2c2d6,a1b2c2d6,BOOYSENa1b2c2d6,,,,,06/03/1803,,1803,,1803,1848-1849,1849,UITENHAGE,07/01/1821,1821,PETRONELLA CATHARINA ALETTA,NEL,ONDER-BOESMANSRIVIER,UITENHAGE,OCTOBER 1837,1837,KAREL LANDMAN,NATAL - POTCHEFSTROOM,POTCHEFSTROOM,,
89,BOOYSEN,BOOYSEN,BOOYSEN,CORNELIS HERMANUS ZACHARIAS,Cornelis Hermanus Zacharias,b3c4d5e7,a1b3c4d5e7,BOOYSENa1b3c4d5e7,,,,,23/07/1809,,1809,,1809,1848,1848,,,,JACOMINA HENDRINA,GREYLING,BAVIAANSRIVIER,SOMERSET,MARCH 1838,1838,H.S. LOMBAARD,WINBURG,,,
90,BOOYSEN,BOOYSEN,BOOYSEN,JONATHAN DAVID WILHELMUS,Jonathan David Wilhelmus,b3c4d5e9,a1b3c4d5e9,BOOYSENa1b3c4d5e9,,,,GRAAFF-REINET,25/05/1817,,1817,,1817,,,GRAAFF-REINET,14/09/1837,1837,ANNA CATHARINA WILHELMINA,PRETORIUS,,GRAAFF-REINET,FEBRUARY 1842,1842,,NATAL (1842),,,
91,BOOYSEN,BOOYSEN,BOOYSEN,PETRUS GERHARDUS,Petrus Gerhardus,b3c4d5e8,a1b3c4d5e8,BOOYSENa1b3c4d5e8,,15/03/1811,1811,GRAAFF-REINET,24/03/1811,1811,1811,,1811,,,GRAAFF-REINET,02/07/1832,1832,JOHANNA FREDERIKA,PRETORIUS,,GRAAFF-REINET,,,,NATAL (1842),,,
92,BOOYSEN,BOOYSEN,BOOYSEN,JAN GERHARDUS LODEWIKUS,Jan Gerhardus Lodewikus,b3c4d7e5,a1b3c4d7e5,BOOYSENa1b3c4d7e5,,05/07/1817,1817,GRAAFF-REINET,06/10/1817,1817,1817,,1817,,,CRADOCK,04/07/1836,1836,MAGDALEN SUSANNA MARIA,VERSTER,,CRADOCK,17/01/1841-27/07/1842,1842,,NATAL,,,
93,BORNMAN,BORNMAN,BORNMAN,JOHAN CHRISTIAAN,Johan Christiaan,b1,a1b1,BORNMANa1b1,,31/01/1789,1789,,,1789,,WINBURG,1789,05/12/1862,1862,TULBACH,29/06/1809,1809,CORNELIA CAROLINA,DU PREEZ,WINTERVELD,GRAAFF-REINET,1838,1838,,WINBURG,,,
94,BORNMAN,BORNMAN,BORNMAN,MEYNERT JACOBUS,Meynert Jacobus,b1c10,a1b1c10,BORNMANa1b1c10,,20/06/1825,1825,GRAAFF-REINET,18/09/1825,1825,1825,,1825,,,BLOEMFONTEIN,14/04/1849,1849,CORNELIA MARGARETHA,MAREE,WINTERVELD,GRAAFF-REINET,1838,1838,,TRANSORANJE,,,
95,BORNMAN,BORNMAN,BORNMAN,CHRISTIAAN HIERMONIMUS,Christiaan Hiermonimus,b1c2,a1b1c2,BORNMANa1b1c2,,01/01/1812,1812,,,1812,,,1812,,,GRAAFF-REINET,04/04/1831,1831,JOHANNA MARIA CATHARINA,JANSEN,WINTERVELD,GRAAFF-REINET/BEAUFORT,2/10/1837-20/11/1838,1838,,WINBURG,A.H. POTGIETER POTCHEFSTROOM,,
96,BORNMAN,BORNMAN,BORNMAN,JOHANNES JOACHIM,Johannes Joachim,b1c4,a1b1c4,BORNMANa1b1c4,,24/07/1813,1813,TULBAGH,04/12/1814,1813,1814,,1813,,,GRAAFF-REINET,30/11/1834,1834,CATHARINA L,JANSEN,WINTERVELD,GRAAFF-REINET,1838,1838,,WINBURG,PIETERMARITZBURG,,
97,BORNMAN,BORNMAN,BORNMAN,JACOBUS JOHANNES,Jacobus Johannes,b1c7,a1b1c7,BORNMANa1b1c7,,17/06/1819,1819,GRAAFF-REINET,18/07/1819,1819,1819,,1819,31/07/1913,1913,,,,RACHEL JACOBA,KRAAY,,BEAUFORT,,,,WINBURG (1844),,,
98,BORNMAN,BORNMAN,BORNMAN,LEENDERT,Leendert,bc9,a1bc9,BORNMANa1bc9,,22/08/1823,1823,GRAAFF-REINET,20/03/1824,1823,1824,,1823,,,,,,ANNA DOROTHEA,MOUTON,WINTERVELD,GRAAFF-REINET,1838,1838,,TRANSORANJE,,,
99,BOSHOF,BOSHOF,BOSHOF,HANS JURGEN,Hans Jurgen,b1c3d10,a1b1c3d10,BOSHOFa1b1c3d10,,,,GEORGE,05/01/1817,,1817,WINBURG,1817,24/10/1895,1895,,,,MARTHA MARIA CATHARINA,FOURIE,,GEORGE,1845,1845,,RIETRIVIER,COLESBERG,,
100,BOSHOF,BOSHOF,BOSHOF,WILLEM HENDRIK,Willem Hendrik,b1c3d1,a1b1c3d1,BOSHOFa1b1c3d1,,,,,29/03/1801,,1801,,1801,,,,,,CATHARINA MARIA,BARNARD,,GEORGE,14/01/1838,1838,,WINBURG,,,
101,BOSHOF,BOSHOF,BOSHOF,CHRISTOFFEL HENDRIK,Christoffel Hendrik,b1c3d9,a1b1c3d9,BOSHOFa1b1c3d9,,23/12/1814,1814,GEORGE,30/01/1815,1814,1815,,1814,,,GEORGE,10/07/1836,1836,JACOBA ISABELLA ELISABETH,BARNARD,,GEORGE,EARLY 1840'S,,,FAURESMITH,,,
102,BOSHOF,BOSHOF,BOSHOF,JACOBUS NICOLAAS SR,Jacobus Nicolaas Sr,b3c1,a1b3c1,BOSHOFa1b3c1,,21/04/1784,1784,,03/04/1785,1784,1785,PIETERMARITZBURG,1784,15/09/1844,1844,SWELLENDAM,01/03/1807,1807,ALETTA HELENA,JOUBERT,SWELLENDAM,SWELLENDAM,1839,1839,,NATAL,,,
103,BOSHOF,BOSHOF,BOSHOF,JACOBUS NICOLAAS JR,Jacobus Nicolaas Jr,b3c1d1,a1b3c1d1,BOSHOFa1b3c1d1,SWELLENDAM,31/01/1808,1808,,,1808,,PIETERMARITZBURG,1808,21/04/1881,1881,GRAAFF-REINET,03/11/1827,1827,ADRIANA PETRONELLA GERTRUIDA,VAN ASWEGEN,GRAAFF-REINET,GRAAFF-REINET,1839,1839,,NATAL,,,STAATSPRESIDENT OVS
104,BOSHOF,BOSHOF,BOSHOF,JOHAN CHRISTOFFEL,Johan Christoffel,b3c1d3,a1b3c1d3,BOSHOFa1b3c1d3,SWELLENDAM,05/09/1811,1811,,,1811,,PIETERMARITZBURG,1811,19/11/1889,1889,GRAAFF-REINET,13/06/1837,1837,MARIA MAGDALENA,VAN NIEKERK,,GRAAFF-REINET,SEPTEMBER 1840,1840,,NATAL,,,
105,BOSHOF,BOSHOF,BOSHOF,WILLEM HENDRIK,Willem Hendrik,b3c1d4,a1b3c1d4,BOSHOFa1b3c1d4,,06/05/1813,1813,,01/08/1813,1813,1813,,1813,09/11/1863,1863,GRAAFF-REINET,01/04/1835,1835,JACOMINA LOUISA,VAN DER MERWE,AGTER-SNEEUBERG,GRAAFF-REINET,,,,WINBURG (1844),,,
106,BOSHOF,BOSHOF,BOSHOF,JOHANNES STEPHANUS,Johannes Stephanus,b3c1d5,a1b3c1d5,BOSHOFa1b3c1d5,,03/01/1821,1821,,08/04/1821,1821,1821,,1821,24/07/1893,1893,SWELLENDAM,27/01/1840,1840,ANNA HERMINA ALETTA,STEYL,,SWELLENDAM,27/01/1840,1840,,WINBURG,"LADYSMITH, NATAL",,
107,BOSHOF,BOSHOF,BOSHOF,WILLEM HENDRIK,Willem Hendrik,b3c3,a1b3c3,BOSHOFa1b3c3,,,,,03/12/1786,,1786,WEENEN,1786,05/02/1862,1862,,,,MARGARETHA MARIA,NORTJE,,GRAAFF-REINET,1840'S,,,NATAL,GRAAFF-REINET,,
108,BOSMAN,BOSMAN,BOSMAN,HERMANUS STEPHANUS,Hermanus Stephanus,b7c6d1,a1b7c6d1,BOSMANa1b7c6d1,,08/11/1795,1795,,15/11/1795,1795,1795,POTCHEFSTROOM,1795,09/03/1881,1881,STELLENBOSCH,02/02/1817,1817,SARA SUSANNA,HAUMAN,MOSSELBANKSRIVIER,STELLENBOSCH,1838,1838,,VICTORIA-WES - POTCEFSTROOM,,STELLENBOSCH,
109,BOTES,BOTES,BOTES,WIETSE,Wietse,b2c1d1e1,a1b2c1d1e1,BOTESa1b2c1d1e1,,25/11/1813,1813,PAARL,30/01/1814,1813,1814,WINBURG,1813,02/04/1877,1877,CRADOCK,07/07/1834,1834,MARIA MAGDALENA CATHARINA,LE ROUX,,CRADOCK,02/04/1838,1838,,WINBURG,,,
110,BOTES,BOTES,BOTES,DAVID PETRUS,David Petrus,b2c1d3e1,a1b2c1d3e1,BOTESa1b2c1d3e1,,10/11/1817,1817,TULBACH,01/02/1818,1817,1818,HARRISMITH,1817,29/12/1883,1883,,,,CATHARINA WILHELMINA,VENTER,,,,,,POTCHEFSTROOM (1840),,,
111,BOTES,BOTES,BOTES,JAN JACOBUS,Jan Jacobus,b2c1d7,a1b2c1d7,BOTESa1b2c1d7,BEAUFORT,26/08/1800,1800,SWELLENDAM,08/03/1801,1800,1801,BLOEMFONTEIN (VERMOOR),1800,28/06/1865,1865,BEAUFORT,06/03/1825,1825,MAGDALENA ADRIANA FRANCINA CAROLINA,BEUKES,BRAKRIVIER,CRADOCK,,,,WINBURG,,,
112,BOTES,BOTES,BOTES,WIETZ,Wietz,b2c1d7e1,a1b2c1d7e1,BOTESa1b2c1d7e1,,28/12/1825,1825,BEAUFORT,03/07/1826,1825,1826,BLOEMFONTEIN,1825,07/07/1892,1892,,,,MARIA MAGDALENA MARAIS,,BRAKRIVIER,CRADOCK,EARLY 1830'S,,,BRANDFORT,,,
113,BOTES,BOTES,BOTES,BARNARD HENDRIK,Barnard Hendrik,b2c2d1e4,a1b2c2d1e4,BOTESa1b2c2d1e4,,08/09/1818,1818,TULBACH,05/10/1818,1818,1818,BOSCHKOP,1818,15/12/1858,1858,,,,CHRISTINA CAROLINA MARGARETHA,LE ROUX,,BEAUFORT,,,,TRANSORANJE,,,
114,BOTES,BOTES,BOTES,ANTHONIE JOHANNES LOURENS,Anthonie Johannes Lourens,b2c2d6,a1b2c2d6,BOTESa1b2c2d6,BEAUFORT,1802,1802,,08/03/1804,1802,1804,KROONSTAD,1802,30/03/1874,1874,BEAUFORT,04/04/1825,1825,MARIA ELISABETH,PIETERSE,,BEAUFORT,01/07/1838,1838,,POTCHEFSTROOM,,,
115,BOTES,BOTES,BOTES,ANDRIES STEPHANUS,Andries Stephanus,b2c4d2,a1b2c4d2,BOTESa1b2c4d2,BEAUFORT,31/08/1803,1803,,13/10/1805,1803,1805,MODDERRIVIER,1803,15/12/1854,1854,BEAUFORT,06/08/1826,1826,CORNELIA ELISABETH,LOMBARD,KOUP,BEAUFORT,26/12/1834,1834,,TRANSORANJE,,,
116,BOTES,BOTES,BOTES,ANTHONIE JOHANNES STEPHANUS,Anthonie Johannes Stephanus,b2c5d4,a1b2c5d4,BOTESa1b2c5d4,,22/12/1812,1812,GRAAFF-REINET,10/01/1814,1812,1814,,1812,,,BEAUFORT,03/07/1837,1837,CATHARINA JOHANNA SUSANNA,LOMBARD,,BEAUFORT,1839,1839,,TRANSORANJE,,,
117,BOTES,BOTES,BOTES,JACOBUS ABRAHAM ADRIAAN,Jacobus Abraham Adriaan,b2c5d5,a1b2c5d5,BOTESa1b2c5d5,,11/01/1817,1817,BEAUFORT,31/03/1819,1817,1819,,1817,,,A.H. POTGIETER POTCHEFSTROOM,05/12/1840,1840,ALETTA PETRONELLA CATHARINA,BOTES,,BEAUFORT,BEFORE 1840,,,,,,
118,BOTES,BOTES,BOTES,ANTHONIE JOHANNES,Anthonie Johannes,b2c6d2,a1b2c6d2,BOTESa1b2c6d2,,1802,1802,,,1802,,,1802,,,WORCESTER,08/04/1827,1827,ANNA JOHANNA,OLIVIER,,COLESBERG,1840,1840,,TRANSORANJE,WORCESTER,,
119,BOTES,BOTES,BOTES,FREDERIK JOHANNES JACOBUS,Frederik Johannes Jacobus,b2c6d3,a1b2c6d3,BOTESa1b2c6d3,,,,,13/10/1805,,1805,,1805,,,WORCESTER,05/02/1827,1827,FREDERIKA JOHANNA,BIRK,,BEAUFORT,BEFORE 1838,,,VAALRIVIER,WORCESTER,,
120,BOTES,BOTES,BOTES,WIETSE LOURENS,Wietse Lourens,b2c6d4,a1b2c6d4,BOTESa1b2c6d4,,,,,18/01/1807,,1807,,1807,,,BEAUFORT,07/01/1827,1827,JOHANNA PETRONELLA,BOTES,,BEAUFORT,JULY 1838,1838,,MODDERFONTEIN,,,
121,BOTES,BOTES,BOTES,ROELOF JOHANNES,Roelof Johannes,b2c6d6,a1b2c6d6,BOTESa1b2c6d6,,10/08/1814,1814,TULBACH,04/12/1814,1814,1814,,1814,,,,,,MARIA CATHARINA,NEL,,,BEFORE JUNE 1838,,,SAND RIVER,,,
122,BOTES,BOTES,BOTES,CAREL FREDERIK,Carel Frederik,b2c7,a1b2c7,BOTESa1b2c7,,,,,30/03/1783,,1783,,1783,1850,1850,CAPE TOWN,18/03/1804,1804,ALETTA JOHANNA,POTGIETER,KOUP,BEAUFORT,EARLY 1840'S,,,TRANSORANJE,,,
123,BOTES,BOTES,BOTES,WIETSE,Wietse,b2c1d3e2,a1b2c1d3e2,BOTESa1b2c1d3e2,,07/11/1818,1818,,,1818,,,1818,1848,1848,BEAUFORT,12/08/1819,1819,MARIA HELENA ABIGAEL,DEYSEL,,BEAUFORT,LATE 1830'S,,,WINBURG,,,
124,BOTHA,BOTHA,BOTHA,CHRISTOFFEL FRANCOIS,Christoffel Francois,a1b1c2d7e1f4,a1b1c2d7e1f4,BOTHAa1b1c2d7e1f4,,,,,13/10/1799,,1799,,1799,,,GRAAFF-REINET,04/12/1826,1826,ANNA CHRISTINA CORNELIA,VILJOEN,,GRAAFF-REINET,1837,1837,,NATAL,,,
125,BOTHA,BOTHA,BOTHA,CHRISTIAAN THEUNIS GERRIT(SE),Christiaan Theunis Gerrit(Se),a1b1c4d5e4f4,a1b1c4d5e4f4,BOTHAa1b1c4d5e4f4,,,,,18/09/1810,,1810,NATAL,1810,05/01/1839,1839,,,,JOHANNA MAGDALENA,VAN DER MERWE,TARKA,SOMERSET,OCTOBER 1837,1837,JAN DU PLESSIS,NATAL,,,
126,BOTHA,BOTHA,BOTHA,ANDRIES HENDRIK,Andries Hendrik,a1b1c7d1e2f1,a1b1c7d1e2f1,BOTHAa1b1c7d1e2f1,,,,,02/04/1799,,1799,,1799,,,CRADOCK,04/04/1825,1825,EVA MARIA ENGELBRECHT,,BAVIAANSRIVIER,SOMERSET,,,,POTCHEFSTROOM (1842),,,
127,BOTHA,BOTHA,BOTHA,LOURENS RASMUS,Lourens Rasmus,a1b1c7d1e4f1,a1b1c7d1e4f1,BOTHAa1b1c7d1e4f1,,,,,26/12/1806,,1806,,1806,,,SOMERSET,14/02/1830,1830,HILLETJIE LEVINA,BESTER,OOS-RIETRIVIER,SOMERSET,1840,1840,,FALSE RIVER,,,
128,BOTHA,BOTHA,BOTHA,CHRISTOFFEL JACOBUS,Christoffel Jacobus,a1b1c7d1e9,a1b1c7d1e9,BOTHAa1b1c7d1e9,,,,,18/11/1792,,1792,,1792,,,UITENHAGE,04/10/1818,1818,JOHANNA SUSANNA,JANSE VAN VUUREN,BO-BOESMANSRIVIER,SOMERSET,1840,1840,,NATAL,PIETERMARITZBURG,,
129,BOTHA,BOTHA,BOTHA,ANDRIES,Andries,a1b1c7d1e9f1,a1b1c7d1e9f1,BOTHAa1b1c7d1e9f1,,27/12/1819,1819,UITENHAGE,19/08/1820,1819,1820,,1819,,,,,,CORNELIA JOHANNA CHRISTINA STOOP,,BO-BOESMANSRIVIER,SOMERSET,,,,PIETERMARITZBURG (1844),,,
130,BOTHA,BOTHA,BOTHA,JOHANNES JURGEN,Johannes Jurgen,a1b1c7d8e7,a1b1c7d8e7,BOTHAa1b1c7d8e7,SOMERSET,08/01/1805,1805,,20/05/1805,1805,1805,ROUXVILLE,1805,18/03/1880,1880,CRADOCK,02/12/1832,1832,ELISABETH MARGARETHA,OPPERMAN,KLAAS SMITSRIVIER,SOMERSET,,,FAMILY,,,,
131,BOTHA,BOTHA,BOTHA,HERCULAS DAVID,Herculas David,a1b1c7d8e8,a1b1c7d8e8,BOTHAa1b1c7d8e8,,,,,05/10/1806,,1806,,1806,,,CRADOCK,06/12/1829,1829,WILHELMINA HENDRINA,SMITH,,CRADOCK,EARLY 1838,1838,,OHRIGSTAD,,,
132,BOTHA,BOTHA,BOTHA,LOURENS JACOBUS,Lourens Jacobus,a1b1c7d8e9,a1b1c7d8e9,BOTHAa1b1c7d8e9,,,,,18/09/1810,,1810,ROUXVILLE,1810,08/04/1880,1880,CRADOCK,05/10/1829,1829,JOHANNA ADRIANA,SMIT,KLAAS SMITSRIVIER,SOMERSET,1838,1838,,,,,
133,BOTHA,BOTHA,BOTHA,PIETER JOHANNES HENDRIK,Pieter Johannes Hendrik,a1b2c4d1e1f3,a1b2c4d1e1f3,BOTHAa1b2c4d1e1f3,,,,,30/03/1794,,1794,DELAGOA BAY,1794,29/04/1838,1838,GRAHAMS TOWN,08/01/1825,1825,ANNA MARIA,GEERE,BRAKRIVIER,SOMERSET,SEPTEMBER 1835,1835,TREGARDT,,,,
134,BOTHA,BOTHA,BOTHA,FREDERIK JACOBUS,Frederik Jacobus,a1b2c4d5e2,a1b2c4d5e2,BOTHAa1b2c4d5e2,,,,,10/07/1774,,1774,,1774,,,CAPE TOWN,16/02/1810,1810,JOHANNA CORNELIA,VAN DER MERWE,TARKA,SOMERSET,,,A.H. POTGIETER,POTCHEFSTROOM,,,
135,BOTHA,BOTHA,BOTHA,JOHANNES CHRISTOFFEL,Johannes Christoffel,a1b2c4d5e2f3,a1b2c4d5e2f3,BOTHAa1b2c4d5e2f3,,12/02/1818,1818,UITENHAGE,11/04/1818,1818,1818,,1818,,,,20/05/1837,1837,MARIA CATHARINA CAROLINA MAGDALENA,NEL,,,1836,1836,A.H. POTGIETER,,,,
136,BOTHA,BOTHA,BOTHA,CHRISTIAAN,Christiaan,a1b2c4d5e4,a1b2c4d5e4,BOTHAa1b2c4d5e4,,,,,07/02/1779,,1779,,1779,,,,18/08/1799,1799,CHRISTINA ELISABETH,VAN AARDE,TARKA,SOMERSET,1837,1837,JAN DU PLESSIS,NATAL,UITENHAGE,,
137,BOTHA,BOTHA,BOTHA,REYNIER,Reynier,a1b2c9d3e4,a1b2c9d3e4,BOTHAa1b2c9d3e4,,,,,06/09/1787,,1787,,1787,,,,27/07/1817,1817,ISABELLA ELISABETH,VAN STADEN,,UITENHAGE,1839,1839,,,,,
138,BOTHA,BOTHA,BOTHA,GERHARDUS STEPHANUS,Gerhardus Stephanus,a1b2c9d3e4f1,a1b2c9d3e4f1,BOTHAa1b2c9d3e4f1,,05/07/1818,1818,UITENHAGE,09/08/1818,1818,1818,,1818,2/1/1902,1902,,,,ALETTA JOHANNA LAURENTIA ABRAMA,VAN ASWEGEN,,UITENHAGE,1839,1839,,RUSTENBURG,,,
139,BOTHA,BOTHA,BOTHA,THEUNIS JOHANNES,Theunis Johannes,a1b2c9d7e6,a1b2c9d7e6,BOTHAa1b2c9d7e6,,,,,26/10/1800,,1800,SOUTPANSBERGE,1800,07/01/1885,1885,BEAUFORT,06/10/1822,1822,GEERTRUY MARIA,BRONKHORST,BRAKRIVIER,SOMERSET,1838,1838,,POTCHEFSTROOM,,,
140,BOTHA,BOTHA,BOTHA,WILLEM,Willem,a1b2c9d8e1,a1b2c9d8e1,BOTHAa1b2c9d8e1,,01/12/1790,1790,PAARL,28/10/1792,1790,1792,,1790,,,GRAAFF-REINET,26/05/1817,1817,ANNA CHRISTINA MAGDALENA,PIETERSE,TARKA,SOMERSET,1836,1836,,WINBURG,,,
141,BOTHA,BOTHA,BOTHA,PETRUS JOHANNES,Petrus Johannes,a1b4c10d10e1,a1b4c10d10e1,BOTHAa1b4c10d10e1,,,,,02/04/1799,,1799,,1799,,,GEORGE,07/01/1821,1821,HELENA DOROTHEA,CARELSE,,GEORGE,1840,1840,ALONE,NATAL,,,
142,BOTHA,BOTHA,BOTHA,WILLEM ADRIAAN,Willem Adriaan,a1b4c10d10e2,a1b4c10d10e2,BOTHAa1b4c10d10e2,,,,,16/02/1800,,1800,,1800,,,,,,MARIA,SCHOEMAN,,GEORGE,1838,1838,,,,,
143,BOTHA,BOTHA,BOTHA,JACOBUS MATHINUS,Jacobus Mathinus,a1b4c10d10e3,a1b4c10d10e3,BOTHAa1b4c10d10e3,,,,,04/04/1802,,1802,,1802,,,GRAAFF-REINET,08/08/1824,1824,MARGARETHA DOROTHEA,CARELSE,,UITENHAGE,1840,1840,WINBURG,,GEORGE,,
144,BOTHA,BOTHA,BOTHA,JOHANNES LODEWICUS PETRUS,Johannes Lodewicus Petrus,a1b5c9d1e2,a1b5c9d1e2,BOTHAa1b5c9d1e2,,,,,28/06/1789,,1789,,1789,,,GRAAFF-REINET,26/12/1809,1809,JOHANNA CHRISTINA,VAN DEN BERG,,GRAAFF-REINET,1836,1836,A.H. POTGIETER,NATAL,GRAAFF-REINET,VEGKOP,
145,BOTHA,BOTHA,BOTHA,WILLEM JACOBUS,Willem Jacobus,a1b5c9d1e6,a1b5c9d1e6,BOTHAa1b5c9d1e6,,,,,18/11/1798,,1798,,1798,,,GRAAFF-REINET,05/01/1823,1823,ESTER FRANCINA JACOBA,HENNOP,,COLESBERG,1836,1836,A.H. POTGIETER,,,,
146,BOTHA,BOTHA,BOTHA,ALWYN PETRUS,Alwyn Petrus,a1b5c9d1e7,a1b5c9d1e7,BOTHAa1b5c9d1e7,,,,,02/08/1801,,1801,,1801,,,GRAAFF-REINET,30/11/1823,1823,ANNA MARGARETHA CATHARINA,SMIT,WINTERVELD,GRAAFF-REINET,,,,POTCHEFSTROOM (1840),,,
147,BOTHA,BOTHA,BOTHA,CORNELIS,Cornelis,a3b2c7,a3b2c7,BOTHAa3b2c7,,09/12/1816,1816,,,1816,,,1816,,,,23/09/1839,1839,DEBORA SUSANNA SOPHIA,MARITZ,,GRAAFF-REINET,SEPTEMBER 1836,1836,,POTCHEFSTROOM,,DOGTER GERT MARITZ (INLIGTING OP VROU),
148,BOTHA,BOTHA,BOTHA,JOHAN HENDRIK,Johan Hendrik,a3b2c8,a3b2c8,BOTHAa3b2c8,,25/09/1818,1818,,,1818,,,1818,,,,27/04/1840,1840,CATHARINA ELISABETH,ERASMUS,BRAKRIVIER,SOMERSET,1837,1837,S.P. ERASMUS,,,DOGTER STEPHANUS PETRUS ERASMUS,
149,BOTHA,BOTHA,BOTHA,JOHANNES CHRISTIAAN,Johannes Christiaan,b1c7d1e10,a1b1c7d1e10,BOTHAa1b1c7d1e10,,,,,15/10/1794,,1794,,1794,,,UITENHAGE,05/10/1819,1819,CATHARINA MARIA,JANSE VAN VUUREN,TARKA,SOMERSET,1836,1836,A.H. POTGIETER,,,BEREDDER EERSTE,
150,BOTHA,BOTHA,BOTHA,RUDOLPH PHILIP,Rudolph Philip,b1c7d1e12,a1b1c7d1e12,BOTHAa1b1c7d1e12,,,,,21/07/1801,,1801,NATAL,1801,07/04/1869,1869,,08/07/1827,1827,ANNA JACOBA,SWART,BO-BOESMANSRIVIER,SOMERSET,,,,TRANSORANJE (1845),,,
151,BOTHA,BOTHA,BOTHA,ERNST ADRIAAN LODEWYK,Ernst Adriaan Lodewyk,b1c7d1e15,a1b1c7d1e15,BOTHAa1b1c7d1e15,,12/12/1809,1809,,18/08/1811,1809,1811,,1809,,,,20/03/1831,1831,HELENA JOHANNA FRANCINA,VAN DYK,BO-BOESMANSRIVIER,SOMERSET,,,,NATAL (1842),,BLOEDRIVIER,
152,BOTHA,BOTHA,BOTHA,THEUNIS LOUIS,Theunis Louis,b1c7d1e4,a1b1c7d1e4,BOTHAa1b1c7d1e4,,20/03/1775,1775,,27/08/1775,1775,1775,,1775,24/01/1865,1865,,,,ELISABETH JOHANNA,ERASMUS,OOS-RIETRIVIER,SOMERSET,03/05/1838,1838,,KROONSTAD (TRANSORANJE),,,
153,BOTHA,BOTHA,BOTHA,THEUNIS JACOBUS,Theunis Jacobus,b1c7d2e3f1g1,a1b1c7d2e3f1g1,BOTHAa1b1c7d2e3f1g1,,09/07/1822,1822,UITENHAGE,05/10/1822,1822,1822,,1822,,,PIETERMARITZBURG,05/02/1842,1842,MARIA SUSANNA WILHELMINA,LOMBARD,OOS-RIETRIVIER,SOMERSET,1837,1837,,,,,
154,BOTHA,BOTHA,BOTHA,CHRISTOFFEL JACOBUS THEUNIS,Christoffel Jacobus Theunis,b1c7d2e9,a1b1c7d2e9,BOTHAa1b1c7d2e9,,,,,18/02/1790,,1790,,1790,06/06/1871,1871,GEORGE,05/01/1817,1817,MARIA DOROTHEA,TERBLANCHE,BO-BOESMANSRIVIER,SOMERSET,,,,NATAL (1841),,,
155,BOTHA,BOTHA,BOTHA,PHILIP RUDOLPH,Philip Rudolph,b1c7d2e9f3,a1b1c7d2e9f3,BOTHAa1b1c7d2e9f3,,28/08/1821,1821,UITENHAGE,17/10/1821,1821,1821,,1821,,,,,,,,BO-BOESMANSRIVIER,SOMERSET,BEFORE 1840,,,NATAL,,,
156,BOTHA,BOTHA,BOTHA,THEUNIS GERHARDUS,Theunis Gerhardus,b1c7d8e6,a1b1c7d8e6,BOTHAa1b1c7d8e6,,,,,04/11/1804,,1804,CALEDON RIVER,1804,11/06/1867,1867,CRADOCK,05/08/1821,1821,ANNA CORNELIA MARIA,ELS,TARKA,SOMERSET,02/11/1837,1837,FREDERIK ELS,,,,
157,BOTHA,BOTHA,BOTHA,FREDERIK WILLEM JACOBUS,Frederik Willem Jacobus,b2c4d1e1f2g2,a1b2c4d1e1f2g2,BOTHAa1b2c4d1e1f2g2,,27/10/1824,1824,UITENHAGE,21/07/1825,1824,1825,,1824,,,,,,,,BRAKRIVIER,SOMERSET,1836,1836,A.H. POTGIETER,OHRIGSTAD,,,
158,BOTHA,BOTHA,BOTHA,PIETER JOHANNES,Pieter Johannes,b2c4d1e2f9,a1b2c4d1e2f9,BOTHAa1b2c4d1e2f9,,,,,26/12/1806,,1806,,1806,,,CRADOCK,02/12/1827,1827,ANNA CHRISTINA,PUTTER,TARKA,SOMERSET,1840,1840,,POTCHEFSTROOM,,,
159,BOTHA,BOTHA,BOTHA,PAUL STEPHANUS,Paul Stephanus,b2c4d3e6f3,a1b2c4d3e6f3,BOTHAa1b2c4d3e6f3,,,,,27/11/1811,,1811,SOUTPANSBERGE,1811,01/07/1888,1888,,,,JOHANNA MARIA CATHARINA,POTGIETER,,SOMERSET,,,,SOUTPANSBERGE,,,
160,BOTHA,BOTHA,BOTHA,JACOBUS,Jacobus,b2c9d3e10,a1b2c9d3e10,BOTHAa1b2c9d3e10,,,,PAARL,10/11/1805,,1805,HARRISMITH,1805,07/02/1880,1880,UITENHAGE,26/12/1829,1829,SUSARA JACOBA MARGARETHA,WILLEMSE,,UITENHAGE,1840,1840,,WINBURG,,,
161,BOTHA,BOTHA,BOTHA,JOHANNES,Johannes,b2c9d3e13,a1b2c9d3e13,BOTHAa1b2c9d3e13,,25/10/1812,1812,PAARL,08/09/1814,1812,1814,"BLOUKRANS RIVER, NATAL",1812,17/02/1838,1838,SOMERSET,02/12/1832,1832,GEERTRUIDA MARIA,BOTMA,,SOMERSET,1837,1837,JAN DU PLESSIS,,,,
162,BOTHA,BOTHA,BOTHA,FREDERIK JACOBUS,Frederik Jacobus,b2c9d8,a1b2c9d8,BOTHAa1b2c9d8,,,,,26/04/1772,,1772,,1772,,,,14/08/1791,1791,ANNA MARIA ELISABETH,DEYSEL,TARKA,SOMERSET,02/11/1837,1837,A.H. POTGIETER,POTCHEFSTROOM,,,
163,BOTHA,BOTHA,BOTHA,FREDERIK CHRISTOFFEL,Frederik Christoffel,b2c9d8e4,a1b2c9d8e4,BOTHAa1b2c9d8e4,,,,,25/12/1795,,1795,,1795,,,UITENHAGE,05/07/1818,1818,PETRONELLA CATHARINA,NEL,TARKA,SOMERSET,02/11/1837,1837,A.H. POTGIETER,POTCHEFSTROOM,,,
164,BOTHA,BOTHA,BOTHA,PIETER HENDRIK,Pieter Hendrik,b2c9d8e6,a1b2c9d8e6,BOTHAa1b2c9d8e6,,15/03/1799,1799,,03/08/1800,1799,1800,,1799,29/04/1838,1838,UITENHAGE,02/09/1821,1821,ANNA CATHARINA SUSANNA,GOOSEN,BO-BOESMANSRIVIER,SOMERSET,,,,,,,
165,BOTHA,BOTHA,BOTHA,DAVID ADOLPH MICHIEL,David Adolph Michiel,b410d10e5,a1b410d10e5,BOTHAa1b410d10e5,,,,,01/06/1806,,1806,PRETORIA,1806,26/03/1879,1879,BEAUFORT,09/10/1825,1825,MARIA ELISABETH,CARELSE,,GEORGE,1839,1839,,PRETORIA,,,
166,BOTHA,BOTHA,BOTHA,PETRUS JOHANNES,Petrus Johannes,b4c10d11e1,a1b4c10d11e1,BOTHAa1b4c10d11e1,,,,,02/04/1797,,1797,,1797,30/11/1852,1852,GRAAFF-REINET,08/06/1816,1816,GEERTRUY MARGARETHA ELISABETH,VAN SCHALKWYK,,COLESBERG,,,,BOSHOFF,GRAAFF-REINET,,
167,BOTHA,BOTHA,BOTHA,JACOBUS CASPARUS,Jacobus Casparus,b4c9d1f3,a1b4c9d1f3,BOTHAa1b4c9d1f3,,12/07/1812,1812,GEORGE,07/04/1813,1812,1813,,1812,,,GEORGE,26/12/1834,1834,RACHEL SOPHIA ELISABETH,BOTHA,,GEORGE,19/05/1844,1844,,OVER ORANGE,,,
168,BOTHA,BOTHA,BOTHA,PIETER JOHANNES,Pieter Johannes,b5c6d6e4,a1b5c6d6e4,BOTHAa1b5c6d6e4,,05/05/1812,1812,GRAAFF-REINET,05/10/1812,1812,1812,VEGKOP,1812,20/10/1836,1836,CRADOCK,02/03/1832,1832,PETRONELLA MARGARETHA,POTGIETER,TARKA,SOMERSET,1835,1835,A.H. POTGIETER,,,"VEGKOP, DOGTER A.H. POTGIETER",
169,BOTHA,BOTHA,BOTHA,SCHALK JACOBUS,Schalk Jacobus,b5c9d1e11,a1b5c9d1e11,BOTHAa1b5c9d1e11,,03/05/1811,1811,GRAAFF-REINET,25/05/1811,1811,1811,,1811,1833,1833,GRAAFF-REINET,31/03/1834,1834,ANNA ELISABETH,PIENAAR,,GRAAFF-REINET,1841,1841,,,,,
170,BOTHA,BOTHA,BOTHA,ROELOF SCHALK,Roelof Schalk,b5c9d1e1f4,a1b5c9d1e1f4,BOTHAa1b5c9d1e1f4,,14/03/1816,1816,GRAAFF-REINET,25/08/1816,1816,1816,"BLOUKRANS RIVER, NATAL",1816,17/02/1838,1838,GRAAFF-REINET,27/03/1836,1836,SUSANNA MARGARETHA,BEZUIDENHOUT,,GRAAFF-REINET,SEPTEMBER 1836,1836,GERT MARITZ,,,,
171,BOTHA,BOTHA,BOTHA,PETRUS JOHANNES,Petrus Johannes,a1b1c4d9e3,a1b1c4d9e3,BOTHAa1b1c4d9e3,,,,,14/07/1782,,1782,CALEDON RIVER,1782,03/12/1855,1855,,28/12/1801,1801,RACHEL SOPHIA ELISABETH,CAMPHER,,GEORGE,1837,1837,ALONE,,,,
172,BOTHA,BOTHA,BOTHA,PHILIP RUDOLPH,Philip Rudolph,a1b1c7d2e3f1,a1b1c7d2e3f1,BOTHAa1b1c7d2e3f1,,,,,21/09/1800,,1800,NATAL,1800,18/12/1875,1875,UITENHAGE,06/01/1822,1822,ANNA JOHANNA,NEL,OOS-RIETRIVIER,SOMERSET,20/06/1837,1837,J.H. DE LANGE,,,MZILIKAZI,?
173,BOTHA,BOTHA,BOTHA,WILLEM FREDERIK,Willem Frederik,a1b2c4d1e1f2,a1b2c4d1e1f2,BOTHAa1b2c4d1e1f2,,,,,16/06/1791,,1791,,1791,,,UITENHAGE,01/09/1822,1822,HELENA CATHARINA,BOTHA,BRAKRIVIER,SOMERSET,1836,1836,,POTCHEFSTROOM,,,
174,BOTHA,BOTHA,BOTHA,JACOBUS FREDERIK,Jacobus Frederik,a1b2c4d1e2f10,a1b2c4d1e2f10,BOTHAa1b2c4d1e2f10,,,,,02/10/1809,,1809,,1809,,,CRADOCK,08/08/1830,1830,HESTER JOHANNA CORNELIA,POTGIETER,TARKA,SOMERSET,1835,1835,A.H. POTGIETER,POTCHEFSTROOM,,SUSTER A.H. POTGIETER,
175,BOTHA,BOTHA,BOTHA,JAN VALENTYN,Jan Valentyn,a1b2c4d5e2f2,a1b2c4d5e2f2,BOTHAa1b2c4d5e2f2,,18/11/1815,1815,,GRAAFF-REINET,1815,INET,,1815,,,CRADOCK,03/02/1833,1833,PETRONELLA MAGDALENA,BOTHA,TARKA,SOMERSET,1835,1835,A.H. POTGIETER,OHRIGSTAD,,,
176,BOTHA,BOTHA,BOTHA,SALOMON PETRUS,Salomon Petrus,b1c7d2e9f4,a1b1c7d2e9f4,BOTHAa1b1c7d2e9f4,,12/07/1823,1823,,01/02/1824,1823,1824,,1823,,,PIETERMARITZBURG,14/10/1843,1843,MAGDALENA ELIZABETH,PRETORIUS,BO-BOESMANSRIVIER,SOMERSET,,,,OHRIGSTAD,,,
177,BOTHA,BOTHA,BOTHA,JOHAN HENDRIK,Johan Hendrik,b1c7d9e9f2,a1b1c7d9e9f2,BOTHAa1b1c7d9e9f2,,19/09/1823,1823,CRADOCK,20/10/1823,1823,1823,,1823,,,A.H. POTGIETER POTCHEFSTROOM,05/12/1840,1840,MAGDALENA ELISABETH,ROOS,TARKA,SOMERSET,1835,1835,A.H. POTGIETER,POTCHEFSTROOM,,,
178,BOTHA,BOTHA,BOTHA,HENDRIK PETRUS,Hendrik Petrus,b2c4d5e2f1,a1b2c4d5e2f1,BOTHAa1b2c4d5e2f1,,28/12/1813,1813,GRAAFF-REINET,06/03/1814,1813,1814,,1813,,,CRADOCK,06/10/1834,1834,JACOBA ALETTA CATHARINA,DE BEER,,CRADOCK,,,,NATAL (1840),,,
179,BOTHAM,BOTHAM,BOTHAM,ABRAHAM CAREL,Abraham Carel,b5c3d10e8f5,a1b5c3d10e8f5,BOTHAMa1b5c3d10e8f5,,14/06/1813,1813,GRAAFF-REINET,03/04/1814,1813,1814,BLOEMFONTEIN,1813,15/06/1853,1853,SOMERSET,16/10/1831,1831,FRANCINA BARENDINA,BOTHA,TARKA,SOMERSET,APRIL 1840,1840,,BLOEMFONTEIN,,,
180,BOTHMA,BOTHMA,BOTHMA,CORNELIS STEPHANUS,Cornelis Stephanus,b5c3d10e1f1,a1b5c3d10e1f1,BOTHMAa1b5c3d10e1f1,,,,,06/05/1792,,1792,,1792,,,GRAAFF-REINET,08/02/1818,1818,GEERTRUIDA CATHARINA ERASMUS,,BRUINTJIESHOOGTE,SOMERSET,12/06/1837,1837,,,,,
181,BOTHMA,BOTHMA,BOTHMA,CORNELIS CHRISTOFFEL,Cornelis Christoffel,b5c3d10e2f4,a1b5c3d10e2f4,BOTHMAa1b5c3d10e2f4,,,,,19/11/1797,,1797,KROONSTAD,1797,23/06/1868,1868,GRAAFF-REINET,05/06/1816,1816,HELENA LOUISA LOUW,,SWAGERSHOEK,SOMERSET,,,,,,,
182,BOTHMA,BOTHMA,BOTHMA,ABRAHAM CAREL,Abraham Carel,b5c3d10e2f5,a1b5c3d10e2f5,BOTHMAa1b5c3d10e2f5,,,,,25/11/1801,,1801,"BLOUKRANS RIVER, NATAL",1801,17/02/1838,1838,CRADOCK,07/10/1822,1822,GEERTRUIDA MARIA BARBARA,BOTMA,OOS-RIETRIVIER,SOMERSET,1837,1837,P. RETIEF,,,,
183,BOTHMA,BOTHMA,BOTHMA,JAN DANIEL,Jan Daniel,b5c3d10e2f8,a1b5c3d10e2f8,BOTHMAa1b5c3d10e2f8,BEDFORD,09/01/1807,1807,,15/03/1807,1807,1807,LADYBRAND,1807,18/02/1871,1871,,,,MAGDADLENA ELISABETH ANNA MARIA,BOTES,OOS-RIETRIVIER,SOMERSET,1840,1840,,,,,
184,BOTHMA,BOTHMA,BOTHMA,GERHARDUS CORNELIS,Gerhardus Cornelis,b5c3d10e4f2,a1b5c3d10e4f2,BOTHMAa1b5c3d10e4f2,,,,,25/11/1801,,1801,KWAMATHIWANE,1801,06/02/1838,1838,,,,,,OOS-RIETRIVIER,SOMERSET,FEBRUARY 1837,1837,P. RETIEF,,,,
185,BOTHMA,BOTHMA,BOTHMA,PETRUS GERHARDUS,Petrus Gerhardus,b5c3d10e7,a1b5c3d10e7,BOTHMAa1b5c3d10e7,,10/10/1781,1781,,08/12/1782,1781,1782,CALEDON RIVER,1781,24/07/1864,1864,CAPE TOWN,18/01/1801,1801,ANNA PETRONELLA,DE WET,SWAGERSHOEK,SOMERSET,1840,1840,,,,VELDKORNET,
186,BOTHMA,BOTHMA,BOTHMA,CORNELIS ARNOLDUS,Cornelis Arnoldus,b5c3d10e7f1,a1b5c3d10e7f1,BOTHMAa1b5c3d10e7f1,,15/02/1802,1802,TULBAGH,01/04/1804,1802,1804,,1802,,,GRAHAMS TOWN,08/08/1823,1823,CATHARINA WILHELMINA LEVINA,BESTER,SWAGERSHOEK,SOMERSET,MAY 1841,1841,,NATAL,,,
187,BOTHMA,BOTHMA,BOTHMA,PIETER GERHARDUS,Pieter Gerhardus,b5c3d10e7f3,a1b5c3d10e7f3,BOTHMAa1b5c3d10e7f3,,,,,04/07/1808,,1808,,1808,,,,,,ELISABETH MARGARETHA,KRUGEL,SWAGERSHOEK,SOMERSET,1840,1840,,,,,
188,BOTHMA,BOTHMA,BOTHMA,LODEWYK,Lodewyk,b5c3d11,a1b5c3d11,BOTHMAa1b5c3d11,,,,,24/12/1746,,1746,"BLOUKRANS RIVER, NATAL",1746,17/02/1838,1838,,07/01/1786,1786,JOHANNA,KOCK,,,,,,,,AGE 91?,
189,BOTHMA,BOTHMA,BOTHMA,LODEWYK NICOLAAS,Lodewyk Nicolaas,b5c3d11e3,a1b5c3d11e3,BOTHMAa1b5c3d11e3,,,,,16/01/1791,,1791,"BLOUKRANS RIVER, NATAL",1791,,,,,,,,,,,,,,,,
190,BOTHMA,BOTHMA,BOTHMA,LODEWYK,Lodewyk,b5c3d4e4f11,a1b5c3d4e4f11,BOTHMAa1b5c3d4e4f11,,24/05/1802,1802,TULBAGH,03/12/1802,1802,1802,,1802,,,WORCESTER,03/04/1821,1821,CORNELIA JOSINA,STEENBERG,,WORCESTER,,,,OHRIGSTAD,WORCESTER,,
191,BOTHMA,BOTHMA,BOTHMA,CHRISTIAAN PETRUS,Christiaan Petrus,b5c3d4e7f1,a1b5c3d4e7f1,BOTHMAa1b5c3d4e7f1,,18/04/1812,1812,TULBAGH,21/08/1812,1812,1812,PIETERMARITZBURG,1812,13/09/1844,1844,WORCESTER,21/11/1833,1833,MARIA MARGARETHA,NAUDE,SWARTBERG,BEAUFORT,14/02/1841,1841,,PIETERMARITZBURG,,,
192,BOTHMA,BOTHMA,BOTHMA,STEPHANUS ARNOLDUS JOHANNES,Stephanus Arnoldus Johannes,b5c3d4e7f3,a1b5c3d4e7f3,BOTHMAa1b5c3d4e7f3,,10/02/1821,1821,BEAUFORT-WEST,01/04/1821,1821,1821,,1821,,,PIETERMARITZBURG,08/03/1844,1844,ELISABETH AGATHA,VERMAAK,SWARTBERG,BEAUFORT,EARLY 1840'S,,,,,,
193,BOUWER,BOUWER,BOUWER,WILLEM CHRISTIAAN,Willem Christiaan,a1b11c3d1,a1b11c3d1,BOUWERa1b11c3d1,,,,,02/07/1810,,1810,,1810,,,GRAHAMS TOWN,16/09/1830,1830,SUSANNA SOPHIA,VAN ROOYEN,,ALBANY,,,,BLOEMFONTEIN,,,
194,BOUWER,BOUWER,BOUWER,PIETER CORNELIS,Pieter Cornelis,b12c1,a1b12c1,BOUWERa1b12c1,,,,,18/05/1783,,1783,,1783,,,,,,ANNA CATHARINA,NEL,VISRIVIER,ALBANY,1842,1842,J.C. ESPAG,,,"SKOONFAMILIE, TREGARDT",
195,BOUWER,BOUWER,BOUWER,PETRUS FREDERIK BARENDSE,Petrus Frederik Barendse,b12c1d6,a1b12c1d6,BOUWERa1b12c1d6,,30/10/1815,1815,GRAAFF-REINET,25/08/1816,1815,1816,,1815,,,,,,,,VISRIVIER,ALBANY,1842,1842,J.C. ESPAG,OVS,,,
196,BOUWER,BOUWER,BOUWER,JEREMIAS JESAIAS,Jeremias Jesaias,b12c6,a1b12c6,BOUWERa1b12c6,,,,,12/02/1792,,1792,,1792,,,GRAAFF-REINET,14/10/1810,1810,JOHANNA ELISABETH BUYS,,VISRIVIER,ALBANY,1842,1842,J.C. ESPAG,OVS,,,
197,BOUWER,BOUWER,BOUWER,DIRK,Dirk,b1c2c5,a1b1c2c5,BOUWERa1b1c2c5,,,,,24/10/1709,,1709,,1709,,,GRAAFF-REINET,19/07/1812,1812,SUSANNA CORNELIA HELENA,NEL,VISRIVIER,ALBANY,1842,1842,J.C. ESPAG,OVS,,,
198,BREED,BREED,BREED,JOHANNES AUGUSTINUS,Johannes Augustinus,b2,a1b2,BREEDa1b2,,,,,01/03/1767,,1767,,1767,,,,19/04/1789,1789,JOHANNA,VENTER,TARKA,SOMERSET,1835,1835,A.H. POTGIETER,MAGALIESBERG,,,
199,BREED,BREED,BREED,JACOB,Jacob,b2c1,a1b2c1,BREEDa1b2c1,,,,,27/02/1791,,1791,,1791,,,GRAAFF-REINET,03/11/1816,1816,MARIA JOHANNA,DE BEER,BRAKRIVIER,SOMERSET,AUGUST 1836,1836,H.P. MALAN,OHRIGSTAD,,,
200,BREED,BREED,BREED,PETRUS,Petrus,b2c4,a1b2c4,BREEDa1b2c4,,06/06/1795,1795,GRAAFF-REINET,26/11/1797,1795,1797,KWAMATHIWANE,1795,06/02/1838,1838,GRAAFF-REINET,30/10/1815,1815,SUSANNA MARIA,FOURIE,,COLESBERG,1838,1838,,NATAL,,,
201,BREED,BREED,BREED,PIETER GERT,Pieter Gert,b2c4d1,a1b2c4d1,BREEDa1b2c4d1,,12/01/1822,1822,GRAAFF-REINET,17/03/1822,1822,1822,,1822,,,NATAL,21/01/1843,1843,MAGDALENA MARIA ADRIANA,LABUSCHAGNE,,COLESBERG,1837,1837,,NATAL,,,
202,BREED,BREED,BREED,GERHARDUS CHRISTIAAN,Gerhardus Christiaan,b2c5,a1b2c5,BREEDa1b2c5,,10/07/1797,1797,GRAAFF-REINET,26/11/1797,1797,1797,,1797,,,CRADOCK,07/03/1824,1824,GESINA WILHELMINA,VENTER,TARKA,SOMERSET,MARCH 1838,1838,,WINBURG,,,
203,BREED,BREED,BREED,WILLEM STERRENBERG,Willem Sterrenberg,b2c6,a1b2c6,BREEDa1b2c6,,,,GRAAFF-REINET,27/12/1799,,1799,,1799,,,CRADOCK,08/04/1822,1822,MARIA MAGDALENA,VISAGIE,,COLESBERG,SEPTEMBER 1836,1836,H.P. MALAN,MAGLIESBERG,,,
204,BREED,BREED,BREED,JOHANNES JACOBUS ARNOLDUS,Johannes Jacobus Arnoldus,b2c6d1,a1b2c6d1,BREEDa1b2c6d1,,24/03/1823,1823,GRAAFF-REINET,11/09/1823,1823,1823,,1823,,,,,,HENDRINA CECILIA MAGDALENA,VENTER,,COLESBERG,SEPTEMBER 1836,1836,H.P. MALAN,TRANSORANJE,,,
205,BREED,BREED,BREED,DAVID,David,b2c7,a1b2c7,BREEDa1b2c7,,16/01/1801,1801,GRAAFF-REINET,01/11/1801,1801,1801,,1801,,,CRADOCK,02/09/1821,1821,ANNA JOHANNA HELENA,VOSLOO,,COLESBERG,EARLY 1840'S,,,RUSTENBURUG,,,
206,BREED,BREED,BREED,JACOBUS VAN DEN BERG,Jacobus Van Den Berg,b2c9,a1b2c9,BREEDa1b2c9,,,,,30/09/1804,,1804,,1804,1851,1851,SOMERSET,04/03/1832,1832,ANNA SOPHIA MARGARETHA,ROBBERTZE,TARKA,SOMERSET,1835,1835,A.H. POTGIETER,POTCHEFSTROOM,A.H. POTGIETER POTCHEFSTROOM,DOGTER A.H. POTGIETER,
207,BREED,BREED,BREED,JOHANNES,Johannes,b2c2,a1b2c2,BREEDa1b2c2,,,,,14/05/1793,,1793,KWAMATHIWANE,1793,06/02/1838,1838,GRAAFF-REINET,08/12/1816,1816,HELENA MARIA,VAN DER MERWE,TARKA,SOMERSET,1836,1836,H.P. MALAN,RUSTENBURG,,,
208,BREITENBACH,BREITENBACH,BREITENBACH,CHRISTIAAN JOSEPH,Christiaan Joseph,b2c2,a1b2c2,BREITENBACHa1b2c2,,,,,16/10/1796,,1796,,1796,,,SWELLENDAM,05/05/1816,1816,ANNA CATHARINA,BLIGNAUT,BRAKRIVIER,SOMERSET,1839,1839,,WINBURG,,,
209,BREYTENBACH,BREYTENBACH,BREYTENBACH,JAN ANDRIES NICOLAAS,Jan Andries Nicolaas,b2c2d4,a1b2c2d4,BREYTENBACHa1b2c2d4,,30/08/1823,1823,SWELLENDAM,10/08/1824,1823,1824,,1823,,,,,,ANNA SUSANNA,BEUKES,BRAKRIVIER,SOMERSET,JUNE 1839,1839,,MOOI RIVER,POTCHEFSTROOM,,
210,BREYTENBACH,BREYTENBACH,BREYTENBACH,WYNAND,Wynand,b2c5,a1b2c5,BREYTENBACHa1b2c5,,,,,24/04/1803,,1803,,1803,,,,,,,,LANGEBERG,SWELLENDAM,08/10/1838,1838,,MOOI RIVER,,,
211,BREYTENBACH,BREYTENBACH,BREYTENBACH,JOHAN HENDRIK,Johan Hendrik,b4c1,a1b4c1,BREYTENBACHa1b4c1,,,,,09/08/1789,,1789,,1789,,,GRAAFF-REINET,28/05/1812,1812,HESTER MARIA,MEYER,ONDER-BOESMANSRIVIER,UITENHAGE,END 1836,1836,J.S. MARITZ,,UITENHAGE,,
212,BREYTENBACH,BREYTENBACH,BREYTENBACH,JOHAN HENDRIK,Johan Hendrik,b4c1d1,a1b4c1d1,BREYTENBACHa1b4c1d1,,24/03/1813,1813,GEORGE,24/07/1814,1813,1814,,1813,,,CRADOCK,05/06/1836,1836,ANNA CATHARINA,VILJOEN,ONDER-BOESMANSRIVIER,UITENHAGE,END 1836,1836,J.S. MARITZ,,,,
213,BREYTENBACH,BREYTENBACH,BREYTENBACH,IZAK JOHANNES,Izak Johannes,b4c1d4,a1b4c1d4,BREYTENBACHa1b4c1d4,,12/03/1819,1819,UITENHAGE,16/05/1819,1819,1819,WONDERFONTEIN,1819,15/05/1897,1897,PIETERMARITZBURG,29/05/1841,1841,MARIE ELISABETH,VILJOEN,ONDER-BOESMANSRIVIER,UITENHAGE,1836,1836,J.S. MARITZ,NATAL,,,
214,BREYTENBACH,BREYTENBACH,BREYTENBACH,JACOB COENRAAD,Jacob Coenraad,b4c1d5,a1b4c1d5,BREYTENBACHa1b4c1d5,,08/02/1822,1822,UITENHAGE,25/12/1882,1822,1882,,1822,,,PIETERMARTIZBURG,18/03/1843,1843,MARIA JACOMINA FRANCINA,VERMAAK,ONDER-BOESMANSRIVIER,UITENHAGE,END 1836,1836,J.S. MARITZ,,,,
215,BREYTENBACH,BREYTENBACH,BREYTENBACH,JOHANNES JACOB,Johannes Jacob,b4c3,a1b4c3,BREYTENBACHa1b4c3,,,,,04/11/1792,,1792,,1792,,,UITENHAGE,02/03/1823,1823,HESTER SUSANNA,OOSTHUIZEN,ONDER-BOESMANSRIVIER,UITENHAGE,END 1837,1837,,,,,
216,BREYTENBACH,BREYTENBACH,BREYTENBACH,JOHANNES VELTER COENRAAD CORNELIS,Johannes Velter Coenraad Cornelis,b4c4,a1b4c4,BREYTENBACHa1b4c4,,,,,01/01/1795,,1795,,1795,,,,01/01/1826,1826,ELSIE CORNELIA PETRONELLA,VERMAAK,ONDER-BOESMANSRIVIER,UITENHAGE,17/04/1838,1838,G.R. VAN ROOYEN,NATAL,,,
217,BREYTENBACH,BREYTENBACH,BREYTENBACH,LOUIS LOURENS,Louis Lourens,b6c11,a1b6c11,BREYTENBACHa1b6c11,,,,,22/11/1804,,1804,,1804,,,SWELLENDAM,05/01/1817,1817,DIRKJE CECILIA,FOURIE,,BEAUFORT,BEFORE 19/06/1838,1838,P.D. JACOBS,ELANDS RIVER,GRAAFF-REINET,,
218,BREYTENBACH,BREYTENBACH,BREYTENBACH,WYNAND JACOBUS,Wynand Jacobus,b6c7d2,a1b6c7d2,BREYTENBACHa1b6c7d2,,22/05/1820,1820,BEAUFORT,19/06/1820,1820,1820,,1820,,,,,,,,,,,,,ORIGHSTAD (SEPT 1845),,,
219,BRITS,BRITS,BRITS,MARTHINUS WESSEL,Marthinus Wessel,b6c10d1E3,a1b6c10d1E3,BRITSa1b6c10d1E3,,11/12/1815,1815,GRAAFF-REINET,16/06/1816,1815,1816,,1815,,,GRAAFF-REINET,01/03/1835,1835,ANNA DOROTHEA MARIA,BRITS,,GRAAFF-REINET,1840,1840,,,,,
220,BRITS,BRITS,BRITS,JAN,Jan,b6c3d2e3f2,a1b6c3d2e3f2,BRITSa1b6c3d2e3f2,,21/10/1803,1803,TULBAGH,05/02/1804,1803,1804,,1803,03/08/1869,1869,CRADOCK,21/01/1825,1825,ANNA CECILIA,MYBURGH,,COLESBERG,,,,,,TREKBOERE,
221,BRITS,BRITS,BRITS,CHRISTIAAN PIETER,Christiaan Pieter,b6c7d10,a1b6c7d10,BRITSa1b6c7d10,,,,,17/05/1792,,1792,,1792,,,GRAAFF-REINET,08/04/1821,1821,SUSANNA PETRONELLA,DE BEER,,GRAAFF-REINET,1838,1838,,TRANSORANJE,,,
222,BRITS,BRITS,BRITS,WILLEM,Willem,b6c7d13,a1b6c7d13,BRITSa1b6c7d13,,,,,,,,WINBURG,,08/04/1877,1877,GRAAFF-REINET,17/04/1820,1820,JOHANNA CHRISTINA,BRITS,,GRAAFF-REINET,1834,1834,,,,TREKBOER,
223,BRONKHORST,BRONKHORST,BRONKHORST,SARA JOHANNA,Sara Johanna,b6c1d3,a1b6c1d3,BRONKHORSTa1b6c1d3,,,,,01/04/1793,,1793,,1793,,,SWELLENDAM,24/01/1809,1809,JOHANNES ANDRIES,HOLTHAUSEN,,,MARCH 1840,1840,,WONDER RIVER,,F (EITHER WIDOWED BEFORE OR DURING),
224,BRONKHORST,BRONKHORST,BRONKHORST,LUCAS CORNELIUS,Lucas Cornelius,b6c1d4,a1b6c1d4,BRONKHORSTa1b6c1d4,,,,,14/06/1795,,1795,,1795,,,GRAAFF-REINET,15/11/1818,1818,MARTHA ELISABETH,JANSE VAN VUUREN,,BEAUFORT,,,,PRETORIA,,,
225,BRONKHORST,BRONKHORST,BRONKHORST,JOHANNES GERHARDUS STEPHANUS,Johannes Gerhardus Stephanus,b6c1d5,a1b6c1d5,BRONKHORSTa1b6c1d5,,01/07/1798,1798,,06/01/1799,1798,1799,OHRIGSTAD,1798,25/02/1848,1848,BEAUFORT,07/01/1821,1821,ANNA SUSANNA,MINNAAR,,BEAUFORT,1836,1836,A.H. POTGIETER,OHRIGSTAD,,POTGIETER COMMISSION,
226,BRONKHORST,BRONKHORST,BRONKHORST,RUDOLPH JOHANNES,Rudolph Johannes,b6c1d5e1,a1b6c1d5e1,BRONKHORSTa1b6c1d5e1,,16/05/1822,1822,BEAUFORT,07/07/1822,1822,1822,,1822,23/08/1836,1836,,,,,,,BEAUFORT,1836,1836,A.H. POTGIETER,,,MZILIKAZI ATTACK 23/08/1836,
227,BRONKHORST,BRONKHORST,BRONKHORST,GYSBERT,Gysbert,b6c4,a1b6c4,BRONKHORSTa1b6c4,,,,,07/04/1765,,1765,MOSAMBIQUE,1765,JULY 1836,1836,,20/05/1787,1787,SOPHIA,VAN DYK,BRAKRIVIER,SOMERSET,1835,1835,J.J. JANSE VAN RENSBURG,,,,
228,BRONKHORST,BRONKHORST,BRONKHORST,JOHANNES,Johannes,b6c4d1,a1b6c4d1,BRONKHORSTa1b6c4d1,,21/10/1787,1787,PAARL,21/02/1791,1787,1791,,1787,,,GRAAFF-REINET,26/06/1813,1813,ANNA ELEONORA,PRETORIUS,TARKA,SOMERSET,JUNE 1839,1839,,POTCHEFSTROOM,,,
229,BRONKHORST,BRONKHORST,BRONKHORST,NICOLAAS JACOBUS,Nicolaas Jacobus,b6c4d1e3,a1b6c4d1e3,BRONKHORSTa1b6c4d1e3,,18/10/1825,1825,SOMERSET,30/04/1826,1825,1826,,1825,,,,,,,,TARKA,SOMERSET,JUNE 1839,1839,,OHRIGSTAD,,,
230,BRONKHORST,BRONKHORST,BRONKHORST,GYSBERT SYBRAND SR,Gysbert Sybrand Sr,b6c4d4,a1b6c4d4,BRONKHORSTa1b6c4d4,,,,,18/01/1795,,1795,MOSAMBIQUE,1795,JULY 1836,1836,GRAAFF-REINET,20/02/1814,1814,JOHANNA MARIA,BOTHA,BRAKRIVIER,SOMERSET,1835,1835,J.J. JANSE VAN RENSBURG,,,,
231,BRONKHORST,BRONKHORST,BRONKHORST,GYSBERT SYBRAND JR,Gysbert Sybrand Jr,b6c4d4e2,a1b6c4d4e2,BRONKHORSTa1b6c4d4e2,,27/02/1818,1818,GRAAFF-REINET,12/05/1818,1818,1818,MOSAMBIQUE,1818,JULY 1836,1836,CRADOCK,07/09/1834,1834,ELSIE SUSANNA ELISABETH,PRETORIUS,BRAKRIVIER,SOMERSET,1835,1835,J.J. JANSE VAN RENSBURG,,,,
232,BRONKHORST,BRONKHORST,BRONKHORST,HENDRIK LAMBERTUS,Hendrik Lambertus,b6c5,a1b6c5,BRONKHORSTa1b6c5,,27/02/1768,1768,,17/04/1768,1768,1768,POTCHEFSTROOM,1768,06/01/1844,1844,,22/01/1792,1792,GEERTRUY ALETTA,DU PLOOY,NUWEVELD,BEAUFORT,1836,1836,A.H. POTGIETER,,BEAUFORT,,
233,BRONKHORST,BRONKHORST,BRONKHORST,JACOB MATTHEUS,Jacob Mattheus,b6c5d10,a1b6c5d10,BRONKHORSTa1b6c5d10,,05/06/1811,1811,GRAAFF-REINET,24/11/1811,1811,1811,,1811,1853,1853,BEAUFORT,05/10/1835,1835,ELSIE CATHARINA,SWANEPOEL,,BEAUFORT,1842,1842,,SCHOEMANSDAL,,,
234,BRONKHORST,BRONKHORST,BRONKHORST,RUDOLPH JOHANNES,Rudolph Johannes,b6c5d6,a1b6c5d6,BRONKHORSTa1b6c5d6,,,,,13/11/1803,,1803,,1803,,,BEAUFORT,23/01/1825,1825,JOHANNA CHRISTINA,BEUKES,BRAKRIVIER,SOMERSET,TREKBOER,,A.H. POTGIETER,POTCHEFSTROOM,,,
235,BRONKHORST,BRONKHORST,BRONKHORST,JOHANNES JACOB SR,Johannes Jacob Sr,b6c6,a1b6c6,BRONKHORSTa1b6c6,,,,,16/04/1769,,1769,,1769,,,,17/05/1797,1797,CECILIA MAGDALENA,GEEL,,BEAUFORT,EARLY 1839?,,,POTCHEFSTROOM,GRAAFF-REINET,,
236,BRONKHORST,BRONKHORST,BRONKHORST,WILLEM JOHANNES,Willem Johannes,b6c6d1,a1b6c6d1,BRONKHORSTa1b6c6d1,,20/10/1799,1799,,05/07/1800,1799,1800,,1799,,,BEAUFORT,08/01/1820,1820,HERMINA CHRISTINA,SMIT,BRAKRIVIER,SOMERSET,1837,1837,,TRANSORANJE,,,
237,BRONKHORST,BRONKHORST,BRONKHORST,HENDRIK LAMBERT,Hendrik Lambert,b6c6d2,a1b6c6d2,BRONKHORSTa1b6c6d2,,08/05/1804,1804,TULBAGH,03/11/1804,1804,1804,,1804,,,BEAUFORT,23/11/1828,1828,MARIA ELISABETH MAGDALENA,SMIT,,BEAUFORT,1835,1835,,GALGRAND,,,
238,BRONKHORST,BRONKHORST,BRONKHORST,JOHANNES JACOB JR,Johannes Jacob Jr,b6c6d4,a1b6c6d4,BRONKHORSTa1b6c6d4,,04/02/1816,1816,GRAAFF-REINET,04/08/1816,1816,1816,,1816,,,A.H. POTGIETER POTCHEFSTROOM,07/04/1839,1839,HELENA MARIA,VAN DEN BERG,,BEAUFORT,APRIL 1839?,,,POTCHEFSTROOM (1839),,,
239,BRONKHORST,BRONKHORST,BRONKHORST,MATTHYS MARTHINUS JOHANNES,Matthys Marthinus Johannes,b6c6d6,a1b6c6d6,BRONKHORSTa1b6c6d6,,1817,1817,,,1817,,,1817,04/01/1875,1875,PIETERMARITZBURG,17/08/1857,1857,STOFFELINA JACOBA,NEL,,BEAUFORT,,,,NATAL,GREYTOWN,,
240,BRONKHORST,BRONKHORST,BRONKHORST,SAMUEL JOHANNES,Samuel Johannes,b6c6d9,a1b6c6d9,BRONKHORSTa1b6c6d9,,01/07/1826,1826,BEAUFORT,03/09/1826,1826,1826,,1826,06/11/1906,1906,PIETERMARITZBURG,20/03/1848,1848,HELENA CATHARINA PETRONELLA,ODENDAAL,,BEAUFORT,,,,NATAL,,,
241,BROODRYK,BROODRYK,BROODRYK,JAN ANDRIES,Jan Andries,b9,a1b9,BROODRYKa1b9,,,,,01/10/1775,,1775,,1775,,,GRAAFF-REINET,07/09/1805,1805,MARIA ELISABETH,FOURIE,NUWEVELD,BEAUFORT,1837,1837,,POTCHEFSTROOM,,,
242,BROODRYK,BROODRYK,BROODRYK,JOHANNES CHRISTOFFEL,Johannes Christoffel,b9c1,a1b9c1,BROODRYKa1b9c1,,12/11/1805,1805,GRAAFF-REINET,24/08/1806,1805,1806,,1805,,,BEAUFORT,16/04/1827,1827,CHRISTINA MAGDALENA,MARITZ,NUWEVELD,BEAUFORT,1837,1837,JACOB DE KLERK,NATAL,,,
243,BRUWER,BRUWER,BRUWER,EDUARD CHRISTIAAN DANIEL,Eduard Christiaan Daniel,b7c4d12,a1b7c4d12,BRUWERa1b7c4d12,,30/05/1823,1823,,23/04/1820,1823,1820,NATAL,1823,22/09/1899,1899,PIETERMARITZBURG,06/06/1840,1840,DEBORAH JOHANNA,HATTINGH,VOOR-KOGMANSKLOOF,SWELLENDAM,1838,1838,,NATAL,,,
244,BRUWER,BRUWER,BRUWER,JOHANNES HENDRIK,Johannes Hendrik,b7c4d4,a1b7c4d4,BRUWERa1b7c4d4,,29/08/1799,1799,,06/01/1799,1799,1799,NATAL,1799,01/07/1883,1883,SWELLENDAM,02/03/1823,1823,MARTHA MARIA,MOLLER,VOOR-KOGMANSKLOOF,SWELLENDAM,1838,1838,,NATAL,,,
245,BRUWER,BRUWER,BRUWER,SCHALK WILLEM,Schalk Willem,b7c4d7,a1b7c4d7,BRUWERa1b7c4d7,,19/03/1806,1806,,15/08/1806,1806,1806,NATAL,1806,17/09/1844,1844,SWELLENDAM,06/01/1828,1828,ANNA MARGARETHA,DU TOIT,VOOR-KOGMANSKLOOF,SWELLENDAM,1838,1838,,NATAL,,,
246,BUCHNER,BUCHNER,BUCHNER,CAREL VALENTYN,Carel Valentyn,b1,a1b1,BUCHNERa1b1,,06/08/1797,1797,,,1797,,,1797,,,UITENHAGE,04/01/1817,1817,MARIA JACOBA VAN REENEN,VAN NIEKERK,ONDER-BOESMANSRIVIER,UITENHAGE,1838,1838,,NATAL,MARTHA MARIA,"VOLKSRAAD, HAWEMEESTER",
247,BUITENDAG,BUITENDAG,BUITENDAG,ANDRIES PETRUS,Andries Petrus,b2c2d11e9,a1b2c2d11e9,BUITENDAGa1b2c2d11e9,,,,,26/10/1806,,1806,,1806,,,TULBAGH,04/11/1827,1827,MARGARETHA WILHELMINA,LOUW,CLANWILLIAM,WORCESTER,1838,1838,A.Z. VISAGIE,NATAL,,,
248,BUITENDAG,BUITENDAG,BUITENDAG,FREDERIK WILLEM COENRAAD,Frederik Willem Coenraad,b3c7d2,a1b3c7d2,BUITENDAGa1b3c7d2,,22/05/1815,1815,GRAAFF-REINET,28/10/1815,1815,1815,,1815,,,GRAAFF-REINET,03/10/1836,1836,JOHANNA PETRONELLA,VERMEULEN,,COLESBERG,1841,1841,,TRANSORANJE,,,
249,BUITENDAG,BUITENDAG,BUITENDAG,CAREL HENDRIK,Carel Hendrik,b3c7d3,a1b3c7d3,BUITENDAGa1b3c7d3,,27/06/1817,1817,GRAAFF-REINET,09/11/1817,1817,1817,,1817,,,COLESBERG,24/12/1837,1837,MARIA MAGDALENA JACOBA,VAN NIEKERK,,COLESBERG,1841,1841,,BLOEMFONTEIN/WINBURG,,,
250,BUITENDAG,BUITENDAG,BUITENDAG,MATTHYS JACOBUS,Matthys Jacobus,b3c7d4,a1b3c7d4,BUITENDAGa1b3c7d4,,18/05/1819,1819,GRAAFF-REINET,24/10/1819,1819,1819,,1819,,,,,,ALETTA WILHELMINA,PRETORIUS,,COLESBERG,1841,1841,,TRANSORANJE,,,
251,BUITENDAG,BUITENDAG,BUITENDAG,BAREND MARTHINUS GERHARDUS,Barend Marthinus Gerhardus,b3c7d6,a1b3c7d6,BUITENDAGa1b3c7d6,,09/01/1825,1825,GRAAFF-REINET,04/04/1825,1825,1825,,1825,,,POTCHEFSTROOM,01/05/1849,1849,HILLETJIE MARTHINA MAGDALENA,VAN NIEKERK,,COLESBERG,1841,1841,,BLOEMFONTEIN,,,
252,BURGER,BURGER,BURGER,SCHALK JOHANNES,Schalk Johannes,b2c1d1e8f2,a1b2c1d1e8f2,BURGERa1b2c1d1e8f2,,02/10/1814,1814,GRAAFF-REINET,18/12/1814,1814,1814,,1814,,,GRAAFF-REINET,27/06/1836,1836,ELISABETH JOHANNA,VAN JAARSVELD,,COLESBERG,1837,1837,,TRANSORANJE,,,
253,BURGER,BURGER,BURGER,JACOBUS JOHANNES SR,Jacobus Johannes Sr,b2c2d3e8,a1b2c2d3e8,BURGERa1b2c2d3e8,STELLENBOSCH,29/04/1795,1795,PAARL,17/05/1795,1795,1795,OHRIGSTAD,1795,10/05/1849,1849,STELLENBOSCH,04/10/1817,1817,JACOMINA CHRISTINA,VAN NIEKERK,UITVLUGT,GRAAFF-REINET,EARLY 1838,1838,ALONE,OHRIGSTAD,,VOLKSRAADLID,
254,BURGER,BURGER,BURGER,JACOBUS JOHANNES JR,Jacobus Johannes Jr,b2c2d3e8f1,a1b2c2d3e8f1,BURGERa1b2c2d3e8f1,CAPE TOWN,08/02/1820,1820,CAPE TOWN,20/02/1820,1820,1820,LYDENBURG,1820,06/04/1878,1878,,,,CORNELIA MARGARETHA,JOUBERT,UITVLUGT,GRAAFF-REINET,EARLY 1838,1838,J.J. BURGER,NATAL,,,
255,BURGER,BURGER,BURGER,SCHALK WILLEM PETRUS,Schalk Willem Petrus,b2c2d9e1,a1b2c2d9e1,BURGERa1b2c2d9e1,,,,,10/04/1784,,1784,,1784,16/06/1868,1868,TULBAGH,07/04/1810,1810,ELSJE SOPHIA,LUBBE,CLANWILLIAM,WORCESTER,1838,1838,,,CAPE TOWN,TREK?,
256,BUYS,BUYS,BUYS,IZAK SIRK,Izak Sirk,b4c6d7e1,a1b4c6d7e1,BUYSa1b4c6d7e1,,04/12/1821,1821,,,1821,,,1821,,,,,,,,OOS-RIETRIVIER,SOMERSET,DECEMBER 1837,1837,LOUIS JACOBUS NEL,NATAL,,,
257,CERONIO,CERONIO,CERONIO,GIDEON PIETER,Gideon Pieter,a1,a1,CERONIOa1,ILE DE FRANCE,,,,,,,FAURESMITH,,06/11/1863,1863,CAPE TOWN,20/12/1807,1807,CAROLINA ROSINA,IFFLAND,,BEAUFORT,1839,1839,,TRANSORANJE (FAURESMITH),BEAUFORT,,
258,CERONIO,CERONIO,CERONIO,GIDEON PIETER,Gideon Pieter,a1b1,a1b1,CERONIOa1b1,,,,CAPE TOWN,21/02/1819,,1819,,1819,,,BEAUFORT,21/10/1838,1838,RACHEL ELISABETH,BOTES,,BEAUFORT,1839,1839,,TRANSORANJE,,,
259,CILLIERS,CILLIERS,CILLIERS,JOHANNES DANIEL,Johannes Daniel,b2c1d7e1,a1b2c1d7e1,CILLIERSa1b2c1d7e1,,25/07/1795,1795,PAARL,04/10/1795,1795,1795,WINBURG,1795,09/08/1871,1871,STELLENBOSCH,01/06/1816,1816,HELENA MARIA,HAUPTFLEISCH,,GRAAFF-REINET,1840,1840,,OVS,SOMERSET,,
260,CILLIERS,CILLIERS,CILLIERS,CHARL PETRUS,Charl Petrus,b2c1d7e1f2,a1b2c1d7e1f2,CILLIERSa1b2c1d7e1f2,,14/07/1820,1820,PAARL,30/07/1820,1820,1820,FICKSBURG,1820,04/09/1876,1876,,,,JOHANNA MARIA,BREED,,GRAAFF-REINET,1836,1836,,OVS,,,
261,CILLIERS,CILLIERS,CILLIERS,JOHANNES DANIEL,Johannes Daniel,b2c1d7e1f3,a1b2c1d7e1f3,CILLIERSa1b2c1d7e1f3,,07/07/1822,1822,PAARL,04/08/1822,1822,1822,,1822,,,,,,ANNA MARGARETHA,PRINSLOO,,GRAAFF-REINET,1840,1840,,OVS,KROONSTAD,,
262,CILLIERS,CILLIERS,CILLIERS,CHARL ARNOLDUS,Charl Arnoldus,b2c1d7e4,a1b2c1d7e4,CILLIERSa1b2c1d7e4,KLEIN DRAKENSTEIN,07/09/1801,1801,PAARL,20/09/1801,1801,1801,LINDLEY,1801,04/10/1871,1871,GRAAFF-REINET,06/10/1823,1823,ANNA FRANCINA,VILJOEN,NUWE HANTAM,COLESBERG,EARLY 1836,1836,"A.H. POTGIETER, P. RETIEF",NATAL,,,SPIRITUAL
263,CILLIERS,CILLIERS,CILLIERS,CAREL JOHANNES,Carel Johannes,b2c1d7e4f1,a1b2c1d7e4f1,CILLIERSa1b2c1d7e4f1,,30/01/1825,1825,GRAAFF-REINET,27/02/1825,1825,1825,KROONSTAD,1825,23/07/1896,1896,,,,MARIA MAGDALENA,LOOTS,NUWE HANTAM,COLESBERG,1836,1836,"A.H. POTGIETER, P. RETIEF",,,,
264,CILLIERS,CILLIERS,CILLIERS,JAN GABRIEL,Jan Gabriel,b7c1d8,a1b7c1d8,CILLIERSa1b7c1d8,,,,,23/10/1796,,1796,,1796,,,SWELLENDAM,05/05/1816,1816,ANNA MAGDALENA,DU TOIT,,SWELLENDAM,1840,1840,,NATAL,,,
265,CILLIERS,CILLIERS,CILLIERS,ABRAHAM ALBERTUS,Abraham Albertus,b7c1d8e2,a1b7c1d8e2,CILLIERSa1b7c1d8e2,ROBERTSON,24/12/1818,1818,,28/02/1819,1818,1819,BETHLEHEM,1818,28/09/1897,1897,PIETERMARITZBURG,08/04/1844,1844,ANNA SOPHIA,BEKKER,VOOR-KOGMANSKLOOF,SWELLENDAM,1836,1836,,"TRANSORANJE, NATAL, TRANSORANJE",,,
266,CILLIERS,CILLIERS,CILLIERS,PIETER JOSHUA HENDRIK,Pieter Joshua Hendrik,b7c6d2e2,a1b7c6d2e2,CILLIERSa1b7c6d2e2,,,,,16/06/1816,,1816,,1816,,,,,,,,LANGEBERG,SWELLENDAM,11/07/1837,1837,,,,,
267,CILLIERS,CILLIERS,CILLIERS,PIETER ABRAHAM,Pieter Abraham,b2c1d7e1f4,a1b2c1d7e1f4,CILLIERSa1b2c1d7e1f4,,23/08/1824,1824,GRAAFF-REINET,29/08/1824,1824,1824,,1824,,,,,,JACOBA CATHARINA,ROETS,,GRAAFF-REINET,1840,1840,,OVS,,,
268,CILLIERS,CILLIERS,CILLIERS,PETRUS GERHARDUS,Petrus Gerhardus,b2c1d7e3,a1b2c1d7e3,CILLIERSa1b2c1d7e3,,,,,01/09/1799,,1799,KWAMATHIWANE,1799,06/02/1838,1838,GRAAFF-REINET,07/05/1826,1826,CORNELIA,VAN BILJON,,COLESBERG,1836,1836,"A.H. POTGIETER, P. RETIEF",,,,
269,CLAASEN,CLAASEN,CLAASEN,HENDRIK DANIEL JACOBUS,Hendrik Daniel Jacobus,a2b1c3d12,a2b1c3d12,CLAASENa2b1c3d12,,,,,04/07/1808,,1808,,1808,,,,,,ADRIANA SUSANNA CHRISTINA,VAN DER ZAND,BAVIAANSRIVIER,SOMERSET,AFTER 1844,1844,J.A. ENSLIN,OVS,,,
270,CLAASEN,CLAASEN,CLAASEN,CHRISTIAAN CORNELIS,Christiaan Cornelis,a3b6c10d1e10,a3b6c10d1e10,CLAASENa3b6c10d1e10,,1816,1816,,,1816,,,1816,,,,,,JOHANNA CATHARINA,BORNMAN,,BEAUFORT,1839,1839,,WINBURG,GRAAFF-REINET,,
271,CLAASEN,CLAASEN,CLAASEN,ARIE WILLEM,Arie Willem,a3b6c10d1e4,a3b6c10d1e4,CLAASENa3b6c10d1e4,,1805,1805,,,1805,,,1805,,,BEAUFORT,03/10/1825,1825,ANNA SOPHIA,VAN HEERDEN,,BEAUFORT,1838,1838,,,,,
272,CLAASEN,CLAASEN,CLAASEN,JOHANNES HENDRIK,Johannes Hendrik,a3b6c10d1e5,a3b6c10d1e5,CLAASENa3b6c10d1e5,,23/10/1806,1806,TULBAGH,01/02/1807,1806,1807,KWAMATHIWANE,1806,06/02/1838,1838,BEAUFORT,02/03/1828,1828,ANNA SOPHIA,JACOBS,NUWEVELD,BEAUFORT,1837,1837,JACOB DE KLERK,MOOI RIVER,BEAUFORT,,
273,CLOETE,CLOETE,CLOETE,JACOBUS JOHANNES,Jacobus Johannes,b2c1d4e4f1g12,a1b2c1d4e4f1g12,CLOETEa1b2c1d4e4f1g12,,03/12/1811,1811,TULBAGH,24/11/1811,1811,1811,,1811,,,COLESBERG,10/12/1837,1837,HESTER GEERTRUIDA,HOLTSHAUSEN,,COLESBERG,1840,1840,,TRANSORANJE,,,
274,COETZEE,COETZEE,COETZEE,JOHANNES,Johannes,b5c5d7e1,a1b5c5d7e1,COETZEEa1b5c5d7e1,,13/04/1784,1784,,27/11/1785,1784,1785,,1784,,,COLESBERG,30/08/1805,1805,HESTER HENDRINA ALETTA,VENTER,,COLESBERG,1840,1840,,MAGALIESBERG (1840),,*,
275,COETZEE,COETZEE,COETZEE,MAARTEN PETRUS ALBERTUS,Maarten Petrus Albertus,b5c5d7e1f1,a1b5c5d7e1f1,COETZEEa1b5c5d7e1f1,,20/10/1806,1806,,01/02/1807,1806,1807,,1806,,,GRAAFF-REINET,02/05/1824,1824,ELSJE CATHARINA,VAN DER MERWE,,COLESBERG,,,,MAGALIESBERG (1840),,,
276,COETZEE,COETZEE,COETZEE,JAN ABRAHAM,Jan Abraham,b5c5d7e1f2,a1b5c5d7e1f2,COETZEEa1b5c5d7e1f2,,11/10/1808,1808,,29/01/1809,1808,1809,,1808,,,GRAAFF-REINET,02/08/1829,1829,MARIA ELISABETH,BOTHA,,COLESBERG,,,,MAGALIESBERG (1840),,,
277,COETZEE,COETZEE,COETZEE,PIETER HENDRIK,Pieter Hendrik,b7c7d1e4,a1b7c7d1e4,COETZEEa1b7c7d1e4,,,,,09/10/1791,,1791,,1791,,,GRAAFF-REINET,18/08/1811,1811,MARTHA JOHANNA MARGARETHA,SWANEPOEL,,SOMERSET,1840,1840,,WINBURG,GRAAFF-REINET,VYF JAAR TREK NA WINBURG VAN SOMERSET?,
278,COETZEE,COETZEE,COETZEE,CORNELIS GERHARDUS,Cornelis Gerhardus,b7c7d1e5,a1b7c7d1e5,COETZEEa1b7c7d1e5,,,,,09/02/1794,,1794,DELAGOA BAY,1794,DECEMBER 1843,1843,GRAAFF-REINET,11/11/1812,1812,ANNA ELISABETH,STRYDOM,SWAGERSHOEK,SOMERSET,SEPTEMBER 1837,1837,,,,,
279,COETZEE,COETZEE,COETZEE,CORNELIS JACOBUS,Cornelis Jacobus,b7c7d1e5f2,a1b7c7d1e5f2,COETZEEa1b7c7d1e5f2,,25/06/1820,1820,GRAAFF-REINET,26/12/1820,1820,1820,,1820,,,,,,MAGDALEN CAROLINA,SMIT,SWAGERSHOEK,SOMERSET,SEPTEMBER 1838,1838,,,,,
280,COETZEE,COETZEE,COETZEE,MATTHYS ANDRIES STEPHANUS,Matthys Andries Stephanus,b7c7d1e5f3,a1b7c7d1e5f3,COETZEEa1b7c7d1e5f3,,30/09/1822,1822,GRAAFF-REINET,17/11/1822,1822,1822,,1822,19/11/1919,1919,,23/04/1843,1843,RACHEL JACOBA ELISABETH,PRETORIUS,SWAGERSHOEK,SOMERSET,SEPTEMBER 1837,1837,,,,,
281,COETZEE,COETZEE,COETZEE,DIRK JACOBUS GERHARDUS,Dirk Jacobus Gerhardus,b7c7d1e5f5,a1b7c7d1e5f5,COETZEEa1b7c7d1e5f5,,05/09/1824,1824,GRAAFF-REINET,30/01/1825,1824,1825,,1824,,,,,,SUSANNA MARGARETHA,PRETORIUS,SWAGERSHOEK,SOMERSET,SEPTEMBER 1839,1839,,,,,
282,COETZEE,COETZEE,COETZEE,OCKERT JACOBUS,Ockert Jacobus,b7c7d1e8,a1b7c7d1e8,COETZEEa1b7c7d1e8,,,,,21/09/1800,,1800,NEWCASTLE,1800,21/03/1877,1877,SOMERSET,11/09/1827,1827,HESTER ADRIANA,DE BEER,,SOMERSET,1840,1840,,,,,
283,COETZEE,COETZEE,COETZEE,GERRIT JACOBUS EMILIUS,Gerrit Jacobus Emilius,b5c6d5e3f1,a1b5c6d5e3f1,COETZEEa1b5c6d5e3f1,SWELLENDAM,25/11/1816,1816,,13/04/1817,1816,1817,LYDENBURG,1816,08/10/1873,1873,,,,MARIA CATHARINA ELISABETH,RAUTENBACH,,SWELLENDAM,AFTER 1845,1845,,NATAL,,,
284,COETZEE,COETZEE,COETZEE,STEPHANUS HERMANUS,Stephanus Hermanus,b7c7d1e7,a1b7c7d1e7,COETZEEa1b7c7d1e7,,,,,22/07/1798,,1798,,1798,,,SOMERSET,02/07/1832,1832,HENDRIKA MARGARETHA,DE BEER,,SOMERSET,1840,1840,,NATAL,,,
285,COETZER,COETZER,COETZER,PHILLIPPUS JEREMIAS SR,Phillippus Jeremias Sr,b1c12,a1b1c12,COETZERa1b1c12,,,,,16/12/1764,,1764,,1764,,,,15/12/1790,1790,CHRISTINA ELISABETH DE BRUYN,,TARKA,SOMERSET,1836,1836,J.M. DE BEER,,,,
286,COETZER,COETZER,COETZER,PHILLIPPUS JEREMIAS,Phillippus Jeremias,b1c12d3e2,a1b1c12d3e2,COETZERa1b1c12d3e2,,24/11/1819,1819,CRADOCK,26/12/1819,1819,1819,LYDENBURG,1819,18/06/1898,1898,,03/11/1838,1838,JOHANNA ADRIANA,VENTER,TARKA,SOMERSET,1836,1836,J.M. DE BEER,NATAL,,,
287,COETZER,COETZER,COETZER,JOHANNES JACOBUS,Johannes Jacobus,b1c12d3e4,a1b1c12d3e4,COETZERa1b1c12d3e4,,12/09/1824,1824,,,1824,,,1824,,,,,,JOHANNA MARTINA REGINA,VILJOEN,KLAAS SMITSRIVIER,SOMERSET,1836,1836,J.M. DE BEER,LYDENBURG,,,
288,COETZER,COETZER,COETZER,HENDRIK,Hendrik,b1c12d4,a1b1c12d4,COETZERa1b1c12d4,,,,,16/09/1798,,1798,ROUXVILLE,1798,11/04/1881,1881,CRADOCK,04/08/1822,1822,JACOBA JOHANNA,DE BRUYN,TARKA,SOMERSET,,,,,,,
289,COETZER,COETZER,COETZER,GERRIT,Gerrit,b1c15,a1b1c15,COETZERa1b1c15,,,,,17/05/1772,,1772,,1772,,,,21/02/1796,1796,ELSIE MARIA,JORDAAN,,GRAAFF-REINET,JUNE 1838,1838,,MAGALIESBERG,,,
290,COETZER,COETZER,COETZER,JOHANNES JACOBUS,Johannes Jacobus,b1c15d2,a1b1c15d2,COETZERa1b1c15d2,,,,,07/04/1799,,1799,,1799,,,GRAHAMS TOWN,25/01/1824,1824,GERRTRUYDA PETRONELLA,HEYDENRYCH,SWAGERSHOEK,SOMERSET,APRIL 1837,1837,P.L. UYS,SAND RIVER,,,
291,COETZER,COETZER,COETZER,WENSEL CHRISTOFFEL,Wensel Christoffel,b1c5d8,a1b1c5d8,COETZERa1b1c5d8,,,,,17/01/1797,,1797,,1797,,,CRADOCK,15/11/1818,1818,ELISABETH HELENA,VAN HEERDEN,TARKA,SOMERSET,BEFORE JUNE 1840,1840,,NATAL,CRADOCK,,
292,COETZER,COETZER,COETZER,PIETER SCHALK WILLEM,Pieter Schalk Willem,b1c5d8e1,a1b1c5d8e1,COETZERa1b1c5d8e1,,08/09/1820,1820,CRADOCK,02/10/1820,1820,1820,,1820,,,PIETERMARITZBURG,29/06/1840,1840,ISABELLA CORNELIA,STEENKAMP,TARKA,SOMERSET,,,,NATAL (1840),,,
293,COETZER,COETZER,COETZER,WENSEL CHRISTOFFEL,Wensel Christoffel,b1c5d8e3,a1b1c5d8e3,COETZERa1b1c5d8e3,,16/04/1825,1825,CRADOCK,15/05/1825,1825,1825,NATAL,1825,30/03/1909,1909,,,,,,TARKA,SOMERSET,BEFORE JUNE 1841,1841,,,,,
294,COETZER,COETZER,COETZER,JOHANNES JACOBUS,Johannes Jacobus,b1c8d3,a1b1c8d3,COETZERa1b1c8d3,,,,,20/03/1796,,1796,,1796,,,GRAAFF-REINET,30/10/1815,1815,ANNA CATHARINA,NEL,BRUINTJIESHOOGTE,SOMERSET,,,,NATAL,,,
295,COETZER,COETZER,COETZER,PHILLIPPUS JEREMIAS JR,Phillippus Jeremias Jr,b1c12d6,a1b1c12d6,COETZERa1b1c12d6,,,,,12/05/1805,,1805,,1805,,,CRADOCK,07/03/1824,1824,HESTER CECILIA,OOSTHUIZEN,TARKA,SOMERSET,1837,1837,J.M. DE BEER,,,,
296,COETZER,COETZER,COETZER,PIETER WILLEMSE,Pieter Willemse,b1c15d7,a1b1c15d7,COETZERa1b1c15d7,,,,CRADOCK,01/05/1836,,1836,,1836,,,,,,ELISABETH MAGDALENA,VAN HEERDEN,,CRADOCK,,,,TRANSVAAL (1840),,,
297,COETZER,COETZER,COETZER,GERT JACOBUS LOUIS HOZEA,Gert Jacobus Louis Hozea,b1c15d8,a1b1c15d8,COETZERa1b1c15d8,,28/01/1817,1817,GRAAFF-REINET,23/03/1817,1817,1817,HOOPSTAD,1817,10/12/1888,1888,,,,ELSIE MARGARETHA CORNELIA,JORDAAN,,GRAAFF-REINET,JUNE 1838,1838,,RIETFONTEINSPRUIT,,,
298,COMBRINK,COMBRINK,COMBRINK,JAN CHRISTIAAN JOHANNES,Jan Christiaan Johannes,b2,a1b2,COMBRINKa1b2,,14/02/1801,1801,GRAAFF-REINET,26/05/1805,1801,1805,CALEDON RIVER,1801,10/11/1851,1851,GRAAFF-REINET,03/03/1822,1822,ANNA CORNELIA ELISABETH,DE BEER,KLAAS SMITSRIVIER,COLESBERG,1844,1844,,,,,
299,COMBRINK,COMBRINK,COMBRINK,JOHANNES NICOLAAS,Johannes Nicolaas,b2c5d4e1,a1b2c5d4e1,COMBRINKa1b2c5d4e1,,,,,11/09/1803,,1803,,1803,,,TULBAGH,14/10/1826,1826,ELISABETH MARIA,LOTZ,,,NOVEMBER 1845,1845,JOUBERTSHOOGTE,,,,
300,COMBRINK,COMBRINK,COMBRINK,GERHARDUS HERMANUS JACOBUS,Gerhardus Hermanus Jacobus,b2c6d4,a1b2c6d4,COMBRINKa1b2c6d4,,,,,25/04/1802,,1802,,1802,,,UITENHAGE,03/09/1822,1822,SUSANNA JOSINA DOROTHEA,STRYDOM,WINTERHOEK,UITENHAGE,1837,1837,P.L. UYS,,,,
301,COMBRINK,COMBRINK,COMBRINK,FREDERIK JOHANNES,Frederik Johannes,b2c6d4e2,a1b2c6d4e2,COMBRINKa1b2c6d4e2,,,,,,,,,,,,,,,ANNA GEERTRUYDA,STRYDOM,,UITENHAGE,1837,1837,P.L. UYS,,,,
302,COMBRINK,COMBRINK,COMBRINK,STEPHANUS LUCAS,Stephanus Lucas,b2c6d6,a1b2c6d6,COMBRINKa1b2c6d6,,30/10/1805,1805,GRAAFF-REINET,25/05/1806,1805,1806,UTRECHT,1805,26/08/1890,1890,UITENHAGE,05/07/1824,1824,HESTER JACOMINA,LABUSCHAGNE,TARKA,SOMERSET,1837,1837,P.L. UYS,,,,
303,COMBRINK,COMBRINK,COMBRINK,PETRUS CHRISTIAAN,Petrus Christiaan,b2c6d8,a1b2c6d8,COMBRINKa1b2c6d8,,23/07/1812,1812,GRAAFF-REINET,30/08/1812,1812,1812,,1812,,,CRADOCK,06/03/1836,1836,CATHARINA ELISABETH MARGARETHA,BREYTENBACH,WINTERHOEK,UITENHAGE,APRIL 1837,1837,P.L. UYS,,,,
304,COMBRINK,COMBRINK,COMBRINK,JOHANNES JACOBUS,Johannes Jacobus,b4c2d5,a1b4c2d5,COMBRINKa1b4c2d5,,,,STELLENBOSCH,25/04/1791,,1791,VET RIVIER,1791,29/10/1847,1847,STELLENBOSCH,08/12/1811,1811,ANNA ALETTA,BURGER,UITVLUGT,GRAAFF-REINET,1838,1838,,,,,
305,COMBRINK,COMBRINK,COMBRINK,PHILLIPPUS WILHELMUS,Phillippus Wilhelmus,b6c7d3,a1b6c7d3,COMBRINKa1b6c7d3,,,,CAPE TOWN,28/06/1801,,1801,FAURESMITH,1801,11/01/1858,1858,GRAAFF-REINET,03/12/1820,1820,HESTER JACOBA,VAN DER MERWE,OP-SNEEUBERG,GRAAFF-REINET,,,,,,TREK?,
306,COMBRINK,COMBRINK,COMBRINK,JAN FREDERIK JOHANNES,Jan Frederik Johannes,b6c7d4,a1b6c7d4,COMBRINKa1b6c7d4,,,,CAPE TOWN,09/10/1803,,1803,,1803,,,GRAAFF-REINET,04/03/1827,1827,ANNA SOPHIA,VAN DER MERWE,OP-SNEEUBERG,GRAAFF-REINET,03/10/1836,1836,,OHRIGSTAD,,,
307,COMBRINK,COMBRINK,COMBRINK,WILLEM ANDRIES,Willem Andries,b6c8d2,a1b6c8d2,COMBRINKa1b6c8d2,,,,,15/06/1800,,1800,,1800,,,BEAUFORT,08/11/1822,1822,MARIA JOHANNA,DU PLOOY,,BEAUFORT,,,,OHRIGSTAD (1846),,,
308,CRAFFORD,CRAFFORD,CRAFFORD,JACOB DANIEL ADRIAAN,Jacob Daniel Adriaan,b3c3d6,a1b3c3d6,CRAFFORDa1b3c3d6,,,,,04/10/1808,,1808,,1808,,,SWELLENDAM,13/03/1831,1831,SUSARA ELISABETH JOHANNA,JOUBERT,SWARTBERG,SWELLENDAM,21/08/1837,1837,,,,TREK?,
309,CRAFFORD,CRAFFORD,CRAFFORD,ADOLPH JOHANNES JUSTUS,Adolph Johannes Justus,b3c3d7,a1b3c3d7,CRAFFORDa1b3c3d7,,,,,,,,,,,,SWELLENDAM,25/02/1834,1834,MARIA MAGDALENA,GOUWS,SWARTBERG,SWELLENDAM,1837,1837,,"NATAL, MAGALIESBERG",,,
310,CRONJE,CRONJE,CRONJE,JOHANNES JOSEPHUS,Johannes Josephus,b3c5d11e2,a1b3c5d11e2,CRONJEa1b3c5d11e2,,13/03/1823,1823,SWELLENDAM,05/10/1823,1823,1823,,1823,,,,,,,,,SWELLENDAM,,,,OHRIGSTAD (1845),,,
311,CRONJE,CRONJE,CRONJE,CORNELIS,Cornelis,b3c5d2,a1b3c5d2,CRONJEa1b3c5d2,,,,,14/09/1783,,1783,,1783,,,SWELLENDAM,01/08/1807,1807,SUSANNA ELIZABETH,STEYL,,CRADOCK,JUNE1838,1838,,LEEUSPRUIT,,,
312,CRONJE,CRONJE,CRONJE,JOHANNES CHRISTIAAN,Johannes Christiaan,b3c5d2e4,a1b3c5d2e4,CRONJEa1b3c5d2e4,,26/04/1813,1813,GEORGE,20/03/1814,1813,1814,,1813,,,CRADOCK,06/09/1835,1835,GEERTRUYDA JACOBA,ROBBERTSE,,SOMERSET,DECEMBER 1839,1839,,MAGALIESBERG,,,
313,CRONJE,CRONJE,CRONJE,CORNELIS DOUW,Cornelis Douw,b3c5d2e5,a1b3c5d2e5,CRONJEa1b3c5d2e5,,23/05/1815,1815,GEORGE,25/12/1815,1815,1815,,1815,,,,,,CATHARINA MARIA ALETTA,DE BEER,,SOMERSET,1840,1840,,POTCHEFSTROOM,,,
314,CRONJE,CRONJE,CRONJE,DANIEL LODEWICUS,Daniel Lodewicus,b3c5d2e6,a1b3c5d2e6,CRONJEa1b3c5d2e6,,,,,22/02/1818,,1818,,1818,,,,,,HELENA MARIA J,GRIESEL,,SOMERSET,1840,1840,,POTCHEFSTROOM,,,
315,CRONJE,CRONJE,CRONJE,CORNELIS ADRIAAN LODEWIKUS,Cornelis Adriaan Lodewikus,b3c5d3e7,a1b3c5d3e7,CRONJEa1b3c5d3e7,,,,,22/02/1818,,1818,,1818,,,,,,JOHANNA HENDRINA,GROBLER,,SWELLENDAM,1839,1839,,POTCHEFSTROOM,,,
316,CRONJE,CRONJE,CRONJE,ANDRIES SR,Andries Sr,b3c5d4,a1b3c5d4,CRONJEa1b3c5d4,,,,,05/11/1786,,1786,WINBURG,1786,13/04/1858,1858,SWELLENDAM,JANUARY 1807,1807,JOHANNA ELISABETH,VAN COLLER,BO-DUIVENHOKSRIVIER,SWELLENDAM,19/03/1838,1838,,TRANSORANJE,,,
317,CRONJE,CRONJE,CRONJE,JOHANNES DANIEL,Johannes Daniel,b3c5d4e1,a1b3c5d4e1,CRONJEa1b3c5d4e1,,21/10/1806,1806,,21/06/1807,1806,1807,,1806,01/04/1901,1901,SWELLENDAM,25/12/1831,1831,DINA JUDITH GEERTRUYDA WOUTERINA,NEL,BO-DUIVENHOKSRIVIER,SWELLENDAM,19/03/1838,1838,,TRANSORANJE,,GENL A.P. CRONJE,
318,CRONJE,CRONJE,CRONJE,SUSANNA MARIA,Susanna Maria,b3c6,a1b3c6,CRONJEa1b3c6,,,,,08/04/1753,,1753,NATAL,1753,06/04/1838,1838,,19/07/1772,1772,LODEWYK,DE JAGER,ONDER-BOESMANSRIVIER,UITENHAGE,NOVEMBER 1836,1836,J.S. MARITZ,NATAL,,F,
319,CRONJE,CRONJE,CRONJE,PIETER,Pieter,b3c8d1,a1b3c8d1,CRONJEa1b3c8d1,,,,,14/11/1788,,1788,KLIP RIVER,1788,11/01/1851,1851,,,,ELISABETH CATHARINA,DE JAGER,BO-DUIVENHOKSRIVIER,SWELLENDAM,15/03/1838,1838,,TRANSORANJE,,,
320,CRONJE,CRONJE,CRONJE,ABRAHAM MARTHINUS,Abraham Marthinus,b3c8d1e2,a1b3c8d1e2,CRONJEa1b3c8d1e2,,30/07/1815,1815,GEORGE,21/01/1816,1815,1816,NATAL,1815,16/07/1875,1875,SWELLENDAM,21/08/1836,1836,LOUISA PETRONELLA,DE JAGER,BO-DUIVENHOKSRIVIER,SWELLENDAM,15/03/1838,1838,,NATAL,,,
321,CRONJE,CRONJE,CRONJE,CAREL PIETER,Carel Pieter,b3c8d1e4,a1b3c8d1e4,CRONJEa1b3c8d1e4,,1819,1819,,25/03/1820,1819,1820,,1819,,,,,,ELSABE CORNELIA SUSARA MARIA,SWART,BO-DUIVENHOKSRIVIER,SWELLENDAM,1837,1837,,WEENEN,,,
322,CRONJE,CRONJE,CRONJE,PIETER CHRISTIAAN,Pieter Christiaan,b3c8d1e6,a1b3c8d1e6,CRONJEa1b3c8d1e6,,20/05/1825,1825,SWELLENDAM,02/10/1825,1825,1825,,1825,07/04/1881,1881,,,,CORNELIA GEERTRUYDA,DE JAGER,BO-DUIVENHOKSRIVIER,SWELLENDAM,1838,1838,,NATAL,,,
323,DANNHAUSER,DANNHAUSER,DANNHAUSER,THOMAS RICHARD,Thomas Richard,b6,a1b6,DANNHAUSERa1b6,SWELLENDAM,14/06/1801,1801,SWELLENDAM,09/11/1801,1801,1801,,1801,,,,02/01/1825,1825,HESTER GEERTRUIDA,JANSEN VAN RENSBURG,VALSCHRIVIER,SWELLENDAM,BEFORE 1841,1841,,NATAL,,,
324,DAVEL,DAVEL,DAVEL,JOHANNES CHRISTIAAN,Johannes Christiaan,b3c2,a1b3c2,DAVELa1b3c2,,,,,06/10/1782,,1782,,1782,,,GRAAFF-REINET,03/07/1806,1806,MARTHA MAGDALENA,ERASMUS,WINTERHOEK,UITENHAGE,1837,1837,K.P. LANDMAN,NATAL,GRAAFF-REINET,SUSTER VAN LEIER,
325,DAVEL,DAVEL,DAVEL,JOHANNES ESAIAS,Johannes Esaias,b3c2d1,a1b3c2d1,DAVELa1b3c2d1,,01/07/1814,1814,GEORGE,22/07/1817,1814,1817,UTRECHT,1814,30/06/1863,1863,,04/10/1834,1834,CHRISTINA WILHELMINA,VAN IMWEGEN,WINTERHOEK,UITENHAGE,1837,1837,K.P. LANDMAN,NATAL,,,
326,DAVEL,DAVEL,DAVEL,JOHANNES ABRAHAM HENDRIK,Johannes Abraham Hendrik,b3c2d3,a1b3c2d3,DAVELa1b3c2d3,,12/08/1817,1817,UITENHAGE,22/06/1818,1817,1818,,1817,,,,05/07/1834,1834,ELISABETH CATHARINA,HURTER,,,1837,1837,,,,,
327,DAVEL,DAVEL,DAVEL,WILLEM JOHANNES IZAK,Willem Johannes Izak,b3c2d4,a1b3c2d4,DAVELa1b3c2d4,,01/07/1820,1820,UITENHAGE,08/01/1821,1820,1821,HEILBRON,1820,15/11/1874,1874,,,,ELISABETH HERMINA,VAN COLLER,WINTERHOEK,UITENHAGE,1837,1837,K.P. LANDMAN,,,,
328,DE BEER,DEBEER,DE BEER,MATTHYS ADAM,Matthys Adam,a1b9c5,a1b9c5,DE BEERa1b9c5,,,,,09/11/1766,,1766,KWAMATHIWANE,1766,06/02/1838,1838,,,,GEERTRUIDA JUDITH,COETZEE,WINTERBERG,ALBANY,FEBRUARY 1837,1837,P. RETIEF,,,,
329,DE BEER,DEBEER,DE BEER,ZACHARIAS JOHANNES,Zacharias Johannes,a2b5c11d1,a2b5c11d1,DE BEERa2b5c11d1,,,,,04/09/1788,,1788,,1788,,,GRAAFF-REINET,02/04/1815,1815,ZACHARYA G,FOUCHE,,SOMERSET,NOVEMBER 1840,1840,,POTCHEFSTROOM,,,
330,DE BEER,DEBEER,DE BEER,ZACHARIAS JOHANNES,Zacharias Johannes,a2b5c13d4,a2b5c13d4,DE BEERa2b5c13d4,,30/03/1801,1801,,16/10/1800,1801,1800,,1801,,,BEAUFORT,30/06/1822,1822,SOPHIA ELISABETH FREDERIKA,DU PLOOY,AGTER-SNEEUBERG,SOMERSET,JANUARY 1836,1836,A.H. POTGIETER,POTCHEFSTROOM,,,
331,DE BEER,DEBEER,DE BEER,MATTHYS ANDRIES,Matthys Andries,a2b5c13d7,a2b5c13d7,DE BEERa2b5c13d7,,,,,18/10/1807,,1807,,1807,,,BEAUFORT,15/06/1829,1829,JOHANNA HELENA,ALBERTS,,BEAUFORT,1837,1837,,,,,
332,DE BEER,DEBEER,DE BEER,HENDRIK JOHANNES,Hendrik Johannes,a2b5c4d5e5,a2b5c4d5e5,DE BEERa2b5c4d5e5,,04/05/1816,1816,GRAAFF-REINET,16/06/1816,1816,1816,,1816,,,CRADOCK,03/10/1836,1836,HESTER JOHANNA,DE BRUYN,TARKA,SOMERSET,1837,1837,,TRANSORANJE,,,
333,DE BEER,DEBEER,DE BEER,ADRIAAN CAREL,Adriaan Carel,a2b5c4d8,a2b5c4d8,DE BEERa2b5c4d8,,,,,05/12/1784,,1784,,1784,,,GRAAFF-REINET,21/10/1810,1810,ALETTTA CATHARINA,BOTHA,TARKA,SOMERSET,1836,1836,,,CRADOCK,,
334,DE BEER,DEBEER,DE BEER,JOHANNES FREDERIK,Johannes Frederik,a2b5c4d8e2,a2b5c4d8e2,DE BEERa2b5c4d8e2,,26/04/1814,1814,GRAAFF-REINET,26/12/1814,1814,1814,,1814,,,,02/09/1838,1838,HESTER JACOBA,ROETS,,SOMERSET,1836,1836,J.M. DE BEER,,POTCHEFSTROOM,,
335,DE BEER,DEBEER,DE BEER,ZACHARIAS CHRISTIAAN SR,Zacharias Christiaan Sr,a2b5c7d1,a2b5c7d1,DE BEERa2b5c7d1,,,,CAPE TOWN,10/01/1779,,1779,,1779,,,,18/01/1801,1801,JACOMINA ELISABETH,PRETORIUS,OOS-RIETRIVIER,SOMERSET,OCTOBER 1837,1837,JAN DU PLESSIS,,CRADOCK,,
336,DE BEER,DEBEER,DE BEER,ZACHARIAS CHRISTIAAN JR,Zacharias Christiaan Jr,a2b5c7d1e4,a2b5c7d1e4,DE BEERa2b5c7d1e4,,,,,16/12/1807,,1807,,1807,,,CRADOCK,05/11/825,/825,CATHARINA MARIA,DE KLERK,OOS-RIETRIVIER,SOMERSET,OCTOBER 1837,1837,JAN DU PLESSIS,WATERBERG,,,
337,DE BEER,DEBEER,DE BEER,JOHANNES CHRISTIAAN,Johannes Christiaan,a2b5c7d1e8,a2b5c7d1e8,DE BEERa2b5c7d1e8,,03/09/1816,1816,CRADOCK,10/08/1811,1816,1811,WATERBERG,1816,07/03/1876,1876,,,,MARIA MARGARETHA,DU PLESSIS,,SOMERSET,1837,1837,JAN DU PLESSIS,POTCHEFSTROOM,,,
338,DE BEER,DEBEER,DE BEER,HENDRIK STEPHANUS,Hendrik Stephanus,a2b5c7d1e9,a2b5c7d1e9,DE BEERa2b5c7d1e9,,,,,,,,,,,,CRADOCK,08/10/1838,1838,JOHANNA LOUISA,KRUGER,OOS-RIETRIVIER,SOMERSET,1837,1837,,,,,
339,DE BEER,DEBEER,DE BEER,CHRISTIAAN MARTHINUS SR,Christiaan Marthinus Sr,a2b5c7d3,a2b5c7d3,DE BEERa2b5c7d3,,,,,15/07/1783,,1783,,1783,,,TULBAGH,13/11/1803,1803,MARTHA CORNELIA,BEZUIDENHOUT,OOS-RIETRIVIER,SOMERSET,20/06/1837,1837,P. RETIEF,,,,
340,DE BEER,DEBEER,DE BEER,CHRISTIAAN MARTHINUS JR,Christiaan Marthinus Jr,a2b5c7d3e3,a2b5c7d3e3,DE BEERa2b5c7d3e3,,,,,25/02/1810,,1810,,1810,,,CRADOCK,03/02/1828,1828,HESTER CAROLINA,DE BEER,OOS-RIETRIVIER,SOMERSET,20/06/1837,1837,P. RETIEF,,POTCHEFSTROOM,,
341,DE BEER,DEBEER,DE BEER,JOHAN ADAM,Johan Adam,a2b5c7d3e5,a2b5c7d3e5,DE BEERa2b5c7d3e5,,28/06/1813,1813,GRAAFF-REINET,31/10/1813,1813,1813,,1813,,,CRADOCK,07/11/1836,1836,ELISABETH WILHELMINA GEERTRUIDA JOHANNA,VAN LOCHERENBERG,,SOMERSET,02/11/1837,1837,,NATAL,,,
342,DE BEER,DEBEER,DE BEER,ARNOLDUS STEPHANUS,Arnoldus Stephanus,a2b5c7d5,a2b5c7d5,DE BEERa2b5c7d5,,,,,10/02/1788,,1788,,1788,,,GRAAFF-REINET,25/03/1810,1810,ELISABETH MARIA,MULLER,BAVIAANSRIVIER,SOMERSET,OCTOBER 1837,1837,JAN DU PLESSIS,,,,
343,DE BEER,DEBEER,DE BEER,JOHANNES CHRISTOFFEL,Johannes Christoffel,a2b5c7d5e1,a2b5c7d5e1,DE BEERa2b5c7d5e1,,07/01/1811,1811,GRAAFF-REINET,15/04/1811,1811,1811,WATERBERG,1811,08/02/1894,1894,SOMERSET,25/10/1830,1830,THEUNISSINA CHRISTINA WILHELMINA CATHARINA ENGELA,DE KLERK,,BAVIAANS RIVER,OCTOBER 1837,1837,JAN DU PLESSIS,RUSTENBURG,,,
344,DE BEER,DEBEER,DE BEER,ZACHARIAS JACOBUS,Zacharias Jacobus,a2b5c7d5e2,a2b5c7d5e2,DE BEERa2b5c7d5e2,,15/09/1814,1814,GRAAFF-REINET,26/02/1815,1814,1815,,1814,,,SOMERSET,15/05/1836,1836,GEERTRUIDA JOHANNA,PRINSLOO,BAVIAANSRIVIER,SOMERSET,OCTOBER 1837,1837,JAN DU PLESSIS,"NATAL, POTCHEFSTROOM",,,
345,DE BEER,DEBEER,DE BEER,PIETER HENDRIK,Pieter Hendrik,a2b5c9d3e3,a2b5c9d3e3,DE BEERa2b5c9d3e3,,13/04/1815,1815,,07/06/1815,1815,1815,,1815,09/08/1861,1861,SWELLENDAM,25/12/1836,1836,NICOLASINA SUSANNA,PRINSLOO,,BEAUFORT,EARLY 1840'S,,,TRANSORANJE,,,
346,DE BEER,DEBEER,DE BEER,HENDRIK PETRUS JACOBUS,Hendrik Petrus Jacobus,a2b6c5d7,a2b6c5d7,DE BEERa2b6c5d7,,,,DRAKENSTEIN,04/03/1792,,1792,,1792,1846,1846,GRAAFF-REINET,04/09/1814,1814,HENDRIKA JACOBA,SWANEPOEL,NUWEVELD,BEAUFORT,26/05/1839,1839,P.D. JACOBS,MAGALIESBERG,,,
347,DE BEER,DEBEER,DE BEER,MATTHYS CHRISTOFFEL JOHANNES,Matthys Christoffel Johannes,a2b6c5d7e1,a2b6c5d7e1,DE BEERa2b6c5d7e1,,01/11/1815,1815,,08/07/1816,1815,1816,,1815,,,,,,ISABELLA CATHARINA JOHANNA,DORPHLING,,BEAUFORT,1838,1838,P.D. JACOBS,,POTCHEFSTROOM,,
348,DE BEER,DEBEER,DE BEER,HENDRIK PIETER JACOBUS,Hendrik Pieter Jacobus,a2b6c5d7e3,a2b6c5d7e3,DE BEERa2b6c5d7e3,,11/02/1823,1823,BEAUFORT,16/03/1823,1823,1823,RUSTENBURG,1823,20/12/1877,1877,,,,HESTER ALETTA MARIA,BOTHA,NUWEVELD,BEAUFORT,1838,1838,P.D. JACOBS,RUSTENBURG,,,
349,DE BEER,DEBEER,DE BEER,SAMUEL JACOBUS SR,Samuel Jacobus Sr,a2b6c5d8,a2b6c5d8,DE BEERa2b6c5d8,,,,,14/04/1793,,1793,POTCHEFSTROOM,1793,01/08/1878,1878,GRAAFF-REINET,07/08/1814,1814,ANNA JOHANNA ISABELLA,FOURIE,WINTERVELD,GRAAFF-REINET,JUNE 1839,1839,,OHRIGSTAD,,,
350,DE BEER,DEBEER,DE BEER,MATTHYS JOHANNES,Matthys Johannes,a2b6c5d8e2,a2b6c5d8e2,DE BEERa2b6c5d8e2,,15/07/1818,1818,,04/12/1818,1818,1818,RUSTENBURG,1818,19/03/1897,1897,,13/08/1837,1837,GESINA C,BESTER,WINTERVELD,GRAAFF-REINET,,,,POTCHEFSTROOM,,,
351,DE BEER,DEBEER,DE BEER,JOSEPH ERASMUS,Joseph Erasmus,a2b6c5d8e4,a2b6c5d8e4,DE BEERa2b6c5d8e4,,29/03/1822,1822,,,1822,,,1822,,,,,,ANNA CECILIA,HEYNEKE,WINTERVELD,GRAAFF-REINET,EARLY 1840'S,,,TRANSORANJE,POTCHEFSTROOM,,
352,DE BEER,DEBEER,DE BEER,SAMUEL JACOBUS JR,Samuel Jacobus Jr,a2b6c5d9e5,a2b6c5d9e5,DE BEERa2b6c5d9e5,,04/12/1825,1825,,21/03/1826,1825,1826,RUSTENBURG,1825,24/05/1885,1885,POTCHEFSTROOM,27/03/1854,1854,MARGARETHA SOPHIA JANETTA,SMIT,WINTERVELD,GRAAFF-REINET,1839,1839,,RUSTENBURG,,,
353,DE BEER,DEBEER,DE BEER,SAMUEL JACOBUS,Samuel Jacobus,a2b6c6d5,a2b6c6d5,DE BEERa2b6c6d5,UITENHAGE,25/10/1797,1797,DRAKENSTEIN,27/12/1798,1797,1798,VAN STADENSDRIF,1797,02/02/1872,1872,GRAAFF-REINET,27/10/1816,1816,ANNA SUSANNA,VAN DEN BERG,,GRAAFF-REINET,1838,1838,,TRANSORANJE,POTCHEFSTROOM,,
354,DE BEER,DEBEER,DE BEER,ABRAHAM SAMUEL JACOBUS,Abraham Samuel Jacobus,a2b6c6d5e2,a2b6c6d5e2,DE BEERa2b6c6d5e2,,03/09/1819,1819,BEAUFORT,05/12/1819,1819,1819,,1819,,,,,,CATHARINA MARIA ALETTA,BADENHORST,,BEAUFORT,,,,PIETERMARITZBURG (1842),,,
355,DE BEER,DEBEER,DE BEER,JACOBUS FREDERIK,Jacobus Frederik,a2b6c6d5e3,a2b6c6d5e3,DE BEERa2b6c6d5e3,,10/08/1821,1821,BEAUFORT,07/10/1821,1821,1821,,1821,,,,,,JOHANNA CATHARINA,VAN DER MERWE,,BEAUFORT,EARLY 1840'S,,,TRANSORANJE,,,
356,DE BEER,DEBEER,DE BEER,JACOBUS FREDERIK,Jacobus Frederik,a2b6c6d7,a2b6c6d7,DE BEERa2b6c6d7,,30/11/1802,1802,,11/04/1803,1802,1803,,1802,,,BEAUFORT,06/10/1823,1823,CHRISTINA HELENA,BOTES,,BEAUFORT,1837,1837,P.L. UYS,OHRIGSTAD,,,
357,DE BEER,DEBEER,DE BEER,WIETSE,Wietse,a2b6c6d7e2,a2b6c6d7e2,DE BEERa2b6c6d7e2,,04/06/1825,1825,,03/10/1825,1825,1825,,1825,,,,06/10/1847,1847,HANSJE ALETTA,VAN DEN BERG,,BEAUFORT,1837,1837,P.L. UYS,LADYSMITH,,,
358,DE BEER,DEBEER,DE BEER,FREDERIK COENRAAD,Frederik Coenraad,a2b6c7d1e1,a2b6c7d1e1,DE BEERa2b6c7d1e1,,10/06/1811,1811,GRAAFF-REINET,20/06/1811,1811,1811,,1811,,,GRAAFF-REINET,08/05/1831,1831,CHRISTINA JOHANNA,HORN,,COLESBERG,EARLY 1840'S,,,TRANSORANJE,,,
359,DE BEER,DEBEER,DE BEER,ZACHARIAS JOSEPH,Zacharias Joseph,a2b6c9d4,a2b6c9d4,DE BEERa2b6c9d4,,23/12/1801,1801,TULBAGH,16/03/1802,1801,1802,,1801,,,BEAUFORT,07/09/1823,1823,ANNA CHRISTINA HERMINA,DE BEER,NUWEVELD,BEAUFORT,1839,1839,,POTCHEFSTROOM,,,
360,DE BEER,DEBEER,DE BEER,MATTHYS JOHANNES STEPHANUS,Matthys Johannes Stephanus,a2b9c5d2,a2b9c5d2,DE BEERa2b9c5d2,,,,,04/10/1801,,1801,KWAMATHIWANE,1801,06/02/1838,1838,CRADOCK,13/08/1820,1820,RACHEL SUSANNA,GEERE,WINTERHOEK,ALBANY,FEBRUARY 1837,1837,P. RETIEF,,CRADOCK,,
361,DE BEER,DEBEER,DE BEER,JAN MATTHYS,Jan Matthys,a2b5c4d5e4,a2b5c4d5e4,DE BEERa2b5c4d5e4,,17/08/1813,1813,GRAAFF-REINET,01/01/1815,1813,1815,,1813,,,CRADOCK,08/06/1834,1834,CATHARINA JOHANNA GEERTRUIDA,HEFER,,CRADOCK,EARLY 1840'S,,,TRANSORANJE,,,
362,DE BEER,DEBEER,DE BEER,JOHANNES MATTHYS,Johannes Matthys,a2b5c4d8e1,a2b5c4d8e1,DE BEERa2b5c4d8e1,,1812,1812,GRAAFF-REINET,22/07/1811,1812,1811,LYDENBURG,1812,08/06/1875,1875,CRADOCK,02/03/1834,1834,ELSIE MAGDALENA,JORDAAN,TARKA,SOMERSET,1836,1836,P.J. COETSER,OHRIGSTAD,,,
363,DE BEER,DEBEER,DE BEER,JOHANNES HENDRIK,Johannes Hendrik,a2b5c7d9,a2b5c7d9,DE BEERa2b5c7d9,,,,,16/05/1802,,1802,,1802,,,CRADOCK,07/03/1824,1824,MARTHA LOUISA,ERASMUS,,SOMERSET,20/06/1837,1837,P. RETIEF,,,,
364,DE BEER,DEBEER,DE BEER,BAREND PETRUS,Barend Petrus,a2b6c7d2,a2b6c7d2,DE BEERa2b6c7d2,,,,,02/11/1790,,1790,,1790,,,GRAAFF-REINET,29/05/1808,1808,HENDRINA CECILIA,STEENKAMP,,GRAAFF-REINET,EARLY 1840'S,,,TRANSORANJE,,,
365,DE BRUYN,DEBRUYN,DE BRUYN,HENDRIK JACOBUS,Hendrik Jacobus,a1b5c10d1e1,a1b5c10d1e1,DE BRUYNa1b5c10d1e1,,01/11/1825,1825,CRADOCK,26/12/1825,1825,1825,AMERFOORT,1825,31/03/1908,1908,,JANUARY 1844,1844,SUSANNA PETRONELLA JOHANNA,SWART,TARKA,CRADOCK,,,,NATAL (1845),WAKKERSTROOM,,
366,DE BRUYN,DEBRUYN,DE BRUYN,HENDRIK JACOBUS,Hendrik Jacobus,a1b5c5d1,a1b5c5d1,DE BRUYNa1b5c5d1,,13/01/1795,1795,PAARL,26/08/1795,1795,1795,ROUXVILLE,1795,01/08/1883,1883,GRAAFF-REINET,03/04/1814,1814,JOHANNA JACOBA,COETZER,TARKA,SOMERSET,02/11/1837,1837,JAN DU PLESSIS,TRANSORANJE,,,
367,DE BRUYN,DEBRUYN,DE BRUYN,JAN,Jan,a1b5c5d1e2,a1b5c5d1e2,DE BRUYNa1b5c5d1e2,,01/10/1816,1816,GRAAFF-REINET,05/01/1817,1816,1817,,1816,,,CRADOCK,04/08/1833,1833,CATHARINA ELISABETH,NEETHLING,TARKA,SOMERSET,02/11/1837,1837,JAN DU PLESSIS,"NATAL, SMITHFIELD",PIETERMARITZBURG,,
368,DE BRUYN,DEBRUYN,DE BRUYN,PHILLIPPUS JEREMIAS,Phillippus Jeremias,a1b5c5d1e5,a1b5c5d1e5,DE BRUYNa1b5c5d1e5,,03/07/1822,1822,CRADOCK,03/11/1822,1822,1822,,1822,,,CRADOCK,21/04/1844,1844,MARIA ELISABETH,KLOPPER,TARKA,SOMERSET,1837,1837,JAN DU PLESSIS,,,,
369,DE BRUYN,DEBRUYN,DE BRUYN,HENDRIK JOHANNES,Hendrik Johannes,a1b5c5d1e6,a1b5c5d1e6,DE BRUYNa1b5c5d1e6,,04/12/1823,1823,CRADOCK,07/03/1824,1823,1824,KROONSTAD,1823,07/08/1885,1885,CRADOCK,24/04/1842,1842,HESTER,DE BRUIN,TARKA,SOMERSET,APRIL 1842,1842,,TRANSORANJE,,,
370,DE BRUYN,DEBRUYN,DE BRUYN,JAN,Jan,a1b5c5d8,a1b5c5d8,DE BRUYNa1b5c5d8,,13/12/1814,1814,GRAAFF-REINET,09/04/1815,1814,1815,,1814,,,CRADOCK,04/08/1833,1833,ANNA SUSANNA,JORDAAN,TARKA,SOMERSET,02/11/1837,1837,JAN DU PLESSIS,SMITHFIELD,,,
371,DE BRUYN,DEBRUYN,DE BRUYN,PETRUS FREDERIK BARENDSE,Petrus Frederik Barendse,a1b5c1d9,a1b5c1d9,DE BRUYNa1b5c1d9,,10/03/1799,1799,GRAAFF-REINET,25/08/1799,1799,1799,LICHTENBURG,1799,23/09/1890,1890,CRADOCK,13/09/1818,1818,PHILIPINA MARIA CHARLOTTA,SCHUTTE,TARKA,SOMERSET,02/11/1837,1837,JAN DU PLESSIS,LICHTENBURG,,BLOEDRIVIER,
372,DE JAGER,DEJAGER,DE JAGER,KLAAS MARTHINUS,Klaas Marthinus,b1,a1b1,DE JAGERa1b1,,20/04/1801,1801,,,1801,,,1801,15/05/1883,1883,UITENHAGE,03/01/1825,1825,MARIA ELISABETH MARGARETHA,OOSTHUIZEN,ONDER-BOESMANSRIVIER,UITENHAGE,NOVEMBER 1836,1836,J.S. MARITZ,NATAL,,,
373,DE JAGER,DEJAGER,DE JAGER,LODEWYK SR,Lodewyk Sr,b1c11d5,a1b1c11d5,DE JAGERa1b1c11d5,,,,,03/02/1782,,1782,,1782,,,CAPE TOWN,04/12/1803,1803,ENGELA ADRIANA,VAN NIEKERK,ONDER-BOESMANSRIVIER,UITENHAGE,NOVEMBER 1836,1836,J.S. MARITZ,NATAL,,,
374,DE JAGER,DEJAGER,DE JAGER,J.G.,J.G.,b1c11d5e?,a1b1c11d5e?,DE JAGERa1b1c11d5e?,,,,,,,,,,,,,,,,,ONDER-BOESMANSRIVIER,UITENHAGE,NOVEMBER 1836,1836,J.S. MARITZ,,,>16,
375,DE JAGER,DEJAGER,DE JAGER,LODEWYK JR,Lodewyk Jr,b1c11d5e2,a1b1c11d5e2,DE JAGERa1b1c11d5e2,,,,STELLENBOSCH,15/05/1806,,1806,,1806,,,UITENHAGE,06/04/1823,1823,ISABELLA ALETTA,FOURIE,ONDER-BOESMANSRIVIER,UITENHAGE,NOVEMBER 1837,1837,J.S. MARITZ,NATAL,,,
376,DE JAGER,DEJAGER,DE JAGER,GERHARDUS WILHELMUS,Gerhardus Wilhelmus,b1c11d5e3,a1b1c11d5e3,DE JAGERa1b1c11d5e3,,11/03/1808,1808,,18/05/1809,1808,1809,,1808,,,,,,MARIA ELISABETH PETRONELLA FRANCINA,FOURIE,ONDER-BOESMANSRIVIER,UITENHAGE,12/06/1837,1837,J.S. MARITZ/G.J RUDOLPH,NATAL,UTRECHT,,
377,DE JAGER,DEJAGER,DE JAGER,JOHANNES WILHELMUS,Johannes Wilhelmus,b1c11d5e7,a1b1c11d5e7,DE JAGERa1b1c11d5e7,,04/01/1818,1818,UITENHAGE,22/02/1818,1818,1818,NATAL,1818,23/09/1902,1902,,,,SUSANNA SOPHIA,LANDMAN,ONDER-BOESMANSRIVIER,UITENHAGE,NOVEMBER 1836,1836,J.S. MARITZ,,,DOGTER K.LANDMAN,
378,DE JAGER,DEJAGER,DE JAGER,ANDRIES PETRUS,Andries Petrus,b1c11d6,a1b1c11d6,DE JAGERa1b1c11d6,,,,,14/11/1788,,1788,,1788,,,SWELLENDAM,07/09/1817,1817,CORNELIA GEERTRUIDA,BRITS,GAMTOOS,UITENHAGE,12/06/1837,1837,P.L. UYS,NATAL,,MLAZIRIVER,
379,DE JAGER,DEJAGER,DE JAGER,LODEWYK JOHANNES,Lodewyk Johannes,b1c11d6e1,a1b1c11d6e1,DE JAGERa1b1c11d6e1,,18/08/1818,1818,UITENHAGE,31/10/1818,1818,1818,,1818,,,,,,SUSARA ELISABETH,VAN NIEKERK,GAMTOOS,UITENHAGE,APRIL 1837,1837,P.L. UYS,,,,
380,DE JAGER,DEJAGER,DE JAGER,JOHANNES JACOB,Johannes Jacob,b1c11d6e3,a1b1c11d6e3,DE JAGERa1b1c11d6e3,,24/03/1822,1822,UITENHAGE,23/05/1822,1822,1822,,1822,,,,,,HESTER MAGDALENA,POTGIETER,GAMTOOS,UITENHAGE,APRIL 1837,1837,P.L. UYS,,,,
381,DE JAGER,DEJAGER,DE JAGER,FREDERIK JOHANNES,Frederik Johannes,b1c11d7,a1b1c11d7,DE JAGERa1b1c11d7,,02/04/1792,1792,STELLENBOSCH,04/11/1792,1792,1792,NEWCASTLE,1792,04/10/1863,1863,GEORGE,12/11/1815,1815,SUSANNA CATHARINA,MEYER,GAMTOOS,UITENHAGE,12/06/1837,1837,P.L. UYS,NATAL,,BLOEDRIVIER,
382,DE JAGER,DEJAGER,DE JAGER,LODEWYK PETRUS,Lodewyk Petrus,b1c11d7e1,a1b1c11d7e1,DE JAGERa1b1c11d7e1,,31/08/1816,1816,,26/01/1817,1816,1817,,1816,,,PIETERMARITZBURG,16/03/1839,1839,SUSANNA,NEL,GAMTOOS,UITENHAGE,APRIL 1837,1837,P.L. UYS,,,,
383,DE JAGER,DEJAGER,DE JAGER,IZAK,Izak,b1c11d7e4,a1b1c11d7e4,DE JAGERa1b1c11d7e4,UITENHAGE,09/07/1822,1822,UITENHAGE,18/08/1822,1822,1822,UTRECHT,1822,16/09/1910,1910,,26/10/1845,1845,ELISABETH MARGARETHA HERMINA,SPIES,GAMTOOS,UITENHAGE,APRIL 1837,1837,P.L. UYS,TRANSORANJE,,,
384,DE JAGER,DEJAGER,DE JAGER,ANDREAS JOHANNES,Andreas Johannes,b1c9d1,a1b1c9d1,DE JAGERa1b1c9d1,,,,,08/10/1774,,1774,LADYBRAND,1774,25/04/1854,1854,CAPE TOWN,01/11/1801,1801,JACOBA CATHARINA,OOSTHUIZEN,ONDER-DUIVENHOKSRIVIER,SWELLENDAM,12/05/1838,1838,,,SWELLENDAM,,
385,DE JAGER,DEJAGER,DE JAGER,CHRISTIAAN LODEWIKUS,Christiaan Lodewikus,b1c9d1e4,a1b1c9d1e4,DE JAGERa1b1c9d1e4,,02/08/1807,1807,,29/11/1807,1807,1807,LADYBRAND,1807,07/07/1891,1891,UITENHAGE,17/11/1831,1831,DOROTHEA MARIA,DU PREEZ,ONDER-DUIVENHOKSRIVIER,SWELLENDAM,1838,1838,,NATAL,,,
386,DE JAGER,DEJAGER,DE JAGER,FRANS ABRAHAM JURGEN,Frans Abraham Jurgen,b3,a1b3,DE JAGERa1b3,,18/12/1809,1809,,,1809,,UMSINGA,1809,15/08/1877,1877,UITENHAGE,26/12/1830,1830,SUSANNA MARGARETHA,DU PREEZ,ONDER-BOESMANSRIVIER,UITENHAGE,NOVEMBER 1836,1836,J.S. MARITZ,NATAL,,,
387,DE JAGER,DEJAGER,DE JAGER,ABRAHAM JOHANNES,Abraham Johannes,b6c3d7,a1b6c3d7,DE JAGERa1b6c3d7,,03/11/1797,1797,,02/09/1798,1797,1798,TRANSORANJE,1797,06/10/1843,1843,BEAUFORT,,,CORNELIA AGATHA WILHELMINA,HASSELBACH,NUWEVELD,BEAUFORT,JULY 1837,1837,JACOB DE KLERK,TRANSORANJE,,,
388,DE JAGER,DEJAGER,DE JAGER,LOURENS,Lourens,b8c3d5e1,a1b8c3d5e1,DE JAGERa1b8c3d5e1,,,,,19/09/1797,,1797,,1797,,,SWELLENDAM,08/04/1821,1821,MARGARETHA ALIDA,JACOBS,ONDER-DUIVENHOKSRIVIER,SWELLENDAM,27/06/1838,1838,,OHRIGSTAD,,TREK?,
389,DE JAGER,DEJAGER,DE JAGER,L,L,b8c8d2,a1b8c8d2,DE JAGERa1b8c8d2,,,,,,,,,,,,,,,JOHANNA,BRITA,TARKA,CRADOCK,26/06/1838,1838,,,,,
390,DE JAGER,DEJAGER,DE JAGER,LOUIS,Louis,b9c3d5,a1b9c3d5,DE JAGERa1b9c3d5,,08/10/1775,1775,,,1775,,,1775,,,,27/09/1795,1795,FRANCINA,STEYN,ONDER-DUIVENHOKSRIVIER,SWELLENDAM,02/07/1838,1838,,,,TREK?,
391,DE JAGER,DEJAGER,DE JAGER,LOURENS JOSEPHUS,Lourens Josephus,b9c3d5e1f3,a1b9c3d5e1f3,DE JAGERa1b9c3d5e1f3,,25/11/1825,1825,SWELLENDAM,19/02/1826,1825,1826,,1825,,,,,,,,ONDER-DUIVENHOKSRIVIER,SWELLENDAM,1838,1838,,,,TREK?,
392,DE KLERK,DEKLERK,DE KLERK,THEUNIS CHRISTIAAN,Theunis Christiaan,b4c1d8e6,a1b4c1d8e6,DE KLERKa1b4c1d8e6,,22/11/1815,1815,UITENHAGE,03/03/1816,1815,1816,,1815,,,SOMERSET,28/04/1832,1832,MARIA ANNA CHRISTINA,PRETORIUS,OOS-RIETRIVIER,SOMERSET,OCTOBER 1837,1837,JAN DU PLESSIS,,,,
393,DE KLERK,DEKLERK,DE KLERK,CORNELIUS JOHANNES,Cornelius Johannes,b6c3d11,a1b6c3d11,DE KLERKa1b6c3d11,,,,GRAAFF-REINET,02/11/1805,,1805,,1805,,,BEAUFORT,08/01/1826,1826,MARIA JACOMINA,VAN STADEN,NUWEVELD,BEAUFORT,JULY 1837,1837,JACOB DE KLERK,,,,
394,DE KLERK,DEKLERK,DE KLERK,IZAK JOHANNES,Izak Johannes,b6c3d12,a1b6c3d12,DE KLERKa1b6c3d12,,,,GRAAFF-REINET,22/05/1808,,1808,KWAMATHIWANE,1808,06/02/1838,1838,BEAUFORT,07/10/1826,1826,MARIA CATHARINA MARTHA GLOUDINA,CLAASSENS,NUWEVELD,BEAUFORT,JULY 1837,1837,JACOB DE KLERK,,,,
395,DE KLERK,DEKLERK,DE KLERK,JOHANNES CHRISTIAAN,Johannes Christiaan,b6c3d13,a1b6c3d13,DE KLERKa1b6c3d13,,,,GRAAFF-REINET,23/04/1810,,1810,KWAMATHIWANE,1810,06/02/1838,1838,BEAUFORT,23/05/1830,1830,MARIA SOPHIA,ROOS,NUWEVELD,BEAUFORT,JULY 1837,1837,JACOB DE KLERK,MOOI RIVER,,,
396,DE KLERK,DEKLERK,DE KLERK,BAREND JACOBUS,Barend Jacobus,b6c3d17,a1b6c3d17,DE KLERKa1b6c3d17,,06/01/1819,1819,GRAAFF-REINET,24/03/1819,1819,1819,,1819,,,A.H. POTGIETER POTCHEFSTROOM,07/06/1840,1840,SARA ISABELLA ELISABETH,VAN DYK,,BEAUFORT,,,A.H. POTGIETER,POTCHEFSTROOM,,,
397,DE KLERK,DEKLERK,DE KLERK,JACOB JR,Jacob Jr,b6c3d5,a1b6c3d5,DE KLERKa1b6c3d5,,18/12/1791,1791,GRAAFF-REINET,25/11/1792,1791,1792,LYDENBURG,1791,12/05/1881,1881,GRAAFF-REINET,28/06/1813,1813,ANNA SUSANNA,VAN DEN BERG,NUWEVELD,BEAUFORT,JULY 1837,1837,,KLERKSDROP,,,1 (11)
398,DE KLERK,DEKLERK,DE KLERK,JACOB,Jacob,b6c3d5e5,a1b6c3d5e5,DE KLERKa1b6c3d5e5,,10/02/1824,1824,BEAUFORT,15/02/1824,1824,1824,,1824,,,,,,MARIA SOPHIA,JANSE VAN VUUREN,NUWEVELD,BEAUFORT,JULY 1837,1837,JACOB DE KLERK,,,"LANDDROS, LYDENBURG",
399,DE KLERK,DEKLERK,DE KLERK,JACOB SR,Jacob Sr,b6c3,a1b6c3,DE KLERKa1b6c3,,,,,25/04/1757,,1757,,1757,,,,02/02/1783,1783,JOHANNA CHRISTINA,STEENKAMP,NUWEVELD,BEAUFORT,JULY 1837,1837,JACOB DE KLERK,OHRIGSTAD,,,
400,DE LA REY,DELAREY,DE LA REY,JACOBUS HERCULAS,Jacobus Herculas,b2,a1b2,DE LA REYa1b2,,,,SWELLENDAM,04/10/1801,,1801,VET RIVER,1801,29/07/1858,1858,SWELLENSAM,13/07/1823,1823,MARIA ELISABETH,VAN COLLER,TRADOUW,SWELLENDAM,1839,1839,,KLERKSDORP,,,
401,DE LANGE,DELANGE,DE LANGE,ADRIAAN JACOBUS JR,Adriaan Jacobus Jr,a2b10c3d1,a2b10c3d1,DE LANGEa2b10c3d1,,21/02/1821,1821,CRACODCK,07/04/1821,1821,1821,,1821,,,,,,CATHARINA ALETTA,MARNEWICK,TARKA,SOMERSET,MID 1837,1837,J.H. DE LANGE,OHRIGSTAD,,,
402,DE LANGE,DELANGE,DE LANGE,ROBERTUS BURNET,Robertus Burnet,a2b10c5,a2b10c5,DE LANGEa2b10c5,,,,,24/04/1806,,1806,UMVOTI,1806,25/08/1880,1880,SOMERSET,03/12/1826,1826,ENGELA MARGARETHA,LOMBARD,BO-BOESMANSRIVIER,SOMERSET,MID 1837,1837,J.H. DE LANGE,UMVOTI,,,
403,DE LANGE,DELANGE,DE LANGE,BAREND JACOBUS,Barend Jacobus,a2b10c6,a2b10c6,DE LANGEa2b10c6,,16/09/1808,1808,GRAAFF-REINET,23/10/1808,1808,1808,HARRISMITH,1808,1884,1884,,,,ANNA CORNELIA MARIA,MYNHARDT,BO-BOESMANSRIVIER,SOMERSET,MID 1837,1837,J.H. DE LANGE,NATAL,,,
404,DE LANGE,DELANGE,DE LANGE,BAREND JACOBUS,Barend Jacobus,a2b3c6,a2b3c6,DE LANGEa2b3c6,,,,GRAAFF-REINET,16/03/1794,,1794,,1794,,,GRAAFF-REINET,20/07/1817,1817,PETRONELLA,PRINSLOO,OOS-RIETRIVIER,SOMERSET,,,,NATAL (1839),,,
405,DE LANGE,DELANGE,DE LANGE,ADRIAAN,Adriaan,a2b3c7,a2b3c7,DE LANGEa2b3c7,,,,GRAAFF-REINET,16/03/1794,,1794,,1794,,,GRAAFF-REINET,09/01/1815,1815,HESTER ELIZABETH LORET,ERASMUS,BRAKRIVIER,SOMERSET,,,,,,,
406,DE LANGE,DELANGE,DE LANGE,JOHANNES HENDRIK,Johannes Hendrik,a2b3c7d1,a2b3c7d1,DE LANGEa2b3c7d1,SOMERSET,01/11/1815,1815,GEORGE,02/11/1815,1815,1815,CARLETONVILLE,1815,12/07/1884,1884,,,,JACOBA FRANSIENA WILHELMINA,COETZEE,BRAKRIVIER,SOMERSET,,,,,,,
407,DE LANGE,DELANGE,DE LANGE,ADRIAAN,Adriaan,a2b5c7,a2b5c7,DE LANGEa2b5c7,,,,,22/06/1800,,1800,,1800,,,GRAHAMSTOWN,04/04/1824,1824,ELIZABETH MAGDALENA,JOUBERT,,CRADOCK,,,,OHRIGSTAD,,,
408,DE LANGE,DELANGE,DE LANGE,ADRIAAN,Adriaan,a2b10,a2b10,DE LANGEa2b10,,,,,07/03/1773,,1773,,1773,,,CAPE TOWN,11/04/1790,1790,MARIA SUSANNA,VENTER,OOS-RIETRIVIER,SOMERSET,SEPTEMBER 1837,1837,L.J MEYER/J.H. DE LANGE,,CAPE TOWN,,
409,DE LANGE,DELANGE,DE LANGE,ADRIAAN JACOBUS,Adriaan Jacobus,a2c10c3,a2c10c3,DE LANGEa2c10c3,,01/10/1801,1801,GRAAFF-REINET,25/11/1801,1801,1801,,1801,,,UITENHAGE,09/01/1820,1820,ELISABETH JOHANNA,ENGELBRECHT,TARKA,SOMERSET,MID 1837,1837,J.H. DE LANGE,OHRIGSTAD,,,
410,DE MEYER,DEMEYER,DE MEYER,JACOBUS WILLEM,Jacobus Willem,a1b1c2d5e3,a1b1c2d5e3,DE MEYERa1b1c2d5e3,,,,,6/11/1791,,1791,,1791,,,GRAAFF-REINET,8/3/1812,1812,JACOBA ELISABETH,MEINTJES,(?) BRAKRIVIER,SOMERSET,AROUND AUGUST 1837 (?),(?),(?) P.L. UYS,,,,
411,DE MEYER,DEMEYER,DE MEYER,OLOF ABARAHAM,Olof Abaraham,a1b1c2d5e3f1,a1b1c2d5e3f1,DE MEYERa1b1c2d5e3f1,,27/5/1811,1811,GRAAFF-REINET,3/3/1812,1811,1812,,1811,,,CRADOCK,8/8/1830,1830,SUSANNA CATHARINA GERTRUIDA,BADENHORST,BRAKRIVIER,SOMERSET,AROUND AUGUST 1837,1837,P.L. UYS,,,,
412,DE MEYER,DEMEYER,DE MEYER,JACOBUS PETRUS,Jacobus Petrus,a1b1c2d5e3f3,a1b1c2d5e3f3,DE MEYERa1b1c2d5e3f3,,12/5/1815,1815,GRAAFF-REINET,30/10/1815,1815,1815,,1815,,,CRADOCK,22/3/1835,1835,NEELTJE,VISSER,(?) BRAKRIVIER,SOMERSET,AROUND AUGUST 1837 (?),(?),(?) P.L. UYS,,,,
413,DE MEYER,DEMEYER,DE MEYER,WILLEM ALBERTUS,Willem Albertus,a1b3c2d5e3f3,a1b3c2d5e3f3,DE MEYERa1b3c2d5e3f3,,,,,,,,,,,,,7/10/1833,1833,ELSJE JOHANNA,MEINTJES,BRAKRIVIER,SOMERSET,(?) AUGUST 1837,1837,P.L. UYS,TRANSORANJE,,,
414,DE NECKER,DENECKER,DE NECKER,PIETER HENDRIKUS,Pieter Hendrikus,b2c1d1,a1b2c1d1,DE NECKERa1b2c1d1,,,,,21/09/1771,,1771,,1771,,,,17/02/1799,1799,ELISABETH MARIA,VAN COLLER,ONDER-DUIVENHOKSRIVIER,SWELLENDAM,11/07/1837,1837,,,,,
415,DE NECKER,DENECKER,DE NECKER,ADRIAAN FRANCOIS,Adriaan Francois,b2c1d1e1,a1b2c1d1e1,DE NECKERa1b2c1d1e1,,,,,16/04/1800,,1800,,1800,,,SWELLENDAM,03/10/1824,1824,MARTHA HERMINA,DE JAGER,BO-DUIVENHOKSRIVIER,SWELLENDAM,11/07/1837,1837,,HARRISMITH,,,
416,DE NECKER,DENECKER,DE NECKER,JOHANNES DANIEL JACOBUS,Johannes Daniel Jacobus,b2c1d1e2,a1b2c1d1e2,DE NECKERa1b2c1d1e2,,,,,04/06/1803,,1803,,1803,,,SWELLENDAM,08/04/1827,1827,ELISABETH MARIA,BEUKES,ONDER-DUIVENHOKSRIVIER,SWELLENDAM,11/07/1837,1837,,,,TREK?,
417,DE NECKER,DENECKER,DE NECKER,PIETER JOSUA,Pieter Josua,b2c1d1e3,a1b2c1d1e3,DE NECKERa1b2c1d1e3,,,,SWELLENDAM,02/10/1808,,1808,KROONSTAD,1808,05/06/1892,1892,SWELLENDAM,26/12/1829,1829,JOHANNA MARGARETHA,VAN COLLER,TRADOUW,SWELLENDAM,20/07/1837,1837,,KROONSTAD,,,
418,DE VILLIERS,DEVILLIERS,DE VILLIERS,JACOB PIETER DANIEL,Jacob Pieter Daniel,a3b6c4d1e3f1,a3b6c4d1e3f1,DE VILLIERSa3b6c4d1e3f1,FRANSCHHOEK,30/05/1802,1802,PAARL,25/07/1802,1802,1802,OHRIGSTAD,1802,1846,1846,PAARL,04/09/1830,1830,MAGDALENA ELIZABETH,DE VILLIERS,LA DAUPHINE,FRANSCHHOEK,1838,1838,,NATAL,,,
419,DE VLAMINGH,DEVLAMINGH,DE VLAMINGH,TOBIAS JAN,Tobias Jan,b1c2d2,a1b1c2d2,DE VLAMINGHa1b1c2d2,,,,,02/11/1783,,1783,,1783,,,,,,HENDRINA MARGARETHA,VAN DYK,,,1838,1838,,NATAL,,,
420,DE WAAL,DEWAAL,DE WAAL,DANIEL THEODORUS,Daniel Theodorus,b17c8d2,a1b17c8d2,DE WAALa1b17c8d2,,30/07/1820,1820,UITENHAGE,06/08/1820,1820,1820,PARYS,1820,12/01/1900,1900,PIETERMARITZBURG,09/09/1845,1845,CATHARINA CLASINA,MEYER,,UITENHAGE,,,,NATAL (1840),,,
421,DE WAAL,DEWAAL,DE WAAL,DANIEL JACOBUS,Daniel Jacobus,b3c3d8e5,a1b3c3d8e5,DE WAALa1b3c3d8e5,,31/03/1823,1823,WORCESTER,04/1823,1823,1823,HARRISMITH,1823,09/07/1885,1885,PIETERMARITZBURG,16/08/1847,1847,REGINA CATHARINA,KRIEL,,,,,,NATAL (1840),HARRISMITH,,
422,DE WAAL,DEWAAL,DE WAAL,PIETER JACOBUS,Pieter Jacobus,b3c3d8e6,a1b3c3d8e6,DE WAALa1b3c3d8e6,,19/10/1824,1824,,,1824,,,1824,,,PIETERMARITZBURG,28/02/1848,1848,MARIA ELISABETH,MARITZ,,WORCESTER,,,GERT MARITZ,NATAL,,,
423,DE WAAL,DEWAAL,DE WAAL,JOHANNES AREND,Johannes Arend,b3c3d8e7,a1b3c3d8e7,DE WAALa1b3c3d8e7,,1816,1816,,,1816,,,1816,,,,,,HESTER MARIA,VAN DER MERWE,,WORCESTER,,,,NATAL (1840),,,
424,DE WET,DEWET,DE WET,PIETER,Pieter,b1c2d3e2,a1b1c2d3e2,DE WETa1b1c2d3e2,,,,,15/09/1776,,1776,"BLOUKRANS RIVER, NATAL",1776,17/02/1838,1838,,,,MARIA SUSANNA,BOTHA,VISRIVIER,ALBANY,1837,1837,P. RETIEF,,,,
425,DE WET,DEWET,DE WET,PIETER RUDOLPH,Pieter Rudolph,b1c2d3e2f1,a1b1c2d3e2f1,DE WETa1b1c2d3e2f1,,,,GRAAFF-REINET,05/07/1795,,1795,,1795,,,,,,HESTER ELIZABETH,JANSE VAN VUUREN,TARKA,SOMERSET,1837,1837,"P. RETIEF, JAN DU PLESSIS",,GRAHAMSTOWN,,
426,DE WET,DEWET,DE WET,HENDRIK FRANCOIS,Hendrik Francois,b1c2d3e2f11,a1b1c2d3e2f11,DE WETa1b1c2d3e2f11,,21/03/1816,1816,GRAAFF-REINET,04/08/1816,1816,1816,KWAMATHIWANE,1816,06/02/1838,1838,,,,,,VISRIVIER,ALBANY,1837,1837,P. RETIEF,NATAL,,,
427,DE WET,DEWET,DE WET,CHRISTOFFEL JOHANNES,Christoffel Johannes,b1c2d3e2f7,a1b1c2d3e2f7,DE WETa1b1c2d3e2f7,,31/08/1806,1806,,19/04/1807,1806,1807,,1806,,,CRADOCK,08/02/1829,1829,MARIA PETRONELLA,STEENKAMP,VISRIVIER,ALBANY,1837,1837,P. RETIEF,NATAL,,,
428,DE WET,DEWET,DE WET,JOHANNES MARTHINUS,Johannes Marthinus,b1c2d5e5f1,a1b1c2d5e5f1,DE WETa1b1c2d5e5f1,,15/02/1815,1815,,14/01/1816,1815,1816,KWAMATHIWANE,1815,06/02/1838,1838,,,,ANNA MARGARETHA,ROOS,BRAKRIVIER,SOMERSET,1837,1837,,TRANSORANJE,,,
429,DE WET,DEWET,DE WET,JACOBUS IGNATIUS,Jacobus Ignatius,b1c2d5e5f4,a1b1c2d5e5f4,DE WETa1b1c2d5e5f4,,28/04/1821,1821,BEAUFORT,20/05/1821,1821,1821,,1821,30/03/1899,1899,,08/10/1842,1842,ANNA CATHARINA CECILIA,NORTJE,BRAKRIVIER,SOMERSET,EARLY 1840'S,,,BETHAL,KROONSTAD,,
430,DE WINNAAR,DEWINNAAR,DE WINNAAR,JAN HENDRIK,Jan Hendrik,b1c2,a1b1c2,DE WINNAARa1b1c2,CANGO,26/02/1797,1797,,,1797,,ZASTRON,1797,10/03/1874,1874,CRADOCK,12/01/1822,1822,PHILIPPINA SUSANNA,KOTZE,,CRADOCK,1843,1843,FAMILY,ZASTRON?,,,
431,DE WINNAAR,DEWINNAAR,DE WINNAAR,CAREL STEPHANUS,Carel Stephanus,b1c5,a1b1c5,DE WINNAARa1b1c5,,17/08/1802,1802,SWELLENDAM,06/05/1804,1802,1804,,1802,,,CRADOCK,04/04/1831,1831,HESTER JOHANNA MAGDALENA CHRISTINA,KLOPPER,OOS-RIETRIVIER,SOMERSET,APRIL 1837,1837,,UTRECHT,,,
432,DE WIT,DEWIT,DE WIT,FREDERIK CHRISTOFFEL,Frederik Christoffel,b1c4d3,a1b1c4d3,DE WITa1b1c4d3,,1781,1781,TULBAGH,27/01/1782,1781,1782,OHRIGSTAD,1781,1864,1864,STELLENBOSCH,,,MARIA PETRONELLA,JONKER,,CRADOCK,,,A.H. POTGIETER,OHRIGSTAD (1845),,,
433,DE WIT,DEWIT,DE WIT,ABRAHAM FREDERIK,Abraham Frederik,b1c4d3e1,a1b1c4d3e1,DE WITa1b1c4d3e1,,09/11/1807,1807,TULBAGH,31/01/1808,1807,1808,OHRIGSTAD,1807,05/07/1828,1828,CRADOCK,10/07/1828,1828,CORNELIA MARIA SOPHIA,ELOFF,,SOMERSET,1836,1836,A.H. POTGIETER,OHRIGSTAD,,,
434,DELPORT,DELPORT,DELPORT,VOLCKERT JOHANNES,Volckert Johannes,b3c14d7,a1b3c14d7,DELPORTa1b3c14d7,,,,,28/10/1792,,1792,,1792,,,CRADOCK,02/11/1817,1817,ANNA BARBARA,BOTHA,BAVIAANSRIVIER,SOMERSET,1844,1844,,,,,
435,DELPORT,DELPORT,DELPORT,PETRUS JOHANNES,Petrus Johannes,b3c6d3e8,a1b3c6d3e8,DELPORTa1b3c6d3e8,,09/01/1821,1821,CRADOCK,20/03/1821,1821,1821,,1821,,,,,,ELISABETH JOHANNA PETRONELLA,PRETORIUS,,CRADOCK,EARLY 1840'S,40'S,,POTCHEFSTROOM,,,
436,DELPORT,DELPORT,DELPORT,JACOBUS PETRUS,Jacobus Petrus,b6c2d1e1,a1b6c2d1e1,DELPORTa1b6c2d1e1,,,,,14/05/1797,,1797,,1797,,,GRAAFF-REINET,07/04/1817,1817,ELIZABETH JACOBA,SMIT,TARKA,SOMERSET,02/11/1837,1837,,VAALRIVIER,,,
437,DELPORT,DELPORT,DELPORT,JACOBUS PETRUS DANIEL,Jacobus Petrus Daniel,b6c2d1e1f1,a1b6c2d1e1f1,DELPORTa1b6c2d1e1f1,,16/03/1818,1818,CRADOCK,20/09/1818,1818,1818,,1818,,,CRADOCK,01/05/1836,1836,ALETTA CATHARINA MARTHA,SCHUTTE,TARKA,SOMERSET,NOVEMBER 1837,1837,,POTCHEFSTROOM,,,
438,DELPORT,DELPORT,DELPORT,PETRUS JOHANNES LEOPOLDUS,Petrus Johannes Leopoldus,b6c2d1e1f3,a1b6c2d1e1f3,DELPORTa1b6c2d1e1f3,,10/07/1822,1822,CRADOCK,07/10/1822,1822,1822,,1822,,,,,,ELISABETH JOHANNA PETRONELLA,PRETORIUS,,CRADOCK,,,,POTCHEFSTROOM (1844),,,
439,DEYSEL,DEYSEL,DEYSEL,FREDERIK FRANCOIS,Frederik Francois,b6c1d3,a1b6c1d3,DEYSELa1b6c1d3,,03/08/1817,1817,GEORGE,24/08/1821,1817,1821,,1817,,,,,,HESTER REGINA,LUBBE,,,1840,1840,,WINBURG,,,
440,DEYSEL,DEYSEL,DEYSEL,MARTHINUS JACOBUS JURGEN,Marthinus Jacobus Jurgen,b6c1d5,a1b6c1d5,DEYSELa1b6c1d5,,12/01/1821,1821,BEAUFORT,115/07/1821,1821,1821,,1821,,,,,,MAGDALENA MARGARETHA ELISABETH,LUBBE,,BEAUFORT,1840,1840,,WINBURG,,,
441,DORFLING,DORFLING,DORFLING,JACOB BERNARD,Jacob Bernard,b4,a1b4,DORFLINGa1b4,,,,TULBAGH,12/12/1790,,1790,,1790,,,GRAAFF-REINET,26/05/1817,1817,ISABELLA CATHARINA MARIA,VAN STADEN,BAVIAANSRIVIER,UITENHAGE,1838,1838,,POTCHEFSTROOM,,,
442,DREYER,DREYER,DREYER,THOMAS FREDERIK,Thomas Frederik,b3c1d3e2,a1b3c1d3e2,DREYERa1b3c1d3e2,,21/06/1810,1810,GRAAFF-REINET,03/02/1811,1810,1811,"BLOUKRANS RIVER, NATAL",1810,17/02/1838,1838,,,,ANNA MARIA ELISABETH,KLOPPER,WINTERBERG,ALBANY,FEBRUARY 1837,1837,P. RETIEF,,,,
443,DREYER,DREYER,DREYER,THOMAS FREDERIK,Thomas Frederik,b4c1d1e2,a1b4c1d1e2,DREYERa1b4c1d1e2,,22/12/1815,1815,GEORGE,03/03/1816,1815,1816,RUSTENBURG,1815,05/07/1889,1889,BEAUFORT,31/07/1836,1836,SUSANNA JACOBA HENDRIKA ADRIANA,JANSE VAN RENSBURG,,COLESBERG,1840,1840,,RUSTENBURG,,,
444,DREYER,DREYER,DREYER,CHRISTIAAN LOURENS SR,Christiaan Lourens Sr,b4c1d3,a1b4c1d3,DREYERa1b4c1d3,,16/08/1787,1787,,03/07/1788,1787,1788,,1787,,,GRAAFF-REINET,16/08/1807,1807,CHRISTINA,STEYN,WINTERBERG,ALBANY,FEBRUARY 1837,1837,P. RETIEF,NATAL,POTCHEFSTROOM,,
445,DREYER,DREYER,DREYER,CHRISTIAAN,Christiaan,b4c1d3e4,a1b4c1d3e4,DREYERa1b4c1d3e4,,19/08/1814,1814,GRAAFF-REINET,23/04/1815,1814,1815,,1814,,,,,,MARTHA MAGDALENA,JANSE VAN RENSBURG,WINTERBERG,ALBANY,FEBRUARY 1837,1837,P. RETIEF,NATAL,,,
446,DREYER,DREYER,DREYER,LUCAS CORNELIS,Lucas Cornelis,b4c1d3e7,a1b4c1d3e7,DREYERa1b4c1d3e7,,10/12/1820,1820,CRADOCK,29/07/1821,1820,1821,,1820,31/05/1880,1880,PIETERMARITZBURG,1808/1839,1839,SARA JOHANNA,VILJOEN,WINTERBERG,ALBANY,FEBRUARY 1837,1837,P. RETIEF,NATAL,,,
447,DREYER,DREYER,DREYER,ROELOF PETRUS GERHARDUS,Roelof Petrus Gerhardus,b4c1d5,a1b4c1d5,DREYERa1b4c1d5,,01/12/1793,1793,GRAAFF-REINET,23/03/1794,1793,1794,BETHLEHEM,1793,18/07/1874,1874,GEORGE,18/07/1814,1814,HESTER MARTHA ALETTA,JANSE VAN VUUREN,OOS-RIETRIVIER,SOMERSET,FEBRUARY 1837,1837,P. RETIEF,NATAL,,,
448,DREYER,DREYER,DREYER,THOMAS FREDERIK HERMANUS,Thomas Frederik Hermanus,b4c1d5e4,a1b4c1d5e4,DREYERa1b4c1d5e4,,28/08/1825,1825,,,1825,,BOOMPLAATS,1825,04/09/1848,1848,,,,GEERTRUIDA JACOBA ELISABETH,ROBBERTSE,OOS-RIETRIVIER,SOMERSET,FEBRUARY 1837,1837,P. RETIEF,"NATAL, TRANSORANJE",,,
449,DREYER,DREYER,DREYER,MARTHINUS,Marthinus,b4c1d1e3,a1b4c1d1e3,DREYERa1b4c1d1e3,,28/01/1819,1819,CRADOCK,18/05/1819,1819,1819,,1819,,,BEAUFORT,09/09/1838,1838,ANNA JACOMINA,JANSE VAN RENSBURG,,COLESBERG,EARLY 1840'S,40'S,,TRANSORANJE,,,
450,DREYER,DREYER,DREYER,JOHANNES PHILIPPUS,Johannes Philippus,b4c1d4e4,a1b4c1d4e4,DREYERa1b4c1d4e4,,21/09/1823,1823,UITENHAGE,08/02/1824,1823,1824,,1823,,,,,,SUSANNA JACOBA,HOLTSHAUSEN,,,1844,1844,,NATAL,,,
451,DU PLESSIS,DUPLESSIS,DU PLESSIS,ANDRIES STEPHANUS,Andries Stephanus,b1c5c12e3,a1b1c5c12e3,DU PLESSISa1b1c5c12e3,,,,TULBAGH,18/02/1791,,1791,ZAR,1791,1860,1860,GRAAFF-REINET,11/05/1812,1812,MARIA ELIZABETH,BOTHA,TARKA,SOMERSET,1836,1836,A.H. POTGIETER,VET RIVER,CRADOCK,,
452,DU PLESSIS,DUPLESSIS,DU PLESSIS,WYNAND LOUW,Wynand Louw,b1c5d16e4,a1b1c5d16e4,DU PLESSISa1b1c5d16e4,,16/10/1803,1803,TULBAGH,05/02/1804,1803,1804,BOSHOF,1803,23/10/1865,1865,CLANWILLIAM,03/03/1833,1833,MARIA JACOBA,MOUTON,CLANWILLIAM,WORCESTER,1842,1842,,WINBURG,,,
453,DU PLESSIS,DUPLESSIS,DU PLESSIS,WILLEM,Willem,b1c7d4e6,a1b1c7d4e6,DU PLESSISa1b1c7d4e6,,,,TULBAGH,05/07/1783,,1783,,1783,,,CAPE TOWN,22/03/1801,1801,ELISABETH HELENA,APPEL,,SWELLENDAM,1839,1839,,TRANSORANJE,UITENHAGE,,
454,DU PLESSIS,DUPLESSIS,DU PLESSIS,JOSEPH ALBERTUS,Joseph Albertus,b1c7d5e2f2,a1b1c7d5e2f2,DU PLESSISa1b1c7d5e2f2,,09/08/1800,1800,SWELLENDAM,07/09/1800,1800,1800,WINBURG,1800,07/08/1885,1885,UITENHAGE,30/06/1822,1822,JEANETTA HELENA MARTHA,OLIVIER,BAVIAANSRIVIER,UITENHAGE,1838,1838,,WINBURG,,,
455,DU PLESSIS,DUPLESSIS,DU PLESSIS,CHARL FRANCOIS,Charl Francois,b1c7d5e2f2g1,a1b1c7d5e2f2g1,DU PLESSISa1b1c7d5e2f2g1,,01/05/1823,1823,GRAAFF-REINET,07/09/1823,1823,1823,WINBURG,1823,29/06/1898,1898,,,,CHRISTINA JACOMINA,NIEMAND,BAVIAANSRIVIER,UITENHAGE,1838,1838,,WINBURG,,,
456,DU PLESSIS,DUPLESSIS,DU PLESSIS,FRANCOIS JACOBUS,Francois Jacobus,b1c7d5e2f3,a1b1c7d5e2f3,DU PLESSISa1b1c7d5e2f3,,,,,17/01/1804,,1804,,1804,,,UITENHAGE,07/05/1826,1826,MAGDALENA MARIA,WILKEN,BAVIAANSRIVIER,UITENHAGE,1835,1835,A.H. POTGIETER,NATAL,,,
457,DU PLESSIS,DUPLESSIS,DU PLESSIS,ANDRIES STEPHANUS,Andries Stephanus,b1c7d5e6f2,a1b1c7d5e6f2,DU PLESSISa1b1c7d5e6f2,,,,SWELLENDAM,24/06/1804,,1804,FAURESMITH,1804,20/01/1895,1895,CRADOCK,05/01/1824,1824,JOHANNA CHRISTINA,SMITH,,SWELLENDAM,1839,1839,,TRANSORANJE,SWELLENDAM,,
458,DU PLESSIS,DUPLESSIS,DU PLESSIS,JAN,Jan,b6c1d10e1,a1b6c1d10e1,DU PLESSISa1b6c1d10e1,,,,GRAAFF-REINET,28/10/1804,,1804,HARRISMITH,1804,21/02/1877,1877,CRADOCK,03/03/1822,1822,SUSANNA GEERTRUIDA,JORDAAN,TARKA,SOMERSET,OCTOBER 1837,1837,,HARRISMITH,,,1
459,DU PLESSIS,DUPLESSIS,DU PLESSIS,WILLEM JACOBUS IGNATIUS MICHIEL,Willem Jacobus Ignatius Michiel,b6c1d10e10,a1b6c1d10e10,DU PLESSISa1b6c1d10e10,,13/04/1819,1819,CRADOCK,28/07/1819,1819,1819,,1819,,,CRADOCK,04/04/1836,1836,MARIA CATHARINA,BEKKER,TARKA,SOMERSET,OCTOBER 1837,1837,JAN DU PLESSIS,"NATAL, TRANSORANJE",,,
460,DU PLESSIS,DUPLESSIS,DU PLESSIS,BAREND CHRISTOFFEL,Barend Christoffel,b6c1d10e1f1,a1b6c1d10e1f1,DU PLESSISa1b6c1d10e1f1,,05/03/1825,1825,CRADOCK,10/04/1825,1825,1825,WEENEN,1825,13/09/1848,1848,,,,SUSANNA ALETTA CATHARINA MAGDALENA,STEENKAMP,TARKA,SOMERSET,OCTOBER 1837,1837,JAN DU PLESSIS,NATAL,,,
461,DU PLESSIS,DUPLESSIS,DU PLESSIS,BAREND CHRISTOFFEL,Barend Christoffel,b6c1d10e2,a1b6c1d10e2,DU PLESSISa1b6c1d10e2,,,,GRAAFF-REINET,17/11/1805,,1805,,1805,08/10/1871,1871,CRADOCK,05/01/1824,1824,ELISABETH JOHANNA,DE KLERK,TARKA,SOMERSET,OCTOBER 1837,1837,JAN DU PLESSIS,"KLIP RIVER, NATAL",,"BROER, JAN DU PLESSIS",
462,DU PLESSIS,DUPLESSIS,DU PLESSIS,JAN ADRIAAN,Jan Adriaan,b6c1d1e10,a1b6c1d1e10,DU PLESSISa1b6c1d1e10,,,,,21/10/1804,,1804,,1804,,,CRADOCK,04/04/1825,1825,CATHARINA HELENA,DU PLESSIS,TARKA,SOMERSET,02/11/1837,1837,JAN DU PLESSIS,"NATAL, TRANSORANJE, RUSTENBURG",,,
463,DU PLESSIS,DUPLESSIS,DU PLESSIS,LOURENS MARTHINUS,Lourens Marthinus,b6c1d1e11,a1b6c1d1e11,DU PLESSISa1b6c1d1e11,,16/06/1806,1806,GRAAFF-REINET,19/10/1806,1806,1806,SOUTPANSLAAGTE,1806,19/03/1870,1870,CRADOCK,03/08/1828,1828,ANNA MAGDALENA SOPHIA FRANCINA,KRUGER,TARKA,SOMERSET,02/11/1837,1837,JAN DU PLESSIS,VET RIVER,CRADOCK,,
464,DU PLESSIS,DUPLESSIS,DU PLESSIS,BAREND JACOBUS GERT WESSEL,Barend Jacobus Gert Wessel,b6c1d1e17,a1b6c1d1e17,DU PLESSISa1b6c1d1e17,,01/021821,1821,CRADOCK,23/04/1821,1821,1821,,1821,1906,1906,A.H. POTGIETER POTCHEFSTROOM,20/05/1838,1838,ELSIE JOHANNA,HENNING,TARKA,SOMERSET,1836,1836,A.H. POTGIETER,,,,
465,DU PLESSIS,DUPLESSIS,DU PLESSIS,WILLEM ABRAHAM,Willem Abraham,b6c1d1e3,a1b6c1d1e3,DU PLESSISa1b6c1d1e3,,,,GRAAFF-REINET,21/10/1804,,1804,RUSTENBURG,1804,15/10/1876,1876,CRADOCK,04/10/1824,1824,ANNA ELISABETH,KLOPPERS,TARKA,SOMERSET,OCTOBER 1837,1837,JAN DU PLESSIS,MAGALIESBERG,,,
466,DU PLESSIS,DUPLESSIS,DU PLESSIS,PIETER,Pieter,b6c1d1e7,a1b6c1d1e7,DU PLESSISa1b6c1d1e7,,,,GRAAFF-REINET,22/07/1798,,1798,RUSTENBURG,1798,08/02/877,/877,CRADOCK,11/03/1820,1820,MARIA ELISABETH,KLOPPER,TARKA,SOMERSET,1837,1837,JAN DU PLESSIS,"NATAL, RUSTENBURG",,,
467,DU PLESSIS,DUPLESSIS,DU PLESSIS,PIETER WILLEM ABRAHAM,Pieter Willem Abraham,b6c1d1e9f1,a1b6c1d1e9f1,DU PLESSISa1b6c1d1e9f1,,23/08/1825,1825,CRADOCK,03/10/1825,1825,1825,,1825,,,,,,HESTER SOFIA,VENTER,TARKA,SOMERSET,OCTOBER 1837,1837,JAN DU PLESSIS,OHRIGSTAD,,,
468,DU PLESSIS,DUPLESSIS,DU PLESSIS,JAN HARM PIETER IGNATIUS MICHAEL,Jan Harm Pieter Ignatius Michael,b6c1d4e1,a1b6c1d4e1,DU PLESSISa1b6c1d4e1,,,,GRAAFF-REINET,16/12/1792,,1792,,1792,,,GRAAFF-REINET,02/12/1810,1810,PETRONELLA MARGARETHA,POTGIETER,TARKA,SOMERSET,1836,1836,A.H. POTGIETER,OHRIGSTAD,POTCHEFSTROOM,,
469,DU PLESSIS,DUPLESSIS,DU PLESSIS,LOURENS ANDRIES STEPHANUS,Lourens Andries Stephanus,b6c1d4e1f1,a1b6c1d4e1f1,DU PLESSISa1b6c1d4e1f1,,11/08/1811,1811,GRAAFF-REINET,22/03/1812,1811,1812,,1811,04/03/1890,1890,SOMERSET,07/11/1830,1830,ELISABETH HELENA,POTGIETER,TARKA,SOMERSET,1836,1836,A.H. POTGIETER,OHRIGSTAD,,,
470,DU PLESSIS,DUPLESSIS,DU PLESSIS,JAN HARMEN PIETER IGNATIUS MICHAEL,Jan Harmen Pieter Ignatius Michael,b6c1d4e1f2,a1b6c1d4e1f2,DU PLESSISa1b6c1d4e1f2,,08/08/1814,1814,GRAAFF-REINET,29/01/1815,1814,1815,HEIDELBERG,1814,07/12/1873,1873,CRADOCK,05/02/1832,1832,MARTHA MAGDALENA,FOUCHE,TARKA,SOMERSET,1836,1836,A.H. POTGIETER,MAGALIESBERG,,,
471,DU PLESSIS,DUPLESSIS,DU PLESSIS,FRANCOIS JACOB LOUIS,Francois Jacob Louis,b6c1d4e1f6,a1b6c1d4e1f6,DU PLESSISa1b6c1d4e1f6,,22/10/1821,1821,CRADOCK,06/01/1822,1821,1822,,1821,,,A.H. POTGIETER POTCHEFSTROOM,08/03/1840,1840,JOHANNA JACOMINA,VENTER,TARKA,SOMERSET,1836,1836,A.H. POTGIETER,MAGALIESBERG,,,
472,DU PLESSIS,DUPLESSIS,DU PLESSIS,LOURENS STEPHANUS SR,Lourens Stephanus Sr,b6c1d4e2,a1b6c1d4e2,DU PLESSISa1b6c1d4e2,,,,GRAAFF-REINET,23/02/1794,,1794,,1794,1850,1850,GRAAFF-REINET,04/10/1813,1813,CATHARINA LEVINA,DU PLESSIS,TARKA,SOMERSET,02/11/1837,1837,,MAGALIESBERG,,,
473,DU PLESSIS,DUPLESSIS,DU PLESSIS,PIETER GERT WESSEL,Pieter Gert Wessel,b6c1d4e2f4,a1b6c1d4e2f4,DU PLESSISa1b6c1d4e2f4,,26/02/1820,1820,CRADOCK,03/07/1820,1820,1820,"CONCENTRATION CAMP, POTCHEFSTROOM",1820,23/10/1901,1901,"A.H. POTGIETER, POTCHEFSTROOM",22/04/1838,1838,SOPHIA MARGARETHA ELISABETH,KRUGER,BRAKRIVIER,SOMERSET,1836,1836,A.H. POTGIETER,MAGALIESBERG,,,
474,DU PLESSIS,DUPLESSIS,DU PLESSIS,PIETER IGNATIUS,Pieter Ignatius,b6c1d4e3,a1b6c1d4e3,DU PLESSISa1b6c1d4e3,,,,CAPE TOWN,25/09/1796,,1796,KROONSTAD,1796,15/07/1879,1879,GRAAFF-REINET,02/02/1817,1817,ENGELA PETRONELLA,DU PLESSIS,TARKA,SOMERSET,1836,1836,A.H. POTGIETER/JAN DU PLESSIS,,,,
475,DU PLESSIS,DUPLESSIS,DU PLESSIS,CASPER JEREMIAS,Casper Jeremias,b6c1d4e8,a1b6c1d4e8,DU PLESSISa1b6c1d4e8,,,,GRAAFF-REINET,26/05/1805,,1805,,1805,04/10/1889,1889,CRADOCK,04/04/1825,1825,ANNA MARIA ETRESIA,DU PLESSIS,TARKA,SOMERSET,1837,1837,,MAGALIESBERG,CRADOCK,,
476,DU PLESSIS,DUPLESSIS,DU PLESSIS,FREDERIK WILLEM JACOBUS,Frederik Willem Jacobus,b6c1d4e9,a1b6c1d4e9,DU PLESSISa1b6c1d4e9,,1806,1806,,,1806,,RUSTENBURG,1806,14/12/1881,1881,CRADOCK,05/01/1824,1824,SUSANNA CATHARINA,POTGIETER,TARKA,SOMERSET,02/11/1837,1837,A.H. POTGIETER,POTCHEFSTROOM,,,
477,DU PLESSIS,DUPLESSIS,DU PLESSIS,FREDERIK,Frederik,b6c1d9,a1b6c1d9,DU PLESSISa1b6c1d9,,,,,15/03/1778,,1778,,1778,,,,,,,,TARKA,SOMERSET,02/11/1837,1837,,,,,
478,DU PLESSIS,DUPLESSIS,DU PLESSIS,PIETER THEUNIS CHRISTIAAN,Pieter Theunis Christiaan,b6c1d1e7f2,a1b6c1d1e7f2,DU PLESSISa1b6c1d1e7f2,,24/05/1824,1824,CRADOCK,22/08/1824,1824,1824,BETHAL,1824,29/04/1890,1890,,,,ANNA ELISABETH,VAN DYK,TARKA,SOMERSET,OCTOBER 1837,1837,JAN DU PLESSIS,"NATAL, RUSTENBURG",,,
479,DU PLOOY,DUPLOOY,DU PLOOY,JACOBUS,Jacobus,a1b3c5d1,a1b3c5d1,DU PLOOYa1b3c5d1,,23/06/1795,1795,TULBAGH,22/11/1795,1795,1795,SMITHFIELD,1795,08/07/1845,1845,GRAAFF-REINET,08/07/1816,1816,ANNA MARIA MARGRITHA,PELSER,COLESBERG,BEAUFORT,MAY 1838,1838,P.D. JACOBS,SMITHFIELD,,,
480,DU PLOOY,DUPLOOY,DU PLOOY,HELENA,Helena,a1b3c9,a1b3c9,DU PLOOYa1b3c9,,,,,15/01/1775,,1775,,1775,,,,14/02/1796,1796,PIETER,DU PLESSIS,TARKA,SOMERSET,02/11/1837,1837,JAN DU PLESSIS,,,F,
481,DU PLOOY,DUPLOOY,DU PLOOY,DIRK WOUTER SR,Dirk Wouter Sr,a2b10,a2b10,DU PLOOYa2b10,,,,,06/12/1789,,1789,HOPE TOWN,1789,27/10/1868,1868,GRAAFF-REINET,09/10/1811,1811,CORNELIA SUSANNA,ROUX,GAMKA,BEAUFORT,JULY 1837,1837,JACOB DE KLERK,,,"BLOED RIVER, KEER TERUG KOLONIE TOE",
482,DU PLOOY,DUPLOOY,DU PLOOY,CORNELIS WILLEM,Cornelis Willem,a2b10c2,a2b10c2,DU PLOOYa2b10c2,,26/12/1813,1813,GRAAFF-REINET,13/02/1814,1813,1814,,1813,,,BEAUFORT,03/07/1837,1837,JOHANNA MARGARETHA JACOBA SUSARA,NEL,GAMKA,BEAUFORT,JULY 1837,1837,JACOB DE KLERK,,,BLOEDRIVIER,
483,DU PLOOY,DUPLOOY,DU PLOOY,PIETER HENDRIK RUDOLPH,Pieter Hendrik Rudolph,a2b10c3,a2b10c3,DU PLOOYa2b10c3,,,,GRAAFF-REINET,05/06/1816,,1816,,1816,,,BEAUFORT,02/04/1837,1837,MARTHA CHRISTINA C,DU PLOOY,GAMKA,BEAUFORT,JULY 1837,1837,JACOB DE KLERK,HOPE TOWN,,,
484,DU PLOOY,DUPLOOY,DU PLOOY,DIRK WOUTER JR,Dirk Wouter Jr,a2b10c4,a2b10c4,DU PLOOYa2b10c4,,16/11/1817,1817,GRAAFF-REINET,16/03/1818,1817,1818,,1817,01/08/1889,1889,,,,MARIA LOUISA,CAMPHER,GAMKA,BEAUFORT,JULY 1837,1837,JACOB DE KLERK,,BEUAFORT,,
485,DU PLOOY,DUPLOOY,DU PLOOY,GERHARDUS ANDRIES,Gerhardus Andries,a2b17,a2b17,DU PLOOYa2b17,,,,,17/10/1802,,1802,,1802,,,BEAUFORT,06/07/1822,1822,ELSJE JOHANNA MAGDALENA,GOUS,,BEAUFORT,MAY 1838,1838,JACOB DE KLERK,HEIDELBERG,,,
486,DU PLOOY,DUPLOOY,DU PLOOY,CORNELIS MICHIEL SR,Cornelis Michiel Sr,a2b6,a2b6,DU PLOOYa2b6,,,,,20/04/1777,,1777,LYDENBURG,1777,27/12/1853,1853,CAPE TOWN,14/11/1802,1802,HENDRINA CECILIA,DE KLERK,KOUP,BEAUFORT,MAY 1838,1838,JACOB DE KLERK,LYDENBURG,,,
487,DU PLOOY,DUPLOOY,DU PLOOY,CORNELIS MICHIEL JR,Cornelis Michiel Jr,a2b6c2,a2b6c2,DU PLOOYa2b6c2,,,,,26/12/1806,,1806,,1806,,,BEAUFORT,07/10/1833,1833,JOHANNA CHRISTINA,DE KLERK,KOUP,BEAUFORT,MAY 1838,1838,P.D. JACOBS,NATAL,,,
488,DU PLOOY,DUPLOOY,DU PLOOY,ABRAHAM,Abraham,a2b6c8,a2b6c8,DU PLOOYa2b6c8,,25/04/1824,1824,BEAUFORT,12/07/1824,1824,1824,,1824,,,,,,ELISABETH JOHANNA ISABELLA FRANCINA,BESTER,KOUP,BEAUFORT,MAY 1838,1838,JACOB DE KLERK,BLOEMFONTIEN,,,
489,DU PLOOY,DUPLOOY,DU PLOOY,CORNELIS JOHANNES FREDERIK,Cornelis Johannes Frederik,a2b8c2,a2b8c2,DU PLOOYa2b8c2,,,,,03/12/1809,,1809,WINBURG,1809,19/07/1871,1871,COLESBERG,08/07/1837,1837,MARIA JACOBA,POTGIETER,SWAGERSHOEK,SOMERSET,20/06/1837,1837,,WINBURG,,,
490,DU PLOOY,DUPLOOY,DU PLOOY,LEENDERT HENDRIK,Leendert Hendrik,a2b9,a2b9,DU PLOOYa2b9,,08/02/1786,1786,,,1786,,BLOEMFONTEIN,1786,23/09/1862,1862,GRAAFF-REINET,05/06/1808,1808,ANNA FRANCINA,ESTERHUIZEN,KOUP,BEAUFORT,MAY 1838,1838,P.D. JACOBS,BLOEMFONTIEN,GRAAFF-REINET,,
491,DU PLOOY,DUPLOOY,DU PLOOY,CHRISTOFFEL CORNELIS,Christoffel Cornelis,a2b9c1,a2b9c1,DU PLOOYa2b9c1,,,,,03/09/1809,,1809,,1809,,,BEAUFORT,20/03/1831,1831,MARGARETHA SOPHIA JOHANNA,,KOUP,BEAUFORT,1883,1883,A.H. POTGIETER,TRANSORANJE,,,
492,DU PREEZ,DUPREEZ,DU PREEZ,JACOBUS HERCULAS,Jacobus Herculas,b2c1d2e2f3,a1b2c1d2e2f3,DU PREEZa1b2c1d2e2f3,,24/01/1807,1807,,23/08/1807,1807,1807,RUSTENBURG,1807,23/07/1874,1874,,,,DOROTHEA ELISABETH MARIA,GEYER,BRAKRIVIER,SOMERSET,1840,1840,,OVS,,,
493,DU PREEZ,DUPREEZ,DU PREEZ,SALOMON JOHANNES,Salomon Johannes,b4c1d5e3f7,a1b4c1d5e3f7,DU PREEZa1b4c1d5e3f7,,,,,20/03/1808,,1808,,1808,,,,,,HESTER ANGENITHA,DU PREEZ,ONDER-BOESMANSRIVIER,UITENHAGE,1840,1840,,,,,
494,DU PREEZ,DUPREEZ,DU PREEZ,JOHANNES STEPHANUS,Johannes Stephanus,b4c1d5e4f3,a1b4c1d5e4f3,DU PREEZa1b4c1d5e4f3,,,,,03/05/1795,,1795,,1795,,,UITENHAGE,18/04/1819,1819,HESTER JACOBA,DU PREEZ,ONDER-BOESMANSRIVIER,UITENHAGE,NOVEMBER 1836,1836,J.S. MARITZ,,,,
495,DU PREEZ,DUPREEZ,DU PREEZ,ROELOF JOHANNES,Roelof Johannes,b4c1d5e4f7,a1b4c1d5e4f7,DU PREEZa1b4c1d5e4f7,,04/11/1802,1802,SWELLENDAM,10/04/1803,1802,1803,HEIDELBERG,1802,18/08/1875,1875,,21/08/1823,1823,URSULA MAGDALENA,LINDEQUE,ONDER-BOESMANSRIVIER,UITENHAGE,NOVEMBER 1836,1836,J.S. MARITZ,HEIDELBERG,POTCHEFSTROOM,,
496,DU PREEZ,DUPREEZ,DU PREEZ,ANDRIES,Andries,b4c1d5e4f7g1,a1b4c1d5e4f7g1,DU PREEZa1b4c1d5e4f7g1,,21/06/1824,1824,,,1824,,HEIDELBERG,1824,12/10/1881,1881,,08/05/1846,1846,ANNA CATHARINA,LINDEQUE,ONDER-BOESMANSRIVIER,UITENHAGE,NOVEMBER 1836,1836,J.S. MARITZ,HEIDELBERG,,,
497,DU PREEZ,DUPREEZ,DU PREEZ,JOHANNES PETRUS,Johannes Petrus,b4c2d1e3,a1b4c2d1e3,DU PREEZa1b4c2d1e3,,,,GRAAFF-REINET,17/05/1772,,1772,,1772,,,,28/02/1802,1802,ANNA MARTHA ELISABETH,HERBST,,GRAAFF-REINET,JULY 1836,1836,,PIETERMARITZBURG,,,
498,DU PREEZ,DUPREEZ,DU PREEZ,PETRUS JOHANNES,Petrus Johannes,b4c2d1e3f3,a1b4c2d1e3f3,DU PREEZa1b4c2d1e3f3,,28/08/1805,1805,,,1805,,,1805,,,,,,CATHARINA MAGDALENA,NORTIER,,GRAAFF-REINET,1836,1836,,PRETORIA,,,
499,DU PREEZ,DUPREEZ,DU PREEZ,HENDRIK STEPHANUS,Hendrik Stephanus,b4c2d1e3f8,a1b4c2d1e3f8,DU PREEZa1b4c2d1e3f8,,21/10/1819,1819,,,1819,,STERKFONTEIN,1819,12/01/1889,1889,,,,MARTHA JOHANNA SUSANNA,VISAGIE,,GRAAFF-REINET,JULY 1836,1836,,,,,
500,DU PREEZ,DUPREEZ,DU PREEZ,DANIEL JOHANNES LODEWICUS HERMANUS,Daniel Johannes Lodewicus Hermanus,b6c4d2e10,a1b6c4d2e10,DU PREEZa1b6c4d2e10,,,,,,,,,,,,,,,,,KANGO,GEORGE,FEBRUARY 1838,1838,P. RETIEF,"WEENEN, POTCHEFSTROOM",,,
501,DU PREEZ,DUPREEZ,DU PREEZ,JOHANNES LODEWICUS,Johannes Lodewicus,b6c4d2e10f1,a1b6c4d2e10f1,DU PREEZa1b6c4d2e10f1,,,,,08/05/1803,,1803,LYDENBURG,1803,1849,1849,,,,HESTER CATHARINA,GROBLER,KANGO,GEORGE,1840,1840,,POTCHEFSTROOM,,,
502,DU PREEZ,DUPREEZ,DU PREEZ,PIETER DANIEL ANDREAS SALOMON,Pieter Daniel Andreas Salomon,b6c4d2e10f5,a1b6c4d2e10f5,DU PREEZa1b6c4d2e10f5,SWARTBERG,01/07/1807,1807,,19/08/1809,1807,1809,TZANEEN,1807,05/10/1889,1889,GRAAFF-REINET,03/09/1826,1826,LOUISA JOHANNA MARGARETHA,JACOBS,KANGO,GEORGE,FEBRUARY 1836,1836,P. RETIEF,"WEENEN, POTCHEFSTROOM",PIETERMARITZBURG,,
503,DU PREEZ,DUPREEZ,DU PREEZ,JACOBUS HERCULAS,Jacobus Herculas,b6c4d2e6f1g1,a1b6c4d2e6f1g1,DU PREEZa1b6c4d2e6f1g1,,09/04/1813,1813,,19/09/1813,1813,1813,,1813,,,,05/05/1833,1833,CATHARINA MARIA,VAN DYK,BRAKRIVIER,SOMERSET,,,,ZAR,WINBURG,,
504,DU PREEZ,DUPREEZ,DU PREEZ,CASPER PHILIPPUS,Casper Philippus,b6c4d2e6f5,a1b6c4d2e6f5,DU PREEZa1b6c4d2e6f5,,,,,02/08/1807,,1807,,1807,,,,,,GEERTRUIDA CATHARINA SUSANNA,BADENHORST,BRAKRIVIER,SOMERSET,1837,1837,,"NATAL, WINBURG",,,
505,DU PREEZ,DUPREEZ,DU PREEZ,BAREND GERHARDUS,Barend Gerhardus,b6c4d2e6f8,a1b6c4d2e6f8,DU PREEZa1b6c4d2e6f8,,20/06/1813,1813,,05/09/1813,1813,1813,MIDDELBURG,1813,14/01/1892,1892,,,,WILHELMINA GEZINA,ERASMUS,BRAKRIVIER,SOMERSET,1837,1837,,MIDDELBURG,,,
506,DU TOIT,DUTOIT,DU TOIT,GERHARDUS JOHANNES,Gerhardus Johannes,b1c6d10e1f2,a1b1c6d10e1f2,DU TOITa1b1c6d10e1f2,GRAAFF-REINET,18/09/1817,1817,GRAAFF-REINET,12/10/1817,1817,1817,BRANDFORT,1817,19/04/1899,1899,SOMERSET,16/07/1836,1836,ANNA SOPHIA PRETORIUS,,,SOMERSET,SEPTEMBER 1836,1836,GERT MARITZ,"NATAL, TRANSORANJE",,,
507,DU TOIT,DUTOIT,DU TOIT,ROELOF PETRUS,Roelof Petrus,b1c6d10e2,a1b1c6d10e2,DU TOITa1b1c6d10e2,,,,,13/11/1796,,1796,RUSTENBURG,1796,29/05/1880,1880,SWELLENDAM,05/07/1818,1818,SARA JOHANNA DOROTHEA,GOUS,,BEAUFORT,SEPTEMBER 1836,1836,,SWARTRUGGENS,,,
508,DU TOIT,DUTOIT,DU TOIT,PETRUS HENDRIK STEPHANUS,Petrus Hendrik Stephanus,b1c6d10e2f2,a1b1c6d10e2f2,DU TOITa1b1c6d10e2f2,,25/02/1821,1821,BEAUFORT,01/04/1821,1821,1821,POTCHEFSTROOM,1821,26/02/1902,1902,POTCHEFSTROOM,,,MAGDALENA ELIZABETH,VAN STADEN,,BEAUFORT,SEPTEMBER 1836,1836,,SWARTRUGGENS,,KONSENTRASIEKAMP,
509,DU TOIT,DUTOIT,DU TOIT,ANDRIES STEPHANUS,Andries Stephanus,b1c6d10e5,a1b1c6d10e5,DU TOITa1b1c6d10e5,FRANSCHHOEK,03/07/1806,1806,STELLENBOSCH,05/10/1806,1806,1806,SWARTRUGGENS,1806,08/12/1889,1889,BEAUFORT,03/09/1827,1827,HERMINA CHRISTINA,SWANEPOEL,BEAUFORT-WES,BEAUFORT,JULY 1837,1837,JACOB DE KLERK,POTCHEFSTROOM,RUSTENBURG,,
510,DU TOIT,DUTOIT,DU TOIT,ALBERTUS HENDRIK ADRIAAN,Albertus Hendrik Adriaan,b5c7d1e1f4,a1b5c7d1e1f4,DU TOITa1b5c7d1e1f4,,02/10/1810,1810,SWELLENDAM,26/11/1810,1810,1810,BOSHOF,1810,14/03/1885,1885,GRAAFF-REINET,22/03/1836,1836,BARBARA JACOMINA MARGARETHA,VILJOEN,,COLESBERG,,,FAMILY,BOSHOF,BOSHOF,,
511,DU TOIT,DUTOIT,DU TOIT,NICOLAAS JOHANNES,Nicolaas Johannes,b5c7d1e1f5,a1b5c7d1e1f5,DU TOITa1b5c7d1e1f5,,16/08/1813,1813,GRAAFF-REINET,02/01/1814,1813,1814,FAURESMITH,1813,21/01/1881,1881,GRAAFF-REINET,08/07/1832,1832,SARA JOHANNA JOSINA,VAN SCHALKWYK,,COLESBERG,1845,1845,,FAURESMITH,,,
512,DU TOIT,DUTOIT,DU TOIT,FRANCOIS JACOBUS,Francois Jacobus,b6c7d1e1,a1b6c7d1e1,DU TOITa1b6c7d1e1,,,,TULBAGH,02/07/1786,,1786,,1786,,,,,,ELSIE SUSANNA,GROBBELAAR,,COLESBERG,1832,1832,FAMILY,,,,
513,DU TOIT,DUTOIT,DU TOIT,JOHANNES HERMANUS (JAN),Johannes Hermanus (Jan),b6c7d1e1f2,a1b6c7d1e1f2,DU TOITa1b6c7d1e1f2,,08/01/1807,1807,GRAAFF-REINET,27/07/1807,1807,1807,PARYS,1807,23/08/1836,1836,GRAAFF-REINET,05/03/1826,1826,ANNA MARIA,LIEBENBERG,NUWE HANTAM,GRAAFF-REINET,1836,1836,A.H. POTGIETER,,,,
514,DU TOIT,DUTOIT,DU TOIT,FRANCOIS JACOBUS,Francois Jacobus,b6c7d1e1f3,a1b6c7d1e1f3,DU TOITa1b6c7d1e1f3,,31/12/1808,1808,SWELLENDAM,27/11/1809,1808,1809,POTCHEFSTROOM,1808,28/09/1881,1881,GRAAFF-REINET,31/01/1832,1832,GEERTRUYDA MARGARETHA ELIZABETH BOTHA,,,COLESBERG,,,FAMILY,,BLOEMFONTEIN,,
515,DU TOIT,DUTOIT,DU TOIT,FRANCOIS ARNOLDUS,Francois Arnoldus,b6c7d2e3,a1b6c7d2e3,DU TOITa1b6c7d2e3,,,,TULBAGH,20/11/1791,,1791,,1791,,,SWELLENDAM,02/03/1822,1822,ANNA CHRISTINA,DE JAGER,,COLESBERG,,,,RUSTENBURG,,,
516,DU TOIT,DUTOIT,DU TOIT,DANIEL PETRUS,Daniel Petrus,b6c7d3e10,a1b6c7d3e10,DU TOITa1b6c7d3e10,,16/12/1814,1814,GRAAFF-REINET,05/02/1815,1814,1815,FAURESMITH,1814,06/09/1884,1884,GRAAFF-REINET,06/07/1835,1835,CATHARINA ELIZABETH,OBERHOLSTER,,COLESBERG,1845,1845,,,FAURESMITH,,
517,DU TOIT,DUTOIT,DU TOIT,JAN JACOB,Jan Jacob,b6c7d3e11,a1b6c7d3e11,DU TOITa1b6c7d3e11,,04/08/1816,1816,GRAAFF-REINET,07/10/1816,1816,1816,FAURESMITH,1816,02/10/1887,1887,"HUWELIKSHOF, COLESBERG",27/08/1837,1837,HELENA PETRONELLA,HENNOP,,COLESBERG,1845,1845,,TRANSORANJE,,,
518,DU TOIT,DUTOIT,DU TOIT,JACOBUS ANDRIES,Jacobus Andries,b6c7d3e12,a1b6c7d3e12,DU TOITa1b6c7d3e12,,01/12/1817,1817,GRAAFF-REINET,23/03/1818,1817,1818,FAURESMITH,1817,15/01/1885,1885,"HUWELIKSHOF, COLESBERG",05/08/1838,1838,ELIZABETH JOHANNA,ENGELBRECHT,,COLESBERG,1842,1842,,FAURESMITH,FAURESMITH,,
519,DU TOIT,DUTOIT,DU TOIT,FRANCOIS PETRUS JACOBUS,Francois Petrus Jacobus,b6c7d3e3,a1b6c7d3e3,DU TOITa1b6c7d3e3,,30/08/1797,1797,TULBAGH,21/01/1798,1797,1798,WATERBERG,1797,1862,1862,GRAAFF-REINET,06/01/1822,1822,MAGDALENA PETRONELLA,VAN DER MERWE,,COLESBERG,1845,1845,,WATERBERG,,,
520,DU TOIT,DUTOIT,DU TOIT,THOMAS ARNOLDUS,Thomas Arnoldus,b6c7d3e4,a1b6c7d3e4,DU TOITa1b6c7d3e4,,26/02/1800,1800,TULBAGH,30/03/1800,1800,1800,FAURESMITH,1800,24/11/1875,1875,GRAAFF-REINET,08/10/1820,1820,MARIA MAGDALENA,LUBBE,,COLESBERG,1829,1829,,FAURESMITH,FAURESMITH,,
521,DU TOIT,DUTOIT,DU TOIT,CHRISTIAAN PETRUS,Christiaan Petrus,b6c7d3e6,a1b6c7d3e6,DU TOITa1b6c7d3e6,,14/05/1804,1804,SWELLENDAM,09/09/1804,1804,1804,FAURESMITH,1804,11/09/1873,1873,GRAAFF-REINET,03/12/1826,1826,JACOMINA JACOBA,CVILJOEN,,COLESBERG,1832,1832,,FAURESMITH,COLESBERG,,
522,DU TOIT,DUTOIT,DU TOIT,HENDRIK LODEWIKUS,Hendrik Lodewikus,b6c7d3e9,a1b6c7d3e9,DU TOITa1b6c7d3e9,KAMDEBO,09/04/1813,1813,GRAAFF-REINET,30/05/1813,1813,1813,FAURESMITH,1813,07/04/1859,1859,GRAAFF-REINET,25/12/1835,1835,SUSANNA JOHANNA,VAN DER MERWE,,COLESBERG,1842,1842,,JACOBSDAL,,,
523,DU TOIT,DUTOIT,DU TOIT,THOMAS ARNOLDUS,Thomas Arnoldus,b6d7d3,a1b6d7d3,DU TOITa1b6d7d3,,10/01/1767,1767,TULBAGH,17/01/1768,1767,1768,FAURESMITH,1767,1850,1850,,14/10/1792,1792,MARGARETHA CAROLINA,KLOPPER,,COLESBERG,,,,FAURESMITH,GRAAFF-REINET,,
524,DU TOIT,DUTOIT,DU TOIT,JOHANNES STEPHANUS,Johannes Stephanus,b1c6d10e1f4,a1b1c6d10e1f4,DU TOITa1b1c6d10e1f4,,28/10/1821,1821,GRAAFF-REINET,10/11/1822,1821,1822,WINBURG,1821,17/06/1892,1892,,1841,1841,SUSARA JOHANNA SUSANNA ELIZABETH,DU TOIT,,SOMERSET,SEPTEMBER 1836,1836,GERT MARITZ,WINBURG,WINBURG,,
525,DUVENHAGE,DUVENHAGE,DUVENHAGE,ABRAHAM CHRISTIAAN,Abraham Christiaan,b1c1,a1b1c1,DUVENHAGEa1b1c1,,17/02/1798,1798,GRAAFF-REINET,16/09/1798,1798,1798,,1798,,,TULBAGH,15/11/1818,1818,SUSANNA MAGDALENA,VICTOR,OOS-RIETRIVIER,SOMERSET,,,,POTCHEFSTROOM (1842),,,
526,DUVENHAGE,DUVENHAGE,DUVENHAGE,JAN GEORGE,Jan George,b1c1d2,a1b1c1d2,DUVENHAGEa1b1c1d2,,,,SWELLENDAM,08/04/1822,,1822,PRETORIA,1822,26/05/1887,1887,,,,SUSANNA MARIA,HORN,OOS-RIETRIVIER,SOMERSET,,,,OHRIGSTAD,,,
527,DUVENHAGE,DUVENHAGE,DUVENHAGE,JOHANNES THEUNIS,Johannes Theunis,b1c2,a1b1c2,DUVENHAGEa1b1c2,,01/07/1799,1799,,14/07/1799,1799,1799,,1799,,,SWELLENDAM,01/01/1820,1820,JANNETJIE,VICTOR,NUWE HANTAM,GRAAFF-REINET,1834,1834,,WINBURG,,,
528,DUVENHAGE,DUVENHAGE,DUVENHAGE,JOHAN HENDRIK,Johan Hendrik,b1c3,a1b1c3,DUVENHAGEa1b1c3,,29/11/1800,1800,,10/11/1801,1800,1801,,1800,,,SWELLENDAM,06/10/1822,1822,GESINA CHRISTINA REGINA,VICTOR,NUWE HANTAM,GRAAFF-REINET,1834,1834,,BETHLEHEM,,,
529,ELOFF,ELOFF,ELOFF,PETRUS JOHANNES,Petrus Johannes,b1c10,a1b1c10,ELOFFa1b1c10,,16/06/1819,1819,CRADOCK,19/03/1820,1819,1820,,1819,1860,1860,,,,JOHANNA MAGDALENA,MOUNTJOY,TARKA,SOMERSET,1836,1836,A.H. POTGIETER,RUSTENBURG,A.H. POTGIETER POTCHEFSTROOM,,
530,ELOFF,ELOFF,ELOFF,FREDERIK CHRISTOFFEL,Frederik Christoffel,b1c3,a1b1c3,ELOFFa1b1c3,,,,GRAAFF-REINET,03/08/1800,,1800,RUSTENBURG,1800,31/05/1890,1890,GRAAFF-REINET,05/11/1818,1818,MARTHA CATHARINA,MYBURGH,BRAKRIVIER,SOMERSET,OCTOBER 1839,1839,A.H. POTGIETER,RUSTENBURG,,,
531,ELOFF,ELOFF,ELOFF,SAREL JOHANNES,Sarel Johannes,b1c3d2,a1b1c3d2,ELOFFa1b1c3d2,,22/08/1822,1822,CRADOCK,07/10/1822,1822,1822,RUSTENBURG,1822,11/04/1840,1840,A.H. POTGIETER LAER,05/12/1840,1840,SUSANNA CORNELIA,JACOBSZ,TARKA,SOMERSET,1836,1836,A.H. POTGIETER,OHRIGSTAD,,,
532,ELOFF,ELOFF,ELOFF,PHILIPPUS ARNOLDUS,Philippus Arnoldus,b1c3d3,a1b1c3d3,ELOFFa1b1c3d3,,02/11/1824,1824,CRADOCK,20/02/1825,1824,1825,,1824,,,,,,JACOBA JOHANNA,SWANEPOEL,BRAKRIVIER,SOMERSET,1839,1839,A.H. POTGIETER,OHRIGSTAD,,,
533,ELOFF,ELOFF,ELOFF,ERNST HENDRIK,Ernst Hendrik,b1c9,a1b1c9,ELOFFa1b1c9,,06/11/1816,1816,GRAAFF-REINET,07/04/1817,1816,1817,,1816,,,CRADOCK,26/12/1836,1836,JOACHIMINA ELISABETH CATHARINA,PIETERSE,BRAKRIVIER,SOMERSET,1836,1836,A.H. POTGIETER,RUSTENBURG,,,
534,ELS,ELS,ELS,CORNELIS WILHELMUS,Cornelis Wilhelmus,b1c3,a1b1c3,ELSa1b1c3,,,,,20/10/1793,,1793,HEILBRON,1793,08/12/1878,1878,GRAAFF-REINET,19/07/1812,1812,SUSANNA SOPHIA,LOTTER,,SOMERSET,,,,TRANSORANJE,,,
535,ELS,ELS,ELS,CHRISTOFFEL JOHANNES,Christoffel Johannes,b1c3d3,a1b1c3d3,ELSa1b1c3d3,,11/04/1817,1817,GRAAFF-REINET,15/06/1817,1817,1817,HEILBRON,1817,07/05/1895,1895,SOMERSET,23/08/1835,1835,ELSJE SOPHIA DOROTHEA,LOTTER,,SOMERSET,,,,,,,
536,ELS,ELS,ELS,MARTHINUS JOHANNES,Marthinus Johannes,b1c3d4,a1b1c3d4,ELSa1b1c3d4,,02/08/1818,1818,UITENHAGE,12/09/1818,1818,1818,HEILBRON,1818,01/03/1889,1889,,,,MAGDALENA MARTHA,GROBLER,,SOMERSET,,,,POTCHEFSTROOM,,,
537,ELS,ELS,ELS,FREDERIK CHRISTIAAN,Frederik Christiaan,b1c6,a1b1c6,ELSa1b1c6,,,,,13/12/1801,,1801,,1801,,,CRADOCK,14/0/41823,1823,MAGDALNA CATHARINA,HATTINGH,,SOMERSET,,,,RUSTENBURG,,,
538,ELS,ELS,ELS,FREDERIK NICOLAAS,Frederik Nicolaas,b5,a1b5,ELSa1b5,,,,,27/04/1777,,1777,,1777,,,CAPE TOWN,20/11/1803,1803,SUSANNA CORNELIA,DE BRUYN,TARKA,SOMERSET,02/11/1837,1837,,,,,
539,ELS,ELS,ELS,JOHANNES MARTHINUS,Johannes Marthinus,b1c2d2,a1b1c2d2,ELSa1b1c2d2,,10/05/1813,1813,GRAAFF-REINET,29/08/1813,1813,1813,,1813,,,,,,WILHELMINA HERMINA ELSIE,VAN ROOYEN,,,,,,RUSTENBURG,,,
540,ENGELBRECHT,ENGELBRECHT,ENGELBRECHT,EDUARD JOHANNES,Eduard Johannes,a2b1c4d5,a2b1c4d5,ENGELBRECHTa2b1c4d5,,,,,22/10/1799,,1799,,1799,,,GRAAFF-REINET,03/08/1823,1823,BARBARA JACOBA,MEINTJIES,,COLESBERG,1840,1840,,POTCHEFSTROM,,,
541,ENGELBRECHT,ENGELBRECHT,ENGELBRECHT,JOHANNES FREDERIK,Johannes Frederik,a2b1c4d7,a2b1c4d7,ENGELBRECHTa2b1c4d7,,,,,25/10/1807,,1807,,1807,,,CRADOCK,24/06/1832,1832,CATHARINA SOPHIA,MEINTJIES,,,1840,1840,,WINBURG,COLESBERG,,
542,ENGELBRECHT,ENGELBRECHT,ENGELBRECHT,GERHARDUS SR,Gerhardus Sr,a4b2c3,a4b2c3,ENGELBRECHTa4b2c3,,,,,11/12/1785,,1785,"BLOUKRANS RIVER, NATAL",1785,17/02/1838,1838,CAPE TOWN,15/04/1804,1804,ANNA MARGARETHA,VAN DER MERWE,OOS-RIETRIVIER,SOMERSET,12/06/1837,1837,P. RETIEF,NATAL,,,
543,ENGELBRECHT,ENGELBRECHT,ENGELBRECHT,GERRIT JOHANNES JACOBUS,Gerrit Johannes Jacobus,a4b2c3d2,a4b2c3d2,ENGELBRECHTa4b2c3d2,,26/12/1809,1809,,,1809,,"BLOUKRANS RIVER, NATAL",1809,17/02/1838,1838,,,,,,OOS-RIETRIVIER,SOMERSET,FEBRUARY 1837,1837,P. RETIEF,,,,
544,ENGELBRECHT,ENGELBRECHT,ENGELBRECHT,WILLEM JACOBUS,Willem Jacobus,a4b2c3d3,a4b2c3d3,ENGELBRECHTa4b2c3d3,,,,,26/12/1809,,1809,"BLOUKRANS RIVER, NATAL",1809,17/02/1838,1838,,,,CATHARINA ELIZABETH,ENGELBRECHT,OOS-RIETRIVIER,SOMERSET,12/06/1837,1837,P. RETIEF,,,,
545,ENGELBRECHT,ENGELBRECHT,ENGELBRECHT,JOHANNES HENDRIK,Johannes Hendrik,a4b2c3d4,a4b2c3d4,ENGELBRECHTa4b2c3d4,,12/03/1814,1814,,,1814,,,1814,,,CRADOCK,01/11/1835,1835,ANNA PETRONELLA JOHANNA,VAN DER MERWE,OOS-RIETRIVIER,SOMERSET,12/06/1837,1837,P. RETIEF,NATAL,,,
546,ENGELBRECHT,ENGELBRECHT,ENGELBRECHT,ADRIAAN STEPHANUS,Adriaan Stephanus,a4b2c3d5,a4b2c3d5,ENGELBRECHTa4b2c3d5,,10/11/1815,1815,GRAAFF-REINET,04/09/1816,1815,1816,,1815,,,CRADOCK,07/08/1836,1836,ANNA CATHARINA JOHANNA,VAN DER MERWE,TARKA,SOMERSET,1837,1837,L.J MEYER/J.H. DE LANGE,"NATAL, WINBURG",,,
547,ENGELBRECHT,ENGELBRECHT,ENGELBRECHT,GERHARDUS JR,Gerhardus Jr,a4b2c3d8,a4b2c3d8,ENGELBRECHTa4b2c3d8,CRADCOCK,06/06/1821,1821,CRADOCK,29/02/1821,1821,1821,STANDERTON,1821,11/07/1904,1904,,23/05/1841,1841,ANNA MARIA ELIZABETH,KLOPPER,OOS-RIETRIVIER,SOMERSET,12/06/1837,1837,P. RETIEF,POTCHEFSTROOM,,,
548,ENGELBRECHT,ENGELBRECHT,ENGELBRECHT,GERHARDUS JOHANNES,Gerhardus Johannes,a4b2c5d3,a4b2c5d3,ENGELBRECHTa4b2c5d3,,17/03/1820,1820,CRADOCK,22/10/1820,1820,1820,,1820,,,CRADOCK,29/01/1837,1837,JOHANNA HENDRIKA CHRISTINA,ROETS,BAVIAANSRIVIER,SOMERSET,20/06/1837,1837,P. RETIEF,,,,
549,ENGELBRECHT,ENGELBRECHT,ENGELBRECHT,ADRIAAN STEPHANUS,Adriaan Stephanus,a4b3c10,a4b3c10,ENGELBRECHTa4b3c10,,,,,28/10/1804,,1804,,1804,,,UITENHAGE,03/09/1820,1820,JACOMINA HENDRINA,VILJOEN,BAVIAANSRIVIER,SOMERSET,1837,1837,L.J MEYER/J.H. DE LANGE,WINBURG,,,
550,ENGELBRECHT,ENGELBRECHT,ENGELBRECHT,BAREND JACOBUS,Barend Jacobus,a4b3c2d9,a4b3c2d9,ENGELBRECHTa4b3c2d9,,05/06/1818,1818,UITENHAGE,14/09/1818,1818,1818,,1818,,,,,,,,,,1840,1840,,,,,
551,ENGELBRECHT,ENGELBRECHT,ENGELBRECHT,CAROLUS LOURENS,Carolus Lourens,a4b3c3d3,a4b3c3d3,ENGELBRECHTa4b3c3d3,GRAAFF-REINET,25/12/1812,1812,GRAAFF-REINET,07/02/1813,1812,1813,,1812,,,SOMERSET,01/09/1833,1833,MARIA WILHELMINA HELENA,ODENDAAL,BO-BOESMANSRIVIER,SOMERSET,1840,1840,,NATAL,,,
552,ENSLIN,ENSLIN,ENSLIN,JOHAN ADAM,Johan Adam,b7c1,a1b7c1,ENSLINa1b7c1,,,,GRAAFF-REINET,12/06/1800,,1800,MARICO,1800,1852,1852,CRADOCK,08/01/1825,1825,ANNA SUSANNA,COETZER,BAVIAANSRIVIER,SOMERSET,20/06/1837,1837,FAMILY/P.  RETIEF,NATAL,,,
553,ERASMUS,ERASMUS,ERASMUS,CAROLUS JOHANNES,Carolus Johannes,b3c10d5,a1b3c10d5,ERASMUSa1b3c10d5,,,,,12/02/1803,,1803,WINBURG,1803,05/05/1879,1879,GRAAFF-REINET,04/05/1823,1823,ELISABETH JOHANNA,MEYER,KOONAP,ALBANY,1837,1837,P. RETIEF,NATAL,IN LAER,,
554,ERASMUS,ERASMUS,ERASMUS,CHRISTOFFEL PETRUS JOHANNES,Christoffel Petrus Johannes,b3c10d6,a1b3c10d6,ERASMUSa1b3c10d6,,,,,16/08/1806,,1806,NATAL,1806,NOVEMBER 1840,1840,CRADOCK,05/06/1825,1825,SUSANNA SOPHIA,ERASMUS,SWAGERSHOEK,SOMERSET,1837,1837,,NATAL,,,
555,ERASMUS,ERASMUS,ERASMUS,LOURENS ABRAHAM,Lourens Abraham,b3c12d1,a1b3c12d1,ERASMUSa1b3c12d1,,,,CAPE TOWN,17/12/1780,,1780,SCHOEMANSDAL,1780,1849,1849,CAPE TOWN,10/08/1800,1800,HELENA GEERTRUYDA,BEKKER,BRAKRIVIER,SOMERSET,MID 1837,1837,S.P. ERASMUS,MAGALIESBERG,,,
556,ERASMUS,ERASMUS,ERASMUS,DANIEL ELARDUS,Daniel Elardus,b3c12d1e1,a1b3c12d1e1,ERASMUSa1b3c12d1e1,,01/02/1804,1804,,21/05/1804,1804,1804,RUSTENBURG,1804,25/05/1878,1878,CRADOCK,04/04/1824,1824,PETRONELLA CATHARINA,GOUD,BRAKRIVIER,SOMERSET,1837,1837,S.P. ERASMUS,POTCHEFSTROOM,CRADOCK,,
557,ERASMUS,ERASMUS,ERASMUS,CATHARINA ELIZABETH,Catharina Elizabeth,b3c12d1e3,a1b3c12d1e3,ERASMUSa1b3c12d1e3,,,,,18/04/1808,,1808,,1808,,,,,,,JACOBS,,,,,,MAGALIESBERG (1840),,F,
558,ERASMUS,ERASMUS,ERASMUS,DANIEL JACOBUS,Daniel Jacobus,b3c12d3,a1b3c12d3,ERASMUSa1b3c12d3,,,,,05/11/1786,,1786,,1786,,,SWELLENDAM,10/07/1807,1807,CORNELIA JACOBA SUSANNA,KRUGER,BRUINTJIESHOOGTE,SOMERSET,1837,1837,S.P. ERASMUS,OHRIGSTAD,,,
559,ERASMUS,ERASMUS,ERASMUS,DANIEL ELARDUS,Daniel Elardus,b3c12d3e5,a1b3c12d3e5,ERASMUSa1b3c12d3e5,,,,,16/06/1816,,1816,,1816,,,CRADOCK,02/03/1834,1834,SUSARA MARGARETHA,JACOBS,BRAKRIVIER,SOMERSET,OCTOBER 1837,1837,S.P. ERASMUS,PRETORIA,,,
560,ERASMUS,ERASMUS,ERASMUS,STEPHANUS PETRUS,Stephanus Petrus,b3c12d4,a1b3c12d4,ERASMUSa1b3c12d4,,,,,20/04/1788,,1788,OHRIGSTAD,1788,28/01/1847,1847,SWELLENDAM,SEPTEMBER 1812,1812,MARTHA WILHELMINA ZACHARYA,KRUGER,KRAAIRIVIER,SOMERSET,MID 1837,1837,,NATAL,,,1
561,ERASMUS,ERASMUS,ERASMUS,PIETER ERNST,Pieter Ernst,b3c12d4e2,a1b3c12d4e2,ERASMUSa1b3c12d4e2,,,,,18/12/1816,,1816,,1816,,,CRADOCK,01/11/1835,1835,MARIA MAGDALENA,PIETERSEN,KRAAIRIVIER,SOMERSET,MID 1837,1837,S.P. ERASMUS,NATAL,,,
562,ERASMUS,ERASMUS,ERASMUS,ANTONIE PHILIPPUS,Antonie Philippus,b3c1d2e12,a1b3c1d2e12,ERASMUSa1b3c1d2e12,,,,,10/11/1805,,1805,,1805,,,SOMERSET,06/08/1826,1826,MARIA PETRONELLA,BOTHA,BAVIAANSRIVIER,SOMERSET,01/03/1838,1838,L.J. MEYER/JAN DU PLESSIS/P.A. OPPERMAN,TRANSORANJE,CRADOCK,,
563,ERASMUS,ERASMUS,ERASMUS,BALTHASAR JOHANNES,Balthasar Johannes,b3c1d2e7,a1b3c1d2e7,ERASMUSa1b3c1d2e7,,,,,02/08/1795,,1795,ORANJEVILLE,1795,28/04/1868,1868,CRADOCK,04/04/1825,1825,MARIA MAGDALENA,ENSLIN,BAVIAANSRIVIER,SOMERSET,01/03/1838,1838,P.A. OPPERMAN,WINBURG,,,
564,ERASMUS,ERASMUS,ERASMUS,DANIEL BALTHAZAR,Daniel Balthazar,b3c1d4e5,a1b3c1d4e5,ERASMUSa1b3c1d4e5,,,,,01/06/1794,,1794,,1794,,,,,,ANNA JOHANNA MARIA,DELPORT,KOONAP,ALBANY,FEBRUARY 1837,1837,P. RETIEF,NATAL,,,
565,ERASMUS,ERASMUS,ERASMUS,LOURENS MARTHINUS,Lourens Marthinus,b3c1d4e6,a1b3c1d4e6,ERASMUSa1b3c1d4e6,,,,,13/04/1797,,1797,BLOEMFONTEIN,1797,14/07/1859,1859,PAARL,MAY 1816,1816,CORNELIA DOROTHEA,LABUSCHAGNE,,GRAAFF-REINET,,,,FAURESMITH,UITENHAGE,,
566,ERASMUS,ERASMUS,ERASMUS,BAREND CHRISTOFFEL,Barend Christoffel,b3c2d2e10,a1b3c2d2e10,ERASMUSa1b3c2d2e10,,,,,18/10/1801,,1801,,1801,,,,,,,,BAVIAANSRIVIER,SOMERSET,20/06/1837,1837,,,,,
567,ERASMUS,ERASMUS,ERASMUS,JACOB,Jacob,b3c2d2e11,a1b3c2d2e11,ERASMUSa1b3c2d2e11,,28/09/1803,1803,,04/11/1804,1803,1804,,1803,,,GLEN-LYNDEN,07/12/1828,1828,HESTER ELISABETH LORET,GREYLING,BAVIAANSRIVIER,SOMERSET,1837,1837,J.A. ENSLIN,WINBURG,,,
568,ERASMUS,ERASMUS,ERASMUS,LOURENS JOHANNES,Lourens Johannes,b3c2d2e9,a1b3c2d2e9,ERASMUSa1b3c2d2e9,,,,,16/10/1800,,1800,,1800,,,,,,JOHANNA ELISABETH MARIA,VAN STRATEN,OOS-RIETRIVIER,SOMERSET,,,,WINBURG (1842),,,
569,ERASMUS,ERASMUS,ERASMUS,PIETER RASMUS,Pieter Rasmus,b3c2d4e2f1,a1b3c2d4e2f1,ERASMUSa1b3c2d4e2f1,,,,,03/09/1809,,1809,,1809,,,SOMERSET,06/09/1829,1829,GESINA,MEYER,BAVIAANSRIVIER,SOMERSET,1837,1837,LUCAS MEYER,NATAL,,,
570,ERASMUS,ERASMUS,ERASMUS,JOHANNES JACOBUS,Johannes Jacobus,b3c2d4e3,a1b3c2d4e3,ERASMUSa1b3c2d4e3,,,,,03/01/1790,,1790,ADELAIDE,1790,11/11/1868,1868,GRAAFF-REINET,28/04/1811,1811,HESTER CORNELIA,BOTHA,TARKA,SOMERSET,OCTOBER 1837,1837,,,,,1
571,ERASMUS,ERASMUS,ERASMUS,PETRUS RASMUS,Petrus Rasmus,b3c2d4e5f2,a1b3c2d4e5f2,ERASMUSa1b3c2d4e5f2,,21/01/1817,1817,GRAAFF-REINET,24/08/1817,1817,1817,,1817,08/12/1886,1886,,,,MARIA ALETTA JOHANNA,BESTER,KOONAP,ALBANY,FEBRUARY 1837,1837,P. RETIEF,"NATAL, WINBURG",,,
572,ERASMUS,ERASMUS,ERASMUS,JOHANNES JURGEN CORNELIS,Johannes Jurgen Cornelis,b3c2d6e11,a1b3c2d6e11,ERASMUSa1b3c2d6e11,,1812,1812,GRAAFF-REINET,03/05/1812,1812,1812,,1812,,,,,,HENDRINA JOHANNA,ESTERHUYSE,BAVIAANSRIVIER,SOMERSET,20/06/1837,1837,,WINBURG,,,
573,ERASMUS,ERASMUS,ERASMUS,LOURENS JOHANNES,Lourens Johannes,b3c2d6e8,a1b3c2d6e8,ERASMUSa1b3c2d6e8,,,,,02/08/1807,,1807,"BLOUKRANS RIVER, NATAL",1807,17/02/1838,1838,,,,GEERTRUIDA CHRISTINA,JOUBERT,BRAKRIVIER,SOMERSET,1837,1837,,,,,
574,ERASMUS,ERASMUS,ERASMUS,WILLEM JACOBUS,Willem Jacobus,b3c2e13,a1b3c2e13,ERASMUSa1b3c2e13,,,,,18/04/1808,,1808,,1808,,,CRADOCK,07/08/1831,1831,PETRONELLA CHRISTINA,DE WET,BAVIAANSRIVIER,SOMERSET,DECEMBER 1837,1837,P.A. OPPERMAN,,,,
575,ERASMUS,ERASMUS,ERASMUS,PIETER JOHANNES,Pieter Johannes,b3c4d8e?,a1b3c4d8e?,ERASMUSa1b3c4d8e?,,,,,,,,,,,,,,,ELISABETH,ERASMUS,SWAGERSHOEK,SOMERSET,,,,WINBURG (1842),,,
576,ERASMUS,ERASMUS,ERASMUS,LOURENS JOHANNES,Lourens Johannes,b3c5d3e1,a1b3c5d3e1,ERASMUSa1b3c5d3e1,,,,,27/09/1789,,1789,,1789,28/11/1836,1836,GRAAFF-REINET,07/11/1813,1813,JOHANNA HENDRINA,GROBLER,BAVIAANSRIVIER,SOMERSET,JANUARY 1836,1836,A.H. POTGIETER,POTCHEFSTROOM,,,
577,ERASMUS,ERASMUS,ERASMUS,MICHIEL COENRAAD,Michiel Coenraad,b3c5d3e1f5,a1b3c5d3e1f5,ERASMUSa1b3c5d3e1f5,,06/07/1824,1824,GRAAFF-REINET,,1824,,,1824,,,,,,PETRONELLA DOROTHA MARIA,DORFLING,BAVIAANSRIVIER,SOMERSET,APRIL 1838,1838,,OHRIGSTAD,,,
578,ERASMUS,ERASMUS,ERASMUS,MICHIEL COENRAAD,Michiel Coenraad,b3c5d3e2,a1b3c5d3e2,ERASMUSa1b3c5d3e2,,,,,23/04/1791,,1791,,1791,,,,,,MARTHA MARIA,GROBLER,BAVIAANSRIVIER,SOMERSET,AUGUST 1838,1838,,OHRIGSTAD,,,
579,ERASMUS,ERASMUS,ERASMUS,LOURENS RASMUS,Lourens Rasmus,b3c5d3e3f1,a1b3c5d3e3f1,ERASMUSa1b3c5d3e3f1,,06/05/1816,1816,CRADOCK,04/10/1819,1816,1819,BLOEMFONTEIN,1816,25/03/1850,1850,,,,MARIA MAGDALENA ELIZABETH,BADENHORST,TARKA,SOMERSET,,,,OHRIGSTAD,,,
580,ERASMUS,ERASMUS,ERASMUS,PHILIPPUS JOHANNES LODEWICUS,Philippus Johannes Lodewicus,b3c5d3e6,a1b3c5d3e6,ERASMUSa1b3c5d3e6,,,,,22/06/1800,,1800,BLOEMFONTEIN,1800,1854,1854,GRAAFF-REINET,11/03/1823,1823,SUSANNA SARA JACOBA,GREYLING,SWAGERSHOEK,SOMERSET,DECEMBER 1839,1839,,POTCHEFSTROOM,,,
581,ERASMUS,ERASMUS,ERASMUS,JACOB LOURENS CAROLUS,Jacob Lourens Carolus,b3c9d1e2,a1b3c9d1e2,ERASMUSa1b3c9d1e2,,,,,02/11/1801,,1801,,1801,,,GRAAFF-REINET,04/02/1821,1821,SUSANNA SOPHIA,ERASMUS,BRUINTJIESHOOGTE,SOMERSET,1836,1836,,NATAL,,,
582,ERASMUS,ERASMUS,ERASMUS,COERT,Coert,b3c9d1e5,a1b3c9d1e5,ERASMUSa1b3c9d1e5,,,,,22/02/1807,,1807,,1807,,,GRAAFF-REINET,08/07/1827,1827,ALETTA CATHARINA,STEENKAMP,BRUINTJIESHOOGTE,SOMERSET,1835,1835,,NATAL,,,
583,ERASMUS,ERASMUS,ERASMUS,JACOBUS LOURENS RASMUS,Jacobus Lourens Rasmus,b3c9d2e3,a1b3c9d2e3,ERASMUSa1b3c9d2e3,,,,,02/12/1810,,1810,,1810,,,,,,MARIA ISABELLA,COETZEE,SWAGERSHOEK,SOMERSET,,,,NATAL (1842),,,
584,ERASMUS,ERASMUS,ERASMUS,PETRUS JOHANNES,Petrus Johannes,b3c9d4e6,a1b3c9d4e6,ERASMUSa1b3c9d4e6,,09/11/1817,1817,GRAAFF-REINET,1904/1818,1817,1818,,1817,,,,,,GEERTRUIDA ALETTA,SNYMAN,SWAGERSHOEK,SOMERSET,OCTOBER 1841,1841,,NATAL,,,
585,ERASMUS,ERASMUS,ERASMUS,CORNELIS JOHANNES,Cornelis Johannes,b6c1d1e1f3,a1b6c1d1e1f3,ERASMUSa1b6c1d1e1f3,,09/11/1816,1816,GRAAFF-REINET,02/02/1817,1816,1817,WAKKERSTROOM,1816,12/04/1900,1900,PIETERMARITZBURG,01/09/1839,1839,MARIA FRANCINA ELISABETH,VISAGIE,SWAGERSHOEK,SOMERSET,01/09/1837,1837,,NATAL,,,
586,ERASMUS,ERASMUS,ERASMUS,JOHANNES LUCAS ALBERTUS,Johannes Lucas Albertus,b6c1d7e7,a1b6c1d7e7,ERASMUSa1b6c1d7e7,,20/10/1815,1815,TULBAGH,18/03/1816,1815,1816,,1815,,,CRADOCK,07/10/1833,1833,ANNA MARGARETHA JOHANNA ELISABETH,ERASMUS,,CRADOCK,,,,WINBURG (1842),,,
587,ERASMUS,ERASMUS,ERASMUS,JACOBUS JOHANNES PETRUS,Jacobus Johannes Petrus,b6c2d2e2f2,a1b6c2d2e2f2,ERASMUSa1b6c2d2e2f2,,29/08/1821,1821,UITENHAGE,09/09/1821,1821,1821,,1821,,,,,,MARIA MARGARETHA CATHARINA,JORDAAN,TARKA,SOMERSET,1836,1836,,NATAL,,,
588,ERASMUS,ERASMUS,ERASMUS,HENDRIK JOHANNES,Hendrik Johannes,b6c2d2e4,a1b6c2d2e4,ERASMUSa1b6c2d2e4,,,,,21/05/1804,,1804,,1804,,,GRAAFF-REINET,02/09/1827,1827,HESTER DOROTHEA,LIEBENBERG,,COLESBERG,EARLY 1840'S,40'S,,POTCHEFSTROOM,POTCHEFSTROOM,,
589,ERASMUS,ERASMUS,ERASMUS,ABRAHAM STEPHANUS,Abraham Stephanus,b6c2d3e8,a1b6c2d3e8,ERASMUSa1b6c2d3e8,,,,,18/11/1810,,1810,,1810,,,GRAAFF-REINET,21/12/1833,1833,JOHANNA SOPHIA,VAN NIEKERK,,GRAAFF-REINET,,,,TRANSORANJE,,,
590,ERASMUS,ERASMUS,ERASMUS,PIETER JOHANNES,Pieter Johannes,b3c5d3e3,a1b3c5d3e3,ERASMUSa1b3c5d3e3,,,,,24/02/1793,,1793,GROBLERSDAL,1793,23/12/1849,1849,GRAAFF-REINET,18/05/1817,1817,MARIA MAGDALENA,ERASMUS,TARKA,SOMERSET,,,,OHRIGSTAD,,,
591,ERWEE,ERWEE,ERWEE,ANDRIES JOHANNES,Andries Johannes,b3,a1b3,ERWEEa1b3,,,,,17/04/1802,,1802,BLOEMFONTEIN,1802,03/08/1894,1894,SWELLENDAM,05/03/1826,1826,CORNELIA MARGARETHA,HUMAN,ONDER-RIVERSONDEREND,SWELLENDAM,15/06/1838,1838,,WINBURG,,,
592,ESPAG,ESPAG,ESPAG,JOACHIM CHRISTOFFEL,Joachim Christoffel,b2,a1b2,ESPAGa1b2,,,,,15/12/1782,,1782,,1782,,,GRAAFF-REINET,05/08/1810,1810,RACHEL CATHARINA,MEYER,VISRIVIER,ALBANY,1842,1842,,OHRIGSTAD,,,1
593,ESPAG,ESPAG,ESPAG,HENDRIK JOACHIM JOHANNES,Hendrik Joachim Johannes,b6c1,a1b6c1,ESPAGa1b6c1,,24/09/1817,1817,,18/01/1818,1817,1818,,1817,,,ALBANY,15/03/1840,1840,MARIA JACOMINA ELISABETH PETRONELLA,ESPAG,VISRIVIER,ALBANY,1842,1842,J.C. ESPAG,OHRIGSTAD,,,
594,ESTERHUIZEN,ESTERHUIZEN,ESTERHUIZEN,BAREND DANIEL,Barend Daniel,b3c2d5e1f3,a1b3c2d5e1f3,ESTERHUIZENa1b3c2d5e1f3,,01/07/1815,1815,GRAAFF-REINET,30/10/1815,1815,1815,,1815,,,GRAAFF-REINET,03/04/1837,1837,HENDRINA JOHANNA,BANADIE,,BEAUFORT,1838,1838,,TRANSORANJE,,,
595,ESTERHUIZEN,ESTERHUIZEN,ESTERHUIZEN,JESAIAS,Jesaias,b3c2d6e3f1,a1b3c2d6e3f1,ESTERHUIZENa1b3c2d6e3f1,,02/05/1820,1820,BEAUFORT,17/05/1820,1820,1820,,1820,,,,,,,,,BEAUFORT,1838,1838,,NATAL,,,
596,ESTERHUIZEN,ESTERHUIZEN,ESTERHUIZEN,JAN CHRISTOFFEL,Jan Christoffel,b3c2d6e7,a1b3c2d6e7,ESTERHUIZENa1b3c2d6e7,,,,,24/08/1806,,1806,,1806,,,,,,MARIA MAGDALENA,BUITENDACH,,BEAUFORT,1838,1838,,WINBURG,,BLOEDRIVIER,
597,EVERT,EVERT,EVERT,MICHIEL DANIEL PIETER EGBERT,Michiel Daniel Pieter Egbert,b3,a1b3,EVERTa1b3,,20/02/1822,1822,GEORGE,10/03/1822,1822,1822,,1822,1850,1850,,,,ANNA CECILIA,HEYNEKE,,BEAUFORT,1839,1839,,POTCHEFSTROOM,,DINGANE (24/12/1838),
598,FAASEN,FAASEN,FAASEN,COENRAAD HENDRIK,Coenraad Hendrik,b3c8d5e1,a1b3c8d5e1,FAASENa1b3c8d5e1,DAL JOSAPHAT,13/02/1815,1815,PAARL,03/06/1815,1815,1815,,1815,,,BEAUFORT,24/04/1836,1836,ANNA JOHANNA,BOTES,KOUP,BEAUFORT,,,,MAGALIESBERG (1845),,,
599,FERREIRA,FERREIRA,FERREIRA,MARTHINUS PHILIPPUS CORNELIS,Marthinus Philippus Cornelis,b7c1d8,a1b7c1d8,FERREIRAa1b7c1d8,SWELLENDAM,28/09/1811,1811,,17/11/1811,1811,1811,PIETERMARITZBURG,1811,14/12/1875,1875,,,,MARIA CATHARINA PETRONELLA,HOWELL,,SWELLENDAM,1839,1839,,PIETERMARITZBURG,,,
600,FERREIRA,FERREIRA,FERREIRA,MARTHINUS STEPHANUS,Marthinus Stephanus,b9c1d6,a1b9c1d6,FERREIRAa1b9c1d6,,02/02/1810,1810,SWELLENDAM,02/12/1810,1810,1810,,1810,,,UITENHAGE,04/07/1831,1831,ALETTA,PRINSLOO,,UITENHAGE,FEBRUARY 1838,1838,,WEENEN,,,
601,FERREIRA,FERREIRA,FERREIRA,MARTHINUS GERRIT THOMAS,Marthinus Gerrit Thomas,b9c2d1,a1b9c2d1,FERREIRAa1b9c2d1,,,,,27/06/1801,,1801,,1801,,,GRAAFF-REINET,23/04/1821,1821,SUSANNA MARIA,MARX,,UITENHAGE,APRIL 1838,1838,,PIETERMARITZBURG,,,
602,FICK,FICK,FICK,JOHAN IZAK JACOBUS,Johan Izak Jacobus,b6c1d2e2,a1b6c1d2e2,FICKa1b6c1d2e2,UITENHAGE,22/09/1816,1816,GRAAFF-REINET,15/02/1817,1816,1817,FICKSBURG,1816,22/09/1892,1892,,05/05/1837,1837,SUSANNA CHRISTINA JOHANNA,FOURIE,VISRIVIER,ALBANY,1842,1842,J.C. ESPAG,TRANSORANJE,,,
603,FICK,FICK,FICK,ANTHONIE FREDERIK,Anthonie Frederik,b6c4d9,a1b6c4d9,FICKa1b6c4d9,,,,,16/06/1801,,1801,,1801,,,STELLENBOSCH,03/03/1827,1827,ANNA GEERTRUYDA,ALBERTYN,,STELLENBOSCH,1838,1838,,OHRIGSTAD,,BEDROG,
604,FOORD,FOORD,FOORD,JAMES,James,b3,a1b3,FOORDa1b3,SCOTLAND,1802,1802,,,1802,,,1802,,,*SPECIAL*,10/12/1824,1824,MARIA DOROTHEA,HELLMOND,BAVIAAANSRIVIER,SOMERSET,1840,1840,J.C. ESPAG,PIETERMARITZBURG,,,
605,FOORD,FOORD,FOORD,WILLEM IGNATIUS,Willem Ignatius,b3c1,a1b3c1,FOORDa1b3c1,,21/11/1825,1825,UITENHAGE,05/02/1826,1825,1826,,1825,,,PIETERMARITZBURG,31/03/1845,1845,HESTER CATHARINA,SWANEPOEL,BAVIAAANSRIVIER,SOMERSET,1840,1840,J.C. ESPAG,PIETERMARITZBURG,,,
606,FOUCHE,FOUCHE,FOUCHE,JACOBUS PAULUS,Jacobus Paulus,b6c2d2e7,a1b6c2d2e7,FOUCHEa1b6c2d2e7,,,,,26/09/1806,,1806,KROONSTAD,1806,25/06/1876,1876,GRAAFF-REINET,08/06/1828,1828,ANNA MARGARETHA,BASSON,SWARTRUGGENS,GRAAFF-REINET,MAY 1837,1837,,TRANSORANJE,,,
607,FOUCHE,FOUCHE,FOUCHE,GUSTAVUS WILHEMUS,Gustavus Wilhemus,b6c2d2e8,a1b6c2d2e8,FOUCHEa1b6c2d2e8,,27/11/1808,1808,SWELLENDAM,20/01/1809,1808,1809,,1808,,,GRAAFF-REINET,06/10/1828,1828,JOHANNA,SWANEPOEL,SWARTRUGGENS,GRAAFF-REINET,1839,1839,,ROUXVILLE,,,
608,FOUCHE,FOUCHE,FOUCHE,STEPHANUS JACOBUS,Stephanus Jacobus,b6c2d3e2,a1b6c2d3e2,FOUCHEa1b6c2d3e2,,,,SWELLENDAM,12/02/1802,,1802,,1802,,,SWELLENDAM,08/05/1825,1825,SUSANNA GEERTRUYDA,SMIT,VOOR-KOGMANSKLOOF,SWELLENDAM,MAY 1840,1840,,COLESBERG,,TREK?,
609,FOUCHE,FOUCHE,FOUCHE,STEPHANUS,Stephanus,b6c2d6e1,a1b6c2d6e1,FOUCHEa1b6c2d6e1,,,,SWELLENDAM,14/04/1811,,1811,,1811,,,CRADOCK,02/04/1832,1832,PETRONELLA MARGARETHA,DU PLESSIS,TARKA,SOMERSET,AUGUST 1838,1838,,TRANSORANJE,,,
610,FOUCHE,FOUCHE,FOUCHE,PIETER MARTHINUS,Pieter Marthinus,b6c2d6e2,a1b6c2d6e2,FOUCHEa1b6c2d6e2,,11/05/1812,1812,GRAAFF-REINET,16/08/1812,1812,1812,,1812,01/04/1898,1898,CRADOCK,25/12/1834,1834,ELSIE ADRIANA,LE ROUX,TARKA,SOMERSET,02/11/1837,1837,,BLOEMFONTEIN,,,
611,FOUCHE,FOUCHE,FOUCHE,LOUIS JOACHIM,Louis Joachim,b6c2d6e5,a1b6c2d6e5,FOUCHEa1b6c2d6e5,,,,,02/05/1819,,1819,,1819,,,CRADOCK,01/10/1835,1835,LOUISA JOHANNA,VORSTER,,CRADOCK,1844,1844,,TRANSORANJE,COLESBERG,,
612,FOURIE,FOURIE,FOURIE,DAVID STEPHANUS SR,David Stephanus Sr,b14c2d1,a1b14c2d1,FOURIEa1b14c2d1,,,,,07/03/1784,,1784,,1784,,,,05/12/1802,1802,ISABELLA ELIZABETH,JANSEN VAN RENSBURG,NUWEVELD,BEAUFORT,23/06/1838,1838,,VAALRIVIER,,,1
613,FOURIE,FOURIE,FOURIE,DAVID STEPHANUS JR,David Stephanus Jr,b14c2d1e4,a1b14c2d1e4,FOURIEa1b14c2d1e4,,13/01/1813,1813,GRAAFF-REINET,28/02/1813,1813,1813,,1813,,,,,,JOHANNA HELENA,ERASMUS,NUWEVELD,BEAUFORT,JUNE 1838,1838,D.S FOURIE,BLOEMFONTEIN,,,
614,FOURIE,FOURIE,FOURIE,PETRUSSTEPHANUS ZACHARIAS,Petrusstephanus Zacharias,b14c2d1e9,a1b14c2d1e9,FOURIEa1b14c2d1e9,,24/07/1822,1822,BEAUFORT,03/11/1822,1822,1822,BOSHOF,1822,22/01/1901,1901,,,,CECILIA JACOBA,VAN DER WESTHUIZEN,NUWEVELD,BEAUFORT,1838,1838,D.S FOURIE,,,,
615,FOURIE,FOURIE,FOURIE,PETRUZ JACOBUS,Petruz Jacobus,b14c2d3e1,a1b14c2d3e1,FOURIEa1b14c2d3e1,,,,,26/12/1810,,1810,,1810,,,BEAUFORT,06/07/1829,1829,HESTER MAGDALENA,JACOBS,NUWEVELD,BEAUFORT,APRIL/MAY 1838,1838,P.D. JACOBS,POTCHEFSTROOM,,,
616,FOURIE,FOURIE,FOURIE,DAVID JOHANNES,David Johannes,b14c2d3e3,a1b14c2d3e3,FOURIEa1b14c2d3e3,BEAUFORT,05/06/1813,1813,PAARL,14/05/1815,1813,1815,,1813,,,GRAAFF-REINET,11/08/1833,1833,ANNA CATHARINA MARIA,DU TOIT,,COLESBERG,MARCH 1840,1840,,PIETERMARITZBURG,,,
617,FOURIE,FOURIE,FOURIE,BARTHOLOMEUS JACOBUS,Bartholomeus Jacobus,b14c3d12,a1b14c3d12,FOURIEa1b14c3d12,,,,,11/04/1802,,1802,,1802,,,BEAUFORT,03/09/1827,1827,MARIA MAGDALENA,DE KOKER,,COLESBERG,1837,1837,,OHRIGSTAD,"A.H. POTGIETER, POTCHEFSTROOM",,
618,FOURIE,FOURIE,FOURIE,WILLEM ANDRIES JOHANNES,Willem Andries Johannes,b14c3d13,a1b14c3d13,FOURIEa1b14c3d13,,,,,21/09/1805,,1805,,1805,,,,,,ANNA DOROTHEA,KRUGER,BRAKRIVIER,SOMERSET,1837,1837,,PIETERMARITZBURG,,,
619,FOURIE,FOURIE,FOURIE,DAVID WILLEM EZRA,David Willem Ezra,b14c3d5e4,a1b14c3d5e4,FOURIEa1b14c3d5e4,,30/11/1817,1817,CALEDON,04/04/1818,1817,1818,KROONSTAD,1817,18/09/1865,1865,,,,SUSANNA MARIA ELIZABETH,MOSTERT,,,,,1845,KROONSTAD,,,
620,FOURIE,FOURIE,FOURIE,DAVID GERHARDUS,David Gerhardus,b14c3d8e1,a1b14c3d8e1,FOURIEa1b14c3d8e1,,15/11/1815,1815,TULBAGH,22/12/1816,1815,1816,BOSHOF,1815,01/04/1869,1869,,,,HEYLA MAGDALENA,BENADIE,KOUP,BEAUFORT,DECEMBER 1842,1842,,,,,
621,FOURIE,FOURIE,FOURIE,DANIEL JACOBUS,Daniel Jacobus,b14c6d2,a1b14c6d2,FOURIEa1b14c6d2,,,,,21/10/1787,,1787,,1787,,,BEAUFORT,06/02/1825,1825,JACOBA SUSANNA,FOURIE,NUWEVELD,BEAUFORT,SPETEMBER 1837,1837,,WINBURG,,,
622,FOURIE,FOURIE,FOURIE,PHILIPPUS JACOBUS,Philippus Jacobus,b15c1d5,a1b15c1d5,FOURIEa1b15c1d5,,,,,30/10/1803,,1803,,1803,,,CRADOCK,08/06/1826,1826,ANNA BARBARA,ROBBERTSE,,UITENHAGE then SOMERSET,1836,1836,A.H. POTGIETER,,PRETORIA,STAMVADER VAN DIE Fourie- FAMILIE,
623,FOURIE,FOURIE,FOURIE,HERMANUS,Hermanus,b16c3,a1b16c3,FOURIEa1b16c3,,,,,27/02/1774,,1774,,1774,,,CAPE TOWN,23/11/1800,1800,ANNA LOUISA,JANSEN VAN RENSBURG,VISRIVIER,ALBANY,1842,1842,J.C. ESPAG,WINBURG,CAPE TOWN,,
624,FOURIE,FOURIE,FOURIE,PETRUS JOHANNES,Petrus Johannes,b16c3d4,a1b16c3d4,FOURIEa1b16c3d4,,,,,11/06/1810,,1810,,1810,,,,,,MAGDALENA MARIA SOPHIA,FICK,VISRIVIER,ALBANY,1842,1842,J.C. ESPAG,NATAL,,,
625,FOURIE,FOURIE,FOURIE,HERMANUS CASPARUS JOHANNES,Hermanus Casparus Johannes,b16c3d5,a1b16c3d5,FOURIEa1b16c3d5,,11/10/1810,1810,GRAAFF-REINET,03/02/1811,1810,1811,,1810,,,,,,ANNA JOHANNA MARIA,VAN DYK,VISRIVIER,ALBANY,1837,1837,,NATAL,,,
626,FOURIE,FOURIE,FOURIE,LOIUS LUCAS,Loius Lucas,b16c3d6,a1b16c3d6,FOURIEa1b16c3d6,,03/07/1814,1814,GEORGE,17/07/1814,1814,1814,,1814,,,SOMERSET,06/07/1835,1835,MARTHA ELIZABETH,REYNEKE,VISRIVIER,ALBANY,1842,1842,J.C. ESPAG,TRANSORANJE,,,
627,FOURIE,FOURIE,FOURIE,PETRUS JOHANNES,Petrus Johannes,b16c4,a1b16c4,FOURIEa1b16c4,,,,,11/05/1777,,1777,,1777,,,,23/05/1797,1797,ALETTA,BOOYSEN,BO- BOESMANRIVIER,SOMERSET,1837,1837,GERT J. RUDOLPH,NATAL,,,
628,FOURIE,FOURIE,FOURIE,LOUIS THEUNIS,Louis Theunis,b16c4d2,a1b16c4d2,FOURIEa1b16c4d2,,,,,30/10/1802,,1802,,1802,,,,,,ENGELA ADRIANA ALETTA,DE JAGER,ONDER-BOESMANSRIVIER and then BO- BOESMANSRIVIER,UITENHAGE and then SOMERSET,BETWEEN END 1836 AND MARCH 1837,1837,GERT J. RUDOLPH or J.S. MARITZ,"WEENEN, NATAL",,,
629,FOURIE,FOURIE,FOURIE,JOHANNES LOUIS,Johannes Louis,b16c4d4,a1b16c4d4,FOURIEa1b16c4d4,,,,,15/12/1804,,1804,,1804,,,SOMERSET,02/04/1826,1826,ANNA CATHARINA,COETZEE,BRUINTJIESHOOGTE,SOMERSET,1837,1837,,,,TREK?,
630,FOURIE,FOURIE,FOURIE,HERMANUS NICOLAAS,Hermanus Nicolaas,b16c4d5,a1b16c4d5,FOURIEa1b16c4d5,,13/10/1806,1806,NATAL,1857,1806,1857,,1806,,,,,,SUSANNA MARIA,DE JAGER,ONDER-BOESMANSRIVIER,UITENHAGE,1837,1837,G.J. RUDOLPH,NATAL,,,
631,FOURIE,FOURIE,FOURIE,JOSEPH JOHANNES,Joseph Johannes,b16c5d2e2,a1b16c5d2e2,FOURIEa1b16c5d2e2,,06/10/1823,1823,TULBAGH,09/12/1823,1823,1823,,1823,10/01/1920,1920,POTCHEFSTROOM,02/06/1845,1845,CATHARINA ELIZABETH,BOTHA,KAFFERKUILSRIVIER,SWELLENDAM,1840,1840,,,,,
632,FOURIE,FOURIE,FOURIE,JOSEPH JOHANNES,Joseph Johannes,b19c5d2,a1b19c5d2,FOURIEa1b19c5d2,,,,,02/04/1795,,1795,,1795,05/06/1882,1882,TULBAGH,04/06/1820,1820,MARIA ELIZABETH,VAN EEDEN,KAFFERKUILSRIVIER,SWELLENDAM,1840,1840,,NATAL,,,
633,FOURIE,FOURIE,FOURIE,LOUIS JOHANNES,Louis Johannes,b6c1d1e1,a1b6c1d1e1,FOURIEa1b6c1d1e1,,,,,03/12/1797,,1797,,1797,07/08/1876,1876,SWELLENDAM,06/08/1820,1820,ALIDA MARIA,DE JAGER,,SWELLENDAM,1840,1840,,,,,
634,FOURIE,FOURIE,FOURIE,CAREL PIETER,Carel Pieter,b6c1d3e2,a1b6c1d3e2,FOURIEa1b6c1d3e2,,,,,30/03/1812,,1812,,1812,,,,,,CECILIA JOHANNA WILHELMINA,STEYN,BO-DUIVENHOKSRIVIER,SWELLENDAM,1839,1839,,WINBURG,,,
635,FOURIE,FOURIE,FOURIE,LOUIS JOHANNES,Louis Johannes,b6c1d3e3,a1b6c1d3e3,FOURIEa1b6c1d3e3,,02/01/1814,1814,CALEDON,20/03/1814,1814,1814,BETHLEHEM,1814,03/06/1881,1881,SWELLENDAM,19/04/1835,1835,SARA JOHANNES,CRONJE,BO-DUIVENHOKSRIVIER,SWELLENDAM,1838,1838,,WINBURG,,,
636,FOURIE,FOURIE,FOURIE,JOHANNES JACOBUS,Johannes Jacobus,b6c1d3e5,a1b6c1d3e5,FOURIEa1b6c1d3e5,,,,SWELLENDAM,23/03/1818,,1818,,1818,,,PIETERMARITZBURG,13/05/1830,1830,ELSJE MAGDALENA JOHANNA,VAN SCHALKWYK,BO-DUIVENHOKSRIVIER,SWELLENDAM,1839,1839,,NATAL,,,
637,FOURIE,FOURIE,FOURIE,PHILIPPUS RUDOLPH,Philippus Rudolph,b6c1d3e7,a1b6c1d3e7,FOURIEa1b6c1d3e7,,,,,21/07/1822,,1822,,1822,,,,,,ANNA MAGARETHA GERTRUIDA,VAN SCHALKWYK,BO-DUIVENHOKSRIVIER,SWELLENDAM,1839,1839,,PIETERMARITZBURG,,,
638,FOURIE,FOURIE,FOURIE,MARTHINUS JACOBUS,Marthinus Jacobus,b14c2d3e2,a1b14c2d3e2,FOURIEa1b14c2d3e2,,18/05/1811,1811,GRAAFF- REINET,05/04/1812,1811,1812,,1811,between 1847-1850,1850,BEAUFORT,24/01/1836,1836,HESTER ELIZABETH DOROTHEA,JACOBS,,BEAUFORT,before 1842,1842,,TRANSORANJE,,,
639,FOURIE,FOURIE,FOURIE,DIRK BERNARD PETRUS,Dirk Bernard Petrus,b16c4d8,a1b16c4d8,FOURIEa1b16c4d8,,07/07/1815,1815,GEORGE,12/11/1815,1815,1815,,1815,,,SOMERSET,18/01/1835,1835,SUSARA JOHANNA,MEYER,OOS-RIETRIVIER,SOMERSET,20/06/1837,1837,L.J. MEYER,LADYSMITH,,,
640,FOURIE,FOURIE,FOURIE,MARCUS JOHANNES,Marcus Johannes,b17c2d1,a1b17c2d1,FOURIEa1b17c2d1,,,,,12/11/1797,,1797,,1797,,,GRAAFF- REINET,18/01/1818,1818,ANNA CATHARINA LASYA,JANSEN,,GRAAFF-REINET,1841,1841,,NATAL,,,
641,FOURIE,FOURIE,FOURIE,MATTHYS DANIEL,Matthys Daniel,b6c1d3e8,a1b6c1d3e8,FOURIEa1b6c1d3e8,,21/08/1824,1824,SWELLENDAM,26/12/1824,1824,1824,,1824,,,,,,MARIA WILHELMINA,DE JAGER,BO-DUIVENHOKSRIVIER,SWELLENDAM,1839,1839,,TRANSORANJE,,,
642,FRONEMAN,FRONEMAN,FRONEMAN,CAROLUS ANTONIE FREDERICUS,Carolus Antonie Fredericus,b6,a1b6,FRONEMANa1b6,,18/07/1805,1805,GRAAFF- REINET,02/11/1805,1805,1805,KROONSTAD,1805,07/02/1880,1880,SOMERSET,02/04/1832,1832,GESINA CATHARINA,DE LANGE,BAVIAAANSRIVIER,SOMERSET,1837,1837,P.A. OPPERMAN OR LUCAS JOHANNES MEYER OR RETIEF,NATAL,,,
643,FRONEMAN,FRONEMAN,FRONEMAN,CHRISTOFFEL CORNELIS,Christoffel Cornelis,b7,a1b7,FRONEMANa1b7,,26/07/1807,1807,TULBAGH,15/10/1807,1807,1807,,1807,,,,07/04/1834,1834,MARIA ELIZABETH,OPPERMAN,DAGGABOERSNEK IN BAVIAANSRIVIER,SOMERSET,1837,1837,P.A. OPPERMAN OR L.J. MEYER,FARM BLOEMHOEK,WINBURG,TOOK PART IN BLOOD RIVER,
644,FRONEMAN,FRONEMAN,FRONEMAN,JOHANNES COENRAAD JONAS,Johannes Coenraad Jonas,b8,a1b8,FRONEMANa1b8,,20/05/1812,1812,GRAAFF- REINET,06/09/1812,1812,1812,"VEGLAER,NATAL",1812,AUGUST 1838,1838,SOMERSET,02/11/1835,1835,ALETTA CATHARINA,MEYER,DAGGABOERSNEK IN BAVIAANSRIVIER,SOMERSET,SEPTEMBER 1837,1837,LUCAN J. MEYER,NATAL,,,
645,GEERE,GEERE,GEERE,CAREL FREDERIK CHRISTOFFEL,Carel Frederik Christoffel,b6c10,a1b6c10,GEEREa1b6c10,,03/09/1811,1811,GRAAFF- REINET,07/10/1811,1811,1811,VREDEFORT,1811,09/06/1901,1901,,,,LOUISA GESINA,BASSON,SWARTRUGGENS,GRAAFF-REINET,BEFORE SEPTEMBER 1843,1843,,NATAL THEN POTCHEFSTROOM,,,
646,GEERE,GEERE,GEERE,WILLEM GEORGE,Willem George,b6c7,a1b6c7,GEEREa1b6c7,,,,GRAAFF- REINET,18/08/1803,,1803,"RIETFONTEIM, HEIDELBERG",1803,05/12/1880,1880,GRAAFF- REINET,06/01/1825,1825,CATHARINA WILHELMINA FRANCINA,BASSON,SWARTRUGGENS,GRAAFF-REINET,BEFORE 12/06/1837,1837,JAN DU PLESSIS,NATAL,,,
647,GELDENHUYS,GELDENHUYS,GELDENHUYS,JAN ANDRIES,Jan Andries,a2b3c2,a2b3c2,GELDENHUYSa2b3c2,,07/12/1813,1813,CALEDON,20/03/1814,1813,1814,,1813,,,SOMERSET,06/10/1834,1834,MARIA ELIZABETH,JANSE VAN VUUREN,,SOMERSET,BEFORE 1844,1844,,NATAL AND THEN CARLETONVILLE,,,
648,GEYSER,GEYSER,GEYSER,HENDRIK JOSEPHUS,Hendrik Josephus,b6c3,a1b6c3,GEYSERa1b6c3,,,,,1801,,1801,ZAR,1801,1870,1870,GEORGE,10/04/1825,1825,ANNA JACOBA,OOSTHUIZEN,KANGO (OUDTSHOORN),GEORGE,1840,1840,WIFE'S PARENTS OR BROTHERS,NORTHWARDS,,,
649,GILDENHUIZEN,GILDENHUIZEN,GILDENHUIZEN,PETRUS JOHANNES,Petrus Johannes,b6c3d5e8f3,a1b6c3d5e8f3,GILDENHUIZENa1b6c3d5e8f3,,23/12/1819,1819,SWELLENDAM,18/06/1820,1819,1820,"DEELKRAAL,TRANSVAAL",1819,JUNE 1866,1866,,,,SARA JOHANNA,CRONJE,,COLESBERG,BEFORE 1840,1840,,KLEIN-MAGALIESBERG,,SON OF PIETER ARNOLDUS GILDENHUIZEN WHO WAS BORN IN 1795,
650,GOUWS,GOUWS,GOUWS,PIETER JOHANNES,Pieter Johannes,b10c1,a1b10c1,GOUWSa1b10c1,,,,,30/10/1808,,1808,,1808,,,UITENHAGE,03/04.1830,1830,HESTER MARIA,VAN STADEN,,UITENHAGE,BEFORE 1841,1841,,NATAL,,,
651,GOUWS,GOUWS,GOUWS,WILLEM,Willem,b1c1d1e6,a1b1c1d1e6,GOUWSa1b1c1d1e6,,,,,25/11/1792,,1792,,1792,,,GRAAFF-REINET,17/10/1813,1813,SUSANNA JOSINA,SCHUTTE,TARKA,SOMERSET,1837,1837,J.H. (HANS DONS) DE LANGE,NATAL,PIETERMARITZBURG,,
652,GOUWS,GOUWS,GOUWS,PETRUS ANDRIES,Petrus Andries,b3c10d1,a1b3c10d1,GOUWSa1b3c10d1,,,,,14/04/1781,,1781,NATAL,1781,25/01/1844,1844,,,,SARA JOSINA,JANSE VAN VURREN,,UITENHAGE,1837/8,37/8,,NATAL,,,
653,GOUWS,GOUWS,GOUWS,MARTHINUS GERHARDUS,Marthinus Gerhardus,b3c10d1e2,a1b3c10d1e2,GOUWSa1b3c10d1e2,,12/05/1810,1810,GRAAFF-REINET,13/01/ 1811,1810,1811,,1810,,,,,,SARA JOHANNA,JANSE VAN VURREN,,CRADOCK,1837/8,37/8,,NATAL,,,
654,GOUWS,GOUWS,GOUWS,ANDRIES EVERT STEPHANUS,Andries Evert Stephanus,b3c10d1e4,a1b3c10d1e4,GOUWSa1b3c10d1e4,,07/02/1818,1818,UITENHAGE,05/09/1819,1818,1819,,1818,,,CRADOCK,01/01/1837,1837,AMARENTIA RACHEL DOROTHEA,BLIGNAUT,,CRADOCK,1839,1839,,TRANSORANJE,,,
655,GOUWS,GOUWS,GOUWS,ROELOF JOHANNES,Roelof Johannes,b3c4d1e1f8,a1b3c4d1e1f8,GOUWSa1b3c4d1e1f8,,04/07/1820,1820,BEAUFORT,10/09/1820,1820,1820,,1820,,,,,,MARIA JOHANNA,BRONKHORST,,BEAUFORT,BEFORE MARCH 1842,1842,,POTCHEFSTROOM,,,
656,GOUWS,GOUWS,GOUWS,JACOB MARTHINUS,Jacob Marthinus,b3c4d1e4,a1b3c4d1e4,GOUWSa1b3c4d1e4,,,,,23/10/1791,,1791,NATAL,1791,27/12/1838,1838,SWELLENDAM,06/10/1860,1860,MARIA (MIETJIE) ELIZABETH,FOURIE,GROOT- SWARTBERG,SWELLENDAM,BETWEEN 1836 AND JUNE 1837,1837,J.A. ENSLIN,WIDOWED MIETJIE LIVED IN MAGALIESBERG,,,
657,GOUWS,GOUWS,GOUWS,PIETER MARTHINUS,Pieter Marthinus,b3c4d1e4f2,a1b3c4d1e4f2,GOUWSa1b3c4d1e4f2,,,,PAARL,18/11/1815,,1815,,1815,,,SWELLENDAM,20/10/1833,1833,HELENA JOSINA,CRAFFORD,GROOT- SWARTBERG,SWELLENDAM,BETWEEN AUGUST 1836 AND JUNE 1837,1837,J.A. ENSLIN AND LATER PIET RETIEF,NATAL,,,
658,GOUWS,GOUWS,GOUWS,JACOB JOSEPH,Jacob Joseph,b3c4d1e4f5,a1b3c4d1e4f5,GOUWSa1b3c4d1e4f5,,24/01/1821,1821,WORCESTER,02/11/1821,1821,1821,,1821,10/04/1884,1884,PIETERMARITZBURG,18/03/1843,1843,PETRONALLE ZACHARIA (OR CATHARINA),BOTHA,,BEAUFORT,BEFORE APRIL 1840,1840,,NATAL,,,
659,GOUWS,GOUWS,GOUWS,CORNELIS,Cornelis,b3c4d5e5,a1b3c4d5e5,GOUWSa1b3c4d5e5,,,,,08/10/1797,,1797,,1797,,,UITENHAGE,10/05/1829,1829,PETRONELLA SUSANNA,PRINSLOO,,UITENHAGE,1840,1840,,NATAL,,,
660,GREYLING,GREYLING,GREYLING,ABRAHAM CAREL,Abraham Carel,b11c2d1,a1b11c2d1,GREYLINGa1b11c2d1,,20/08/1799,1799,,22/12/1799,1799,1799,NATAL,1799,06/02/1838,1838,,,,MARIA ALETTA,BOUWER,WINTERBERG,ALBANY,FEBRUARY 1837,1837,PIET RETIEF (HIS STEP FATHER),,GRAHAMSTAD,,
661,GREYLING,GREYLING,GREYLING,PIETER JACOBUS,Pieter Jacobus,b11c2d2,a1b11c2d2,GREYLINGa1b11c2d2,,17/09/1801,1801,,25/11/1801,1801,1801,,1801,,,GRAAFF-REINET,18/05/1823,1823,MARIA PETRONELLA,BOTHMA,WINTERBERG,ALBANY,FEBRUARY 1837,1837,PIET RETIEF (HIS STEP FATHER),NATAL,,,
662,GREYLING,GREYLING,GREYLING,JAN CHRISTOFFEL,Jan Christoffel,b11c2d3 (or d1?)e1,a1b11c2d3 (or d1?)e1,GREYLINGa1b11c2d3 (or d1?)e1,,22/09/1823,1823,GRAHAMSTAD,25/01/1824,1823,1824,,1823,05/07/1901,1901,PIETERMARITZBURG,23/10/1843,1843,CECILIA JOHANNA,MEYER,BAVIAANSRIVIER,SOMERSET,,,NATAL,,,,
663,GREYLING,GREYLING,GREYLING,BAREND CHRISTIAAN,Barend Christiaan,b11c2d6,a1b11c2d6,GREYLINGa1b11c2d6,,08/03/1812,1812,,,1812,,,1812,1859,1859,GRAHAMSTAD,07/10/1830,1830,MARGARETHA JOHANNA MARIA,DELPORT,WINTERBERG,ALBANY,FEBRUARY 1837,1837,PIET RETIEF (HIS STEP FATHER),NATAL AND THEN LATER IN TRANSVAAL,,,
664,GREYLING,GREYLING,GREYLING,ARNOLDUS JACOBUS,Arnoldus Jacobus,b3c4d8,a1b3c4d8,GREYLINGa1b3c4d8,,,,,25/01/1807,,1807,"RIETFONTEIN, BLOEMFONTEIN",1807,10/06/1879,1879,,,,JANETTA CATHARINA,KRUGER,RIETVALLEI,CRADOCK,1837,1837,,,,,
665,GREYLING,GREYLING,GREYLING,JOHANNES ARNOLDUS,Johannes Arnoldus,b9c1,a1b9c1,GREYLINGa1b9c1,,,,,28/05/1775,,1775,,1775,,,,03/06/1798,1798,ANNA MARIA,KLOPPER,BAVIAANSRIVIER,SOMERSET,END MARCH 1838,1838,FAMILY,,,,
666,GREYLING,GREYLING,GREYLING,JOHANNES ARNOLDUS,Johannes Arnoldus,b9c1d1e2,a1b9c1d1e2,GREYLINGa1b9c1d1e2,,19/11/1820,1820,CRADOCK,23/04/1821,1820,1821,,1820,,,,,,,,BAVIAANSRIVIER,SOMERSET,END MARCH 1838,1838,FAMILY,,,,
667,GREYLING,GREYLING,GREYLING,HENDRIK BALTHASAR,Hendrik Balthasar,b9c1d6,a1b9c1d6,GREYLINGa1b9c1d6,,03/02/1821,1821,CRADOCK,02/07/1821,1821,1821,,1821,,,,,,ANNA MARGARETHA,SCHEEPERS,BAVIAANSRIVIER,SOMERSET,END MARCH 1838,1838,,TRANSORANJE,,,
668,GREYLING,GREYLING,GREYLING,BAREND CHRISTIAAN,Barend Christiaan,b9c3,a1b9c3,GREYLINGa1b9c3,,,,,03/04/1784,,1784,,1784,,,CAPE TOWN,20/05/1804,1804,HESTER ANTHOINETTE,SCHEEPERS,BAVIAANSRIVIER,SOMERSET,END MARCH 1838,1838,,,,,
669,GREYLING,GREYLING,GREYLING,STEPHANUS GERHARDUS,Stephanus Gerhardus,b9c3d4,a1b9c3d4,GREYLINGa1b9c3d4,,08/08/1813,1813,GRAAFF-REINET,11/04/1814,1813,1814,,1813,,,CRADOCK,24/01/1836,1836,MARIA ELIZABETH,VILJOEN,BAVIAANSRIVIER,SOMERSET,,,,TRANSORANJE,,,
670,GREYLING,GREYLING,GREYLING,LOURENS PETRUS,Lourens Petrus,b9c4d6,a1b9c4d6,GREYLINGa1b9c4d6,,19/05/1817,1817,GRAAFF-REINET,29/06/1817,1817,1817,"BALKFONTEIN, BOTHAVILLE",1817,11/09/1901,1901,,06/09/1840,1840,,,BAVIAANSRIVIER,SOMERSET,,,,POTCHEFSTROOM THEN BOTHAVILLE,KROONSTAD,,
671,GRIESEL,GRIESEL,GRIESEL,HENDRIK JACOBUS,Hendrik Jacobus,b7c1,a1b7c1,GRIESELa1b7c1,,06/09/1804,1804,TULBAGH,04/03/1805,1804,1805,,1804,,,,,,,,,,,,,,,,
672,GRIESEL,GRIESEL,GRIESEL,JAN HARMSE,Jan Harmse,b7c6,a1b7c6,GRIESELa1b7c6,,28/04/1814,1814,GRAAFF-REINET,26/12/1814,1814,1814,"JAKKALSDAM, BLOEMFONTEIN",1814,06/09/1857,1857,GRAAFF-REINET,13/08/1837,1837,MARIA LOUISA,MARAIS,,COLESBERG,BEFORE 1840,1840,,,,,
673,GROBBELAAR,GROBBELAAR,GROBBELAAR,RENIER NICOLAAS JOHANNES,Renier Nicolaas Johannes,b6c10d2,a1b6c10d2,GROBBELAARa1b6c10d2,,19/12/1809,1809,SWELLENDAM,26/11/1810,1809,1810,KWAMATHIWANE (MURDERED),1809,06/02/1838,1838,,,,ZACHARIA MARIA,VAN DYK,,CRADOCK,1837 ?,37 ?,,,,,
674,GROBBELAAR,GROBBELAAR,GROBBELAAR,NICOLAAS JOHANNES,Nicolaas Johannes,b9c11d4,a1b9c11d4,GROBBELAARa1b9c11d4,,16/05/1812,1812,GRAAFF-REINET,06/07/1812,1812,1812,,1812,17/03/1898,1898,GRAAFF-REINET,01/01/1831,1831,NEELTIE CORNELIA SUSANNA,KOEKEMOER,KLAAS SMITSRIVIER,SOMERSET/CRADOCK,1838,1838,,NATAL THEN SENEKAL,,,
675,GROBLER,GROBLER,GROBLER,PAULUS JOHANNES,Paulus Johannes,b5c4d10,a1b5c4d10,GROBLERa1b5c4d10,,06/05/1796,1796,SWELLENDAM,22/11/1796,1796,1796,BRONKHORSTSPRUIT,1796,16/03/1873,1873,SWELLENDAM,02/07/1820,1820,JOHANNA HELENA,MEYER,,SWELLENDAM THEN SOMERSET,BEFORE 1836,1836,,TRANSORANJE AND THEN BRONKHORSTSPRUIT,,,
676,GROBLER,GROBLER,GROBLER,JOHANNES ESIAS,Johannes Esias,b5c4d10e1,a1b5c4d10e1,GROBLERa1b5c4d10e1,,20/07/1820,1820,GEORGE,29/04/1821,1820,1821,HEIDELBERG,1820,15/09/1887,1887,,,,MAGDALENA PETRONELLA,BARNARD,,COLESBERG,1840,1840,,"TRANSORANJE THEN HEIDELBERG,ZAR",,,
677,GROBLER,GROBLER,GROBLER,GERRIT HENDRIK,Gerrit Hendrik,b5c4d10e2,a1b5c4d10e2,GROBLERa1b5c4d10e2,,30/04/1823,1823,GEORGE,04/10/1823,1823,1823,POTCHEFSTROOM,1823,24/04/1901,1901,BLOEMFONTEIN,27/08/1849,1849,MAGDALENA STOFFELINA,PIENAAR,,COLESBERG,1838/9,38/9,,,,,
678,GROBLER,GROBLER,GROBLER,HENDRIK CHRISTOFFEL IGNATIUS,Hendrik Christoffel Ignatius,b5c4d15,a1b5c4d15,GROBLERa1b5c4d15,,1808,1808,GEORGE,02/04/1809,1808,1809,STANDERTON,1808,14/12/1892,1892,CALEDON,15/08/1830,1830,JACOBA MARGARETHA,SWART,TARKA,SOMERSET,,,A.H. POTGIETER,,,,
679,GROBLER,GROBLER,GROBLER,JOHANNA HENDRINA,Johanna Hendrina,b6c1d2,a1b6c1d2,GROBLERa1b6c1d2,,,,TULBAGH,14/03/1784,,1784,"MOOIRIVIER, POTCHEFSTROOM (?)",1784,02/09/1839,1839,,26/10/1806,1806,PIETER DANIEL,DU PREEZ,KANGO,GEORGE (OUDTSHOORN),SECOND HALF OF 1838 (?),(?),HER CHILDREN (?),NATAL,,,
680,GROBLER,GROBLER,GROBLER,JOHANNES NICOLAAS HERMANUS,Johannes Nicolaas Hermanus,b6c1d3e2,a1b6c1d3e2,GROBLERa1b6c1d3e2,,11/06/1807,1807,GEORGE,20/10/1808,1807,1808,MIDDELBURG,1807,11/03/1886,1886,GEORGE,05/10/1828,1828,MARIA,BEKKER,,GEORGE THEN BEAUFORT,BEFORE 1842,1842,,MIDDELBURG,,,
681,GROBLER,GROBLER,GROBLER,FREDERIK ALBERTUS,Frederik Albertus,b6c1d3e3,a1b6c1d3e3,GROBLERa1b6c1d3e3,,30/03/1810,1810,SWELLENDAM,16/10/1810,1810,1810,,1810,,,BEAUFORT(WES),03/04/1831,1831,MARTHA ELIZABETH,STRYDOM,,BEAUFORT,,,,,,,
682,GROBLER,GROBLER,GROBLER,HENDRIK MICHAEL,Hendrik Michael,b6c1d3e4,a1b6c1d3e4,GROBLERa1b6c1d3e4,,26/06/1813,1813,GEORGE,13/02/1814,1813,1814,MIDDELBURG,1813,18/04/1892,1892,GEORGE,05/10/1834,1834,HELENA HENDRIKA SUSANNA,SCHOEMAN,,GEORGE,1838/9,38/9,,POTCHEFSTROOM THEN MIDDELBURG,,,
683,GROBLER,GROBLER,GROBLER,WILLEM JACOBUS,Willem Jacobus,b6c1d3e5,a1b6c1d3e5,GROBLERa1b6c1d3e5,,30/04/1815,1815,GEORGE,03/09/1815,1815,1815,MIDDELBURG,1815,01/10/1888,1888,BEAUFORT,26/12/1836,1836,ANNA MAGDALENA,OOSTHUIZEN,,BEAUFORT(WES),BEFORE MARCH 1840,1840,,POTCHEFSTROOM AND THEN MIDDELBURG,,,
684,GROBLER,GROBLER,GROBLER,PAULUS STEPHANUS,Paulus Stephanus,b6c1d3e6,a1b6c1d3e6,GROBLERa1b6c1d3e6,,07/11/1816,1816,GRAAFF-REINET,24/08/1817,1816,1817,,1816,,,UITENHAGE,10/06/1838,1838,JOHANNA HELENA PETRONELLA,NEL,,UITENHAGE,BEFORE MARCH 1842,1842,,MIDDELBURG,MIDDELBURG,,
685,GROBLER,GROBLER,GROBLER,JAN ADRIAAN PIETER,Jan Adriaan Pieter,b6c1d3e7,a1b6c1d3e7,GROBLERa1b6c1d3e7,,04/12/1818,1818,CRADOCK,14/02/1819,1818,1819,WARMBAD,1818,18/09/1868,1868,COLESBERG,14/07/1839,1839,JOHANNA HENDRINA,VAN HEERDEN,,COLESBERG,1840,1840,,POTCHEFSTROOM THEN WARMBAD,,,
686,GROBLER,GROBLER,GROBLER,JOHANNES HERMANUS,Johannes Hermanus,b6c1d5e1,a1b6c1d5e1,GROBLERa1b6c1d5e1,"OLIFANTSRIVIER, GEORGE",06/11/1813,1813,GRAAFF-REINET,26/12/1813,1813,1813,"GEMSBOKHEUVEL, ERMELO",1813,09/09/1892,1892,GEORGE,17/04/1836,1836,BAL(H)ARINA JOHANNA,WAGENAAR,,GEORGE,1838,1838,UNKNOWN,"VETRIVIER,POTCHEFSTROOM",,,
687,GROBLER,GROBLER,GROBLER,STEPHANUS JOHANNES,Stephanus Johannes,b6c1d5e2,a1b6c1d5e2,GROBLERa1b6c1d5e2,,05/07/1818,1818,GRAAFF-REINET,22/11/1818,1818,1818,DE WITTEKRANS,1818,15/04/1887,1887,GEORGE,03/10/1838,1838,ANNA HENDRINA,SCHEEPERS,,GEORGE,1838,1838,,PRETORIA AND WAKKERSTROOM,MIDDELBURG,,
688,GROBLER,GROBLER,GROBLER,HENDRIK FREDERIK,Hendrik Frederik,b6c1d5e5,a1b6c1d5e5,GROBLERa1b6c1d5e5,,20/05/1824,1824,SWELLENDAM,22/08/1824,1824,1824,MIDDELBURG,1824,02/01/1898,1898,,,,HELENA DOROTHEA,SCHEEPERS,,GEORGE,1838/9,38/9,,POTCHEFSTROOM THEN MIDDELBURG,POTCHEFSTROOM,,
689,GROBLER,GROBLER,GROBLER,DOUW GERBRAND,Douw Gerbrand,b6c2d2e3,a1b6c2d2e3,GROBLERa1b6c2d2e3,,30/01/1811,1811,GRAAFF-REINET,29/09/1811,1811,1811,,1811,28/01/1864,1864,CRADOCK,06/04/1829,1829,NEELTJIE CHRISTINA,ELOFF,,SOMERSET/CRADOCK,BEFORE JULY 1838,1838,,,,,
690,GROBLER,GROBLER,GROBLER,JOHANNES HERMANUS,Johannes Hermanus,b6c2d6,a1b6c2d6,GROBLERa1b6c2d6,,23/12/1795,1795,TULBAGH,14/02/1796,1795,1796,RUSTENBURG,1795,28/05/1976,1976,GRAAFF-REINET,41165,1165,MARIA MARGARETHA,DE BRUIN,TARKA,SOMERSET,1836,1836,A.H. POTGIETER,RUSTENBURG,UITENHAGE,,
691,GROBLER,GROBLER,GROBLER,NICOLAAS JOHANNES,Nicolaas Johannes,b6c2d6e1,a1b6c2d6e1,GROBLERa1b6c2d6e1,18/08/1814,,,GRAAFF-REINET,26/12/1814,,1814,KROONSTAD,1814,29/07/1879,1879,CRADOCK,23/12/1832,1832,DOROTHEA REGINA,COETZER,TARKA,SOMERSET,1836,1836,A.H. POTGIETER,,OHRIGSTAD,,
692,GROBLER,GROBLER,GROBLER,JAN,Jan,b6c2d6e3,a1b6c2d6e3,GROBLERa1b6c2d6e3,,06/05/1818,1818,CRADOCK,06/07/1818,1818,1818,RUSTENBURG,1818,14/02/1889,1889,CRADOCK,03/10/1836,1836,MARIA CATHARINA MARGARETHA,POTGIETER,TARKA,SOMERSET,SECOND HALF OF 1837,1837,JACOBUS CHRISTOFFEL POTGIETER,NATAL THEN RUSTENBURG,,,
693,GROBLER,GROBLER,GROBLER,WILLEM PIETER,Willem Pieter,b6c2d8,a1b6c2d8,GROBLERa1b6c2d8,,24/04/1800,1800,GRAAFF-REINET,29/06/1800,1800,1800,RUSTENBURG,1800,12/12/1869,1869,CRADOCK,07/11/1824,1824,CATHARINA MARIA,COETZER,TARKA,SOMERSET,1837,1837,,RUSTENBURG,,,
694,GROBLER,GROBLER,GROBLER,CORNELIS,Cornelis,b6c3d11,a1b6c3d11,GROBLERa1b6c3d11,,14/08/1811,1811,GRAAFF-REINET,20/10/1811,1811,1811,RUSTENBURG,1811,28/05/1885,1885,CRADOCK,06/02/1831,1831,JOHANNA SUSANNA CATHARINA,PRETORIUS,BRAKRIVIER,SOMERSET,1840,1840,,RUSTENBURG,POTCHEFSTROOM,,
695,GROBLER,GROBLER,GROBLER,JOHANNES HERMANUS,Johannes Hermanus,b6c5d6,a1b6c5d6,GROBLERa1b6c5d6,,07/01/1804,1804,STELLENBOSCH,30/03/1806,1804,1806,,1804,,,CRADOCK,04/07/1825,1825,CECILIA CATHARINA ELIZABETH,GROBLER,RIETRIVIER,UITENHAGE THEN CRADOCK,BEFORE JULY 1840,1840,,,,,
696,GROBLER,GROBLER,GROBLER,CEORT NICOLAAS,Ceort Nicolaas,b6c6d3,a1b6c6d3,GROBLERa1b6c6d3,,01/10/1803,1803,TULBAGH,18/11/1804,1803,1804,GROOT-MARICO,1803,1881,1881,UITENHAGE,01/01/1826,1826,JOHANNA SUSANNA,GOUWS,SWARTRUGGENS,UITENHAGE,1839,1839,,TRANSORANJE,,,
697,GROBLER,GROBLER,GROBLER,NICOLAAS MARTHINUS JOHANNES,Nicolaas Marthinus Johannes,b6c6d5,a1b6c6d5,GROBLERa1b6c6d5,,11/05/1810,1810,GRAAFF-REINET,11/05/1810,1810,1810,,1810,,,CRADOCK,13/11/1835,1835,MARIA ISABELLA GEERTRUIDA MAGDALENA,SWANEPOEL,,CRADOCK,BETWEEN MAY 1842 AND MAY 1844,1844,,OVS,,,
698,GROBLER,GROBLER,GROBLER,MARTHA JOHANNA,Martha Johanna,b9c13,a1b9c13,GROBLERa1b9c13,,19/06/1786,1786,DRAKENSTEIN,26/10/1787,1786,1787,,1786,,,,,,DIEDERIK JOHANNES,MULDER,BAVIAANSRIVIER,SOMERSET,OCTOBER 1837,1837,JAN DU PLESSIS,NATAL,,,
699,GROBLER,GROBLER,GROBLER,FREDERIK JOHANNES NICOLAAS ANDRIES,Frederik Johannes Nicolaas Andries,b9c5d4,a1b9c5d4,GROBLERa1b9c5d4,,01/05/1808,1808,GRAAFF-REINET,04/06/1809,1808,1809,WAKKERSTROOM,1808,05/05/1893,1893,CRADOCK,06/04/1829,1829,CORNELIA JOHANNA ELIZABETH,DE BEER,TARKA,SOMERSET,BETWEEN 26/12/1835 AND 14/01/1838,1838,,NATAL,PIETERMARITZBURG,,
700,GROBLER,GROBLER,GROBLER,PIETER,Pieter,b6c5d4,a1b6c5d4,GROBLERa1b6c5d4,,20/03/1797,1797,TULBAGH,,1797,,"RIETPOL (?), RENOSTERPOORT, SOUTPANSBERG",1797,20 FEBRUARY OR MAY 1883,1883,UITENHAGE,04/03/1821,1821,BARBARA JACOMINA MARGARETHA,PELZER,BRAKRIVIER,SOMERSET,BETWEEN OCTOBER 1839 AND MARCH 1842,1842,,,,,
701,GROBLER,GROBLER,GROBLER,PIETER SCHALK,Pieter Schalk,b9c11d2,a1b9c11d2,GROBLERa1b9c11d2,,09/25/1805,1805,GRAAFF-REINET,26/05/1805,1805,1805,,1805,,,GRAAFF-REINET,04/04/1824,1824,ANNA JOHANNA JACOBA,PRETORIUS,TARKA,SOMERSET/CRADOCK,BETWEEN 25/08/1837 AND 26/06/1838,1838,,"PMB, NATAL",GRAAFF-REINET,,
702,GROENEWALD,GROENEWALD,GROENEWALD,JACOBUS,Jacobus,a1b1c5d6e2,a1b1c5d6e2,GROENEWALDa1b1c5d6e2,,14/10/1808,1808,,05/02/1809,1808,1809,PORT NATAL,1808,12/08/1842,1842,PMB,05/10/1840,1840,MAGDALENA JOHANNA SUSANNA ALETTA,POTGIETER,,GEORGE,BEFORE 1840,1840,,NATAL,,,
703,GROVE,GROVE,GROVE,HERMANUS GERHARDUS,Hermanus Gerhardus,b3c9d5,a1b3c9d5,GROVEa1b3c9d5,CAPE TOWN,02/06/1794,1794,,13/07/1794,1794,1794,MAGALIESBURG,1794,08/11/1856,1856,STELLENBOSCH,02/07/1815,1815,SUSANNA MARGARETHA,ROSSOUW,"PRETORIUSKLOOF, VOOR-SNEEUBERG",GRAAFF-REINET,MID1838,1838,,NATAL THEN OVS THEN MAGALIESBERG,,,
704,GRUENDLINGH,GRUENDLINGH,GRUENDLINGH,JOHANNES PETRUS,Johannes Petrus,b8c1,a1b8c1,GRUENDLINGHa1b8c1,,,,,16/10/1791,,1791,,1791,,,GEORGE,07/07/1822,1822,BEATRIX ELIZABETH JOHANNA,LE ROUX,,SOMERSET THEN CRADOCK,BETWEEN END 1837 AND 1840,1840,,TRANSORANJE THEN POTCHEFSTROOM,CRADOCK,,
705,HAASBROEK,HAASBROEK,HAASBROEK,MARTHA MARGARETHA,Martha Margaretha,b1,a1b1,HAASBROEKa1b1,,,,,21/06/1788,,1788,OHRIGSTAD,1788,28/02/1859,1859,SWELLENDAM,JANUARY 1807,1807,PIETER JOUBERT,b5c7d7,,SWELLENDAM,EARLY 1840'S,40'S,MOST PROBABLY A.H. POTGIETER,,,,
706,HAMMAN,HAMMAN,HAMMAN,JACOBUS JOHANNES SR.,Jacobus Johannes Sr.,b5c1,a1b5c1,HAMMANa1b5c1,,,,,16/11/1788,,1788,"ELANDSRIVIER, PRETORIA",1788,10/05/1852,1852,UITENHAGE,04/11/1821,1821,ALBERDINA MAGDALENA,SMIT,OOS-RIETRIVIER,SOMERSET,1837,1837,,,,,
707,HAMMAN,HAMMAN,HAMMAN,JACOBUS JOHANNES JR.,Jacobus Johannes Jr.,b5c1d2,a1b5c1d2,HAMMANa1b5c1d2,,02/11/1824,1824,CRADOCK,09/10/1825,1824,1825,,1824,,,POTCHEFSTROOM,03/09/1845,1845,JOHANNA PETRONELLA JACOBA,PRINSLOO,OOS-RIETRIVIER,SOMERSET,1837,1837,,,,,
708,HAMMES,HAMMES,HAMMES,PIETER JOHANNES,Pieter Johannes,b1c2,a1b1c2,HAMMESa1b1c2,,,,,04/06/1797,,1797,HARRISMITH,1797,05/01/1878,1878,CAPE TOWN,14/05/1826,1826,ELSE MARIANNE,ROUVIERRE,,GRAAFF-REINET,SEPTEMBER 1836,1836,GERT MARITZ,NATAL THEN HARRISMITH BLOEMFONTEIN/WINBURG,"SOOILAER, MARITZDAM, NATAL",,
709,HANSMEYER,HANSMEYER,HANSMEYER,JOSEPH,Joseph,a1,a1,HANSMEYERa1,GERMANY,28/04/1813,1813,,,1813,,PIETERMARITZBURG,1813,09/11/1855,1855,PIETERMARITZBURG,15/02/1841,1841,ALETTA LETITIA/ MARIA,MARE,,PIETERMARITZBURG,"HE LEFT IN 1839, HIS WIFE 1836 WITH HER PARENTS",ENTS,,,,,
710,HANSONIUS,HANSONIUS,HANSONIUS,AEGIDIUS ANTHONIE,Aegidius Anthonie,b4,a1b4,HANSONIUSa1b4,,,,,15/06/1788,,1788,,1788,,,BEAUFORT,06/02/1820,1820,ENGELA BEATRIX,BOTES,NUWEVELD,BEAUFORT,AROUND 1840,1840,,,PIETERMARITZBURG,,
711,HARMSE,HARMSE,HARMSE,CHRISTIAAN BAREND STEPHANUS,Christiaan Barend Stephanus,b10c6d4,a1b10c6d4,HARMSEa1b10c6d4,,,,,25/11/1793,,1793,,1793,,,TULBAGH,05/11/1814,1814,CATHARINA MARIA,FOURIE,,COLESBERG,IN 1839,1839,,,,,
712,HARMSE,HARMSE,HARMSE,CORNELIS,Cornelis,b10c6d6,a1b10c6d6,HARMSEa1b10c6d6,,,,,15/10/1797,,1797,,1797,,,BEAUFORT,05/12/1819,1819,FRANCINA,HARMSE,,COLESBERG,UNKNOWN BUT PROBABLY BEGINNING 1836,1836,A.H. POTGIETER (?),,,,
713,HARMSE,HARMSE,HARMSE,BARTHOLOMEUS,Bartholomeus,b10c9,a1b10c9,HARMSEa1b10c9,,,,,25/09/1759,,1759,,1759,,,,,,ANNA CHRISTINA,KRUL/ KRIEL,,BEAUFORT/COLESBERG,EARLY 1836,1836,A.H.POTGIETER (?),,,,
714,HARMSE,HARMSE,HARMSE,BARTHOLOMEUS ROELOF JACOBUS,Bartholomeus Roelof Jacobus,b10c9d10,a1b10c9d10,HARMSEa1b10c9d10,,30/06/1822,1822,BEAUFORT,28/09/1823,1822,1823,,1822,,,POTCHEFSTROOM,01/05/1849,1849,MARIA JACOBA,SWANEPOEL,,BEAUFORT/COLESBERG,EARLY 1836,1836,A.H. POTGIETER (?),,,,
715,HARMSE,HARMSE,HARMSE,DANIEL JOHANNES HENDRIK,Daniel Johannes Hendrik,b10c9d7,a1b10c9d7,HARMSEa1b10c9d7,KOUP.,06/08/1814,1814,PAARL,26/03/1815,1814,1815,,1814,,,,,,FRANCINA GEERTRUYDA SUSARA,,,BEAUFORT (?),BEFORE 1840,1840,,POTCHEFSTROOM,,,
716,HARTZENBERG,HARTZENBERG,HARTZENBERG,JOHAN HENDRIK,Johan Hendrik,b1c4,a1b1c4,HARTZENBERGa1b1c4,,28/04/1818,1818,CRADOCK,23/08/1818,1818,1818,,1818,,,CRADOCK,01/11/1835,1835,MAGDALENA JOSINA,STRYDOM,,SOMERSET/CRADOCK,BEFORE 1840,1840,,ZOUTPANSBERG,,,
717,HATTINGH,HATTINGH,HATTINGH,JAN HENDRIK,Jan Hendrik,b11c1d2,a1b11c1d2,HATTINGHa1b11c1d2,,,,,23/09/1794,,1794,,1794,,,GRAAFF-REINET,04/05/1812,1812,MAGDALENA ELIZABETH,COETZER,TARKA,SOMERSET,"BEFORE 02/11/1837, PROBABLY OCTOBER 1837",1837,JAN DU PLESSIS (?),NATAL (?),,,
718,HATTINGH,HATTINGH,HATTINGH,JOHANNES HENDRIK,Johannes Hendrik,b11c1d2e1,a1b11c1d2e1,HATTINGHa1b11c1d2e1,,15/01/1819,1819,CRADOCK,04/10/1819,1819,1819,"DAGERAAD, UTRECHT",1819,10/06/1897,1897,PMB.,31/04/1840,1840,GEERTRUIDA SUSANNA,DU PLESSIS,TARKA,SOMERSET,UNKNOWN BUT ca OCTOBER 1837,837,JAN DU PLESSIS,NATAL,,,
719,HATTINGH,HATTINGH,HATTINGH,JACOBUS JOHANNES GERHARDUS,Jacobus Johannes Gerhardus,b11c1d2e2,a1b11c1d2e2,HATTINGHa1b11c1d2e2,,13/12/1820,1820,CRADOCK,23/04/1812,1820,1812,"SCHAAPKRAAL, HARRISMITH",1820,28/11/1890,1890,,1845,1845,MARGARETHA JOHANNA SOPHIA,VAN DER MERWE,TARKA,SOMERSET,,,,NATAL,,,
720,HATTINGH,HATTINGH,HATTINGH,JOHANNES MICHIEL,Johannes Michiel,b11c1d2e3,a1b11c1d2e3,HATTINGHa1b11c1d2e3,,28/05/1823,1823,CRADOCK,14/07/1823,1823,1823,WEENEN,1823,01/10/1891,1891,,,,MARIA CATHARINA MARGARETHA,JORDAAN,TARKA,SOMERSET,PROBABLY OCTOBER 1837,1837,PROBABLY JAN DU PLESSIS,NATAL,,,
721,HATTINGH,HATTINGH,HATTINGH,CHRISTIAAN JACOBUS,Christiaan Jacobus,b11c1d3,a1b11c1d3,HATTINGHa1b11c1d3,,,,,02/08/1795,,1795,,1795,,,GRAAFF-REINET,07/09/1817,1817,MACHTELD (MAGDALENA) GEERTRUIDA,GROBLER,TARKA,SOMERSET,1837 (?),(?),,NATAL,,,
722,HATTINGH,HATTINGH,HATTINGH,JOHANNES HENDRIK,Johannes Hendrik,b11c1d3e1,a1b11c1d3e1,HATTINGHa1b11c1d3e1,,14/11/1823,1823,CRADOCK,05/04/1824,1823,1824,NATAL,1823,16/06/1840,1840,,,,,,TARKA,SOMERSET,ca 1837,1837,,,,,
723,HATTINGH,HATTINGH,HATTINGH,JACOBUS GERHARDUS,Jacobus Gerhardus,b11c1d5,a1b11c1d5,HATTINGHa1b11c1d5,,,,GRAAFF-REINET,14/04/1799,,1799,,1799,,,SOMER,02/07/1826,1826,JACOMINA ELIZABETH,DE BEER,TARKA,SOMERSET,BEFORE 02/11/1837,1837,,,,,
724,HATTINGH,HATTINGH,HATTINGH,HENDRIK PETRUS,Hendrik Petrus,b11c1d6,a1b11c1d6,HATTINGHa1b11c1d6,,12/01/1801,1801,,,1801,,BETHLEHEM,1801,23/05/1883,1883,CRADOCK,08/02/1829,1829,SUSARA ALETTA,NEL,TARKA,SOMERSET,BETWEEN 16/07/1837 AND 11/07/1840,1840,,NATAL,,,
725,HATTINGH,HATTINGH,HATTINGH,DEWALD LAMBERTUS,Dewald Lambertus,b11c1d9,a1b11c1d9,HATTINGHa1b11c1d9,,20/07/1807,1807,,,1807,,,1807,,,CRADOCK,04/02/1827,1827,MARIA ALETTA,DE BEER,TARKA,SOMERSET,BETWEEN APRIL 1837 AND SEPTEMBER 1839,1839,,,,,
726,HATTINGH,HATTINGH,HATTINGH,CHRISTIAAN SR.,Christiaan Sr.,b11c4,a1b11c4,HATTINGHa1b11c4,,,,,20/10/1776,,1776,,1776,,,,07/05/1797,1797,JOHANNA GUSTAVA,TREGARDT,TARKA,SOMERSET,BEFORE NOVEMBER 1837,1837,,NATAL THEN FARM STRYDPOORTFONTEIN,,,
727,HATTINGH,HATTINGH,HATTINGH,JOHANNES DEWALD(T),Johannes Dewald(T),b8c7d4,a1b8c7d4,HATTINGHa1b8c7d4,,,,GRAAFF-REINET,17/02/1793,,1793,"SAAILAER, NATAL",1793,24/06/1838,1838,GRAAFF-REINET,27/09/1812,1812,ANNA ELIZABETH,RETIEF,ZEEKOEIRIVIER,GRAAFF-REINET,05/05/1837,1837,APPARENTLY JUST THE FAMILY,NATAL,,,
728,HATTINGH,HATTINGH,HATTINGH,FRANCOIS MARTHINUS,Francois Marthinus,b8c7d4e1,a1b8c7d4e1,HATTINGHa1b8c7d4e1,,20/04/1814,1814,GRAAFF-REINET,22/05/1814,1814,1814,NATAL,1814,25/01/1839,1839,GRAAFF-REINET,25/05/1834,1834,ELSABE MARGARETHA,DE WIT,,GRAAFF-REINET,ca 1837,1837,,NATAL,,,
729,HATTINGH,HATTINGH,HATTINGH,JOHANNES DEWALD,Johannes Dewald,b8c7d4e7,a1b8c7d4e7,HATTINGHa1b8c7d4e7,,03/05/1825,1825,,,1825,,,1825,,,FICKSBURG,,,SUSANNA HELENA,BRUWER,SEEKOEIRIVIER,GRAAFF-REINET,05/05/1837,1837,ONLY THEIR FAMILY,NATAL,,,
730,HAVEMANN,HAVEMANN,HAVEMANN,JOHANN HEINRICH CARL,Johann Heinrich Carl,a1,a1,HAVEMANNa1,,16/08/1819,1819,,,1819,,,1819,01/08/1879,1879,PMB.,15/02/1841,1841,HESTER MARIA MAGDALENA,MAREE/ MARE,,,BEFORE 1839,1839,,NATAL,,,
731,HAVENGA,HAVENGA,HAVENGA,BAREND PETRUS,Barend Petrus,b3c4,a1b3c4,HAVENGAa1b3c4,,,,STELLENBOSCH,29/03/1800,,1800,"WATERVAL, RUSTENBURG",1800,25/12/1871,1871,CRADOCK,15/04/1821,1821,ELIZABETH MARGARETHA,RIEKERT,,CRADOCK,AFTER JUNE 1842,1842,,RUSTENBURG,,,
732,HEINE,HEINE,HEINE,CASPER HEINRICH,Casper Heinrich,a1,a1,HEINEa1,,ca 1812,1812,,,1812,,,1812,,,,,,,,,POSSIBLY GRAAFF-REINET,ca 1839,1839,,,,,
733,HELLBERG,HELLBERG,HELLBERG,JOHANNES ZACHARYAS,Johannes Zacharyas,b3c1,a1b3c1,HELLBERGa1b3c1,,29/04/1811,1811,GRAAFF-REINET,26/05/1811,1811,1811,SCHOEMANSDAL (?),1811,,,GRAAFF-REINET,06/02/1832,1832,MARTHA MARIA MARGARETHA,OLIVIER,,GRAAFF-REINET,SEPTERMBER 1836,1836,GERT MARITZ,"OLIFANTSRIVIER, OHRIGSTAD",,,
734,HELMOND,HELMOND,HELMOND,JOSEPH JOHANNES,Joseph Johannes,b1,a1b1,HELMONDa1b1,,11/03/1803,1803,SWELLENDAM,11/12/1811,1803,1811,,1803,,,UITENHAGE,26/07/1829,1829,JOHANNA GEERTRUYDA,SIEBRITS,,UITENHAGE,BETWEEN 10/05/1840 AND 14/04/1844,1844,,NATAL,"ST MARY, PE",,
735,HENNING,HENNING,HENNING,JAN HENDRIK,Jan Hendrik,b9,a1b9,HENNINGa1b9,,02/06/1790,1790,,15/11/1790,1790,1790,BOSHOF,1790,15/08/1881,1881,GRAAFF-REINET,02/02/1812,1812,MARTHA SOPHIA,VAN DER MERWE,,GRAAFF-REINET,BEGINNING 1838 (?),(?),,AGTER- MAGALIESBURG,,,
736,HENNING,HENNING,HENNING,JAN HENDRIK,Jan Hendrik,b9c3,a1b9c3,HENNINGa1b9c3,GRAAFF-REINET,08/01/1816,1816,GRAAFF-REINET,07/10/1816,1816,1816,"PUTFONTEIN, BENONI",1816,16/11/1893,1893,GRAAFF-REINET,03/04/1837,1837,HENDRINA MAGDALENA,VAN DER MERWE,,SOMERSET (?),ca BEGINNING 1838,838,,MAYBE POTCHEFSTROOM,,,
737,HENNOP,HENNOP,HENNOP,JAN PHILIP CAREL,Jan Philip Carel,b1c1,a1b1c1,HENNOPa1b1c1,,,,,,,,,,,,TULBAGH,27/04/1806,1806,ALETTA FRANCINA,GRIESEL,,POSSIBLY BEAUFORT,BEFORE OCTOBER 1840,1840,A.H. POTGIETER,POTCHEFSTROOM,GRAAFF-REINET,,
738,HENNOP,HENNOP,HENNOP,ABRAHAM JACOBUS,Abraham Jacobus,b1c1d2,a1b1c1d2,HENNOPa1b1c1d2,,29/08/1808,1808,,27/11/1808,1808,1808,,1808,,,,,,,,,BEAUFORT (?),APPARENTLY BEFORE JANUARY 1840,1840,,,,,
739,HENNOP,HENNOP,HENNOP,DAVID JOHANNES,David Johannes,b1c1d8,a1b1c1d8,HENNOPa1b1c1d8,,20/11/1824,1824,GRAAFF-REINET,04/04/1825,1824,1825,,1824,,,POTCHEFSTROOM,04/07/1849,1849,ANNA MARIA CHARLOTTA,DU PLESSIS,,BEAUFORT (?),APPARENTLY BEFORE JANUARY 1840,1840,,,,,
740,HERBST,HERBST,HERBST,JOHAN GEORGE,Johan George,b3c1,a1b3c1,HERBSTa1b3c1,,10/07/1811,1811,GRAAFF-REINET,11/08/1811,1811,1811,,1811,,,GRAAFF-REINET,11/12/1831,1831,SUSANNA ELIZABETH,FABER,,COLESBERG,1840s,840s,,BETHULIE,,,
741,HERBST,HERBST,HERBST,MARTHINUS JOHANNES HENDRIK,Marthinus Johannes Hendrik,b3c5,a1b3c5,HERBSTa1b3c5,,03/05/1820,1820,GRAAFF-REINET,16/07/1820,1820,1820,PIET RETIEF,1820,30/11/1898,1898,,,,MARIA MAGDALENA SOPHIA,BREITENBACH,,GRAAFF-REINET (?),APPARENTLY EARLY 1840s,40s,,TRANSORANJE,,,
742,HERBST,HERBST,HERBST,CHRISTIAAN FREDERIK,Christiaan Frederik,b5c1,a1b5c1,HERBSTa1b5c1,,,,,1797,,1797,KROONSTAD,1797,21/09/1868,1868,GRAAFF-REINET,03/09/1820,1820,HENDRINA CECILIA,STEENKAMP,,GRAAFF-REINET,BEFORE APRIL 1842,1842,,WINBURG,,,
743,HERBST,HERBST,HERBST,CHRISTIAAN SERVAAS,Christiaan Servaas,b5c1d1,a1b5c1d1,HERBSTa1b5c1d1,,30/10/1821,1821,GRAAFF-REINET,26/12/1821,1821,1821,,1821,,,,,,ANNA CHRISTINA,BOTHA,,GRAAFF-REINET (?),HIS FATHER LEFT APRIL 1842,1842,,WINBURG THEN BLOEMFONTEIN,,,
744,HERBST,HERBST,HERBST,JOHAN CHRISTIAAN JACOBUS,Johan Christiaan Jacobus,b7,a1b7,HERBSTa1b7,,,,,28/11/1802,,1802,,1802,,,GRAAFF-REINET,03/02/1833,1833,ANNA LOUISA,JACOBS,VOORSNEEUBERG,GRAAFF-REINET,BETWEEN 04/12/1836 AND 10/04/1842,1842,,TRANSORANJE,,,
745,HEYDENRYCH,HEYDENRYCH,HEYDENRYCH,JAN ERNST,Jan Ernst,b6c2d1,a1b6c2d1,HEYDENRYCHa1b6c2d1,,22/01/1800,1800,SWARTLAND (MALMESBURY),25/12/1800,1800,1800,,1800,,,SOMERSET,06/05/1832,1832,HEYLA MAGDALENA,VOSLOO,OOS-RIETRIVIER,SOMERSET,1837,1837,,,,,
746,HEYDENRYCH,HEYDENRYCH,HEYDENRYCH,CORNELIS FREDERIK,Cornelis Frederik,b6c2d2,a1b6c2d2,HEYDENRYCHa1b6c2d2,,31/10/1801,1801,SWARTLAND (MALMESBURY),07/11/1802,1801,1802,BETHLEHEM,1801,19/05/1887,1887,CRADOCK,05/06/1825,1825,JACOMINA WILHELMINA,BOTHA,BAVIAANSRIVIER,SOMERSET,BEFORE 03/10/1841,1841,,NATAL,,,
747,HEYNEKE,HEYNEKE,HEYNEKE,JOHANNES CHRISTOFFEL SR.,Johannes Christoffel Sr.,b2c1,a1b2c1,HEYNEKEa1b2c1,,,,,16/09/1798,,1798,,1798,,,BEAUFORT,30/09/1821,1821,CECILIA ANNA,ESTERHUIZEN,NUWEVELD,BEAUFORT,APRIL/MAY 1838,1838,P.D. JACOBS,POTCHEFSTROOM,,,
748,HEYNEKE,HEYNEKE,HEYNEKE,JOHANNES CHRISTOFFEL JR.,Johannes Christoffel Jr.,b2c1d1,a1b2c1d1,HEYNEKEa1b2c1d1,,06/09/1822,1822,BEAUFORT,29/12/1822,1822,1822,,1822,,,POTCHEFSTROOM,03/11/1847,1847,SUSANNA MAGDALENA,VERMAAS,NUWEVELD,BEAUFORT,APRIL/MAY 1838,1838,P.D. JACOBS,POTCHEFSTROOM,,,
749,HEYNEKE,HEYNEKE,HEYNEKE,ANTHONIE WILLEM,Anthonie Willem,b2c1d2,a1b2c1d2,HEYNEKEa1b2c1d2,,03/03/1824,1824,BEAUFORT,13/02/1825,1824,1825,,1824,,,,,,JOHANNA CATHARINA,VAN STADEN,NUWEVELD,BEAUFORT,APRIL/MAY 1838,1838,P.D. JACOBS,POTCHEFSTROOM,POTCHEFSTROOM,,
750,HOLTZHAUSEN,HOLTZHAUSEN,HOLTZHAUSEN,HILLEGERT,Hillegert,b3c1d10,a1b3c1d10,HOLTZHAUSENa1b3c1d10,,,,,08/02/1801,,1801,,1801,,,UITENHAGE,05/05/1822,1822,JOHANNA ELIZABETH,POTGIETER,ONDER-BOESMANSRIVIER,UITENHAGE,NOVEMBER 1836,1836,J.S. MARITZ,NATAL,,,
751,HOLTZHAUSEN,HOLTZHAUSEN,HOLTZHAUSEN,JOHANNES ANDRIES,Johannes Andries,b3c1d10e2,a1b3c1d10e2,HOLTZHAUSENa1b3c1d10e2,,21/08/1825,1825,UITENHAGE,02/10/1825,1825,1825,,1825,,,,,,ANNA ELIZABETH,FERREIRA,"ALTO, ONDER-BOESMANSRIVIER",UITENHAGE,NOVEMBER 1836,1836,J.S. MARITZ,NATAL,,,
752,HOLTZHAUSEN,HOLTZHAUSEN,HOLTZHAUSEN,LOUIS LORENS,Louis Lorens,b3c3d1e1,a1b3c3d1e1,HOLTZHAUSENa1b3c3d1e1,,25/02/1813,1813,GRAAFF-REINET,07/11/1813,1813,1813,,1813,,,POTCHEFSTROOM,22/09/1839,1839,ANNA CATHARINA,VAN DER MERWE,NUWEVELD,BEAUFORT,APRIL 1838,1838,PROBABLY P.D. JACOBS,POTCHEFSTROOM,,,
753,HOLTZHAUSEN,HOLTZHAUSEN,HOLTZHAUSEN,RUDOLPH JOHANNES,Rudolph Johannes,b3c3d1e3,a1b3c3d1e3,HOLTZHAUSENa1b3c3d1e3,,03/12/1816,1816,GRAAFF-REINET,09/03/1817,1816,1817,"LINDLEYSPOORT, RUSTENBURG",1816,18/05/1896,1896,POTCHEFSTROOM,1842,1842,SUSANNA FRANCINA,MINNAAR,NUWEVELD,BEAUFORT,BEFORE 04/03/1840,1840,,RUSTENBURG,DORSLANDTREK OKAVANGO,,
754,HORN,HORN,HORN,CHRISTIAAN,Christiaan,b1c5,a1b1c5,HORNa1b1c5,,,,,18/05/1777,,1777,,1777,,,,06/10/1799,1799,ENGELA MARIA JOHANNA,KOORTS,KOGMANSKLOOF,LATER BEAUFORT,1838,1838,,,,,
755,HORN,HORN,HORN,CHRISTIAAN WYNAND,Christiaan Wynand,b1c5d3,a1b1c5d3,HORNa1b1c5d3,,06/10/1804,1804,TULBAGH,28/10/1804,1804,1804,,1804,,,BEAUFORT,03/08/1828,1828,ANNA CATHARINA,ESTERHUIZEN,,BEAUFORT,BEFORE 1841,841,,WINBURG,,,
756,HORN,HORN,HORN,JOHANNES WILLEM,Johannes Willem,b3c5d1,a1b3c5d1,HORNa1b3c5d1,,10/09/1807,1807,CAPE TOWN,21/02/1808,1807,1808,,1807,,,SWELLENDAM,20/10/1833,1833,ELIZABETH HENDRIKA,KUHN,GROOTSWARTBERG,SWELLENDAM,1839,1839,,BEAUFORT THEN PROBABLY ORANJE,,,
757,HORN,HORN,HORN,MICHIEL FREDERIK,Michiel Frederik,b3c6,a1b3c6,HORNa1b3c6,,21/10/1789,1789,,,1789,,,1789,,,SWELLENDAM,0CTOBER 1809,1809,SARA MARIA,VICTOR,,GRAAFF-REINET,,,,,,,
758,HORN,HORN,HORN,MICHIEL FREDERIK,Michiel Frederik,b3c6d4,a1b3c6d4,HORNa1b3c6d4,,28/01/1817,1817,TULBAGH,09/03/1817,1817,1817,,1817,,,,,,MARTHA CATHARINA JOACHIMINA,VENTER,,BEAUFORT (?),BEFORE 1841,841,,WINBURG,,,
759,HORN,HORN,HORN,JAN,Jan,b3c6d5,a1b3c6d5,HORNa1b3c6d5,,05/10/1819,1819,GRAAFF-REINET,09/02/1821,1819,1821,,1819,,,COLESBERG,09/06/1839,1839,SIBELLA SUSANNA MARIA,DUVENAGE,,COLESBERG,BEFORE 1841,841,,WINBURG,,,
760,HUGO,HUGO,HUGO,JACOBUS JOHANNES PETRUS PAULUS,Jacobus Johannes Petrus Paulus,b3c1d2e1f1,a1b3c1d2e1f1,HUGOa1b3c1d2e1f1,,16/12/1807,1807,GRAAFF-REINET,18/04/1808,1807,1808,KWAMATHIWANE,1807,06/02/1838,1838,CRADOCK,08/02/1829,1829,WILHELMINA PETRONELLA CHRISTINA,PRETORIUS,TARKA,SOMERSET,FEBRUARY 1837,1837,PIET RETIEF,,,,
761,HUGO,HUGO,HUGO,PETRUS PAULUS,Petrus Paulus,b3c1d2e1f6,a1b3c1d2e1f6,HUGOa1b3c1d2e1f6,,10/12/1816,1816,GRAAFF-REINET,15/12/1816,1816,1816,,1816,1905,1905,,06/09/1835,1835,ELSJE SUSANNA DOROTHEA MAGDALENA,ROBBERTZE,,SOMERSET,BEFORE 1839,1839,,TRANSVAAL,,,
762,HUGO,HUGO,HUGO,FRANCOIS PHILIPPUS,Francois Philippus,b3c4d6e9,a1b3c4d6e9,HUGOa1b3c4d6e9,,,,,1809,,1809,,1809,1863,1863,,1812,1812,JOHANNA REGINA,BURGER,,GRAAFF-REINET,BEFORE 1840,1840,,TRANSVAAL,,,
763,HUMAN,HUMAN,HUMAN,PETRUS GERHARDUS SR.,Petrus Gerhardus Sr.,b5c7d1,a1b5c7d1,HUMANa1b5c7d1,,,,,23/10/1797,,1797,,1797,,,SWELLENDAM,03/04/1820,1820,JOHANNA SUSSANA,UYS,GAMTOOSRIVIER,UITENHAGE,APRIL 1837,1837,P.L UYS,NATAL,,,
764,JACOBS,JACOBS,JACOBS,JAN HENDRIK,Jan Hendrik,a2b6c7d1e1,a2b6c7d1e1,JACOBSa2b6c7d1e1,,03/01/1825,1825,CRADOCK,24/07/1825,1825,1825,"KROKODILDRIFT, ELANDSRIVIER, SCHOEMANSDAL",1825,,,,,,CORNELIA JOHANNA SUSARA,ERASMUS,,SOMERSET/CRADOCK,,,,SOUTPANSBERG (?),,,
765,JACOBS,JACOBS,JACOBS,WILLEM,Willem,b2c9,a1b2c9,JACOBSa1b2c9,,,,,15/07/1787,,1787,BLOUKRANS,1787,17/02/1838,1838,CAPE TOWN,23/11/1818,1818,CHRISTINA CATHARINA,VAN BLERK,,,1837 (?),(?),PIET RETIEF (?),,,,
766,JACOBS,JACOBS,JACOBS,SIMON PETRUS JOHAN,Simon Petrus Johan,b2c9d2,a1b2c9d2,JACOBSa1b2c9d2,,19/11/1822,1822,CAPE TOWN,08/12/1822,1822,1822,BLOUKRANS (?),1822,17/02/1838,1838,,,,,,,,1837 (?),(?),PIET RETIEF (?),,,,
767,JACOBS,JACOBS,JACOBS,WILLEM JOHAN,Willem Johan,b2c9d3,a1b2c9d3,JACOBSa1b2c9d3,,,,,,,,,,,,,,,,,,,,,,,,,
768,JACOBS,JACOBS,JACOBS,JOHANNES PHILIPPUS,Johannes Philippus,b5c1d10e6,a1b5c1d10e6,JACOBSa1b5c1d10e6,,,,,11/08/1799,,1799,,1799,,,WORCESTER,20/07/1822,1822,MARIA MAGDALENA MARAIS,,,GRAAFF-REINET,BETWEEN 25/12/1836 AND APRIL 1842,1842,,TRANSORANJE,,,
769,JACOBS,JACOBS,JACOBS,PETRUS CASPARUS,Petrus Casparus,b5c1d5e2f6,a1b5c1d5e2f6,JACOBSa1b5c1d5e2f6,,29/03/1806,1806,TULBAGH,14/09/1806,1806,1806,,1806,,,BEAUFORT,06/04/1829,1829,JOHANNA ADRIANA,BRONKHORST,,BEAUFORT,EARLY 1840S,840S,,TRANSORANJE,,,
770,JACOBS,JACOBS,JACOBS,PETRUS JOHANNES FRANCOIS,Petrus Johannes Francois,b5c1d5e4f6,a1b5c1d5e4f6,JACOBSa1b5c1d5e4f6,,09/11/1813,1813,GRAAFF-REINET,20/02/1814,1813,1814,,1813,,,BEAUFORT,25/12/1837,1837,JOHANNA HENDRINA,HOLTSHAUSEN,,BEAUFORT,BEFORE 1839,1839,,TRANSORANJE,,,
771,JACOBS,JACOBS,JACOBS,RASMUS STEPHANUS LOURENS PETRUS,Rasmus Stephanus Lourens Petrus,b5c1d5e5f4,a1b5c1d5e5f4,JACOBSa1b5c1d5e5f4,,06/09/1820,1820,BEAUFORT,04/03/1821,1820,1821,,1820,,,,,,ANNA CECILIA JACOBA,JACOBS,,BEAUFORT,BEFORE 1842,1842,,POTCHEFSTROOM,,,
772,JACOBS,JACOBS,JACOBS,CAREL PHILIPPUS,Carel Philippus,b5c1d5e6,a1b5c1d5e6,JACOBSa1b5c1d5e6,,,,,14/10/1787,,1787,,1787,,,TULBAGH,01/04/1809,1809,ANNA MAGDALENA,ERASMUS,AGTER-KOUE BOKKEVELD IN NUWEVELD,BEAUFORT,JULY 1837,1837,JACOB DE KLERK,,,,
773,JACOBS,JACOBS,JACOBS,CHRISTOFFEL JOHANNES,Christoffel Johannes,b5c1d6e2,a1b5c1d6e2,JACOBSa1b5c1d6e2,,,,,06/05/1787,,1787,"NOOITGEDACHT, JACOBSDAL (?)",1787,16/10/1872,1872,GRAAFF-REINET,27/12/1807,1807,LOUISA SOPHIA,JACOBS,,GRAAFF-REINET,AFTER 30/07/1837,1837,,ONDER-RIETRIVIER IN JACOBSDAL,,,
774,JACOBS,JACOBS,JACOBS,PETRUS JACOBUS,Petrus Jacobus,b5c1d6e3,a1b5c1d6e3,JACOBSa1b5c1d6e3,,,,,11/10/1789,,1789,,1789,,,GRAAFF-REINET,08/09/1811,1811,ANNA MARIA JACOBA,VILJOEN,,BEAUFORT,1838,1838,P.D. JACOBS,,,,
775,JACOBS,JACOBS,JACOBS,DAVID STEPHANUS,David Stephanus,b5c1d6e5,a1b5c1d6e5,JACOBSa1b5c1d6e5,,,,NUWEVELD,15/11/1795,,1795,"JACOBSDAL, OVS",1795,03/11/1863,1863,GRAFF-REINET,04/05/1817,1817,HELENA ELIZABETH,VAN NIEKERK,,GRAAFF-REINET,1839 (?),(?),,WINBURG,COLESBERG,,
776,JACOBS,JACOBS,JACOBS,WILLEM DANIEL,Willem Daniel,b5c1d6e9,a1b5c1d6e9,JACOBSa1b5c1d6e9,,28/08/1804,1804,TULBAGH,31/03/1805,1804,1805,,1804,,,GRAAFF-REINET,03/10/1825,1825,JOHANNA ELIZABETH MARGARETHA,OBERHOLSTER,,COLESBERG,BETWEEN MARCH 1840 AND APRIL 1843,1843,,TRANSORANJE,,,
777,JACOBS,JACOBS,JACOBS,JOHANNES PHILIPPUS,Johannes Philippus,b5c1d7e7f5,a1b5c1d7e7f5,JACOBSa1b5c1d7e7f5,,27/09/1822,1822,GRAAFF-REINET,15/03/1823,1822,1823,,1822,,,,,,HILLETJIE MAGDALENA,VAN NIEKERK,,BEAUFORT,BEFORE 1844,1844,,WINBURG,,,
778,JACOBS,JACOBS,JACOBS,PIETER JOHANNES,Pieter Johannes,b5c1d9e1,a1b5c1d9e1,JACOBSa1b5c1d9e1,,,,GRAAFF-REINET,08/07/1798,,1798,,1798,,,CRADOCK,13/02/1820,1820,CHRISTINA MARIA FRANCINA CECILIA,SMIT(H),,GRAAFF-REINET,BETWEEN JANUAARY 1837 AND END 1839,1839,,WINBURG,,,
779,JACOBS,JACOBS,JACOBS,PHILIPPUS PAUL JACOBUS,Philippus Paul Jacobus,b5c1d9e1f2,a1b5c1d9e1f2,JACOBSa1b5c1d9e1f2,,28/05/1824,1824,GRAAFF-REINET,04/10/1824,1824,1824,,1824,,,,,,HESTER MARIA PETRONELLA,SMITH,,BEAUFORT (?),BEFORE 1844,1844,,SOUTPANSBERG,,,
780,JACOBS,JACOBS,JACOBS,DANIEL,Daniel,b5c3d11e1,a1b5c3d11e1,JACOBSa1b5c3d11e1,,08/03/1791,1791,PAARL,08/06/1791,1791,1791,"KQUAGGAFONTEIN, BOSHOF",1791,03/12/1876,1876,GRAAFF-REINET,16/04/1815,1815,CATHARINA SUSANNA PETRONELLA,FOUCHE,,BEAUFORT,APRIL/MAY 1838,1838,P.D. JACOBS,BOSHOF,,,
781,JACOBS,JACOBS,JACOBS,PHILIPPUS JOHANNES,Philippus Johannes,b5c3d11e1f1,a1b5c3d11e1f1,JACOBSa1b5c3d11e1f1,,23/01/1816,1816,GRAAFF-REINET,23/06/1816,1816,1816,,1816,,,BEAUFORT,27/09/1835,1835,HENDRINA MARIA,SNYDERS,,BEAUFORT,BEFORE 1840,1840,,WINBURG,,,
782,JACOBS,JACOBS,JACOBS,PAULUS PETRUS,Paulus Petrus,b5c3d11e1f2,a1b5c3d11e1f2,JACOBSa1b5c3d11e1f2,,15/03/1817,1817,GRAAFF-REINET,007/07/1817,1817,1817,,1817,,,BEAUFORT,04/03/1838,1838,GESINA JOHANNA,HOUGH,,BEAUFORT,,,,BLOEMFONTEIN THEN CAPE COLONY,BLOEMFONTEIN,,
783,JACOBS,JACOBS,JACOBS,DANIEL JACOBUS,Daniel Jacobus,b5c3d11e1f4,a1b5c3d11e1f4,JACOBSa1b5c3d11e1f4,,12/05/1820,1820,GRAAFF-REINET,28/02/1821,1820,1821,,1820,,,,,,FRANCINA CAROLINA,JACOBS,,BEAUFORT,APRIL/MAY 1838,1838,P.D. JACOBS,WINBURG,,,
784,JACOBS,JACOBS,JACOBS,JOHANNES JACOBUS,Johannes Jacobus,b5c3d11e2,a1b5c3d11e2,JACOBSa1b5c3d11e2,,,,,20/01/1793,,1793,BOSHOF,1793,09/08/1860,1860,GRAAFF-REINET,05/03/1815,1815,JOHANNA ELIZABETH,ERASMUS,NUWEVELD,BEAUFORT,BEFORE 1842,1842,,POTCHEFSTROOM,BEAUFORT,,
785,JACOBS,JACOBS,JACOBS,PHILIPUS,Philipus,b5c3d11e2f3,a1b5c3d11e2f3,JACOBSa1b5c3d11e2f3,,17/10/1820,1820,GRAAFF-REINET,19/11/1820,1820,1820,,1820,,,,,,CATHARINA SUSANNA,BOTHA,,BEAUFORT (?),APRIL/MAY 1838,1838,P.D. JACOBS,TRANSORANJE,,,
786,JACOBS,JACOBS,JACOBS,SALOMON JACOBUS,Salomon Jacobus,b5c3d12,a1b5c3d12,JACOBSa1b5c3d12,,,,,20/07/1766,,1766,,1766,CA 18/12/1841,1841,,09/11/1794,1794,MARIA MAGDALENA ELIZABETH,BLOM,,BEAUFORT,JULY 1837,1837,JACOB DE KLERK (?),,GRAAFF-REINET,,
787,JACOBS,JACOBS,JACOBS,DANIEL PIETER,Daniel Pieter,b5c3d12e1,a1b5c3d12e1,JACOBSa1b5c3d12e1,,,,GRAAFF-REINET,17/11/1799,,1799,,1799,,,GRAAFF-REINET,04/04/1819,1819,MARIA SUSANNA ELIZABETH,JACOBS,,BEAUFORT(?),BEFORE FEBRUARY 1840,1840,JACOB DE KLERK (?),,BEAUFORT,,
788,JACOBS,JACOBS,JACOBS,SALOMON JACOBUS LOIUS,Salomon Jacobus Loius,b5c3d12e6,a1b5c3d12e6,JACOBSa1b5c3d12e6,,09/10/1811,1811,GRAAFF-REINET,17/11/1811,1811,1811,,1811,,,BEAUFORT,06/11/1831,1831,ALIDA MARIA,JACOBS,,BEAUFORT,AROUND JULY 1837,1837,JACOB DE KLERK (?),TRANSORANJE,,,
789,JACOBS,JACOBS,JACOBS,JAN ABRAHAM GERHARDUS,Jan Abraham Gerhardus,b5c3d12e9,a1b5c3d12e9,JACOBSa1b5c3d12e9,,24/05/1817,1817,GRAAFF-REINET,13/07/1817,1817,1817,,1817,,,BEAUFORT,03/07/1837,1837,CAROLINA ELIZABETH,NEL,,BEAUFORT,APRIL/MAY 1838,1838,P.D. JACOBS,,,,
790,JACOBS,JACOBS,JACOBS,PIETER DANIEL SR.,Pieter Daniel Sr.,b5c3d8e1,a1b5c3d8e1,JACOBSa1b5c3d8e1,,,,STELLENBOSCH,05/11/1780,,1780,"SUIKERBOSRAND, TRANSVAAL",1780,12/08/1845,1845,CAPE TOWN,28/10/1804,1804,MARIA,VAN WYK,"SLANGEFONTEIN, NUWEVELD",BEAUFORT,APRIL/MAY 1838,1838,HE WAS THE LEADER FROM BEAUFORT,"NATAL THEN HEIDELBERG, TRANSVAAL",,,
791,JACOBS,JACOBS,JACOBS,DAVID STEPHANUS (P. SEUN),David Stephanus (P. Seun),b5c3d8e1f(?),a1b5c3d8e1f(?),JACOBSa1b5c3d8e1f(?),,,,,,,,,,,,,,,,,NUWEVELD,BEAUFORT,APRIL/MAY 1838,1838,PIETER DANIEL JACOBS (HIS FATHER),SUIKERBOSRAND,,,
792,JACOBS,JACOBS,JACOBS,PIETER DANIEL JR.,Pieter Daniel Jr.,b5c3d8e1f2,a1b5c3d8e1f2,JACOBSa1b5c3d8e1f2,,21/08/1807,1807,TULBAGH,23/10/1808,1807,1808,,1807,19/06/1854,1854,BEAUFORT,04/03/1827,1827,ISABELLA ELIZABETH,FOURIE,NUWEVELD (?),BEAUFORT,APRIL/MAY 1838,1838,HIS FATHER P.D. JACOBS,POTCHEFSTROOM THEN SUIKERBOSRAND,BEAUFORT,,
793,JACOBS,JACOBS,JACOBS,GERT PETRUS,Gert Petrus,b5c3d8e1f3,a1b5c3d8e1f3,JACOBSa1b5c3d8e1f3,,31/05/1809,1809,TULBAGH,30/09/1809,1809,1809,"FAURESMITH, OVS",1809,27/06/1877,1877,BEAUFORT,17/07/1830,1830,MARIA ALETTA,FOURIE,NUWEVELD,BEAUFORT,APRIL/MAY 1838,1838,P.D. JACOBS,BOSHOF THEN FAURESMITH,BOSHOF,,
794,JACOBS,JACOBS,JACOBS,GABRIEL GERHARDUS NICOLAAS,Gabriel Gerhardus Nicolaas,b5c3d8e1f7,a1b5c3d8e1f7,JACOBSa1b5c3d8e1f7,,31/10/1817,1817,PAARL,23/03/1818,1817,1818,,1817,1894,1894,,03/11/1839,1839,PETRONELLA JACOBA FRANCINA,JACOBS,NUWEVELD,BEAUFORT,APRIL/MAY 1838,1838,P.D. JACOBS,POTCHEFSTROOM THEN HEIDELBERG,POTCHEFSTROOM,,
795,JACOBS,JACOBS,JACOBS,DANIEL ROELOF SR.,Daniel Roelof Sr.,b5c3d8e4,a1b5c3d8e4,JACOBSa1b5c3d8e4,,,,,19/02/1792,,1792,,1792,,,TULBAGH,07/03/1812,1812,ANNA SUSANNA,MARAIS,NUWEVELD,BEAUFORT,APRIL/MAY 1838,1838,P.D. JACOBS,POTCHEFSTROOM,,,
796,JACOBS,JACOBS,JACOBS,DANIEL ROELOF JR.,Daniel Roelof Jr.,b5c3d8e4f5,a1b5c3d8e4f5,JACOBSa1b5c3d8e4f5,,29/11/1824,1824,BEAUFORT,12/06/1825,1824,1825,,1824,,,POTCHEFSTROOM,06/05/1846,1846,ANNA CHRISTINA,PUTTER,,BEAUFORT,APRIL/MAY 1838,1838,P.D. JACOBS,OHRIGSTAD,,,
797,JACOBS,JACOBS,JACOBS,SAREL (CAREL) FRANCOIS,Sarel (Carel) Francois,b5c3d8e4f6,a1b5c3d8e4f6,JACOBSa1b5c3d8e4f6,,07/12/1825,1825,,27/03/1826,1825,1826,"KLIPPAN, MIDDELBURG, TRANSVAAL",1825,14/09/1902,1902,,,,BREYTENBACH,,,BEAUFORT,APRIL/MAY 1838,1838,P.D. JACOBS,TRANSVAAL,POTCHEFSTROOM,,
798,JACOBS,JACOBS,JACOBS,WILLEM HENDRIK,Willem Hendrik,b6c11,a1b6c11,JACOBSa1b6c11,,27/01/1804,1804,TULBAGH,24/11/1804,1804,1804,"GOEDEHOOP, MIDDELBURG",1804,04/05/1868,1868,GRAAFF-REINET,06/03/1825,1825,MARIA ELISABETH,BARNARD,,GRAAFF-REINET,BEFORE 1840,1840,,NATAL THEN TRANSORANJE THEN ZAR,GRAAFF-REINET,,
799,JACOBS,JACOBS,JACOBS,JAN,Jan,b6c3d1,a1b6c3d1,JACOBSa1b6c3d1,,08/01/1812,1812,SWELLENDAM,11/10/1812,1812,1812,,1812,,,CRADOCK,02/02/1834,1834,ANNA CATHARINA,ERASMUS,,BEAUFORT,APRIL/MAY 1838,1838,P.D. JACOBS,,,,
800,JACOBS(Z),JACOBS(Z),JACOBS(Z),HENDRIK JOHANNES,Hendrik Johannes,b2c3d11e7,a1b2c3d11e7,JACOBS(Z)a1b2c3d11e7,,30/05/1814,1814,GRAAFF-REINET,28/08/1814,1814,1814,,1814,,,BEAUFORT,28/02/1836,1836,MARTHA ETRESIA,JACOBS,,BEAUFORT,APRIL/MAY 1838,1838,P.D. JACOBS,WINBURG,,,
801,JACOBS(Z),JACOBS(Z),JACOBS(Z),JAN,Jan,b6c1d5,a1b6c1d5,JACOBS(Z)a1b6c1d5,,19/06/1817,1817,GRAAFF-REINET,26/06/1817,1817,1817,,1817,,,POTCHEFSTROOM,04/08/1839,1839,JOHANNA SUSANNA MAGDALENA,VAN NIEKERK,,,BEFORE 04/08/1839,1839,,WINBURG THEN HARRISMITH,,,
802,JACOBS(Z),JACOBS(Z),JACOBS(Z),MICHIEL CHRISTIAAN,Michiel Christiaan,b6c3,a1b6c3,JACOBS(Z)a1b6c3,,,,,29/10/1786,,1786,,1786,,,SWELLENDAM,02/03/1811,1811,SARA MARIA,CRONJE,BRAKRIVIER,SOMERSET,BETWEEN APRIL 1837 AND OCTOBER 1838,1838,S.P. ERASMUS (?),POTCHEFSTROOM,,,
803,JANSEN,JANSEN,JANSEN,CHRISTOFFEL JACOBUS,Christoffel Jacobus,b3c1,a1b3c1,JANSENa1b3c1,,,,,10/10/1779,,1779,"RIETFONTEIN, KROONSTAD",1779,25/02/1864,1864,,,,JOHANNA CECILIA,VAN HEERDEN,NUWEVELD,BEAUFORT,BEFORE 1840,1840,,KROONSTAD,,,
804,JANSEN,JANSEN,JANSEN,CORNELIS ALWYN JOHANNES,Cornelis Alwyn Johannes,b3c1d2,a1b3c1d2,JANSENa1b3c1d2,,06/10/1810,1810,GRAAFF-REINET,02/12/1810,1810,1810,,1810,,,GRAAFF-REINET,06/03/1832,1832,MARIA MAGDALENA,BORNMAN(N),NUWEVELD,BEAUFORT,BEFORE APRIL 1842,1842,,KROONSTAD,,,
805,JANSEN,JANSEN,JANSEN,WILLEM SCHALK JACOBUS,Willem Schalk Jacobus,b3c1d3,a1b3c1d3,JANSENa1b3c1d3,,30/05/1812,1812,GRAAFF-REINET,05/10/1812,1812,1812,,1812,,,GRAAFF-REINET,30/11/1834,1834,CORNELIA CAROLINA,BORNMAN(N),NUWEVELD,BEAUFORT,BEFORE 1837,1837,,TRANSORANJE,,,
806,JANSEN,JANSEN,JANSEN,ROELOF JOHANNES,Roelof Johannes,b3c7,a1b3c7,JANSENa1b3c7,,,,,23/04/1797,,1797,,1797,,,BEAUFORT,05/09/1821,1821,MARIA CATHARINA,BRONKHORST,,BEAUFORT,BEFORE JUNE 1839,1839,,POTCHEFSTROOM,,,
807,JONKER,JONKER,JONKER,PIETER,Pieter,b3c1d3,a1b3c1d3,JONKERa1b3c1d3,,,,SWELLENDAM,05/10/1800,,1800,,1800,,,SWELLENDAM,03/09/1820,1820,SUSARA ALBERTA,VAN DER BANK,,BEAUFORT THEN GRAHAMSTOWN,BEFORE 1840,1840,WINBURG,,,,
808,JONKER,JONKER,JONKER,JOHANNES,Johannes,b3c1d4,a1b3c1d4,JONKERa1b3c1d4,,24/02/1804,1804,STELLENBOSCH,03/02/1805,1804,1805,,1804,,,BEAUFORT,02/03/1828,1828,ANNA CAROLINA BALIE,VAN DIE KAAP,,BEAUFORT,BEFORE 1840,1840,TRANORANJE THEN POTCHEFSTROOM,,,,
809,JOOSTE,JOOSTE,JOOSTE,FRANCOIS (FRANS) JACOBUS SR.,Francois (Frans) Jacobus Sr.,b1c2d8,a1b1c2d8,JOOSTEa1b1c2d8,,,,,19/04/1783,,1783,WINBURG,1783,05/11/1854,1854,CAPE TOWN,12/02/1804,1804,ANNA SUSANNA,SNYMAN,BRAKRIVIER,SOMERSET,BEFORE OCTOBER 1838 (?),(?),,VAALRIVIER,,,
810,JOOSTE,JOOSTE,JOOSTE,FRANCOIS (FRANS) JACOBUS JR.,Francois (Frans) Jacobus Jr.,b1c2d8e1,a1b1c2d8e1,JOOSTEa1b1c2d8e1,,21/04/1805,1805,TULBAGH,08/12/1805,1805,1805,"MOLSHOOP, HEILBRON",1805,12/07/1884,1884,GRAAFF-REINET,08/10/1827,1827,ANNA HENDRINA,KLEYNGELD,BRAKRIVIER,SOMERSET,BEFORE OCTOBER 1838,1838,,POTCHEFSTROOM,POTCHEFSTROOM,,
811,JOOSTE,JOOSTE,JOOSTE,CORNLIS (F SON),Cornlis (F Son),b1c2d8e4,a1b1c2d8e4,JOOSTEa1b1c2d8e4,,27/12/1810,1810,GRAAFF-REINET,02/04/1811,1810,1811,,1810,,,GRAAFF-REINET,05/02/1837,1837,SUSARA CATHARINA,NIENABER,BRAKRIVIER,SOMERSET,SECOND HALF OF 1839 (?),(?),,WINBURG,,,
812,JOOSTE,JOOSTE,JOOSTE,JOSEPH CORNELIS,Joseph Cornelis,b1c2d8e9,a1b1c2d8e9,JOOSTEa1b1c2d8e9,,06/12/1822,1822,GRAAFF-REINET,04/022/1823,1822,1823,BLOEMFONTEIN,1822,23/04/1879,1879,POTCHEFSTROOM,03/09/1846,1846,JOHANNA SUSANNA PETRONELLA,BREED,,GRAAFF-REINET/ COLESBERG,BEFORE 1846,1846,,POTCHEFSTROOM THEN WINBURG AND BLOEMFONTEIN,WINBURG,,
813,JORDAAN,JORDAAN,JORDAAN,DAVID BENJAMIN,David Benjamin,b1c5d1e12,a1b1c5d1e12,JORDAANa1b1c5d1e12,,11/11/1804,1804,TULBAGH,25/08/1805,1804,1805,"KLIPPAATDRIFT, KROONSTAD",1804,23/04/1881,1881,CRADOCK,05/06/1825,1825,ANNA SUSANNA,MULLER,TARKA,SOMERSET,BEFORE 02/11/1837,1837,,,,,
814,JORDAAN,JORDAAN,JORDAAN,JACOB DANIEL,Jacob Daniel,b1c5d1e13,a1b1c5d1e13,JORDAANa1b1c5d1e13,,22/08/1806,1806,GRAAFF-REINET,26/12/1806,1806,1806,,1806,,,CRADOCK,09/10/1825,1825,ELSJE PETRONELLA,DE BRUYN,TARKA,SOMERSET,OCTOBER 1837,1837,JAN DU PLESSIS,"PMB, NATAL",,,
815,JORDAAN,JORDAAN,JORDAAN,PIETER WILLEM SR.,Pieter Willem Sr.,b1c5d1e4,a1b1c5d1e4,JORDAANa1b1c5d1e4,,15/10/1790,1790,,,1790,,,1790,,,GRAAFF-REINET,21/03/1813,1813,ANNA CATHARINA,MULLER (MULDER),"PAARDEKRAAL, TARKA",SOMERSET,BEFORE 23/05/1837,1837,PIET RETIEF (?),,,,
816,JORDAAN,JORDAAN,JORDAAN,PIETER WILLEM JR.,Pieter Willem Jr.,b1c5d1e4f4,a1b1c5d1e4f4,JORDAANa1b1c5d1e4f4,,16/03/1823,1823,CRADOCK,14/07/1823,1823,1823,,1823,06/05/1906,1906,,06/05/1844,1844,SUSARA (SUSANNA) ELIZABETH,JORDAAN,"PAARDEKRAAL, TARKA",SOMERSET,BEFORE 23/05/1837,1837,PIET RETIEF (?),,,,
817,JORDAAN,JORDAAN,JORDAAN,JOHANNES JACOBUS,Johannes Jacobus,b1c5d1e5,a1b1c5d1e5,JORDAANa1b1c5d1e5,,27/02/1792,1792,,08/05/1792,1792,1792,KROONSTAD,1792,03/11/1877,1877,CRADOCK,15/03/1821,1821,CATHARINA JOHANNA MARIA,HATTINGH,TARKA,SOMERSET,NOT SURE WHETHER THEY MOVED BETWEEN 1835- 1845,1845,,KROONSTAD,,,
818,JORDAAN,JORDAAN,JORDAAN,GERT,Gert,b1c5d1e5f1,a1b1c5d1e5f1,JORDAANa1b1c5d1e5f1,,07/04/1822,1822,CRADOCK,19/05/1822,1822,1822,HEILBRON,1822,13/04/1890,1890,,,,SUSARA ALETTA,ROETS,TARKA,SOMERSET,NOT SURE WHETHER THEY MOVED BETWEEN 1835- 1845,1845,,KROONSTAD,,,
819,JORDAAN,JORDAAN,JORDAAN,JOHANNES HENDRIK,Johannes Hendrik,b1c5d1e5f2,a1b1c5d1e5f2,JORDAANa1b1c5d1e5f2,,06/02/1825,1825,CRADOCK,10/04/1825,1825,1825,CONCENTRATION CAMP IN SPRINGFONTEIN,1825,18/09/1901,1901,,,,MAGDALENA CATHARINA,STRYDOM,TARKA,SOMERSET,NOT SURE WHETHER THEY MOVED BETWEEN 1835- 1845,1845,,KROONSTAD,,,
820,JORDAAN,JORDAAN,JORDAAN,GERRIT JACOBUS,Gerrit Jacobus,b1c5d1e6,a1b1c5d1e6,JORDAANa1b1c5d1e6,,27/02/1792,1792,,13/01/1793,1792,1793,TUGELA,1792,18/03/1866,1866,GRAAFF-REINET,06/12/1818,1818,ALETTA ELIZABETH DOROTHEA,VAN HEEREN,"PAARDEKRAAL, TARKA",SOMERSET,OCTOBER 1837,1837,JAN DU PLESSIS (?),"WEENEN, NATAL",GRAAFF-REINET,,
821,JORDAAN,JORDAAN,JORDAAN,LOUIS HOSEA,Louis Hosea,b1c5d1e8,a1b1c5d1e8,JORDAANa1b1c5d1e8,,08/09/1795,1795,,14/02/1796,1795,1796,KROONSTAD,1795,24/08/1874,1874,GRAAFF-REINET,03/01/1819,1819,ALETTA JOHANNA LOUISA SOPHIA,DE BRUYN,TARKA,SOMERSET,BEFORE 02/11/1837,1837,PROBABLY JAN DU PLESSIS,,,,
822,JORDAAN,JORDAAN,JORDAAN,PIETER GEORG,Pieter Georg,b1c5d6e3,a1b1c5d6e3,JORDAANa1b1c5d6e3,,20/03/1803,1803,TULBAGH,26/08/1804,1803,1804,KWAMATHIWANE,1803,06/02/1838,1838,CRADOCK,07/03/1824,1824,ISABELLA CORNELIA,POTGIETER,TARKA,SOMERSET,PIET RETIEF,TIEF,FEBRUARY 1837,,,,
823,JORDAAN,JORDAAN,JORDAAN,CHRISTOFFEL JOHANNES PETRUS,Christoffel Johannes Petrus,b1c5d6e5,a1b1c5d6e5,JORDAANa1b1c5d6e5,,,,,07/05/1809,,1809,NATAL,1809,10/11/1883,1883,SOMERSET,22/11/1830,1830,MARIA CATHARINA,KLOPPER,TARKA,SOMERSET,OCTOBER 1837,1837,JAN DU PLESSIS HIS FATHER IN LAW,,"PMB, NATAL",,
824,JOUBERT,JOUBERT,JOUBERT,JAN ABRAHAM,Jan Abraham,b10c4d2e3,a1b10c4d2e3,JOUBERTa1b10c4d2e3,,12/07/1809,1809,GRAAFF-REINET,23/04/1810,1809,1810,LYDENBURG,1809,22/08/1880,1880,SOMERSET,30/12/1832,1832,CATHARINA,LIVERSAGE,BAVIAANSRIVIER,SOMERSET OR ALBANY,1837 (?),(?),,NATAL THEN OVS,,,
825,JOUBERT,JOUBERT,JOUBERT,JOSUA,Josua,b10c6d3e2,a1b10c6d3e2,JOUBERTa1b10c6d3e2,,,,,18/04/1834,,1834,,1834,,,SWELLENDAM,03/10/1830,1830,JEANETTA HELENA,NEL,TRADOUW,,1838,1838,,NATAL,,,
826,JOUBERT,JOUBERT,JOUBERT,JACOBUS PETRUS,Jacobus Petrus,b10c6d4,a1b10c6d4,JOUBERTa1b10c6d4,,13/04/1775,1775,,,1775,,BLOUKRANS,1775,17/02/1838,1838,,,,RACHEL CORNELIA,VAN JAARSVELD,WINTERBERG (?),ALBANY (?),FEBRUARY 1837,1837,PIET RETIEF,,,,
827,JOUBERT,JOUBERT,JOUBERT,ADRIAAN JOSUA JACOBUS,Adriaan Josua Jacobus,b10c6d4e2,a1b10c6d4e2,JOUBERTa1b10c6d4e2,,06/07/1797,1797,TULBAGH,15/10/1797,1797,1797,BLOUKRANS,1797,17/02/1838,1838,GRAAFF-REINET,03/09/1820,1820,SUSANNA CATHARINA,ROOS,WINTERBERG,ALBANY,FEBRUARY 1837,1837,PIET RETIEF,,,,
828,JOUBERT,JOUBERT,JOUBERT,JAN CHRISTOFFEL,Jan Christoffel,b10c6d7,a1b10c6d7,JOUBERTa1b10c6d7,,15/08/1781,1781,,20/12/1781,1781,1781,BLOUKRANSRIVIER,1781,17/02/1838,1838,GRAAFF-REINET,12/06/1808,1808,MARIA MAGDALENA,BADENHORST,WINTERBERG (?),ALBANY (?),FEBRUARY 1837,1837,PIET RETIEF,,,,
829,JOUBERT,JOUBERT,JOUBERT,JAN HENDRIK,Jan Hendrik,b10c6d7e5,a1b10c6d7e5,JOUBERTa1b10c6d7e5,,04/07/1819,1819,GRAAFF-REINET,18/07/1819,1819,1819,BLOUKRANS,1819,17/02/1838,1838,,,,,,WINTERBERG,ALBANY,FEBRUARY 1837,1837,PIET RETIEF,,,,
830,JOUBERT,JOUBERT,JOUBERT,JOSUA FRANCOIS,Josua Francois,b10c6d7e6,a1b10c6d7e6,JOUBERTa1b10c6d7e6,,04/08/1821,1821,BLOUKRANS,17/02/1838,1821,1838,,1821,,,,,,,,WINTERBERG,ALBANY,FEBRUARY 1837,1837,PIET RETIEF (?),,,,
831,JOUBERT,JOUBERT,JOUBERT,PETRUS (PIETER) JACOBUS,Petrus (Pieter) Jacobus,b10c6d9,a1b10c6d9,JOUBERTa1b10c6d9,,,,,03/09/1786,,1786,NATAL,1786,08/05/1843,1843,SWELLENDAM,06/07/1806,1806,HELENA SUSANNA,STRYDOM,,BEAUFORT,APRIL 1838,1838,,NATAL,BEAUFORT,,
832,JOUBERT,JOUBERT,JOUBERT,JOSUA FRANCOIS,Josua Francois,b10c6d9e1,a1b10c6d9e1,JOUBERTa1b10c6d9e1,,25/08/1808,1808,SWELLENDAM,30/10/1808,1808,1808,"PMB, NATAL",1808,08/05/1843,1843,WORCESTER,07/03/1830,1830,ESTER MARIA,GOUS,GROOT-SWARTBERG,SWELLENDAM,1837/8,37/8,,,,,
833,JOUBERT,JOUBERT,JOUBERT,JOHANNES PETRUS,Johannes Petrus,b10c6d9e3,a1b10c6d9e3,JOUBERTa1b10c6d9e3,,04/03/1812,1812,SWELLENDAM,19/04/1812,1812,1812,"BOKKRAAL, ZEERUST",1812,14/05/1888,1888,SWELLENDAM,06/03/1831,1831,SUSARA CHARLOTTE,VAN TONDER,GROOT-SWARTBERG,SWELLENDAM,1838,1838,,NATAL,,,
834,JOUBERT,JOUBERT,JOUBERT,JAN ABRAHAM,Jan Abraham,b10c6d9e7,a1b10c6d9e7,JOUBERTa1b10c6d9e7,,29/03/1823,1823,SWELLENDAM,04/05/1823,1823,1823,PRETORIA,1823,31/08/1887,1887,,,,MAGDALENA MARTHA CORNELIA,JOUBERT,SWARTBERG,BEAUFORT,1827/8,27/8,,,,,
835,JOUBERT,JOUBERT,JOUBERT,FRANCOIS JACOBUS SR.,Francois Jacobus Sr.,b10c9d4,a1b10c9d4,JOUBERTa1b10c9d4,,,,,23/12/1781,,1781,"WELGEVAL, JACOBSDAL, OVS",1781,19/12/1861,1861,CAPE TOWN,29/03/1801,1801,HESTER ADRIANA,MOMBERG,,SOMERSET,1843,1843,PROBABLY A FAMILY TREK,"JACOBSDAL, OVS",,,
836,JOUBERT,JOUBERT,JOUBERT,FRANCOIS JACOBUS JR.,Francois Jacobus Jr.,b10c9d4e5,a1b10c9d4e5,JOUBERTa1b10c9d4e5,,30/04/1811,1811,GRAAFF-REINET,08/07/1911,1811,1911,"JACOBSDAL, OVS",1811,29/04/1876,1876,SOMERSET,07/11/1830,1830,MARTHA JOHANNA MARGARETHA,COETZEE,,SOMERSET,1843,1843,PROBABLY A FAMILY TREK,"JACOBSDAL, OVS",,,
837,JOUBERT,JOUBERT,JOUBERT,HENDRIK LODEWYK,Hendrik Lodewyk,b10c9d4e7,a1b10c9d4e7,JOUBERTa1b10c9d4e7,,07/11/1814,1814,GRAAFF-REINET,26/12/1814,1814,1814,"DRIETFONTEIN, MARICO",1814,27/01/1885,1885,SOMERSET,07/09/1834,1834,CHRISTINA ELIZABETH,DE BEER,,SOMERSET,1842,1842,FAMILY TREK (?),TRANSORANJE THEN MARICO,POTCHEFSTROOM,,
838,JOUBERT,JOUBERT,JOUBERT,PIETER JOHANNES,Pieter Johannes,b10c9d4e8,a1b10c9d4e8,JOUBERTa1b10c9d4e8,,24/11/1816,1816,GRAAFF-REINET,26/12/1816,1816,1816,BLOEMFONTEIN,1816,28/08/1856,1856,SOMERSET,13/12/1836,1836,GEERTRUYDA CHRISTINA,COETZEE,,SOMERSET,BETWEEN APRIL 1842 AND DESEMBER 1845,1845,FAMILY TREK,TRANSORANJE,,,
839,JOUBERT,JOUBERT,JOUBERT,PIETER SCHALK,Pieter Schalk,b10c9d5,a1b10c9d5,JOUBERTa1b10c9d5,,,,TULBAGH,30/04/1784,,1784,,1784,,,CAPE TOWN,14/10/1804,1804,JOHANNA CATHARINA,LOTTER,,UITENHAGE,BEFORE JULY 1840,1840,,,,,
840,JOUBERT,JOUBERT,JOUBERT,CHRISTOFFEL JOHANNES,Christoffel Johannes,b10c9d5e2,a1b10c9d5e2,JOUBERTa1b10c9d5e2,,18/03/1807,1807,,26/07/1807,1807,1807,RIETVLEI,1807,14/01/1889,1889,UITENHAGE,06/05/1827,1827,JOHANNA HENDRINA,GROBLER,,UITENHAGE,BEFORE SEPTEMBER 1839,1839,,WINBURG,,,
841,JOUBERT,JOUBERT,JOUBERT,PIETER SCHALK,Pieter Schalk,b10c9d5e3,a1b10c9d5e3,JOUBERTa1b10c9d5e3,,,,GRAAFF-REINET,11/02/1810,,1810,"MODDERRIVIER, TRANSORANJE",1810,27/12/1844,1844,SOMERSET,31/05/1835,1835,JOHANNA CATHARINA,ELS,,SOMERSET,BETWEEN 03/04/1843 AND 27/12/1844,1844,FAMILY TREK,,,,
842,JOUBERT,JOUBERT,JOUBERT,FRANCOIS JACOBUS,Francois Jacobus,b10c9d5e9,a1b10c9d5e9,JOUBERTa1b10c9d5e9,,25/01/1826,1826,UITENHAGE,09/04/1826,1826,1826,ZEERUST,1826,03/06/1895,1895,POTCHEFSTROOM,01/08/1847,1847,HESTER CHRISTINA NICOLASINA,BOTHMA,,UITENHAGE (?),1840,1840,,GROOT-MARICO,,,
843,JOUBERT,JOUBERT,JOUBERT,ANDRIES JOHANNES,Andries Johannes,b5c7d1e1,a1b5c7d1e1,JOUBERTa1b5c7d1e1,,,,SWELLENDAM,01/12/1805,,1805,,1805,,,SWELLENDAM,01/10/1826,1826,CORNELIA JOHANNA,VAN TONDER,,SWELLENDAM,1840S,840S,PROBABLY FAMILY TREK,LYDENBURG THEN BLOEMFONTEIN,,,
844,JOUBERT,JOUBERT,JOUBERT,JOSUA,Josua,b5c7d3e4,a1b5c7d3e4,JOUBERTa1b5c7d3e4,,,,SWELLENDAM,06/12/1801,,1801,WINBURG,1801,10/02/1876,1876,,,,JOHANNA CATHARINA,VAN DEN BERG,,SOMERSET/CRADOCK,CA 1841,1841,FAMILY TREK (?),TRANSORANJE,,,
845,JOUBERT,JOUBERT,JOUBERT,PIETER,Pieter,b5c7d3e6,a1b5c7d3e6,JOUBERTa1b5c7d3e6,,,,SWELLENDAM,19/12/1810,,1810,,1810,,,CRADOCK,29/05/1836,1836,JOHANNA HELENA JOSINA,BOTHA,,CRADOCK,BEFORE 1842,1842,,PRETORIA,,,
846,JOUBERT,JOUBERT,JOUBERT,JOSUA,Josua,b5c7d4e6,a1b5c7d4e6,JOUBERTa1b5c7d4e6,,25/01/1813,1813,PAARL,27/08/1814,1813,1814,NATAL,1813,CA 1882,1882,WORCESTER,05/05/1833,1833,ELIZABETH MARGARETHA,VAN TONDER,,SWELLENDAM THEN COLESBERG,BEFORE 1844,1844,WINBURG THEN NATAL,,,,
847,JOUBERT,JOUBERT,JOUBERT,DAVID JOHANNES,David Johannes,b5c7d5e2,a1b5c7d5e2,JOUBERTa1b5c7d5e2,,15/11/1799,1799,TULBAGH,15/12/1799,1799,1799,,1799,02/05/1849,1849,SWELLENDAM,05/10/1823,1823,MARGARETHA ELIZABETH,JOUBERT,,COLESBERG (?),EARLY 1836,1836,A.H. POTGIETER (?),WINBURG THEN OHRISGSTAD THEN LYDENBURG,,,
848,JOUBERT,JOUBERT,JOUBERT,WILLEM FRANCOIS SR.,Willem Francois Sr.,b5c7d5e3,a1b5c7d5e3,JOUBERTa1b5c7d5e3,,10/09/1801,1801,SWELLENDAM,06/12/1801,1801,1801,,1801,,,SWELLENDAM,06/12/1823,1823,DOROTHEA REGINA,VAN EEDEN,,GRAAFF-REINET,POSSIBLY BEGINNING 1836,1836,A.H. POTGIETER (?),NATAL THEN POTCHEFSTROOM,,,
849,JOUBERT,JOUBERT,JOUBERT,WILLEM FRANCOIS JR.,Willem Francois Jr.,b5c7d5e3f1,a1b5c7d5e3f1,JOUBERTa1b5c7d5e3f1,,04/11/1824,1824,SWELLENDAM,26/12/1824,1824,1824,,1824,,,,,,MARIA JOHANNA,SCHOEMAN,,GRAAFF-REINET,POSSIBLY BEGINNING 1836,1836,A.H. POTGIETER (?),LYDENBURG,,,
850,JOUBERT,JOUBERT,JOUBERT,JOSUA ANDRIES,Josua Andries,b5c7d7e11,a1b5c7d7e11,JOUBERTa1b5c7d7e11,,24/10/1825,1825,SWELLENDAM,01/10/1826,1825,1826,LYDENBURG,1825,APRIL 1847,1847,,,,,,,SWELLENDAM AND POSSIBLY GRAAFF-REINET OR COLESBERG JUST BEFORE THE TREK,EARLY 1840S,840S,M.M. HAASBROEK WITH A.H. POTGIETER,OHRIGSTAD,,,
851,JOUBERT,JOUBERT,JOUBERT,LEENDERT FRANCOIS,Leendert Francois,b5c7d7e3,a1b5c7d7e3,JOUBERTa1b5c7d7e3,,22/07/1810,1810,SWELLENDAM,14/03/1811,1810,1811,,1810,,,,,,,,,SWELLENDAM,EARLY 1840S,840S,M.M. HAASBROEK WITH A.H. POTGIETER,OHRIGSTAD,,,
852,JOUBERT,JOUBERT,JOUBERT,GIDEON JOHANNES,Gideon Johannes,b5c7d7e5,a1b5c7d7e5,JOUBERTa1b5c7d7e5,,07/02/1812,1812,PAARL,24/04/1814,1812,1814,ROODEWAL,1812,16/11/1894,1894,SWELLENDAM,14/02/1836,1836,SUSANNA ELIZABETH,JOUBERT,,SWELLENDAM,1840S,840S,PROBABLY A FAMILY TREK,TRANSORANJE,,,
853,JOUBERT,JOUBERT,JOUBERT,PIETER JOHANNES,Pieter Johannes,b5c7d7e6,a1b5c7d7e6,JOUBERTa1b5c7d7e6,,28/10/1816,1816,PAARL,03/03/1817,1816,1817,"DRIEKOP, BLOEMFONTEIN",1816,25/11/1897,1897,,,,SUSANNA JACOBA SCHEEPERS,,,SWELLENDAM,EARLY 1840S,840S,FAMILY TREK (?),TRANSORANJE CLOSE TO BLOEMFONTEIN,,,
854,JOUBERT,JOUBERT,JOUBERT,JOHANNES BERNHARDUS,Johannes Bernhardus,b5c7d7e9,a1b5c7d7e9,JOUBERTa1b5c7d7e9,,12/07/1822,1822,SWELLENDAM,11/05/1823,1822,1823,,1822,,,,,,,,,SWELLENDAM AND POSSIBLY GRAAFF-REINET OR COLESBERG JUST BEFORE THE TREK,EARLY 1840S,840S,M.M. HAASBROEK WITH A.H. POTGIETER,OHRIGSTAD,,,
855,JOUBERT,JOUBERT,JOUBERT,JACOBUS FRANCOIS,Jacobus Francois,b8c3d3e2f1,a1b8c3d3e2f1,JOUBERTa1b8c3d3e2f1,,,,,03/07/1803,,1803,,1803,,,,,,MARIA MAGDALENA,VAN DEN BERG,,SWELLENDAM,1836 OR EARLY 1840S,840S,A.H. POTGIETER (?),POTCHEFSTROOMTHEN OHRIGSTAD THEN OVS,,,
856,JOUBERT,JOUBERT,JOUBERT,MARTHINUS GODFRIED,Marthinus Godfried,b8c3d3e2f2,a1b8c3d3e2f2,JOUBERTa1b8c3d3e2f2,,,,SWELLENDAM,25/12/1805,,1805,,1805,,,SWELLENDAM,05/06/1825,1825,SUSANNA ELIZABETH,ROSSOUW,BAVIAANSRIVIER,SOMERSET,BETWEEN APRIL 1842 AND NOVEMBER 1844,1844,FAMILY TREK (?),,,,
857,KEBEL,KEBEL,KEBEL,JOHAN (JOHANNES) AUGUST,Johan (Johannes) August,a1,a1,KEBELa1,,,,,,,,,,,,SWELLENDAM,11/01/1824,1824,SALOMINA HERCULINA,BOUWER,VALSCHRIVIER,SWELLENDAM,,,,,,,
858,KEMP,KEMP,KEMP,GERHARDUS PHILIPPUS,Gerhardus Philippus,b3c5d7,a1b3c5d7,KEMPa1b3c5d7,,,,STELLENBOSCH,29/05/1791,,1791,,1791,,,GRAAFF-REINET,05/06/1814,1814,MARIA MAGDALENA,POTGIETER,"KABELJOURIVIER, GAMTOOSRIVIER",UITENHAGE,CA APRIL 1837,1837,P.L. UYS,NATAL,,,
859,KEMP,KEMP,KEMP,PETRUS JOHANNES,Petrus Johannes,b3c5d7e2,a1b3c5d7e2,KEMPa1b3c5d7e2,,03/08/1817,1817,UITENHAGE,08/01/1818,1817,1818,UTRECHT,1817,23/03/1898,1898,,09/03/1838,1838,CATHARINA AGATHA,SCHEEPERS,GAMTOOSRIVIER,UITENHAGE,CA APRIL 1837,1837,P.L. UYS,NATAL,,,
860,KEMP,KEMP,KEMP,JACOBUS FREDERIK,Jacobus Frederik,b3c5d7e3,a1b3c5d7e3,KEMPa1b3c5d7e3,GAMTOOSRIVIER,08/06/1819,1819,,22/01/1820,1819,1820,"BERGVLIET, DUNDEE, NATAL",1819,13/11/1899,1899,,,,HESTER MARGARETHA ALETTA,,,,,,,,,,
861,KILLIAN,KILLIAN,KILLIAN,JUSTUS DANIEL,Justus Daniel,b11,a1b11,KILLIANa1b11,,29/08/1810,1810,SWELLENDAM,04/11/1810,1810,1810,HARRISMITH,1810,02/08/1850,1850,GRAAFF-REINET,06/03/1836,1836,MARIA ELIZABETH,VENTER,,CRADOCK,1840,1840,FAMILY TREK,TRANSORANJE,,,
862,KLEYNSHANS,KLEYNSHANS,KLEYNSHANS,HERMANUS JOHANNES,Hermanus Johannes,b9c5,a1b9c5,KLEYNSHANSa1b9c5,,01/03/1813,1813,SWELLENDAM,19/04/1813,1813,1813,KROONSTAD,1813,10/05/1887,1887,GRAAFF-REINET,23/03/1834,1834,HESTER,VENTER,,CRADOCK,BEFORE JUNE 1838,1838,,,,,
863,KLOPPER,KLOPPER,KLOPPER,HENDRIK COENRAAD ( DE OUDE),Hendrik Coenraad ( De Oude),b7c2,a1b7c2,KLOPPERa1b7c2,,,,,11/01/1756,,1756,,1756,,,,10/10/1784,1784,SUSANNA CATHARINA,BOTHA,PROBABLY TARKA,SOMERSET,,,PROBABLY A.H. POTGIETER,OHRIGSTAD,,,
864,KLOPPER,KLOPPER,KLOPPER,PETRUS HENDRIK,Petrus Hendrik,b7c2d10,a1b7c2d10,KLOPPERa1b7c2d10,,06/12/1812,1812,GRAAFF-REINET,07/03/1813,1812,1813,KWAMATHIWANE,1812,06/02/1838,1838,CRADOCK,04/09/1836,1836,MARTHA JOHANNA,MULLER,BAVIAANSRIVER,SOMERSET,CA FEBRUARY 1837,1837,PIET RETIEF (?),,,,
865,KLOPPER,KLOPPER,KLOPPER,JOHANNES JACOBUS,Johannes Jacobus,b7c2d4,a1b7c2d4,KLOPPERa1b7c2d4,,,,GRAAFF-REINET,20/01/1793,,1793,,1793,,,GRAAFF-REINET,05/06/1816,1816,MARIA MAGDALENA WILHELMINA JOSEPHA,REYNDERS,POSSIBLY TARKA,SOMERSET,,,A.H. POTGIETER (?),OHRIGSTAD,,,
866,KLOPPER,KLOPPER,KLOPPER,BALTHAZAR MARTHINUS,Balthazar Marthinus,b7c2d7,a1b7c2d7,KLOPPERa1b7c2d7,,02/05/1805,1805,GRAAFF-REINET,10/11/1805,1805,1805,KWAMATHIWANE,1805,06/02/1838,1838,CRADOCK,05/06/1830,1830,CHRISTINA PETRONELLA,DE WINNAAR,TARKA,SOMERSET,CA FEBRUARY 1837,1837,PIET RETIEF (?),,,,
867,KLOPPER,KLOPPER,KLOPPER,JOHAN CHRISTIAAN,Johan Christiaan,b7c2d9,a1b7c2d9,KLOPPERa1b7c2d9,,04/08/1809,1809,GRAAFF-REINET,26/12/1809,1809,1809,NATAL,1809,17/09/1891,1891,SOMERSET,06/12/1829,1829,LOUISA SOPHIA,MULLER,"DOORNKLOOF, BAVIAANSRIVIER",SOMERSET,BEOFRE 20/06/1837,1837,POSSIBLY PIET RETIEF,NATAL THEN LYDENBURG THEN UTRECHT,,,
868,KLOPPER,KLOPPER,KLOPPER,PAUL STEPHANUS,Paul Stephanus,b7c4d3,a1b7c4d3,KLOPPERa1b7c4d3,,,,GRAAFF-REINET,20/05/1805,,1805,,1805,,,,,,,,POSSIBLY TARKA,SOMERSET,CA JULY 1837 IF THEY MOVED,OVED,JACOBUS CHRISTOFFEL POTGIETER,,,,
869,KLOPPER,KLOPPER,KLOPPER,HENDRIK BALTHASAR,Hendrik Balthasar,b7c4d6,a1b7c4d6,KLOPPERa1b7c4d6,,29/05/1812,1812,GRAAFF-REINET,06/07/1812,1812,1812,,1812,,,,,,GEERTRUIDA JACOBA ELIZABETH,ROBBERTS,TARKA,SOMERSET,BEFORE 26/06/1838,1838,,NATAL THEN BLOEMFONTEIN AND SMITHFIELD,,,
870,KLOPPER,KLOPPER,KLOPPER,JAN ADRIAAN,Jan Adriaan,b7c4d7,a1b7c4d7,KLOPPERa1b7c4d7,,02/07/1816,1816,GRAAFF-REINET,25/08/1816,1816,1816,,1816,,,CRADOCK,26/12/1835,1835,JOHANNA HELENA,POTGIETER,TARKA,SOMERSET,CA JULY 1837,1837,PROBABLY JACOBUS CHRISTOFFEL POTGIETER,NATAL,,,
871,KLOPPER,KLOPPER,KLOPPER,CORNELIS PETRUS,Cornelis Petrus,b7c4d9,a1b7c4d9,KLOPPERa1b7c4d9,,03/08/1819,1819,GRAAFF-REINET,04/10/1819,1819,1819,,1819,09/07/1886,1886,,,,ALETTA MARGARETHA FRANCINA,SMITH,TARKA,SOMERSET,BEFORE 1844,1844,,NATAL,,,
872,KLOPPER,KLOPPER,KLOPPER,JOHANNES FREDERIK,Johannes Frederik,b8c10,a1b8c10,KLOPPERa1b8c10,,,,,07/01/1787,,1787,,1787,,,,18/03/1804,1804,JOHANNA ELIZABETH,ERASMUS,OOS-RIETRIVIER,"SOMERSET THEN WINTERBERG, ALBANY",FEBRUARY 1837,1837,PIET RETIEF,,,,
873,KLOPPER,KLOPPER,KLOPPER,JOHANNES FREDERIK,Johannes Frederik,b8c10d3,a1b8c10d3,KLOPPERa1b8c10d3,,27/06/1808,1808,GRAAFF-REINET,03/10/1808,1808,1808,,1808,,,SOMERSET,05/12/1830,1830,JACOBA JOHANNA,DU TOIT,WINTERBERG,ALBANY,CA FEBRUARY 1837,1837,PIET RETIEF,PMB THEN WINBURG,,,
874,KLOPPER,KLOPPER,KLOPPER,JACOBUS MARTHINUS,Jacobus Marthinus,b8c6d3,a1b8c6d3,KLOPPERa1b8c6d3,,,,GRAAFF-REINET,02/03/1794,,1794,,1794,14/12/1837,1837,UITENHAGE,04/10/1818,1818,MARTHA LOUISA,PRINSLOO,OOS-RIETRIVIER,SOMERSET THEN WINTERBERG,NOT SURE WHETHER THEY MOVED BUT IF THEY DID THEN POSSIBLY A FEW DAYS AFTER 14/12/1837,1837,,,,,
875,KLOPPER,KLOPPER,KLOPPER,WILLEM FREDERIK,Willem Frederik,b8c6d7,a1b8c6d7,KLOPPERa1b8c6d7,,,,GRAAFF-REINET,28/10/1804,,1804,,1804,,,CRADOCK,09/10/1825,1825,MARGARETHA ALETTA,BOTHA,OOS-RIETRIVIER,SOMERSET,AFTER 09/01/1842,1842,FAMILY TREK (?) NOT SURE THAT THEY MOVED,,,,
876,KLOPPER,KLOPPER,KLOPPER,LUCAS CORNELIS JOHANNES,Lucas Cornelis Johannes,b8c8d3,a1b8c8d3,KLOPPERa1b8c8d3,,01/11/1803,1803,,04/11/1804,1803,1804,KWAMATHIWANE. NATAL,1803,06/02/1838,1838,GRAAFF-REINET,06/02/1825,1825,RACHEL ELIZABETH ALIDA,GROBLER,BRAKRIVIER,SOMERSET,CA FEBRUARY 1837,1837,POSSIBLY PIET RETIEF,,,,
877,KLOPPER,KLOPPER,KLOPPER,JACOBUS MARTHINUS LOURENS,Jacobus Marthinus Lourens,b8c8d7,a1b8c8d7,KLOPPERa1b8c8d7,,,,CRADOCK,17/05/1816,,1816,NATAL,1816,CA 1841,1841,,,,JOHANNA CHRISTINA,ENGELBRECHT,PROBABLY WINTERBERG,ALBANY,BEFORE SEPTEMBER 1839,1839,,NATAL,,,
878,KLOPPER,KLOPPER,KLOPPER,BALTHASAR JOHANNES,Balthasar Johannes,maybe b7c5d3e1,maybe b7c5d3e1,KLOPPERmaybe b7c5d3e1,TULBAGH,09/02/1820,1820,TULBAGH,05/03/1820,1820,1820,,1820,,,,,,,,"DOORNKLOOF, BAVIAANSRIVIER",SOMERSET,BEFORE 20/06/1837,1837,PROBABLY PIET RETIEF,,,,
879,KLOPPER,KLOPPER,KLOPPER,JOHANNES JACOBUS,Johannes Jacobus,b7c4d2,a1b7c4d2,KLOPPERa1b7c4d2,,12/05/1802,1802,GRAAFF-REINET,21/05/1804,1802,1804,"HARTEBEESFONTEIN, RUSTENBURG",1802,01/09/1876,1876,GRAAFF-REINET,02/04/1826,1826,CECILIA JACOMINA,NAUDE,,GRAAFF-REINET,MAYBE ONLY AFTER 1846,1846,,,GEORGE,,
880,KOCH,KOCH,KOCH,JOHAN PHILIPPUS JACOBUS,Johan Philippus Jacobus,b1,a1b1,KOCHa1b1,,28/10/1809,1809,LUTHERAN CHURCH,12/11/1809,1809,1809,,1809,,,UITENHAGE,20/01/1828,1828,MARTHA ELSJE JOHANNA,VAN DER MERWE,VISRIVER,ALBANY,1842,1842,J.C. ESPAG,NATAL THEN TRANSORANJE,,,
881,KOCK,KOCK,KOCK,JOHANNES (JAN) HENRICUS LAMBERTUS,Johannes (Jan) Henricus Lambertus,b1,a1b1,KOCKa1b1,,28/10/1813,1813,GRAAFF-REINET,31/10/1813,1813,1813,KLERKSDORP,1813,15/10/1889,1889,GRAAFF-REINET,13/03/1834,1834,ELSJE MAGDALENA,SMIT,"LUIPAARDSVLEI, AGTER-OP-SNEEUBERG",GRAAFF-REINET,1841/2,41/2,FAMILY TREK,BLOEMFONTEIN THEN POTCHEFSTROOM,,,
882,KOCK,KOCK,KOCK,FRANS WILLEM,Frans Willem,b3,a1b3,KOCKa1b3,,22/08/1817,1817,GRAAFF-REINET,07/09/1817,1817,1817,RICHMOND HOTEL,1817,26/08/1902,1902,GRAAFF-REINET,13/07/1838,1838,GERBRECHTA CHRISTINA,VAN DER MERWE,"HOEKFONTEIN, OP-SNEEUBERG",GRAAFF-REINET,1841/2,41/2,JAN KOCK,TRANSORANJE  THEN BACK TO THE COLONY,,,
883,KOEKEMOER,KOEKEMOER,KOEKEMOER,JOACHIM MARTHINUS SR.,Joachim Marthinus Sr.,b1c4d1,a1b1c4d1,KOEKEMOERa1b1c4d1,,28/06/1790,1790,PAARL,05/12/1790,1790,1790,,1790,,,GRAAFF-REINET,06/08/1809,1809,NEELTJIE,DE BEER,VOOR-SNEEUBERG,GRAAFF-REINET,LATE 1837 OR EARLY 1838,1838,,NATAL,,,
884,KOEKEMOER,KOEKEMOER,KOEKEMOER,JOACHIM MARTHINUS JR.,Joachim Marthinus Jr.,b1c4d1e4,a1b1c4d1e4,KOEKEMOERa1b1c4d1e4,,01/01/1817,1817,GRAAFF-REINET,07/04/1817,1817,1817,,1817,,,GRAAFF-REINET,17/09/1837,1837,RACHEL CATHARINA ELIZABETH,DE BEER,VOOR-SNEEUBERG,GRAAFF-REINET,1837/8,37/8,,NATAL,,,
885,KOEKEMOER,KOEKEMOER,KOEKEMOER,JOHANNES MATTHEUS,Johannes Mattheus,b1c4d1e5,a1b1c4d1e5,KOEKEMOERa1b1c4d1e5,,10/02/1819,1819,GRAAFF-REINET,12/04/1819,1819,1819,WINBURG,1819,26/12/1855,1855,CRADOCK,04/03/1838,1838,JOHANNA CHRISTINA,POSTHUMUS,VOOR-SNEEUBERG,GRAAFF-REINET,BETWEEN END 1840 AND EARLY 1843,1843,,NATAL THEN TRANSORANJE,,,
886,KOEKEMOER,KOEKEMOER,KOEKEMOER,ZACHARIAS,Zacharias,b1c4d1e7,a1b1c4d1e7,KOEKEMOERa1b1c4d1e7,,22/06/1823,1823,GRAAFF-REINET,07/07/1823,1823,1823,"RONDEBOSCH, WINBURG",1823,24/08/1893,1893,,,,MARIA JACOBA,NEL,VOOR-SNEEUBERG,GRAAFF-REINET,1838 (?),(?),,NATAL,,,
887,KOEKEMOER,KOEKEMOER,KOEKEMOER,MARTHINUS,Marthinus,b1c4d1e8,a1b1c4d1e8,KOEKEMOERa1b1c4d1e8,,20/12/1825,1825,GRAAFF-REINET,09/04/1826,1825,1826,"GREYTOWN, NATAL",1825,03/03/1876,1876,,,,ISABELLA SUSANNA,VAN STADEN,VOOR-SNEEUBERG,GRAAFF-REINET,BETWEEN END 1840 AND EARLY 1843,1843,,"ELANDSKOP, GREYTOWN, NATAL",,,
888,KOEKEMOER,KOEKEMOER,KOEKEMOER,GERHARDUS PETRUS,Gerhardus Petrus,b1c4d5,a1b1c4d5,KOEKEMOERa1b1c4d5,,,,GRAAFF-REINET,08/07/1798,,1798,,1798,,,GRAAFF-REINET,25/07/1819,1819,ELIZABETH SUSANNA,BOTHA,RIERVALLEI (RIETVLEI),"AGTER-SNEEUBERG, SOMERSET THEN SOMERSET",LATE 1842 OR EARLY 1842,1842,,POTCHEFSTROOM,,,
889,KOEKEMOER,KOEKEMOER,KOEKEMOER,DIEDERIK JOHANNES,Diederik Johannes,b1c4d5e3,a1b1c4d5e3,KOEKEMOERa1b1c4d5e3,,13/02/1824,1824,CRADOCK,01/08/1824,1824,1824,,1824,,,,,,GEERTRUYDA ALETTA,SNYDERS,,,,,,,,,
890,KOEKEMOER,KOEKEMOER,KOEKEMOER,MARTHINUS WESSEL,Marthinus Wessel,b1c4d6,a1b1c4d6,KOEKEMOERa1b1c4d6,,,,GRAAFF-REINET,18/05/1800,,1800,,1800,,,GRAAFF-REINET,06/08/1826,1826,MARIA MAGDALENA,DE BEER,,COLESBERG,BETWEEN JULY AND NOVEMBER 1838,1838,POSSIBLY A.W.J. PRETORIUS,TRANSORANJE,,,
891,KOEKEMOER,KOEKEMOER,KOEKEMOER,JACOBUS MATTYS WYNAND,Jacobus Mattys Wynand,b1c4d8,a1b1c4d8,KOEKEMOERa1b1c4d8,,26/02/1806,1806,TULBAGH,16/04/1806,1806,1806,,1806,,,CRADOCK,04/04/1825,1825,ISABELLA JOHANNA CATHARINA,DUVENAGE,,COLESBERG,1839/40,9/40,,WINBURG,COLESBERG,,
892,KOEKEMOER,KOEKEMOER,KOEKEMOER,JOHANNES LODEWYK,Johannes Lodewyk,b1c4d9,a1b1c4d9,KOEKEMOERa1b1c4d9,,22/06/1808,1808,GRAAFF-REINET,21/08/1808,1808,1808,"BOSPLAAT, KRRONSTAD",1808,26/03/1867,1867,GRAAFF-REINET,05/10/1829,1829,NEELTJIE MARIA,DE BEER,,COLESBERG,BETWEEN 1838 AND 1841,1841,,WINBURG,,,
893,KOEKEMOER,KOEKEMOER,KOEKEMOER,DIEDERIK JOHANNES,Diederik Johannes,b1c6d1,a1b1c6d1,KOEKEMOERa1b1c6d1,,05/05/1796,1796,TULBAGH,10/06/1796,1796,1796,BETHLEHEM,1796,20/11/1872,1872,CRADOCK,22/08/1819,1819,HESTER SOPHIA,FOURIE,BRAKRIVIER,SOMERSET THEN TARKA,BEOFRE JUNE 1839,1839,,NATAL,,,
894,KOEKEMOER,KOEKEMOER,KOEKEMOER,GERRIT JACOBUS,Gerrit Jacobus,b1c7d3,a1b1c7d3,KOEKEMOERa1b1c7d3,,08/12/1803,1803,GRAAFF-REINET,21/05/1804,1803,1804,NATAL,1803,CA 1839,1839,CRADOCK,18/02/1832,1832,MARIA CATHARINA,DE BRUYN,TARKA,SOMERSET,CA OCTOBER 1837,1837,JAN DU PLESSIS,NATAL,,,
895,KOOPMAN,KOOPMAN,KOOPMAN,DAWID,Dawid,b5c3d3,a1b5c3d3,KOOPMANa1b5c3d3,,,,,17/06/1792,,1792,,1792,,,BEAUFORT,01/10/1814,1814,ELIZABETH MARGARETHA,KRUGER,NUWEVELD,BEAUFORT,BEFORE 28/09/1837,1837,FAMILTY TREK (?),TRANSORANJE (?),,,
896,KOOPMAN,KOOPMAN,KOOPMAN,JAN MICHIEL,Jan Michiel,b5c3d7,a1b5c3d7,KOOPMANa1b5c3d7,,,,,22/12/1800,,1800,,1800,,,,,,,,NUWEVELD,BEAUFORT,BEFORE 28/09/1837,1837,D.S. FOURIE (?),TRANSORANJE,,,
897,KOOPMAN,KOOPMAN,KOOPMAN,WILLEM PETRUS,Willem Petrus,b5c3d8,a1b5c3d8,KOOPMANa1b5c3d8,,18/07/1802,1802,TULBAGH,26/08/1803,1802,1803,,1802,,,,,,,,NUWEVELD,BEAUFORT,BEFORE 28/09/1837,1837,D.S. FOURIE (?),"RIETRIVIER, TRANSORANJE",,,
898,KORFF,KORFF,KORFF,HENDRIK JOHANNES GERHARDUS,Hendrik Johannes Gerhardus,b10c1,a1b10c1,KORFFa1b10c1,,18/02/1810,1810,TULBAGH,19/09/1811,1810,1811,,1810,,,,,,ANNA SUSANNA,COETZEE,,BEAUFORT,BEFORE MARCH 1842,1842,,NATAL THEN WINBURG AND OHRIGSTAD,POTCHEFSTROOM,,
899,KORFF,KORFF,KORFF,ABRAHAM JOHANNES ARIE PETRUS,Abraham Johannes Arie Petrus,b10c4,a1b10c4,KORFFa1b10c4,NUWEVELD,22/05/1823,1823,BEAUFORT,27/03/1825,1823,1825,,1823,,,,,,JOHANNA MARAGRETHA,DU PLOOY,NUWEVELD,BEAUFORT (?),BEFORE JULY 1842,1842,,TRANSORANJE,,,
900,KOTZE,KOTZE,KOTZE,JACOBUS JOHANNES JURGEN,Jacobus Johannes Jurgen,b2c4d1e2,a1b2c4d1e2,KOTZEa1b2c4d1e2,,,,,27/01/1788,,1788,,1788,,,GRAAFF-REINET,30/05/1813,1813,MARIA DOROTHEA,KRUGER,,COLESBERG,BEFORE MARCH 1842,1842,,POTCHEFSTROOM,,,
901,KOTZE,KOTZE,KOTZE,GERHARDUS DIRK JOHAN(NES) CHRISTIAAN,Gerhardus Dirk Johan(Nes) Christiaan,b2c4d1e2f2,a1b2c4d1e2f2,KOTZEa1b2c4d1e2f2,,01/01/1816,1816,GRAAFF-REINET,27/10/1816,1816,1816,,1816,,,CRADOCK,08/06/1834,1834,JOHANNA MARAGRETHA,ALBERTSZ,,CRADOCK,BEFORE MARCH 1842,1842,,POTCHEFSTROOM,,,
902,KRAAY/ KRAAYENBURG/ VAN KRADENBURG,KRAAY/KRAAYENBURG/VANKRADENBURG,KRAAY/ KRAAYENBURG/ VAN KRADENBURG,ANDRIES NICOLAAS,Andries Nicolaas,b3,a1b3,KRAAY/ KRAAYENBURG/ VAN KRADENBURGa1b3,,,,SWARTLAND,22/10/1802,,1802,,1802,,,TULBAGH,06/10/1822,1822,HUIBRECHT ELIZABETH SUSANNA,VAN WYK,,CLANWILLIAM,CA END 1837,1837,,TRANSORANJE,,,
903,KRIEL,KRIEL,KRIEL,JACBOBUS ALBERTUS,Jacbobus Albertus,b9c2d5,a1b9c2d5,KRIELa1b9c2d5,,,,,31/05/1799,,1799,"KLIPRIVIER, NATAL",1799,AUGUST 1865,1865,SWELLENDAM,03/09/1820,1820,ANNA MAGDALENA PETRONELLA,BADENHORST,,SWELLENDAM,AFTER 15 MARCH 1838,1838,BADENHORST (?),NATAL,,,
904,KRITZINGER,KRITZINGER,KRITZINGER,JOHAN JACOB,Johan Jacob,a1b1c3,a1b1c3,KRITZINGERa1b1c3,,,,,02/12/1808,,1808,,1808,,,UITENHAGE,17/09/1835,1835,MAGDALENA SALOMINA,MARITZ,"KLIPFONTEIN, ONDER-BOSEMANSRIVIER",UITENHAGE,NOVEMBER 1836,1836,JOHANNES STEPHANUS MARITZ,"PMB, NATAL",,,
905,KRITZINGER,KRITZINGER,KRITZINGER,MATTYS STEPHANUS BENJAMIN,Mattys Stephanus Benjamin,a1b1c9,a1b1c9,KRITZINGERa1b1c9,,28/07/1820,1820,UITENHAGE,24/09/1820,1820,1820,,1820,15/05/1896,1896,,24/08/1846,1846,ELIZABETH ALETTA SOPHIA,BOSHOF,ONDER-BOESMANSRIVIER,UITENHAGE,NOVEMBER 1836,1836,PROBABLY J.S. MARITZ,NATAL,,,
906,KRITZINGER,KRITZINGER,KRITZINGER,PIETER HENDRIK,Pieter Hendrik,b1,a1b1,KRITZINGERa1b1,,,,,255/10/1778,,1778,,1778,,,,04/12/1803,1803,ANNA MARGARETHA,VAN DER WATT,"GEELHOUTEBOOM, GAMTOOSRIVIER",UITENHAGE,CA END 1840,1840,,NATAL,PMB,,
907,KRITZINGER,KRITZINGER,KRITZINGER,PIETER HENDDRIK CORNELIS,Pieter Henddrik Cornelis,b1c5,a1b1c5,KRITZINGERa1b1c5,,,,SWELLENDAM,23/11/1812,,1812,"WITTEBOOM, WENEN, NATAL",1812,13/12/1864,1864,UITENHAGE,12/05/1836,1836,SUSANNA ELIZABETH JOHANNA,MINNE (MINNI/MIENIE),"GEELHOUTEBOOM, GAMTOOSRIVIER",UITENHAGE,CA END 1840,1840,,NATAL,,,
908,KRITZINGER,KRITZINGER,KRITZINGER,JOHAN(NES) JACOB,Johan(Nes) Jacob,b3c2,a1b3c2,KRITZINGERa1b3c2,GAMTOOSRIVIER,23/09/1816,1816,GRAAFF-REINET,17/02/1817,1816,1817,"ZUURFONTEIN, RUSTENBURG",1816,11/02/1888,1888,UITENHAGE,02/02/1837,1837,CATHARINA ELIZABETH,POTGIETER,ONDER-BOESMANSRIVIER,UITENHAGE,17/04/1838,1838,GERRIT REYNIER VAN ROOYEN,NATAL THEN RUSTENBURG,,,
909,KROUKAMP,KROUKAMP,KROUKAMP,HENDRIK (JOHANNES) JACOBUS,Hendrik (Johannes) Jacobus,b4c1,a1b4c1,KROUKAMPa1b4c1,,,,CAPE TOWN,05/12/1802,,1802,MOZAMBIQUE,1802,END JULY 1836,1836,GRAAFF-REINET,12/05/1825,1825,SUSANNA ELIZABETH,STRYDOM,BRAKRIVIER,SOMERSET,CA END 1835,1835,J.J. (LANG HANS) JANSE VAN RENSBURG,,,,
910,KRUGEL,KRUGEL,KRUGEL,ANDRIES JACOBUS,Andries Jacobus,b4c2d9,a1b4c2d9,KRUGELa1b4c2d9,,,,,18/03/1791,,1791,,1791,,,GRAAFF-REINET,29/11/1807,1807,ELIZABETH MARGARETHA,DU PLESSIS,TARKA,SOMERSET,BEFORE 26/06/1838,1838,,NATAL THEN OHRIGSTAD,GRAAFF-REINET,,
911,KRUGER,KRUGER,KRUGER,FRANS JOHANNES CHRISTIAAN,Frans Johannes Christiaan,b3c8d1,a1b3c8d1,KRUGERa1b3c8d1,GRAFF-REINET,,,,10/02/1793,,1793,,1793,,,GRAAFF-REINET,,,ZIRKIA JACOBA JANSEN,,CAMBEDO,GRAAFF-REINET,BEFORE 31/05/1837,1837,,NATAL,,,
912,KRUGER,KRUGER,KRUGER,FRANS JOHANNES,Frans Johannes,b3c8d1e3,a1b3c8d1e3,KRUGERa1b3c8d1e3,,20/12/1816,1816,GRAAFF-REINET,02/02/1817,1816,1817,NATAL,1816,11/04/1901,1901,GRAAFF-REINET,25/10/1835,1835,ANNA CATHARINA,VENTER,CAMBEDO,GRAAFF-REINET,BETWEEN 03/04/1837 AND 31/05/1837,1837,,NATAL,,,
913,KRUGER,KRUGER,KRUGER,DANIEL FREDERIK JR.,Daniel Frederik Jr.,b4c3,a1b4c3,KRUGERa1b4c3,,03/07/1813,1813,GRAAFF-REINET,20/02/1814,1813,1814,,1813,,,CRADOCK,04/09/1831,1831,ANNA MARIA,VENTER,TARKA,SOMERSET,CA EARLY 1836,1836,A.H. POTGIETER,,CRADOCK,,
914,KRUGER,KRUGER,KRUGER,DANIEL FREDERIK SR,Daniel Frederik Sr,b5,a1b5,KRUGERa1b5,,,,,07/12/1787,,1787,,1787,,,GRAAFF-REINET,15/01/1809,1809,JOHANNA ALIDA,JOOSTE,TARKA,SOMERSET,BEFORE 12/06/1837,1837,,POTCHEFSTROOM,CRADOCK,,
915,KRUGER,KRUGER,KRUGER,JOHANNES (JOHAN) CHRISTIAAN,Johannes (Johan) Christiaan,b5c1,a1b5c1,KRUGERa1b5c1,,09/10/1809,1809,GRAAFF-REINET,23/04/1810,1809,1810,"ZONDAGSFONTEIN, STANDERTON",1809,13/07/1883,1883,CRADOCK,06/04/1829,1829,ALETTA ELIZABETH,DU PLESSIS,,CRADOCK,BETWEEN DECEMBER 1838 AND DECEMBER 1843,1843,,,POTCHEFSTROOM,,
916,KRUGER,KRUGER,KRUGER,CASPER JAN HENDRIK,Casper Jan Hendrik,b7c1d1e3,a1b7c1d1e3,KRUGERa1b7c1d1e3,,,,,27/02/1796,,1796,BLOEMFONTEIN,1796,01/11/1862,1862,GRAAFF-REINET,30/04/1815,1815,LASYA CHRISTINA,VORSTER,,CRADOCK,BETWEEN DECEMBER 1837 AND CA 1840,1840,,POTCHEFSTROOM THEN BLOEMFONTEIN,,,
917,KRUGER,KRUGER,KRUGER,WILLEM JACOBUS,Willem Jacobus,b7c1d1e3f1,a1b7c1d1e3f1,KRUGERa1b7c1d1e3f1,,25/02/1817,1817,GRAAFF-REINET,04/05/1817,1817,1817,"NOOITGEDACHT, BLOEMFONTEIN",1817,14/08/1879,1879,,,,JOHANNA MARIA BARENDINA,VORSTER,,CRADOCK,BETWEEN DECEMBER 1837 AND 1840,1840,,,,,
918,KRUGER,KRUGER,KRUGER,STEPHANUS JOHANNES,Stephanus Johannes,b7c2d4,a1b7c2d4,KRUGERa1b7c2d4,,,,,15/03/1778,,1778,,1778,,,,21/01/1798,1798,SOPHIA MARGARETHA,STEENKAMP,POSSIBLT AGTER- SNEEUBERG,GRAAFF-REINET,BEFORE MAY 1840,1840,POSSIBLY A.H. POTGIETER,,,,
919,KRUGER,KRUGER,KRUGER,GERRIT JOHANNES,Gerrit Johannes,b7c2d4e1,a1b7c2d4e1,KRUGERa1b7c2d4e1,,01/01/1799,1799,GRAAFF-REINET,27/01/1799,1799,1799,,1799,,,CRADOCK,03/09/1820,1820,ELIZABETH JOHANNA,PELSER,AGTER-SUURBERG,GRAAFF-REINET,CA EARLY 1836,1836,POSSIBLY A.H.H POTGIETER,OHRIGSTAD,,,
920,KRUGER,KRUGER,KRUGER,CASPER JAN HENDRIK,Casper Jan Hendrik,b7c2d4e2,a1b7c2d4e2,KRUGERa1b7c2d4e2,,10/05/1801,1801,,10/11/1801,1801,1801,"ZOUTPANSDRIFT, RUSTENBURG",1801,DECEMBER 1851,1851,CRADOCK,03/09/1820,1820,ELSIE FRANCINA,STEYN,AGTER-SUURBERG,GRAAFF-REINET,BEFORE 1836,1836,A.H. POTGIETER,NATAL THEN POTCHEFSTROOM,CRADOCK,,
921,KRUGER,KRUGER,KRUGER,DOUW GERBRAND,Douw Gerbrand,b7c2d4e2f2,a1b7c2d4e2f2,KRUGERa1b7c2d4e2f2,,13/10/1823,1823,GRAAFF-REINET,09/01/1824,1823,1824,,1823,,,,,,,,AGTER-SUURBERG,GRAAFF-REINET,BEFORE 1836,1836,A.H. POTGIETER,OHRIGSTAD,,,
922,KRUGER,KRUGER,KRUGER,STEPHANUS JOHANNES PAULUS,Stephanus Johannes Paulus,b7c2d4e2f3,a1b7c2d4e2f3,KRUGERa1b7c2d4e2f3,,10/10/1825,1825,,,1825,,14/07/1904,1825,,,POTCHEFSTROOM,11842,1842,ANNA MARIA ETRESIA,DU PLESSIS,AGTER-SUURBERG,GRAAFF-REINET,BEFORE 1835,1835,A.H. POTGIETER,NATAL THEN POTCHEFSTROOM,,,
923,KRUGER,KRUGER,KRUGER,GERT STEPHANUS JACOBUS,Gert Stephanus Jacobus,b7c2d4e3,a1b7c2d4e3,KRUGERa1b7c2d4e3,,25/02/1804,1804,GRAAFF-REINET,21/05/1804,1804,1804,,1804,,,CRADOCK,04/07/1824,1824,HEYLTJE MARIA MARGARETHA,PELSER,AGTER-SUURBERG,GRAAFF-REINET,EARLY 1836,1836,A.H. POTGIETER,POTCHEFSTROOM,,,
924,KRUGER,KRUGER,KRUGER,THEUNIS JOHANNES,Theunis Johannes,b7c2d4e4,a1b7c2d4e4,KRUGERa1b7c2d4e4,,07/06/1806,1806,GRAAFF-REINET,30/11/1806,1806,1806,,1806,,,HEYLETJE MARIA,VAN WYK,WYK,,,AGTER-SUURBERG,GRAAFF-REINET,BEFORE AUGUST 1839 AND POSSIBLY EARLY 1836,1836,POSSIBLY A.H. POTGIETER,OHRIGSTAD,,,
925,KRUGER,KRUGER,KRUGER,JOHANNES LODEWYK,Johannes Lodewyk,b8c3d10,a1b8c3d10,KRUGERa1b8c3d10,,,,,,,,,,,,GRAAFF-REINET,03/11/1822,1822,ANNA MARIA JACOBA,GRIESEL,,COLESBERG (?),CA EARLY 1836,1836,A.H. POTGIETER,POTCHEFSTROOM THEN COLONY,HUWELIKSHOF COLESBERG,,
926,KRUGER,KRUGER,KRUGER,PIETER ERNST,Pieter Ernst,b8c3d1e1,a1b8c3d1e1,KRUGERa1b8c3d1e1,,08/01/1810,1810,SWELLENDAM,30/08/1810,1810,1810,,1810,,,GRAAFF-REINET,05/051833,1833,GEERTRUIDA ZACHARYA MAGDALENA E.,BADENHORST,,COLESBERG,EARLY 1836,1836,A.H. POTGIETER,NATAL THEN COLESBERG,,,
927,KRUGER,KRUGER,KRUGER,JACOB JOHANNES,Jacob Johannes,b8c3d1e2,a1b8c3d1e2,KRUGERa1b8c3d1e2,,17/07/1811,1811,SWELLENDAM,01/09/1812,1811,1812,,1811,,,GRAAFF-REINET,08/03/1835,1835,PETRONELLA JOHANNA SUSANNA,KRUGER,,COLESBERG,CA EARLY 1836,1836,POSSIBLY A.H. POTIGETER,POTCHEFSTROOM,,,
928,KRUGER,KRUGER,KRUGER,TOBIAS JOHANNES,Tobias Johannes,b8c3d1e3,a1b8c3d1e3,KRUGERa1b8c3d1e3,,20/01/1813,1813,TULBAGH,24/12/1813,1813,1813,,1813,,,GRAAFF-REINET,11/08/1835,1835,MARIA CATHARINA JOHANNA ISABELLA,BADENHORST,,COLESBERG,DECEMBER 1834,1834,POSSIBLY A.H. POTGIETER,NATAL THEN OHRIGSTAD,,,
929,KRUGER,KRUGER,KRUGER,DAVID JOHANNES,David Johannes,b8c3d1e4,a1b8c3d1e4,KRUGERa1b8c3d1e4,,20/10/1816,1816,TULBAGH,06/12/1816,1816,1816,,1816,,,"HUWELIKSHOF, COLESBERG",16/07/1837,1837,ANNA ELIZABETH,STEYN,BRAKRIVIER,SOMERSET,BEFORE 1835,1835,POSSIBLY A.H.H POTGIETER,"PMB, WINBURG OR OHRIGSTAD",,,
930,KRUGER,KRUGER,KRUGER,JOHANNES DIEDERIK,Johannes Diederik,b8c3d6e2,a1b8c3d6e2,KRUGERa1b8c3d6e2,,17/09/1813,1813,GEORGE,07/03/1814,1813,1814,,1813,,,GRA,08/03/1835,1835,CHRISTINA GESINA,LOUBSCHER,,COLESBERG,BEFORE 1836,1836,A.H. POTGIETER,TRANSORANJE AND OHRIGSTAD,,,
931,LA GRANGE,LAGRANGE,LA GRANGE,TOBIAS GEORGE,Tobias George,NOT CERTAIN: b1c2d7e3,NOT CERTAIN: b1c2d7e3,LA GRANGENOT CERTAIN: b1c2d7e3,,,,,22/09/1805,,1805,,1805,,,GEORGE,10/07/1831,1831,MARIA SOPHIA ELIZABETH,SCHEEPERS,,GEORGE UNTIL APRIL 1841,,,OHRIGSTAD,,,,
932,LA GRANGE,LAGRANGE,LA GRANGE,J.P. (JOHANNES PETRUS?),J.P. (Johannes Petrus?),NOT CERTAIN: b1c2d7e3f1,NOT CERTAIN: b1c2d7e3f1,LA GRANGENOT CERTAIN: b1c2d7e3f1,,18/08/1832,1832,,,1832,,,1832,,,,,,,,,GEORGE (?),A PERSON WITH HIS INITIALS WAS IN 1846 ALREADY IN OHRIGSTAD,STAD,,,,,
933,LAAS,LAAS,LAAS,ANDRIES MARTHINUS,Andries Marthinus,b6,a1b6,LAASa1b6,,,,,14/04/1771,,1771,,1771,,,,12/02/1804,1804,SARA SALOMINA,VERMAAK,ONDER-BOESMANSRIVIER,UITENHAGE,END OCTOBER 1837,1837,KAREL LANDMAN,NATAL,,,
934,LAAS,LAAS,LAAS,JOHANNES ANDRIES MARTHINUS,Johannes Andries Marthinus,b6c3,a1b6c3,LAASa1b6c3,,13/03/1812,1812,GRAAFF-REINET,22/08/1812,1812,1812,"HOLFONTEIN, WAKKERSTROOM",1812,23/07/1884,1884,,,,SARA JOHANNA,ODENDAAL,ONDER-BOESMANSRIVIER,UITENHAGE,END OCTOBER 1837,1837,KAREL LANDMAN,WAKKERSTROOM,,,
935,LAAS,LAAS,LAAS,CORNELIS JOHANNES,Cornelis Johannes,b6c6,a1b6c6,LAASa1b6c6,,09/01/1819,1819,UITENHAGE,08/10/1819,1819,1819,,1819,,,,,,MARTHA MARIA,VAN SCHALKWYK,ONDER-BOESMANSRIVIER,UITENHAGE,END OCTOBER 1837,1837,KAREL LANDMAN,NATAL,,,
936,LABUSCHAGNE,LABUSCHAGNE,LABUSCHAGNE,PHILIPPUS ANDREAS,Philippus Andreas,b2c4d1e12,a1b2c4d1e12,LABUSCHAGNEa1b2c4d1e12,,02/12/1815,1815,GRAAFF-REINET,02/02/1817,1815,1817,,1815,10/01/1904,1904,,,,GESINA PETRONELLA JOHANNA DUPERETTA,DU PLESSIS,,,,,,,CRADOCK,,
937,LABUSCHAGNE,LABUSCHAGNE,LABUSCHAGNE,CASPER JOHANNES CORNELIS,Casper Johannes Cornelis,b2c4d1e15,a1b2c4d1e15,LABUSCHAGNEa1b2c4d1e15,,26/02/1823,1823,CRADOCK,14/04/1823,1823,1823,HEILBRON,1823,18/03/1889,1889,PMB,07/04/1845,1845,ANNA CATHARINA,SCHEEPERS,,,BEFORE 1845,1845,,NATAL,,,
938,LABUSCHAGNE,LABUSCHAGNE,LABUSCHAGNE,PIETER JACOBUS,Pieter Jacobus,b2c4d1e1f2,a1b2c4d1e1f2,LABUSCHAGNEa1b2c4d1e1f2,,25/11/1813,1813,GRAAFF-REINET,11/04/1814,1813,1814,,1813,,,CRADCOCK,02/02/1834,1834,GESINA WILHELMINA JOHANNA ETRESIA,DU PLESSIS,TARKA,SOMERSET,CA 1837,1837,,NATAL,CRADOCK,,
939,LABUSCHAGNE,LABUSCHAGNE,LABUSCHAGNE,FRANS MARTHINUS,Frans Marthinus,b2c4d1e9,a1b2c4d1e9,LABUSCHAGNEa1b2c4d1e9,,19/05/1811,1811,,20/10/1811,1811,1811,,1811,,,CRADOCK,04/11/1832,1832,ANNA MARIA HELENA PETRONELLA,DU PLESSIS,TARKA,SOMERSET,BEFORE DECEMBER 1839,1839,,MAGALIESBERG,POTCHEFSTROOM,,
940,LABUSCHAGNE,LABUSCHAGNE,LABUSCHAGNE,CASPER (JEREMIAS),Casper (Jeremias),b2c4d3,a1b2c4d3,LABUSCHAGNEa1b2c4d3,,,,,02/12/1770,,1770,"KLIPRIVIER (LADYSMITH), NATAL",1770,13/02/1860,1860,,05/07/1795,1795,PETRONELLA CATHARINA,NEL,TARKA,SOMERSET,BEFORE 02/11/1837,1837,JAN DU PLESSIS (?),,,,
941,LABUSCHAGNE,LABUSCHAGNE,LABUSCHAGNE,JAN HARM,Jan Harm,b2c4d3e1,a1b2c4d3e1,LABUSCHAGNEa1b2c4d3e1,,,,,02/10/1796,,1796,FRISGEWAAGD,1796,06/02/1874,1874,CAPE TOWN,12/05/1816,1816,GEERTRUIDA GESINA,LABUSCHAGNE,"BEZUIDENHOUDTSKRAAL, TARKA",SOMERSET,BEFORE 02/11/1837,1837,,NATAL,CRADOCK,,
942,LABUSCHAGNE,LABUSCHAGNE,LABUSCHAGNE,HENDRIK ADRIAAN,Hendrik Adriaan,b2c4d3e1f2,a1b2c4d3e1f2,LABUSCHAGNEa1b2c4d3e1f2,,06/06/1819,1819,CRADOCK,08/09/1819,1819,1819,,1819,25/11/1895,1895,,,,MAYBE SECOND MARRIAGE TO (?) SUSANNA SOPHIA,MEYER,TARKA,SOMERSET(?),BEFORE 02/11/1837,1837,,UTRECHT,,,
943,LABUSCHAGNE,LABUSCHAGNE,LABUSCHAGNE,CASPER JEREMIAS,Casper Jeremias,b2c4d3e1f3,a1b2c4d3e1f3,LABUSCHAGNEa1b2c4d3e1f3,,07/03/1821,1821,CRADOCK,21/04/1821,1821,1821,,1821,05/05/1890,1890,,,,SUSANNA CATHARINA JOHANNA PETRONELLA,LABUSCHAGNE,TARKA,SOMERSET,BEFORE 02/11/1837,1837,,NATAL,,,
944,LABUSCHAGNE,LABUSCHAGNE,LABUSCHAGNE,JAN HENDRIK,Jan Hendrik,b2c4d3e1f4,a1b2c4d3e1f4,LABUSCHAGNEa1b2c4d3e1f4,,18/01/1824,1824,,04/10/1824,1824,1824,,1824,10/12/1891,1891,,,,ALETTA MAGDALENA,POTGIETER,"BEZUIDENHOUDTSKRAAL, TARKA",SOMERSET(?),BEFORE 02/11/1837,1837,,NATAL,,,
945,LABUSCHAGNE,LABUSCHAGNE,LABUSCHAGNE,CASPER JEREMIAS,Casper Jeremias,b2c4d3e2f1,a1b2c4d3e2f1,LABUSCHAGNEa1b2c4d3e2f1,,13/01/1825,1825,CRADOCK,04/04/1825,1825,1825,,1825,,,PMB,13/05/1850,1850,ISABELLA CORNELIA,POTGIETER,TARKA,SOMERSET,BEFORE 02/11/1837,1837,,NATAL,,,
946,LABUSCHAGNE,LABUSCHAGNE,LABUSCHAGNE,WILLEM ADRIAAN,Willem Adriaan,b2c4d3e1f6,a1b2c4d3e1f6,LABUSCHAGNEa1b2c4d3e1f6,,,,,23/12/1798,,1798,"ELANDSKRAAL, KLIPRIVIER (LADYSMITH)",1798,26/09/1866,1866,GRAAFF-REINET,07/12/1817,1817,SUSANNA CATHARINA ELIZABETH,STEENKAMP,TARKA,SOMERSET,BEFORE 02/11/1837,1837,JAN DU PLESSIS (?),NATAL,CRADOCK,,
947,LABUSCHAGNE,LABUSCHAGNE,LABUSCHAGNE,CASPER JEREMIAS,Casper Jeremias,b2c4d3e4,a1b2c4d3e4,LABUSCHAGNEa1b2c4d3e4,,,,GRAAFF-REINET,18/11/1801,,1801,"VAALPOORT, HARRISMITH",1801,05/04/1872,1872,CRADOCK,04/08/1822,1822,CATHARINA SOPHIA,STEENKAMP,TARKA,SOMERSET,BEFORE 02/11/1837,1837,,NATAL,CRADOCK,,
948,LABUSCHAGNE,LABUSCHAGNE,LABUSCHAGNE,JACOBUS CHRISTOFFEL JOHANNES,Jacobus Christoffel Johannes,b2c4d3e5,a1b2c4d3e5,LABUSCHAGNEa1b2c4d3e5,,05/11/1805,1805,TULBAGH,31/03/1806,1805,1806,HARRISMITH,1805,OCTOBER 1868,1868,,,,CATHARINA ELIZABETH,NEL,"BEZUIDENHOUDTSKRAAL, TARKA",SOMERSET,BEFORE 02/11/1837,1837,,NATAL,,,
949,LABUSCHAGNE,LABUSCHAGNE,LABUSCHAGNE,FRANS LOURENS,Frans Lourens,b2c4d3e7,a1b2c4d3e7,LABUSCHAGNEa1b2c4d3e7,,09/04/1811,1811,GRAAFF-REINET,01/03/1812,1811,1812,"MAINS, LADYSMITH, NATAL",1811,15/01/1870,1870,CRADOCK,06/10/1834,1834,GEERTRUIDA GESINA CORNELIA,LABUSCHAGNE,TARKA,SOMERSET,BEFORE MARCH 1840,1840,,NATAL,,,
950,LABUSCHAGNE,LABUSCHAGNE,LABUSCHAGNE,JAN HARM,Jan Harm,b2c4d6e1,a1b2c4d6e1,LABUSCHAGNEa1b2c4d6e1,,,,,28/02/1796,,1796,"VALSCHRIVIER, BEHIND DRAKENSBERG",1796,CA 1844,1844,GRAAFF-REINET,17/12/1817,1817,GESINA ADRIANA WILHELMINA,DU PLESSIS,"HONINGKLIP, TARKA",SOMERSET,OCTOBER 1837,1837,PROBABLY  JAN DU PLESSIS,NATAL,CRADOCK,,
951,LABUSCHAGNE,LABUSCHAGNE,LABUSCHAGNE,FRANS JACOBUS,Frans Jacobus,b2c4d6e2,a1b2c4d6e2,LABUSCHAGNEa1b2c4d6e2,,01/03/1797,1797,TULBAGH,03/12/1797,1797,1797,SWARTRUGGENS,1797,17/06/1853,1853,CRADOCK,04/04/1825,1825,CATHARINA SUSANNA,HATTINGH,TARKA,SOMERSET,02/11/1837,1837,,"LADYSMITH, NATAL",,,
952,LABUSCHAGNE,LABUSCHAGNE,LABUSCHAGNE,PIETER WILLEM,Pieter Willem,b2c4d6e8,a1b2c4d6e8,LABUSCHAGNEa1b2c4d6e8,,24/03/1814,1814,GRAAFF-REINET,04/05/1814,1814,1814,,1814,,,,,,HELENA DOROTHEA,LABUSCHAGNE,TARKA,SOMERSET,BEFORE 02/11/1837,1837,,NATAL,CRADOCK,,
953,LABUSCHAGNE,LABUSCHAGNE,LABUSCHAGNE,CASPER JEREMIAS,Casper Jeremias,b2c5d6,a1b2c5d6,LABUSCHAGNEa1b2c5d6,,,,,24/02/1782,,1782,,1782,,,,,,SUSANNA ADRIANA,JORDAAN,TARKA,SOMERSET,BEFORE 02/11/1837,1837,,NATAL,,,
954,LABUSCHAGNE,LABUSCHAGNE,LABUSCHAGNE,GERRIT JACOBUS,Gerrit Jacobus,b2c5d6e2,a1b2c5d6e2,LABUSCHAGNEa1b2c5d6e2,,,,,26/12/1809,,1809,,1809,,,CRADOCK,02/03/1828,1828,CORNELIA MAGDALENA PETRONELLA,LABUSCHAGNE,TARKA,SOMERSET,IF THEY MOVED THEN BEFORE 02/11/1837,1837,,,,,
955,LABUSCHAGNE,LABUSCHAGNE,LABUSCHAGNE,JAN HENDRIK,Jan Hendrik,b2c8d4,a1b2c8d4,LABUSCHAGNEa1b2c8d4,,,,,24/11/1782,,1782,KWAMATHIWANE,1782,06/02/1838,1838,,,,ELSIE MARIA,JORDAAN,TARKA,SOMERSET,BEFORE 02/11/1837,1837,,,,,
956,LABUSCHAGNE,LABUSCHAGNE,LABUSCHAGNE,FRANS JACOB,Frans Jacob,b2c8d4e1,a1b2c8d4e1,LABUSCHAGNEa1b2c8d4e1,,,,,09/08/1807,,1807,KWAMATHIWANE,1807,06/02/1838,1838,CRADOCK,06/07/1829,1829,JACOBA ADRIANA JACOMINA,COETZER,"BEZUIDENHOUDTSKRAAL, TARKA",SOMERSET,CA FEBRUARY 1837,1837,PIET RETIEF,,,,
957,LABUSCHAGNE,LABUSCHAGNE,LABUSCHAGNE,GERRIT JOHANNES,Gerrit Johannes,b2c8d4e3,a1b2c8d4e3,LABUSCHAGNEa1b2c8d4e3,,30/01/1812,1812,GRAAFF-REINET,12/04/1812,1812,1812,,1812,,,CRADOCK,07/11/1833,1833,ANNA MARIA WENZELINA,COETSER,TARKA,SOMERSET,BEFORE 02/11/1837,1837,,NATAL THEN TRANSORANJE,PMB,,
958,LABUSCHAGNE,LABUSCHAGNE,LABUSCHAGNE,PIETER WILLEM,Pieter Willem,b2c8d4e6,a1b2c8d4e6,LABUSCHAGNEa1b2c8d4e6,,26/06/1822,1822,,02/12/1822,1822,1822,,1822,,,PMB,1841,1841,HENDRINA,BEZUIDENHOUT,TARKA,SOMERSET,BEFORE 02/11/1837,1837,,NATAL,,,
959,LABUSCHAGNE,LABUSCHAGNE,LABUSCHAGNE,LEONARDUS PETRUS,Leonardus Petrus,b2c8d7,a1b2c8d7,LABUSCHAGNEa1b2c8d7,,02/05/1790,1790,,,1790,,,1790,,,GRAAFF-REINET,03/02/1811,1811,MACHTELD MARGARETHA,VAN DER MERWE,TARKA,SOMERSET,IF THEY MOVED CA END 1837,1837,,,,,
960,LABUSCHAGNE,LABUSCHAGNE,LABUSCHAGNE,FRANS JACOB/JOHANNES,Frans Jacob/Johannes,b2c8d8e1,a1b2c8d8e1,LABUSCHAGNEa1b2c8d8e1,,,,,09/11/1817,,1817,,1817,,,SOMERSET,03/02/1838,1838,CORNELIA JOHANNA,HATTINGH,,,BEFORE 1844,1844,,WINBURG,,,
961,LAFFNIE,LAFFNIE,LAFFNIE,DIEDERIK JOHANNES,Diederik Johannes,b1c(?),a1b1c(?),LAFFNIEa1b1c(?),,26/06/1823,1823,CRADOCK,25/07/1824,1823,1824,,1823,,,,,,ALETTA SUSANNA,JORDAAN,POSSIBLT TARKA,SOMERSET,BEFORE 1844,1844,ALETTA MOST PROBABLY LEFT IN FEBRUARY 1837 WITH PIET RETIEF BUT LAFFNIE MOST PROBABLY ONLY LEFT LATER,NATAL,,,
962,LANDMAN,LANDMAN,LANDMAN,KAREL (CAREL) PIETER,Karel (Carel) Pieter,b2c10,a1b2c10,LANDMANa1b2c10,,05/03/1796,1796,,,1796,,"UITHOEK,WASBANK, NATAL",1796,02/04/1875,1875,UITENHAGE,14/02/1817,1817,AGATHA JACOMINA,MEYER,"MELKHOUTEBOOM, OLIFANTSHOEK, ONDERBOESMANSRIVIER",UITENHAGE,END OCTOBER 1837,1837,LEADER,NATAL,,,
963,LANDMAN,LANDMAN,LANDMAN,JOHANNES ABRAHAM,Johannes Abraham,b2c10d1,a1b2c10d1,LANDMANa1b2c10d1,,12/09/1817,1817,,25/12/1817,1817,1817,"STERKSTROOM, DUNDEE",1817,23/02/1890,1890,PMB,16/04/1841,1841,SUSANNA SOPHIA MARIA,DE JAGER,ONDER-BOESMANSRIVIER,UITENHAGE,OCTOBER 1837,1837,K.P. LANDMAN,NATAL,,,
964,LANDMAN,LANDMAN,LANDMAN,IZAAK JOHANNES,Izaak Johannes,b2c10d2,a1b2c10d2,LANDMANa1b2c10d2,,12/12/1819,1819,,,1819,,,1819,,,NATAL,17/01/1841,1841,ELISABETH AGATHA,VERMAAK,ONDER-BOESMANSRIVIER,UITENHAGE WHEN HE WAS A BACHELOR,END OCTOBER 1837,1837,K.P. LANDMAN,"PMB, NATAL",,,
965,LANDMAN,LANDMAN,LANDMAN,JOHANNES ABRAHAM,Johannes Abraham,b2c1d1,a1b2c1d1,LANDMANa1b2c1d1,,,,,25/03/1798,,1798,DURBAN,1798,09/04/1879,1879,,,,HESTER SALOMINA MARIA FRANSINA,LE ROUX,POSSIBLY ONDER- BOESMANSRIVIER,UITENHAGE,OCTOBER 1837 (?),(?),POSSIBLY K.P. LANDMAN,NATAL,,,
966,LANDMAN,LANDMAN,LANDMAN,WILLEM ADOLPH,Willem Adolph,b2c1d6,a1b2c1d6,LANDMANa1b2c1d6,,05/09/1809,1809,,06/11/1809,1809,1809,,1809,,,UITENHAGE,24/05/1829,1829,MARIA JACOMINA,VERMAAK,ONDER-BOESMANSRIVIER,UITENHAGE,OCTOBER1837 (?),(?),POSSIBLY K.P. LANDMAN,NATAL,PMB,,
967,LANDMAN,LANDMAN,LANDMAN,JOHAN CAREL PIETER,Johan Carel Pieter,b2c1d7,a1b2c1d7,LANDMANa1b2c1d7,,18/05/1812,1812,GRAAFF-REINET,16/08/1812,1812,1812,,1812,,,,,,RACHEL MARIA,DU PREEZ,POSSIBLY ONDER- BOESMANSRIVIER,UITENHAGE,CA END OCTOBER 1837,1837,K.P. LANDMAN (?),NATAL,,,
968,LANDMAN,LANDMAN,LANDMAN,JOHANNES ABRAHAM,Johannes Abraham,b2c9,a1b2c9,LANDMANa1b2c9,,,,,02/02/1794,,1794,,1794,,,UITENHAGE,30/06/1822,1822,MARIA ELIZABETH,DE JAGER,"BRAKFONTEIN, ONDER-BOESMANSRIVIER",UITENHAGE,CA NOVEMBER 1836,1836,JOHANNES STEPHANUS MARITZ MIGHT HAVE JOINED P.L. UYS LATER,NATAL,,,
969,LANDSBERG,LANDSBERG,LANDSBERG,FRIEDRICH LUDWIG ERICH,Friedrich Ludwig Erich,b3,a1b3,LANDSBERGa1b3,GERMANY,04/02/1796,1796,,,1796,,"GREYTOWN, NATAL",1796,12/10/1870,1870,CAPE TOWN,13/01/1819,1819,ELIZABETH CATHARINA,DURR,,,POSSIBLY BEFORE 1845,1845,,NATAL (?),,,
970,LANDSBERG,LANDSBERG,LANDSBERG,JOHAN HEINRICH MARTHINUS,Johan Heinrich Marthinus,b3c1,a1b3c1,LANDSBERGa1b3c1,,04/08/1820,1820,LUTHERAN CHURCH,22/08/1820,1820,1820,,1820,02/10/1845,1845,CAPE TOWN,20/12/1839,1839,JOHANNA HENRIETTE WILHELMINA,MOSTERT,,CAPE TOWN(?),BEFORE NOVEMBER 1845,1845,,NATAL,,,
971,LANDSBERG,LANDSBERG,LANDSBERG,ERNST WILHELM ERICH,Ernst Wilhelm Erich,b3c2,a1b3c2,LANDSBERGa1b3c2,,13/07/1823,1823,LUTHERAN CHURCH,30/07/1823,1823,1823,"STITTIN, UMVOTI, NATAL",1823,30/09/1857,1857,PMB,17/08/1843,1843,ELIZABETH CATHARINA,UYS,,,CA 1840S,840S,,NATAL,,,
972,LAUBSCHER,LAUBSCHER,LAUBSCHER,RUDOLPH JACOBUS SR.,Rudolph Jacobus Sr.,b1c1d11e3,a1b1c1d11e3,LAUBSCHERa1b1c1d11e3,,,,,18/06/1792,,1792,,1792,,,,,,JUDITH CHRISTINA,VAN BILJON,,GRAAFF-REINET/COLESBERG,POSSIBLY IN 1835,1835,,PIETERMARITZBURG THEN POTCHEFSTROOM,COLESBERG,,
973,LAUBSCHER,LAUBSCHER,LAUBSCHER,RUDOLPH JACOBUS JR.,Rudolph Jacobus Jr.,b1c1d11e3f1,a1b1c1d11e3f1,LAUBSCHERa1b1c1d11e3f1,,14/07/1816,1816,GRAAFF-REINET,30/10/1816,1816,1816,,1816,CA 1903,1903,POTCHEFSTROOM,14/04/1852,1852,ANNA MARIA MAGDALENA CATHARINA,ENGELBRECHT,,GRAAFF-REINET/COLESBERG,POSSIBLY IN 1835,1835,KROONSTAD,,,,
974,LAUBSCHER,LAUBSCHER,LAUBSCHER,PETRUS JOHANNES,Petrus Johannes,b1c1d11e3f3,a1b1c1d11e3f3,LAUBSCHERa1b1c1d11e3f3,,01/10/1820,1820,GRAAFF-REINET,01/04/1821,1820,1821,"LEEUKRAAL, HEILBRON",1820,14/01/1914,1914,,,,SUSANNA MARIA,STEYN,,GRAAFF-REINET/COLESBERG,BEFORE MARCH 1842,1842,,POTCHEFSTROOM,,,
975,LE ROUX,LEROUX,LE ROUX,NICOLAAS CASPARUS,Nicolaas Casparus,a1b2c1d4e3,a1b2c1d4e3,LE ROUXa1b2c1d4e3,,05/06/1802,1802,,,1802,,"BLOUKRANS, NATAL",1802,17/02/1838,1838,,,,LUITJE MARIA,LOGGERENBERG,BRAKRIVIER,SOMERSET,MID SEPTEMBER 1836 IF THEY MOVED WITH GERT MARITZ,RITZ,GERT MARITZ (?),,,,
976,LE ROUX,LEROUX,LE ROUX,NICOLAAS LODEWIKUS,Nicolaas Lodewikus,a1b3c2d2e2,a1b3c2d2e2,LE ROUXa1b3c2d2e2,,09/06/1813,1813,GRAAFF-REINET,05/07/1813,1813,1813,WIT-MFOLOZI,1813,27/12/1838,1838,CRADOCK,03/11/1833,1833,ANNA JOHANNA MARIA,COETZER,TARKA,SOMERSET,CA 1838,1838,,,,,
977,LE ROUX,LEROUX,LE ROUX,ABRAHAM HERCULES,Abraham Hercules,a2b4c6d4,a2b4c6d4,LE ROUXa2b4c6d4,,16/03/1803,1803,SWELLENDAM,05/06/1803,1803,1803,WINBURG,1803,30/11/1883,1883,SWELLENDAM,12/06/1825,1825,JACOBA JACOMINA,BRUWER,"SARASRIVIER, TRADOUW",SWELLENDAM,CA 1841,1841,,WINBURG,,,
978,LE ROUX,LEROUX,LE ROUX,JACOBUS JOHANNES FREDERICUS,Jacobus Johannes Fredericus,a3b2c3d8e5,a3b2c3d8e5,LE ROUXa3b2c3d8e5,,18/02/1811,1811,SWELLENDAM,07/11/1811,1811,1811,WINBURG,1811,28/03/1853,1853,,,,ANNA CATHARINA,SMIT,TRADOUW (?),SWELLENDAM,CA 1841,1841,,WINBURG,,,
979,LEMMER,LEMMER,LEMMER,JOHANNES HERMANUS RICHART,Johannes Hermanus Richart,b1,a1b1,LEMMERa1b1,,31/12/1801,1801,SWELLENDAM,26/04/1802,1801,1802,LICHTENBURG,1801,CA 1876 (?),(?),SWELLENDAM,05/06/1826,1826,CATHARINA ELISABETH,BADENHORST,"LILLIENDAL, BREEDERIVIER",SWELLENDAM,BETWEEN OCTOBER 1838 AND OCTOBER 1841,1841,,NATAL,HOPETOWN,,
980,LEWIS,LEWIS,LEWIS,JOSEPH,Joseph,b1,a1b1,LEWISa1b1,,14/04/1820,1820,,,1820,,"MILITARY HOSPITAL, STANDERTON",1820,05/08/1908 (?),(?),POTCHEFSTROOM,26/05/1840,1840,ANNA SUSANNA CATHARINA PAULINA,BESTER,,,BEFORE MAY 1840,1840,,POTCHEFSTROOM AND RUSTENBURG THEN PRETORIA,,,
981,LIEBENBERG,LIEBENBERG,LIEBENBERG,CHRISTIAAN JACOBUS,Christiaan Jacobus,b2c2d2e2,a1b2c2d2e2,LIEBENBERGa1b2c2d2e2,,,,,30/07/1809,,1809,,1809,,,GRAAFF-REINET,06/02/1825,1825,ANNA JOHANNA PETRONELLA,CILLIERS,UITVLUGT OR NUWE HANTAM,GRAAFF-REINET/COLESBERG,EARLY 1836 (?),(?),SAREL CILLIERS AND A.H. POTGIETER (?),,,,
982,LIEBENBERG,LIEBENBERG,LIEBENBERG,BAREND JOHANNES SR.,Barend Johannes Sr.,b2c3d2,a1b2c3d2,LIEBENBERGa1b2c3d2,,,,,06/04/1788,,1788,"KWAMATHIWANE, NATAL",1788,06/02/1838,1838,GRAAFF-REINET,02/11/1806,1806,HESTER MAGDALENA,VAN DEN BERG,POSSIBLY UITVLUGT,GRAAFF-REINET,EARLY 1836,1836,A.H. POTGIETER (?),,,,
983,LIEBENBERG,LIEBENBERG,LIEBENBERG,DANIEL PETRUS,Daniel Petrus,b2c3d2e2,a1b2c3d2e2,LIEBENBERGa1b2c3d2e2,,,,,08/02/1810,,1810,KWAMATHIWANE,1810,06/02/1838,1838,,,,SUSANNA CATHARINA,BOTHA,PROBABLY BRAKRIVIER,SOMERSET,CA 1837,1837,,,,,
984,LIEBENBERG,LIEBENBERG,LIEBENBERG,NICOLAAS JACOBUS,Nicolaas Jacobus,b2c3d2e4,a1b2c3d2e4,LIEBENBERGa1b2c3d2e4,,08/05/1813,1813,GRAAFF-REINET,17/05/1813,1813,1813,,1813,,,PMB,29/06/1838,1838,HILLETJE ANNA MAGDALENA,PRETORIUS,PROBABLY UITVLUGT,GRAAFF-REINET,EALRY 1836,1836,A.H. POTGIETER,NATAL,,,
985,LIEBENBERG,LIEBENBERG,LIEBENBERG,JOHANNES PETRUS,Johannes Petrus,b2c3d2e5,a1b2c3d2e5,LIEBENBERGa1b2c3d2e5,,23/10/1814,1814,GRAAFF-REINET,15/01/1815,1814,1815,,1814,,,NATAL,14/01/1838,1838,CHRISTINA SUSANNA,VAN DER MERWE,UITVLUGT,GRAAFF-REINET (?),PROBABLY EARLY 1836,1836,A.H. POTGIETER (?),,,,
986,LIEBENBERG,LIEBENBERG,LIEBENBERG,BAREND JOHANNES JR.,Barend Johannes Jr.,b2c3d2e6,a1b2c3d2e6,LIEBENBERGa1b2c3d2e6,"UITVLUGT, GRAAFF-REINET",01/12/1817,1817,GRAAFF-REINET,15/02/1818,1817,1818,"PLAAS KAFFERSPAN, POTCHEFSTROOM",1817,30/01/1875,1875,,29/06/1838,1838,CHRISTINA,BROODRYK,POSSIBLY UITVLUGT,GRAAFF-REINET,EARLY 1836,1836,NATAL THEN TRANSORANJE,,,,
987,LIEBENBERG,LIEBENBERG,LIEBENBERG,PHILIPPUS JACOBUS,Philippus Jacobus,b2c3d2e8,a1b2c3d2e8,LIEBENBERGa1b2c3d2e8,,24/03/1822,1822,GRAAFF-REINET,12/09/1822,1822,1822,,1822,,,,,,,,UITVLUGT,GRAAFF-REINET (?),,,PROBABLY A.H. POTGIETER,,,,
988,LIEBENBERG,LIEBENBERG,LIEBENBERG,BAREND GODLIEB,Barend Godlieb,b2c4,a1b2c4,LIEBENBERGa1b2c4,,,,,07/02/1766,,1766,"LIEBENBERGKOPPIE, VRYSTAAT",1766,23/08/1836,1836,GRAAFF-REINET,28/10/1787,1787,MARIA PETRONELLA,VAN JAARSVELD,ONDER-SEEKOEIRIVIER OR UITVLUGT,GRAAFF-REINET,CA EARLY 1836,1836,POSSIBLY A.H. POTGIETER,,,,
989,LIEBENBERG,LIEBENBERG,LIEBENBERG,HENDRIK FREDERIK,Hendrik Frederik,b2c4d11,a1b2c4d11,LIEBENBERGa1b2c4d11,,,,,02/10/1809,,1809,"LIEBENBERGKOPPIE, VRYSTAAT",1809,23/08/1836,1836,,,,MARTHA ELIZABETH JOHANNA,STRAUSS,POSSIBLY ONDER-SEEKOEIRIVIER OR UITVLUGT,GRAAFF-REINET,EARLY 1836,1836,SAREL CILLIERS AND/OR A.H. POTGIETER,,,,
990,LIEBENBERG,LIEBENBERG,LIEBENBERG,CHRISTIAAN JACOBUS,Christiaan Jacobus,b2c4d4,a1b2c4d4,LIEBENBERGa1b2c4d4,,,,,21/02/1796,,1796,,1796,,,GRAAFF-REINET,07/12/1817,1817,FRANCINA MARIA JOHANNA,KOTZE,PROBABLY NUWE HANTAM,GRAAFF-REINET/COLESBERG,EARLY 1836,836,SAREL CILLIERS AND A.H. POTGIETER,,GRAAFF-REINET,,
991,LIEBENBERG,LIEBENBERG,LIEBENBERG,BAREND GODLIEB,Barend Godlieb,b2c4d4e1,a1b2c4d4e1,LIEBENBERGa1b2c4d4e1,,25/08/1818,1818,GRAAFF-REINET,17/01/1819,1818,1819,,1818,,,,,,,,POSSIBLY NUWE HANTAM,GRAAFF-REINET/COLESBERG,EALRY 1836,1836,SAREL CILLIERS AND A.H. POTGIETER,,,,
992,LIEBENBERG,LIEBENBERG,LIEBENBERG,STEPHANUS RUDOLPH,Stephanus Rudolph,b2c4d8,a1b2c4d8,LIEBENBERGa1b2c4d8,,,,,30/09/1803,,1803,"LIEBENBERGKOPPIE, VRYSTAAT",1803,23/08/1836,1836,GRAAFF-REINET,02/10/1826,1826,HESTER SOPHIA,PIENAAR,NUWE HANTAM,GRAAFF-REINET/COLESBERG,EALRY 1836,1836,SAREL CILLIERS AND A.H. POTGIETER,,,,
993,LINDE,LINDE,LINDE,GEORG FREDERIK,Georg Frederik,b5c8,a1b5c8,LINDEa1b5c8,,05/10/1804,1804,SWELLENDAM,23/12/1804,1804,1804,"SCHANSKRAAL, BRANDFORT",1804,21/07/1877,1877,SWELLENDAM,13/08/1830,1830,MARIA CHRISTINA FRANCINA,STEYN,"DE APPELSKRAAL, ONDER-RIVIERSONDEREND",SWELLENDAM AND AROUND 1840 COLESBERG,CA 1843,1843,,"TRANSORANJE, BRANDFORT",,,
994,LINDEQUE,LINDEQUE,LINDEQUE,GERRIT JOHANNES SR.,Gerrit Johannes Sr.,b2c10,a1b2c10,LINDEQUEa1b2c10,,,,,31/10/1779,,1779,,1779,,,,16/06/1801,1801,ANNA CATHARINA,VILJOEN,WINTERHOEK,UITENHAGE,BEFORE 1838,1838,P.L. UYS (?),VAALRIVIER,,,
995,LINDEQUE,LINDEQUE,LINDEQUE,PETRUS,Petrus,b2c10d1,a1b2c10d1,LINDEQUEa1b2c10d1,,,,,,,,,,,,,,,MARTHA MARIA,DU PREEZ,WINTERHOEK,UITENHAGE,BEFORE OCTOBER 1838,1838,P.L. UYS (?),VAALRIVIER,,,
996,LINDEQUE,LINDEQUE,LINDEQUE,GERRIT JOHANNES jR.,Gerrit Johannes Jr.,b2c10d4,a1b2c10d4,LINDEQUEa1b2c10d4,,14/01/1810,1810,GRAAFF-REINET,23/04/1811,1810,1811,,1810,,,GRAAFF-REINET,21/09/1834,1834,MARIA FRANCINA,KOTZE/COETZEE (?),WINTERHOEK,UITENHAGE,BEFORE 1838,1838,P.L. UYS (?),VAALRIVIER,,,
997,LOMBARD,LOMBARD,LOMBARD,ANDRIES LOUIS SR.,Andries Louis Sr.,b1c3d6,a1b1c3d6,LOMBARDa1b1c3d6,,,,,12/03/1775,,1775,,1775,,,,23/09/1798,1798,CORNELIA,DE WEGE,"JANWILLEMSFONTEIN, GAMKA",BEAUFORT,BEFORE 28/09/1837 AND IF THEY MOVED WITH JACOB DE KLERK THEN JULY 1837,1837,JACOD DE KLERK (?),"POSSIBLY BOSHOF, OVS",,,
998,LOMBARD,LOMBARD,LOMBARD,JOHANNES (JAN) ANTHONIE,Johannes (Jan) Anthonie,b1c3d6e2,a1b1c3d6e2,LOMBARDa1b1c3d6e2,,,,,08/03/1801,,1801,"GROOTFONTEIN, BLOEMFONTEIN",1801,25/06/1864,1864,,,,ENGELA ANNA JOHANNA,BOTES,"JANWILLEMSFONTEIN, GAMKA",BEAUFORT,BEFORE 28/09/1837,1837,JACOB DE KLERK (?),TRANSORANJE,,,
999,LOMBARD,LOMBARD,LOMBARD,ANDRIES LOUIS JR.,Andries Louis Jr.,b1c3d6e7,a1b1c3d6e7,LOMBARDa1b1c3d6e7,KANGO,30/08/1810,1810,SWELLENDAM,18/11/1810,1810,1810,"KOPFONTEIN, BOSHOF",1810,30/05/1858,1858,BEAUFORT,17/06/1838,1838,SUSANNA MAGDALENA,ESTERHUYSE/ ESTERHUIZE,"JANWILLEMSFONTEIN, GAMKA",BEAUFORT,28/09/1837 (?),(?),,,OVS,,
1000,LOMBARD,LOMBARD,LOMBARD,HERMANUS STEPHANUS,Hermanus Stephanus,b3c3d6e6,a1b3c3d6e6,LOMBARDa1b3c3d6e6,,BETWEEN 1798 AND 1804,1804,,,1804,,,1804,,,CRADOCK,16/03/1821,1821,CATHARINA LEVINA,VAN AARDT,"POSSIBLY SMOORDRIFT, OOS-RIETRIVIER",SOMERSET,MAY/ JUNE 1838,1838,HE WAS POSSIBLY THE LEADER,NATA; THEN TRANSVAAL,,,
1001,LOMBARD,LOMBARD,LOMBARD,BAREND JACOBUS,Barend Jacobus,b3c3d7e10,a1b3c3d7e10,LOMBARDa1b3c3d7e10,,20/10/1803,1803,GRAAFF-REINET,04/11/1804,1803,1804,,1803,,,,,,GEERTRUIDA MARIA PETRONELLA,JONKER,TARKA,SOMERSET,CA MID 1837,1837,J.H. DE LANGE(?),,,,
1002,LOMBARD,LOMBARD,LOMBARD,HERMANUS ANTHONIE SR.,Hermanus Anthonie Sr.,b3c3d7e3,a1b3c3d7e3,LOMBARDa1b3c3d7e3,,,,,11/10/1789,,1789,,1789,,,GRAAFF-REINET,15/01/1815,1815,GESINA DOROTHEA,DE LANGE,"JAGERSFONTEIN, VISRIVER",ALBANY,SECOND HALF 1837,1837,J.H. DE LANGE(?),NATAL,,,
1003,LOMBARD,LOMBARD,LOMBARD,HERMANUS ANTHONIE JR.,Hermanus Anthonie Jr.,b3c3d7e3f5,a1b3c3d7e3f5,LOMBARDa1b3c3d7e3f5,ALBANY,20/03/1822,1822,UITENHAGE,18/12/1822,1822,1822,"RUSTVERWACHT, UTRECHT, NATAL",1822,01/07/1913,1913,,,,ALETTA JOHANNA ELIZABETH,NEL,VISRIVIER (?),ALBANY,SECOND HALF 1837,1837,J.H. DE LANGE(?),NATAL,,,
1004,LöTTER,LöTTER,LöTTER,WILLEM GODFRIED,Willem Godfried,b7c6,a1b7c6,LöTTERa1b7c6,,,,,26/07/1778,,1778,"ZEEKOEGAT, PMB",1778,CA 1841,1841,CAPE TOWN,09/05/1802,1802,ELIZABETH LORETTA,ERASMUS,"BOTHMASGAT, BAVIAANSRIVIER",SOMERSET,CA APRIL 1838,1838,,,GRAAFF-REINET,,
1005,LöTTER,LöTTER,LöTTER,CHRISTOFFEL PETRUS FRANCOIS,Christoffel Petrus Francois,b7c6d2,a1b7c6d2,LöTTERa1b7c6d2,,,,,04/11/1804,,1804,,1804,CA 1874,1874,UITENHAGE,05/07/1824,1824,ISABELLA MARGARETHA,NEL,BAVIAANSRIVIER,SOMERSET,BEOFRE 01/03/1838 AND POSSIBLY IN THE FIRST HALF OF 1837,1837,,,,,
1006,LöTTER,LöTTER,LöTTER,JACOB,Jacob,b7c6d4,a1b7c6d4,LöTTERa1b7c6d4,,,,,23/10/1808,,1808,"KROMRIVIER, PIET RETIEF, NATAL",1808,01/06/1887,1887,SOMERSET,04/07/1831,1831,MARTHA LOUISA,PRINSLOO,"BOTHMASGAT, BAVIAANSRIVIER",SOMERSET,BEFORE 20/06/1837 AND IF THEY MOVED WITH PIET RETIEF THEN FEBRUARY 1837,1837,POSSIBLY PIET RETIEF BUT ALSO LOOK UNDER W.G. LOTTER,NATAL THEN OHRIGSTAD,,,
1007,LöTTER,LöTTER,LöTTER,WILLEM MATTHEUS JOHANNES,Willem Mattheus Johannes,b7c6d6,a1b7c6d6,LöTTERa1b7c6d6,BRUINTJIESHOOGTE,20/02/1812,1812,GRAAFF-REINET,03/05/1812,1812,1812,"HEUNINGVLEI, WAKKERSTROOM",1812,29/08/1872,1872,,,,ELSJE MARIA ELIZABETH,PRINSLOO,"BOTHMASGAT, BAVIAANSRIVIER",SOMERSET,ACCORDING TO OFFICAIL LIST BEFORE 20/06/1837 BUT COULD HAVE BEEN LATER IF THEY MOVED WITH OPPERMAN,RMAN,PIET RETIEF OR OPPERMAN,OHRIGSTAD,NATAL,,
1008,LOTTERING,LOTTERING,LOTTERING,PETRUS CORNELIS,Petrus Cornelis,b6c4,a1b6c4,LOTTERINGa1b6c4,,06/07/1805,1805,GRAAFF-REINET,03/11/1807,1805,1807,,1805,,,BEAUFORT- WEST,04/09/1825,1825,MARIA JOHANNA,BEZUIDENHOUT,BRAKRIVIER,SOMERSET,BEFORE SEPTEMBER 1837,1837,,TRANSORANJE THEN BACK TO CAPE COLONY AROUND RICHMOND,SOMERSET,,
1009,LOTTERING/LOTRIER,LOTTERING/LOTRIER,LOTTERING/LOTRIER,CATHARINA HENDRINA ENGELA,Catharina Hendrina Engela,a2b1c1,a2b1c1,LOTTERING/LOTRIERa2b1c1,,,,TULBAGH,04/11/1799,,1799,,1799,,,GRAAFF-REINET,16/03/1817,1817,JOACHIM JOHANNES,PRINSLOO,,SOMERSET (?),,,,OHRIGSTAD,,,
1010,LUBBE,LUBBE,LUBBE,PAULUS WILHELMUS,Paulus Wilhelmus,b12c2d4e4,a1b12c2d4e4,LUBBEa1b12c2d4e4,,,,,01/03/1795,,1795,,1795,,,TULBAGH,07/08/1813,1813,JOHANNA MARIA,MOUTON,BO-OLIFANTSRIVIER,CLANWILLIAM,PROBABLY 1838,1838,ARIE Z. VISAGIE (?),,,,
1011,LUBBE,LUBBE,LUBBE,CAREL JOHANNES,Carel Johannes,b12c3d10e4,a1b12c3d10e4,LUBBEa1b12c3d10e4,,01/10/1818,1818,GRAAFF-REINET,06/12/1818,1818,1818,,1818,,,CRADOCK,01/05/1836,1836,ELSJE SOPHIA,JANSEN,"TWEEFONTEIN, OP-SNEEUBERG",GRAAFF-REINET,1838,1838,PROBABLY A.W.J. PRETORIUS,WINBURG,,,
1012,LUBBE,LUBBE,LUBBE,JAN LODEWYK,Jan Lodewyk,b3c10d5,a1b3c10d5,LUBBEa1b3c10d5,,,,,09/12/1797,,1797,KROONSTAD,1797,02/03/1867,1867,TULBAGH,06/04/1816,1816,MARGARETHA MAGDALENA ELIZABETH,DE KOKER,BRAKRIVIER,SOMERSET AND BEFORE THAT IN BEAUFORT,POSSIBLY IN 1835,1835,,,,,
1013,LUDICK,LUDICK,LUDICK,WILLEM JOACHIM,Willem Joachim,b1c9,a1b1c9,LUDICKa1b1c9,,08/10/1821,1821,TULBAGH,25/11/1821,1821,1821,,1821,,,BEAUFORT,09/09/1838,1838,CHRISTINA JOHANNA,OTTO,,GRAAFF-REINET OR COLESBERG,CA 1843,1843,FAMILY TREK (?),WINBURG THEN POTCHEFSTROOM,,,
1014,LUDICK,LUDICK,LUDICK,JEREMIAS CORNELIS JACOBUS,Jeremias Cornelis Jacobus,b8c4,a1b8c4,LUDICKa1b8c4,,26/06/1820,1820,BEAUFORT,04/03/1821,1820,1821,,1820,,,,,,JOHANNA CATHARINA MARIA,BURGER,,BEAUFORT,CA 1844,1844,FAMILY TREK,WINBURG THEN POTCHEFSTROOM,,,
1015,LUUZ,LUUZ,LUUZ,DIEDERIK DANIEL,Diederik Daniel,b4,a1b4,LUUZa1b4,,23/09/1809,1809,SWELLENDAM,12/11/1809,1809,1809,,1809,,,,,,JACOBA DOROTHEA,DU PREEZ,PROBABLY BRAKRIVIER,SOMERSET,BEFORE APRIL 1842,1842,FAMILTY TREK,TRANSORANJE,UITENHAGE,,
1016,LUUZ,LUUZ,LUUZ,GERHARDUS (GERRIT),Gerhardus (Gerrit),b5,a1b5,LUUZa1b5,CAPE COLONY,CA 1813,1813,,,1813,,"MIDDELBURG, TRANSVAAL",1813,,,UITENHAGE,23/12/1834,1834,SARA JACOBA JOHANNA,VERMAAK,BRAKRIVIER,CRADOCK,BETWEEN JUNE 1841 AND JANUARY 1842,1842,FAMILY TREK,TRANSORANJE,,,
1017,LUUZ,LUUZ,LUUZ,ALBERTUS JOHANNES,Albertus Johannes,b6,a1b6,LUUZa1b6,,15/04/1815,1815,GEORGE,18/06/1815,1815,1815,,1815,,,UITENHAGE,24/04/1836,1836,ANNA MARIA ELIZABETH,CRAUSE,,CRADOCK,BETWEEN JUNE 1841 AND APRIL 1842,1842,FAMILTY TREK,WINBURG,UITENHAGE,,
1018,LUUZ,LUUZ,LUUZ,JACOBUS HENDRIK FREDERIK,Jacobus Hendrik Frederik,b9,a1b9,LUUZa1b9,,31/05/1823,1823,GEORGE,08/06/1823,1823,1823,WINBURG,1823,01/04/1875,1875,,,,ANNA MARIA ELIZABETH,VAN ROOYEN,,CRADOCK (?),BEFORE APRIL 1842,1842,TRANSORANJE,FAMILY TREK,,,
1019,MAARTENS,MAARTENS,MAARTENS,JAN THOMAS,Jan Thomas,a6b1c6,a6b1c6,MAARTENSa6b1c6,,,,,28/9/1800,,1800,NATAL,1800,20/2/1877,1877,GRAAFF-REINET,7/7/1823,1823,ANNA MARIA ISABELLA,COETZEE,AGTER-SNEEUBERG,SOMERSET,BETWEEN MAY 1838 AND APRIL 1841,1841,,,,,
1020,MAARTENS,MAARTENS,MAARTENS,HENDRIK JACOBUS,Hendrik Jacobus,a6b1c7,a6b1c7,MAARTENSa6b1c7,,,,,7/3/1802,,1802,,1802,,,GRAAFF-REINET,9/2/1832,1832,ELIZABETH MARIA,ROOS,,GRAAF-REINET,,,,,,,
1021,MALAN,MALAN,MALAN,J.S.(JOHANNES STEPHANUS),J.S.(Johannes Stephanus),b6c4d1e3(?),a1b6c4d1e3(?),MALANa1b6c4d1e3(?),,,,,23/2/1794,,1794,,1794,,,,,,SUSANNA DOROTHEA,STEMMET,,,,,,,,,
1022,MALAN,MALAN,MALAN,JACOBUS SR,Jacobus Sr,b6c5d7,a1b6c5d7,MALANa1b6c5d7,,,,,7/10/1787,,1787,"ITALENI,NATAL",1787,11/4/1838,1838,,1817,1817,MARIA MARGERAETHA,SWART,"MALAANGSKRAAL,OOS-RIETRIVIER",SOMERSET,AUGUST 1836,1836,H.P.MALAN,,SOMERSET-OOS,,
1023,MALAN,MALAN,MALAN,DAVID EDUARD (JACOUS SEUN),David Eduard (Jacous Seun),b6c5d7e2,a1b6c5d7e2,MALANa1b6c5d7e2,,20/2/1816,1816,,,1816,,"ITALENI,NATAL",1816,11/4/1838,1838,,,,,,"MALAANGSKRAAL,OOS-RIETRIVIER",SOMERSET,AUGUST 1836,1836,H.P.MALAN,,,,
1024,MALAN,MALAN,MALAN,DANIËL JACOBUS JOHANNES (JACOBUS SEUN),Daniël Jacobus Johannes (Jacobus Seun),b6c5d7e4,a1b6c5d7e4,MALANa1b6c5d7e4,,23/11/1821,1821,,,1821,,,1821,,,NATAL,5/5/1845,1845,CATHARINA JOHANNA,HATTINGH,"MALAANGSKRAAL,OOS-RIETRIVIER",SOMERSET,AROUND AUGUST 1836,1836,H.P.MALAN,NATAL,,,
1025,MALAN,MALAN,MALAN,HERCULES PHILIPPUS,Hercules Philippus,b6c5d9,a1b6c5d9,MALANa1b6c5d9,,,,,28/10/1792,,1792,KWAMATHIWANE,1792,6/2/1838,1838,,,,ANNA MARIA,BREED,WINTERBERG,,AUGUST 1836,1836,LEADER OF HIS OWN TREK,,,,
1026,MALAN,MALAN,MALAN,DAVID DANIËL,David Daniël,b6c5d9e1,a1b6c5d9e1,MALANa1b6c5d9e1,,20/3/1816,1816,,,1816,,,1816,1900,1900,,,,ANNA CORNELIA,VILJOEN,WINTERBERG,,AUGUST 1836,1836,H.P.MALAN,,,,
1027,MALAN,MALAN,MALAN,JOHANNES AUGUSTINUS(H.P. SEUN),Johannes Augustinus(H.P. Seun),b6c5d9e2,a1b6c5d9e2,MALANa1b6c5d9e2,,14/6/1817,1817,,,1817,,"ITALENI,NATAL",1817,11/4/1838,1838,,,,,,WINTERBERG,ALBANY,AUGUST 1836,1836,,,,,
1028,MALAN,MALAN,MALAN,HERCULES PHILIPPUS JR,Hercules Philippus Jr,b6c5d9e3,a1b6c5d9e3,MALANa1b6c5d9e3,,12/11/1821,1821,,,1821,,,1821,,,CRADOCK,20/3/1842,1842,ANNA MARIA ELIZABETH,DU PLESSIS,WINTERBERG,ALBANY,AUGUST 1836,1836,H.P.MALAN,,,,
1029,MALAN,MALAN,MALAN,JACOB JACOBUS (H.P. SEUN),Jacob Jacobus (H.P. Seun),b6c5d9e4,a1b6c5d9e4,MALANa1b6c5d9e4,,16/1/1820,1820,,,1820,,,1820,2019/01/1917,1917,PMB,2/11/1839,1839,MARIA ELIZABETH,SCHUTTE,WINTERBERG,ALBANY,AUGUST 1836,1836,H.P.MALAN,NATAL,,,
1030,MALAN,MALAN,MALAN,DANIËL,Daniël,b6c9d9,a1b6c9d9,MALANa1b6c9d9,"NOORDHOEK, CAPE DISTRICT",13/6/1799,1799,CAPE TOWN,15/9/1799,1799,1799,"BRANDBACH,CULLINAN",1799,5/12/1828,1828,,17/8/1828,1828,MAGARETHA JOHANNA SUSANNA,VAN NIEKERK,BO-DUIVENHOKSRIVIER,SWELLENDAM,EARLY 1839,1839,,,,,
1031,MARAIS,MARAIS,MARAIS,ABRAHAM PETRUS,Abraham Petrus,a1b2c11d3e1f5,a1b2c11d3e1f5,MARAISa1b2c11d3e1f5,,,,,13/11/1814,,1814,,1814,,,SWELLENDAM,14/10/1832,1832,JOHANNA SUSANNA,LE ROUX,"VOOR-KOGMANSKLOOF,HOOPSRIVIER",SWELLENDAM,BY 11/7/1825 (?),(?),,,,,
1032,MARAIS,MARAIS,MARAIS,DANIËL PETRUS,Daniël Petrus,a1b2c2d1e4f2,a1b2c2d1e4f2,MARAISa1b2c2d1e4f2,,,,,31/1/1791,,1791,,1791,,,,,,,,ONDER-BOESMANRIVIER,UITENHAGE,AROUND NOVEMBER 1836,1836,PROBABLY JOHANNES STEPHANUS MARITZ,,,,
1033,MARAIS,MARAIS,MARAIS,BAREND GABRIËL,Barend Gabriël,a1b2c4d1e1f3g5,a1b2c4d1e1f3g5,MARAISa1b2c4d1e1f3g5,,17/3/1825,1825,UITENHAGE,4/7/1825,1825,1825,"KLIPRIVIVIER,NATAL",1825,28/8/1897,1897,PMB,4/5/1847,1847,SUSANNA CATHARINA,MOOLMAN,"JAMMERSFONTEIN,ONDER-BOESMANSRIVIER",UITENHAGE,AROUND NOVEMBER 1836,1836,PROBABLY JOHANNES STEPHANUS MARITZ,,,,
1034,MARAIS,MARAIS,MARAIS,MARIA PETRONELLA (WEDUWEE JESIAS ESTERHUIZEN),Maria Petronella (Weduwee Jesias Esterhuizen),a2b4,a2b4,MARAISa2b4,,,,,20/6/1773,,1773,,1773,,,,12/7/1795,1795,JESIAS,ESTERHUIZEN,NUWEVELD,BEAUFORT,MIDDLE OF 1838(?),8(?),,,,,
1035,MARAIS,MARAIS,MARAIS,SAREL JOHANNES LODEWIKUS,Sarel Johannes Lodewikus,a2b6c1,a2b6c1,MARAISa2b6c1,,,,,8/7/1798,,1798,,1798,,,GRAAFF-REINET,16/3/1817,1817,lOuisa johanna maria,MARAIS,NUWEVELD,BEAUFORT,SECOND HALF OF 1838,1838,,,,,
1036,MARAIS,MARAIS,MARAIS,GERHARDUS PETRUS,Gerhardus Petrus,a2b7,a2b7,MARAISa2b7,,1/9/1779,1779,,11/6/1780,1779,1780,,1779,,,,12/1/1800,1800,MARIA ADRIANA,VERMEULEN,NUWEVELD,BEAUFORT,APRIL/MAY 1838,1838,P.D. JACOBS AND G.P. MARAIS,,,,
1037,MARAIS,MARAIS,MARAIS,CHARL (SAREL) JOHANNES,Charl (Sarel) Johannes,a2b7c3,a2b7c3,MARAISa2b7c3,,29/4/1817,1817,GRAAFF-REINET,26/12/1814,1817,1814,,1817,,,BEAUFORT,30/3/1834,1834,HERMINA CHRISTINA MARIA ISABELLA,SMIT,NUWEVELD,BEAUFORT,APRIL/MAY 1838,1838,"P.D. JACOBS,C.J. MARAIS AND GERHARDUS PETRUS",,,,
1038,MARAIS,MARAIS,MARAIS,JAN GABRIËL,Jan Gabriël,a2b7c4,a2b7c4,MARAISa2b7c4,,8/2/1817,1817,GRAAFF-REINET,7/4/1817,1817,1817,"DIEPKLOOF,HELDEBERG",1817,2/3/1900,1900,BEAUFORT,11/3/1838,1838,CORNELIA JACOBA,SMIT,NUWEVELD,BEAUFORT,APRIL/MAY 1839,1839,PROBABLY P.D. JACOBS,,,,
1039,MARAIS,MARAIS,MARAIS,DAVID JACOBUS,David Jacobus,b2c2d6e5f2,a1b2c2d6e5f2,MARAISa1b2c2d6e5f2,,,,,3/11/1799,,1799,,1799,,,BEAUFORT,7/5/1820,1820,SUSANNA MARIA,PIETERSEN,BRAKRIVIER,SOMERSET,BEFORE APRIL 1842,1842,,TRANSORANJE,BEAUFORT,,
1040,MARAIS,MARAIS,MARAIS,MATTHYS HENDRIK,Matthys Hendrik,b2c4d1e3f3,a1b2c4d1e3f3,MARAISa1b2c4d1e3f3,,5/10/1790,1790,,15/51791,1790,1791,WAKKERSTROOM,1790,25/2/1864,1864,GEORGE,12/11/1815,1815,MAGDELENA PETRONELLA,MEYER,"JAMMERSFONTEIN,ONDER-BOESMANSRIVIER",UITENHAGE,AROUND NOVEMBER 1836,1836,PROBABLY WITH J.S.MARITZ,,,,
1041,MARAIS,MARAIS,MARAIS,JOHANNES LODEWYK,Johannes Lodewyk,b2c4d1e3f3g1,a1b2c4d1e3f3g1,MARAISa1b2c4d1e3f3g1,,21/9/1816,1816,GRAAFF-REINET,15/2/1817,1816,1817,,1816,1877,1877,,,,ANNA MARGERETHA ALETTA,MEYER,"JAMMERSFONTEIN,ONDER-BOESMANSRIVIER",UITENHAGE,AROUND NOVEMBER 1836,1836,PROBABLY JOHANNES STEPHANUS MARITZ,,,,
1042,MARAIS,MARAIS,MARAIS,MATTHYS HENDRIK JR,Matthys Hendrik Jr,b2c4d1e3f3g4,a1b2c4d1e3f3g4,MARAISa1b2c4d1e3f3g4,,26/6/1822,1822,UITENHAGE,12/1/1823,1822,1823,NATAL,1822,9/6/1842,1842,,12/6/1841,1841,CICILIA JOHANNA,MEYER,"JAMMERSFONTEIN,ONDER-BOESMANSRIVIER",UITENHAGE,AROUND NOVEMBER 1836,1836,PROBABLY WITH J.S.MARITZ,,,,
1043,MARÉ,MARÉ,MARÉ,GABRIËL STEPHANUS,Gabriël Stephanus,b10c4d3,a1b10c4d3,MARÉa1b10c4d3,FRANSCHHOEK,26/12/1789,1789,,10/1/1790,1789,1790,LYDENBURG,1789,25/3/1852,1852,TULBAGH,7/5/1814,1814,ANNA MARGERETHA,DU PLESSIS,NUWEVELD,BEAUFORT,JULY 1837(?),7(?),JACOB DE KLERK(?),,,,
1044,MARÉ,MARÉ,MARÉ,JACOB PHILLIPPUS,Jacob Phillippus,b10c4d3e4,a1b10c4d3e4,MARÉa1b10c4d3e4,"NUWEVELD,BEAUFORT",27/1/1823,1823,BEAUFORT,26/2/1823,1823,1823,"MIDDELBURG, TRANSVAAL",1823,11/2/1900,1900,,18/9/1854,1854,HELENA JOHANNA,STRYDOM,NUWEVELD,BEAUFORT,JULY 1837(?),7(?),JACOB DE KLERK(?),ROODEPORT(?),,,
1045,MARÉ,MARÉ,MARÉ,PAULUS,Paulus,b10c7,a1b10c7,MARÉa1b10c7,STELLENBOSCH,7/7/1769,1769,,13/8/1769,1769,1769,LIEBENBERGSVLEI,1769,1838,1838,,13/6/1790,1790,SUSANNA ELIZABETH,FOURIE,COEGA,UITENHAGE,1838,1838,,,,,
1046,MARÉ,MARÉ,MARÉ,JOHANNES STEPHANUS (ALBERTUS),Johannes Stephanus (Albertus),b10c7d11,a1b10c7d11,MARÉa1b10c7d11,,13/12/1807,1807,,,1807,,PMB,1807,7/11/1863,1863,UITENHAGE,7/5/1832,1832,SARAH JOHANNA ADRIANA,KOK,COEGA,UITENHAGE,BEFORE 1850,1850,,,,,
1047,MARÉ,MARÉ,MARÉ,JACOB PHILLIP,Jacob Phillip,b10c7d15,a1b10c7d15,MARÉa1b10c7d15,,27/8/1817,1817,UITENHAGE,5/12/1817,1817,1817,,1817,,,PMB,23/9/1839,1839,MARIA CATHERINA,SMIT,(?)ONDER-BOESMANRIVIER,UITENHAGE,(?) NOVEMBER 1836,1836,J.S. MARITZ(?),,,,
1048,MARÉ,MARÉ,MARÉ,FRIEDRIK KORSTEN,Friedrik Korsten,b10c7d20,a1b10c7d20,MARÉa1b10c7d20,UITENHAGE,27/11/1821,1821,UITENHAGE,25/12/1821,1821,1821,HEIDELBERG,1821,5/1/1895,1895,PMB,8/9/1845,1845,JOHANNA JOSINA HELENA,VAN NIEKERK,COEGA(?),UITENHAGE(?),1838,1838,,,,,
1049,MARÉ,MARÉ,MARÉ,DIETLOF SIEGFRIED VON SCHÖNFELD,Dietlof Siegfried Von Schönfeld,b10c7d21,a1b10c7d21,MARÉa1b10c7d21,,27/5/1824,1824,UITENHAGE,26/6/1824,1824,1824,PIETERSBURG,1824,27/6/1890,1890,PMB,23/2/1848,1848,JOHANNA (HANNIE) ELIZABETH,KRUGER,COEGA,UITENHAGE,1838,1838,,,MARABASTAD,,
1050,MARE,MARE,MARE,WYNAND WILHELMUS,Wynand Wilhelmus,b10c7d7,a1b10c7d7,MAREa1b10c7d7,,13/31/1801,1801,TULBAGH,1/4/1801,1801,1801,,1801,,,UITENHAGE,7/1/1821,1821,CORNELIA ALETTA JANSE,VAN RENSBURG,ONDER-BOESMANRIVIER,UITENHAGE,BETWEEN 3/8/1836 AND 19/3/1837,1837,PROBABLY JOHANNES STEPHANUS MARITZ,,,,
1051,MARÉ/MAREE,MARÉ/MAREE,MARÉ/MAREE,PETRUS JACOBUS,Petrus Jacobus,b1c4e3d7,a1b1c4e3d7,MARÉ/MAREEa1b1c4e3d7,,,,,,,,,,,,CALEDON,3/4/1825,1825,SUSANNA MARIA,WESSELS,CALEDON(?),SWELLENDAM,,,,,,,
1052,MARITZ,MARITZ,MARITZ,JOHANNES STEPHANUS,Johannes Stephanus,b1c8d1,a1b1c8d1,MARITZa1b1c8d1,,,,,,,,"VRISGEWAAGD,WEENEN",,4/11/1857,1857,GRAAFF-REINET,27/3/1815,1815,MAGDELENA SALOMINA,DU PREEZ,ONDER-BOESMANRIVIER,UITENHAGE,NOVEMBER 1836,1836,LEADER,,,,
1053,MARITZ,MARITZ,MARITZ,SALOMON GERHARDUS,Salomon Gerhardus,b1c8d1e3,a1b1c8d1e3,MARITZa1b1c8d1e3,,29/5/1821,1821,UITENHAGE,2/10/1821,1821,1821,,1821,,,,,,ISABELLA ELISABETH,BESTER,(?)ONDER-BOESMANRIVIER,UITENHAGE,NOVEMBER 1836,1836,J.S. MARITZ,,,,
1054,MARITZ,MARITZ,MARITZ,JOHANNES STEPHANUS JR,Johannes Stephanus Jr,b1c8d1e5,a1b1c8d1e5,MARITZa1b1c8d1e5,,23/7/1826,1826,UITENHAGE,13/8/1826,1826,1826,WEENEN,1826,27/11/1863,1863,PMB,10/2/1848,1848,SUSANNA CARITZ,MARITZ,ONDER-BOESMANRIVIER,UITENHAGE,NOVEMBER 1836,1836,J.S. MARITZ,,NATAL,,
1055,MARITZ,MARITZ,MARITZ,GERHARDUS MARTHINUS,Gerhardus Marthinus,b1c8d2,a1b1c8d2,MARITZa1b1c8d2,,MARCH 1797,1797,CAPE TOWN,24/6/1798,1797,1798,"KLEIN-THUKELA,NATAL",1797,23/9/1838,1838,GRAAFF-REINET,14/5/1820,1820,ANGENITHA MARIA,OLIVIER,GRAAFF-REINET,,AROUND MIDDLE SEPTEMBER 1839,1839,LEADER,,,,
1056,MARITZ,MARITZ,MARITZ,SALOMON STEPHANUS,Salomon Stephanus,b1c8d2e1,a1b1c8d2e1,MARITZa1b1c8d2e1,,22/11/1821,1821,GRAAFF-REINET,10/2/1822,1821,1822,NATAL,1821,9/3/1895,1895,PMB,17/5/1839,1839,HILLETJIE LEVINA HELENA,BESTER,GRAAFF-REINET,,MIDDLE SEPTEMBER 1836,1836,GERT M. MARITZ,,,,
1057,MARITZ,MARITZ,MARITZ,CORNELIS JOHANNES FRANCOIS,Cornelis Johannes Francois,b1c8d2e2,a1b1c8d2e2,MARITZa1b1c8d2e2,,1/4/1823,1823,GRAAFF-REINET,4/5/1823,1823,1823,,1823,16/1/1906,1906,,JANUARY 1845,1845,SUSANNA SOPHIA,MEYER,GRAAFF-REINET,,AROUND MIDDLE SEPTEMBER 1836,1836,GERT M. MARITZ,,,,
1058,MARITZ,MARITZ,MARITZ,GERHARDUS JACOBUS,Gerhardus Jacobus,b1c8d2e4,a1b1c8d2e4,MARITZa1b1c8d2e4,,22/10/1825,1825,GRAAFF-REINET,20/11/1825,1825,1825,,1825,,,PMB,7/4/1845,1845,THEUNISINA CHRISTINA,BESTER,GRAAFF-REINET,,AROUND MIDDLE SEPTEMBER 1838,1838,GERT M. MARITZ,,,,
1059,MARITZ,MARITZ,MARITZ,SALOMON,Salomon,b1c8d5,a1b1c8d5,MARITZa1b1c8d5,,,,STELLENBOSCH,27/5/1805,,1805,,1805,,,,14/9/1823,1823,MAGDELENA PETRONELLA CATHERINA STOFFELINA,SCHEEPERS,ONDER-BOESMANRIVIER,UITENHAGE,AROUND NOVEMBER 1837,1837,J.S. MARITZ(?),,,,
1060,MARITZ,MARITZ,MARITZ,FRANCOIS IGNATIUS,Francois Ignatius,b1c8d6,a1b1c8d6,MARITZa1b1c8d6,,8/10/1805,1805,GRAAFF-REINET,12/4/1807,1805,1807,,1805,,,UITENHAGE,29/9/1826,1826,DINA MARIA,UYS,GRAAFF-REINET,,AROUND MIDDLE SEPTEMBER 1837,1837,GERT M. MARITZ,,,,
1061,MARNEWECK,MARNEWECK,MARNEWECK,JOHAN COENRAAD,Johan Coenraad,b1,a1b1,MARNEWECKa1b1,,,,,16/1/1785,,1785,,1785,,,SWELLENDAM,1/4/1813,1813,CATHERINA ALETTA,NORTIER,,GEORGE,BEFORE 1839,1839,,,GEORGE,,
1062,MARNEWECK,MARNEWECK,MARNEWECK,JOHAN COENRAAD,Johan Coenraad,b1c2,a1b1c2,MARNEWECKa1b1c2,,23/5/1817,1817,GEORGE,24/8/1817,1817,1817,,1817,,,PMB,22/3/1840,1840,ANNA ELISABETH,OOSTHUIZEN,,(?)GEORGE,,,,,,,
1063,MARX,MARX,MARX,PETRUS JOHANNES,Petrus Johannes,b3c6d1,a1b3c6d1,MARXa1b3c6d1,,,,,2/5/1805,,1805,,1805,,,UITENHAGE,23/12/1827,1827,CECILIA JOHANNA,MARX,,UITENHAGE,,,,,,,
1064,MARX,MARX,MARX,FRANS ENGELBERTUS,Frans Engelbertus,b3c6d4,a1b3c6d4,MARXa1b3c6d4,,,,,8/9/1811,,1811,WINBURG,1811,26/6/1881,1881,,,,ANNA CATHARINA,LOMBARD,TARKA,SOMERSET,AROUND OCTOBER 1837,1837,(?)JAN DU PLESSIS OR J.H. DE LANGE,,,,
1065,MARX,MARX,MARX,GEORGE FREDERIK STEPHANUS,George Frederik Stephanus,b3c6d8,a1b3c6d8,MARXa1b3c6d8,,26/2/1817,1817,GEORGE,18/1/1818,1817,1818,NYLSTROOM,1817,13/3/1880,1880,CRADOCK,31/1/1836,1836,EMERENTIA (AMERENSIA) MARIA,VILJOEN,TARKA,SOMERSET,PROBABLY 1840,1840,,,,,
1066,MARX,MARX,MARX,PETRUS JOHANNES,Petrus Johannes,b3c8d2,a1b3c8d2,MARXa1b3c8d2,,,,,1/4/1810,,1810,,1810,,,,,,ALETTA CATHARINA,PRINSLOO,WINTERBERG,ALBANY,1839,1839,,,,,
1067,MEINTJES,MEINTJES,MEINTJES,JOHANNES PETRUS,Johannes Petrus,b4c6d1,a1b4c6d1,MEINTJESa1b4c6d1,ROODEZAND,,,CAPE TOWN,9/4/1775,,1775,,1775,,,GRAAFF-REINET,13/8/1799,1799,LOUISA MARIA,VAN HEERDEN,,CRADOCK,1837,1837,PIET UYS,,,,
1068,MEINTJES,MEINTJES,MEINTJES,JOHANNES PETRUS,Johannes Petrus,b4c3d1e1,a1b4c3d1e1,MEINTJESa1b4c3d1e1,GRAAFF-REINET,9/7/1809,1809,,,1809,,POTCHEFSTROOM,1809,20/8/1879,1879,GRAAFF-REINET,8/5/1831,1831,HELIA ELIZABETH,HELBERG,SPEKBOOMBERG,GRAAF-REINET,BETWEEN MARCH 1837 AND DECEMBER 1839,1839,,,CRADOCK,,
1069,MEINTJES,MEINTJES,MEINTJES,WILLEM JACOBUS ALBERTUS,Willem Jacobus Albertus,b4c6d1e1,a1b4c6d1e1,MEINTJESa1b4c6d1e1,TULBAGH,26/8/1800,1800,,,1800,,,1800,,,GRAAFF-REINET,8/9/1816,1816,CATHARINA WILHELMINA SUSANNA,OLIVIER,BRAKRIVIER,SOMERSET,(?)1838,1838,,,GRAAFF-REINET,,
1070,MEINTJES,MEINTJES,MEINTJES,JACOBUS WILLIAM,Jacobus William,b4c6d1e10,a1b4c6d1e10,MEINTJESa1b4c6d1e10,CRADOCK,14/8/1819,1819,,,1819,,KROONSTAD,1819,14/10/1901,1901,CRADOCK,16/12/1837,1837,ANNA CHRISTINA,MEYER,(?)BRAKRIVIER,SOMERSET,AROUND(?)1837,1837,,,KROONSTAD,,
1071,MEINTJES,MEINTJES,MEINTJES,PETRUS JACOBUS,Petrus Jacobus,b4c6d1e11,a1b4c6d1e11,MEINTJESa1b4c6d1e11,GRAAFF-REINET,29/7/1821,1821,,,1821,,KROONSTAD,1821,6/7/1895,1895,,,,ANNA CHRISTINA ALETTA,MEINTJES,BRAKRIVIER,SOMERSET,1838,1838,PIET UYS,,,,
1072,MEINTJES,MEINTJES,MEINTJES,ADRIAAN WILLEM,Adriaan Willem,b4c6d1e12,a1b4c6d1e12,MEINTJESa1b4c6d1e12,CRADOCK,8/10/1823,1823,,,1823,,KROONSTAD,1823,11/10/1900,1900,POTCHEFSTROOM,1/6/1853,1853,SUSANNA JACOBA WILHELMINA ABRAMA,MEINTJES,(?)BRAKRIVIER,SOMERSET,,,,,,,
1073,MEINTJES,MEINTJES,MEINTJES,JOHANNES HENDRIK PETRUS,Johannes Hendrik Petrus,b4c6d1e1f2,a1b4c6d1e1f2,MEINTJESa1b4c6d1e1f2,CRADOCK,29/3/1824,1824,,,1824,,RUSTENBURG,1824,8/11/1870,1870,COLESBERG,25/5/1846,1846,SUSANNA CATHARINA ELIZABETH,COERTZEN,(?)BRAKRIVIER,SOMERSET,AROUND(?)1837,1837,,,,,
1074,MEINTJES,MEINTJES,MEINTJES,SCHALK WILLEM,Schalk Willem,b4c6d1e2,a1b4c6d1e2,MEINTJESa1b4c6d1e2,TULBAGH,30/7/1802,1802,,,1802,,,1802,,,BEAUFORT,7/9/1823,1823,CORNELIA MARGARETHA MARIA THERISIA,CLAAS(S),BRAKRIVIER,SOMERSET,BEFORE DECEMBER 1834,1834,,,,,
1075,MEINTJES,MEINTJES,MEINTJES,JOHANNES JACOBUS,Johannes Jacobus,b4c6d1e3,a1b4c6d1e3,MEINTJESa1b4c6d1e3,TULBAGH,28/5/1805,1805,,,1805,,,1805,,,GRAAFF-REINET,3/12/1826,1826,ANNA MARIA JOHANNA,STRUWIG,BRAKRIVIER,SOMERSET,BEFORE DECEMBER 1834,1834,PIET UYS,,,,
1076,MEINTJES,MEINTJES,MEINTJES,ALBERTUS JACOBUS,Albertus Jacobus,b4c6d1e6,a1b4c6d1e6,MEINTJESa1b4c6d1e6,,7/8/1810,1810,GRAAFF-REINET,18/9/1810,1810,1810,ZEERUST,1810,2/10/1883,1883,CRADOCK,3/11/1833,1833,BARBARA CHRISTINA,DE MEYER,,,,,,,,,
1077,MEINTJES,MEINTJES,MEINTJES,HENDRIK ARNOLDUS,Hendrik Arnoldus,b4c6d1e9,a1b4c6d1e9,MEINTJESa1b4c6d1e9,CRADOCK,30/7/1817,1817,,,1817,,,1817,,,CRADOCK,20/11/1836,1836,ALETTA CATHARINA,MEINTJES,(?)BRAKRIVIER,SOMERSET,AROUND(?)1837,1837,,,PMB,,
1078,MEINTJES,MEINTJES,MEINTJES,WILLEM,Willem,b4c6d4,a1b4c6d4,MEINTJESa1b4c6d4,,,,,18/2/1787,,1787,,1787,,,,7/10/1846,1846,ENGELA CAROLINA HENDRINA BARENDINA,DURAND,,(?)SOMERSET,(?)1837,1837,,,,,
1079,MEINTJES,MEINTJES,MEINTJES,PETRUS JACOBUS,Petrus Jacobus,b4c6d8,a1b4c6d8,MEINTJESa1b4c6d8,,,,WAVEREN,8/2/1800,,1800,KROONSTAD,1800,1852,1852,CRADOCK,14/4/1823,1823,SUSANNA JACOBA,DE MEYER,,SOMERSET,(?)1837,1837,,,,,
1080,MEY,MEY,MEY,CHRISTIAAN LODEWYK,Christiaan Lodewyk,b10,a1b10,MEYa1b10,,9/5/1810,1810,GRAAFF-REINET,22/8/1812,1810,1812,NATAL,1810,8/12/1843,1843,,,,ALIDA MARIA,UYS,GAMTOOSRIVIER,UITENHAGE,APRIL 1837,1837,P.L. UYS,,,,
1081,MEYER,MEYER,MEYER,JESIAS ENGELBERTUS,Jesias Engelbertus,a2b4c5d7e6,a2b4c5d7e6,MEYERa2b4c5d7e6,,,,,19/6/1803,,1803,"MIDDELBURG, TRANSVAAL",1803,30/1/1886,1886,,,,JOHANNA SUSANNA,STRYDOM,,,BEFORE NOVEMBER 1842,1842,,NATAL,,,
1082,MEYER,MEYER,MEYER,JACOBUS JOHANNES PHILLIPPUS,Jacobus Johannes Phillippus,a2b4c7d3e5,a2b4c7d3e5,MEYERa2b4c7d3e5,,5/7/1801,1801,,,1801,,HEIDELBERG,1801,22/2/1883,1883,GEORGE,4/4/1819,1819,JOHANNA ELISABETH,VAN ROOYEN,,GEORGE,,,,,,,
1083,MEYER,MEYER,MEYER,LUCAS JOHANNES,Lucas Johannes,a3b1c1d3e5,a3b1c1d3e5,MEYERa3b1c1d3e5,,,,,26/11/1797,,1797,,1797,,,,,,ANNA MARIA,GREYLING,SWAGERSHOEK,SOMERSET,BEFORE 1841,1841,,TRANSORANJE,,,
1084,MEYER,MEYER,MEYER,LUCAS PETRUS JOHANNES,Lucas Petrus Johannes,a3b1c6d2e5f1,a3b1c6d2e5f1,MEYERa3b1c6d2e5f1,,8/3/1811,1811,GRAAFF-REINET,22/9/1811,1811,1811,NATAL,1811,6/2/1838,1838,GRAHAMSTAD,25/3/1832,1832,DEBORA JACOBA,RETIEF,OOS-RIETRIVIER,SOMERSET,AROUNS FEBRUARY 1837,1837,PIET RETIEF,,,,
1085,MEYER,MEYER,MEYER,LUCAS JOHANNES,Lucas Johannes,a3b1c6d2e6,a3b1c6d2e6,MEYERa3b1c6d2e6,,26/2/1792,1792,,,1792,,NEWCASTLE,1792,18/5/1864,1864,,,,SARA JOHANNA,DE LANGE,OOS-RIETRIVIER,SOMERSET,SEPT/OCT 1837,1837,LEADER,,NATAL,,
1086,MEYER,MEYER,MEYER,LUCAS CORNELIS,Lucas Cornelis,a3b1c6d2e6f1,a3b1c6d2e6f1,MEYERa3b1c6d2e6f1,SUURVELD,16/9/1811,1811,GRAAFF-REINET,26/4/1812,1811,1812,NATAL,1811,27/3/1836,1836,SOMERSET,7/2/1830,1830,ANNA MARIA,ERASMUS,OOS-RIETRIVIER,SOMERSET,SEPT/OCT 1837,1837,LUCAS JOHANNES MEYER,,SOMERSET,,
1087,MEYER,MEYER,MEYER,ADRIAAN WILLEM PETRUS,Adriaan Willem Petrus,a3b1c6d2e6f6,a3b1c6d2e6f6,MEYERa3b1c6d2e6f6,,,,,,,,PMB,,7/2/1840,1840,SOMERSET,29/1/1837,1837,MARIA SUSANNA WILHELMINA,LOMBARD,OOS-RIETRIVIER,SOMERSET,SEPT/OCT 1837,1837,LUCAS JOHANNES MEYER,,,,
1088,MEYER,MEYER,MEYER,IZAK (ISAAK) JOHANNES,Izak (Isaak) Johannes,a3b1c6d2e6f7,a3b1c6d2e6f7,MEYERa3b1c6d2e6f7,,19/1/1822,1822,UTRECHT,15/8/1882,1822,1882,,1822,,,NATAL,,,MARTHA MARIA ELISABETH,LANDMAN,OOS-RIETRIVIER,SOMERSET,SEPT/OCT 1837,1837,LUCAS JOHANNES MEYER,,,,
1089,MEYER,MEYER,MEYER,WILLEM PETRUS (PIET),Willem Petrus (Piet),a3b1c6d2e8,a3b1c6d2e8,MEYERa3b1c6d2e8,,15/1/1797,1797,,,1797,,NATAL,1797,,,,,,CORNELIA JOHANNA,DE LANGE,VISRIVIER,ALBANY,AROUND MARCH 1837,1837,PIET RETIEF,TRANSORANJE,,,
1090,MEYER,MEYER,MEYER,ELSIE(WEDUWEE P.H.FICK,Elsie(Weduwee P.H.Fick,a3b1c6d5e1,a3b1c6d5e1,MEYERa3b1c6d5e1,,3/12/1780,1780,,,1780,,,1780,,,,,,PAUL HENDRIK,FICK,ONDER-BOESMANRIVIER,UITENHAGE,BEFORE THE END OF 1838,1838,,,,,
1091,MEYER,MEYER,MEYER,JOHAN IZAK,Johan Izak,a3b1c6d5e4f3,a3b1c6d5e4f3,MEYERa3b1c6d5e4f3,,16/11/1815,1815,,,1815,,NATAL,1815,25/10/1851,1851,,,,AGATHA CATHARINA,POTGIETER,ONDER-BOESMANRIVIER,UITENHAGE,(?) MARCH 1837,1837,GERHARDUS JACOBUS RUDOLPH,,,,
1092,MEYER,MEYER,MEYER,COENRAAD FREDERIK JR.,Coenraad Frederik Jr.,a3b1c6d5e4f4,a3b1c6d5e4f4,MEYERa3b1c6d5e4f4,,3/8/1820,1820,,,1820,,PMB,1820,6/9/1892,1892,,9/5/1846,1846,MAGDELENA SUSANNA ALETTA,POTGIETER,(?) ONDER-BOESMANRIVIER,UITENHAGE,(?)MARCH 1837,1837,(?) G.J. RUDOLPH,,,,
1093,MEYER,MEYER,MEYER,ISAK CORNELIS,Isak Cornelis,a3b1c6d5e4f5,a3b1c6d5e4f5,MEYERa3b1c6d5e4f5,,1821,1821,,,1821,,NATAL,1821,2/2/1912,1912,,5/5/1845,1845,MAGDELENA SALOMINA,MARITZ,(?) ONDER-BOESMANRIVIER,UITENHAGE,(?)MARCH 1837,1837,(?) G.J. RUDOLPH,,,,
1094,MEYER,MEYER,MEYER,CORNELIS MARTHINUS,Cornelis Marthinus,a3b1c6d5e4f6,a3b1c6d5e4f6,MEYERa3b1c6d5e4f6,,1822,1822,,,1822,,NATAL,1822,18/6/1895,1895,PMB,6/4/1847,1847,SUSANNA SOPHIA,MEYER,(?) ONDER-BOESMANRIVIER,UITENHAGE,(?)MARCH 1837,1837,(?) G.J. RUDOLPH,,,,
1095,MEYER,MEYER,MEYER,PHILLIPUS JACOBUS,Phillipus Jacobus,a3b1c6d8e2f3,a3b1c6d8e2f3,MEYERa3b1c6d8e2f3,,1822,1822,,,1822,,,1822,,,,1842,1842,JOHANNA SUSANNA CECILIA,HUMAN,TSITSIKAMMA,UITENHAGE,AROUND APRIL 1837,1837,P.L. UYS,,,,
1096,MEYER,MEYER,MEYER,LUCAS WILHEM(US),Lucas Wilhem(Us),a3b1c6d8e3f5,a3b1c6d8e3f5,MEYERa3b1c6d8e3f5,,1825,1825,,,1825,,,1825,25/9/1886,1886,PMB,11/12/1848,1848,DIRKJE ELISABETH,SCHEEPERS,TSITSIKAMMA,UITENHAGE,AROUND APRIL 1837,1837,P.L. UYS,,,,
1097,MEYER,MEYER,MEYER,JOHAN GEORGE,Johan George,a3b6,a3b6,MEYERa3b6,,,,,1783,,1783,,1783,,,,,,JOHANNA FRANCINA,JOUBERT,SWARTRUGGENS,UITENHAGE,BEFORE 1844,1844,,NATAL,,,
1098,MEYER,MEYER,MEYER,ISAK JOHANNES SR.,Isak Johannes Sr.,a4b1c6d8e2,a4b1c6d8e2,MEYERa4b1c6d8e2,UITENHAGE,,,STELLENBOSCH,12/8/1792,,1792,NATAL,1792,18/1/1886,1886,UITENHAGE,14/2/1817,1817,CECILIA JOHANNA,FOURIE,TSITSIKAMMA,UITENHAGE,(?) APRIL 1837,1837,P.L. UYS,,,,
1099,MEYER,MEYER,MEYER,ISAK JOHANNES JR.,Isak Johannes Jr.,a4b1c6d8e2f2,a4b1c6d8e2f2,MEYERa4b1c6d8e2f2,,1820,1820,,,1820,,,1820,,,PMB,MAY 1841,1841,HILIA LEVINA MAGDELENA CATHARINA,BOTHMA,TSITSIKAMMA,UITENHAGE,(?) APRIL 1837,1837,P.L. UYS,,,,
1100,MEYER,MEYER,MEYER,HERMANUS PETRUS JACOBUS,Hermanus Petrus Jacobus,a5b10c3,a5b10c3,MEYERa5b10c3,,,,,28/8/1814,,1814,,1814,,,,,,MARIA ELISABETH (WILHELMINA?),WILLEMSE,,,,,BEFORE 1840,TRANSORANJE,,,
1101,MIENIE,MIENIE,MIENIE,FREDERIK JOHANNES/CHRISTIAAN,Frederik Johannes/Christiaan,a2b2c1d3e7,a2b2c1d3e7,MIENIEa2b2c1d3e7,,1/5/1810,1810,SWELLENDAM,26/11/1810,1810,1810,,1810,,,GRAAFF-REINET,14/10/1833,1833,ANNA DOROTHEA,BRITS,,CRADOCK,(?) BEFORE 5/7/1837,1837,,TRANSORANJE,,,
1102,MINNAAR,MINNAAR,MINNAAR,JOHANNES ISAAK,Johannes Isaak,b1c1d3e2f9,a1b1c1d3e2f9,MINNAARa1b1c1d3e2f9,,3/2/1816,1816,GRAAFF-REINET,30/6/1816,1816,1816,,1816,,,BEAUFORT,5/2/1837,1837,ALETTA ELISABETH,HOLTSHAUSEN,(?) UITVLUGT,GRAAF-REINET,BEFORE 1840,1840,A.H. POTGIETER,,,,
1103,MINNAAR,MINNAAR,MINNAAR,PHILIP CAREL SR,Philip Carel Sr,b5c1d3e2,a1b5c1d3e2,MINNAARa1b5c1d3e2,,,,,20/10/1776,,1776,,1776,,,,DECEMBER 1798,1798,MARIA JACOBA,JANSEN,(?) UITVLUGT,GRAAF-REINET,JANUARY 1836,1836,(?) A.H. POTGIETER,,,,
1104,MINNAAR,MINNAAR,MINNAAR,PHILIP CAREL JR,Philip Carel Jr,b5c1d3e2f2,a1b5c1d3e2f2,MINNAARa1b5c1d3e2f2,,22/11/1801,1801,TULBAGH,27/12/1801,1801,1801,,1801,1896,1896,GRAAFF-REINET,3/12/1820,1820,JACOBA JOHANNA,VAN HEERDEN,(?) UITVLUGT,GRAAF-REINET,(?) JANUARY 1836,1836,(?) A.H. POTGIETER,,,,
1105,MINNAAR,MINNAAR,MINNAAR,PHILIP CAREL (SWART FLIP),Philip Carel (Swart Flip),b5c1d3e2f2g1,a1b5c1d3e2f2g1,MINNAARa1b5c1d3e2f2g1,GRAAFF-REINET,29/4/1822,1822,,,1822,,PRETORIA,1822,15/5/1897,1897,POTCHEFSTROOM,1842,1842,MARIA JACOBA,BRONKHORST,(?) UITVLUGT,GRAAF-REINET,(?) JANUARY 1836,1836,(?) A.H. POTGIETER,,,,
1106,MINNAAR,MINNAAR,MINNAAR,CORNELIS JACOBUS,Cornelis Jacobus,b5c1d3e2f4,a1b5c1d3e2f4,MINNAARa1b5c1d3e2f4,,,,,10/11/1805,,1805,,1805,,,BEAUFORT,8/6/1828,1828,JOHANNA CECILIA,ROOS,,BEAUFORT,BEFORE 1840,1840,A.H. POTGIETER,,,,
1107,MINNAAR,MINNAAR,MINNAAR,CAREL PETRUS,Carel Petrus,b5c1d3e2f5,a1b5c1d3e2f5,MINNAARa1b5c1d3e2f5,,21/8/1807,1807,,4/10/1807,1807,1807,,1807,9/9/1892,1892,,5/10/1829,1829,JACOBA JOHANNA MARIA,MOUTON,,,BEFORE 1840,1840,,,,,
1108,MINNAAR,MINNAAR,MINNAAR,ROELOF JOHANNES,Roelof Johannes,b5c1d3e2f6,a1b5c1d3e2f6,MINNAARa1b5c1d3e2f6,,,,,10/12/1809,,1809,,1809,,,COLESBERG,8/10/1838,1838,MARIA CORNELIA PETRONELLA,MINNAAR,(?) UITVLUGT,GRAAF-REINET,BEFORE 1840,1840,,,,,
1109,MINNAAR,MINNAAR,MINNAAR,PHILIP PETRUS,Philip Petrus,b5c1d3e5f(?),a1b5c1d3e5f(?),MINNAARa1b5c1d3e5f(?),,,,,,,,,,,,,,,CECILIA JACOBA,ROOS,,,BEFORE 1842,1842,,,,,
1110,MINNAAR,MINNAAR,MINNAAR,PHILLIPUS ANDREAS,Phillipus Andreas,b5c2d3e3f1,a1b5c2d3e3f1,MINNAARa1b5c2d3e3f1,,21/9/1813,1813,GRAAFF-REINET,17/10/1813,1813,1813,,1813,,,,9/7/1837,1837,ANNA CHRISTINA,MARÉ,ONDER-BOESMANRIVIER,UITENHAGE,AROUND NOVEMBER 1837,1837,,,NATAL,,
1111,MINNIE,MINNIE,MINNIE,JOHANNES WILLEM,Johannes Willem,(?)e2f2,(?)e2f2,MINNIE(?)e2f2,,10/11/1807,1807,GRAAFF-REINET,10/7/1808,1807,1808,,1807,,,GRAAFF-REINET,31/7/1836,1836,SOPHIA JACOBA,VERY,,(?) GEORGE,(?) 1844,1844,,(?) TRANSORANJE,,,
1112,MINNIE,MINNIE,MINNIE,FRANCOIS GYSBERTUS,Francois Gysbertus,(?)e2f4,(?)e2f4,MINNIE(?)e2f4,,28/7/1811,1811,SWELLENDAM,15/6/1812,1811,1812,,1811,,,,,,ELSJE MARIA,NIEMAND,,,(?) BEFORE 23/1/1842,1842,,POTCHEFSTROOM,,,
1113,MINNIE,MINNIE,MINNIE,WILLEM JACOBUS,Willem Jacobus,(?)e2f5,(?)e2f5,MINNIE(?)e2f5,,20/4/1814,1814,GRAAFF-REINET,7/12/1814,1814,1814,,1814,,,COLESBERG,3/9/1839,1839,MATHA JACOBA,BEZUIDENHOUT,,(?) COLESBERG,AROUND 1841,1841,,,,,
1114,MINNIE,MINNIE,MINNIE,JAN WILLEM JACOBUS,Jan Willem Jacobus,a2b2c1d3e2f1,a2b2c1d3e2f1,MINNIEa2b2c1d3e2f1,,28/9/1820,1820,GRAAFF-REINET,24/6/1821,1820,1821,,1820,,,,,,ANNA ELIZABETH CATHARINA,VAN WYK,,(?) COLESBERG,(?) 1845,1845,,,,,
1115,MINNIE,MINNIE,MINNIE,NICOLAAS CHRISTOFFEL JOHANNES,Nicolaas Christoffel Johannes,a2b2c1d3e6,a2b2c1d3e6,MINNIEa2b2c1d3e6,,4/8/1807,1807,GRAAFF-REINET,18/4/1808,1807,1808,,1807,,,COLESBERG,25/11/1838,1838,CECILIA CATHARINA,NORTJÉ,,(?) COLESBERG,(?) BEFORE 1838,1838,,(?) TRANSORANJE,,,
1116,MOCKE,MOCKE,MOCKE,JOHAN GODFRIED,Johan Godfried,b4,a1b4,MOCKEa1b4,,,,,12/3/1780,,1780,PMB,1780,1850,1850,CAPE TOWN,27/4/1801,1801,JOHANNA HELENA,MEYER,KOUP,BEAUFORT,1838,1838,,,,,
1117,MOCKE,MOCKE,MOCKE,JOHAN GODFRIED,Johan Godfried,b5c1,a1b5c1,MOCKEa1b5c1,,25/1/1806,1806,,4/1/1806,1806,1806,ZEERUST,1806,,,,,,SUSARA ELISABETH,NEL,KOUP,BEAUFORT,1838,1838,,,,,
1118,MOOLMAN,MOOLMAN,MOOLMAN,PETRUS LAFRAS,Petrus Lafras,b1c1d3,a1b1c1d3,MOOLMANa1b1c1d3,,15/5/1805,1805,SWELLENDAM,28/7/1805,1805,1805,CRADOCK,1805,28/3/1872,1872,,3/7/1825,1825,JOHANNA ISABELLA HERMINA,DE JAGER,GAMTOOSRIVIER,UITENHAGE,JULY 1838,1838,,,,,
1119,MOOLMAN,MOOLMAN,MOOLMAN,JACOBUS PHILLIPPUS SR,Jacobus Phillippus Sr,b1c2,a1b1c2,MOOLMANa1b1c2,,,,,23/11/1783,,1783,NATAL,1783,MAY 1852,1852,CAPE TOWN,28/8/1803,1803,JUDITH MARGARETHA,ODENDAAL,BREËRIVIER,SWELLENDAM,JANUARY/FEBRUARY 1837,1837,P.L. UYS,,,,
1120,MOOLMAN,MOOLMAN,MOOLMAN,JAN ADRIAAN,Jan Adriaan,b1c2d2,a1b1c2d2,MOOLMANa1b1c2d2,,,,,25/12/1806,,1806,,1806,,,UITENHAGE,26/12/1829,1829,SARA SALOMINA,LAAS,GAMTOOSRIVIER,UITENHAGE,APRIL 1837,1837,P.L. UYS,,,,
1121,MOOLMAN,MOOLMAN,MOOLMAN,JACOBUS PHILLIPPUS JR,Jacobus Phillippus Jr,b1c2d3,a1b1c2d3,MOOLMANa1b1c2d3,,,,,6/8/1809,,1809,,1809,,,UITENHAGE,9/6/1833,1833,ELSJE CATHARINA,POTGIETER,(?) GAMTOOSRIVIER,(?) UITENHAGE,JANUARY/FEBRUARY 1837,1837,P.L. UYS,,,,
1122,MOOLMAN,MOOLMAN,MOOLMAN,ADRIAN IZAAK,Adrian Izaak,b1c2d7,a1b1c2d7,MOOLMANa1b1c2d7,,30/4/1819,1819,UITENHAGE,4/7/1819,1819,1819,NATAL,1819,12/5/1852,1852,,,,HELENA CATHARINA PETRONELLA,ODENDAAL,GAMTOOSRIVIER,UITENHAGE,(?) APRIL 1837,1837,P.L. UYS,,,,
1123,MOOLMAN,MOOLMAN,MOOLMAN,LOUIS JOHANNES,Louis Johannes,b1c2d8,a1b1c2d8,MOOLMANa1b1c2d8,UITENHAGE,10/10/1822,1822,,,1822,,ZULULAND,1822,MAY 1852,1852,,14/10/1850,1850,ANNA FRANCINA MARGARETHA,SCHEEPERS,(?) GAMTOOSRIVIER,(?) UITENHAGE,(?) APRIL 1837,1837,P.L. UYS,,,,
1124,MOSTERT,MOSTERT,MOSTERT,HENDRIK JOHANNES,Hendrik Johannes,b7c9d1e1,a1b7c9d1e1,MOSTERTa1b7c9d1e1,,11/12/1819,1819,GEORGE,23/1/1820,1819,1820,,1819,,,,,,ALIDA LOUIS PETRONELLA,FOURIE,,GEORGE THEN CRADOCK,BEFORE 1843,1843,,NATAL,,,
1125,MOSTERT,MOSTERT,MOSTERT,JOHANNES ADOLPH,Johannes Adolph,b7c9d1e2,a1b7c9d1e2,MOSTERTa1b7c9d1e2,,20/9/1821,1821,GEORGE,4/11/1821,1821,1821,LINDLEY,1821,29/11/1899,1899,,,,JOHANNA GERTRUYDA SUSANNA,FOURIE,,GEORGE THEN CRADOCK,BEFORE 1845,1845,,,,,
1126,MOSTERT,MOSTERT,MOSTERT,PETRUS JACOBUS,Petrus Jacobus,b7c9d1e4,a1b7c9d1e4,MOSTERTa1b7c9d1e4,,4/9/1825,1825,GEORGE,12/2/1826,1825,1826,LINDLEY,1825,21/11/1898,1898,,,,MARGARETHA MARIA,PRINSLOO,,GEORGE THEN CRADOCK,BEFORE 1840s,840s,,,,,
1127,MULLER,MULLER,MULLER,PETRUS HENDRIK,Petrus Hendrik,b11c2d3,a1b11c2d3,MULLERa1b11c2d3,,17/8/1817,1817,GEORGE,5/10/1817,1817,1817,TRANSVAAL,1817,2/2/1914,1914,SWELLENDAM,7/1/1838,1838,ELSJE JOHANNA,CRONJE,VETRIVIER,SWELLENDAM,AFTER 21/6/1838,1838,,,,,
1128,MULLER,MULLER,MULLER,JOHANNES PETRUS,Johannes Petrus,b2,a1b2,MULLERa1b2,,,,,12/9/1794,,1794,,1794,,,,,,ANNA MAGDALENA,DE BEER,ONDER-DUIVENHOKSRIVIER,SWELLENDAM,BETWEEN 11/7/1837 AND 12/5/1838,1838,,,,,
1129,MULLER,MULLER,MULLER,WILLEM HENDRIK,Willem Hendrik,b2c1d7e2,a1b2c1d7e2,MULLERa1b2c1d7e2,,20/8/1818,1818,SWELLENDAM,6/9/1818,1818,1818,,1818,,,,,,JOHANNA HENDRIKA MAGDALENA,HENSEN,ONDER-DUIVENHOKSRIVIER,SWELLENDAM,1838,1838,,,,,
1130,MULLER,MULLER,MULLER,JOSEPH JURGEN,Joseph Jurgen,b5,a1b5,MULLERa1b5,,27/6/1812,1812,,8/7/1812,1812,1812,LADYSMITH,1812,11/6/1836,1836,SWELLENDAM,3/1/1836,1836,ANNA ELISABETH,RALL,BO-DUIVENHOKSRIVIER,SWELLENDAM,BETWEEN 19/3/1838 AND 27/7/1838,1838,,,,,
1131,MULLER,MULLER,MULLER,JOHANNES CHRISTOFFEL,Johannes Christoffel,b5c7d1e3,a1b5c7d1e3,MULLERa1b5c7d1e3,,,,GRAAFF-REINET,1/8/1813,,1813,,1813,,,PMB,14/11/1840,1840,ISABELLA CORNELIA,POTGIETER,BAVIAANSRIVIER,SOMERSET,OCTOBER 1837,1837,JAN DU PLESSIS,,,,
1132,MULLER,MULLER,MULLER,COERT JACOBUS,Coert Jacobus,b5c7d1e4,a1b5c7d1e4,MULLERa1b5c7d1e4,,18/4/1817,1817,GRAAFF-REINET,1/6/1817,1817,1817,,1817,,,CRADOCK,26/12/1836,1836,JACOBA SOPHIA,COETZER,BAVIAANSRIVIER,SOMERSET,OCTOBER 1837,1837,JAN DU PLESSIS,,,,
1133,MULLER,MULLER,MULLER,JOHANNES CHRISTIAAN,Johannes Christiaan,b5c7d4,a1b5c7d4,MULLERa1b5c7d4,,11/12/1791,1791,,,1791,,,1791,,,CRADOCK,9/9/1821,1821,CHRISTINA PETRONELLA,DE BEER,TARKA,SOMERSET,(?) OCTOBER 1837,1837,JAN DU PLESSIS,,CRADOCK,,
1134,MYBURGH,MYBURGH,MYBURGH,JACOBUS,Jacobus,b2c5d4e2,a1b2c5d4e2,MYBURGHa1b2c5d4e2,,9/2/1783,1783,,,1783,,,1783,,,CAPE TOWN,21/3/1802,1802,MARTHA,DU PLESSIS,,GRAAF-REINET THEN CRADOCK,AROUND 1845,1845,,TRANSORANJE,,,
1135,MYBURGH,MYBURGH,MYBURGH,GERRIT ALBERTUS,Gerrit Albertus,b2c5d4e2f2,a1b2c5d4e2f2,MYBURGHa1b2c5d4e2f2,,20/8/1818,1818,SWELLENDAM,6/9/1818,1818,1818,,1818,,,,,,JOHANNA HENDRIKA MADGALENA,HENSEN,(?) ONDER-DUIVENHOKSRIVIER,SWELLENDAM,1838,1838,,,,,
1136,MYBURGH,MYBURGH,MYBURGH,JACOBUS JOHANNES,Jacobus Johannes,b2c5d4e2f6,a1b2c5d4e2f6,MYBURGHa1b2c5d4e2f6,,14/10/1814,1814,GRAAFF-REINET,5/2/1815,1814,1815,,1814,,,CRADOCK,7/4/1834,1834,HESTER,VENTER,,CRADOCK,AROUND 1845,1845,,TRANSORANJE,,,
1137,MYBURGH,MYBURGH,MYBURGH,PHILLIPUS ARNOLDUS,Phillipus Arnoldus,b2c5d4e2f8,a1b2c5d4e2f8,MYBURGHa1b2c5d4e2f8,,5/9/1818,1818,CRADOCK,20/12/1818,1818,1818,,1818,,,COLESBERG,26/12/1838,1838,JOHANNA SUSANNA,NIENABER,,CRADOCK THEN COLESBERG,AROUND 1845,1845,,TRANSORANJE,,,
1138,MYNHARDT,MYNHARDT,MYNHARDT,MARTHINUS GERHARDUS,Marthinus Gerhardus,b1c1d2,a1b1c1d2,MYNHARDTa1b1c1d2,,29/8/1807,1807,GRAAFF-REINET,5/10/1807,1807,1807,SMITHFIELD,1807,9/5/1857,1857,SOMERSET,15/2/1829,1829,HESTER CATHARAINA MARIA PETRONELLA,LOMBARD,TARKA,SOMERSET,BEFORE 1840,1840,,,,,
1139,MYNHARDT,MYNHARDT,MYNHARDT,MARIA MAGDALENA ELIZABETH (MIETA),Maria Magdalena Elizabeth (Mieta),b1c5,a1b1c5,MYNHARDTa1b1c5,,,,,,,,,,,,,,,PIETER ERNST,KRUGER,,,(?) START OF 1836,1836,A.H. POTGIETER,,,,
1140,NAGEL,NAGEL,NAGEL,RUDOLPH JOHANNES,Rudolph Johannes,b6c1,a1b6c1,NAGELa1b6c1,,1795,1795,CAPE TOWN,20/12/1801,1795,1801,,1795,,,GRAAFF-REINET,7/9/1817,1817,ANNA MARIA,MINNIE,,(?) CRADOCK,BEFORE APRIL 1842,1842,,,,,
1141,NAGEL,NAGEL,NAGEL,FREDERIK CHRISTIAAN (PIETER),Frederik Christiaan (Pieter),b6c4,a1b6c4,NAGELa1b6c4,,13/4/1805,1805,GRAAFF-REINET,7/9/1806,1805,1806,,1805,,,GRAAFF-REINET,4/11/1827,1827,HUYBRECHT MARGARETHA SUSANNA,BRITS,WINTERVELD,GRAAFF-REINET,BEFORE APRIL 1842,1842,,,,,
1142,NAUDÉ,NAUDÉ,NAUDÉ,SCHALK WILLEM,Schalk Willem,a1b1c1d13e3,a1b1c1d13e3,NAUDÉa1b1c1d13e3,,23/7/1825,1825,GRAAFF-REINET,2/10/1825,1825,1825,BETHLEHEM,1825,3/3/1882,1882,,,,JOHANNA MAGDELENA,STEENKAMP,,GRAAFF-REINET,(?) END OF OCTOBER 1838,1838,(?) A.W.J. PRETORIUS,,BLOEMFONTEIN,,
1143,NAUDÉ,NAUDÉ,NAUDÉ,PETRUS JOHANNES,Petrus Johannes,a1b1c4d3,a1b1c4d3,NAUDÉa1b1c4d3,,17/8/1784,1784,TULBAGH,13/2/1785,1784,1785,NATAL,1784,20/8/1841,1841,,,,CHRISTINA,VAN WYK,KLEIN-ROGGEVELD,WORCESTER,2/4/1838,1838,(?),NATAL,WORCESTER,,
1144,NAUDÉ,NAUDÉ,NAUDÉ,GERRIT JACOBUS,Gerrit Jacobus,a1b1c4d3e1,a1b1c4d3e1,NAUDÉa1b1c4d3e1,,29/8/1809,1809,TULBAGH,8/9/1810,1809,1810,PMB,1809,9/7/1890,1890,WORCESTER,2/10/1830,1830,CHRISTINA FRANCINA,VAN WYK,KLEIN-ROGGEVELD,WORCESTER,2/4/1838,1838,,,,,
1145,NAUDÉ,NAUDÉ,NAUDÉ,JAN ABRAHAM,Jan Abraham,a1b1c4d3e10,a1b1c4d3e10,NAUDÉa1b1c4d3e10,,3/7/1824,1824,WORCESTER,12/10/1825,1824,1825,,1824,,,,,,SARA JACOBA CATHARINA,PRETORIUS,KLEIN-ROGGEVELD,WORCESTER,2/4/1838,1838,PETRUS JOHANNES NAUDÉ,,,,
1146,NAUDÉ,NAUDÉ,NAUDÉ,PETRUS JOHANNES,Petrus Johannes,a1b1c4d3e6,a1b1c4d3e6,NAUDÉa1b1c4d3e6,,3/10/1816,1816,TULBAGH,19/11/1817,1816,1817,WINBURG,1816,9/8/1880,1880,COLESBERG,3/2/1839,1839,ALETTA FRANCINA,ESTERHUIZEN,KLEIN-ROGGEVELD,WORCESTER,2/4/1838,1838,PETRUS JOHANNES NAUDÉ (HIS FATHER),,,,
1147,NAUDÉ,NAUDÉ,NAUDÉ,STEPHANUS JOHANNES,Stephanus Johannes,a1b1c4d3e9,a1b1c4d3e9,NAUDÉa1b1c4d3e9,,7/3/1822,1822,TULBAGH,24/9/1822,1822,1822,BLOEMFONTEIN,1822,15/7/1871,1871,,,,CORNELIA CHRISTINA,NEL,KLEIN-ROGGEVELD,WORCESTER,2/4/1838,1838,PETRUS JOHANNES NAUDÉ (HIS FATHER),,POTCHEFSTROOM,,
1148,NAUDÉ,NAUDÉ,NAUDÉ,PHILIP JACOB,Philip Jacob,a2b1c2,a2b1c2,NAUDÉa2b1c2,ABERDEEN,10/8/1808,1808,,3/10/1808,1808,1808,BETHLEHEM,1808,9/12/1880,1880,GRAAFF-REINET,5/6/1831,1831,ANNA ELIZABETH SOPHIA,VAN DEN BERG,CAMDEBO,GRAAFF-REINET,MIDDLE SEPTEMBER 1836,1836,,GERT MARITZ,,,
1149,NAUDÉ,NAUDÉ,NAUDÉ,CHARL (SAREL) DAVID,Charl (Sarel) David,a2b2c4,a2b2c4,NAUDÉa2b2c4,,9/3/1812,1812,GRAAFF-REINET,12/4/1812,1812,1812,KROONSTAD,1812,30/12/1872,1872,GRAAFF-REINET,18/5/1834,1834,JOHANNA ELISABETH,SWANEPOEL,,GRAAFF-REINET,BETWEEN 27/1/1839 AND 4/4/1841,1841,,,,,
1150,NAUDÉ,NAUDÉ,NAUDÉ,FRANCOIS PHILIPPUS,Francois Philippus,b1c1d10,a1b1c1d10,NAUDÉa1b1c1d10,,6/9/1787,1787,,29/12/1787,1787,1787,,1787,,,,,,JOHANNA SOPHIA,BRIEMER,,(?) WORCESTER,BEFORE NOVEMBER 1842,1842,,NATAL,,,
1151,NAUDÉ,NAUDÉ,NAUDÉ,FRANCOIS PAULUS,Francois Paulus,b1c1d13,a1b1c1d13,NAUDÉa1b1c1d13,WORCESTER,21/5/1800,1800,TULBAGH,27/7/1800,1800,1800,BETHLEHEM,1800,6/1/1881,1881,WORCESTER,7/10/1821,1821,ALETTA CATHARINA,BRUWER,,GRAAFF-REINET,END OF OCTOBER 1838,1838,A.W.J. PRETORIUS,,,,
1152,NEETHLING,NEETHLING,NEETHLING,HENDRIK LUDOLPH,Hendrik Ludolph,a1b1c7d1,a1b1c7d1,NEETHLINGa1b1c7d1,TULBAGH,,,,19/3/1820,,1820,PRETORIA,1820,11/7/1891,1891,,3/12/1845,1845,ANNA JACOBA,VAN DER MERWE,,WORCESTER,1838,1838,,,,,
1153,NEETHLING,NEETHLING,NEETHLING,DANIËL JACOBUS,Daniël Jacobus,a2b4c2,a2b4c2,NEETHLINGa2b4c2,,,,,20/10/1793,,1793,SMITHFIELD,1793,9/1/1862,1862,GRAAFF-REINET,21/9/1813,1813,JOHANNA,LABUSCHAGNE,,,,,,,,,
1154,NEETHLING,NEETHLING,NEETHLING,JOHANNES JACOB,Johannes Jacob,a2b4c2d2,a2b4c2d2,NEETHLINGa2b4c2d2,,7/3/1819,1819,CRADOCK,12/4/1819,1819,1819,WEPENER,1819,22/8/1897,1897,COLESBERG,10/6/1838,1838,ANNA MARGARETHA GEERTRUYDA,DE BEER,TARKA,SOMERSET,BETWEEN 1845 AND 1850,1850,,,,,
1155,NEETHLING,NEETHLING,NEETHLING,WILLEM HENDRIK,Willem Hendrik,b1c7,a1b1c7,NEETHLINGa1b1c7,,,,,5/1/1794,,1794,OHRIGSTAD,1794,,,TULBAGH,2/5/1819,1819,ANNA SOPHIA,PIENAAR,KLEINBERG,WORCESTER,1838,1838,,,,,
1156,NEETHLING,NEETHLING,NEETHLING,SCHALK WILLEM,Schalk Willem,b1c7d3,a1b1c7d3,NEETHLINGa1b1c7d3,TULBAGH,26/6/1824,1824,,,1824,,DELMAS,1824,1905,1905,,5/1/1853,1853,ANNA JOHANNA FREDERIKA,SPIES,KLEINBERG,WORCESTER,1838,1838,,,,,
1157,NEL,NEL,NEL,PIETER JOHANNES LODEWYK,Pieter Johannes Lodewyk,b10c10d1,a1b10c10d1,NELa1b10c10d1,27/3/1796,,,,,,,,,,,GRAAFF-REINET,16/4/1815,1815,ELISABETH,CALITZ,BAVIAANSKLOOF,UITENHAGE,BEFORE 1840,1840,,NATAL,,,
1158,NEL,NEL,NEL,FREDERIK DANIËL,Frederik Daniël,b10c10d4,a1b10c10d4,NELa1b10c10d4,,,,,6/3/1803,,1803,,1803,,,GRAAFF-REINET,7/3/1824,1824,ANNA SUSANNA,LOOTS,,UITENHAGE,BEFORE 1842,1842,,,UITENHAGE,,
1159,NEL,NEL,NEL,WILLEM ADRIAAN,Willem Adriaan,b10c2d11e6,a1b10c2d11e6,NELa1b10c2d11e6,,23/12/1813,1813,GRAAFF-REINET,19/6/1814,1813,1814,,1813,,,CRADOCK,3/3/1839,1839,CATHARINA ELISABETH,LABUSCHAGNE,TARKA,SOMERSET,,,,,,,
1160,NEL,NEL,NEL,PUETER SCHALK JOHANNES,Pueter Schalk Johannes,b10c2d7e2,a1b10c2d7e2,NELa1b10c2d7e2,,,,,1/5/1808,,1808,,1808,,,UITENHAGE,6/4/1829,1829,SUSANNA SOPHIA,OOSTHUIZEN,OOS-RIETRIVIER,SOMERSET,OCTOBER 1837,1837,(?) K.P. LANDMAN,(?) NATAL,,,
1161,NEL,NEL,NEL,PIETER WILLEM,Pieter Willem,b10c5d1e2f1,a1b10c5d1e2f1,NELa1b10c5d1e2f1,,,,,28/10/1804,,1804,,1804,,,GRAAFF-REINET,3/10/1825,1825,HESTER HEMDRINA,FOUCHÉ,(?) BRAKRIVIER,SOMERSET,(?) BEFORE 1839,1839,,TRANSORRANJE,,,
1162,NEL,NEL,NEL,LUCAS MARTHINUS,Lucas Marthinus,b10c5d3e7,a1b10c5d3e7,NELa1b10c5d3e7,,24/1/1790,1790,,4/4/1793,1790,1793,VLAKKRAAL,1790,21/3/1867,1867,BEAUFORT,3/10/1819,1819,CORNELIA CAROLINA ELISABETH,ERASMUS,NUWEVELD,BEAUFORT,BEFORE 1838,1838,,TRANSORRANJE,,,
1163,NEL,NEL,NEL,SEPHANUS JOHANNES,Sephanus Johannes,b10c5d3e7f2,a1b10c5d3e7f2,NELa1b10c5d3e7f2,,15/5/1823,1823,BEAUFORT,18/6/1823,1823,1823,,1823,1859,1859,,,,ANNA CATHARINA,VAN DER WESTHUIZEN,NUWEVELD,BEAUFORT,,,,,,,
1164,NEL,NEL,NEL,JOHANNES HENDRIK,Johannes Hendrik,b10c5d4,a1b10c5d4,NELa1b10c5d4,,1760,1760,,,1760,,UITENHAGE,1760,26/4/1841,1841,,11/9/1785,1785,JOHANNA HELENA,VAN DER MERWE,BAVIAANSKLOOF,UITENHAGE,(?) OCTOBER 1840,1840,,,,,
1165,NEL,NEL,NEL,PIETER WILLEM ADRIAAN,Pieter Willem Adriaan,b10c5d4e2f2,a1b10c5d4e2f2,NELa1b10c5d4e2f2,,,,,29/11/1812,,1812,,1812,,,GEORGE,3/7/1831,1831,ELSJE,,,GEORGE,BEFORE 1844,1844,,,,,
1166,NEL,NEL,NEL,PIETER WILLEM,Pieter Willem,b10c5d9e1,a1b10c5d9e1,NELa1b10c5d9e1,,,,,7/10/1796,,1796,,1796,,,,,,ANNA HELENA MARTHA,NEL,ONDER-BOESMANRIVIER,UITENHAGE,OCTOBER 1837,1837,(?) K.P. LANDMAN,,,,
1167,NEL,NEL,NEL,BERRIT PETRUS DANIEL JACOBUS,Berrit Petrus Daniel Jacobus,b10c5d9e1f1,a1b10c5d9e1f1,NELa1b10c5d9e1f1,,,,,23/3/1818,,1818,SOUTPANSBERGE,1818,,,,,,SUSANNA WILHELMINA CAROLINA,COMBRINK,ONDER-BOESMANSRIVI,,,,,,,,
1168,NEL,NEL,NEL,JOHANNES PETRUS SR.,Johannes Petrus Sr.,b1c3d1e2,a1b1c3d1e2,NELa1b1c3d1e2,,12/9/1773,1773,,,1773,,,1773,,,,7/5/1797,1797,MARIA,DU PREEZ,KOONAP,ALBANY,(?) NOVEMBER 1837,1837,L.J. NEL,,,,
1169,NEL,NEL,NEL,JOHANNES PETRUS JR.,Johannes Petrus Jr.,b1c3d1e2f1,a1b1c3d1e2f1,NELa1b1c3d1e2f1,,,,SWELLENDAM,24/6/1798,,1798,,1798,,,UITENHAGE,7/1/1821,1821,SUSANNA,NEL,KOONAP,ALBANY,(?) NOVEMBER 1837,1837,(?) L.J. NEL,,,,
1170,NEL,NEL,NEL,HERMANUS STEPHANUS,Hermanus Stephanus,b2c2d3E3f3,a1b2c2d3E3f3,NELa1b2c2d3E3f3,,26/7/1815,1815,GEORGE,5/11/1815,1815,1815,CAPE COLONIES,1815,7/5/1894,1894,,,,MARIA CATHARINA,POTGIETER,WINTERBERG,ALBANY,BETWEEN APRIL 1841 ANS OCTOBER 1844,1844,,,,,
1171,NEL,NEL,NEL,STEPHANUS CHRISTOFFEL ANTHONIE,Stephanus Christoffel Anthonie,b2c2d3e3f5,a1b2c2d3e3f5,NELa1b2c2d3e3f5,,12/4/1819,1819,UITENHAGE,25/7/1819,1819,1819,VOLKSRUST,1819,2/5/1902,1902,GLEN LYNDEN,8/7/1839,1839,SUSANNA LOUIS,POTGIETER,WINTERBERG,ALBANY,,,,,,,
1172,NEL,NEL,NEL,WILLEM ANDRIES,Willem Andries,b2c2d44e3,a1b2c2d44e3,NELa1b2c2d44e3,,,,,3/4/1788,,1788,,1788,,,SWELLENDAM,3/12/1808,1808,MARIA ELISABETH,JOUBERT,GROOTSWARTBERG,SWELLENDAM,,,,,,,
1173,NEL,NEL,NEL,GERRIT CORNELIS JOHANNES,Gerrit Cornelis Johannes,b2c2d4e3f2,a1b2c2d4e3f2,NELa1b2c2d4e3f2,,,,,1/3/1818,,1818,,1818,,,SWELLENDAM,10/5/1835,1835,MARIA ELISABETH,VAN  TONDER,GROOTSWARTBERG,SWELLENDAM,BEFORE MARCH 1841,1841,,NATAL,,,
1174,NEL,NEL,NEL,WILLEM ANDRIES STEPHANUS,Willem Andries Stephanus,b2c2d4e3f4,a1b2c2d4e3f4,NELa1b2c2d4e3f4,,26/6/1821,1821,UITENHAGE,8/6/1822,1821,1822,,1821,,,NATAL,4/8/1845,1845,ANNA MARIA MARGARETHA SUSANNA,GOUWS,GROOTSWARTBERG,SWELLENDAM,BEFORE 1840,1840,,NATAL,,,
1175,NEL,NEL,NEL,GIDEON JACOBUS,Gideon Jacobus,b2c2d4e3f6,a1b2c2d4e3f6,NELa1b2c2d4e3f6,SWELLENDAM,25/7/1825,1825,SWELLENDAM,14/8/1825,1825,1825,NATAL,1825,31/5/1853,1853,,,,SUSANNA ELISABETH IGASINA,VAN STADEN,GROOTSWARTBERG,SWELLENDAM,BEFORE 1841,1841,,,,,
1176,NEL,NEL,NEL,JOHANNES PAULUS,Johannes Paulus,b2c2d5e1f2,a1b2c2d5e1f2,NELa1b2c2d5e1f2,,,,,28/8/1808,,1808,,1808,,,,,,WILHELMINA GERTRUYDA,VAN TONDER,GROOTSWARTBERG,SWELLENDAM,BETWEEN 22/6/1838 AND APRIL 1842,1842,WINBURG,,,,
1177,NEL,NEL,NEL,WILLEM,Willem,b2c2d5e7,a1b2c2d5e7,NELa1b2c2d5e7,,,,,3/2/1805,,1805,BETHLEHEM,1805,24/5/1877,1877,SOMERSET,2/3/1828,1828,JOHANNA DOROTHEA,DE LANGE,OOS-RIETRIVIER,SOMERSET,(?) 1845,1845,,,,,
1178,NEL,NEL,NEL,PHILIP JACOBUS,Philip Jacobus,b2c3d1e2f3,a1b2c3d1e2f3,NELa1b2c3d1e2f3,,,,,9/10/1803,,1803,,1803,,,,,,CHIRSTINA HELENA,GOUWS,KOONAP,ALBANY,NOVEMBER 1837,1837,L.J. NEL,NATAL,,,
1179,NEL,NEL,NEL,LOUIS JACOBUS SR.,Louis Jacobus Sr.,b2c3d1e4,a1b2c3d1e4,NELa1b2c3d1e4,,,,,5/2/1778,,1778,,1778,,,,25/4/1802,1802,JOHANNA MARGARETHA,BOTHA,OOS-RIETRIVIER,SOMERSET,NOVEMBER 1837,1837,LEADER,,,,
1180,NEL,NEL,NEL,JOHANNES PETRUS,Johannes Petrus,b2c3d1e4f1,a1b2c3d1e4f1,NELa1b2c3d1e4f1,,,,,24/4/1803,,1803,NATAL,1803,11/4/1838,1838,UITENHAGE,16/3/1823,1823,SUSANNA MARIA,NEL,KOONAP,ALBANY,NOVEMBER 1837,1837,L.J. NEL,,,,
1181,NEL,NEL,NEL,PHILIP RUDOLPH,Philip Rudolph,b2c3d1e4f2,a1b2c3d1e4f2,NELa1b2c3d1e4f2,,27/3/1804,1804,SWELLENDAM,6/5/1804,1804,1804,NATAL,1804,29/11/1883,1883,SOMERSET,19/2/1829,1829,ANNA FREDERIKA,CLAAS(S),OOS-RIETRIVIER,SOMERSET,NOVEMBER 1837,1837,L.J. NEL,,,,
1182,NEL,NEL,NEL,CECILIA JOHANNA JACOBA,Cecilia Johanna Jacoba,b2c3d1e4f3,a1b2c3d1e4f3,NELa1b2c3d1e4f3,,16/9/1805,1805,SWELLENDAM,2/4/1806,1805,1806,WEENEN,1805,18/7/1864,1864,UITENHAGE,4/3/1821,1821,STEPHANUS NERNADUS,BUYS,KOONAP,ALBANY,BETWEEN MIDDLE 1839 AND AUGUST 1842,1842,,,,,
1183,NEL,NEL,NEL,THEUNIS JACOBUS,Theunis Jacobus,b2c3d1e4f5,a1b2c3d1e4f5,NELa1b2c3d1e4f5,,,,,2/7/1810,,1810,NATAL,1810,11/10/1884,1884,,,,MARIA JOHANNA,ROUX,KOONAP,ALBANY,NOVEMBER 1837,1837,L.J. NEL,,,,
1184,NEL,NEL,NEL,LOUIS JACOBUS JR.,Louis Jacobus Jr.,b2c3d1e4f6,a1b2c3d1e4f6,NELa1b2c3d1e4f6,,28/12/1811,1811,TULBAGH,9/8/1812,1811,1812,ITALENI,1811,11/4/1838,1838,,,,HILLETJE LEVINA HELENE,BESTER,KOONAP,ALBANY,NOVEMBER 1837,1837,L.J. NEL JR,,,,
1185,NEL,NEL,NEL,WILLEM GABRIËL,Willem Gabriël,b2c3d1e4f7,a1b2c3d1e4f7,NELa1b2c3d1e4f7,,3/11/1813,1813,GEORGE,17/7/1814,1813,1814,MVOTI,1813,4/11/1902,1902,,7/4/1834,1834,MARTHA DOROTHEA CORNELIA,BOTHA,OOS-RIETRIVIER,SOMERSET,NOVEMBER 1837,1837,L.J. NEL,,,,
1186,NEL,NEL,NEL,HESTER (WEDUWEE P. DE LA REY),Hester (Weduwee P. De La Rey),b2c3d1e6,a1b2c3d1e6,NELa1b2c3d1e6,,,,,5/5/1782,,1782,,1782,,,,10/2/1799,1799,PIETER,DE LA REY,KANGO,GEORGE,1845,1845,SON,WINBURG,,,
1187,NEL,NEL,NEL,JACOBUS HERCULES,Jacobus Hercules,b2c3d1e7,a1b2c3d1e7,NELa1b2c3d1e7,,,,,9/5/1784,,1784,SOUTPANSBERG,1784,1869,1869,,,,MARGARETHA JACOBA,DE BEER,(?) BRUINTJIESHOOGTE,SOMERSET,(?) END OF 1837,1837,(?) L.J. NEL,,,,
1188,NEL,NEL,NEL,LOUIS,Louis,b2c3d4e1,a1b2c3d4e1,NELa1b2c3d4e1,,21/5/1780,1780,,,1780,,,1780,,,,15/3/1801,1801,GESINA MARIA BEATRIX,OLIVIER,OOS-RIETRIVIER,SOMERSET,(?) NOVEMBER 1837,1837,(?) L.J. NEL,,,,
1189,NEL,NEL,NEL,GABRIËL,Gabriël,b2c3d4e1f2,a1b2c3d4e1f2,NELa1b2c3d4e1f2,,,,,25/6/1809,,1809,,1809,,,PMB,16/3/1839,1839,MARIA MAGDELENA,BEKKER,OOS-RIETRIVIER,SOMERSET,(?) NOVEMBER 1837,1837,(?) L.J. NEL,,,,
1190,NEL,NEL,NEL,GERRIT CORNELIS,Gerrit Cornelis,b2c3d4e1f3,a1b2c3d4e1f3,NELa1b2c3d4e1f3,,11/9/1813,1813,GRAAFF-REINET,26/2/1815,1813,1815,ITALENI,1813,11/4/1838,1838,,,,ELISABETH FREDERIKA,NEL,KOONAP,BEAUFORT,NOVEMBER 1837,1837,L.J. NEL,,,,
1191,NEL,NEL,NEL,JEREMIAS JACOBUS,Jeremias Jacobus,b2c3d4e1f5,a1b2c3d4e1f5,NELa1b2c3d4e1f5,,29/3/1819,1819,,6/12/1819,1819,1819,NATAL,1819,26/4/1870,1870,PMB,17/11/1839,1839,ELSJE HENDRINA CATHARINA (MARIA),FICK,(?) OOS-RIETRIVIER,SOMERSET,(?) NOVEMBER 1837,1837,(?) L.J. NEL,,,,
1192,NEL,NEL,NEL,LOUIS JOHANNES,Louis Johannes,b2c3d4e4f6,a1b2c3d4e4f6,NELa1b2c3d4e4f6,,27/4/1821,1821,UITENHAGE,20/10/1821,1821,1821,MVOTI,1821,1861,1861,PMB,13/4/1839,1839,MAGDELENA HENRIETTA ELISABETH,RUDOLPH,OOS-RIETRIVIER,SOMERSET,(?) NOVEMBER 1837,1837,(?) L.J. NEL,,,,
1193,NEL,NEL,NEL,PIETER WILLEM ADRIAAN,Pieter Willem Adriaan,b9c5d4e4,a1b9c5d4e4,NELa1b9c5d4e4,,,,,14/3/1796,,1796,,1796,,,,,,HESTER DOROTHEA,BEKKER,,GEORGE,,,,,,,
1194,NIEMAND,NIEMAND,NIEMAND,IZAK JOHANNES,Izak Johannes,a2b6,a2b6,NIEMANDa2b6,,12/8/1789,1789,SWARTLAND (MALMESBURY),7/3/1790,1789,1790,,1789,,,GRAAFF-REINET,28/7/1811,1811,CATHARINA G.,STRYDOM,,COLESBERG,BEFORE 1835,1835,,,COLESBERG,,
1195,NIEMANN,NIEMANN,NIEMANN,PIETER JACOBUS JR.,Pieter Jacobus Jr.,a1b10c6d1,a1b10c6d1,NIEMANNa1b10c6d1,,6/2/1809,1809,GRAAFF-REINET,3/12/1809,1809,1809,"FAURESMITH, OVS",1809,8/12/1861,1861,GRAAFF-REINET,1/9/1833,1833,MARGARETHA ELISABETH,GROBBELAAR/GROBLER,NUWE HANTAM,GRAAFF-REINET/COLESBERG,BEFORE 1834,1834,,,,,
1196,NIEMANN,NIEMANN,NIEMANN,WILLEM ADRIAAN,Willem Adriaan,a1b10c6d3,a1b10c6d3,NIEMANNa1b10c6d3,,14/4/1814,1814,GRAAFF-REINET,4/10/1814,1814,1814,WINBURG,1814,20/12/1897,1897,GRAAFF-REINET,28/12/1834,1834,MARGARETHA JOHANNA,VAN DYK,NUWE HANTAM,GRAAFF-REINET/COLESBERG,BEFORE 1834,1834,,,CHRISTINA SUSANNA MARIA,,
1197,NIENABER,NIENABER,NIENABER,JACOBUS JOHANNES,Jacobus Johannes,b8c4,a1b8c4,NIENABERa1b8c4,,26/6/1817,1817,GRAAFF-REINET,3/8/1817,1817,1817,ZEERUST,1817,30/1/1894,1894,GRAAFF-REINET,26/6/1836,1836,CECILIA JACOMINA,VENTER,CAMDEBO,GRAAFF-REINET,BEFORE ABOUT 1841,1841,,TRANSORANJE,,,
1198,NIEUWENHUIZEN,NIEUWENHUIZEN,NIEUWENHUIZEN,PETRUS JOHANNES,Petrus Johannes,b5c3d2,a1b5c3d2,NIEUWENHUIZENa1b5c3d2,,22/11/1811,1811,GRAAFF-REINET,11/10/1812,1811,1812,GRAAFF-REINET,1811,6/12/1829,1829,,,,MAGDELENA CHRISTINA,BRONKHORST,BRAKRIVIER,SOMERSET,(?) BEGIN 1836,1836,(?) A.H. POTGIETER,,POTCHEFSTROOM,,
1199,NIEUWENHUIZEN,NIEUWENHUIZEN,NIEUWENHUIZEN,HENDRIK PETRUS,Hendrik Petrus,b5c3d3,a1b5c3d3,NIEUWENHUIZENa1b5c3d3,,2/10/1814,1814,GRAAFF-REINET,15/1/1815,1814,1815,,1814,,,GRAAFF-REINET,15/9/1833,1833,MARIA ISABELLA,DE KOKER,BRAKRIVIER,SOMERSET,,,,,,,
1200,NOORDMAN,NOORDMAN,NOORDMAN,GODLIEB ANTONIE,Godlieb Antonie,b5,a1b5,NOORDMANa1b5,SWELLENDAM,12/8/1806,1806,SWELLENDAM,25/4/1807,1806,1807,SMITHFIELD,1806,27/11/1882,1882,GEORGE,20/9/1833,1833,SUSANNA (SARA) HELENA,SCHOEMAN,,(?) COLESBERG,1837,1837,,,,,
1201,NORTJÉ,NORTJÉ,NORTJÉ,JOACHIM JOHANNES PETRUS,Joachim Johannes Petrus,a1b3c5d4e5,a1b3c5d4e5,NORTJÉa1b3c5d4e5,,,,,29/3/1823,,1823,,1823,1850,1850,POTCHEFSTROOM,7/10/1845,1845,MARTHA CORNELIA MARIA,VAN GREUNEN,,(?) SOMERSET,,,,,,,
1202,NORTJÉ,NORTJÉ,NORTJÉ,DANIEL THEODORE WILLEM MAARTEN JOHANNES,Daniel Theodore Willem Maarten Johannes,a1b5c8d2e6,a1b5c8d2e6,NORTJÉa1b5c8d2e6,,11/9/1808,1808,,,1808,,,1808,,,BEAUFORT,16/4/1827,1827,DINA JOHANNA ADRIANA,BROODRYK,NUWEVELD,BEAUFORT,AROUND JULY 1837,1837,(?) JACOB DE KLERK,,,,
1203,NORTJÉ,NORTJÉ,NORTJÉ,PETRUS (PIETER) JOHANNES SR.,Petrus (Pieter) Johannes Sr.,a3b3c5d7,a3b3c5d7,NORTJÉa3b3c5d7,,,,,30/12/1790,,1790,,1790,,,SWELLENDAM,5/8/1808,1808,ANNA CATHARINA,VOSLOO,,GEORGE,BEFORE JUNE 1836,1836,,TRANSORANJE,,,
1204,NORTJÉ,NORTJÉ,NORTJÉ,PETRUS (PIETER) JOHANNES JR.,Petrus (Pieter) Johannes Jr.,a3b3c5d7e2,a3b3c5d7e2,NORTJÉa3b3c5d7e2,,1/10/1815,1815,GEORGE,22/10/1815,1815,1815,,1815,,,BEAUFORT,11/10/1835,1835,ANNA MAGDELENA,WILLERS,,GEORGE,(?) 1836,1836,,,,,
1205,NORTJÉ,NORTJÉ,NORTJÉ,JACOB JOHANNES,Jacob Johannes,a3b5c8d2e3,a3b5c8d2e3,NORTJÉa3b5c8d2e3,,,,,9/3/1800,,1800,,1800,,,BEAUFORT,15/2/1824,1824,ANNA  CATHARINA BARBARA,ROETS,NUWEVELD,BEAUFORT,(?) JULY 1837,1837,(?) JACOB DE KLERK,,BEAUFORT,,
1206,ODENDAAL,ODENDAAL,ODENDAAL,JOHANNES CASPARUS,Johannes Casparus,b3c1d8,a1b3c1d8,ODENDAALa1b3c1d8,,,,STELLENBOSCH,26/6/1785,,1785,,1785,,,SWELLENDAM,APRIL 1810,1810,SUSANNA ENGELA,ODENDAAL,ONDER-BOESMANSRIVIER,UITENHAGE,END OF OCTOBER 1837,1837,K.P. LANDMAN,,,,
1207,ODENDAAL,ODENDAAL,ODENDAAL,JACOBUS JOHANNES,Jacobus Johannes,b3c1d8e4,a1b3c1d8e4,ODENDAALa1b3c1d8e4,,,,SWELLENDAM,19/10/1817,,1817,NATAL,1817,25/8/1898,1898,,24/4/1841,1841,SUSANNA,NEL,ONDER-BOESMANSRIVIER,UITENHAGE,END OF OCTOBER 1837,1837,K.P. LANDMAN,,,,
1208,ODENDAAL,ODENDAAL,ODENDAAL,JACOBUS PAULUS,Jacobus Paulus,b3c1d9,a1b3c1d9,ODENDAALa1b3c1d9,,,,STELLENBOSCH,6/4/1788,,1788,KROONSTAD,1788,26/7/1858,1858,CALEDON,2/5/1813,1813,WILHELMINA MICHIELINA,HAMMAN,BO-BOESMANSRIVIER,SOMERSET,BEFORE 1848,1848,,,,,
1209,ODENDAAL,ODENDAAL,ODENDAAL,ADRIAAN ISAAK,Adriaan Isaak,b9c5d1,a1b9c5d1,ODENDAALa1b9c5d1,,,,SWELLENDAM,30/3/1812,,1812,NATAL,1812,27/7/1879,1879,SWELLENDAM,6/5/1832,1832,JOHANNA WILHEMINA,BADENHORST,ONDER-DUIVENHOKSRIVIER,SWELLENDAM,BETWEEN 16/2/1838 AND MAY 1841,1841,(?) AS A FAMILY,,,,
1210,ODENDAAL,ODENDAAL,ODENDAAL,WILLEM ADRIAAN,Willem Adriaan,b9c5d2,a1b9c5d2,ODENDAALa1b9c5d2,,,,,25/9/1814,,1814,HARRISMITH,1814,30/10/1891,1891,,,,ELISABETH LOURENTIA,BADENHORST,ONDER-DUIVENHOKSRIVIER,SWELLENDAM,BETWEEN 16/2/1838 AND APRIL 1840,1840,,TRANSORANJE,,,
1211,OLIVIER,OLIVIER,OLIVIER,BAREND JACOBUS,Barend Jacobus,a1b2c2d1e1f3g3,a1b2c2d1e1f3g3,OLIVIERa1b2c2d1e1f3g3,,21/12/1818,1818,CRADOCK,31/1/1819,1818,1819,HEIDELBERG,1818,30/5/1886,1886,CRADOCK,6/8/1837,1837,SUSANNA JOSINA,GOUWS,BRAKRIVIER,SOMERSET,(?) OCTOBER 1837,1837,(?) JAN DU PLESSIS,,,,
1212,OLIVIER,OLIVIER,OLIVIER,ADRIAAN JACOBUS JEREMIAS,Adriaan Jacobus Jeremias,a2b4c11d2e2,a2b4c11d2e2,OLIVIERa2b4c11d2e2,,,,TULBAGH,9/10/1792,,1792,HARRISMITH,1792,25/7/1867,1867,CALEDON,11/9/1814,1814,DINA ELISABETH JOHANNA CORNELIA,DU PISANI,GAMKA,BEAUFORT,(?) MIDDLE 1837,1837,,,,,
1213,OLIVIER,OLIVIER,OLIVIER,OCKERT ANDRIES,Ockert Andries,a2b4c11d2e4,a2b4c11d2e4,OLIVIERa2b4c11d2e4,,,,SWELLENDAM,30/3/1800,,1800,,1800,,,SWELLENDAM,2/12/1821,1821,MARIA MAGDELENA,VAN DEN BERG,GAMKA,BEAUFORT,AROUND MIDDLE 1837,1837,JACOB DE KLERK(?),,,,
1214,OLIVIER,OLIVIER,OLIVIER,OCKERT JOHANNES STEPHANUS,Ockert Johannes Stephanus,a2b4c6d7e2,a2b4c6d7e2,OLIVIERa2b4c6d7e2,,,,,25/12/1795,,1795,,1795,,,GRAAFF-REINET,8/12/1816,1816,ANNA CATHARINA,BOTHA,(?) TARKA,SOMERSET,BEFORE NOVEMBER 1839 BUT AFTER OCTOBER 1837,1837,,,CRADOCK,,
1215,OLIVIER,OLIVIER,OLIVIER,GERRIT CORNELIS,Gerrit Cornelis,a2b4c6d7e2f2,a2b4c6d7e2f2,OLIVIERa2b4c6d7e2f2,,25/7/1820,1820,CRADOCK,2/10/1820,1820,1820,HEILBRON,1820,14/10/1884,1884,NATAL,11/4/1840,1840,SUSANNA JOHANNA,ROETS,TARKA,SOMERSET,BEFORE 1840,1840,,TRANSORANJE,,,
1216,OOSTHUIZEN,OOSTHUIZEN,OOSTHUIZEN,PETRUS WILHELM SR.,Petrus Wilhelm Sr.,b1c10d1,a1b1c10d1,OOSTHUIZENa1b1c10d1,,,,,27/1/1782,,1782,,1782,,,,,,JOHANNA WILHEMINA,SNYMAN,,UITENHAGE,BEFORE 1844,1844,,NATAL,UITENHAGE,,
1217,OOSTHUIZEN,OOSTHUIZEN,OOSTHUIZEN,PHILIPPUS JOHANNES,Philippus Johannes,b1c10d1e5,a1b1c10d1e5,OOSTHUIZENa1b1c10d1e5,,,,,19/6/1814,,1814,,1814,,,,27/3/1834,1834,MARIA ELISABETH,VAN NIEKERK,,,BEFORE 1846,1846,,NATAL,,,
1218,OOSTHUIZEN,OOSTHUIZEN,OOSTHUIZEN,PETRUS WILHELMUS JR.,Petrus Wilhelmus Jr.,b1c10d1e9,a1b1c10d1e9,OOSTHUIZENa1b1c10d1e9,,11/9/1821,1821,GEORGE,26/9/1821,1821,1821,,1821,,,,19/10/1844,1844,SARA JOHANNA SUSANNA,VAN NIEKERK,,UITENHAGE,BEFORE 1845,1845,,NATAL,,,
1219,OOSTHUIZEN,OOSTHUIZEN,OOSTHUIZEN,THEUNIS GERHARDUS,Theunis Gerhardus,b1c4d2e2,a1b1c4d2e2,OOSTHUIZENa1b1c4d2e2,,9/6/1805,1805,SWELLENDAM,20/9/1805,1805,1805,PORT NATAL,1805,1/7/1842,1842,UITENHAGE,6/3/1825,1825,JACOBA SUSANNA,SCHEEPERS,ONDER-BOESMANSRIVIER,UITENHAGE,END OF OCTOBER 1837,1837,K.P. LANDMAN,,,,
1220,OOSTHUIZEN,OOSTHUIZEN,OOSTHUIZEN,JOHANNES HENDRICUS,Johannes Hendricus,b1c4d5e1,a1b1c4d5e1,OOSTHUIZENa1b1c4d5e1,,20/9/1807,1807,SWELLENDAM,20/3/1808,1807,1808,,1807,,,UITENHAGE,7/4/1828,1828,TYSINA GERMINA CLASINA,KNOETZEN,ONDER-BOESMANSRIVIER,UITENHAGE,AROUND MARCH 1837,1837,(?) GERT RUDOLPH,,,,
1221,OOSTHUIZEN,OOSTHUIZEN,OOSTHUIZEN,PETRUS WILHELMUS,Petrus Wilhelmus,b1c4d5e4,a1b1c4d5e4,OOSTHUIZENa1b1c4d5e4,,6/3/1814,1814,GEORGE,17/7/1814,1814,1814,,1814,,,,,,JOHANNA SUSANNA,VAN NIEKERK,(?) ONDER-BOESMANSRIVIER,UITENHAGE,AROUND MARCH 1837,1837,(?) GERT RUDOLPH,,,,
1222,OOSTHUIZEN,OOSTHUIZEN,OOSTHUIZEN,NICOLAAS JACOBUS,Nicolaas Jacobus,b1c4d5e7,a1b1c4d5e7,OOSTHUIZENa1b1c4d5e7,,14/8/1821,1821,UITENHAGE,25/11/1821,1821,1821,KWAMITHANE,1821,6/2/1838,1838,,,,,,ONDER-BOESMANSRIVIER,UITENHAGE,BETWEEN SEPTEMBER AND DECEMBER 1837,1837,,,,,
1223,OOSTHUIZEN,OOSTHUIZEN,OOSTHUIZEN,GERHARDUS MARTHINUS,Gerhardus Marthinus,b1c4d5e8,a1b1c4d5e8,OOSTHUIZENa1b1c4d5e8,,14/8/1821,1821,UITENHAGE,25/11/1821,1821,1821,,1821,,,,,,,,ONDER-BOESMANSRIVIER,UITENHAGE,AROUND MARCH 1836,1836,(?) GERT RUDOLPH,,,,
1224,OOSTHUIZEN,OOSTHUIZEN,OOSTHUIZEN,MARTHINUS,Marthinus,b1c4d7,a1b1c4d7,OOSTHUIZENa1b1c4d7,,,,,6/2/1791,,1791,KWAMITHANE,1791,6/2/1838,1838,GRAAFF-REINET,28/5/1812,1812,DIRKJE ELISABETH,MARAIS,ONDER-BOESMANSRIVIER,UITENHAGE,MARCH 1837,1837,GERT RUDOLPH,,,,
1225,OOSTHUIZEN,OOSTHUIZEN,OOSTHUIZEN,JOHANNES HENDRIK LODEWYK,Johannes Hendrik Lodewyk,b1c4d7e2,a1b1c4d7e2,OOSTHUIZENa1b1c4d7e2,,,,GRAAFF-REINET,15/2/1817,,1817,NATAL,1817,6/2/1838,1838,UITENHAGE,23/8/1835,1835,CATHARINA AGATHA,SCHEEPERS,ONDER-BOESMANSRIVIER,UITENHAGE,MARCH 1837,1837,GERT RUDOLPH,,,,
1226,OOSTHUIZEN,OOSTHUIZEN,OOSTHUIZEN,MARTHINUS JACOBUS,Marthinus Jacobus,b1c4d7e3,a1b1c4d7e3,OOSTHUIZENa1b1c4d7e3,,14/10/1818,1818,UITENHAGE,8/4/1819,1818,1819,NATAL,1818,2/4/1897,1897,ON TREK,5/8/1838,1838,ALETTA BERNHARDINA,RUDOLPH,ONDER-BOESMANSRIVIER,UITENHAGE,MARCH 1837,1837,GERT RUDOLPH,,,,
1227,OOSTHUIZEN,OOSTHUIZEN,OOSTHUIZEN,BAREND GABRIËL,Barend Gabriël,b1c4d7e4,a1b1c4d7e4,OOSTHUIZENa1b1c4d7e4,,5/12/1822,1822,UITENHAGE,12/1/1823,1822,1823,,1822,,,PMB,22/10/1842,1842,JOHANNA MAGDELENA,RUDOLPH,ONDER-BOESMANSRIVIER,UITENHAGE,MARCH 1837,1837,GERT RUDOLPH,,,,
1228,OOSTHUIZEN,OOSTHUIZEN,OOSTHUIZEN,MARIA ELISABETH,Maria Elisabeth,b1c5d4,a1b1c5d4,OOSTHUIZENa1b1c5d4,,,,,24/5/1778,,1778,PMB,1778,17/3/1846,1846,,7/4/1793,1793,SALOMON,MARITZ,,GRAAFF-REINET,MIDDLE SEPTEMBER 1836,1836,GERT MARITZ,,,,
1229,OOSTHUIZEN,OOSTHUIZEN,OOSTHUIZEN,GERHARDUS JACOBUS,Gerhardus Jacobus,b1c5d5e2,a1b1c5d5e2,OOSTHUIZENa1b1c5d5e2,,4/8/1801,1801,,17/4/1803,1801,1803,RUSTENBURG,1801,7/7/1892,1892,UITENHAGE,1/2/1824,1824,SUSARA ELISABETH,GEERE,,SOMERSET,BEFORE 1841,1841,,,,,
1230,OOSTHUIZEN,OOSTHUIZEN,OOSTHUIZEN,BARBARA PERTRONELLA (WEDUWEE P.W. OOSTHUIZEN),Barbara Pertronella (Weduwee P.W. Oosthuizen),b1c7d10,a1b1c7d10,OOSTHUIZENa1b1c7d10,,,,,6/5/1790,,1790,,1790,,,STELLENBOSCH,19/4/1807,1807,PETRUS WILHEMUS,OOSTHUIZEN,ONDER-BOESMANSRIVIER,UITENHAGE,AROUND MARCH 1837,1837,(?) GERHARDUS RUDOLPH,,,,
1231,OOSTHUIZEN,OOSTHUIZEN,OOSTHUIZEN,JOHANNES JACOBUS SR.,Johannes Jacobus Sr.,b7c2d3,a1b7c2d3,OOSTHUIZENa1b7c2d3,,,,,6/11/1785,,1785,NATAL,1785,27/12/1838,1838,,,,JOHANNA MARIA,JANSEN,KOUP,BEAUFORT,AROUND 1837,1837,,,,,
1232,OOSTHUIZEN,OOSTHUIZEN,OOSTHUIZEN,JOHANNES JACOBUS JR.,Johannes Jacobus Jr.,b7c2d3e2,a1b7c2d3e2,OOSTHUIZENa1b7c2d3e2,,18/10/1818,1818,BEAUFORT,28/11/1819,1818,1819,,1818,,,,,,ANNA JOHANNA,VAN DYK,,,AROUND 1837,1837,,,LADYSMITH,,
1233,OOSTHUIZEN,OOSTHUIZEN,OOSTHUIZEN,DANIËL JACOBUS JOHANNES,Daniël Jacobus Johannes,b7c3d13,a1b7c3d13,OOSTHUIZENa1b7c3d13,,,,,20/3/1808,,1808,,1808,,,,,,MARTHA MARIA ELIZABETH,ERASMUS,,,BEFORE APRIL 1841,1841,,WITWATERSRAND,,,
1234,OOSTHUIZEN,OOSTHUIZEN,OOSTHUIZEN,OCKERT JACOBUS,Ockert Jacobus,b7c3d2e1,a1b7c3d2e1,OOSTHUIZENa1b7c3d2e1,,22/7/1809,1809,SWELLENDAM,10/12/1809,1809,1809,ALBERTINA,1809,23/3/1876,1876,BEAUFORT,9/2/1834,1834,SOPHIA ALETTA PETRONELLA WILHELMINA SUSANNA,JANSE VAN VUUREN,TRAKA,BEAUFORT,BEFORE 1842,1842,,,,,
1235,OOSTHUIZEN,OOSTHUIZEN,OOSTHUIZEN,CORNELIS ANDRIES,Cornelis Andries,b7c3d7,a1b7c3d7,OOSTHUIZENa1b7c3d7,,,,,24/1/1793,,1793,,1793,,,GRAAFF-REINET,11/4/1813,1813,JOHANNA MATCHTELD PETRONELLA,STRYDOM,,BEAUFORT,,,BEFORE 1840,,,,
1236,OOSTHUIZEN,OOSTHUIZEN,OOSTHUIZEN,OCKERT ANDREAS,Ockert Andreas,b7c3d7e1,a1b7c3d7e1,OOSTHUIZENa1b7c3d7e1,GEORGE,8/4/1814,1814,GEORGE,10/7/1814,1814,1814,CALEDONRIVIER,1814,16/5/1884,1884,BEAUFORT,17/1/1834,1834,ADRIANA CECILIA,OOSTHUIZEN,BEAUFORT,AROUND 1840,,,,,,,
1237,OOSTHUIZEN,OOSTHUIZEN,OOSTHUIZEN,DANIËL JACOBUS,Daniël Jacobus,b7c3d7e4,a1b7c3d7e4,OOSTHUIZENa1b7c3d7e4,BEAUFORT,26/7/1821,1821,BEAUFORT,19/8/1821,1821,1821,KRUGERSDORP,1821,6/6/1899,1899,,1840,1840,CATHARINA,BREYTENBACH,,BEAUFORT,AROUND 1840,1840,,,,,
1238,OPPEL,OPPEL,OPPEL,BERNARD WILHELM,Bernard Wilhelm,b3c10,a1b3c10,OPPELa1b3c10,,,,CAPE TOWN,17/12/1820,,1820,,1820,,,COLESBERG,26/12/1838,1838,,,,(?) COLESBERG,BEFORE 1838,1838,,,,,
1239,OPPERMAN,OPPERMAN,OPPERMAN,GODLIEB JOHANNES,Godlieb Johannes,b1c8d1,a1b1c8d1,OPPERMANa1b1c8d1,,,,,4/3/1790,,1790,,1790,,,,,,ANNA SUSANNA,CILLIERS,(?) BEAUFORT,,,,,,,,
1240,OPPERMAN,OPPERMAN,OPPERMAN,JOHANNES JACOBUS,Johannes Jacobus,b1c8d2,a1b1c8d2,OPPERMANa1b1c8d2,,,,,22/9/1805,,1805,KWAMATHIWANE,1805,6/2/1838,1838,BEAUFORT,5/11/1826,1826,CHRISTINA,BROODRYK,,CRADOCK,AROUND 1837,1837,,NATAL,,,
1241,OPPERMAN,OPPERMAN,OPPERMAN,JOHANNES LODEWICUS,Johannes Lodewicus,b1c8d5,a1b1c8d5,OPPERMANa1b1c8d5,,,,,3/10/1812,,1812,,1812,,,,,,,,,(?) BEAUFORT,(?) 1837,1837,,,,,
1242,OPPERMAN,OPPERMAN,OPPERMAN,CHRISTIAAN MATTHYS,Christiaan Matthys,b1c8d8,a1b1c8d8,OPPERMANa1b1c8d8,,14/7/1817,1817,GRAAFF-REINET,8/2/1818,1817,1818,,1817,,,,,,MARIA MAGDELENA,VENTER,,BEAUFORT,BEFORE 1840,1840,,NATAL,,,
1243,OPPERMAN,OPPERMAN,OPPERMAN,PHILIPPUS ALBERTUS,Philippus Albertus,b1c9,a1b1c9,OPPERMANa1b1c9,,,,,14/9/1777,,1777,,1777,,,,16/12/1798,1798,JOHANNA PETRONELLA,ERASMUS,BAVIAANSRIVIER,SOMERSET,NOVEMBER/DECEMBER 1837,1837,LEADER,,,,
1244,OPPERMAN,OPPERMAN,OPPERMAN,GODLIEB RUDOLPH,Godlieb Rudolph,b1c9d1,a1b1c9d1,OPPERMANa1b1c9d1,,1800,1800,,,1800,,RUSTENBURG,1800,9/8/1882,1882,CRADOCK,6/8/1820,1820,ANNA MARIA ELISABETH,GREYLING,BAVIAANSRIVIER,SOMERSET,AROUND END MARCH 1838,1838,,,,,
1245,OPPERMAN,OPPERMAN,OPPERMAN,DANIËL JACOBUS,Daniël Jacobus,b1c9d2,a1b1c9d2,OPPERMANa1b1c9d2,,27/11/1804,1804,GRAAFF-REINET,20/5/1805,1804,1805,OHRIGSTAD,1804,24/5/1846,1846,SOMERSET,2/7/1826,1826,SUSANNA SOPHIA,LÖTTER,BAVIAANSRIVIER,SOMERSET,NOVEMBER/DECEMBER 1837,1837,PHILIPPUS ALBERTUS OPPERMAN,,,,
1246,OTTO,OTTO,OTTO,JOHAN PHILIP,Johan Philip,a4b1,a4b1,OTTOa4b1,,BETWEEN 1794 AND 1800,1800,,,1800,,,1800,,,,,,,,,BEAUFORT,AFTER 9/6/1838,1838,,,,,
1247,OTTO,OTTO,OTTO,JOHAN FREDERIK,Johan Frederik,a4b4,a4b4,OTTOa4b4,,24/3/1806,1806,,9/8/1807,1806,1807,POTCHEFSTROOM,1806,25/10/1876,1876,,5/5/1828,1828,ANNA,PRETORIOUS,,BEAUFORT,,,,,,,
1248,OTTO,OTTO,OTTO,HENDRIK ROBIAS,Hendrik Robias,a4b5,a4b5,OTTOa4b5,,,,,1808,,1808,,1808,,,BEAUFORT,6/5/1838,1838,FRANCINA ELISABETH,SMIT,NUWEVELD,BEAUFORT,(?) AROUND 1840,1840,,,,,
1249,OTTO,OTTO,OTTO,PETRUS ALBERTUS RYNO,Petrus Albertus Ryno,a5b1c9d8,a5b1c9d8,OTTOa5b1c9d8,,29/3/1810,1810,STELLENBOSCH,22/4/1810,1810,1810,NATAL,1810,10/5/1890,1890,CALEDON,31/8/1828,1828,GEERTRUYDA JACOMINA,WESSELS,,CALEDON,1840/1841,1841,,NATAL,,,
1250,PELZER,PELZER,PELZER,CAREL JOHANNES,Carel Johannes,b2c4d1e1,a1b2c4d1e1,PELZERa1b2c4d1e1,,,,GRAAFF-REINET,17/11/1798,,1798,"MALAPSTAD, WINBURG",1798,08/01/1866,1866,CRADOCK,08/07/1822,1822,MAGDALENA ADRIANA,BEUKES,BRAKRIVIER,CRADOCK,CA 1839,1839,,WINBURG,,,
1251,PELZER,PELZER,PELZER,JOHANNES JACOBUS,Johannes Jacobus,b2c4d1e4,a1b2c4d1e4,PELZERa1b2c4d1e4,,06/12/1806,1806,GRAAFF-REINET,15/02/1807,1806,1807,"THORNTON, NATAL",1806,07/05/1890,1890,,,,PETRONELLA DOROTHEA,BEUKES,"RAASFONTEIN, TARKA",SOMERSET,BEFORE 26/06/1838,1838,,NATAL,CRADOCK,,
1252,PELZER,PELZER,PELZER,PETRUS CORNELIS JACOBUS,Petrus Cornelis Jacobus,b2c4d1e6,a1b2c4d1e6,PELZERa1b2c4d1e6,,31/10/1814,1814,GRAAFF-REINET,15/01/1815,1814,1815,"VERGENOEGD, GROOT MARICO",1814,11/11/1897,1897,CRADOCK,07/02/1836,1836,MARIA GESINA CHRISTINA,PRETORIUS,BRAKRIVIER,CRADOCK,CA 1839,1839,,ORANJERIVIER THEN MARICO,POTCHEFSTROOM,,
1253,PELZER,PELZER,PELZER,PETRUS CORNELIS,Petrus Cornelis,b2c5d3e3,a1b2c5d3e3,PELZERa1b2c5d3e3,,26/12/1811,1811,GRAAFF-REINET,11/10/1812,1811,1812,"KLIPFONTEIN, ROUXVILLE",1811,23/10/1894,1894,GRAAFF-REINET,04/09/1831,1831,MARIA GERTRUIDA MAGDALENA,SWANEPOEL,BRAKRIVIER,SOMERSET,CA 1840,1840,ORANJERIVIER THEN ROUXVILLE,,COLESBERG,,
1254,PELZER,PELZER,PELZER,PIETER ANDRIES HENDRIK,Pieter Andries Hendrik,b2c5d3e4,a1b2c5d3e4,PELZERa1b2c5d3e4,,25/12/1813,1813,GRAAFF-REINET,24/04/1814,1813,1814,,1813,,,CRADOCK,02/04/1832,1832,MARIA SOPHIA,MYBURGH,BRAKRIVIER,SOMERSET,BEFORE 1833,1833,,ORANJERIVIER THEN RUSTENBURG,,,
1255,PELZER,PELZER,PELZER,ABRAHAM JOHANNES,Abraham Johannes,b2c6d5,a1b2c6d5,PELZERa1b2c6d5,,25/04/1797,1797,,15/10/1797,1797,1797,,1797,,,GRAAFF-REINET,09/03/1817,1817,HENDRINA JACOBA MARIA,VAN ASWEGEN,"MOOIFONTEIN, BRAKRIVIER",SOMERSET,PROBABLY EARLY JANUARY 1836,1836,A.H. POTGIETER,OHRIGSTAD,POTCHEFSTROOM,,
1256,PIEK,PIEK,PIEK,ANDRIES CHRISTOFFEL SR.,Andries Christoffel Sr.,b10c3,a1b10c3,PIEKa1b10c3,,18/03/1783,1783,,04/01/1784,1783,1784,"RENOSTERRIVIER, PHILIPPOLIS",1783,28/11/1858,1858,CAPE TOWN,25/03/1804,1804,CAROLINA FREDERICA,GEERE,VISRIVIER,ALBANY,CA FEBRUARY 1837,1837,PROBABLY PIET RETIEF,OVS,,,
1257,PIEK,PIEK,PIEK,ANDRIES CHRISTOFFEL JR.,Andries Christoffel Jr.,b10c3d1,a1b10c3d1,PIEKa1b10c3d1,,,,,,,,"OLIFANTSDRIF, KROKODILRIVER",,1876,1876,SOMERSET,03/06/1832,1832,CATHARINA ELISABETH,PRINSLOO,WINTERBERG,ALBANY,CA FEBRUARY 1837,1837,PROBABLY PIET RETIEF,,,,
1258,PIEK,PIEK,PIEK,GEORGE DIEDERIK FREDERIK,George Diederik Frederik,b10c3d2,a1b10c3d2,PIEKa1b10c3d2,,,,UITENHAGE,CA 1808,,1808,"PALMIETFONTEIN, STANDERTON",1808,15/09/1886,1886,,,,MARIA CATHARINA ADRIANA,POTGIETER,WINTERBERG,ALBANY,BETWEEN 1839 AND 1843,1843,,STANDERTON,,,
1259,PIENAAR,PIENAAR,PIENAAR,PETRUS ARNOLDUS,Petrus Arnoldus,b2c3d4e5,a1b2c3d4e5,PIENAARa1b2c3d4e5,"OU HANTAM, ROGGEVELD, TULBAGH/ WORCESTER",,,TULBAGH,10/10/1779,,1779,NORTH OF ORANJE,1779,03/04/1839,1839,TULBAGH,19/01/1806,1806,ANNA ELISABETH,VISAGIE,,COLESBERG,BEFORE 1839,1839,,NORTH OF ORANJE,,,
1260,PIENAAR,PIENAAR,PIENAAR,JOHANNES JACOBUS,Johannes Jacobus,b2c3d7e10,a1b2c3d7e10,PIENAARa1b2c3d7e10,,08/08/1814,1814,GRAAFF-REINET,27/03/1815,1814,1815,DEWETSDORP,1814,02/10/1880,1880,GRAAFF-REINET,29/09/1833,1833,MARGARETHA JOHANNA ADRIANA,VENTER,,COLESBERG,CA 1840,1840,,BLOEMFONTEIN AND LATER DEWETSDORP,BLOEMFONTEIN,,
1261,PIENAAR,PIENAAR,PIENAAR,ABEL JACOBUS,Abel Jacobus,b2c3d7e2f1,a1b2c3d7e2f1,PIENAARa1b2c3d7e2f1,COLESBERG,20/11/1814,1814,GRAAFF-REINET,27/03/1815,1814,1815,TROMPSBURG,1814,20/11/1903,1903,GRAAFF-REINET,01/03/1835,1835,FRANCINA JOHANNA HUIBRECHT,KOTZE,,COLESBERG,BETWEEN 1840 AND 1842,1842,,SMITHFIELD THEN BETHULIE AND TROMPSBURG,,,
1262,PIENAAR,PIENAAR,PIENAAR,JACOB ARNOLDUS,Jacob Arnoldus,b2c3d7e5,a1b2c3d7e5,PIENAARa1b2c3d7e5,"OU HANTAM, ROGGEVELD, TULBAGH/ WORCESTER",08/07/1801,1801,SWARTLAND,25/12/1801,1801,1801,"VISGAT, FAURESMITH",1801,12/10/1852,1852,GRAAFF-REINET,12/04/1822,1822,ALETTA PETRONELLA,VAN HEERDEN,NUWE HANTAM,COLESBERG,BETWEEN 1838 AND 1840,1840,,FAURESMITH,,,
1263,PIENAAR,PIENAAR,PIENAAR,ABEL JACOBUS,Abel Jacobus,b2c3d7e5f1,a1b2c3d7e5f1,PIENAARa1b2c3d7e5f1,,15/06/1823,1823,GRAAFF-REINET,11/09/1823,1823,1823,"VISGAT, FAURESMITH",1823,14/01/1876,1876,COLESBERG,03/04/1848,1848,CORNELIA JACOBA,VAN ASWEGEN,NUWE HANTAM,COLESBERG,BETWEEN 1840 AND 1842 (?),(?),HIS PARENTS,FAURESMITH,PHILIPPOLIS,,
1264,PIENAAR,PIENAAR,PIENAAR,SCHALK JACOBUS,Schalk Jacobus,b2c5d6e1f5,a1b2c5d6e1f5,PIENAARa1b2c5d6e1f5,,11/01/1809,1809,GRAAFF-REINET,29/01/1809,1809,1809,"VAALBANK, CALEDONRIVER, SMITHFIELD",1809,25/07/1863,1863,GRAAFF-REINET,23/12/1832,1832,ANNA JACOBA CATHARINA,VAN ASWEGEN,,GRAAFF-REINET,BEFORE NOVEMBER 1837,1837,,SMITHFIELD,BLOEMFONTEIN,,
1265,PIETERS,PIETERS,PIETERS,HERMANUS BERN(H)ARDUS SR.,Hermanus Bern(H)Ardus Sr.,a1b2c2d2,a1b2c2d2,PIETERSa1b2c2d2,,18/10/1776,1776,,24/11/1776,1776,1776,"PIETERSDAL, BETHLEHEM",1776,04/02/1851,1851,SWELLENDAM,10/11/1799,1799,SUSANNA MARIA,GROENEWALD,"KLIPFONTEIN, ONDER-RIVIERSONDEREND",SWELLENDAM,GOT PERMISSION ON 20/11/1837,1837,AS A FAMILY WITH P.L. UYS,NATAL,,,
1266,PIETERS,PIETERS,PIETERS,JACOBUS HENDRICUS,Jacobus Hendricus,a1b2c2d2e10,a1b2c2d2e10,PIETERSa1b2c2d2e10,SWELLENDAM,19/03/1820,1820,CALEDON,28/05/1820,1820,1820,"PIETERSDEEL, KROONSTAD",1820,29/12/1887,1887,WINBURG,28/12/1848,1848,JOHANNA MAGDALENA,ENGELBRECHT,"KLIPFONTEIN, ONDER-RIVIERSONDEREND",SWELLENDAM,GOT PERMISSION ON 20/11/1837,1837,FAMILY TREK UNDER HERMANUS BERNARDUS PIETERS,,,,
1267,PIETERS,PIETERS,PIETERS,WESSEL HENDRIK,Wessel Hendrik,a1b2c2d2e11,a1b2c2d2e11,PIETERSa1b2c2d2e11,SWELLENDAM,29/04/1822,1822,,07/07/1822,1822,1822,ARLINGTON,1822,17/12/1901,1901,PMB,06/08/1842,1842,MAGDALENA MARIA,MALAN,"PROBABLY KLIPFONTEIN, ONDER-RIVIERSONDEREND",SWELLENDAM,END 1837,1837,AS A FAMILY,NATAL THEN TRANSORANJE,,,
1268,PIETERS,PIETERS,PIETERS,BERNHARDUS HERMANUS,Bernhardus Hermanus,a1b2c2d2e2,a1b2c2d2e2,PIETERSa1b2c2d2e2,,05/08/1802,1802,,19/09/1802,1802,1802,"UITVLUCHT, BETHLEHEM",1802,13/02/1874,1874,,,,,,"KLIPFONTEIN, ONDER-RIVIERSONDEREND",SWELLENDAM,AFTER 20/11/1837,1837,FAMILY TREK(?),,,,
1269,PIETERS,PIETERS,PIETERS,COENRAAD LUCAS,Coenraad Lucas,a1b2c2d2e3,a1b2c2d2e3,PIETERSa1b2c2d2e3,,,,,23/12/1804,,1804,,1804,14/03/1890,1890,CALEDON,30/11/1828,1828,CATHARINA MARGARETHA,UYS,"TARENTAAL, POTBERG",SWELLENDAM,CA 1837,1837,POSSIBLY A FAMILY TREK,,,,
1270,PIETERS,PIETERS,PIETERS,HERMANUS BERN(H)ARDUS,Hermanus Bern(H)Ardus,a1b2c2d2e5,a1b2c2d2e5,PIETERSa1b2c2d2e5,,,,,01/10/1809,,1809,"OPSTAL, BETHLEHEM",1809,24/02/1896,1896,COLESBERG,11/11/1838,1838,ELIZABETH MARGARETHA,VAN DEN BERG,"KLIPFONTEIN, ONDER-RIVIERSONDEREND",SWELLENDAM,GOT PERMISSION ON 19/10/1837,1837,AS A FAMILY,NATAL,,,
1271,PIETERS,PIETERS,PIETERS,JOHANNES JACOBUS,Johannes Jacobus,a1b2c2d2e6,a1b2c2d2e6,PIETERSa1b2c2d2e6,,,,,06/10/1811,,1811,"KROMDRAAI, LINDLEY",1811,22/12/1881,1881,WINBURG,13/06/1853,1853,SUSARA ALETTA CATHARINA ELIZABETH,HATTINGH,"KLIPFONTEIN, ONDER-RIVIERSONDEREND",SWELLENDAM,GOT PERMISSION ON 19/10/1837,1837,AS A FAMILY,TRANSORANJE (?),,,
1272,PIETERS,PIETERS,PIETERS,CHRISTOFFEL PETRUS,Christoffel Petrus,a1b2c2d2e8,a1b2c2d2e8,PIETERSa1b2c2d2e8,,23/10/1815,1815,,07/01/1816,1815,1816,"MULLERSRUST, BETHLEHEM",1815,07/09/1905,1905,,08/05/1841,1841,ANNA MAGDALENA,CILLIERS,"KLIPFONTEIN, ONDER-RIVIERSONDEREND",SWELLENDAM,GOT PERMISSION ON 20/11/1837,1837,,NATAL THEN OVS,PMB,,
1273,PIETERS,PIETERS,PIETERS,PETRUS WESSEL,Petrus Wessel,a1b2c2d2e9,a1b2c2d2e9,PIETERSa1b2c2d2e9,SWELLENDAM,14/10/1817,1817,,04/01/1818,1817,1818,,1817,,,PMB,16/05/1840,1840,HESTER SUSANNA CORNELIA,CILLIERS,"KLIPFONTEIN, ONDER-RIVIERSONDEREND",SWELLENDAM,GOT PERMISSION ON 20/11/1837,1837,POSSIBLY AS A FAMILY,NATAL,,,
1274,PIETERSE,PIETERSE,PIETERSE,DAVID JOHANNES,David Johannes,a4b4c1,a4b4c1,PIETERSEa4b4c1,,11/04/1793,1793,,14/04/1793,1793,1793,"RIETFONTEIN, RUSTENBURG",1793,10/11/1863,1863,GRAAFF-REINET,12/04/1819,1819,ANNA CHRISTINA,PIETERSE,WINTERHOEK,UITENHAGE,BEFORE 1840,1840,POTCHEFSTROOM,,,,
1275,PIETERSE,PIETERSE,PIETERSE,WILHELMUS JOHANNES,Wilhelmus Johannes,a4b4c10,a4b4c10,PIETERSEa4b4c10,,16/06/1811,1811,GRAAFF-REINET,30/08/1812,1811,1812,"ONVERWACHT, RUSTENBURG",1811,20/11/1889,1889,,,,JOHANNA CATHARINA (MARHTA),BOTHA,NUWEVELD,BEAUFORT,BEFORE 1842,1842,,POTCHEFSTROOM THEN RUSTENBURG,,,
1276,PIETERSE,PIETERSE,PIETERSE,NICOLAAS THEODORUS,Nicolaas Theodorus,a4b4c4,a4b4c4,PIETERSEa4b4c4,,,,,14/04/1799,,1799,,1799,,,,,,SUSANNA JULIANA,WILKEN,RIETRIVIER,UITENHAGE,POSSIBLY EARLY 1836,1836,POSSIBLY A.H. POTGIETER,POTCHEFSTROOM THEN NATAL (?),,,
1277,PIETERSE,PIETERSE,PIETERSE,FREDERIK,Frederik,a4b4c6,a4b4c6,PIETERSEa4b4c6,,,,,15/03/1804,,1804,,1804,,,UITENHAGE,04/04/1825,1825,MARTHA CATHARINA,VAN STADEN,RIETRIVIER,UITENHAGE,POSSIBLY EARLY 1836,1836,A.H. POTGIETER (?),NATAL,POTCHEFSTROOM,,
1278,PIETERSE,PIETERSE,PIETERSE,HENDRIK JESAIAS/ JOSEPHUS,Hendrik Jesaias/ Josephus,a4b4c8,a4b4c8,PIETERSEa4b4c8,,,,,21/09/1806,,1806,,1806,,,UITENHAGE,06/04/1829,1829,JOHANNA SUSANNA,WILKENS,RIETRIVIER,UITENHAGE,BEFORE 1839,1839,,POTCHEFSTROOM/ RUSTENBURG,,,
1279,PIETERSE,PIETERSE,PIETERSE,FERDINANDUS ALBERTUS,Ferdinandus Albertus,a4b5,a4b5,PIETERSEa4b5,,,,,25/04/1773,,1773,,1773,,,,04/03/1798,1798,JOHANNA JOSINA,MEYER,,UITENHAGE THEN CRADOCK,BEFORE 1839,1839,,NATAL,,,
1280,PIETERSE,PIETERSE,PIETERSE,FERDINANDUS PETRUS,Ferdinandus Petrus,a4b5c3,a4b5c3,PIETERSEa4b5c3,,,,,04/11/1804,,1804,,1804,,,,,,SOPHIA CATHARINA ALETTA,BEUKES,,UITENHAGE (?),,,,TRANSORANJE THEN NATAL (?),,,
1281,PIETERSE,PIETERSE,PIETERSE,ROELOF JOHANNES,Roelof Johannes,a12b2,a12b2,PIETERSEa12b2,,,,,25/10/1778,,1778,,1778,,,,,,,,,,BEFORE 1846,1846,,,,,
1282,PIETERSEN,PIETERSEN,PIETERSEN,HERMANUS JOHANNES,Hermanus Johannes,b1c2d2,a1b1c2d2,PIETERSENa1b1c2d2,,,,,06/04/1798,,1798,NATAL,1798,03/04/1882,1882,UITENHAGE,23/02/1832,1832,MARTHA MAGDALENA,VAN ROOYEN,ONDER-BOESMANSRIVIER,UITENHAGE IN 1838 AND COEGA IN 1826,17/04/1838,1838,GERRIT REYNIER VAN ROOYEN (?),NATAL,,,
1283,POTGIETER,POTGIETER,POTGIETER,JOHANNES PETRUS THEODORUS (HANS),Johannes Petrus Theodorus (Hans),b1c6d4e3,a1b1c6d4e3,POTGIETERa1b1c6d4e3,,,,SWELLENDAM,15/06/1788,,1788,,1788,,,GRAAFF-REINET,17/10/1813,1813,MARTHA MARIA,MARITZ,VISRIVIER,"ALBANY  THEN COEGA, UITENHAGE",1842,1842,J.C. ESPAG (ESBACH),,,,
1284,POTGIETER,POTGIETER,POTGIETER,CORNELIS,Cornelis,b1c6d4e3f2,a1b1c6d4e3f2,POTGIETERa1b1c6d4e3f2,"KROMRIVIER, UITENHAGE",07/04/1816,1816,GRAAFF-REINET,15/02/1817,1816,1817,UTRECHT,1816,03/11/1869,1869,,,,RACHEEL CATHARINA,ESPAG (ESBACH),VISRIVIER,ALBANY,1842,1842,J.C. ESPAG,NATAL THEN OHRIGSTAD THEN LYDENBURG THEN UTRECHT,,,
1285,POTGIETER,POTGIETER,POTGIETER,IZAK (IZAAC) HERMANUS,Izak (Izaac) Hermanus,b1c6d4e7,a1b1c6d4e7,POTGIETERa1b1c6d4e7,,17/07/1795,1795,SWELLENDAM,14/02/1796,1795,1796,"KAFFERSKRAAL, MARICO",1795,10/05/1856,1856,UITENHAGE,05/11/1820 OR 25/06/1822 (?),,CATHARINA JOHANNA SUSANNA,NELL,,UITENHAGE,BEFORE 1840,1840,,NATAL THEN POTCHEFSTROOM,,,
1286,POTGIETER,POTGIETER,POTGIETER,CORNELIS DIRK,Cornelis Dirk,b1c6d4e7f2,a1b1c6d4e7f2,POTGIETERa1b1c6d4e7f2,,1825,1825,UITENHAGE,31/07/1825,1825,1825,"MAPOCHSGRONDEN, MIDDELBURG",1825,08/09/1899,1899,,,,MAGDALENA MARIA CATHARINA,MEYER,,UITENHAGE,,,,MIDDELBURG,,,
1287,POTGIETER,POTGIETER,POTGIETER,JOHANNES HERMANUS,Johannes Hermanus,b1c7d2e4,a1b1c7d2e4,POTGIETERa1b1c7d2e4,,,,SWELLENDAM,14/03/1779,,1779,,1779,,,SWELLENDAM,26/06/1803,1803,EMERENTIA HESTER,SNYMAN,,UITENHAGE (?),CA 1840 IF THEY MOVED WITH THEIR CHILDREN,DREN,MARICO (?),,,,
1288,POTGIETER,POTGIETER,POTGIETER,PETRUS DIRK,Petrus Dirk,b1c7d2e4f11,a1b1c7d2e4f11,POTGIETERa1b1c7d2e4f11,,11/11/1824,1824,,,1824,,"ROOIDAM, JACOBSDAL",1824,02/09/1884,1884,,,,SUSARA JOHANNA JOSINA,SNYMAN,,GRAHAMSTOWN,CA 1840 (?),(?),,JACOBSDAL,,,
1289,POTGIETER,POTGIETER,POTGIETER,JOHANNES HERMANUS JACOBUS,Johannes Hermanus Jacobus,b1c7d2e4f2,a1b1c7d2e4f2,POTGIETERa1b1c7d2e4f2,ALBANY,CA 1806,1806,,06/11/1809,1806,1809,BALFOUR,1806,27/09/1878,1878,,,,M.C.,BEZUIDENHOUT,,UITENHAGE (?),CA 1840,1840,,,,,
1290,POTGIETER,POTGIETER,POTGIETER,PHILIPPUS JOHANNES CHRISTOFFEL,Philippus Johannes Christoffel,b1c7d2e4f5,a1b1c7d2e4f5,POTGIETERa1b1c7d2e4f5,,06/09/1813,1813,CALEDON,18/11/1813,1813,1813,,1813,,,,CA 1834,1834,SUSARA ALETTA,PIEK,BAVIAANSRIVIER,GLEN LYDEN,CA 1840,1840,,SOUTPANSBERG AREA,,,
1291,POTGIETER,POTGIETER,POTGIETER,CHRISTIAAN WILHELMUS,Christiaan Wilhelmus,b1c7d2e4f9,a1b1c7d2e4f9,POTGIETERa1b1c7d2e4f9,,14/06/1820,1820,UITENHAGE,08/12/1822,1820,1822,"""PAKHUIS EN (IN?) DE WOESTYN""",1820,10/05/1871,1871,POTCHEFSTROOM,26/11/1855,1855,CORNELIA JOHANNA,VAN DEN BERG,GRAHAMSTOWN (?),,CA 1840 (?),(?),ZEERUST,,,,
1292,POTGIETER,POTGIETER,POTGIETER,MATTYS GERHARDUS SR.,Mattys Gerhardus Sr.,b1c7d7e3,a1b1c7d7e3,POTGIETERa1b1c7d7e3,,,,SWELLENDAM,03/10/1794,,1794,,1794,CA 1868,1868,GEORGE,24/07/1814,1814,ELSJE MAGDALENA ADRIANA,BREYTENBACH,ONDER-BOESMANSRIVIER,UITENHAGE,17/04/1838,1838,GERRIT REYNIER VAN ROOYEN,NATAL,,,
1293,POTGIETER,POTGIETER,POTGIETER,EVERT FREDERIK,Evert Frederik,b1c7d7e3f3,a1b1c7d7e3f3,POTGIETERa1b1c7d7e3f3,,14/12/1819,1819,UITENHAGE,22/01/1820,1819,1820,ZYFERFONTEIN,1819,10/05/1897,1897,PMB,12/06/1841,1841,ANTONETTA ALETTA JOHANNA,PRINSLOO,ONDER-BOESMANSRIVIER,UITENHAGE,PROBABLY 26/04/1838,1838,GERRIT REYNIER VAN ROOYEN,,ZEERUST,,
1294,POTGIETER,POTGIETER,POTGIETER,JOHAN FREDERIK,Johan Frederik,b1c7d7e3f4,a1b1c7d7e3f4,POTGIETERa1b1c7d7e3f4,,16/05/1823,1823,UITENHAGE,01/02/1824,1823,1824,RUSTENBURG,1823,25/03/1915,1915,POTCHEFSTROOM,03/11/1847,1847,SUSANNA MARIA,NEL,ONDER-BOESMANSRIVIER,UITENHAGE,17/04/1838,1838,GERRIT REYNIER VAN ROOYEN,RUSTENBURG,,,
1295,POTGIETER,POTGIETER,POTGIETER,MATTYS GERHARDUS JR.,Mattys Gerhardus Jr.,b1c7d7e3f5,a1b1c7d7e3f5,POTGIETERa1b1c7d7e3f5,,19/04/1825,1825,UITENHAGE,31/07/1825,1825,1825,"STERKSTROOM, RUSTENBURG",1825,09/05/1897,1897,PMB,14/12/1848,1848,SUSANNA ELIZABETH,SCHEEPERS,ONDER-BOESMANSRIVIER,UITENHAGE,17/04/1838,1838,GERRIT REYNIER VAN ROOYEN,RUSTENBURG,,,
1296,POTGIETER,POTGIETER,POTGIETER,EVERT FREDERIK SR.,Evert Frederik Sr.,b1c7d7e5,a1b1c7d7e5,POTGIETERa1b1c7d7e5,,13/01/1799,1799,,23/02/1800,1799,1800,"BRAKFONTEIN, UTRECHT",1799,16/04/1863,1863,UITENHAGE,09/01/1820,1820,ELSJE JOHANNA MARTHINA,SCHEEPERS,"DE BEGA, ONDER- BOESMANSRIVIER",UITENHAGE,CA NOVEMBER 1836,1836,PROBABLY J.S. MARITZ,NATAL,,,
1297,POTGIETER,POTGIETER,POTGIETER,EVERT FREDERIK JR.,Evert Frederik Jr.,b1c7d7e5f3,a1b1c7d7e5f3,POTGIETERa1b1c7d7e5f3,,13/03/1824,1824,UITENHAGE,29/07/1824,1824,1824,"SANDSPRUIT, NYLSTROOM",1824,15/10/1883,1883,,,,SUSANNA SOPHIA,VAN ROOYEN,"DE BEGA, ONDER- BOESMANSRIVIER",UITENHAGE,CA NOVEMBER 1836,1836,PROBABLY J.S. MARITZ,NATAL,,,
1298,POTGIETER,POTGIETER,POTGIETER,THEODORUS,Theodorus,b1c8d1e2f3,a1b1c8d1e2f3,POTGIETERa1b1c8d1e2f3,UITENHAGE,01/10/1805,1805,SWELLENDAM,22/06/1806,1805,1806,"GROOTHOEK, UTRECHT",1805,04/06/1892,1892,UITENHAGE,06/06/1833,1833,MAGDALENA SOPHIA JACOMINA,MEYER,PROBABLY ONDER-BOESMANSRIVIER,UITENHAGE,CA APRIL 1837,1837,P.L. UYS (?),UTRECHT,,,
1299,POTGIETER,POTGIETER,POTGIETER,JOHANNES GERHARDUS,Johannes Gerhardus,b1c8d1e2f5,a1b1c8d1e2f5,POTGIETERa1b1c8d1e2f5,,07/11/1809,1809,GRAAFF-REINET,09/11/1809,1809,1809,,1809,,,,,,ANNA ALBERTINA,DE JAGER,"CONGASKRAAL, ONDER-BOESMANSRIVIER",UITENHAGE,CA NOVEMBER 1836,1836,JOHANNES STEPHANUS MARITZ,NATAL,,,
1300,POTGIETER,POTGIETER,POTGIETER,ISAK ANDRIES,Isak Andries,b1c8d1e2f7,a1b1c8d1e2f7,POTGIETERa1b1c8d1e2f7,,02/12/1816,1816,GRAAFF-REINET,15/02/1817,1816,1817,,1816,,,,,,,,"CONGASKRAAL, ONDER-BOESMANSRIVIER",UITENHAGE,PROBABLY NOVEMBER 1836,1836,POSSIBLY JOHANNES STEPHANUS MARITZ,NATAL,,,
1301,POTGIETER,POTGIETER,POTGIETER,IZAK CORNELIUS SR.,Izak Cornelius Sr.,b1c8d1e4,a1b1c8d1e4,POTGIETERa1b1c8d1e4,,,,,11/05/1783,,1783,,1783,,,CAPE TOWN,08/02/1807,1807,JOHANNA JACOBA,VAN ROOYEN,"ALTO, ONDER-BOESMANSRIVIER",UITENHAGE,BEFORE 02/02/1837,1837,POSSIBLY JOHANNES STEPHANUS MARITZ (?),,,,
1302,POTGIETER,POTGIETER,POTGIETER,JOHANNES THEODORUS (ISAK SON),Johannes Theodorus (Isak Son),b1c8d1e4f4,a1b1c8d1e4f4,POTGIETERa1b1c8d1e4f4,,14/08/1812,1812,GRAAFF-REINET,30/08/1812,1812,1812,,1812,,,,,,MARIA ELIZABETH,VAN ROOYEN,"ALTO, ONDER-BOESMANSRIVIER",UITENHAGE,NOVEMBER 1836 (?),(?),JOHANNES STEPHANUS MARITZ (?),,,,
1303,POTGIETER,POTGIETER,POTGIETER,PETRUS HENDRIK ( ISAK SON),Petrus Hendrik ( Isak Son),b1c8d1e4f8,a1b1c8d1e4f8,POTGIETERa1b1c8d1e4f8,,08/11/1816,1816,GRAAFF-REINET,15/02/1817,1816,1817,"NOOITGEDACHT, CALEDONRIVIER",1816,03/06/1863,1863,,,,,,"ALTO, ONDER-BOESMANSRIVIER",UITENHAGE,CA NOVEMBER 1836,1836,J.S. MARITZ,,,,
1304,POTGIETER,POTGIETER,POTGIETER,ISAK CORNELIS JR.,Isak Cornelis Jr.,b1c8d1e4f9,a1b1c8d1e4f9,POTGIETERa1b1c8d1e4f9,,19/08/1818,1818,UITENHAGE,25/04/1819,1818,1819,CALEDONRIVIER,1818,07/09/1886,1886,CRADOCK,02/08/1846,1846,HESTER MARIA,ROBBERTSE,ONDER-BOESMANSRIVIER,UITENHAGE,POSSIBLY BEFORE 02/02/1837,1837,POSSIBLY JOHANNES STEPHANUS MARITZ,TRANSORANJE,,,
1305,POTGIETER,POTGIETER,POTGIETER,JOHANNES (THEODORUS),Johannes (Theodorus),b1c8d1e5,a1b1c8d1e5,POTGIETERa1b1c8d1e5,,01/11/1785,1785,,,1785,,,1785,,,UITENHAGE,02/05/1807,1807,JOHANNA ELISABETH,STROEBEL,COEGA,UITENHAGE,CA 1840,1840,POSSIBLY JOHANNES THEODORUS,POSSIBLY UTRECHT,,,
1306,POTGIETER,POTGIETER,POTGIETER,GERHARDUS DANIEL,Gerhardus Daniel,b1c8d1e5f11,a1b1c8d1e5f11,POTGIETERa1b1c8d1e5f11,,21/07/1823,1823,UITENHAGE,25/01/1824,1823,1824,"MIDDELBURG (FARM), CALEDONRIVIER  (SMITHFIELD)",1823,24/09/1875,1875,,CA 1845,1845,ELIZABETH ANNA MARIA FREDERIKA,WESSELS,COEGA (?),UITENHAGE,CA 1840,1840,,SMITHFIELD,,,
1307,POTGIETER,POTGIETER,POTGIETER,JOHANNES THEODORUS,Johannes Theodorus,b1c8d1e5f2,a1b1c8d1e5f2,POTGIETERa1b1c8d1e5f2,,08/05/1810,1810,SWELLENDAM,30/08/1810,1810,1810,"UITHOEK, UTRECHT",1810,23/12/1874,1874,UITENHAGE,30/12/1832,1832,JOHANNA CATHARINA,VAN ROOYEN,"SONDAGSRIVIER, COEGA",UITENHAGE IN 1839 THEY WERE IN CRADOCK,CA 1837,1837,NATAL THEN UTRECHT,,,,
1308,POTGIETER,POTGIETER,POTGIETER,PETRUS PHILIPPUS,Petrus Philippus,b1c8d1e5f9,a1b1c8d1e5f9,POTGIETERa1b1c8d1e5f9,,14/12/1820,1820,UITENHAGE,11/02/1821,1820,1821,POTCHEFSTROOM- CONCENTRATION CAMP,1820,20/12/1901,1901,,,,WILHELMINA JACOBA,PIETERSE,POSSIBLY COEGA,UITENHAGE,CA 1840,1840,POSSIBLY WITH FAMILY,POTCHEFSTROOM,POTCHEFSTROOM,,
1309,POTGIETER,POTGIETER,POTGIETER,PETRUS HENDRIK THEUNIS,Petrus Hendrik Theunis,b1c8d3e2,a1b1c8d3e2,POTGIETERa1b1c8d3e2,,15/08/1783,1783,,23/04/1786,1783,1786,"MAURITZKRAAL, UITENHAGE",1783,29/01/1860,1860,,,,ADRIANA ANGENETHA,MULLER,RIETRIVIER,UITENHAGE,POSSIBLY NOVEMBER 1836,1836,PROBABLY J.S. MARITZ,NATAL THEN VAAL,GRAHAMSTOWN,,
1310,POTGIETER,POTGIETER,POTGIETER,WILLEM FREDERIK,Willem Frederik,b7c8d5e9,a1b7c8d5e9,POTGIETERa1b7c8d5e9,,03/12/1802,1802,GRAAFF-REINET,02/01/1802,1802,1802,"MATLABAANSTAD, GRASPAN, BLOEMHOF",1802,10/04/1886,1886,GRAAFF-REINET,03/02/1822,1822,GEERTRUYDA MARGARETHA,ERASMUS,,SOMERSET/ CRADOCK,BEFORE 1835,1835,,BLOEMHOF,,,
1311,POTGIETER,POTGIETER,POTGIETER,PIETER JACOBUS,Pieter Jacobus,b7c8d6e3,a1b7c8d6e3,POTGIETERa1b7c8d6e3,,,,,22/01/1797,,1797,NATAL,1797,1839,1839,GRAAFF-REINET,04/08/1816,1816,ALETTA MAGDALENA,JORDAAN,"PALINGKLOOF, TARKA",SOMERSET,SECOND HALF OF 1837,1837,PROBABLY WITH JACOBUS CHRISTOFFEL POTGIETER,,CRADOCK,,
1312,POTGIETER,POTGIETER,POTGIETER,JACOBUS CHRISTOFFEL,Jacobus Christoffel,b7c8d6e3f1,a1b7c8d6e3f1,POTGIETERa1b7c8d6e3f1,,22/06/1819,1819,CRADOCK,18/07/1819,1819,1819,,1819,CA 1843,1843,CRADOCK,05/06/1836,1836,CATHARINA MARIA,ROBBERTSE,"POSSIBLY PALINGKLOOF, TARKA",SOMERSET,SECOND HALF OF 1837,1837,PROBABLY JACOBUS CHRISTOFFEL POTGIETER,,,,
1313,POTGIETER,POTGIETER,POTGIETER,JACOBUS CHRISTOFFEL (KOOS GROOTVOET),Jacobus Christoffel (Koos Grootvoet),b7c8d6e4,a1b7c8d6e4,POTGIETERa1b7c8d6e4,,,,,22/03/1801,,1801,,1801,,,GRAAFF-REINET,01/12/1817,1817,GEERTRUIDA MARIA,STEENKAMP,"BEESTEKRAL, TARKA",SOMERSET,SECOND HALF OF 1837,1837,HE WAS A LEADER,NATAL,,,
1314,POTGIETER,POTGIETER,POTGIETER,JACOBUS CHRISTOFFEL RUDOLPH,Jacobus Christoffel Rudolph,b7c8d6e4f4,a1b7c8d6e4f4,POTGIETERa1b7c8d6e4f4,,,,CRADOCK,04/10/1824,,1824,"KLIPVOOR, PRETORIA",1824,11/04/1878,1878,POTCHEFSTROOM,08/04/1848,1848,MARIA CHRISTINA CORNELIA WILHELMINA,DREYER,"BEESTEKRAL, TARKA",SOMERSET,SECOND HALF OF 1837,1837,JACOBUS CHRISTOFFEL POTGIETER,NATAL THEN PRETORIA,,,
1315,POTGIETER,POTGIETER,POTGIETER,HANS JURGEN,Hans Jurgen,b7c8d6e6,a1b7c8d6e6,POTGIETERa1b7c8d6e6,,15/01/1806,1806,GRAAFF-REINET,18/05/1806,1806,1806,,1806,,,CRADOCK,05/07/1825,1825,ANNA MARIA PETRONELLA,STEENKAMP,TARKA,SOMERSET,BEFORE APRIL 1841,1841,,NATAL,,,
1316,POTGIETER,POTGIETER,POTGIETER,JACOBUS CHRISTOFFEL,Jacobus Christoffel,b7c8d6e6f1,a1b7c8d6e6f1,POTGIETERa1b7c8d6e6f1,,31/05/1825,1825,CRADOCK,29/08/1826,1825,1826,,1825,,,,08/04/1848,1848,MARIA CHRISTINA CORNELIAWILHELMINA,DREYER,TARKA,SOMERSET,1840 (?),(?),PIET RETIEF AREA,,,,
1317,POTGIETER,POTGIETER,POTGIETER,PHILIPPUS JOHANNES,Philippus Johannes,b7c8d6e7,a1b7c8d6e7,POTGIETERa1b7c8d6e7,,14/08/1808,1808,GRAAFF-REINET,26/12/1808,1808,1808,,1808,23/10/1871,1871,CRADOCK,06/02/1831,1831,ELISABETH GEERTRUIDA PETRONELLA,DU PLESSIS,TARKA,SOMERSET,CA OCTOBER  1837,1837,JAN DU PLESSIS,NATAL,,,
1318,POTGIETER,POTGIETER,POTGIETER,HERMANUS SR.,Hermanus Sr.,b7c8d7,a1b7c8d7,POTGIETERa1b7c8d7,,13/10/1765,1765,"GROOTVADERSBOS, SWELLENDAM",10/08/1766,1765,1766,"SCHOEMANSDAL, SOUTPANSBERG",1765,1871,1871,CAPE TOWN,02/05/1790,1790,PETRONELLA MARGARETHA,KRUGEL,TARKA,SOMERSET,END DECEMBER 1835,1835,ANDRIES HENDRIK POTGIETER,,CAPE TOWN,,
1319,POTGIETER,POTGIETER,POTGIETER,ANDRIES HENDRIK,Andries Hendrik,b7c8d7e2,a1b7c8d7e2,POTGIETERa1b7c8d7e2,,19/12/1792,1792,GRAAFF-REINET,06/01/1793,1792,1793,SCHOEMANSDAL 16/12/1852,1792,,,GRAAFF-REINET,12/07/1812,1812,ELISABETH HELENA,BOTHA,"COMMANDODRIFT, TARKA",SOMERSET,END DECEMBER 1835,1835,LEASDER OF HIS OWN TREK COMMUNITY,OHRIGSTAD,BUFFELSHOEK AT MAGALIESBURG (?),,
1320,POTGIETER,POTGIETER,POTGIETER,HERMANUS JACOBUS,Hermanus Jacobus,b7c8d7e2f4,a1b7c8d7e2f4,POTGIETERa1b7c8d7e2f4,"COMMANDODRIFT, TARKA",24/02/1821,1821,CRADOCK,28/04/1821,1821,1821,STANDERTON,1821,03/11/1899,1899,,,,JOHANNA MAGDALENA ELIZABETH,ROOS,"COMMANDODRIFT, TARKA",SOMERSET,END DECEMBER 1835,1835,A.H. POTGIETER,OHRIGSTAD,,,
1321,POTGIETER,POTGIETER,POTGIETER,PIETER JOHANNES,Pieter Johannes,b7c8d7e2f5,a1b7c8d7e2f5,POTGIETERa1b7c8d7e2f5,"COMMANDODRIFT, CRADOCK",24/12/1822,1822,CRADOCK,23/04/1823,1822,1823,MAKAPAANSGROT,1822,06/11/1854,1854,,05/02/1844,1844,ELSJE MARIA ALETTA,VAN HEERDEN,"PROBABLY COMMANDODRIFT, TARKA",SOMERSET,END 1837,1837,A.H. POTGIETER,NORTH OF NYLSTROOM,,,
1322,POTGIETER,POTGIETER,POTGIETER,HERMANUS PHILIPPUS SR.,Hermanus Philippus Sr.,b7c8d7e5,a1b7c8d7e5,POTGIETERa1b7c8d7e5,,19/08/1797,1797,,26/11/1797,1797,1797,"MAPELASTAD, WATERBERG",1797,SEPTEMBER 1854,1854,GRAAFF-REINET,04/03/1817,1817,CORNELIA (NEELTJE) ELISABETH,BOTHA,"COMMANDODRIFT, TARKA",SOMERSET,END DECEMBER 1835,1835,A.H. POTGIETER,OHRIGSTAD,,,
1323,POTGIETER,POTGIETER,POTGIETER,HERMANUS PHILIPPUS JR.,Hermanus Philippus Jr.,b7c8d7e5f1,a1b7c8d7e5f1,POTGIETERa1b7c8d7e5f1,CRADOCK,24/07/1822,1822,CRADOCK,10/11/1822,1822,1822,"TWEERIVIER, RUSTENBURG",1822,14/07/1897,1897,POTCHEFSTROOM,08/03/1840,1840,JANNETJE LEVINA CATHARINA FRANCINA,KRUGER,TARKA (?),SOMERSET,END DECEMBER 1835,1835,A.H. POTGIETER,OHRIGSTAD,RUSTENBURG,,
1324,POTGIETER,POTGIETER,POTGIETER,FREDERIK JACOBUS,Frederik Jacobus,b7c8d7e5f2,a1b7c8d7e5f2,POTGIETERa1b7c8d7e5f2,,03/10/1824,1824,CRADOCK,26/12/1824,1824,1824,DOORNHOEK,1824,31/03/1879,1879,,,,ELIZABETH SUSANNA JOHANNA,JANSE VAN RENSBURG,PROBABLY TARKA,SOMERSET,END DECEMBER 1835,1835,"A.H. POTGIETER, HIS UNCLE",,,,
1325,POTGIETER,POTGIETER,POTGIETER,JACOBUS JOHANNES,Jacobus Johannes,b7c8d7e7 and b7c8d8e7 in SAG,a1b7c8d7e7 and b7c8d8e7 in SAG,POTGIETERa1b7c8d7e7 and b7c8d8e7 in SAG,,11/05/1800,1800,GRAAFF-REINET,04/10/1800,1800,1800,"STERKLOOP, SANDRIVIER, SOUTPANSBERG",1800,03/04/1873,1873,,,,HESTER CATHARINA,BOTHA,TARKA,SOMERSET,END 1835,1835,PROBABLY A.H. POTGIETER,SOUTPANSBERG,,,
1326,POTGIETER,POTGIETER,POTGIETER,WILLEM JACOBUS,Willem Jacobus,b7c8d7e8,a1b7c8d7e8,POTGIETERa1b7c8d7e8,,18/05/1802,1802,,,1802,,,1802,,,UITENHAGE,05/05/1822,1822,MARIA PETRONELLA,BOTHA,"WILDSCHUTSHOEK, TARKA",SOMERSET,END 1835,1835,A.H. POTGIETER,POTCHEFSTROOM OR FURTHER NORTH TOWARDS MAGALIESBERG,,,
1327,POTGIETER,POTGIETER,POTGIETER,NICOLAAS JOHANNES,Nicolaas Johannes,b7c8d7e9,a1b7c8d7e9,POTGIETERa1b7c8d7e9,NUWEJAARSDRIF,18/08/1804,1804,CAPE TOWN,07/07/1805,1804,1805,BEGKOP,1804,CA 20/10/1836,1836,SOMERSET,07/05/1826,1826,JACOBA MARIA,LUBBE,TARKA,SOMERSET,END 1835,1835,A.H. POGIETER,,CRADOCK,,
1328,POTGIETER,POTGIETER,POTGIETER,MARTHINUS JACOBUS,Marthinus Jacobus,b7c9d3e6,a1b7c9d3e6,POTGIETERa1b7c9d3e6,,24/11/1793,1793,SWELLENDAM,28/02/1794,1793,1794,"HARRISMITH, NATAL",1793,31/10/1875,1875,,CA 1813,1813,ANNA ELISABETH,POTGIETER,VISRIVIER,ALBANY,PROBABLY OCTOBER 1837,1837,PROBABLY JAN DU PLESSIS,,PMB,,
1329,POTGIETER,POTGIETER,POTGIETER,JOHANNES JURGEN,Johannes Jurgen,b7c9d3e6f2,a1b7c9d3e6f2,POTGIETERa1b7c9d3e6f2,,28/05/1815,1815,GEORGE,16/07/1815,1815,1815,,1815,BEFORE 1928,,CRADOCK,09/07/1837,1837,JOHANNA MARIA,LOMBARD,TARKA (?),CRADOCK,OCTOBER 1837 (?),(?),JAN DU PLESSIS (?),HARRISMITH,"LADYSMITH, NATAL",,
1330,POTGIETER,POTGIETER,POTGIETER,JOHANNES HERMANUS,Johannes Hermanus,b7c9d3e6f3,a1b7c9d3e6f3,POTGIETERa1b7c9d3e6f3,ALBANY,26/12/1818,1818,UITENHAGE,04/07/1819,1818,1819,"KLEINFONTEIN, KLIPRIVIER, NATAL",1818,27/09/1896,1896,UITENHAGE,CA 1837,1837,ISABELLA ALETTA ELISABETH,LOMBARD,VISRIVIER,ALBANY,OCTOBER 1837 (?),(?),POSSIBLY JAN DU PLESSIS,NATAL,,,
1331,POTGIETER,POTGIETER,POTGIETER,GERHARDUS CORNELIS,Gerhardus Cornelis,b7c9d3e6f5,a1b7c9d3e6f5,POTGIETERa1b7c9d3e6f5,,28/03/1823,1823,GRAHAMSTOWN,12/12/1824,1823,1824,HARRISMITH,1823,11/11/1883,1883,PMB,22/05/1847,1847,PETRONELLA CATHARINA JOHANNA ALETTA,LABUSCHAGNE,VISRIVIER,ALBANY,PROBABLY OCTOBER 1837,1837,JAN DU PLESSIS (?),NATAL THEN HARRISMITH,,,
1332,POTGIETER,POTGIETER,POTGIETER,MARTHINUS JOHANNES,Marthinus Johannes,b7c9d4e1,a1b7c9d4e1,POTGIETERa1b7c9d4e1,,,,,17/02/1797,,1797,,1797,BEFORE 1902,,UITENHAGE,03/05/1823,1823,MARIA MAGDALENA,DU PREEZ,BRAKRIVIER,SOMERSET,PROBABLY 1837,1837,,NATAL THEN POTCHEFSTROOM,PMB,,
1333,POTGIETER,POTGIETER,POTGIETER,HANS JURGEN,Hans Jurgen,b7c9d8e5,a1b7c9d8e5,POTGIETERa1b7c9d8e5,,05/12/1803,1803,SWELLENDAM,29/01/1804,1803,1804,UTRECHT,1803,15/02/1874,1874,UITENHAGE,03/07/1826,1826,CATHARINA ELISABETH,UYS,GAMTOOSRIVIER,UITENHAGE,CA APRIL 1837,1837,PROBABLY P.L. UYS,NATAL,,,
1334,PRELLER,PRELLER,PRELLER,CAREL FRIEDRICH,Carel Friedrich,b6,a1b6,PRELLERa1b6,,11/10/1809,1809,,,1809,,"WONDERHEUVEL, KROONSTAD",1809,01/12/1870,1870,CAPE TOWN,12/02/1830,1830,JACOBA PETRONELLA,HEYNEMANN,,,BEFORE 1842,1842,,NATAL THEN KROONSTAD,PMB,,
1335,PRETORIUS,PRETORIUS,PRETORIUS,JAN FREDERIK JACOBUS,Jan Frederik Jacobus,b3c1d1e5f3,a1b3c1d1e5f3,PRETORIUSa1b3c1d1e5f3,,18/01/1804,1804,GRAAFF-REINET,21/05/1804,1804,1804,"BLO(E)MFONTEIN, ZEEURUST",1804,23/04/1878,1878,GRAAFF-REINET,05/12/1830,1830,JOHANNA ELISABETH,JACOBS,VOOR-SNEEUBERG IN GRAAFF-REINET THEN COLESBERG,,BETWEEN SEPTEMBER 1840 AND APRIL 1842,1842,,BLO(E)MFONTEIN,,,
1336,PRETORIUS,PRETORIUS,PRETORIUS,ZACHARIAS ARNOLDUS STEPHANUS,Zacharias Arnoldus Stephanus,b3c1d1e6f6,a1b3c1d1e6f6,PRETORIUSa1b3c1d1e6f6,,14/09/1808,1808,GRAAFF-REINET,21/12/1808,1808,1808,"KAREEFONTEIN,NYLSTROOM",1808,03/04/1870,1870,SOMERSET,04/03/1832,1832,JOHANNA ELISABETH,KLOPPER,BAVIAANSRIVIER,SOMERSET,BETWEEN END 1836 AND CA JUNE 1840,1840,,"NATAL THEN KAREEFONTEIN, NYLSTROOM",,,
1337,PRETORIUS,PRETORIUS,PRETORIUS,DEWALD JOHANNES,Dewald Johannes,b3c1d2e4f4,a1b3c1d2e4f4,PRETORIUSa1b3c1d2e4f4,,16/10/1809,1809,,03/12/1809,1809,1809,"WELVERDIEND, WAKKERSTROOM",1809,29/08/1870,1870,GRAAFF-REINET,07/03/1830,1830,ELISABETH JACOBA,PRETORIUS,VOOR-SNEEUSBERG,GRAAFF-REINET,END OCTOBER 1838,1838,A.W.J. PRETORIUS,PMB THEN WAKKERSTROOM,,,
1338,PRETORIUS,PRETORIUS,PRETORIUS,WYNAND JOHANNES,Wynand Johannes,b3c1d2e5f2,a1b3c1d2e5f2,PRETORIUSa1b3c1d2e5f2,,29/12/1806,1806,GRAAFF-REINET,15/02/1807,1806,1807,"WELTEVREDE, WAKKERSTROOM",1806,22/09/1880,1880,GRAAFF-REINET,08/10/1827,1827,SUSANNA FRANCINA JOHANNA,AUCAMP,,GRAAFF-REINET,CA 1844,1844,POTCHEFSTROOM THEN WAKKERSTROOM,,,,
1339,PRETORIUS,PRETORIUS,PRETORIUS,THEUNIS PETRUS,Theunis Petrus,b3c1d2e5f5,a1b3c1d2e5f5,PRETORIUSa1b3c1d2e5f5,"KOLONIESPLAAS, VOORSNEEUBERG, GRAAFF-REINET",12/07/1812,1812,GRAAFF-REINET,13/09/1812,1812,1812,"ELANDSFONTEIN, POTCHEFSTROOM",1812,02/04/1883,1883,GRAAFF-REINET,05/06/1831,1831,JACOBA JOSEPHA WILHELMINA,HOCKL(E)Y,"KOLONIESPLAAS, VOORSNEEUBERG",GRAAFF-REINET,BEFORE 1842,1842,APPARENTLY AS A FAMILY,POTCHEFSTROOM,GRAAFF-REINET,,
1340,PRETORIUS,PRETORIUS,PRETORIUS,MATTHYS CORNELIS,Matthys Cornelis,b3c1d2e6,a1b3c1d2e6,PRETORIUSa1b3c1d2e6,,08/02/1788,1788,,,1788,,BETHLEHEM,1788,16/12/1866,1866,GRAAFF-REINET,01/01/1809,1809,WILHELMINA CHRISTINA,KRUGER,AGTER-SNEEUBERG,SOMERSET,PROBABLY END OCTOBER 1838,1838,A.W.J. PRETORIUS (?),,,,
1341,PRETORIUS,PRETORIUS,PRETORIUS,JOHANNES CHRISTIAAN,Johannes Christiaan,b3c1d2e6f3,a1b3c1d2e6f3,PRETORIUSa1b3c1d2e6f3,,03/11/1815,1815,GRAAFF-REINET,23/06/1816,1815,1816,"VINKFONTEIN, BETHLEHEM",1815,16/03/1890,1890,CRADOCK,20/05/1838,1838,HESTER JACOBA ALETTA,GROVE,AGTER-SNEEUBERG,CRADOCK,APPRARENTLY BETWEEN MAY 1838 AND FEBRUARY 1839,1839,PROBABLY A.W.J. PRETORIUS,NATAL,LINDLEY,,
1342,PRETORIUS,PRETORIUS,PRETORIUS,WILLEM STERRENBERG,Willem Sterrenberg,b3c1d3e1f14,a1b3c1d3e1f14,PRETORIUSa1b3c1d3e1f14,,12/09/1807,1807,GRAAFF-REINET,01/11/1807,1807,1807,"BOSFONTEIN, RUSTENBURG",1807,11/11/1807,1807,GRAAFF-REINET,06/01/1829,1829,HUIBRECHT SUSANNA CORNELIA,PRETORIUS,,BEAUFORT,BEFORE 1842,1842,,RUSTENBURG,,,
1343,PRETORIUS,PRETORIUS,PRETORIUS,SAMUEL JACOBUS,Samuel Jacobus,b3c1d3e1f16,a1b3c1d3e1f16,PRETORIUSa1b3c1d3e1f16,SUURVELD (ALBANY),18/03/1813,1813,PAARL,19/05/1814,1813,1814,"WATERVAL, MARABASTAD, SOUTPANSBERG",1813,25/05/1897,1897,GRAAFF-REINET,23/10/1836,1836,GESINA CATHARINA,PRETORIUS,PROBABLY NUWEVELD,BEAUFORT,CA 1838,1838,POSSIBLY P.D. JACOBS,SOUTPANSBERG,,,
1344,PRETORIUS,PRETORIUS,PRETORIUS,GERHARDUS PETRUS,Gerhardus Petrus,b3c1d3e1f5,a1b3c1d3e1f5,PRETORIUSa1b3c1d3e1f5,,,,,26/08/1796,,1796,,1796,,,GRAHAMSTOWN,06/05/1824,1824,ELSJE JOSINA,BESTER,VOOR-SNEEUBERG,GRAAFF-REINET,BEFORE SEPTEMBER 1840,1840,,NATAL THEN TRANSORANJE,,,
1345,PRETORIUS,PRETORIUS,PRETORIUS,JAN CHRISTOFFEL,Jan Christoffel,b3c1d3e1f6,a1b3c1d3e1f6,PRETORIUSa1b3c1d3e1f6,,30/09/1798,1798,,,1798,,,1798,,,,,,HENDRINA JOHANNA,MARAIS,,,CA 1841,1841,,POTCHEFSTROOM,,,
1346,PRETORIUS,PRETORIUS,PRETORIUS,C(H)AREL (SAREL) JOHANNES,C(H)Arel (Sarel) Johannes,b3c1d3e1f7,a1b3c1d3e1f7,PRETORIUSa1b3c1d3e1f7,,09/04/1800,1800,GRAAFF-REINET,01/06/1800,1800,1800,"PRETORIUSDAM, FAURESMITH",1800,19/02/1878,1878,GRAAFF-REINET,07/09/1823,1823,MARIA MAGDALENA CHRISTINA,PRETORIUS,"PROBABLY RIETPOORT, NUWEVELD",BEAUFORT THEN COLESBERG,BETWEEN END 1838 AND JUNE 1840,1840,,"PRETORIUSDAM, FAURESMITH",,,
1347,PRETORIUS,PRETORIUS,PRETORIUS,HENDRIK JACOBUS MATTHYS WYNAND,Hendrik Jacobus Matthys Wynand,b3c1d3e1f9,a1b3c1d3e1f9,PRETORIUSa1b3c1d3e1f9,,,,,,,,"SLAGFONTEIN, HEIDELBERG",,10/12/1892,1892,GRAAFF-REINET,02/10/1831,1831,NEELTJE SOPHIA,OSSTHUIZEN,"PROBABLY DASSIEFONTEIN, VOOR-SNEEUBERG",GRAAFF-REINET,BEFORE 1841,1841,,"POTCHEFSTROOM AND SLANGFONTEIN, HEIDELBERG",GRAAFF-REINET,,
1348,PRETORIUS,PRETORIUS,PRETORIUS,JOHANNES LODEWICUS JOSEPHUS,Johannes Lodewicus Josephus,b3c1d3e8f10,a1b3c1d3e8f10,PRETORIUSa1b3c1d3e8f10,,29/11/1820,1820,GRAAFF-REINET,26/12/1820,1820,1820,"NIETGEDACHT, PRETORIA",1820,05/08/1905,1905,,,,HENDRINA CECILIA,HORN,,BEAUFORT (?),BEFORE 1844,1844,,PRETORIA,,,
1349,PRETORIUS,PRETORIUS,PRETORIUS,GERHARDUS PETRUS,Gerhardus Petrus,b3c1d3e8f3,a1b3c1d3e8f3,PRETORIUSa1b3c1d3e8f3,,14/08/1806,1806,,,1806,,POTCHEFSTROOM,1806,20/02/1869,1869,GRAAFF-REINET,06/06/1825,1825,CATHARINA ELISABETH JACOBA,DE BEER,,BEAUFORT,BEFORE 1841,1841,,TRANSORANJE THEN POTCHEFSTROOM,,,
1350,PRETORIUS,PRETORIUS,PRETORIUS,WILLEM ANDRIES PETRUS,Willem Andries Petrus,b3c1d3e8f7,a1b3c1d3e8f7,PRETORIUSa1b3c1d3e8f7,,09/02/1815,1815,GRAAFF-REINET,27/03/1815,1815,1815,"ROODEKOPJES, RUSTENBURG",1815,20/08/1894,1894,SOMERSET,06/11/1836,1836,HELENA BERNDINA NORBERTA,BESTER,,PROBABLY SOMERSET,BEFORE 1838,1838,,TRANSORANJE THEN LYDENBURG THEN PRETORIA THEN RUSTENBURG,POTCHEFSTROOM,,
1351,PRETORIUS,PRETORIUS,PRETORIUS,MATTHYS WYNAND SR.,Matthys Wynand Sr.,b3c1d3e9,a1b3c1d3e9,PRETORIUSa1b3c1d3e9,,,,TULBAGH,14/06/1786,,1786,,1786,,,GRAAFF-REINET,09/08/1807,1807,MAGDALENA GERBRECHT,PRETORIUS,,GRAAFF-REINET,BEFORE 1834,1834,POSSIBLY ANDRIES W.J. PRETORIUS,POTCHEFSTROOM,,,
1352,PRETORIUS,PRETORIUS,PRETORIUS,GERHARDUS PETRUS JACOBUS,Gerhardus Petrus Jacobus,b3c1d3e9f1,a1b3c1d3e9f1,PRETORIUSa1b3c1d3e9f1,,28/04/1809,1809,GRAAFF-REINET,04/06/1809,1809,1809,,1809,,,GRAAFF-REINET,06/01/1827,1827,MAGDALENA ANNA,BLOM,,GRAAFF-REINET UNTIL CA 1833,CA 1834,1834,,MIDDELBURG,GRAAFF-REINET,,
1353,PRETORIUS,PRETORIUS,PRETORIUS,MARTHINUS WESSEL,Marthinus Wessel,b3c1d3e9f2,a1b3c1d3e9f2,PRETORIUSa1b3c1d3e9f2,,18/04/1811,1811,GRAAFF-REINET,09/06/1811,1811,1811,SENEKAL,1811,18/02/1894,1894,,,,,,,GRAAFF-REINET,POSSIBLY BEFORE 1834,1834,,POTCHEFSTROOM,,,
1354,PRETORIUS,PRETORIUS,PRETORIUS,MATTHYS WYNAND JR.,Matthys Wynand Jr.,b3c1d3e9f3,a1b3c1d3e9f3,PRETORIUSa1b3c1d3e9f3,,03/08/1813,1813,GRAAFF-REINET,04/10/1813,1813,1813,"GOEDVERWACHT, HEIDELBERG",1813,25/05/1897,1897,GRAAFF-REINET,25/12/1835,1835,HILLETJE MAGDALENA ELISABETH CATHARINA,BRITS,PROBABLY VOOR-SNEEUBERG,GRAAFF-REINET,POSSIBLY END OCTOBER 1838,1838,A.W.J. PRETORIUS (?),HEIDELBERG,,,
1355,PRETORIUS,PRETORIUS,PRETORIUS,JOHANNES LODEWICUS,Johannes Lodewicus,b3c1d3e9f4,a1b3c1d3e9f4,PRETORIUSa1b3c1d3e9f4,,21/05/1815,1815,GRAAFF-REINET,30/10/1815,1815,1815,HEIDELBERG,1815,18/02/1887,1887,GRAAFF-REINET,11/02/1837,1837,HESTER ALETTA CORNELIA,VAN DEN BERG,,GRAAFF-REINET,BEFORE 1839,1839,,HEIDELBERG,,,
1356,PRETORIUS,PRETORIUS,PRETORIUS,GIDEON PETRUS,Gideon Petrus,b3c1d3e9f5,a1b3c1d3e9f5,PRETORIUSa1b3c1d3e9f5,,08/07/1817,1817,GRAAFF-REINET,17/08/1817,1817,1817,,1817,,,,,,HERMIENA CHRISTINA,BRONKHORST,,GRAAFF-REINET,BEFORE 1844,1844,,TRANSORANJE THEN SUIKERBOSRAND,,,
1357,PRETORIUS,PRETORIUS,PRETORIUS,JOHANNES ADRIAAN,Johannes Adriaan,b3c1d3e9f9,a1b3c1d3e9f9,PRETORIUSa1b3c1d3e9f9,,07/09/1825,1825,GRAAFF-REINET,26/12/1825,1825,1825,POTCHEFSTROOM (?),1825,12/05/1875,1875,POTCHEFSTROOM,13/05/1856,1856,WILHELMINA CHRISTINA JOHANNA,DE KOKER,VOOR-SNEEUBERG,GRAAFF-REINET,PROBABALY BETWEEN 1834 AND 1836,1836,,POTCHEFSTROOM,,,
1358,PRETORIUS,PRETORIUS,PRETORIUS,MARTHINUS WESSEL,Marthinus Wessel,b3c1d5e1,a1b3c1d5e1,PRETORIUSa1b3c1d5e1,,,,,12/03/1775,,1775,MODDERRIVIER IN TRANSORANJE,1775,,,,30/09/1792,1792,MARIA CHRISTINA,PRETORIUS,"CAMPHERSPOORT, SWARTRUGGENS",UITENHAGE,BEFORE 1835,1835,WITH THE OLDEST BROTHER AND HIS FAMILY,MODDERRIVIER,CRADOCK,,
1359,PRETORIUS,PRETORIUS,PRETORIUS,ANDRIES WILHELMUS JACOBUS SR.,Andries Wilhelmus Jacobus Sr.,b3c1d5e12,a1b3c1d5e12,PRETORIUSa1b3c1d5e12,,27/11/1798,1798,GRAAFF-REINET,09/12/1798,1798,1798,"RUST-DER-OUDEN, PRETORIA",1798,23/07/1853,1853,TULBAGH,08/11/1818,1818,CHRISTINA PETRONELLA,DE WIT,"LETSKRAAL, VOOR-SNEEUBERG",GRAAFF-REINET,END OCTOBER 1838,1838,HE WAS A LEADER,,,,
1360,PRETORIUS,PRETORIUS,PRETORIUS,MARTHINUS WESSEL,Marthinus Wessel,b3c1d5e12f1,a1b3c1d5e12f1,PRETORIUSa1b3c1d5e12f1,GRAAFF-REINET,17/09/1819,1819,GRAAFF-REINET,04/10/1819,1819,1819,POTCHEFSTROOM,1819,19/05/1901,1901,,19/12/1841,1841,ALETTA MAGDALENA,SMIT,"LETSKRAAL, VOOR-SNEEUBERG",GRAAFF-REINET,END OCTOBER 1838,1838,A.W.J. PRETORIUS,,POTCHEFSTROOM,,
1361,PRETORIUS,PRETORIUS,PRETORIUS,CHRISTIAAN PIETER,Christiaan Pieter,b3c1d5e12f3,a1b3c1d5e12f3,PRETORIUSa1b3c1d5e12f3,,21/10/1823,1823,GRAAFF-REINET,01/12/1823,1823,1823,STANDERTON,1823,24/05/1904,1904,PMB,28/07/1845,1845,JOHANNA CHRSITINA,VORSTER,VOOR-SNEEUBERG,GRAAFF-REINET,END OCTOBER 1838,1838,A.W.J. PRETORIUS,STANDERTON,,,
1362,PRETORIUS,PRETORIUS,PRETORIUS,ANDRIES WILHELMUS JACOBUS JR.,Andries Wilhelmus Jacobus Jr.,b3c1d5e12f4,a1b3c1d5e12f4,PRETORIUSa1b3c1d5e12f4,,09/12/1825,1825,GRAAFF-REINET,15/01/1826,1825,1826,"RUSTDAL, ESTCOURT",1825,17/04/1907,1907,PMB,03/04/1848,1848,JOHANNA FREDERIKA,KEMP,"PROBABLY LETSKRAAL, VOOR-SNEEUBERG",GRAAFF-REINET,END OCTOBER 1838,1838,A.W.J. PRETORIUS SR.,NATAL,,,
1363,PRETORIUS,PRETORIUS,PRETORIUS,HENNING PETRUS NICOLAAS (PIET),Henning Petrus Nicolaas (Piet),b3c1d5e13,a1b3c1d5e13,PRETORIUSa1b3c1d5e13,,18/08/1800,1800,GRAAFF-REINET,18/08/1800,1800,1800,"VAN REENEN, HARRISMITH",1800,27/06/1865,1865,CRADOCK,06/05/1821,1821,JOHANNA CHRISTINA,VORSTER,VOOR-SNEEUBERG,GRAAFF-REINET,PROBAB;Y END 1838,1838,POSSIBLY HIS FAMILY,NATAL THEN PRETORIA,,,
1364,PRETORIUS,PRETORIUS,PRETORIUS,MARTHINUS WESSEL (SWART MARTIENS),Marthinus Wessel (Swart Martiens),b3c1d5e13f1,a1b3c1d5e13f1,PRETORIUSa1b3c1d5e13f1,,27/07/1822,1822,GRAAFF-REINET,01/09/1822,1822,1822,SILKAATSNEK,1822,05/01/1864,1864,PMB,07/01/1834,1834,DEBORA JACOBA,RETIEF,VOOR-SNEEUBERG,GRAAFF-REINET,END 1838 (?),(?),PROBABLY WITH HIS FATHER H.P.N. PRETORIUS,,,,
1365,PRETORIUS,PRETORIUS,PRETORIUS,JOHANNES LODEWYK WYNAND,Johannes Lodewyk Wynand,b3c1d5e14,a1b3c1d5e14,PRETORIUSa1b3c1d5e14,,,,GRAAFF-REINET,19/09/1802,,1802,BROEDERSTROOM,1802,21/07/1874,1874,,,,,,POSSIBLY VOOR-SNEEUBERG,GRAAFF-REINET,END OCTOBER 1838,1838,A.W.J. PRETORIUS,NATAL THEN BROEDERSTROOM,,,
1366,PRETORIUS,PRETORIUS,PRETORIUS,HERCULES ALBERTUS (BART),Hercules Albertus (Bart),b3c1d5e15,a1b3c1d5e15,PRETORIUSa1b3c1d5e15,,22/08/1803,1803,GRAAFF-REINET,13/05/1804,1803,1804,"BROEDERSTROOM, PRETORIA",1803,25/09/1889,1889,GRAAFF-REINET,08/12/1822,1822,ANNA ELISABETH,SCHOOMBEE,VOOR-SNEEUBERG,GRAAFF-REINET,END OCTOBER 1838,1838,A.W.J. PRETORIUS,NATAL,PMB,,
1367,PRETORIUS,PRETORIUS,PRETORIUS,MARTHINUS PETRUS WILHELMUS,Marthinus Petrus Wilhelmus,b3c1d5e15f2,a1b3c1d5e15f2,PRETORIUSa1b3c1d5e15f2,,01/09/1825,1825,GRAAFF-REINET,02/10/1825,1825,1825,KRUGERSDORP,1825,23/09/1906,1906,POTCHEFSTROOM,01/05/1850,1850,MARGARETHA JOHANNA,PRETORIUS,"KRUIS, VOOR-SNEEUBERG",GRAAFF-REINET,END OCTOBER 1838,1838,A.W.J. PRETORIUS,,STANDERTON,,
1368,PRETORIUS,PRETORIUS,PRETORIUS,GERHARDUS PETRUS,Gerhardus Petrus,b3c1d5e1f1,a1b3c1d5e1f1,PRETORIUSa1b3c1d5e1f1,,31/08/1792,1792,GRAAFF-REINET,14/09/1794,1792,1794,,1792,,,GRAAFF-REINET,30/04/1815,1815,ANNA MAGRIETHA,BESTER,TARKA,SOMERSET,CA 1835,1835,HIS FATHER M.W. PRETORIUS,TRANSORANJE THEN WATERBERG,,,
1369,PRETORIUS,PRETORIUS,PRETORIUS,MARTHINUS WESSEL,Marthinus Wessel,b3c1d5e5f5,a1b3c1d5e5f5,PRETORIUSa1b3c1d5e5f5,,30/08/1810,1810,,12/10/1810,1810,1810,SENEKAL,1810,18/02/1894,1894,GRAAFF-REINET,01/01/1831,1831,HILLETJE (HEILTJE/NEELTJE/ HEYLA) MAGDALENA,KOEKEMOER,VOOR-SNEEUBERG,GRAAFF-REINET POSSIBLY THEN BRAKRIVIER IN SOMERSET,PROBABLY END OCTOBER 1838,1838,A.W.J. PRETORIUS,WINBURG,,,
1370,PRETORIUS,PRETORIUS,PRETORIUS,JOHANNES LODEWICUS PETRUS,Johannes Lodewicus Petrus,b3c1d5e5f8,a1b3c1d5e5f8,PRETORIUSa1b3c1d5e5f8,,04/02/1816,1816,GRAAFF-REINET,19/07/1816,1816,1816,HEILBRON,1816,20/05/1897,1897,GRAAFF-REINET,30/05/1836,1836,JOHANNA CATHARINA SOPHIA,LOOTS,,GRAAFF-REINET,BETWEEN 03/07/1843 AND 06/10/1844,1844,,HEILBRON,,,
1371,PRETORIUS,PRETORIUS,PRETORIUS,MATTHYS VAN AS,Matthys Van As,b3c1d6e10f1,a1b3c1d6e10f1,PRETORIUSa1b3c1d6e10f1,SNEEUBERG,19/04/1812,1812,GRAAFF-REINET,06/07/1812,1812,1812,KWAMATHIWANE,1812,06/02/1838,1838,BEAUFORT,07/02/1835,1835,HENDRINA JOHANNA JACOBA PETRONELLA,VERMEULEN,"PROBABLY SCHRAMFONTEIN, WINTERVEL",GRAAFF-REINET,POSSIBLY END SEPTEMBER 1836 OR FEBRUARY 1837,1837,POSSIBLY GERT MARTITZ OR PIET RETIEF,,,,
1372,PRETORIUS,PRETORIUS,PRETORIUS,JOSEPH ERASMUS,Joseph Erasmus,b3c1d6e10f2,a1b3c1d6e10f2,PRETORIUSa1b3c1d6e10f2,GRAAFF-REINET,06/01/1814,1814,GRAAFF-REINET,27/02/1814,1814,1814,"KLEINFONTEIN, KLIPRIVIER, NATAL",1814,19/03/1855,1855,GRAAFF-REINET,03/10/1836,1836,CHRISTINA GERBRECHT,VAN DEN BERG,WINTERVELD,GRAAFF-REINET,POSSIBLY FEBRUARY 1837,1837,POSSIBLY PIET RETIEF,,,,
1373,PRETORIUS,PRETORIUS,PRETORIUS,MARTHINUS GERHARDUS PETRUS,Marthinus Gerhardus Petrus,b3c1d6e10f3,a1b3c1d6e10f3,PRETORIUSa1b3c1d6e10f3,,09/11/1816,1816,GRAAFF-REINET,07/07/1817,1816,1817,KWAMATHIWANE,1816,06/02/1838,1838,,,,,,PROBABLY WINTERVELD,GRAAFF-REINET,POSSIBLY FEBRUARY 1837,1837,PIET REIEF (?),,,,
1374,PRETORIUS,PRETORIUS,PRETORIUS,JOHANNES LODEWICUS,Johannes Lodewicus,b3c1d6e10f5,a1b3c1d6e10f5,PRETORIUSa1b3c1d6e10f5,,22/09/1820,1820,GRAAFF-REINET,18/02/1821,1820,1821,"DRIEFONREIN, PRETORIA",1820,26/12/1887,1887,,,,JOHANNA MAGDALENA SUSANNA,JORDAAN,POSSIBLY WINTERVELD,GRAAFF-REINET,BEFORE 1845,1845,,POTCHEFSTROOM AND THEN PRETORIA,,,
1375,PRETORIUS,PRETORIUS,PRETORIUS,JOHANNES PETRUS (JAN SR.),Johannes Petrus (Jan Sr.),b3c1d9e2,a1b3c1d9e2,PRETORIUSa1b3c1d9e2,,,,TULBAGH,25/12/1782,,1782,FARM BUFFELSFONTEIN AT VAALRIVIER,1782,08/06/1861,1861,GRAAFF-REINET,18/03/1804,1804,CATHARINA SUSANNA,KOTZE,"STRYDPOORT, BRAKRIVIER",SOMERSET,CA 1837,1837,,,,,
1376,PRETORIUS,PRETORIUS,PRETORIUS,JOHANNES PETRUS (JAN JR.),Johannes Petrus (Jan Jr.),b3c1d9e2f4,a1b3c1d9e2f4,PRETORIUSa1b3c1d9e2f4,,26/02/1809,1809,GRAAFF-REINET,09/05/1809,1809,1809,DELAGOABAAI,1809,BETWEEN 2 AND 5 MAY 1838,1838,,,,MARIA JOHANNA,STRAUSS,BRAKRIVIER,SOMERSET,CA SEPTEMBER 1835,1835,LOUIS TREGARDT,,CRADOCK,,
1377,PRETORIUS,PRETORIUS,PRETORIUS,GERHARDUS DIRK,Gerhardus Dirk,b3c1d9e2f9,a1b3c1d9e2f9,PRETORIUSa1b3c1d9e2f9,,31/08/1821,1821,CRADOCK,31/07/1822,1821,1822,POTCHEFSTROOM,1821,15/04/1889,1889,POTCHEFSTROOM,03/06/1838,1838,GEERTRUIDA SUSANNA STEFANETTA PAULINA,DU PLESSIS,POSSIBLY TARKA,SOMERSET,EARLY 1836 (?),(?),A.H. POTGIETER (?),POTCHEFSTROOM,,,
1378,PRETORIUS,PRETORIUS,PRETORIUS,JOHANNES JACOBUS,Johannes Jacobus,b3c7d1e1f3,a1b3c7d1e1f3,PRETORIUSa1b3c7d1e1f3,,02/11/1805,1805,CAPE TOWN,23/03/1806,1805,1806,"DAMMENBURG, MARICO",1805,10/06/1890,1890,GRAAFF-REINET,04/12/1825,1825,ELISABETH JOHANNA (OR MARIA ?),VAN VREEDE(N),WINTERVELD,GRAAFF-REINET THEN COLESBERG,BETWEEN MARCH 1840 AND 1841,1841,,NATAL THEN MARCO,,,
1379,PRETORIUS,PRETORIUS,PRETORIUS,JOHANNES JACOBUS,Johannes Jacobus,b3c7d1e2f1,a1b3c7d1e2f1,PRETORIUSa1b3c7d1e2f1,,07/04/1798,1798,GRAAFF-REINET,01/07/1798,1798,1798,"KLIPFONTEIN, BLOEMFONTEIN",1798,29/05/1860,1860,GRAAFF-REINET,25/01/1818,1818,HENDRINA SOPHIA,VAN DEN BERG,OP-SNEEUBERG,GRAAFF-REINET,CA 1840,1840,PROBABLY ONLY THEIR FAMILY,"KLIPFONTEIN, BLOEMFONTEIN",GRAAFF-REINET,,
1380,PRETORIUS,PRETORIUS,PRETORIUS,JACOBUS NICOLAAS,Jacobus Nicolaas,b3c7d1e2f11,a1b3c7d1e2f11,PRETORIUSa1b3c7d1e2f11,,26/01/1818,1818,GRAAFF-REINET,09/03/1818,1818,1818,POTCHEFSTROOM CONCENTRATION CAMP,1818,21/06/1901,1901,COLESBERG,06/04/1840,1840,JOHANNA ADRIANA,VAN DEN BERG,OP-SNEEUBERG,GRAAFF-REINET,CA 1840-1842,1842,POSSIBLY FAMILY TREK,"BLESBOKFONTEIN, VENTERSDORP",,,
1381,PRETORIUS,PRETORIUS,PRETORIUS,HENDRIK STEPHANUS,Hendrik Stephanus,b3c7d1e2f12,a1b3c7d1e2f12,PRETORIUSa1b3c7d1e2f12,,18/11/1819,1819,GRAAFF-REINET,30/04/1820,1819,1820,"BIESIEBULT, JACOBSDAL",1819,25/01/1872,1872,,,,MARTHA MAGDALENA,MOULTON,PROBABLY OP-SNEEUBERG,GRAAFF-REINET,CA 1840-1844,1844,FAMILY TREK (?),,,,
1382,PRETORIUS,PRETORIUS,PRETORIUS,PETRUS FRANCOIS,Petrus Francois,b3c7d1e2f13,a1b3c7d1e2f13,PRETORIUSa1b3c7d1e2f13,,09/11/1822,1822,GRAAFF-REINET,23/02/1823,1822,1823,POTCHEFSTROOM,1822,11/11/1893,1893,POTCHEFSTROOM,05/02/1848,1848,CATHARINA ELIZABETH,BOTHA,PROBABLY OP-SNEEUBERG,GRAAFF-REINET,CA 1840,1840,POSSIBLY ONLY FAMILY TREK,POTCHEFSTROOM,,,
1383,PRETORIUS,PRETORIUS,PRETORIUS,WESSEL MATTHYS,Wessel Matthys,b3c7d1e2f14,a1b3c7d1e2f14,PRETORIUSa1b3c7d1e2f14,,23/08/1825,1825,GRAAFF-REINET,09/10/1825,1825,1825,"GELUKSKRAAL, HOOPSTAD",1825,14/01/1911,1911,,,,MARIA ELIZABETH,MOUTON,PROBABLY OP-SNEEUBERG,GRAAFF-REINET,CA 1840,1840,,"GELUKSKRAAL, HOOPSTAD",BLOEMFONTEIN,,
1384,PRETORIUS,PRETORIUS,PRETORIUS,WILLEM LODEWYK,Willem Lodewyk,b3c7d1e2f1g1,a1b3c7d1e2f1g1,PRETORIUSa1b3c7d1e2f1g1,,09/02/1819,1819,GRAAFF-REINET,09/05/1819,1819,1819,"KAFFERSKRAAL, HEIDELBERG, TRANSVAAL",1819,25/05/1891,1891,,,,ELSJE JOHANNA SUSARA CATHARINA,STOLTZ,PROBABALY OP-SNEEUBERG,GRAAFF-REINET,CA 1840-42,0-42,PROBABLY ONLY THEIR FAMILY,HEIDELBERG,HEIDELBERG,,
1385,PRETORIUS,PRETORIUS,PRETORIUS,ISAAC JACOBUS,Isaac Jacobus,b3c7d1e2f1g3,a1b3c7d1e2f1g3,PRETORIUSa1b3c7d1e2f1g3,,05/02/1823,1823,GRAAFF-REINET,07/07/1823,1823,1823,"MODDERFONTEIN, POTCHEFSTROOM",1823,05/12/1899,1899,,,,MARIA SUSANNA ELIZABETH,BEUKES (MIEKA),OP-SNEEUBERG,GRAAFF-REINET,CA 1840-1844,1844,,NATAL THEN POTCHEFSTROOM,POTCHEFSTROOM,,
1386,PRETORIUS,PRETORIUS,PRETORIUS,WILLEM LODEWYK,Willem Lodewyk,b3c7d1e2f4,a1b3c7d1e2f4,PRETORIUSa1b3c7d1e2f4,,15/02/1804,1804,GRAAFF-REINET,21/05/1804,1804,1804,"WATERVAL, BLOEMFONTEIN",1804,24/06/1879,1879,GRAAFF-REINET,04/07/1825,1825,FRANCINA JACOBA,DU PREEZ,"AGTER-SNEEUBERG, SWARTRUGGENS & CAMDEBOO",GRAAFF-REINET,POSSIBLY BETWEEN JULY 1836 AND SEPTEMBER 1838,1838,,BLOEMFONTEIN,,,
1387,PRETORIUS,PRETORIUS,PRETORIUS,SYBRAND GERHARDUS,Sybrand Gerhardus,b3c7d1e2f6,a1b3c7d1e2f6,PRETORIUSa1b3c7d1e2f6,,27/05/1806,1806,GRAAFF-REINET,26/10/1806,1806,1806,KROONSTAD,1806,28/09/1883,1883,GRAAFF-REINET,02/03/1828,1828,ANNA CATHARINA PHILIPPINA,SMIT,SWARTRUGGENS,GRAAFF-REINET THEN POSSIBLY COLESBERG,CA 1838,1838,,KROONSTAD,KROONSTAD,,
1388,PRETORIUS,PRETORIUS,PRETORIUS,JOHANNES ANDRIES,Johannes Andries,b3c7d1e6,a1b3c7d1e6,PRETORIUSa1b3c7d1e6,,15/11/1783,1783,TULBAGH,04/07/1784,1783,1784,"MODDERFONTEIN, WINBURG",1783,29/04/1856,1856,CAPE TOWN,23/10/1803,1803,JOHANNA CATHARINA,DAVEL,"BRANDFONTEIN, WINTERVELD",GRAAFF-REINET,1837,1837,,,,,
1389,PRETORIUS,PRETORIUS,PRETORIUS,JOHANNES JACOBUS CORNELIS,Johannes Jacobus Cornelis,b3c7d1e6f2,a1b3c7d1e6f2,PRETORIUSa1b3c7d1e6f2,,04/02/1807,1807,GRAAFF-REINET,08/02/1807,1807,1807,"PAARDEKRAAL, KRRONSTAD",1807,06/08/1889,1889,,,,CATHARINA JACOBA,VILJOEN,PROBABLY OP-SNEEUBERG,GRAAFF-REINET,BEFORE JANUARY 1840,1840,,NATAL,,,
1390,PRETORIUS,PRETORIUS,PRETORIUS,WILLEM JURGEN,Willem Jurgen,b3c7d1e6f3,a1b3c7d1e6f3,PRETORIUSa1b3c7d1e6f3,GRAAFF-REINET,17/10/1808,1808,GRAAFF-REINET,21/12/1808,1808,1808,"CHURCH STREET, PMB",1808,04/04/1889,1889,GRAAFF-REINET,07/04/1828,1828,JOHANNA CATHARINA,DE BEER,"PROBABLY BRANDFONTEIN, WINTERVELD",GRAAFF-REINET,1837,1837,,PMB THEN HARRISMITH THEN PMB AGAIN,PMB,,
1391,PRETORIUS,PRETORIUS,PRETORIUS,HENDRIK CHRISTIAAN,Hendrik Christiaan,b3c7d1e6f4,a1b3c7d1e6f4,PRETORIUSa1b3c7d1e6f4,SPITSKOP,31/03/1810,1810,,,1810,,JACOBSDAL,1810,10/04/1886,1886,GRAAFF-REINET,06/07/1835,1835,JACOBA ADRIANA,JACOBS,WINTERVELD,GRAAFF-REINET THEN POSSIBLY COLESBERG,BETWEEN END JULY 1837 AND FEBRUARY 1841,1841,,NATAL THEN JACOBSDAL,,,
1392,PRETORIUS,PRETORIUS,PRETORIUS,JAN CORNELIS,Jan Cornelis,b3c7d1e6f7,a1b3c7d1e6f7,PRETORIUSa1b3c7d1e6f7,,15/04/1816,1816,GRAAFF-REINET,01/12/1816,1816,1816,"KWAMATHIWANE, NATAL",1816,06/02/1838,1838,,,,,,"PROBABLY BRANDFONTEIN, WINTERVELD",GRAAFF-REINET,1837 (?),,FAMILY TREK (?),,,,
1393,PRETORIUS,PRETORIUS,PRETORIUS,IZAAK JOHANNES,Izaak Johannes,b3c7d1e6f8,a1b3c7d1e6f8,PRETORIUSa1b3c7d1e6f8,,20/12/1817,1817,GRAAFF-REINET,25/01/1818,1817,1818,WYK NO 2 WOLMARANSTAD,1817,15/05/1897,1897,COLESBERG,04/06/1837,1837,SUSANNA JACOMINA,JACOBS,"PROBABLY BRANDFONTEIN, WINTERVELD",GRAAFF-REINET,CA 1837,1837,WOLMARANSTAD,,,,
1394,PRETORIUS,PRETORIUS,PRETORIUS,GYSBERT JOHANNES ANDRIES,Gysbert Johannes Andries,b3c7d1e6f9,a1b3c7d1e6f9,PRETORIUSa1b3c7d1e6f9,,26/02/1820,1820,GRAAFF-REINET,19/04/1820,1820,1820,"LEEUFONTEIN, POTCHEFSTROOM",1820,12/11/1875,1875,,05/07/1843,1843,MARIA JOHANNA ALETTA,HATTINGH,"PROBABLY BRANDFONTEIN, WINTERVELD",GRAAFF-REINET,1837 (?),(?),PROBABLY A FAMILY TREK,POTCHEFSTROOM,,,
1395,PRETORIUS,PRETORIUS,PRETORIUS,PETRUS GERHARDUS ( SWART PIET),Petrus Gerhardus ( Swart Piet),b3c9d7,a1b3c9d7,PRETORIUSa1b3c9d7,,,,TULBAGH,15/11/1772,,1772,"PETRUSBERG, KROONSTAD",1772,20/05/1860,1860,TULBAGH,19/04/1801,1801,SOPHIA JOACHIMINA,SCHOLTZ,"KRUIS, VOOR-SNEEUBERG",GRAAFF-REINET,POSSIBLY END OCTOBER 1838,1838,A.W.J. PRETORIUS (?),"NATAL THEN PETRUSBERG, KROONSTAD",,,
1396,PRETORIUS,PRETORIUS,PRETORIUS,WILLEM STERRENBERG,Willem Sterrenberg,b3c9d7e1,a1b3c9d7e1,PRETORIUSa1b3c9d7e1,"VOOR-SNEEUBERG, GRAAFF-REINET",28/04/1802,1802,TULBAGH,09/10/1802,1802,1802,"SCHAAPKRAAL, HARRISMITH",1802,19/02/1878,1878,GRAAFF-REINET,03/06/1821,1821,JACOBA JOHANNA,PIETERSE(N),VOOR-SNEEUBERG,GRAAFF-REINET,POSSIBLY END OCTOBER 1838,1838,A.W.J. PRETORIUS (?),"WINBURG THEN SCHAAPSKRAAL, HARRISMITH",,,
1397,PRETORIUS,PRETORIUS,PRETORIUS,PETRUS GERHARDUS,Petrus Gerhardus,b3c9d7e1f2,a1b3c9d7e1f2,PRETORIUSa1b3c9d7e1f2,,19/12/1823,1823,GRAAFF-REINET,23/02/1824,1823,1824,"DOORNKOP, VREDE",1823,15/09/1895,1895,,,,MARIA SOPHIA,VAN DER MERWE,"PROBABLY KRUIS, VOOR-SNEEUBERG",GRAAFF-REINET,PROBABLY END OCTOBER 1838,1838,A.W.J. PRETORIUS (?),"DOORNKOP, VREDE",,,
1398,PRETORIUS,PRETORIUS,PRETORIUS,PETRUS GERHARDUS,Petrus Gerhardus,b3c9d7e3,a1b3c9d7e3,PRETORIUSa1b3c9d7e3,,11/12/1807,1807,GRAAFF-REINET,18/04/1808,1807,1808,"CORNELISRIVIER, HARRISMITH",1807,21/09/1874,1874,GRAAFF-REINET,08/02/1829,1829,SUSANNA MARIA JOHANNA,LOOTS,VOOR-SNEEUBERG,GRAAFF-REINET,POSSIBLY END OCTOBER 1838,1838,A.W.J. PRETORIUS (?),HARRISMITH,POTCHEFSTROOM,,
1399,PRETORIUS,PRETORIUS,PRETORIUS,DANIEL PETRUS,Daniel Petrus,b3cc7d4e8,a1b3cc7d4e8,PRETORIUSa1b3cc7d4e8,,,,CAPE TOWN,14/08/1803,,1803,BLOEMFONTEIN,1803,29/07/1878,1878,GRAAFF-REINET,05/03/1837,1837,HENDRINA MAGDALENA ELISABETH,VAN DER MERWE,,GRAAFF-REINET,BEFORE 1839,1839,,BLOEMFONTEIN,,,
1400,PRETORIUS,PRETORIUS,PRETORIUS,HENDRIK STEPHANUS SR.,Hendrik Stephanus Sr.,b5c3d5e10,a1b5c3d5e10,PRETORIUSa1b5c3d5e10,,03/08/1792,1792,GRAAFF-REINET,27/01/1793,1792,1793,"ROODEKLOOF, RUSTENBURG",1792,16/09/1873,1873,GRAAFF-REINET,07/06/1813,1813,RACHEL JACOBA,LIEBENBERG,"ONDER-SEEKOEIRIVER, GRAAFF-REINET (?) OR BRAKRIVIER, SOMERSET",,BEFORE 1841,1841,,NATAL THEN RUSTENBURG,,,
1401,PRETORIUS,PRETORIUS,PRETORIUS,JOHANNES LODEWICUS,Johannes Lodewicus,b5c3d5e10f1,a1b5c3d5e10f1,PRETORIUSa1b5c3d5e10f1,,07/03/1814,1814,GRAAFF-REINET,03/04/1814,1814,1814,"SLAGKRAAL, MIDDELBURG",1814,20/10/1875,1875,CRADOCK,06/02/1831,1831,ANNA ELISABETH MARGARETHA,ROBBERTS (E),BRAKRIVIER,SOMERSET,BETWEEN JULY 1836 AND AUGUST 1838,1838,,MIDDELBURG,POTCHEFSTROOM,,
1402,PRETORIUS,PRETORIUS,PRETORIUS,HENDRIK STEPHANUS JR.,Hendrik Stephanus Jr.,b5c3d5e10f4,a1b5c3d5e10f4,PRETORIUSa1b5c3d5e10f4,,02/01/1820,1820,GRAAFF-REINET,04/06/1820,1820,1820,PRETORIA,1820,25/11/1885,1885,GRAAFF-REINET,11/07/1838,1838,JOHANNA CATHARINA,PRETORIUS,PROBABLY BRAKRIVIER,SOMERSET,END 1838 (?),(?),,"RIETVLEI, STANDERTON",PRETORIA,,
1403,PRETORIUS,PRETORIUS,PRETORIUS,DANIEL PIETER,Daniel Pieter,b5c3d5e10f5,a1b5c3d5e10f5,PRETORIUSa1b5c3d5e10f5,,30/09/1821,1821,GRAAFF-REINET,04/11/1821,1821,1821,STANDERTON,1821,08/09/1894,1894,PMB,25/07/1840,1840,JACOBA STEFINA,SMIT,BRAKRIVIER,SOMERSET,BEFORE JULY 1840,1840,,NATAL THEN STANDERTON,POTCHEFSTROOM,,
1404,PRETORIUS,PRETORIUS,PRETORIUS,ABRAHAM,Abraham,b5c3d5e10f6,a1b5c3d5e10f6,PRETORIUSa1b5c3d5e10f6,,27/06/1822,1822,GRAAFF-REINET,22/06/1823,1822,1823,"ROODEKLOOF, RUSTENBURG",1822,19/10/1876,1876,,,,,,BRAKRIVIER,SOMERSET,BETWEEN APRIL 1836 AND BERUARY 1842,1842,PROBABLY WITH HIS PARENTS,"ROODEKLOOF, RUSTENBURG",,,
1405,PRETORIUS,PRETORIUS,PRETORIUS,CHAREL STEPHANUS,Charel Stephanus,b5c3d5e7f4,a1b5c3d5e7f4,PRETORIUSa1b5c3d5e7f4,"UITVLUGT, GRAAFF-REINET",02/11/1813,1813,GRAAFF-REINET,05/12/1813,1813,1813,PRETORIA,1813,1864,1864,GRAAFF-REINET,04/07/1831,1831,ANNA SUSANNA HELENA,MALHERBE,"DRIEFONTEIN, UITVLUGT",GRAAFF-REINET,BETWEEN APRIL 1837 AND DECEMBER 1839,1839,,POTCHEFSTROOM (?),GRAAFF-REINET,,
1406,PRETORIUS,PRETORIUS,PRETORIUS,WILLEM,Willem,b5c3d7e3,a1b5c3d7e3,PRETORIUSa1b5c3d7e3,,,,TULBAGH,08/01/1786,,1786,,1786,,,GRAAFF-REINET,01/04/1804,1804,PETRONELLA CHRISTINA,BOTHA,,SOMERSET (AREA CRADOCK),PROBABLY BEFORE 06/02/1838,1838,,SOUTPANSBERG,POTCHEFSTROOM,,
1407,PRETORIUS,PRETORIUS,PRETORIUS,JAN ADRIAAN VAN DE GRAAFF,Jan Adriaan Van De Graaff,b5c3d7e3f8,a1b5c3d7e3f8,PRETORIUSa1b5c3d7e3f8,,26/05/1819,1819,CRADOCK,17/10/1819,1819,1819,"POSSIBLY BRAKRIVIER, SOUTPANSBERG",1819,CA 1853,1853,,,,ELIZABETH MARGARETHA,HAVENGA,PROBABLY BRAKRIVIER,SOMERSET,PROBABLY BEFORE 06/02/1838,1838,,SOUTPANSBERG,,,
1408,PRETORIUS,PRETORIUS,PRETORIUS,WILLEM HENDRIK,Willem Hendrik,b5c3d7e3f9,a1b5c3d7e3f9,PRETORIUSa1b5c3d7e3f9,,25/05/1821,1821,CRADOCK,12/08/1821,1821,1821,"RIETPOORT, WATERBERG",1821,25/06/1920,1920,WINBURG,03/07/1843,1843,GERTRUIDA MAGDALENA N,HAVENGA,,SOMERSET,BEFORE 1843,1843,,WATERBERG,,,
1409,PRINSLOO,PRINSLOO,PRINSLOO,HENDRIK FREDERIK,Hendrik Frederik,b3c3d1e13,a1b3c3d1e13,PRINSLOOa1b3c3d1e13,,,,,24/04/1791,,1791,,1791,,,GRAAFF-REINET,15/01/1815,1815,MARGARETHA SUSANNA,VAN DEN VYVER,"DOORNDRAAI (?), OOS-RIETRIVIER, KAGARIVIER",SOMERSET,BETWEEN 24/05/1836 AND 20/06/1837,1837,,,,,
1410,PRINSLOO,PRINSLOO,PRINSLOO,KLAAS JACOBUS,Klaas Jacobus,b3c3d1e13f1,a1b3c3d1e13f1,PRINSLOOa1b3c3d1e13f1,,29/09/1816,1816,GRAAFF-REINET,05/01/1817,1816,1817,,1816,,,SOMERSET,01/06/1834,1834,SOPHIA SUSANNA,BRONKHORST,"DOORNDRAAI (?), OOS-RIETRIVIER",SOMERSET,BETWEEN 24/05/1836 AND 20/06/1837,1837,,TRANSORANJE,QUEENSTOWN,,
1411,PRINSLOO,PRINSLOO,PRINSLOO,ARIE JACOBUS,Arie Jacobus,b3c3d1e14,a1b3c3d1e14,PRINSLOOa1b3c3d1e14,,,,,24/04/1791,,1791,,1791,,,,,,,,OOS-RIETREVIER,SOMERSET,BETWEEN 24/05/1836 AND  20/06/1837,1837,,,,,
1412,PRINSLOO,PRINSLOO,PRINSLOO,NICOLAAS JACOBUS (KLAAS),Nicolaas Jacobus (Klaas),b3c3d1e19,a1b3c3d1e19,PRINSLOOa1b3c3d1e19,,,,,25/12/1801,,1801,,1801,,,CRADOCK,11/08/1822,1822,CATHARINA MARIA,BOTHA,BRUINTJIESHOOGTE,SOMERSET,NOT LATER THAN DECEMBER 1839,1839,,MAGALIESBERG,,,
1413,PRINSLOO,PRINSLOO,PRINSLOO,NICOLAAS JACOBUS,Nicolaas Jacobus,b3c3d1e19f1,a1b3c3d1e19f1,PRINSLOOa1b3c3d1e19f1,,17/05/1823,1823,CRADOCK,14/04/1824,1823,1824,,1823,,,,,,,,PROBABLY BRUINTJIESHOOGTE,SOMERSET,NOT LATER THAN DECEMBER 1839,1839,,,,,
1414,PRINSLOO,PRINSLOO,PRINSLOO,PHILIP RUDOLPH,Philip Rudolph,b3c3d1e19f2,a1b3c3d1e19f2,PRINSLOOa1b3c3d1e19f2,,25/08/1825,1825,SOMERSET,02/07/1826,1825,1826,,1825,24/02/1891,1891,,,,JOHANNA PETRONELLA,BOSCH,BRUINTJIESHOOGTE,SOMERSET,NOT LATER THAN DECEMBER 1839,1839,,SOUTPANSBERG AREA,,,
1415,PRINSLOO,PRINSLOO,PRINSLOO,BALTHSAR JOHANNES,Balthsar Johannes,b3c3d1e1f2,a1b3c3d1e1f2,PRINSLOOa1b3c3d1e1f2,,JULY 1794,1794,,22/03/1795,1794,1795,"BOEKENHOUTSKLOOF, MAGALIESBERG",1794,05/05/1863,1863,GRAAFF-REINET,05/01/1817,1817,MARIA (SIBELLA) ALETTA,ERASMUS,BAVIAANSRIVIER,SOMERSET,CA END MARCH 1838 BUT NO PROOF THAT THEY MOVED,,,,,,
1416,PRINSLOO,PRINSLOO,PRINSLOO,WILLEM MARTHINUS,Willem Marthinus,b3c3d1e1f3,a1b3c3d1e1f3,PRINSLOOa1b3c3d1e1f3,,14/12/1800,1800,TULBAGH,12/04/1801,1800,1801,,1800,07/08/1859,1859,CRADOCK,14/07/1822,1822,HELENA CATHARINA,KLOPPER,BAVIAANSRIVIER,SOMERSET,BETWEEN 1840 AND 1844,1844,,,,,
1417,PRINSLOO,PRINSLOO,PRINSLOO,PIETER WILLEM,Pieter Willem,b3c3d1e1f4,a1b3c3d1e1f4,PRINSLOOa1b3c3d1e1f4,,,,,19/08/1804,,1804,,1804,,,CRADOCK,04/04/1824,1824,MARTHA MARIA ELISABETH,RIEKERT,"KLIPPLAATHOEK, BAVIAANSRIVIER",SOMERSET,BETWEEN 20/06/1837 AND END MARCH 1838,1838,"POSSIBLY WITH ONE OF: L.J. MEYER, L.J. NEL OR P.A. OPPERMAN",WINBURG,,,
1418,PRINSLOO,PRINSLOO,PRINSLOO,ANTHONIE CHRISTOFFEL,Anthonie Christoffel,b3c3d1e1f5,a1b3c3d1e1f5,PRINSLOOa1b3c3d1e1f5,,,,,19/02/1809,,1809,,1809,17/09/1883,1883,SOMERSET,07/01/1827,1827,MARIA CATHARINA,SNYMAN,"KLIPPAATHOEK, BAVIAANSRIVIER",SOMERSET,PROBABALY BETWEEN 20/06/1837 AND 01/03/1838,1838,"POSSIBLY WITH ONE OF :L.J.MEYER, L.J.NEL  OR P.A. OPPERMAN",,,,
1419,PRINSLOO,PRINSLOO,PRINSLOO,WILLEM JACOBUS,Willem Jacobus,b3c3d4e2f3,a1b3c3d4e2f3,PRINSLOOa1b3c3d4e2f3,,19/05/1808,1808,GRAAFF-REINET,28/08/1808,1808,1808,,1808,,,SOMERSET,07/07/1828,1828,ISABELLA ELISABETH MARGARETHA,BOTHA,BAVIAANSRIVIER,SOMERSET,CA 1843,1843,,PROBABLY 1843,POTCHEFSTROOM,,
1420,PRINSLOO,PRINSLOO,PRINSLOO,CHRISTOFFEL PETRUS JOACHIM,Christoffel Petrus Joachim,b3c3d4e2f6,a1b3c3d4e2f6,PRINSLOOa1b3c3d4e2f6,,07/07/1815,1815,GEORGE,05/11/1815,1815,1815,,1815,31/07/1903,1903,SOMERSET,04/08/1833,1833,ELISABETH JOHANNA CHRISTINA,BOTHA,BAVIAANARIVIER,SOMERSET,CA 1840,1840,,KROONSTAD,,,
1421,PRINSLOO,PRINSLOO,PRINSLOO,HENDRIK FREDERIK,Hendrik Frederik,b3c3d4e2f8,a1b3c3d4e2f8,PRINSLOOa1b3c3d4e2f8,,13/08/1820,1820,CRADOCK,22/10/1820,1820,1820,,1820,,,SOMERSET,11/03/1838,1838,MARIA JOHANNA,GREYLING,POSSIBLY BAVIAANSRIVIER,SOMERSET,CA 1841,1841,,,,,
1422,PRINSLOO,PRINSLOO,PRINSLOO,HENDRIK FREDERIK,Hendrik Frederik,b3c3d4e6,a1b3c3d4e6,PRINSLOOa1b3c3d4e6,,,,,25/12/1788,,1788,,1788,,,GRAAFF-REINET,15/10/1809,1809,MARIA GESINA,GEERE,OOS-RIETRIVIER,SOMERSET,POSSIBLY AUGUST 1836,1836,H.P. MALAN (?),NATAL THEN TRANSORANJE,,,
1423,PRINSLOO,PRINSLOO,PRINSLOO,WILLEM JACOBUS,Willem Jacobus,b3c3d4e6f1,a1b3c3d4e6f1,PRINSLOOa1b3c3d4e6f1,,,,,12/08/1810,,1810,,1810,,,SOMERSET,08/01/1832,1832,JOHANNA CATHARINA,MALAN,OOS-RIETRIVIER,SOMERSET,POSSIBLY AUGUST 1836,1836,H.P. MALAN (?),TRANSORANJE,,,
1424,PRINSLOO,PRINSLOO,PRINSLOO,HENDRIK FREDERIK,Hendrik Frederik,b3c3d4e6f3,a1b3c3d4e6f3,PRINSLOOa1b3c3d4e6f3,,19/05/1813,1813,GRAAFF-REINET,04/10/1813,1813,1813,"KRANSDRIFT, KROONSTAD",1813,06/12/1883,1883,CRADOCK,05/05/1833,1833,WILHELMINA CATHARINA CHRISTOFFELINA,BESTER,BAVIAANARIVIER,SOMERSET,BEFORE 1842,1842,,,,,
1425,PRINSLOO,PRINSLOO,PRINSLOO,GEORGE DIEDERIK PETRUS,George Diederik Petrus,b3c3d4e6f6,a1b3c3d4e6f6,PRINSLOOa1b3c3d4e6f6,"WILDEBEESTFONTEIN, MIDDELBURG, CAPE",19/05/1821,1821,CRADOCK,05/08/1821,1821,1821,"WILDEBEESTFONTEIN,  IDDELBURG, TRANSVAAL (?)",1821,22/03/1888,1888,,,,MARTHA MARIA,HAMMAN,PROBABLY OOS-RIETRIVIER,SOMERSET,BEFORE 1844,1844,,NATAL,BIESIEPAN,,
1426,PRINSLOO,PRINSLOO,PRINSLOO,MARTHINUS,Marthinus,b3c3d5e1f1,a1b3c3d5e1f1,PRINSLOOa1b3c3d5e1f1,,,,,20/05/1805,,1805,,1805,,,CRADOCK,06/02/1825,1825,MARIA PETRONELLA,DE WET,"TWEEFONTEIN, BAVIAANSRIVIER",SOMERSET,POSSIBLY NOVEMBER OR DECEMBER 1837,1837,POSSIBLY LOUIS NEL AND JOHANNES MARTHINUS SCHEEPERS OR P.A. OPPERMAN,,,,
1427,PRINSLOO,PRINSLOO,PRINSLOO,JOHANNES,Johannes,b3c3d5e2,a1b3c3d5e2,PRINSLOOa1b3c3d5e2,,,,,08/04/1781,,1781,,1781,,,,,,JOHANNA PETRONELLA,PRINSLOO,"OOSR-RIETRIVIER THEN TWEEFONTEIN, BAVIAANSRIVIER",SOMERSET,ON THE LIST 20/06/1837,1837,POSSIBLY LOUIS NEL OR P.A. OPPERMAN,,,,
1428,PRINSLOO,PRINSLOO,PRINSLOO,WILLEM JOHANNES,Willem Johannes,b3c3d5e2f1,a1b3c3d5e2f1,PRINSLOOa1b3c3d5e2f1,,,,,06/12/1807,,1807,,1807,,,SOMERSET,07/06/1829,1829,ANNA MARGARETHA,GOOSEN,"OOS-RIETRIVIER THEN TWEEFONTEIN, BAVIAANSRIVIER",SOMERSET,BETWEEN 20/06/1837 AND END MARCH,ARCH,POSSIBLY L.J. NEL OR P.A. OPPERMAN,NATAL,,,
1429,PRINSLOO,PRINSLOO,PRINSLOO,MARTHINUS (J. SON),Marthinus (J. Son),b3c3d5e2f4,a1b3c3d5e2f4,PRINSLOOa1b3c3d5e2f4,,10/12/1812,1812,GRAAFF-REINET,19/04/1813,1812,1813,,1812,,,,,,CATHARINA MARGARETHA,PRINSLOO,"TWEEFONTEIN, BAVIAANSRIVIER",SOMERSET,,,P.A. OPPERMAN OR L.J. NEL (?),,,,
1430,PRINSLOO,PRINSLOO,PRINSLOO,JOHANNES JACOBUS,Johannes Jacobus,b3c3d5e2f5,a1b3c3d5e2f5,PRINSLOOa1b3c3d5e2f5,,CA 1816,1816,,,1816,,,1816,,,PMB,11/08/1839,1839,WILHELMINA CORNELIA,SCHEEPERS,"TWEEFONTEIN, BAVIAANSRIVIER",SOMERSET,POSSIBLY NOVEMBER OR DECEMBER 1837,1837,LOIUS JACOBUS NEL AND JOHANNES MARTHINUS SCHEEPERS OR P.A. OPPERMAN,RUSTENBURG,,,
1431,PRINSLOO,PRINSLOO,PRINSLOO,HENDRIK FREDERIK,Hendrik Frederik,b3c3d5e2f7,a1b3c3d5e2f7,PRINSLOOa1b3c3d5e2f7,,18/09/1818,1818,,04/04/1819,1818,1819,,1818,,,SOMERSET,09/04/1838,1838,MARIA ISABELLA,PRINSLOO,BAVIAANARIVIER,SOMERSET,CA END APRIL 1838,1838,,NATAL THEN TRANSORANJE,,,
1432,PRINSLOO,PRINSLOO,PRINSLOO,NICOLAAS BALTHASAR (KLAAS NUWEVELD),Nicolaas Balthasar (Klaas Nuweveld),b3c3d5e8,a1b3c3d5e8,PRINSLOOa1b3c3d5e8,,,,,01/06/1794,,1794,"DJINDISPRUIT, LIMPOPORIVER, MOZAMBIQUE",1794,END JULY 1836,1836,TULBAGH,03/10/1819,1819,PETRONELLA MARIA,KRUGEL,PROBABLY TARKA,SOMERSET,CA SEPTEMBER 1835,1835,INITIALLY WITH LOUIS TREGARDT THEN A FEW MONTHS LATER JOINED JOHANNES JACOBUS (LANG HANS) JANSE VAN RENSBURG,,,,
1433,PRINSLOO,PRINSLOO,PRINSLOO,JOACHIM JOHANNES,Joachim Johannes,b3c3d6e1,a1b3c3d6e1,PRINSLOOa1b3c3d6e1,,,,,30/03/1783,,1783,"BLOUKRANSRIVIER, NATAL",1783,17/02/1838,1838,CAPE TOWN,30/02/1803,1803,MARTHA LOUISA,PRINSLOO,OOS-RIETRIVIER,SOMERSET,PROBABLY 1837,1837,,,,,
1434,PRINSLOO,PRINSLOO,PRINSLOO,NICOLAAS (KLAAS),Nicolaas (Klaas),b3c3d6e11,a1b3c3d6e11,PRINSLOOa1b3c3d6e11,,,,,02/10/1809,,1809,,1809,,,SOMERSET,23/12/1832,1832,PAULINA HEILA LEVINA,BESTER,OOS-RIETRIVIER,SOMERSET,PROBABLY 1837 (?),,PIET RETIEF (?),NATAL,,,
1435,PRINSLOO,PRINSLOO,PRINSLOO,JOACHIM (JOACHEMUS) JOHANNES PETRUS,Joachim (Joachemus) Johannes Petrus,b3c3d6e1f3,a1b3c3d6e1f3,PRINSLOOa1b3c3d6e1f3,,,,,05/10/1807,,1807,,1807,08/12/1877,1877,,,,ANNA MARIA CATHARINA LEVINA,BESTER,PROBABLY OOS-RIETRIVIER,SOMERSET,1837,1837,,NATAL,,,
1436,PRINSLOO,PRINSLOO,PRINSLOO,HENDRIK PETRUS SR.,Hendrik Petrus Sr.,b3c3d6e5,a1b3c3d6e5,PRINSLOOa1b3c3d6e5,,,,,13/11/1791,,1791,,1791,,,GRAAFF-REINET,06/03/1814,1814,ELSJE JACOBA,VAN DER MERWE,BAVIAANARIVIER,SOMERSET,BETWEEN JUNE 1837 AND MAY 1841,1841,,NATAL,,,
1437,PRINSLOO,PRINSLOO,PRINSLOO,JOACHIM (JOACHEMUS) JOHANNES,Joachim (Joachemus) Johannes,b3c3d6e5f1,a1b3c3d6e5f1,PRINSLOOa1b3c3d6e5f1,,17/01/1815,1815,GRAAFF-REINET,02/04/1815,1815,1815,,1815,,,SOMERSET,15/03/1836,1836,HEILTJE LEVINIA MAGDALENA,BESTER,BAVIAANSRIVIER,SOMERSET,BEFORE 1840,1840,,"WEENEN, NATAL",,,
1438,PRINSLOO,PRINSLOO,PRINSLOO,JACOBUS MARTHINUS,Jacobus Marthinus,b3c3d6e5f2,a1b3c3d6e5f2,PRINSLOOa1b3c3d6e5f2,,,,,,,,,,,,,,,,,,,,,,,,,
1439,PRINSLOO,PRINSLOO,PRINSLOO,HENDRIK PETRUS JR.,Hendrik Petrus Jr.,b3c3d6e5f3,a1b3c3d6e5f3,PRINSLOOa1b3c3d6e5f3,,14/03/1819,1819,CRADOCK,16/08/1819,1819,1819,,1819,,,,,,CHRISTINA PETRONELLA,DE BEER,BAVIAANARIVIER,SOMERSET,BEFORE 1841,1841,,NATAL,,,
1440,PRINSLOO,PRINSLOO,PRINSLOO,MARTHINUS LOURENS,Marthinus Lourens,b3c3d6e6,a1b3c3d6e6,PRINSLOOa1b3c3d6e6,,,,,10/02/1793,,1793,,1793,,,GRAAFF-REINET,05/07/1813,1813,SOPHIA GEERTRUIDA JOHANNA,VAN DER MERWE,OOS-RIETRIVIER,SOMERSET,BEFORE 1844,1844,,NATAL,,,
1441,PRINSLOO,PRINSLOO,PRINSLOO,JOACHIM (JOACHEMUS) JOHANNES,Joachim (Joachemus) Johannes,b3c3d6e6f4,a1b3c3d6e6f4,PRINSLOOa1b3c3d6e6f4,,22/09/1820,1820,CRADOCK,12/08/1821,1820,1821,,1820,1878,1878,PMB,17/05/1840,1840,MARTHA  LOUISA,DE LANGE,PROBABLY OOS-RIETRIVIER,SOMERSET,BEFORE 1840,1840,,NATAL,,,
1442,PRINSLOO,PRINSLOO,PRINSLOO,JACOBUS MARTHINUS LOURENS,Jacobus Marthinus Lourens,b3c3d6e6f5,a1b3c3d6e6f5,PRINSLOOa1b3c3d6e6f5,,18/06/1822,1822,UITENHAGE,14/12/1822,1822,1822,KROONSTAD,1822,18/05/1862,1862,,,,SUSANNA SOPHIA,ELS,PROBABLY OOS-RIETRIVIER,SOMERSET,BEFORE 1845,1845,,WINBURG THEN HARRISMITH,,,
1443,PRINSLOO,PRINSLOO,PRINSLOO,WILLEM PETRUS,Willem Petrus,b3c3d6e7,a1b3c3d6e7,PRINSLOOa1b3c3d6e7,,,,,01/01/1797,,1797,"BURIED IN LUSHOF, PRETORIA",1797,,,CRADOCK,04/10/1819,1819,MARIA ELISABETH,PRINSLOO,"SPREEUWEKLOOF, BAVIAANSRIVIER",SOMERSET,POSSIBLY BETWEEN 20/06/1837 AND 27/08/1837,1837,PROBABLY JAN DU PLESSIS,PROBABLY PRETORIA,,,
1444,PRINSLOO,PRINSLOO,PRINSLOO,JOACHIM (JOACHEMUS) JOHANNES,Joachim (Joachemus) Johannes,b3c3d6e7f2,a1b3c3d6e7f2,PRINSLOOa1b3c3d6e7f2,,19/05/1822,1822,CRADOCK,16/02/1823,1822,1823,,1822,,,,,,ELISABETH LORETTA,RIECKERT,BAVIAANSRIVIER,SOMERSET,OCTOBER 1837 (?),,,,,,
1445,PRINSLOO,PRINSLOO,PRINSLOO,MARTHINUS PETRUS,Marthinus Petrus,b3c6d1e2,a1b3c6d1e2,PRINSLOOa1b3c6d1e2,,,,,17/02/1782,,1782,,1782,,,SWELLENDAM,07/04/1805,1805,ISABELLA SUSANNA,POTGIETER,WINTERHOEK,UITENHAGE,POSSIBLY BEFORE 1840 BUT NOT SURE IF THEY MOVED,,,,,,
1446,PRINSLOO,PRINSLOO,PRINSLOO,MARTHINUS PETRUS HENDRIK,Marthinus Petrus Hendrik,b3c6d1e2f2,a1b3c6d1e2f2,PRINSLOOa1b3c6d1e2f2,,,,,05/01/1809,,1809,,1809,,,UITENHAGE,05/04/1830,1830,HESTER PETRONELLA,VILJOEN,PROBABLY WINTERHOEK,UITENHAGE,BEFORE 1841,1841,NATAL THEN UTRECHT,,,,
1447,PRINSLOO,PRINSLOO,PRINSLOO,JOHANNES HERMANUS,Johannes Hermanus,b3c6d1e2f5,a1b3c6d1e2f5,PRINSLOOa1b3c6d1e2f5,,01/11/1813,1813,,31/07/1814,1813,1814,,1813,,,PMB,30/11/1840,1840,SUSANNA JOHANNA,SCHEEPERS,POSSIBLY WINTERHOEK,UITENHAGE,BEFORE 1840,1840,,NATAL,,,
1448,PRINSLOO,PRINSLOO,PRINSLOO,JOACHIM JOHANNES,Joachim Johannes,b3c6d1e5,a1b3c6d1e5,PRINSLOOa1b3c6d1e5,,,,,17/04/1788,,1788,,1788,,,SWELLENDAM,05/05/1811,1811,HESTER GEERTRUIDA,VAN ROOYEN,,GEORGE,BEFORE 1840,1840,,NATAL,,,
1449,PRINSLOO,PRINSLOO,PRINSLOO,NICOLAAS PETRUS,Nicolaas Petrus,b3c6d1e5f2,a1b3c6d1e5f2,PRINSLOOa1b3c6d1e5f2,,09/12/1814,1814,GEORGE,02/07/1815,1814,1815,,1814,,,GEORGE,02/04/1837,1837,MARIA ELISABETH,VILJOEN,,GEORGE (?),CA BETWEEN MID 1837 AND END 1840,1840,,NATAL,,,
1450,PRINSLOO,PRINSLOO,PRINSLOO,IGNATIUS MICHIEL,Ignatius Michiel,b3c6d1e5f3,a1b3c6d1e5f3,PRINSLOOa1b3c6d1e5f3,,17/09/1817,1817,GEORGE,22/03/1818,1817,1818,,1817,,,GEORGE,22/04/1838,1838,ISABELLA,VILJOEN,,GEORGE,BEFORE 1840,1840,,NATAL,,,
1451,PRINSLOO,PRINSLOO,PRINSLOO,MARTHINUS JACOBUS,Marthinus Jacobus,b3c6d1e5f5,a1b3c6d1e5f5,PRINSLOOa1b3c6d1e5f5,,22/05/1821,1821,GEORGE,17/07/1821,1821,1821,WITFONTEIN,1821,13/04/1892,1892,PMB,06/07/1844,1844,HESTER MARIA,PRINSLOO,,GEORGE,BEFORE 1844,1844,,NATAL THEN HARRISMITH,,,
1452,PRINSLOO,PRINSLOO,PRINSLOO,JOACHIM PETRUS,Joachim Petrus,b3c6d2e1f1,a1b3c6d2e1f1,PRINSLOOa1b3c6d2e1f1,"RIETVLEI, LANGKLOOF, GEORGE",18/07/1812,1812,,23/11/1812,1812,1812,"VAALBOSCHBULT, PRETORIA",1812,07/08/1893,1893,,,,ELIZABETH CATHARINA PETRONELLA,KRUGER,POSSIBLY LANGKLOOF,GEORGE (TODAY UNIONDALE),BEFORE 1841,1841,,NATAL,,,
1453,PRINSLOO,PRINSLOO,PRINSLOO,SALOMON IGNATIUS WILHELM,Salomon Ignatius Wilhelm,b3c6d2e2f6,a1b3c6d2e2f6,PRINSLOOa1b3c6d2e2f6,,10/06/1817,1817,GEORGE,10/08/1817,1817,1817,,1817,,,UITENHAGE,28/05/1837,1837,ELIZABETH JACOBA FREDERIKA,SENEKAL,,UITENHAGE,1843 (?),,,,,,
1454,PRINSLOO,PRINSLOO,PRINSLOO,JOACHIM,Joachim,b3c6d2e3,a1b3c6d2e3,PRINSLOOa1b3c6d2e3,,,,,24/10/1790,,1790,"KAFFERSDRIFT, BOESMANSRIVIER, NATAL",1790,DECEMBER 1843,1843,SWELLENDAM,SEPTEMBER 1810,1810,CATHARINA MARIA,VAN ROOYEN,,POSSIBLY UITENHAGE,POSSIBLY END 1837,1837,,,,,
1455,PRINSLOO,PRINSLOO,PRINSLOO,IGNATIUS MICHIEL,Ignatius Michiel,b3c6d2e3f2,a1b3c6d2e3f2,PRINSLOOa1b3c6d2e3f2,,,,,23/11/1812,,1812,,1812,,,UITENHAGE,24/12/1835,1835,SUSANNA CATHARINA,VAN STADEN,,UITENHAGE,BETWEEN JULY 1838 AND AUGUST 1839,1839,,TRANSORANJE AND NATAL,UITENHAGE,,
1456,PRINSLOO,PRINSLOO,PRINSLOO,JAN HENDRIK,Jan Hendrik,b3c6d2e3f5,a1b3c6d2e3f5,PRINSLOOa1b3c6d2e3f5,,07/05/1817,1817,GEORGE,22/03/1818,1817,1818,,1817,,,,,,ANNA DANIELLINA ELISABETH,PRINSLOO,,POSSIBLY UITENHAGE,BEFORE 1842,1842,,WINBURG,POTCHEFSTROOM,,
1457,PRINSLOO,PRINSLOO,PRINSLOO,SALOMON THEODORUS,Salomon Theodorus,b3c6d2e3f8,a1b3c6d2e3f8,PRINSLOOa1b3c6d2e3f8,,15/02/1824,1824,UITENHAGE,01/08/1824,1824,1824,,1824,,,,,,HESTER SUSANNA JOHANNA,PRINSLOO,SONDAGSRIVIER,UITENHAGE,POSSIBLY END 1837,1837,,,,,
1458,PRINSLOO,PRINSLOO,PRINSLOO,MARTHINUS,Marthinus,b3c6d3e6f1,a1b3c6d3e6f1,PRINSLOOa1b3c6d3e6f1,,,,,05/04/1809,,1809,VREDE,1809,03/05/1882,1882,,,,ANNA HELENA,PRINSLOO,PROBABLY VALSCHRIVIER,SWELLENDAM,BEFORE 1841,1841,,NATAL THEN POTCHEFSTROOM,,,
1459,PRINSLOO,PRINSLOO,PRINSLOO,JOHANNESS ANDRIES,Johanness Andries,b3c6d3e6f2,a1b3c6d3e6f2,PRINSLOOa1b3c6d3e6f2,,,,,23/08/1810,,1810,,1810,,,GEORGE,06/12/1829,1829,SARA SUSANNA,MEYER,VALSCHRIVIER,SWELLENDAM,BEFORE 1840,1840,,MAGALIESBERG,,,
1460,PRINSLOO,PRINSLOO,PRINSLOO,JOHANNES PAULUS,Johannes Paulus,b3c6d3e7f6,a1b3c6d3e7f6,PRINSLOOa1b3c6d3e7f6,,28/03/1821,1821,GEORGE,07/07/1822,1821,1822,BETHLEHEM,1821,18/02/1881,1881,,,,ELSJE PETRONELLA,BOTHA,,,POSSIBLY BEFORE EARLY 1840S,840S,,WAKKERSTROOM THEN BETHLEHEM,,,
1461,PRINSLOO,PRINSLOO,PRINSLOO,WILLEM PETRUS( LANG WILLEM AND/OR WILLEM WRAGTAG),Willem Petrus( Lang Willem And/Or Willem Wragtag),probably b3c3d6e7f1,probably b3c3d6e7f1,PRINSLOOprobably b3c3d6e7f1,,19/02/1820,1820,CRADOCK,06/08/1820,1820,1820,"ZORGVLIET, BRONKHORSTSPRUIT",1820,20/08/1898,1898,WINBURG,1842,1842,JOHANNA MARIA,DE LANGE,"PROBABLY SPREEUWEKLOOF, BAVIAANSRIVIER",SOMERSET,CA OCTOBER 1837,1837,JAN DU PLESSIS (?),PRETORIA,,,
1462,PUTTER,PUTTER,PUTTER,DIEDERIK JOHANNES,Diederik Johannes,b9c4d66e5f1,a1b9c4d66e5f1,PUTTERa1b9c4d66e5f1,,21/08/1825,1825,CRADOCK,06/11/1825,1825,1825,,1825,,,POTCHEFSTROOM,03/09/1845,1845,CATHARINA,HARMSE,KLAAS SMITSRIVIER,SOMERSET (CRADOCK),CA 1843-1844,1844,,POTCHEFSTROOM,,,
1463,PUTTER,PUTTER,PUTTER,PAUL JACOBUS,Paul Jacobus,b9c4d6e5,a1b9c4d6e5,PUTTERa1b9c4d6e5,,,,,17/03/1805,,1805,,1805,,,CRADOCK,06/06/1824,1824,CATHARINA JOHANNA,BOTHA,KLAAS SMITSRIVIER,SOMERSET,CA 1843-1844,1844,,POTCHEFSTROOM,,,
1464,PUTTER,PUTTER,PUTTER,LODEWYK ANDRIES,Lodewyk Andries,b9c4d6e7,a1b9c4d6e7,PUTTERa1b9c4d6e7,,17/01/1811,1811,GRAAFF-REINET,15/07/1811,1811,1811,,1811,,,CRADOCK,02/12/1832,1832,MARTHA SUSANNA,BOTHA,TARKA ( NOW CALLED KLAAS SMITSRIVIER),SOMERSET,PROBABALY DECEMBER 1835,1835,A.H. POTGIETER,,,,
1465,RAATH,RAATH,RAATH,JOHANNES CHRISTOFFEL SR.,Johannes Christoffel Sr.,b3,a1b3,RAATHa1b3,,,,DRAKENSTEIN,19/5/1779,,1779,,1779,,,CAPE TOWN,4/12/1803,1803,JOHANNA HELENA,VOSLOO,ONDER-BOESMANSRIVIER,UITENHAGE,BETWEEN NOVEMBER 1836 AND MARCH 1837,1837,J.S. MARITZ OR GERT J. RUDOLPH,,,,
1466,RAATH,RAATH,RAATH,PHILIPPUS ARNOLDUS CHRISTIAAN,Philippus Arnoldus Christiaan,b3c1,a1b3c1,RAATHa1b3c1,LANGKLOOF,26/1/1805,1805,SWELLENDAM,28/4/1805,1805,1805,BETHLEHEM,1805,10/1/1881,1881,UITENHAGE,5/3/1826,1826,MARIA PETRONELLA,DU PREEZ,ONDER-BOESMANSRIVIER,UITENHAGE,BETWEEN NOVEMBER 1836 AND MARCH 1837,1837,J.S. MARITZ OR GERT J. RUDOLPH,,,,
1467,RAATH,RAATH,RAATH,JOHANNES GERHARDUS,Johannes Gerhardus,b3c2,a1b3c2,RAATHa1b3c2,,25/8/1806,1806,SWELLENDAM,3/5/1807,1806,1807,,1806,1862,1862,UITENHAGE,5/7/1830,1830,EMERENTIA ADRIANA,OOSTHUIZEN,ONDER-BOESMANSRIVIER,UITENHAGE,BETWEEN NOVEMBER 1836 AND MARCH 1837,1837,J.S. MARITZ OR GERT J. RUDOLPH,,LADYSMITH,,
1468,RAATH,RAATH,RAATH,MARTHINUS JOHANNES CHRISTOFFEL,Marthinus Johannes Christoffel,b3c4,a1b3c4,RAATHa1b3c4,KOUGA,30/3/1811,1811,SWELLENDAM,17/11/1811,1811,1811,SOUTPANSBERG,1811,27/12/1877,1877,CRADOCK,7/2/1836,1836,SUSANNA CATHARINA,KLOPPER,TARKA,SOMERSET,BEFORE 1841,1841,,NATAL,,,
1469,RAATH,RAATH,RAATH,JOHANNES CHRISTOFFEL JR.,Johannes Christoffel Jr.,b3c9,a1b3c9,RAATHa1b3c9,ALBANY,1/6/1823,1823,UITENHAGE,19/4/1824,1823,1824,HARRISMITH,1823,17/7/1879,1879,PMB,MARCH 1845,1845,ANNA HENDRINA,SCHOEMAN,ONDER-BOESMANSRIVIER,UITENHAGE,BETWEEN NOVEMBER 1836 AND MARCH 1837,1837,J.S. MARITZ OR GERT J. RUDOLPH,,,,
1470,RABIE,RABIE,RABIE,IZAAK STEPHANUS,Izaak Stephanus,a1b3c6d2,a1b3c6d2,RABIEa1b3c6d2,GRAAFF-REINET,12/8/1794,1794,,5/10/1795,1794,1795,"FAURESMITH, OVS",1794,1/2/1862,1862,,4/10/1813,1813,CECILIA JACOBA,ROOS,KAMDEBOO,GRAAFF-REINET,,,,,,,
1471,RABIE,RABIE,RABIE,JOHANNES JACOBUS,Johannes Jacobus,a1b3c6d2e2,a1b3c6d2e2,RABIEa1b3c6d2e2,,13/6/1816,1816,,,1816,,"FAURESMITH, OVS",1816,13/2/1886,1886,GRAAFF-REINET,4/9/1836,1836,CHRISTINA HELENA BARTHOLOMINA,VAN DEN BERGH,KAMDEBOO,GRAAFF-REINET,BETWEEN 1842 AND 1844,1844,,PMB,,,
1472,RABIE,RABIE,RABIE,JAN BASTIAAN,Jan Bastiaan,a1b4c1d3e1,a1b4c1d3e1,RABIEa1b4c1d3e1,,23/6/1812,1812,,27/9/1812,1812,1812,BETHLEHEM,1812,7/9/1876,1876,SWELLENDAM,4/12/1836,1836,HELENE CATHARINA,BRUWER,"VOOR-KOGMANSKLOOF,HOOPSRIVIER",SWELLENDAM,BETWEEN 24/10/1841 AND 1/10/1843,1843,,,,,
1473,RALL,RALL,RALL,FREDERIK WILLEM HERMANUS,Frederik Willem Hermanus,b5,a1b5,RALLa1b5,SWELLENDAM,1/5/1817,1817,,,1817,,TROMPSBURG,1817,24/11/1843,1843,COLESBERG,10/2/1839,1839,HESTER ALETTA,VAN SCHALKWYK,BO-DUIVENHOKSRIVIER,SWELLENDAM,AFTER 19/3/1838,1838,,,,,
1474,RALL,RALL,RALL,ADRIAAN MATTHYS JOHANNES,Adriaan Matthys Johannes,b6,a1b6,RALLa1b6,SWELLENDAM,30/5/1819,1819,,,1819,,NATAL,1819,7/1/1906,1906,,20/5/1844,1844,MARIA ELISABETH,ODENDAAL,ONDER-DUIVENHOKSRIVIER,SWELLENDAM,(?) AROUND 1844,1844,,,,,
1475,RANGE,RANGE,RANGE,JOHAN JUSTUS SIMON,Johan Justus Simon,b10,a1b10,RANGEa1b10,,20/1/1818,1818,,,1818,,,1818,,,,,,,,LANGEBERG,SWELLENDAM,AROUND JULY 1837,1837,,TRANSORANJE,,,
1476,RAS,RAS,RAS,MARTHINUS NICOLAAS,Marthinus Nicolaas,b2c6d1e4,a1b2c6d1e4,RASa1b2c6d1e4,,,,,1780,,1780,,1780,,,,19/10/1800,1800,ANNA MARGARETHA,ENGELBRECHT,ONDER-BOKKEVELD,CLANWILLIAM,AROUND END 1838,1838,,(?) NATAL,,,
1477,RAS,RAS,RAS,HERMANUS NICOLAAS,Hermanus Nicolaas,b2c6d1e4f3,a1b2c6d1e4f3,RASa1b2c6d1e4f3,,25/8/1805,1805,,1/10/1806,1805,1806,,1805,,,,,,MARTHA FRANCINA PETRONELLA,SPANGENBERG,(?) ONDER-BOKKEVELD,CLANWILLIAM,AROUND 1838,1838,,,,,
1478,RAS,RAS,RAS,HENDRIK WILLEM,Hendrik Willem,b2c6d1e4f4,a1b2c6d1e4f4,RASa1b2c6d1e4f4,,,,,4/9/1808,,1808,,1808,,,,,,ANNA MARGARETHA,MOUTON,ONDER-BOKKEVELD,CLANWILLIAM,AROUND 1838,1838,,,,,
1479,RAS,RAS,RAS,JOHANNES,Johannes,b2c6d1e4f6,a1b2c6d1e4f6,RASa1b2c6d1e4f6,BOKKEVELD,13/6/1811,1811,,22/10/1811,1811,1811,MAGALIESBURG,1811,,,,,,,,(?) ONDER-BOKKEVELD,CLANWILLIAM,AROUND 1838,1838,,,,,
1480,RAS,RAS,RAS,CHRISTIAAN DAVID,Christiaan David,b2c6d1e8,a1b2c6d1e8,RASa1b2c6d1e8,,,,,28/3/1790,,1790,,1790,,,,,,MARIA MARGARETHA,VAN ZYL,ONDER-BOKKEVELD,CLANWILLIAM,AROUND 1838,1838,,,,,
1481,REDELINGHUYS,REDELINGHUYS,REDELINGHUYS,MATTHYS JOHANNES,Matthys Johannes,b3c8,a1b3c8,REDELINGHUYSa1b3c8,,,,,19/4/1802,,1802,,1802,,,,,,ELSIE JOSINA SUSANNA,GROBLER,,,BEFORE 1839,1839,,POTCHEFSTROOM,,,
1482,RETIEF,RETIEF,RETIEF,FRANCOIS,Francois,b4c7d1,a1b4c7d1,RETIEFa1b4c7d1,,,,,17/10/1773,,1773,NATAL,1773,1838,1838,PAARL,30/11/1794,1794,MARTHA ELISABETH,JOUBERT,VOOR-SNEEUBERG,GRAAFF-REINET,MIDDLE SEPTEMBER 1836,1836,GERT M. MARITZ,NATAL,GRAAFF-REINET,,
1483,RETIEF,RETIEF,RETIEF,PIETER,Pieter,b4c7d4,a1b4c7d4,RETIEFa1b4c7d4,WELLINGTON,12/11/1780,1780,PAARL,12/5/1781,1780,1781,KWAMITHANE,1780,6/2/1838,1838,GRAAFF-REINET,4/7/1814,1814,MAGDELENA JOHANNA,DE WET,WINTERBERG,ALBANY,FEBRUARY 1837,1837,LEADER,,,,
1484,RETIEF,RETIEF,RETIEF,JACOBUS FRANCOIS (PIET SEUN),Jacobus Francois (Piet Seun),b4c7d4e2,a1b4c7d4e2,RETIEFa1b4c7d4e2,,31/10/1816,1816,UITENHAGE,25/12/1817,1816,1817,,1816,,,,21/5/1837,1837,JOHANNA MARIA ELISABETH,MEYER,WINTERBERG,ALBANY,FEBRUARY 1837,1837,PIET RETIEF,,,,
1485,RETIEF,RETIEF,RETIEF,PIETER CORNELIS,Pieter Cornelis,b4c7d4e4,a1b4c7d4e4,RETIEFa1b4c7d4e4,,15/8/1823,1823,GRAHAMSTAD,12/10/1823,1823,1823,KWAMITHANE,1823,6/2/1838,1838,,,,,,WINTERBERG,ALBANY,FEBRUARY 1837,1837,PIET RETIEF,,,,
1486,REYNEKE,REYNEKE,REYNEKE,ADAM JOHANNES,Adam Johannes,b3c2d2,a1b3c2d2,REYNEKEa1b3c2d2,,DECEMBER 1810,1810,SWELLENDAM,14/8/1812,1810,1812,MAPOCHSGRONDE,1810,13/7/1896,1896,CRADOCK,24/4/1831,1831,HENDRINA MARIA MAGDELENA,VAN DER MERWE,OOS-RIETRIVIER,SOMERSET,BETWEEN 1840 AND 1843,1843,,(?) GROBLERSDAL,,,
1487,REYNEKE,REYNEKE,REYNEKE,JACOBUS JOHANNES,Jacobus Johannes,b3c2d3,a1b3c2d3,REYNEKEa1b3c2d3,,15/4/1813,1813,GRAAFF-REINET,29/8/1813,1813,1813,,1813,,,SOMERSET,1/6/1834,1834,JOHANNA SOPHIA,DREYER,OOS-RIETRIVIER,SOMERSET,(?) FEBRUARY 1837,1837,PIET RETIEF,,,,
1488,REYNEKE,REYNEKE,REYNEKE,ADAM JOHANNES,Adam Johannes,b3c4d2,a1b3c4d2,REYNEKEa1b3c4d2,,11/8/1812,1812,GRAAFF-REINET,15/8/1813,1812,1813,VRYHEID,1812,19/1/1893,1893,UITENHAGE,5/10/1833,1833,ANNA MARGARETHA,MOOLMAN,GAMTOOSRIVIER OR TSITSIKAMA,UITENHAGE,(?) APRIL 1837,1837,(?) PIET UYS,,,,
1489,REYNEKE,REYNEKE,REYNEKE,PETRUS (PIET) ALBERTUS,Petrus (Piet) Albertus,b3c8,a1b3c8,REYNEKEa1b3c8,,,,,18/11/1801,,1801,WEPENER,1801,23/1/1888,1888,CRADOCK,27/4/1821,1821,JOHANNA JACOBA,POTGIETER,OOS-RIETRIVIER,SOMERSET,AROUND 1840,1840,,,,,
1490,REYNEKE,REYNEKE,REYNEKE,ADAM JOHANNES,Adam Johannes,b3c8d1,a1b3c8d1,REYNEKEa1b3c8d1,,12/8/1822,1822,UITENHAGE,7/12/1822,1822,1822,BOSHOF,1822,13/5/1905,1905,,,,GERBREG MAGDELENA,HATTINGH,OOS-RIETRIVIER,SOMERSET,(?) AROUND 1840,1840,,,BOSHOF,,
1491,RIEKERT,RIEKERT,RIEKERT,SIMON LODEWYK,Simon Lodewyk,b1,a1b1,RIEKERTa1b1,,,,,20/2/1780,,1780,,1780,,,CAPE TOWN,30/1/1803,1803,MARTHA LOUISA,ERASMUS,(?) BAVIAANSRIVIER,SOMERSET,(?) FEBRUARY 1837,1837,(?) PIET RETIEF,,,,
1492,RIEKERT,RIEKERT,RIEKERT,DANIËL JACOBUS CHRISTOFFEL,Daniël Jacobus Christoffel,b1c3,a1b1c3,RIEKERTa1b1c3,,,,,16/10/1808,,1808,,1808,,,SOMERSET,3/2/1828,1828,MARTHA FRANCINA FREDERIKA,LÖTTER,BAVIAANSRIVIER,SOMERSET,(?) FEBRUARY 1837,1837,,,,,
1493,RIEKERT,RIEKERT,RIEKERT,PHILIPPUS JOHANNES,Philippus Johannes,b1c4,a1b1c4,RIEKERTa1b1c4,,13/11/1812,1812,GRAAFF-REINET,28/2/1813,1812,1813,,1812,9/4/1852,1852,SOMERSET,14/10/1832,1832,MARIA ELISABETH,PRINSLOO,BAVIAANSRIVIER,SOMERSET,(?) FEBRUARY 1837,1837,(?) PIET RETIEF,NATAL,,,
1494,RIEKERT,RIEKERT,RIEKERT,LOURENS JOHANNES,Lourens Johannes,b1c7,a1b1c7,RIEKERTa1b1c7,,20/7/1820,1820,CRADOCK,2/10/1820,1820,1820,,1820,,,POTCHEFSTROOM,25/11/1850,1850,DOROTHEA REGINA,BEZUIDENHOUT,,SOMERSET,(?) FEBRUARY 1837,1837,(?) PIET RETIEF,,,,
1495,ROBBERTSE,ROBBERTSE,ROBBERTSE,JAN HENDRIK JR.,Jan Hendrik Jr.,(?) b1c7d3e1,(?) b1c7d3e1,ROBBERTSE(?) b1c7d3e1,,,,,6/4/1800,,1800,,1800,,,,,,,,TARKA,SOMERSET,(?) BEFORE 2/11/1837,1837,,,,,
1496,ROBBERTSE,ROBBERTSE,ROBBERTSE,JOSEPH,Joseph,(?) b1c7d5e(?),(?) b1c7d5e(?),ROBBERTSE(?) b1c7d5e(?),,,,,,,,,,,,CRADOCK,26/12/1836,1836,JOHANNA GEERTUIDA,KRUGER,,,,,,,,,
1497,ROBBERTSE,ROBBERTSE,ROBBERTSE,JAN HENDRIK,Jan Hendrik,(?)b1c7d6e3,(?)b1c7d6e3,ROBBERTSE(?)b1c7d6e3,,,,,2/10/1809,,1809,,1809,,,,,,,,BAVIAANSRIVIER,SOMERSET,(?) BEFORE 1/3/1838,1838,,,,,
1498,ROBBERTSE,ROBBERTSE,ROBBERTSE,JOHANNES MATTHYS,Johannes Matthys,b1c7d11,a1b1c7d11,ROBBERTSEa1b1c7d11,,,,,8/4/1792,,1792,,1792,,,,,,SOPHIA JACOBA,VERY,(?) TARKA,SOMERSET,(?) BEFORE 2/11/1837,1837,,,,,
1499,ROBBERTSE,ROBBERTSE,ROBBERTSE,JOHANNES HENDRIK,Johannes Hendrik,b1c7d3e2,a1b1c7d3e2,ROBBERTSEa1b1c7d3e2,,,,,30/3/1803,,1803,,1803,,,,7/2/1830,1830,PETRONELLA CATHARINA SOPHIA,LABUSCHAGNE,SMITSRIVIER,CRADOCK,BEFORE 26/6/1838,1838,,,,,
1500,ROBBERTSE,ROBBERTSE,ROBBERTSE,DANIËL JACOBUS,Daniël Jacobus,b1c7d4,a1b1c7d4,ROBBERTSEa1b1c7d4,,21/2/1776,1776,,,1776,,,1776,,,,22/1/1797,1797,ANNA ELISABETH,DE BEER,AGTER-SNEEUBERG,SOMERSET,AROUND BETWEEN JULY AND NOVEMBER 1837,1837,,,,,
1501,ROBBERTSE,ROBBERTSE,ROBBERTSE,JOHANNES FRANCOIS,Johannes Francois,b1c7d4e2,a1b1c7d4e2,ROBBERTSEa1b1c7d4e2,GRAAFF-REINET,12/12/1804,1804,RUSTENBURG,5/7/1893,1804,1893,,1804,,,CRADOCK,9/7/1826,1826,ANNA FRANCINA,COETZEE,AGTER-SNEEUBERG,SOMERSET,(?) DECEMBER/JANUARY 1835,1835,(?) A.H. POTGIETER,,,,
1502,ROBBERTSE,ROBBERTSE,ROBBERTSE,GERRIT JOHANNES BENJAMIN,Gerrit Johannes Benjamin,b1c7d4e8,a1b1c7d4e8,ROBBERTSEa1b1c7d4e8,,FEBRUARY 1815,1815,,,1815,,RUSTENBURG,1815,11/9/1893,1893,CRADOCK,3/7/1837,1837,ANNA FRANCINA,KRUGER,(?) AGTER-SNEEUBERG,SOMERSET,(?) BETWEEN JULY AND NOVEMBER 1837,1837,,,,,
1503,ROBBERTSE,ROBBERTSE,ROBBERTSE,GERRIT,Gerrit,b1c7d5,a1b1c7d5,ROBBERTSEa1b1c7d5,,,,,13/6/1779,,1779,,1779,,,CAPE TOWN,21/12/1800,1800,ANNA SOPHIA,VAN HEERDEN,SWAGERSHOEK,SOMERSET,BEFORE DECEMBER 1839,1839,,,,,
1504,ROBBERTSE,ROBBERTSE,ROBBERTSE,NICOLAAS JOHANNES,Nicolaas Johannes,b1c7d6e(?),a1b1c7d6e(?),ROBBERTSEa1b1c7d6e(?),,8/9/1822,1822,,,1822,,NATAL,1822,20/12/1878,1878,,1842,1842,JOHANNA MARTINA SUSANNA HELENA,SNYMAN,(?) BAVIAANSRIVIER,SOMERSET,BEFORE 1844,1844,,NATAL,,,
1505,ROBBERTSE,ROBBERTSE,ROBBERTSE,LAMBERTUS NICOLAAS,Lambertus Nicolaas,b1c7d9,a1b1c7d9,ROBBERTSEa1b1c7d9,,,,,23/9/1787,,1787,,1787,,,,28/8/1808,1808,CATHARINA HELENA,VENTER,SWAGERSHOEK,SOMERSET,(?) BEFORE 1841,1841,,NATAL,,,
1506,ROBBERTSE,ROBBERTSE,ROBBERTSE,JAN HENDRIK,Jan Hendrik,b1c7d9e2,a1b1c7d9e2,ROBBERTSEa1b1c7d9e2,,1809,1809,,,1809,,RUSTENBURG,1809,2/10/1879,1879,CRADOCK,5/5/1833,1833,PETRONELLA MARGARETHA,STEENKAMP,TARKA,SOMERSET,BEFORE 1841,1841,,NATAL,,,
1507,ROBINSON,ROBINSON,ROBINSON,WILLIAM,William,b5,a1b5,ROBINSONa1b5,SOMERSET-OOS,18/4/1821,1821,GRAAFF-REINET,31/3/1822,1821,1822,MIDDELBURG,1821,26/8/1914,1914,,,,,SCHOOMBEE,,CRADOCK,,,,,OHRIGSTAD,,
1508,ROELOFSE,ROELOFSE,ROELOFSE,JOHANNES CHRISTIAN WILHELM,Johannes Christian Wilhelm,b6c1d5,a1b6c1d5,ROELOFSEa1b6c1d5,,1814,1814,,,1814,,,1814,,,CRADOCK,7/7/1833,1833,MARTHA JOHANNA,JACOBS,(?) CRADOCK,SOMERSET,SOMEWHER BETWEEN 1836 AND THE  END 1839,1839,,,,,
1509,ROELOFSE,ROELOFSE,ROELOFSE,MARIA SIBELLA (WEDUWEE VAN DANIËL JACOB EARSMUS),Maria Sibella (Weduwee Van Daniël Jacob Earsmus),b6c2,a1b6c2,ROELOFSEa1b6c2,,,,,1/11/1772,,1772,,1772,,,CAPE TOWN,12/9/1790,1790,DANIËL JACOBUS,ERASMUS,BAVIAANSRIVIER,SOMERSET,AROUND NOVEMBER/DECEMBER 1837,1837,,,,,
1510,ROELOFSE,ROELOFSE,ROELOFSE,SIBELLA (WEDUWEE VAN WILLEM PRINSLOO),Sibella (Weduwee Van Willem Prinsloo),b6c3,a1b6c3,ROELOFSEa1b6c3,,,,,3/4/1774,,1774,,1774,,,,12/9/1790,1790,WILLEM,PRINSLOO,BAVIAANSRIVIER,SOMERSET,AROUND NOVEMBER/DECEMBER 1837,1837,,,,,
1511,ROETS,ROETS,ROETS,JOHANNES NICOLAAS RUDOPLH,Johannes Nicolaas Rudoplh,b5c2,a1b5c2,ROETSa1b5c2,,,,GRAAFF-REINET,6/10/1793,,1793,,1793,,,GRAAFF-REINET,14/2/1813,1813,JOHANNA HENDRINA,VENTER,TARKA,SOMERSET,(?) BETWEEN 29/1/1837 AND 9/2/1838,1838,(?) JAN DU PLESSIS,,,,
1512,ROETS,ROETS,ROETS,JOHANNES HENDRICUS ADRIAAN,Johannes Hendricus Adriaan,b5c3,a1b5c3,ROETSa1b5c3,,,,,25/12/1794,,1794,,1794,1886,1886,GRAAFF-REINET,6/3/1814,1814,ALETTA JOHANNA,SCHUTTE,,,(?) OCTOBER 1837,1837,(?) JAN DU PLESSIS,,,,
1513,ROETS,ROETS,ROETS,GERHARDUS JACOBUS,Gerhardus Jacobus,b5c6,a1b5c6,ROETSa1b5c6,,10/10/1801,1801,GRAAFF-REINET,25/11/1801,1801,1801,,1801,,,CRADOCK,2/4/1824,1824,CATHARINA SUSANNA,HATTINGH,TARKA,SOMERSET,BETWEEN 6/3/1836 AND 1839,1839,,,,,
1514,ROETS,ROETS,ROETS,HENDRIK ADRIAAN,Hendrik Adriaan,b5c6d1,a1b5c6d1,ROETSa1b5c6d1,,27/3/1825,1825,CRADOCK,12/4/1825,1825,1825,,1825,20/3/1897,1897,POTCHEFSTROOM,5/11/1851,1851,CECILIA WILHELMINA,BRONKHORST,TARKA,SOMERSET,1839,1839,,NATAL,,,
1515,ROETS,ROETS,ROETS,HENDRIK ADRIAAN,Hendrik Adriaan,b5c7,a1b5c7,ROETSa1b5c7,,,,CAPE TOWN,16/10/1803,,1803,,1803,,,SOMERSET,7/5/1826,1826,SUSANNA CHRISITNA,JACOBS,TARKA,SOMERSET,BETWEEN 3/4/1837 AND 16/2/1840,1840,,NATAL,CRADOCK,,
1516,ROETS,ROETS,ROETS,JOHANNES NICOLAAS JACOBUS,Johannes Nicolaas Jacobus,b8c4,a1b8c4,ROETSa1b8c4,,3/10/1804,1804,,28/10/1804,1804,1804,HEILBRON,1804,19/5/1892,1892,BEAUFORT,3/9/1827,1827,RENSKE (RANSCHE),VAN DER WESTHUIZEN,(?) TARKA,SOMERSET,(?) OCTOBER 1837,1837,(?) JAN DU PLESSIS,,,,
1517,ROETS,ROETS,ROETS,CHRISTIAAN RUDOLPH,Christiaan Rudolph,b8c7,a1b8c7,ROETSa1b8c7,,14/5/1812,1812,GRAAFF-REINET,14/6/1812,1812,1812,,1812,,,,19/1/1840,1840,MAGTELD JOHANNA,JACOBS,(?) TARKA,SOMERSET,1837,1837,,,,,
1518,ROOS,ROOS,ROOS,JOHANNES GYSBERTUS SR.,Johannes Gysbertus Sr.,b10c2d1,a1b10c2d1,ROOSa1b10c2d1,,,,,2/4/1786,,1786,NATAL,1786,17/2/1838,1838,,,,MARIA SOPHIA,GROBLER,,SOMERSET,,,,,BEAUFORT,,
1519,ROOS,ROOS,ROOS,CHARL PETRUS,Charl Petrus,b10c2d13,a1b10c2d13,ROOSa1b10c2d13,,,,,18/11/1807,,1807,NATAL,1807,17/2/1838,1838,GRAAFF-REINET,7/2/1830,1830,CHRISTINA HENDRINA,JOUBERT,,SOMERSET,,,,,,,
1520,ROOS,ROOS,ROOS,JOHANNES GYSBERTUS JR.,Johannes Gysbertus Jr.,b10c2d1e1,a1b10c2d1e1,ROOSa1b10c2d1e1,,,,,14/12/1806,,1806,NATAL,1806,17/2/1838,1838,BEAUFORT,23/12/1832,1832,ELIZABETH JOHANNA,VAN DEN BERG,,SOMERSET,,,,,,,
1521,ROOS,ROOS,ROOS,CORNELIS JOHANNES,Cornelis Johannes,b10c2d1e5,a1b10c2d1e5,ROOSa1b10c2d1e5,,3/10/1813,1813,GRAAFF-REINET,12/12/1813,1813,1813,LINDLEY,1813,2/10/1883,1883,CRADOCK,7/12/1834,1834,ANNA CATHARINA,DE WET,(?) TARKA,SOMERSET,SOMEWHER BETWEEN 2/1/1836 AND THE  END 17/10/1837,1837,,,,,
1522,ROOS,ROOS,ROOS,TIELEMAN FRANCOIS,Tieleman Francois,b10c2d5,a1b10c2d5,ROOSa1b10c2d5,,,,,20/10/1792,,1792,,1792,1869,1869,GRAAFF-REINET,28/7/1811,1811,JOSINA MARIA MAGDELENA,NAUDÉ,,(?) BEAUFORT,BEFORE 1840,1840,,,,,
1523,ROOS,ROOS,ROOS,PHILIPPUS PETRUS,Philippus Petrus,b10c2d5e2,a1b10c2d5e2,ROOSa1b10c2d5e2,,29/8/1815,1815,GRAAFF-REINET,30/10/1815,1815,1815,PRETORIA,1815,20/6/1891,1891,BLOEMFONTEIN,,,ISABELLA ELIZABETH SOPHIA,JACOBS,,(?) BEAUFORT,BETWEEN 1838 - 1840,1840,,,,,
1524,ROOS,ROOS,ROOS,JOHANNES JACOBUS,Johannes Jacobus,b10c2d5e3,a1b10c2d5e3,ROOSa1b10c2d5e3,,25/3/1818,1818,GRAAFF-REINET,13/10/1818,1818,1818,,1818,1874,1874,POTCHEFSTROOM,2/2/1840,1840,ANNA CATHARINA MARGARETHA,KRUGER,,GRAAFF-REINET,(?) END OF OCTOBER 1838,1838,A.W.J. PRETORIOUS,,,,
1525,ROOS,ROOS,ROOS,PAULUS STEPHANUS,Paulus Stephanus,b10c2d9,a1b10c2d9,ROOSa1b10c2d9,,,,,24/11/1799,,1799,,1799,,,,,,HESTER MARIA,SWANEPOEL,,SOMERSET,BEFORE 1840,1840,,TRANSORANJE,SOMERSET,,
1526,ROOS,ROOS,ROOS,GYSBERTUS JOHANNES,Gysbertus Johannes,b10c3d1,a1b10c3d1,ROOSa1b10c3d1,,,,19/11/1797,,,,,,,,GRAAFF-REINET,3/9/1820,1820,MAGDELENA ELISABETH,ROOS,,GRAAFF-REINET,(?) SEPTEMBER 1836,1836,(?) GERT M. MARITZ,,,,
1527,ROOS,ROOS,ROOS,GERT LUCAS,Gert Lucas,b10c3d1e2,a1b10c3d1e2,ROOSa1b10c3d1e2,CAMDEBOO,16/7/1823,1823,GRAAFF-REINET,17/8/1823,1823,1823,MARICO,1823,22/7/1880,1880,POTCHEFSTROOM,3/12/1845,1845,MARGARETHA JOHANNA,VAN DEN HEEVER,,(?) GRAAFF-REINET,BEFORE 1845,1845,,VAAL,,,
1528,ROOS,ROOS,ROOS,IZAAK FRANCOIS,Izaak Francois,b10c3d2,a1b10c3d2,ROOSa1b10c3d2,,,,,6/1/1799,,1799,,1799,,,,,,,,,GRAAFF-REINET,OCTOBER 1838,1838,A.W.J. PRETORIOUS,,,,
1529,ROOS,ROOS,ROOS,GERT LUCAS,Gert Lucas,b10c3d4,a1b10c3d4,ROOSa1b10c3d4,,,,,,,,,,,,GRAAFF-REINET,2/3/1828,1828,ANNA  FRANCINA,GREEFF,,(?) GRAAFF-REINET,BEFOR EMARCH 1842,1842,,,,,
1530,ROOS,ROOS,ROOS,JOHANNES JACOBUS,Johannes Jacobus,b10c3d5,a1b10c3d5,ROOSa1b10c3d5,,,,,11/5/1806,,1806,,1806,,,GRAAFF-REINET,8/10/1826,1826,JOHANNA SUSANNA,KONING,,GRAAFF-REINET,,,(?) GERT M. MARITZ,,,,
1531,ROOS,ROOS,ROOS,FRANCOIS (FRANS),Francois (Frans),b8c2d4,a1b8c2d4,ROOSa1b8c2d4,,,,CAPE TOWN,13/5/1781,,1781,NATAL,1781,3/3/1853,1853,CAPE TOWN,3/11/1805,1805,MARIA ELISABETH,FÜRSTENBERG,COETZENBERG,STELLENBOSCH,BETWEEN SEPTEMBER 1837 AND MARCH 1838,1838,,,,,
1532,ROSSOUW,ROSSOUW,ROSSOUW,PETRUS STEPHANUS,Petrus Stephanus,b9c1d$E5f4,a1b9c1d$E5f4,ROSSOUWa1b9c1d$E5f4,,20/7/1821,1821,BEAUFORT,17/8/1821,1821,1821,WOLMARANSSTAD,1821,3/11/1904,1904,,,,SUSANNA MARIA,SWANEPOEL,,COLESBERG,(?) AROUND THE END 1837,1837,,,,,
1533,ROSSOUW,ROSSOUW,ROSSOUW,GERRIT ADOLPH,Gerrit Adolph,b9c1d4E5f5,a1b9c1d4E5f5,ROSSOUWa1b9c1d4E5f5,,10/2/1824,1824,BEAUFORT,12/7/1824,1824,1824,KROONSTAD,1824,18/12/1871,1871,,,,MARIA JACOBA,VAN DEN BERG,AGTER-KOGMANSKLOOF,SWELLENDAM,BETWEEN 21/9/1837 AND 1845,1845,,TRANSORANJE,,,
1534,ROUX,ROUX,ROUX,JOHANNES PETRUS GERHARDUS,Johannes Petrus Gerhardus,b2c4d1e3f2,a1b2c4d1e3f2,ROUXa1b2c4d1e3f2,,,,SWELLENDAM,15/7/1811,,1811,,1811,,,BEAUFORT,27/4/1837,1837,ELIZABETH PETRONELLA,RAATH,,COLESBERG,BETWEEN 1/3/1841 AND 29/8/1842,1842,,,,,
1535,ROUX,ROUX,ROUX,PIETER ANTHONIE,Pieter Anthonie,b2c4d1e5,a1b2c4d1e5,ROUXa1b2c4d1e5,,6/2/1792,1792,PAARL,3/2/1793,1792,1793,,1792,,,SWELLENDAM,15/6/1817,1817,ALETTA MARIA ELISABETH,NEL,SWARTBERG,BEAUFORT-WES,BETWEEN 1842 AND 1845,1845,,,,,
1536,ROUX,ROUX,ROUX,PIETER WILLEM,Pieter Willem,b2c4d1e5f2,a1b2c4d1e5f2,ROUXa1b2c4d1e5f2,,15/9/1821,1821,SWELLENDAM,8/4/1822,1821,1822,,1821,DECEMBER 1893,1893,DURBAN,,,JOHANNA ALETTA ELIZABETH,ERASMUS,SWARTBERG,BEAUFORT-WES,BETWEEN 1842 AND 1845,1845,,,,,
1537,RUDOPLH,RUDOPLH,RUDOPLH,PETRUS (PIETER) JOHANNES,Petrus (Pieter) Johannes,(?) b1c1d2,(?) b1c1d2,RUDOPLH(?) b1c1d2,,29/3/1818,1818,UITENHAGE,31/5/1818,1818,1818,,1818,,,,,,,,(?) ONDER-BOESMANSRIVIER,UITENHAGE,END OF OCTOBER 1837,1837,K.P. LANDMAN,,,,
1538,RUDOPLH,RUDOPLH,RUDOPLH,JACOBUS ANDREAS SR.,Jacobus Andreas Sr.,b1,a1b1,RUDOPLHa1b1,,,,,31/10/1773,,1773,,1773,,,,7/4/1793,1793,JOHANNA MAGDALENA,OOSTHUIZEN,ONDER-BOESMANSRIVIER,UITENHAGE,MARCH 1837,1837,G.J. RUDOLPH,,,,
1539,RUDOPLH,RUDOPLH,RUDOPLH,JOHAN BERN(H)ARD SR.,Johan Bern(H)Ard Sr.,b1c1,a1b1c1,RUDOPLHa1b1c1,,1/4/1794,1794,,7/11/1794,1794,1794,,1794,13/2/1876,1876,GRAAFF-REINET,23/4/1815,1815,ELISABETH SUSANNA,FOURIE,ONDER-BOESMANSRIVIER,UITENHAGE,END OF OCTOBER 1837,1837,K.P. LANDMAN,,,,
1540,RUDOPLH,RUDOPLH,RUDOPLH,JOHAN BERN(H)ARD JR.,Johan Bern(H)Ard Jr.,b1c1d4,a1b1c1d4,RUDOPLHa1b1c1d4,,2/8/1823,1823,UITENHAGE,29/2/1824,1823,1824,HEIDELBERG,1823,20/12/1899,1899,PMB,16/8/1849,1849,MARIA ELISABETH ELSJE MARGARETHA,VAN DER MERWE,(?) ONDER-BOESMANSRIVIER,UITENHAGE,END OF OCTOBER 1837,1837,K.P. LANDMAN,,,,
1541,RUDOPLH,RUDOPLH,RUDOPLH,GERHARDUS JACOBUS,Gerhardus Jacobus,b1c2,a1b1c2,RUDOPLHa1b1c2,,,,,12/1/1797,,1797,NATAL,1797,24/7/1851,1851,UITENHAGE,3/10/1819,1819,JOHANNA SUSANNA SOPHIA,MEYER,ONDER-BOESMANSRIVIER,UITENHAGE,MARCH 1837,1837,LEADER,,,,
1542,RUDOPLH,RUDOPLH,RUDOPLH,JACOBUS ANDREAS JR.,Jacobus Andreas Jr.,b1c3,a1b1c3,RUDOPLHa1b1c3,,,,,25/11/1798,,1798,,1798,,,UITENHAGE,29/2/1824,1824,ENGELA ELISABETH AGATHA,MEYER,ONDER-BOESMANSRIVIER,UITENHAGE,MARCH 1837,1837,G.J. RUDOLPH,,,,
1543,SCHEEPERS,SCHEEPERS,SCHEEPERS,STEPHANUS JACOBUS,Stephanus Jacobus,b2c1d2e2f4,a1b2c1d2e2f4,SCHEEPERSa1b2c1d2e2f4,GEORGE,02/05/1811,1811,,08/07/1811,1811,1811,OHRIGSTAD,1811,,,GEORGE,22/11/1835,1835,CAHTARINA ELISABETH MARIA,LE ROUX,,GEORGE,1844,1844,FAMILY MOVE,OHRIGSTAD,,,
1544,SCHEEPERS,SCHEEPERS,SCHEEPERS,HENDRIK NICOLAAS,Hendrik Nicolaas,b2c1d2e2f6,a1b2c1d2e2f6,SCHEEPERSa1b2c1d2e2f6,,18/01/1815,1815,GRAAFF-REINET,27/03/1815,1815,1815,,1815,,,GEORGE,15/03/1840,1840,MARIA ELIZABETH,BEKKER,,GEORGE,1844-1845,1845,FAMILY MOVE,POTCHEFSTROOM,,,
1545,SCHEEPERS,SCHEEPERS,SCHEEPERS,STEPHANUS JOHANNES SR.,Stephanus Johannes Sr.,b2c1d2e3,a1b2c1d2e3,SCHEEPERSa1b2c1d2e3,,,,KAAPSTAD,20/11/1785,,1785,KWAMATHIWANE,1785,06/02/1838,1838,GRAAFF-REINET,13/11/1808,1808,MARIA MAGDALENA,JANSE VAN RENSBURG,SWARTRUGGENS,GRAAFF-REINET,31/05/1837,1837,PIET RETIEF,,,,
1546,SCHEEPERS,SCHEEPERS,SCHEEPERS,GERRIT HENDRIK,Gerrit Hendrik,b2c1d2e3f1,a1b2c1d2e3f1,SCHEEPERSa1b2c1d2e3f1,,07/08/1809,1809,GRAAFF-REINET,06/11/1809,1809,1809,KWAMATHIWANE,1809,06/02/1838,1838,GRAAFF-REINET,274/11/1833,1833,MARTHINA ISABELLA,JANSE VAN RENSBURG,SWARTRUGGENS,GRAAFF-REINET,31/05/1837,1837,,NATAL,,,
1547,SCHEEPERS,SCHEEPERS,SCHEEPERS,STEPHANUS JOHANNES JR.,Stephanus Johannes Jr.,b2c1d2e3f6,a1b2c1d2e3f6,SCHEEPERSa1b2c1d2e3f6,,19/07/1818,1818,GRAAFF-REINET,27/12/1818,1818,1818,BETHLEHEM,1818,28/07/1893,1893,COLESBERG,24/03/1840,1840,HELENA DOROTHEA,VAN DER MERWE,SWARTRUGGENS,GRAAFF-REINET,1840-1844,1844,,TRANSORANJE,POTCHEFSTROOM,,
1548,SCHEEPERS,SCHEEPERS,SCHEEPERS,JACOBUS JOHANNES,Jacobus Johannes,b2c1d2e3f9,a1b2c1d2e3f9,SCHEEPERSa1b2c1d2e3f9,,30/06/1824,1824,GRAAFF-REINET,27/02/1825,1824,1825,WINBURG,1824,21/07/1894,1894,,,,MARIA ELISABETH,VAN DER MERWE,SWARTRUGGENS,GRAAFF-REINET,31/05/1837,1837,,WINBURG,,,
1549,SCHEEPERS,SCHEEPERS,SCHEEPERS,GIDEON,Gideon,b2c1d3e2,a1b2c1d3e2,SCHEEPERSa1b2c1d3e2,,,,KAAPSTAD,11/01/1784,,1784,,1784,,,SWELLENDAM,10/04/1803,1803,HESTER MAGDALENA,KLEYNHANS,,GEORGE,1840-1845,1845,,,POTCHEFSTROOM,,
1550,SCHEEPERS,SCHEEPERS,SCHEEPERS,JACOBUS JOHANNES,Jacobus Johannes,b2c1d3e2f2,a1b2c1d3e2f2,SCHEEPERSa1b2c1d3e2f2,,24/10/1805,1805,SWELLENDAM,27/11/18015,1805,8015,STANDERTON,1805,01/112/1881,1881,CRADOCK,06/02/1825,1825,ALETTA MARIA,BOSCH,,GEORGE,1845,1845,,,,,
1551,SCHEEPERS,SCHEEPERS,SCHEEPERS,THEODORUS ERNST,Theodorus Ernst,b2c1d3e2f9,a1b2c1d3e2f9,SCHEEPERSa1b2c1d3e2f9,GEORGE,1824,1824,,,1824,,KROONSTAD,1824,18/04/1866,1866,,,,HENDRINA JOHANNA,VERMEULEN,,GEORGE,1845,1845,,,,,
1552,SCHEEPERS,SCHEEPERS,SCHEEPERS,GERHARDUS STEPHANUS,Gerhardus Stephanus,b2c1d3e6,a1b2c1d3e6,SCHEEPERSa1b2c1d3e6,,,,GRAAFF-REINET,01/04/1793,,1793,,1793,,,UITENHAGE,04/01/1817,1817,JOHANNA ISALBELLA SERVASINA,POTGIETER,WINTERHOEK,UITENHAGE,BEFORE 1840,1840,,NATAL,,,
1553,SCHEEPERS,SCHEEPERS,SCHEEPERS,HERMANUS LAMBERTUS,Hermanus Lambertus,b2c1d3e6f3,a1b2c1d3e6f3,SCHEEPERSa1b2c1d3e6f3,,22/05/1821,1821,UITENHAGE,30/07/1821,1821,1821,RUSTENBURG,1821,28/06/1894,1894,POTCHEFSTROOM,14/12/1848,1848,ANNA LAETAA,JANSE VAN VUURE,WINTERHOEK,UITENHAGE,BEFORE 1840,1840,RUSTENBURG,,,,
1554,SCHEEPERS,SCHEEPERS,SCHEEPERS,FREDERIK COENRAAD,Frederik Coenraad,b2c3d2e4,a1b2c3d2e4,SCHEEPERSa1b2c3d2e4,SWELLENDAM,31/03/1801,1801,,,1801,,,1801,,,UITENHAGE,02/09/1827,1827,CATHARINA PETRONELLA,LANDMAN,ONDER-BOESMANSRIVIER,UITENHAGE,10/1837,1837,K.P LANDMAN,PITERMARITZBURG,,,
1555,SCHEEPERS,SCHEEPERS,SCHEEPERS,JOHANNES HENDRICUS,Johannes Hendricus,b2c3d2e8,a1b2c3d2e8,SCHEEPERSa1b2c3d2e8,,27/06/1813,1813,GEORGE,17/07/1814,1813,1814,,1813,,,,,,MARTHA MARIA,VAN SCHALKWYK,ONDER-BOESMANSRIVIER,UITENHAGE,10/1837,1837,K.P LANDMAN,UTRECHT EN VRYHEID,,,
1556,SCHEEPERS,SCHEEPERS,SCHEEPERS,COENRAAD,Coenraad,b2c3d6e2,a1b2c3d6e2,SCHEEPERSa1b2c3d6e2,,,,,12/04/1795,,1795,HARRISMITH,1795,20/11/1859,1859,UITENHAGE,12/08/1821,1821,ELSJE MAGDALENA PETRONELL,POTGIETER,ONDER-BOESMANSRIVIER,UITENHAGE,04/1837,1837,P.L UYS,WINBURG,,,
1557,SCHEEPERS,SCHEEPERS,SCHEEPERS,MARTHINUS EASIAS,Marthinus Easias,b2c3d6e5,a1b2c3d6e5,SCHEEPERSa1b2c3d6e5,,,,SWELLENDAM,16/10/1803,,1803,,1803,,,UITENHAGE,05/05/1822,1822,ELSJE CATHARINA,SCHEEPERS,ONDER-BOESMANSRIVIER,UITENHAGE,04/1837,1837,P.L UYS,NATAL,,,
1558,SCHEEPERS,SCHEEPERS,SCHEEPERS,GERRIT FREDERIK,Gerrit Frederik,b2c3d6e5f1,a1b2c3d6e5f1,SCHEEPERSa1b2c3d6e5f1,,06/08/1823,1823,UITENHAGE,11//03/1824,1823,1824,,1823,,,PITERMARITZBURG,30/04/1845,1845,MARGARETHA JOHANNA,SPIES,ONDER-BOESMANSRIVIER,UITENHAGE,,,,,UTRECHT,,
1559,SCHEEPERS,SCHEEPERS,SCHEEPERS,GERHARDUS JOHANNES ADOLPHUS,Gerhardus Johannes Adolphus,b2c3d6e7,a1b2c3d6e7,SCHEEPERSa1b2c3d6e7,,11/11/1808,1808,UITENHAGE,28/04/1809,1808,1809,,1808,24/12/1895,1895,UITENHAGE,25/07/1829,1829,HESTER SUSANNA,OOSTHUIZEN,ONDER-BOESMANSRIVIER,UITENHAGE,03/1837,1837,GERHARDUS J. RUDOLPH,ESTCOURT,,,
1560,SCHEEPERS,SCHEEPERS,SCHEEPERS,JAN (JOHANNES) MARTHINUS,Jan (Johannes) Marthinus,b2c3d8,a1b2c3d8,SCHEEPERSa1b2c3d8,,,,,18/06/1780,,1780,,1780,,,KAAPSTAD,05/08/1798,1798,MAGDALENA,LANDMAN,ONDER-BOESMANSRIVIER,UITENHAGE,11 OR 12/1837,1837,LOUIS JACOBUS NEL,NATAL,,,
1561,SCHEEPERS,SCHEEPERS,SCHEEPERS,COENRAAD JOHANNES ABRAHAM,Coenraad Johannes Abraham,b2c3d8e3,a1b2c3d8e3,SCHEEPERSa1b2c3d8e3,,,,SWELLENDAM,22/12/1803,,1803,GRAHAMSTAD,1803,14/09/1823,1823,,,,MARIA MAGDALENA,MARITZ,ONDER-BOESMANSRIVIER,UITENHAGE,11/1836,1836,J.S MARITZ,NATAL,,,
1562,SCHEEPERS,SCHEEPERS,SCHEEPERS,HENDRIK PETRUS GERRIT,Hendrik Petrus Gerrit,b2c4d2e10,a1b2c4d2e10,SCHEEPERSa1b2c4d2e10,,,,,,,,,,,,UITENHAGE,04/07/1825,1825,MARGARETHA SUSANNA,BRONKHORST,WINTERHOEK,UITENHAGE,BEFORE 08/1840,1840,,NATAL,UITENHAGE,,
1563,SCHEEPERS,SCHEEPERS,SCHEEPERS,JOHANNES JACOBUS,Johannes Jacobus,b2c4d2e7,a1b2c4d2e7,SCHEEPERSa1b2c4d2e7,,,,SWELLENDAM,02/03/1800,,1800,,1800,,,UITENHAGE,17/12/1820,1820,ANNA CATHARINA,LINDEQUE,WINTERHOEK,UITENHAGE,29/12/1836,1836,,POTCHEFSTROOM,,,
1564,SCHEEPERS,SCHEEPERS,SCHEEPERS,HENDRIK CHRISTOFFEL PRETRUS,Hendrik Christoffel Pretrus,b2c4d2e9,a1b2c4d2e9,SCHEEPERSa1b2c4d2e9,,,,GRAAFF-REINET,11/05/1806,,1806,RUSTENBURG,1806,30/12/1880,1880,NATAL,03/06/1839,1839,ELISABETH MARIA,OLIVIER,WINTERHOEK,UITENHAGE,BEFORE 06/1841,1841,FAMILY MOVE,RIETRIVIER,,,
1565,SCHEEPERS,SCHEEPERS,SCHEEPERS,GERHARDUS (GERT) STEPHANUS,Gerhardus (Gert) Stephanus,b2c4d5e1,a1b2c4d5e1,SCHEEPERSa1b2c4d5e1,,06/01/1797,1797,,28/10/1798,1797,1798,DELAGOABAAI,1797,22/01/1837,1837,UITENHAGE,04/03/1821,1821,ANNA SUSANNA (ANTJIE),SCHEEPERS,VAN STADENSRIVIER,UITENHAGE,06/1835,1835,LOUIS TREGARDT,LADYBRAND,,,
1566,SCHEEPERS,SCHEEPERS,SCHEEPERS,MARHTA MAGDALENA,Marhta Magdalena,b2c4d7,a1b2c4d7,SCHEEPERSa1b2c4d7,,1777,1777,,,1777,,,1777,,,,,,GERHARDUS,OOSTHUIZEN,BO-BOESMANSRIVIER,SOMERSET,1836,1836,GERT MARITZ,NATAL,KAAPSTAD,,
1567,SCHEEPERS,SCHEEPERS,SCHEEPERS,SARA JOHANNA (CATHARINA),Sara Johanna (Catharina),b2c6d7,a1b2c6d7,SCHEEPERSa1b2c6d7,WAVEREN,,,KAAPSTAD,,,,LYDENBURG,,21/07/1898,1898,PAARL,11/05/1800,1800,HENDRIK JOESPHUS,STRYDOM,,UITENHAGE,1838,1838,H.J STRYDOM,OHRIGSTAD,,,
1568,SCHEEPERS,SCHEEPERS,SCHEEPERS,WILHELM JACOBUS,Wilhelm Jacobus,b5c1d1e1f4,a1b5c1d1e1f4,SCHEEPERSa1b5c1d1e1f4,,19/05/1815,1815,GEORGE,12/11/1815,1815,1815,GRAHAMSTAD,1815,17/10/1893,1893,,,,HESTER JACOBA FREDERIKA,SCHEEPERS,ONDER-BOESMANSRIVIER,UITENHAGE,09/1841,1841,,NATAL,,,
1569,SCHEEPERS,SCHEEPERS,SCHEEPERS,PETRUS JOHANNES CHRISTOFFEL,Petrus Johannes Christoffel,b5c1d4e3,a1b5c1d4e3,SCHEEPERSa1b5c1d4e3,,15/02/1799,1799,SWELLENDAM,06/06/1799,1799,1799,NATAL,1799,04/03/1847,1847,KAAPSTAD,,,MARIA SOPHIA,GOEMAN,ONDER-BOESMANSRIVIER,UITENHAGE,,,,NATAL,,,
1570,SCHOEMAN,SCHOEMAN,SCHOEMAN,HENDRIK NICOLAAS,Hendrik Nicolaas,a1b1c11,a1b1c11,SCHOEMANa1b1c11,,,,TULBAGH,02/01/1780,,1780,,1780,,,KAAPSTAD,27/12/1801,1801,HELENA DOROTHEA,BEKKER,CRADOCK,SOMERSET,12/1836-09/1837,1837,,,SOMERSET,,
1571,SCHOEMAN,SCHOEMAN,SCHOEMAN,HENDRIK NICOLAAS,Hendrik Nicolaas,a1b1c11d5,a1b1c11d5,SCHOEMANa1b1c11d5,,11/08/1814,1814,GRAAFF-REINET,,1814,,HARRISMITH,1814,05/07/1855,1855,CRADOCK,07/02/1836,1836,JOHANNA HELENA (MAGDALENA),RAATH,CRADOCK,SOMERSET,BETWEEN 07/02/1836 AND 17/11/1836,1836,,NATAL,,,
1572,SCHOEMAN,SCHOEMAN,SCHOEMAN,STEPHANUS JOHANNES,Stephanus Johannes,a1b1c1d1e1,a1b1c1d1e1,SCHOEMANa1b1c1d1e1,,14/11/1812,1812,GRAAFF-REINET,17/01/1813,1812,1813,SOUTPANSBERG,1812,14/03/1865,1865,UITENHAGE,17/01/1834,1834,ISABELLA ELIZABETH,BEKKER,RIETRIVIER,UITENHAGE,01/07/1837,1837,P.L UYS,SOUTPANSBERG,,,
1573,SCHOEMAN,SCHOEMAN,SCHOEMAN,MARTHINUS JOHANNES SR.,Marthinus Johannes Sr.,a1b1c3d1,a1b1c3d1,SCHOEMANa1b1c3d1,GEORGE,21/12/1789,1789,TULBAGH,28/03/1790,1789,1790,OHRIGSTAD,1789,06/1848,1848,GRAAFF-REINET,04/11/1810,1810,MARIA ELIZABETH,SCHEEPERS,RIETRIVIER,UITENHAGE,01/07/1837,1837,P.L UYS,OHRIGSTAD,,,
1574,SCHOEMAN,SCHOEMAN,SCHOEMAN,MARTHINUS JOHANNES JR.,Marthinus Johannes Jr.,a1b1c3d1e4,a1b1c3d1e4,SCHOEMANa1b1c3d1e4,,15/11/1819,1819,UITENHAGE,29/03/1820,1819,1820,RUSTENBURG,1819,30/06/1880,1880,NATAL,09/02/1838,1838,MARIA ELIZABETH,ROBBERTSE,RIETRIVIER,UITENHAGE,01/07/1837,1837,P.L UYS,RUSTENBURG,,,
1575,SCHOEMAN,SCHOEMAN,SCHOEMAN,PETRUS ALBERTUS,Petrus Albertus,a1b1c3d1e6,a1b1c3d1e6,SCHOEMANa1b1c3d1e6,,15/07/1823,1823,UITENHAGE,27/05/1824,1823,1824,LYDENBURG,1823,10/05/1885,1885,LYDENBURG,,,JACOBA PAULINA,STEYN,RIETRIVIER,UITENHAGE,01/07/1837,1837,P.L UYS,LYDENBURG,,,
1576,SCHOEMAN,SCHOEMAN,SCHOEMAN,PETRUS ALBERTUS,Petrus Albertus,a1b1c3d4,a1b1c3d4,SCHOEMANa1b1c3d4,,16/09/1796,1796,GRAAFF-REINET,12/11/1797,1796,1797,OHRIGSTAD,1796,22/07/1886,1886,UITENHAGE,28/12/1817,1817,CATHARINA ELIZABETH,BEKKER,RIETRIVIER,UITENHAGE,BEFORE 1841,1841,,NATAL,,,
1577,SCHOEMAN,SCHOEMAN,SCHOEMAN,STEPHANUS JOHANNES,Stephanus Johannes,a1b1c3d4e1,a1b1c3d4e1,SCHOEMANa1b1c3d4e1,,02/12/1818,1818,GRAAFF-REINET,01/08/1819,1818,1819,LYDENBURG,1818,16/11/1886,1886,PIETERMARTIZBURG,12/06/1841,1841,SARA MARIA,SNYMAN,RIETRIVIER,UITENHAGE,BEFORE 06/1841,1841,,LYDENBURG,LYDENBURG,,
1578,SCHOEMAN,SCHOEMAN,SCHOEMAN,JOHANNES JURIE,Johannes Jurie,a1b1c3d4e2,a1b1c3d4e2,SCHOEMANa1b1c3d4e2,,12/10/1820,1820,UITENHAGE,13/10/1821,1820,1821,LYDENBURG,1820,19/03/1873,1873,,,,ANNA JACOBA,VERMAAK,RIETRIVIER,UITENHAGE,BEFORE 1841,1841,,LYDENBURG,LYDENBURG,,
1579,SCHOEMAN,SCHOEMAN,SCHOEMAN,PETRUS ALBERTUS,Petrus Albertus,a1b1c3d4e3,a1b1c3d4e3,SCHOEMANa1b1c3d4e3,,17/09/1822,1822,UITENHAGE,30/11/1822,1822,1822,BETHULIE,1822,22/05/1887,1887,,,,HESTER MENZIENAALETTA HERMINA,VILJOEN,RIETRIVIER,UITENHAGE,BEFORE 1841,1841,,BETHULIE,SMITHFIELD,,
1580,SCHOEMAN,SCHOEMAN,SCHOEMAN,MARTHINUS JOHANNES,Marthinus Johannes,a1b1c3d4e4,a1b1c3d4e4,SCHOEMANa1b1c3d4e4,,26/12/1824,1824,UITENHAGE,22/05/1825,1824,1825,,1824,,,POTCHEFSTROOM,05/09/1849,1849,MARIA CORNELIA,JACOBS,RIETRIVIER,UITENHAGE,BEFORE 1841,1841,,NATAL,,,
1581,SCHOEMAN,SCHOEMAN,SCHOEMAN,FREDERIK STEPHANUS,Frederik Stephanus,a1b1c5d3,a1b1c5d3,SCHOEMANa1b1c5d3,,29/07/1793,1793,,28/09/1794,1793,1794,LYDENBURG,1793,08/09/1864,1864,GEORGE,02/11/1817,1817,ANNA CATHARINA,NEL,,GEORGE,10/1837,1837,JAN DU PLESSIS OR JACOBUS CHRISTOFFEL POTGIETER,LYDENBURG,,,
1582,SCHOEMAN,SCHOEMAN,SCHOEMAN,JOHANNES,Johannes,a1b1c5d5,a1b1c5d5,SCHOEMANa1b1c5d5,,15/12/1797,1797,DRAKENSTEIN,03/10/1798,1797,1798,HOOPSTAD,1797,13/02/1890,1890,GEORGE,04/05/1823,1823,MARTHA MAGDALENA,SCHOEMAN,,GEORGE,,,,OHRIGSTAD,,,
1583,SCHOEMAN,SCHOEMAN,SCHOEMAN,STEPHANUS JOHANNES,Stephanus Johannes,a1b1c5d6,a1b1c5d6,SCHOEMANa1b1c5d6,,,,SWELLENDAM,09/03/1800,,1800,PRETORIA,1800,22/05/1872,1872,BEAUFORT,20/01/1828,1828,ALETTA SOPHIA,BEZUIDENHOUT,,GEORGE,BEFORE 1842,1842,,,,,
1584,SCHOEMAN,SCHOEMAN,SCHOEMAN,MARTHINUS GERHARDUS,Marthinus Gerhardus,a1b3c2d11,a1b3c2d11,SCHOEMANa1b3c2d11,,09/11/1813,1813,GEORGE,06/07/1814,1813,1814,POTCHEFSTROOM,1813,18/06/1886,1886,GEORGE,26/12/1834,1834,MARTHINA JOHANNA,SCHOEMAN,KANGO,GEORGE,1839,1839,FAMILY MOVE,MOOIRIVIER,,,
1585,SCHOEMAN,SCHOEMAN,SCHOEMAN,STEPHANUS,Stephanus,a1b3c2d9,a1b3c2d9,SCHOEMANa1b3c2d9,GEORGE,15/03/1810,1810,GRAAFF-REINET,08/10/1810,1810,1810,PRETORIA,1810,19/06/1890,1890,GEORGE,26/12/1830,1830,FRANCINA SUSANNA,BOTHA,ROODEWAL,GEORGE,1839,1839,FAMILY MOVE,MOOIRIVIER,GEORGE,,
1586,SCHOEMAN,SCHOEMAN,SCHOEMAN,CAROLUS GUSTAAF,Carolus Gustaaf,a2b1c5,a2b1c5,SCHOEMANa2b1c5,,15/10/1800,1800,,25/01/1801,1800,1801,RUSTENBURG,1800,27/05/1881,1881,CRADOCK,07/10/1822,1822,GEERTRUIDA JACOBA,HATTINGH,TARKA,SOMERSET,1838,1838,,RUSTENBURG,,,
1587,SCHOEMAN,SCHOEMAN,SCHOEMAN,STEPHANUS JOHANNES,Stephanus Johannes,b1c11d4,a1b1c11d4,SCHOEMANa1b1c11d4,,31/03/1809,1809,SWELLENDAM,27/11/1809,1809,1809,,1809,,,CRADOCK,30/11/1836,1836,MARTINA BARBARA MARIA MARGARETHA CHRISTOFFELINA,LE ROUX,CRADOCK,SOMERSET,12/1836-09/1836,1836,,NATAL,,,
1588,SCHOEMAN,SCHOEMAN,SCHOEMAN,GERHARDUS CORNELIS,Gerhardus Cornelis,b1c1d1e3,a1b1c1d1e3,SCHOEMANa1b1c1d1e3,,31/08/1817,1817,UITENHAGE,21/03/1818,1817,1818,LYDENBURG,1817,19/04/1875,1875,PIETERMARTIZBURG,4/08/1839,1839,MACHTELD CECILIA,GROBLER,PIETRIVIER,UITENHAGE,08/1839,1839,,LYDENBURG,,,
1589,SCHOEMAN,SCHOEMAN,SCHOEMAN,JOHANNES HENDRIK,Johannes Hendrik,b1c3d1e5,a1b1c3d1e5,SCHOEMANa1b1c3d1e5,,19/03/1822,1822,UITENHAGE,01/06/1822,1822,1822,,1822,,,,,,ELSJE MAGDALENA JOHANNA,BREYTENBACH,RIETRIVIER,UITENHAGE,1837,1837,,LYDENBURG,,,
1590,SCHOLTZ,SCHOLTZ,SCHOLTZ,JOACHIM HERMANUS,Joachim Hermanus,b2c7d1,a1b2c7d1,SCHOLTZa1b2c7d1,BOKKEVELD,,,,14/09/1783,,1783,FAURESMITH,1783,08/03/1834,1834,KAAPSTAD,23/08/1801,1801,ANNA JACOBA,KRUGER,,GRAAFF-REINET,,,,,,,
1591,SCHOOMBEE,SCHOOMBEE,SCHOOMBEE,ANDRIES GODLIEB,Andries Godlieb,b1c2,a1b1c2,SCHOOMBEEa1b1c2,,,,,14/05/1809,,1809,,1809,,,GRAAFF-REINET,04/02/1827,1827,MARTH MARIA,ROOS,,GRAAFF-REINET,MID 1842,1842,,POTCHEFSTROOM,,,
1592,SCHUTTE,SCHUTTE,SCHUTTE,JAN FRANCOIS,Jan Francois,a1b1c2d11,a1b1c2d11,SCHUTTEa1b1c2d11,,22/07/1810,1810,,08/10/1810,1810,1810,PRETORIA,1810,25/03/1833,1833,UITENHAGE,12/04/1829,1829,HESTER SOPHIA,SEVENSTER,TARKA,SOMERSET,01/1836,1836,A.H. POTGIETER,PRETORIA,,,
1593,SCHUTTE,SCHUTTE,SCHUTTE,STEPHANUS PHILIPPUS,Stephanus Philippus,a1b1c2d4,a1b1c2d4,SCHUTTEa1b1c2d4,,,,,07/10/1798,,1798,NATAL,1798,1843,1843,,,,HESTER ALETTA,VILJOEN,TARKA,SOMERSET,02/11/1837,1837,,,,,
1594,SCHUTTE,SCHUTTE,SCHUTTE,JOHANNES JACOBUS,Johannes Jacobus,a1b1c2d4e2,a1b1c2d4e2,SCHUTTEa1b1c2d4e2,UITENHAGE,13/11/1821,1821,,21/07/1822,1821,1822,LYDENBURG,1821,15/04/1871,1871,PIETERMARTIZBURG,13/11/1842,1842,HESTER ANTONETTA,VILJOEN,TARKA,SOMERSET,02/11/1837,1837,,,,,
1595,SCHUTTE,SCHUTTE,SCHUTTE,BAREND JACOBUS PHILIPPUS,Barend Jacobus Philippus,a1b1c4d11,a1b1c4d11,SCHUTTEa1b1c4d11,,20/08/1820,1820,CRADOCK,23/04/1821,1820,1821,HEILBRON,1820,05/07/1899,1899,,,,CHRISTINA MARIA,STEYN,BRAKRIVIER,SOMERSET,1843,1843,,TRANSORANJE,,,
1596,SCHUTTE,SCHUTTE,SCHUTTE,JAN HARM THOMAS,Jan Harm Thomas,a1b1c4d9,a1b1c4d9,SCHUTTEa1b1c4d9,,05/08/1811 OR 1812,1812,GRAAFF-REINET,14/02/1813,1812,1813,WINBURG,1812,02/12/1897,1897,CRADOCK,29/04/1832,1832,MARIA PETRONELLA,OPPERMAN,BRAKRIVIER,SOMERSET,BEFORE 1838,1838,,NATAL,BLOEMFONTEIN,,
1597,SCROOBIE,SCROOBIE,SCROOBIE,GEORGE,George,b2,a1b2,SCROOBIEa1b2,,1814,1814,,,1814,,,1814,,,PIETERMARTIZBURG,18/08/1839,1839,MARHTA PETRONELLA,BOTHA,GRAHAMSTAD,,08/1839,1839,,NATAL,,,
1598,SENEKAL,SENEKAL,SENEKAL,DAVID FREDERIK PETRUS JOHANNES,David Frederik Petrus Johannes,b1c1d2e2,a1b1c1d2e2,SENEKALa1b1c1d2e2,GEORGE,06/02/1808,1808,,02/04/1809,1808,1809,HEILBRON,1808,28/05/1883,1883,UITENHAGE,25/04/1832,1832,SALOMINA MARIA,PRINSLOO,,GEORGE,1840,1840,,HEILBRON,,,
1599,SERFONTEIN,SERFONTEIN,SERFONTEIN,WILLEM JACOB,Willem Jacob,b1c1,a1b1c1,SERFONTEINa1b1c1,,29/12/1811,1811,,23/02/1812,1811,1812,FAURESMITH,1811,27/07/1876,1876,UITENHAGE,04/07/1835,1835,ISABELLA MARIA,REYNEKE,LANGEBERG,SWELLENDAM,1838,1838,FAMILY MOVE,TRANSORANJE,,,
1600,SERFONTEIN,SERFONTEIN,SERFONTEIN,JAN LODEWYK,Jan Lodewyk,b1c2,a1b1c2,SERFONTEINa1b1c2,,,,,15/08/1813,,1813,,1813,,,SWELLENDAM,15/07/1838,1838,MARIA SOPHIA MAGDALENA,KLEYNHANS,LANGEBERG,SWELLENDAM,1841,1841,FAMILY MOVE,KROONSTAD,,,
1601,SERFONTEIN,SERFONTEIN,SERFONTEIN,JACOBUS HENDRIK,Jacobus Hendrik,b1c3,a1b1c3,SERFONTEINa1b1c3,,21/06/1815,1815,PAARL,30/07/1815,1815,1815,,1815,28/06/1901,1901,SWELLENDAM,15/07/1838,1838,ALETTA JOHANNA,KLEYNHANS,LANGEBERG,SWELLENDAM,1838,1838,FAMILY MOVE,KROONSTAD,,,
1602,SERFONTEIN,SERFONTEIN,SERFONTEIN,CHRISTIAAN JACOBUS,Christiaan Jacobus,b1c4,a1b1c4,SERFONTEINa1b1c4,,18/03/1817,1817,PAARL,13/04/1817,1817,1817,,1817,1880,1880,SWELLENDAM,05/05/1850,1850,ALETTA JOHANNA,BRITS,LANGEBERG,SWELLENDAM,1838,1838,FAMILY MOVE,TRANSORANJE,,,
1603,SEVENSTER,SEVENSTER,SEVENSTER,WESSEL LOURENS JOHANNES ANTOON,Wessel Lourens Johannes Antoon,b1,a1b1,SEVENSTERa1b1,,,,PAARL,28/05/1780,,1780,,1780,,,KAAPSTAD,27/08/1809,1809,ANNA CORNELIA,BOTHA,WINTERHOEK,UITENHAGE,BEFORE 04/1842,1842,,WINBURG,,,
1604,SEVENSTER,SEVENSTER,SEVENSTER,FREDERIK WESSEL,Frederik Wessel,b1c2,a1b1c2,SEVENSTERa1b1c2,,12/11/1815,1815,,,1815,,OVS,1815,13/04/1858,1858,CRADOCK,29/12/1839,1839,ANNA CATHARINA DOROTHEA,VAN DER MERWE,WINTERHOEK,UITENHAGE,BEFORE 04/1842,1842,,TRANSORANJE,,,
1605,SLABBERT,SLABBERT,SLABBERT,GERT PETRUS,Gert Petrus,b10c4d4e5,a1b10c4d4e5,SLABBERTa1b10c4d4e5,,22/12/1817,1817,UITENHAGE,10/01/1818,1817,1818,WAKKERSTROOM,1817,22/07/1880,1880,POTCHEFSTROOM,02/02/1840,1840,JOHANNA HENDRINA,DE KLERK,,,BEFORE 02/1840,1840,,POTCHEFSTROOM,,,
1606,SLABBERT,SLABBERT,SLABBERT,PETRUS JOHANNES,Petrus Johannes,b10c4d5e5,a1b10c4d5e5,SLABBERTa1b10c4d5e5,,,,,14/05/189,,/189,BETHLEHEM,/189,10/12/1894,1894,SWELLENDAM,21/08/1836,1836,ANNA SUSANNA,JOUBERT,VETRIVIER,SWELLENDAM,20/07/1838,1838,FAMILY MOVE,BETHLEHEM,,,
1607,SLABBERT,SLABBERT,SLABBERT,JOHANNES CORNELIS,Johannes Cornelis,b10c4d5e6,a1b10c4d5e6,SLABBERTa1b10c4d5e6,,,,,08/10/1810,,1810,BETHLEHEM,1810,19/09/1879,1879,SWELLENDAM,19/06/1836,1836,SUSANNA ELIZABETH,LA GRANGE,GROOT-SWARTBERG,SWELLENDAM,20/07/1838,1838,FAMILY MOVE,BETHLEHEM,,,
1608,SLABBERT,SLABBERT,SLABBERT,JASPER JOHANNES,Jasper Johannes,b10c4d6e2,a1b10c4d6e2,SLABBERTa1b10c4d6e2,,,,,26/08/1804,,1804,TRANSORANJE,1804,07/04/1854,1854,BEAUFORT,20/03/1831,1831,RACHEL JOHANNA,CLASSEN,,BEAUFORT,BEFORE 04/1844,1844,,WINBURG,,,
1609,SMIT,SMIT,SMIT,ERASMUS,Erasmus,a1,a1,SMITa1,NEDERLAND,28/08/1778,1778,,,1778,,PIETERMARITZBURG,1778,03/08/1863,1863,,,,SUSANNA CATHARINA,MARITZ,,GRAAFF-REINET,11/1836,1836,GERT M. MARITZ EN PIET RETIEF,,,,
1610,SMIT,SMIT,SMIT,SALMOMON ERASMUS GERHARDUS,Salmomon Erasmus Gerhardus,a1b2,a1b2,SMITa1b2,COLESBERG,30/05/1816,1816,,,1816,,SANDRIVIER,1816,28/07/1837,1837,,,,,,,GRAAFF-REINET,MID 09/1836,1836,GERT M. MARITZ,,,,
1611,SMIT,SMIT,SMIT,JOHANNES PETRUS,Johannes Petrus,a1b4c10d1e2f2,a1b4c10d1e2f2,SMITa1b4c10d1e2f2,,,,,,,,,,,,,,,SALOMINA BARENDINA (OF SARA BARENDINA SALOMINA),POTGIETER,TARKA,SOMERSET,1837,1837,PIET RETIEF,PIETERMARITZBURG,,,
1612,SMIT,SMIT,SMIT,CAREL (SAREL) GERHARDUS,Carel (Sarel) Gerhardus,a2b9c11,a2b9c11,SMITa2b9c11,,,,,04/10/1795,,1795,BOSHOF,1795,12/10/1871,1871,,,,CECILIA JACOBA,SMIT,,BEAUFORT,BEFORE 20/03/1842,1842,,POTCHEFSTROOM,TULBAGH,,
1613,SMIT,SMIT,SMIT,PIETER GERRIT,Pieter Gerrit,a2b9c11d2,a2b9c11d2,SMITa2b9c11d2,,18/05/1823,1823,TULBAGH,25/09/1823,1823,1823,"SKIETFONTEIN, TUSSEN KLERKSDORP EN WOLMARANSSTAD",1823,18/08/1897,1897,POTCHEFSTROOM,01/07/1846,1846,ALETTA MARIA MAGDALENA,VAN EMMENES,,BEAUFORT,1839/1840,1840,,POTCHEFSTROOM,,,
1614,SMIT,SMIT,SMIT,JAN PAUL,Jan Paul,a2b9c11d3,a2b9c11d3,SMITa2b9c11d3,,06/01/1825,1825,BEAUFORT,20/02/1825,1825,1825,,1825,,,,,,PETRONELLA ELIZABETH,BOTES,,BEAUFORT,1839/1840,1840,,POTCHEFSTROOM,,,
1615,SMIT,SMIT,SMIT,GERRIT WILLEM,Gerrit Willem,a2b9c13,a2b9c13,SMITa2b9c13,,,,,25/12/1799,,1799,,1799,,,TULBAGH,12/01/1823,1823,ANNA MARGARETHA,MOUTON,,CLANWILLIAM,1838,1838,,POTCHEFSTROOM,,,
1616,SMIT,SMIT,SMIT,NICOLAAS WILHELMUS,Nicolaas Wilhelmus,a2b9c15,a2b9c15,SMITa2b9c15,,11/02/1804,1804,TULBAGH,31/03/1804,1804,1804,WINBURG,1804,15/07/1872,1872,,,,ELSIE JOSINA,DU PLESSIS,,TULBAGH,BEFORE 04/1840,1840,,VAALRIVIER,,,
1617,SMIT,SMIT,SMIT,CHRISTIAAN ADREAS,Christiaan Adreas,a2b9c16,a2b9c16,SMITa2b9c16,,29/11/1806,1806,TULBAGH,01/11/1807,1806,1807,HEILBRON,1806,26/08/1881,1881,SWARTLAND,06/03/1831,1831,CHRISTINA JACOBA,HANEKOM,,MALMESBURY,07/1839-03/1842,1842,,PIETERMARITZBURG,,,
1618,SMIT,SMIT,SMIT,JOHANNES HENDRIK,Johannes Hendrik,a2b9c7,a2b9c7,SMITa2b9c7,,,,,22/03/1789,,1789,,1789,,,TULBAGH,04/07/1812,1812,ANNA ELIZABETH,OLIVIER,,BEAUFORT,04 OR 05/1838,1838,P.D. JACOBS,PIETERMARITZBURG,TULBAGH,,
1619,SMIT,SMIT,SMIT,JAN HENDRIK,Jan Hendrik,a2b9c7d4,a2b9c7d4,SMITa2b9c7d4,,18/01/1818,1818,TULBAGH,14/06/1818,1818,1818,,1818,,,,,,ALETTA CATHARINA,ROSSOUW,,BEAUFORT,04 OR 05/1838,1838,P.D. JACOBS,POTCHEFSTROOM,,,
1620,SMIT,SMIT,SMIT,CHRISTOFFEL JOHANNES,Christoffel Johannes,a4b2c4d3e1f4,a4b2c4d3e1f4,SMITa4b2c4d3e1f4,,,,,08/10/1810,,1810,,1810,,,BEAUFORT,31/03/1834,1834,HESTER GERBRECHT,BREYTENBACH,,BEAUFORT,BEFORE 04/1842,1842,,WINBURG,,,
1621,SMIT,SMIT,SMIT,ABRAHAM,Abraham,a4b2c4d3e1f5,a4b2c4d3e1f5,SMITa4b2c4d3e1f5,,11/05/1812,1812,GRAAFF-REINET,05/10/1812,1812,1812,,1812,,,BEAUFORT,08/07/1833,1833,HERMINA MARIA SOPHIA,CAMPHER,,BEAUFORT,BEFORE 04/1842,1842,,WINBURG,,,
1622,SMIT,SMIT,SMIT,CORNELIS MICHIEL,Cornelis Michiel,a4b2c4d3e1f7,a4b2c4d3e1f7,SMITa4b2c4d3e1f7,,08/01/1819,1819,BEAUFORT,07/11/1819,1819,1819,,1819,,,,,,JOHANNA MAGDALENA,CAMPHER,,BEAUFORT,BEFORE 04/1842,1842,,TRANSORANJE,,,
1623,SMIT,SMIT,SMIT,WILLEM JACOBUS,Willem Jacobus,a4b2c4d3e2f2,a4b2c4d3e2f2,SMITa4b2c4d3e2f2,,,,,27/04/1806,,1806,,1806,,,BEAUFORT,05/01/1823,1823,CATHARINA MARIA,BRITS,,COLESBERG,09/06/1838,1838,P.D. JACOBS,WINBURG,,,
1624,SMIT,SMIT,SMIT,SAMUEL JACOBUS,Samuel Jacobus,a4b2c4d3e2f3,a4b2c4d3e2f3,SMITa4b2c4d3e2f3,,,,,25/04/1807,,1807,,1807,,,BEAUFORT,13/09/1829,1829,MARIA MAGDALENA,VAN RENSBURG,BRAKRIVIER,SOMERSET,1837,1837,,TRANSORANJE,BEAUFORT,,
1625,SMIT,SMIT,SMIT,FRANCOIS PETRUS,Francois Petrus,a4b2c4d3e7,a4b2c4d3e7,SMITa4b2c4d3e7,,,,,25/11/1792,,1792,BOSHOF,1792,26/06/1863,1863,GRAAFF-REINET,05/06/1814,1814,SUSANNA ISABELLA,BREYTENBACH,,BEAUFORT,1838,1838,,BOSHOF,,,
1626,SMIT,SMIT,SMIT,WILLEM,Willem,a4b2c4d3e7f1,a4b2c4d3e7f1,SMITa4b2c4d3e7f1,,06/06/1815,1815,GRAAFF-REINET,28/10/1815,1815,1815,BLOEMFONTEIN,1815,06/09/1852,1852,BEAUFORT,06/07/1835,1835,ALETTA WILHELMINA,FOURIE,,BEAUFORT,1838,1838,,BOSHOF,,,
1627,SMIT,SMIT,SMIT,WYNAND,Wynand,a4b2c4d3e7f3,a4b2c4d3e7f3,SMITa4b2c4d3e7f3,,03/12/1817,1817,GRAAFF-REINET,06/07/1818,1817,1818,REDDERSBURG,1817,21/04/1865,1865,,,,HERMINA CHRISTINA,SMIT,,BEAUFORT,1838,1838,,REDDERSBURG,,,
1628,SMIT,SMIT,SMIT,WYNAND,Wynand,a4b2c4d3e8f3,a4b2c4d3e8f3,SMITa4b2c4d3e8f3,,30/10/1820,1820,BEAUFORT,07/01/1821,1820,1821,,1820,,,,,,SUSANNA JOSINA,VAN DER MERWE,,BEAUFORT,BEFORE 03/1842,1842,,POTCHEFSTROOM,,,
1629,SMIT,SMIT,SMIT,JACOBUS ALWYN,Jacobus Alwyn,a4b2c4d3e8f5,a4b2c4d3e8f5,SMITa4b2c4d3e8f5,,11/11/1823,1823,BEAUFORT,04/01/1823,1823,1823,,1823,,,POTCHEFSTROOM,06/10/1847,1847,ELIZABETH MAGDALENA,VAN DER MERWE,,BEAUFORT,BEFORE 1847,1847,,POTCHEFSTROOM,,,
1630,SMIT,SMIT,SMIT,CORNELIS JACOBUS,Cornelis Jacobus,a4b2c4d5e1f1,a4b2c4d5e1f1,SMITa4b2c4d5e1f1,,,,,18/11/1810,,1810,,1810,,,,,,,,,BEAUFORT,26/05/1838,1838,P.D. JACOBS,,,,
1631,SMIT,SMIT,SMIT,NICOLAAS JACOBUS,Nicolaas Jacobus,a4b2c4d5e2,a4b2c4d5e2,SMITa4b2c4d5e2,,18/06/1821,1821,BEAUFORT,06/01/1822,1821,1822,HEILBRON,1821,31/05/1882,1882,PIETERMARITZBURG,30/10/1841,1841,MARGARETHA JACOBA,HATTINGH,,BEAUFORT,,,,,,,
1632,SMIT,SMIT,SMIT,CORNELIS ABRAHAM,Cornelis Abraham,a4b2c4d5e4f1,a4b2c4d5e4f1,SMITa4b2c4d5e4f1,,15/12/1818,1818,BEAUFORT,14/07/1819,1818,1819,,1818,,,,,,FRANCINA PETRONELLA JOHANNA EILZABETH,VAN DYK,,BEAUFORT,BEFORE 03/1842,1842,,PIETERMARITZBURG,,,
1633,SMIT,SMIT,SMIT,MAARTENS JOHANNES (M.J.),Maartens Johannes (M.J.),a4b3c12d3e3f6,a4b3c12d3e3f6,SMITa4b3c12d3e3f6,,30/03/1819,1819,KAAPSTAD,25/04/1819,1819,1819,,1819,,,,,,,,,BEAUFORT,1838,1838,P.D. JACOBS,HEIDELBERG,,,
1634,SMIT,SMIT,SMIT,NICOLAAS JACOBUS,Nicolaas Jacobus,a4b3c4d2e7f1,a4b3c4d2e7f1,SMITa4b3c4d2e7f1,,30/04/1811,1811,GRAAFF-REINET,26/05/1811,1811,1811,PRETORIA,1811,16/03/1887,1887,GRAAFF-REINET,23/03/1836,1836,ELIZABETH MAGDALENA,VAN DER MERWE,,GRAAFF-REINET,1840,1840,FAMILY MOVE,NATAL,,,
1635,SMIT,SMIT,SMIT,ABRAHAM JOHANNES,Abraham Johannes,a4b3c5d10e2,a4b3c5d10e2,SMITa4b3c5d10e2,,08/12/1785,1785,PAARL,10/09/1786,1785,1786,GRAAFF-REINET,1785,21/07/1855,1855,,,,ANNA ELIZABETH,VORSTER,SWAGERSHOEK,SOMERSET,03/05/1840,1840,,GRAAFF-REINET,GRAAFF-REINET,,
1636,SMIT,SMIT,SMIT,FRANCOIS ALEWYN,Francois Alewyn,a4b3c5d10e2f4,a4b3c5d10e2f4,SMITa4b3c5d10e2f4,,09/10/1814,1814,GRAAFF-REINET,01/01/1815,1814,1815,BOTHAVILLE,1814,04/09/1840,1840,,,,ALETTA MAGDALENA,SMIT,,GRAAFF-REINET,1839,1839,,VAALRIVIER,,,
1637,SMIT,SMIT,SMIT,GERT LODEWYK,Gert Lodewyk,a4b3c5d10e2f7,a4b3c5d10e2f7,SMITa4b3c5d10e2f7,,30/01/1821,1821,GRAAFF-REINET,23/04/1821,1821,1821,WINBURG,1821,29/03/1896,1896,PITERMARITZBURG,27/11/1841,1841,SOPHIA MARIA,VAN HEERDEN,,GRAAFF-REINET,1838,1838,,,WINBURG,,
1638,SMIT,SMIT,SMIT,FRANCOIS ALEWYN,Francois Alewyn,a4b3c5d10e3f6,a4b3c5d10e3f6,SMITa4b3c5d10e3f6,,02/09/1818,1818,GRAAFF-REINET,28/04/1819,1818,1819,KROONSTAD,1818,06/06/1880,1880,GRAAFF-REINET,24/03/1839,1839,MARHTA CHRISTINA SOPHIA,SLABBERT,,GRAAFF-REINET,24/03/1839 - 27/12/1839,1839,FAMILY MOVE,OVS,,,
1639,SMIT,SMIT,SMIT,BURGERT GODLIEB,Burgert Godlieb,a4b3c5d10e7,a4b3c5d10e7,SMITa4b3c5d10e7,,25/08/1794,1794,GRAAFF-REINET,21/09/1794,1794,1794,SMITHFIELD,1794,21/08/1866,1866,GRAAFF-REINET,07/11/1813,1813,FREDERIKA ELISABETH (JACOBA),DE BEER,TARKA,SOMERSET,1837,1837,,SMITHFIELD,,,
1640,SMIT,SMIT,SMIT,FRANCOIS ALWYN,Francois Alwyn,a4b3c5d10e7f2,a4b3c5d10e7f2,SMITa4b3c5d10e7f2,,16/09/1817,1817,GRAAFF-REINET,09/11/1817,1817,1817,,1817,,,CRADOCK,16/04/1837,1837,ELIZABETH WILHELMINA,VENTER,TARKA,SOMERSET,1837,1837,,OHRIGSTAD,,,
1641,SMIT,SMIT,SMIT,CHRISTIAAN HENDRIK STEPHANUS SR.,Christiaan Hendrik Stephanus Sr.,a4b3c5d11e3,a4b3c5d11e3,SMITa4b3c5d11e3,,,,,19/05/1793,,1793,,1793,,,,19/01/1817,1817,DOROTHEA WILHELMINA,CLAASENS,,GRAAFF-REINET,,,,OHRIGSTAD,,,
1642,SMIT,SMIT,SMIT,CHRISTIAAN HENDRIK STEPHANUS JR.,Christiaan Hendrik Stephanus Jr.,a4b3c5d11e3f1,a4b3c5d11e3f1,SMITa4b3c5d11e3f1,,15/11/1817,1817,GRAAFF-REINET,28/12/1817,1817,1817,HARRISMITH,1817,01/08/1884,1884,GRAAFF-REINET,25/02/1838,1838,JOHANNA MARGARETHA,SMIT,,GRAAFF-REINET,,,,,,,
1643,SMIT,SMIT,SMIT,LOURENS JOHANNES BENJAMIN,Lourens Johannes Benjamin,a4b3c5d5e7f4,a4b3c5d5e7f4,SMITa4b3c5d5e7f4,,21/09/1819,1819,CRADOCK,06/02/1820,1819,1820,,1819,,,,,,JOHANNA LOURENSINA,DE JAGER,,CRADOCK,12/1844,1844,,POTCHEFSTROOM,,,
1644,SMIT,SMIT,SMIT,NICOLAAS JACOBUS CHRISTOFFEL,Nicolaas Jacobus Christoffel,a4b3c7d2e6f1,a4b3c7d2e6f1,SMITa4b3c7d2e6f1,,10/10/1808,1808,,05/03/1809,1808,1809,,1808,,,,,,ANNA MAGDALENA,RAS,ONDER-BOKKEVELD,CLANWILLIAM,1838-1839,1839,FAMILY MOVE,WINBURG,,,
1645,SMIT,SMIT,SMIT,ANDRIES ADRIAAN,Andries Adriaan,a4b6c10d1e2,a4b6c10d1e2,SMITa4b6c10d1e2,,17/12/1797,1797,GRAAFF-REINET,01/07/1798,1797,1798,,1797,,,CRADOCK,04/02/1821,1821,ALETTA CATHARINA MAGDALENA,OLIVIER,TARKA,SOMERSET,1837,1837,PIET RETIEF,NATAL,,,
1646,SMIT,SMIT,SMIT,JOHAN FREDERIK,Johan Frederik,a5b2c3,a5b2c3,SMITa5b2c3,,,,,22/09/1850,,1850,,1850,,,,,,MARIA MAGDALENA CAROLINA,SCHOEMAN,TARKA,SOMERSET,02/01/1837 - 31/03/1838,1838,,NATAL,PIETERMARITZBURG,,
1647,SMIT(H),SMIT(H),SMIT(H),ANDRIES JOHANNES CHRISTOFFEL,Andries Johannes Christoffel,a4b3c5d10e2f3,a4b3c5d10e2f3,SMIT(H)a4b3c5d10e2f3,GRAAFF-REINET,14/06/1813,1813,GRAAFF-REINET,11/07/1813,1813,1813,SOMERSET-OOS,1813,20/05/1892,1892,,23/05/1842,1842,MARIA HESTER JACOBA,VAN STRAATEN,SWAGERSHOEK,SOMERSET,BEFORE 1840,1840,,SOMERSET,,,
1648,SMUTS,SMUTS,SMUTS,GERHARDUS MARTHINUS,Gerhardus Marthinus,a2b2,a2b2,SMUTSa2b2,,08/05/1821,1821,GEORGE,27/07/1821,1821,1821,,1821,,,PIETERMARITZBURG,09/1844,1844,CORNELIA JOHANNA,LOMBARD,,GEORGE,BEFORE 1844,1844,,NATAL,,,
1649,SMUTS,SMUTS,SMUTS,TOBIAS,Tobias,b1c1d4e8f10,a1b1c1d4e8f10,SMUTSa1b1c1d4e8f10,,04/09/1821,1821,KAAPSTAD,07/10/1821,1821,1821,,1821,,,,,,,,,,BEFORE 1845,1845,,OHRIGSTAD,,,
1650,SNYDERS,SNYDERS,SNYDERS,JOHANNES HENDRIK,Johannes Hendrik,b8c2,a1b8c2,SNYDERSa1b8c2,,10/10/1788,1788,,20/09/1789,1788,1789,,1788,04/07/1852,1852,TULBAGH,03/06/1813 OF 1815,1815,HENDRINA MARIA,JANSE VAN RENSBURG,NUWEVELD,BEAUFORT,07/1837,1837,JACOB DE KLERK,,,,
1651,SNYDERS,SNYDERS,SNYDERS,GERRIT CHRISTOFFEL,Gerrit Christoffel,b8c3,a1b8c3,SNYDERSa1b8c3,,11/09/1791,1791,TULBAGH,23/09/1791,1791,1791,BLOEMFONTEIN,1791,22/07/1855,1855,TULBAGH,06/01/1816,1816,ALETTA SOPHIA,JANSE VAN RENSBURG,NUWEVELD,BEAUFORT,07/1837,1837,JACOB DE KLERK,,,,
1652,SNYDERS,SNYDERS,SNYDERS,PETRUS JACOBUS,Petrus Jacobus,b8c4,a1b8c4,SNYDERSa1b8c4,,,,,25/09/1796,,1796,,1796,,,,,,,,NUWEVELD,BEAUFORT,07/1837,1837,JACOB DE KLERK,,,,
1653,SNYDERS,SNYDERS,SNYDERS,PETRUS CASPARUS,Petrus Casparus,b8c6d2,a1b8c6d2,SNYDERSa1b8c6d2,,07/10/1825,1825,BEAUFORT,19/11/1826,1825,1826,,1825,,,,,,MARIA LOUISA,JACOBS,NUWEVELD,BEAUFORT,07/1837,1837,JACOB DE KLERK,MODDERRIVIER,,,
1654,SNYMAN,SNYMAN,SNYMAN,DAVID BENJAMIN,David Benjamin,b7c1d4e6,a1b7c1d4e6,SNYMANa1b7c1d4e6,,,,,29/04/1798,,1798,,1798,,,GRAAFF-REINET,08/06/1817,1817,ANNA FRANCINA,VAN EEDEN,TARKA,SOMERSET,01/1836,1836,A.H. POTGIETER,OHRIGSTAD,,,
1655,SNYMAN,SNYMAN,SNYMAN,CHRISTOFFEL JACOBUS JOHANNES,Christoffel Jacobus Johannes,b7c1d4e6f1,a1b7c1d4e6f1,SNYMANa1b7c1d4e6f1,,17/03/1818,1818,GRAAFF-REINET,31/05/1818,1818,1818,,1818,,,PIETERMARITZBURG,27/09/1840,1840,ANNA MARIA JACOMINA,DU PLESSIS,TARKA,SOMERSET,BEFORE 09/1840,1840,A.H. POTGIETER,OHRIGSTAD,,,
1656,SNYMAN,SNYMAN,SNYMAN,FREDERIK JACOBUS,Frederik Jacobus,b7c1d4e6f3,a1b7c1d4e6f3,SNYMANa1b7c1d4e6f3,,20/08/1821,1821,GRAAFF-REINET,26/12/1821,1821,1821,,1821,,,,,,,,TARKA,SOMERSET,01/1836,1836,A.H. POTGIETER,OHRIGSTAD,,,
1657,SNYMAN,SNYMAN,SNYMAN,NICOLAAS,Nicolaas,b7c1d4e8,a1b7c1d4e8,SNYMANa1b7c1d4e8,,,,,03/06/1804,,1804,,1804,,,CRADOCK,05/06/1825,1825,ANNA MARIA,GREYLING,SWAGERSHOEK,SOMERSET,BEFORE 04/1843,1843,,OHRIGSTAD,,,
1658,SNYMAN,SNYMAN,SNYMAN,THEUNIS,Theunis,b7c1d6e6,a1b7c1d6e6,SNYMANa1b7c1d6e6,,,,,02/11/1798,,1798,RUSTENBURG,1798,1878,1878,UITENHAGE,05/11/1820,1820,SARA JACOBA,MARX,BAVIAANSKLOOF,UITENHAGE,BEFORE 1840,1840,,OHRIGSTAD,,,
1659,SNYMAN,SNYMAN,SNYMAN,GERHARDUS,Gerhardus,b7c1d6e7,a1b7c1d6e7,SNYMANa1b7c1d6e7,,,,,28/09/1800,,1800,,1800,,,UITENHAGE,30/06/1822,1822,JOHANNA SUSANNA,MOOLMAN,GAMTOOSRIVIER,UITENHAGE,BEFORE 1842,1842,,OHRIGSTAD,,,
1660,SNYMAN,SNYMAN,SNYMAN,GERRIT CHRISTOFFEL,Gerrit Christoffel,b7c3d8e5,a1b7c3d8e5,SNYMANa1b7c3d8e5,,16/01/1801,1801,TULBAGH,17/01/1802,1801,1802,MARICO,1801,13/04/1876,1876,GRAAFF-REINET,10/05/1820,1820,MARTHA MAGDALENA,BEKKER,,GEORGE,04/1837,1837,P.L UYS,,"GROOT-THUKELA, WEENEN",,
1661,SNYMAN,SNYMAN,SNYMAN,JOHANNES HENDRIK JACOBUS,Johannes Hendrik Jacobus,b7c4d8e2,a1b7c4d8e2,SNYMANa1b7c4d8e2,,,,,14/10/1796,,1796,,1796,,,GEORGE,02/02/1817,1817,HELENA JOSINA,SCHOEMAN,,,BEFORE 03/1840,1840,,,,,
1662,SNYMAN,SNYMAN,SNYMAN,JACOBUS PHILIPPUS,Jacobus Philippus,b7c4d8e3,a1b7c4d8e3,SNYMANa1b7c4d8e3,,18/01/1797,1797,,08/04/1798,1797,1798,MARICO,1797,09/12/1877,1877,UITENHAGE,05/07/1818,1818,JOHANNA MARTHINA,BEKKER,,UITENHAGE,01/1838,1838,,MARICO,,,
1663,SNYMAN,SNYMAN,SNYMAN,COENRAAD FREDERIK WILHELMUS JOHANNES,Coenraad Frederik Wilhelmus Johannes,b7c4d9e7,a1b7c4d9e7,SNYMANa1b7c4d9e7,,06/12/1813,1813,,31/07/1814,1813,1814,,1813,,,CRADOCK,05/08/1832,1832,CATHARINA MARIA,DU PLESSIS,TARKA,SOMERSET,10/1837,1837,JAN DU PLESSIS,NATAL,,,
1664,SPANGENBERG,SPANGENBERG,SPANGENBERG,MARTHINUS DAVID,Marthinus David,a3b1c1d2,a3b1c1d2,SPANGENBERGa3b1c1d2,,,,,08/03/1801,,1801,,1801,,,,,,ANNA,VAN ZYL,ONDER-BOKKEVELD,CLANWILLIAM,14/08/1838,1838,,WINBURG,,,
1665,SPIES,SPIES,SPIES,ABRAHAM GERHARDUS,Abraham Gerhardus,b2c11,a1b2c11,SPIESa1b2c11,,02/02/1811,1811,,30/03/1812,1811,1812,,1811,19/09/1890,1890,SWELLENDAM,02/02/1834,1834,ELIZABETH (ELSJE) SUSANNA,MULLER,BREEDERIVIER,SWELLENDAM,24/08/1841 - 06/02/1842,1842,FAMILY MOVE,NATAL,,,
1666,SPIES,SPIES,SPIES,LODEWYK PETRUS,Lodewyk Petrus,b2c4,a1b2c4,SPIESa1b2c4,,30/07/1796,1796,,12/10/1796,1796,1796,BLOEMFONTEIN,1796,01/05/1874,1874,SWELLENDAM,03/09/1820,1820,SARA JOHANNA,CRONJE,BO-DUIVENSHOKRIVIER,SWELLENDAM,03/03/1838,1838,,COLESBERG,,,
1667,SPIES,SPIES,SPIES,BAREND JACOBUS,Barend Jacobus,b2c5,a1b2c5,SPIESa1b2c5,,16/09/1798,1798,,14/10/1798,1798,1798,,1798,,,SWELLENDAM,13/07/1823,1823,HENDRINA ELIZABETH (ELSABE),SWART,BO-DUIVENSHOKRIVIER,SWELLENDAM,03 - 10/1838,1838,,COLESBERG,,,
1668,SPIES,SPIES,SPIES,ANDRIES THEODORUS,Andries Theodorus,b2c6,a1b2c6,SPIESa1b2c6,SWELLENDAM,11/10/1800,1800,,14/12/1800,1800,1800,NATAL,1800,29/12/1889,1889,SWELLENDAM,03/06/1821,1821,MARIA MAGDALENA,FOURIE,BO-DUIVENSHOKRIVIER,SWELLENDAM,1839,1839,,POTCHEFSTROOM,,,
1669,SPRUYT,SPRUYT,SPRUYT,JACOBUS WILLEM,Jacobus Willem,b1c3,a1b1c3,SPRUYTa1b1c3,,,,KAAPSTAD,26/11/1780,,1780,,1780,,,TULBAGH,05/11/1809,1809,MARIA MAGDALENA,SLIER,WINTERVELD,GRAAFF-REINET,,,,TRANSORANJE,,,
1670,STANDER,STANDER,STANDER,ANDRIAAN HENDRICUS,Andriaan Hendricus,b8c5d1,a1b8c5d1,STANDERa1b8c5d1,GEORGE,12/01/1817,1817,GEORGE,16/02/1817,1817,1817,STANDERTON,1817,05/09/1897,1897,GEORGE,03/10/1836,1836,ELISABETH CATHARINA,WILMAN (WELLMANS/WELLMAN),,GEORGE,1839,1839,,STANDERTON,,,
1671,STEYNBERG,STEYNBERG,STEYNBERG,WILLEM FEDERIK,Willem Federik,b11c2,a1b11c2,STEYNBERGa1b11c2,,14/05/1804,1804,,,1804,,,1804,24/07/1890,1890,GRAAFF-REINET,08/03/1829,1829,MARIA ELZABETH,BESTER,,GRAAFF-REINET,BEFORE 1842,1842,,TRANSORANJE,,,
1672,STEENKAMP,STEENKAMP,STEENKAMP,PETRUS JOHANNES DIRKSE,Petrus Johannes Dirkse,b11c10d2,a1b11c10d2,STEENKAMPa1b11c10d2,,23/02/1800,1800,TULBAGH,08/07/1800,1800,1800,LYDENBURG,1800,04/09/1871,1871,KAAPSTAD,11/03/1824,1824,MARGARETHA MARIA,STEENKAMP,,CLANWILLIAM,10/1939 - 05/1841,1841,,POTCHEFSTROOM EN LYDENBURG,,,
1673,STEENKAMP,STEENKAMP,STEENKAMP,ALBERT NICOLAAS,Albert Nicolaas,b11c4d14,a1b11c4d14,STEENKAMPa1b11c4d14,,12/11/1813,1813,SWARTLAND,06/02/1814,1813,1814,MIDDELBURG,1813,29/10/1873,1873,,,,,,,,,,,,,,
1674,STEENKAMP,STEENKAMP,STEENKAMP,WILLEM,Willem,b12c8d4,a1b12c8d4,STEENKAMPa1b12c8d4,,18/04/1806,1806,,15/11/1807,1806,1807,ERMELO,1806,12/08/1874,1874,KAAPSTAD,08/02/1829,1829,JOHANNA MARGARETHA,KOTZE,,CLANWILLIAM,10/1839 - 04/1842,1842,FAMLIY MOVE,ERMELO,,,
1675,STEENKAMP,STEENKAMP,STEENKAMP,JAN HARMSE,Jan Harmse,b7c2,a1b7c2,STEENKAMPa1b7c2,,,,,09/08/1761,,1761,,1761,,,,06/04/1783,1783,ANNA ELIZABETH,VAN VUUREN,TARKA,SOMERSET,10/1837,1837,JAN DU PLESSIS,,,,
1676,STEENKAMP,STEENKAMP,STEENKAMP,BAREND WILLEM JACOBUS,Barend Willem Jacobus,b7c2d10,a1b7c2d10,STEENKAMPa1b7c2d10,,22/06/1803,1803,GRAAFF-REINET,28/10/1804,1803,1804,WAKKERSTROOM,1803,12/01/1880,1880,CRADOCK,05/01/1824,1824,JOHANNA DOROTHEA ALETTA,LABUSCHAGNE,TARKA,SOMERSET,1837,1837,J.C POTGIETER,WAKKERSTROOM,PIETERMARITZBURG,,
1677,STEENKAMP,STEENKAMP,STEENKAMP,JAN HARMEN,Jan Harmen,b7c2d2e1,a1b7c2d2e1,STEENKAMPa1b7c2d2e1,,09/01/1810,1810,,02/07/1810,1810,1810,NATAL,1810,07/08/1840,1840,CRADOCK,05/06/1831,1831,ANNA MARIA JACOMINA,DU PLESSIS,TARKA,SOMERSET,10/1837,1837,JAN DU PLESSIS,TARKA,,,
1678,STEENKAMP,STEENKAMP,STEENKAMP,JACOBUS CHRISTOFFEL,Jacobus Christoffel,b7c2d2e4,a1b7c2d2e4,STEENKAMPa1b7c2d2e4,,18/08/1815,1815,GRAAFF-REINET,04/08/1816,1815,1816,,1815,03/06/1839,1839,CRADOCK,03/08/1834,1834,ELZABETH MARIA,OLIVIER,TARKA,SOMERSET,10/1837,1837,JAN DU PLESSIS,,,,
1679,STEENKAMP,STEENKAMP,STEENKAMP,PETRUS IGNATIUS LOURENS,Petrus Ignatius Lourens,b7c2d2e6,a1b7c2d2e6,STEENKAMPa1b7c2d2e6,,20/02/1820,1820,CRADOCK,03/04/1820,1820,1820,,1820,29/04/1901,1901,,,,JOHANNA MAGDALENA,DU PLESSIS,TARKA,SOMERSET,10/1837,1837,JAN DU PLESSIS,,,,
1680,STEENKAMP,STEENKAMP,STEENKAMP,THOMAS IGNATIUS (JACOBUS),Thomas Ignatius (Jacobus),b7c2d3,a1b7c2d3,STEENKAMPa1b7c2d3,,,,,29/05/1791,,1791,LINDLEY,1791,22/06/1865,1865,GRAAFF-REINET,05/07/1813,1813,CLARA ISABELLA,POTGIETER,TARKA,SOMERSET,1836,1836,A.H POTGIETER,TRANSORANJE,,,
1681,STEENKAMP,STEENKAMP,STEENKAMP,JAN HARM,Jan Harm,b7c2d3e2,a1b7c2d3e2,STEENKAMPa1b7c2d3e2,,10/10/1818,1818,,26/12/1818,1818,1818,VRYHEID,1818,23/01/1914,1914,,02/03/1839,1839,HESTER MARTHA ALETTA,DREYER,,,1839,1839,,NATAL,,,
1682,STEENKAMP,STEENKAMP,STEENKAMP,HERMANUS PHILIPPUS,Hermanus Philippus,b7c2d3e3,a1b7c2d3e3,STEENKAMPa1b7c2d3e3,,21/07/1821,1821,CRADOCK,08/10/1821,1821,1821,PAULPIETERSBURG,1821,14/09/1894,1894,,28/05/1849,1849,ANNA MARGARETHA FREDERIKA,VAN SCHALKWYK,TARKA,SOMERSET,1836,1836,A.H POTGIETER,NATAL,PIETERMARITZBURG,,
1683,STEENKAMP,STEENKAMP,STEENKAMP,THOMAS IGNATIUS JACOBUS,Thomas Ignatius Jacobus,b7c2d3e4,a1b7c2d3e4,STEENKAMPa1b7c2d3e4,,12/02/1825,1825,CRADOCK,10/04/1825,1825,1825,HARRISMITH,1825,10/04/1869,1869,,,,JACOBA ELIZABETH (BETTIE),ROOS,TARKA,SOMERSET,01/1836,1836,A.H POTGIETER,HARRISMITH,,,
1684,STEENKAMP,STEENKAMP,STEENKAMP,PHILIPPUS LOURENS,Philippus Lourens,b7c2d5,a1b7c2d5,STEENKAMPa1b7c2d5,,,,GRAAFF-REINET,09/08/1795,,1795,RUSTENBURG,1795,1856,1856,GRAAFF-REINET,04/08/1816,1816,JOHANNA DOROTHEA GEERTRUIDA,DU PLESSIS,TARKA,SOMERSET,BEFORE 11/1837,1837,JAN DU PLESSIS,RUSTENBURG,CRADOCK,,
1685,STEENKAMP,STEENKAMP,STEENKAMP,JAN HARMEN,Jan Harmen,b7c2d5e1,a1b7c2d5e1,STEENKAMPa1b7c2d5e1,,11/06/1817,1817,CRADOCK,06/10/1817,1817,1817,,1817,,,,19/10/1838,1838,MARIA MARGARETHA,POTGIETER,TARKA,SOMERSET,10/1837,1837,JAN DU PLESSIS,,,,
1686,STEENKAMP,STEENKAMP,STEENKAMP,JACOBUS CHRISTOFFEL,Jacobus Christoffel,b7c2d6e2,a1b7c2d6e2,STEENKAMPa1b7c2d6e2,,21/11/1822,1822,CRADOCK,16/02/1823,1822,1823,ZAR,1822,1867,1867,,,,FRANCINA MAGDALENA JOHANNA,BASSON,TARKA,SOMERSET,BEFORE 1844,1844,FAMLIY MOVE,,,,
1687,STEENVAT,STEENVAT,STEENVAT,JOHANNES CAROLUS,Johannes Carolus,b2,a1b2,STEENVATa1b2,,06/08/1789,1789,GRAAFF-REINET,30/061799,1789,1799,,1789,,,SOMERSET,06/06/1830,1830,MARHTA ELIZABETH,FOUCHE,BAVIAANSRIVIER,SOMERSET,06/1836 - 1839,1839,,NATAL,,,
1688,STEINMAN(N),STEINMAN(N),STEINMAN(N),PIETER CHRISTIAAN,Pieter Christiaan,b2,a1b2,STEINMAN(N)a1b2,,22/02/1811,1811,GRAAFF-REINET,21/06/1812,1811,1812,,1811,,,PIETERMARITZBURG,05/02/1842,1842,ELZABE ELZABETH,FOUCHE,AGTER-SNEEUBERG,SOMERSET,BEFORE 1841,1841,,NATAL,,,
1689,STEYN,STEYN,STEYN,HANS JURGEN,Hans Jurgen,b1c3d4e8,a1b1c3d4e8,STEYNa1b1c3d4e8,,,,GRAAFF-REINET,06/01/1788,,1788,,1788,,,SWELLENDAM,02/1811,1811,FRANCINA CHRISTINA,KOORTS,,BEAUFORT,,,,OHRIGSTAD,,,
1690,STEYN,STEYN,STEYN,JOHANNES CHRISTOFFEL (HANS),Johannes Christoffel (Hans),b2c3d11e4f1,a1b2c3d11e4f1,STEYNa1b2c3d11e4f1,SWELLENDAM,28/09/1799,1799,SWELLENDAM,07/10/1804,1799,1804,PRETORIA,1799,20/10/1887,1887,GEORGE,07/08/1825,1825,PETRONELLA HELENA,SCHOEMAN,KLIPRIVER,SWELLENDAM,1838,1838,FAMLIY MOVE,OHRIGSTAD,,,
1691,STEYN,STEYN,STEYN,HERMANUS THEODORUS,Hermanus Theodorus,b2c3d11e5f3,a1b2c3d11e5f3,STEYNa1b2c3d11e5f3,,12/10/1813,1813,CALEDON,27/03/1814,1813,1814,,1813,,,PIETERMARITZBURG,22/04/1839,1839,JOHANNA ELIZABETH,VISAGIE,,SWELLENDAM,BEFORE 04/1839,1839,,NATAL,,,
1692,STEYN,STEYN,STEYN,PETRUS PAULUS,Petrus Paulus,b2c3d13e2,a1b2c3d13e2,STEYNa1b2c3d13e2,,,,,11/11/1792,,1792,,1792,,,,10/12/1820,1820,JACOBA HENDRINA,ROOS,KLIPRIVER,SWELLENDAM,AFTER 07/1839,1839,,OHRIGSTAD,,,
1693,STEYN,STEYN,STEYN,HERMANUS (P.SEUN),Hermanus (P.Seun),b2c3d13e2f?,a1b2c3d13e2f?,STEYNa1b2c3d13e2f?,,,,,,,,,,,,,,,,,KLIPRIVER,SWELLENDAM,1839,1839,,SOMERSET,,,
1694,STEYN,STEYN,STEYN,JOHANNES JACOBUS,Johannes Jacobus,b2c3d13e2f2,a1b2c3d13e2f2,STEYNa1b2c3d13e2f2,,20/09/1823,1823,SWELLENDAM,17/11/1823,1823,1823,KROONSTAD,1823,10/12/1894,1894,,,,HUIBERCHTJE MARIA,KOEKEMOER,KLIPRIVER,SWELLENDAM,,,,OHRIGSTAD,,,
1695,STEYN,STEYN,STEYN,DOUW PETRUS JACOBUS,Douw Petrus Jacobus,b2c3d4e11,a1b2c3d4e11,STEYNa1b2c3d4e11,,,,GRAAFF-REINET,29/01/1797,,1797,,1797,,,BEAUFORT,04/01/1824,1824,ENGELA PETRONELLA,ESTERHUYSE,,BEAUFORT,BEFORE 1839,1839,,TRANSORANJE,,,
1696,STEYN,STEYN,STEYN,LUCAS CORNELIS,Lucas Cornelis,b2c3d4e2f2,a1b2c3d4e2f2,STEYNa1b2c3d4e2f2,,,,GRAAFF-REINET,10/08/1794,,1794,,1794,,,GRAAFF-REINET,08/07/1816,1816,MARTHA SUSANNA,DU PLESSIS,BAVIAANSRIVIER,SOMERSET,1837,1837,LUCAS JOHANNES MEYER,OHRIGSTAD,,,
1697,STEYN,STEYN,STEYN,JOHANNES CHRISTIAAN,Johannes Christiaan,b2c3d4e2f2g1,a1b2c3d4e2f2g1,STEYNa1b2c3d4e2f2g1,,04/07/1817,1817,GRAAFF-REINET,17/02/1818,1817,1818,,1817,,,PIETERMARITZBURG,26/04/1840,1840,JOHANNA SOPHIA CATHARINA,KLOPPER,BAVIAANSRIVIER,SOMERSET,1837,1837,,,,,
1698,STEYN,STEYN,STEYN,GERHARDUS DANIEL,Gerhardus Daniel,b2c3d4e2f2g3,a1b2c3d4e2f2g3,STEYNa1b2c3d4e2f2g3,,13/10/1821,1821,GRAAFF-REINET,06/01/1822,1821,1822,KROONSTAD,1821,26/06/1876,1876,POTCHEFSTROOM,12/04/1840,1840,ALETTA SUSANNA,ENGELBRECHT,BAVIAANSRIVIER,SOMERSET,BEFORE 1840,1840,,TRANSORANJE,,,
1699,STEYN,STEYN,STEYN,JOHANNES JURGEN (L.SEUN),Johannes Jurgen (L.Seun),b2c3d4e2f2g5,a1b2c3d4e2f2g5,STEYNa1b2c3d4e2f2g5,,06/02/1825,1825,GRAAFF-REINET,23/08/1825,1825,1825,,1825,,,,,,,,BAVIAANSRIVIER,SOMERSET,1837,1837,LUCAS JOHANNES MEYER,OHRIGSTAD,,,
1700,STEYN,STEYN,STEYN,HANS JURGEN,Hans Jurgen,b2c3d4e2f3,a1b2c3d4e2f3,STEYNa1b2c3d4e2f3,,,,,21/06/1795,,1795,,1795,,,,,,NICOLA MARIA ELISABETH,KLOPPER,BAVIAANSRIVIER,SOMERSET,11 OR 12/1837 - 1838,1838,P.A OPPERMAN,OHRIGSTAD,,,
1701,STEYN,STEYN,STEYN,JOHANNES GERHARDUS,Johannes Gerhardus,b2c3d4e2f3g3,a1b2c3d4e2f3g3,STEYNa1b2c3d4e2f3g3,,11/02/1822,1822,CRADOCK,14/04/1823,1822,1823,,1822,,,,,,MARTHA ALETTA,DREYER,BAVIAANSRIVIER,SOMERSET,09 OR 10/1837,1837,LUCAS JOHANNES MEYER,OHRIGSTAD,,,
1702,STEYN,STEYN,STEYN,THEUNIS FREDERIK JACOBUS,Theunis Frederik Jacobus,b2c3d4e2f7,a1b2c3d4e2f7,STEYNa1b2c3d4e2f7,,14/08/1806,1806,GRAAFF-REINET,04/09/1808,1806,1808,POTCHEFSTROOM,1806,12/07/1889,1889,SOMERSET,03/09/1826,1826,MARTHA FRANCINA,VILJOEN,BAVIAANSRIVIER,SOMERSET,1837,1837,LUCAS JOHANNES MEYER,POTCHEFSTROOM,,,
1703,STEYN,STEYN,STEYN,LOUIS HERMANUS PETRUS,Louis Hermanus Petrus,b2c3d4e2f9,a1b2c3d4e2f9,STEYNa1b2c3d4e2f9,,20/03/1815,1815,GEORGE,05/11/1815,1815,1815,,1815,,,SOMERSET,15/04/1834,1834,SUSANNA MARIA CATHARINA,DREYER,VISRIVIER,ALBANY,1838,1838,J.C ESPAG,OHRIGSTAD,,,
1704,STEYN,STEYN,STEYN,HERMANUS STEPHANUS,Hermanus Stephanus,b2c3d4e6f3,a1b2c3d4e6f3,STEYNa1b2c3d4e6f3,,06/04/1811,1811,SWELLENDAM,11/01/1812,1811,1812,,1811,,,BEAUFORT,01/04/1838,1838,CATHARINA MARGARETHA,DE WIT,,COLESBERG,BEFORE 1840,1840,,,COLESBERG,,
1705,STEYN,STEYN,STEYN,WILLEM HENDRIK,Willem Hendrik,b2c3d4e6f7,a1b2c3d4e6f7,STEYNa1b2c3d4e6f7,,23/08/1818,1818,BEAUFORT,13/06/1819,1818,1819,WINBURG,1818,23/01/1896,1896,POTCHEFSTROOM,08/03/1840,1840,MARTHA MARIA,PELZER,,COLESBERG,1839,1839,,OHRIGSTAD,,,
1706,STEYN,STEYN,STEYN,HERMANUS,Hermanus,b2c3d6e1f1,a1b2c3d6e1f1,STEYNa1b2c3d6e1f1,,,,,09/08/1789,,1789,,1789,,,GRAAFF-REINET,24/04/1808,1808,JOHANNA HENDRINA,FOURIE,BRAKRIVIER,SOMERSET,01/1836,1836,A.H POTGIETER,,,,
1707,STEYN,STEYN,STEYN,HERMANUS,Hermanus,b2c3d6e1f1g1,a1b2c3d6e1f1g1,STEYNa1b2c3d6e1f1g1,,,,,22/05/1809,,1809,WINBURG,1809,01/09/1882,1882,CRADOCK,06/09/1829,1829,MARIA CATHARINA MARGARETHA,KRUGER,AGTER-SNEEUBERG,SOMERSET,01/1836,1836,A.H POTGIETER,,,,
1708,STEYN,STEYN,STEYN,LOUIS JOHANNES,Louis Johannes,b2c3d6e1f1g2,a1b2c3d6e1f1g2,STEYNa1b2c3d6e1f1g2,,,,,18/11/1810,,1810,WINBURG,1810,03/07/1892,1892,GRAAFF-REINET,04/10/1830,1830,ANNA MARIA VENTER,,,COLESBERG,01/1836,1836,A.H POTGIETER,VAALRIVIER,,,
1709,STEYN,STEYN,STEYN,NICOLAAS JOHANNES,Nicolaas Johannes,b2c3d6e1f1g3,a1b2c3d6e1f1g3,STEYNa1b2c3d6e1f1g3,,24/03/1812,1812,GRAAFF-REINET,07/06/1812,1812,1812,WINBURG,1812,04/04/1877,1877,CRADOCK,04/03/1832,1832,ANNA M. BARENDINA,GROBLER,BRAKRIVIER,SOMERSET,01/1836,1836,A.H POTGIETER,WINBURG,,,
1710,STEYN,STEYN,STEYN,PIETER JACOBUS,Pieter Jacobus,b2c3d6e1f1g6,a1b2c3d6e1f1g6,STEYNa1b2c3d6e1f1g6,,15/09/1818,1818,CRADOCK,24/01/1819,1818,1819,,1818,,,POTCHEFSTROOM,13/05/1838,1838,CECILIA JOHANNA,GROBLER,BRAKRIVIER,SOMERSET,BEFORE 05/1838,1838,A.H POTGIETER,VAALRIVIER,,,
1711,STEYN,STEYN,STEYN,HERMANUS (M. SEUN),Hermanus (M. Seun),b2c3d6e2f1,a1b2c3d6e2f1,STEYNa1b2c3d6e2f1,,01/10/1791,1791,,08/01/1792,1791,1792,,1791,10/04/1869,1869,GRAAFF-REINET,09/01/1815,1815,ANNA CATHARINA,HATTINGH,,BEAUFORT,10/1838,1838,FAMLIY MOVE,KRRONSPRUIT,,,
1712,STEYN,STEYN,STEYN,MARTHINUS JACOBUS DEWALD,Marthinus Jacobus Dewald,b2c3d6e2f1g5,a1b2c3d6e2f1g5,STEYNa1b2c3d6e2f1g5,,02/10/1823,1823,BEAUFORT,12/07/1824,1823,1824,,1823,,,,,,ALETTA SOPHIA,DE KLERK,,BEAUFORT,07/1837,1837,JACOB DE KLERK,,,,
1713,STEYN,STEYN,STEYN,JOHANNES,Johannes,b2c3d6e7f3,a1b2c3d6e7f3,STEYNa1b2c3d6e7f3,,04/07/1802,1802,,25/07/1802,1802,1802,BLOEMFONTEIN,1802,26/05/1885,1885,SWELLENDAM,06/10/1822,1822,MACHTELD SUSARA,OOSTHUIZEN,,BEAUFORT,BEFORE 1840,1840,,TRANSORANJE,,,
1714,STEYN,STEYN,STEYN,MARTHINUS,Marthinus,b2c3d6e7f7,a1b2c3d6e7f7,STEYNa1b2c3d6e7f7,,01/01/1811,1811,SWELLENDAM,17/02/1811,1811,1811,,1811,,,,,,MARIA SUSANNA,STEYN,,SWELLENDAM,BEFORE 1844,1844,,PIETERMARITZBURG,,,
1715,STEYN,STEYN,STEYN,MARTHINUS,Marthinus,b2c6d13e4,a1b2c6d13e4,STEYNa1b2c6d13e4,,,,,25/12/1806,,1806,"MIDDEL-MODERRIVIER, OVS",1806,30/10/1864,1864,CALEDON,05/12/1830,1830,ELIZABETH CHRISTINA,WESSELS,CALEDON,SWELLENDAM,BEFORE 1843,1843,,WINBURG,,,
1716,STEYN,STEYN,STEYN,JACOBUS MARTHINUS,Jacobus Marthinus,b2c8d2e5,a1b2c8d2e5,STEYNa1b2c8d2e5,,,,,27/05/1798,,1798,,1798,,,BEAUFORT,03/09/1820,1820,ANNA LEONORA,DE BEER,,BEAUFORT,,,,,,,
1717,STEYN,STEYN,STEYN,PETRUS HERMANUS,Petrus Hermanus,b2c8d2e5f2,a1b2c8d2e5f2,STEYNa1b2c8d2e5f2,,07/09/1823,1823,BEAUFORT,05/10/1823,1823,1823,,1823,,,POTCHEFSTROOM,07/04/1852,1852,JACOMINA HENDRINA MARGARETHA,SCHEEPERS,,BEAUFORT,,,,,,,
1718,STEYN,STEYN,STEYN,PETRUS HERMANUS,Petrus Hermanus,b2c8d2e6,a1b2c8d2e6,STEYNa1b2c8d2e6,,,,GRAAFF-REINET,17/08/1800,,1800,POTCHEFSTROOM,1800,09/02/1896,1896,GRAAFF-REINET,12/02/1815,1815,JACOBA ELIZABETH,DE BEER,,BEAUFORT,BEFORE 1844,1844,,,,,
1719,STEYN,STEYN,STEYN,JACOBUS MARTHINUS,Jacobus Marthinus,b2c8d2e6f1,a1b2c8d2e6f1,STEYNa1b2c8d2e6f1,,01/05/1819,1819,BEAUFORT,13/06/1819,1819,1819,POTCHEFSTROOM,1819,08/08/1887,1887,POTCHEFSTROOM,04/06/1845,1845,MAGDALENA JOSINA,BECKER,,BEAUFORT,,,,,,,
1720,STEYN,STEYN,STEYN,JOSEPH JACOBUS JOHANNES,Joseph Jacobus Johannes,b2c8d2e6f3,a1b2c8d2e6f3,STEYNa1b2c8d2e6f3,,06/10/1821,1821,BEAUFORT,18/08/1822,1821,1822,KRUGERSDORP,1821,6/1/1902,1902,,,,HESTER ELIZABETH LORETTA,DE LANGE,,,BEFORE 05/1844,1844,,TRANSORANJE,,,
1721,STEYN,STEYN,STEYN,PIETER WOUTER,Pieter Wouter,b2c8d3e4,a1b2c8d3e4,STEYNa1b2c8d3e4,,,,,18/07/1790,,1790,,1790,,,SWELLENDAM,06/10/1810,1810,JOHANNA SUSANNA,DU PREEZ,VETRIVIER,SWELLENDAM,06/1840,1840,FAMLIY MOVE,,,,
1722,STEYN,STEYN,STEYN,DOUW GERBRAND,Douw Gerbrand,b2c8d3e4f4,a1b2c8d3e4f4,STEYNa1b2c8d3e4f4,,28/10/1817,1817,,22/08/1818,1817,1818,DEWETSDORP,1817,29/05/1893,1893,RIVERSDAL,29/06/1840,1840,JOHANNA SUSANNA LOUISA,MEYER,VETRIVIER,SWELLENDAM,06/1840,1840,FAMLIY MOVE,,,,
1723,STEYN,STEYN,STEYN,HERMANUS JACOBUS (DOUW SEUN),Hermanus Jacobus (Douw Seun),b2c8d3e5,a1b2c8d3e5,STEYNa1b2c8d3e5,,,,STELLEBOSCH,02/03/1794,,1794,,1794,,,SWELLENDAM,07/05/1815,1815,SUSANNA MARIA,STEYN,VETRIVIER,SWELLENDAM,,,,,,,
1724,STOLZ,STOLZ,STOLZ,GABRIEL GERHARDUS FRDERIK,Gabriel Gerhardus Frderik,b2c1d1e1,a1b2c1d1e1,STOLZa1b2c1d1e1,,20/08/1819,1819,UITENHAGE,18/10/1819,1819,1819,,1819,,,SOMERSET,10/12/1837,1837,ANNA CORNELIA MARGARETHA,GROBLER,,CRADOCK,1844,1844,,,,,
1725,STOLZ,STOLZ,STOLZ,COENRAAD FREDRIK,Coenraad Fredrik,b2c1d2,a1b2c1d2,STOLZa1b2c1d2,,,,SWELLENDAM,04/07/1798,,1798,,1798,,,UITENHAGE,02/09/1821,1821,AGATA GERTRUIDA ELIZABETH FRANCINA,VAN DER SCHYFF,,CRADOCK,BEFORE 1840,1840,,NATAL,,,
1726,STOLZ,STOLZ,STOLZ,WILLEM,Willem,b2c2d3,a1b2c2d3,STOLZa1b2c2d3,,,,,07/11/1802,,1802,,1802,,,BEAUFORT,05/10/1823,1823,MARIA SALOMINA (WILHELMINA),ERASMUS,,UITENHAGE,1840,1840,,TRANSORANJE,,,
1727,STOLZ,STOLZ,STOLZ,WILLEM,Willem,b2c2d3e1,a1b2c2d3e1,STOLZa1b2c2d3e1,,04/02/1825,1825,UITENHAGE,07/08/1825,1825,1825,,1825,,,POTCHEFSTROOM,16/04/1850,1850,SUSANNA ELIZABETH,FOUCHE,,UITENHAGE,1840,1840,,,,,
1728,STOOP,STOOP,STOOP,HENDRIK GERHARDUS,Hendrik Gerhardus,b5,a1b5,STOOPa1b5,,10/10/1810,1810,GRAAFF-REINET,13/02/1814,1810,1814,HARRISMITH,1810,19/04/1864,1864,GRAAFF-REINET,31/03/1834,1834,MARIA JOHANNA LEVINA,DAVEL,,GRAAFF-REINET,BEFORE 04/1841,1841,,KROONSTAD,PIETERMARITZBURG,,
1729,STOOP,STOOP,STOOP,PETRUS JACOBUS,Petrus Jacobus,b7,a1b7,STOOPa1b7,,14/07/1816,1816,TULBAGH,06/09/1819,1816,1819,,1816,,,GRAAFF-REINET,11/09/1836,1836,MARIA JOHANNA CORNELIA,DE BEER,,COLESBERG,1842,1842,,WAKKERSTROOM,,,
1730,STOOP,STOOP,STOOP,ALBERTUS ABRAHAM,Albertus Abraham,b8,a1b8,STOOPa1b8,,16/11/1818,1818,TULBAGH,20/02/1820,1818,1820,,1818,,,PIETERMARITZBURG,18/03/1839,1839,FRANCINA WILHELMINA,VISAGIE,,,BEFORE 03/1839,1839,,WINBURG EN WAKKERSTROOM,,,
1731,STRAUSS,STRAUSS,STRAUSS,DAVID JACOBUS,David Jacobus,b2c4,a1b2c4,STRAUSSa1b2c4,,,,KAAPSTAD,18/02/1781,,1781,,1781,,,KAAPSTAD,17/10/1802,1802,ELISABETH LOUISA,LIEBENBERG,COLESBURG,GRAAFF-REINET,12/1834,1834,,TRANSORANJE,,,
1732,STRAUSS,STRAUSS,STRAUSS,DAVID CHISTIAAN DIRK,David Chistiaan Dirk,b2c4d1,a1b2c4d1,STRAUSSa1b2c4d1,,01/03/1804,1804,,04/11/1804,1804,1804,FAURESMITH,1804,22/10/1870,1870,GRAAFF-REINET,04/02/1827,1827,ZACHARIJA PETRONELLA,SCHOLTZ,NUWE HANTAM,COLESBERG,,,,FAURESMITH,GRAAFF-REINET,,
1733,STRAUSS,STRAUSS,STRAUSS,ADRIES JACOBUS,Adries Jacobus,b2c4d3,a1b2c4d3,STRAUSSa1b2c4d3,,11/06/1806,1806,TULBAGH,07/05/1809,1806,1809,,1806,,,GRAAFF-REINET,08/08/1830,1830,CAROLINA MARGARETHA ELIZABETH,LUBBE,,COLESBERG,,,FAMLIY MOVE,EDENBURG,,,
1734,STRAUSS,STRAUSS,STRAUSS,JACOB JOHANNES,Jacob Johannes,b2c4d4,a1b2c4d4,STRAUSSa1b2c4d4,,01/02/1811,1811,GRAAFF-REINET,24/03/1811,1811,1811,CALEDONRIVIER,1811,25/03/1878,1878,GRAAFF-REINET,03/05/1829,1829,RACHEL CATHARINA MARIA,STRAUSS,,COLESBERG,1835 -1840,1840,,TRANSORANJE,GRAAFF-REINET,,
1735,STRAUSS,STRAUSS,STRAUSS,ABRAHAM FRDERIK,Abraham Frderik,b2c4d9,a1b2c4d9,STRAUSSa1b2c4d9,,07/03/1824,1824,GRAAFF-REINET,20/02/1825,1824,1825,EDENBURG,1824,14/03/1892,1892,COLESBURG,06/07/1840,1840,ANNA JACOBA,LUBBE,,COLESBERG,1840,1840,,TRANSORANJE,,,
1736,STRAUSS,STRAUSS,STRAUSS,DAVID FREDERIK,David Frederik,b2c6d4,a1b2c6d4,STRAUSSa1b2c6d4,COLESBERG,01/11/1818,1818,GRAAFF-REINET,17/01/1819,1818,1819,PHILIPPOLIS,1818,04/01/1896,1896,COLESBURG,20/03/1838,1838,ELIZABETH WILHELMINA (HERMINA),CRONJE,,COLESBERG,1841 - 1843,1843,,,COLESBERG,,
1737,STRAUSS,STRAUSS,STRAUSS,JOHANNES MARTTHIAS,Johannes Martthias,b2c8,a1b2c8,STRAUSSa1b2c8,TULBAGH,27/09/1790,1790,SWARTLAND,25/12/1790,1790,1790,FAURESMITH,1790,27/10/1870,1870,GRAAFF-REINET,30/10/1815,1815,ADRIANA S.,JACOBS,,COLESBERG,1834,1834,,TRANSORANJE,GRAAFF-REINET,,
1738,STRAUSS,STRAUSS,STRAUSS,DAVID JACOBUS,David Jacobus,b2c8d4,a1b2c8d4,STRAUSSa1b2c8d4,,11/04/1822,1822,GRAAFF-REINET,07/10/1822,1822,1822,HOOPSTAD,1822,06/12/1899,1899,,,,RACHEL CATHARINA,PIENAAR,,COLESBERG,,,,TRANSORANJE,,,
1739,STROH,STROH,STROH,HENDRIK STEPHANUS MARTHINUS,Hendrik Stephanus Marthinus,b8,a1b8,STROHa1b8,,23/02/1814,1814,GRAAFF-REINET,11/09/1814,1814,1814,RUSTENBURG,1814,29/05/1885,1885,GRAAFF-REINET,12/12/1834,1834,ANNA MARIA ELIZABETH,SMIT,BRUINTJIESHOOGTE,SOMERSET,BEFORE 1840,1840,,TRANSORANJE,,,
1740,STRYDOM,STRYDOM,STRYDOM,GIDEON LOURENS,Gideon Lourens,b3c3d3e11,a1b3c3d3e11,STRYDOMa1b3c3d3e11,,1791,1791,,09/12/1792,1791,1792,KLERKSDORP,1791,25/10/1872,1872,GRAAFF-REINET,30/04/1815,1815,CORNELIA SUSANNA (SARA),BEZUIDENHOUT,,UITENHAGE,BEFORE 04/1842,1842,,WINBURG,UITENHAGE,,
1741,STRYDOM,STRYDOM,STRYDOM,MATTHYS JOHANNES,Matthys Johannes,b3c3d3e11f1,a1b3c3d3e11f1,STRYDOMa1b3c3d3e11f1,GRAAFF-REINET,23/04/1816,1816,,,1816,,MAROKA,1816,03/11/1893,1893,,,,CHRISTINA HELENA,STRYDOM,,UITENHAGE,1840,1840,,,SMITHFIELD,,
1742,STRYDOM,STRYDOM,STRYDOM,PETRUS STEPHANUS (JOHANNES),Petrus Stephanus (Johannes),b3c3d3e11f2,a1b3c3d3e11f2,STRYDOMa1b3c3d3e11f2,,13/07/1820,1820,UITENHAGE,10/09/1820,1820,1820,,1820,,,POTCHEFSTROOM,06/12/1848,1848,ALETTA ELIZABETH,VAN ECK,,UITENHAGE,BEFORE 04/1842,1842,,RUSTENBURG,,,
1743,STRYDOM,STRYDOM,STRYDOM,DANIEL JACOBUS JOHANNES (JACOBUS),Daniel Jacobus Johannes (Jacobus),b3c3d6e10,a1b3c3d6e10,STRYDOMa1b3c3d6e10,,,,,07/09/1794,,1794,,1794,,,POTCHEFSTROOM,29/11/1840,1840,MARIA JOHANNA JACOMINA,VAN WYK,GAMKA,BEAUFORT,BEFORE 11/1840,1840,P.D JACOBS,MARICO,,,
1744,STRYDOM,STRYDOM,STRYDOM,JOHANNES MATTHYS,Johannes Matthys,b3c3d6e11,a1b3c3d6e11,STRYDOMa1b3c3d6e11,,,,,09/11/1797,,1797,HEIDELBERG,1797,11/01/1882,1882,GEORGE,04/08/1816,1816,ANNA DOROTHEA,BEKKER,TRAKA,BEAUFORT,08/1837,1837,,HEIDELBERG,,,
1745,STRYDOM,STRYDOM,STRYDOM,MARTHINUS JOHANNES,Marthinus Johannes,b3c3d6e11f3,a1b3c3d6e11f3,STRYDOMa1b3c3d6e11f3,,1824,1824,,,1824,,HEIDELBERG,1824,3/2/1902,1902,POTCHEFSTROOM,01/04/1846,1846,CORNELIA JOHANNA,BEKKER,TRAKA,BEAUFORT,08/1837,1837,,,,,
1746,STRYDOM,STRYDOM,STRYDOM,DAVID JAN JACOBUS,David Jan Jacobus,b3c3d6e12,a1b3c3d6e12,STRYDOMa1b3c3d6e12,,,,,12/08/1798,,1798,,1798,,,,,,ANNA MAGDALENA,KLASSEN,TRAKA,BEAUFORT,BEFORE 1841,1841,P.D JACOBS,HEIDELBERG,,,
1747,STRYDOM,STRYDOM,STRYDOM,OKKER ANDRIES,Okker Andries,b3c3d6e12f3,a1b3c3d6e12f3,STRYDOMa1b3c3d6e12f3,BEAUFORT,1824,1824,,,1824,,VAALRIVIER,1824,20*/10/1890,1890,,,,HANNAH SOPHIA SUSARA MARIA ADRIANA GERTRUIDA,BEKKER,TRAKA,BEAUFORT,BEFORE 1841,1841,P.D JACOBS,HEIDELBERG,,,
1748,STRYDOM,STRYDOM,STRYDOM,PIETER FREDERIK,Pieter Frederik,b3c3d6e13,a1b3c3d6e13,STRYDOMa1b3c3d6e13,,25/06/1800,1800,,,1800,,HEIDELBERG,1800,24/09/1887,1887,BEAUFORT,03/06/1821,1821,CORNELIA MARIA,LINDEQUE,TRAKA,BEAUFORT,1838,1838,FAMLIY MOVE,MARICO,,,
1749,STRYDOM,STRYDOM,STRYDOM,DANIEL JACOBUS JOHANNES (P.F SEUN),Daniel Jacobus Johannes (P.F Seun),b3c3d6e13f1,a1b3c3d6e13f1,STRYDOMa1b3c3d6e13f1,GRAAFF-REINET,05/08/1823,1823,,,1823,,,1823,25/05/1880,1880,POTCHEFSTROOM,18/04/1849,1849,ISABELLA CATHARINA,POTGIETER,TRAKA,BEAUFORT,1838,1838,P.D JACOBS,,,,
1750,STRYDOM,STRYDOM,STRYDOM,PIETER FREDERIK JR.,Pieter Frederik Jr.,b3c3d6e13f3,a1b3c3d6e13f3,STRYDOMa1b3c3d6e13f3,BEAUFORT,1825,1825,,,1825,,HEIDELBERG,1825,18/11/1804,1804,POTCHEFSTROOM,01/04/1846,1846,MARTHA PETRUSIENA MARIA CATHAIRNA,LINDEQUE,TRAKA,BEAUFORT,1838,1838,P.D JACOBS,SUIKERBOSRAND,HEIDELBERG,,
1751,STRYDOM,STRYDOM,STRYDOM,JAN HENDRIK,Jan Hendrik,b3c3d6e15,a1b3c3d6e15,STRYDOMa1b3c3d6e15,BEAUFORT,11/10/1804,1804,,21/10/1804,1804,1804,HEIDELBERG,1804,20/02/1875,1875,,13/03/1831,1831,CORNELIA FRANCINA MAGDALENA ELIZABETH,MEYER,TRAKA,BEAUFORT,1838,1838,P.D JACOBS,MARICO,,,
1752,STRYDOM,STRYDOM,STRYDOM,JACOBUS,Jacobus,b3c3d6e16,a1b3c3d6e16,STRYDOMa1b3c3d6e16,,,,,25/04/1807,,1807,BETHLEHEM,1807,30/05/1886,1886,,,,JOHANNA CATHARINA WILHELMINA,MEYER,,BEAUFORT,BEFORE 1840,1840,P.D JACOBS,NATAL,BEAUFORT,,
1753,STRYDOM,STRYDOM,STRYDOM,FREDERIK ANDRIES,Frederik Andries,b3c3d6e17,a1b3c3d6e17,STRYDOMa1b3c3d6e17,,15/09/1809,1809,SWELLENDAM,27/11/1809,1809,1809,,1809,12/05/1873,1873,UITENHAGE,04/03/1832,1832,HESTER SUSANNA,ERASMUS,TRAKA,BEAUFORT,03/1842,1842,P.D JACOBS,POTCHEFSTROOM,,,
1754,STRYDOM,STRYDOM,STRYDOM,JOHANNES PETRUS (HANS),Johannes Petrus (Hans),b3c3d6e3,a1b3c3d6e3,STRYDOMa1b3c3d6e3,,,,TULBAGH,24/05/1778,,1778,DELAGOABAAI,1778,02-19/05/1838,1838,GRAAFF-REINET,18/03/1810,1810,ANNA MARIA CATHARINA,SMITH,BRAKRIVIER,SOMERSET,09/1835,1835,J.J. JANSEN VAN RENSBURG,,GRAAFF-REINET,,
1755,STRYDOM,STRYDOM,STRYDOM,JOHANNES PETRUS JR.,Johannes Petrus Jr.,b3c3d6e3f3,a1b3c3d6e3f3,STRYDOMa1b3c3d6e3f3,COLESBERG,24/05 OR 08/1818,1818,,,1818,,POTCHEFSTROOM,1818,02/09/1887,1887,COLESBERG,15/04/1838,1838,MARIA SUSANNA,VILJOEN,,SOMERSET,04/1838,1838,,,,,
1756,STRYDOM,STRYDOM,STRYDOM,WILLEM GERHARDUS,Willem Gerhardus,b3c3d6e3f4,a1b3c3d6e3f4,STRYDOMa1b3c3d6e3f4,GRAAFF-REINET,20/01/1820,1820,,,1820,,,1820,1865,1865,,,,HESTER SUSANNA,VISAGIE,BRAKRIVIER,SOMERSET,1835,1835,TREGARDT EN VAN RENSBURG,PORT NATAL,,,
1757,STRYDOM,STRYDOM,STRYDOM,WILLEM,Willem,b3c3d6e5,a1b3c3d6e5,STRYDOMa1b3c3d6e5,,,,,08/09/1892,,1892,,1892,,,,,,,,TRAKA,BEAUFORT,BEFORE 06/1839,1839,,POTCHEFSTROOM,,,
1758,STRYDOM,STRYDOM,STRYDOM,HENDRIK JOSEPHUS,Hendrik Josephus,b4c23d2e2,a1b4c23d2e2,STRYDOMa1b4c23d2e2,,,,,13/07/1777,,1777,,1777,,,,,,,,,,,,,,,,
1759,STRYDOM,STRYDOM,STRYDOM,JOHANNES,Johannes,b4c3d2e2f2,a1b4c3d2e2f2,STRYDOMa1b4c3d2e2f2,,,,,30/10/1803,,1803,,1803,,,UITENHAGE,01/09/1822,1822,MARIA ELIZABETH,COMBRINK,,UITENHAGE,1838,1838,,NATAL,,,
1760,STRYDOM,STRYDOM,STRYDOM,HENDRIK JOSEPHUS,Hendrik Josephus,b4c3d2e2f2g2,a1b4c3d2e2f2g2,STRYDOMa1b4c3d2e2f2g2,,24/11/1824,1824,UITENHAGE,20/03/1825,1824,1825,,1824,,,NATAL,16/12/1849,1849,DOROTHEA MAGDALENA (EN/OF GEERTRUIDA),COMBRINK,,UITENHAGE,,,,PIETERMARITZBURG,,,
1761,STRYDOM,STRYDOM,STRYDOM,STEPHANUS JACOBUS,Stephanus Jacobus,b4c3d2e2f5,a1b4c3d2e2f5,STRYDOMa1b4c3d2e2f5,,25/11/1809,1809,GRAAFF-REINET,09/12/1810,1809,1810,POTCHEFSTROOM,1809,16/02/1879,1879,UITENHAGE,31/03/1836,1836,JOHANNA CATHARINA,VAN STADEN,,UITENHAGE,BEFORE 12/1838,1838,,,,,
1762,STRYDOM,STRYDOM,STRYDOM,ADRIAAN STEPHANUS,Adriaan Stephanus,b4c3d2e6f3,a1b4c3d2e6f3,STRYDOMa1b4c3d2e6f3,UITENHAGE,25/10/1814,1814,GEORGE,05/11/1815,1814,1815,,1814,09/06/1867,1867,,,,JOHANNA CATHARINA,SCHUTTE,,,1838,1838,,SMITHFIELD,CRADOCK,,
1763,STRYDOM,STRYDOM,STRYDOM,BAREND HENDRIK JOSEPHUS,Barend Hendrik Josephus,b4c6d3e5,a1b4c6d3e5,STRYDOMa1b4c6d3e5,,,,,24/02/1797,,1797,STANDERTON,1797,01/05/1882,1882,UITENHAGE,04/08/1818,1818,ZACHARIA GEERTUIDA,VAN WYK,BRAKRIVIER,SOMERSET,BEFORE 04/1842,1842,,TRANSORANJE,BLOEMFONTEIN,,
1764,STRYDOM,STRYDOM,STRYDOM,GERRIT ROELOF JOHANNES (GERT),Gerrit Roelof Johannes (Gert),b4c6d3e5f1,a1b4c6d3e5f1,STRYDOMa1b4c6d3e5f1,,11/06/1819,1819,UITENHAGE,15/08/1819,1819,1819,HEIDELBERG,1819,22/01/1891,1891,,,,ANNA MARGARETHA,BOTHA,BRAKRIVIER,SOMERSET,1842,1842,,,,,
1765,STRYDOM,STRYDOM,STRYDOM,ROELOF JOHANNES,Roelof Johannes,b4c6d3e5f2,a1b4c6d3e5f2,STRYDOMa1b4c6d3e5f2,GRAAFF-REINET,14/02/1821,1821,,,1821,,HEIDELBERG,1821,18/09/1901,1901,,,,CHRISTINA ELIZABETH,NAGEL,BRAKRIVIER,SOMERSET,BEFORE 04/1842,1842,,TRANSORANJE,,,
1766,STRYDOM,STRYDOM,STRYDOM,COENRAAD JACOBUS STEPHANUS,Coenraad Jacobus Stephanus,b4c6d3e6,a1b4c6d3e6,STRYDOMa1b4c6d3e6,,,,,03/12/1797,,1797,OVS,1797,1879,1879,UITENHAGE,23/03/1834,1834,JOHANNA WILHELMINA,SLABBERT,SWARTRUGGENS,UITENHAGE,12/1840,1840,,POTCHEFSTROOM,POTCHEFSTROOM,,
1767,STRYDOM,STRYDOM,STRYDOM,BAREND HENDRIK JOSEPHUS JR.,Barend Hendrik Josephus Jr.,b4cd3e5f3,a1b4cd3e5f3,STRYDOMa1b4cd3e5f3,,01/10/1824,1824,CRADOCK,17/04/1825,1824,1825,,1824,,,,,,MAGRIETA ELIZABETH,MIENIE,BRAKRIVIER,SOMERSET,1840,1840,,,,,
1768,SWANEPOEL,SWANEPOEL,SWANEPOEL,FREDERIK JACOBUS CORNELIS,Frederik Jacobus Cornelis,b3c12d13,a1b3c12d13,SWANEPOELa1b3c12d13,,28/09/1820,1820,BEAUFORT,18/02/1821,1820,1821,STANDERTON,1820,01/05/1892,1892,POTCHEFSTROOM,04/02/1846,1846,SOPHIA CATHARINA,VAN STADEN,,BEAUFORT,1845,1845,,POTCHEFSTROOM,,,
1769,SWANEPOEL,SWANEPOEL,SWANEPOEL,PIETER ANDRIES,Pieter Andries,b3c3d2,a1b3c3d2,SWANEPOELa1b3c3d2,,,,PAARL,24/11/1776,,1776,,1776,,,KAAPSTAD,15/02/1801,1801,MARIA ELIZABETH,MALAN,KLEIN-SWARTBERG,WORCESTER,1840,1840,,POTCHEFSTROOM,TULBAGH,,
1770,SWANEPOEL,SWANEPOEL,SWANEPOEL,WILLEM JACOB MARTHINUS,Willem Jacob Marthinus,b3c3d2e10,a1b3c3d2e10,SWANEPOELa1b3c3d2e10,,01/09/1824,1824,BEAUFORT,10/09/1826,1824,1826,09/05/1865,1824,,,,,,ANNA SUSANNA,MARAIS,KLEIN-SWARTBERG,BEAUFORT,1841,1841,,WOLMARANSSTAD,,,
1771,SWANEPOEL,SWANEPOEL,SWANEPOEL,JAN ANDRIES,Jan Andries,b3c3d2e3,a1b3c3d2e3,SWANEPOELa1b3c3d2e3,,29/06/1811,1811,TULBAGH,21/08/1814,1811,1814,POTCHEFSTROOM,1811,17/03/1877,1877,WORCESTER,05/08/1832,1832,MARYNA MARIA FRANCINA PETRONELLA,CORDIER,KLEIN SWARTBERG,WORCESTER,1840,1840,,POTCHEFSTROOM,,,
1772,SWANEPOEL,SWANEPOEL,SWANEPOEL,ROEDOLF JOHANNES,Roedolf Johannes,b3c3d2e5,a1b3c3d2e5,SWANEPOELa1b3c3d2e5,BEAUFORT,22/04/1813,1813,TULBAGH,21/08/1814,1813,1814,MIDDELBURG,1813,11/04/1894,1894,WORCESTER,20/09/1837,1837,SUSARAH SUSANNA,KLEYNHANS,KLEIN-SWARTBERG,WORCESTER,1840,1840,,,BLOEMFONTEIN,,
1773,SWANEPOEL,SWANEPOEL,SWANEPOEL,GERHARDUS STEPHANUS,Gerhardus Stephanus,b3c3d2e7,a1b3c3d2e7,SWANEPOELa1b3c3d2e7,BEAUFORT,12/02/1817,1817,TULBAGH,02/11/1817,1817,1817,KROONSTAD,1817,21/07/1873,1873,BEAUFORT,29/09/1839,1839,SUSANNA ELIZABETH MARGARETHA,CORDIER,KLEINSWART-BERG (GAMKA),BEAUFORT,04/1841 - 05/1844,1844,,KROONSTAD,,,
1774,SWANEPOEL,SWANEPOEL,SWANEPOEL,WILLEM ABRAHAM,Willem Abraham,b3c6d12,a1b3c6d12,SWANEPOELa1b3c6d12,ROGGEVELD,18/12/1803,1803,STELLENBOSCH,13/01/1805,1803,1805,,1803,,,GRAAFF-REINET,02/06/1822,1822,HESTER CATHARINA,VENTER,,GRAAFF-REINET,BEFORE 08/1840,1840,,NATAL,,,
1775,SWANEPOEL,SWANEPOEL,SWANEPOEL,JOHANNES JOCHEMUS,Johannes Jochemus,b3c6d12e1,a1b3c6d12e1,SWANEPOELa1b3c6d12e1,,12/03/1823,1823,GRAAFF-REINET,22/06/1823,1823,1823,,1823,,,PIETERMARITZBURG,10/07/1854,1854,ANNA JOHANNA HENDRINA,HENSEN,,GRAAFF-REINET,BEFORE 1840,1840,,NATAL,,,
1776,SWANEPOEL,SWANEPOEL,SWANEPOEL,WILLEM BAREND,Willem Barend,b3c7,a1b3c7,SWANEPOELa1b3c7,,01/10/1758,1758,,,1758,,,1758,,,KAAPSTAD,19/12/1790,1790,ANNA,FOURIE,,GRAAFF-REINET,,,,,,,
1777,SWANEPOEL,SWANEPOEL,SWANEPOEL,ABRAHAM CHRISTOFFEL JOHANNES,Abraham Christoffel Johannes,b3c8d6,a1b3c8d6,SWANEPOELa1b3c8d6,,28/06/1804,1804,GRAAFF-REINET,04/011/1804,1804,1804,LICHTENBURG,1804,27/09/1894,1894,BEAUFORT,07/01/1827,1827,SARA JOHANNA SUSANNA,JANSEN VAN VUUREN,,BEAUFORT,01/1836,1836,A.H POTGIETER,WINBURG,,,
1778,SWANEPOEL,SWANEPOEL,SWANEPOEL,JACOBUS (ROOI KOOS),Jacobus (Rooi Koos),b6c5d2,a1b6c5d2,SWANEPOELa1b6c5d2,,29/10/1786,1786,KAAPSTAD,11/03/1787,1786,1787,SMITHFIELD,1786,08/06/1860,1860,GRAAFF-REINET,27/12/1807,1807,JOHANNA CATHARINA,VAN TONDER,,GRAAFF-REINET,1840,1840,,SMITHFIELD,,,
1779,SWANEPOEL,SWANEPOEL,SWANEPOEL,CHRISTIAAN HENDERIK,Christiaan Henderik,b6c5d2e2,a1b6c5d2e2,SWANEPOELa1b6c5d2e2,GRAAFF-REINET,08/10/1808,1808,GRAAFF-REINET,26/12/1808,1808,1808,ROUXVILLE,1808,31/07/1880,1880,BEAUFORT,16/07/1827,1827,ANNA MARIA,SWANEPOEL,BRAKRIVIER,SOMERSET,1840,1840,,BURGERSDORP,,,
1780,SWANEPOEL,SWANEPOEL,SWANEPOEL,WILLEM ANDRIES JACOBUS,Willem Andries Jacobus,b6c5d2e3,a1b6c5d2e3,SWANEPOELa1b6c5d2e3,,22/01/1812,1812,GRAAFF-REINET,06/07/1812,1812,1812,CALEDONRIVIER,1812,30/01/1887,1887,GRAAFF-REINET,05/09/1830,1830,ELIZABETH MARIA SUSANNA,SWANEPOEL,BRAKRIVIER,SOMERSET,1839,1839,,SMITHFIELD,,,
1781,SWANEPOEL,SWANEPOEL,SWANEPOEL,JACOBUS JOHANNES (BLOU KOOS),Jacobus Johannes (Blou Koos),b6c6d1,a1b6c6d1,SWANEPOELa1b6c6d1,SWELLENDAM,03/03/1784,1784,PAARL,11/10/1785,1784,1785,ROUXVILLE,1784,26/08/1871,1871,GRAAFF-REINET,04/07/1809,1809,ELIZABETH MARIA SUSANNA,LOOTS,SWARTRUGGENS,UITENHAGE,1839,1839,,TRANSORANJE,,,
1782,SWANEPOEL,SWANEPOEL,SWANEPOEL,PHILIPPUS JOHANNES CORNELIS,Philippus Johannes Cornelis,b6c6d1e5,a1b6c6d1e5,SWANEPOELa1b6c6d1e5,UITENHAGE,03/12/1815,1815,GRAAFF-REINET,26/12/1816,1815,1816,ROUXVILLE,1815,05/12/1899,1899,CRADOCK,26/08/1838,1838,CORNELIA JOHANNA,GOUWS,BRAKRIVIER,SOMERSET,BEFORE 11/1839,1839,,ROUXVILLE,,,
1783,SWANEPOEL,SWANEPOEL,SWANEPOEL,JOHANNES JACOBUS,Johannes Jacobus,b6c6d1e6,a1b6c6d1e6,SWANEPOELa1b6c6d1e6,BEAUFORT,23/11/1817,1817,GRAAFF-REINET,13/05/1818,1817,1818,KROONSTAD,1817,25/09/1886,1886,CRADOCK,02/05/1841,1841,GESINA ELIZABETH,VAN ROOYEN,BRAKRIVIER,SOMERSET,1839,1839,,BRAKFONTEIN,KROONSTAD,,
1784,SWANEPOEL,SWANEPOEL,SWANEPOEL,PIETER FREDERIK REINIER,Pieter Frederik Reinier,b6c6d1e7,a1b6c6d1e7,SWANEPOELa1b6c6d1e7,,29/07/1819,1819,BEAUFORT,26/12/1819,1819,1819,ROUXVILLE,1819,04/05/1882,1882,CRADOCK,18/05/1845,1845,ANNA MARIA,GOUWS,BRAKRIVIER,SOMERSET,1839,1839,,ROUXVILLE,,,
1785,SWANEPOEL,SWANEPOEL,SWANEPOEL,PETRUS JOHANNES,Petrus Johannes,b6c6d6e1,a1b6c6d6e1,SWANEPOELa1b6c6d6e1,,14/06/1816,1816,GEORGE,09/02/1817,1816,1817,ROUXVILLE,1816,06/10/1899,1899,COLESBERG,06/01/1840,1840,ELSIE DOROTHEA WILHELMINA ADRIANA,KEYSER,RENOSTERBERG,COLESBERG,1842 - 1844,1844,,,,,
1786,SWANEPOEL,SWANEPOEL,SWANEPOEL,ADAM JOHANNES,Adam Johannes,b7c2d3e2,a1b7c2d3e2,SWANEPOELa1b7c2d3e2,BRUINTJIESHOOGTE,21/03/1812,1812,GRAAFF-REINET,06/09/1812,1812,1812,ROUXVILLE,1812,23/04/1876,1876,GRAAFF-REINET,04/05/1823,1823,MARTHA MARIA,PELSER,,COLESBERG,1842 - 1844,1844,,ROUXVILLE,SMITHFIELD,,
1787,SWANEPOEL,SWANEPOEL,SWANEPOEL,STEPHANUS JOHANNES MARTHINUS,Stephanus Johannes Marthinus,b7c2d3e7,a1b7c2d3e7,SWANEPOELa1b7c2d3e7,,01/01/1821,1821,UITENHAGE,04/03/1821,1821,1821,WAKKERSTROOM,1821,08/03/1897,1897,CRADOCK,12/07/1840,1840,PETRONELLA SUSANNA CATHARINA,JANSE VAN VUUREN,,CRADOCK,12/1841 - 02/1845,1845,,WAKKERSTROOM,,,
1788,SWANEPOEL,SWANEPOEL,SWANEPOEL,PETRUS CORNELIS,Petrus Cornelis,b7c2d3e8,a1b7c2d3e8,SWANEPOELa1b7c2d3e8,,12/05/1823,1823,GRAAFF-REINET,11/09/1823,1823,1823,CALEDONRIVIER,1823,15/07/1889,1889,COLESBERG,06/03/1843,1843,MAGDALENA CORNELIA,PELSER,NUWE HANTAM,COLESBERG,1845,1845,,SMITHFIELD,BETHULIE,,
1789,SWANEPOEL,SWANEPOEL,SWANEPOEL,STEPHANUS JOHANNES MARTHINUS,Stephanus Johannes Marthinus,b7c2d5,a1b7c2d5,SWANEPOELa1b7c2d5,,21/10/1792,1792,,23/06/1793,1792,1793,BELA-BELA,1792,11/04/1866,1866,GRAAFF-REINET,15/01/1815,1815,HESTER PETRONELLA,ROUSSEAU,,CRADOCK,,,,,UITENHAGE,,
1790,SWANEPOEL,SWANEPOEL,SWANEPOEL,PIETER ANDRIES,Pieter Andries,b7c2d5e1,a1b7c2d5e1,SWANEPOELa1b7c2d5e1,,26/10/1815,1815,GRAAFF-REINET,23/06/1816,1815,1816,LADYBRAND,1815,22/09/1892,1892,CRADOCK,01/02/1835,1835,CATHARINA GERTRUIDA,DE LANGE,,CRADOCK,1844,1844,,LADYBRAND,,,
1791,SWANEPOEL,SWANEPOEL,SWANEPOEL,STEPHANUS JOHANNES MARTHINUS,Stephanus Johannes Marthinus,b7c2d5e3,a1b7c2d5e3,SWANEPOELa1b7c2d5e3,,25/08/1820,1820,UITENHAGE,13/10/1820,1820,1820,WATERBERG,1820,20/05/1879,1879,,,,ANNA MARIA CHRISTINA WILHELMINA,ENSLIN,,CRADOCK,1844,1844,,,,,
1792,SWANEPOEL,SWANEPOEL,SWANEPOEL,GERHARDUS,Gerhardus,b7c2d5e4,a1b7c2d5e4,SWANEPOELa1b7c2d5e4,,19/06/1823,1823,UITENHAGE,03/02/1824,1823,1824,WATERBERG,1823,11/02/1887,1887,,,,JACOBA WILHELMINA,ERASMUS,,CRADOCK,1844,1844,,,HEIDELBERG,,
1793,SWANEPOEL,SWANEPOEL,SWANEPOEL,JACOBUS JOHANNES PETRUS CORNELIS,Jacobus Johannes Petrus Cornelis,b7c2d5e5,a1b7c2d5e5,SWANEPOELa1b7c2d5e5,,13/10/1825,1825,UITENHAGE,20/11/1825,1825,1825,,1825,,,POTCHEFSTROOM,20/08/1845,1845,ISABELLA ANDRIETTA WILHELMINA,HATTINGH,,CRADOCK,1844,1844,,RUSTENBURG,,,
1794,SWANEPOEL,SWANEPOEL,SWANEPOEL,HENDRIK FREDERIK,Hendrik Frederik,b7c7d1,a1b7c7d1,SWANEPOELa1b7c7d1,,02/10/1794,1794,PAARL,14/10/1795,1794,1795,CALEDONRIVIER,1794,1851,1851,GRAAFF-REINET,20/10/1816,1816,HENDRINA PETRONELLA,VAN TONDER,BRAKRIVIER,CRADOCK,11/1835,1835,A.H POTGIETER,SMITHFIELD,,,
1795,SWART,SWART,SWART,GERHARDUS JACOBUS,Gerhardus Jacobus,b2c3d5e13,a1b2c3d5e13,SWARTa1b2c3d5e13,,,,SWELLENDAM,09/09/1804,,1804,STANDERTON,1804,23/09/1880,1880,CRADOCK,05/12/1825,1825,SUSANNA PETRONELLA,BREEDT,OOS-RIETRIVIER,SOMERSET,BEFORE 20/06/1837,1837,A.H POTGIETER,TRANSORANJE,SOMERSET,,
1796,SWART,SWART,SWART,NICOLAAS JOHANNES,Nicolaas Johannes,b2c4d9e3,a1b2c4d9e3,SWARTa1b2c4d9e3,,,,,21/07/1799,,1799,BLOEMFONTEIN,1799,07/04/1880,1880,GEORGE,22/03/1818,1818,CORNELIA SUSANNA,DE LA REY,OOS-RIETRIVIER,SOMERSET,1840,1840,,,,,
1797,SWART,SWART,SWART,WESSEL CORNELIS,Wessel Cornelis,b2c4d9e4,a1b2c4d9e4,SWARTa1b2c4d9e4,,,,,04/10/1801,,1801,,1801,1852,1852,UITENHAGE,03/09/1820,1820,MARTHA JOHANNA,BOTHA,OOS-RIETRIVIER,SOMERSET,BEFORE 1844,1844,,OHRIGSTAD,,,
1798,SWART,SWART,SWART,HANS JACOB BERNHARDUS,Hans Jacob Bernhardus,b2c4d9e4f1,a1b2c4d9e4f1,SWARTa1b2c4d9e4f1,BRUINTJIESHOOGTE,17/02/1823,1823,UITENHAGE,25/03/1824,1823,1824,LYDENBURG,1823,26/03/1885,1885,SOMERSET,11/04/1841,1841,SUSANNA SOPHIA,BESTER,OOS-RIETRIVIER,SOMERSET,04/1841 - 04/1843,1843,,OHRIGSTAD EN LYDENBURG,,,
1799,SWART,SWART,SWART,JACOBUS NICOLAAS,Jacobus Nicolaas,b3c3d3e3,a1b3c3d3e3,SWARTa1b3c3d3e3,,,,,24/09/1786,,1786,,1786,,,STELLENBOSCH,04/09/1808,1808,MARIA ELIZABETH,SWART,BREEDERIVIER,SWELLENDAM,07/1837 - 06/1839,1839,,MARICO,,,
1800,SWART,SWART,SWART,JOHANNES BERNARDUS,Johannes Bernardus,b3c3d3e3f3,a1b3c3d3e3f3,SWARTa1b3c3d3e3f3,,31/03/1813,1813,,24/04/1813,1813,1813,STANDERTON,1813,09/01/1882,1882,CALEDON,12/07/1833,1833,CHRISTOPHORA FRDERIKA,KOCH,,SWELLENDAM,AFTER 30/08/1839,1839,FAMILY MOVE,STANDERTON,,,
1801,SWART,SWART,SWART,PETRUS ARNOLDUS GERHARDUS,Petrus Arnoldus Gerhardus,b3c3d3e3f4,a1b3c3d3e3f4,SWARTa1b3c3d3e3f4,,05/07/1815,1815,,24/09/1815,1815,1815,WAKKERSTROOM,1815,10/12/1881,1881,POTCHEFSTROOM,04/08/1847,1847,JOHANNA ADRIANA,DU TOIT,BREEDERIVIER,SWELLENDAM,1839,1839,,WAKKERSTROOM,,,
1802,SWART,SWART,SWART,MATTHYS JOHANNES,Matthys Johannes,b3c3d3e3f8,a1b3c3d3e3f8,SWARTa1b3c3d3e3f8,,24/06/1824,1824,,,1824,,RUSTENBURG,1824,03/04/1880,1880,,,,JOHANNA ELIZABETH,BREYTENBACH,,SWELLENDAM,1839,1839,,MARICO,,,
1803,TAUTE,TAUTE,TAUTE,MATTHEUS PIETER,Mattheus Pieter,b4c7d2,a1b4c7d2,TAUTEa1b4c7d2,,08/02/1818,1818,GRAAFF-REINET,16/06/1816 ?,1818,16 ?,KWAMATHIWANE,1818,06/02/1838,1838,,,,,,NUWEVELD,BEAUFORT,07/1837,1837,JACOB DE KLERK JR.,,,,
1804,TAUTE,TAUTE,TAUTE,JOHAN HENDRIK FREDERIK,Johan Hendrik Frederik,b4c7d3,a1b4c7d3,TAUTEa1b4c7d3,,17/08/1819,1819,BEAUFORT,05/09/1819,1819,1819,,1819,1868,1868,,05/12/1841,1841,HENDRINA CECILIA,SMIT,NUWEVELD,BEAUFORT,07/1837,1837,JACOB DE KLERK JR.,,,,
1805,TERRBLANCHE,TERRBLANCHE,TERRBLANCHE,JOHANNES (JAN) ABRAHAM,Johannes (Jan) Abraham,b4c2d1e10,a1b4c2d1e10,TERRBLANCHEa1b4c2d1e10,,07/09/1819,1819,UITENHAGE,07/11/1819,1819,1819,,1819,,,,,,ANNA SUSANNA,MINNAAR,UIVLUGT,GRAAFF-REINET,1845,1845,,NATAL,,,
1806,THERON,THERON,THERON,THOMAS FRANCOIS,Thomas Francois,b4c7d1e4,a1b4c7d1e4,THERONa1b4c7d1e4,,17/04/1797,1797,TULBAGH,07/05/1797,1797,1797,WINBURG,1797,11/04/1856,1856,GRAAFF-REINET,04/10/1819,1819,MARTHA MAGDALENA,VAN DER MERWE,,GRAAFF-REINET,1845,1845,,WINBURG,,,
1807,THERON,THERON,THERON,HENDRIK SCHALK,Hendrik Schalk,b4c7d1e4f3,a1b4c7d1e4f3,THERONa1b4c7d1e4f3,,10/08/1823,1823,GRAAFF-REINET,10/08/1823,1823,1823,WINBURG,1823,01/07/1896,1896,WINBURG,10/07/1848,1848,JACOBA JACOMINA,LE ROUX,,GRAAFF-REINET,1845,1845,,WINBURG,,,
1808,THERON,THERON,THERON,PETRUS JACOBUS,Petrus Jacobus,b4c7d1e4f4,a1b4c7d1e4f4,THERONa1b4c7d1e4f4,,25/05/1825,1825,GRAAFF-REINET,06/06/1825,1825,1825,WINBURG,1825,19/01/1852,1852,,,,ELSIE JOHANNA MAGDALENA,THERON,,GRAAFF-REINET,1845,1845,,WINBURG,BLOEMFONTEIN,,
1809,THERON,THERON,THERON,JACOBUS ARNOLDUS,Jacobus Arnoldus,b4c7d1e7,a1b4c7d1e7,THERONa1b4c7d1e7,,17/07/1802,1802,TULBAGH,09/10/1802,1802,1802,BOSHOF,1802,18/02/1873,1873,GRAAFF-REINET,26/12/1821,1821,JACOBA WILHELMINA,PRETORIUS,,COLEBERG,1840,1840,,BOSHOF,GRAAFF-REINET,,
1810,THEUNISSEN,THEUNISSEN,THEUNISSEN,NICOLAAS JACOBUS,Nicolaas Jacobus,b1,a1b1,THEUNISSENa1b1,,,,GRAAFF-REINET,21/02/1796,,1796,BEESTEKRAAL,1796,30/10/1851,1851,,,,CATHARINA HELENA,DU PLESSIS,TARKA,SOMERSET,BEFORE 1842,1842,,POTCHEFSTROOM,,,
1811,THEUNISSEN,THEUNISSEN,THEUNISSEN,CHRISTIAAN JACOBUS,Christiaan Jacobus,b1c1,a1b1c1,THEUNISSENa1b1c1,GRAAFF-REINET,,,GRAAFF-REINET,1818,,1818,LICHTENBURG,1818,02/01/1899,1899,,,,ELIZABETH JACOBA,DELPORT,TARKA,SOMERSET,1840,1840,,POTCHEFSTROOM,,,
1812,THEUNISSEN,THEUNISSEN,THEUNISSEN,JOHANNES GODLIEB,Johannes Godlieb,b1c3,a1b1c3,THEUNISSENa1b1c3,CRADOCK,11/12/1822,1822,,,1822,,SWARTRUGGENS,1822,16/02/1884,1884,,,,ANNA MARIA,KLOPPER,TARKA,SOMERSET,1840,1840,,SWARTRUGGENS,,,
1813,THEUNISSEN,THEUNISSEN,THEUNISSEN,NICOLAAS JACOBUS,Nicolaas Jacobus,b1c4,a1b1c4,THEUNISSENa1b1c4,,15/11/1823,1823,CRADOCK,05/04/1824,1823,1824,,1823,,,POTCHEFSTROOM,02/07/1845,1845,JOHANNA ALETTA,BOTHA,TARKA,SOMERSET,1840,1840,,RUSTENBURG EN SWARTRUGGENS,,,
1814,TREDOUX,TREDOUX,TREDOUX,JOHAN FREDERIK SCHICKERLING,Johan Frederik Schickerling,a1b7,a1b7,TREDOUXa1b7,,04/06/1820,1820,KAAPSTAD,30/06/1820,1820,1820,NATAL,1820,24/09/1879,1879,,08/1841,1841,ANNA MARGARETHA FREDERIKA,KRITZINGER,,,BEFORE 1842,1842,,PIETERMARITZBURG,,,
1815,TREGARDT,TREGARDT,TREGARDT,LOUIS (LOWIES),Louis (Lowies),b2c4,a1b2c4,TREGARDTa1b2c4,SWELLENDAM,10/08/1783,1783,DRANKENSTEIN,10/04/1785,1783,1785,DELAGOABAAI,1783,25/10/1838,1838,GRAAFF-REINET,04/11/1810,1810,MARTHA ELIZABETH SUSANNA,BOUWER,OOS-RIETRIVIER,SOMERSET,09/1835,1835,J.J JANSE VAN RENSBURG,,,,
1816,TREGARDT,TREGARDT,TREGARDT,CAROLUS JOHANNES (KAREL),Carolus Johannes (Karel),b2c4d1,a1b2c4d1,TREGARDTa1b2c4d1,,03/09/1811,1811,GRAAFF-REINET,15/03/1812,1811,1812,MIDDELBURG,1811,15/04/1901,1901,GRAHAMSTAD,18/06/1831,1831,HENDRINA CORNELIA,BOUWER,OOS-RIETRIVIER,SOMERSET,09/1835,1835,LOUIS TREGARDT,OHRIGSTAD,PITERMARITZBURG,,
1817,TREGARDT,TREGARDT,TREGARDT,PETRUS FREDERIK (PIETA),Petrus Frederik (Pieta),b2c4d3,a1b2c4d3,TREGARDTa1b2c4d3,,30/10/1819,1819,UITENHAGE,06/12/1819,1819,1819,NATAL,1819,1860,1860,,,,SUSANNA SOPHIA,ERASMUS,OOS-RIETRIVIER,SOMERSET,09/1836,1836,LOUIS TREGARDT,NATAL,,,
1818,TRUTER,TRUTER,TRUTER,JACOBUS TREDOUX,Jacobus Tredoux,b10c7d6,a1b10c7d6,TRUTERa1b10c7d6,,14/11/1821,1821,KAAPSTAD,02/12/1821,1821,1821,HARRISMITH,1821,25/08/1895,1895,,,,FRANCINA JOHANNA,KRUGER,KAAPSTAD,,BEFORE 03/1843,1843,,HARRISMITH,,,
1819,UYS,UYS,UYS,PETRUS JOHANNES,Petrus Johannes,B1C5D1E4,a1B1C5D1E4,UYSa1B1C5D1E4,,22/08/1803,1803,,,1803,,HEIDELBERG,1803,17/09/1878,1878,,,,,,,,,,,,,,
1820,UYS,UYS,UYS,JACOBUS JOHANNES,Jacobus Johannes,B1C5D2,a1B1C5D2,UYSa1B1C5D2,SWELLENDAM,26/06/1770,1770,STELLENBOSCH,03/02/1771,1770,1771,NATAL,1770,07/1838,1838,,10/03/1793,1793,SUSANNA MARGARETHA,MOOLMAN,GAMTOOSRIVIER,UITENHAGE,APRIL 1837,1837,P.L UYS,,,,
1821,UYS,UYS,UYS,DIRK CORNELIS,Dirk Cornelis,B1C5D2E12/B1C3D2E4,a1B1C5D2E12/B1C3D2E4,UYSa1B1C5D2E12/B1C3D2E4,SWELLENDAM,04/02/1814,1814,SWELLENDAM,06/03/1814,1814,1814,SWELLENDAM,1814,20/10/1910,1910,SWELLENDAM,31/08/1845,1845,DOROTHEA MARIA,VERMAAK,,,APRIL 1837,1837,P.L UYS,NATAL,,,
1822,UYS,UYS,UYS,PETRUS LAFRAS,Petrus Lafras,B1C5D2E15,a1B1C5D2E15,UYSa1B1C5D2E15,SWELLENDAM,09/05/1819,1819,,14/07/1819,1819,1819,,1819,02/05/1898,1898,,,,GERTRUIDA CORNELIA,WESSELS,GAMTOOSRIVIER,UITENHAGE,APRIL 1837,1837,P.L UYS,NATAL,,,
1823,UYS,UYS,UYS,WESSEL HENDRIK,Wessel Hendrik,B1C5D2E16,a1B1C5D2E16,UYSa1B1C5D2E16,,19/03/1824,1824,,16/06/1824,1824,1824,NATAL,1824,10/06/1877,1877,PIETERMARITZBURG,17/04/1854,1854,MARIA PETRONELLA,NEL,GAMTOOSRIVIER,UITENHAGE,APRIL 1837,1837,P.L UYS,UTRECHT,,,
1824,UYS,UYS,UYS,CORNELIS JANSE,Cornelis Janse,B1C5D2E2,a1B1C5D2E2,UYSa1B1C5D2E2,SWELLENDAM,20/01/1796,1796,STELLENBOSCH,15/05/1796,1796,1796,,1796,04/05/1872,1872,UITENHAGE,04/10/1834,1834,JUDITH MARGARETHA,MOOLMAN,GAMTOOSRIVIER,UITENHAGE,APRIL 1837,1837,P.L UYS,NATAL,,,
1825,UYS,UYS,UYS,PERTUS LAFRAS,Pertus Lafras,B1C5D2E3,a1B1C5D2E3,UYSa1B1C5D2E3,SWELLENDAM,07/10/1797,1797,,23/10/1797,1797,1797,ZULULAND,1797,11/04/1838,1838,CALEDON,10/09/1815,1815,ALIDA MARIA,UYS,GAMTOOSRIVIER,UITENHAGE,APRIL 1837,1837,,,,,
1826,UYS,UYS,UYS,JACOBUS JOHANNES,Jacobus Johannes,B1C5D2E3F1,a1B1C5D2E3F1,UYSa1B1C5D2E3F1,SWELLENDAM,22/02/1819,1819,,11/04/1819,1819,1819,,1819,24/10/1886,1886,,,,GEERTRIUDA JOHANNA,UYS,GAMTOOSRIVIER,UITENHAGE,APRIL 1837,1837,P.L UYS,WAKKERSTROOM,,,
1827,UYS,UYS,UYS,DIRK CORNELIS,Dirk Cornelis,B1C5D2E3F3,a1B1C5D2E3F3,UYSa1B1C5D2E3F3,,03/03/1823,1823,,,1823,,ZULULAND,1823,11/04/1838,1838,,,,,,GAMTOOSRIVIER,UITENHAGE,APRIL 1837,1837,P.L UYS,,,,
1828,UYS,UYS,UYS,JACOBUS JOHANNES,Jacobus Johannes,B1C5D2E4,a1B1C5D2E4,UYSa1B1C5D2E4,,26/07/1800,1800,SWELLENDAM,21/09/1800,1800,1800,,1800,1871,1871,UITENHAGE,29/03/1823,1823,GEERTRUIDA JOHANNA,HUMAN,GAMTOOSRIVIER,UITENHAGE,APRIL 1837,1837,P.L UYS,NATAL,,,
1829,UYS,UYS,UYS,JOHANNES GERHARDUS,Johannes Gerhardus,B1C5D6,a1B1C5D6,UYSa1B1C5D6,SWELLENDAM,07/08/1779,1779,,,1779,,,1779,,,,,,,,BREEDERIVIER,SWELLENDAM,,,,,,,
1830,UYS,UYS,UYS,PETRUS HERMANUS,Petrus Hermanus,B1C5D6E8,a1B1C5D6E8,UYSa1B1C5D6E8,SWELLENDAM,28/08/1816,1816,,,1816,,,1816,,,,,,,,,,,,,,,,
1831,UYS,UYS,UYS,MATTHYS JOHANNES,Matthys Johannes,B1C5D8,a1B1C5D8,UYSa1B1C5D8,UITENHAGE,02/06/1783,1783,,,1783,,UITENHAGE,1783,26/01/1860,1860,,,,,,,,,,,,,,
1832,UYS,UYS,UYS,PETRUS LAFRAS,Petrus Lafras,B1C5D8E2,a1B1C5D8E2,UYSa1B1C5D8E2,,,,,01/04/1809,,1809,SANDRIVIER,1809,16/12/1859,1859,,,,,,,,,,,,,,
1833,VAN AARDE,VANAARDE,VAN AARDE,ABRAHAM MATTHYS,Abraham Matthys,A2B1C15D3,A2B1C15D3,VAN AARDEA2B1C15D3,,,,,21/10/1798,,1798,,1798,,,PAARL,06/05/1820,1820,SUSANNA M,LE ROUX,KLEIN ROGGEVELD,WORCESTER,02/04/1838,1838,PETRUS JOHANNES NAUDE,RUSTENBURG,TULBAGH,,
1834,VAN AARDT,VANAARDT,VAN AARDT,WILLEM ADRIAAN,Willem Adriaan,A1B2C7D3E8,A1B2C7D3E8,VAN AARDTA1B2C7D3E8,SOMERSET,26/02/1812,1812,,,1812,,HARRISMITH,1812,1869,1869,SOMERSET,03/08/1834,1834,ANNA ELIZABETH,TREGARDT,BRUINTJIESHOOGTE,SOMERSET,BETWEEN 12/01/1840 AND 19/09/1841,1841,,NATAL,,,
1835,VAN ASWEGEN,VANASWEGEN,VAN ASWEGEN,HENNING PETRUS JONATHAN,Henning Petrus Jonathan,B1C5D7E2,a1B1C5D7E2,VAN ASWEGENa1B1C5D7E2,,17/11/1824,1824,GRAAFF-REINET,20/02/1825,1824,1825,,1824,,,COLESBERG,09/08/1841,1841,SARA MARIA PETRONELLA,VAN STADEN,,COLESBERG,BETWEEN 05/1839 AND 04/1842,1842,,TRANSORANJE,,,
1836,VAN ASWEGEN,VANASWEGEN,VAN ASWEGEN,IZAK GERRIT,Izak Gerrit,B1C5D7,a1B1C5D7,VAN ASWEGENa1B1C5D7,,,,,11/09/1803,,1803,PALMIETFONTEIN,1803,13/05/1859,1859,,,,ANTJIE CHRISTINA,DU TOIT,,COLESBERG,BETWEEN 05/1839 AND 04/1842,1842,,TRANSORANJE,GRAAF-REINET,,
1837,VAN ASWEGEN,VANASWEGEN,VAN ASWEGEN,HENDRIK ABRAHAM,Hendrik Abraham,B2C4,a1B2C4,VAN ASWEGENa1B2C4,,,,,08/02/1805,,1805,,1805,1855,1855,GRAAFF-REINET,06/01/1822,1822,ALETTA CATHARINA,FOURIE,BRAKRIVIER,SOMERSET,1836,1836,A.H POTGIETER,POTCHEFSTROOM,CRADOCK,,
1838,VAN ASWEGEN,VANASWEGEN,VAN ASWEGEN,JOHAN DAVID,Johan David,B2C6,a1B2C6,VAN ASWEGENa1B2C6,,17/04/1809,1809,GRAAFF-REINET,07/05/1809,1809,1809,,1809,1872,1872,CRADOCK,05 OR 06/04/1829,1829,HELENA GEERTRUIDA,ERASMUS,BRAKRIVIER,SOMERSET,BEFORE 15/04/1838,1838,A.H POTGIETER,OHRIGSTAD,CRADOCK,,
1839,VAN BILJON,VANBILJON,VAN BILJON,PERTRUS JOHANNES,Pertrus Johannes,b2c6d3e1,a1b2c6d3e1,VAN BILJONa1b2c6d3e1,,11/10/1822,1822,GRAAFF-REINET,17/04/1823,1822,1823,,1822,,,COLESBERG,30/08/1841,1841,MARIA SUSANNA,VAN VREEDEN (GEBORE MEYER),,COLESBERG,1843,1843,,,,,
1840,VAN BILJON,VANBILJON,VAN BILJON,FREDERIK JOHANNES,Frederik Johannes,b2c6d7,a1b2c6d7,VAN BILJONa1b2c6d7,,01/10/1802,1802,TULBAGH,13/02/1803,1802,1803,,1802,,,,,,MARTHA JACOMINA,VISAGIE,,COLESBERG,1842,1842,,WINBURG,COLESBERG,,
1841,VAN BREDA,VANBREDA,VAN BREDA,MICHIEL,Michiel,b1c3d3,a1b1c3d3,VAN BREDAa1b1c3d3,,16/02/1786,1786,,26/02/1786,1786,1786,NATAL,1786,1848,1848,KAAPSTAD,26/03/1809,1809,CHARLOTTA CAROLINA,VOIGT,MOSSELBAAI,GEORGE,AUGUST 1838,1838,FAMILIE,NATAL,,,
1842,VAN BREDA,VANBREDA,VAN BREDA,SERVAAS,Servaas,b1c3d3e1,a1b1c3d3e1,VAN BREDAa1b1c3d3e1,RONDEBOSCH,09/04/1813,1813,,27/06/1813,1813,1813,PRETORIA,1813,12/12/1881,1881,GEORGE,15/05/1836,1836,MARIA ALBERTINA SUSANNA,MEYER,MOSSELBAAI,GEORGE,AUGUST 1838,1838,FAMILIE,NATAL,,,
1843,VAN COLLER,VANCOLLER,VAN COLLER,JOHANNES DANIëL,Johannes Daniël,b2c1d1,a1b2c1d1,VAN COLLERa1b2c1d1,,,,,25/12/1800,,1800,,1800,,,SWELLENDAM,06/09/1826,1826,MARIA MARTHINA,DE LA REY,TRADOUW,SWELLENDAM,21/06/1838,1838,,NATAL,,,
1844,VAN COLLER,VANCOLLER,VAN COLLER,ADOLPH JOHANNES,Adolph Johannes,b2c2d?,a1b2c2d?,VAN COLLERa1b2c2d?,,,,,,,,,,,,,,,MARGARETHA,VAN COLLER,TRADOUW,SWELLENDAM,26/07/1837,1837,,GRAAFF-REINET,,,
1845,VAN COLLER,VANCOLLER,VAN COLLER,JOHANNES DANIëL,Johannes Daniël,b2c2d1,a1b2c2d1,VAN COLLERa1b2c2d1,,13/03/1806,1806,,,1806,,,1806,,,SWELLENDAM,06/12/1837,1837,SUSANNA MARIA,VAN COLLER,BREEDERIVIER,SWELLENDAM,09/04/1838,1838,,NATAL,,,
1846,VAN COLLER,VANCOLLER,VAN COLLER,PHILIPPUS MARTHINUS,Philippus Marthinus,b2c2d3,a1b2c2d3,VAN COLLERa1b2c2d3,,,,,24/08/1810,,1810,,1810,,,,,,,,BREEDERIVIER,SWELLENDAM,09/04/1838,1838,,NATAL,,,
1847,VAN COLLER,VANCOLLER,VAN COLLER,JOHANNES DANIëL SR.,Johannes Daniël Sr.,b2c4,a1b2c4,VAN COLLERa1b2c4,,10/01/1783,1783,,20/10/1783,1783,1783,KROONSTAD,1783,18/06/1863,1863,SWELLENDAM,10/1812,1812,SUSANNA MARIA,SPIES,TRADOUW,SWELLENDAM,09/04/1838,1838,,NATAL,,,
1848,VAN COLLER,VANCOLLER,VAN COLLER,JOHANNES DANIëL JR.,Johannes Daniël Jr.,b2c4d2,a1b2c4d2,VAN COLLERa1b2c4d2,,,,,28/02/1819,,1819,NATAL,1819,26/05/1883,1883,,,,MARIA MAGDALENA,SPIES,TRADOUW,SWELLENDAM,09/04/1838,1838,,NATAL,,,
1849,VAN COLLER,VANCOLLER,VAN COLLER,HENDRIK PRETRUS,Hendrik Pretrus,b2c5d4,a1b2c5d4,VAN COLLERa1b2c5d4,,,,,03/03/1822,,1822,,1822,,,,,,ANNA ELIZABETH,FERREIRA,BO-DUIVENSHOKRIVIER,SWELLENDAM,11/04/1838,1838,,NATAL,,,
1850,VAN DEN BERG,VANDENBERG,VAN DEN BERG,JOHANNES JACOBUS,Johannes Jacobus,b1c10d11,a1b1c10d11,VAN DEN BERGa1b1c10d11,,21/08/1802,1802,TULBAGH,03/07/1803,1802,1803,,1802,,,SWELLENDAM,08/04/1822,1822,ANNA JOHANNA,OLIVIER,GAMKA,BEAUFORT,BEFORE 28/09/1837,1837,,,,,
1851,VAN DEN BERG,VANDENBERG,VAN DEN BERG,HENDRIK,Hendrik,b1c10d6,a1b1c10d6,VAN DEN BERGa1b1c10d6,,11/03/1785,1785,,26/08/1785,1785,1785,NATAL,1785,05/09/1839,1839,,,,MARIA MAGDALENA,GOUS,NUWEVELD,BEAUFORT,BEFORE 1839,1839,,NATAL,,,
1852,VAN DEN BERG,VANDENBERG,VAN DEN BERG,MARTHINUS JACOBUS,Marthinus Jacobus,b1c10d6e2,a1b1c10d6e2,VAN DEN BERGa1b1c10d6e2,GRAAFF-REINET,31/12/1809,1809,,,1809,,NATAL,1809,22/06/1860,1860,BEAUFORT,04/05/1834,1834,ELIZABETH MAGDALENA,BRONKHORST,NUWEVELD,BEAUFORT,BEFORE 1839,1839,,NATAL,,,
1853,VAN DEN BERG,VANDENBERG,VAN DEN BERG,HENDRIK STEPHANUS,Hendrik Stephanus,b1c10d6e3,a1b1c10d6e3,VAN DEN BERGa1b1c10d6e3,,30/10/1811,1811,GRAAFF-REINET,26/12/1811,1811,1811,TRANSORANJE,1811,29/06/1849,1849,BEAUFORT,17/10/1830,1830,JOHANNA ANDRINA,PRETORIUS,NUWEVELD,BEAUFORT,BEFORE 1839,1839,,NATAL,NATAL,,
1854,VAN DEN BERG,VANDENBERG,VAN DEN BERG,JOHANNES NICOLAAS,Johannes Nicolaas,b1c6d6,a1b1c6d6,VAN DEN BERGa1b1c6d6,,,,,22/09/1772,,1772,NATAL,1772,03/08/1840,1840,,12/01/1800,1800,HILLETJE MAGDALENA,PRETORIUS,WINTERVELD,GRAAFF-REINET,02/1837,1837,PIET RETIEF,,,,
1855,VAN DEN BERG,VANDENBERG,VAN DEN BERG,MATTHYS VAN AS,Matthys Van As,b1c6d6e5,a1b1c6d6e5,VAN DEN BERGa1b1c6d6e5,,,,,23/04/1810,,1810,,1810,,,GRAAFF-REINET,06/05/1827,1827,HERMINA ALETTA,FOURIE,WINTERVELD,GRAAFF-REINET,BEFORE 02/1837,1837,PIET RETIEF,NATAL,,,
1856,VAN DEN BERG,VANDENBERG,VAN DEN BERG,BAREND PETRUS,Barend Petrus,b1c6d9e1,a1b1c6d9e1,VAN DEN BERGa1b1c6d9e1,,1802,1802,,,1802,,,1802,,,GRAAFF-REINET,04/02/1821,1821,HENDRINA JOHANNA,MARAIS,RENOSTERVELD,GRAAFF-REINET,BEFORE 1839,1839,,TRANSORANJE,,,
1857,VAN DEN BERG,VANDENBERG,VAN DEN BERG,FRANCOIS ALEWYN,Francois Alewyn,b1c7d10e4,a1b1c7d10e4,VAN DEN BERGa1b1c7d10e4,,03/10/1822,1822,GRAAFF-REINET,18/05/1823,1822,1823,,1822,,,POTCHEFSTROOM,01/04/1846,1846,CATHARINA ALETTA HENDRINA,BADENHORST,AGTER-SNEEUBERG,SOMERSET,MID 09/1836,1836,G.M MARITZ,NATAL,,,
1858,VAN DEN BERG,VANDENBERG,VAN DEN BERG,PETRUS PAULUS,Petrus Paulus,b1c7d5e1,a1b1c7d5e1,VAN DEN BERGa1b1c7d5e1,,,,,21/05/1804,,1804,,1804,,,,,,CORNELIA JOHANNA,FOUCHE,SWARTRUGGENS,GRAAFF-REINET,BEFORE 05/1837,1837,GERT M. MARITZ,TRANSORANJE,POTCHEFSTROOM,,
1859,VAN DEN BERG,VANDENBERG,VAN DEN BERG,JACOBUS NICOLAAS,Jacobus Nicolaas,b1c7d5e4,a1b1c7d5e4,VAN DEN BERGa1b1c7d5e4,,06/09/1821,1821,GRAAFF-REINET,08/10/1821,1821,1821,STANDERTON,1821,3/11/1913,1913,,,,HESTER MARTHA ALETTA,DREYER,VISRIVIER,ALBANY,1842,1842,J.C ESPAG,,,,
1860,VAN DEN BERG,VANDENBERG,VAN DEN BERG,IZAK JOHANNES MATTHYS,Izak Johannes Matthys,b1c9d2e4,a1b1c9d2e4,VAN DEN BERGa1b1c9d2e4,,19/08/1802,1802,TULBAGH,09/10/1802,1802,1802,,1802,,,GRAAFF-REINET,07/06/1819,1819,JOHANNA SOPHIA ADRIANA,VAN DEN BERG,,GRAAFF-REINET,EARLY 1840'S,40'S,,NATAL,,,
1861,VAN DEN BERG,VANDENBERG,VAN DEN BERG,HENDRIK JACOBUS,Hendrik Jacobus,b1c9d2e4f2,a1b1c9d2e4f2,VAN DEN BERGa1b1c9d2e4f2,,07/11/1823,1823,,,1823,,,1823,,,PIETERMARITZBURG,28/06/1847,1847,CHRISTINA ANDRIESINA,KRITZINGER,,GRAAFF-REINET,BEFORE 1841,1841,,NATAL,,,
1862,VAN DEN BERG(H),VANDENBERG(H),VAN DEN BERG(H),BAREND JACOBUS PETRUS,Barend Jacobus Petrus,b1c6d6e4,a1b1c6d6e4,VAN DEN BERG(H)a1b1c6d6e4,,,,,27/12/1807,,1807,KWAMATHIWANE,1807,06/02/1838,1838,,04/12/1825,1825,MARIA DOROTHEA MAGDALENA,FOURIE,WINTERVELD,GRAAFF-REINET,02/1837,1837,PIET RETIEF,RUSTENBURG,,,
1863,VAN DER HEEVER,VANDERHEEVER,VAN DER HEEVER,LUCAS ADRIAAN JACOBUS,Lucas Adriaan Jacobus,b3c2d1,a1b3c2d1,VAN DER HEEVERa1b3c2d1,SWELLENDAM,07/06/1807,1807,KAAPSTAD,13/03/1808,1807,1808,BLOEMFONTEIN,1807,30/04/1857,1857,,,,HESTER ELIZABETH(WILHELMINA),VAN DER HEEVER,,COLESBERG,BETWEEN 27/02/1842 AND 09/12/1843,1843,AS FAMILY,TRANSORANJE,COLESBERG,,
1864,VAN DER LINDE,VANDERLINDE,VAN DER LINDE,LAMBERTUS GERHARDUS JOHANNES,Lambertus Gerhardus Johannes,b3c5d1e2,a1b3c5d1e2,VAN DER LINDEa1b3c5d1e2,,08/05/1815,1815,GRAAFF-REINET,30/10/1815,1815,1815,,1815,,,BEAUFORT,03/07/1837,1837,JOHANNA WILHEMINA,LOTTERING (LOTRIET),,BEAUFORT,EARLY 1840'S,40'S,,SMITHFIELD,,,
1865,VAN DER LINDE,VANDERLINDE,VAN DER LINDE,JOHANNES HENDRIK GERHARDUS,Johannes Hendrik Gerhardus,b3c5d3,a1b3c5d3,VAN DER LINDEa1b3c5d3,,,,,07/03/1790,,1790,,1790,,,,,,MAGDALENA JUDITH,AUCAMP,BRAKRIVIER,SOMERSET,BEFORE 09/1837,1837,,TRANSORANJE,,,
1866,VAN DER MERWE,VANDERMERWE,VAN DER MERWE,HENDRIK JACOBUS,Hendrik Jacobus,2c13d4e3f2 and b3c12d2e14f2,2c13d4e3f2 and b3c12d2e14f2,VAN DER MERWE2c13d4e3f2 and b3c12d2e14f2,,,,,31/05/1795,,1795,POTCHEFSTROOM,1795,29/05/1877,1877,GRAAFF-REINET,06/03/1814,1814,HESTER SOPHIA,MAARTENS,UITVLUGT,GRAAFF-REINET,1837,1837,A.H POTGIETER,POTCHEFSTROOM,,,
1867,VAN DER MERWE,VANDERMERWE,VAN DER MERWE,GERRIT JACOBUS,Gerrit Jacobus,a1b3c13d9e1,a1b3c13d9e1,VAN DER MERWEa1b3c13d9e1,,07/10/1783,1783,,17/07/1785,1783,1785,,1783,,,GRAAFF-REINET,01/09/1805,1805,MARIA ELIZABETH,VAN TONDER,CRADOCK,SOMERSET,BEFORE 1840,1840,,NATAL,,,
1868,VAN DER MERWE,VANDERMERWE,VAN DER MERWE,JOHANNES JACOBUS,Johannes Jacobus,a1b3c3d5e2f1g6,a1b3c3d5e2f1g6,VAN DER MERWEa1b3c3d5e2f1g6,,05/03/1820,1820,UITENHAGE,23/07/1820,1820,1820,,1820,,,,,,JOHANNA ELIZABETH,PIETERSE,WINTERHOEK,UITENHAGE,BEFORE 1842,1842,POTCHEFSTROOM,,,,
1869,VAN DER MERWE,VANDERMERWE,VAN DER MERWE,JOHANNES LODEVICUS,Johannes Lodevicus,a1b3c8d6e1f7,a1b3c8d6e1f7,VAN DER MERWEa1b3c8d6e1f7,,25/08/1796,1796,PAARL,16/04/1797,1796,1797,,1796,,,GRAAFF-REINET,02/02/1816,1816,ALETTA CORNELIA,VILJOEN,OP-SNEEUBERG,GRAAFF-REINET,BETWEEN 06/1836 AND 23/07/1837,1837,,NATAL,,,
1870,VAN DER MERWE,VANDERMERWE,VAN DER MERWE,GERT (GERHARDUS),Gert (Gerhardus),b1c14d10e4f2,a1b1c14d10e4f2,VAN DER MERWEa1b1c14d10e4f2,,17/12/1821,1821,,,1821,,,1821,,,NATAL,22/10/1842,1842,CECILIA JOHANNA WILHELMINA,VILJOEN,,,BEFORE 1843,1843,,NATAL,,,
1871,VAN DER MERWE,VANDERMERWE,VAN DER MERWE,CHRISTOFFEL,Christoffel,b2c12d2e3f8g3,a1b2c12d2e3f8g3,VAN DER MERWEa1b2c12d2e3f8g3,,1825,1825,,,1825,,,1825,,,,,,JEANETTE WILHELMINA,VAN NIEKERK,,,BEFORE 1842,1842,,NATAL,,,
1872,VAN DER MERWE,VANDERMERWE,VAN DER MERWE,SCHALK WILLEM,Schalk Willem,b2c13d1e8f3,a1b2c13d1e8f3,VAN DER MERWEa1b2c13d1e8f3,,,,TULBAGH,01/06/1796,,1796,PIETERMARITZBURG,1796,15/10/1860,1860,,,,HENDRINA JOHANNA,VAN DER MERWE,WINTERVELD,GRAAFF-REINET,BEFORE 1840,1840,,,,,
1873,VAN DER MERWE,VANDERMERWE,VAN DER MERWE,ROELOF JACOBUS,Roelof Jacobus,b2c13d1e8f3g1,a1b2c13d1e8f3g1,VAN DER MERWEa1b2c13d1e8f3g1,,,,,,,,,,,,,,,HELENA JOHANNA,BERNING,,,BEFORE 1841,1841,,NATAL,,,
1874,VAN DER MERWE,VANDERMERWE,VAN DER MERWE,DAVID SCHALK,David Schalk,b2c13d4e3f3,a1b2c13d4e3f3,VAN DER MERWEa1b2c13d4e3f3,,,,,20/01/1799,,1799,,1799,1874,1874,,,,JOHANNA CATHARINA,WEIDEMAN,UITVLUGT,GRAAFF-REINET,MID 09/1836,1836,GERT M. MARITZ,NATAL,GRAAFF-REINET,,
1875,VAN DER MERWE,VANDERMERWE,VAN DER MERWE,BAREND,Barend,b2c13d4e3f5,a1b2c13d4e3f5,VAN DER MERWEa1b2c13d4e3f5,,,,,13/03/1803,,1803,,1803,,,GRAAFF-REINET,07/12/1823,1823,ELSIE LOUISA,PIENAAR,UITVLUGT,GRAAFF-REINET,1840,1840,,TRANSORANJE,,,
1876,VAN DER MERWE,VANDERMERWE,VAN DER MERWE,WILLEM CAREL,Willem Carel,b2c13d4e3f8,a1b2c13d4e3f8,VAN DER MERWEa1b2c13d4e3f8,,12/03/1808,1808,,22/05/1808,1808,1808,,1808,,,,,,DOROTHEA MARTHA MARIA,COMBRINK,UITVLUGT,GRAAFF-REINET,04/1842,1842,,WINBURG,,,
1877,VAN DER MERWE,VANDERMERWE,VAN DER MERWE,THEUNIS JACOBUS,Theunis Jacobus,b2c14d10e4,a1b2c14d10e4,VAN DER MERWEa1b2c14d10e4,,,,GRAAFF-REINET,22/07/1792,,1792,,1792,,,,,,CORNELIA CATHARINA,DE BEER,BAVIAANSRIVIER,SOMERSET,04/1837,1837,P.L UYS,NATAL,,,
1878,VAN DER MERWE,VANDERMERWE,VAN DER MERWE,PIETER WILLEM,Pieter Willem,b2c14d10e5,a1b2c14d10e5,VAN DER MERWEa1b2c14d10e5,,13/02/1795,1795,TULBAGH,13/09/1795,1795,1795,,1795,,,,,,HENDRINA MARGARETHA DOROTHEA,VAN DER MERWE,BAVIAANSRIVIER,SOMERSET,BEFORE 1840,1840,,NATAL,,,
1879,VAN DER MERWE,VANDERMERWE,VAN DER MERWE,GERRIT,Gerrit,b2c14d10e5f2,a1b2c14d10e5f2,VAN DER MERWEa1b2c14d10e5f2,,,,,16/04/1820,,1820,,1820,,,,,,MARIA JOHANNA MARGARETHA,VAN DER MERWE,BAVIAANSRIVIER,SOMERSET,BEFORE 09/1840,1840,,NATAL,,,
1880,VAN DER MERWE,VANDERMERWE,VAN DER MERWE,HENDRIK JACOBUS,Hendrik Jacobus,b2c14d10e5f3,a1b2c14d10e5f3,VAN DER MERWEa1b2c14d10e5f3,CRADOCK,03/03/1825,1825,,,1825,,,1825,,,,,,PETRONELLA JOHANNA HENDRINA,VAN DER MERWE,BAVIAANSRIVIER,SOMERSET,BEFORE 1840,1840,,NATAL,,,
1881,VAN DER MERWE,VANDERMERWE,VAN DER MERWE,DIEDELOF JACOBUS,Diedelof Jacobus,b2c14d9e1f1,a1b2c14d9e1f1,VAN DER MERWEa1b2c14d9e1f1,,1806,1806,,,1806,,,1806,,,,,,GEERTRUIDA JACOBA,ROBBERTS,BAVIAANSRIVIER,SOMERSET,BEFORE 1841,1841,,NATAL,,,
1882,VAN DER MERWE,VANDERMERWE,VAN DER MERWE,JACOBUS JOHANNES RUDOLPH,Jacobus Johannes Rudolph,b2c14d9e1f2,a1b2c14d9e1f2,VAN DER MERWEa1b2c14d9e1f2,GRAAFF-REINET,18/12/1807,1807,,,1807,,NATAL,1807,16/02/1869,1869,,,,ELSIE MARIA ALETTA MAGDALENA,VAN DER MERWE,SWAGERSHOEK,SOMERSET,BEFORE 04/1842,1842,,PIETERMARITZBURG,,,
1883,VAN DER MERWE,VANDERMERWE,VAN DER MERWE,CORNELIS JOHANNES,Cornelis Johannes,b2c14d9e1f3,a1b2c14d9e1f3,VAN DER MERWEa1b2c14d9e1f3,GRAAFF-REINET,21/08/1808,1808,,17/12/1809,1808,1809,,1808,,,,,,MARIA MARGARETHA,PRETORIUS,SWAGERSHOEK,SOMERSET,BEFORE 1841,1841,,NATAL,,,
1884,VAN DER MERWE,VANDERMERWE,VAN DER MERWE,GERRIT JACOBUS HENDRIK JOHANNES,Gerrit Jacobus Hendrik Johannes,b2c14d9e1f4,a1b2c14d9e1f4,VAN DER MERWEa1b2c14d9e1f4,GRAAFF-REINET,27/02/1811,1811,,,1811,,,1811,,,,,,ELZIE CATHARINA,ROBBERTZE,,SOMERSET,BEFORE 1840,1840,,NATAL,,,
1885,VAN DER MERWE,VANDERMERWE,VAN DER MERWE,JAN,Jan,b2c14d9e1f5,a1b2c14d9e1f5,VAN DER MERWEa1b2c14d9e1f5,CRADOCK,1813,1813,,,1813,,NATAL,1813,24/11/1900,1900,CRADOCK,30/11/1834,1834,ANNA SOPHIA,ROBBERTZE,TARKA,SOMERSET,02/11/1837,1837,A.H POTGIETER,WEENEN,PIETERMARITZBURG,,
1886,VAN DER MERWE,VANDERMERWE,VAN DER MERWE,ANDRIES PETRUS STEPHANUS,Andries Petrus Stephanus,b2c14d9e2f6,a1b2c14d9e2f6,VAN DER MERWEa1b2c14d9e2f6,,,,,,,,,,,,,,,ALTTA ELIZABETH,ROETS,,,08/1841,1841,,NATAL,,,
1887,VAN DER MERWE,VANDERMERWE,VAN DER MERWE,DAVID SCHALK,David Schalk,b2c4d5e1f6,a1b2c4d5e1f6,VAN DER MERWEa1b2c4d5e1f6,GRAAFF-REINET,22/11/1801,1801,,,1801,,EDENBURG,1801,07/07/1865,1865,GRAAFF-REINET,12/04/1825,1825,ANNA MARIA SUSANNA,HENNOP,,COLESBERG,BETWEEN 1838 AND 1840,1840,FAMILY MOVE,TRANSORANJE,,,
1888,VAN DER MERWE,VANDERMERWE,VAN DER MERWE,JAN (JOHANNES) LODEWYK,Jan (Johannes) Lodewyk,b2c4d5e1f7,a1b2c4d5e1f7,VAN DER MERWEa1b2c4d5e1f7,TULBAGH,30/01/1804,1804,,,1804,,,1804,,,GRAAFF-REINET,03/12/1825,1825,MARTHA MAGDALENA,PRETORIUS,,COLESBERG,BETWEEN 1838 AND 1840,1840,,TRANSORANJE,,,
1889,VAN DER MERWE,VANDERMERWE,VAN DER MERWE,JOHANNES MARTHINUS,Johannes Marthinus,b2c4d5e2f7,a1b2c4d5e2f7,VAN DER MERWEa1b2c4d5e2f7,SWELLENDAM,10/08/1792,1792,,20/01/1793,1792,1793,ANGOLA,1792,09/06/1884,1884,GEORGE,04/08/1816,1816,HELENA DOROTHEA,SCHOEMAN,BAVIAANSKLOOF,UITENHAGE,09/1836,1836,,PRETORIA,UITENHAGE,,
1890,VAN DER MERWE,VANDERMERWE,VAN DER MERWE,STEPHANUS PETRUS,Stephanus Petrus,b2c4d5e2f7g3,a1b2c4d5e2f7g3,VAN DER MERWEa1b2c4d5e2f7g3,,,,,,,,,,,,,,,SUSARA MARIA HELENA,VAN DER MERWE,BAVIAANSKLOOF,UITENHAGE,BEFORE 1836,1836,,,,,
1891,VAN DER MERWE,VANDERMERWE,VAN DER MERWE,LUCAS JOHANNES,Lucas Johannes,b2c4d5e2f8,a1b2c4d5e2f8,VAN DER MERWEa1b2c4d5e2f8,,18/02/1795,1795,UITENHAGE,04/10/1795,1795,1795,LYDENBURG,1795,18/01/1870,1870,,1818,1818,MARIA ELIZABETH,VILJOEN,WINTERHOEK,UITENHAGE,BEFORE 1838,1838,,POTCHEFSTROOM,,,
1892,VAN DER MERWE,VANDERMERWE,VAN DER MERWE,PETRUS,Petrus,b2c4d5e2f8g1,a1b2c4d5e2f8g1,VAN DER MERWEa1b2c4d5e2f8g1,UITENHAGE,04/07/1819,1819,UITENHAGE,26/12/1819,1819,1819,WATERBERG,1819,08/09/1898,1898,,,,ALTTA SOPHIA,VAN STADEN,WINTERHOEK OF BAVIAANSKLOOF,UITENHAGE,BEFORE 1842,1842,,POTCHEFSTROOM,PRETORIA,,
1893,VAN DER MERWE,VANDERMERWE,VAN DER MERWE,MARTHINUS,Marthinus,b2c5d4e1f4,a1b2c5d4e1f4,VAN DER MERWEa1b2c5d4e1f4,,,,,02/11/1783,,1783,,1783,,,,,,JOHANNA MAGDALENA,VAN ROOYEN,BO-BOESMANSRIVIER,SOMERSET,1842,1842,J.C ESPAG,,,,
1894,VAN DER MERWE,VANDERMERWE,VAN DER MERWE,MARTHINUS STEPHANUS,Marthinus Stephanus,b2c5d4e1f4g1,a1b2c5d4e1f4g1,VAN DER MERWEa1b2c5d4e1f4g1,,,,,27/12/1807,,1807,,1807,,,NATAL,11/02/1838,1838,ANNA SOPHIA JACOBA,JORDAAN,BO-BOESMANSRIVIER,SOMERSET,BEFORE 11/02/1838,1838,LUCAS JOHANNES MEYER,,,,
1895,VAN DER MERWE,VANDERMERWE,VAN DER MERWE,HENDRIK,Hendrik,b2c5d4e1f4g4,a1b2c5d4e1f4g4,VAN DER MERWEa1b2c5d4e1f4g4,,1817,1817,,,1817,,,1817,,,,,,HELENA GESINA JOHANNA,BESTER,BAVIAANSRIVIER,SOMERSET,BEFORE 02/1838,1838,JAN DU PLESSIS,,,,
1896,VAN DER MERWE,VANDERMERWE,VAN DER MERWE,MARTHINUS,Marthinus,b2c5d5e1f1g3,a1b2c5d5e1f1g3,VAN DER MERWEa1b2c5d5e1f1g3,,,,,04/07/1808,,1808,,1808,,,CRADOCK,01/11/1835,1835,CATHARINA CORNELIA,BESTER,TARKA,SOMERSET,01/1836,1836,A.H POTGIETER,,,,
1897,VAN DER MERWE,VANDERMERWE,VAN DER MERWE,JACOBUS FRANCOIS,Jacobus Francois,b2c5d7e5f1,a1b2c5d7e5f1,VAN DER MERWEa1b2c5d7e5f1,,30/09/1796,1796,TULBAGH,04/12/1796,1796,1796,,1796,,,,,,MARIA ELIZABETH,SCHEEPERS,SWARTRUGGENS,GRAAFF-REINET,05/06/1840,1840,,VAALRIVIER,,,
1898,VAN DER MERWE,VANDERMERWE,VAN DER MERWE,FRANCOIS ANROLDUS,Francois Anroldus,b2c5d7e5f2,a1b2c5d7e5f2,VAN DER MERWEa1b2c5d7e5f2,,13/08/1798,1798,TULBAGH,28/10/1798,1798,1798,,1798,,,,05/09/1819,1819,CHRISTINA CORNELIA,KOCH,SWARTRUGGENS,GRAAFF-REINET,BEFORE 1840,1840,,TRANSORANJE,GRAAFF-REINET,,
1899,VAN DER MERWE,VANDERMERWE,VAN DER MERWE,WILLEM CAREL,Willem Carel,b2c9d12e5,a1b2c9d12e5,VAN DER MERWEa1b2c9d12e5,WAMAKERSVALLEI,01/01/1785,1785,,01/01/1786,1785,1786,,1785,1858,1858,,,,MARGARETHA JOHANNA,DE WIT,VOORSNEEUBERG,GRAAFF-REINET,MID 09/1836,1836,G.M MARITZ,BETHLEHEM,,,
1900,VAN DER MERWE,VANDERMERWE,VAN DER MERWE,CAREL (KAREL) JACOBUS,Carel (Karel) Jacobus,b2c9d12e5f1,a1b2c9d12e5f1,VAN DER MERWEa1b2c9d12e5f1,TULBAGH,21/07/1812,1812,,,1812,,,1812,,,,,,SUSANNA JOSINA DOROTHEA,SCHUTTE,VOORSNEEUBERG,GRAAFF-REINET,MID 09/1836,1836,GERT M. MARITZ,POTCHEFSTROOM,,,
1901,VAN DER MERWE,VANDERMERWE,VAN DER MERWE,CHRISTIAAN PIETER,Christiaan Pieter,b2c9d12e5f2,a1b2c9d12e5f2,VAN DER MERWEa1b2c9d12e5f2,WAMAKERSVALLEI,07/03/1814,1814,,,1814,,BETHLEHEM,1814,,,,21/09/1835,1835,MARTHA ELIZABETH MARGARETHA MARIA,HATTINGH,VOORSNEEUBERG,GRAAFF-REINET,MID 09/1836,1836,GERT M. MARITZ,PIETERMARITZBURG,,,
1902,VAN DER MERWE,VANDERMERWE,VAN DER MERWE,JOSIAS WILLEM,Josias Willem,b2c9d12e5f4,a1b2c9d12e5f4,VAN DER MERWEa1b2c9d12e5f4,,06/11/1817,1817,,,1817,,,1817,,,,04/1844,1844,MARIA ELIZABETH,GOUWS,VOORSNEEUBERG,GRAAFF-REINET,MID 09/1836,1836,GERT M. MARITZ,NATAL,,,
1903,VAN DER MERWE,VANDERMERWE,VAN DER MERWE,DAVID SCHALK,David Schalk,b2c9d6e10f2,a1b2c9d6e10f2,VAN DER MERWEa1b2c9d6e10f2,,,,GRAAFF-REINET,10/03/1800,,1800,,1800,,,,,,NEELTJIE CHRISTINA,VAN DER MERWE,AGTER-SNEEUBERG,SOMERSET,03/1844,1844,MAGALIESBERG,,,,
1904,VAN DER MERWE,VANDERMERWE,VAN DER MERWE,LODEWICUS JOHANNES,Lodewicus Johannes,b2c9d6e1f5g3,a1b2c9d6e1f5g3,VAN DER MERWEa1b2c9d6e1f5g3,GRAAFF-REINET,22/08/1825,1825,,,1825,,PIETERMARITZBURG,1825,24/06/1884,1884,,,,MARGARETHA MAGDALENA,DE BEER,OP-SNEEUBERG,GRAAFF-REINET,23/07/1837,1837,,NATAL,,,
1905,VAN DER MERWE,VANDERMERWE,VAN DER MERWE,DAVID (SCHALK),David (Schalk),b2c9d6e1f6g1,a1b2c9d6e1f6g1,VAN DER MERWEa1b2c9d6e1f6g1,GRAAFF-REINET,06/11/1817,1817,,,1817,,,1817,,,,22/02/1845,1845,JOHANNA SUSANNA,BOTHA,,,BEFORE 1837,1837,,NATAL,,,
1906,VAN DER MERWE,VANDERMERWE,VAN DER MERWE,JOHANNES LODEWYK,Johannes Lodewyk,b2c9d6e2f5g2,a1b2c9d6e2f5g2,VAN DER MERWEa1b2c9d6e2f5g2,,1821,1821,,,1821,,,1821,,,,15/07/1843,1843,ANNA DOROTHEA,ERASMUS,,,BEFORE 1843,1843,,NATAL,,,
1907,VAN DER MERWE,VANDERMERWE,VAN DER MERWE,JOHANNES PETRUS,Johannes Petrus,b3c14d5e4f5,a1b3c14d5e4f5,VAN DER MERWEa1b3c14d5e4f5,,22/02/1808,1808,TULBAGH,01/06/1808,1808,1808,,1808,1891,1891,CRADOCK,20/03/1836,1836,MARTHA SOPHIA,ELOFF,TARKA,SOMERSET,20/03/1836,1836,A.H POTGIETER,,,,
1908,VAN DER MERWE,VANDERMERWE,VAN DER MERWE,JOHANNES STEPHANUS,Johannes Stephanus,b3c14d5e5f3,a1b3c14d5e5f3,VAN DER MERWEa1b3c14d5e5f3,,23/09/1805,1805,PAARL,27/10/1805,1805,1805,KROONSTAD,1805,24/03/1877,1877,,,,JOHANNA ELIZABETH,GRIESEL,AGTER-SNEEUBERG,GRAAFF-REINET,BEFORE 04/1842,1842,,TRANSORANJE,,,
1909,VAN DER MERWE,VANDERMERWE,VAN DER MERWE,HENDRIK JACOBUS STEPHANUS,Hendrik Jacobus Stephanus,b3c8d6e4f7,a1b3c8d6e4f7,VAN DER MERWEa1b3c8d6e4f7,GRAAFF-REINET,12/09/1811,1811,,,1811,,FAURESMITH,1811,16/03/1864,1864,GRAAFF-REINET,04/02/1832,1832,ANNA SUSANNA,JOUBERT,CAMDEBO,GRAAFF-REINET,BEFORE 04/1842,1842,,TRANSORANJE,,,
1910,VAN DER SCHYFF,VANDERSCHYFF,VAN DER SCHYFF,PETRUS MARTHINUS,Petrus Marthinus,b2c6d7,a1b2c6d7,VAN DER SCHYFFa1b2c6d7,,,,,16/02/1800,,1800,,1800,,,GRAAFF-REINET,04/02/1827,1827,CATHARINA,VAN NIEKERK,,COLESBERG,1843,1843,,BLOEMFONTEIN,BLOEMFONTEIN,,
1911,VAN DER SCHYFF,VANDERSCHYFF,VAN DER SCHYFF,LUCAS,Lucas,b6c2,a1b6c2,VAN DER SCHYFFa1b6c2,,,,,07/05/1741,,1741,,1741,,,,06/05/1781,1781,ELISIE JOHANNA,LAAS,BRAKRIVIER,SOMERSET,04/1837,1837,P.L UYS,NATAL,TULBAGH,,
1912,VAN DER SCHYFF,VANDERSCHYFF,VAN DER SCHYFF,LUCAS PETRUS DANIëL,Lucas Petrus Daniël,b6c2d10,a1b6c2d10,VAN DER SCHYFFa1b6c2d10,,07/04/1808,1808,TULBAGH,03/09/1809,1808,1809,,1808,,,CRADOCK,02/01/1831,1831,CORNELIA ISABELLA,VAN DER SCHYFF,BRAKRIVIER,SOMERSET,BETWEEN 01/1836 AND 10/1837,1837,P.L UYS,NATAL,,,
1913,VAN DER SCHYFF,VANDERSCHYFF,VAN DER SCHYFF,JAN HENDRIK GERHARDUS,Jan Hendrik Gerhardus,b6c2d11,a1b6c2d11,VAN DER SCHYFFa1b6c2d11,,,,,29/04/1810,,1810,,1810,,,GRAAFF-REINET,26/02/1832,1832,MAGDALENA SUSANNA,VAN DYK,BRAKRIVIER,SOMERSET,BETWEEN 01/1836 AND 05/1837,1837,P.L UYS,WINBURG,,,
1914,VAN DER SCHYFF,VANDERSCHYFF,VAN DER SCHYFF,GIDEON JACOBUS CHRISTOFFEL PETRUS,Gideon Jacobus Christoffel Petrus,b6c2d15,a1b6c2d15,VAN DER SCHYFFa1b6c2d15,,1824,1824,,,1824,,,1824,,,PIETERMARITZBURG,07/01/1843,1843,CORNELIA CATHARINA JACOBA,VAN DER MERWE,BRAKRIVIER,SOMERSET,BETWEEN 01/1836 AND 05/1837,1837,P.L UYS,WAKKERSTROOM,,,
1915,VAN DER VYVER,VANDERVYVER,VAN DER VYVER,WILLEM BARTHOLOMEUS,Willem Bartholomeus,b2c3d2,a1b2c3d2,VAN DER VYVERa1b2c3d2,,09/06/1802,1802,TULBAGH,17/07/1802,1802,1802,,1802,,,SOMERSET,16/09/1827,1827,MAGDALENA ELIZABETH,BOTMA,BAVIAANSRIVIER,SOMERSET,01/03/1838,1838,,,,,
1916,VAN DER WALT,VANDERWALT,VAN DER WALT,ANDRIES PETRUS JACOBUS,Andries Petrus Jacobus,b5c1d2e1,a1b5c1d2e1,VAN DER WALTa1b5c1d2e1,,09/10/1814,1814,GRAAFF-REINET,29/01/1815,1814,1815,PRETORIA,1814,16/11/1861,1861,,,,CORNELIA MAGDALENA,POTGIETER,,COLESBERG,BEFORE THE GROOT TRK ACTUALLY BEGAN,,,TRANSORANJE,,,
1917,VAN DER WESTHUIZEN,VANDERWESTHUIZEN,VAN DER WESTHUIZEN,PIETER JACOBUS,Pieter Jacobus,b2c1d6e7,a1b2c1d6e7,VAN DER WESTHUIZENa1b2c1d6e7,,,,,12/06/1880,,1880,,1880,,,GEORGE,04/06/1820,1820,PETRONELLA JACOBA,MAREE,,GEORGE,05/1838,1838,P.D JACOBS,TRANSORANJE,GEORGE,,
1918,VAN DER WESTHUIZEN,VANDERWESTHUIZEN,VAN DER WESTHUIZEN,NICOLAAS GEORG,Nicolaas Georg,b3c8d1e8,a1b3c8d1e8,VAN DER WESTHUIZENa1b3c8d1e8,,30/09/1792,1792,GRAAFF-REINET,13/07/1794,1792,1794,WOLMARANSSTAD,1792,13/07/1872,1872,,1846,1846,ELIZABETH MAGDALENA,BARNARD,NUWEVELD,BEAUFORT,04 OR 05/1838,1838,P.D JACOBS,WOLMARANSSTAD,,,
1919,VAN DER WESTHUIZEN,VANDERWESTHUIZEN,VAN DER WESTHUIZEN,JACOB SR.,Jacob Sr.,b3c8d2e2,a1b3c8d2e2,VAN DER WESTHUIZENa1b3c8d2e2,,,,,03/09/1788,,1788,,1788,,,TULBAGH,15/04/1806,1806,SARA MAGDALENA,KOCK,NUWEVELD,BEAUFORT,04 OR 05/1838,1838,P.D JACOBS,,,,
1920,VAN DER WESTHUIZEN,VANDERWESTHUIZEN,VAN DER WESTHUIZEN,JOHANNES MATTHYS,Johannes Matthys,b3c8d2e2f1,a1b3c8d2e2f1,VAN DER WESTHUIZENa1b3c8d2e2f1,,07/04/1808,1808,TULBAGH,27/08/1809,1808,1809,,1808,,,BEAUFORT,20/12/1829,1829,WILHELMINA CATHARINA,VAN DER WESTHUIZEN,NUWEVELD,BEAUFORT,04 OR 05/1838,1838,P.D JACOBS,TRANSORANJE,,,
1921,VAN DER WESTHUIZEN,VANDERWESTHUIZEN,VAN DER WESTHUIZEN,JACOBUS JR.,Jacobus Jr.,b3c8d2e2f2,a1b3c8d2e2f2,VAN DER WESTHUIZENa1b3c8d2e2f2,,18/12/1810,1810,TULBAGH,19/08/11811,1810,1811,,1810,,,POTCHEFSTROOM,06/12/1848,1848,JOHANNA MAGDALENA SOPHIA,MYBURGH,NUWEVELD,BEAUFORT,04 OR 05/1838,1838,P.D JACOBS,,,,
1922,VAN DER WESTHUIZEN,VANDERWESTHUIZEN,VAN DER WESTHUIZEN,NICOLAAS GEORGE,Nicolaas George,b3c8d2e2f3,a1b3c8d2e2f3,VAN DER WESTHUIZENa1b3c8d2e2f3,,07/07/1813,1813,TULBAGH,20/09/1813,1813,1813,,1813,,,,,,ANNA ISABELLA,VAN DER WESTHUIZEN,NUWEVELD,BEAUFORT,04 OR 05/1838,1838,P.D JACOBS,WINBURG,,,
1923,VAN DER WESTHUIZEN,VANDERWESTHUIZEN,VAN DER WESTHUIZEN,NICOLAAS,Nicolaas,b3c8d2e3,a1b3c8d2e3,VAN DER WESTHUIZENa1b3c8d2e3,,,,,21/02/1790,,1790,,1790,,,TULBAGH,05/02/1814,1814,MAGDALENA CHRISTINA,VAN WYK,NUWEVELD,BEAUFORT,04 OR 05/1838,1838,P.D JACOBS,,,,
1924,VAN DER WESTHUIZEN,VANDERWESTHUIZEN,VAN DER WESTHUIZEN,JASPER,Jasper,b3c8d2e9,a1b3c8d2e9,VAN DER WESTHUIZENa1b3c8d2e9,ROGGEVELD,,,ROGGEVELD,26/12/1803,,1803,,1803,,,BEAUFORT,20/12/1829,1829,MARIA ELIZABETH,LOUW,NUWEVELD,BEAUFORT,04 OR 05/1838,1838,P.D JACOBS,,,,
1925,VAN DER WESTHUIZEN,VANDERWESTHUIZEN,VAN DER WESTHUIZEN,JOHANNES,Johannes,b3c8d6e4,a1b3c8d6e4,VAN DER WESTHUIZENa1b3c8d6e4,,10/04/1801,1801,,24/05/1801,1801,1801,NATAL,1801,11/12/1872,1872,KAAPSTAD,03/11/1828,1828,ANNA SUSANNA,NAUDE,TARKA,BEAUFORT,BEFORE 1841,1841,,NATAL,,,
1926,VAN DEVENTER,VANDEVENTER,VAN DEVENTER,GERRIT ALBERTUS,Gerrit Albertus,b5c10d4,a1b5c10d4,VAN DEVENTERa1b5c10d4,,,,,17/04/1796,,1796,NATAL,1796,03/06/1839,1839,CRADOCK,02/07/1821,1821,JOHANNA ELIZABETH,DE LANGE,TARKA,SOMERSET,10/1837,1837,JAN DU PLESSIS,NATAL,CRADOCK,,
1927,VAN DEVENTER,VANDEVENTER,VAN DEVENTER,JOHANNES LODEWYKUS,Johannes Lodewykus,b5c10d6,a1b5c10d6,VAN DEVENTERa1b5c10d6,,25/05/1800,1800,,31/08/1800,1800,1800,OVS,1800,26/08/1875,1875,CRADOCK,08/12/1821,1821,JOHANNA ETHRESIA,POTGIETER,WINTERBERG,ALBANY,11 OR 12/1837,1837,L.J NEL,OVS,,,
1928,VAN DEVENTER,VANDEVENTER,VAN DEVENTER,GERRIT,Gerrit,b5c4d2e1,a1b5c4d2e1,VAN DEVENTERa1b5c4d2e1,,08/03/1796,1796,TULBAGH,24/04/1796,1796,1796,,1796,,,CRADOCK,14/07/1823,1823,ALETTA CATHARINA,VAN ZYL,TARKA,SOMERSET,10/1837,1837,JAN DU PLESSIS,NATAL,,,
1929,VAN DEVENTER,VANDEVENTER,VAN DEVENTER,JAN GERRITSE,Jan Gerritse,b5c4d2e2,a1b5c4d2e2,VAN DEVENTERa1b5c4d2e2,,23/03/1798,1798,TULBAGH,06/05/1798,1798,1798,,1798,,,CRADOCK,22/04/1832,1832,SUSANNA ALETTA DOROTHEA,COETZER,TARKA,SOMERSET,10/1837,1837,JAN DU PLESSIS,NATAL,,,
1930,VAN DEVENTER,VANDEVENTER,VAN DEVENTER,WILLEM ANDREAS,Willem Andreas,b5c4d2e5,a1b5c4d2e5,VAN DEVENTERa1b5c4d2e5,,19/07/1805,1805,GRAAFF-REINET,06/07/1806,1805,1806,,1805,,,SWELLENDAM,04/03/1832,1832,JACOBA DOROTHEA REGINA,VAN DEVENTER,TARKA,SOMERSET,BEFORE 09/1839,1839,,NATAL,,,
1931,VAN DEVENTER,VANDEVENTER,VAN DEVENTER,GIDEON GERHARDUS,Gideon Gerhardus,b5c4d9,a1b5c4d9,VAN DEVENTERa1b5c4d9,,,,,26/10/1786,,1786,,1786,,,TULBAGH,12/09/1819,1819,JOHANNA WILHELMINA,STEENBERG,TRADOUW,SWELLENDAM,AFTER 07/09/1837,1837,,TRANSORANJE,,,
1932,VAN DEVENTER,VANDEVENTER,VAN DEVENTER,MICHIEL,Michiel,b5c7d5,a1b5c7d5,VAN DEVENTERa1b5c7d5,,,,,09/04/1786,,1786,,1786,,,,,,GEERTRUY,ERASMUS,TARKA,SOMERSET,BEFORE 02/11/1837,1837,,,,,
1933,VAN DEVENTER,VANDEVENTER,VAN DEVENTER,PETRUS RASMUS,Petrus Rasmus,b5c7d5e4,a1b5c7d5e4,VAN DEVENTERa1b5c7d5e4,,13/02/1813,1813,GRAAFF-REINET,12/09/1813,1813,1813,,1813,,,CRADOCK,22/04/1832,1832,ANNA MARIA ALETTA,DU PLESSIS,,,BEFORE 02/11/1837,1837,,,,,
1934,VAN DYK,VANDYK,VAN DYK,SYBRAND,Sybrand,a1b5c4d2,a1b5c4d2,VAN DYKa1b5c4d2,,,,,23/03/1784,,1784,,1784,,,,31/03/1805,1805,HELENA SUSAANA,VAN DER MERWE,VISRIVIER,ALBANY,01/1836,1836,A.H POTGIETER,GCALEKALAND,,,
1935,VAN DYK,VANDYK,VAN DYK,MARTHINUS JOHANNES,Marthinus Johannes,a1b5c4d2e1,a1b5c4d2e1,VAN DYKa1b5c4d2e1,,07/08/1807,1807,,27/12/1807,1807,1807,,1807,,,,,,MARTHA ELIZABETH,HARTZENBERG,VISRIVIER,ALBANY,01/1836,1836,A.H POTGIETER,NATAL,,,
1936,VAN DYK,VANDYK,VAN DYK,FRANS JOHANNES SR.,Frans Johannes Sr.,a1b5c4d3,a1b5c4d3,VAN DYKa1b5c4d3,TARKA,1787,1787,,,1787,,NATAL,1787,17/02/1838,1838,GRAAFF-REINET,10/05/1807,1807,ANNA CATHARINA,DE LANGE,VISRIVIER,ALBANY,02/1837,1837,PIET RETIEF,NATAL,,,
1937,VAN DYK,VANDYK,VAN DYK,JOSEPH,Joseph,a1b5c4d3e2,a1b5c4d3e2,VAN DYKa1b5c4d3e2,,06/09/1809,1809,GRAAFF-REINET,04/10/1810,1809,1810,POTCHEFSTROOM,1809,04/11/1881,1881,CRADOCK,29/04/1832,1832,NEELTJIE CHRISTINA,VAN DER MERWE,TARKA,SOMERSET,02/1837,1837,PIET RETIEF,NATAL,COLESBERG,,
1938,VAN DYK,VANDYK,VAN DYK,JOHANNES HENDRIK,Johannes Hendrik,a1b5c4d3e3,a1b5c4d3e3,VAN DYKa1b5c4d3e3,CRADOCK,18/08/1811,1811,GRAAFF-REINET,03/12/1812,1811,1812,RUSTENBURG,1811,01/11/1882,1882,CRADOCK,25/03/1832,1832,CHARLOTTA CATHARINA,ELOFF,CRADOCK,SOMERSET,BETWEEN 1842 AND 1844,1844,A.H POTGIETER,,,,
1939,VAN DYK,VANDYK,VAN DYK,FRANS JOHANNES JR.,Frans Johannes Jr.,a1b5c4d3e5,a1b5c4d3e5,VAN DYKa1b5c4d3e5,,13/09/1815,1815,GRAAFF-REINET,28/10/1815,1815,1815,,1815,,,CRADOCK,26/12/1833,1833,CORNELIA SOPHIA,VAN DER MERWE,VISRIVIER,ALBANY,02/1837,1837,PIET RETIEF,OHRIGSTAD,,,
1940,VAN DYK,VANDYK,VAN DYK,BAREND JACOBUS HENDRIK,Barend Jacobus Hendrik,a1b5c4d3e7,a1b5c4d3e7,VAN DYKa1b5c4d3e7,,12/07/1819,1819,GRAAFF-REINET,01/08/1819,1819,1819,TRANSVAAL,1819,,,CRADOCK,03/10/1823,1823,JACOBA JOHANNA ALETTA,DE VLAMINGH,CRADOCK,SOMERSET,BEFORE 1839,1839,,TRANSORANJE,,,
1941,VAN DYK,VANDYK,VAN DYK,JOSEPH (RYK JOSEPH),Joseph (Ryk Joseph),a1b5c4d4,a1b5c4d4,VAN DYKa1b5c4d4,,,,GRAAFF-REINET,03/05/1789,,1789,,1789,,,GRAAFF-REINET,19/04/1813,1813,SOPHIA ELIZABETH,POTGIETER,VISRIVIER,ALBANY,02/1837,1837,PIET RETIEF,,,,
1942,VAN DYK,VANDYK,VAN DYK,JOSEPH,Joseph,a1b5c4d4e1,a1b5c4d4e1,VAN DYKa1b5c4d4e1,,1808,1808,,,1808,,,1808,,,NATAL,04/02/1838,1838,FRANCINA,DE LANGE,VISRIVIER,ALBANY,1837,1837,,,,,
1943,VAN DYK,VANDYK,VAN DYK,ANDRIES JACOBUS,Andries Jacobus,a1b5c4d5,a1b5c4d5,VAN DYKa1b5c4d5,,,,GRAAFF-REINET,10/02/1793,,1793,KWAMATHIWANE,1793,06/02/1838,1838,GRAAFF-REINET,22/05/1814,1814,FRANCINA PETRONELLA,DE LANGE,WINTERBERG,ALBANY,02/1832,1832,PIET RETIEF,,,,
1944,VAN DYK,VANDYK,VAN DYK,JOSEPH,Joseph,a1b5c4d5e3,a1b5c4d5e3,VAN DYKa1b5c4d5e3,,26/11/1816,1816,GRAAFF-REINET,26/01/1817,1816,1817,MIDDELBURG,1816,23/03/1890,1890,,1840,1840,ALETTA CATHARINA,DE LANGE,WINTERBERG,ALBANY,02/1837,1837,PIET RETIEF,MIDDELBURG,,,
1945,VAN DYK,VANDYK,VAN DYK,JOHANNES HENDRIK,Johannes Hendrik,a1b5c4d5e4,a1b5c4d5e4,VAN DYKa1b5c4d5e4,,19/06/1818,1818,UITENHAGE,23/08/1818,1818,1818,NATAL,1818,17/02/1838,1838,,,,,,WINTERBERG,ALBANY,02/1837,1837,PIET RETIEF,,,,
1946,VAN DYK,VANDYK,VAN DYK,ANDRIES FRANS JACOBUS JOHANNES,Andries Frans Jacobus Johannes,a1b5c4d5e5,a1b5c4d5e5,VAN DYKa1b5c4d5e5,,12/12/1820,1820,UITENHAGE,05/08/1821,1820,1821,NATAL,1820,17/02/1838,1838,,,,,,WINTERBERG,ALBANY,02/1837,1837,PIET RETIEF,NATAL,,,
1947,VAN DYK,VANDYK,VAN DYK,ZACHARIA SUSARA,Zacharia Susara,a1b5c4d5e6,a1b5c4d5e6,VAN DYKa1b5c4d5e6,,04/08/1822,1822,UITENHAGE,19/12/1822,1822,1822,BLOUKRANS,1822,17/02/1838,1838,,,,,,WINTERBERG,ALBANY,02/1837,1837,PIET RETIEF,,,,
1948,VAN DYK,VANDYK,VAN DYK,JACOBUS NICOLAAS,Jacobus Nicolaas,a1b5c8d7,a1b5c8d7,VAN DYKa1b5c8d7,,,,GRAAFF-REINET,24/06/1798,,1798,BLOEMFONTEIN,1798,08/12/1872,1872,GRAAFF-REINET,14/04/1819,1819,JACOBA HENDRINA,DE BEER,BRAKRIVIER,SOMERSET,1840,1840,,TRANSORANJE,,,
1949,VAN DYK,VANDYK,VAN DYK,PETRUS JOHANNES,Petrus Johannes,a1b6c8d3,a1b6c8d3,VAN DYKa1b6c8d3,,,,STELLENBOSCH,25/11/1798,,1798,PRETORIA,1798,12/08/1874,1874,CRADOCK,01/11/1835,1835,CATHARINA JOHANNA MARIA,DE BEER,CRADOCK,SOMERSET,21/10/1836,1836,,NATAL,,,
1950,VAN DYK,VANDYK,VAN DYK,JOSEPH SYBRAND,Joseph Sybrand,b5c4d4e2,a1b5c4d4e2,VAN DYKa1b5c4d4e2,,15/11/1815,1815,GRAAFF-REINET,14/07/1816,1815,1816,,1815,,,,,,GERTRUYDA MARIA,BESTER,VISRIVIER,ALBANY,02/1837,1837,PIET RETIEF,,,,
1951,VAN DYK,VANDYK,VAN DYK,ANNA JOHANNA MARIA,Anna Johanna Maria,b5c4d5e2,a1b5c4d5e2,VAN DYKa1b5c4d5e2,,22/05/1815,1815,UITENHAGE,05/11/1815,1815,1815,NATAL,1815,17/02/1838,1838,,,,,,WINTERBERG,ALBANY,02/1837,1837,PIET RETIEF,,,,
1952,VAN EMMENES,VANEMMENES,VAN EMMENES,GERRIT,Gerrit,b1c6d4,a1b1c6d4,VAN EMMENESa1b1c6d4,,,,,01/09/1799,,1799,,1799,,,BEAUFORT,06/08/1820,1820,SUSANNA MARIA,LA GRANGE,,BEAUFORT,BETWEEN 31/12/1837 AND 10/11/1839,1839,P.D JACOBS,POTCHEFSTROOM,,,
1953,VAN EMMENES,VANEMMENES,VAN EMMENES,PIETER STEPHANUS,Pieter Stephanus,b1c6d4e3,a1b1c6d4e3,VAN EMMENESa1b1c6d4e3,,06/09/1824,1824,TULBAGH,08/11/1824,1824,1824,,1824,,,,,,MARIA MAGDALENA,SMIT,,BEAUFORT,04 OR 05/1838,1838,P.D JACOBS,NORTH OF VAAL RIVER,,,
1954,VAN GASS,VANGASS,VAN GASS,FERDINAND PAUL GEORGE,Ferdinand Paul George,a1b1,a1b1,VAN GASSa1b1,GRAAFF-REINET,03/10/1824,1824,GRAAFF-REINET,04/02/1825,1824,1825,KAAPKOLONIE,1824,05/04/1883,1883,,02/04/1854,1854,ANNA ELIZABETH SOPHIA,DREYER,WINTERBERG,ALBANY,08/1836,1836,H.P MALAN,KAAPKOLONIE,,,
1955,VAN GREUNEN,VANGREUNEN,VAN GREUNEN,BAREND JOHANNES,Barend Johannes,a1b4,a1b4,VAN GREUNENa1b4,,,,GRAAFF-REINET,08/06/1800,,1800,,1800,,,SOMERSET,01/05/1831,1831,ISABELLA RACHEL,PRETORIUS,BAVIAANSRIVIER,SOMERSET,BETWEEN 12/1836 AND 12/1839,1839,,NATAL,,,
1956,VAN GREUNEN,VANGREUNEN,VAN GREUNEN,JOHANNES WOLFGANG,Johannes Wolfgang,a2b1,a2b1,VAN GREUNENa2b1,,,,SWELLENDAM,29/03/1799,,1799,,1799,,,GEORGE,15/11/1818,1818,SUSANNA MARIA,KRUGEL,BAVIAANSRIVIER,SOMERSET,BEFORE 01/03/1838,1838,,RUSTENBURG,,,
1957,VAN GREUNEN,VANGREUNEN,VAN GREUNEN,JOHANNES,Johannes,a2b1c1,a2b1c1,VAN GREUNENa2b1c1,,18/03/1818,1818,GEORGE,15/11/1818,1818,1818,,1818,,,,,,CAROLINA INGASINA,JORDAAN,BAVIAANSRIVIER,SOMERSET,BEFORE 01/03/1838,1838,,PIETERMARITZBURG,,,
1958,VAN GREUNEN,VANGREUNEN,VAN GREUNEN,JOHANNES ZACHARIAS NICOLAAS,Johannes Zacharias Nicolaas,a2b1c2,a2b1c2,VAN GREUNENa2b1c2,,18/07/1821,1821,GEORGE,17/08/1821,1821,1821,,1821,,,,,,ANNA FRANCINA,PRETORIUS,BAVIAANSRIVIER,SOMERSET,BEFORE 01/03/1838,1838,,NATAL,,,
1959,VAN HEERDEN,VANHEERDEN,VAN HEERDEN,WILLEM FRANCOIS PETRUS,Willem Francois Petrus,b1c2d1e8,a1b1c2d1e8,VAN HEERDENa1b1c2d1e8,,,,,28/08/1791,,1791,,1791,,,,,,HESTER ELIZABETH JOHANNA,VORSTER,,,BEFORE 03/1843,1843,,POTCHEFSTROOM,,,
1960,VAN HELSDINGEN,VANHELSDINGEN,VAN HELSDINGEN,JOHANNES MICHIEL,Johannes Michiel,b1c7d4e2f1,a1b1c7d4e2f1,VAN HELSDINGENa1b1c7d4e2f1,,29/04/1827,1827,,,1827,,,1827,,,POTCHEFSTROOM,1848,1848,MARTHINA MARIA,BIERMAN,,OHRIGSTAD,,,,,,,
1961,VAN JAARSVELD,VANJAARSVELD,VAN JAARSVELD,ADRIAAN JOHANNES FREDERIK GUSTAAF,Adriaan Johannes Frederik Gustaaf,b2c1d2e2,a1b2c1d2e2,VAN JAARSVELDa1b2c1d2e2,,,,,20/01/1793,,1793,,1793,,,GRAAFF-REINET,03/09/1825,1825,ALETTA HELENA,VAN DER MERWE,,GRAAFF-REINET,1840,1840,,NATAL,,,
1962,VAN JAARSVELD,VANJAARSVELD,VAN JAARSVELD,ADRIAAN,Adriaan,b2c1d8e2,a1b2c1d8e2,VAN JAARSVELDa1b2c1d8e2,,30/05/1818,1818,GRAAFF-REINET,27/01/1819,1818,1819,,1818,,,CRADOCK,18/02/1838,1838,HESTER CORNELIA ELIZABETH,ERASMUS,TARKA,SOMERSET,BETWEEN 02/1838 AND 07/1840,1840,,NATAL,,,
1963,VAN JAARSVELD,VANJAARSVELD,VAN JAARSVELD,ANDRIES JACOBUS,Andries Jacobus,b2c1d8e3,a1b2c1d8e3,VAN JAARSVELDa1b2c1d8e3,,04/11/1823,1823,CRADOCK,07/03/1824,1823,1824,,1823,,,,,,CORNELIA,COETZEE,TARKA,SOMERSET,09/1839,1839,,POTCHEFSTROOM,,,
1964,VAN JAARSVELD,VANJAARSVELD,VAN JAARSVELD,ALBERTUS STEPHANUS,Albertus Stephanus,b2c1d8e4,a1b2c1d8e4,VAN JAARSVELDa1b2c1d8e4,,31/10/1825,1825,CRADOCK,26/07/1826,1825,1826,,1825,,,POTCHEFSTROOM,15/11/1848,1848,ANNA MARGARETHAMAGDALENA JACOBA,SWANEPOEL,TARKA,SOMERSET,BETWEEN 02/1838 AND 07/1840,1840,,,,,
1965,VAN JAARSVELD,VANJAARSVELD,VAN JAARSVELD,SCHALK JACOBUS,Schalk Jacobus,b2c3d7e2,a1b2c3d7e2,VAN JAARSVELDa1b2c3d7e2,,25/08/1811,1811,,,1811,,,1811,,,GRAAFF-REINET,06/09/1829,1829,ELIZABETH SUSANNA,GROBLER,CAMDEBO,GRAAFF-REINET,1839,1839,,POTCHEFSTROOM,,,
1966,VAN JAARSVELD,VANJAARSVELD,VAN JAARSVELD,ADRIAAN PIETER,Adriaan Pieter,b2c3d9,a1b2c3d9,VAN JAARSVELDa1b2c3d9,,,,,27/10/1797,,1797,,1797,,,GEORGE,11/11/1821,1821,ANNA DOROTHEA MARGARETHA,BEKKER,,GRAAFF-REINET,1837,1837,,OVS,,,
1967,VAN JAARSVELD,VANJAARSVELD,VAN JAARSVELD,ALBERTUS STEPHANUS,Albertus Stephanus,b2c3d9e2,a1b2c3d9e2,VAN JAARSVELDa1b2c3d9e2,,15/12/1823,1823,UITENHAGE,03/02/1825,1823,1825,OVS,1823,23/03/1872,1872,,,,CORNELIA PETRONELLA,LOMBARD,,GRAAFF-REINET,1837,1837,,OVS,,,
1968,VAN JAARSVELD,VANJAARSVELD,VAN JAARSVELD,ADRIAAN ALBERTUS JOHANNES,Adriaan Albertus Johannes,b9c1d1e1,a1b9c1d1e1,VAN JAARSVELDa1b9c1d1e1,,25/091818,1818,GEORGE,14/02/1819,1818,1819,,1818,,,,,,,,,GEORGE,,,,,,,
1969,VAN LOGGERENBERG,VANLOGGERENBERG,VAN LOGGERENBERG,NICOLAAS,Nicolaas,b1c2,a1b1c2,VAN LOGGERENBERGa1b1c2,,,,,01/02/1767,,1767,,1767,,,,09/01/1791,1791,ALBERTA MARIA,JOUBERT,,GRAAFF-REINET,MID 09/1836,1836,GERT M. MARITZ,,,,
1970,VAN LOGGERENBERG,VANLOGGERENBERG,VAN LOGGERENBERG,HENDRIK JOSEPH,Hendrik Joseph,b1c2d5,a1b1c2d5,VAN LOGGERENBERGa1b1c2d5,,,,SWELLENDAM,29/07/1799,,1799,,1799,,,UITENHAGE,01/09/1822,1822,JOHANNA MARIA,MINNIE,GAMTOOSRIVIER,UITENHAGE,MID 09/1836,1836,GERT M. MARITZ,POTCHEFSTROOM,POTCHEFSTROOM,,
1971,VAN LOGGERENBERG,VANLOGGERENBERG,VAN LOGGERENBERG,JOHANNES HENDRICUS,Johannes Hendricus,b1c7,a1b1c7,VAN LOGGERENBERGa1b1c7,,,,,14/06/1778,,1778,NATAL,1778,1838,1838,,19/08/1798,1798,ANNA ELIZABETH,LE ROUX,BRAKRIVIER OR TARKA,SOMERSET,MID 09/1836,1836,GERT M. MARITZ,,,,
1972,VAN NIEKERK,VANNIEKERK,VAN NIEKERK,GULLIAM LACOBUS STEPHANUS,Gulliam Lacobus Stephanus,b2c3d2e4,a1b2c3d2e4,VAN NIEKERKa1b2c3d2e4,,,,,,,,,,,,,,,MARIA JACOBA MAGDALENA,VILJOEN,,,BEFORE 04/1842,1842,,TRANSORANJE,,,
1973,VAN NIEKERK,VANNIEKERK,VAN NIEKERK,PIETER JOHANNES,Pieter Johannes,b2c3d6e2,a1b2c3d6e2,VAN NIEKERKa1b2c3d6e2,,,,,27/10/1799,,1799,,1799,,,GRAAFF-REINET,06/12/1818,1818,HILLETJE MAGDALENA PETRONELLA,VAN DEN BERG,COLESBERG,GRAAFF-REINET,BEFORE 1842,1842,,NATAL,,,
1974,VAN NIEKERK,VANNIEKERK,VAN NIEKERK,FREDERIK ANTHONIE,Frederik Anthonie,b2c3d6e2f2,a1b2c3d6e2f2,VAN NIEKERKa1b2c3d6e2f2,,22/12/1822,1822,GRAAFF-REINET,31/03/1823,1822,1823,OVS,1822,17/07/1870,1870,POTCHEFSTROOM,24/12/1849,1849,ALETTA DOROTHEA FEDRIKA,VAN WYK,,,,,,,,,
1975,VAN NIEKERK,VANNIEKERK,VAN NIEKERK,OCKERT TOBIAS,Ockert Tobias,b3c1d1e3f3,a1b3c1d1e3f3,VAN NIEKERKa1b3c1d1e3f3,,07/04/1805,1805,,28/04/1805,1805,1805,,1805,,,SWARTLAND,15/11/1829,1829,MARIA ANDRINA,SMUTS,,,BEFORE 1842,1842,,,,,
1976,VAN NIEKERK,VANNIEKERK,VAN NIEKERK,LUCAS CORNELIS,Lucas Cornelis,b3c7d10,a1b3c7d10,VAN NIEKERKa1b3c7d10,,,,,10/05/1795,,1795,,1795,,,PAARL,02/07/1820,1820,MARGARETHA JOHANNA,LOUW,ONDER-BOESMANSRIVIER,UITENHAGE,END OF 10/1837,1837,K.P. LANDMAN,NATAL,,,
1977,VAN NIEKERK,VANNIEKERK,VAN NIEKERK,GERHARDUS WILHELMUS,Gerhardus Wilhelmus,b3c7d10e1,a1b3c7d10e1,VAN NIEKERKa1b3c7d10e1,,16/08/1821,1821,,,1821,,,1821,,,,,,SUSANNA ELIZABETH,SPIES,ONDER-BOESMANSRIVIER,UITENHAGE,03/1837,1837,GERHARDUS J. RUDOLPH,PIETERMARITZABURG,,,
1978,VAN NIEKERK,VANNIEKERK,VAN NIEKERK,HENDRIK JOHANNES STEPHANUS,Hendrik Johannes Stephanus,b3c7d10e3,a1b3c7d10e3,VAN NIEKERKa1b3c7d10e3,,06/03/1825,1825,SWARTLAND,24/07/1825,1825,1825,NATAL,1825,25/09/1902,1902,POTCHEFSTROOM,15/12/1848,1848,ALETTA,DE JAGER,,,BEFORE 1840,1840,,PIETERMARITZBURG,,,
1979,VAN NIEKERK,VANNIEKERK,VAN NIEKERK,MARIA ELIZABETH,Maria Elizabeth,b3c7d2,a1b3c7d2,VAN NIEKERKa1b3c7d2,,,,,30/03/1777,,1777,,1777,,,KAAPSTAD,29/03/1801,1801,THEODORUS,POTGIETER,ONDER-BOESMANSRIVIER,UITENHAGE,11/1836 OR 03/1837,1837,J.S MARITZ OR GERT. J RUDOLPH,NATAL,,,
1980,VAN NIEKERK,VANNIEKERK,VAN NIEKERK,JOHANNES WILHELMUS,Johannes Wilhelmus,b3c7d4,a1b3c7d4,VAN NIEKERKa1b3c7d4,,26/05/1780,1780,,18/02/1781,1780,1781,NATAL,1780,13/06/1863,1863,SWELLENDAM,06/10/1805,1805,MARGARETHA MARIA,SPIES,ONDER-BOESMANSRIVIER,UITENHAGE,END OF 10/1837,1837,K.P. LANDMAN,DANNHAUSER,,,
1981,VAN NIEKERK,VANNIEKERK,VAN NIEKERK,GERHARDUS JOHANNES WILHELMUS,Gerhardus Johannes Wilhelmus,b3c7d4e10,a1b3c7d4e10,VAN NIEKERKa1b3c7d4e10,,12/05/1824,1824,,,1824,,NATAL,1824,11/02/1897,1897,,1849,1849,EVA CATHARINA,BOTHA,,,,,,PIETERMARITZBURG,,,
1982,VAN NIEKERK,VANNIEKERK,VAN NIEKERK,JOHANNES JACOBUS,Johannes Jacobus,b3c7d4e3,a1b3c7d4e3,VAN NIEKERKa1b3c7d4e3,,25/08/1809,1809,SWELLENDAM,01/10/1809,1809,1809,OVS,1809,10/10/1869,1869,,,,MARTHA MARIA,PIENAAR,ONDER-BOESMANSRIVIER,UITENHAGE,END OF 10/1837,1837,K.P. LANDMAN,OVS,,,
1983,VAN NIEKERK,VANNIEKERK,VAN NIEKERK,IZAK (ISAAC) ANDRIES (IZAK LEEUBOUD),Izak (Isaac) Andries (Izak Leeuboud),b3c7d4e4,a1b3c7d4e4,VAN NIEKERKa1b3c7d4e4,,08/12/1811,1811,,03/05/1812,1811,1812,OVS,1811,14/06/1893,1893,,05/03/1838,1838,ELSA JOSINA,DE LANGE,ONDER-BOESMANSRIVIER,UITENHAGE,10/1837,1837,K.P. LANDMAN,NATAL,,,
1984,VAN NIEKERK,VANNIEKERK,VAN NIEKERK,THEODORUS ERNST,Theodorus Ernst,b3c7d4e6,a1b3c7d4e6,VAN NIEKERKa1b3c7d4e6,,21/11/1815,1815,,,1815,,OVS,1815,01/11/1891,1891,CRADOCK,24/02/1839,1839,MARIA CATHARINA SUSANNA,SCHOLTZ,ONDER-BOESMANSRIVIER,UITENHAGE,END OF 10/1837,1837,K.P. LANDMAN,NATAL,,,
1985,VAN NIEKERK,VANNIEKERK,VAN NIEKERK,GERHARDUS JOZUA (GERT SR.),Gerhardus Jozua (Gert Sr.),b3c7d7,a1b3c7d7,VAN NIEKERKa1b3c7d7,,,,,02/09/1787,,1787,,1787,,,CALEDON,09/07/1815,1815,MARGARETHA JOHANNA,STRYDOM,ONDER-BOESMANSRIVIER,UITENHAGE,03/1837,1837,P.L UYS,NATAL,,,
1986,VAN NIEKERK,VANNIEKERK,VAN NIEKERK,GERHARDUS JOZUA (GERT JR.),Gerhardus Jozua (Gert Jr.),b3c7d7e1,a1b3c7d7e1,VAN NIEKERKa1b3c7d7e1,,01/12/1816,1816,,,1816,,,1816,,,,13/01/1844,1844,SUSANNA MARIA,DE JAGER,ONDER-BOESMANSRIVIER,UITENHAGE,03/1837,1837,GERHARDUS J. RUDOLPH,NATAL,,,
1987,VAN NIEKERK,VANNIEKERK,VAN NIEKERK,FRANCOIS JOHANNES JOSUA,Francois Johannes Josua,b3c7d9e1,a1b3c7d9e1,VAN NIEKERKa1b3c7d9e1,,,,,18/07/1813,,1813,,1813,,,,,,FRANCINA LOUISA,JANSE VAN RENSBURG,ONDER-DUIVENHOKSRIVIER,SWELLENDAM,02/07/1838,1838,,COLESBERG,,,
1988,VAN NIEKERK,VANNIEKERK,VAN NIEKERK,GERHARDUS ALBERTUS,Gerhardus Albertus,b3c7d9e3,a1b3c7d9e3,VAN NIEKERKa1b3c7d9e3,,,,,05/07/1818,,1818,,1818,,,SWELLENDAM,02/07/1836,1836,ELIZABETH SOPHIA ANGENESSA,JANSE VAN RENSBURG,ONDERDUIVENSHOKRIVIER,SWELLENDAM,02/07/1838,1838,FAMILY MOVE,PIETERMARITZBURG,,,
1989,VAN NIEKERK,VANNIEKERK,VAN NIEKERK,IZAK ABRAHAM,Izak Abraham,b4c1d7e6,a1b4c1d7e6,VAN NIEKERKa1b4c1d7e6,,24/11/1810,1810,GRAAFF-REINET,20/01/1811,1810,1811,,1810,,,PIETERMARITZBURG,16/02/1839,1839,ANGENTHIA MARIA,OLIVIER,COEGA,UITENHAGE,BEFORE 02/1839,1839,,NATAL,,,
1990,VAN NIEKERK,VANNIEKERK,VAN NIEKERK,CORNELIS,Cornelis,b6c4d4e1,a1b6c4d4e1,VAN NIEKERKa1b6c4d4e1,,16/03/1803,1803,TULBAGH,06/11/1803,1803,1803,,1803,,,GRAAFF-REINET,05/07/1824,1824,ANNA CATHARINA,VAN ZYL,ONDER-BOESMANSRIVIER,UITENHAGE,10/1837,1837,K.P. LANDMAN,NATAL,NATAL,,
1991,VAN NIEKERK,VANNIEKERK,VAN NIEKERK,CHRISTIAAN,Christiaan,b6c4d5,a1b6c4d5,VAN NIEKERKa1b6c4d5,,,,,06/10/1781,,1781,,1781,,,KAAPSTAD,02/05/1802,1802,MARIA CORNELIA,TREGARDT,TARKA,SOMERSET,1839 OR LATER,ATER,,POTCHEFSTROOM,GRAAFF-REINET,,
1992,VAN NIEKERK,VANNIEKERK,VAN NIEKERK,JACOBUS GUSTAVUS,Jacobus Gustavus,b6c4d5e2,a1b6c4d5e2,VAN NIEKERKa1b6c4d5e2,,02/02/1805,1805,GRAAFF-REINET,04/05/1806,1805,1806,,1805,,,CRADOCK,09/10/1825,1825,JOHANNA HELENA JOSINA,PIETERSE,CRADOCK,SOMERSET,BEFORE 1839,1839,,NATAL,,,
1993,VAN RENSBURG,VANRENSBURG,VAN RENSBURG,STEPHANUS HENDRIK JANSE,Stephanus Hendrik Janse,b1c1d4e13,a1b1c1d4e13,VAN RENSBURGa1b1c1d4e13,,27/8/1812,1812,TULBAGH,6/6/1813,1812,1813,,1812,,,SOMERSET,02/09/1832,1832,ANNA CATHARINA MAGDALENA,KRUGER,BO-BOESMANSRIVIER,SOMERSET,BETWEEN 05/1839 AND 03/1842,1842,,,,,
1994,VAN RENSBURG,VANRENSBURG,VAN RENSBURG,WILLEM CORNELIS JANSE,Willem Cornelis Janse,b1c1d4e15,a1b1c1d4e15,VAN RENSBURGa1b1c1d4e15,UITENHAGE,16/5/1818,1818,PAARL,2/2/1819,1818,1819,RUSTENBURG,1818,13/08/1865,1865,,02/1838,1838,ELIZABETH MARIA JACOBA,DU PLESSIS,BO-BOESMANSRIVIER,SOMERSET,END 1836,1836,MARTHA MAGDALENA SCHEEPERS,NATAL,,,
1995,VAN RENSBURG,VANRENSBURG,VAN RENSBURG,NICOLAAS JANSE,Nicolaas Janse,b1c1d4e2,a1b1c1d4e2,VAN RENSBURGa1b1c1d4e2,,,,TULBAGH,16/6/1786,,1786,,1786,,,SWELLENDAM,02/1809,1809,HESTER PETRONELLA,PRINSLOO,WINTERBERG,ALBANY,02/1837,1837,PIET RETIEF,,,,
1996,VAN RENSBURG,VANRENSBURG,VAN RENSBURG,HENDRIK CHRISTOFFEL JANSE,Hendrik Christoffel Janse,b1c1d4e2f1,a1b1c1d4e2f1,VAN RENSBURGa1b1c1d4e2f1,,,,,2/12/1810,,1810,,1810,,,GRAAFF-REINET,22/02/1835,1835,JOHANNA CHRISTINA,MAARTENS,WINTERBERG,ALBANY,AFTER 03/1839,1839,,,,,
1997,VAN RENSBURG,VANRENSBURG,VAN RENSBURG,STEPHANUS JOHANNES JANSE,Stephanus Johannes Janse,b1c1d4e2f3,a1b1c1d4e2f3,VAN RENSBURGa1b1c1d4e2f3,,21/6/1811,1811,PAARL,20/3/1814,1811,1814,,1811,,,,,,ALETTA ELIZABETH,NEL,WINTERBERG,ALBANY,1838,1838,,NATAL,,,
1998,VAN RENSBURG,VANRENSBURG,VAN RENSBURG,HENDRIK CHRISTOFFEL JANSE,Hendrik Christoffel Janse,b1c1d4e5,a1b1c1d4e5,VAN RENSBURGa1b1c1d4e5,,,,,29/1/1792,,1792,,1792,,,GRAAFF-REINET,02/02/1817,1817,GEESJE JOSINA,JANSE VAN RENSBURG,CRADOCK,SOMERSET,1840,1840,,NATAL,,,
1999,VAN RENSBURG,VANRENSBURG,VAN RENSBURG,HENDRIK CHRISTOFFEL JANSE,Hendrik Christoffel Janse,b1c1d4e5f1,a1b1c1d4e5f1,VAN RENSBURGa1b1c1d4e5f1,,19/9/1819,1819,BEAUFORT,5/12/1819,1819,1819,SOUTPANSBERG,1819,1866,1866,PIETERMARITZBURG,1840,1840,ANNA GERTRUIDA CECILIA,COMBRINK,CRADOCK,SOMERSET,1840,1840,,OHRIGSTAD,,,
2000,VAN RENSBURG,VANRENSBURG,VAN RENSBURG,LUCAS WILLEM JANSE,Lucas Willem Janse,b1c1d4e6,a1b1c1d4e6,VAN RENSBURGa1b1c1d4e6,,,,,28/9/1794,,1794,,1794,,,,1813,1813,SUSANNA ELIZABETH,OOSTHUIZEN,WINTERBERG,ALBANY,1837,1837,,POTCHEFSTROOM,,,
2001,VAN RENSBURG,VANRENSBURG,VAN RENSBURG,WILLEM (L.SEUN),Willem (L.Seun),b1c1d4e6f,a1b1c1d4e6f,VAN RENSBURGa1b1c1d4e6f,,,,,,,,,,,,,,,,,WINTERBERG,ALBANY,02/1837,1837,PIET RETIEF,,,,
2002,VAN RENSBURG,VANRENSBURG,VAN RENSBURG,HENDRIK NICOLAAS JANSE,Hendrik Nicolaas Janse,b1c1d4e6f1,a1b1c1d4e6f1,VAN RENSBURGa1b1c1d4e6f1,,11/5/1815,1815,GRAAFF-REINET,27/7/1816,1815,1816,,1815,,,SOMERSET,06/10/1834,1834,ANNA PETRONELLA,DU PLESSIS,WINTERBERG,ALBANY,BETWEEN 05/1839 AND 09/1840,1840,,NATAL,,,
2003,VAN RENSBURG,VANRENSBURG,VAN RENSBURG,STEPHANUS JANSE (LUCAS WILLEM SEUN),Stephanus Janse (Lucas Willem Seun),b1c1d4e6f3,a1b1c1d4e6f3,VAN RENSBURGa1b1c1d4e6f3,,1819-1829,1829,,,1829,,,1829,,,,,,,,WINTERBERG,ALBANY,1837,1837,RETIEF,NATAL,,,
2004,VAN RENSBURG,VANRENSBURG,VAN RENSBURG,JOSEPHUS CORNELIS JANSE,Josephus Cornelis Janse,b1c1d7e8,a1b1c1d7e8,VAN RENSBURGa1b1c1d7e8,,3/1/1815,1815,GEORGE,30/1/1815,1815,1815,,1815,30/01/1870,1870,SWELLENDAM,29/03/1834,1834,JOHANNA CAROLINA,CRONJE,VALSCHRIVIER,SWELLENDAM,15/03/1838,1838,,NATAL,,,
2005,VAN RENSBURG,VANRENSBURG,VAN RENSBURG,JOHANNES LODEWIKUS JANSE,Johannes Lodewikus Janse,b1c1e4d5f3,a1b1c1e4d5f3,VAN RENSBURGa1b1c1e4d5f3,,13/3/1824,1824,UITENHAGE,23/1/1825,1824,1825,,1824,,,POTCHEFSTROOM,01/07/1846,1846,SARA MARIA,WESSON,CRADOCK,SOMERSET,1840,1840,,POTCHEFSTROOM,,,
2006,VAN RENSBURG,VANRENSBURG,VAN RENSBURG,JOHANNES JACOBUS JANSE (LANG HANS),Johannes Jacobus Janse (Lang Hans),b1c2d3e1,a1b1c2d3e1,VAN RENSBURGa1b1c2d3e1,,12/8/1779,1779,,25/12/1779,1779,1779,MOSAMBIEK,1779,07/1836,1836,KAAPSTAD,28/11/1802,1802,SARA,BRONKHORST,BRAKRIVIER,SOMERSET,1836,1836,,TRANSORANJE,,,
2007,VAN RENSBURG,VANRENSBURG,VAN RENSBURG,GYSBERT SYBRAND JOHANNES JANSE,Gysbert Sybrand Johannes Janse,b1c2d3e1f6,a1b1c2d3e1f6,VAN RENSBURGa1b1c2d3e1f6,,7/8/1824,1824,BEAUFORT,6/2/1825,1824,1825,MOSAMBIEK,1824,07/1836,1836,,,,,,BRAKRIVIER,SOMERSET,1836,1836,J.J VAN RENSBURG,TRANSORANJE,,,
2008,VAN RENSBURG,VANRENSBURG,VAN RENSBURG,REYNIER JANSE,Reynier Janse,b1c3d16,a1b1c3d16,VAN RENSBURGa1b1c3d16,,,,,19/5/1794,,1794,,1794,,,GEORGE,05/02/1815,1815,SUSANNA MARIA,DE JAGER,ONDER-DUIVENHOKSRIVIER,SWELLENDAM,01/1844,1844,FAMILY MOVE,,,,
2009,VAN RENSBURG,VANRENSBURG,VAN RENSBURG,JOHANNES FREDERIK JANSE (LANG HANS),Johannes Frederik Janse (Lang Hans),b1c5d2e9,a1b1c5d2e9,VAN RENSBURGa1b1c5d2e9,DISTRIK SWELLENDAM,20/12/1810,1810,SWELLENDAM,1/7/1811,1810,1811,WINTERBURG,1810,14/03/1880,1880,GEORGE,21/01/1836,1836,HESTER CATHARINA,MEYER,LANGKLOOF,GEORGE,BETWEEN 01/1841 AND 07/1842,1842,FAMILY MOVE,NATAL,GEORGE,,
2010,VAN RENSBURG,VANRENSBURG,VAN RENSBURG,BAREND DANIEL THEODORUS JANSE,Barend Daniel Theodorus Janse,b1c5d7e10,a1b1c5d7e10,VAN RENSBURGa1b1c5d7e10,,6/2/1824,1824,GRAHAMSTOWN,23/11/1824,1824,1824,OHRIGSTAD,1824,1857,1857,,,,SOPHIA JACOMINA,AUCAMP,TARKA,SOMERSET,BETWEEN 05/1841 AND 03/1843,1843,FREDERIK RUDOLPH,NATAL,,,
2011,VAN RENSBURG,VANRENSBURG,VAN RENSBURG,FREDERIK RUDOLPH JANSE,Frederik Rudolph Janse,b1c5d7e6,a1b1c5d7e6,VAN RENSBURGa1b1c5d7e6,,4/11/1811,1811,GRAAFF-REINET,22/8/1812,1811,1812,UITENHAGE,1811,18/05/1832,1832,,,,MARGARETHA ALETTA CATHARINA,DE JAGER,TARKA,SOMERSET,BETWEEN 05/1841 AND 03/1843,1843,FAMILY MOVE,OHRIGSTAD,,,
2012,VAN RENSBURG,VANRENSBURG,VAN RENSBURG,NICOLAAS JOHANNES JANSE,Nicolaas Johannes Janse,b4c1d1e6,a1b4c1d1e6,VAN RENSBURGa1b4c1d1e6,,,,,,,,BEAUFORT,,27/03/1823,1823,,,,ELISABETH,SMIT,,SOMERSET,01/1836,1836,A.H POTGIETER,OHRIGSTAD,,,
2013,VAN RENSBURG,VANRENSBURG,VAN RENSBURG,NICOLAAS JOHANNES JANSE JR.,Nicolaas Johannes Janse Jr.,b4c1d1e6f1,a1b4c1d1e6f1,VAN RENSBURGa1b4c1d1e6f1,,,,,,,,,,,,POTCHEFSTROOM,29/11/1840,1840,ALETTA MARIA,DORPHLING,,SOMERSET,01/1836,1836,A.H POTGIETER,KORINGSPRUIT,,,
2014,VAN RENSBURG,VANRENSBURG,VAN RENSBURG,WILLEM JACOBUS JANSE,Willem Jacobus Janse,b4c1d1e6f3,a1b4c1d1e6f3,VAN RENSBURGa1b4c1d1e6f3,,18/6/1820,1820,TULBAGH,21/1/1827,1820,1827,,1820,16/09/1814,1814,,14/08/1854,1854,ANNA CATHARINA,JANSE VAN RENSBURG,,SOMERSET,01/1836,1836,A.H POTGIETER,WOLMARANSSTAD,,,
2015,VAN RENSBURG,VANRENSBURG,VAN RENSBURG,HENDRIK JOHANNES JANSE,Hendrik Johannes Janse,b4c1d1e9,a1b4c1d1e9,VAN RENSBURGa1b4c1d1e9,,4/8/1808,1808,GRAAFF-REINET,3/9/1809,1808,1809,,1808,,,,,,ANNA JACOBA,JANSE VAN RENSBURG,,BEAUFORT,BETWEEN 03/1838 AND 04/1842,1842,,TRANSORANJE,,,
2016,VAN RENSBURG,VANRENSBURG,VAN RENSBURG,JOHANNES NICOLAAS JANSE,Johannes Nicolaas Janse,b5c2d2e1,a1b5c2d2e1,VAN RENSBURGa1b5c2d2e1,,,,,21/4/1793,,1793,,1793,,,TULBAGH,30/09/1815,1815,ELISABETH SUSANNA,VAN SCHALKWYK,,BEAUFORT,05/1840,1840,,POTCHEFSTROOM,BEAUFORT,,
2017,VAN RENSBURG,VANRENSBURG,VAN RENSBURG,JOHANNES LODEWYK,Johannes Lodewyk,b5c2d2e1f1,a1b5c2d2e1f1,VAN RENSBURGa1b5c2d2e1f1,,11/9/1819,1819,BEAUFORT,21/5/1820,1819,1820,,1819,,,,,,MARIA,JACOBS,,BEAUFORT,05/1840,1840,FAMILY MOVE,POTCHEFSTROOM,,,
2018,VAN RENSBURG,VANRENSBURG,VAN RENSBURG,PETRUS JOHANNES JANSE,Petrus Johannes Janse,b5c2d2e1f3,a1b5c2d2e1f3,VAN RENSBURGa1b5c2d2e1f3,,18/10/1824,1824,BEAUFORT,13/2/1825,1824,1825,,1824,,,POTCHEFSTROOM,31/05/1848,1848,ANNA MARGARETHA JACOBA,BRONKHORST,,BEAUFORT,1840,1840,FAMILY MOVE,,,,
2019,VAN RENSBURG,VANRENSBURG,VAN RENSBURG,PETRUS JOHANNES JANSE,Petrus Johannes Janse,b5c2d2e4,a1b5c2d2e4,VAN RENSBURGa1b5c2d2e4,,,,,28/7/1799,,1799,,1799,,,BEAUFORT,09/01/1820,1820,MARTHA MARGARETHA,VAN SCHALKWYK,,BEAUFORT,BEFORE 1842,1842,,TRANSORANJE,BEAUFORT,,
2020,VAN RENSBURG,VANRENSBURG,VAN RENSBURG,PETRUS NICOLAAS JANSE,Petrus Nicolaas Janse,b5c4d2e4,a1b5c4d2e4,VAN RENSBURGa1b5c4d2e4,,,,,27/4/1810,,1810,,1810,,,,30/11/1828,1828,ANNA CATHARINA,WILDERS,CRADOCK,SOMERSET,1843,1843,,TRANSORANJE,,,
2021,VAN RENSBURG,VANRENSBURG,VAN RENSBURG,JACOBUS JOHANNES JANSE,Jacobus Johannes Janse,b5c4d2e5,a1b5c4d2e5,VAN RENSBURGa1b5c4d2e5,,18/3/1812,1812,GRAAFF-REINET,17/12/1812,1812,1812,KROONSTAD,1812,30/09/1886,1886,BEAUFORT,04/03/1832,1832,ANNA MAGDALENA CAROLINA,GOUS,,BEAUFORT,1843,1843,,KROONSTAD,,,
2022,VAN RENSBURG,VANRENSBURG,VAN RENSBURG,NICOLAAS JOHANNES JANSE,Nicolaas Johannes Janse,b5c4d4,a1b5c4d4,VAN RENSBURGa1b5c4d4,,,,TULBAGH,9/5/1784,,1784,,1784,,,,,,ISABELLA MARGARETHA,NEL,SWARTRUGGENS,GRAAFF-REINET,09/1836,1836,GERT M. MARITZ,TRANSORANJE,,,
2023,VAN RENSBURG,VANRENSBURG,VAN RENSBURG,WILLEM HENDRIK JANSE,Willem Hendrik Janse,b5c4d4e2,a1b5c4d4e2,VAN RENSBURGa1b5c4d4e2,,,,,3/3/1811,,1811,,1811,,,,,,EILZABETH MAGDALENA,SWART,BRAKRIVIER,SOMERSET,1838,1838,,TRANSORANJE,,,
2024,VAN RENSBURG,VANRENSBURG,VAN RENSBURG,STEPHANUS JOHANNES JANSE,Stephanus Johannes Janse,b5c4d4e3,a1b5c4d4e3,VAN RENSBURGa1b5c4d4e3,,,,,24/10/1813,,1813,,1813,,,,,,ALETTA MARTHA ELIZABETH,NEL,BRAKRIVIER,SOMERSET,1841,1841,,POTCHEFSTROOM,,,
2025,VAN RENSBURG,VANRENSBURG,VAN RENSBURG,WILLEM HENDRIK JANSE,Willem Hendrik Janse,b5c4d5e2,a1b5c4d5e2,VAN RENSBURGa1b5c4d5e2,,26/5/1809,1809,TULBAGH,7/11/1813,1809,1813,,1809,,,GRAAFF-REINET,14/10/1833,1833,MARTHINA ISABELLA,SCHEEPERS,,GRAAFF-REINET,1840,1840,,TRANSORANJE,,,
2026,VAN RENSBURG,VANRENSBURG,VAN RENSBURG,NICOLAAS MARTHINUS JANSE,Nicolaas Marthinus Janse,b5c5d2,a1b5c5d2,VAN RENSBURGa1b5c5d2,,,,,21/12/1783,,1783,WAKKERSTROOM,1783,04/08/1868,1868,GRAAFF-REINET,04/09/1814,1814,SUSANNA JOSINA,JANSE VAN RENSBURG,,GRAAFF-REINET,BEFORE 1843,1843,,NATAL,,,
2027,VAN RENSBURG,VANRENSBURG,VAN RENSBURG,LUCAS MARTHINUS JANSE,Lucas Marthinus Janse,b5c5d2e2,a1b5c5d2e2,VAN RENSBURGa1b5c5d2e2,,5/10/1820,1820,BEAUFORT,4/3/1821,1820,1821,,1820,29/03/1893,1893,POTCHEFSTROOM,10/10/1845,1845,ESTHER MARIA,SCHEEPERS,,GRAAFF-REINET,1843,1843,,,,,
2028,VAN RENSBURG,VANRENSBURG,VAN RENSBURG,HENDRIK CHRISTOFFEL JANSE,Hendrik Christoffel Janse,b5c5d8,a1b5c5d8,VAN RENSBURGa1b5c5d8,,21/1/1800,1800,GRAAFF-REINET,9/3/1800,1800,1800,WAKKERSTROOM,1800,23/08/1881,1881,UITENHAGE,07/11/1819,1819,MARIA ELIZABETH,JANSE VAN RENSBURG,SWARTRUGGENS,GRAAFF-REINET,BETWEEN 05/1841 AND 04/1845,1845,,PIETERMARITZBURG,,,
2029,VAN RENSBURG,VANRENSBURG,VAN RENSBURG,LUCAS MARTHINUS JANSE,Lucas Marthinus Janse,b5c5d9,a1b5c5d9,VAN RENSBURGa1b5c5d9,,,,,11/3/1803,,1803,,1803,,,GRAAFF-REINET,02/03/1823,1823,SARA GERTRUYDA,VAN DER MERWE,SWARTRUGGENS,GRAAFF-REINET,BETWEEN 01/1837 AND 09/1841,1841,A.W.J PRETORIUS,,,,
2030,VAN ROOYEN,VANROOYEN,VAN ROOYEN,CORNELIS,Cornelis,b10c2d2,a1b10c2d2,VAN ROOYENa1b10c2d2,,,,,26/3/1809,,1809,,1809,,,KAAPSTAD,26/03/1809,1809,MARIA ELIZABETH,VAN ROOYEN,COEGA,UITENHAGE,11/1836,1836,J.S MARITZ,PIETERMARITZBURG,,,
2031,VAN ROOYEN,VANROOYEN,VAN ROOYEN,CORNELIS JOHANNES,Cornelis Johannes,b10c2d2e1,a1b10c2d2e1,VAN ROOYENa1b10c2d2e1,,12/10/1810,1810,GRAAFF-REINET,20/1/1811,1810,1811,,1810,,,UITENHAGE,24/05/1829,1829,MARIA MAGDALENA FREDERIKA,MEYER,ONDER-BOESMANSRIVIER,UITENHAGE,11/1836,1836,J.S MARTIZ,UTRECHT,,,
2032,VAN ROOYEN,VANROOYEN,VAN ROOYEN,DIRK REYNIER,Dirk Reynier,b10c2d2e4,a1b10c2d2e4,VAN ROOYENa1b10c2d2e4,,3/5/1816,1816,GRAAFF-REINET,15/2/1817,1816,1817,,1816,,,UITENHAGE,20/02/1836,1836,ANNA JACOBA,VERMAAK,ONDER-BOESMANSRIVIER,UITENHAGE,12/02/1837,1837,,NATAL,,,
2033,VAN ROOYEN,VANROOYEN,VAN ROOYEN,IZAK PETRUS,Izak Petrus,b10c2d2e7,a1b10c2d2e7,VAN ROOYENa1b10c2d2e7,,12/8/1822,1822,,12/1/1823,1822,1823,NATAL,1822,16/11/1859,1859,,,,MARIAELIZABETH,VAN ROOYEN,ONDER-BOESMANSRIVIER,UITENHAGE,12/02/1837,1837,,NATAL,,,
2034,VAN ROOYEN,VANROOYEN,VAN ROOYEN,IZAK,Izak,b10c2d3,a1b10c2d3,VAN ROOYENa1b10c2d3,,,,,4/1/1789,,1789,,1789,,,KAAPSTAD,26/03/1809,1809,SUSANNA ELIZABETH,VAN ROOYEN,ONDER-BOESMANSRIVIER,UITENHAGE,10/1837,1837,K.P. LANDMAN,NATAL,,,
2035,VAN ROOYEN,VANROOYEN,VAN ROOYEN,DIRK,Dirk,b10c2d3e1,a1b10c2d3e1,VAN ROOYENa1b10c2d3e1,,17/9/1809,1809,,6/11/1809,1809,1809,NATAL,1809,01/07/1842,1842,UITENHAGE,06/10/1828,1828,MARTHINA JOHANNA MARGARETHA,SCHEEPERS,ONDER-BOESMANSRIVIER,UITENHAGE,10/1837,1837,K.P. LANDMAN,NATAL,,,
2036,VAN ROOYEN,VANROOYEN,VAN ROOYEN,ANDRIES IGNATIUS MARTHINUS,Andries Ignatius Marthinus,b10c2d7,a1b10c2d7,VAN ROOYENa1b10c2d7,,19/1/1804,1804,,8/4/1804,1804,1804,WINBURG,1804,04/05/1862,1862,,1830,1830,JOHANNA DOROTHEA,BOUWER,VISRIVIER,ALBANY,BEFORE 1845,1845,,WINBURG,,,
2037,VAN ROOYEN,VANROOYEN,VAN ROOYEN,CORNELIS JOHANNES,Cornelis Johannes,b4c1d2e1,a1b4c1d2e1,VAN ROOYENa1b4c1d2e1,,24/3/1812,1812,GRAAFF-REINET,6/7/1812,1812,1812,,1812,,,UITENHAGE,07/04/1834,1834,JOHANNA SUSANNA,JANSE VAN VUUREN,,UITENHAGE,1838,1838,,NATAL,,,
2038,VAN ROOYEN,VANROOYEN,VAN ROOYEN,GYSBERTUS,Gysbertus,b4c1d8,a1b4c1d8,VAN ROOYENa1b4c1d8,,,,,9/11/1798,,1798,RUSTENBURG,1798,15/02/1884,1884,CRADOCK,03/04/1820,1820,SUSARA ALETTA,HATTINGH,BAVIAANSRIVIER,SOMERSET,1842,1842,J.C ESPAG,RUSTENBURG,,,
2039,VAN ROOYEN,VANROOYEN,VAN ROOYEN,GERRIT,Gerrit,b8c1d2,a1b8c1d2,VAN ROOYENa1b8c1d2,,,,,17/2/1782,,1782,,1782,,,KAAPSTAD,16/01/1803,1803,MARIA,VAN ROOYEN,COEGA,UITENHAGE,04/1840,1840,,NATAL,,,
2040,VAN ROOYEN,VANROOYEN,VAN ROOYEN,CORNELIS JOHANNES,Cornelis Johannes,b8c1d3e2,a1b8c1d3e2,VAN ROOYENa1b8c1d3e2,,30/10/1808,1808,,20/1/1811,1808,1811,,1808,,,,07/04/1834,1834,JOHANNA SUSANNA,JANSE VAN VUUREN,,,BETWEEN 14/08/1838 AND 06/1840,1840,ANDRIES W.J. PRETORIUS,NATAL,,,
2041,VAN ROOYEN,VANROOYEN,VAN ROOYEN,LUCAS MARTHINUS,Lucas Marthinus,b8c1d3e3,a1b8c1d3e3,VAN ROOYENa1b8c1d3e3,,5/8/1810,1810,GRAAFF-REINET,13/1/1811,1810,1811,UMVOTI,1810,18/07/1889,1889,UITENHAGE,06/07/1833,1833,ALETTA JOHANNA,POTGIETER,ONDER-BOESMANSRIVIER,UITENHAGE,END OF 1840,1840,,GREYTOWN,,,
2042,VAN ROOYEN,VANROOYEN,VAN ROOYEN,GERRIT HILGARD,Gerrit Hilgard,b8c1d3e4,a1b8c1d3e4,VAN ROOYENa1b8c1d3e4,,17/4/1813,1813,GRAAFF-REINET,17/7/1814,1813,1814,,1813,10/07/1868,1868,UITENHAGE,18/09/1834,1834,CHRISTINA JACOMINA,VAN ROOYEN,ONDER-BOESMANSRIVIER,UITENHAGE,04/1838,1838,GERRIT REYNIER VAN ROOYEN,,,,
2043,VAN ROOYEN,VANROOYEN,VAN ROOYEN,CORNELIS JOHANNES,Cornelis Johannes,b8c1d5e5,a1b8c1d5e5,VAN ROOYENa1b8c1d5e5,,12/11/1818,1818,UITENHAGE,18/4/1819,1818,1819,,1818,,,PIETERMARITZBURG,16/04/1843,1843,SUSANNA MARIA FRANCINA,LOTTER,ONDER-BOESMANSRIVIER,UITENHAGE,04/1838,1838,GERRIT REYNIER VAN ROOYEN,NATAL,,,
2044,VAN ROOYEN,VANROOYEN,VAN ROOYEN,THEODORUS CORNELIS,Theodorus Cornelis,b8c3b1e2,a1b8c3b1e2,VAN ROOYENa1b8c3b1e2,,,,,13/3/1808,,1808,,1808,27/09/1877,1877,,,,MARTHA MARIA,BOTHA,ONDER-BOESMANSRIVIER,UITENHAGE,04/1838,1838,GERRIT REYNIER VAN ROOYEN,NATAL,,,
2045,VAN ROOYEN,VANROOYEN,VAN ROOYEN,GERRIT THOMAS,Gerrit Thomas,b8c3d1,a1b8c3d1,VAN ROOYENa1b8c3d1,,3/11/1782,1782,,3/11/1782,1782,1782,,1782,,,,30/09/1804,1804,SUSANNA ELIZABETH,MINNIE,ONDER-BOESMANSRIVIER,UITENHAGE,04/1838,1838,GERRIT REYNIER VAN ROOYEN,NATAL,,,
2046,VAN ROOYEN,VANROOYEN,VAN ROOYEN,GERRIT THOMAS,Gerrit Thomas,b8c3d1e3,a1b8c3d1e3,VAN ROOYENa1b8c3d1e3,,7/12/1809,1809,SWELLENDAM,2/12/1810,1809,1810,,1809,,,UITENHAGE,31/03/1834,1834,MARIA ELIZABETH,VAN ROOYEN,ONDER-BOESMANSRIVIER,UITENHAGE,04/1838,1838,GERRIT REYNIER VAN ROOYEN,NATAL,,,
2047,VAN ROOYEN,VANROOYEN,VAN ROOYEN,PETRUS HENDRIK,Petrus Hendrik,b8c3d1e4,a1b8c3d1e4,VAN ROOYENa1b8c3d1e4,,19/8/1811,1811,SWELLENDAM,17/11/1811,1811,1811,NATAL,1811,04/07/1873,1873,,22/06/1838,1838,MARIA JACOBA FOURINA,BUCHNER,ONDER-BOESMANSRIVIER,UITENHAGE,04/1838,1838,GERRIT REYNIER VAN ROOYEN,GREYTOWN,,,
2048,VAN ROOYEN,VANROOYEN,VAN ROOYEN,ROELOF JOHANNES JURGEN,Roelof Johannes Jurgen,b8c3d1e5,a1b8c3d1e5,VAN ROOYENa1b8c3d1e5,,,,GEORGE,6/6/1813,,1813,,1813,,,,,,ELIZABETH JOHANNA ADRIANA,LE ROUX,ONDER-BOESMANSRIVIER,UITENHAGE,04/1838,1838,GERRIT REYNIER VAN ROOYEN,WINBURG,,,
2049,VAN ROOYEN,VANROOYEN,VAN ROOYEN,IGNATIUS MARTHINUS,Ignatius Marthinus,b8c3d1e7,a1b8c3d1e7,VAN ROOYENa1b8c3d1e7,,26/5/1817,1817,UITENHAGE,25/12/1817,1817,1817,,1817,,,PIETERMARITZBURG,02/1845,1845,JOHANNA CHRISTINA,PRETORIUS,ONDER-BOESMANSRIVIER,UITENHAGE,04/1838,1838,GERRIT REYNIER VAN ROOYEN,NATAL,,,
2050,VAN ROOYEN,VANROOYEN,VAN ROOYEN,ELEMANS JOACHIM,Elemans Joachim,b8c3d1e9,a1b8c3d1e9,VAN ROOYENa1b8c3d1e9,,22/7/1821,1821,UITENHAGE,5/8/1821,1821,1821,NATAL,1821,20/08/1890,1890,PIETERMARITZBURG,11/12/1847,1847,JOHANNA ELIZABETH,VAN ROOYEN,ONDER-BOESMANSRIVIER,UITENHAGE,04/1838,1838,GERRIT REYNIER VAN ROOYEN,UTRECHT,,,
2051,VAN ROOYEN,VANROOYEN,VAN ROOYEN,GERRIT REYNIER,Gerrit Reynier,b8c6d1,a1b8c6d1,VAN ROOYENa1b8c6d1,,,,,2/3/1788,,1788,,1788,,,KAAPSTAD,08/02/1807,1807,ADRIANA MARIA,KOCK,ONDER-BOESMANSRIVIER,UITENHAGE,17/04/1838,1838,GERRIT REYNIER VAN ROOYEN,NATAL,UITENHAGE,,
2052,VAN ROOYEN,VANROOYEN,VAN ROOYEN,ROELOF THEUNIS JOHANNES,Roelof Theunis Johannes,b8c6d12,a1b8c6d12,VAN ROOYENa1b8c6d12,GEORGE,,,,12/3/1809,,1809,UTRECHT,1809,28/07/1877,1877,UITENHAGE,21/06/1829,1829,MARIA SUSANNA ELIZABETH,POTGIETER,ONDER-BOESMANSRIVIER,UITENHAGE,BETWEEN 14/08/1838 AND 08/1840,1840,,UTRECHT,UITENHAGE,,
2053,VAN ROOYEN,VANROOYEN,VAN ROOYEN,STEPHANUS CHRISTIAAN,Stephanus Christiaan,b8c6d1e6,a1b8c6d1e6,VAN ROOYENa1b8c6d1e6,,16/9/1819,1819,,16/9/1819,1819,1819,,1819,13/10/1893,1893,,15/09/1845,1845,SUSANNA HELENA,BRUWER,ONDER-BOESMANSRIVIER,UITENHAGE,04/1838,1838,GERRIT REYNIER VAN ROOYEN,NATAL,,,
2054,VAN ROOYEN,VANROOYEN,VAN ROOYEN,CORNELIS JOHANNES,Cornelis Johannes,b8c6d1e7,a1b8c6d1e7,VAN ROOYENa1b8c6d1e7,,22/6/1821,1821,UITENHAGE,30/9/1821,1821,1821,NATAL,1821,15/03/1904,1904,,28/10/1846,1846,ELSIE MAGDALENA,POTGIETER,ONDER-BOESMANSRIVIER,UITENHAGE,04/1838,1838,GERRIT REYNIER VAN ROOYEN,NATAL,,,
2055,VAN ROOYEN,VANROOYEN,VAN ROOYEN,PETRUS HENDRIK,Petrus Hendrik,b8c6d1e8,a1b8c6d1e8,VAN ROOYENa1b8c6d1e8,,9/11/1824,1824,UITENHAGE,16/1/1825,1824,1825,,1824,13/06/1900,1900,,1848,1848,ELIZABETH FRANCINA,NEL,ONDER-BOESMANSRIVIER,UITENHAGE,04/1838,1838,GERRIT REYNIER VAN ROOYEN,NATAL,,,
2056,VAN ROOYEN,VANROOYEN,VAN ROOYEN,CHRISTIAAN STEPHANUS,Christiaan Stephanus,b8c6d3,a1b8c6d3,VAN ROOYENa1b8c6d3,,,,,10/4/1791,,1791,,1791,,,CALEDON,18/08/1811,1811,HESTER GERMINA RAUTENBACH,,,UITENHAGE,BETWEEN 1839 AND 1842,1842,,,UITENHAGE,,
2057,VAN ROOYEN,VANROOYEN,VAN ROOYEN,CHRISTIAAN STEPHANUS,Christiaan Stephanus,b8c6d3e4,a1b8c6d3e4,VAN ROOYENa1b8c6d3e4,,22/5/1817,1817,GEORGE,10/8/1817,1817,1817,,1817,,,UITENHAGE,12/03/1838,1838,HESTER ANTHOINETTE,VAN ROOYEN,,UITENHAGE,BETWEEN 31/03/1839 AND 04/04/1841,1841,,NATAL,,,
2058,VAN SCHALKWYK,VANSCHALKWYK,VAN SCHALKWYK,TOBIAS GERHARDUS,Tobias Gerhardus,b2c3d2e1f1,a1b2c3d2e1f1,VAN SCHALKWYKa1b2c3d2e1f1,,,,SWELLENDAM,26/12/1799,,1799,NATAL,1799,08/07/1844,1844,,,,,,ONDER-DUIVENHOKSRIVIER,SWELLENDAM,1839,1839,,PIETERMARITZBURG,,,
2059,VAN SCHALKWYK,VANSCHALKWYK,VAN SCHALKWYK,JOHANNES ADOLPH,Johannes Adolph,b2c3d2e1f9,a1b2c3d2e1f9,VAN SCHALKWYKa1b2c3d2e1f9,,12/4/1814,1814,SWELLENDAM,20/11/1814,1814,1814,UITENHAGE,1814,09/07/1862,1862,SWELLENDAM,22/04/1839,1839,SARA MAGDALENA ELIZABETH,JOUBERT,ONDER-DUIVENHOKSRIVIER,SWELLENDAM,13/07/1839,1839,,,,,
2060,VAN SCHALKWYK,VANSCHALKWYK,VAN SCHALKWYK,THEUNIS GERHARDUS,Theunis Gerhardus,b2c3d3e2f2,a1b2c3d3e2f2,VAN SCHALKWYKa1b2c3d3e2f2,,,,,1/4/1798,,1798,,1798,,,UITENHAGE,02/03/1823,1823,ANNA MARGARETHA FREDERIKA,SCHEEPERS,ONDER-BOESMANSRIVIER,UITENHAGE,11/1836,1836,J.S MARITZ,NATAL,,,
2061,VAN SCHALKWYK,VANSCHALKWYK,VAN SCHALKWYK,JOHAN CHRISTIAAN,Johan Christiaan,b2c3d3e2f3,a1b2c3d3e2f3,VAN SCHALKWYKa1b2c3d3e2f3,,,,SWELLENDAM,16/2/1800,,1800,KWAMATHIWANE,1800,06/02/1838,1838,UITENHAGE,11/04/1818,1818,ELSIE JOHANNA MAGDALENA,SCHEEPERS,ONDER-BOESMANSRIVIER,UITENHAGE,11/1836,1836,J.S MARITZ,NATAL,,,
2062,VAN SCHALKWYK,VANSCHALKWYK,VAN SCHALKWYK,GERHARDUS GERT COENRAAD (GERRIT),Gerhardus Gert Coenraad (Gerrit),b2c3d3e2f3g2,a1b2c3d3e2f3g2,VAN SCHALKWYKa1b2c3d3e2f3g2,,11/2/1821,1821,UITENHAGE,4/3/1821,1821,1821,,1821,,,PIETERMARITZBURG,04/03/1843,1843,MARIA ELIZABETH,MARITZ,ONDER-BOESMANSRIVIER,UITENHAGE,11/1836,1836,J.S MARITZ,NATAL,,,
2063,VAN SCHALKWYK,VANSCHALKWYK,VAN SCHALKWYK,PHILIPPUS LODEWICUS,Philippus Lodewicus,b2c3d3e2f6,a1b2c3d3e2f6,VAN SCHALKWYKa1b2c3d3e2f6,,12/12/1807,1807,SWELLENDAM,1/2/1809,1807,1809,,1807,,,UITENHAGE,01/05/1836,1836,JACOMINA ELIZABETH SUSANNA,OOSTHUIZEN,ONDER-BOESMANSRIVIER,UITENHAGE,BETWEEN 1843 AND 1846,1846,,NATAL,,,
2064,VAN STADEN,VANSTADEN,VAN STADEN,PHILIPPUS THEUNIS,Philippus Theunis,?b1c2d6e9f3?,?b1c2d6e9f3?,VAN STADEN?b1c2d6e9f3?,,5/8/1809,1809,,6/11/1809,1809,1809,MARICO,1809,26/05/1898,1898,UITENHAGE,12/05/1833,1833,JOHANNA CATHARINA,JOUBERT,WINTERHOEK,UITENHAGE,BEFORE 1842,1842,,,,,
2065,VAN STADEN,VANSTADEN,VAN STADEN,JOHANNES HENDRIK,Johannes Hendrik,b1c2d64f4,a1b1c2d64f4,VAN STADENa1b1c2d64f4,,,,,9/3/1800,,1800,,1800,,,BEAUFORT,05/12/1819,1819,MAGDALENA JOHANNA,DE KLERK,NUWEVELD,BEAUFORT,07/1837,1837,,,,,
2066,VAN STADEN,VANSTADEN,VAN STADEN,JACOBUS FREDERIK,Jacobus Frederik,b1c2d6e10f2,a1b1c2d6e10f2,VAN STADENa1b1c2d6e10f2,,,,UITENHAGE,7/11/1802,,1802,MIDDELBURG,1802,02/05/1891,1891,UITENHAGE,01/02/1824,1824,MARTHA MAGDALENA,JANSE VAN RENSBURG,BAVIAANSKLOOF,UITENHAGE,03/01/1837,1837,GERT MARITZ,RUSTENBURG,,,
2067,VAN STADEN,VANSTADEN,VAN STADEN,PETRUS JOHANNES SR.,Petrus Johannes Sr.,b1c2d6e10f3,a1b1c2d6e10f3,VAN STADENa1b1c2d6e10f3,,10/9/1804,1804,,5/5/1805,1804,1805,RUSTENBURG,1804,03/06/1892,1892,UITENHAGE,30/06/1822,1822,ANNA MARIA,SMIT,BAVIAANSKLOOF,UITENHAGE,03/01/1837,1837,FAMILY MOVE,RUSTENBURG,,,
2068,VAN STADEN,VANSTADEN,VAN STADEN,PETRUS JOHANNES JR.,Petrus Johannes Jr.,b1c2d6e10f3g1,a1b1c2d6e10f3g1,VAN STADENa1b1c2d6e10f3g1,,16/6/1823,1823,BEAUFORT,28/9/1823,1823,1823,RUSTENBURG,1823,4513,1912,,,,MARHTA MAGDALENA,VAN STADEN,BAVIANNSKLOOF,UITENHAGE,03/01/1837,1837,FAMILY MOVE,RUSTENBURG,,,
2069,VAN STADEN,VANSTADEN,VAN STADEN,JACOBUS FREDERIK,Jacobus Frederik,b1c2d6e11f1,a1b1c2d6e11f1,VAN STADENa1b1c2d6e11f1,,,,,23/01/1803,,1803,POTCHEFSTROOM,1803,1861,1861,,04/05/1825,1825,JOHANNA CATHARINA,VAN STADEN,WINTERHOEK,UITENHAGE,BEFORE 1840,1840,,POTCHEFSTROOM,,,
2070,VAN STADEN,VANSTADEN,VAN STADEN,HERMANUS JOHANNES,Hermanus Johannes,b1c2d6e11f5,a1b1c2d6e11f5,VAN STADENa1b1c2d6e11f5,,23/12/1810,1810,,5/6/1811,1810,1811,NYLSTROOM,1810,01/02/1886,1886,GEORGE,08/04/1832,1832,CHRISTINA CATHARINA,BOSHOFF,,BEAUFORT,01/1839,1839,,OHRIGSTAD,,,
2071,VAN STADEN,VANSTADEN,VAN STADEN,MARTHINUS JACOBUS,Marthinus Jacobus,b1c2d6e4f4g2,a1b1c2d6e4f4g2,VAN STADENa1b1c2d6e4f4g2,,24/7/1822,1822,BEAUFORT,6/10/1822,1822,1822,ERASMUS,1822,05/03/1898,1898,,,,ANNA CECILIA,,NUWEVELD,BEAUFORT,07/1837,1837,JACOB DE KLERK JR.,,,,
2072,VAN STADEN,VANSTADEN,VAN STADEN,NICOLAAS HERMANUS,Nicolaas Hermanus,b1c2d6e4f8,a1b1c2d6e4f8,VAN STADENa1b1c2d6e4f8,,2/7/1808,1808,,26/11/1809,1808,1809,POTCHEFSTROOM,1808,02/03/1872,1872,BEAUFORT,13/09/1839,1839,ANNA CECILIA,NORTJE,NUWEVELD,BEAUFORT,BEFORE 1842,1842,,,,,
2073,VAN STADEN,VANSTADEN,VAN STADEN,CHRISTIAAN PHILIP,Christiaan Philip,b1c2d6e5,a1b1c2d6e5,VAN STADENa1b1c2d6e5,,,,,29/03/1771,,1771,,1771,,,,,,ANNA ELIZABETH,VAN NIMWEGEN,WINTERBERG,ALBANY,02/1837,1837,P. RETIEF,,,,
2074,VAN STADEN,VANSTADEN,VAN STADEN,JACOBUS FREDERIK,Jacobus Frederik,b1c2d6e5f1,a1b1c2d6e5f1,VAN STADENa1b1c2d6e5f1,,,,,10/8/1794,,1794,,1794,,,GRAAFF-REINET,18/08/1816,1816,MARGARETHA ELIZABETH,BEZUIDENHOUT,NUWEVELD,BEAUFORT,BEFORE1841,1841,,OHRIGSTAD,,,
2075,VAN STADEN,VANSTADEN,VAN STADEN,CHRISTIAAN JOHANNES,Christiaan Johannes,b1c2d6e5f2,a1b1c2d6e5f2,VAN STADENa1b1c2d6e5f2,,,,,28/7/1799,,1799,,1799,,,GRAHAMSTAD,12/12/1825,1825,SUSARA ELIZABETH,VAN DER LINDE,WINTERBERG,ALBANY,02/1837,1837,PIET RETIEF,,,,
2076,VAN STADEN,VANSTADEN,VAN STADEN,JOHANNES JURGEN,Johannes Jurgen,b1c2d6e5f3,a1b1c2d6e5f3,VAN STADENa1b1c2d6e5f3,,4/8/1803,1803,,,1803,,,1803,,,GRAHAMSTAD,13/03/1826,1826,ANNA CATHARINA,VAN DER LINDE,WINTERBERG,ALBANY,02/1837,1837,PIET RETIEF,POTCHEFSTROOM,,,
2077,VAN STADEN,VANSTADEN,VAN STADEN,PETRUS JOHANNES,Petrus Johannes,b1c2d6e6f1g4,a1b1c2d6e6f1g4,VAN STADENa1b1c2d6e6f1g4,GRAAFF-REINET,8/11/1825,1825,BEAUFORT,29/1/1826,1825,1826,WATERBERG,1825,31/03/1886,1886,POTCHEFSTROOM,03/09/1845,1845,MARIA ELIZABETH,VAN STADEN,NUWEVELD,BEAUFORT,,,,,,,
2078,VAN STADEN,VANSTADEN,VAN STADEN,JOHANNES JURIE,Johannes Jurie,b1c2d6e8f3,a1b1c2d6e8f3,VAN STADENa1b1c2d6e8f3,,8/11/1806,1806,,2/8/1807,1806,1807,ONVERWACHT,1806,24/05/1898,1898,UITENHAGE,26/12/1826,1826,SUSANNA JOSINA,VILJOEN,,UITENHAGE,BETWEEN 1840 AND 1842,1842,,,,,
2079,VAN STADEN,VANSTADEN,VAN STADEN,PHILIPPUS THEUNIS,Philippus Theunis,b1c2d6e9,a1b1c2d6e9,VAN STADENa1b1c2d6e9,,,,,20/12/1778,,1778,,1778,,,KAAPSTAD,03/06/1804,1804,SARA JOHANNA,SCHEEPERS,WINTERHOEK,UITENHAGE,1838,1838,,NATAL,,,
2080,VAN STADEN,VANSTADEN,VAN STADEN,JACOBUS FREDERIK,Jacobus Frederik,b1c2d6e9f1,a1b1c2d6e9f1,VAN STADENa1b1c2d6e9f1,,2/5/1805,1805,,11/5/1806,1805,1806,VRYHEID,1805,10/12/1901,1901,UITENHAGE,17/06/1825,1825,MARIA CATHARINA,MULLER,WINTERHOEK,UITENHAGE,,,,NATAL,,,
2081,VAN STADEN,VANSTADEN,VAN STADEN,PHILIPPUS THEUNIS,Philippus Theunis,b1c2d6e9f1g1,a1b1c2d6e9f1g1,VAN STADENa1b1c2d6e9f1g1,,25/8/1825,1825,,2/10/1825,1825,1825,WATERBERG,1825,1884,1884,GLEN LYNDEN,03/04/1848,1848,HESTER MARGARETHA,SNYMAN,WINTERHOEK,UITENHAGE,,,,NATAL,,,
2082,VAN STADEN,VANSTADEN,VAN STADEN,GERHARDUS STEPHANUS,Gerhardus Stephanus,b1c2d6e9f2,a1b1c2d6e9f2,VAN STADENa1b1c2d6e9f2,,,,,30/10/1808,,1808,NATAL,1808,27/12/1838,1838,UITENHAGE,02/03/1828,1828,MARIA CATHARINA,PRINSLOO,WINTERBERG,ALBANY,02/1837,1837,P. RETIEF,,,,
2083,VAN STADEN,VANSTADEN,VAN STADEN,MARTHINUS PETRUS,Marthinus Petrus,b1c2d7e1,a1b1c2d7e1,VAN STADENa1b1c2d7e1,,,,,9/7/1775,,1775,,1775,,,,02/12/1798,1798,SUSANNA ELIZABETH,VILJOEN,RIETRIVIER,UITENHAGE,02/1837,1837,P. RETIEF,,,,
2084,VAN STADEN,VANSTADEN,VAN STADEN,MARTHINUS JACOBUS,Marthinus Jacobus,b1c2d7e1f2,a1b1c2d7e1f2,VAN STADENa1b1c2d7e1f2,,,,,21/10/1804,,1804,SCHOEMANSDAL,1804,22/06/1863,1863,,,,HESTER SUSANNA,JANSE VAN VUUREN,RIETRIVIER,UITENHAGE,02/1837,1837,PIET RETIEF,,POTCHEFSTROOM,,
2085,VAN STADEN,VANSTADEN,VAN STADEN,PETRUS JOHANNES,Petrus Johannes,b1c2d7e1f8,a1b1c2d7e1f8,VAN STADENa1b1c2d7e1f8,,29/5/1823,1823,UITENHAGE,21/3/1824,1823,1824,ZOUTPANSBERG,1823,10/06/1897,1897,,,,LOUISA FRANCINA,JACOBZ,RIETRIVIER,UITENHAGE,,,,,,,
2086,VAN STADEN,VANSTADEN,VAN STADEN,PETRUS,Petrus,b6c2d8,a1b6c2d8,VAN STADENa1b6c2d8,,,,,1/3/1772,,1772,,1772,,,SWELLENDAM,08/05/1796,1796,HESTER ANTHOINETTA,SCHEEPERS,ONDER-BOESMANSRIVIER,UITENHAGE,04/1838,1838,GERRIT REYNIER VAN ROOYEN,,,,
2087,VAN STADEN,VANSTADEN,VAN STADEN,MARTHINUS JOHANNES,Marthinus Johannes,b6c2d8e5,a1b6c2d8e5,VAN STADENa1b6c2d8e5,,,,,18/5/1807,,1807,POTCHEFSTROOM,1807,1875,1875,UITENHAGE,23/12/1827,1827,SUSANNA JACOBA,VAN ROOYEN,ONDER-BOESMANSRIVIER,UITENHAGE,04/1838,1838,GERRIT REYNIER VAN ROOYEN,,,,
2088,VAN STRATEN,VANSTRATEN,VAN STRATEN,JACOB ABRAHAM,Jacob Abraham,b1c1,a1b1c1,VAN STRATENa1b1c1,,,,,28/10/1787,,1787,,1787,,,,,,MARIA JOHANNA ELIZABETH,PRINSLOO,OOS-RIETRIVIER,SOMERSET,20/06/1837,1837,,BAVIAANSRIVIER,GLEN LYNDEN,,
2089,VAN STRATEN,VANSTRATEN,VAN STRATEN,THEUNIS CHRISTIAAN,Theunis Christiaan,b1c11,a1b1c11,VAN STRATENa1b1c11,,,,,4/3/1810,,1810,,1810,,,,,,,,BUFFELSHOEK,GRAAFF-REINET,05/1839,1839,,NATAL,,,
2090,VAN STRATEN,VANSTRATEN,VAN STRATEN,ABRAHAM STEPHANUS,Abraham Stephanus,b1c2d6,a1b1c2d6,VAN STRATENa1b1c2d6,,17/6/1820,1820,GRAAFF-REINET,5/11/1820,1820,1820,,1820,,,CRADOCK,26/10/1834,1834,DOROTHEA CORNELIA MARTHINA,VAN DEVENTER,OOS-RIETRIVIER,SOMERSET,20/06/1837,1837,,,,,
2091,VAN STRATEN,VANSTRATEN,VAN STRATEN,FRANCOIS CORNELIUS,Francois Cornelius,b1c8,a1b1c8,VAN STRATENa1b1c8,,,,,13/5/1804,,1804,,1804,,,GRAAFF-REINET,08/07/1832,1832,JOHANNA CAROLINA,ROOS,BUFFELSHOEK,GRAAFF-REINET,03/1842,1842,,POTCHEFSTROOM,,,
2092,VAN TONDER,VANTONDER,VAN TONDER,WILLEM MARTHINUS,Willem Marthinus,b3c1d2e4,a1b3c1d2e4,VAN TONDERa1b3c1d2e4,,28/3/1793,1793,,12/5/1793,1793,1793,,1793,22/07/1870,1870,GRAAFF-REINET,04/08/1816,1816,MARIA ANNA CATHARINA,PELTZER,TARKA,SOMERSET,1841,1841,,BETHULIE,CRADOCK,,
2093,VAN TONDER,VANTONDER,VAN TONDER,CORNELIS JOHANNES PETRUS,Cornelis Johannes Petrus,b3c1d2e5f3,a1b3c1d2e5f3,VAN TONDERa1b3c1d2e5f3,,,,,20/10/1823,,1823,RUSTENBERG,1823,23/4/1876,1876,,,,HESTER CATHARINA,OOSTHUIZEN,,CRADOCK,1842,1842,,RUSTENBURG,,,
2094,VAN TONDER,VANTONDER,VAN TONDER,SUSANNA GEERTRUYDA,Susanna Geertruyda,b3c2d2,a1b3c2d2,VAN TONDERa1b3c2d2,,,,PAARL,08/07/1874,,1874,,1874,,,KAAPSTAD,21/02/1802,1802,CHRISTIAAN,CLOETE,LANGEBERG,SWELLENDAM,11/07/1837,1837,,,,,
2095,VAN TONDER,VANTONDER,VAN TONDER,JOHANNES,Johannes,b3c2d3,a1b3c2d3,VAN TONDERa1b3c2d3,,,,KAAPSTAD,23/1/1788,,1788,NATAL,1788,24/11/1855,1855,SWELLENDAM,06/07/1806,1806,MAGDALENA (OF HELENA) CATHARINA,NORTJE,ONDER-BOESMANSRIVIER,UITENHAGE,10/1837,1837,K.P. LANDMAN,NATAL,,,
2096,VAN TONDER,VANTONDER,VAN TONDER,ANDRIES JOHANNES,Andries Johannes,b3c2d3e1,a1b3c2d3e1,VAN TONDERa1b3c2d3e1,,7/6/1807,1807,SWELLENDAM,26/3/1808,1807,1808,NATAL,1807,08/02/1886,1886,CRADOCK,12/08/1838,1838,JUDITH MARGARETHA,ODENDAAL,ONDER-BOESMANSRIVIER,UITENHAGE,1839,1839,,NATAL,,,
2097,VAN TONDER,VANTONDER,VAN TONDER,JACOB JOHANNES PETRUS,Jacob Johannes Petrus,b3c2d3e4,a1b3c2d3e4,VAN TONDERa1b3c2d3e4,,,,SWELLENDAM,6/10/1811,,1811,,1811,27/10/1857,1857,,,,ELIZABETH MARGARETHA DOROTHEA,BLOMERUS,ONDER-BOESMANSRIVIER,UITENHAGE,10/1837,1837,K.P. LANDMAN,NATAL,,,
2098,VAN TONDER,VANTONDER,VAN TONDER,CORNELIS WYNAND,Cornelis Wynand,b3c2d3e6,a1b3c2d3e6,VAN TONDERa1b3c2d3e6,,15/10/1818,1818,GEORGE,11/4/1819,1818,1819,,1818,,,,,,MARIA ELZABETH,VILJOEN,ONDER-BOESMANSRIVIER,UITENHAGE,10/1837,1837,K.P. LANDMAN,NATAL,,,
2099,VAN TONDER,VANTONDER,VAN TONDER,ADRIAAN JACOBUS,Adriaan Jacobus,b3c3d2e1,a1b3c3d2e1,VAN TONDERa1b3c3d2e1,,3/1/1809,1809,STELLENBOSCH,16/7/1809,1809,1809,MIDDELBURG,1809,13/09/1896,1896,PIETERMARITZBURG,18/07/1840,1840,ANNA MARGARETHA,STOOP,BRUINTJIESHOOGTE,SOMERSET,BEFORE 07/1840,1840,,NATAL,,,
2100,VAN TONDER,VANTONDER,VAN TONDER,ROELOF CHRISTOFFEL,Roelof Christoffel,b3c8d6,a1b3c8d6,VAN TONDERa1b3c8d6,,,,SWELLENDAM,5/4/1807,,1807,,1807,24/3/1888,1888,SWELLENDAM,30/12/1832,1832,HESTER MARIA ELIZABETH,NEL,,,04/1842,1842,,TRANSORANJE,,,
2101,VAN TONDER,VANTONDER,VAN TONDER,ANDRIES JOHANNES,Andries Johannes,b7c1d4,a1b7c1d4,VAN TONDERa1b7c1d4,,,,STELLENBOSCH,27/9/1792,,1792,WES-KAAP,1792,16/03/1881,1881,SWELLENDAM,06/10/1810,1810,CHARLOTTA MARIA GEERTRUYDA,VAN DEN BERG,SWARTBERG,SWELLENDAM,1837,1837,,TRANSORANJE,,,
2102,VAN TONDER,VANTONDER,VAN TONDER,ANDRIES JOHANNES JACOBUS,Andries Johannes Jacobus,b7c1d4e1,a1b7c1d4e1,VAN TONDERa1b7c1d4e1,,,,SWELLENDAM,10/11/1811,,1811,OVS,1811,24/04/1887,1887,SWELLENDAM,05/03/1831,1831,CORNELIA SUSANNA ELIZABETH,ALBERTS,SWARTBERG,SWELLENDAM,,,,BLOEMFONTEIN,,,
2103,VAN TONDER,VANTONDER,VAN TONDER,FREDERIK JOHANNES,Frederik Johannes,b7c5d3,a1b7c5d3,VAN TONDERa1b7c5d3,,,,,8/10/1797,,1797,,1797,,,SWELLENDAM,08/12/1816,1816,CORNELIA CAROLINA,OOSTHUIZEN,LANGEBERG,SWELLENDAM,26/09/1839,1839,,,,,
2104,VAN VUUREN,VANVUUREN,VAN VUUREN,LOURENS JANSE,Lourens Janse,b2c3d10,a1b2c3d10,VAN VUURENa1b2c3d10,,,,KAAPSTAD,27/5/1770,,1770,,1770,,,,,,MARTHA ALETTA,VAN VUUREN,MIDDELVELD,GRAAFF-REINET,1836,1836,A.H POTGIETER,KLERKSDORP,,,
2105,VAN VUUREN,VANVUUREN,VAN VUUREN,JOHANNES GERHARDUS JANSE,Johannes Gerhardus Janse,b2c3d10e6,a1b2c3d10e6,VAN VUURENa1b2c3d10e6,,29/12/1812,1812,,,1812,,"JAKKALSFONTEIN, KLERKSDORP",1812,31/1/1888,1888,,05/03/1837,1837,MARIA ALETTA,BRITS,MIDDELVELD,GRAAFF-REINET,1836,1836,A.H POTGIETER,KLERKSDORP,,,
2106,VAN VUUREN,VANVUUREN,VAN VUUREN,LUCAS RUDOLPH JANSE,Lucas Rudolph Janse,b2c3d10e7,a1b2c3d10e7,VAN VUURENa1b2c3d10e7,,26/1/1821,1821,,,1821,,"DE POORTJE, GATSRAND, POTCHEFSTROOM",1821,26/11/1912,1912,,,,,,,,,,,,,,
2107,VAN VUUREN,VANVUUREN,VAN VUUREN,JOHANNES JANSE,Johannes Janse,b2c3d1e4,a1b2c3d1e4,VAN VUURENa1b2c3d1e4,,,,KAAPSTAD,21/9/1783,,1783,"KRANSPOORT, MIDDELBURG",1783,24/6/1865,1865,,,,MARGARETHA,BRITS,BO-OLIFANTSRIVIER,GEORGE,1836,1836,A.H POTGIETER,,,,
2108,VAN VUUREN,VANVUUREN,VAN VUUREN,ROELOF JOHANNES JANSE,Roelof Johannes Janse,b2c3d1e4f1,a1b2c3d1e4f1,VAN VUURENa1b2c3d1e4f1,"BO-OLIFANTSRIVIER, GEORGE",4/3/1814,1814,,,1814,,"WILLOWKLOOF, VROEER DEEL VAN KRANSPOORT, NABY ESTANCIA, ERMELO",1814,1/9/1881,1881,,,,ELSIE SOPHIA CATHARINA MARIA,NEL,,BEAUFORT,1836,1836,A.H POTGIETER,MIDDELBURG,,,
2109,VAN VUUREN,VANVUUREN,VAN VUUREN,PETRUS LOURENS JANSE,Petrus Lourens Janse,b2c3d3e5,a1b2c3d3e5,VAN VUURENa1b2c3d3e5,,17/3/1812,1812,,,1812,,"KOEDOESFONTEIN NO.12, POTCHEFSTROOM",1812,3/10/1889,1889,,,,FRANCINA MARTHA,BASSON,BUFFELSHOEK,GRAAFF-REINET,BEFORE 06/1837,1837,,POTCHEFSTROOM,,13/11/1892,
2110,VAN VUUREN,VANVUUREN,VAN VUUREN,DANIEL JANSE,Daniel Janse,b2c3d8,a1b2c3d8,VAN VUURENa1b2c3d8,,,,STELLENBOSCH,7/9/1767,,1767,,1767,,,,27/09/1789,1789,MARIA ELIZABETH,VAN STADEN,ONDER-BOESMANSRIVIER,UITENHAGE,04/1838,1838,GERRIT REYNIER VAN ROOYEN,VALSRIVIER,,,
2111,VAN VUUREN,VANVUUREN,VAN VUUREN,JOHANNUS JANSE,Johannus Janse,b2c3d8e1,a1b2c3d8e1,VAN VUURENa1b2c3d8e1,,,,GRAAFF-REINET,6/4/1794,,1794,,1794,VOOR 1875,1875,,,,MARIA SUSANNA,JANSE VAN VUUREN,ONDER-BOESMANSRIVIER,UITENHAGE,04/1838,1838,GERRIT REYNIER VAN ROOYEN,ZAR,,,
2112,VAN VUUREN,VANVUUREN,VAN VUUREN,LUCAS GERHARDUS JANSE,Lucas Gerhardus Janse,b2c3d8e7,a1b2c3d8e7,VAN VUURENa1b2c3d8e7,,17/6/1819,1819,,,1819,,"RIETFONTEIN NO.659, POTCHEFSTROOM",1819,JULIE 1912,1912,,,,SUSANNA CATHARINA,MARX,ONDER-BOESMANSRIVIER,UITENHAGE,04/1838,1838,GERRIT REYNIER VAN ROOYEN,POTCHEFSTROOM,,,
2113,VAN VUUREN,VANVUUREN,VAN VUUREN,ROELOF PETRUS JANSE,Roelof Petrus Janse,b2c3d8e8,a1b2c3d8e8,VAN VUURENa1b2c3d8e8,,27/3/1821,1821,UITENHAGE,,1821,,"BUFFELSHOEK, POTCHEFSTROOM",1821,1886,1886,,,,MARIA ELIZABETH,VILJOEN,ONDER-BOESMANSRIVIER,UITENHAGE,04/1838,1838,GERRIT REYNIER VAN ROOYEN,POTCHEFSTROOM,,,
2114,VAN VUUREN,VANVUUREN,VAN VUUREN,LOURENS PETRUS JANSE,Lourens Petrus Janse,b2c4d10e4,a1b2c4d10e4,VAN VUURENa1b2c4d10e4,,6/7/1804,1804,SWELLENDAM,21/10/1804 (?),1804,(?),"KLIPSPRUIT, WOLMARANSSTAD",1804,11/3/1872,1872,,,,MAGDALENA DOROTHEA,JANSE(N) VAN RENSBURG,MIDDELVELD,GRAAFF-REINET,1836,1836,A.H POTGIETER,,,,
2115,VAN VUUREN,VANVUUREN,VAN VUUREN,HESTER JANSE (WEDUWEE RUDOLPH J.BRONKHORST),Hester Janse (Weduwee Rudolph J.Bronkhorst),b2c4d11,a1b2c4d11,VAN VUURENa1b2c4d11,,,,KAAPSTAD,26/9/1773,,1773,,1773,,,,30/12/1787,1787,RUDOLPH JOHANNES,BRONKHORST,,BEAUFORT,1836,1836,A.H POTGIETER,OHRIGSTAD,,,
2116,VAN VUUREN,VANVUUREN,VAN VUUREN,HENDRIK LOURENS JANSE,Hendrik Lourens Janse,b2c4d3e3f2,a1b2c4d3e3f2,VAN VUURENa1b2c4d3e3f2,,2/4/1806,1806,SWELLENDAM,20/4/1806,1806,1806,"SMITHFIELD, OVS",1806,12/9/1860,1860,,,,CHRISTINA GEZINA,VAN BILJON,CRADOCK,SOMERSET,BEFORE 1837,1837,,TRANSORANJE,,,
2117,VAN VUUREN,VANVUUREN,VAN VUUREN,GERHARDUS JOHANNES JANSE,Gerhardus Johannes Janse,b2c4d3e3f5,a1b2c4d3e3f5,VAN VUURENa1b2c4d3e3f5,,22/9/1814,1814,,,1814,,"BULTFONTEIN, KROONSTAD",1814,13/3/1863,1863,CRADOCK,05/04/1835,1835,MARIA MAGDALENA FRANCINA,PRETORIUS,CRADOCK,SOMERSET,BEFORE 13/11/1837,1837,,POTCHEFSTROOM,,,
2118,VAN VUUREN,VANVUUREN,VAN VUUREN,PETRUS JACOBUS JANSE,Petrus Jacobus Janse,b2c4d3e3f6,a1b2c4d3e3f6,VAN VUURENa1b2c4d3e3f6,,29/8/1817,1817,,,1817,,"KONSENTRASIEKAMP, VREDEFORT",1817,5/11/1901,1901,NATAL,17/11/1838,1838,SUSANNA JACOBA,VAN STADEN,OOS-RIETRIVIER,SOMERSET,BEFORE 11/1838,1838,,NATAL,,,
2119,VAN VUUREN,VANVUUREN,VAN VUUREN,LUCAS CORNELIS JANSE,Lucas Cornelis Janse,b2c4d4e1f10,a1b2c4d4e1f10,VAN VUURENa1b2c4d4e1f10,,14/8/1824,1824,,,1824,,,1824,,,,07/04/1845,1845,SUSANNA GERTRUIDA,JANSE VAN VUUREN,,UITENHAGE,BEFORE 1845,1845,,,,,
2120,VAN VUUREN,VANVUUREN,VAN VUUREN,STEPHANUS JOHANNES JANSE SR.,Stephanus Johannes Janse Sr.,b2c4d5e2,a1b2c4d5e2,VAN VUURENa1b2c4d5e2,,,,TULBAGH,23/10/1781,,1781,"BOSCHFONTEIN, PMB.",1781,17/2/1865,1865,,02/05/1802,1802,MARIA CATHARINA,JANSE VAN VUUREN,BO-BOESMANSRIVIER,SOMERSET,03/1837,1837,,PIETERMARITZBURG,,,
2121,VAN VUUREN,VANVUUREN,VAN VUUREN,STEPHANUS JOHANNES JANSE JR.,Stephanus Johannes Janse Jr.,b2c4d5e2f5,a1b2c4d5e2f5,VAN VUURENa1b2c4d5e2f5,,27/7/1816,1816,,,1816,,"LEEUDOORNS, WYK ZOUTPAN NO.2, LICHTENBURG",1816,1/2/1890,1890,NATAL,05/02/1842,1842,PETRONELLA GEERTRUIDA,JANSE VAN VUUREN,KLAAS SMITSRIVIER,SOMERSET,1837,1837,,NATAL,,,
2122,VAN VUUREN,VANVUUREN,VAN VUUREN,DANIEL RUDOPLH JANSE,Daniel Rudoplh Janse,b2c4d5e6,a1b2c4d5e6,VAN VUURENa1b2c4d5e6,,,,TULBAGH,5/11/1790,,1790,"WILGEBOOMSPRUIT, MARICO",1790,VOOR 1869,1869,,,,SOPHIA ALETTA,BEZUIDENHOUT,TRAKA,BEAUFORT,04 OR 05/1838,1838,P.D JACOBS,MARICO,,,
2123,VAN VUUREN,VANVUUREN,VAN VUUREN,JOHANNES MARTINUS JANSE,Johannes Martinus Janse,b2c4d5e6f1,a1b2c4d5e6f1,VAN VUURENa1b2c4d5e6f1,SWARTBERG,20/4/1817,1817,,,1817,,"WITFONTEIN, MARICO",1817,7/12/1883,1883,,,,RACHEL JACOBA,LIEBENBERG,TRAKA,BEAUFORT,04 OR 05/1838,1838,P.D JACOBS,MARICO,,,
2124,VAN VUUREN,VANVUUREN,VAN VUUREN,DANIEL RUDOPLH JANSE,Daniel Rudoplh Janse,b2c4d5e6f2,a1b2c4d5e6f2,VAN VUURENa1b2c4d5e6f2,,24/4/1819,1819,,,1819,,"KONSENTRASIEKAMP, MIDDELBURG TVL.",1819,17/4/1902,1902,,,,MARGARETHA JACOBA,VAN VUUREN,TRAKA,BEAUFORT,04 OR 05/1838,1838,P.D JACOBS,MARICO,,,
2125,VAN VUUREN,VANVUUREN,VAN VUUREN,JOHANNES MARTHINUS JANSE,Johannes Marthinus Janse,b2c4d5e7,a1b2c4d5e7,VAN VUURENa1b2c4d5e7,GROOT-SWARTBERG,16/12/1792,1792,GRAAFF-REINET,,1792,,"RIETFONTEIN, KLEIN-MARICO",1792,16/3/1877,1877,,,,JOHANNA FRANCINA,GOUWS/GOUS,GROOT-SWARTBERG,BEAUFORT,04 OR 05/1838,1838,P.D JACOBS,KLEIN-MARICO,,,
2126,VAN VUUREN,VANVUUREN,VAN VUUREN,DANIEL JOHANNES MARTHINUS JANSE,Daniel Johannes Marthinus Janse,b2c4d5e7f2,a1b2c4d5e7f2,VAN VUURENa1b2c4d5e7f2,GRAAFF-REINET,29/10/1820,1820,,,1820,,"KONSENTRASIEKAMP, NYLSTROOM",1820,21/8/1901,1901,,,,SARA CORNELIA,JANSE VAN VUUREN,GROOT-SWARTBERG,BEAUFORT,04 OR 05/1838,1838,P.D JACOBS,TRANSORANJE,,,
2127,VAN VUUREN,VANVUUREN,VAN VUUREN,PETRUS JOHANNES JANSE,Petrus Johannes Janse,b2c4d5e7f4,a1b2c4d5e7f4,VAN VUURENa1b2c4d5e7f4,,29/11/1824,1824,,,1824,,,1824,,,,,,FRANCINA CAROLINA JOHANNA,SMIT,GROOT-SWARTBERG,BEAUFORT,04 OR 05/1838,1838,P.D JACOBS,MARICO,,,
2128,VAN VUUREN,VANVUUREN,VAN VUUREN,CHRISTOFFEL JOHANNES JANSE,Christoffel Johannes Janse,b2c4d83f7,a1b2c4d83f7,VAN VUURENa1b2c4d83f7,GRAAFF-REINET,23/10/1825,1825,,,1825,,"RIETFONTEIN, POTCHEFSTROOM",1825,16/2/1903,1903,,,,CLARA ISABELLA MARIA ELIZABETH LOUISA,DU PLESSIS,ONDER-SEEKOEIRIVIER,GRAAFF-REINET,1836,1836,A.H POTGIETER,POTCHEFSTROOM,,,
2129,VAN VUUREN,VANVUUREN,VAN VUUREN,STEPHANUS PETRUS JANSE SR.,Stephanus Petrus Janse Sr.,b2c4d8e3,a1b2c4d8e3,VAN VUURENa1b2c4d8e3,,30/8/1792,1792,GRAAFF-REINET,1/4/1793,1792,1793,"ROOIPOORTJIE, WYK VAALRIVIER, POTCHEFSTROOM",1792,,,,04/10/1813,1813,CORNELIA MARIA,VAN DER MERWE,ONDER-SEEKOEIRIVIER,GRAAFF-REINET,1836,1836,A.H POTGIETER,POTCHEFSTROOM,,,
2130,VAN VUUREN,VANVUUREN,VAN VUUREN,STEPHANUS PETRUS JANSE JR.,Stephanus Petrus Janse Jr.,b2c4d8e3f1,a1b2c4d8e3f1,VAN VUURENa1b2c4d8e3f1,GRAAFF-REINET,6/7/1814,1814,,,1814,,"EIGENAARSFONTEIN, POTCHEFSTROOM",1814,31/12/1882,1882,,,,MAGDALENA,PRETORIUS,ONDER-SEEKOEIRIVIER,GRAAFF-REINET,,,A.H POTGIETER,POTCHEFSTROOM,,,
2131,VAN VUUREN,VANVUUREN,VAN VUUREN,JACOBUS JEREMIAS JANSE,Jacobus Jeremias Janse,b2c4d8e3f2,a1b2c4d8e3f2,VAN VUURENa1b2c4d8e3f2,GRAAFF-REINET,2/11/1816,1816,,,1816,,"WITPOORT, KLIPPLAATSDRIF, VENTERSDORP",1816,1/10/1872,1872,,,,SARA JOHANNA SOPHIA,VENTER,ONDER-SEEKOEIRIVIER,GRAAFF-REINET,BEFORE 1838,1838,,,,,
2132,VAN VUUREN,VANVUUREN,VAN VUUREN,GERRIT (GERT) JOHANNES JANSE,Gerrit (Gert) Johannes Janse,b2c4d8e3f4,a1b2c4d8e3f4,VAN VUURENa1b2c4d8e3f4,,24/2/1820,1820,,,1820,,"BUFFELSHOEK NO. 629, POTCHEFSTROOM",1820,12/8/1886,1886,POTCHEFSTROOM,08/03/1840,1840,MARIA ELIZABETH,JANSE VAN VUUREN,ONDER-SEEKOEIRIVIER,GRAAFF-REINET,1836,1836,,,,,
2133,VAN VUUREN,VANVUUREN,VAN VUUREN,DAVID SCHALK JANSE,David Schalk Janse,b2c4d8e3f5,a1b2c4d8e3f5,VAN VUURENa1b2c4d8e3f5,,4/4/1822,1822,,,1822,,"DRIEFONTEIN, POTCHEFSTROOM",1822,4/4/1889,1889,,,,GERTUIDA JOHANNA DOROTHEA MAGDALENA,DU PLESSIS,ONDER-SEEKOEIRIVIER,GRAAFF-REINET,1836,1836,A.H POTGIETER,POTCHEFSTROOM,,,
2134,VAN VUUREN,VANVUUREN,VAN VUUREN,LUCAS CORNELIS JANSE,Lucas Cornelis Janse,b2c4d8e3f6,a1b2c4d8e3f6,VAN VUURENa1b2c4d8e3f6,GRAAFF-REINET,29/9/1823,1823,,,1823,,"TWEEFONTEIN, WAKKERSTROOM",1823,31/1/1895,1895,,,,SARA JOHANNA,VAN DER MERWE,ONDER-SEEKOEIRIVIER,GRAAFF-REINET,1836,1836,A.H POTGIETER,WAKKERSTROOM,,,
2135,VAN WYK,VANWYK,VAN WYK,HENDRIK JOHANNES JACOBUS RUDOLPH,Hendrik Johannes Jacobus Rudolph,b1c3d9e6f4,a1b1c3d9e6f4,VAN WYKa1b1c3d9e6f4,,4/1/1810,1810,,11/10/1812,1810,1812,LADYBRAND,1810,31/7/1876,1876,SOMERSET,02/12/1832,1832,SUSANNA FREDRIKA,MINNIE,,CRADOCK,1844,1844,,,,,
2136,VAN WYK,VANWYK,VAN WYK,JACOB PIETER,Jacob Pieter,b1c5d1e2f3,a1b1c5d1e2f3,VAN WYKa1b1c5d1e2f3,ROGGEVELD,27/9/1804,1804,TULBAGH,21/9/1805,1804,1805,"GLADDEDRIFT, KROONSTAD",1804,6/5/1863,1863,GRAAFF-REINET,04/10/1824,1824,CATHARINA JOHANNA,LIEBENBERG,,COLESBERG,04/1842,1842,,BOTHAVILLE,,,
2137,VAN WYK,VANWYK,VAN WYK,ADRIAAN PIETER,Adriaan Pieter,b1c5d1e4f3,a1b1c5d1e4f3,VAN WYKa1b1c5d1e4f3,,24/3/1804,1804,TULBAGH,22/9/1805,1804,1805,,1804,,,,,,GEERTRUYDA WILHELMINA FRANCINA,STEENKAMP,AGTER-SNEEUBERG,SOMERSET,06/1837,1837,,WINBURG,,,
2138,VAN WYK,VANWYK,VAN WYK,CASPER JAN HENDRIK,Casper Jan Hendrik,b1c5d3e1f4g2,a1b1c5d3e1f4g2,VAN WYKa1b1c5d3e1f4g2,,8/4/1806,1806,GRAAFF-REINET,11/5/1806,1806,1806,"SCHILPADFONTEIN, CALEDONRIVIER (SMITHFIELD)",1806,22/9/1878,1878,CRADOCK,05/06/1825,1825,LASYA HENDRINA,KRUGER,COLESBERG,,,,,OHRIGSTAD,COLESBERG,,
2139,VAN WYK,VANWYK,VAN WYK,ADRIAAN JACOBUS ADOLPH,Adriaan Jacobus Adolph,b1c5d4e6f1,a1b1c5d4e6f1,VAN WYKa1b1c5d4e6f1,,,,SWELLENDAM,30/6/1799,,1799,"KOPPIESFONTEIN, BOSHOF",1799,10/8/1869,1869,BEAUFORT,07/01/1821,1821,MARHTA CATHARINA,VAN STADEN,KOUP,BEAUFORT,BEFORE 1840,1840,,,BLOEMFONTEIN,,
2140,VAN WYK,VANWYK,VAN WYK,JACOBUS JOHANNES,Jacobus Johannes,b1c5d7e8f4,a1b1c5d7e8f4,VAN WYKa1b1c5d7e8f4,"JONKERSFONTEIN, SWELLENDAM",12/8/1815,1815,GEORGE,12/1/1816,1815,1816,BETHULIE,1815,29/11/1874,1874,COLESBERG,26/07/1841,1841,JOHANNA WILHELMINA,HEFER,VETRIVIER,SWELLENDAM,15/03/1838,1838,,,,,
2141,VAN WYK,VANWYK,VAN WYK,ROELOF DANIEL SR.,Roelof Daniel Sr.,b1c5d7e9,a1b1c5d7e9,VAN WYKa1b1c5d7e9,,,,,5/10/1783,,1783,"SPREEUWPORT, BOSJESSPRUIT (SUIDELIKE TRASORANJE)",1783,3/10/1854,1854,SWELLENDAM,06/10/1805,1805,JOHANNA CATHARINA,DE JAGER,VETRIVIER,SWELLENDAM,15/03/1838,1838,,,,,
2142,VAN WYK,VANWYK,VAN WYK,ROELOF DANIEL JR.,Roelof Daniel Jr.,b1c5d7e9f6,a1b1c5d7e9f6,VAN WYKa1b1c5d7e9f6,,3/8/1818,1818,SWELLENDAM,21/2/1819,1818,1819,"VAN WYKSFONTEIN, FAURESMITH",1818,8/8/1886,1886,COLESBERG,11/12/1843,1843,ANNA CATHARINA MAGDALENA,BEKKER,VETRIVIER,SWELLENDAM,1840,1840,,,,,
2143,VAN WYK,VANWYK,VAN WYK,JOHANNES FREDERICUS,Johannes Fredericus,b3c1d1e1f5,a1b3c1d1e1f5,VAN WYKa1b3c1d1e1f5,,1/9/1814,1814,KAAPSTAD,5/4/1815,1814,1815,BLOEMHOF,1814,27/7/1889,1889,,,,ANNA MARIA,SMIT,,BEAUFORT,1840,1840,,,,,
2144,VAN WYK,VANWYK,VAN WYK,JOHANNES LODEWICUS,Johannes Lodewicus,b3c2d11e8,a1b3c2d11e8,VAN WYKa1b3c2d11e8,,1817,1817,,,1817,,,1817,,,,1845,1845,SUSARA JACOBA CATHARINA,HATTINGH,,BEAUFORT,,,,,,,
2145,VAN WYK,VANWYK,VAN WYK,GERRIT JACOBUS,Gerrit Jacobus,b3c2d6e3f1,a1b3c2d6e3f1,VAN WYKa1b3c2d6e3f1,,1/9/1818,1818,TULBAGH,20/9/1818,1818,1818,RIETVLEI,1818,1881,1881,,07/09/1840,1840,ANNA JACOBA LOUISA,VAN DER MERWE,,,05/1841,1841,,,,,
2146,VAN WYK,VANWYK,VAN WYK,HENNING JACOBUS,Henning Jacobus,b3c8d6e3,a1b3c8d6e3,VAN WYKa1b3c8d6e3,ONDER-ROGGEVELD,26/10/1802,1802,TULBAGH,4/9/1803,1802,1803,"WELTEVREDEN, KOMATIE",1802,29/5/1875,1875,TULBAGH,11/07/1830,1830,JOHANNA MARIA,VAN KRAAYENBURG,ONDER-ROGGERVELD,CLANWILLIAM,1842,1842,,NATAL,,,
2147,VAN WYK,VANWYK,VAN WYK,GERRIT MATTHYS,Gerrit Matthys,b3c8d6e4,a1b3c8d6e4,VAN WYKa1b3c8d6e4,,26/9/1804,1804,TULBAGH,25/8/1805,1804,1805,"OVERDAM, HOPETOWN",1804,23/2/1859,1859,,,,CATHARINA MARIA WILHELMINA,DURAAN,ONDER-ROGGERVELD,CLANWILLIAM,1842,1842,,KAAPKOLONIE,,,
2148,VAN WYK,VANWYK,VAN WYK,CORNELIS JOHANNES ABRAHAM,Cornelis Johannes Abraham,b6c8d3e1,a1b6c8d3e1,VAN WYKa1b6c8d3e1,,1798,1798,GRAAFF-REINET,22/7/1798,1798,1798,,1798,31/12/1852,1852,,,,ELSIE ELISABETH SOPHIA,LUBBE,COLESBERG,,1840,1840,,,,,
2149,VAN ZYL,VANZYL,VAN ZYL,JACOBUS,Jacobus,b3c2d11e3,a1b3c2d11e3,VAN ZYLa1b3c2d11e3,,20/9/1809,1809,SWELLENDAM,6/12/1809,1809,1809,"MELKBOS, BETHANIE-SPOORWEGSTASIE, DISTRIK EDENBURG",1809,10/4/1906,1906,BEAUFORT,15/10/1830,1830,SUSANNA CATHARINA,OOSTHUYSEN,,BEAUFORT,04 OR 05/1838,1838,P.D JACOBS,BLOEMFONTEIN,POTCHEFSTROOM,,
2150,VAN ZYL,VANZYL,VAN ZYL,CASPAR JOHANNES JACOBUS GERT,Caspar Johannes Jacobus Gert,b3c2d11e5,a1b3c2d11e5,VAN ZYLa1b3c2d11e5,"BUFFELSVLEI, CANGO",11/9/1813,1813,GEORGE,13/2/1814,1813,1814,,1813,,,BEAUFORT,05/06/1836,1836,MARHTA MAGDALENA,BOOYENS,,BEAUFORT,BETWEEN 08/1839 AND 04/1842,1842,FAMILY MOVE,TRANSORANJE,,,
2151,VAN ZYL,VANZYL,VAN ZYL,CORNELIS JOHANNES,Cornelis Johannes,b5c1d4e1,a1b5c1d4e1,VAN ZYLa1b5c1d4e1,,,,KAAPSTAD,14/12/1800,,1800,NATAL,1800,8/3/1838,1838,CRADOCK,17/11/1824,1824,STOFFELINA CATHARINA,VAN LOCHERENBERG,BRAKRIVIER,SOMERSET,MID 09/1836,1836,G.M MARITZ,NATAL,,,
2152,VAN ZYL,VANZYL,VAN ZYL,WILLEM JACOBUS,Willem Jacobus,b5c2d2e7,a1b5c2d2e7,VAN ZYLa1b5c2d2e7,,31/3/1796,1796,SWARTLAND,19/2/1797,1796,1797,,1796,,,TULBAGH,09/02/1819,1819,SUSANNA MARIA,RAS,ONDER-BOKKEVELD,CLANWILLIAM,14/08/1838,1838,A.Z VISAGIE,CALVINIA,,,
2153,VENTER,VENTER,VENTER,HERCULES FREDERIK,Hercules Frederik,b5c11d9e5,a1b5c11d9e5,VENTERa1b5c11d9e5,,14/5/1819,1819,BEAUFORT,30/1/1820,1819,1820,"STERKFONTEIN, BLOEMFONTEIN",1819,2/3/1890,1890,COLESBERG,10/12/1837,1837,HENDRINA JOHANNA,DU PLESSIS,,COLESBERG,1841,1841,,BLOEMFONTEIN,,,
2154,VENTER,VENTER,VENTER,ANDRIES JOHANNES,Andries Johannes,b5c11d9e7,a1b5c11d9e7,VENTERa1b5c11d9e7,,17/5/1823,1823,GRAAFF-REINET,22/6/1823,1823,1823,"NEINAVELSPOST, CALEDONRIVIER (SMITHFIELD)",1823,6/1/1898,1898,COLESBERG,02/12/1842,1842,AMARENCIA CORNELIA,GROBLER,,COLESBERG,BETWEEN 1842 AND 1844,1844,,CALEDONRIVIER,REDDERSBURG,,
2155,VENTER,VENTER,VENTER,JOHANNES ALBERTUS,Johannes Albertus,b5c12d14e2,a1b5c12d14e2,VENTERa1b5c12d14e2,"WYK BRAKRIVIER, SOMERSET",14/4/1818,1818,CRADOCK,9/8/1818,1818,1818,,1818,17/2/1883,1883,CRADOCK,22/01/1837,1837,JOHANNA CATHARINA ELIZABETH,KRUGER,BRAKRIVIER,SOMERSET,1839,1839,,ROUXVILLE EN SMITHFIELD,,,
2156,VENTER,VENTER,VENTER,ANDRIES,Andries,b5c12d2e2f2,a1b5c12d2e2f2,VENTERa1b5c12d2e2f2,CRADOCK,26/4/1818,1818,CRADOCK,9/8/1818,1818,1818,"DEELFONTEIN, WINBURG",1818,1/12/1865,1865,,,,GERBRECHT MARIA JACOBA,MYBURGH,BRAKRIVIER,SOMERSET,1840,1840,,VENTERSBURG,,,
2157,VENTER,VENTER,VENTER,HENDRIK,Hendrik,b5c12d4e10,a1b5c12d4e10,VENTERa1b5c12d4e10,,14/10/1813,1813,GRAAFF-REINET,20/3/1814,1813,1814,"VAALBANK, BRANDFORT",1813,21/10/1899,1899,CRADOCK,06/02/1831,1831,MARTHA MAGDALENA JOHANNA PETRONELLA,COETZEE,BRAKRIVIER,SOMERSET,BETWEEN 1838 AND 1840,1840,,BRANDFORT,BLOEMFONTEIN,,
2158,VENTER,VENTER,VENTER,PETRUS JAN HENDRIK,Petrus Jan Hendrik,b5c12d4e2,a1b5c12d4e2,VENTERa1b5c12d4e2,,,,GRAAFF-REINET,3/11/1799,,1799,,1799,,,CRADOCK,05/03/1820,1820,HESTER JOHANNA MARGARETHA SOPHIA,VENTER,BRAKRIVIER,SOMERSET,1843-1844,1844,,,CRADOCK,,
2159,VENTER,VENTER,VENTER,CHRISTIAAN WILLEM,Christiaan Willem,b5c13d11,a1b5c13d11,VENTERa1b5c13d11,SWARTBERG,27/10/1801,1801,TULBAGH,3/12/1803,1801,1803,VENTERSBURG,1801,9/10/1875,1875,CRADOCK,05/11/1820,1820,ANNA MARIA,VENTER,BRAKRIVIER,SOMERSET,BETWEEN 1837 AND 1839,1839,,TRANSORANJE,,,
2160,VENTER,VENTER,VENTER,JAN HENDRIK,Jan Hendrik,b5c13d11e1,a1b5c13d11e1,VENTERa1b5c13d11e1,,10/8/1821,1821,CRADOCK,3/2/1822,1821,1822,,1821,,,COLESBERG,04/08/1839,1839,JOHANNA FRANCINA JACOBA,JOOSTE,BRAKRIVIER,SOMERSET,BETWEEN 1837 AND 1839,1839,,TRANSORANJE,,,
2161,VENTER,VENTER,VENTER,PETRUS ALBERTUS,Petrus Albertus,b5c13d5,a1b5c13d5,VENTERa1b5c13d5,"RENOSTERBERG, GRAAFF-REINET",17/4/1790,1790,,26/2/1792,1790,1792,WINBURG,1790,11/1/1858,1858,GRAAFF-REINET,20/09/1812,1812,WILHELMINA CATHARINA FRANCINA,VENTER,MIDDELBURG,GRAAFF-REINET,18391840,1840,FAMILY MOVE,VENTERSBURG,,,
2162,VENTER,VENTER,VENTER,JAN HERCULES,Jan Hercules,b5c13d5e2,a1b5c13d5e2,VENTERa1b5c13d5e2,"RENOSTERBERG, GRAAFF-REINET",28/7/1817,1817,CRADOCK,9/11/1817,1817,1817,"ELANDSFONTEIN, WINBURG",1817,3/2/1890,1890,CRADOCK,14/01/1837,1837,HESTER SUSANNA MARGARETHA,VENTER,MIDDELBURG,GRAAFF-REINET,1839-1840,1840,FAMILY MOVE,,,,
2163,VENTER,VENTER,VENTER,WILLEM ADRIAAN,Willem Adriaan,b5c13d5e3,a1b5c13d5e3,VENTERa1b5c13d5e3,"AGTER-RENOSTERBERG, GRAAFF-REINET",13/8/1820,1820,CRADOCK,5/11/1820,1820,1820,"DOORNDRAAI, WYK ZANDRIVIER, WINBURG",1820,19/4/1891,1891,CRADOCK,01/01/1837,1837,ANNA MARIA SOPHIA,VENTER,MIDDELBURG,GRAAFF-REINET,1839-1840,1840,FAMILY MOVE,,WINBURG,,
2164,VENTER,VENTER,VENTER,PETRUS (PIETER) ALBERTUS,Petrus (Pieter) Albertus,b5c13d5e4,a1b5c13d5e4,VENTERa1b5c13d5e4,,5/5/1823,1823,GRAAFF-REINET,11/9/1823,1823,1823,"STRYDFONTEIN, WINBURG",1823,26/10/1879,1879,WINBURG,03/05/1843,1843,ANNA SOPHIA SUSANNA,VENTER,MIDDELBURG,GRAAFF-REINET,1839-1840,1840,FAMILY MOVE,,,,
2165,VENTER,VENTER,VENTER,BERNHARDUS (BARNARD) GERHARDUS,Bernhardus (Barnard) Gerhardus,b5c13d7,a1b5c13d7,VENTERa1b5c13d7,,,,GRAAFF-REINET,14/12/1794,,1794,,1794,,,GRAAFF-REINET,27/10/1816,1816,JOHANNA CATHARINA MARIA,OLIVIER,AGTER-SUURBERG,GRAAFF-REINET,06/1838,1838,,MOOIRIVIER,,,
2166,VENTER,VENTER,VENTER,HERCULAAS PETRUS,Herculaas Petrus,b5c13d7e5,a1b5c13d7e5,VENTERa1b5c13d7e5,,22/7/1825,1825,CRADOCK,26/12/1825,1825,1825,,1825,,,CRADOCK,20/01/1845,1845,CORNELIA ELISABETH GESINA,POTGIETER,AGTER-SUURBERG,GRAAFF-REINET,06/1838,1838,,POTCHEFSTROOM,,,
2167,VENTER,VENTER,VENTER,JACOBUS DANIEL SR.,Jacobus Daniel Sr.,b5c2d1e5,a1b5c2d1e5,VENTERa1b5c2d1e5,,,,,15/2/1788,,1788,,1788,,,TULBAGH,06/12/1807,1807,ALETTA SOPHIA,BEZUIDENHOUT,TRAKA,BEAUFORT,04 OR 05/1838,1838,P.D JACOBS,OHRIGSTAD,POTCHEFSTROOM,,
2168,VENTER,VENTER,VENTER,JAN LOUIS,Jan Louis,b5c2d1e5f1,a1b5c2d1e5f1,VENTERa1b5c2d1e5f1,,23/4/1809,1809,SWELLENDAM,27/11/1809,1809,1809,"KROMDRAAI, HEIDELBURG, TVL.",1809,9/9/1890,1890,BEAUFORT,02/01/1831,1831,SUSANNA CATHARINA PETRONELLA,VENTER,TRAKA,BEAUFORT,04 OR 05/1838,1838,P.D JACOBS,OHRIGSTAD,,,
2169,VENTER,VENTER,VENTER,PIETER JOHANNES LODEWYK,Pieter Johannes Lodewyk,b5c2d1e5f2,a1b5c2d1e5f2,VENTERa1b5c2d1e5f2,UITENHAGE,29/12/1811,1811,PAARL,8/11/1812,1811,1812,"STRAFFONTEIN, MIDDELBURG",1811,18/12/1894,1894,UITENHAGE,26/12/1831,1831,MARIA ELIZABETH,COMBRINK,TRAKA,BEAUFORT,04 OR 05/1838,1838,P.D JACOBS,MIDDELBURG,,,
2170,VENTER,VENTER,VENTER,JACOBUS DANIEL JR.,Jacobus Daniel Jr.,b5c2d1e5f3,a1b5c2d1e5f3,VENTERa1b5c2d1e5f3,"TOVERWATER, GROOT-SWARTBERG, BEAUFORT",1/1/1814,1814,PAARL,7/8/1814,1814,1814,"WELGEVONDEN, WYK SPELONKEN, ZOUTPANSBERG",1814,29/1/1892,1892,POTCHEFSTROOM,06/04/1840,1840,MARTHA MARIA MAGDALENA,ROBBERTSE,TRAKA,BEAUFORT,04 OR 05/1838,1838,P.D JACOBS,SOUTPANSBERG,,,
2171,VENTER,VENTER,VENTER,STEPHANUS MARTHINUS,Stephanus Marthinus,b5c2d1e5f5,a1b5c2d1e5f5,VENTERa1b5c2d1e5f5,"SOETENDALSVLEI, TRAKA, BEAUFORT",21/4/1821,1821,BEAUFORT,19/8/1821,1821,1821,,1821,,,,,,HESTER MARIA,ROBBERTS(E),TRAKA,BEAUFORT,04 OR 05/1838,1838,P.D JACOBS,POTCHEFSTROOM,,,
2172,VENTER,VENTER,VENTER,JAN LOUIS,Jan Louis,b5c2d1e8f1,a1b5c2d1e8f1,VENTERa1b5c2d1e8f1,,13/4/1812,1812,GRAAFF-REINET,17/12/1812,1812,1812,,1812,,,BEAUFORT,05/02/1837,1837,SUSANNA JOHANNA,STRYDOM,TRAKA,BEAUFORT,04 OR 05/1838,1838,P.D JACOBS,NATAL,,,
2173,VENTER,VENTER,VENTER,JAN ADRIAAN,Jan Adriaan,b5c4d11e4,a1b5c4d11e4,VENTERa1b5c4d11e4,,13/6/1803,1803,GRAAFF-REINET,21/5/1804,1803,1804,,1803,,,GRAAFF-REINET,06/01/1822,1822,HELENA JOHANNA,VAN DER MERWE,NUWE HANTAM,COLESBERG,1843,1843,,,,,
2174,VENTER,VENTER,VENTER,PAULUS CHRISTOFFEL,Paulus Christoffel,b5c4d1e10,a1b5c4d1e10,VENTERa1b5c4d1e10,"BRUINTJIESHOOGTE, SOMERSET",,,GRAAFF-REINET,10/4/1808,,1808,NATAL,1808,1844,1844,CRADOCK,04/11/1827,1827,HESTER MARGARETHA,KLOPPER,TARKA,SOMERSET,BETWEEN 11/1836 AND 04/1841,1841,,NATAL,,,
2175,VENTER,VENTER,VENTER,FRANCOIS PHILIPPUS,Francois Philippus,b5c4d1e11,a1b5c4d1e11,VENTERa1b5c4d1e11,,16/12/1810,1810,GRAAFF-REINET,24/3/1811,1810,1811,,1810,,,CRADOCK,09/08/1835,1835,JOHANNA CHRISTINA,VAN DER MERWE,TARKA,SOMERSET,1840,1840,,NATAL,,,
2176,VENTER,VENTER,VENTER,ALBERTUS JOHANNES,Albertus Johannes,b5c4d1e3f3,a1b5c4d1e3f3,VENTERa1b5c4d1e3f3,SUBDISTRIK CRADOCK,2/4/1807,1807,,19/4/1807,1807,1807,,1807,29/12/1881,1881,CRADOCK,03/06/1827,1827,CECILIA JACOMINA LOUISA,HUGO,CAMDEBO,GRAAFF-REINET,MID 09/1836,1836,FAMILY MOVE,ALBERT,,,
2177,VENTER,VENTER,VENTER,PHILIPPUS ABRAHAM,Philippus Abraham,b5c4d1e3f6,a1b5c4d1e3f6,VENTERa1b5c4d1e3f6,,15/5/1811,1811,GRAAFF-REINET,1/12/1811,1811,1811,"HARTEBEESFONTEIN, WINBURG",1811,8/11/1861,1861,CRADOCK,05/06/1831,1831,ALETTA ELIZABETH CATHARINA (JOHANNA),ROETS,KLAAS SMITSRIVIER,SOMERSET,05/1841,1841,,TRANSORANJE,,,
2178,VENTER,VENTER,VENTER,MARIA CATHARINA,Maria Catharina,b5c4d2e1,a1b5c4d2e1,VENTERa1b5c4d2e1,,,,,30/3/1782,,1782,,1782,,,,,,JOHANNES JACOBUS,KLOPPER,TARKA,SOMERSET,07/1837,1837,JACOBUS CHRISTOFFEL POTGIETER,NATAL,,,
2179,VENTER,VENTER,VENTER,MARCUS ALBERTUS,Marcus Albertus,b5c4d2e2,a1b5c4d2e2,VENTERa1b5c4d2e2,,,,,30/5/1784,,1784,,1784,,,KAAPSTAD,22/04/1804,1804,JOHANNA ADRIANA,BOTHA,CAMDEBO,GRAAFF-REINET,10/1838,1838,A.W.J PRETORIUS,OHRIGSTAD,,,
2180,VENTER,VENTER,VENTER,JOHANNES PETRUS ADRIAAN,Johannes Petrus Adriaan,b5c4d2e2f6,a1b5c4d2e2f6,VENTERa1b5c4d2e2f6,,14/7/1818,1818,,14/3/1819,1818,1819,,1818,,,,,,CATHARINA MARGARETHA,OPPERMAN,CAMDEBO,GRAAFF-REINET,10/1841,1841,A.W.J PRETORIUS,WINBURG,,,
2181,VENTER,VENTER,VENTER,JAN ADRIAAN SR.,Jan Adriaan Sr.,b5c4d2e4,a1b5c4d2e4,VENTERa1b5c4d2e4,,,,GRAAFF-REINET,9/5/1790,,1790,"DRAAIFONTEIN, GROOT-MARCO",1790,APRIL 1862,1862,GRAAFF-REINET,01/04/1810,1810,MARIA ELIZABETH,KRUGER,CAMDEBO,GRAAFF-REINET,MID 09/1836,1836,G.M MARITZ,GROOT-MARICO,,,
2182,VENTER,VENTER,VENTER,JAN ADRIAAN JR.,Jan Adriaan Jr.,b5c4d2e4f2,a1b5c4d2e4f2,VENTERa1b5c4d2e4f2,,30/5/1812,1812,GRAAFF-REINET,6/7/1812,1812,1812,"FAIRPLAY, VREDE (HUIS VAN C. Breytenbach",1812,25/4/1892,1892,GRAAFF-REINET,25/12/1835,1835,ANNA ELIZABETH,VORSTER,CAMDEBO,GRAAFF-REINET,1841,1841,FAMILY MOVE,OVS,,,
2183,VENTER,VENTER,VENTER,JOHANNES CHRISTIAAN,Johannes Christiaan,b5c4d2e4f3,a1b5c4d2e4f3,VENTERa1b5c4d2e4f3,,4/3/1815,1815,GRAAFF-REINET,27/3/1815,1815,1815,"RONDEHOEK, HARRISMITH",1815,25/5/1881,1881,COLESBERG,08/07/1839,1839,MARIA ELIZABETH,KRUGER,CAMDEBO,GRAAFF-REINET,1841,1841,FAMILY MOVE,,,,
2184,VENTER,VENTER,VENTER,PETRUS WILHELMUS,Petrus Wilhelmus,b5c4d2e4f4,a1b5c4d2e4f4,VENTERa1b5c4d2e4f4,,13/12/1816,1816,GRAAFF-REINET,18/1/1817,1816,1817,,1816,1889,1889,GRAAFF-REINET,10/07/1836,1836,MARIA ELIZABETH,VENTER,CAMDEBO,GRAAFF-REINET,1838,1838,,RUSTENBURG,,,
2185,VENTER,VENTER,VENTER,STEPHANUS ALBERTUS,Stephanus Albertus,b5c4d2e4f6,a1b5c4d2e4f6,VENTERa1b5c4d2e4f6,,7/8/1820,1820,GRAAFF-REINET,2/10/1820,1820,1820,"ELANDSHOEK, CAROLINA",1820,14/7/1896,1896,WINBURG,06/09/1844,1844,CORNELIA JOHANNA PETRONELLA,VOSLOO,CAMDEBO,GRAAFF-REINET,1844,1844,FAMILY MOVE,VREDE AND CAROLINA,,,
2186,VENTER,VENTER,VENTER,MARCUS WYNAND,Marcus Wynand,b5c4d2e4f7,a1b5c4d2e4f7,VENTERa1b5c4d2e4f7,,7/6/1822,1822,GRAAFF-REINET,11 OR 15/8/1822,1822,1822,HARRISMITH,1822,26/8/1857,1857,,,,ANNA MARIA,BOTES,CAMDEBO,GRAAFF-REINET,1838,1838,,HARRISMITH,,,
2187,VENTER,VENTER,VENTER,PAULUS STEPHANUS SR.,Paulus Stephanus Sr.,b5c4d2e5,a1b5c4d2e5,VENTERa1b5c4d2e5,,,,GRAAFF-REINET,16/12/1792,,1792,,1792,,,GRAAFF-REINET,05/12/1813,1813,CECILIA JACOMINA,SMIT,CAMDEBO,GRAAFF-REINET,MID 09/1836,1836,G.M MARITZ,TRANSORANJE,,,
2188,VENTER,VENTER,VENTER,PAUL(US) STEPHANUS JR.,Paul(Us) Stephanus Jr.,b5c4d2e5f2,a1b5c4d2e5f2,VENTERa1b5c4d2e5f2,,4/10/1816,1816,GRAAFF-REINET,3/11/1816,1816,1816,"ALBION, VREDE",1816,16/6/1895,1895,,24/10/1839,1839,ANNA CATHARINA,VENTER,CAMDEBO,GRAAFF-REINET,MID 09/1836,1836,G.M MARITZ,TRANSORANJE,,,
2189,VENTER,VENTER,VENTER,ROELOF HENDRIK,Roelof Hendrik,b5c4d5e4,a1b5c4d5e4,VENTERa1b5c4d5e4,,,,TULBAGH,7/4/1792,,1792,,1792,,,SWELLENDAM,05/01/1811,1811,ANNA SUSANNA,JOUBERT,,,BEFORE 06/1839,1839,,NATAL,,,
2190,VENTER,VENTER,VENTER,WILLEM DANIEL,Willem Daniel,b5c4d5e4f1,a1b5c4d5e4f1,VENTERa1b5c4d5e4f1,,3/5/1816,1816,GRAAFF-REINET,12/5/1816,1816,1816,"PERSENTPOORT, FOURIESBURG",1816,29/7/1892,1892,,27/08/1837,1837,JOHANNA ADRIANA,PRETORIUS,KLASSMITSRIVIER,SOMERSET,10/1838,1838,A.W.J PRETORIUS,TRANSORANJE,WINBURG,,
2191,VENTER,VENTER,VENTER,JAN ADRIAAN,Jan Adriaan,b5c4d9e4,a1b5c4d9e4,VENTERa1b5c4d9e4,,,,GRAAFF-REINET,28/6/1795,,1795,"ELANDSKUIL, VENTERSDORP",1795,,,GRAAFF-REINET,08/07/1816,1816,LASYA SOPHIA PETRONELLA,VENTER,BO-SEEKOEIRIVIER,GRAAFF-REINET,1836,1836,,VENTERSDORP,GRAAFF-REINET,,
2192,VENTER,VENTER,VENTER,JAN ADRIAAN,Jan Adriaan,b5c4d9e4f2,a1b5c4d9e4f2,VENTERa1b5c4d9e4f2,,4/2/1820,1820,CRADOCK,3/4/1820,1820,1820,"ZUURFONTEIN, BLOEMFONTEIN",1820,23/8/1874,1874,COLESBERG,07/10/1839,1839,MARIA JACOBA,VAN JAARSVELD,BO-SEEKOEIRIVIER,GRAAFF-REINET,1840,1840,,,,,
2193,VENTER,VENTER,VENTER,PETRUS ALBERTUS,Petrus Albertus,b5c4d9e4f3,a1b5c4d9e4f3,VENTERa1b5c4d9e4f3,,8/9/1822,1822,GRAAFF-REINET,9/2/1823,1822,1823,DISTRIK PRETORIA,1822,6/9/1876,1876,,,,CATHARINA PETRONELLA,VENTER,BO-SEEKOEIRIVIER,GRAAFF-REINET,1840,1840,,,,,
2194,VERMAAK,VERMAAK,VERMAAK,CORNELIS JOHANNES,Cornelis Johannes,b2c6d1,a1b2c6d1,VERMAAKa1b2c6d1,,,,KAAPSTAD,2/5/1779,,1779,,1779,,,KAAPSTAD,20/04/1800,1800,ANNA MARIA CATHARINA,MEYER,ONDER-BOESMANSRIVIER,UITENHAGE,10/1837,1837,K.P LANDMAN,NATAL,,,
2195,VERMAAK,VERMAAK,VERMAAK,JACOBUS STEPHANUS,Jacobus Stephanus,b2c6d1e1,a1b2c6d1e1,VERMAAKa1b2c6d1e1,,,,SWELLENDAM,14/4/1803,,1803,,1803,,,UITENHAGE,21/04/1822,1822,JOHANNA SALOMINA,PIENAAR,ONDER-BOESMANSRIVIER,UITENHAGE,17/04/1838,1838,GERRIT REYNIER VAN ROOYEN,NATAL,,,
2196,VERMAAK,VERMAAK,VERMAAK,JOHANNES CORNELIS,Johannes Cornelis,b2c6d1e2,a1b2c6d1e2,VERMAAKa1b2c6d1e2,"KLIPPERDRIF, TSITSIKAMMA",19/10/1804,1804,SWELLENDAM,18/2/1805,1804,1805,,1804,,,,28/03/1832,1832,ADRIANA JOSINA,RAUTENBACH,ONDER-BOESMANSRIVIER,UITENHAGE,10/1837,1837,K.P LANDMAN,NATAL,,,
2197,VERMAAK,VERMAAK,VERMAAK,IZAAK CORNELIS JOHANNES,Izaak Cornelis Johannes,b2c6d1e4,a1b2c6d1e4,VERMAAKa1b2c6d1e4,,23/3/1809,1809,SWELLENDAM,11/5/1809,1809,1809,,1809,,,UITENHAGE,07/07/1828,1828,DOROTHEA JOHANNA,LAAS,ONDER-BOESMANSRIVIER,UITENHAGE,10/1837,1837,K.P LANDMAN,NATAL,,,
2198,VERMAAK,VERMAAK,VERMAAK,CORNELIS JOHANNES GERHARDUS,Cornelis Johannes Gerhardus,b2c6d1e5,a1b2c6d1e5,VERMAAKa1b2c6d1e5,,14/8/1812,1812,SWELLENDAM,5/9/1812,1812,1812,,1812,,,UITENHAGE,26/12/1830,1830,ANNA MARGARETHA,ODENDAAL,ONDER-BOESMANSRIVIER,UITENHAGE,10/1837,1837,K.P LANDMAN,NATAL,,,
2199,VERMAAK,VERMAAK,VERMAAK,SALOMON,Salomon,b2c6d2,a1b2c6d2,VERMAAKa1b2c6d2,,,,KAAPSTAD,29/9/1782,,1782,,1782,,,,,,ELIZABETH CATHARINA PAULINA,CRONJE,ONDER-BOESMANSRIVIER,UITENHAGE,11/02/1836,1836,K.P LANDMAN,,KAAPSTAD,,
2200,VERMAAK,VERMAAK,VERMAAK,JACOBUS STEPHANUS,Jacobus Stephanus,b2c6d2e1,a1b2c6d2e1,VERMAAKa1b2c6d2e1,TSITSIKAMMA,7/8/1805,1805,SWELLENDAM,11/8/1806,1805,1806,PMB.,1805,8/5/1841,1841,UITENHAGE,05/03/1826,1826,SARA JOHANNA CATHARINA,VAN ROOYEN,ONDER-BOESMANSRIVIER,UITENHAGE,10/1837,1837,K.P LANDMAN,NATAL,,,
2201,VERMAAK,VERMAAK,VERMAAK,JOHANNES GERHARDUS,Johannes Gerhardus,b2c6d2e2,a1b2c6d2e2,VERMAAKa1b2c6d2e2,,23/6/1807,1807,SWELLENDAM,6/6/1808,1807,1808,"PERSIKEFONTEIN, BLOEMFONTEIN",1807,5 OR 18/4/1881,1881,,,,MARTHA MARIA,SCHEEPERS,ONDER-BOESMANSRIVIER,UITENHAGE,10/1837,1837,K.P LANDMAN,LYNDENBURG,,,
2202,VERMAAK,VERMAAK,VERMAAK,SALOMON CORNELIS JOHANNES,Salomon Cornelis Johannes,b2c6d2e3,a1b2c6d2e3,VERMAAKa1b2c6d2e3,,9/7/1809,1809,GRAAFF-REINET,6/11/1809,1809,1809,"SCHOONGEZICHT, MIDDELBURG TVL.",1809,26/1/1883,1883,,01/03/1829,1829,ELIZABETH MARIA CATHARINA,KNOETZE,ONDER-BOESMANSRIVIER,UITENHAGE,11/1836 OR 10/1837,1837,K.P LANDMAN OR J.S MARITZ,MIDDELBURG,,,
2203,VERMAAK,VERMAAK,VERMAAK,CORNELIS JOHANNES,Cornelis Johannes,b2c6d2e8,a1b2c6d2e8,VERMAAKa1b2c6d2e8,,6/3/1821,1821,UITENHAGE,8/7/1821,1821,1821,"KLIPPLAATDRIF, MIDDELBURG, TVL.",1821,,,PIETERMARITZBURG,13/02/1841,1841,MARIA MAGDALENA ELIZABETH,KRUGER,ONDER-BOESMANSRIVIER,UITENHAGE,10/1837,1837,K.P LANDMAN,MIDDELBURG,,,
2204,VERMAAK,VERMAAK,VERMAAK,PETRUS THEODORUS,Petrus Theodorus,b2c6d7,a1b2c6d7,VERMAAKa1b2c6d7,,,,,27/11/1795,,1795,,1795,,,UITENHAGE,04/01/1818,1818,HESTER JACOBA (JACOMINA) DU PREEZ,,TSITSIKAMMA,UITENHAGE,04/1837,1837,P.L UYS,NATAL,UITENHAGE,,
2205,VERMAAK,VERMAAK,VERMAAK,CORNELIS TOBIAS,Cornelis Tobias,b2c8d2,a1b2c8d2,VERMAAKa1b2c8d2,,1/10/1787,1787,SWELLENDAM,2/11/1788,1787,1788,"VERMAAKSRAAL, KLIPRIVIER, NATAL",1787,22/12/1854,1854,STELLENBOSCH,28/02/1808,1808,JOHANNA MAGDALENA,SCHEEPERS,ONDER-BOESMANSRIVIER,UITENHAGE,10/1837,1837,K.P LANDMAN,NATAL,UITENHAGE,,
2206,VERMAAK,VERMAAK,VERMAAK,NICOLAAS JACOBUS,Nicolaas Jacobus,b2c8d5,a1b2c8d5,VERMAAKa1b2c8d5,,,,STELLENBOSCH,22/6/1795,,1795,,1795,,,UITENHAGE,05/08/1821,1821,MARIA FRANCINA,DEKKER,ONDER-BOESMANSRIVIER,UITENHAGE,11/1836,1836,J.S MARITZ,,,,
2207,VERMAAK,VERMAAK,VERMAAK,COENRAAD JOHANNES,Coenraad Johannes,b2c8d5e1,a1b2c8d5e1,VERMAAKa1b2c8d5e1,"BOESMANSRIVIER, UITENHAGE",17/6/1822,1822,UITENHAGE,30/6/1822,1822,1822,SWAZILAND,1822,11/6/1889,1889,PIETERMARITZBURG,20/05/1843,1843,ALETTA MARIA,VAN STADEN,ONDER-BOESMANSRIVIER,UITENHAGE,10/1837,1837,K.P LANDMAN,UTRECHT,,,
2208,VERMAAK,VERMAAK,VERMAAK,FRANS NICOLAAS,Frans Nicolaas,b2c8d5e2,a1b2c8d5e2,VERMAAKa1b2c8d5e2,,27/7/1824,1824,UITENHAGE,28/8/1824,1824,1824,"UITKYK, MIDDELBERG, TVL.",1824,22/4/1908,1908,PIETERMARITZBURG,10/1845,1845,DOROTHEA SUSANNA,VERMAAK,ONDER-BOESMANSRIVIER,UITENHAGE,10/1837,1837,K.P LANDMAN,PIETERMRITZBURG,,,
2209,VERMAAK,VERMAAK,VERMAAK,COENRAAD MARTHINUS,Coenraad Marthinus,b2c8d6,a1b2c8d6,VERMAAKa1b2c8d6,,,,SWELLENDAM,22/5/1799,,1799,,1799,,,GEORGE,12/11/1815,1815,RACHEL LEA,MEYER,ONDER-BOESMANSRIVIER,UITENHAGE,10/1837,1837,K.P LANDMAN,NATAL,UITENHAGE,14/07/1897,
2210,VERMAAS,VERMAAS,VERMAAS,HENDRIK CORNELIS WHILHELMUS,Hendrik Cornelis Whilhelmus,b1,a1b1,VERMAASa1b1,,1803,1803,,26/2/1804,1803,1804,HARTBEESFONTEIN,1803,3/9/1873,1873,SWELLENDAM,02/07/1826,1826,ANNA MAGDALENA,BADENHORST,,SWELLRNDAM,1842,1842,,POTCHEFSTROOM,,,
2211,VERMEULEN,VERMEULEN,VERMEULEN,SAREL (CAREL) JOHANNES,Sarel (Carel) Johannes,b3c2d2e3,a1b3c2d2e3,VERMEULENa1b3c2d2e3,,19/11/1801,1801,TULBAGH,27/12/1801,1801,1801,"NIDDASFONTEIN, FAURESMITH",1801,10/5/1878,1878,GRAAFF-REINET,05/03/1826,1826,CATHARINA ELIZABETH,VAN DEN BERG,,COLESBERG,1839,1839,FAMILY MOVE,FAURESMITH,,,
2212,VERMEULEN,VERMEULEN,VERMEULEN,JAN GABRIEL,Jan Gabriel,b3c2d2e4,a1b3c2d2e4,VERMEULENa1b3c2d2e4,GRAAFF-REINET,9/8/1803,1803,GRAAFF-REINET,9/10/1803,1803,1803,,1803,,,GRAAFF-REINET,06/06/1824,1824,CATHARINA GERTRUIDA MARIA,PRETORIUS,,GRAAFF-REINET,1840,1840,,WINBURG,WINBURG,,
2213,VERSFELD,VERSFELD,VERSFELD,MARTHINUS,Marthinus,b5,a1b5,VERSFELDa1b5,,,,,4/4/1784,,1784,LYDENBURG,1784,31/3/1859,1859,,16/04/1809,1809,CATHARINA MARIA,HOFMEYR,KAAPSTAD,,1848,1848,,,,,
2214,VERSFELD,VERSFELD,VERSFELD,WILLEM FERDINAND,Willem Ferdinand,b5c2,a1b5c2,VERSFELDa1b5c2,,16/8/1811,1811,,,1811,,,1811,,,LYDENBURG,06/09/1848,1848,ANNA MARIA,NEETHLING,KAAPSTAD,,1848,1848,,LYDENBURG,,,
2215,VILJOEN,VILJOEN,VILJOEN,WILLEM HERCULES,Willem Hercules,b3c2d2e1f12,a1b3c2d2e1f12,VILJOENa1b3c2d2e1f12,,19/9/1816,1816,,15/2/1817,1816,1817,,1816,21/08/1887,1887,UITENHAGE,03/10/1835,1835,MARIA ALETTA SUSANNA,VAN STADEN,,UITENHAGE,,,,STANDERTON,,,
2216,VILJOEN,VILJOEN,VILJOEN,MARTHINUS CHRISTOFFEL,Marthinus Christoffel,b3c4d10e2f2,a1b3c4d10e2f2,VILJOENa1b3c4d10e2f2,,19/6/1808,1808,,7/5/1809,1808,1809,"VERMOOR DEUR LEDE VAN DIE BA GA KEKANE (ONDER HUL KAPTEIN MOKOPANE OFTEWEL ""MAKAPAN""), 'N NDEBELESTAM, MOORDDRIF NABY POTGIETERSRUS",1808,SEPTEMBER 1854,1854,,,,MARIA JOHANNA WILHELMINA,DURAND,BRAKRIVIER,SOMERSET,1841-1846,1846,,,,,
2217,VILJOEN,VILJOEN,VILJOEN,ABRAHAM JOHANNES,Abraham Johannes,b3c4d10e2f4,a1b3c4d10e2f4,VILJOENa1b3c4d10e2f4,,18/8/1813,1813,GRAAFF-REINET,11/4/1814,1813,1814,,1813,,,CRADOCK,03/05/1835,1835,MARIA SOPHIA,KLEYNHANS,TARKA,SOMERSET,26/06/1838,1838,,,,,
2218,VILJOEN,VILJOEN,VILJOEN,JOHANNES HERCULES,Johannes Hercules,b3c4d10e6,a1b3c4d10e6,VILJOENa1b3c4d10e6,,,,,7/4/1793,,1793,,1793,,,,05/04/1818,1818,JOHANNA ELIZABETH,KRUGER,,GRAAFF-REINET,09/1836-02/1842,1842,,TRANSORANJE,,,
2219,VILJOEN,VILJOEN,VILJOEN,ALBERTUS JOHANNES (BART),Albertus Johannes (Bart),b3c4d11e1f4,a1b3c4d11e1f4,VILJOENa1b3c4d11e1f4,,29/12/1806,1806,GRAAFF-REINET,22/1/1807,1806,1807,,1806,,,,04/03/1827,1827,ALETTA HENDRIKA THEUNISSIA,MATTHYS,,COLESBERG,1838-1846,1846,FAMILY MOVE,TRANSORANJE,,,
2220,VILJOEN,VILJOEN,VILJOEN,ALBERTUS JOHANNES,Albertus Johannes,b3c4d11e2f5,a1b3c4d11e2f5,VILJOENa1b3c4d11e2f5,,,,GRAAFF-REINET,10/11/1805,,1805,,1805,,,GRAAFF-REINET,03/12/1826,1826,JANETJE JACOBA,GRIESEL,,COLESBERG,1840,1840,FAMILY MOVE,TRANSORANJE,,,
2221,VILJOEN,VILJOEN,VILJOEN,JOHANNES JACOBUS (JAN),Johannes Jacobus (Jan),b3c4d11e4f4,a1b3c4d11e4f4,VILJOENa1b3c4d11e4f4,,3/6/1813,1813,,,1813,,"SOUTPANSDRIFT, BRITS",1813,7-9 OKTOBER 1862,1862,,,,ANNA CATHARINA,VAN STADEN,UITVLUGT,GRAAFF-REINET,BEFORE 03/1842,1842,,POTCHEFSTROOM,,,
2222,VILJOEN,VILJOEN,VILJOEN,DAVID SCHALK,David Schalk,b3c4d2e10f2,a1b3c4d2e10f2,VILJOENa1b3c4d2e10f2,,21/3/1805,1805,,12/5/1805,1805,1805,"VERMOOR, BLOUKRANSRIVIER, NATAL",1805,17/2/1838,1838,,,,CATHARINA ALETTA,BOTHMA,OOS-RIETRIVIER,SOMERSET,02/1837,1837,PIET RETIEF,,,,
2223,VILJOEN,VILJOEN,VILJOEN,PIETER NICOLAAS,Pieter Nicolaas,b3c4d2e10f4,a1b3c4d2e10f4,VILJOENa1b3c4d2e10f4,,20/02/1812,1812,GRAAFF-REINET,22/3/1812,1812,1812,"(VERMOOR) BLOUKRANSRIVIER, NATAL",1812,17/2/1838,1838,,,,,,OOS-RIETRIVIER,SOMERSET,02/1837,1837,PIET RETIEF,,,,
2224,VILJOEN,VILJOEN,VILJOEN,WILLEM ALBERTUS,Willem Albertus,b3c4d2e10f5,a1b3c4d2e10f5,VILJOENa1b3c4d2e10f5,,8/3/1815,1815,GRAAFF-REINET,27/3/1815,1815,1815,,1815,25/10/1891,1891,SOMERSET,06/10/1834,1834,SARA MARIA,VAN STRA(A)TEN,OOS-RIETRIVIER,SOMERSET,02/1837,1837,PIET RETIEF,PRETORIA,,,
2225,VILJOEN,VILJOEN,VILJOEN,MARTHINUS JACOBUS,Marthinus Jacobus,b3c4d2e10f6,a1b3c4d2e10f6,VILJOENa1b3c4d2e10f6,,19/7/1817,1817,GRAAFF-REINET,19/7/1817,1817,1817,DISTRIK PRETORIA,1817,24/2/1889,1889,,04/12/1836,1836,MAGDALENA MARGARETHA,RETIEF,WINTERBERG,ALBANY,02/1837,1837,PIET RETIEF,PRETORIA,PRETORIA,,
2226,VILJOEN,VILJOEN,VILJOEN,WILLEM WOUTER,Willem Wouter,b3c4d2e11,a1b3c4d2e11,VILJOENa1b3c4d2e11,,,,,30/3/1797,,1797,,1797,,,,01/01/1797,1797,JACOMINA HENDRINA,GREYLING,BAVIAANSRIVIER,SOMERSET,09 OR 10/1837,1837,LUCAS JOHANNES MEYER,HEIDELBERG,,,
2227,VILJOEN,VILJOEN,VILJOEN,JAN ALBERTUS,Jan Albertus,b3c4d2e11f1,a1b3c4d2e11f1,VILJOENa1b3c4d2e11f1,,,,,16/9/1798,,1798,,1798,,,,04/01/1820,1820,ELIZABETH CATHARINA,VAN DEVENTER,BAVIAANSRIVIER,SOMERSET,1842,1842,,,,,
2228,VILJOEN,VILJOEN,VILJOEN,ABRAHAM CAREL,Abraham Carel,b3c4d2e11f13,a1b3c4d2e11f13,VILJOENa1b3c4d2e11f13,,6/1/1817,1817,GRAAFF-REINET,26/10/1817,1817,1817,,1817,16/8/1894,1894,SOMERSET,26/03/1837,1837,ISABELLA RACHEL,ENSLIN,BAVIAANSRIVIER,SOMERSET,1841,1841,,OHRIGSTAD,,,
2229,VILJOEN,VILJOEN,VILJOEN,HENNING JOHANNES,Henning Johannes,b3c4d2e11f15,a1b3c4d2e11f15,VILJOENa1b3c4d2e11f15,,9/5/1820,1820,UITENHAGE,13/8/1820,1820,1820,,1820,17/8/1881,1881,,,,ANNA SOPHIA,MAARTENS,BAVIAANSRIVIER,SOMERSET,1841,1841,,MARQUARD,,,
2230,VILJOEN,VILJOEN,VILJOEN,PIETER NICOLAAS,Pieter Nicolaas,b3c4d2e11f16,a1b3c4d2e11f16,VILJOENa1b3c4d2e11f16,,16/4/1822,1822,TULBAGH,9/12/1802,1822,1802,"KONSENTRASIEKAMP, HEIDELBERG, TRANSVAAL",1822,11/6/1901,1901,,,,CORNELIA MARIA,STRYDOM,BAVIAANSRIVIER,SOMERSET,09 OR 10/1837,1837,LUCAS JOHANNES MEYER,HEIDELBERG,,,
2231,VILJOEN,VILJOEN,VILJOEN,FREDERIK JACOBUS ZACHARIAS,Frederik Jacobus Zacharias,b3c4d2e11f18,a1b3c4d2e11f18,VILJOENa1b3c4d2e11f18,,18/5/1824,1824,,,1824,,,1824,3/2/1885,1885,,,,SUSANNA (OF SUSARA) MARIA PETRONELLA,NEL,BAVIAANSRIVIER,SOMERSET,09 OR 10/1837,1837,LUCAS JOHANNES MEYER,STANDERTON,,,
2232,VILJOEN,VILJOEN,VILJOEN,WILLEM WOUTER,Willem Wouter,b3c4d2e11f1g1,a1b3c4d2e11f1g1,VILJOENa1b3c4d2e11f1g1,,9/10/1822,1822,,,1822,,,1822,,,,,,HESTER JOHANNA,VAN ROOYEN,BAVIAANSRIVIER,SOMERSET,1842,1842,JAN ALBERTUS VILJOEN,,,,
2233,VILJOEN,VILJOEN,VILJOEN,BAREND CHRISTIAAN,Barend Christiaan,b3c4d2e11f7,a1b3c4d2e11f7,VILJOENa1b3c4d2e11f7,,21/1/1807,1807,GRAAFF-REINET,19/4/1807,1807,1807,,1807,25/11/1859,1859,SOMERSET,02/08/1829,1829,JUDITH CORNELIA THERESIA (OF ETRESIA),BOOYSEN,BAVIAANSRIVIER,SOMERSET,1838,1838,,,,,
2234,VILJOEN,VILJOEN,VILJOEN,WILLEM JACOBUS,Willem Jacobus,b3c4d2e11f8,a1b3c4d2e11f8,VILJOENa1b3c4d2e11f8,,17/8/1808,1808,GRAAFF-REINET,23/10/1808,1808,1808,,1808,,,SOMERSET,02/08/1829,1829,GEERTRUIDA MARGARETHA,KLOPPER,BAVIAANSRIVIER,SOMERSET,1838,1838,,JOHANNESBURG,,,
2235,VILJOEN,VILJOEN,VILJOEN,CHARL JOHANNES (SAREL),Charl Johannes (Sarel),b3c4d2e11f9,a1b3c4d2e11f9,VILJOENa1b3c4d2e11f9,,10/5/1810,1810,GRAAFF-REINET,8/10/1810,1810,1810,,1810,,,,,,JOHANNA CAROLINA,KOEKEMOER,BAVIAANSRIVIER,SOMERSET,1837,1837,LUCAS JOHANNES MEYER,,,,
2236,VILJOEN,VILJOEN,VILJOEN,JAN,Jan,b3c4d2e13f1,a1b3c4d2e13f1,VILJOENa1b3c4d2e13f1,,13/4/1806,1806,,,1806,,,1806,,,GRAAFF-REINET,03/07/1826,1826,CATHARINA SOPHIA,JACOBS,WINTERVELD,GRAAFF-REINET,BETWEEN 06/04/1836 AND 10/11/1839,1839,,NATAL,,,
2237,VILJOEN,VILJOEN,VILJOEN,PETRUS JOHANNES,Petrus Johannes,b3c4d2e3f7,a1b3c4d2e3f7,VILJOENa1b3c4d2e3f7,,7/7/1802,1802,,,1802,,"VERMOOR AAN DJINDIRIVIER, MOSAMBIEK",1802,EINDE JULIE 1836,1836,BEAUFORT,04/01/1824,1824,MARHTA,JANSE VAN RENSBURG,BRAKRIVIER,SOMERSET,1835,1835,J.J JANSE VAN RENSBURG,,,,
2238,VILJOEN,VILJOEN,VILJOEN,SUSANNA ELIZABETH,Susanna Elizabeth,b3c4d2e5,a1b3c4d2e5,VILJOENa1b3c4d2e5,,,,,17/4/1767,,1767,"WELVERDIEND, PMB., NATAL",1767,6/5/1844,1844,,09/02/1783,1783,JOHANNES DEWALD,HATTINGH,AGTER-SNEEUBERG,CRADOCK,1843,1843,,NATAL,,,
2239,VILJOEN,VILJOEN,VILJOEN,DIEDERIK ARNOLDUS,Diederik Arnoldus,b4c2d1e10f2,a1b4c2d1e10f2,VILJOENa1b4c2d1e10f2,,25/9/1813,1813,,,1813,,FAURESMITH,1813,23/9/1879,1879,GRAAFF-REINET,01/12/1833,1833,HESTER ELIZABETH WILHELMINA,VAN DEN BERG,,COLESBERG,1844,1844,,,,,
2240,VILJOEN,VILJOEN,VILJOEN,CHRISTIAAN RUDOLPH,Christiaan Rudolph,b4c2d1e3f5,a1b4c2d1e3f5,VILJOENa1b4c2d1e3f5,,,,GRAAFF-REINET,10/11/1801,,1801,,1801,,,GRAAFF-REINET,04/02/1821,1821,JOHANNA SUSANNA,VILJOEN,,COLESBERG,1840,1840,,,,,
2241,VILJOEN,VILJOEN,VILJOEN,CHRISTOFFEL CORNELIS,Christoffel Cornelis,b4c2d2e10f1,a1b4c2d2e10f1,VILJOENa1b4c2d2e10f1,,12/5/1815,1815,GEORGE,12/11/1815,1815,1815,,1815,,,CRADOCK,15/11/1838,1838,MARIA CAROLINA THEUNISSINA,MARX,,CRADOCK,BETWEEN 11/1838 AND 07/1840,1840,,PRETORIA,,,
2242,VILJOEN,VILJOEN,VILJOEN,CORNELIS HENDRICUS,Cornelis Hendricus,b4c2d2e13,a1b4c2d2e13,VILJOENa1b4c2d2e13,,,,,1/4/1793,,1793,,1793,30/5/1878,1878,,,,MARIA ELIZABETH,STRYDOM,WINTERHOEK,UITENHAGE,04/1837,1837,P.L UYS,HEIDELBERG,,,
2243,VILJOEN,VILJOEN,VILJOEN,HENDRIK JOSEPHUS,Hendrik Josephus,b4c2d2e13f2,a1b4c2d2e13f2,VILJOENa1b4c2d2e13f2,,6/2/1822,1822,UITENHAGE,31/3/1822,1822,1822,"ZWAGERSHOEK, LYDENBURG",1822,30/5/1907,1907,PIETERMARITZBURG,18/03/1843,1843,CATHARINA ELIZABETH MARGARETHA,BREYTENBACH,WINTERHOEK,UITENHAGE,04/1837,1837,P.L UYS,LYDENBURG,,,
2244,VILJOEN,VILJOEN,VILJOEN,CHRISTOFFEL SR.,Christoffel Sr.,b4c2d2e1f1,a1b4c2d2e1f1,VILJOENa1b4c2d2e1f1,,,,TULBAGH,19/10/1792,,1792,,1792,,,,26/08/1810,1810,ELIZABETH MARIA,JANSE VAN VUUREN,,GRAAFF-REINET,01/1836,1836,A. H POTGIETER,LYDENBURG,,,
2245,VILJOEN,VILJOEN,VILJOEN,LUCAS CORNELIS,Lucas Cornelis,b4c2d2e1f11,a1b4c2d2e1f11,VILJOENa1b4c2d2e1f11,,8/8/1813,1813,GRAAFF-REINET,4/10/1813,1813,1813,LYDENBERG,1813,13/6/1860,1860,,03/10/1831,1831,ALETTA GEERTRUIDA,SCHOEMAN,,GRAAFF-REINET,1843-1844,1844,,OHRIGSTAD,,,
2246,VILJOEN,VILJOEN,VILJOEN,JOHANNES JACOBUS,Johannes Jacobus,b4c2d2e1f1g1,a1b4c2d2e1f1g1,VILJOENa1b4c2d2e1f1g1,,27/8/1811,1811,GRAAFF-REINET,6/7/1812,1811,1812,,1811,6/11/1889,1889,,,,ISABELLA MARGARETHA,BILGNAUT,,GRAAFF-REINET,1836,1836,A.H POTGIETER,POTCHEFSTROOM,,,
2247,VILJOEN,VILJOEN,VILJOEN,CHRISTOFFEL JR.,Christoffel Jr.,b4c2d2e1f1g3,a1b4c2d2e1f1g3,VILJOENa1b4c2d2e1f1g3,,29/3/1818,1818,UITENHAGE,29/8/1818,1818,1818,,1818,226/1890,1890,CRADOCK,05/06/1836,1836,HESTER MAGDALENA JACOBA,BREYTENBACH,,CRADOCK,06/1836,1836,A.H POTGIETER,LYDENBURG,,,
2248,VILJOEN,VILJOEN,VILJOEN,STEPHANUS PETRUS,Stephanus Petrus,b4c2d2e1f2,a1b4c2d2e1f2,VILJOENa1b4c2d2e1f2,,,,TULBAGH,6/4/1794,,1794,"WITKOP, POTCHESTROOM",1794,11/10/1873,1873,,13/03/1814,1814,HENDRINA MARIA,VAN STADEN,,UITENHAGE,,,,POTCHEFSTROOM,,,
2249,VILJOEN,VILJOEN,VILJOEN,JOHANNES JACOBUS,Johannes Jacobus,b4c2d2e1f2g1,a1b4c2d2e1f2g1,VILJOENa1b4c2d2e1f2g1,,29/12/1819,1819,,,1819,,,1819,,,,,,ANNA CATHARINA,VAN STADEN,,UITENHAGE,BEFORE 1843,1843,,,,,
2250,VILJOEN,VILJOEN,VILJOEN,GERHARDUS COENRADUS,Gerhardus Coenradus,b4c2d2e1f7,a1b4c2d2e1f7,VILJOENa1b4c2d2e1f7,,19/3/1804,1804,TULBAGH,5/8/1804,1804,1804,WATERFORT,1804,10/11/1883,1883,,04/01/1823,1823,CECILIA JOHANNA,BOTHA,OOS-RIETRIVIER,SOMERSET,02/1837,1837,PIET RETIEF,UTRECHT,,,
2251,VILJOEN,VILJOEN,VILJOEN,CAREL MARTHINUS,Carel Marthinus,b4c2d2e1f8,a1b4c2d2e1f8,VILJOENa1b4c2d2e1f8,,19/5/1806,1806,GRAAFF-REINET,26/12/1806,1806,1806,,1806,1889,1889,UITENHAGE,01/05/1825,1825,MARGARETHA ISABELLA,BOTHA,TARKA,SOMERSET,11 OR 12/1837,1837,L.J NEL,NATAL,LYDENBURG,,
2252,VILJOEN,VILJOEN,VILJOEN,GIDEON PETRUS,Gideon Petrus,b4c2d2e3f6,a1b4c2d2e3f6,VILJOENa1b4c2d2e3f6,,30/5/1803,1803,,6/11/1803,1803,1803,"WELTEVREDEN, LYDENBURG",1803,7/3/1893,1893,GRAHAMSTAD,12/07/1823,1823,SUSARA MARIA,BEKKER,TARKA,SOMERSET,1836,1836,A.H POTGIETER,LYDENBURG,,,
2253,VILJOEN,VILJOEN,VILJOEN,CAREL CHRISTOFFEL,Carel Christoffel,b4c2d2e3f6g1,a1b4c2d2e3f6g1,VILJOENa1b4c2d2e3f6g1,,15/1/1825,1825,UITENHAGE,22/5/1825,1825,1825,,1825,3/3/1865,1865,,1846,1846,HESTER,DE BEER,TARKA,SOMERSET,BEFORE 1840,1840,,LYDENBURG,OHRIGSTAD,,
2254,VILJOEN,VILJOEN,VILJOEN,CAREL JOHANNES,Carel Johannes,b4c2d2e3f7,a1b4c2d2e3f7,VILJOENa1b4c2d2e3f7,,30/5/1803,1803,GRAAFF-REINET,6/11/1803,1803,1803,,1803,1/1/1885,1885,UITENHAGE,04/01/1823,1823,ANNA CATHARINA,VILJOEN,KRAAIRIVIER,SOMERSET,04/1837,1837,PIET. L UYS,LYDENBURG,,,
2255,VILJOEN,VILJOEN,VILJOEN,JOHANNES WILLEM (JAN),Johannes Willem (Jan),b4c2d2e9f2,a1b4c2d2e9f2,VILJOENa1b4c2d2e9f2,"WINTERHOEK, UITENHAGE",14/5/1812,1812,GRAAFF-REINET,16/8/1812,1812,1812,"VERGENOEG, MARICO",1812,30/3/1893,1893,UITENHAGE,23/08/1833,1833,MARIA CATHARINA (MARJA),MESSER,ONDER-OLIFANTSRIVIER,GEORGE,1843,1843,FAMILY MOVE,TRANSORANJE,,,
2256,VISAG(I)E,VISAG(I)E,VISAG(I)E,ARIE ZACHARIAS,Arie Zacharias,b1c4d5e2,a1b1c4d5e2,VISAG(I)Ea1b1c4d5e2,,,,,21/4/1788,,1788,"PMB., NATAL",1788,1858,1858,TULBAGH,02/08/1812,1812,JOHANNA ELIZABETH,VORSTER,BO-OLIFANTSRIVIER,WORCESTER,1836,1836,A.Z. VISAGIE,NATAL,CLANWILLIAM,,
2257,VISAGIE,VISAGIE,VISAGIE,MARTHINUS DAVID,Marthinus David,b1c11d13e1,a1b1c11d13e1,VISAGIEa1b1c11d13e1,,16/4/1794,1794,SWARTLAND,19/4/1795,1794,1795,,1794,,,SWARTLAND,21/11/1821,1821,CHRISTINA ADRIANA,RAS,HANTAM,WORCESTER,1842,1842,,NATAL,,,
2258,VISAGIE,VISAGIE,VISAGIE,RUDOLPHUS GERHARDUS,Rudolphus Gerhardus,b1c11d14e3,a1b1c11d14e3,VISAGIEa1b1c11d14e3,,20/12/1795,1795,,16/9/1798,1795,1798,NABY DIE LATERE VOLKSRUST,1795,1880,1880,GRAAFF-REINET,08/12/1816,1816,MARTHA JOHANNA SUSANNA,VAN DER HEYDEN,BRAKRIVIER,SOMERSET,BEFORE 1840,1840,,NATAL,LADYSMITH,,
2259,VISAGIE,VISAGIE,VISAGIE,GIDEON JACOBUS (JOHANNES),Gideon Jacobus (Johannes),b1c11d14e3f3,a1b1c11d14e3f3,VISAGIEa1b1c11d14e3f3,,16/10/1823,1823,GRAAFF-REINET,25/1/1824,1823,1824,,1823,,,,,,ANNA SOPHIA,PRETORIUS,BRAKRIVIER,SOMERSET,1840,1840,,NATAL,,,
2260,VISAGIE,VISAGIE,VISAGIE,JOHANNES HENDRIK,Johannes Hendrik,b1c4d5e2f1,a1b1c4d5e2f1,VISAGIEa1b1c4d5e2f1,,12/3/1815,1815,SWARTLAND,5/11/1815,1815,1815,"SWAVELPOORT, PRETORIA",1815,24/3/1884,1884,CLANWILLIAM,05/10/1834,1834,HESTER SOPHIA,BURGER,BO-OLIFANTSRIVIER,WORCESTER,1836,1836,A.Z VISAGIE,PRETORIA,,,
2261,VISAGIE,VISAGIE,VISAGIE,GERRIT WILLEM,Gerrit Willem,b1c4d5e2f2,a1b1c4d5e2f2,VISAGIEa1b1c4d5e2f2,,27/12/1817,1817,,27/9/1818,1817,1818,VERMOOR SAAM MET RETIEF EN MANSKAPPE) KWAMATHIWANE,1817,6/2/1838,1838,,,,,,BO-OLIFANTSRIVIER,WORCESTER,1836,1836,A.Z VISAGIE,,,,
2262,VISAGIE,VISAGIE,VISAGIE,IZAAK HEREMIAS,Izaak Heremias,b1c5d4e5,a1b1c5d4e5,VISAGIEa1b1c5d4e5,"KLIPRUG, CLANWILLIAM",24/10/1792,1792,SWARTLAND,9/12/1792,1792,1792,"ONDER-DOWNES, CALVINIA, KAAPKOLONIE",1792,7/10/1867,1867,TULBAGH,03/10/1812,1812,JOHANNA SOPHIA,VAN DER MERWE,HANTAM,WORCESTER,1840,1840,,NATAL,,,
2263,VISAGIE,VISAGIE,VISAGIE,GERRIT JOHANNES,Gerrit Johannes,b1c5d4e5f1,a1b1c5d4e5f1,VISAGIEa1b1c5d4e5f1,,1812,1812,,,1812,,,1812,,,,,,ALIDA,STRAUSS,HANTAM,WORCESTER,BEFORE 03/1842,1842,,NATAL,,,
2264,VISAGIE,VISAGIE,VISAGIE,CAREL ARON,Carel Aron,b1c5d4e5f3,a1b1c5d4e5f3,VISAGIEa1b1c5d4e5f3,TULBAGH,24/5/1817,1817,SWARTLAND,17/10/1817,1817,1817,,1817,,,CLANWILLIAM,04/10/1834,1834,ANNA MARGARETHA,THERON,HANTAM,WORCESTER,BEFORE 03/1842,1842,,NATAL,,,
2265,VISAGIE,VISAGIE,VISAGIE,IZAAK HEREMIAS,Izaak Heremias,b1c5d4e5f4,a1b1c5d4e5f4,VISAGIEa1b1c5d4e5f4,TULBAGH,11/4/1819,1819,,25/9/1819,1819,1819,,1819,,,CLANWILLIAM,22/09/1839,1839,MARIA CATHARINA ELIZABETH,VAN DER MERWE,HANTAM,WORCESTER,1840,1840,,NATAL,,,
2266,VISAGIE,VISAGIE,VISAGIE,SCHALK WILLEM,Schalk Willem,b1c5d4e5f5,a1b1c5d4e5f5,VISAGIEa1b1c5d4e5f5,,24/9/1820,1820,SWARTLAND,28/9/1821,1820,1821,,1820,,,,,,MARIA MAGDALENA GEERTRUIDA,VAN ZYL,HANTAM,WORCESTER,BEFORE 1842,1842,,NATAL,,,
2267,VISAGIE,VISAGIE,VISAGIE,WILLEM JOHANNES,Willem Johannes,b1c5d4e5f6,a1b1c5d4e5f6,VISAGIEa1b1c5d4e5f6,,20/7/1823,1823,SWARTLAND,1/10/1824,1823,1824,OVS,1823,5/1/1857,1857,PIETERMARITZBURG,03/09/1842,1842,CAROLINA ELIZABETH GEERTUIDA,OLIVIER,HANTAM,WORCESTER,BEFORE 1842,1842,,KAAPKOLONIE,,,
2268,VISSER,VISSER,VISSER,CHRISTOFFEL JACOBUS,Christoffel Jacobus,b2c12d1e4f4g2,a1b2c12d1e4f4g2,VISSERa1b2c12d1e4f4g2,,29/4/1807,1807,GRAAFF-REINET,28/6/1807,1807,1807,"PLAAITJIESFONTEIN, FAURESMITH",1807,19/10/1874,1874,GRAAFF-REINET,08/01/1827,1827,HESTER ALETTA,BURGER,BO-SEEKOEIRIVIER,GRAAFF-REINET,1839,1839,,TRANSORANJE,FAURESMITH,,
2269,VISSER,VISSER,VISSER,CORNELIS JOHANNES,Cornelis Johannes,b2c12d1e4f4g6,a1b2c12d1e4f4g6,VISSERa1b2c12d1e4f4g6,"WINTERHOEK, BO-SEEKOEIRIVIER",9/5/1815,1815,GRAAFF-REINET,28/10/1815,1815,1815,"SCHRAALFONTEIN, FAURESMITH",1815,22/3/1867,1867,GRAAFF-REINET,01/03/1835,1835,ELIZABETH JOHANNA,BURGER,BO-SEEKOEIRIVIER,GRAAFF-REINET,1839,1839,FAMILY MOVE,FAURESMITH,,,
2270,VISSER,VISSER,VISSER,GERRIT PETRUS,Gerrit Petrus,b2c12d1e4f4g8,a1b2c12d1e4f4g8,VISSERa1b2c12d1e4f4g8,"BO-SEEKOEIRIVIER, GRAAFF-REINET",12/11/1819,1819,GRAAFF-REINET,17/4/1820,1819,1820,"LOKSHOEK, FAURESMITH",1819,2/8/1879,1879,,1839,1839,CHRISTINA JACOBA,STRAUSS,BO-SEEKOEIRIVIER,COLESBERG,1840,1840,FAMILY MOVE,,COLESBERG,,
2271,VISSER,VISSER,VISSER,JOHANNES HENDRIK (JAN BOOMPLAATS),Johannes Hendrik (Jan Boomplaats),b2c12d1e4f6g1,a1b2c12d1e4f6g1,VISSERa1b2c12d1e4f6g1,TULBAGH,4/8/1813,1813,TULBAGH,3/9/1813,1813,1813,"PALMIETFONTEIN, DISTRIK KLERKSDORP",1813,12/1/1901,1901,COLESBERG,1831,1831,CHRISTINA GLAUDINA,VAN ZYL,,GRAAFF-REINET,10/1838,1838,A.W.J PRETORIUS,POTCHEFSTROOM,,,
2272,VISSER,VISSER,VISSER,ERNESTUS JACOBUS,Ernestus Jacobus,b2c12d1e5f5,a1b2c12d1e5f5,VISSERa1b2c12d1e5f5,,,,TULBAGH,2/2/1793,,1793,,1793,,,TULBAGH,06/08/1814,1814,GESINA (GEESJE) WILHELMINA,VAN JAARSVELD,MIDDEL-ROGGERVELD,WORCESTER,BEFORE 1841,1841,,TRANSORANJE,,,
2273,VISSER,VISSER,VISSER,FLORIS SR.,Floris Sr.,b2c12d1e5f6,a1b2c12d1e5f6,VISSERa1b2c12d1e5f6,,16/1/1795,1795,TULBAGH,9/8/1795,1795,1795,,1795,,,TULBAGH,06/08/1814,1814,CATHARINA JACOBA,VILJOEN,,CRADOCK,1836,1836,A.H POTGIETER,,COLESBERG,,
2274,VISSER,VISSER,VISSER,FLORIS JR.,Floris Jr.,b2c12d1e5f6g1,a1b2c12d1e5f6g1,VISSERa1b2c12d1e5f6g1,,18/12/1815 OR 1816,1816,TULBAGH,21/9/1817 OR 1818,1816,1818,,1816,,,CRADOCK,13/03/1836,1836,RACHEL ANNA MARIA,HARMSE,,CRADOCK,03/1836,1836,A.H POTGIETER,POTCHEFSTROOM,,,
2275,VISSER,VISSER,VISSER,HENNING JOHANNES,Henning Johannes,b2c12d1e5f6g2,a1b2c12d1e5f6g2,VISSERa1b2c12d1e5f6g2,,15/7/1817,1817,TULBAGH,21/9/1817 OR 1818,1817,1818,,1817,,,PIETERMARITZBURG,14/12/1839,1839,ANNA JOHANNA MARIA,COETZER,WINTERVELD,GRAAFF-REINET,1839,1839,A.H POTGIETER,NATAL,,,
2276,VISSER,VISSER,VISSER,PETRUS JOHANNES,Petrus Johannes,b2c12d1e5f6g4,a1b2c12d1e5f6g4,VISSERa1b2c12d1e5f6g4,,20 OR 23/8/1821,1821,TULBAGH,20/9/1822,1821,1822,,1821,,,,1842,1842,JOHANNA CHRISTINA CAROLINA,VAN DER MERWE,,CRADOCK,BEFORE 05/1844,1844,,POTCHEFSTROOM,,,
2277,VLOT(H)MAN,VLOT(H)MAN,VLOT(H)MAN,BAREND JOHANNES,Barend Johannes,b1c2d2,a1b1c2d2,VLOT(H)MANa1b1c2d2,,,,,17/7/1768,,1768,,1768,,,,,,,,SWARTRUGGENS,GRAAFF-REINET,MID 09/1836,1836,GERT M. MARITZ,,,,
2278,VORSTER,VORSTER,VORSTER,MARTHINUS CHRISTOFFEL,Marthinus Christoffel,b3c12d5,a1b3c12d5,VORSTERa1b3c12d5,,13/10/1796,1796,GRAAFF-REINET,3/12/1797,1796,1797,,1796,,,,,,SUSANNA GERTRUIDA MAGDALENA H,HAVENGA,,GRAAFF-REINET,BEFORE 04/1842,1842,,TRANSORANJE,,,
2279,VOSLOO,VOSLOO,VOSLOO,GERRIT,Gerrit,b2c6d4,a1b2c6d4,VOSLOOa1b2c6d4,,,,KAAPSTAD,9/10/1768,,1768,"OUKRAAL, SOMERSET(-OOS)",1768,1860,1860,,,,CORNELIA JOHANNA,DE BEER,SWAGERSHOEK,SOMERSET,11 OR 12/1837,1837,P.A OPPERMAN,,,,
2280,VOSLOO,VOSLOO,VOSLOO,GERHARDUS JOHANNES,Gerhardus Johannes,b2c6d4e4,a1b2c6d4e4,VOSLOOa1b2c6d4e4,,24/9/1797,1797,,19/11/1797,1797,1797,,1797,6/8/1826,1826,CRADOCK,11/03/1821,1821,ANNA BARBARA,BOTHA,BAVIAANSRIVIER,SOMERSET,09 -12/1837,1837,P.A OPPERMAN,TRANSORANJE,SOMERSET,,
2281,WAHL,WAHL,WAHL,WILLEM FERDINAND,Willem Ferdinand,b4c3,a1b4c3,WAHLa1b4c3,,13/3/1814,1814,"LUTHERSE KERK, KAAPSTAD",24/4/1814,1814,1814,"PMB., NATAL",1814,27/7/1868,1868,,,,JOHANNA ISABELLA,VAN BREDA,MOSSELBAAI,GEORGE,BEORE 1845,1845,,,,,
2282,WAHLSTRAND,WAHLSTRAND,WAHLSTRAND,PIETER ERNST (OF ERNUSTUS),Pieter Ernst (Of Ernustus),b1c1,a1b1c1,WAHLSTRANDa1b1c1,,14/8/1822,1822,GRAAFF-REINET,1/9/1822,1822,1822,,1822,,,,,,ELIZABETH MAGDALENA,DE BEER,,GRAAFF-REINET,1838,1838,A.W.J PRETORIUS,WINBURG,,,
2283,WEIDEMAN,WEIDEMAN,WEIDEMAN,ROELOF,Roelof,b10c2,a1b10c2,WEIDEMANa1b10c2,MARRAYSBURG,,,,19/11/1797,,1797,"MODDERFONTEIN, FAURESMITH",1797,22/12/1878,1878,BEAUFORT,07/01/1821,1821,MAGTELD SUSANNA,JACOBS,,BEAUFORT,1835,1835,,TRANSORANJE,,,
2284,WENTZEL,WENTZEL,WENTZEL,JOHAN DAVID,Johan David,b3c10,a1b3c10,WENTZELa1b3c10,,,,,24/11/1793,,1793,,1793,,,SWELLENDAM,01/08/1817,1817,ELIZABETH JOHANNA,HAMMAN,OOS-RIETRIVIER,SOMERSET,04/1838,1838,GERRIT REYNIER VAN ROOYEN,,,,
2285,WERNER,WERNER,WERNER,CAREL GODLIEB BENJAMIN,Carel Godlieb Benjamin,b6,a1b6,WERNERa1b6,,24/2/1817,1817,GRAAFF-REINET,11/3/1817,1817,1817,,1817,,,COLESBERG,27/05/1838,1838,MARIA MAGDALENA ELIZABETH,RHEEDER,,GRAAFF-REINET,11/1836,1836,GERT M. MARITZ,,,,
2286,WESSELS,WESSELS,WESSELS,PHILIPPUS RUDOLPH,Philippus Rudolph,b2c21e4f1g2,a1b2c21e4f1g2,WESSELSa1b2c21e4f1g2,"KWARTELFONTEIN,CALEDON",13/11/1819,1819,UITENHAGE,11/12/1819,1819,1819,"FERN VILLA-LOSIESHUIS (SY EIENDOM). HLOBANESTRAAT, VRYHEID",1819,16/9/1905,1905,PIETERMARITZBURG,30/04/1843,1843,SARA SUSANNA,CRONJE,POTBERG,SWELLENDAM,07/1838-1839,1839,FAMILY MOVE,,,,
2287,WESSELS,WESSELS,WESSELS,HERMANUS JOHANNES,Hermanus Johannes,b2c2d1e2f5,a1b2c2d1e2f5,WESSELSa1b2c2d1e2f5,,,,,27/2/1803,,1803,"FRANSKRAAL,CALEDONRIVIER (LATER SMITHFIELD)",1803,20/3/1859,1859,UITENHAGE,05/07/1824,1824,CATHARINA ELIZABETH,HUMAN,GAMTOOSRIVIER,UITENHAGE,04/1837,1837,PIET L. UYS,TRANSORANJE,UITENHAGE,,
2288,WESSELS,WESSELS,WESSELS,WESSEL HENDRIK,Wessel Hendrik,b2c2d1e2f6,a1b2c2d1e2f6,WESSELSa1b2c2d1e2f6,,,,,8/9/1805,,1805,,1805,,,UITENHAGE,05/04/1825,1825,ELIZABETH CATHARINA,KEMP,GAMTOOSRIVIER,UITENHAGE,04/1837,1837,PIET L. UYS,OVS,UITENHAGE,,
2289,WESSELS,WESSELS,WESSELS,JOHANNES BERNARDUS,Johannes Bernardus,b2c2d1e4f1,a1b2c2d1e4f1,WESSELSa1b2c2d1e4f1,,,,CALEDON,27/3/1796,,1796,"VETRIVIER, OVS",1796,JULIE 1843,1843,,08/06/1817,1817,ELIZABETH SUSANNA,BOTHA,POTBERG,SWELLENDAM,07/1838-1839,1839,FAMILY MOVE,WINBURG,,,
2290,WESSELS,WESSELS,WESSELS,JOHANNES WILHELMUS WESSEL,Johannes Wilhelmus Wessel,b2c2d1e4f1g1,a1b2c2d1e4f1g1,WESSELSa1b2c2d1e4f1g1,,1/6/1818,1818,CALEDON,12/7/1818,1818,1818,"BEESFONTEIN, WINBURG",1818,22/10/1856,1856,SOMERSET,25/01/1840,1840,LEVINA,VAN AARDT,POTBERG,SWELLENDAM,1838/1839,1839,,WINBURG,WINBURG,,
2291,WESSELS,WESSELS,WESSELS,MATTHEUS HENDRICUS,Mattheus Hendricus,b2c2d1e4f1g3,a1b2c2d1e4f1g3,WESSELSa1b2c2d1e4f1g3,,1/10/1822,1822,UITENHAGE,7/12/1822,1822,1822,FAURESMITH,1822,5/5/1893,1893,,,,CECILIA JOHANNA (SUSANNA),WESSELS,POTBERG,SWELLENDAM,07/1838-1839,1839,FAMILY MOVE,,,,
2292,WESSELS,WESSELS,WESSELS,MATTHEUS HENDRICUS,Mattheus Hendricus,b2c2d1e4f3,a1b2c2d1e4f3,WESSELSa1b2c2d1e4f3,"KLEINRIVIERSKLOOF, SWELLENDAM",27/7/1799,1799,SWELLENDAM,6/10/1799,1799,1799,WINBURG,1799,3/5/1857,1857,GEORGE,22/03/1818,1818,CECILIA JOHANNA,DE LA REY,POTBERG,SWELLENDAM,07/1838-1839,1839,FAMILY MOVE,WINBURG,,,
2293,WESSELS,WESSELS,WESSELS,JOHANNES WILHELMUS,Johannes Wilhelmus,b2c2d1e4f3g1,a1b2c2d1e4f3g1,WESSELSa1b2c2d1e4f3g1,,12/10/1819,1819,GEORGE,19/3/1820,1819,1820,GROOTVLEI,1819,20/9/1873,1873,WINBURG,10/02/1849,1849,MAGDALENA JOHANNA,GREYLING,POTBERG,SWELLENDAM,07/1838-1839,1839,FAMILY MOVE,WINBURG,,,
2294,WESSELS,WESSELS,WESSELS,WESSEL JACOBUS,Wessel Jacobus,b2c2d1e4f5,a1b2c2d1e4f5,WESSELSa1b2c2d1e4f5,,,,,30/10/1802,,1802,"MERRIEFONTEIN, WINBURG",1802,25/6/1872,1872,CALEDON,10/09/1820,1820,ELIZABETHCAROLINA,SWART,POTBERG,SWELLENDAM,07/1838-1839,1839,,WINBURG,,,
2295,WESSELS,WESSELS,WESSELS,JAN WILHELMUS WESSEL,Jan Wilhelmus Wessel,b2c2d1e4f5g3,a1b2c2d1e4f5g3,WESSELSa1b2c2d1e4f5g3,,15/3/1824,1824,CALEDON,2/5/1824,1824,1824,"VAALKRANTZ, WINBERG",1824,24/10/1903,1903,WINBURG,20/05/1850,1850,ANNA MARGARETHA ALETTA,GREYLING,POTBERG,SWELLENDAM,07/1838-1839,1839,FAMILY MOVE,WINBURG,,,
2296,WESSELS,WESSELS,WESSELS,HERMANUS WILHELMUS,Hermanus Wilhelmus,b2c2d1e4f7,a1b2c2d1e4f7,WESSELSa1b2c2d1e4f7,CALEDON,31/12/1805,1805,GRAAFF-REINET,9/4/1806,1805,1806,"WINBURG, OVS",1805,14/12/1864,1864,CALEDON,20/02/1825,1825,HESTER JACOBA JACOMINA,MARAIS,POTBERG,SWELLENDAM,07/1838-1839,1839,FAMILY MOVE,WINBURG,,,
2297,WESSELS,WESSELS,WESSELS,JOHANNES WILHELMUS,Johannes Wilhelmus,b2c2d1e4f7g1,a1b2c2d1e4f7g1,WESSELSa1b2c2d1e4f7g1,,11/12/1825,1825,SOMERSET,22/1/1826,1825,1826,"KONSENTRASIEKAMP, BLOEMFONTEIN",1825,23/11/1901,1901,,,,MARIA SUSANNA ADRIANA,MEYER,POTBERG,SWELLENDAM,07/1838-1839,1839,FAMILY MOVE,WINBURG,,,
2298,WEYER,WEYER,WEYER,FREDERIK WILHELM CHRISTIAAN,Frederik Wilhelm Christiaan,b3,a1b3,WEYERa1b3,,7/7/1822,1822,GRAAFF-REINET,28/7/1822,1822,1822,,1822,,,PIETERMARITZBURG,03/02/1845,1845,ANNA CHRISTINA,VANDEN BERG,,GRAAFF-REINET,BEFORE 1845,1845,,,PIETERMARITZBURG,,
2299,WILKEN,WILKEN,WILKEN,JOHANNES ADAM,Johannes Adam,b6c8,a1b6c8,WILKENa1b6c8,,10/7/1810,1810,,,1810,,"WINBURG, OVS",1810,7/7/1866,1866,,,,NICOLASINA WILHELMINA JACOBA,PRINSLOO,SWARTRUGGENS,UITENHAGE,BEFORE 03/1842,1842,,NATAL,,,
2300,WILKEN,WILKEN,WILKEN,JOHANNES ADAM,Johannes Adam,b8,a1b8,WILKENa1b8,,,,,2/8/1772,,1772,"BOSCHPOORT (PLAAS VAN P.J. STRYDOM), CALEDONRIVIER",1772,15/11/1861,1861,,,,,,SWARTRUGGENS,UITENHAGE,10/1838,1838,A.W.J PRETORIUS,,,,
2301,WILMAN(S),WILMAN(S),WILMAN(S),JOHAN CHRISTIAAN,Johan Christiaan,b2c1,a1b2c1,WILMAN(S)a1b2c1,,9/9/1813,1813,GRAAFF-REINET,8/11/1813,1813,1813,,1813,,,GRAAFF-REINET,06/02/1832,1832,JOHANNA SUSANNA,WIENEKE,,GRAAFF-REINET,BEFORE 04/1842,1842,,TRANSORANJE,,,
2302,WOLHUTER,WOLHUTER,WOLHUTER,GEORGE CHRISTOFFEL,George Christoffel,b1c1,a1b1c1,WOLHUTERa1b1c1,,,,,3/7/1798,,1798,,1798,,,UITENHAGE,06/11/1831,1831,JOHANNA CHRISTINA/CATHARINA CAROLINA,VAN STADEN,TARKA,SOMERSET,02/1837,1837,PIET RETIEF,MAGALIESBERG,,,
2303,WOLHUTER,WOLHUTER,WOLHUTER,FRANS MATTHYS,Frans Matthys,b4c5,a1b4c5,WOLHUTERa1b4c5,KAAPSTAD,18/1/1815,1815,LUTHERSE KERK,5/2/1815,1815,1815,PMB.,1815,22/3/1899,1899,PIETERMARITZBURG,19/10/1841,1841,JOHANNA HELENA CATHARINA,BESTER,KAAPSTAD,,1840,1840,,NATAL,,,
2304,WOLMARANS,WOLMARANS,WOLMARANS,FREDERIK GERHARDUS,Frederik Gerhardus,b12c2,a1b12c2,WOLMARANSa1b12c2,"RONDEBOSCH, KAAPSTAD",15/11/1788,1788,,23/11/1788,1788,1788,"BOSCHHOEK, POTCHEFSTROOM",1788,28/4/1872,1872,SWELLENDAM,03/02/1810,1810,CATHARINA MARIA,LE ROUX,,GEORGE,1840,1840,A.H POTGIETER,OHRIGSTAD,,,
2305,WOLMARANS,WOLMARANS,WOLMARANS,JOSEPHUS JOHANNES (HERMANUS),Josephus Johannes (Hermanus),b12c2d1,a1b12c2d1,WOLMARANSa1b12c2d1,,,,,24/11/1811,,1811,,1811,,,GEORGE,4/12/1831,1831,MARTHA SALOMINA DOROTHEA,SCHOEMAN,,GEORGE,1840,1840,A.H POTGIETER,,,,
2306,WOLMARANS,WOLMARANS,WOLMARANS,FREDERIK GEHARDUS ANDREAS,Frederik Gehardus Andreas,b12c2d2,a1b12c2d2,WOLMARANSa1b12c2d2,,31/7/1812,1812,,8/11/1812,1812,1812,,1812,5/3/1884,1884,,1843,1843,CORNELIA MARIA,ELOFF,,GEORGE,1840,1840,A.H POTGIETER,,POTCHEFSTROOM,,
2307,WOLMARANS,WOLMARANS,WOLMARANS,GABRIEL MATTHYS,Gabriel Matthys,b12c2d4,a1b12c2d4,WOLMARANSa1b12c2d4,,2/7/1816,1816,GEORGE,23/3/1817,1816,1817,RUSTENBERG,1816,30/08/1852,1852,GEORGE,30/4/1837,1837,SUSARA MARIA,SCHOEMAN,,GEORGE,1840,1840,A.H POTGIETER,OHRIGSTAD,,,
2308,WOLMARANS,WOLMARANS,WOLMARANS,JOHANNES BAREND,Johannes Barend,b12c2d5,a1b12c2d5,WOLMARANSa1b12c2d5,GEORGE,1/10/1820,1820,GEORGE,1/10/1820,1820,1820,"DERDEPOOT, ZAR",1820,16/6/1898,1898,,,,SUSARA MARIA MARGHARETHA,OPPERMAN,,GEORGE,1840,1840,A.H POTGIETER,OHRIGSTAD,,,
2309,WOLMARANS,WOLMARANS,WOLMARANS,MICHIEL JOSIAS DE KOCK,Michiel Josias De Kock,b12c2d7,a1b12c2d7,WOLMARANSa1b12c2d7,,9/8/1824,1824,GEORGE,24/12/1825,1824,1825,,1824,,,NHK POTCHEFSTROOM,15/10/1850,1850,ALETTA JACOBA,WOLMARANS,,GEORGE,1840,1840,A.H POTGIETER,POTCHEFSTROOM,,,
2310,WOLMARANS,WOLMARANS,WOLMARANS,JOSEPHUS THEODORUS JOHANNES,Josephus Theodorus Johannes,b12c8d2,a1b12c8d2,WOLMARANSa1b12c8d2,,30/3/1822,1822,,,1822,,"""MAPOCHS GRONDEN"", MIDDLEBERG",1822,31/1/1901,1901,,,,MARTHA MARGARETHA MAGDALENA,MYBURGH,,,,,,,,,
2311,ZIETSMAN,ZIETSMAN,ZIETSMAN,HERMANUS LAMBERTUS,Hermanus Lambertus,b1c3,a1b1c3,ZIETSMANa1b1c3,,1/9/1819,1819,UITENHAGE,9/4/1820,1819,1820,"BOSCHMANSKRANS, STANDERTON",1819,1/6/1903,1903,PMB.,21/11/1840,1840,MARIA CATHARINA,MEYER,,,1840,1840,K.P. LANDMAN,NATAL,,,
2312,ZIETSMAN,ZIETSMAN,ZIETSMAN,JOHANNES PHILIP,Johannes Philip,b6,a1b6,ZIETSMANa1b6,,1794,1794,,,1794,,,1794,,,CALEDON,3/10/1813,1813,MARIA HENDRINA,GROVE,,UITENHAGE,10/1837,1837,K.P. LANDMAN,PIETERMRITZBURG,,,
2313,ZIETSMAN,ZIETSMAN,ZIETSMAN,PAUL HERMANUS,Paul Hermanus,b6c1,a1b6c1,ZIETSMANa1b6c1,,18/8/1814,1814,CALEDON,6/11/1814,1814,1814,ESTCOURT,1814,1/7/1892,1892,UITENHAGE,28/12/1835,1835,MAGDALENA PETRONELLA,MARAIS,ONDER-BOESMANSRIVIER,UITENHAGE,10/1837,1837,K.P. LANDMAN,WILGEFONTEIN,,,
2314,ZIETSMAN,ZIETSMAN,ZIETSMAN,JOHANNES SIGISMUNDUS,Johannes Sigismundus,b6c4,a1b6c4,ZIETSMANa1b6c4,,15/9/1822,1822,,27/10/1822,1822,1822,"TIGER KRANTZ, HELPMEKAAR, DUNDEE, NATAL",1822,13/8/1902,1902,,,,DINA MARIA,HUMAN,,UITENHAGE,10/1837,1837,K.P. LANDMAN,DUNDEE,,,
2315,,,,,,,,,,,,,,,,,,,,,,,,,,,,,,,,,
2316,,,,,,,,,,,,,,,,,,,,,,,,,,,,,,,,,
2317,,,,,,,,,,,,,,,,,,,,,,,,,,,,,,,,,
2318,,,,,,,,,,,,,,,,,,,,,,,,,,,,,,,,,
2319,,,,,,,,,,,,,,,,,,,,,,,,,,,,,,,,,
2320,,,,,,,,,,,,,,,,,,,,,,,,,,,,,,,,,
2321,,,,,,,,,,,,,,,,,,,,,,,,,,,,,,,,,
2322,,,,,,,,,,,,,,,,,,,,,,,,,,,,,,,,,
2323,,,,,,,,,,,,,,,,,,,,,,,,,,,,,,,,,
2324,,,,,,,,,,,,,,,,,,,,,,,,,,,,,,,,,
2325,,,,,,,,,,,,,,,,,,,,,,,,,,,,,,,,,
2326,,,,,,,,,,,,,,,,,,,,,,,,,,,,,,,,,
2327,,,,,,,,,,,,,,,,,,,,,,,,,,,,,,,,,
2328,,,,,,,,,,,,,,,,,,,,,,,,,,,,,,,,,
2329,,,,,,,,,,,,,,,,,,,,,,,,,,,,,,,,,
2330,,,,,,,,,,,,,,,,,,,,,,,,,,,,,,,,,
2331,,,,,,,,,,,,,,,,,,,,,,,,,,,,,,,,,
2332,,,,,,,,,,,,,,,,,,,,,,,,,,,,,,,,,
2333,,,,,,,,,,,,,,,,,,,,,,,,,,,,,,,,,
2334,,,,,,,,,,,,,,,,,,,,,,,,,,,,,,,,,
2335,,,,,,,,,,,,,,,,,,,,,,,,,,,,,,,,,
2336,,,,,,,,,,,,,,,,,,,,,,,,,,,,,,,,,
2337,,,,,,,,,,,,,,,,,,,,,,,,,,,,,,,,,
2338,,,,,,,,,,,,,,,,,,,,,,,,,,,,,,,,,
2339,,,,,,,,,,,,,,,,,,,,,,,,,,,,,,,,,
2340,,,,,,,,,,,,,,,,,,,,,,,,,,,,,,,,,
2341,,,,,,,,,,,,,,,,,,,,,,,,,,,,,,,,,
2342,,,,,,,,,,,,,,,,,,,,,,,,,,,,,,,,,
2343,,,,,,,,,,,,,,,,,,,,,,,,,,,,,,,,,
2344,,,,,,,,,,,,,,,,,,,,,,,,,,,,,,,,,
2345,,,,,,,,,,,,,,,,,,,,,,,,,,,,,,,,,
2346,,,,,,,,,,,,,,,,,,,,,,,,,,,,,,,,,
2347,,,,,,,,,,,,,,,,,,,,,,,,,,,,,,,,,
2348,,,,,,,,,,,,,,,,,,,,,,,,,,,,,,,,,
2349,,,,,,,,,,,,,,,,,,,,,,,,,,,,,,,,,
2350,,,,,,,,,,,,,,,,,,,,,,,,,,,,,,,,,
2351,,,,,,,,,,,,,,,,,,,,,,,,,,,,,,,,,
2352,,,,,,,,,,,,,,,,,,,,,,,,,,,,,,,,,
2353,,,,,,,,,,,,,,,,,,,,,,,,,,,,,,,,,
2354,,,,,,,,,,,,,,,,,,,,,,,,,,,,,,,,,
2355,,,,,,,,,,,,,,,,,,,,,,,,,,,,,,,,,
2356,,,,,,,,,,,,,,,,,,,,,,,,,,,,,,,,,
2357,,,,,,,,,,,,,,,,,,,,,,,,,,,,,,,,,
2358,,,,,,,,,,,,,,,,,,,,,,,,,,,,,,,,,
2359,,,,,,,,,,,,,,,,,,,,,,,,,,,,,,,,,
2360,,,,,,,,,,,,,,,,,,,,,,,,,,,,,,,,,
2361,,,,,,,,,,,,,,,,,,,,,,,,,,,,,,,,,
2362,,,,,,,,,,,,,,,,,,,,,,,,,,,,,,,,,
2363,,,,,,,,,,,,,,,,,,,,,,,,,,,,,,,,,
2364,,,,,,,,,,,,,,,,,,,,,,,,,,,,,,,,,
2365,,,,,,,,,,,,,,,,,,,,,,,,,,,,,,,,,
2366,,,,,,,,,,,,,,,,,,,,,,,,,,,,,,,,,
2367,,,,,,,,,,,,,,,,,,,,,,,,,,,,,,,,,
2368,,,,,,,,,,,,,,,,,,,,,,,,,,,,,,,,,
2369,,,,,,,,,,,,,,,,,,,,,,,,,,,,,,,,,
2370,,,,,,,,,,,,,,,,,,,,,,,,,,,,,,,,,
2371,,,,,,,,,,,,,,,,,,,,,,,,,,,,,,,,,
2372,,,,,,,,,,,,,,,,,,,,,,,,,,,,,,,,,
2373,,,,,,,,,,,,,,,,,,,,,,,,,,,,,,,,,
2374,,,,,,,,,,,,,,,,,,,,,,,,,,,,,,,,,
2375,,,,,,,,,,,,,,,,,,,,,,,,,,,,,,,,,
2376,,,,,,,,,,,,,,,,,,,,,,,,,,,,,,,,,
2377,,,,,,,,,,,,,,,,,,,,,,,,,,,,,,,,,
2378,,,,,,,,,,,,,,,,,,,,,,,,,,,,,,,,,
2379,,,,,,,,,,,,,,,,,,,,,,,,,,,,,,,,,
2380,,,,,,,,,,,,,,,,,,,,,,,,,,,,,,,,,
2381,,,,,,,,,,,,,,,,,,,,,,,,,,,,,,,,,
2382,,,,,,,,,,,,,,,,,,,,,,,,,,,,,,,,,
2383,,,,,,,,,,,,,,,,,,,,,,,,,,,,,,,,,
2384,,,,,,,,,,,,,,,,,,,,,,,,,,,,,,,,,
2385,,,,,,,,,,,,,,,,,,,,,,,,,,,,,,,,,
2386,,,,,,,,,,,,,,,,,,,,,,,,,,,,,,,,,
2387,,,,,,,,,,,,,,,,,,,,,,,,,,,,,,,,,
2388,,,,,,,,,,,,,,,,,,,,,,,,,,,,,,,,,
2389,,,,,,,,,,,,,,,,,,,,,,,,,,,,,,,,,
2390,,,,,,,,,,,,,,,,,,,,,,,,,,,,,,,,,
2391,,,,,,,,,,,,,,,,,,,,,,,,,,,,,,,,,
2392,,,,,,,,,,,,,,,,,,,,,,,,,,,,,,,,,
2393,,,,,,,,,,,,,,,,,,,,,,,,,,,,,,,,,
2394,,,,,,,,,,,,,,,,,,,,,,,,,,,,,,,,,
2395,,,,,,,,,,,,,,,,,,,,,,,,,,,,,,,,,
2396,,,,,,,,,,,,,,,,,,,,,,,,,,,,,,,,,
2397,,,,,,,,,,,,,,,,,,,,,,,,,,,,,,,,,
2398,,,,,,,,,,,,,,,,,,,,,,,,,,,,,,,,,
2399,,,,,,,,,,,,,,,,,,,,,,,,,,,,,,,,,
2400,,,,,,,,,,,,,,,,,,,,,,,,,,,,,,,,,
2401,,,,,,,,,,,,,,,,,,,,,,,,,,,,,,,,,
2402,,,,,,,,,,,,,,,,,,,,,,,,,,,,,,,,,
2403,,,,,,,,,,,,,,,,,,,,,,,,,,,,,,,,,
2404,,,,,,,,,,,,,,,,,,,,,,,,,,,,,,,,,
2405,,,,,,,,,,,,,,,,,,,,,,,,,,,,,,,,,
2406,,,,,,,,,,,,,,,,,,,,,,,,,,,,,,,,,
2407,,,,,,,,,,,,,,,,,,,,,,,,,,,,,,,,,
2408,,,,,,,,,,,,,,,,,,,,,,,,,,,,,,,,,
2409,,,,,,,,,,,,,,,,,,,,,,,,,,,,,,,,,
2410,,,,,,,,,,,,,,,,,,,,,,,,,,,,,,,,,
2411,,,,,,,,,,,,,,,,,,,,,,,,,,,,,,,,,
2412,,,,,,,,,,,,,,,,,,,,,,,,,,,,,,,,,
2413,,,,,,,,,,,,,,,,,,,,,,,,,,,,,,,,,
2414,,,,,,,,,,,,,,,,,,,,,,,,,,,,,,,,,
2415,,,,,,,,,,,,,,,,,,,,,,,,,,,,,,,,,
2416,,,,,,,,,,,,,,,,,,,,,,,,,,,,,,,,,
2417,,,,,,,,,,,,,,,,,,,,,,,,,,,,,,,,,
2418,,,,,,,,,,,,,,,,,,,,,,,,,,,,,,,,,
2419,,,,,,,,,,,,,,,,,,,,,,,,,,,,,,,,,
2420,,,,,,,,,,,,,,,,,,,,,,,,,,,,,,,,,
2421,,,,,,,,,,,,,,,,,,,,,,,,,,,,,,,,,
2422,,,,,,,,,,,,,,,,,,,,,,,,,,,,,,,,,
2423,,,,,,,,,,,,,,,,,,,,,,,,,,,,,,,,,
2424,,,,,,,,,,,,,,,,,,,,,,,,,,,,,,,,,
2425,,,,,,,,,,,,,,,,,,,,,,,,,,,,,,,,,
2426,,,,,,,,,,,,,,,,,,,,,,,,,,,,,,,,,
2427,,,,,,,,,,,,,,,,,,,,,,,,,,,,,,,,,
2428,,,,,,,,,,,,,,,,,,,,,,,,,,,,,,,,,
2429,,,,,,,,,,,,,,,,,,,,,,,,,,,,,,,,,
2430,,,,,,,,,,,,,,,,,,,,,,,,,,,,,,,,,
2431,,,,,,,,,,,,,,,,,,,,,,,,,,,,,,,,,
2432,,,,,,,,,,,,,,,,,,,,,,,,,,,,,,,,,
2433,,,,,,,,,,,,,,,,,,,,,,,,,,,,,,,,,
2434,,,,,,,,,,,,,,,,,,,,,,,,,,,,,,,,,
2435,,,,,,,,,,,,,,,,,,,,,,,,,,,,,,,,,
2436,,,,,,,,,,,,,,,,,,,,,,,,,,,,,,,,,
2437,,,,,,,,,,,,,,,,,,,,,,,,,,,,,,,,,
2438,,,,,,,,,,,,,,,,,,,,,,,,,,,,,,,,,
2439,,,,,,,,,,,,,,,,,,,,,,,,,,,,,,,,,
2440,,,,,,,,,,,,,,,,,,,,,,,,,,,,,,,,,
2441,,,,,,,,,,,,,,,,,,,,,,,,,,,,,,,,,
2442,,,,,,,,,,,,,,,,,,,,,,,,,,,,,,,,,
2443,,,,,,,,,,,,,,,,,,,,,,,,,,,,,,,,,
2444,,,,,,,,,,,,,,,,,,,,,,,,,,,,,,,,,
2445,,,,,,,,,,,,,,,,,,,,,,,,,,,,,,,,,
2446,,,,,,,,,,,,,,,,,,,,,,,,,,,,,,,,,
2447,,,,,,,,,,,,,,,,,,,,,,,,,,,,,,,,,
2448,,,,,,,,,,,,,,,,,,,,,,,,,,,,,,,,,
2449,,,,,,,,,,,,,,,,,,,,,,,,,,,,,,,,,
2450,,,,,,,,,,,,,,,,,,,,,,,,,,,,,,,,,
2451,,,,,,,,,,,,,,,,,,,,,,,,,,,,,,,,,
2452,,,,,,,,,,,,,,,,,,,,,,,,,,,,,,,,,
2453,,,,,,,,,,,,,,,,,,,,,,,,,,,,,,,,,
2454,,,,,,,,,,,,,,,,,,,,,,,,,,,,,,,,,
2455,,,,,,,,,,,,,,,,,,,,,,,,,,,,,,,,,
2456,,,,,,,,,,,,,,,,,,,,,,,,,,,,,,,,,
2457,,,,,,,,,,,,,,,,,,,,,,,,,,,,,,,,,
2458,,,,,,,,,,,,,,,,,,,,,,,,,,,,,,,,,
2459,,,,,,,,,,,,,,,,,,,,,,,,,,,,,,,,,
2460,,,,,,,,,,,,,,,,,,,,,,,,,,,,,,,,,
2461,,,,,,,,,,,,,,,,,,,,,,,,,,,,,,,,,
2462,,,,,,,,,,,,,,,,,,,,,,,,,,,,,,,,,
2463,,,,,,,,,,,,,,,,,,,,,,,,,,,,,,,,,
2464,,,,,,,,,,,,,,,,,,,,,,,,,,,,,,,,,
2465,,,,,,,,,,,,,,,,,,,,,,,,,,,,,,,,,
2466,,,,,,,,,,,,,,,,,,,,,,,,,,,,,,,,,
2467,,,,,,,,,,,,,,,,,,,,,,,,,,,,,,,,,
2468,,,,,,,,,,,,,,,,,,,,,,,,,,,,,,,,,
2469,,,,,,,,,,,,,,,,,,,,,,,,,,,,,,,,,
2470,,,,,,,,,,,,,,,,,,,,,,,,,,,,,,,,,
2471,,,,,,,,,,,,,,,,,,,,,,,,,,,,,,,,,
2472,,,,,,,,,,,,,,,,,,,,,,,,,,,,,,,,,
2473,,,,,,,,,,,,,,,,,,,,,,,,,,,,,,,,,
2474,,,,,,,,,,,,,,,,,,,,,,,,,,,,,,,,,
2475,,,,,,,,,,,,,,,,,,,,,,,,,,,,,,,,,
2476,,,,,,,,,,,,,,,,,,,,,,,,,,,,,,,,,
2477,,,,,,,,,,,,,,,,,,,,,,,,,,,,,,,,,
2478,,,,,,,,,,,,,,,,,,,,,,,,,,,,,,,,,
2479,,,,,,,,,,,,,,,,,,,,,,,,,,,,,,,,,
2480,,,,,,,,,,,,,,,,,,,,,,,,,,,,,,,,,
2481,,,,,,,,,,,,,,,,,,,,,,,,,,,,,,,,,
2482,,,,,,,,,,,,,,,,,,,,,,,,,,,,,,,,,
2483,,,,,,,,,,,,,,,,,,,,,,,,,,,,,,,,,
2484,,,,,,,,,,,,,,,,,,,,,,,,,,,,,,,,,
2485,,,,,,,,,,,,,,,,,,,,,,,,,,,,,,,,,
2486,,,,,,,,,,,,,,,,,,,,,,,,,,,,,,,,,
2487,,,,,,,,,,,,,,,,,,,,,,,,,,,,,,,,,
2488,,,,,,,,,,,,,,,,,,,,,,,,,,,,,,,,,
2489,,,,,,,,,,,,,,,,,,,,,,,,,,,,,,,,,
2490,,,,,,,,,,,,,,,,,,,,,,,,,,,,,,,,,
2491,,,,,,,,,,,,,,,,,,,,,,,,,,,,,,,,,
2492,,,,,,,,,,,,,,,,,,,,,,,,,,,,,,,,,
2493,,,,,,,,,,,,,,,,,,,,,,,,,,,,,,,,,
2494,,,,,,,,,,,,,,,,,,,,,,,,,,,,,,,,,
2495,,,,,,,,,,,,,,,,,,,,,,,,,,,,,,,,,
2496,,,,,,,,,,,,,,,,,,,,,,,,,,,,,,,,,
2497,,,,,,,,,,,,,,,,,,,,,,,,,,,,,,,,,
2498,,,,,,,,,,,,,,,,,,,,,,,,,,,,,,,,,
2499,,,,,,,,,,,,,,,,,,,,,,,,,,,,,,,,,
2500,,,,,,,,,,,,,,,,,,,,,,,,,,,,,,,,,
2501,,,,,,,,,,,,,,,,,,,,,,,,,,,,,,,,,
2502,,,,,,,,,,,,,,,,,,,,,,,,,,,,,,,,,
2503,,,,,,,,,,,,,,,,,,,,,,,,,,,,,,,,,
2504,,,,,,,,,,,,,,,,,,,,,,,,,,,,,,,,,
2505,,,,,,,,,,,,,,,,,,,,,,,,,,,,,,,,,
2506,,,,,,,,,,,,,,,,,,,,,,,,,,,,,,,,,
2507,,,,,,,,,,,,,,,,,,,,,,,,,,,,,,,,,
2508,,,,,,,,,,,,,,,,,,,,,,,,,,,,,,,,,
2509,,,,,,,,,,,,,,,,,,,,,,,,,,,,,,,,,
2510,,,,,,,,,,,,,,,,,,,,,,,,,,,,,,,,,
2511,,,,,,,,,,,,,,,,,,,,,,,,,,,,,,,,,
2512,,,,,,,,,,,,,,,,,,,,,,,,,,,,,,,,,
2513,,,,,,,,,,,,,,,,,,,,,,,,,,,,,,,,,
2514,,,,,,,,,,,,,,,,,,,,,,,,,,,,,,,,,
2515,,,,,,,,,,,,,,,,,,,,,,,,,,,,,,,,,
2516,,,,,,,,,,,,,,,,,,,,,,,,,,,,,,,,,
2517,,,,,,,,,,,,,,,,,,,,,,,,,,,,,,,,,
2518,,,,,,,,,,,,,,,,,,,,,,,,,,,,,,,,,
2519,,,,,,,,,,,,,,,,,,,,,,,,,,,,,,,,,
2520,,,,,,,,,,,,,,,,,,,,,,,,,,,,,,,,,
2521,,,,,,,,,,,,,,,,,,,,,,,,,,,,,,,,,
2522,,,,,,,,,,,,,,,,,,,,,,,,,,,,,,,,,
2523,,,,,,,,,,,,,,,,,,,,,,,,,,,,,,,,,
2524,,,,,,,,,,,,,,,,,,,,,,,,,,,,,,,,,
2525,,,,,,,,,,,,,,,,,,,,,,,,,,,,,,,,,
2526,,,,,,,,,,,,,,,,,,,,,,,,,,,,,,,,,
2527,,,,,,,,,,,,,,,,,,,,,,,,,,,,,,,,,
2528,,,,,,,,,,,,,,,,,,,,,,,,,,,,,,,,,
2529,,,,,,,,,,,,,,,,,,,,,,,,,,,,,,,,,
2530,,,,,,,,,,,,,,,,,,,,,,,,,,,,,,,,,
2531,,,,,,,,,,,,,,,,,,,,,,,,,,,,,,,,,
2532,,,,,,,,,,,,,,,,,,,,,,,,,,,,,,,,,
2533,,,,,,,,,,,,,,,,,,,,,,,,,,,,,,,,,
2534,,,,,,,,,,,,,,,,,,,,,,,,,,,,,,,,,
2535,,,,,,,,,,,,,,,,,,,,,,,,,,,,,,,,,
2536,,,,,,,,,,,,,,,,,,,,,,,,,,,,,,,,,
2537,,,,,,,,,,,,,,,,,,,,,,,,,,,,,,,,,
2538,,,,,,,,,,,,,,,,,,,,,,,,,,,,,,,,,
2539,,,,,,,,,,,,,,,,,,,,,,,,,,,,,,,,,
2540,,,,,,,,,,,,,,,,,,,,,,,,,,,,,,,,,
2541,,,,,,,,,,,,,,,,,,,,,,,,,,,,,,,,,
2542,,,,,,,,,,,,,,,,,,,,,,,,,,,,,,,,,
2543,,,,,,,,,,,,,,,,,,,,,,,,,,,,,,,,,
2544,,,,,,,,,,,,,,,,,,,,,,,,,,,,,,,,,
2545,,,,,,,,,,,,,,,,,,,,,,,,,,,,,,,,,
2546,,,,,,,,,,,,,,,,,,,,,,,,,,,,,,,,,
2547,,,,,,,,,,,,,,,,,,,,,,,,,,,,,,,,,
2548,,,,,,,,,,,,,,,,,,,,,,,,,,,,,,,,,
2549,,,,,,,,,,,,,,,,,,,,,,,,,,,,,,,,,
2550,,,,,,,,,,,,,,,,,,,,,,,,,,,,,,,,,
2551,,,,,,,,,,,,,,,,,,,,,,,,,,,,,,,,,
2552,,,,,,,,,,,,,,,,,,,,,,,,,,,,,,,,,
2553,,,,,,,,,,,,,,,,,,,,,,,,,,,,,,,,,
2554,,,,,,,,,,,,,,,,,,,,,,,,,,,,,,,,,
2555,,,,,,,,,,,,,,,,,,,,,,,,,,,,,,,,,
2556,,,,,,,,,,,,,,,,,,,,,,,,,,,,,,,,,
2557,,,,,,,,,,,,,,,,,,,,,,,,,,,,,,,,,
2558,,,,,,,,,,,,,,,,,,,,,,,,,,,,,,,,,
2559,,,,,,,,,,,,,,,,,,,,,,,,,,,,,,,,,
2560,,,,,,,,,,,,,,,,,,,,,,,,,,,,,,,,,
2561,,,,,,,,,,,,,,,,,,,,,,,,,,,,,,,,,
2562,,,,,,,,,,,,,,,,,,,,,,,,,,,,,,,,,
2563,,,,,,,,,,,,,,,,,,,,,,,,,,,,,,,,,
2564,,,,,,,,,,,,,,,,,,,,,,,,,,,,,,,,,
2565,,,,,,,,,,,,,,,,,,,,,,,,,,,,,,,,,
2566,,,,,,,,,,,,,,,,,,,,,,,,,,,,,,,,,
2567,,,,,,,,,,,,,,,,,,,,,,,,,,,,,,,,,
2568,,,,,,,,,,,,,,,,,,,,,,,,,,,,,,,,,
2569,,,,,,,,,,,,,,,,,,,,,,,,,,,,,,,,,
2570,,,,,,,,,,,,,,,,,,,,,,,,,,,,,,,,,
2571,,,,,,,,,,,,,,,,,,,,,,,,,,,,,,,,,
2572,,,,,,,,,,,,,,,,,,,,,,,,,,,,,,,,,
2573,,,,,,,,,,,,,,,,,,,,,,,,,,,,,,,,,
2574,,,,,,,,,,,,,,,,,,,,,,,,,,,,,,,,,
2575,,,,,,,,,,,,,,,,,,,,,,,,,,,,,,,,,
2576,,,,,,,,,,,,,,,,,,,,,,,,,,,,,,,,,
2577,,,,,,,,,,,,,,,,,,,,,,,,,,,,,,,,,
2578,,,,,,,,,,,,,,,,,,,,,,,,,,,,,,,,,
2579,,,,,,,,,,,,,,,,,,,,,,,,,,,,,,,,,
2580,,,,,,,,,,,,,,,,,,,,,,,,,,,,,,,,,
2581,,,,,,,,,,,,,,,,,,,,,,,,,,,,,,,,,
2582,,,,,,,,,,,,,,,,,,,,,,,,,,,,,,,,,
2583,,,,,,,,,,,,,,,,,,,,,,,,,,,,,,,,,
2584,,,,,,,,,,,,,,,,,,,,,,,,,,,,,,,,,
2585,,,,,,,,,,,,,,,,,,,,,,,,,,,,,,,,,
2586,,,,,,,,,,,,,,,,,,,,,,,,,,,,,,,,,
2587,,,,,,,,,,,,,,,,,,,,,,,,,,,,,,,,,
2588,,,,,,,,,,,,,,,,,,,,,,,,,,,,,,,,,
2589,,,,,,,,,,,,,,,,,,,,,,,,,,,,,,,,,
2590,,,,,,,,,,,,,,,,,,,,,,,,,,,,,,,,,
2591,,,,,,,,,,,,,,,,,,,,,,,,,,,,,,,,,
2592,,,,,,,,,,,,,,,,,,,,,,,,,,,,,,,,,
2593,,,,,,,,,,,,,,,,,,,,,,,,,,,,,,,,,
2594,,,,,,,,,,,,,,,,,,,,,,,,,,,,,,,,,
2595,,,,,,,,,,,,,,,,,,,,,,,,,,,,,,,,,
2596,,,,,,,,,,,,,,,,,,,,,,,,,,,,,,,,,
2597,,,,,,,,,,,,,,,,,,,,,,,,,,,,,,,,,
2598,,,,,,,,,,,,,,,,,,,,,,,,,,,,,,,,,
2599,,,,,,,,,,,,,,,,,,,,,,,,,,,,,,,,,
2600,,,,,,,,,,,,,,,,,,,,,,,,,,,,,,,,,
2601,,,,,,,,,,,,,,,,,,,,,,,,,,,,,,,,,
2602,,,,,,,,,,,,,,,,,,,,,,,,,,,,,,,,,
2603,,,,,,,,,,,,,,,,,,,,,,,,,,,,,,,,,
2604,,,,,,,,,,,,,,,,,,,,,,,,,,,,,,,,,
2605,,,,,,,,,,,,,,,,,,,,,,,,,,,,,,,,,
2606,,,,,,,,,,,,,,,,,,,,,,,,,,,,,,,,,
2607,,,,,,,,,,,,,,,,,,,,,,,,,,,,,,,,,
2608,,,,,,,,,,,,,,,,,,,,,,,,,,,,,,,,,
2609,,,,,,,,,,,,,,,,,,,,,,,,,,,,,,,,,
2610,,,,,,,,,,,,,,,,,,,,,,,,,,,,,,,,,
2611,,,,,,,,,,,,,,,,,,,,,,,,,,,,,,,,,
2612,,,,,,,,,,,,,,,,,,,,,,,,,,,,,,,,,
2613,,,,,,,,,,,,,,,,,,,,,,,,,,,,,,,,,
2614,,,,,,,,,,,,,,,,,,,,,,,,,,,,,,,,,
2615,,,,,,,,,,,,,,,,,,,,,,,,,,,,,,,,,
2616,,,,,,,,,,,,,,,,,,,,,,,,,,,,,,,,,
2617,,,,,,,,,,,,,,,,,,,,,,,,,,,,,,,,,
2618,,,,,,,,,,,,,,,,,,,,,,,,,,,,,,,,,
2619,,,,,,,,,,,,,,,,,,,,,,,,,,,,,,,,,
2620,,,,,,,,,,,,,,,,,,,,,,,,,,,,,,,,,
2621,,,,,,,,,,,,,,,,,,,,,,,,,,,,,,,,,
2622,,,,,,,,,,,,,,,,,,,,,,,,,,,,,,,,,
2623,,,,,,,,,,,,,,,,,,,,,,,,,,,,,,,,,
2624,,,,,,,,,,,,,,,,,,,,,,,,,,,,,,,,,
2625,,,,,,,,,,,,,,,,,,,,,,,,,,,,,,,,,
2626,,,,,,,,,,,,,,,,,,,,,,,,,,,,,,,,,
2627,,,,,,,,,,,,,,,,,,,,,,,,,,,,,,,,,
2628,,,,,,,,,,,,,,,,,,,,,,,,,,,,,,,,,
2629,,,,,,,,,,,,,,,,,,,,,,,,,,,,,,,,,
2630,,,,,,,,,,,,,,,,,,,,,,,,,,,,,,,,,
2631,,,,,,,,,,,,,,,,,,,,,,,,,,,,,,,,,
2632,,,,,,,,,,,,,,,,,,,,,,,,,,,,,,,,,
2633,,,,,,,,,,,,,,,,,,,,,,,,,,,,,,,,,
2634,,,,,,,,,,,,,,,,,,,,,,,,,,,,,,,,,
2635,,,,,,,,,,,,,,,,,,,,,,,,,,,,,,,,,
2636,,,,,,,,,,,,,,,,,,,,,,,,,,,,,,,,,
2637,,,,,,,,,,,,,,,,,,,,,,,,,,,,,,,,,
2638,,,,,,,,,,,,,,,,,,,,,,,,,,,,,,,,,
2639,,,,,,,,,,,,,,,,,,,,,,,,,,,,,,,,,
2640,,,,,,,,,,,,,,,,,,,,,,,,,,,,,,,,,
2641,,,,,,,,,,,,,,,,,,,,,,,,,,,,,,,,,
2642,,,,,,,,,,,,,,,,,,,,,,,,,,,,,,,,,
2643,,,,,,,,,,,,,,,,,,,,,,,,,,,,,,,,,
2644,,,,,,,,,,,,,,,,,,,,,,,,,,,,,,,,,
2645,,,,,,,,,,,,,,,,,,,,,,,,,,,,,,,,,
2646,,,,,,,,,,,,,,,,,,,,,,,,,,,,,,,,,
2647,,,,,,,,,,,,,,,,,,,,,,,,,,,,,,,,,
2648,,,,,,,,,,,,,,,,,,,,,,,,,,,,,,,,,
2649,,,,,,,,,,,,,,,,,,,,,,,,,,,,,,,,,
2650,,,,,,,,,,,,,,,,,,,,,,,,,,,,,,,,,
2651,,,,,,,,,,,,,,,,,,,,,,,,,,,,,,,,,
2652,,,,,,,,,,,,,,,,,,,,,,,,,,,,,,,,,
2653,,,,,,,,,,,,,,,,,,,,,,,,,,,,,,,,,
2654,,,,,,,,,,,,,,,,,,,,,,,,,,,,,,,,,
2655,,,,,,,,,,,,,,,,,,,,,,,,,,,,,,,,,
2656,,,,,,,,,,,,,,,,,,,,,,,,,,,,,,,,,
2657,,,,,,,,,,,,,,,,,,,,,,,,,,,,,,,,,
2658,,,,,,,,,,,,,,,,,,,,,,,,,,,,,,,,,
2659,,,,,,,,,,,,,,,,,,,,,,,,,,,,,,,,,
2660,,,,,,,,,,,,,,,,,,,,,,,,,,,,,,,,,
2661,,,,,,,,,,,,,,,,,,,,,,,,,,,,,,,,,
2662,,,,,,,,,,,,,,,,,,,,,,,,,,,,,,,,,
2663,,,,,,,,,,,,,,,,,,,,,,,,,,,,,,,,,
2664,,,,,,,,,,,,,,,,,,,,,,,,,,,,,,,,,
2665,,,,,,,,,,,,,,,,,,,,,,,,,,,,,,,,,
2666,,,,,,,,,,,,,,,,,,,,,,,,,,,,,,,,,
2667,,,,,,,,,,,,,,,,,,,,,,,,,,,,,,,,,
2668,,,,,,,,,,,,,,,,,,,,,,,,,,,,,,,,,
2669,,,,,,,,,,,,,,,,,,,,,,,,,,,,,,,,,
2670,,,,,,,,,,,,,,,,,,,,,,,,,,,,,,,,,
2671,,,,,,,,,,,,,,,,,,,,,,,,,,,,,,,,,
2672,,,,,,,,,,,,,,,,,,,,,,,,,,,,,,,,,
2673,,,,,,,,,,,,,,,,,,,,,,,,,,,,,,,,,
2674,,,,,,,,,,,,,,,,,,,,,,,,,,,,,,,,,
2675,,,,,,,,,,,,,,,,,,,,,,,,,,,,,,,,,
2676,,,,,,,,,,,,,,,,,,,,,,,,,,,,,,,,,
2677,,,,,,,,,,,,,,,,,,,,,,,,,,,,,,,,,
2678,,,,,,,,,,,,,,,,,,,,,,,,,,,,,,,,,
2679,,,,,,,,,,,,,,,,,,,,,,,,,,,,,,,,,
2680,,,,,,,,,,,,,,,,,,,,,,,,,,,,,,,,,
2681,,,,,,,,,,,,,,,,,,,,,,,,,,,,,,,,,
2682,,,,,,,,,,,,,,,,,,,,,,,,,,,,,,,,,
2683,,,,,,,,,,,,,,,,,,,,,,,,,,,,,,,,,
2684,,,,,,,,,,,,,,,,,,,,,,,,,,,,,,,,,
2685,,,,,,,,,,,,,,,,,,,,,,,,,,,,,,,,,
2686,,,,,,,,,,,,,,,,,,,,,,,,,,,,,,,,,
2687,,,,,,,,,,,,,,,,,,,,,,,,,,,,,,,,,
2688,,,,,,,,,,,,,,,,,,,,,,,,,,,,,,,,,
2689,,,,,,,,,,,,,,,,,,,,,,,,,,,,,,,,,
2690,,,,,,,,,,,,,,,,,,,,,,,,,,,,,,,,,
2691,,,,,,,,,,,,,,,,,,,,,,,,,,,,,,,,,
2692,,,,,,,,,,,,,,,,,,,,,,,,,,,,,,,,,
2693,,,,,,,,,,,,,,,,,,,,,,,,,,,,,,,,,
2694,,,,,,,,,,,,,,,,,,,,,,,,,,,,,,,,,
2695,,,,,,,,,,,,,,,,,,,,,,,,,,,,,,,,,
2696,,,,,,,,,,,,,,,,,,,,,,,,,,,,,,,,,
2697,,,,,,,,,,,,,,,,,,,,,,,,,,,,,,,,,
2698,,,,,,,,,,,,,,,,,,,,,,,,,,,,,,,,,
2699,,,,,,,,,,,,,,,,,,,,,,,,,,,,,,,,,
2700,,,,,,,,,,,,,,,,,,,,,,,,,,,,,,,,,
2701,,,,,,,,,,,,,,,,,,,,,,,,,,,,,,,,,
2702,,,,,,,,,,,,,,,,,,,,,,,,,,,,,,,,,
2703,,,,,,,,,,,,,,,,,,,,,,,,,,,,,,,,,
