workbook,sheet,cell,district,source_row,variable,raw_content,proposed_value,status,evidence
1825 series.xlsx,Albany 1825,AM58,Albany,58,rye_sown,0.0625,0.0625,numeric,Original workbook header and cell; unresolved values have no inferred replacement
1825 series.xlsx,Clanwilliam 1824,G3,Clanwilliam,3,settler_women,,0.0,corrected_header_mapping,Original workbook header and cell; unresolved values have no inferred replacement
1825 series.xlsx,Clanwilliam 1824,G4,Clanwilliam,4,settler_women,1,1.0,corrected_header_mapping,Original workbook header and cell; unresolved values have no inferred replacement
1825 series.xlsx,Clanwilliam 1824,G5,Clanwilliam,5,settler_women,,0.0,corrected_header_mapping,Original workbook header and cell; unresolved values have no inferred replacement
1825 series.xlsx,Clanwilliam 1824,G6,Clanwilliam,6,settler_women,1,1.0,corrected_header_mapping,Original workbook header and cell; unresolved values have no inferred replacement
1825 series.xlsx,Clanwilliam 1824,AQ6,Clanwilliam,6,brandy,0.0625,0.0625,numeric,Original workbook header and cell; unresolved values have no inferred replacement
1825 series.xlsx,Clanwilliam 1824,G7,Clanwilliam,7,settler_women,,0.0,corrected_header_mapping,Original workbook header and cell; unresolved values have no inferred replacement
1825 series.xlsx,Clanwilliam 1824,G8,Clanwilliam,8,settler_women,1,1.0,corrected_header_mapping,Original workbook header and cell; unresolved values have no inferred replacement
1825 series.xlsx,Clanwilliam 1824,G9,Clanwilliam,9,settler_women,,0.0,corrected_header_mapping,Original workbook header and cell; unresolved values have no inferred replacement
1825 series.xlsx,Clanwilliam 1824,G10,Clanwilliam,10,settler_women,,0.0,corrected_header_mapping,Original workbook header and cell; unresolved values have no inferred replacement
1825 series.xlsx,Clanwilliam 1824,G11,Clanwilliam,11,settler_women,1,1.0,corrected_header_mapping,Original workbook header and cell; unresolved values have no inferred replacement
1825 series.xlsx,Clanwilliam 1824,G12,Clanwilliam,12,settler_women,,0.0,corrected_header_mapping,Original workbook header and cell; unresolved values have no inferred replacement
1825 series.xlsx,Clanwilliam 1824,G13,Clanwilliam,13,settler_women,1,1.0,corrected_header_mapping,Original workbook header and cell; unresolved values have no inferred replacement
1825 series.xlsx,Clanwilliam 1824,G14,Clanwilliam,14,settler_women,1,1.0,corrected_header_mapping,Original workbook header and cell; unresolved values have no inferred replacement
1825 series.xlsx,Clanwilliam 1824,G15,Clanwilliam,15,settler_women,,0.0,corrected_header_mapping,Original workbook header and cell; unresolved values have no inferred replacement
1825 series.xlsx,Clanwilliam 1824,G16,Clanwilliam,16,settler_women,1,1.0,corrected_header_mapping,Original workbook header and cell; unresolved values have no inferred replacement
1825 series.xlsx,Clanwilliam 1824,G17,Clanwilliam,17,settler_women,,0.0,corrected_header_mapping,Original workbook header and cell; unresolved values have no inferred replacement
1825 series.xlsx,Clanwilliam 1824,G18,Clanwilliam,18,settler_women,1,1.0,corrected_header_mapping,Original workbook header and cell; unresolved values have no inferred replacement
1825 series.xlsx,Clanwilliam 1824,G19,Clanwilliam,19,settler_women,1,1.0,corrected_header_mapping,Original workbook header and cell; unresolved values have no inferred replacement
1825 series.xlsx,Clanwilliam 1824,G20,Clanwilliam,20,settler_women,1,1.0,corrected_header_mapping,Original workbook header and cell; unresolved values have no inferred replacement
1825 series.xlsx,Clanwilliam 1824,G21,Clanwilliam,21,settler_women,,0.0,corrected_header_mapping,Original workbook header and cell; unresolved values have no inferred replacement
1825 series.xlsx,Clanwilliam 1824,G22,Clanwilliam,22,settler_women,1,1.0,corrected_header_mapping,Original workbook header and cell; unresolved values have no inferred replacement
1825 series.xlsx,Clanwilliam 1824,G23,Clanwilliam,23,settler_women,1,1.0,corrected_header_mapping,Original workbook header and cell; unresolved values have no inferred replacement
1825 series.xlsx,Clanwilliam 1824,G24,Clanwilliam,24,settler_women,1,1.0,corrected_header_mapping,Original workbook header and cell; unresolved values have no inferred replacement
1825 series.xlsx,Clanwilliam 1824,G25,Clanwilliam,25,settler_women,1,1.0,corrected_header_mapping,Original workbook header and cell; unresolved values have no inferred replacement
1825 series.xlsx,Clanwilliam 1824,G26,Clanwilliam,26,settler_women,1,1.0,corrected_header_mapping,Original workbook header and cell; unresolved values have no inferred replacement
1825 series.xlsx,Clanwilliam 1824,G27,Clanwilliam,27,settler_women,,0.0,corrected_header_mapping,Original workbook header and cell; unresolved values have no inferred replacement
1825 series.xlsx,Clanwilliam 1824,G28,Clanwilliam,28,settler_women,1,1.0,corrected_header_mapping,Original workbook header and cell; unresolved values have no inferred replacement
1825 series.xlsx,Clanwilliam 1824,G29,Clanwilliam,29,settler_women,,0.0,corrected_header_mapping,Original workbook header and cell; unresolved values have no inferred replacement
1825 series.xlsx,Clanwilliam 1824,G30,Clanwilliam,30,settler_women,1,1.0,corrected_header_mapping,Original workbook header and cell; unresolved values have no inferred replacement
1825 series.xlsx,Clanwilliam 1824,G31,Clanwilliam,31,settler_women,,0.0,corrected_header_mapping,Original workbook header and cell; unresolved values have no inferred replacement
1825 series.xlsx,Clanwilliam 1824,G32,Clanwilliam,32,settler_women,,0.0,corrected_header_mapping,Original workbook header and cell; unresolved values have no inferred replacement
1825 series.xlsx,Clanwilliam 1824,G33,Clanwilliam,33,settler_women,,0.0,corrected_header_mapping,Original workbook header and cell; unresolved values have no inferred replacement
1825 series.xlsx,Clanwilliam 1824,G34,Clanwilliam,34,settler_women,1,1.0,corrected_header_mapping,Original workbook header and cell; unresolved values have no inferred replacement
1825 series.xlsx,Clanwilliam 1824,G35,Clanwilliam,35,settler_women,1,1.0,corrected_header_mapping,Original workbook header and cell; unresolved values have no inferred replacement
1825 series.xlsx,Clanwilliam 1824,G36,Clanwilliam,36,settler_women,1,1.0,corrected_header_mapping,Original workbook header and cell; unresolved values have no inferred replacement
1825 series.xlsx,Clanwilliam 1824,G37,Clanwilliam,37,settler_women,1,1.0,corrected_header_mapping,Original workbook header and cell; unresolved values have no inferred replacement
1825 series.xlsx,Clanwilliam 1824,G38,Clanwilliam,38,settler_women,1,1.0,corrected_header_mapping,Original workbook header and cell; unresolved values have no inferred replacement
1825 series.xlsx,Clanwilliam 1824,G39,Clanwilliam,39,settler_women,1,1.0,corrected_header_mapping,Original workbook header and cell; unresolved values have no inferred replacement
1825 series.xlsx,Clanwilliam 1824,G40,Clanwilliam,40,settler_women,1,1.0,corrected_header_mapping,Original workbook header and cell; unresolved values have no inferred replacement
1825 series.xlsx,Clanwilliam 1824,G41,Clanwilliam,41,settler_women,1,1.0,corrected_header_mapping,Original workbook header and cell; unresolved values have no inferred replacement
1825 series.xlsx,Clanwilliam 1824,G42,Clanwilliam,42,settler_women,1,1.0,corrected_header_mapping,Original workbook header and cell; unresolved values have no inferred replacement
1825 series.xlsx,Clanwilliam 1824,G43,Clanwilliam,43,settler_women,1,1.0,corrected_header_mapping,Original workbook header and cell; unresolved values have no inferred replacement
1825 series.xlsx,Clanwilliam 1824,G44,Clanwilliam,44,settler_women,,0.0,corrected_header_mapping,Original workbook header and cell; unresolved values have no inferred replacement
1825 series.xlsx,Clanwilliam 1824,G45,Clanwilliam,45,settler_women,1,1.0,corrected_header_mapping,Original workbook header and cell; unresolved values have no inferred replacement
1825 series.xlsx,Clanwilliam 1824,G46,Clanwilliam,46,settler_women,,0.0,corrected_header_mapping,Original workbook header and cell; unresolved values have no inferred replacement
1825 series.xlsx,Clanwilliam 1824,G47,Clanwilliam,47,settler_women,1,1.0,corrected_header_mapping,Original workbook header and cell; unresolved values have no inferred replacement
1825 series.xlsx,Clanwilliam 1824,G48,Clanwilliam,48,settler_women,1,1.0,corrected_header_mapping,Original workbook header and cell; unresolved values have no inferred replacement
1825 series.xlsx,Clanwilliam 1824,G49,Clanwilliam,49,settler_women,,0.0,corrected_header_mapping,Original workbook header and cell; unresolved values have no inferred replacement
1825 series.xlsx,Clanwilliam 1824,G50,Clanwilliam,50,settler_women,,0.0,corrected_header_mapping,Original workbook header and cell; unresolved values have no inferred replacement
1825 series.xlsx,Clanwilliam 1824,G51,Clanwilliam,51,settler_women,,0.0,corrected_header_mapping,Original workbook header and cell; unresolved values have no inferred replacement
1825 series.xlsx,Clanwilliam 1824,G52,Clanwilliam,52,settler_women,,0.0,corrected_header_mapping,Original workbook header and cell; unresolved values have no inferred replacement
1825 series.xlsx,Clanwilliam 1824,G53,Clanwilliam,53,settler_women,1,1.0,corrected_header_mapping,Original workbook header and cell; unresolved values have no inferred replacement
1825 series.xlsx,Clanwilliam 1824,G54,Clanwilliam,54,settler_women,,0.0,corrected_header_mapping,Original workbook header and cell; unresolved values have no inferred replacement
1825 series.xlsx,Clanwilliam 1824,G55,Clanwilliam,55,settler_women,1,1.0,corrected_header_mapping,Original workbook header and cell; unresolved values have no inferred replacement
1825 series.xlsx,Clanwilliam 1824,G56,Clanwilliam,56,settler_women,1,1.0,corrected_header_mapping,Original workbook header and cell; unresolved values have no inferred replacement
1825 series.xlsx,Clanwilliam 1824,G57,Clanwilliam,57,settler_women,1,1.0,corrected_header_mapping,Original workbook header and cell; unresolved values have no inferred replacement
1825 series.xlsx,Clanwilliam 1824,G58,Clanwilliam,58,settler_women,,0.0,corrected_header_mapping,Original workbook header and cell; unresolved values have no inferred replacement
1825 series.xlsx,Clanwilliam 1824,G59,Clanwilliam,59,settler_women,,0.0,corrected_header_mapping,Original workbook header and cell; unresolved values have no inferred replacement
1825 series.xlsx,Clanwilliam 1824,G60,Clanwilliam,60,settler_women,,0.0,corrected_header_mapping,Original workbook header and cell; unresolved values have no inferred replacement
1825 series.xlsx,Clanwilliam 1824,G61,Clanwilliam,61,settler_women,,0.0,corrected_header_mapping,Original workbook header and cell; unresolved values have no inferred replacement
1825 series.xlsx,Clanwilliam 1824,G62,Clanwilliam,62,settler_women,,0.0,corrected_header_mapping,Original workbook header and cell; unresolved values have no inferred replacement
1825 series.xlsx,Clanwilliam 1824,G63,Clanwilliam,63,settler_women,,0.0,corrected_header_mapping,Original workbook header and cell; unresolved values have no inferred replacement
1825 series.xlsx,Clanwilliam 1824,G64,Clanwilliam,64,settler_women,,0.0,corrected_header_mapping,Original workbook header and cell; unresolved values have no inferred replacement
1825 series.xlsx,Clanwilliam 1824,G65,Clanwilliam,65,settler_women,,0.0,corrected_header_mapping,Original workbook header and cell; unresolved values have no inferred replacement
1825 series.xlsx,Clanwilliam 1824,G66,Clanwilliam,66,settler_women,1,1.0,corrected_header_mapping,Original workbook header and cell; unresolved values have no inferred replacement
1825 series.xlsx,Clanwilliam 1824,G67,Clanwilliam,67,settler_women,1,1.0,corrected_header_mapping,Original workbook header and cell; unresolved values have no inferred replacement
1825 series.xlsx,Clanwilliam 1824,G68,Clanwilliam,68,settler_women,,0.0,corrected_header_mapping,Original workbook header and cell; unresolved values have no inferred replacement
1825 series.xlsx,Clanwilliam 1824,G69,Clanwilliam,69,settler_women,1,1.0,corrected_header_mapping,Original workbook header and cell; unresolved values have no inferred replacement
1825 series.xlsx,Clanwilliam 1824,G70,Clanwilliam,70,settler_women,,0.0,corrected_header_mapping,Original workbook header and cell; unresolved values have no inferred replacement
1825 series.xlsx,Clanwilliam 1824,G71,Clanwilliam,71,settler_women,1,1.0,corrected_header_mapping,Original workbook header and cell; unresolved values have no inferred replacement
1825 series.xlsx,Clanwilliam 1824,G72,Clanwilliam,72,settler_women,,0.0,corrected_header_mapping,Original workbook header and cell; unresolved values have no inferred replacement
1825 series.xlsx,Clanwilliam 1824,G73,Clanwilliam,73,settler_women,1,1.0,corrected_header_mapping,Original workbook header and cell; unresolved values have no inferred replacement
1825 series.xlsx,Clanwilliam 1824,G74,Clanwilliam,74,settler_women,1,1.0,corrected_header_mapping,Original workbook header and cell; unresolved values have no inferred replacement
1825 series.xlsx,Clanwilliam 1824,G75,Clanwilliam,75,settler_women,1,1.0,corrected_header_mapping,Original workbook header and cell; unresolved values have no inferred replacement
1825 series.xlsx,Clanwilliam 1824,G76,Clanwilliam,76,settler_women,1,1.0,corrected_header_mapping,Original workbook header and cell; unresolved values have no inferred replacement
1825 series.xlsx,Clanwilliam 1824,G77,Clanwilliam,77,settler_women,,0.0,corrected_header_mapping,Original workbook header and cell; unresolved values have no inferred replacement
1825 series.xlsx,Clanwilliam 1824,G78,Clanwilliam,78,settler_women,,0.0,corrected_header_mapping,Original workbook header and cell; unresolved values have no inferred replacement
1825 series.xlsx,Clanwilliam 1824,G79,Clanwilliam,79,settler_women,,0.0,corrected_header_mapping,Original workbook header and cell; unresolved values have no inferred replacement
1825 series.xlsx,Clanwilliam 1824,G80,Clanwilliam,80,settler_women,1,1.0,corrected_header_mapping,Original workbook header and cell; unresolved values have no inferred replacement
1825 series.xlsx,Clanwilliam 1824,G81,Clanwilliam,81,settler_women,,0.0,corrected_header_mapping,Original workbook header and cell; unresolved values have no inferred replacement
1825 series.xlsx,Clanwilliam 1824,G82,Clanwilliam,82,settler_women,,0.0,corrected_header_mapping,Original workbook header and cell; unresolved values have no inferred replacement
1825 series.xlsx,Clanwilliam 1824,G83,Clanwilliam,83,settler_women,,0.0,corrected_header_mapping,Original workbook header and cell; unresolved values have no inferred replacement
1825 series.xlsx,Clanwilliam 1824,G84,Clanwilliam,84,settler_women,1,1.0,corrected_header_mapping,Original workbook header and cell; unresolved values have no inferred replacement
1825 series.xlsx,Clanwilliam 1824,G85,Clanwilliam,85,settler_women,1,1.0,corrected_header_mapping,Original workbook header and cell; unresolved values have no inferred replacement
1825 series.xlsx,Clanwilliam 1824,G86,Clanwilliam,86,settler_women,1,1.0,corrected_header_mapping,Original workbook header and cell; unresolved values have no inferred replacement
1825 series.xlsx,Clanwilliam 1824,G87,Clanwilliam,87,settler_women,1,1.0,corrected_header_mapping,Original workbook header and cell; unresolved values have no inferred replacement
1825 series.xlsx,Clanwilliam 1824,G88,Clanwilliam,88,settler_women,1,1.0,corrected_header_mapping,Original workbook header and cell; unresolved values have no inferred replacement
1825 series.xlsx,Clanwilliam 1824,G89,Clanwilliam,89,settler_women,1,1.0,corrected_header_mapping,Original workbook header and cell; unresolved values have no inferred replacement
1825 series.xlsx,Clanwilliam 1824,G90,Clanwilliam,90,settler_women,1,1.0,corrected_header_mapping,Original workbook header and cell; unresolved values have no inferred replacement
1825 series.xlsx,Clanwilliam 1824,G91,Clanwilliam,91,settler_women,,0.0,corrected_header_mapping,Original workbook header and cell; unresolved values have no inferred replacement
1825 series.xlsx,Clanwilliam 1824,G92,Clanwilliam,92,settler_women,1,1.0,corrected_header_mapping,Original workbook header and cell; unresolved values have no inferred replacement
1825 series.xlsx,Clanwilliam 1824,G93,Clanwilliam,93,settler_women,,0.0,corrected_header_mapping,Original workbook header and cell; unresolved values have no inferred replacement
1825 series.xlsx,Clanwilliam 1824,G94,Clanwilliam,94,settler_women,,0.0,corrected_header_mapping,Original workbook header and cell; unresolved values have no inferred replacement
1825 series.xlsx,Clanwilliam 1824,G95,Clanwilliam,95,settler_women,1,1.0,corrected_header_mapping,Original workbook header and cell; unresolved values have no inferred replacement
1825 series.xlsx,Clanwilliam 1824,G96,Clanwilliam,96,settler_women,,0.0,corrected_header_mapping,Original workbook header and cell; unresolved values have no inferred replacement
1825 series.xlsx,Clanwilliam 1824,G97,Clanwilliam,97,settler_women,1,1.0,corrected_header_mapping,Original workbook header and cell; unresolved values have no inferred replacement
1825 series.xlsx,Clanwilliam 1824,G98,Clanwilliam,98,settler_women,1,1.0,corrected_header_mapping,Original workbook header and cell; unresolved values have no inferred replacement
1825 series.xlsx,Clanwilliam 1824,G99,Clanwilliam,99,settler_women,1,1.0,corrected_header_mapping,Original workbook header and cell; unresolved values have no inferred replacement
1825 series.xlsx,Clanwilliam 1824,G100,Clanwilliam,100,settler_women,1,1.0,corrected_header_mapping,Original workbook header and cell; unresolved values have no inferred replacement
1825 series.xlsx,Clanwilliam 1824,G101,Clanwilliam,101,settler_women,,0.0,corrected_header_mapping,Original workbook header and cell; unresolved values have no inferred replacement
1825 series.xlsx,Clanwilliam 1824,G102,Clanwilliam,102,settler_women,,0.0,corrected_header_mapping,Original workbook header and cell; unresolved values have no inferred replacement
1825 series.xlsx,Clanwilliam 1824,G103,Clanwilliam,103,settler_women,1,1.0,corrected_header_mapping,Original workbook header and cell; unresolved values have no inferred replacement
1825 series.xlsx,Clanwilliam 1824,G104,Clanwilliam,104,settler_women,1,1.0,corrected_header_mapping,Original workbook header and cell; unresolved values have no inferred replacement
1825 series.xlsx,Clanwilliam 1824,G105,Clanwilliam,105,settler_women,1,1.0,corrected_header_mapping,Original workbook header and cell; unresolved values have no inferred replacement
1825 series.xlsx,Clanwilliam 1824,G106,Clanwilliam,106,settler_women,,0.0,corrected_header_mapping,Original workbook header and cell; unresolved values have no inferred replacement
1825 series.xlsx,Clanwilliam 1824,G107,Clanwilliam,107,settler_women,1,1.0,corrected_header_mapping,Original workbook header and cell; unresolved values have no inferred replacement
1825 series.xlsx,Clanwilliam 1824,G108,Clanwilliam,108,settler_women,,0.0,corrected_header_mapping,Original workbook header and cell; unresolved values have no inferred replacement
1825 series.xlsx,Clanwilliam 1824,G109,Clanwilliam,109,settler_women,1,1.0,corrected_header_mapping,Original workbook header and cell; unresolved values have no inferred replacement
1825 series.xlsx,Clanwilliam 1824,G110,Clanwilliam,110,settler_women,,0.0,corrected_header_mapping,Original workbook header and cell; unresolved values have no inferred replacement
1825 series.xlsx,Clanwilliam 1824,G111,Clanwilliam,111,settler_women,1,1.0,corrected_header_mapping,Original workbook header and cell; unresolved values have no inferred replacement
1825 series.xlsx,Clanwilliam 1824,G112,Clanwilliam,112,settler_women,,0.0,corrected_header_mapping,Original workbook header and cell; unresolved values have no inferred replacement
1825 series.xlsx,Clanwilliam 1824,G113,Clanwilliam,113,settler_women,,0.0,corrected_header_mapping,Original workbook header and cell; unresolved values have no inferred replacement
1825 series.xlsx,Clanwilliam 1824,G114,Clanwilliam,114,settler_women,1,1.0,corrected_header_mapping,Original workbook header and cell; unresolved values have no inferred replacement
1825 series.xlsx,Clanwilliam 1824,G115,Clanwilliam,115,settler_women,1,1.0,corrected_header_mapping,Original workbook header and cell; unresolved values have no inferred replacement
1825 series.xlsx,Clanwilliam 1824,G116,Clanwilliam,116,settler_women,1,1.0,corrected_header_mapping,Original workbook header and cell; unresolved values have no inferred replacement
1825 series.xlsx,Clanwilliam 1824,G117,Clanwilliam,117,settler_women,,0.0,corrected_header_mapping,Original workbook header and cell; unresolved values have no inferred replacement
1825 series.xlsx,Clanwilliam 1824,G118,Clanwilliam,118,settler_women,1,1.0,corrected_header_mapping,Original workbook header and cell; unresolved values have no inferred replacement
1825 series.xlsx,Clanwilliam 1824,G119,Clanwilliam,119,settler_women,1,1.0,corrected_header_mapping,Original workbook header and cell; unresolved values have no inferred replacement
1825 series.xlsx,Clanwilliam 1824,G120,Clanwilliam,120,settler_women,,0.0,corrected_header_mapping,Original workbook header and cell; unresolved values have no inferred replacement
1825 series.xlsx,Clanwilliam 1824,G121,Clanwilliam,121,settler_women,1,1.0,corrected_header_mapping,Original workbook header and cell; unresolved values have no inferred replacement
1825 series.xlsx,Clanwilliam 1824,G122,Clanwilliam,122,settler_women,,0.0,corrected_header_mapping,Original workbook header and cell; unresolved values have no inferred replacement
1825 series.xlsx,Clanwilliam 1824,G123,Clanwilliam,123,settler_women,,0.0,corrected_header_mapping,Original workbook header and cell; unresolved values have no inferred replacement
1825 series.xlsx,Clanwilliam 1824,G124,Clanwilliam,124,settler_women,1,1.0,corrected_header_mapping,Original workbook header and cell; unresolved values have no inferred replacement
1825 series.xlsx,Clanwilliam 1824,G125,Clanwilliam,125,settler_women,,0.0,corrected_header_mapping,Original workbook header and cell; unresolved values have no inferred replacement
1825 series.xlsx,Clanwilliam 1824,G126,Clanwilliam,126,settler_women,,0.0,corrected_header_mapping,Original workbook header and cell; unresolved values have no inferred replacement
1825 series.xlsx,Clanwilliam 1824,G127,Clanwilliam,127,settler_women,1,1.0,corrected_header_mapping,Original workbook header and cell; unresolved values have no inferred replacement
1825 series.xlsx,Clanwilliam 1824,G128,Clanwilliam,128,settler_women,,0.0,corrected_header_mapping,Original workbook header and cell; unresolved values have no inferred replacement
1825 series.xlsx,Clanwilliam 1824,G129,Clanwilliam,129,settler_women,1,1.0,corrected_header_mapping,Original workbook header and cell; unresolved values have no inferred replacement
1825 series.xlsx,Clanwilliam 1824,G130,Clanwilliam,130,settler_women,1,1.0,corrected_header_mapping,Original workbook header and cell; unresolved values have no inferred replacement
1825 series.xlsx,Clanwilliam 1824,G131,Clanwilliam,131,settler_women,1,1.0,corrected_header_mapping,Original workbook header and cell; unresolved values have no inferred replacement
1825 series.xlsx,Clanwilliam 1824,G132,Clanwilliam,132,settler_women,1,1.0,corrected_header_mapping,Original workbook header and cell; unresolved values have no inferred replacement
1825 series.xlsx,Clanwilliam 1824,G133,Clanwilliam,133,settler_women,1,1.0,corrected_header_mapping,Original workbook header and cell; unresolved values have no inferred replacement
1825 series.xlsx,Clanwilliam 1824,G134,Clanwilliam,134,settler_women,,0.0,corrected_header_mapping,Original workbook header and cell; unresolved values have no inferred replacement
1825 series.xlsx,Clanwilliam 1824,G135,Clanwilliam,135,settler_women,,0.0,corrected_header_mapping,Original workbook header and cell; unresolved values have no inferred replacement
1825 series.xlsx,Clanwilliam 1824,G136,Clanwilliam,136,settler_women,1,1.0,corrected_header_mapping,Original workbook header and cell; unresolved values have no inferred replacement
1825 series.xlsx,Clanwilliam 1824,G137,Clanwilliam,137,settler_women,,0.0,corrected_header_mapping,Original workbook header and cell; unresolved values have no inferred replacement
1825 series.xlsx,Clanwilliam 1824,G138,Clanwilliam,138,settler_women,,0.0,corrected_header_mapping,Original workbook header and cell; unresolved values have no inferred replacement
1825 series.xlsx,Clanwilliam 1824,G139,Clanwilliam,139,settler_women,,0.0,corrected_header_mapping,Original workbook header and cell; unresolved values have no inferred replacement
1825 series.xlsx,Clanwilliam 1824,G140,Clanwilliam,140,settler_women,,0.0,corrected_header_mapping,Original workbook header and cell; unresolved values have no inferred replacement
1825 series.xlsx,Clanwilliam 1824,G141,Clanwilliam,141,settler_women,,0.0,corrected_header_mapping,Original workbook header and cell; unresolved values have no inferred replacement
1825 series.xlsx,Clanwilliam 1824,G142,Clanwilliam,142,settler_women,,0.0,corrected_header_mapping,Original workbook header and cell; unresolved values have no inferred replacement
1825 series.xlsx,Clanwilliam 1824,G143,Clanwilliam,143,settler_women,,0.0,corrected_header_mapping,Original workbook header and cell; unresolved values have no inferred replacement
1825 series.xlsx,Clanwilliam 1824,G144,Clanwilliam,144,settler_women,,0.0,corrected_header_mapping,Original workbook header and cell; unresolved values have no inferred replacement
1825 series.xlsx,Clanwilliam 1824,G145,Clanwilliam,145,settler_women,,0.0,corrected_header_mapping,Original workbook header and cell; unresolved values have no inferred replacement
1825 series.xlsx,Clanwilliam 1824,G146,Clanwilliam,146,settler_women,,0.0,corrected_header_mapping,Original workbook header and cell; unresolved values have no inferred replacement
1825 series.xlsx,Clanwilliam 1824,G147,Clanwilliam,147,settler_women,1,1.0,corrected_header_mapping,Original workbook header and cell; unresolved values have no inferred replacement
1825 series.xlsx,Clanwilliam 1824,G148,Clanwilliam,148,settler_women,1,1.0,corrected_header_mapping,Original workbook header and cell; unresolved values have no inferred replacement
1825 series.xlsx,Clanwilliam 1824,G149,Clanwilliam,149,settler_women,1,1.0,corrected_header_mapping,Original workbook header and cell; unresolved values have no inferred replacement
1825 series.xlsx,Clanwilliam 1824,G150,Clanwilliam,150,settler_women,1,1.0,corrected_header_mapping,Original workbook header and cell; unresolved values have no inferred replacement
1825 series.xlsx,Clanwilliam 1824,G151,Clanwilliam,151,settler_women,1,1.0,corrected_header_mapping,Original workbook header and cell; unresolved values have no inferred replacement
1825 series.xlsx,Clanwilliam 1824,G152,Clanwilliam,152,settler_women,1,1.0,corrected_header_mapping,Original workbook header and cell; unresolved values have no inferred replacement
1825 series.xlsx,Clanwilliam 1824,G153,Clanwilliam,153,settler_women,1,1.0,corrected_header_mapping,Original workbook header and cell; unresolved values have no inferred replacement
1825 series.xlsx,Clanwilliam 1824,G154,Clanwilliam,154,settler_women,1,1.0,corrected_header_mapping,Original workbook header and cell; unresolved values have no inferred replacement
1825 series.xlsx,Clanwilliam 1824,G155,Clanwilliam,155,settler_women,1,1.0,corrected_header_mapping,Original workbook header and cell; unresolved values have no inferred replacement
1825 series.xlsx,Clanwilliam 1824,G156,Clanwilliam,156,settler_women,1,1.0,corrected_header_mapping,Original workbook header and cell; unresolved values have no inferred replacement
1825 series.xlsx,Clanwilliam 1824,G157,Clanwilliam,157,settler_women,1,1.0,corrected_header_mapping,Original workbook header and cell; unresolved values have no inferred replacement
1825 series.xlsx,Clanwilliam 1824,G158,Clanwilliam,158,settler_women,1,1.0,corrected_header_mapping,Original workbook header and cell; unresolved values have no inferred replacement
1825 series.xlsx,Clanwilliam 1824,G159,Clanwilliam,159,settler_women,1,1.0,corrected_header_mapping,Original workbook header and cell; unresolved values have no inferred replacement
1825 series.xlsx,Clanwilliam 1824,G160,Clanwilliam,160,settler_women,1,1.0,corrected_header_mapping,Original workbook header and cell; unresolved values have no inferred replacement
1825 series.xlsx,Clanwilliam 1824,G161,Clanwilliam,161,settler_women,1,1.0,corrected_header_mapping,Original workbook header and cell; unresolved values have no inferred replacement
1825 series.xlsx,Clanwilliam 1824,G162,Clanwilliam,162,settler_women,1,1.0,corrected_header_mapping,Original workbook header and cell; unresolved values have no inferred replacement
1825 series.xlsx,Clanwilliam 1824,G163,Clanwilliam,163,settler_women,1,1.0,corrected_header_mapping,Original workbook header and cell; unresolved values have no inferred replacement
1825 series.xlsx,Clanwilliam 1824,G164,Clanwilliam,164,settler_women,1,1.0,corrected_header_mapping,Original workbook header and cell; unresolved values have no inferred replacement
1825 series.xlsx,Clanwilliam 1824,G165,Clanwilliam,165,settler_women,1,1.0,corrected_header_mapping,Original workbook header and cell; unresolved values have no inferred replacement
1825 series.xlsx,Clanwilliam 1824,G166,Clanwilliam,166,settler_women,1,1.0,corrected_header_mapping,Original workbook header and cell; unresolved values have no inferred replacement
1825 series.xlsx,Clanwilliam 1824,G167,Clanwilliam,167,settler_women,,0.0,corrected_header_mapping,Original workbook header and cell; unresolved values have no inferred replacement
1825 series.xlsx,Clanwilliam 1824,G168,Clanwilliam,168,settler_women,,0.0,corrected_header_mapping,Original workbook header and cell; unresolved values have no inferred replacement
1825 series.xlsx,Clanwilliam 1824,G169,Clanwilliam,169,settler_women,1,1.0,corrected_header_mapping,Original workbook header and cell; unresolved values have no inferred replacement
1825 series.xlsx,Clanwilliam 1824,G170,Clanwilliam,170,settler_women,1,1.0,corrected_header_mapping,Original workbook header and cell; unresolved values have no inferred replacement
1825 series.xlsx,Clanwilliam 1824,G171,Clanwilliam,171,settler_women,1,1.0,corrected_header_mapping,Original workbook header and cell; unresolved values have no inferred replacement
1825 series.xlsx,Clanwilliam 1824,G172,Clanwilliam,172,settler_women,1,1.0,corrected_header_mapping,Original workbook header and cell; unresolved values have no inferred replacement
1825 series.xlsx,Clanwilliam 1824,G173,Clanwilliam,173,settler_women,1,1.0,corrected_header_mapping,Original workbook header and cell; unresolved values have no inferred replacement
1825 series.xlsx,Clanwilliam 1824,G174,Clanwilliam,174,settler_women,1,1.0,corrected_header_mapping,Original workbook header and cell; unresolved values have no inferred replacement
1825 series.xlsx,Clanwilliam 1824,G175,Clanwilliam,175,settler_women,1,1.0,corrected_header_mapping,Original workbook header and cell; unresolved values have no inferred replacement
1825 series.xlsx,Clanwilliam 1824,G176,Clanwilliam,176,settler_women,1,1.0,corrected_header_mapping,Original workbook header and cell; unresolved values have no inferred replacement
1825 series.xlsx,Clanwilliam 1824,G177,Clanwilliam,177,settler_women,1,1.0,corrected_header_mapping,Original workbook header and cell; unresolved values have no inferred replacement
1825 series.xlsx,Clanwilliam 1824,G178,Clanwilliam,178,settler_women,1,1.0,corrected_header_mapping,Original workbook header and cell; unresolved values have no inferred replacement
1825 series.xlsx,Clanwilliam 1824,G179,Clanwilliam,179,settler_women,1,1.0,corrected_header_mapping,Original workbook header and cell; unresolved values have no inferred replacement
1825 series.xlsx,Clanwilliam 1824,G180,Clanwilliam,180,settler_women,,0.0,corrected_header_mapping,Original workbook header and cell; unresolved values have no inferred replacement
1825 series.xlsx,Clanwilliam 1824,G181,Clanwilliam,181,settler_women,1,1.0,corrected_header_mapping,Original workbook header and cell; unresolved values have no inferred replacement
1825 series.xlsx,Clanwilliam 1824,G182,Clanwilliam,182,settler_women,,0.0,corrected_header_mapping,Original workbook header and cell; unresolved values have no inferred replacement
1825 series.xlsx,Clanwilliam 1824,G183,Clanwilliam,183,settler_women,,0.0,corrected_header_mapping,Original workbook header and cell; unresolved values have no inferred replacement
1825 series.xlsx,Clanwilliam 1824,G184,Clanwilliam,184,settler_women,,0.0,corrected_header_mapping,Original workbook header and cell; unresolved values have no inferred replacement
1825 series.xlsx,Clanwilliam 1824,G185,Clanwilliam,185,settler_women,,0.0,corrected_header_mapping,Original workbook header and cell; unresolved values have no inferred replacement
1825 series.xlsx,Clanwilliam 1824,G186,Clanwilliam,186,settler_women,,0.0,corrected_header_mapping,Original workbook header and cell; unresolved values have no inferred replacement
1825 series.xlsx,Clanwilliam 1824,G187,Clanwilliam,187,settler_women,,0.0,corrected_header_mapping,Original workbook header and cell; unresolved values have no inferred replacement
1825 series.xlsx,Clanwilliam 1824,G188,Clanwilliam,188,settler_women,,0.0,corrected_header_mapping,Original workbook header and cell; unresolved values have no inferred replacement
1825 series.xlsx,Clanwilliam 1824,G189,Clanwilliam,189,settler_women,,0.0,corrected_header_mapping,Original workbook header and cell; unresolved values have no inferred replacement
1825 series.xlsx,Clanwilliam 1824,G190,Clanwilliam,190,settler_women,1,1.0,corrected_header_mapping,Original workbook header and cell; unresolved values have no inferred replacement
1825 series.xlsx,Clanwilliam 1824,G191,Clanwilliam,191,settler_women,1,1.0,corrected_header_mapping,Original workbook header and cell; unresolved values have no inferred replacement
1825 series.xlsx,Clanwilliam 1824,G192,Clanwilliam,192,settler_women,1,1.0,corrected_header_mapping,Original workbook header and cell; unresolved values have no inferred replacement
1825 series.xlsx,Clanwilliam 1824,G193,Clanwilliam,193,settler_women,,0.0,corrected_header_mapping,Original workbook header and cell; unresolved values have no inferred replacement
1825 series.xlsx,Clanwilliam 1824,G194,Clanwilliam,194,settler_women,,0.0,corrected_header_mapping,Original workbook header and cell; unresolved values have no inferred replacement
1825 series.xlsx,Clanwilliam 1824,G195,Clanwilliam,195,settler_women,,0.0,corrected_header_mapping,Original workbook header and cell; unresolved values have no inferred replacement
1825 series.xlsx,Clanwilliam 1824,G196,Clanwilliam,196,settler_women,,0.0,corrected_header_mapping,Original workbook header and cell; unresolved values have no inferred replacement
1825 series.xlsx,Clanwilliam 1824,G197,Clanwilliam,197,settler_women,,0.0,corrected_header_mapping,Original workbook header and cell; unresolved values have no inferred replacement
1825 series.xlsx,Clanwilliam 1824,G198,Clanwilliam,198,settler_women,1,1.0,corrected_header_mapping,Original workbook header and cell; unresolved values have no inferred replacement
1825 series.xlsx,Clanwilliam 1824,G199,Clanwilliam,199,settler_women,,0.0,corrected_header_mapping,Original workbook header and cell; unresolved values have no inferred replacement
1825 series.xlsx,Clanwilliam 1824,G200,Clanwilliam,200,settler_women,,0.0,corrected_header_mapping,Original workbook header and cell; unresolved values have no inferred replacement
1825 series.xlsx,Clanwilliam 1824,G201,Clanwilliam,201,settler_women,,0.0,corrected_header_mapping,Original workbook header and cell; unresolved values have no inferred replacement
1825 series.xlsx,Clanwilliam 1824,G202,Clanwilliam,202,settler_women,1,1.0,corrected_header_mapping,Original workbook header and cell; unresolved values have no inferred replacement
1825 series.xlsx,Clanwilliam 1824,G203,Clanwilliam,203,settler_women,1,1.0,corrected_header_mapping,Original workbook header and cell; unresolved values have no inferred replacement
1825 series.xlsx,Clanwilliam 1824,G204,Clanwilliam,204,settler_women,1,1.0,corrected_header_mapping,Original workbook header and cell; unresolved values have no inferred replacement
1825 series.xlsx,Clanwilliam 1824,G205,Clanwilliam,205,settler_women,1,1.0,corrected_header_mapping,Original workbook header and cell; unresolved values have no inferred replacement
1825 series.xlsx,Clanwilliam 1824,G206,Clanwilliam,206,settler_women,1,1.0,corrected_header_mapping,Original workbook header and cell; unresolved values have no inferred replacement
1825 series.xlsx,Clanwilliam 1824,G207,Clanwilliam,207,settler_women,1,1.0,corrected_header_mapping,Original workbook header and cell; unresolved values have no inferred replacement
1825 series.xlsx,Clanwilliam 1824,G208,Clanwilliam,208,settler_women,1,1.0,corrected_header_mapping,Original workbook header and cell; unresolved values have no inferred replacement
1825 series.xlsx,Clanwilliam 1824,G209,Clanwilliam,209,settler_women,1,1.0,corrected_header_mapping,Original workbook header and cell; unresolved values have no inferred replacement
1825 series.xlsx,Clanwilliam 1824,G210,Clanwilliam,210,settler_women,1,1.0,corrected_header_mapping,Original workbook header and cell; unresolved values have no inferred replacement
1825 series.xlsx,Clanwilliam 1824,G211,Clanwilliam,211,settler_women,1,1.0,corrected_header_mapping,Original workbook header and cell; unresolved values have no inferred replacement
1825 series.xlsx,Clanwilliam 1824,G212,Clanwilliam,212,settler_women,1,1.0,corrected_header_mapping,Original workbook header and cell; unresolved values have no inferred replacement
1825 series.xlsx,Clanwilliam 1824,G213,Clanwilliam,213,settler_women,1,1.0,corrected_header_mapping,Original workbook header and cell; unresolved values have no inferred replacement
1825 series.xlsx,Clanwilliam 1824,G214,Clanwilliam,214,settler_women,1,1.0,corrected_header_mapping,Original workbook header and cell; unresolved values have no inferred replacement
1825 series.xlsx,Clanwilliam 1824,G215,Clanwilliam,215,settler_women,1,1.0,corrected_header_mapping,Original workbook header and cell; unresolved values have no inferred replacement
1825 series.xlsx,Clanwilliam 1824,G216,Clanwilliam,216,settler_women,1,1.0,corrected_header_mapping,Original workbook header and cell; unresolved values have no inferred replacement
1825 series.xlsx,Clanwilliam 1824,G217,Clanwilliam,217,settler_women,1,1.0,corrected_header_mapping,Original workbook header and cell; unresolved values have no inferred replacement
1825 series.xlsx,Clanwilliam 1824,G218,Clanwilliam,218,settler_women,1,1.0,corrected_header_mapping,Original workbook header and cell; unresolved values have no inferred replacement
1825 series.xlsx,Clanwilliam 1824,G219,Clanwilliam,219,settler_women,1,1.0,corrected_header_mapping,Original workbook header and cell; unresolved values have no inferred replacement
1825 series.xlsx,Clanwilliam 1824,G220,Clanwilliam,220,settler_women,1,1.0,corrected_header_mapping,Original workbook header and cell; unresolved values have no inferred replacement
1825 series.xlsx,Clanwilliam 1824,G221,Clanwilliam,221,settler_women,1,1.0,corrected_header_mapping,Original workbook header and cell; unresolved values have no inferred replacement
1825 series.xlsx,Clanwilliam 1824,G222,Clanwilliam,222,settler_women,1,1.0,corrected_header_mapping,Original workbook header and cell; unresolved values have no inferred replacement
1825 series.xlsx,Clanwilliam 1824,G223,Clanwilliam,223,settler_women,1,1.0,corrected_header_mapping,Original workbook header and cell; unresolved values have no inferred replacement
1825 series.xlsx,Clanwilliam 1824,G224,Clanwilliam,224,settler_women,,0.0,corrected_header_mapping,Original workbook header and cell; unresolved values have no inferred replacement
1825 series.xlsx,Clanwilliam 1824,G225,Clanwilliam,225,settler_women,,0.0,corrected_header_mapping,Original workbook header and cell; unresolved values have no inferred replacement
1825 series.xlsx,Clanwilliam 1824,G226,Clanwilliam,226,settler_women,1,1.0,corrected_header_mapping,Original workbook header and cell; unresolved values have no inferred replacement
1825 series.xlsx,Clanwilliam 1824,G227,Clanwilliam,227,settler_women,1,1.0,corrected_header_mapping,Original workbook header and cell; unresolved values have no inferred replacement
1825 series.xlsx,Clanwilliam 1824,G228,Clanwilliam,228,settler_women,1,1.0,corrected_header_mapping,Original workbook header and cell; unresolved values have no inferred replacement
1825 series.xlsx,Clanwilliam 1824,G229,Clanwilliam,229,settler_women,1,1.0,corrected_header_mapping,Original workbook header and cell; unresolved values have no inferred replacement
1825 series.xlsx,Clanwilliam 1824,G230,Clanwilliam,230,settler_women,1,1.0,corrected_header_mapping,Original workbook header and cell; unresolved values have no inferred replacement
1825 series.xlsx,Clanwilliam 1824,G231,Clanwilliam,231,settler_women,1,1.0,corrected_header_mapping,Original workbook header and cell; unresolved values have no inferred replacement
1825 series.xlsx,Clanwilliam 1824,G232,Clanwilliam,232,settler_women,1,1.0,corrected_header_mapping,Original workbook header and cell; unresolved values have no inferred replacement
1825 series.xlsx,Clanwilliam 1824,G233,Clanwilliam,233,settler_women,1,1.0,corrected_header_mapping,Original workbook header and cell; unresolved values have no inferred replacement
1825 series.xlsx,Clanwilliam 1824,G234,Clanwilliam,234,settler_women,1,1.0,corrected_header_mapping,Original workbook header and cell; unresolved values have no inferred replacement
1825 series.xlsx,Clanwilliam 1824,G235,Clanwilliam,235,settler_women,1,1.0,corrected_header_mapping,Original workbook header and cell; unresolved values have no inferred replacement
1825 series.xlsx,Clanwilliam 1824,G236,Clanwilliam,236,settler_women,1,1.0,corrected_header_mapping,Original workbook header and cell; unresolved values have no inferred replacement
1825 series.xlsx,Clanwilliam 1824,G237,Clanwilliam,237,settler_women,1,1.0,corrected_header_mapping,Original workbook header and cell; unresolved values have no inferred replacement
1825 series.xlsx,Clanwilliam 1824,G238,Clanwilliam,238,settler_women,1,1.0,corrected_header_mapping,Original workbook header and cell; unresolved values have no inferred replacement
1825 series.xlsx,Clanwilliam 1824,G239,Clanwilliam,239,settler_women,1,1.0,corrected_header_mapping,Original workbook header and cell; unresolved values have no inferred replacement
1825 series.xlsx,Clanwilliam 1824,G240,Clanwilliam,240,settler_women,1,1.0,corrected_header_mapping,Original workbook header and cell; unresolved values have no inferred replacement
1825 series.xlsx,Clanwilliam 1824,G241,Clanwilliam,241,settler_women,,0.0,corrected_header_mapping,Original workbook header and cell; unresolved values have no inferred replacement
1825 series.xlsx,Clanwilliam 1824,G242,Clanwilliam,242,settler_women,,0.0,corrected_header_mapping,Original workbook header and cell; unresolved values have no inferred replacement
1825 series.xlsx,Clanwilliam 1824,G243,Clanwilliam,243,settler_women,,0.0,corrected_header_mapping,Original workbook header and cell; unresolved values have no inferred replacement
1825 series.xlsx,Clanwilliam 1824,G244,Clanwilliam,244,settler_women,,0.0,corrected_header_mapping,Original workbook header and cell; unresolved values have no inferred replacement
1825 series.xlsx,Clanwilliam 1824,G245,Clanwilliam,245,settler_women,,0.0,corrected_header_mapping,Original workbook header and cell; unresolved values have no inferred replacement
1825 series.xlsx,Clanwilliam 1824,G246,Clanwilliam,246,settler_women,,0.0,corrected_header_mapping,Original workbook header and cell; unresolved values have no inferred replacement
1825 series.xlsx,Clanwilliam 1824,G247,Clanwilliam,247,settler_women,,0.0,corrected_header_mapping,Original workbook header and cell; unresolved values have no inferred replacement
1825 series.xlsx,Clanwilliam 1824,G248,Clanwilliam,248,settler_women,,0.0,corrected_header_mapping,Original workbook header and cell; unresolved values have no inferred replacement
1825 series.xlsx,Clanwilliam 1824,G249,Clanwilliam,249,settler_women,,0.0,corrected_header_mapping,Original workbook header and cell; unresolved values have no inferred replacement
1825 series.xlsx,Clanwilliam 1824,G250,Clanwilliam,250,settler_women,,0.0,corrected_header_mapping,Original workbook header and cell; unresolved values have no inferred replacement
1825 series.xlsx,Clanwilliam 1824,G251,Clanwilliam,251,settler_women,,0.0,corrected_header_mapping,Original workbook header and cell; unresolved values have no inferred replacement
1825 series.xlsx,Clanwilliam 1824,G252,Clanwilliam,252,settler_women,,0.0,corrected_header_mapping,Original workbook header and cell; unresolved values have no inferred replacement
1825 series.xlsx,Clanwilliam 1824,G253,Clanwilliam,253,settler_women,,0.0,corrected_header_mapping,Original workbook header and cell; unresolved values have no inferred replacement
1825 series.xlsx,Clanwilliam 1824,G254,Clanwilliam,254,settler_women,,0.0,corrected_header_mapping,Original workbook header and cell; unresolved values have no inferred replacement
1825 series.xlsx,Clanwilliam 1824,G255,Clanwilliam,255,settler_women,,0.0,corrected_header_mapping,Original workbook header and cell; unresolved values have no inferred replacement
1825 series.xlsx,Clanwilliam 1824,G256,Clanwilliam,256,settler_women,,0.0,corrected_header_mapping,Original workbook header and cell; unresolved values have no inferred replacement
1825 series.xlsx,Clanwilliam 1824,G257,Clanwilliam,257,settler_women,,0.0,corrected_header_mapping,Original workbook header and cell; unresolved values have no inferred replacement
1825 series.xlsx,Clanwilliam 1824,G258,Clanwilliam,258,settler_women,,0.0,corrected_header_mapping,Original workbook header and cell; unresolved values have no inferred replacement
1825 series.xlsx,Clanwilliam 1824,G259,Clanwilliam,259,settler_women,,0.0,corrected_header_mapping,Original workbook header and cell; unresolved values have no inferred replacement
1825 series.xlsx,Clanwilliam 1824,G260,Clanwilliam,260,settler_women,,0.0,corrected_header_mapping,Original workbook header and cell; unresolved values have no inferred replacement
1825 series.xlsx,Clanwilliam 1824,G261,Clanwilliam,261,settler_women,,0.0,corrected_header_mapping,Original workbook header and cell; unresolved values have no inferred replacement
1825 series.xlsx,Clanwilliam 1824,G262,Clanwilliam,262,settler_women,,0.0,corrected_header_mapping,Original workbook header and cell; unresolved values have no inferred replacement
1825 series.xlsx,Clanwilliam 1824,G263,Clanwilliam,263,settler_women,,0.0,corrected_header_mapping,Original workbook header and cell; unresolved values have no inferred replacement
1825 series.xlsx,Clanwilliam 1824,G264,Clanwilliam,264,settler_women,,0.0,corrected_header_mapping,Original workbook header and cell; unresolved values have no inferred replacement
1825 series.xlsx,Clanwilliam 1824,G265,Clanwilliam,265,settler_women,,0.0,corrected_header_mapping,Original workbook header and cell; unresolved values have no inferred replacement
1825 series.xlsx,Clanwilliam 1824,G266,Clanwilliam,266,settler_women,,0.0,corrected_header_mapping,Original workbook header and cell; unresolved values have no inferred replacement
1825 series.xlsx,Clanwilliam 1824,G267,Clanwilliam,267,settler_women,,0.0,corrected_header_mapping,Original workbook header and cell; unresolved values have no inferred replacement
1825 series.xlsx,Clanwilliam 1824,G268,Clanwilliam,268,settler_women,,0.0,corrected_header_mapping,Original workbook header and cell; unresolved values have no inferred replacement
1825 series.xlsx,Clanwilliam 1824,G269,Clanwilliam,269,settler_women,,0.0,corrected_header_mapping,Original workbook header and cell; unresolved values have no inferred replacement
1825 series.xlsx,Clanwilliam 1824,G270,Clanwilliam,270,settler_women,,0.0,corrected_header_mapping,Original workbook header and cell; unresolved values have no inferred replacement
1825 series.xlsx,Clanwilliam 1824,G271,Clanwilliam,271,settler_women,,0.0,corrected_header_mapping,Original workbook header and cell; unresolved values have no inferred replacement
1825 series.xlsx,Clanwilliam 1824,G272,Clanwilliam,272,settler_women,,0.0,corrected_header_mapping,Original workbook header and cell; unresolved values have no inferred replacement
1825 series.xlsx,Clanwilliam 1824,G273,Clanwilliam,273,settler_women,,0.0,corrected_header_mapping,Original workbook header and cell; unresolved values have no inferred replacement
1825 series.xlsx,Clanwilliam 1824,G274,Clanwilliam,274,settler_women,,0.0,corrected_header_mapping,Original workbook header and cell; unresolved values have no inferred replacement
1825 series.xlsx,Clanwilliam 1824,G275,Clanwilliam,275,settler_women,,0.0,corrected_header_mapping,Original workbook header and cell; unresolved values have no inferred replacement
1825 series.xlsx,Clanwilliam 1824,G276,Clanwilliam,276,settler_women,1,1.0,corrected_header_mapping,Original workbook header and cell; unresolved values have no inferred replacement
1825 series.xlsx,Clanwilliam 1824,G277,Clanwilliam,277,settler_women,1,1.0,corrected_header_mapping,Original workbook header and cell; unresolved values have no inferred replacement
1825 series.xlsx,Clanwilliam 1824,G278,Clanwilliam,278,settler_women,,0.0,corrected_header_mapping,Original workbook header and cell; unresolved values have no inferred replacement
1825 series.xlsx,Clanwilliam 1824,G279,Clanwilliam,279,settler_women,1,1.0,corrected_header_mapping,Original workbook header and cell; unresolved values have no inferred replacement
1825 series.xlsx,Clanwilliam 1824,G280,Clanwilliam,280,settler_women,1,1.0,corrected_header_mapping,Original workbook header and cell; unresolved values have no inferred replacement
1825 series.xlsx,Clanwilliam 1824,G281,Clanwilliam,281,settler_women,1,1.0,corrected_header_mapping,Original workbook header and cell; unresolved values have no inferred replacement
1825 series.xlsx,Clanwilliam 1824,G282,Clanwilliam,282,settler_women,,0.0,corrected_header_mapping,Original workbook header and cell; unresolved values have no inferred replacement
1825 series.xlsx,Clanwilliam 1824,G283,Clanwilliam,283,settler_women,,0.0,corrected_header_mapping,Original workbook header and cell; unresolved values have no inferred replacement
1825 series.xlsx,Clanwilliam 1824,G284,Clanwilliam,284,settler_women,,0.0,corrected_header_mapping,Original workbook header and cell; unresolved values have no inferred replacement
1825 series.xlsx,Clanwilliam 1824,G285,Clanwilliam,285,settler_women,,0.0,corrected_header_mapping,Original workbook header and cell; unresolved values have no inferred replacement
1825 series.xlsx,Clanwilliam 1824,G286,Clanwilliam,286,settler_women,,0.0,corrected_header_mapping,Original workbook header and cell; unresolved values have no inferred replacement
1825 series.xlsx,Clanwilliam 1824,G287,Clanwilliam,287,settler_women,,0.0,corrected_header_mapping,Original workbook header and cell; unresolved values have no inferred replacement
1825 series.xlsx,Clanwilliam 1824,G288,Clanwilliam,288,settler_women,,0.0,corrected_header_mapping,Original workbook header and cell; unresolved values have no inferred replacement
1825 series.xlsx,Clanwilliam 1824,G289,Clanwilliam,289,settler_women,,0.0,corrected_header_mapping,Original workbook header and cell; unresolved values have no inferred replacement
1825 series.xlsx,Clanwilliam 1824,G290,Clanwilliam,290,settler_women,1,1.0,corrected_header_mapping,Original workbook header and cell; unresolved values have no inferred replacement
1825 series.xlsx,Clanwilliam 1824,G291,Clanwilliam,291,settler_women,,0.0,corrected_header_mapping,Original workbook header and cell; unresolved values have no inferred replacement
1825 series.xlsx,Clanwilliam 1824,G292,Clanwilliam,292,settler_women,,0.0,corrected_header_mapping,Original workbook header and cell; unresolved values have no inferred replacement
1825 series.xlsx,Clanwilliam 1824,G293,Clanwilliam,293,settler_women,,0.0,corrected_header_mapping,Original workbook header and cell; unresolved values have no inferred replacement
1825 series.xlsx,Clanwilliam 1824,G294,Clanwilliam,294,settler_women,1,1.0,corrected_header_mapping,Original workbook header and cell; unresolved values have no inferred replacement
1825 series.xlsx,Clanwilliam 1824,G295,Clanwilliam,295,settler_women,1,1.0,corrected_header_mapping,Original workbook header and cell; unresolved values have no inferred replacement
1825 series.xlsx,Clanwilliam 1824,G296,Clanwilliam,296,settler_women,1,1.0,corrected_header_mapping,Original workbook header and cell; unresolved values have no inferred replacement
1825 series.xlsx,Clanwilliam 1824,G297,Clanwilliam,297,settler_women,,0.0,corrected_header_mapping,Original workbook header and cell; unresolved values have no inferred replacement
1825 series.xlsx,Clanwilliam 1824,G298,Clanwilliam,298,settler_women,,0.0,corrected_header_mapping,Original workbook header and cell; unresolved values have no inferred replacement
1825 series.xlsx,Clanwilliam 1824,G299,Clanwilliam,299,settler_women,1,1.0,corrected_header_mapping,Original workbook header and cell; unresolved values have no inferred replacement
1825 series.xlsx,Clanwilliam 1824,G300,Clanwilliam,300,settler_women,,0.0,corrected_header_mapping,Original workbook header and cell; unresolved values have no inferred replacement
1825 series.xlsx,Clanwilliam 1824,G301,Clanwilliam,301,settler_women,1,1.0,corrected_header_mapping,Original workbook header and cell; unresolved values have no inferred replacement
1825 series.xlsx,Clanwilliam 1824,G302,Clanwilliam,302,settler_women,1,1.0,corrected_header_mapping,Original workbook header and cell; unresolved values have no inferred replacement
1825 series.xlsx,Clanwilliam 1824,G303,Clanwilliam,303,settler_women,1,1.0,corrected_header_mapping,Original workbook header and cell; unresolved values have no inferred replacement
1825 series.xlsx,Clanwilliam 1824,G304,Clanwilliam,304,settler_women,1,1.0,corrected_header_mapping,Original workbook header and cell; unresolved values have no inferred replacement
1825 series.xlsx,Clanwilliam 1824,G305,Clanwilliam,305,settler_women,1,1.0,corrected_header_mapping,Original workbook header and cell; unresolved values have no inferred replacement
1825 series.xlsx,Clanwilliam 1824,G306,Clanwilliam,306,settler_women,1,1.0,corrected_header_mapping,Original workbook header and cell; unresolved values have no inferred replacement
1825 series.xlsx,Clanwilliam 1824,G307,Clanwilliam,307,settler_women,1,1.0,corrected_header_mapping,Original workbook header and cell; unresolved values have no inferred replacement
1825 series.xlsx,Clanwilliam 1824,G308,Clanwilliam,308,settler_women,1,1.0,corrected_header_mapping,Original workbook header and cell; unresolved values have no inferred replacement
1825 series.xlsx,Clanwilliam 1824,G309,Clanwilliam,309,settler_women,1,1.0,corrected_header_mapping,Original workbook header and cell; unresolved values have no inferred replacement
1825 series.xlsx,Clanwilliam 1824,G310,Clanwilliam,310,settler_women,1,1.0,corrected_header_mapping,Original workbook header and cell; unresolved values have no inferred replacement
1825 series.xlsx,Clanwilliam 1824,G311,Clanwilliam,311,settler_women,,0.0,corrected_header_mapping,Original workbook header and cell; unresolved values have no inferred replacement
1825 series.xlsx,Clanwilliam 1824,G312,Clanwilliam,312,settler_women,,0.0,corrected_header_mapping,Original workbook header and cell; unresolved values have no inferred replacement
1825 series.xlsx,Clanwilliam 1824,G313,Clanwilliam,313,settler_women,1,1.0,corrected_header_mapping,Original workbook header and cell; unresolved values have no inferred replacement
1825 series.xlsx,Clanwilliam 1824,G314,Clanwilliam,314,settler_women,,0.0,corrected_header_mapping,Original workbook header and cell; unresolved values have no inferred replacement
1825 series.xlsx,Clanwilliam 1824,G315,Clanwilliam,315,settler_women,1,1.0,corrected_header_mapping,Original workbook header and cell; unresolved values have no inferred replacement
1825 series.xlsx,Clanwilliam 1824,G316,Clanwilliam,316,settler_women,,0.0,corrected_header_mapping,Original workbook header and cell; unresolved values have no inferred replacement
1825 series.xlsx,Clanwilliam 1824,G317,Clanwilliam,317,settler_women,1,1.0,corrected_header_mapping,Original workbook header and cell; unresolved values have no inferred replacement
1825 series.xlsx,Clanwilliam 1824,G318,Clanwilliam,318,settler_women,1,1.0,corrected_header_mapping,Original workbook header and cell; unresolved values have no inferred replacement
1825 series.xlsx,Clanwilliam 1824,G319,Clanwilliam,319,settler_women,,0.0,corrected_header_mapping,Original workbook header and cell; unresolved values have no inferred replacement
1825 series.xlsx,Clanwilliam 1824,G320,Clanwilliam,320,settler_women,,0.0,corrected_header_mapping,Original workbook header and cell; unresolved values have no inferred replacement
1825 series.xlsx,Clanwilliam 1824,G321,Clanwilliam,321,settler_women,1,1.0,corrected_header_mapping,Original workbook header and cell; unresolved values have no inferred replacement
1825 series.xlsx,Clanwilliam 1824,G322,Clanwilliam,322,settler_women,,0.0,corrected_header_mapping,Original workbook header and cell; unresolved values have no inferred replacement
1825 series.xlsx,Clanwilliam 1824,G323,Clanwilliam,323,settler_women,1,1.0,corrected_header_mapping,Original workbook header and cell; unresolved values have no inferred replacement
1825 series.xlsx,Clanwilliam 1824,G324,Clanwilliam,324,settler_women,1,1.0,corrected_header_mapping,Original workbook header and cell; unresolved values have no inferred replacement
1825 series.xlsx,Clanwilliam 1824,G325,Clanwilliam,325,settler_women,,0.0,corrected_header_mapping,Original workbook header and cell; unresolved values have no inferred replacement
1825 series.xlsx,Clanwilliam 1824,G326,Clanwilliam,326,settler_women,,0.0,corrected_header_mapping,Original workbook header and cell; unresolved values have no inferred replacement
1825 series.xlsx,Clanwilliam 1824,G327,Clanwilliam,327,settler_women,,0.0,corrected_header_mapping,Original workbook header and cell; unresolved values have no inferred replacement
1825 series.xlsx,Clanwilliam 1824,G328,Clanwilliam,328,settler_women,,0.0,corrected_header_mapping,Original workbook header and cell; unresolved values have no inferred replacement
1825 series.xlsx,Clanwilliam 1824,G329,Clanwilliam,329,settler_women,1,1.0,corrected_header_mapping,Original workbook header and cell; unresolved values have no inferred replacement
1825 series.xlsx,Clanwilliam 1824,G330,Clanwilliam,330,settler_women,1,1.0,corrected_header_mapping,Original workbook header and cell; unresolved values have no inferred replacement
1825 series.xlsx,Clanwilliam 1824,G331,Clanwilliam,331,settler_women,1,1.0,corrected_header_mapping,Original workbook header and cell; unresolved values have no inferred replacement
1825 series.xlsx,Clanwilliam 1824,G332,Clanwilliam,332,settler_women,1,1.0,corrected_header_mapping,Original workbook header and cell; unresolved values have no inferred replacement
1825 series.xlsx,Clanwilliam 1824,G333,Clanwilliam,333,settler_women,1,1.0,corrected_header_mapping,Original workbook header and cell; unresolved values have no inferred replacement
1825 series.xlsx,Clanwilliam 1824,G334,Clanwilliam,334,settler_women,1,1.0,corrected_header_mapping,Original workbook header and cell; unresolved values have no inferred replacement
1825 series.xlsx,Clanwilliam 1824,G335,Clanwilliam,335,settler_women,,0.0,corrected_header_mapping,Original workbook header and cell; unresolved values have no inferred replacement
1825 series.xlsx,Clanwilliam 1824,G336,Clanwilliam,336,settler_women,1,1.0,corrected_header_mapping,Original workbook header and cell; unresolved values have no inferred replacement
1825 series.xlsx,Clanwilliam 1824,G337,Clanwilliam,337,settler_women,1,1.0,corrected_header_mapping,Original workbook header and cell; unresolved values have no inferred replacement
1825 series.xlsx,Clanwilliam 1824,G338,Clanwilliam,338,settler_women,1,1.0,corrected_header_mapping,Original workbook header and cell; unresolved values have no inferred replacement
1825 series.xlsx,Clanwilliam 1824,G339,Clanwilliam,339,settler_women,,0.0,corrected_header_mapping,Original workbook header and cell; unresolved values have no inferred replacement
1825 series.xlsx,Clanwilliam 1824,G340,Clanwilliam,340,settler_women,1,1.0,corrected_header_mapping,Original workbook header and cell; unresolved values have no inferred replacement
1825 series.xlsx,Clanwilliam 1824,G341,Clanwilliam,341,settler_women,,0.0,corrected_header_mapping,Original workbook header and cell; unresolved values have no inferred replacement
1825 series.xlsx,Clanwilliam 1824,G342,Clanwilliam,342,settler_women,1,1.0,corrected_header_mapping,Original workbook header and cell; unresolved values have no inferred replacement
1825 series.xlsx,Clanwilliam 1824,G343,Clanwilliam,343,settler_women,,0.0,corrected_header_mapping,Original workbook header and cell; unresolved values have no inferred replacement
1825 series.xlsx,Clanwilliam 1824,G344,Clanwilliam,344,settler_women,1,1.0,corrected_header_mapping,Original workbook header and cell; unresolved values have no inferred replacement
1825 series.xlsx,Clanwilliam 1824,G345,Clanwilliam,345,settler_women,,0.0,corrected_header_mapping,Original workbook header and cell; unresolved values have no inferred replacement
1825 series.xlsx,Clanwilliam 1824,G346,Clanwilliam,346,settler_women,1,1.0,corrected_header_mapping,Original workbook header and cell; unresolved values have no inferred replacement
1825 series.xlsx,Clanwilliam 1824,G347,Clanwilliam,347,settler_women,,0.0,corrected_header_mapping,Original workbook header and cell; unresolved values have no inferred replacement
1825 series.xlsx,Clanwilliam 1824,G348,Clanwilliam,348,settler_women,1,1.0,corrected_header_mapping,Original workbook header and cell; unresolved values have no inferred replacement
1825 series.xlsx,Clanwilliam 1824,G349,Clanwilliam,349,settler_women,,0.0,corrected_header_mapping,Original workbook header and cell; unresolved values have no inferred replacement
1825 series.xlsx,Clanwilliam 1824,G350,Clanwilliam,350,settler_women,,0.0,corrected_header_mapping,Original workbook header and cell; unresolved values have no inferred replacement
1825 series.xlsx,Clanwilliam 1824,G351,Clanwilliam,351,settler_women,1,1.0,corrected_header_mapping,Original workbook header and cell; unresolved values have no inferred replacement
1825 series.xlsx,Clanwilliam 1824,G352,Clanwilliam,352,settler_women,,0.0,corrected_header_mapping,Original workbook header and cell; unresolved values have no inferred replacement
1825 series.xlsx,Clanwilliam 1824,G353,Clanwilliam,353,settler_women,,0.0,corrected_header_mapping,Original workbook header and cell; unresolved values have no inferred replacement
1825 series.xlsx,Clanwilliam 1824,G354,Clanwilliam,354,settler_women,1,1.0,corrected_header_mapping,Original workbook header and cell; unresolved values have no inferred replacement
1825 series.xlsx,Clanwilliam 1824,G355,Clanwilliam,355,settler_women,1,1.0,corrected_header_mapping,Original workbook header and cell; unresolved values have no inferred replacement
1825 series.xlsx,Clanwilliam 1824,G356,Clanwilliam,356,settler_women,,0.0,corrected_header_mapping,Original workbook header and cell; unresolved values have no inferred replacement
1825 series.xlsx,Clanwilliam 1824,G357,Clanwilliam,357,settler_women,,0.0,corrected_header_mapping,Original workbook header and cell; unresolved values have no inferred replacement
1825 series.xlsx,Clanwilliam 1824,G358,Clanwilliam,358,settler_women,,0.0,corrected_header_mapping,Original workbook header and cell; unresolved values have no inferred replacement
1825 series.xlsx,Clanwilliam 1824,G359,Clanwilliam,359,settler_women,1,1.0,corrected_header_mapping,Original workbook header and cell; unresolved values have no inferred replacement
1825 series.xlsx,Clanwilliam 1824,G360,Clanwilliam,360,settler_women,1,1.0,corrected_header_mapping,Original workbook header and cell; unresolved values have no inferred replacement
1825 series.xlsx,Clanwilliam 1824,G361,Clanwilliam,361,settler_women,,0.0,corrected_header_mapping,Original workbook header and cell; unresolved values have no inferred replacement
1825 series.xlsx,Clanwilliam 1824,G362,Clanwilliam,362,settler_women,1,1.0,corrected_header_mapping,Original workbook header and cell; unresolved values have no inferred replacement
1825 series.xlsx,Clanwilliam 1824,G363,Clanwilliam,363,settler_women,,0.0,corrected_header_mapping,Original workbook header and cell; unresolved values have no inferred replacement
1825 series.xlsx,Clanwilliam 1824,G364,Clanwilliam,364,settler_women,1,1.0,corrected_header_mapping,Original workbook header and cell; unresolved values have no inferred replacement
1825 series.xlsx,Clanwilliam 1824,G365,Clanwilliam,365,settler_women,1,1.0,corrected_header_mapping,Original workbook header and cell; unresolved values have no inferred replacement
1825 series.xlsx,Clanwilliam 1824,G366,Clanwilliam,366,settler_women,1,1.0,corrected_header_mapping,Original workbook header and cell; unresolved values have no inferred replacement
1825 series.xlsx,Clanwilliam 1824,G367,Clanwilliam,367,settler_women,,0.0,corrected_header_mapping,Original workbook header and cell; unresolved values have no inferred replacement
1825 series.xlsx,Clanwilliam 1824,G368,Clanwilliam,368,settler_women,,0.0,corrected_header_mapping,Original workbook header and cell; unresolved values have no inferred replacement
1825 series.xlsx,Clanwilliam 1824,G369,Clanwilliam,369,settler_women,1,1.0,corrected_header_mapping,Original workbook header and cell; unresolved values have no inferred replacement
1825 series.xlsx,Clanwilliam 1824,G370,Clanwilliam,370,settler_women,,0.0,corrected_header_mapping,Original workbook header and cell; unresolved values have no inferred replacement
1825 series.xlsx,Clanwilliam 1824,G371,Clanwilliam,371,settler_women,1,1.0,corrected_header_mapping,Original workbook header and cell; unresolved values have no inferred replacement
1825 series.xlsx,Clanwilliam 1824,G372,Clanwilliam,372,settler_women,,0.0,corrected_header_mapping,Original workbook header and cell; unresolved values have no inferred replacement
1825 series.xlsx,Clanwilliam 1824,G373,Clanwilliam,373,settler_women,1,1.0,corrected_header_mapping,Original workbook header and cell; unresolved values have no inferred replacement
1825 series.xlsx,Clanwilliam 1824,G374,Clanwilliam,374,settler_women,1,1.0,corrected_header_mapping,Original workbook header and cell; unresolved values have no inferred replacement
1825 series.xlsx,Clanwilliam 1824,G375,Clanwilliam,375,settler_women,1,1.0,corrected_header_mapping,Original workbook header and cell; unresolved values have no inferred replacement
1825 series.xlsx,Clanwilliam 1824,G376,Clanwilliam,376,settler_women,,0.0,corrected_header_mapping,Original workbook header and cell; unresolved values have no inferred replacement
1825 series.xlsx,Clanwilliam 1824,G377,Clanwilliam,377,settler_women,,0.0,corrected_header_mapping,Original workbook header and cell; unresolved values have no inferred replacement
1825 series.xlsx,Clanwilliam 1824,G378,Clanwilliam,378,settler_women,1,1.0,corrected_header_mapping,Original workbook header and cell; unresolved values have no inferred replacement
1825 series.xlsx,Clanwilliam 1824,G379,Clanwilliam,379,settler_women,,0.0,corrected_header_mapping,Original workbook header and cell; unresolved values have no inferred replacement
1825 series.xlsx,Clanwilliam 1824,G380,Clanwilliam,380,settler_women,,0.0,corrected_header_mapping,Original workbook header and cell; unresolved values have no inferred replacement
1825 series.xlsx,Clanwilliam 1824,G381,Clanwilliam,381,settler_women,,0.0,corrected_header_mapping,Original workbook header and cell; unresolved values have no inferred replacement
1825 series.xlsx,Clanwilliam 1824,G382,Clanwilliam,382,settler_women,1,1.0,corrected_header_mapping,Original workbook header and cell; unresolved values have no inferred replacement
1825 series.xlsx,Clanwilliam 1824,AI382,Clanwilliam,382,rye_sown,0.025,0.025,numeric,Original workbook header and cell; unresolved values have no inferred replacement
1825 series.xlsx,Clanwilliam 1824,G383,Clanwilliam,383,settler_women,,0.0,corrected_header_mapping,Original workbook header and cell; unresolved values have no inferred replacement
1825 series.xlsx,Clanwilliam 1824,G384,Clanwilliam,384,settler_women,1,1.0,corrected_header_mapping,Original workbook header and cell; unresolved values have no inferred replacement
1825 series.xlsx,Clanwilliam 1824,G385,Clanwilliam,385,settler_women,1,1.0,corrected_header_mapping,Original workbook header and cell; unresolved values have no inferred replacement
1825 series.xlsx,Clanwilliam 1824,G386,Clanwilliam,386,settler_women,1,1.0,corrected_header_mapping,Original workbook header and cell; unresolved values have no inferred replacement
1825 series.xlsx,Clanwilliam 1824,G387,Clanwilliam,387,settler_women,1,1.0,corrected_header_mapping,Original workbook header and cell; unresolved values have no inferred replacement
1825 series.xlsx,Clanwilliam 1824,G388,Clanwilliam,388,settler_women,,0.0,corrected_header_mapping,Original workbook header and cell; unresolved values have no inferred replacement
1825 series.xlsx,Clanwilliam 1824,G389,Clanwilliam,389,settler_women,1,1.0,corrected_header_mapping,Original workbook header and cell; unresolved values have no inferred replacement
1825 series.xlsx,Clanwilliam 1824,G390,Clanwilliam,390,settler_women,1,1.0,corrected_header_mapping,Original workbook header and cell; unresolved values have no inferred replacement
1825 series.xlsx,Clanwilliam 1824,G391,Clanwilliam,391,settler_women,1,1.0,corrected_header_mapping,Original workbook header and cell; unresolved values have no inferred replacement
1825 series.xlsx,Clanwilliam 1824,G392,Clanwilliam,392,settler_women,1,1.0,corrected_header_mapping,Original workbook header and cell; unresolved values have no inferred replacement
1825 series.xlsx,Clanwilliam 1824,G393,Clanwilliam,393,settler_women,,0.0,corrected_header_mapping,Original workbook header and cell; unresolved values have no inferred replacement
1825 series.xlsx,Clanwilliam 1824,G394,Clanwilliam,394,settler_women,1,1.0,corrected_header_mapping,Original workbook header and cell; unresolved values have no inferred replacement
1825 series.xlsx,Clanwilliam 1824,G395,Clanwilliam,395,settler_women,,0.0,corrected_header_mapping,Original workbook header and cell; unresolved values have no inferred replacement
1825 series.xlsx,Clanwilliam 1824,G396,Clanwilliam,396,settler_women,,0.0,corrected_header_mapping,Original workbook header and cell; unresolved values have no inferred replacement
1825 series.xlsx,Clanwilliam 1824,G397,Clanwilliam,397,settler_women,,0.0,corrected_header_mapping,Original workbook header and cell; unresolved values have no inferred replacement
1825 series.xlsx,Clanwilliam 1824,G398,Clanwilliam,398,settler_women,,0.0,corrected_header_mapping,Original workbook header and cell; unresolved values have no inferred replacement
1825 series.xlsx,Clanwilliam 1824,G399,Clanwilliam,399,settler_women,1,1.0,corrected_header_mapping,Original workbook header and cell; unresolved values have no inferred replacement
1825 series.xlsx,Clanwilliam 1824,G400,Clanwilliam,400,settler_women,,0.0,corrected_header_mapping,Original workbook header and cell; unresolved values have no inferred replacement
1825 series.xlsx,Clanwilliam 1824,G401,Clanwilliam,401,settler_women,1,1.0,corrected_header_mapping,Original workbook header and cell; unresolved values have no inferred replacement
1825 series.xlsx,Clanwilliam 1824,G402,Clanwilliam,402,settler_women,1,1.0,corrected_header_mapping,Original workbook header and cell; unresolved values have no inferred replacement
1825 series.xlsx,Clanwilliam 1824,G403,Clanwilliam,403,settler_women,1,1.0,corrected_header_mapping,Original workbook header and cell; unresolved values have no inferred replacement
1825 series.xlsx,Clanwilliam 1824,G404,Clanwilliam,404,settler_women,1,1.0,corrected_header_mapping,Original workbook header and cell; unresolved values have no inferred replacement
1825 series.xlsx,Clanwilliam 1824,G405,Clanwilliam,405,settler_women,1,1.0,corrected_header_mapping,Original workbook header and cell; unresolved values have no inferred replacement
1825 series.xlsx,Clanwilliam 1824,G406,Clanwilliam,406,settler_women,1,1.0,corrected_header_mapping,Original workbook header and cell; unresolved values have no inferred replacement
1825 series.xlsx,Clanwilliam 1824,G407,Clanwilliam,407,settler_women,,0.0,corrected_header_mapping,Original workbook header and cell; unresolved values have no inferred replacement
1825 series.xlsx,Clanwilliam 1824,G408,Clanwilliam,408,settler_women,,0.0,corrected_header_mapping,Original workbook header and cell; unresolved values have no inferred replacement
1825 series.xlsx,Clanwilliam 1824,G409,Clanwilliam,409,settler_women,1,1.0,corrected_header_mapping,Original workbook header and cell; unresolved values have no inferred replacement
1825 series.xlsx,Clanwilliam 1824,G410,Clanwilliam,410,settler_women,,0.0,corrected_header_mapping,Original workbook header and cell; unresolved values have no inferred replacement
1825 series.xlsx,Clanwilliam 1824,G411,Clanwilliam,411,settler_women,1,1.0,corrected_header_mapping,Original workbook header and cell; unresolved values have no inferred replacement
1825 series.xlsx,Clanwilliam 1824,G412,Clanwilliam,412,settler_women,1,1.0,corrected_header_mapping,Original workbook header and cell; unresolved values have no inferred replacement
1825 series.xlsx,Clanwilliam 1824,G413,Clanwilliam,413,settler_women,1,1.0,corrected_header_mapping,Original workbook header and cell; unresolved values have no inferred replacement
1825 series.xlsx,Clanwilliam 1824,G414,Clanwilliam,414,settler_women,1,1.0,corrected_header_mapping,Original workbook header and cell; unresolved values have no inferred replacement
1825 series.xlsx,Clanwilliam 1824,G415,Clanwilliam,415,settler_women,,0.0,corrected_header_mapping,Original workbook header and cell; unresolved values have no inferred replacement
1825 series.xlsx,Clanwilliam 1824,G416,Clanwilliam,416,settler_women,,0.0,corrected_header_mapping,Original workbook header and cell; unresolved values have no inferred replacement
1825 series.xlsx,Clanwilliam 1824,G417,Clanwilliam,417,settler_women,1,1.0,corrected_header_mapping,Original workbook header and cell; unresolved values have no inferred replacement
1825 series.xlsx,Clanwilliam 1824,G418,Clanwilliam,418,settler_women,1,1.0,corrected_header_mapping,Original workbook header and cell; unresolved values have no inferred replacement
1825 series.xlsx,Clanwilliam 1824,G419,Clanwilliam,419,settler_women,,0.0,corrected_header_mapping,Original workbook header and cell; unresolved values have no inferred replacement
1825 series.xlsx,Clanwilliam 1824,G420,Clanwilliam,420,settler_women,,0.0,corrected_header_mapping,Original workbook header and cell; unresolved values have no inferred replacement
1825 series.xlsx,Clanwilliam 1824,G421,Clanwilliam,421,settler_women,,0.0,corrected_header_mapping,Original workbook header and cell; unresolved values have no inferred replacement
1825 series.xlsx,Clanwilliam 1824,G422,Clanwilliam,422,settler_women,,0.0,corrected_header_mapping,Original workbook header and cell; unresolved values have no inferred replacement
1825 series.xlsx,Clanwilliam 1824,G423,Clanwilliam,423,settler_women,1,1.0,corrected_header_mapping,Original workbook header and cell; unresolved values have no inferred replacement
1825 series.xlsx,Clanwilliam 1824,G424,Clanwilliam,424,settler_women,,0.0,corrected_header_mapping,Original workbook header and cell; unresolved values have no inferred replacement
1825 series.xlsx,Clanwilliam 1824,G425,Clanwilliam,425,settler_women,1,1.0,corrected_header_mapping,Original workbook header and cell; unresolved values have no inferred replacement
1825 series.xlsx,Clanwilliam 1824,G426,Clanwilliam,426,settler_women,,0.0,corrected_header_mapping,Original workbook header and cell; unresolved values have no inferred replacement
1825 series.xlsx,Clanwilliam 1824,G427,Clanwilliam,427,settler_women,,0.0,corrected_header_mapping,Original workbook header and cell; unresolved values have no inferred replacement
1825 series.xlsx,Clanwilliam 1824,G428,Clanwilliam,428,settler_women,,0.0,corrected_header_mapping,Original workbook header and cell; unresolved values have no inferred replacement
1825 series.xlsx,Clanwilliam 1824,G429,Clanwilliam,429,settler_women,,0.0,corrected_header_mapping,Original workbook header and cell; unresolved values have no inferred replacement
1825 series.xlsx,Clanwilliam 1824,G430,Clanwilliam,430,settler_women,1,1.0,corrected_header_mapping,Original workbook header and cell; unresolved values have no inferred replacement
1825 series.xlsx,Clanwilliam 1824,G431,Clanwilliam,431,settler_women,,0.0,corrected_header_mapping,Original workbook header and cell; unresolved values have no inferred replacement
1825 series.xlsx,Clanwilliam 1824,G432,Clanwilliam,432,settler_women,,0.0,corrected_header_mapping,Original workbook header and cell; unresolved values have no inferred replacement
1825 series.xlsx,Clanwilliam 1824,G433,Clanwilliam,433,settler_women,1,1.0,corrected_header_mapping,Original workbook header and cell; unresolved values have no inferred replacement
1825 series.xlsx,Clanwilliam 1824,G434,Clanwilliam,434,settler_women,,0.0,corrected_header_mapping,Original workbook header and cell; unresolved values have no inferred replacement
1825 series.xlsx,Clanwilliam 1824,G435,Clanwilliam,435,settler_women,1,1.0,corrected_header_mapping,Original workbook header and cell; unresolved values have no inferred replacement
1825 series.xlsx,Clanwilliam 1824,G436,Clanwilliam,436,settler_women,1,1.0,corrected_header_mapping,Original workbook header and cell; unresolved values have no inferred replacement
1825 series.xlsx,Clanwilliam 1824,G437,Clanwilliam,437,settler_women,,0.0,corrected_header_mapping,Original workbook header and cell; unresolved values have no inferred replacement
1825 series.xlsx,Clanwilliam 1824,G438,Clanwilliam,438,settler_women,1,1.0,corrected_header_mapping,Original workbook header and cell; unresolved values have no inferred replacement
1825 series.xlsx,Clanwilliam 1824,G439,Clanwilliam,439,settler_women,,0.0,corrected_header_mapping,Original workbook header and cell; unresolved values have no inferred replacement
1825 series.xlsx,Clanwilliam 1824,G440,Clanwilliam,440,settler_women,1,1.0,corrected_header_mapping,Original workbook header and cell; unresolved values have no inferred replacement
1825 series.xlsx,Clanwilliam 1824,G441,Clanwilliam,441,settler_women,1,1.0,corrected_header_mapping,Original workbook header and cell; unresolved values have no inferred replacement
1825 series.xlsx,Clanwilliam 1824,G442,Clanwilliam,442,settler_women,1,1.0,corrected_header_mapping,Original workbook header and cell; unresolved values have no inferred replacement
1825 series.xlsx,Clanwilliam 1824,G443,Clanwilliam,443,settler_women,1,1.0,corrected_header_mapping,Original workbook header and cell; unresolved values have no inferred replacement
1825 series.xlsx,Clanwilliam 1824,G444,Clanwilliam,444,settler_women,,0.0,corrected_header_mapping,Original workbook header and cell; unresolved values have no inferred replacement
1825 series.xlsx,Clanwilliam 1824,G445,Clanwilliam,445,settler_women,,0.0,corrected_header_mapping,Original workbook header and cell; unresolved values have no inferred replacement
1825 series.xlsx,Clanwilliam 1824,G446,Clanwilliam,446,settler_women,,0.0,corrected_header_mapping,Original workbook header and cell; unresolved values have no inferred replacement
1825 series.xlsx,Clanwilliam 1824,G447,Clanwilliam,447,settler_women,,0.0,corrected_header_mapping,Original workbook header and cell; unresolved values have no inferred replacement
1825 series.xlsx,Clanwilliam 1824,G448,Clanwilliam,448,settler_women,,0.0,corrected_header_mapping,Original workbook header and cell; unresolved values have no inferred replacement
1825 series.xlsx,Clanwilliam 1824,G449,Clanwilliam,449,settler_women,,0.0,corrected_header_mapping,Original workbook header and cell; unresolved values have no inferred replacement
1825 series.xlsx,Clanwilliam 1824,G450,Clanwilliam,450,settler_women,1,1.0,corrected_header_mapping,Original workbook header and cell; unresolved values have no inferred replacement
1825 series.xlsx,Clanwilliam 1824,G451,Clanwilliam,451,settler_women,1,1.0,corrected_header_mapping,Original workbook header and cell; unresolved values have no inferred replacement
1825 series.xlsx,Clanwilliam 1824,G452,Clanwilliam,452,settler_women,1,1.0,corrected_header_mapping,Original workbook header and cell; unresolved values have no inferred replacement
1825 series.xlsx,Clanwilliam 1824,G453,Clanwilliam,453,settler_women,1,1.0,corrected_header_mapping,Original workbook header and cell; unresolved values have no inferred replacement
1825 series.xlsx,Clanwilliam 1824,G454,Clanwilliam,454,settler_women,,0.0,corrected_header_mapping,Original workbook header and cell; unresolved values have no inferred replacement
1825 series.xlsx,Clanwilliam 1824,G455,Clanwilliam,455,settler_women,1,1.0,corrected_header_mapping,Original workbook header and cell; unresolved values have no inferred replacement
1825 series.xlsx,Clanwilliam 1824,G456,Clanwilliam,456,settler_women,1,1.0,corrected_header_mapping,Original workbook header and cell; unresolved values have no inferred replacement
1825 series.xlsx,Clanwilliam 1824,G457,Clanwilliam,457,settler_women,1,1.0,corrected_header_mapping,Original workbook header and cell; unresolved values have no inferred replacement
1825 series.xlsx,Clanwilliam 1824,G458,Clanwilliam,458,settler_women,,0.0,corrected_header_mapping,Original workbook header and cell; unresolved values have no inferred replacement
1825 series.xlsx,Clanwilliam 1824,G459,Clanwilliam,459,settler_women,,0.0,corrected_header_mapping,Original workbook header and cell; unresolved values have no inferred replacement
1825 series.xlsx,Clanwilliam 1824,G460,Clanwilliam,460,settler_women,,0.0,corrected_header_mapping,Original workbook header and cell; unresolved values have no inferred replacement
1825 series.xlsx,Clanwilliam 1824,G461,Clanwilliam,461,settler_women,,0.0,corrected_header_mapping,Original workbook header and cell; unresolved values have no inferred replacement
1825 series.xlsx,Clanwilliam 1824,G462,Clanwilliam,462,settler_women,,0.0,corrected_header_mapping,Original workbook header and cell; unresolved values have no inferred replacement
1825 series.xlsx,Clanwilliam 1824,G463,Clanwilliam,463,settler_women,,0.0,corrected_header_mapping,Original workbook header and cell; unresolved values have no inferred replacement
1825 series.xlsx,Clanwilliam 1824,G464,Clanwilliam,464,settler_women,,0.0,corrected_header_mapping,Original workbook header and cell; unresolved values have no inferred replacement
1825 series.xlsx,Clanwilliam 1824,G465,Clanwilliam,465,settler_women,1,1.0,corrected_header_mapping,Original workbook header and cell; unresolved values have no inferred replacement
1825 series.xlsx,Clanwilliam 1824,G466,Clanwilliam,466,settler_women,1,1.0,corrected_header_mapping,Original workbook header and cell; unresolved values have no inferred replacement
1825 series.xlsx,Clanwilliam 1824,G467,Clanwilliam,467,settler_women,,0.0,corrected_header_mapping,Original workbook header and cell; unresolved values have no inferred replacement
1825 series.xlsx,Clanwilliam 1824,G468,Clanwilliam,468,settler_women,1,1.0,corrected_header_mapping,Original workbook header and cell; unresolved values have no inferred replacement
1825 series.xlsx,Clanwilliam 1824,G469,Clanwilliam,469,settler_women,1,1.0,corrected_header_mapping,Original workbook header and cell; unresolved values have no inferred replacement
1825 series.xlsx,Clanwilliam 1824,G470,Clanwilliam,470,settler_women,1,1.0,corrected_header_mapping,Original workbook header and cell; unresolved values have no inferred replacement
1825 series.xlsx,Clanwilliam 1824,G471,Clanwilliam,471,settler_women,1,1.0,corrected_header_mapping,Original workbook header and cell; unresolved values have no inferred replacement
1825 series.xlsx,Clanwilliam 1824,G472,Clanwilliam,472,settler_women,1,1.0,corrected_header_mapping,Original workbook header and cell; unresolved values have no inferred replacement
1825 series.xlsx,Clanwilliam 1824,G473,Clanwilliam,473,settler_women,,0.0,corrected_header_mapping,Original workbook header and cell; unresolved values have no inferred replacement
1825 series.xlsx,Clanwilliam 1824,G474,Clanwilliam,474,settler_women,1,1.0,corrected_header_mapping,Original workbook header and cell; unresolved values have no inferred replacement
1825 series.xlsx,Clanwilliam 1824,G475,Clanwilliam,475,settler_women,1,1.0,corrected_header_mapping,Original workbook header and cell; unresolved values have no inferred replacement
1825 series.xlsx,Clanwilliam 1824,G476,Clanwilliam,476,settler_women,1,1.0,corrected_header_mapping,Original workbook header and cell; unresolved values have no inferred replacement
1825 series.xlsx,Clanwilliam 1824,G477,Clanwilliam,477,settler_women,,0.0,corrected_header_mapping,Original workbook header and cell; unresolved values have no inferred replacement
1825 series.xlsx,Clanwilliam 1824,G478,Clanwilliam,478,settler_women,1,1.0,corrected_header_mapping,Original workbook header and cell; unresolved values have no inferred replacement
1825 series.xlsx,Clanwilliam 1824,G479,Clanwilliam,479,settler_women,1,1.0,corrected_header_mapping,Original workbook header and cell; unresolved values have no inferred replacement
1825 series.xlsx,Clanwilliam 1824,G480,Clanwilliam,480,settler_women,,0.0,corrected_header_mapping,Original workbook header and cell; unresolved values have no inferred replacement
1825 series.xlsx,Clanwilliam 1824,G481,Clanwilliam,481,settler_women,1,1.0,corrected_header_mapping,Original workbook header and cell; unresolved values have no inferred replacement
1825 series.xlsx,Clanwilliam 1824,G482,Clanwilliam,482,settler_women,,0.0,corrected_header_mapping,Original workbook header and cell; unresolved values have no inferred replacement
1825 series.xlsx,Clanwilliam 1824,G483,Clanwilliam,483,settler_women,1,1.0,corrected_header_mapping,Original workbook header and cell; unresolved values have no inferred replacement
1825 series.xlsx,Clanwilliam 1824,G484,Clanwilliam,484,settler_women,,0.0,corrected_header_mapping,Original workbook header and cell; unresolved values have no inferred replacement
1825 series.xlsx,Clanwilliam 1824,G485,Clanwilliam,485,settler_women,1,1.0,corrected_header_mapping,Original workbook header and cell; unresolved values have no inferred replacement
1825 series.xlsx,Clanwilliam 1824,G486,Clanwilliam,486,settler_women,,0.0,corrected_header_mapping,Original workbook header and cell; unresolved values have no inferred replacement
1825 series.xlsx,Clanwilliam 1824,G487,Clanwilliam,487,settler_women,,0.0,corrected_header_mapping,Original workbook header and cell; unresolved values have no inferred replacement
1825 series.xlsx,Clanwilliam 1824,G488,Clanwilliam,488,settler_women,1,1.0,corrected_header_mapping,Original workbook header and cell; unresolved values have no inferred replacement
1825 series.xlsx,Clanwilliam 1824,G489,Clanwilliam,489,settler_women,1,1.0,corrected_header_mapping,Original workbook header and cell; unresolved values have no inferred replacement
1825 series.xlsx,Clanwilliam 1824,G490,Clanwilliam,490,settler_women,,0.0,corrected_header_mapping,Original workbook header and cell; unresolved values have no inferred replacement
1825 series.xlsx,Clanwilliam 1824,G491,Clanwilliam,491,settler_women,1,1.0,corrected_header_mapping,Original workbook header and cell; unresolved values have no inferred replacement
1825 series.xlsx,Clanwilliam 1824,G492,Clanwilliam,492,settler_women,1,1.0,corrected_header_mapping,Original workbook header and cell; unresolved values have no inferred replacement
1825 series.xlsx,Clanwilliam 1824,G493,Clanwilliam,493,settler_women,,0.0,corrected_header_mapping,Original workbook header and cell; unresolved values have no inferred replacement
1825 series.xlsx,Clanwilliam 1824,G494,Clanwilliam,494,settler_women,,0.0,corrected_header_mapping,Original workbook header and cell; unresolved values have no inferred replacement
1825 series.xlsx,Clanwilliam 1824,G495,Clanwilliam,495,settler_women,,0.0,corrected_header_mapping,Original workbook header and cell; unresolved values have no inferred replacement
1825 series.xlsx,Clanwilliam 1824,G496,Clanwilliam,496,settler_women,,0.0,corrected_header_mapping,Original workbook header and cell; unresolved values have no inferred replacement
1825 series.xlsx,Clanwilliam 1824,G497,Clanwilliam,497,settler_women,,0.0,corrected_header_mapping,Original workbook header and cell; unresolved values have no inferred replacement
1825 series.xlsx,Clanwilliam 1824,G498,Clanwilliam,498,settler_women,1,1.0,corrected_header_mapping,Original workbook header and cell; unresolved values have no inferred replacement
1825 series.xlsx,Clanwilliam 1824,G499,Clanwilliam,499,settler_women,,0.0,corrected_header_mapping,Original workbook header and cell; unresolved values have no inferred replacement
1825 series.xlsx,Clanwilliam 1824,G500,Clanwilliam,500,settler_women,,0.0,corrected_header_mapping,Original workbook header and cell; unresolved values have no inferred replacement
1825 series.xlsx,Clanwilliam 1824,G501,Clanwilliam,501,settler_women,,0.0,corrected_header_mapping,Original workbook header and cell; unresolved values have no inferred replacement
1825 series.xlsx,Clanwilliam 1824,G502,Clanwilliam,502,settler_women,,0.0,corrected_header_mapping,Original workbook header and cell; unresolved values have no inferred replacement
1825 series.xlsx,Clanwilliam 1824,G503,Clanwilliam,503,settler_women,1,1.0,corrected_header_mapping,Original workbook header and cell; unresolved values have no inferred replacement
1825 series.xlsx,Clanwilliam 1824,G504,Clanwilliam,504,settler_women,,0.0,corrected_header_mapping,Original workbook header and cell; unresolved values have no inferred replacement
1825 series.xlsx,Clanwilliam 1824,G505,Clanwilliam,505,settler_women,1,1.0,corrected_header_mapping,Original workbook header and cell; unresolved values have no inferred replacement
1825 series.xlsx,Clanwilliam 1824,G506,Clanwilliam,506,settler_women,,0.0,corrected_header_mapping,Original workbook header and cell; unresolved values have no inferred replacement
1825 series.xlsx,Clanwilliam 1824,G507,Clanwilliam,507,settler_women,1,1.0,corrected_header_mapping,Original workbook header and cell; unresolved values have no inferred replacement
1825 series.xlsx,Clanwilliam 1824,G508,Clanwilliam,508,settler_women,1,1.0,corrected_header_mapping,Original workbook header and cell; unresolved values have no inferred replacement
1825 series.xlsx,Clanwilliam 1824,G509,Clanwilliam,509,settler_women,1,1.0,corrected_header_mapping,Original workbook header and cell; unresolved values have no inferred replacement
1825 series.xlsx,Clanwilliam 1824,G510,Clanwilliam,510,settler_women,1,1.0,corrected_header_mapping,Original workbook header and cell; unresolved values have no inferred replacement
1825 series.xlsx,Clanwilliam 1824,G511,Clanwilliam,511,settler_women,1,1.0,corrected_header_mapping,Original workbook header and cell; unresolved values have no inferred replacement
1825 series.xlsx,Clanwilliam 1824,G512,Clanwilliam,512,settler_women,,0.0,corrected_header_mapping,Original workbook header and cell; unresolved values have no inferred replacement
1825 series.xlsx,Clanwilliam 1824,G513,Clanwilliam,513,settler_women,,0.0,corrected_header_mapping,Original workbook header and cell; unresolved values have no inferred replacement
1825 series.xlsx,Clanwilliam 1824,G514,Clanwilliam,514,settler_women,,0.0,corrected_header_mapping,Original workbook header and cell; unresolved values have no inferred replacement
1825 series.xlsx,Clanwilliam 1824,G515,Clanwilliam,515,settler_women,,0.0,corrected_header_mapping,Original workbook header and cell; unresolved values have no inferred replacement
1825 series.xlsx,Clanwilliam 1824,G516,Clanwilliam,516,settler_women,1,1.0,corrected_header_mapping,Original workbook header and cell; unresolved values have no inferred replacement
1825 series.xlsx,Clanwilliam 1824,G517,Clanwilliam,517,settler_women,1,1.0,corrected_header_mapping,Original workbook header and cell; unresolved values have no inferred replacement
1825 series.xlsx,Clanwilliam 1824,G518,Clanwilliam,518,settler_women,1,1.0,corrected_header_mapping,Original workbook header and cell; unresolved values have no inferred replacement
1825 series.xlsx,Clanwilliam 1824,G519,Clanwilliam,519,settler_women,,0.0,corrected_header_mapping,Original workbook header and cell; unresolved values have no inferred replacement
1825 series.xlsx,Clanwilliam 1824,G520,Clanwilliam,520,settler_women,1,1.0,corrected_header_mapping,Original workbook header and cell; unresolved values have no inferred replacement
1825 series.xlsx,Clanwilliam 1824,G521,Clanwilliam,521,settler_women,1,1.0,corrected_header_mapping,Original workbook header and cell; unresolved values have no inferred replacement
1825 series.xlsx,Clanwilliam 1824,G522,Clanwilliam,522,settler_women,,0.0,corrected_header_mapping,Original workbook header and cell; unresolved values have no inferred replacement
1825 series.xlsx,Clanwilliam 1824,G523,Clanwilliam,523,settler_women,,0.0,corrected_header_mapping,Original workbook header and cell; unresolved values have no inferred replacement
1825 series.xlsx,Clanwilliam 1824,G524,Clanwilliam,524,settler_women,,0.0,corrected_header_mapping,Original workbook header and cell; unresolved values have no inferred replacement
1825 series.xlsx,Clanwilliam 1824,G525,Clanwilliam,525,settler_women,,0.0,corrected_header_mapping,Original workbook header and cell; unresolved values have no inferred replacement
1825 series.xlsx,Clanwilliam 1824,G526,Clanwilliam,526,settler_women,,0.0,corrected_header_mapping,Original workbook header and cell; unresolved values have no inferred replacement
1825 series.xlsx,Clanwilliam 1824,G527,Clanwilliam,527,settler_women,,0.0,corrected_header_mapping,Original workbook header and cell; unresolved values have no inferred replacement
1825 series.xlsx,Clanwilliam 1824,G528,Clanwilliam,528,settler_women,,0.0,corrected_header_mapping,Original workbook header and cell; unresolved values have no inferred replacement
1825 series.xlsx,Clanwilliam 1824,G529,Clanwilliam,529,settler_women,,0.0,corrected_header_mapping,Original workbook header and cell; unresolved values have no inferred replacement
1825 series.xlsx,Clanwilliam 1824,G530,Clanwilliam,530,settler_women,,0.0,corrected_header_mapping,Original workbook header and cell; unresolved values have no inferred replacement
1825 series.xlsx,Clanwilliam 1824,G531,Clanwilliam,531,settler_women,,0.0,corrected_header_mapping,Original workbook header and cell; unresolved values have no inferred replacement
1825 series.xlsx,Clanwilliam 1824,G532,Clanwilliam,532,settler_women,,0.0,corrected_header_mapping,Original workbook header and cell; unresolved values have no inferred replacement
1825 series.xlsx,Clanwilliam 1824,G533,Clanwilliam,533,settler_women,,0.0,corrected_header_mapping,Original workbook header and cell; unresolved values have no inferred replacement
1825 series.xlsx,Clanwilliam 1824,G534,Clanwilliam,534,settler_women,1,1.0,corrected_header_mapping,Original workbook header and cell; unresolved values have no inferred replacement
1825 series.xlsx,Clanwilliam 1824,G535,Clanwilliam,535,settler_women,,0.0,corrected_header_mapping,Original workbook header and cell; unresolved values have no inferred replacement
1825 series.xlsx,Clanwilliam 1824,G536,Clanwilliam,536,settler_women,1,1.0,corrected_header_mapping,Original workbook header and cell; unresolved values have no inferred replacement
1825 series.xlsx,Clanwilliam 1824,G537,Clanwilliam,537,settler_women,,0.0,corrected_header_mapping,Original workbook header and cell; unresolved values have no inferred replacement
1825 series.xlsx,Clanwilliam 1824,G538,Clanwilliam,538,settler_women,1,1.0,corrected_header_mapping,Original workbook header and cell; unresolved values have no inferred replacement
1825 series.xlsx,Clanwilliam 1824,G539,Clanwilliam,539,settler_women,,0.0,corrected_header_mapping,Original workbook header and cell; unresolved values have no inferred replacement
1825 series.xlsx,Clanwilliam 1824,G540,Clanwilliam,540,settler_women,1,1.0,corrected_header_mapping,Original workbook header and cell; unresolved values have no inferred replacement
1825 series.xlsx,Clanwilliam 1824,G541,Clanwilliam,541,settler_women,1,1.0,corrected_header_mapping,Original workbook header and cell; unresolved values have no inferred replacement
1825 series.xlsx,Clanwilliam 1824,G542,Clanwilliam,542,settler_women,,0.0,corrected_header_mapping,Original workbook header and cell; unresolved values have no inferred replacement
1825 series.xlsx,Clanwilliam 1824,G543,Clanwilliam,543,settler_women,,0.0,corrected_header_mapping,Original workbook header and cell; unresolved values have no inferred replacement
1825 series.xlsx,Clanwilliam 1824,G544,Clanwilliam,544,settler_women,,0.0,corrected_header_mapping,Original workbook header and cell; unresolved values have no inferred replacement
1825 series.xlsx,Clanwilliam 1824,G545,Clanwilliam,545,settler_women,,0.0,corrected_header_mapping,Original workbook header and cell; unresolved values have no inferred replacement
1825 series.xlsx,Clanwilliam 1824,G546,Clanwilliam,546,settler_women,,0.0,corrected_header_mapping,Original workbook header and cell; unresolved values have no inferred replacement
1825 series.xlsx,Clanwilliam 1824,G547,Clanwilliam,547,settler_women,,0.0,corrected_header_mapping,Original workbook header and cell; unresolved values have no inferred replacement
1825 series.xlsx,Clanwilliam 1824,G548,Clanwilliam,548,settler_women,,0.0,corrected_header_mapping,Original workbook header and cell; unresolved values have no inferred replacement
1825 series.xlsx,Clanwilliam 1824,G549,Clanwilliam,549,settler_women,,0.0,corrected_header_mapping,Original workbook header and cell; unresolved values have no inferred replacement
1825 series.xlsx,Clanwilliam 1824,G550,Clanwilliam,550,settler_women,1,1.0,corrected_header_mapping,Original workbook header and cell; unresolved values have no inferred replacement
1825 series.xlsx,Clanwilliam 1824,G551,Clanwilliam,551,settler_women,,0.0,corrected_header_mapping,Original workbook header and cell; unresolved values have no inferred replacement
1825 series.xlsx,Clanwilliam 1824,G552,Clanwilliam,552,settler_women,,0.0,corrected_header_mapping,Original workbook header and cell; unresolved values have no inferred replacement
1825 series.xlsx,Clanwilliam 1824,G553,Clanwilliam,553,settler_women,1,1.0,corrected_header_mapping,Original workbook header and cell; unresolved values have no inferred replacement
1825 series.xlsx,Clanwilliam 1824,G554,Clanwilliam,554,settler_women,1,1.0,corrected_header_mapping,Original workbook header and cell; unresolved values have no inferred replacement
1825 series.xlsx,Clanwilliam 1824,G555,Clanwilliam,555,settler_women,,0.0,corrected_header_mapping,Original workbook header and cell; unresolved values have no inferred replacement
1825 series.xlsx,Clanwilliam 1824,G556,Clanwilliam,556,settler_women,,0.0,corrected_header_mapping,Original workbook header and cell; unresolved values have no inferred replacement
1825 series.xlsx,Clanwilliam 1824,G557,Clanwilliam,557,settler_women,,0.0,corrected_header_mapping,Original workbook header and cell; unresolved values have no inferred replacement
1825 series.xlsx,Clanwilliam 1824,G558,Clanwilliam,558,settler_women,,0.0,corrected_header_mapping,Original workbook header and cell; unresolved values have no inferred replacement
1825 series.xlsx,Clanwilliam 1824,G559,Clanwilliam,559,settler_women,,0.0,corrected_header_mapping,Original workbook header and cell; unresolved values have no inferred replacement
1825 series.xlsx,Clanwilliam 1824,G560,Clanwilliam,560,settler_women,1,1.0,corrected_header_mapping,Original workbook header and cell; unresolved values have no inferred replacement
1825 series.xlsx,Clanwilliam 1824,G561,Clanwilliam,561,settler_women,1,1.0,corrected_header_mapping,Original workbook header and cell; unresolved values have no inferred replacement
1825 series.xlsx,Clanwilliam 1824,G562,Clanwilliam,562,settler_women,,0.0,corrected_header_mapping,Original workbook header and cell; unresolved values have no inferred replacement
1825 series.xlsx,Clanwilliam 1824,G563,Clanwilliam,563,settler_women,,0.0,corrected_header_mapping,Original workbook header and cell; unresolved values have no inferred replacement
1825 series.xlsx,Clanwilliam 1824,G564,Clanwilliam,564,settler_women,,0.0,corrected_header_mapping,Original workbook header and cell; unresolved values have no inferred replacement
1825 series.xlsx,Clanwilliam 1824,G565,Clanwilliam,565,settler_women,,0.0,corrected_header_mapping,Original workbook header and cell; unresolved values have no inferred replacement
1825 series.xlsx,Clanwilliam 1824,G566,Clanwilliam,566,settler_women,,0.0,corrected_header_mapping,Original workbook header and cell; unresolved values have no inferred replacement
1825 series.xlsx,Clanwilliam 1824,G567,Clanwilliam,567,settler_women,1,1.0,corrected_header_mapping,Original workbook header and cell; unresolved values have no inferred replacement
1825 series.xlsx,Clanwilliam 1824,G568,Clanwilliam,568,settler_women,,0.0,corrected_header_mapping,Original workbook header and cell; unresolved values have no inferred replacement
1825 series.xlsx,Clanwilliam 1824,G569,Clanwilliam,569,settler_women,1,1.0,corrected_header_mapping,Original workbook header and cell; unresolved values have no inferred replacement
1825 series.xlsx,Clanwilliam 1824,G570,Clanwilliam,570,settler_women,,0.0,corrected_header_mapping,Original workbook header and cell; unresolved values have no inferred replacement
1825 series.xlsx,Clanwilliam 1824,G571,Clanwilliam,571,settler_women,,0.0,corrected_header_mapping,Original workbook header and cell; unresolved values have no inferred replacement
1825 series.xlsx,Clanwilliam 1824,G572,Clanwilliam,572,settler_women,1,1.0,corrected_header_mapping,Original workbook header and cell; unresolved values have no inferred replacement
1825 series.xlsx,Clanwilliam 1824,G573,Clanwilliam,573,settler_women,1,1.0,corrected_header_mapping,Original workbook header and cell; unresolved values have no inferred replacement
1825 series.xlsx,Clanwilliam 1824,G574,Clanwilliam,574,settler_women,,0.0,corrected_header_mapping,Original workbook header and cell; unresolved values have no inferred replacement
1825 series.xlsx,Clanwilliam 1824,G575,Clanwilliam,575,settler_women,,0.0,corrected_header_mapping,Original workbook header and cell; unresolved values have no inferred replacement
1825 series.xlsx,Clanwilliam 1824,G576,Clanwilliam,576,settler_women,1,1.0,corrected_header_mapping,Original workbook header and cell; unresolved values have no inferred replacement
1825 series.xlsx,Clanwilliam 1824,G577,Clanwilliam,577,settler_women,,0.0,corrected_header_mapping,Original workbook header and cell; unresolved values have no inferred replacement
1825 series.xlsx,Clanwilliam 1824,G578,Clanwilliam,578,settler_women,,0.0,corrected_header_mapping,Original workbook header and cell; unresolved values have no inferred replacement
1825 series.xlsx,Clanwilliam 1824,G579,Clanwilliam,579,settler_women,,0.0,corrected_header_mapping,Original workbook header and cell; unresolved values have no inferred replacement
1825 series.xlsx,Clanwilliam 1824,G580,Clanwilliam,580,settler_women,,0.0,corrected_header_mapping,Original workbook header and cell; unresolved values have no inferred replacement
1825 series.xlsx,Clanwilliam 1824,G581,Clanwilliam,581,settler_women,,0.0,corrected_header_mapping,Original workbook header and cell; unresolved values have no inferred replacement
1825 series.xlsx,Clanwilliam 1824,G582,Clanwilliam,582,settler_women,1,1.0,corrected_header_mapping,Original workbook header and cell; unresolved values have no inferred replacement
1825 series.xlsx,Clanwilliam 1824,G583,Clanwilliam,583,settler_women,,0.0,corrected_header_mapping,Original workbook header and cell; unresolved values have no inferred replacement
1825 series.xlsx,Clanwilliam 1824,G584,Clanwilliam,584,settler_women,,0.0,corrected_header_mapping,Original workbook header and cell; unresolved values have no inferred replacement
1825 series.xlsx,Clanwilliam 1824,G585,Clanwilliam,585,settler_women,,0.0,corrected_header_mapping,Original workbook header and cell; unresolved values have no inferred replacement
1825 series.xlsx,Clanwilliam 1824,G586,Clanwilliam,586,settler_women,,0.0,corrected_header_mapping,Original workbook header and cell; unresolved values have no inferred replacement
1825 series.xlsx,Clanwilliam 1824,G587,Clanwilliam,587,settler_women,,0.0,corrected_header_mapping,Original workbook header and cell; unresolved values have no inferred replacement
1825 series.xlsx,Clanwilliam 1824,G588,Clanwilliam,588,settler_women,,0.0,corrected_header_mapping,Original workbook header and cell; unresolved values have no inferred replacement
1825 series.xlsx,Clanwilliam 1824,G589,Clanwilliam,589,settler_women,1,1.0,corrected_header_mapping,Original workbook header and cell; unresolved values have no inferred replacement
1825 series.xlsx,Clanwilliam 1824,G590,Clanwilliam,590,settler_women,,0.0,corrected_header_mapping,Original workbook header and cell; unresolved values have no inferred replacement
1825 series.xlsx,Clanwilliam 1824,G591,Clanwilliam,591,settler_women,1,1.0,corrected_header_mapping,Original workbook header and cell; unresolved values have no inferred replacement
1825 series.xlsx,Clanwilliam 1824,G592,Clanwilliam,592,settler_women,1,1.0,corrected_header_mapping,Original workbook header and cell; unresolved values have no inferred replacement
1825 series.xlsx,Clanwilliam 1824,G593,Clanwilliam,593,settler_women,1,1.0,corrected_header_mapping,Original workbook header and cell; unresolved values have no inferred replacement
1825 series.xlsx,Clanwilliam 1824,G594,Clanwilliam,594,settler_women,1,1.0,corrected_header_mapping,Original workbook header and cell; unresolved values have no inferred replacement
1825 series.xlsx,Clanwilliam 1824,G595,Clanwilliam,595,settler_women,1,1.0,corrected_header_mapping,Original workbook header and cell; unresolved values have no inferred replacement
1825 series.xlsx,Clanwilliam 1824,G596,Clanwilliam,596,settler_women,1,1.0,corrected_header_mapping,Original workbook header and cell; unresolved values have no inferred replacement
1825 series.xlsx,Clanwilliam 1824,G597,Clanwilliam,597,settler_women,,0.0,corrected_header_mapping,Original workbook header and cell; unresolved values have no inferred replacement
1825 series.xlsx,Clanwilliam 1824,G598,Clanwilliam,598,settler_women,,0.0,corrected_header_mapping,Original workbook header and cell; unresolved values have no inferred replacement
1825 series.xlsx,Clanwilliam 1824,G599,Clanwilliam,599,settler_women,,0.0,corrected_header_mapping,Original workbook header and cell; unresolved values have no inferred replacement
1825 series.xlsx,Clanwilliam 1824,G600,Clanwilliam,600,settler_women,1,1.0,corrected_header_mapping,Original workbook header and cell; unresolved values have no inferred replacement
1825 series.xlsx,Clanwilliam 1824,G601,Clanwilliam,601,settler_women,,0.0,corrected_header_mapping,Original workbook header and cell; unresolved values have no inferred replacement
1825 series.xlsx,Clanwilliam 1824,G602,Clanwilliam,602,settler_women,,0.0,corrected_header_mapping,Original workbook header and cell; unresolved values have no inferred replacement
1825 series.xlsx,Clanwilliam 1824,G603,Clanwilliam,603,settler_women,,0.0,corrected_header_mapping,Original workbook header and cell; unresolved values have no inferred replacement
1825 series.xlsx,Clanwilliam 1824,G604,Clanwilliam,604,settler_women,,0.0,corrected_header_mapping,Original workbook header and cell; unresolved values have no inferred replacement
1825 series.xlsx,Clanwilliam 1824,G605,Clanwilliam,605,settler_women,,0.0,corrected_header_mapping,Original workbook header and cell; unresolved values have no inferred replacement
1825 series.xlsx,Clanwilliam 1824,G606,Clanwilliam,606,settler_women,,0.0,corrected_header_mapping,Original workbook header and cell; unresolved values have no inferred replacement
1825 series.xlsx,Clanwilliam 1824,G607,Clanwilliam,607,settler_women,,0.0,corrected_header_mapping,Original workbook header and cell; unresolved values have no inferred replacement
1825 series.xlsx,Clanwilliam 1824,G608,Clanwilliam,608,settler_women,,0.0,corrected_header_mapping,Original workbook header and cell; unresolved values have no inferred replacement
1825 series.xlsx,Clanwilliam 1824,G609,Clanwilliam,609,settler_women,1,1.0,corrected_header_mapping,Original workbook header and cell; unresolved values have no inferred replacement
1825 series.xlsx,Clanwilliam 1824,G610,Clanwilliam,610,settler_women,1,1.0,corrected_header_mapping,Original workbook header and cell; unresolved values have no inferred replacement
1825 series.xlsx,Clanwilliam 1824,G611,Clanwilliam,611,settler_women,,0.0,corrected_header_mapping,Original workbook header and cell; unresolved values have no inferred replacement
1825 series.xlsx,Clanwilliam 1824,G612,Clanwilliam,612,settler_women,1,1.0,corrected_header_mapping,Original workbook header and cell; unresolved values have no inferred replacement
1825 series.xlsx,Clanwilliam 1824,G613,Clanwilliam,613,settler_women,1,1.0,corrected_header_mapping,Original workbook header and cell; unresolved values have no inferred replacement
1825 series.xlsx,Clanwilliam 1824,G614,Clanwilliam,614,settler_women,1,1.0,corrected_header_mapping,Original workbook header and cell; unresolved values have no inferred replacement
1825 series.xlsx,Clanwilliam 1824,G615,Clanwilliam,615,settler_women,1,1.0,corrected_header_mapping,Original workbook header and cell; unresolved values have no inferred replacement
1825 series.xlsx,Clanwilliam 1824,G616,Clanwilliam,616,settler_women,,0.0,corrected_header_mapping,Original workbook header and cell; unresolved values have no inferred replacement
1825 series.xlsx,Clanwilliam 1824,G617,Clanwilliam,617,settler_women,1,1.0,corrected_header_mapping,Original workbook header and cell; unresolved values have no inferred replacement
1825 series.xlsx,Clanwilliam 1824,G618,Clanwilliam,618,settler_women,1,1.0,corrected_header_mapping,Original workbook header and cell; unresolved values have no inferred replacement
1825 series.xlsx,Clanwilliam 1824,G619,Clanwilliam,619,settler_women,1,1.0,corrected_header_mapping,Original workbook header and cell; unresolved values have no inferred replacement
1825 series.xlsx,Clanwilliam 1824,G620,Clanwilliam,620,settler_women,1,1.0,corrected_header_mapping,Original workbook header and cell; unresolved values have no inferred replacement
1825 series.xlsx,Clanwilliam 1824,G621,Clanwilliam,621,settler_women,1,1.0,corrected_header_mapping,Original workbook header and cell; unresolved values have no inferred replacement
1825 series.xlsx,Clanwilliam 1824,G622,Clanwilliam,622,settler_women,1,1.0,corrected_header_mapping,Original workbook header and cell; unresolved values have no inferred replacement
1825 series.xlsx,Clanwilliam 1824,G623,Clanwilliam,623,settler_women,1,1.0,corrected_header_mapping,Original workbook header and cell; unresolved values have no inferred replacement
1825 series.xlsx,Clanwilliam 1824,G624,Clanwilliam,624,settler_women,1,1.0,corrected_header_mapping,Original workbook header and cell; unresolved values have no inferred replacement
1825 series.xlsx,Clanwilliam 1824,G625,Clanwilliam,625,settler_women,1,1.0,corrected_header_mapping,Original workbook header and cell; unresolved values have no inferred replacement
1825 series.xlsx,Clanwilliam 1824,G626,Clanwilliam,626,settler_women,1,1.0,corrected_header_mapping,Original workbook header and cell; unresolved values have no inferred replacement
1825 series.xlsx,Clanwilliam 1824,G627,Clanwilliam,627,settler_women,,0.0,corrected_header_mapping,Original workbook header and cell; unresolved values have no inferred replacement
1825 series.xlsx,Clanwilliam 1824,G628,Clanwilliam,628,settler_women,,0.0,corrected_header_mapping,Original workbook header and cell; unresolved values have no inferred replacement
1825 series.xlsx,Clanwilliam 1824,G629,Clanwilliam,629,settler_women,,0.0,corrected_header_mapping,Original workbook header and cell; unresolved values have no inferred replacement
1825 series.xlsx,Clanwilliam 1824,G630,Clanwilliam,630,settler_women,,0.0,corrected_header_mapping,Original workbook header and cell; unresolved values have no inferred replacement
1825 series.xlsx,Clanwilliam 1824,G631,Clanwilliam,631,settler_women,,0.0,corrected_header_mapping,Original workbook header and cell; unresolved values have no inferred replacement
1825 series.xlsx,Clanwilliam 1824,G632,Clanwilliam,632,settler_women,1,1.0,corrected_header_mapping,Original workbook header and cell; unresolved values have no inferred replacement
1825 series.xlsx,Clanwilliam 1824,G633,Clanwilliam,633,settler_women,1,1.0,corrected_header_mapping,Original workbook header and cell; unresolved values have no inferred replacement
1825 series.xlsx,Clanwilliam 1824,G634,Clanwilliam,634,settler_women,1,1.0,corrected_header_mapping,Original workbook header and cell; unresolved values have no inferred replacement
1825 series.xlsx,Clanwilliam 1824,G635,Clanwilliam,635,settler_women,,0.0,corrected_header_mapping,Original workbook header and cell; unresolved values have no inferred replacement
1825 series.xlsx,Clanwilliam 1824,G636,Clanwilliam,636,settler_women,1,1.0,corrected_header_mapping,Original workbook header and cell; unresolved values have no inferred replacement
1825 series.xlsx,Clanwilliam 1824,G637,Clanwilliam,637,settler_women,,0.0,corrected_header_mapping,Original workbook header and cell; unresolved values have no inferred replacement
1825 series.xlsx,Clanwilliam 1824,G638,Clanwilliam,638,settler_women,,0.0,corrected_header_mapping,Original workbook header and cell; unresolved values have no inferred replacement
1825 series.xlsx,Clanwilliam 1824,G639,Clanwilliam,639,settler_women,,0.0,corrected_header_mapping,Original workbook header and cell; unresolved values have no inferred replacement
1825 series.xlsx,Clanwilliam 1824,G640,Clanwilliam,640,settler_women,,0.0,corrected_header_mapping,Original workbook header and cell; unresolved values have no inferred replacement
1825 series.xlsx,Clanwilliam 1824,G641,Clanwilliam,641,settler_women,,0.0,corrected_header_mapping,Original workbook header and cell; unresolved values have no inferred replacement
1825 series.xlsx,Clanwilliam 1824,G642,Clanwilliam,642,settler_women,,0.0,corrected_header_mapping,Original workbook header and cell; unresolved values have no inferred replacement
1825 series.xlsx,Clanwilliam 1824,G643,Clanwilliam,643,settler_women,,0.0,corrected_header_mapping,Original workbook header and cell; unresolved values have no inferred replacement
1825 series.xlsx,Clanwilliam 1824,G644,Clanwilliam,644,settler_women,1,1.0,corrected_header_mapping,Original workbook header and cell; unresolved values have no inferred replacement
1825 series.xlsx,Clanwilliam 1824,G645,Clanwilliam,645,settler_women,1,1.0,corrected_header_mapping,Original workbook header and cell; unresolved values have no inferred replacement
1825 series.xlsx,Clanwilliam 1824,G646,Clanwilliam,646,settler_women,1,1.0,corrected_header_mapping,Original workbook header and cell; unresolved values have no inferred replacement
1825 series.xlsx,Clanwilliam 1824,G647,Clanwilliam,647,settler_women,,0.0,corrected_header_mapping,Original workbook header and cell; unresolved values have no inferred replacement
1825 series.xlsx,Clanwilliam 1824,G648,Clanwilliam,648,settler_women,,0.0,corrected_header_mapping,Original workbook header and cell; unresolved values have no inferred replacement
1825 series.xlsx,Clanwilliam 1824,G649,Clanwilliam,649,settler_women,1,1.0,corrected_header_mapping,Original workbook header and cell; unresolved values have no inferred replacement
1825 series.xlsx,Clanwilliam 1824,G650,Clanwilliam,650,settler_women,,0.0,corrected_header_mapping,Original workbook header and cell; unresolved values have no inferred replacement
1825 series.xlsx,Clanwilliam 1824,G651,Clanwilliam,651,settler_women,,0.0,corrected_header_mapping,Original workbook header and cell; unresolved values have no inferred replacement
1825 series.xlsx,Clanwilliam 1824,G652,Clanwilliam,652,settler_women,,0.0,corrected_header_mapping,Original workbook header and cell; unresolved values have no inferred replacement
1825 series.xlsx,Clanwilliam 1824,G653,Clanwilliam,653,settler_women,,0.0,corrected_header_mapping,Original workbook header and cell; unresolved values have no inferred replacement
1825 series.xlsx,Clanwilliam 1824,G654,Clanwilliam,654,settler_women,1,1.0,corrected_header_mapping,Original workbook header and cell; unresolved values have no inferred replacement
1825 series.xlsx,Clanwilliam 1824,G655,Clanwilliam,655,settler_women,,0.0,corrected_header_mapping,Original workbook header and cell; unresolved values have no inferred replacement
1825 series.xlsx,Clanwilliam 1824,G656,Clanwilliam,656,settler_women,,0.0,corrected_header_mapping,Original workbook header and cell; unresolved values have no inferred replacement
1825 series.xlsx,Clanwilliam 1824,G657,Clanwilliam,657,settler_women,,0.0,corrected_header_mapping,Original workbook header and cell; unresolved values have no inferred replacement
1825 series.xlsx,Clanwilliam 1824,G658,Clanwilliam,658,settler_women,,0.0,corrected_header_mapping,Original workbook header and cell; unresolved values have no inferred replacement
1825 series.xlsx,Clanwilliam 1824,G659,Clanwilliam,659,settler_women,,0.0,corrected_header_mapping,Original workbook header and cell; unresolved values have no inferred replacement
1825 series.xlsx,Clanwilliam 1824,G660,Clanwilliam,660,settler_women,,0.0,corrected_header_mapping,Original workbook header and cell; unresolved values have no inferred replacement
1825 series.xlsx,Clanwilliam 1824,G661,Clanwilliam,661,settler_women,1,1.0,corrected_header_mapping,Original workbook header and cell; unresolved values have no inferred replacement
1825 series.xlsx,Clanwilliam 1824,G662,Clanwilliam,662,settler_women,,0.0,corrected_header_mapping,Original workbook header and cell; unresolved values have no inferred replacement
1825 series.xlsx,Clanwilliam 1824,G663,Clanwilliam,663,settler_women,,0.0,corrected_header_mapping,Original workbook header and cell; unresolved values have no inferred replacement
1825 series.xlsx,Clanwilliam 1824,G664,Clanwilliam,664,settler_women,1,1.0,corrected_header_mapping,Original workbook header and cell; unresolved values have no inferred replacement
1825 series.xlsx,Clanwilliam 1824,G665,Clanwilliam,665,settler_women,,0.0,corrected_header_mapping,Original workbook header and cell; unresolved values have no inferred replacement
1825 series.xlsx,Clanwilliam 1824,G666,Clanwilliam,666,settler_women,,0.0,corrected_header_mapping,Original workbook header and cell; unresolved values have no inferred replacement
1825 series.xlsx,Clanwilliam 1824,G667,Clanwilliam,667,settler_women,,0.0,corrected_header_mapping,Original workbook header and cell; unresolved values have no inferred replacement
1825 series.xlsx,Clanwilliam 1824,G668,Clanwilliam,668,settler_women,1,1.0,corrected_header_mapping,Original workbook header and cell; unresolved values have no inferred replacement
1825 series.xlsx,Clanwilliam 1824,G669,Clanwilliam,669,settler_women,,0.0,corrected_header_mapping,Original workbook header and cell; unresolved values have no inferred replacement
1825 series.xlsx,Clanwilliam 1824,G670,Clanwilliam,670,settler_women,,0.0,corrected_header_mapping,Original workbook header and cell; unresolved values have no inferred replacement
1825 series.xlsx,Clanwilliam 1824,G671,Clanwilliam,671,settler_women,,0.0,corrected_header_mapping,Original workbook header and cell; unresolved values have no inferred replacement
1825 series.xlsx,Clanwilliam 1824,G672,Clanwilliam,672,settler_women,,0.0,corrected_header_mapping,Original workbook header and cell; unresolved values have no inferred replacement
1825 series.xlsx,Clanwilliam 1824,G673,Clanwilliam,673,settler_women,,0.0,corrected_header_mapping,Original workbook header and cell; unresolved values have no inferred replacement
1825 series.xlsx,Clanwilliam 1824,G674,Clanwilliam,674,settler_women,,0.0,corrected_header_mapping,Original workbook header and cell; unresolved values have no inferred replacement
1825 series.xlsx,Clanwilliam 1824,G675,Clanwilliam,675,settler_women,,0.0,corrected_header_mapping,Original workbook header and cell; unresolved values have no inferred replacement
1825 series.xlsx,Cape district 1825,AJ20,Cape,20,barley_sown,2½,2.5,unambiguous_fraction,Original workbook header and cell; unresolved values have no inferred replacement
1825 series.xlsx,Cape district 1825,AK20,Cape,20,rye_sown,2½,2.5,unambiguous_fraction,Original workbook header and cell; unresolved values have no inferred replacement
1825 series.xlsx,Cape district 1825,AK27,Cape,27,rye_sown,¾,0.75,unambiguous_fraction,Original workbook header and cell; unresolved values have no inferred replacement
1825 series.xlsx,Cape district 1825,AT27,Cape,27,brandy,⅛,0.125,unambiguous_fraction,Original workbook header and cell; unresolved values have no inferred replacement
1825 series.xlsx,Cape district 1825,AJ36,Cape,36,barley_sown,3½,3.5,unambiguous_fraction,Original workbook header and cell; unresolved values have no inferred replacement
1825 series.xlsx,Cape district 1825,AK117,Cape,117,rye_sown,1½,1.5,unambiguous_fraction,Original workbook header and cell; unresolved values have no inferred replacement
1825 series.xlsx,Cape district 1825,AK126,Cape,126,rye_sown,½,0.5,unambiguous_fraction,Original workbook header and cell; unresolved values have no inferred replacement
1825 series.xlsx,Cape district 1825,AK142,Cape,142,rye_sown,1½,1.5,unambiguous_fraction,Original workbook header and cell; unresolved values have no inferred replacement
1825 series.xlsx,Cape district 1825,AK146,Cape,146,rye_sown,3½,3.5,unambiguous_fraction,Original workbook header and cell; unresolved values have no inferred replacement
1825 series.xlsx,Cape district 1825,AJ169,Cape,169,barley_sown,3½,3.5,unambiguous_fraction,Original workbook header and cell; unresolved values have no inferred replacement
1825 series.xlsx,Cape district 1825,AK172,Cape,172,rye_sown,1½,1.5,unambiguous_fraction,Original workbook header and cell; unresolved values have no inferred replacement
1825 series.xlsx,Cape district 1825,AJ208,Cape,208,barley_sown,2¼,2.25,unambiguous_fraction,Original workbook header and cell; unresolved values have no inferred replacement
1825 series.xlsx,Cape district 1825,AJ220,Cape,220,barley_sown,4½,4.5,unambiguous_fraction,Original workbook header and cell; unresolved values have no inferred replacement
1825 series.xlsx,Cape district 1825,AI234,Cape,234,wheat_sown,1½,1.5,unambiguous_fraction,Original workbook header and cell; unresolved values have no inferred replacement
1825 series.xlsx,Cape district 1825,AS271,Cape,271,wine,30000,,unresolved_source_anomaly,Original workbook header and cell; unresolved values have no inferred replacement
1825 series.xlsx,Cape district 1825,AK273,Cape,273,rye_sown,½,0.5,unambiguous_fraction,Original workbook header and cell; unresolved values have no inferred replacement
1825 series.xlsx,Cape district 1825,AJ302,Cape,302,barley_sown,3½,3.5,unambiguous_fraction,Original workbook header and cell; unresolved values have no inferred replacement
1825 series.xlsx,Cape district 1825,AI305,Cape,305,wheat_sown,8½,8.5,unambiguous_fraction,Original workbook header and cell; unresolved values have no inferred replacement
1825 series.xlsx,Cape district 1825,AJ305,Cape,305,barley_sown,¾,0.75,unambiguous_fraction,Original workbook header and cell; unresolved values have no inferred replacement
1825 series.xlsx,Cape district 1825,AT305,Cape,305,brandy,¼,0.25,unambiguous_fraction,Original workbook header and cell; unresolved values have no inferred replacement
1825 series.xlsx,Cape district 1825,AJ318,Cape,318,barley_sown,3½,3.5,unambiguous_fraction,Original workbook header and cell; unresolved values have no inferred replacement
1825 series.xlsx,Cape district 1825,AK318,Cape,318,rye_sown,3½,3.5,unambiguous_fraction,Original workbook header and cell; unresolved values have no inferred replacement
1825 series.xlsx,Cape district 1825,AT318,Cape,318,brandy,½,0.5,unambiguous_fraction,Original workbook header and cell; unresolved values have no inferred replacement
1825 series.xlsx,Cape district 1825,AJ325,Cape,325,barley_sown,4½,4.5,unambiguous_fraction,Original workbook header and cell; unresolved values have no inferred replacement
1825 series.xlsx,Cape district 1825,AK325,Cape,325,rye_sown,3½,3.5,unambiguous_fraction,Original workbook header and cell; unresolved values have no inferred replacement
1825 series.xlsx,Cape district 1825,AT325,Cape,325,brandy,½,0.5,unambiguous_fraction,Original workbook header and cell; unresolved values have no inferred replacement
1825 series.xlsx,Cape district 1825,AI342,Cape,342,wheat_sown,2½,2.5,unambiguous_fraction,Original workbook header and cell; unresolved values have no inferred replacement
1825 series.xlsx,Cape district 1825,AT352,Cape,352,brandy,½,0.5,unambiguous_fraction,Original workbook header and cell; unresolved values have no inferred replacement
1825 series.xlsx,Cape district 1825,AJ437,Cape,437,barley_sown,½,0.5,unambiguous_fraction,Original workbook header and cell; unresolved values have no inferred replacement
1825 series.xlsx,Cape district 1825,AK437,Cape,437,rye_sown,1½,1.5,unambiguous_fraction,Original workbook header and cell; unresolved values have no inferred replacement
1825 series.xlsx,Cape district 1825,AI564,Cape,564,wheat_sown,1¾,1.75,unambiguous_fraction,Original workbook header and cell; unresolved values have no inferred replacement
1825 series.xlsx,Cape district 1825,AT577,Cape,577,brandy,1½,1.5,unambiguous_fraction,Original workbook header and cell; unresolved values have no inferred replacement
1825 series.xlsx,Cape district 1825,AT593,Cape,593,brandy,¼,0.25,unambiguous_fraction,Original workbook header and cell; unresolved values have no inferred replacement
1825 series.xlsx,Cape district 1825,AL603,Cape,603,oats_sown,11½,11.5,unambiguous_fraction,Original workbook header and cell; unresolved values have no inferred replacement
1825 series.xlsx,Cape district 1825,AK603,Cape,603,rye_sown,4¼,4.25,unambiguous_fraction,Original workbook header and cell; unresolved values have no inferred replacement
1825 series.xlsx,Cape district 1825,AM603,Cape,603,wheat_reaped,3½,3.5,unambiguous_fraction,Original workbook header and cell; unresolved values have no inferred replacement
1825 series.xlsx,Cape district 1825,AS603,Cape,603,wine,5½,5.5,unambiguous_fraction,Original workbook header and cell; unresolved values have no inferred replacement
1825 series.xlsx,Cape district 1825,AJ661,Cape,661,barley_sown,½,0.5,unambiguous_fraction,Original workbook header and cell; unresolved values have no inferred replacement
1825 series.xlsx,Cape district 1825,AK674,Cape,674,rye_sown,¾,0.75,unambiguous_fraction,Original workbook header and cell; unresolved values have no inferred replacement
1825 series.xlsx,Cape district 1825,AO674,Cape,674,rye_reaped,5½,5.5,unambiguous_fraction,Original workbook header and cell; unresolved values have no inferred replacement
1825 series.xlsx,Cape district 1825,AL678,Cape,678,oats_sown,1½,1.5,unambiguous_fraction,Original workbook header and cell; unresolved values have no inferred replacement
1825 series.xlsx,Cape district 1825,AI683,Cape,683,wheat_sown,5½,5.5,unambiguous_fraction,Original workbook header and cell; unresolved values have no inferred replacement
1825 series.xlsx,Cape district 1825,AL683,Cape,683,oats_sown,69½,69.5,unambiguous_fraction,Original workbook header and cell; unresolved values have no inferred replacement
1825 series.xlsx,Cape district 1825,AI695,Cape,695,wheat_sown,49½,49.5,unambiguous_fraction,Original workbook header and cell; unresolved values have no inferred replacement
1825 series.xlsx,Cape district 1825,AL695,Cape,695,oats_sown,68½,68.5,unambiguous_fraction,Original workbook header and cell; unresolved values have no inferred replacement
1825 series.xlsx,Cape district 1825,AK699,Cape,699,rye_sown,4½,4.5,unambiguous_fraction,Original workbook header and cell; unresolved values have no inferred replacement
1825 series.xlsx,Cape district 1825,AO703,Cape,703,rye_reaped,14¼,14.25,unambiguous_fraction,Original workbook header and cell; unresolved values have no inferred replacement
1825 series.xlsx,Cape district 1825,AI744,Cape,744,wheat_sown,⅛,0.125,unambiguous_fraction,Original workbook header and cell; unresolved values have no inferred replacement
1825 series.xlsx,Cape district 1825,AI796,Cape,796,wheat_sown,⅜,0.375,unambiguous_fraction,Original workbook header and cell; unresolved values have no inferred replacement
1825 series.xlsx,Cape district 1825,AJ830,Cape,830,barley_sown,1¼,1.25,unambiguous_fraction,Original workbook header and cell; unresolved values have no inferred replacement
1825 series.xlsx,Cape district 1825,AI832,Cape,832,wheat_sown,4¾,4.75,unambiguous_fraction,Original workbook header and cell; unresolved values have no inferred replacement
1825 series.xlsx,Cape district 1825,AL832,Cape,832,oats_sown,¼,0.25,unambiguous_fraction,Original workbook header and cell; unresolved values have no inferred replacement
1825 series.xlsx,Cape district 1825,AI838,Cape,838,wheat_sown,2½,2.5,unambiguous_fraction,Original workbook header and cell; unresolved values have no inferred replacement
1825 series.xlsx,Cape district 1825,AJ838,Cape,838,barley_sown,1¼,1.25,unambiguous_fraction,Original workbook header and cell; unresolved values have no inferred replacement
1825 series.xlsx,Cape district 1825,AI839,Cape,839,wheat_sown,1½,1.5,unambiguous_fraction,Original workbook header and cell; unresolved values have no inferred replacement
1825 series.xlsx,Cape district 1825,AI844,Cape,844,wheat_sown,2½,2.5,unambiguous_fraction,Original workbook header and cell; unresolved values have no inferred replacement
1825 series.xlsx,Cape district 1825,AI853,Cape,853,wheat_sown,1¼,1.25,unambiguous_fraction,Original workbook header and cell; unresolved values have no inferred replacement
1825 series.xlsx,Cape district 1825,AI855,Cape,855,wheat_sown,3¾,3.75,unambiguous_fraction,Original workbook header and cell; unresolved values have no inferred replacement
1825 series.xlsx,Cape district 1825,AJ855,Cape,855,barley_sown,2½,2.5,unambiguous_fraction,Original workbook header and cell; unresolved values have no inferred replacement
1825 series.xlsx,Cape district 1825,AI858,Cape,858,wheat_sown,1¾,1.75,unambiguous_fraction,Original workbook header and cell; unresolved values have no inferred replacement
1825 series.xlsx,Cape district 1825,AJ858,Cape,858,barley_sown,1¼,1.25,unambiguous_fraction,Original workbook header and cell; unresolved values have no inferred replacement
1825 series.xlsx,Cape district 1825,AI859,Cape,859,wheat_sown,3½,3.5,unambiguous_fraction,Original workbook header and cell; unresolved values have no inferred replacement
1825 series.xlsx,Cape district 1825,AJ859,Cape,859,barley_sown,1¼,1.25,unambiguous_fraction,Original workbook header and cell; unresolved values have no inferred replacement
1825 series.xlsx,Cape district 1825,AI867,Cape,867,wheat_sown,1¾,1.75,unambiguous_fraction,Original workbook header and cell; unresolved values have no inferred replacement
1825 series.xlsx,Cape district 1825,AJ867,Cape,867,barley_sown,⅛,0.125,unambiguous_fraction,Original workbook header and cell; unresolved values have no inferred replacement
1825 series.xlsx,Cape district 1825,AI873,Cape,873,wheat_sown,2¼,2.25,unambiguous_fraction,Original workbook header and cell; unresolved values have no inferred replacement
1825 series.xlsx,Cape district 1825,AL873,Cape,873,oats_sown,1¾,1.75,unambiguous_fraction,Original workbook header and cell; unresolved values have no inferred replacement
1825 series.xlsx,Cape district 1825,AL875,Cape,875,oats_sown,1¼,1.25,unambiguous_fraction,Original workbook header and cell; unresolved values have no inferred replacement
1825 series.xlsx,Cape district 1825,AK875,Cape,875,rye_sown,¼,0.25,unambiguous_fraction,Original workbook header and cell; unresolved values have no inferred replacement
1825 series.xlsx,Cape district 1825,AO875,Cape,875,rye_reaped,¾,0.75,unambiguous_fraction,Original workbook header and cell; unresolved values have no inferred replacement
1825 series.xlsx,Cape district 1825,AI878,Cape,878,wheat_sown,2¼,2.25,unambiguous_fraction,Original workbook header and cell; unresolved values have no inferred replacement
1825 series.xlsx,Cape district 1825,AJ878,Cape,878,barley_sown,1½,1.5,unambiguous_fraction,Original workbook header and cell; unresolved values have no inferred replacement
1825 series.xlsx,Cape district 1825,AJ880,Cape,880,barley_sown,1½,1.5,unambiguous_fraction,Original workbook header and cell; unresolved values have no inferred replacement
1825 series.xlsx,Cape district 1825,AI886,Cape,886,wheat_sown,2¼,2.25,unambiguous_fraction,Original workbook header and cell; unresolved values have no inferred replacement
1825 series.xlsx,Cape district 1825,AL886,Cape,886,oats_sown,1¾,1.75,unambiguous_fraction,Original workbook header and cell; unresolved values have no inferred replacement
1825 series.xlsx,Cape district 1825,AI892,Cape,892,wheat_sown,1¼,1.25,unambiguous_fraction,Original workbook header and cell; unresolved values have no inferred replacement
1825 series.xlsx,Cape district 1825,AI896,Cape,896,wheat_sown,1¼,1.25,unambiguous_fraction,Original workbook header and cell; unresolved values have no inferred replacement
1825 series.xlsx,Cape district 1825,AI905,Cape,905,wheat_sown,1¾,1.75,unambiguous_fraction,Original workbook header and cell; unresolved values have no inferred replacement
1825 series.xlsx,Cape district 1825,AI913,Cape,913,wheat_sown,1¼,1.25,unambiguous_fraction,Original workbook header and cell; unresolved values have no inferred replacement
1825 series.xlsx,Cape district 1825,AJ913,Cape,913,barley_sown,½,0.5,unambiguous_fraction,Original workbook header and cell; unresolved values have no inferred replacement
1825 series.xlsx,Cape district 1825,AI915,Cape,915,wheat_sown,1¼,1.25,unambiguous_fraction,Original workbook header and cell; unresolved values have no inferred replacement
1825 series.xlsx,Cape district 1825,AI920,Cape,920,wheat_sown,¼,0.25,unambiguous_fraction,Original workbook header and cell; unresolved values have no inferred replacement
1825 series.xlsx,Cape district 1825,AI922,Cape,922,wheat_sown,1¼,1.25,unambiguous_fraction,Original workbook header and cell; unresolved values have no inferred replacement
1825 series.xlsx,Cape district 1825,AI923,Cape,923,wheat_sown,2¾,2.75,unambiguous_fraction,Original workbook header and cell; unresolved values have no inferred replacement
1825 series.xlsx,Cape district 1825,AJ923,Cape,923,barley_sown,¾,0.75,unambiguous_fraction,Original workbook header and cell; unresolved values have no inferred replacement
1825 series.xlsx,Cape district 1825,AL923,Cape,923,oats_sown,1¼,1.25,unambiguous_fraction,Original workbook header and cell; unresolved values have no inferred replacement
1825 series.xlsx,Cape district 1825,AK985,Cape,985,rye_sown,½,0.5,unambiguous_fraction,Original workbook header and cell; unresolved values have no inferred replacement
1825 series.xlsx,Cape district 1825,AI986,Cape,986,wheat_sown,21¼,21.25,unambiguous_fraction,Original workbook header and cell; unresolved values have no inferred replacement
1825 series.xlsx,Cape district 1825,AJ991,Cape,991,barley_sown,6½,6.5,unambiguous_fraction,Original workbook header and cell; unresolved values have no inferred replacement
1825 series.xlsx,Cape district 1825,AL991,Cape,991,oats_sown,2½,2.5,unambiguous_fraction,Original workbook header and cell; unresolved values have no inferred replacement
1825 series.xlsx,Cape district 1825,AI1000,Cape,1000,wheat_sown,13½,13.5,unambiguous_fraction,Original workbook header and cell; unresolved values have no inferred replacement
1825 series.xlsx,Cape district 1825,AK1000,Cape,1000,rye_sown,½,0.5,unambiguous_fraction,Original workbook header and cell; unresolved values have no inferred replacement
1825 series.xlsx,Cape district 1825,AI1004,Cape,1004,wheat_sown,2½,2.5,unambiguous_fraction,Original workbook header and cell; unresolved values have no inferred replacement
1825 series.xlsx,Cape district 1825,AK1004,Cape,1004,rye_sown,½,0.5,unambiguous_fraction,Original workbook header and cell; unresolved values have no inferred replacement
1825 series.xlsx,Cape district 1825,AI1015,Cape,1015,wheat_sown,14½,14.5,unambiguous_fraction,Original workbook header and cell; unresolved values have no inferred replacement
1825 series.xlsx,Cape district 1825,AI1030,Cape,1030,wheat_sown,9½,9.5,unambiguous_fraction,Original workbook header and cell; unresolved values have no inferred replacement
1825 series.xlsx,Cape district 1825,AL1030,Cape,1030,oats_sown,5½,5.5,unambiguous_fraction,Original workbook header and cell; unresolved values have no inferred replacement
1825 series.xlsx,Cape district 1825,AK1053,Cape,1053,rye_sown,½,0.5,unambiguous_fraction,Original workbook header and cell; unresolved values have no inferred replacement
1825 series.xlsx,Cape district 1825,AM1067,Cape,1067,wheat_reaped,100½,100.5,unambiguous_fraction,Original workbook header and cell; unresolved values have no inferred replacement
1825 series.xlsx,Cape district 1825,AJ1122,Cape,1122,barley_sown,½,0.5,unambiguous_fraction,Original workbook header and cell; unresolved values have no inferred replacement
1825 series.xlsx,Cape district 1825,AK1127,Cape,1127,rye_sown,½,0.5,unambiguous_fraction,Original workbook header and cell; unresolved values have no inferred replacement
1825 series.xlsx,Cape district 1825,AI1139,Cape,1139,wheat_sown,29¼,29.25,unambiguous_fraction,Original workbook header and cell; unresolved values have no inferred replacement
1825 series.xlsx,Cape district 1825,AJ1139,Cape,1139,barley_sown,2½,2.5,unambiguous_fraction,Original workbook header and cell; unresolved values have no inferred replacement
1825 series.xlsx,Cape district 1825,AK1145,Cape,1145,rye_sown,½,0.5,unambiguous_fraction,Original workbook header and cell; unresolved values have no inferred replacement
1825 series.xlsx,Cape district 1825,AI1180,Cape,1180,wheat_sown,4¾,4.75,unambiguous_fraction,Original workbook header and cell; unresolved values have no inferred replacement
1825 series.xlsx,Cape district 1825,AJ1180,Cape,1180,barley_sown,1¾,1.75,unambiguous_fraction,Original workbook header and cell; unresolved values have no inferred replacement
1825 series.xlsx,Cape district 1825,AK1180,Cape,1180,rye_sown,½,0.5,unambiguous_fraction,Original workbook header and cell; unresolved values have no inferred replacement
1825 series.xlsx,Cape district 1825,AJ1246,Cape,1246,barley_sown,4½,4.5,unambiguous_fraction,Original workbook header and cell; unresolved values have no inferred replacement
1825 series.xlsx,Cape district 1825,AK1246,Cape,1246,rye_sown,1¼,1.25,unambiguous_fraction,Original workbook header and cell; unresolved values have no inferred replacement
1825 series.xlsx,Cape district 1825,AN1246,Cape,1246,barley_reaped,107½,107.5,unambiguous_fraction,Original workbook header and cell; unresolved values have no inferred replacement
1825 series.xlsx,Cape district 1825,AJ1309,Cape,1309,barley_sown,½,0.5,unambiguous_fraction,Original workbook header and cell; unresolved values have no inferred replacement
1825 series.xlsx,Cape district 1825,AK1313,Cape,1313,rye_sown,½,0.5,unambiguous_fraction,Original workbook header and cell; unresolved values have no inferred replacement
1825 series.xlsx,Cape district 1825,AK1321,Cape,1321,rye_sown,½,0.5,unambiguous_fraction,Original workbook header and cell; unresolved values have no inferred replacement
1825 series.xlsx,Cape district 1825,AK1324,Cape,1324,rye_sown,½,0.5,unambiguous_fraction,Original workbook header and cell; unresolved values have no inferred replacement
1825 series.xlsx,Cape district 1825,AK1331,Cape,1331,rye_sown,½,0.5,unambiguous_fraction,Original workbook header and cell; unresolved values have no inferred replacement
1825 series.xlsx,Cape district 1825,AL1334,Cape,1334,oats_sown,½,0.5,unambiguous_fraction,Original workbook header and cell; unresolved values have no inferred replacement
1825 series.xlsx,Cape district 1825,AK1344,Cape,1344,rye_sown,¾,0.75,unambiguous_fraction,Original workbook header and cell; unresolved values have no inferred replacement
1825 series.xlsx,Cape district 1825,AM1344,Cape,1344,wheat_reaped,219½,219.5,unambiguous_fraction,Original workbook header and cell; unresolved values have no inferred replacement
1825 series.xlsx,Cape district 1825,AT1353,Cape,1353,brandy,½,0.5,unambiguous_fraction,Original workbook header and cell; unresolved values have no inferred replacement
1825 series.xlsx,Cape district 1825,AI1358,Cape,1358,wheat_sown,2½,2.5,unambiguous_fraction,Original workbook header and cell; unresolved values have no inferred replacement
1825 series.xlsx,Cape district 1825,AL1358,Cape,1358,oats_sown,½,0.5,unambiguous_fraction,Original workbook header and cell; unresolved values have no inferred replacement
1825 series.xlsx,Cape district 1825,AK1362,Cape,1362,rye_sown,½,0.5,unambiguous_fraction,Original workbook header and cell; unresolved values have no inferred replacement
1825 series.xlsx,Cape district 1825,AP1366,Cape,1366,oats_reaped,27½,27.5,unambiguous_fraction,Original workbook header and cell; unresolved values have no inferred replacement
1825 series.xlsx,Cape district 1825,AJ1369,Cape,1369,barley_sown,½,0.5,unambiguous_fraction,Original workbook header and cell; unresolved values have no inferred replacement
1825 series.xlsx,Cape district 1825,AI1375,Cape,1375,wheat_sown,5½,5.5,unambiguous_fraction,Original workbook header and cell; unresolved values have no inferred replacement
1825 series.xlsx,Cape district 1825,AL1375,Cape,1375,oats_sown,2½,2.5,unambiguous_fraction,Original workbook header and cell; unresolved values have no inferred replacement
1825 series.xlsx,Cape district 1825,AK1375,Cape,1375,rye_sown,¼,0.25,unambiguous_fraction,Original workbook header and cell; unresolved values have no inferred replacement
1825 series.xlsx,Cape district 1825,AI1377,Cape,1377,wheat_sown,5½,5.5,unambiguous_fraction,Original workbook header and cell; unresolved values have no inferred replacement
1825 series.xlsx,Cape district 1825,AL1377,Cape,1377,oats_sown,2½,2.5,unambiguous_fraction,Original workbook header and cell; unresolved values have no inferred replacement
1825 series.xlsx,Cape district 1825,AK1377,Cape,1377,rye_sown,¼,0.25,unambiguous_fraction,Original workbook header and cell; unresolved values have no inferred replacement
1825 series.xlsx,Cape district 1825,AJ1380,Cape,1380,barley_sown,¼,0.25,unambiguous_fraction,Original workbook header and cell; unresolved values have no inferred replacement
1825 series.xlsx,Cape district 1825,AK1380,Cape,1380,rye_sown,½,0.5,unambiguous_fraction,Original workbook header and cell; unresolved values have no inferred replacement
1825 series.xlsx,Cape district 1825,AI1386,Cape,1386,wheat_sown,4¼,4.25,unambiguous_fraction,Original workbook header and cell; unresolved values have no inferred replacement
1825 series.xlsx,Cape district 1825,AJ1386,Cape,1386,barley_sown,½,0.5,unambiguous_fraction,Original workbook header and cell; unresolved values have no inferred replacement
1825 series.xlsx,Cape district 1825,AM1386,Cape,1386,wheat_reaped,79½,79.5,unambiguous_fraction,Original workbook header and cell; unresolved values have no inferred replacement
1825 series.xlsx,Cape district 1825,AJ1388,Cape,1388,barley_sown,1¼,1.25,unambiguous_fraction,Original workbook header and cell; unresolved values have no inferred replacement
1825 series.xlsx,Cape district 1825,AK1388,Cape,1388,rye_sown,¼,0.25,unambiguous_fraction,Original workbook header and cell; unresolved values have no inferred replacement
1825 series.xlsx,Cape district 1825,AI1389,Cape,1389,wheat_sown,4½,4.5,unambiguous_fraction,Original workbook header and cell; unresolved values have no inferred replacement
1825 series.xlsx,Cape district 1825,AK1389,Cape,1389,rye_sown,½,0.5,unambiguous_fraction,Original workbook header and cell; unresolved values have no inferred replacement
1825 series.xlsx,Cape district 1825,AK1393,Cape,1393,rye_sown,¼,0.25,unambiguous_fraction,Original workbook header and cell; unresolved values have no inferred replacement
1825 series.xlsx,Cape district 1825,AI1407,Cape,1407,wheat_sown,2½,2.5,unambiguous_fraction,Original workbook header and cell; unresolved values have no inferred replacement
1825 series.xlsx,Cape district 1825,AL1407,Cape,1407,oats_sown,½,0.5,unambiguous_fraction,Original workbook header and cell; unresolved values have no inferred replacement
1825 series.xlsx,Cape district 1825,AN1407,Cape,1407,barley_reaped,30½,30.5,unambiguous_fraction,Original workbook header and cell; unresolved values have no inferred replacement
1825 series.xlsx,Cape district 1825,AK1418,Cape,1418,rye_sown,¾,0.75,unambiguous_fraction,Original workbook header and cell; unresolved values have no inferred replacement
1825 series.xlsx,Cape district 1825,AJ1420,Cape,1420,barley_sown,¼,0.25,unambiguous_fraction,Original workbook header and cell; unresolved values have no inferred replacement
1825 series.xlsx,Cape district 1825,AK1420,Cape,1420,rye_sown,¼,0.25,unambiguous_fraction,Original workbook header and cell; unresolved values have no inferred replacement
1825 series.xlsx,Cape district 1825,AI1422,Cape,1422,wheat_sown,12½,12.5,unambiguous_fraction,Original workbook header and cell; unresolved values have no inferred replacement
1825 series.xlsx,Cape district 1825,AJ1422,Cape,1422,barley_sown,1½,1.5,unambiguous_fraction,Original workbook header and cell; unresolved values have no inferred replacement
1825 series.xlsx,Cape district 1825,AK1422,Cape,1422,rye_sown,¼,0.25,unambiguous_fraction,Original workbook header and cell; unresolved values have no inferred replacement
1825 series.xlsx,Cape district 1825,AI1434,Cape,1434,wheat_sown,4¾,4.75,unambiguous_fraction,Original workbook header and cell; unresolved values have no inferred replacement
1825 series.xlsx,Cape district 1825,AK1434,Cape,1434,rye_sown,½,0.5,unambiguous_fraction,Original workbook header and cell; unresolved values have no inferred replacement
1825 series.xlsx,Cape district 1825,AP1436,Cape,1436,oats_reaped,16¾,16.75,unambiguous_fraction,Original workbook header and cell; unresolved values have no inferred replacement
1825 series.xlsx,Cape district 1825,AK1438,Cape,1438,rye_sown,½,0.5,unambiguous_fraction,Original workbook header and cell; unresolved values have no inferred replacement
1825 series.xlsx,Cape district 1825,AK1440,Cape,1440,rye_sown,½,0.5,unambiguous_fraction,Original workbook header and cell; unresolved values have no inferred replacement
1825 series.xlsx,Cape district 1825,AN1440,Cape,1440,barley_reaped,24½,24.5,unambiguous_fraction,Original workbook header and cell; unresolved values have no inferred replacement
1825 series.xlsx,Cape district 1825,AO1440,Cape,1440,rye_reaped,5½,5.5,unambiguous_fraction,Original workbook header and cell; unresolved values have no inferred replacement
1825 series.xlsx,Cape district 1825,AK1446,Cape,1446,rye_sown,½,0.5,unambiguous_fraction,Original workbook header and cell; unresolved values have no inferred replacement
1825 series.xlsx,Cape district 1825,AK1447,Cape,1447,rye_sown,½,0.5,unambiguous_fraction,Original workbook header and cell; unresolved values have no inferred replacement
1825 series.xlsx,Cape district 1825,AK1459,Cape,1459,rye_sown,¼,0.25,unambiguous_fraction,Original workbook header and cell; unresolved values have no inferred replacement
1825 series.xlsx,Cape district 1825,AK1466,Cape,1466,rye_sown,½,0.5,unambiguous_fraction,Original workbook header and cell; unresolved values have no inferred replacement
1825 series.xlsx,Cape district 1825,AT1471,Cape,1471,brandy,½,0.5,unambiguous_fraction,Original workbook header and cell; unresolved values have no inferred replacement
1825 series.xlsx,Cape district 1825,AT1481,Cape,1481,brandy,½,0.5,unambiguous_fraction,Original workbook header and cell; unresolved values have no inferred replacement
1825 series.xlsx,Cape district 1825,AM1484,Cape,1484,wheat_reaped,26¼,26.25,unambiguous_fraction,Original workbook header and cell; unresolved values have no inferred replacement
1825 series.xlsx,Cape district 1825,AI1500,Cape,1500,wheat_sown,12½,12.5,unambiguous_fraction,Original workbook header and cell; unresolved values have no inferred replacement
1825 series.xlsx,Cape district 1825,AK1503,Cape,1503,rye_sown,½,0.5,unambiguous_fraction,Original workbook header and cell; unresolved values have no inferred replacement
1825 series.xlsx,Cape district 1825,AJ1507,Cape,1507,barley_sown,½,0.5,unambiguous_fraction,Original workbook header and cell; unresolved values have no inferred replacement
1825 series.xlsx,Cape district 1825,AL1507,Cape,1507,oats_sown,½,0.5,unambiguous_fraction,Original workbook header and cell; unresolved values have no inferred replacement
1825 series.xlsx,Cape district 1825,AK1507,Cape,1507,rye_sown,½,0.5,unambiguous_fraction,Original workbook header and cell; unresolved values have no inferred replacement
1825 series.xlsx,Cape district 1825,AK1511,Cape,1511,rye_sown,½,0.5,unambiguous_fraction,Original workbook header and cell; unresolved values have no inferred replacement
1825 series.xlsx,Cape district 1825,AL1513,Cape,1513,oats_sown,¼,0.25,unambiguous_fraction,Original workbook header and cell; unresolved values have no inferred replacement
1825 series.xlsx,Cape district 1825,AK1513,Cape,1513,rye_sown,⅛,0.125,unambiguous_fraction,Original workbook header and cell; unresolved values have no inferred replacement
1825 series.xlsx,Cape district 1825,AI1514,Cape,1514,wheat_sown,½,0.5,unambiguous_fraction,Original workbook header and cell; unresolved values have no inferred replacement
1825 series.xlsx,Cape district 1825,AK1514,Cape,1514,rye_sown,¼,0.25,unambiguous_fraction,Original workbook header and cell; unresolved values have no inferred replacement
1825 series.xlsx,Cape district 1825,AK1516,Cape,1516,rye_sown,¼,0.25,unambiguous_fraction,Original workbook header and cell; unresolved values have no inferred replacement
1825 series.xlsx,Cape district 1825,AK1519,Cape,1519,rye_sown,½,0.5,unambiguous_fraction,Original workbook header and cell; unresolved values have no inferred replacement
1825 series.xlsx,Cape district 1825,AK1531,Cape,1531,rye_sown,½,0.5,unambiguous_fraction,Original workbook header and cell; unresolved values have no inferred replacement
1825 series.xlsx,Cape district 1825,AO1531,Cape,1531,rye_reaped,1½,1.5,unambiguous_fraction,Original workbook header and cell; unresolved values have no inferred replacement
1825 series.xlsx,Cape district 1825,AT1603,Cape,1603,brandy,½,0.5,unambiguous_fraction,Original workbook header and cell; unresolved values have no inferred replacement
1825 series.xlsx,Cape district 1825,AT1615,Cape,1615,brandy,1½,1.5,unambiguous_fraction,Original workbook header and cell; unresolved values have no inferred replacement
1825 series.xlsx,Cape district 1825,AT1653,Cape,1653,brandy,1½,1.5,unambiguous_fraction,Original workbook header and cell; unresolved values have no inferred replacement
1825 series.xlsx,Cape district 1825,AJ1703,Cape,1703,barley_sown,½,0.5,unambiguous_fraction,Original workbook header and cell; unresolved values have no inferred replacement
1825 series.xlsx,Cape district 1825,AS1807,Cape,1807,wine,½,0.5,unambiguous_fraction,Original workbook header and cell; unresolved values have no inferred replacement
1825 series.xlsx,Cape district 1825,AJ1924,Cape,1924,barley_sown,1¼,1.25,unambiguous_fraction,Original workbook header and cell; unresolved values have no inferred replacement
1825 series.xlsx,Cape district 1825,AT1924,Cape,1924,brandy,½,0.5,unambiguous_fraction,Original workbook header and cell; unresolved values have no inferred replacement
1825 series.xlsx,Cape district 1825,AT2008,Cape,2008,brandy,½,0.5,unambiguous_fraction,Original workbook header and cell; unresolved values have no inferred replacement
1825 series.xlsx,George 1825,AO128,George,128,wheat_reaped,Burnt,,unresolved_annotation,Original workbook header and cell; unresolved values have no inferred replacement
1825 series.xlsx,George 1825,AU212,George,212,brandy,0.0625,0.0625,numeric,Original workbook header and cell; unresolved values have no inferred replacement
1825 series.xlsx,Stellenbosch 1825,AL6,Stellenbosch,6,barley_sown,7½,7.5,unambiguous_fraction,Original workbook header and cell; unresolved values have no inferred replacement
1825 series.xlsx,Stellenbosch 1825,AM6,Stellenbosch,6,oats_sown,65½,65.5,unambiguous_fraction,Original workbook header and cell; unresolved values have no inferred replacement
1825 series.xlsx,Stellenbosch 1825,AN6,Stellenbosch,6,rye_sown,2¾,2.75,unambiguous_fraction,Original workbook header and cell; unresolved values have no inferred replacement
1825 series.xlsx,Stellenbosch 1825,AV36,Stellenbosch,36,brandy,1½,1.5,unambiguous_fraction,Original workbook header and cell; unresolved values have no inferred replacement
1825 series.xlsx,Stellenbosch 1825,AU56,Stellenbosch,56,wine,13½,13.5,unambiguous_fraction,Original workbook header and cell; unresolved values have no inferred replacement
1825 series.xlsx,Stellenbosch 1825,AV56,Stellenbosch,56,brandy,½,0.5,unambiguous_fraction,Original workbook header and cell; unresolved values have no inferred replacement
1825 series.xlsx,Stellenbosch 1825,AV72,Stellenbosch,72,brandy,⅜,0.375,unambiguous_fraction,Original workbook header and cell; unresolved values have no inferred replacement
1825 series.xlsx,Stellenbosch 1825,AV74,Stellenbosch,74,brandy,⅜,0.375,unambiguous_fraction,Original workbook header and cell; unresolved values have no inferred replacement
1825 series.xlsx,Stellenbosch 1825,AV123,Stellenbosch,123,brandy,3 sixteenths,0.1875,unambiguous_fraction,Original workbook header and cell; unresolved values have no inferred replacement
1825 series.xlsx,Stellenbosch 1825,AV195,Stellenbosch,195,brandy,1 sixteenth,0.0625,unambiguous_fraction,Original workbook header and cell; unresolved values have no inferred replacement
1825 series.xlsx,Stellenbosch 1825,AV210,Stellenbosch,210,brandy,¼,0.25,unambiguous_fraction,Original workbook header and cell; unresolved values have no inferred replacement
1825 series.xlsx,Stellenbosch 1825,AU225,Stellenbosch,225,wine,16½,16.5,unambiguous_fraction,Original workbook header and cell; unresolved values have no inferred replacement
1825 series.xlsx,Stellenbosch 1825,AV225,Stellenbosch,225,brandy,½,0.5,unambiguous_fraction,Original workbook header and cell; unresolved values have no inferred replacement
1825 series.xlsx,Stellenbosch 1825,AV228,Stellenbosch,228,brandy,½,0.5,unambiguous_fraction,Original workbook header and cell; unresolved values have no inferred replacement
1825 series.xlsx,Stellenbosch 1825,AU243,Stellenbosch,243,wine,½,0.5,unambiguous_fraction,Original workbook header and cell; unresolved values have no inferred replacement
1825 series.xlsx,Stellenbosch 1825,AV272,Stellenbosch,272,brandy,¾,0.75,unambiguous_fraction,Original workbook header and cell; unresolved values have no inferred replacement
1825 series.xlsx,Stellenbosch 1825,AV275,Stellenbosch,275,brandy,⅜,0.375,unambiguous_fraction,Original workbook header and cell; unresolved values have no inferred replacement
1825 series.xlsx,Stellenbosch 1825,AV279,Stellenbosch,279,brandy,¼,0.25,unambiguous_fraction,Original workbook header and cell; unresolved values have no inferred replacement
1825 series.xlsx,Stellenbosch 1825,AV287,Stellenbosch,287,brandy,½,0.5,unambiguous_fraction,Original workbook header and cell; unresolved values have no inferred replacement
1825 series.xlsx,Stellenbosch 1825,AK315,Stellenbosch,315,wheat_sown,4½,4.5,unambiguous_fraction,Original workbook header and cell; unresolved values have no inferred replacement
1825 series.xlsx,Stellenbosch 1825,AR315,Stellenbosch,315,rye_reaped,5½,5.5,unambiguous_fraction,Original workbook header and cell; unresolved values have no inferred replacement
1825 series.xlsx,Stellenbosch 1825,AV319,Stellenbosch,319,brandy,⅜,0.375,unambiguous_fraction,Original workbook header and cell; unresolved values have no inferred replacement
1825 series.xlsx,Stellenbosch 1825,AV320,Stellenbosch,320,brandy,¼,0.25,unambiguous_fraction,Original workbook header and cell; unresolved values have no inferred replacement
1825 series.xlsx,Stellenbosch 1825,AV322,Stellenbosch,322,brandy,1½,1.5,unambiguous_fraction,Original workbook header and cell; unresolved values have no inferred replacement
1825 series.xlsx,Stellenbosch 1825,AV324,Stellenbosch,324,brandy,3½,3.5,unambiguous_fraction,Original workbook header and cell; unresolved values have no inferred replacement
1825 series.xlsx,Stellenbosch 1825,AV326,Stellenbosch,326,brandy,2¼,2.25,unambiguous_fraction,Original workbook header and cell; unresolved values have no inferred replacement
1825 series.xlsx,Stellenbosch 1825,AM327,Stellenbosch,327,oats_sown,1½,1.5,unambiguous_fraction,Original workbook header and cell; unresolved values have no inferred replacement
1825 series.xlsx,Stellenbosch 1825,AV329,Stellenbosch,329,brandy,1½,1.5,unambiguous_fraction,Original workbook header and cell; unresolved values have no inferred replacement
1825 series.xlsx,Stellenbosch 1825,AV330,Stellenbosch,330,brandy,1½,1.5,unambiguous_fraction,Original workbook header and cell; unresolved values have no inferred replacement
1825 series.xlsx,Stellenbosch 1825,AK333,Stellenbosch,333,wheat_sown,¼,0.25,unambiguous_fraction,Original workbook header and cell; unresolved values have no inferred replacement
1825 series.xlsx,Stellenbosch 1825,AM333,Stellenbosch,333,oats_sown,½,0.5,unambiguous_fraction,Original workbook header and cell; unresolved values have no inferred replacement
1825 series.xlsx,Stellenbosch 1825,AV336,Stellenbosch,336,brandy,¾,0.75,unambiguous_fraction,Original workbook header and cell; unresolved values have no inferred replacement
1825 series.xlsx,Stellenbosch 1825,AV337,Stellenbosch,337,brandy,½,0.5,unambiguous_fraction,Original workbook header and cell; unresolved values have no inferred replacement
1825 series.xlsx,Stellenbosch 1825,AN340,Stellenbosch,340,rye_sown,½,0.5,unambiguous_fraction,Original workbook header and cell; unresolved values have no inferred replacement
1825 series.xlsx,Stellenbosch 1825,AV345,Stellenbosch,345,brandy,3⅜,3.375,unambiguous_fraction,Original workbook header and cell; unresolved values have no inferred replacement
1825 series.xlsx,Stellenbosch 1825,AV346,Stellenbosch,346,brandy,⅛,0.125,unambiguous_fraction,Original workbook header and cell; unresolved values have no inferred replacement
1825 series.xlsx,Stellenbosch 1825,AV358,Stellenbosch,358,brandy,⅛,0.125,unambiguous_fraction,Original workbook header and cell; unresolved values have no inferred replacement
1825 series.xlsx,Stellenbosch 1825,AL368,Stellenbosch,368,barley_sown,½,0.5,unambiguous_fraction,Original workbook header and cell; unresolved values have no inferred replacement
1825 series.xlsx,Stellenbosch 1825,AV371,Stellenbosch,371,brandy,5⅛,5.125,unambiguous_fraction,Original workbook header and cell; unresolved values have no inferred replacement
1825 series.xlsx,Stellenbosch 1825,AK372,Stellenbosch,372,wheat_sown,25½,25.5,unambiguous_fraction,Original workbook header and cell; unresolved values have no inferred replacement
1825 series.xlsx,Stellenbosch 1825,AP372,Stellenbosch,372,barley_reaped,644¾,644.75,unambiguous_fraction,Original workbook header and cell; unresolved values have no inferred replacement
1825 series.xlsx,Stellenbosch 1825,AU372,Stellenbosch,372,wine,64¾,64.75,unambiguous_fraction,Original workbook header and cell; unresolved values have no inferred replacement
1825 series.xlsx,Stellenbosch 1825,AV372,Stellenbosch,372,brandy,3½,3.5,unambiguous_fraction,Original workbook header and cell; unresolved values have no inferred replacement
1825 series.xlsx,Stellenbosch 1825,AV376,Stellenbosch,376,brandy,½,0.5,unambiguous_fraction,Original workbook header and cell; unresolved values have no inferred replacement
1825 series.xlsx,Stellenbosch 1825,AV383,Stellenbosch,383,brandy,⅝,0.625,unambiguous_fraction,Original workbook header and cell; unresolved values have no inferred replacement
1825 series.xlsx,Stellenbosch 1825,AV392,Stellenbosch,392,brandy,¾,0.75,unambiguous_fraction,Original workbook header and cell; unresolved values have no inferred replacement
1825 series.xlsx,Stellenbosch 1825,AL405,Stellenbosch,405,barley_sown,½,0.5,unambiguous_fraction,Original workbook header and cell; unresolved values have no inferred replacement
1825 series.xlsx,Stellenbosch 1825,AN406,Stellenbosch,406,rye_sown,8½,8.5,unambiguous_fraction,Original workbook header and cell; unresolved values have no inferred replacement
1825 series.xlsx,Stellenbosch 1825,AR406,Stellenbosch,406,rye_reaped,2½,2.5,unambiguous_fraction,Original workbook header and cell; unresolved values have no inferred replacement
1825 series.xlsx,Stellenbosch 1825,AV406,Stellenbosch,406,brandy,½,0.5,unambiguous_fraction,Original workbook header and cell; unresolved values have no inferred replacement
1825 series.xlsx,Stellenbosch 1825,AV425,Stellenbosch,425,brandy,4½,4.5,unambiguous_fraction,Original workbook header and cell; unresolved values have no inferred replacement
1825 series.xlsx,Stellenbosch 1825,AV428,Stellenbosch,428,brandy,2½,2.5,unambiguous_fraction,Original workbook header and cell; unresolved values have no inferred replacement
1825 series.xlsx,Stellenbosch 1825,AV435,Stellenbosch,435,brandy,1½,1.5,unambiguous_fraction,Original workbook header and cell; unresolved values have no inferred replacement
1825 series.xlsx,Stellenbosch 1825,AK436,Stellenbosch,436,wheat_sown,2½,2.5,unambiguous_fraction,Original workbook header and cell; unresolved values have no inferred replacement
1825 series.xlsx,Stellenbosch 1825,AN436,Stellenbosch,436,rye_sown,2½,2.5,unambiguous_fraction,Original workbook header and cell; unresolved values have no inferred replacement
1825 series.xlsx,Stellenbosch 1825,AK437,Stellenbosch,437,wheat_sown,½,0.5,unambiguous_fraction,Original workbook header and cell; unresolved values have no inferred replacement
1825 series.xlsx,Stellenbosch 1825,AV437,Stellenbosch,437,brandy,1¾,1.75,unambiguous_fraction,Original workbook header and cell; unresolved values have no inferred replacement
1825 series.xlsx,Stellenbosch 1825,AN438,Stellenbosch,438,rye_sown,¼,0.25,unambiguous_fraction,Original workbook header and cell; unresolved values have no inferred replacement
1825 series.xlsx,Stellenbosch 1825,AV443,Stellenbosch,443,brandy,⅛,0.125,unambiguous_fraction,Original workbook header and cell; unresolved values have no inferred replacement
1825 series.xlsx,Stellenbosch 1825,AV447,Stellenbosch,447,brandy,2⅝,2.625,unambiguous_fraction,Original workbook header and cell; unresolved values have no inferred replacement
1825 series.xlsx,Stellenbosch 1825,AO448,Stellenbosch,448,wheat_reaped,72¼,72.25,unambiguous_fraction,Original workbook header and cell; unresolved values have no inferred replacement
1825 series.xlsx,Stellenbosch 1825,AV456,Stellenbosch,456,brandy,3½,3.5,unambiguous_fraction,Original workbook header and cell; unresolved values have no inferred replacement
1825 series.xlsx,Stellenbosch 1825,AV459,Stellenbosch,459,brandy,2½,2.5,unambiguous_fraction,Original workbook header and cell; unresolved values have no inferred replacement
1825 series.xlsx,Stellenbosch 1825,AV463,Stellenbosch,463,brandy,1½,1.5,unambiguous_fraction,Original workbook header and cell; unresolved values have no inferred replacement
1825 series.xlsx,Stellenbosch 1825,AV471,Stellenbosch,471,brandy,½,0.5,unambiguous_fraction,Original workbook header and cell; unresolved values have no inferred replacement
1825 series.xlsx,Stellenbosch 1825,AK474,Stellenbosch,474,wheat_sown,1¼,1.25,unambiguous_fraction,Original workbook header and cell; unresolved values have no inferred replacement
1825 series.xlsx,Stellenbosch 1825,AV477,Stellenbosch,477,brandy,1½,1.5,unambiguous_fraction,Original workbook header and cell; unresolved values have no inferred replacement
1825 series.xlsx,Stellenbosch 1825,AN480,Stellenbosch,480,rye_sown,1½,1.5,unambiguous_fraction,Original workbook header and cell; unresolved values have no inferred replacement
1825 series.xlsx,Stellenbosch 1825,AV502,Stellenbosch,502,brandy,¾,0.75,unambiguous_fraction,Original workbook header and cell; unresolved values have no inferred replacement
1825 series.xlsx,Stellenbosch 1825,AK503,Stellenbosch,503,wheat_sown,9½,9.5,unambiguous_fraction,Original workbook header and cell; unresolved values have no inferred replacement
1825 series.xlsx,Stellenbosch 1825,AV503,Stellenbosch,503,brandy,1½,1.5,unambiguous_fraction,Original workbook header and cell; unresolved values have no inferred replacement
1825 series.xlsx,Stellenbosch 1825,AK511,Stellenbosch,511,wheat_sown,18¾,18.75,unambiguous_fraction,Original workbook header and cell; unresolved values have no inferred replacement
1825 series.xlsx,Stellenbosch 1825,AM511,Stellenbosch,511,oats_sown,60½,60.5,unambiguous_fraction,Original workbook header and cell; unresolved values have no inferred replacement
1825 series.xlsx,Stellenbosch 1825,AV511,Stellenbosch,511,brandy,5½,5.5,unambiguous_fraction,Original workbook header and cell; unresolved values have no inferred replacement
1825 series.xlsx,Stellenbosch 1825,AV520,Stellenbosch,520,brandy,1½,1.5,unambiguous_fraction,Original workbook header and cell; unresolved values have no inferred replacement
1825 series.xlsx,Stellenbosch 1825,AV524,Stellenbosch,524,brandy,3½,3.5,unambiguous_fraction,Original workbook header and cell; unresolved values have no inferred replacement
1825 series.xlsx,Stellenbosch 1825,AV527,Stellenbosch,527,brandy,3¾,3.75,unambiguous_fraction,Original workbook header and cell; unresolved values have no inferred replacement
1825 series.xlsx,Stellenbosch 1825,AV529,Stellenbosch,529,brandy,¼,0.25,unambiguous_fraction,Original workbook header and cell; unresolved values have no inferred replacement
1825 series.xlsx,Stellenbosch 1825,AV534,Stellenbosch,534,brandy,1½,1.5,unambiguous_fraction,Original workbook header and cell; unresolved values have no inferred replacement
1825 series.xlsx,Stellenbosch 1825,AL539,Stellenbosch,539,barley_sown,3½,3.5,unambiguous_fraction,Original workbook header and cell; unresolved values have no inferred replacement
1825 series.xlsx,Stellenbosch 1825,AV542,Stellenbosch,542,brandy,⅜,0.375,unambiguous_fraction,Original workbook header and cell; unresolved values have no inferred replacement
1825 series.xlsx,Stellenbosch 1825,AV544,Stellenbosch,544,brandy,1⅞,1.875,unambiguous_fraction,Original workbook header and cell; unresolved values have no inferred replacement
1825 series.xlsx,Stellenbosch 1825,AV557,Stellenbosch,557,brandy,⅛,0.125,unambiguous_fraction,Original workbook header and cell; unresolved values have no inferred replacement
1825 series.xlsx,Stellenbosch 1825,AV583,Stellenbosch,583,brandy,1½,1.5,unambiguous_fraction,Original workbook header and cell; unresolved values have no inferred replacement
1825 series.xlsx,Stellenbosch 1825,AN595,Stellenbosch,595,rye_sown,1½,1.5,unambiguous_fraction,Original workbook header and cell; unresolved values have no inferred replacement
1825 series.xlsx,Stellenbosch 1825,AV602,Stellenbosch,602,brandy,½,0.5,unambiguous_fraction,Original workbook header and cell; unresolved values have no inferred replacement
1825 series.xlsx,Stellenbosch 1825,AK604,Stellenbosch,604,wheat_sown,1½,1.5,unambiguous_fraction,Original workbook header and cell; unresolved values have no inferred replacement
1825 series.xlsx,Stellenbosch 1825,AL604,Stellenbosch,604,barley_sown,1½,1.5,unambiguous_fraction,Original workbook header and cell; unresolved values have no inferred replacement
1825 series.xlsx,Stellenbosch 1825,AV604,Stellenbosch,604,brandy,1½,1.5,unambiguous_fraction,Original workbook header and cell; unresolved values have no inferred replacement
1825 series.xlsx,Stellenbosch 1825,AV605,Stellenbosch,605,brandy,½,0.5,unambiguous_fraction,Original workbook header and cell; unresolved values have no inferred replacement
1825 series.xlsx,Stellenbosch 1825,AU607,Stellenbosch,607,wine,8½,8.5,unambiguous_fraction,Original workbook header and cell; unresolved values have no inferred replacement
1825 series.xlsx,Stellenbosch 1825,AV607,Stellenbosch,607,brandy,⅝,0.625,unambiguous_fraction,Original workbook header and cell; unresolved values have no inferred replacement
1825 series.xlsx,Stellenbosch 1825,AV609,Stellenbosch,609,brandy,1½,1.5,unambiguous_fraction,Original workbook header and cell; unresolved values have no inferred replacement
1825 series.xlsx,Stellenbosch 1825,AK627,Stellenbosch,627,wheat_sown,½,0.5,unambiguous_fraction,Original workbook header and cell; unresolved values have no inferred replacement
1825 series.xlsx,Stellenbosch 1825,AV627,Stellenbosch,627,brandy,¼,0.25,unambiguous_fraction,Original workbook header and cell; unresolved values have no inferred replacement
1825 series.xlsx,Stellenbosch 1825,AV636,Stellenbosch,636,brandy,¼,0.25,unambiguous_fraction,Original workbook header and cell; unresolved values have no inferred replacement
1825 series.xlsx,Stellenbosch 1825,AV639,Stellenbosch,639,brandy,½,0.5,unambiguous_fraction,Original workbook header and cell; unresolved values have no inferred replacement
1825 series.xlsx,Stellenbosch 1825,AU656,Stellenbosch,656,wine,11½,11.5,unambiguous_fraction,Original workbook header and cell; unresolved values have no inferred replacement
1825 series.xlsx,Stellenbosch 1825,AV667,Stellenbosch,667,brandy,⅛,0.125,unambiguous_fraction,Original workbook header and cell; unresolved values have no inferred replacement
1825 series.xlsx,Stellenbosch 1825,AV669,Stellenbosch,669,brandy,½,0.5,unambiguous_fraction,Original workbook header and cell; unresolved values have no inferred replacement
1825 series.xlsx,Stellenbosch 1825,AK677,Stellenbosch,677,wheat_sown,½,0.5,unambiguous_fraction,Original workbook header and cell; unresolved values have no inferred replacement
1825 series.xlsx,Stellenbosch 1825,AV677,Stellenbosch,677,brandy,1½,1.5,unambiguous_fraction,Original workbook header and cell; unresolved values have no inferred replacement
1825 series.xlsx,Stellenbosch 1825,AN678,Stellenbosch,678,rye_sown,1¾,1.75,unambiguous_fraction,Original workbook header and cell; unresolved values have no inferred replacement
1825 series.xlsx,Stellenbosch 1825,AR678,Stellenbosch,678,rye_reaped,15½,15.5,unambiguous_fraction,Original workbook header and cell; unresolved values have no inferred replacement
1825 series.xlsx,Stellenbosch 1825,AV681,Stellenbosch,681,brandy,2¼,2.25,unambiguous_fraction,Original workbook header and cell; unresolved values have no inferred replacement
1825 series.xlsx,Stellenbosch 1825,AV684,Stellenbosch,684,brandy,1½,1.5,unambiguous_fraction,Original workbook header and cell; unresolved values have no inferred replacement
1825 series.xlsx,Stellenbosch 1825,AN687,Stellenbosch,687,rye_sown,½,0.5,unambiguous_fraction,Original workbook header and cell; unresolved values have no inferred replacement
1825 series.xlsx,Stellenbosch 1825,AR687,Stellenbosch,687,rye_reaped,7½,7.5,unambiguous_fraction,Original workbook header and cell; unresolved values have no inferred replacement
1825 series.xlsx,Stellenbosch 1825,AV687,Stellenbosch,687,brandy,⅛,0.125,unambiguous_fraction,Original workbook header and cell; unresolved values have no inferred replacement
1825 series.xlsx,Stellenbosch 1825,AV691,Stellenbosch,691,brandy,1⅛,1.125,unambiguous_fraction,Original workbook header and cell; unresolved values have no inferred replacement
1825 series.xlsx,Stellenbosch 1825,AV694,Stellenbosch,694,brandy,⅜,0.375,unambiguous_fraction,Original workbook header and cell; unresolved values have no inferred replacement
1825 series.xlsx,Stellenbosch 1825,AV700,Stellenbosch,700,brandy,⅛,0.125,unambiguous_fraction,Original workbook header and cell; unresolved values have no inferred replacement
1825 series.xlsx,Stellenbosch 1825,AV706,Stellenbosch,706,brandy,½,0.5,unambiguous_fraction,Original workbook header and cell; unresolved values have no inferred replacement
1825 series.xlsx,Stellenbosch 1825,AK711,Stellenbosch,711,wheat_sown,9½,9.5,unambiguous_fraction,Original workbook header and cell; unresolved values have no inferred replacement
1825 series.xlsx,Stellenbosch 1825,AV723,Stellenbosch,723,brandy,1¾,1.75,unambiguous_fraction,Original workbook header and cell; unresolved values have no inferred replacement
1825 series.xlsx,Stellenbosch 1825,AV739,Stellenbosch,739,brandy,1¼,1.25,unambiguous_fraction,Original workbook header and cell; unresolved values have no inferred replacement
1825 series.xlsx,Stellenbosch 1825,AV744,Stellenbosch,744,brandy,½,0.5,unambiguous_fraction,Original workbook header and cell; unresolved values have no inferred replacement
1825 series.xlsx,Stellenbosch 1825,AV745,Stellenbosch,745,brandy,⅟16,0.0625,unambiguous_fraction,Original workbook header and cell; unresolved values have no inferred replacement
1825 series.xlsx,Stellenbosch 1825,AV746,Stellenbosch,746,brandy,⅟16,0.0625,unambiguous_fraction,Original workbook header and cell; unresolved values have no inferred replacement
1825 series.xlsx,Stellenbosch 1825,AV751,Stellenbosch,751,brandy,⅛,0.125,unambiguous_fraction,Original workbook header and cell; unresolved values have no inferred replacement
1825 series.xlsx,Stellenbosch 1825,AV763,Stellenbosch,763,brandy,⅞,0.875,unambiguous_fraction,Original workbook header and cell; unresolved values have no inferred replacement
1825 series.xlsx,Stellenbosch 1825,AU771,Stellenbosch,771,wine,1½,1.5,unambiguous_fraction,Original workbook header and cell; unresolved values have no inferred replacement
1825 series.xlsx,Stellenbosch 1825,AV771,Stellenbosch,771,brandy,⅛,0.125,unambiguous_fraction,Original workbook header and cell; unresolved values have no inferred replacement
1825 series.xlsx,Stellenbosch 1825,AV781,Stellenbosch,781,brandy,3½,3.5,unambiguous_fraction,Original workbook header and cell; unresolved values have no inferred replacement
1825 series.xlsx,Stellenbosch 1825,AV783,Stellenbosch,783,brandy,¼,0.25,unambiguous_fraction,Original workbook header and cell; unresolved values have no inferred replacement
1825 series.xlsx,Stellenbosch 1825,AV784,Stellenbosch,784,brandy,2½,2.5,unambiguous_fraction,Original workbook header and cell; unresolved values have no inferred replacement
1825 series.xlsx,Stellenbosch 1825,AV787,Stellenbosch,787,brandy,½,0.5,unambiguous_fraction,Original workbook header and cell; unresolved values have no inferred replacement
1825 series.xlsx,Stellenbosch 1825,AV790,Stellenbosch,790,brandy,½,0.5,unambiguous_fraction,Original workbook header and cell; unresolved values have no inferred replacement
1825 series.xlsx,Stellenbosch 1825,AV797,Stellenbosch,797,brandy,1½,1.5,unambiguous_fraction,Original workbook header and cell; unresolved values have no inferred replacement
1825 series.xlsx,Stellenbosch 1825,AV800,Stellenbosch,800,brandy,¾,0.75,unambiguous_fraction,Original workbook header and cell; unresolved values have no inferred replacement
1825 series.xlsx,Stellenbosch 1825,AV804,Stellenbosch,804,brandy,½,0.5,unambiguous_fraction,Original workbook header and cell; unresolved values have no inferred replacement
1825 series.xlsx,Stellenbosch 1825,AV806,Stellenbosch,806,brandy,¼,0.25,unambiguous_fraction,Original workbook header and cell; unresolved values have no inferred replacement
1825 series.xlsx,Stellenbosch 1825,AV809,Stellenbosch,809,brandy,½,0.5,unambiguous_fraction,Original workbook header and cell; unresolved values have no inferred replacement
1825 series.xlsx,Stellenbosch 1825,AV816,Stellenbosch,816,brandy,1½,1.5,unambiguous_fraction,Original workbook header and cell; unresolved values have no inferred replacement
1825 series.xlsx,Stellenbosch 1825,AV817,Stellenbosch,817,brandy,2¾,2.75,unambiguous_fraction,Original workbook header and cell; unresolved values have no inferred replacement
1825 series.xlsx,Stellenbosch 1825,AU818,Stellenbosch,818,wine,68½,68.5,unambiguous_fraction,Original workbook header and cell; unresolved values have no inferred replacement
1825 series.xlsx,Stellenbosch 1825,AV830,Stellenbosch,830,brandy,3½,3.5,unambiguous_fraction,Original workbook header and cell; unresolved values have no inferred replacement
1825 series.xlsx,Stellenbosch 1825,AV832,Stellenbosch,832,brandy,1½,1.5,unambiguous_fraction,Original workbook header and cell; unresolved values have no inferred replacement
1825 series.xlsx,Stellenbosch 1825,AV835,Stellenbosch,835,brandy,2½,2.5,unambiguous_fraction,Original workbook header and cell; unresolved values have no inferred replacement
1825 series.xlsx,Stellenbosch 1825,AV839,Stellenbosch,839,brandy,⅜,0.375,unambiguous_fraction,Original workbook header and cell; unresolved values have no inferred replacement
1825 series.xlsx,Stellenbosch 1825,AV844,Stellenbosch,844,brandy,3½,3.5,unambiguous_fraction,Original workbook header and cell; unresolved values have no inferred replacement
1825 series.xlsx,Stellenbosch 1825,AV853,Stellenbosch,853,brandy,2½,2.5,unambiguous_fraction,Original workbook header and cell; unresolved values have no inferred replacement
1825 series.xlsx,Stellenbosch 1825,AV856,Stellenbosch,856,brandy,⅞,0.875,unambiguous_fraction,Original workbook header and cell; unresolved values have no inferred replacement
1825 series.xlsx,Stellenbosch 1825,AV857,Stellenbosch,857,brandy,3¼,3.25,unambiguous_fraction,Original workbook header and cell; unresolved values have no inferred replacement
1825 series.xlsx,Stellenbosch 1825,AV868,Stellenbosch,868,brandy,½,0.5,unambiguous_fraction,Original workbook header and cell; unresolved values have no inferred replacement
1825 series.xlsx,Stellenbosch 1825,AV870,Stellenbosch,870,brandy,1¼,1.25,unambiguous_fraction,Original workbook header and cell; unresolved values have no inferred replacement
1825 series.xlsx,Stellenbosch 1825,AV875,Stellenbosch,875,brandy,2¼,2.25,unambiguous_fraction,Original workbook header and cell; unresolved values have no inferred replacement
1825 series.xlsx,Stellenbosch 1825,AL879,Stellenbosch,879,barley_sown,1½,1.5,unambiguous_fraction,Original workbook header and cell; unresolved values have no inferred replacement
1825 series.xlsx,Stellenbosch 1825,AO879,Stellenbosch,879,wheat_reaped,69½,69.5,unambiguous_fraction,Original workbook header and cell; unresolved values have no inferred replacement
1825 series.xlsx,Stellenbosch 1825,AO880,Stellenbosch,880,wheat_reaped,7½,7.5,unambiguous_fraction,Original workbook header and cell; unresolved values have no inferred replacement
1825 series.xlsx,Stellenbosch 1825,AN893,Stellenbosch,893,rye_sown,½,0.5,unambiguous_fraction,Original workbook header and cell; unresolved values have no inferred replacement
1825 series.xlsx,Stellenbosch 1825,AV893,Stellenbosch,893,brandy,¾,0.75,unambiguous_fraction,Original workbook header and cell; unresolved values have no inferred replacement
1825 series.xlsx,Stellenbosch 1825,AN894,Stellenbosch,894,rye_sown,½,0.5,unambiguous_fraction,Original workbook header and cell; unresolved values have no inferred replacement
1825 series.xlsx,Stellenbosch 1825,AM895,Stellenbosch,895,oats_sown,1½,1.5,unambiguous_fraction,Original workbook header and cell; unresolved values have no inferred replacement
1825 series.xlsx,Stellenbosch 1825,AV896,Stellenbosch,896,brandy,2½,2.5,unambiguous_fraction,Original workbook header and cell; unresolved values have no inferred replacement
1825 series.xlsx,Stellenbosch 1825,AU900,Stellenbosch,900,wine,3½,3.5,unambiguous_fraction,Original workbook header and cell; unresolved values have no inferred replacement
1825 series.xlsx,Stellenbosch 1825,AV900,Stellenbosch,900,brandy,¼,0.25,unambiguous_fraction,Original workbook header and cell; unresolved values have no inferred replacement
1825 series.xlsx,Stellenbosch 1825,AV901,Stellenbosch,901,brandy,⅝,0.625,unambiguous_fraction,Original workbook header and cell; unresolved values have no inferred replacement
1825 series.xlsx,Stellenbosch 1825,AM902,Stellenbosch,902,oats_sown,¼,0.25,unambiguous_fraction,Original workbook header and cell; unresolved values have no inferred replacement
1825 series.xlsx,Stellenbosch 1825,AU902,Stellenbosch,902,wine,½,0.5,unambiguous_fraction,Original workbook header and cell; unresolved values have no inferred replacement
1825 series.xlsx,Stellenbosch 1825,AV902,Stellenbosch,902,brandy,⅟16,0.0625,unambiguous_fraction,Original workbook header and cell; unresolved values have no inferred replacement
1825 series.xlsx,Stellenbosch 1825,AK912,Stellenbosch,912,wheat_sown,3½,3.5,unambiguous_fraction,Original workbook header and cell; unresolved values have no inferred replacement
1825 series.xlsx,Stellenbosch 1825,AV915,Stellenbosch,915,brandy,½,0.5,unambiguous_fraction,Original workbook header and cell; unresolved values have no inferred replacement
1825 series.xlsx,Stellenbosch 1825,AV960,Stellenbosch,960,brandy,¼,0.25,unambiguous_fraction,Original workbook header and cell; unresolved values have no inferred replacement
1825 series.xlsx,Stellenbosch 1825,AV965,Stellenbosch,965,brandy,⅝,0.625,unambiguous_fraction,Original workbook header and cell; unresolved values have no inferred replacement
1825 series.xlsx,Stellenbosch 1825,AV966,Stellenbosch,966,brandy,¼,0.25,unambiguous_fraction,Original workbook header and cell; unresolved values have no inferred replacement
1825 series.xlsx,Stellenbosch 1825,AV976,Stellenbosch,976,brandy,¾,0.75,unambiguous_fraction,Original workbook header and cell; unresolved values have no inferred replacement
1825 series.xlsx,Stellenbosch 1825,AV978,Stellenbosch,978,brandy,½,0.5,unambiguous_fraction,Original workbook header and cell; unresolved values have no inferred replacement
1825 series.xlsx,Stellenbosch 1825,AV981,Stellenbosch,981,brandy,⅜,0.375,unambiguous_fraction,Original workbook header and cell; unresolved values have no inferred replacement
1825 series.xlsx,Stellenbosch 1825,AV984,Stellenbosch,984,brandy,⅜,0.375,unambiguous_fraction,Original workbook header and cell; unresolved values have no inferred replacement
1825 series.xlsx,Stellenbosch 1825,AV990,Stellenbosch,990,brandy,1¾,1.75,unambiguous_fraction,Original workbook header and cell; unresolved values have no inferred replacement
1825 series.xlsx,Stellenbosch 1825,AV996,Stellenbosch,996,brandy,¾,0.75,unambiguous_fraction,Original workbook header and cell; unresolved values have no inferred replacement
1825 series.xlsx,Stellenbosch 1825,AV1001,Stellenbosch,1001,brandy,⅛,0.125,unambiguous_fraction,Original workbook header and cell; unresolved values have no inferred replacement
1825 series.xlsx,Stellenbosch 1825,AV1003,Stellenbosch,1003,brandy,1½,1.5,unambiguous_fraction,Original workbook header and cell; unresolved values have no inferred replacement
1825 series.xlsx,Stellenbosch 1825,AV1010,Stellenbosch,1010,brandy,⅜,0.375,unambiguous_fraction,Original workbook header and cell; unresolved values have no inferred replacement
1825 series.xlsx,Stellenbosch 1825,AV1013,Stellenbosch,1013,brandy,1½,1.5,unambiguous_fraction,Original workbook header and cell; unresolved values have no inferred replacement
1825 series.xlsx,Stellenbosch 1825,AK1015,Stellenbosch,1015,wheat_sown,5½,5.5,unambiguous_fraction,Original workbook header and cell; unresolved values have no inferred replacement
1825 series.xlsx,Stellenbosch 1825,AL1015,Stellenbosch,1015,barley_sown,2½,2.5,unambiguous_fraction,Original workbook header and cell; unresolved values have no inferred replacement
1825 series.xlsx,Stellenbosch 1825,AN1015,Stellenbosch,1015,rye_sown,3½,3.5,unambiguous_fraction,Original workbook header and cell; unresolved values have no inferred replacement
1825 series.xlsx,Stellenbosch 1825,AO1015,Stellenbosch,1015,wheat_reaped,55½,55.5,unambiguous_fraction,Original workbook header and cell; unresolved values have no inferred replacement
1825 series.xlsx,Stellenbosch 1825,AP1015,Stellenbosch,1015,barley_reaped,58½,58.5,unambiguous_fraction,Original workbook header and cell; unresolved values have no inferred replacement
1825 series.xlsx,Stellenbosch 1825,AR1015,Stellenbosch,1015,rye_reaped,30½,30.5,unambiguous_fraction,Original workbook header and cell; unresolved values have no inferred replacement
1825 series.xlsx,Stellenbosch 1825,AV1019,Stellenbosch,1019,brandy,¼,0.25,unambiguous_fraction,Original workbook header and cell; unresolved values have no inferred replacement
1825 series.xlsx,Stellenbosch 1825,AV1022,Stellenbosch,1022,brandy,¼,0.25,unambiguous_fraction,Original workbook header and cell; unresolved values have no inferred replacement
1825 series.xlsx,Stellenbosch 1825,AV1037,Stellenbosch,1037,brandy,⅜,0.375,unambiguous_fraction,Original workbook header and cell; unresolved values have no inferred replacement
1825 series.xlsx,Stellenbosch 1825,AV1049,Stellenbosch,1049,brandy,⅜,0.375,unambiguous_fraction,Original workbook header and cell; unresolved values have no inferred replacement
1825 series.xlsx,Stellenbosch 1825,AV1053,Stellenbosch,1053,brandy,¼,0.25,unambiguous_fraction,Original workbook header and cell; unresolved values have no inferred replacement
1825 series.xlsx,Stellenbosch 1825,AV1088,Stellenbosch,1088,brandy,¼,0.25,unambiguous_fraction,Original workbook header and cell; unresolved values have no inferred replacement
1825 series.xlsx,Stellenbosch 1825,AV1094,Stellenbosch,1094,brandy,1½,1.5,unambiguous_fraction,Original workbook header and cell; unresolved values have no inferred replacement
1825 series.xlsx,Stellenbosch 1825,AU1098,Stellenbosch,1098,wine,½,0.5,unambiguous_fraction,Original workbook header and cell; unresolved values have no inferred replacement
1825 series.xlsx,Stellenbosch 1825,AV1107,Stellenbosch,1107,brandy,2½,2.5,unambiguous_fraction,Original workbook header and cell; unresolved values have no inferred replacement
1825 series.xlsx,Stellenbosch 1825,AV1115,Stellenbosch,1115,brandy,¼,0.25,unambiguous_fraction,Original workbook header and cell; unresolved values have no inferred replacement
1825 series.xlsx,Stellenbosch 1825,AV1116,Stellenbosch,1116,brandy,¼,0.25,unambiguous_fraction,Original workbook header and cell; unresolved values have no inferred replacement
1825 series.xlsx,Stellenbosch 1825,AV1118,Stellenbosch,1118,brandy,½,0.5,unambiguous_fraction,Original workbook header and cell; unresolved values have no inferred replacement
1825 series.xlsx,Stellenbosch 1825,AV1124,Stellenbosch,1124,brandy,¼,0.25,unambiguous_fraction,Original workbook header and cell; unresolved values have no inferred replacement
1825 series.xlsx,Stellenbosch 1825,AV1129,Stellenbosch,1129,brandy,⅛,0.125,unambiguous_fraction,Original workbook header and cell; unresolved values have no inferred replacement
1825 series.xlsx,Stellenbosch 1825,AU1136,Stellenbosch,1136,wine,1½,1.5,unambiguous_fraction,Original workbook header and cell; unresolved values have no inferred replacement
1825 series.xlsx,Stellenbosch 1825,AV1146,Stellenbosch,1146,brandy,⅛,0.125,unambiguous_fraction,Original workbook header and cell; unresolved values have no inferred replacement
1825 series.xlsx,Stellenbosch 1825,AV1150,Stellenbosch,1150,brandy,¾,0.75,unambiguous_fraction,Original workbook header and cell; unresolved values have no inferred replacement
1825 series.xlsx,Stellenbosch 1825,AV1153,Stellenbosch,1153,brandy,¾,0.75,unambiguous_fraction,Original workbook header and cell; unresolved values have no inferred replacement
1825 series.xlsx,Stellenbosch 1825,AU1163,Stellenbosch,1163,wine,4½,4.5,unambiguous_fraction,Original workbook header and cell; unresolved values have no inferred replacement
1825 series.xlsx,Stellenbosch 1825,AV1176,Stellenbosch,1176,brandy,⅛,0.125,unambiguous_fraction,Original workbook header and cell; unresolved values have no inferred replacement
1825 series.xlsx,Stellenbosch 1825,AV1180,Stellenbosch,1180,brandy,3½,3.5,unambiguous_fraction,Original workbook header and cell; unresolved values have no inferred replacement
1825 series.xlsx,Stellenbosch 1825,AV1187,Stellenbosch,1187,brandy,½,0.5,unambiguous_fraction,Original workbook header and cell; unresolved values have no inferred replacement
1825 series.xlsx,Stellenbosch 1825,AV1188,Stellenbosch,1188,brandy,¾,0.75,unambiguous_fraction,Original workbook header and cell; unresolved values have no inferred replacement
1825 series.xlsx,Stellenbosch 1825,AV1194,Stellenbosch,1194,brandy,⅜,0.375,unambiguous_fraction,Original workbook header and cell; unresolved values have no inferred replacement
1825 series.xlsx,Stellenbosch 1825,AV1202,Stellenbosch,1202,brandy,½,0.5,unambiguous_fraction,Original workbook header and cell; unresolved values have no inferred replacement
1825 series.xlsx,Stellenbosch 1825,AV1211,Stellenbosch,1211,brandy,2½,2.5,unambiguous_fraction,Original workbook header and cell; unresolved values have no inferred replacement
1825 series.xlsx,Stellenbosch 1825,AV1212,Stellenbosch,1212,brandy,¼,0.25,unambiguous_fraction,Original workbook header and cell; unresolved values have no inferred replacement
1825 series.xlsx,Stellenbosch 1825,AV1213,Stellenbosch,1213,brandy,1½,1.5,unambiguous_fraction,Original workbook header and cell; unresolved values have no inferred replacement
1825 series.xlsx,Stellenbosch 1825,AV1216,Stellenbosch,1216,brandy,1½,1.5,unambiguous_fraction,Original workbook header and cell; unresolved values have no inferred replacement
1825 series.xlsx,Stellenbosch 1825,AV1237,Stellenbosch,1237,brandy,1½,1.5,unambiguous_fraction,Original workbook header and cell; unresolved values have no inferred replacement
1825 series.xlsx,Stellenbosch 1825,AV1243,Stellenbosch,1243,brandy,⅜,0.375,unambiguous_fraction,Original workbook header and cell; unresolved values have no inferred replacement
1825 series.xlsx,Stellenbosch 1825,AV1247,Stellenbosch,1247,brandy,½,0.5,unambiguous_fraction,Original workbook header and cell; unresolved values have no inferred replacement
1825 series.xlsx,Stellenbosch 1825,AV1270,Stellenbosch,1270,brandy,½,0.5,unambiguous_fraction,Original workbook header and cell; unresolved values have no inferred replacement
1825 series.xlsx,Stellenbosch 1825,AV1273,Stellenbosch,1273,brandy,⅛,0.125,unambiguous_fraction,Original workbook header and cell; unresolved values have no inferred replacement
1825 series.xlsx,Stellenbosch 1825,AV1276,Stellenbosch,1276,brandy,¾,0.75,unambiguous_fraction,Original workbook header and cell; unresolved values have no inferred replacement
1825 series.xlsx,Stellenbosch 1825,AV1301,Stellenbosch,1301,brandy,2½,2.5,unambiguous_fraction,Original workbook header and cell; unresolved values have no inferred replacement
1825 series.xlsx,Stellenbosch 1825,AL1308,Stellenbosch,1308,barley_sown,1½,1.5,unambiguous_fraction,Original workbook header and cell; unresolved values have no inferred replacement
1825 series.xlsx,Stellenbosch 1825,AL1309,Stellenbosch,1309,barley_sown,1½,1.5,unambiguous_fraction,Original workbook header and cell; unresolved values have no inferred replacement
1825 series.xlsx,Stellenbosch 1825,AV1311,Stellenbosch,1311,brandy,1½,1.5,unambiguous_fraction,Original workbook header and cell; unresolved values have no inferred replacement
1825 series.xlsx,Stellenbosch 1825,AV1313,Stellenbosch,1313,brandy,½,0.5,unambiguous_fraction,Original workbook header and cell; unresolved values have no inferred replacement
1825 series.xlsx,Stellenbosch 1825,AL1322,Stellenbosch,1322,barley_sown,2½,2.5,unambiguous_fraction,Original workbook header and cell; unresolved values have no inferred replacement
1825 series.xlsx,Stellenbosch 1825,AN1322,Stellenbosch,1322,rye_sown,2½,2.5,unambiguous_fraction,Original workbook header and cell; unresolved values have no inferred replacement
1825 series.xlsx,Stellenbosch 1825,AV1322,Stellenbosch,1322,brandy,3½,3.5,unambiguous_fraction,Original workbook header and cell; unresolved values have no inferred replacement
1825 series.xlsx,Stellenbosch 1825,AV1325,Stellenbosch,1325,brandy,1½,1.5,unambiguous_fraction,Original workbook header and cell; unresolved values have no inferred replacement
1825 series.xlsx,Stellenbosch 1825,AV1326,Stellenbosch,1326,brandy,1⅞,1.875,unambiguous_fraction,Original workbook header and cell; unresolved values have no inferred replacement
1825 series.xlsx,Stellenbosch 1825,AV1334,Stellenbosch,1334,brandy,1⅛,1.125,unambiguous_fraction,Original workbook header and cell; unresolved values have no inferred replacement
1825 series.xlsx,Stellenbosch 1825,AK1336,Stellenbosch,1336,wheat_sown,3⅓,3.3333333333333335,unambiguous_fraction,Original workbook header and cell; unresolved values have no inferred replacement
1825 series.xlsx,Stellenbosch 1825,AV1344,Stellenbosch,1344,brandy,¾,0.75,unambiguous_fraction,Original workbook header and cell; unresolved values have no inferred replacement
1825 series.xlsx,Stellenbosch 1825,AV1345,Stellenbosch,1345,brandy,⅛,0.125,unambiguous_fraction,Original workbook header and cell; unresolved values have no inferred replacement
1825 series.xlsx,Stellenbosch 1825,AV1350,Stellenbosch,1350,brandy,⅜,0.375,unambiguous_fraction,Original workbook header and cell; unresolved values have no inferred replacement
1825 series.xlsx,Stellenbosch 1825,AU1367,Stellenbosch,1367,wine,¼,0.25,unambiguous_fraction,Original workbook header and cell; unresolved values have no inferred replacement
1825 series.xlsx,Stellenbosch 1825,AV1367,Stellenbosch,1367,brandy,⅛,0.125,unambiguous_fraction,Original workbook header and cell; unresolved values have no inferred replacement
1825 series.xlsx,Stellenbosch 1825,AU1371,Stellenbosch,1371,wine,½,0.5,unambiguous_fraction,Original workbook header and cell; unresolved values have no inferred replacement
1825 series.xlsx,Stellenbosch 1825,AV1375,Stellenbosch,1375,brandy,½,0.5,unambiguous_fraction,Original workbook header and cell; unresolved values have no inferred replacement
1825 series.xlsx,Stellenbosch 1825,AV1379,Stellenbosch,1379,brandy,¼,0.25,unambiguous_fraction,Original workbook header and cell; unresolved values have no inferred replacement
1825 series.xlsx,Stellenbosch 1825,AV1381,Stellenbosch,1381,brandy,1½,1.5,unambiguous_fraction,Original workbook header and cell; unresolved values have no inferred replacement
1825 series.xlsx,Stellenbosch 1825,AV1383,Stellenbosch,1383,brandy,½,0.5,unambiguous_fraction,Original workbook header and cell; unresolved values have no inferred replacement
1825 series.xlsx,Stellenbosch 1825,AK1385,Stellenbosch,1385,wheat_sown,1½,1.5,unambiguous_fraction,Original workbook header and cell; unresolved values have no inferred replacement
1825 series.xlsx,Stellenbosch 1825,AV1401,Stellenbosch,1401,brandy,1¼,1.25,unambiguous_fraction,Original workbook header and cell; unresolved values have no inferred replacement
1825 series.xlsx,Stellenbosch 1825,AV1412,Stellenbosch,1412,brandy,½,0.5,unambiguous_fraction,Original workbook header and cell; unresolved values have no inferred replacement
1825 series.xlsx,Stellenbosch 1825,AV1414,Stellenbosch,1414,brandy,1¼,1.25,unambiguous_fraction,Original workbook header and cell; unresolved values have no inferred replacement
1825 series.xlsx,Stellenbosch 1825,AV1415,Stellenbosch,1415,brandy,1½,1.5,unambiguous_fraction,Original workbook header and cell; unresolved values have no inferred replacement
1825 series.xlsx,Stellenbosch 1825,AV1416,Stellenbosch,1416,brandy,1½,1.5,unambiguous_fraction,Original workbook header and cell; unresolved values have no inferred replacement
1825 series.xlsx,Stellenbosch 1825,AN1431,Stellenbosch,1431,rye_sown,1¼,1.25,unambiguous_fraction,Original workbook header and cell; unresolved values have no inferred replacement
1825 series.xlsx,Stellenbosch 1825,AR1431,Stellenbosch,1431,rye_reaped,16¼,16.25,unambiguous_fraction,Original workbook header and cell; unresolved values have no inferred replacement
1825 series.xlsx,Stellenbosch 1825,AV1431,Stellenbosch,1431,brandy,1⅝,1.625,unambiguous_fraction,Original workbook header and cell; unresolved values have no inferred replacement
1825 series.xlsx,Stellenbosch 1825,AV1437,Stellenbosch,1437,brandy,½,0.5,unambiguous_fraction,Original workbook header and cell; unresolved values have no inferred replacement
1825 series.xlsx,Stellenbosch 1825,AV1444,Stellenbosch,1444,brandy,⅛,0.125,unambiguous_fraction,Original workbook header and cell; unresolved values have no inferred replacement
1825 series.xlsx,Stellenbosch 1825,AV1448,Stellenbosch,1448,brandy,½,0.5,unambiguous_fraction,Original workbook header and cell; unresolved values have no inferred replacement
1825 series.xlsx,Stellenbosch 1825,AV1453,Stellenbosch,1453,brandy,⅝,0.625,unambiguous_fraction,Original workbook header and cell; unresolved values have no inferred replacement
1825 series.xlsx,Stellenbosch 1825,AL1456,Stellenbosch,1456,barley_sown,½,0.5,unambiguous_fraction,Original workbook header and cell; unresolved values have no inferred replacement
1825 series.xlsx,Stellenbosch 1825,AV1457,Stellenbosch,1457,brandy,1½,1.5,unambiguous_fraction,Original workbook header and cell; unresolved values have no inferred replacement
1825 series.xlsx,Stellenbosch 1825,AV1459,Stellenbosch,1459,brandy,1½,1.5,unambiguous_fraction,Original workbook header and cell; unresolved values have no inferred replacement
1825 series.xlsx,Stellenbosch 1825,AV1463,Stellenbosch,1463,brandy,1½,1.5,unambiguous_fraction,Original workbook header and cell; unresolved values have no inferred replacement
1825 series.xlsx,Stellenbosch 1825,AV1468,Stellenbosch,1468,brandy,½,0.5,unambiguous_fraction,Original workbook header and cell; unresolved values have no inferred replacement
1825 series.xlsx,Stellenbosch 1825,AL1485,Stellenbosch,1485,barley_sown,2½,2.5,unambiguous_fraction,Original workbook header and cell; unresolved values have no inferred replacement
1825 series.xlsx,Stellenbosch 1825,AO1485,Stellenbosch,1485,wheat_reaped,Columns do not match up with numbers in book,,unresolved_annotation,Original workbook header and cell; unresolved values have no inferred replacement
1825 series.xlsx,Stellenbosch 1825,AV1485,Stellenbosch,1485,brandy,2½,2.5,unambiguous_fraction,Original workbook header and cell; unresolved values have no inferred replacement
1825 series.xlsx,Stellenbosch 1825,AL1488,Stellenbosch,1488,barley_sown,1½,1.5,unambiguous_fraction,Original workbook header and cell; unresolved values have no inferred replacement
1825 series.xlsx,Stellenbosch 1825,AV1489,Stellenbosch,1489,brandy,3½,3.5,unambiguous_fraction,Original workbook header and cell; unresolved values have no inferred replacement
1825 series.xlsx,Stellenbosch 1825,AV1492,Stellenbosch,1492,brandy,1½,1.5,unambiguous_fraction,Original workbook header and cell; unresolved values have no inferred replacement
1825 series.xlsx,Stellenbosch 1825,AV1501,Stellenbosch,1501,brandy,2¼,2.25,unambiguous_fraction,Original workbook header and cell; unresolved values have no inferred replacement
1825 series.xlsx,Stellenbosch 1825,AV1503,Stellenbosch,1503,brandy,⅛,0.125,unambiguous_fraction,Original workbook header and cell; unresolved values have no inferred replacement
1825 series.xlsx,Stellenbosch 1825,AK1504,Stellenbosch,1504,wheat_sown,1½,1.5,unambiguous_fraction,Original workbook header and cell; unresolved values have no inferred replacement
1825 series.xlsx,Stellenbosch 1825,AN1504,Stellenbosch,1504,rye_sown,1½,1.5,unambiguous_fraction,Original workbook header and cell; unresolved values have no inferred replacement
1825 series.xlsx,Stellenbosch 1825,AV1504,Stellenbosch,1504,brandy,1½,1.5,unambiguous_fraction,Original workbook header and cell; unresolved values have no inferred replacement
1825 series.xlsx,Stellenbosch 1825,AV1510,Stellenbosch,1510,brandy,2½,2.5,unambiguous_fraction,Original workbook header and cell; unresolved values have no inferred replacement
1825 series.xlsx,Stellenbosch 1825,AU1518,Stellenbosch,1518,wine,1½,1.5,unambiguous_fraction,Original workbook header and cell; unresolved values have no inferred replacement
1825 series.xlsx,Stellenbosch 1825,AO1523,Stellenbosch,1523,wheat_reaped,1½,1.5,unambiguous_fraction,Original workbook header and cell; unresolved values have no inferred replacement
1825 series.xlsx,Stellenbosch 1825,AV1523,Stellenbosch,1523,brandy,⅝,0.625,unambiguous_fraction,Original workbook header and cell; unresolved values have no inferred replacement
1825 series.xlsx,Stellenbosch 1825,AV1524,Stellenbosch,1524,brandy,¾,0.75,unambiguous_fraction,Original workbook header and cell; unresolved values have no inferred replacement
1825 series.xlsx,Stellenbosch 1825,AV1527,Stellenbosch,1527,brandy,⅝,0.625,unambiguous_fraction,Original workbook header and cell; unresolved values have no inferred replacement
1825 series.xlsx,Stellenbosch 1825,AV1532,Stellenbosch,1532,brandy,¾,0.75,unambiguous_fraction,Original workbook header and cell; unresolved values have no inferred replacement
1825 series.xlsx,Stellenbosch 1825,AL1536,Stellenbosch,1536,barley_sown,1¾,1.75,unambiguous_fraction,Original workbook header and cell; unresolved values have no inferred replacement
1825 series.xlsx,Stellenbosch 1825,AV1536,Stellenbosch,1536,brandy,1¼,1.25,unambiguous_fraction,Original workbook header and cell; unresolved values have no inferred replacement
1825 series.xlsx,Stellenbosch 1825,AV1538,Stellenbosch,1538,brandy,1¾,1.75,unambiguous_fraction,Original workbook header and cell; unresolved values have no inferred replacement
1825 series.xlsx,Stellenbosch 1825,AV1539,Stellenbosch,1539,brandy,3¼,3.25,unambiguous_fraction,Original workbook header and cell; unresolved values have no inferred replacement
1825 series.xlsx,Stellenbosch 1825,AN1540,Stellenbosch,1540,rye_sown,¼,0.25,unambiguous_fraction,Original workbook header and cell; unresolved values have no inferred replacement
1825 series.xlsx,Stellenbosch 1825,AV1540,Stellenbosch,1540,brandy,⅜,0.375,unambiguous_fraction,Original workbook header and cell; unresolved values have no inferred replacement
1825 series.xlsx,Stellenbosch 1825,AV1550,Stellenbosch,1550,brandy,¼,0.25,unambiguous_fraction,Original workbook header and cell; unresolved values have no inferred replacement
1825 series.xlsx,Stellenbosch 1825,AO1551,Stellenbosch,1551,wheat_reaped,1½,1.5,unambiguous_fraction,Original workbook header and cell; unresolved values have no inferred replacement
1825 series.xlsx,Stellenbosch 1825,AR1551,Stellenbosch,1551,rye_reaped,1¾,1.75,unambiguous_fraction,Original workbook header and cell; unresolved values have no inferred replacement
1825 series.xlsx,Stellenbosch 1825,AV1551,Stellenbosch,1551,brandy,1½,1.5,unambiguous_fraction,Original workbook header and cell; unresolved values have no inferred replacement
1825 series.xlsx,Stellenbosch 1825,AV1552,Stellenbosch,1552,brandy,1¼,1.25,unambiguous_fraction,Original workbook header and cell; unresolved values have no inferred replacement
1825 series.xlsx,Stellenbosch 1825,AV1555,Stellenbosch,1555,brandy,1½,1.5,unambiguous_fraction,Original workbook header and cell; unresolved values have no inferred replacement
1825 series.xlsx,Stellenbosch 1825,AV1560,Stellenbosch,1560,brandy,2¼,2.25,unambiguous_fraction,Original workbook header and cell; unresolved values have no inferred replacement
1825 series.xlsx,Stellenbosch 1825,AV1561,Stellenbosch,1561,brandy,1½,1.5,unambiguous_fraction,Original workbook header and cell; unresolved values have no inferred replacement
1825 series.xlsx,Stellenbosch 1825,AV1565,Stellenbosch,1565,brandy,1¼,1.25,unambiguous_fraction,Original workbook header and cell; unresolved values have no inferred replacement
1825 series.xlsx,Stellenbosch 1825,AN1566,Stellenbosch,1566,rye_sown,1½,1.5,unambiguous_fraction,Original workbook header and cell; unresolved values have no inferred replacement
1825 series.xlsx,Stellenbosch 1825,AO1566,Stellenbosch,1566,wheat_reaped,7½,7.5,unambiguous_fraction,Original workbook header and cell; unresolved values have no inferred replacement
1825 series.xlsx,Stellenbosch 1825,AR1566,Stellenbosch,1566,rye_reaped,11½,11.5,unambiguous_fraction,Original workbook header and cell; unresolved values have no inferred replacement
1825 series.xlsx,Stellenbosch 1825,AV1566,Stellenbosch,1566,brandy,1¾,1.75,unambiguous_fraction,Original workbook header and cell; unresolved values have no inferred replacement
1825 series.xlsx,Stellenbosch 1825,AK1570,Stellenbosch,1570,wheat_sown,¾,0.75,unambiguous_fraction,Original workbook header and cell; unresolved values have no inferred replacement
1825 series.xlsx,Stellenbosch 1825,AV1570,Stellenbosch,1570,brandy,1⅛,1.125,unambiguous_fraction,Original workbook header and cell; unresolved values have no inferred replacement
1825 series.xlsx,Stellenbosch 1825,AV1571,Stellenbosch,1571,brandy,1½,1.5,unambiguous_fraction,Original workbook header and cell; unresolved values have no inferred replacement
1825 series.xlsx,Stellenbosch 1825,AN1573,Stellenbosch,1573,rye_sown,½,0.5,unambiguous_fraction,Original workbook header and cell; unresolved values have no inferred replacement
1825 series.xlsx,Stellenbosch 1825,AV1575,Stellenbosch,1575,brandy,½,0.5,unambiguous_fraction,Original workbook header and cell; unresolved values have no inferred replacement
1825 series.xlsx,Stellenbosch 1825,AV1576,Stellenbosch,1576,brandy,1½,1.5,unambiguous_fraction,Original workbook header and cell; unresolved values have no inferred replacement
1825 series.xlsx,Stellenbosch 1825,AV1579,Stellenbosch,1579,brandy,1½,1.5,unambiguous_fraction,Original workbook header and cell; unresolved values have no inferred replacement
1825 series.xlsx,Stellenbosch 1825,AV1583,Stellenbosch,1583,brandy,1½,1.5,unambiguous_fraction,Original workbook header and cell; unresolved values have no inferred replacement
1825 series.xlsx,Stellenbosch 1825,AV1590,Stellenbosch,1590,brandy,4⅜,4.375,unambiguous_fraction,Original workbook header and cell; unresolved values have no inferred replacement
1825 series.xlsx,Stellenbosch 1825,AK1594,Stellenbosch,1594,wheat_sown,1½,1.5,unambiguous_fraction,Original workbook header and cell; unresolved values have no inferred replacement
1825 series.xlsx,Stellenbosch 1825,AV1594,Stellenbosch,1594,brandy,2½,2.5,unambiguous_fraction,Original workbook header and cell; unresolved values have no inferred replacement
1825 series.xlsx,Stellenbosch 1825,AV1595,Stellenbosch,1595,brandy,1¾,1.75,unambiguous_fraction,Original workbook header and cell; unresolved values have no inferred replacement
1825 series.xlsx,Stellenbosch 1825,AV1597,Stellenbosch,1597,brandy,⅝,0.625,unambiguous_fraction,Original workbook header and cell; unresolved values have no inferred replacement
1825 series.xlsx,Stellenbosch 1825,AV1598,Stellenbosch,1598,brandy,½,0.5,unambiguous_fraction,Original workbook header and cell; unresolved values have no inferred replacement
1825 series.xlsx,Stellenbosch 1825,AV1602,Stellenbosch,1602,brandy,1⅛,1.125,unambiguous_fraction,Original workbook header and cell; unresolved values have no inferred replacement
1825 series.xlsx,Stellenbosch 1825,AV1613,Stellenbosch,1613,brandy,2½,2.5,unambiguous_fraction,Original workbook header and cell; unresolved values have no inferred replacement
1825 series.xlsx,Stellenbosch 1825,AV1619,Stellenbosch,1619,brandy,⅛,0.125,unambiguous_fraction,Original workbook header and cell; unresolved values have no inferred replacement
1825 series.xlsx,Stellenbosch 1825,AV1623,Stellenbosch,1623,brandy,½,0.5,unambiguous_fraction,Original workbook header and cell; unresolved values have no inferred replacement
1825 series.xlsx,Stellenbosch 1825,AN1631,Stellenbosch,1631,rye_sown,1½,1.5,unambiguous_fraction,Original workbook header and cell; unresolved values have no inferred replacement
1825 series.xlsx,Stellenbosch 1825,AV1632,Stellenbosch,1632,brandy,⅛,0.125,unambiguous_fraction,Original workbook header and cell; unresolved values have no inferred replacement
1825 series.xlsx,Stellenbosch 1825,AL1633,Stellenbosch,1633,barley_sown,½,0.5,unambiguous_fraction,Original workbook header and cell; unresolved values have no inferred replacement
1825 series.xlsx,Stellenbosch 1825,AL1636,Stellenbosch,1636,barley_sown,¼,0.25,unambiguous_fraction,Original workbook header and cell; unresolved values have no inferred replacement
1825 series.xlsx,Stellenbosch 1825,AP1636,Stellenbosch,1636,barley_reaped,7¾,7.75,unambiguous_fraction,Original workbook header and cell; unresolved values have no inferred replacement
1825 series.xlsx,Stellenbosch 1825,AV1637,Stellenbosch,1637,brandy,1½,1.5,unambiguous_fraction,Original workbook header and cell; unresolved values have no inferred replacement
1825 series.xlsx,Stellenbosch 1825,AV1639,Stellenbosch,1639,brandy,½,0.5,unambiguous_fraction,Original workbook header and cell; unresolved values have no inferred replacement
1825 series.xlsx,Stellenbosch 1825,AL1641,Stellenbosch,1641,barley_sown,½,0.5,unambiguous_fraction,Original workbook header and cell; unresolved values have no inferred replacement
1825 series.xlsx,Stellenbosch 1825,AL1642,Stellenbosch,1642,barley_sown,1¾,1.75,unambiguous_fraction,Original workbook header and cell; unresolved values have no inferred replacement
1825 series.xlsx,Stellenbosch 1825,AP1642,Stellenbosch,1642,barley_reaped,44¾,44.75,unambiguous_fraction,Original workbook header and cell; unresolved values have no inferred replacement
1825 series.xlsx,Stellenbosch 1825,AV1642,Stellenbosch,1642,brandy,2½,2.5,unambiguous_fraction,Original workbook header and cell; unresolved values have no inferred replacement
1825 series.xlsx,Stellenbosch 1825,AV1646,Stellenbosch,1646,brandy,1½,1.5,unambiguous_fraction,Original workbook header and cell; unresolved values have no inferred replacement
1825 series.xlsx,Stellenbosch 1825,AV1648,Stellenbosch,1648,brandy,3½,3.5,unambiguous_fraction,Original workbook header and cell; unresolved values have no inferred replacement
1825 series.xlsx,Stellenbosch 1825,AO1667,Stellenbosch,1667,wheat_reaped,5¾,5.75,unambiguous_fraction,Original workbook header and cell; unresolved values have no inferred replacement
1825 series.xlsx,Stellenbosch 1825,AV1667,Stellenbosch,1667,brandy,1⅞,1.875,unambiguous_fraction,Original workbook header and cell; unresolved values have no inferred replacement
1825 series.xlsx,Stellenbosch 1825,AV1674,Stellenbosch,1674,brandy,½,0.5,unambiguous_fraction,Original workbook header and cell; unresolved values have no inferred replacement
1825 series.xlsx,Stellenbosch 1825,AR1689,Stellenbosch,1689,rye_reaped,15½,15.5,unambiguous_fraction,Original workbook header and cell; unresolved values have no inferred replacement
1825 series.xlsx,Stellenbosch 1825,AV1695,Stellenbosch,1695,brandy,1½,1.5,unambiguous_fraction,Original workbook header and cell; unresolved values have no inferred replacement
1825 series.xlsx,Stellenbosch 1825,AL1717,Stellenbosch,1717,barley_sown,½,0.5,unambiguous_fraction,Original workbook header and cell; unresolved values have no inferred replacement
1825 series.xlsx,Stellenbosch 1825,AL1726,Stellenbosch,1726,barley_sown,1¼,1.25,unambiguous_fraction,Original workbook header and cell; unresolved values have no inferred replacement
1825 series.xlsx,Stellenbosch 1825,AV1726,Stellenbosch,1726,brandy,⅛,0.125,unambiguous_fraction,Original workbook header and cell; unresolved values have no inferred replacement
1825 series.xlsx,Stellenbosch 1825,AL1727,Stellenbosch,1727,barley_sown,1¼,1.25,unambiguous_fraction,Original workbook header and cell; unresolved values have no inferred replacement
1825 series.xlsx,Stellenbosch 1825,AL1729,Stellenbosch,1729,barley_sown,1½,1.5,unambiguous_fraction,Original workbook header and cell; unresolved values have no inferred replacement
1825 series.xlsx,Stellenbosch 1825,AM1731,Stellenbosch,1731,oats_sown,2½,2.5,unambiguous_fraction,Original workbook header and cell; unresolved values have no inferred replacement
1825 series.xlsx,Stellenbosch 1825,AR1732,Stellenbosch,1732,rye_reaped,11½,11.5,unambiguous_fraction,Original workbook header and cell; unresolved values have no inferred replacement
1825 series.xlsx,Stellenbosch 1825,AV1733,Stellenbosch,1733,brandy,1½,1.5,unambiguous_fraction,Original workbook header and cell; unresolved values have no inferred replacement
1825 series.xlsx,Stellenbosch 1825,AV1746,Stellenbosch,1746,brandy,½,0.5,unambiguous_fraction,Original workbook header and cell; unresolved values have no inferred replacement
1825 series.xlsx,Stellenbosch 1825,AK1749,Stellenbosch,1749,wheat_sown,½,0.5,unambiguous_fraction,Original workbook header and cell; unresolved values have no inferred replacement
1825 series.xlsx,Stellenbosch 1825,AL1749,Stellenbosch,1749,barley_sown,½,0.5,unambiguous_fraction,Original workbook header and cell; unresolved values have no inferred replacement
1825 series.xlsx,Stellenbosch 1825,AM1749,Stellenbosch,1749,oats_sown,2½,2.5,unambiguous_fraction,Original workbook header and cell; unresolved values have no inferred replacement
1825 series.xlsx,Stellenbosch 1825,AL1756,Stellenbosch,1756,barley_sown,¾,0.75,unambiguous_fraction,Original workbook header and cell; unresolved values have no inferred replacement
1825 series.xlsx,Stellenbosch 1825,AN1775,Stellenbosch,1775,rye_sown,½,0.5,unambiguous_fraction,Original workbook header and cell; unresolved values have no inferred replacement
1825 series.xlsx,Stellenbosch 1825,AV1781,Stellenbosch,1781,brandy,½,0.5,unambiguous_fraction,Original workbook header and cell; unresolved values have no inferred replacement
1825 series.xlsx,Stellenbosch 1825,AK1795,Stellenbosch,1795,wheat_sown,32½,32.5,unambiguous_fraction,Original workbook header and cell; unresolved values have no inferred replacement
1825 series.xlsx,Stellenbosch 1825,AM1795,Stellenbosch,1795,oats_sown,18½,18.5,unambiguous_fraction,Original workbook header and cell; unresolved values have no inferred replacement
1825 series.xlsx,Stellenbosch 1825,AN1795,Stellenbosch,1795,rye_sown,3½,3.5,unambiguous_fraction,Original workbook header and cell; unresolved values have no inferred replacement
1825 series.xlsx,Stellenbosch 1825,AV1795,Stellenbosch,1795,brandy,½,0.5,unambiguous_fraction,Original workbook header and cell; unresolved values have no inferred replacement
1825 series.xlsx,Stellenbosch 1825,AK1812,Stellenbosch,1812,wheat_sown,18½,18.5,unambiguous_fraction,Original workbook header and cell; unresolved values have no inferred replacement
1825 series.xlsx,Stellenbosch 1825,AL1812,Stellenbosch,1812,barley_sown,2¼,2.25,unambiguous_fraction,Original workbook header and cell; unresolved values have no inferred replacement
1825 series.xlsx,Stellenbosch 1825,AV1826,Stellenbosch,1826,brandy,½,0.5,unambiguous_fraction,Original workbook header and cell; unresolved values have no inferred replacement
1825 series.xlsx,Stellenbosch 1825,AV1853,Stellenbosch,1853,brandy,⅛,0.125,unambiguous_fraction,Original workbook header and cell; unresolved values have no inferred replacement
1825 series.xlsx,Stellenbosch 1825,AV1859,Stellenbosch,1859,brandy,½,0.5,unambiguous_fraction,Original workbook header and cell; unresolved values have no inferred replacement
1825 series.xlsx,Stellenbosch 1825,AV1862,Stellenbosch,1862,brandy,½,0.5,unambiguous_fraction,Original workbook header and cell; unresolved values have no inferred replacement
1825 series.xlsx,Stellenbosch 1825,AV1886,Stellenbosch,1886,brandy,¾,0.75,unambiguous_fraction,Original workbook header and cell; unresolved values have no inferred replacement
1825 series.xlsx,Stellenbosch 1825,AV1890,Stellenbosch,1890,brandy,⅝,0.625,unambiguous_fraction,Original workbook header and cell; unresolved values have no inferred replacement
1825 series.xlsx,Stellenbosch 1825,AV1897,Stellenbosch,1897,brandy,½,0.5,unambiguous_fraction,Original workbook header and cell; unresolved values have no inferred replacement
1825 series.xlsx,Stellenbosch 1825,AM1915,Stellenbosch,1915,oats_sown,4½,4.5,unambiguous_fraction,Original workbook header and cell; unresolved values have no inferred replacement
1825 series.xlsx,Stellenbosch 1825,AN1915,Stellenbosch,1915,rye_sown,½,0.5,unambiguous_fraction,Original workbook header and cell; unresolved values have no inferred replacement
1825 series.xlsx,Stellenbosch 1825,AL1916,Stellenbosch,1916,barley_sown,2½,2.5,unambiguous_fraction,Original workbook header and cell; unresolved values have no inferred replacement
1825 series.xlsx,Stellenbosch 1825,AN1916,Stellenbosch,1916,rye_sown,½,0.5,unambiguous_fraction,Original workbook header and cell; unresolved values have no inferred replacement
1825 series.xlsx,Stellenbosch 1825,AN1932,Stellenbosch,1932,rye_sown,½,0.5,unambiguous_fraction,Original workbook header and cell; unresolved values have no inferred replacement
1825 series.xlsx,Stellenbosch 1825,AV1952,Stellenbosch,1952,brandy,½,0.5,unambiguous_fraction,Original workbook header and cell; unresolved values have no inferred replacement
1825 series.xlsx,Stellenbosch 1825,AR1961,Stellenbosch,1961,rye_reaped,8½,8.5,unambiguous_fraction,Original workbook header and cell; unresolved values have no inferred replacement
1825 series.xlsx,Stellenbosch 1825,AN1985,Stellenbosch,1985,rye_sown,1½,1.5,unambiguous_fraction,Original workbook header and cell; unresolved values have no inferred replacement
1825 series.xlsx,Stellenbosch 1825,AR1985,Stellenbosch,1985,rye_reaped,6½,6.5,unambiguous_fraction,Original workbook header and cell; unresolved values have no inferred replacement
1825 series.xlsx,Stellenbosch 1825,AL1991,Stellenbosch,1991,barley_sown,½,0.5,unambiguous_fraction,Original workbook header and cell; unresolved values have no inferred replacement
1825 series.xlsx,Stellenbosch 1825,AK2007,Stellenbosch,2007,wheat_sown,3½,3.5,unambiguous_fraction,Original workbook header and cell; unresolved values have no inferred replacement
1825 series.xlsx,Stellenbosch 1825,AK2008,Stellenbosch,2008,wheat_sown,5½,5.5,unambiguous_fraction,Original workbook header and cell; unresolved values have no inferred replacement
1825 series.xlsx,Stellenbosch 1825,AN2008,Stellenbosch,2008,rye_sown,¼,0.25,unambiguous_fraction,Original workbook header and cell; unresolved values have no inferred replacement
1825 series.xlsx,Stellenbosch 1825,AK2009,Stellenbosch,2009,wheat_sown,5½,5.5,unambiguous_fraction,Original workbook header and cell; unresolved values have no inferred replacement
1825 series.xlsx,Stellenbosch 1825,AN2009,Stellenbosch,2009,rye_sown,¼,0.25,unambiguous_fraction,Original workbook header and cell; unresolved values have no inferred replacement
1825 series.xlsx,Stellenbosch 1825,AN2026,Stellenbosch,2026,rye_sown,1½,1.5,unambiguous_fraction,Original workbook header and cell; unresolved values have no inferred replacement
1825 series.xlsx,Stellenbosch 1825,AK2028,Stellenbosch,2028,wheat_sown,5½,5.5,unambiguous_fraction,Original workbook header and cell; unresolved values have no inferred replacement
1825 series.xlsx,Stellenbosch 1825,AN2028,Stellenbosch,2028,rye_sown,½,0.5,unambiguous_fraction,Original workbook header and cell; unresolved values have no inferred replacement
1825 series.xlsx,Stellenbosch 1825,AN2029,Stellenbosch,2029,rye_sown,1¾,1.75,unambiguous_fraction,Original workbook header and cell; unresolved values have no inferred replacement
1825 series.xlsx,Stellenbosch 1825,AN2036,Stellenbosch,2036,rye_sown,½,0.5,unambiguous_fraction,Original workbook header and cell; unresolved values have no inferred replacement
1825 series.xlsx,Stellenbosch 1825,AN2062,Stellenbosch,2062,rye_sown,½,0.5,unambiguous_fraction,Original workbook header and cell; unresolved values have no inferred replacement
1825 series.xlsx,Stellenbosch 1825,AK2067,Stellenbosch,2067,wheat_sown,7½,7.5,unambiguous_fraction,Original workbook header and cell; unresolved values have no inferred replacement
1825 series.xlsx,Stellenbosch 1825,AM2067,Stellenbosch,2067,oats_sown,2½,2.5,unambiguous_fraction,Original workbook header and cell; unresolved values have no inferred replacement
1825 series.xlsx,Stellenbosch 1825,AK2074,Stellenbosch,2074,wheat_sown,7½,7.5,unambiguous_fraction,Original workbook header and cell; unresolved values have no inferred replacement
1825 series.xlsx,Stellenbosch 1825,AN2075,Stellenbosch,2075,rye_sown,½,0.5,unambiguous_fraction,Original workbook header and cell; unresolved values have no inferred replacement
1825 series.xlsx,Stellenbosch 1825,AN2077,Stellenbosch,2077,rye_sown,½,0.5,unambiguous_fraction,Original workbook header and cell; unresolved values have no inferred replacement
1825 series.xlsx,Stellenbosch 1825,AN2079,Stellenbosch,2079,rye_sown,¼,0.25,unambiguous_fraction,Original workbook header and cell; unresolved values have no inferred replacement
1825 series.xlsx,Stellenbosch 1825,AK2082,Stellenbosch,2082,wheat_sown,6½,6.5,unambiguous_fraction,Original workbook header and cell; unresolved values have no inferred replacement
1825 series.xlsx,Stellenbosch 1825,AO2082,Stellenbosch,2082,wheat_reaped,21½,21.5,unambiguous_fraction,Original workbook header and cell; unresolved values have no inferred replacement
1825 series.xlsx,Stellenbosch 1825,AR2082,Stellenbosch,2082,rye_reaped,4½,4.5,unambiguous_fraction,Original workbook header and cell; unresolved values have no inferred replacement
1825 series.xlsx,Stellenbosch 1825,AK2093,Stellenbosch,2093,wheat_sown,½,0.5,unambiguous_fraction,Original workbook header and cell; unresolved values have no inferred replacement
1825 series.xlsx,Stellenbosch 1825,AL2093,Stellenbosch,2093,barley_sown,½,0.5,unambiguous_fraction,Original workbook header and cell; unresolved values have no inferred replacement
1825 series.xlsx,Stellenbosch 1825,AL2094,Stellenbosch,2094,barley_sown,2½,2.5,unambiguous_fraction,Original workbook header and cell; unresolved values have no inferred replacement
1825 series.xlsx,Swellendam 1825,AS552,Swellendam,552,brandy,⅛,0.125,unambiguous_fraction,Original workbook header and cell; unresolved values have no inferred replacement
1825 series.xlsx,Swellendam 1825,AS1819,Swellendam,1819,brandy,⅛,0.125,unambiguous_fraction,Original workbook header and cell; unresolved values have no inferred replacement
1825 series.xlsx,Swellendam 1825,AI1822,Swellendam,1822,wheat_sown,½,0.5,unambiguous_fraction,Original workbook header and cell; unresolved values have no inferred replacement
1825 series.xlsx,Swellendam 1825,AS1829,Swellendam,1829,brandy,⅜,0.375,unambiguous_fraction,Original workbook header and cell; unresolved values have no inferred replacement
1825 series.xlsx,Swellendam 1825,AS1845,Swellendam,1845,brandy,1½,1.5,unambiguous_fraction,Original workbook header and cell; unresolved values have no inferred replacement
1825 series.xlsx,Swellendam 1825,AI1865,Swellendam,1865,wheat_sown,¼,0.25,unambiguous_fraction,Original workbook header and cell; unresolved values have no inferred replacement
1825 series.xlsx,Swellendam 1825,AJ1865,Swellendam,1865,barley_sown,½,0.5,unambiguous_fraction,Original workbook header and cell; unresolved values have no inferred replacement
1825 series.xlsx,Swellendam 1825,AI1867,Swellendam,1867,wheat_sown,½,0.5,unambiguous_fraction,Original workbook header and cell; unresolved values have no inferred replacement
1825 series.xlsx,Swellendam 1825,AI1878,Swellendam,1878,wheat_sown,¼,0.25,unambiguous_fraction,Original workbook header and cell; unresolved values have no inferred replacement
1825 series.xlsx,Swellendam 1825,AS1878,Swellendam,1878,brandy,¼,0.25,unambiguous_fraction,Original workbook header and cell; unresolved values have no inferred replacement
1825 series.xlsx,Swellendam 1825,AI1880,Swellendam,1880,wheat_sown,¼,0.25,unambiguous_fraction,Original workbook header and cell; unresolved values have no inferred replacement
1825 series.xlsx,Swellendam 1825,AJ1892,Swellendam,1892,barley_sown,1¼,1.25,unambiguous_fraction,Original workbook header and cell; unresolved values have no inferred replacement
1825 series.xlsx,Swellendam 1825,AI1896,Swellendam,1896,wheat_sown,1½,1.5,unambiguous_fraction,Original workbook header and cell; unresolved values have no inferred replacement
1825 series.xlsx,Swellendam 1825,AJ1905,Swellendam,1905,barley_sown,½,0.5,unambiguous_fraction,Original workbook header and cell; unresolved values have no inferred replacement
1825 series.xlsx,Swellendam 1825,AJ1944,Swellendam,1944,barley_sown,½,0.5,unambiguous_fraction,Original workbook header and cell; unresolved values have no inferred replacement
1825 series.xlsx,Swellendam 1825,AK1956,Swellendam,1956,rye_sown,¼,0.25,unambiguous_fraction,Original workbook header and cell; unresolved values have no inferred replacement
1825 series.xlsx,Swellendam 1825,AI1963,Swellendam,1963,wheat_sown,1½,1.5,unambiguous_fraction,Original workbook header and cell; unresolved values have no inferred replacement
1825 series.xlsx,Swellendam 1825,AJ1963,Swellendam,1963,barley_sown,1½,1.5,unambiguous_fraction,Original workbook header and cell; unresolved values have no inferred replacement
1825 series.xlsx,Swellendam 1825,AI1974,Swellendam,1974,wheat_sown,1½,1.5,unambiguous_fraction,Original workbook header and cell; unresolved values have no inferred replacement
1825 series.xlsx,Swellendam 1825,AL1977,Swellendam,1977,oats_sown,½,0.5,unambiguous_fraction,Original workbook header and cell; unresolved values have no inferred replacement
1825 series.xlsx,Swellendam 1825,AI1995,Swellendam,1995,wheat_sown,1½,1.5,unambiguous_fraction,Original workbook header and cell; unresolved values have no inferred replacement
1825 series.xlsx,Swellendam 1825,AI1997,Swellendam,1997,wheat_sown,1½,1.5,unambiguous_fraction,Original workbook header and cell; unresolved values have no inferred replacement
1825 series.xlsx,Swellendam 1825,AI2009,Swellendam,2009,wheat_sown,½,0.5,unambiguous_fraction,Original workbook header and cell; unresolved values have no inferred replacement
1825 series.xlsx,Swellendam 1825,AL2009,Swellendam,2009,oats_sown,½,0.5,unambiguous_fraction,Original workbook header and cell; unresolved values have no inferred replacement
1825 series.xlsx,Swellendam 1825,AM2009,Swellendam,2009,wheat_reaped,½,0.5,unambiguous_fraction,Original workbook header and cell; unresolved values have no inferred replacement
1825 series.xlsx,Swellendam 1825,AI2025,Swellendam,2025,wheat_sown,1½,1.5,unambiguous_fraction,Original workbook header and cell; unresolved values have no inferred replacement
1825 series.xlsx,Swellendam 1825,AJ2028,Swellendam,2028,barley_sown,1½,1.5,unambiguous_fraction,Original workbook header and cell; unresolved values have no inferred replacement
1825 series.xlsx,Swellendam 1825,AJ2033,Swellendam,2033,barley_sown,1½,1.5,unambiguous_fraction,Original workbook header and cell; unresolved values have no inferred replacement
1825 series.xlsx,Swellendam 1825,AJ2046,Swellendam,2046,barley_sown,1½,1.5,unambiguous_fraction,Original workbook header and cell; unresolved values have no inferred replacement
1825 series.xlsx,Swellendam 1825,AI2068,Swellendam,2068,wheat_sown,1½,1.5,unambiguous_fraction,Original workbook header and cell; unresolved values have no inferred replacement
1825 series.xlsx,Swellendam 1825,AJ2068,Swellendam,2068,barley_sown,1¾,1.75,unambiguous_fraction,Original workbook header and cell; unresolved values have no inferred replacement
1825 series.xlsx,Swellendam 1825,AM2085,Swellendam,2085,wheat_reaped,7½,7.5,unambiguous_fraction,Original workbook header and cell; unresolved values have no inferred replacement
1825 series.xlsx,Swellendam 1825,AI2133,Swellendam,2133,wheat_sown,3½,3.5,unambiguous_fraction,Original workbook header and cell; unresolved values have no inferred replacement
1825 series.xlsx,Swellendam 1825,AJ2133,Swellendam,2133,barley_sown,2½,2.5,unambiguous_fraction,Original workbook header and cell; unresolved values have no inferred replacement
1825 series.xlsx,Swellendam 1825,AJ2164,Swellendam,2164,barley_sown,1½,1.5,unambiguous_fraction,Original workbook header and cell; unresolved values have no inferred replacement
1825 series.xlsx,Swellendam 1825,AJ2167,Swellendam,2167,barley_sown,1½,1.5,unambiguous_fraction,Original workbook header and cell; unresolved values have no inferred replacement
1825 series.xlsx,Swellendam 1825,AI2183,Swellendam,2183,wheat_sown,½,0.5,unambiguous_fraction,Original workbook header and cell; unresolved values have no inferred replacement
1825 series.xlsx,Swellendam 1825,AK2247,Swellendam,2247,rye_sown,½,0.5,unambiguous_fraction,Original workbook header and cell; unresolved values have no inferred replacement
1825 series.xlsx,Swellendam 1825,AJ2261,Swellendam,2261,barley_sown,1½,1.5,unambiguous_fraction,Original workbook header and cell; unresolved values have no inferred replacement
1825 series.xlsx,Swellendam 1825,AI2270,Swellendam,2270,wheat_sown,2¾,2.75,unambiguous_fraction,Original workbook header and cell; unresolved values have no inferred replacement
1825 series.xlsx,Swellendam 1825,AI2280,Swellendam,2280,wheat_sown,1¾,1.75,unambiguous_fraction,Original workbook header and cell; unresolved values have no inferred replacement
1825 series.xlsx,Swellendam 1825,AI2294,Swellendam,2294,wheat_sown,2½,2.5,unambiguous_fraction,Original workbook header and cell; unresolved values have no inferred replacement
1825 series.xlsx,Swellendam 1825,AJ2309,Swellendam,2309,barley_sown,3½,3.5,unambiguous_fraction,Original workbook header and cell; unresolved values have no inferred replacement
1825 series.xlsx,Swellendam 1825,AJ2319,Swellendam,2319,barley_sown,½,0.5,unambiguous_fraction,Original workbook header and cell; unresolved values have no inferred replacement
1825 series.xlsx,Swellendam 1825,AS2359,Swellendam,2359,brandy,½,0.5,unambiguous_fraction,Original workbook header and cell; unresolved values have no inferred replacement
1825 series.xlsx,Swellendam 1825,AJ2396,Swellendam,2396,barley_sown,½,0.5,unambiguous_fraction,Original workbook header and cell; unresolved values have no inferred replacement
1825 series.xlsx,Swellendam 1825,AJ2398,Swellendam,2398,barley_sown,½,0.5,unambiguous_fraction,Original workbook header and cell; unresolved values have no inferred replacement
1825 series.xlsx,Swellendam 1825,AJ2430,Swellendam,2430,barley_sown,¼,0.25,unambiguous_fraction,Original workbook header and cell; unresolved values have no inferred replacement
1825 series.xlsx,Swellendam 1825,AI2458,Swellendam,2458,wheat_sown,6½,6.5,unambiguous_fraction,Original workbook header and cell; unresolved values have no inferred replacement
1825 series.xlsx,Swellendam 1825,AS2458,Swellendam,2458,brandy,½,0.5,unambiguous_fraction,Original workbook header and cell; unresolved values have no inferred replacement
1825 series.xlsx,Swellendam 1825,AJ2471,Swellendam,2471,barley_sown,1½,1.5,unambiguous_fraction,Original workbook header and cell; unresolved values have no inferred replacement
1825 series.xlsx,Swellendam 1825,AI2477,Swellendam,2477,wheat_sown,5½,5.5,unambiguous_fraction,Original workbook header and cell; unresolved values have no inferred replacement
1825 series.xlsx,Swellendam 1825,AI2494,Swellendam,2494,wheat_sown,2½,2.5,unambiguous_fraction,Original workbook header and cell; unresolved values have no inferred replacement
1825 series.xlsx,Swellendam 1825,AJ2494,Swellendam,2494,barley_sown,2¾,2.75,unambiguous_fraction,Original workbook header and cell; unresolved values have no inferred replacement
1825 series.xlsx,Swellendam 1825,AL2494,Swellendam,2494,oats_sown,7½,7.5,unambiguous_fraction,Original workbook header and cell; unresolved values have no inferred replacement
1825 series.xlsx,Swellendam 1825,AJ2496,Swellendam,2496,barley_sown,1¾,1.75,unambiguous_fraction,Original workbook header and cell; unresolved values have no inferred replacement
1825 series.xlsx,Swellendam 1825,AS2649,Swellendam,2649,brandy,½,0.5,unambiguous_fraction,Original workbook header and cell; unresolved values have no inferred replacement
1825 series.xlsx,Swellendam 1825,AI2660,Swellendam,2660,wheat_sown,4¾,4.75,unambiguous_fraction,Original workbook header and cell; unresolved values have no inferred replacement
1825 series.xlsx,Swellendam 1825,AJ2660,Swellendam,2660,barley_sown,1½,1.5,unambiguous_fraction,Original workbook header and cell; unresolved values have no inferred replacement
1825 series.xlsx,Swellendam 1825,AI2662,Swellendam,2662,wheat_sown,3½,3.5,unambiguous_fraction,Original workbook header and cell; unresolved values have no inferred replacement
1825 series.xlsx,Swellendam 1825,AJ2706,Swellendam,2706,barley_sown,½,0.5,unambiguous_fraction,Original workbook header and cell; unresolved values have no inferred replacement
1825 series.xlsx,Swellendam 1825,AI2707,Swellendam,2707,wheat_sown,¾,0.75,unambiguous_fraction,Original workbook header and cell; unresolved values have no inferred replacement
1825 series.xlsx,Swellendam 1825,AI2711,Swellendam,2711,wheat_sown,5¾,5.75,unambiguous_fraction,Original workbook header and cell; unresolved values have no inferred replacement
1825 series.xlsx,Swellendam 1825,AN2718,Swellendam,2718,barley_reaped,60½,60.5,unambiguous_fraction,Original workbook header and cell; unresolved values have no inferred replacement
1825 series.xlsx,Swellendam 1825,AI2720,Swellendam,2720,wheat_sown,7½,7.5,unambiguous_fraction,Original workbook header and cell; unresolved values have no inferred replacement
1825 series.xlsx,Swellendam 1825,AI2724,Swellendam,2724,wheat_sown,3½,3.5,unambiguous_fraction,Original workbook header and cell; unresolved values have no inferred replacement
1825 series.xlsx,Swellendam 1825,AM2731,Swellendam,2731,wheat_reaped,4½,4.5,unambiguous_fraction,Original workbook header and cell; unresolved values have no inferred replacement
1825 series.xlsx,Swellendam 1825,AJ2733,Swellendam,2733,barley_sown,2½,2.5,unambiguous_fraction,Original workbook header and cell; unresolved values have no inferred replacement
1825 series.xlsx,Swellendam 1825,AK2733,Swellendam,2733,rye_sown,½,0.5,unambiguous_fraction,Original workbook header and cell; unresolved values have no inferred replacement
1825 series.xlsx,Swellendam 1825,AM2752,Swellendam,2752,wheat_reaped,22½,22.5,unambiguous_fraction,Original workbook header and cell; unresolved values have no inferred replacement
1825 series.xlsx,Swellendam 1825,AR2773,Swellendam,2773,wine,¼,0.25,unambiguous_fraction,Original workbook header and cell; unresolved values have no inferred replacement
1825 series.xlsx,Swellendam 1825,AS2773,Swellendam,2773,brandy,¼,0.25,unambiguous_fraction,Original workbook header and cell; unresolved values have no inferred replacement
1825 series.xlsx,Swellendam 1825,AK2785,Swellendam,2785,rye_sown,½,0.5,unambiguous_fraction,Original workbook header and cell; unresolved values have no inferred replacement
1825 series.xlsx,Swellendam 1825,AS2785,Swellendam,2785,brandy,½,0.5,unambiguous_fraction,Original workbook header and cell; unresolved values have no inferred replacement
1825 series.xlsx,Swellendam 1825,AJ2789,Swellendam,2789,barley_sown,1¾,1.75,unambiguous_fraction,Original workbook header and cell; unresolved values have no inferred replacement
1825 series.xlsx,Swellendam 1825,AI2835,Swellendam,2835,wheat_sown,½,0.5,unambiguous_fraction,Original workbook header and cell; unresolved values have no inferred replacement
1825 series.xlsx,Swellendam 1825,AS2853,Swellendam,2853,brandy,⅛,0.125,unambiguous_fraction,Original workbook header and cell; unresolved values have no inferred replacement
1825 series.xlsx,Swellendam 1825,AL2911,Swellendam,2911,oats_sown,½,0.5,unambiguous_fraction,Original workbook header and cell; unresolved values have no inferred replacement
1825 series.xlsx,Swellendam 1825,AS2947,Swellendam,2947,brandy,½,0.5,unambiguous_fraction,Original workbook header and cell; unresolved values have no inferred replacement
1825 series.xlsx,Swellendam 1825,AK2950,Swellendam,2950,rye_sown,½,0.5,unambiguous_fraction,Original workbook header and cell; unresolved values have no inferred replacement
1825 series.xlsx,Swellendam 1825,AR2963,Swellendam,2963,wine,½,0.5,unambiguous_fraction,Original workbook header and cell; unresolved values have no inferred replacement
1825 series.xlsx,Swellendam 1825,AS2963,Swellendam,2963,brandy,½,0.5,unambiguous_fraction,Original workbook header and cell; unresolved values have no inferred replacement
1825 series.xlsx,Swellendam 1825,AS2983,Swellendam,2983,brandy,¼,0.25,unambiguous_fraction,Original workbook header and cell; unresolved values have no inferred replacement
1825 series.xlsx,Swellendam 1825,AR2993,Swellendam,2993,wine,½,0.5,unambiguous_fraction,Original workbook header and cell; unresolved values have no inferred replacement
1825 series.xlsx,Swellendam 1825,AK2997,Swellendam,2997,rye_sown,½,0.5,unambiguous_fraction,Original workbook header and cell; unresolved values have no inferred replacement
1825 series.xlsx,Swellendam 1825,AK3010,Swellendam,3010,rye_sown,½,0.5,unambiguous_fraction,Original workbook header and cell; unresolved values have no inferred replacement
1825 series.xlsx,Swellendam 1825,AR3010,Swellendam,3010,wine,½,0.5,unambiguous_fraction,Original workbook header and cell; unresolved values have no inferred replacement
1825 series.xlsx,Swellendam 1825,AS3024,Swellendam,3024,brandy,½,0.5,unambiguous_fraction,Original workbook header and cell; unresolved values have no inferred replacement
1825 series.xlsx,Swellendam 1825,AS3064,Swellendam,3064,brandy,½,0.5,unambiguous_fraction,Original workbook header and cell; unresolved values have no inferred replacement
1825 series.xlsx,Uitenhage 1825,I6,Uitenhage,6,settler_daughters,"V: 1
3",,unresolved_annotation,Original workbook header and cell; unresolved values have no inferred replacement
1825 series.xlsx,Uitenhage 1825,H36,Uitenhage,36,settler_sons,1 / vrinde,,unresolved_annotation,Original workbook header and cell; unresolved values have no inferred replacement
1825 series.xlsx,Uitenhage 1825,H142,Uitenhage,142,settler_sons,"V: 1
4",,unresolved_annotation,Original workbook header and cell; unresolved values have no inferred replacement
1825 series.xlsx,Uitenhage 1825,AM299,Uitenhage,299,rye_sown,0.0625,0.0625,numeric,Original workbook header and cell; unresolved values have no inferred replacement
1825 series.xlsx,Uitenhage 1825,H332,Uitenhage,332,settler_sons,45,,unresolved_source_anomaly,Original workbook header and cell; unresolved values have no inferred replacement
1825 series.xlsx,Uitenhage 1825,AM332,Uitenhage,332,rye_sown,0.0625,0.0625,numeric,Original workbook header and cell; unresolved values have no inferred replacement
1825 series.xlsx,Uitenhage 1825,AU332,Uitenhage,332,brandy,2021-01-08 00:00:00,,unresolved_excel_date,Original workbook header and cell; unresolved values have no inferred replacement
1825 series.xlsx,Uitenhage 1825,AD345,Uitenhage,345,cattle_breeding,"V: 83
169",,unresolved_annotation,Original workbook header and cell; unresolved values have no inferred replacement
1825 series.xlsx,Uitenhage 1825,AC366,Uitenhage,366,cattle_oxen,"V: 8 
26",,unresolved_annotation,Original workbook header and cell; unresolved values have no inferred replacement
1825 series.xlsx,Uitenhage 1825,AD366,Uitenhage,366,cattle_breeding,"98
140
V: 68",,unresolved_annotation,Original workbook header and cell; unresolved values have no inferred replacement
1825 series.xlsx,Uitenhage 1825,AF366,Uitenhage,366,sheep_breeding,"V:30
50",,unresolved_annotation,Original workbook header and cell; unresolved values have no inferred replacement
1825 series.xlsx,Uitenhage 1825,AM389,Uitenhage,389,rye_sown,2021-01-08 00:00:00,,unresolved_excel_date,Original workbook header and cell; unresolved values have no inferred replacement
1825 series.xlsx,Uitenhage 1825,AM397,Uitenhage,397,rye_sown,2021-01-08 00:00:00,,unresolved_excel_date,Original workbook header and cell; unresolved values have no inferred replacement
1825 series.xlsx,Uitenhage 1825,AD498,Uitenhage,498,cattle_breeding,"72
H: 15",,unresolved_annotation,Original workbook header and cell; unresolved values have no inferred replacement
1825 series.xlsx,Uitenhage 1825,AF498,Uitenhage,498,sheep_breeding,"93
H: 20",,unresolved_annotation,Original workbook header and cell; unresolved values have no inferred replacement
1825 series.xlsx,Uitenhage 1825,AD512,Uitenhage,512,cattle_breeding,"75
H: 3",,unresolved_annotation,Original workbook header and cell; unresolved values have no inferred replacement
1825 series.xlsx,Uitenhage 1825,AI512,Uitenhage,512,goats,"189
H: 18",,unresolved_annotation,Original workbook header and cell; unresolved values have no inferred replacement
1825 series.xlsx,Uitenhage 1825,AC539,Uitenhage,539,cattle_oxen,"V: 24
24",,unresolved_annotation,Original workbook header and cell; unresolved values have no inferred replacement
1825 series.xlsx,Uitenhage 1825,AD539,Uitenhage,539,cattle_breeding,"V: 78
106",,unresolved_annotation,Original workbook header and cell; unresolved values have no inferred replacement
1825 series.xlsx,Uitenhage 1825,AF539,Uitenhage,539,sheep_breeding,"V: 180
504",,unresolved_annotation,Original workbook header and cell; unresolved values have no inferred replacement
1825 series.xlsx,Uitenhage 1825,AI539,Uitenhage,539,goats,"V: 111
460",,unresolved_annotation,Original workbook header and cell; unresolved values have no inferred replacement
1825 series.xlsx,Uitenhage 1825,F540,Uitenhage,540,settler_men,X,,unresolved_annotation,Original workbook header and cell; unresolved values have no inferred replacement
1825 series.xlsx,Uitenhage 1825,G540,Uitenhage,540,settler_women,X,,unresolved_annotation,Original workbook header and cell; unresolved values have no inferred replacement
1825 series.xlsx,Uitenhage 1825,K540,Uitenhage,540,khoe_men,X,,unresolved_annotation,Original workbook header and cell; unresolved values have no inferred replacement
1825 series.xlsx,Uitenhage 1825,M540,Uitenhage,540,khoe_women,X,,unresolved_annotation,Original workbook header and cell; unresolved values have no inferred replacement
1825 series.xlsx,Uitenhage 1825,O540,Uitenhage,540,freeblacks_men,X,,unresolved_annotation,Original workbook header and cell; unresolved values have no inferred replacement
1825 series.xlsx,Uitenhage 1825,Q540,Uitenhage,540,freeblacks_women,X,,unresolved_annotation,Original workbook header and cell; unresolved values have no inferred replacement
1825 series.xlsx,Uitenhage 1825,W540,Uitenhage,540,prize_men,X,,unresolved_annotation,Original workbook header and cell; unresolved values have no inferred replacement
1825 series.xlsx,Uitenhage 1825,Y540,Uitenhage,540,prize_women,X,,unresolved_annotation,Original workbook header and cell; unresolved values have no inferred replacement
1825 series.xlsx,Uitenhage 1825,S540,Uitenhage,540,slaves_men,X,,unresolved_annotation,Original workbook header and cell; unresolved values have no inferred replacement
1825 series.xlsx,Uitenhage 1825,U540,Uitenhage,540,slaves_women,X,,unresolved_annotation,Original workbook header and cell; unresolved values have no inferred replacement
1825 series.xlsx,Uitenhage 1825,H540,Uitenhage,540,settler_sons,X,,unresolved_annotation,Original workbook header and cell; unresolved values have no inferred replacement
1825 series.xlsx,Uitenhage 1825,I540,Uitenhage,540,settler_daughters,X,,unresolved_annotation,Original workbook header and cell; unresolved values have no inferred replacement
1825 series.xlsx,Uitenhage 1825,L540,Uitenhage,540,khoe_sons,X,,unresolved_annotation,Original workbook header and cell; unresolved values have no inferred replacement
1825 series.xlsx,Uitenhage 1825,N540,Uitenhage,540,khoe_daughters,X,,unresolved_annotation,Original workbook header and cell; unresolved values have no inferred replacement
1825 series.xlsx,Uitenhage 1825,P540,Uitenhage,540,freeblacks_sons,X,,unresolved_annotation,Original workbook header and cell; unresolved values have no inferred replacement
1825 series.xlsx,Uitenhage 1825,R540,Uitenhage,540,freeblacks_daughters,X,,unresolved_annotation,Original workbook header and cell; unresolved values have no inferred replacement
1825 series.xlsx,Uitenhage 1825,X540,Uitenhage,540,prize_sons,X,,unresolved_annotation,Original workbook header and cell; unresolved values have no inferred replacement
1825 series.xlsx,Uitenhage 1825,Z540,Uitenhage,540,prize_daughters,X,,unresolved_annotation,Original workbook header and cell; unresolved values have no inferred replacement
1825 series.xlsx,Uitenhage 1825,T540,Uitenhage,540,slaves_sons,X,,unresolved_annotation,Original workbook header and cell; unresolved values have no inferred replacement
1825 series.xlsx,Uitenhage 1825,V540,Uitenhage,540,slaves_daughters,X,,unresolved_annotation,Original workbook header and cell; unresolved values have no inferred replacement
1825 series.xlsx,Uitenhage 1825,AA540,Uitenhage,540,horses_saddle,X,,unresolved_annotation,Original workbook header and cell; unresolved values have no inferred replacement
1825 series.xlsx,Uitenhage 1825,AB540,Uitenhage,540,horses_breeding,X,,unresolved_annotation,Original workbook header and cell; unresolved values have no inferred replacement
1825 series.xlsx,Uitenhage 1825,AC540,Uitenhage,540,cattle_oxen,X,,unresolved_annotation,Original workbook header and cell; unresolved values have no inferred replacement
1825 series.xlsx,Uitenhage 1825,AD540,Uitenhage,540,cattle_breeding,X,,unresolved_annotation,Original workbook header and cell; unresolved values have no inferred replacement
1825 series.xlsx,Uitenhage 1825,AE540,Uitenhage,540,sheep_wethers,X,,unresolved_annotation,Original workbook header and cell; unresolved values have no inferred replacement
1825 series.xlsx,Uitenhage 1825,AF540,Uitenhage,540,sheep_breeding,X,,unresolved_annotation,Original workbook header and cell; unresolved values have no inferred replacement
1825 series.xlsx,Uitenhage 1825,AG540,Uitenhage,540,sheep_spanish,X,,unresolved_annotation,Original workbook header and cell; unresolved values have no inferred replacement
1825 series.xlsx,Uitenhage 1825,AH540,Uitenhage,540,donkeys,X,,unresolved_annotation,Original workbook header and cell; unresolved values have no inferred replacement
1825 series.xlsx,Uitenhage 1825,AI540,Uitenhage,540,goats,X,,unresolved_annotation,Original workbook header and cell; unresolved values have no inferred replacement
1825 series.xlsx,Uitenhage 1825,AJ540,Uitenhage,540,pigs,X,,unresolved_annotation,Original workbook header and cell; unresolved values have no inferred replacement
1825 series.xlsx,Uitenhage 1825,AK540,Uitenhage,540,wheat_sown,X,,unresolved_annotation,Original workbook header and cell; unresolved values have no inferred replacement
1825 series.xlsx,Uitenhage 1825,AL540,Uitenhage,540,barley_sown,X,,unresolved_annotation,Original workbook header and cell; unresolved values have no inferred replacement
1825 series.xlsx,Uitenhage 1825,AN540,Uitenhage,540,oats_sown,X,,unresolved_annotation,Original workbook header and cell; unresolved values have no inferred replacement
1825 series.xlsx,Uitenhage 1825,AM540,Uitenhage,540,rye_sown,X,,unresolved_annotation,Original workbook header and cell; unresolved values have no inferred replacement
1825 series.xlsx,Uitenhage 1825,AO540,Uitenhage,540,wheat_reaped,X,,unresolved_annotation,Original workbook header and cell; unresolved values have no inferred replacement
1825 series.xlsx,Uitenhage 1825,AP540,Uitenhage,540,barley_reaped,X,,unresolved_annotation,Original workbook header and cell; unresolved values have no inferred replacement
1825 series.xlsx,Uitenhage 1825,AR540,Uitenhage,540,oats_reaped,X,,unresolved_annotation,Original workbook header and cell; unresolved values have no inferred replacement
1825 series.xlsx,Uitenhage 1825,AQ540,Uitenhage,540,rye_reaped,X,,unresolved_annotation,Original workbook header and cell; unresolved values have no inferred replacement
1825 series.xlsx,Uitenhage 1825,AT540,Uitenhage,540,wine,X,,unresolved_annotation,Original workbook header and cell; unresolved values have no inferred replacement
1825 series.xlsx,Uitenhage 1825,AU540,Uitenhage,540,brandy,X,,unresolved_annotation,Original workbook header and cell; unresolved values have no inferred replacement
1825 series.xlsx,Uitenhage 1825,AD558,Uitenhage,558,cattle_breeding,"H: 35
14",,unresolved_annotation,Original workbook header and cell; unresolved values have no inferred replacement
1825 series.xlsx,Uitenhage 1825,AD571,Uitenhage,571,cattle_breeding,"V: 49
99
H: 2",,unresolved_annotation,Original workbook header and cell; unresolved values have no inferred replacement
1825 series.xlsx,Uitenhage 1825,AF571,Uitenhage,571,sheep_breeding,"488
H: 13",,unresolved_annotation,Original workbook header and cell; unresolved values have no inferred replacement
1825 series.xlsx,Uitenhage 1825,AI571,Uitenhage,571,goats,V: 96,,unresolved_annotation,Original workbook header and cell; unresolved values have no inferred replacement
1825 series.xlsx,Uitenhage 1825,AD572,Uitenhage,572,cattle_breeding,"157
H: 4",,unresolved_annotation,Original workbook header and cell; unresolved values have no inferred replacement
1825 series.xlsx,Uitenhage 1825,AF572,Uitenhage,572,sheep_breeding,"H: 11
504",,unresolved_annotation,Original workbook header and cell; unresolved values have no inferred replacement
1825 series.xlsx,Uitenhage 1825,AD589,Uitenhage,589,cattle_breeding,"69
H: 8",,unresolved_annotation,Original workbook header and cell; unresolved values have no inferred replacement
1825 series.xlsx,Uitenhage 1825,AF589,Uitenhage,589,sheep_breeding,"234
H: 37",,unresolved_annotation,Original workbook header and cell; unresolved values have no inferred replacement
1825 series.xlsx,Uitenhage 1825,AF644,Uitenhage,644,sheep_breeding,"H: 52
667",,unresolved_annotation,Original workbook header and cell; unresolved values have no inferred replacement
1825 series.xlsx,Uitenhage 1825,AI644,Uitenhage,644,goats,"334
H: 94",,unresolved_annotation,Original workbook header and cell; unresolved values have no inferred replacement
1825 series.xlsx,Uitenhage 1825,AI646,Uitenhage,646,goats,"350
H: 162",,unresolved_annotation,Original workbook header and cell; unresolved values have no inferred replacement
1825 series.xlsx,Uitenhage 1825,AD653,Uitenhage,653,cattle_breeding,"106
H: 3",,unresolved_annotation,Original workbook header and cell; unresolved values have no inferred replacement
1825 series.xlsx,Uitenhage 1825,AD658,Uitenhage,658,cattle_breeding,"V: 29
174",,unresolved_annotation,Original workbook header and cell; unresolved values have no inferred replacement
1825 series.xlsx,Uitenhage 1825,AD659,Uitenhage,659,cattle_breeding,"60
H: 6",,unresolved_annotation,Original workbook header and cell; unresolved values have no inferred replacement
1825 series.xlsx,Uitenhage 1825,AF659,Uitenhage,659,sheep_breeding,"91
12",,unresolved_annotation,Original workbook header and cell; unresolved values have no inferred replacement
1825 series.xlsx,Uitenhage 1825,AB682,Uitenhage,682,horses_breeding,"15
H: 1",,unresolved_annotation,Original workbook header and cell; unresolved values have no inferred replacement
1825 series.xlsx,Uitenhage 1825,AD682,Uitenhage,682,cattle_breeding,"86
H: 18",,unresolved_annotation,Original workbook header and cell; unresolved values have no inferred replacement
1825 series.xlsx,Uitenhage 1825,AF682,Uitenhage,682,sheep_breeding,"822
H: 23",,unresolved_annotation,Original workbook header and cell; unresolved values have no inferred replacement
1825 series.xlsx,Uitenhage 1825,AI682,Uitenhage,682,goats,"289
57",,unresolved_annotation,Original workbook header and cell; unresolved values have no inferred replacement
1825 series.xlsx,Uitenhage 1825,AD686,Uitenhage,686,cattle_breeding,"V: 8
46
H: 15",,unresolved_annotation,Original workbook header and cell; unresolved values have no inferred replacement
1825 series.xlsx,Uitenhage 1825,AI686,Uitenhage,686,goats,"V: 42
194
H: 24",,unresolved_annotation,Original workbook header and cell; unresolved values have no inferred replacement
1825 series.xlsx,Uitenhage 1825,AD708,Uitenhage,708,cattle_breeding,"163
H: 15",,unresolved_annotation,Original workbook header and cell; unresolved values have no inferred replacement
1825 series.xlsx,Uitenhage 1825,AI708,Uitenhage,708,goats,"581
H: 30",,unresolved_annotation,Original workbook header and cell; unresolved values have no inferred replacement
1825 series.xlsx,Uitenhage 1825,AD717,Uitenhage,717,cattle_breeding,K: 20,,unresolved_annotation,Original workbook header and cell; unresolved values have no inferred replacement
1825 series.xlsx,Uitenhage 1825,AI717,Uitenhage,717,goats,"45
K: 20",,unresolved_annotation,Original workbook header and cell; unresolved values have no inferred replacement
1825 series.xlsx,Uitenhage 1825,AD732,Uitenhage,732,cattle_breeding,"H: 25
18",,unresolved_annotation,Original workbook header and cell; unresolved values have no inferred replacement
1825 series.xlsx,Uitenhage 1825,AF732,Uitenhage,732,sheep_breeding,"H: 10
300",,unresolved_annotation,Original workbook header and cell; unresolved values have no inferred replacement
1825 series.xlsx,Uitenhage 1825,AD746,Uitenhage,746,cattle_breeding,"H: 81
106",,unresolved_annotation,Original workbook header and cell; unresolved values have no inferred replacement
1825 series.xlsx,Uitenhage 1825,AD859,Uitenhage,859,cattle_breeding,"K: 55
24",,unresolved_annotation,Original workbook header and cell; unresolved values have no inferred replacement
1825 series.xlsx,Uitenhage 1825,AD879,Uitenhage,879,cattle_breeding,"K: 28
6",,unresolved_annotation,Original workbook header and cell; unresolved values have no inferred replacement
1825 series.xlsx,Uitenhage 1825,AF896,Uitenhage,896,sheep_breeding,"V: 355
270",,unresolved_annotation,Original workbook header and cell; unresolved values have no inferred replacement
1825 series.xlsx,Uitenhage 1825,AD906,Uitenhage,906,cattle_breeding,"119
H: 10",,unresolved_annotation,Original workbook header and cell; unresolved values have no inferred replacement
1825 series.xlsx,Worcester 1824,H3,Worcester,3,settler_women,,0.0,corrected_header_mapping,Original workbook header and cell; unresolved values have no inferred replacement
1825 series.xlsx,Worcester 1824,H4,Worcester,4,settler_women,,0.0,corrected_header_mapping,Original workbook header and cell; unresolved values have no inferred replacement
1825 series.xlsx,Worcester 1824,H5,Worcester,5,settler_women,1,1.0,corrected_header_mapping,Original workbook header and cell; unresolved values have no inferred replacement
1825 series.xlsx,Worcester 1824,H6,Worcester,6,settler_women,1,1.0,corrected_header_mapping,Original workbook header and cell; unresolved values have no inferred replacement
1825 series.xlsx,Worcester 1824,H7,Worcester,7,settler_women,1,1.0,corrected_header_mapping,Original workbook header and cell; unresolved values have no inferred replacement
1825 series.xlsx,Worcester 1824,H8,Worcester,8,settler_women,1,1.0,corrected_header_mapping,Original workbook header and cell; unresolved values have no inferred replacement
1825 series.xlsx,Worcester 1824,H9,Worcester,9,settler_women,1,1.0,corrected_header_mapping,Original workbook header and cell; unresolved values have no inferred replacement
1825 series.xlsx,Worcester 1824,H10,Worcester,10,settler_women,1,1.0,corrected_header_mapping,Original workbook header and cell; unresolved values have no inferred replacement
1825 series.xlsx,Worcester 1824,H11,Worcester,11,settler_women,,0.0,corrected_header_mapping,Original workbook header and cell; unresolved values have no inferred replacement
1825 series.xlsx,Worcester 1824,H12,Worcester,12,settler_women,,0.0,corrected_header_mapping,Original workbook header and cell; unresolved values have no inferred replacement
1825 series.xlsx,Worcester 1824,H13,Worcester,13,settler_women,,0.0,corrected_header_mapping,Original workbook header and cell; unresolved values have no inferred replacement
1825 series.xlsx,Worcester 1824,H14,Worcester,14,settler_women,,0.0,corrected_header_mapping,Original workbook header and cell; unresolved values have no inferred replacement
1825 series.xlsx,Worcester 1824,H15,Worcester,15,settler_women,,0.0,corrected_header_mapping,Original workbook header and cell; unresolved values have no inferred replacement
1825 series.xlsx,Worcester 1824,H16,Worcester,16,settler_women,1,1.0,corrected_header_mapping,Original workbook header and cell; unresolved values have no inferred replacement
1825 series.xlsx,Worcester 1824,H17,Worcester,17,settler_women,,0.0,corrected_header_mapping,Original workbook header and cell; unresolved values have no inferred replacement
1825 series.xlsx,Worcester 1824,H18,Worcester,18,settler_women,1,1.0,corrected_header_mapping,Original workbook header and cell; unresolved values have no inferred replacement
1825 series.xlsx,Worcester 1824,H19,Worcester,19,settler_women,1,1.0,corrected_header_mapping,Original workbook header and cell; unresolved values have no inferred replacement
1825 series.xlsx,Worcester 1824,H20,Worcester,20,settler_women,1,1.0,corrected_header_mapping,Original workbook header and cell; unresolved values have no inferred replacement
1825 series.xlsx,Worcester 1824,H21,Worcester,21,settler_women,1,1.0,corrected_header_mapping,Original workbook header and cell; unresolved values have no inferred replacement
1825 series.xlsx,Worcester 1824,H22,Worcester,22,settler_women,1,1.0,corrected_header_mapping,Original workbook header and cell; unresolved values have no inferred replacement
1825 series.xlsx,Worcester 1824,H23,Worcester,23,settler_women,,0.0,corrected_header_mapping,Original workbook header and cell; unresolved values have no inferred replacement
1825 series.xlsx,Worcester 1824,H24,Worcester,24,settler_women,1,1.0,corrected_header_mapping,Original workbook header and cell; unresolved values have no inferred replacement
1825 series.xlsx,Worcester 1824,H25,Worcester,25,settler_women,1,1.0,corrected_header_mapping,Original workbook header and cell; unresolved values have no inferred replacement
1825 series.xlsx,Worcester 1824,H26,Worcester,26,settler_women,,0.0,corrected_header_mapping,Original workbook header and cell; unresolved values have no inferred replacement
1825 series.xlsx,Worcester 1824,H27,Worcester,27,settler_women,1,1.0,corrected_header_mapping,Original workbook header and cell; unresolved values have no inferred replacement
1825 series.xlsx,Worcester 1824,H28,Worcester,28,settler_women,,0.0,corrected_header_mapping,Original workbook header and cell; unresolved values have no inferred replacement
1825 series.xlsx,Worcester 1824,H29,Worcester,29,settler_women,,0.0,corrected_header_mapping,Original workbook header and cell; unresolved values have no inferred replacement
1825 series.xlsx,Worcester 1824,H30,Worcester,30,settler_women,1,1.0,corrected_header_mapping,Original workbook header and cell; unresolved values have no inferred replacement
1825 series.xlsx,Worcester 1824,H31,Worcester,31,settler_women,1,1.0,corrected_header_mapping,Original workbook header and cell; unresolved values have no inferred replacement
1825 series.xlsx,Worcester 1824,H32,Worcester,32,settler_women,,0.0,corrected_header_mapping,Original workbook header and cell; unresolved values have no inferred replacement
1825 series.xlsx,Worcester 1824,H33,Worcester,33,settler_women,1,1.0,corrected_header_mapping,Original workbook header and cell; unresolved values have no inferred replacement
1825 series.xlsx,Worcester 1824,H34,Worcester,34,settler_women,1,1.0,corrected_header_mapping,Original workbook header and cell; unresolved values have no inferred replacement
1825 series.xlsx,Worcester 1824,H35,Worcester,35,settler_women,1,1.0,corrected_header_mapping,Original workbook header and cell; unresolved values have no inferred replacement
1825 series.xlsx,Worcester 1824,H36,Worcester,36,settler_women,,0.0,corrected_header_mapping,Original workbook header and cell; unresolved values have no inferred replacement
1825 series.xlsx,Worcester 1824,H37,Worcester,37,settler_women,1,1.0,corrected_header_mapping,Original workbook header and cell; unresolved values have no inferred replacement
1825 series.xlsx,Worcester 1824,H38,Worcester,38,settler_women,,0.0,corrected_header_mapping,Original workbook header and cell; unresolved values have no inferred replacement
1825 series.xlsx,Worcester 1824,H39,Worcester,39,settler_women,1,1.0,corrected_header_mapping,Original workbook header and cell; unresolved values have no inferred replacement
1825 series.xlsx,Worcester 1824,H40,Worcester,40,settler_women,1,1.0,corrected_header_mapping,Original workbook header and cell; unresolved values have no inferred replacement
1825 series.xlsx,Worcester 1824,H41,Worcester,41,settler_women,1,1.0,corrected_header_mapping,Original workbook header and cell; unresolved values have no inferred replacement
1825 series.xlsx,Worcester 1824,H42,Worcester,42,settler_women,,0.0,corrected_header_mapping,Original workbook header and cell; unresolved values have no inferred replacement
1825 series.xlsx,Worcester 1824,H43,Worcester,43,settler_women,1,1.0,corrected_header_mapping,Original workbook header and cell; unresolved values have no inferred replacement
1825 series.xlsx,Worcester 1824,H44,Worcester,44,settler_women,1,1.0,corrected_header_mapping,Original workbook header and cell; unresolved values have no inferred replacement
1825 series.xlsx,Worcester 1824,H45,Worcester,45,settler_women,1,1.0,corrected_header_mapping,Original workbook header and cell; unresolved values have no inferred replacement
1825 series.xlsx,Worcester 1824,H46,Worcester,46,settler_women,1,1.0,corrected_header_mapping,Original workbook header and cell; unresolved values have no inferred replacement
1825 series.xlsx,Worcester 1824,H47,Worcester,47,settler_women,1,1.0,corrected_header_mapping,Original workbook header and cell; unresolved values have no inferred replacement
1825 series.xlsx,Worcester 1824,H48,Worcester,48,settler_women,1,1.0,corrected_header_mapping,Original workbook header and cell; unresolved values have no inferred replacement
1825 series.xlsx,Worcester 1824,H49,Worcester,49,settler_women,1,1.0,corrected_header_mapping,Original workbook header and cell; unresolved values have no inferred replacement
1825 series.xlsx,Worcester 1824,H50,Worcester,50,settler_women,1,1.0,corrected_header_mapping,Original workbook header and cell; unresolved values have no inferred replacement
1825 series.xlsx,Worcester 1824,H51,Worcester,51,settler_women,,0.0,corrected_header_mapping,Original workbook header and cell; unresolved values have no inferred replacement
1825 series.xlsx,Worcester 1824,H52,Worcester,52,settler_women,1,1.0,corrected_header_mapping,Original workbook header and cell; unresolved values have no inferred replacement
1825 series.xlsx,Worcester 1824,H53,Worcester,53,settler_women,,0.0,corrected_header_mapping,Original workbook header and cell; unresolved values have no inferred replacement
1825 series.xlsx,Worcester 1824,H54,Worcester,54,settler_women,,0.0,corrected_header_mapping,Original workbook header and cell; unresolved values have no inferred replacement
1825 series.xlsx,Worcester 1824,H55,Worcester,55,settler_women,,0.0,corrected_header_mapping,Original workbook header and cell; unresolved values have no inferred replacement
1825 series.xlsx,Worcester 1824,H56,Worcester,56,settler_women,,0.0,corrected_header_mapping,Original workbook header and cell; unresolved values have no inferred replacement
1825 series.xlsx,Worcester 1824,H57,Worcester,57,settler_women,1,1.0,corrected_header_mapping,Original workbook header and cell; unresolved values have no inferred replacement
1825 series.xlsx,Worcester 1824,H58,Worcester,58,settler_women,,0.0,corrected_header_mapping,Original workbook header and cell; unresolved values have no inferred replacement
1825 series.xlsx,Worcester 1824,H59,Worcester,59,settler_women,1,1.0,corrected_header_mapping,Original workbook header and cell; unresolved values have no inferred replacement
1825 series.xlsx,Worcester 1824,H60,Worcester,60,settler_women,,0.0,corrected_header_mapping,Original workbook header and cell; unresolved values have no inferred replacement
1825 series.xlsx,Worcester 1824,H61,Worcester,61,settler_women,1,1.0,corrected_header_mapping,Original workbook header and cell; unresolved values have no inferred replacement
1825 series.xlsx,Worcester 1824,H62,Worcester,62,settler_women,,0.0,corrected_header_mapping,Original workbook header and cell; unresolved values have no inferred replacement
1825 series.xlsx,Worcester 1824,H63,Worcester,63,settler_women,1,1.0,corrected_header_mapping,Original workbook header and cell; unresolved values have no inferred replacement
1825 series.xlsx,Worcester 1824,H64,Worcester,64,settler_women,1,1.0,corrected_header_mapping,Original workbook header and cell; unresolved values have no inferred replacement
1825 series.xlsx,Worcester 1824,H65,Worcester,65,settler_women,1,1.0,corrected_header_mapping,Original workbook header and cell; unresolved values have no inferred replacement
1825 series.xlsx,Worcester 1824,H66,Worcester,66,settler_women,1,1.0,corrected_header_mapping,Original workbook header and cell; unresolved values have no inferred replacement
1825 series.xlsx,Worcester 1824,H67,Worcester,67,settler_women,1,1.0,corrected_header_mapping,Original workbook header and cell; unresolved values have no inferred replacement
1825 series.xlsx,Worcester 1824,H68,Worcester,68,settler_women,1,1.0,corrected_header_mapping,Original workbook header and cell; unresolved values have no inferred replacement
1825 series.xlsx,Worcester 1824,H69,Worcester,69,settler_women,,0.0,corrected_header_mapping,Original workbook header and cell; unresolved values have no inferred replacement
1825 series.xlsx,Worcester 1824,H70,Worcester,70,settler_women,1,1.0,corrected_header_mapping,Original workbook header and cell; unresolved values have no inferred replacement
1825 series.xlsx,Worcester 1824,H71,Worcester,71,settler_women,1,1.0,corrected_header_mapping,Original workbook header and cell; unresolved values have no inferred replacement
1825 series.xlsx,Worcester 1824,H72,Worcester,72,settler_women,1,1.0,corrected_header_mapping,Original workbook header and cell; unresolved values have no inferred replacement
1825 series.xlsx,Worcester 1824,H73,Worcester,73,settler_women,1,1.0,corrected_header_mapping,Original workbook header and cell; unresolved values have no inferred replacement
1825 series.xlsx,Worcester 1824,H74,Worcester,74,settler_women,1,1.0,corrected_header_mapping,Original workbook header and cell; unresolved values have no inferred replacement
1825 series.xlsx,Worcester 1824,H75,Worcester,75,settler_women,,0.0,corrected_header_mapping,Original workbook header and cell; unresolved values have no inferred replacement
1825 series.xlsx,Worcester 1824,H76,Worcester,76,settler_women,1,1.0,corrected_header_mapping,Original workbook header and cell; unresolved values have no inferred replacement
1825 series.xlsx,Worcester 1824,H77,Worcester,77,settler_women,1,1.0,corrected_header_mapping,Original workbook header and cell; unresolved values have no inferred replacement
1825 series.xlsx,Worcester 1824,H78,Worcester,78,settler_women,1,1.0,corrected_header_mapping,Original workbook header and cell; unresolved values have no inferred replacement
1825 series.xlsx,Worcester 1824,H79,Worcester,79,settler_women,1,1.0,corrected_header_mapping,Original workbook header and cell; unresolved values have no inferred replacement
1825 series.xlsx,Worcester 1824,H80,Worcester,80,settler_women,1,1.0,corrected_header_mapping,Original workbook header and cell; unresolved values have no inferred replacement
1825 series.xlsx,Worcester 1824,H81,Worcester,81,settler_women,,0.0,corrected_header_mapping,Original workbook header and cell; unresolved values have no inferred replacement
1825 series.xlsx,Worcester 1824,H82,Worcester,82,settler_women,1,1.0,corrected_header_mapping,Original workbook header and cell; unresolved values have no inferred replacement
1825 series.xlsx,Worcester 1824,H83,Worcester,83,settler_women,1,1.0,corrected_header_mapping,Original workbook header and cell; unresolved values have no inferred replacement
1825 series.xlsx,Worcester 1824,H84,Worcester,84,settler_women,1,1.0,corrected_header_mapping,Original workbook header and cell; unresolved values have no inferred replacement
1825 series.xlsx,Worcester 1824,H85,Worcester,85,settler_women,1,1.0,corrected_header_mapping,Original workbook header and cell; unresolved values have no inferred replacement
1825 series.xlsx,Worcester 1824,H86,Worcester,86,settler_women,,0.0,corrected_header_mapping,Original workbook header and cell; unresolved values have no inferred replacement
1825 series.xlsx,Worcester 1824,H87,Worcester,87,settler_women,1,1.0,corrected_header_mapping,Original workbook header and cell; unresolved values have no inferred replacement
1825 series.xlsx,Worcester 1824,H88,Worcester,88,settler_women,1,1.0,corrected_header_mapping,Original workbook header and cell; unresolved values have no inferred replacement
1825 series.xlsx,Worcester 1824,H89,Worcester,89,settler_women,1,1.0,corrected_header_mapping,Original workbook header and cell; unresolved values have no inferred replacement
1825 series.xlsx,Worcester 1824,H90,Worcester,90,settler_women,1,1.0,corrected_header_mapping,Original workbook header and cell; unresolved values have no inferred replacement
1825 series.xlsx,Worcester 1824,H91,Worcester,91,settler_women,1,1.0,corrected_header_mapping,Original workbook header and cell; unresolved values have no inferred replacement
1825 series.xlsx,Worcester 1824,H92,Worcester,92,settler_women,1,1.0,corrected_header_mapping,Original workbook header and cell; unresolved values have no inferred replacement
1825 series.xlsx,Worcester 1824,H93,Worcester,93,settler_women,,0.0,corrected_header_mapping,Original workbook header and cell; unresolved values have no inferred replacement
1825 series.xlsx,Worcester 1824,H94,Worcester,94,settler_women,,0.0,corrected_header_mapping,Original workbook header and cell; unresolved values have no inferred replacement
1825 series.xlsx,Worcester 1824,H95,Worcester,95,settler_women,1,1.0,corrected_header_mapping,Original workbook header and cell; unresolved values have no inferred replacement
1825 series.xlsx,Worcester 1824,H96,Worcester,96,settler_women,1,1.0,corrected_header_mapping,Original workbook header and cell; unresolved values have no inferred replacement
1825 series.xlsx,Worcester 1824,H97,Worcester,97,settler_women,,0.0,corrected_header_mapping,Original workbook header and cell; unresolved values have no inferred replacement
1825 series.xlsx,Worcester 1824,H98,Worcester,98,settler_women,1,1.0,corrected_header_mapping,Original workbook header and cell; unresolved values have no inferred replacement
1825 series.xlsx,Worcester 1824,H99,Worcester,99,settler_women,1,1.0,corrected_header_mapping,Original workbook header and cell; unresolved values have no inferred replacement
1825 series.xlsx,Worcester 1824,H100,Worcester,100,settler_women,,0.0,corrected_header_mapping,Original workbook header and cell; unresolved values have no inferred replacement
1825 series.xlsx,Worcester 1824,H101,Worcester,101,settler_women,1,1.0,corrected_header_mapping,Original workbook header and cell; unresolved values have no inferred replacement
1825 series.xlsx,Worcester 1824,H102,Worcester,102,settler_women,1,1.0,corrected_header_mapping,Original workbook header and cell; unresolved values have no inferred replacement
1825 series.xlsx,Worcester 1824,H103,Worcester,103,settler_women,,0.0,corrected_header_mapping,Original workbook header and cell; unresolved values have no inferred replacement
1825 series.xlsx,Worcester 1824,H104,Worcester,104,settler_women,,0.0,corrected_header_mapping,Original workbook header and cell; unresolved values have no inferred replacement
1825 series.xlsx,Worcester 1824,H105,Worcester,105,settler_women,,0.0,corrected_header_mapping,Original workbook header and cell; unresolved values have no inferred replacement
1825 series.xlsx,Worcester 1824,H106,Worcester,106,settler_women,,0.0,corrected_header_mapping,Original workbook header and cell; unresolved values have no inferred replacement
1825 series.xlsx,Worcester 1824,H107,Worcester,107,settler_women,1,1.0,corrected_header_mapping,Original workbook header and cell; unresolved values have no inferred replacement
1825 series.xlsx,Worcester 1824,H108,Worcester,108,settler_women,1,1.0,corrected_header_mapping,Original workbook header and cell; unresolved values have no inferred replacement
1825 series.xlsx,Worcester 1824,H109,Worcester,109,settler_women,1,1.0,corrected_header_mapping,Original workbook header and cell; unresolved values have no inferred replacement
1825 series.xlsx,Worcester 1824,H110,Worcester,110,settler_women,1,1.0,corrected_header_mapping,Original workbook header and cell; unresolved values have no inferred replacement
1825 series.xlsx,Worcester 1824,H111,Worcester,111,settler_women,,0.0,corrected_header_mapping,Original workbook header and cell; unresolved values have no inferred replacement
1825 series.xlsx,Worcester 1824,H112,Worcester,112,settler_women,1,1.0,corrected_header_mapping,Original workbook header and cell; unresolved values have no inferred replacement
1825 series.xlsx,Worcester 1824,H113,Worcester,113,settler_women,,0.0,corrected_header_mapping,Original workbook header and cell; unresolved values have no inferred replacement
1825 series.xlsx,Worcester 1824,H114,Worcester,114,settler_women,1,1.0,corrected_header_mapping,Original workbook header and cell; unresolved values have no inferred replacement
1825 series.xlsx,Worcester 1824,H115,Worcester,115,settler_women,1,1.0,corrected_header_mapping,Original workbook header and cell; unresolved values have no inferred replacement
1825 series.xlsx,Worcester 1824,H116,Worcester,116,settler_women,,0.0,corrected_header_mapping,Original workbook header and cell; unresolved values have no inferred replacement
1825 series.xlsx,Worcester 1824,H117,Worcester,117,settler_women,,0.0,corrected_header_mapping,Original workbook header and cell; unresolved values have no inferred replacement
1825 series.xlsx,Worcester 1824,H118,Worcester,118,settler_women,1,1.0,corrected_header_mapping,Original workbook header and cell; unresolved values have no inferred replacement
1825 series.xlsx,Worcester 1824,H119,Worcester,119,settler_women,,0.0,corrected_header_mapping,Original workbook header and cell; unresolved values have no inferred replacement
1825 series.xlsx,Worcester 1824,H120,Worcester,120,settler_women,,0.0,corrected_header_mapping,Original workbook header and cell; unresolved values have no inferred replacement
1825 series.xlsx,Worcester 1824,H121,Worcester,121,settler_women,,0.0,corrected_header_mapping,Original workbook header and cell; unresolved values have no inferred replacement
1825 series.xlsx,Worcester 1824,H122,Worcester,122,settler_women,1,1.0,corrected_header_mapping,Original workbook header and cell; unresolved values have no inferred replacement
1825 series.xlsx,Worcester 1824,H123,Worcester,123,settler_women,,0.0,corrected_header_mapping,Original workbook header and cell; unresolved values have no inferred replacement
1825 series.xlsx,Worcester 1824,H124,Worcester,124,settler_women,1,1.0,corrected_header_mapping,Original workbook header and cell; unresolved values have no inferred replacement
1825 series.xlsx,Worcester 1824,H125,Worcester,125,settler_women,,0.0,corrected_header_mapping,Original workbook header and cell; unresolved values have no inferred replacement
1825 series.xlsx,Worcester 1824,H126,Worcester,126,settler_women,1,1.0,corrected_header_mapping,Original workbook header and cell; unresolved values have no inferred replacement
1825 series.xlsx,Worcester 1824,H127,Worcester,127,settler_women,1,1.0,corrected_header_mapping,Original workbook header and cell; unresolved values have no inferred replacement
1825 series.xlsx,Worcester 1824,H128,Worcester,128,settler_women,,0.0,corrected_header_mapping,Original workbook header and cell; unresolved values have no inferred replacement
1825 series.xlsx,Worcester 1824,H129,Worcester,129,settler_women,1,1.0,corrected_header_mapping,Original workbook header and cell; unresolved values have no inferred replacement
1825 series.xlsx,Worcester 1824,H130,Worcester,130,settler_women,,0.0,corrected_header_mapping,Original workbook header and cell; unresolved values have no inferred replacement
1825 series.xlsx,Worcester 1824,H131,Worcester,131,settler_women,1,1.0,corrected_header_mapping,Original workbook header and cell; unresolved values have no inferred replacement
1825 series.xlsx,Worcester 1824,H132,Worcester,132,settler_women,,0.0,corrected_header_mapping,Original workbook header and cell; unresolved values have no inferred replacement
1825 series.xlsx,Worcester 1824,H133,Worcester,133,settler_women,,0.0,corrected_header_mapping,Original workbook header and cell; unresolved values have no inferred replacement
1825 series.xlsx,Worcester 1824,H134,Worcester,134,settler_women,1,1.0,corrected_header_mapping,Original workbook header and cell; unresolved values have no inferred replacement
1825 series.xlsx,Worcester 1824,H135,Worcester,135,settler_women,,0.0,corrected_header_mapping,Original workbook header and cell; unresolved values have no inferred replacement
1825 series.xlsx,Worcester 1824,H136,Worcester,136,settler_women,,0.0,corrected_header_mapping,Original workbook header and cell; unresolved values have no inferred replacement
1825 series.xlsx,Worcester 1824,H137,Worcester,137,settler_women,1,1.0,corrected_header_mapping,Original workbook header and cell; unresolved values have no inferred replacement
1825 series.xlsx,Worcester 1824,H138,Worcester,138,settler_women,1,1.0,corrected_header_mapping,Original workbook header and cell; unresolved values have no inferred replacement
1825 series.xlsx,Worcester 1824,H139,Worcester,139,settler_women,,0.0,corrected_header_mapping,Original workbook header and cell; unresolved values have no inferred replacement
1825 series.xlsx,Worcester 1824,H140,Worcester,140,settler_women,,0.0,corrected_header_mapping,Original workbook header and cell; unresolved values have no inferred replacement
1825 series.xlsx,Worcester 1824,H141,Worcester,141,settler_women,,0.0,corrected_header_mapping,Original workbook header and cell; unresolved values have no inferred replacement
1825 series.xlsx,Worcester 1824,H142,Worcester,142,settler_women,1,1.0,corrected_header_mapping,Original workbook header and cell; unresolved values have no inferred replacement
1825 series.xlsx,Worcester 1824,H143,Worcester,143,settler_women,1,1.0,corrected_header_mapping,Original workbook header and cell; unresolved values have no inferred replacement
1825 series.xlsx,Worcester 1824,H144,Worcester,144,settler_women,1,1.0,corrected_header_mapping,Original workbook header and cell; unresolved values have no inferred replacement
1825 series.xlsx,Worcester 1824,H145,Worcester,145,settler_women,1,1.0,corrected_header_mapping,Original workbook header and cell; unresolved values have no inferred replacement
1825 series.xlsx,Worcester 1824,H146,Worcester,146,settler_women,1,1.0,corrected_header_mapping,Original workbook header and cell; unresolved values have no inferred replacement
1825 series.xlsx,Worcester 1824,H147,Worcester,147,settler_women,,0.0,corrected_header_mapping,Original workbook header and cell; unresolved values have no inferred replacement
1825 series.xlsx,Worcester 1824,H148,Worcester,148,settler_women,1,1.0,corrected_header_mapping,Original workbook header and cell; unresolved values have no inferred replacement
1825 series.xlsx,Worcester 1824,H149,Worcester,149,settler_women,1,1.0,corrected_header_mapping,Original workbook header and cell; unresolved values have no inferred replacement
1825 series.xlsx,Worcester 1824,H150,Worcester,150,settler_women,1,1.0,corrected_header_mapping,Original workbook header and cell; unresolved values have no inferred replacement
1825 series.xlsx,Worcester 1824,H151,Worcester,151,settler_women,1,1.0,corrected_header_mapping,Original workbook header and cell; unresolved values have no inferred replacement
1825 series.xlsx,Worcester 1824,H152,Worcester,152,settler_women,,0.0,corrected_header_mapping,Original workbook header and cell; unresolved values have no inferred replacement
1825 series.xlsx,Worcester 1824,H153,Worcester,153,settler_women,1,1.0,corrected_header_mapping,Original workbook header and cell; unresolved values have no inferred replacement
1825 series.xlsx,Worcester 1824,H154,Worcester,154,settler_women,1,1.0,corrected_header_mapping,Original workbook header and cell; unresolved values have no inferred replacement
1825 series.xlsx,Worcester 1824,H155,Worcester,155,settler_women,,0.0,corrected_header_mapping,Original workbook header and cell; unresolved values have no inferred replacement
1825 series.xlsx,Worcester 1824,H156,Worcester,156,settler_women,1,1.0,corrected_header_mapping,Original workbook header and cell; unresolved values have no inferred replacement
1825 series.xlsx,Worcester 1824,H157,Worcester,157,settler_women,1,1.0,corrected_header_mapping,Original workbook header and cell; unresolved values have no inferred replacement
1825 series.xlsx,Worcester 1824,H158,Worcester,158,settler_women,,0.0,corrected_header_mapping,Original workbook header and cell; unresolved values have no inferred replacement
1825 series.xlsx,Worcester 1824,H159,Worcester,159,settler_women,1,1.0,corrected_header_mapping,Original workbook header and cell; unresolved values have no inferred replacement
1825 series.xlsx,Worcester 1824,H160,Worcester,160,settler_women,,0.0,corrected_header_mapping,Original workbook header and cell; unresolved values have no inferred replacement
1825 series.xlsx,Worcester 1824,H161,Worcester,161,settler_women,,0.0,corrected_header_mapping,Original workbook header and cell; unresolved values have no inferred replacement
1825 series.xlsx,Worcester 1824,H162,Worcester,162,settler_women,1,1.0,corrected_header_mapping,Original workbook header and cell; unresolved values have no inferred replacement
1825 series.xlsx,Worcester 1824,H163,Worcester,163,settler_women,1,1.0,corrected_header_mapping,Original workbook header and cell; unresolved values have no inferred replacement
1825 series.xlsx,Worcester 1824,H164,Worcester,164,settler_women,1,1.0,corrected_header_mapping,Original workbook header and cell; unresolved values have no inferred replacement
1825 series.xlsx,Worcester 1824,H165,Worcester,165,settler_women,1,1.0,corrected_header_mapping,Original workbook header and cell; unresolved values have no inferred replacement
1825 series.xlsx,Worcester 1824,H166,Worcester,166,settler_women,1,1.0,corrected_header_mapping,Original workbook header and cell; unresolved values have no inferred replacement
1825 series.xlsx,Worcester 1824,H167,Worcester,167,settler_women,,0.0,corrected_header_mapping,Original workbook header and cell; unresolved values have no inferred replacement
1825 series.xlsx,Worcester 1824,H168,Worcester,168,settler_women,1,1.0,corrected_header_mapping,Original workbook header and cell; unresolved values have no inferred replacement
1825 series.xlsx,Worcester 1824,H169,Worcester,169,settler_women,,0.0,corrected_header_mapping,Original workbook header and cell; unresolved values have no inferred replacement
1825 series.xlsx,Worcester 1824,H170,Worcester,170,settler_women,,0.0,corrected_header_mapping,Original workbook header and cell; unresolved values have no inferred replacement
1825 series.xlsx,Worcester 1824,H171,Worcester,171,settler_women,1,1.0,corrected_header_mapping,Original workbook header and cell; unresolved values have no inferred replacement
1825 series.xlsx,Worcester 1824,H172,Worcester,172,settler_women,,0.0,corrected_header_mapping,Original workbook header and cell; unresolved values have no inferred replacement
1825 series.xlsx,Worcester 1824,H173,Worcester,173,settler_women,1,1.0,corrected_header_mapping,Original workbook header and cell; unresolved values have no inferred replacement
1825 series.xlsx,Worcester 1824,H174,Worcester,174,settler_women,1,1.0,corrected_header_mapping,Original workbook header and cell; unresolved values have no inferred replacement
1825 series.xlsx,Worcester 1824,H175,Worcester,175,settler_women,1,1.0,corrected_header_mapping,Original workbook header and cell; unresolved values have no inferred replacement
1825 series.xlsx,Worcester 1824,H176,Worcester,176,settler_women,1,1.0,corrected_header_mapping,Original workbook header and cell; unresolved values have no inferred replacement
1825 series.xlsx,Worcester 1824,H177,Worcester,177,settler_women,,0.0,corrected_header_mapping,Original workbook header and cell; unresolved values have no inferred replacement
1825 series.xlsx,Worcester 1824,H178,Worcester,178,settler_women,1,1.0,corrected_header_mapping,Original workbook header and cell; unresolved values have no inferred replacement
1825 series.xlsx,Worcester 1824,H179,Worcester,179,settler_women,1,1.0,corrected_header_mapping,Original workbook header and cell; unresolved values have no inferred replacement
1825 series.xlsx,Worcester 1824,H180,Worcester,180,settler_women,1,1.0,corrected_header_mapping,Original workbook header and cell; unresolved values have no inferred replacement
1825 series.xlsx,Worcester 1824,H181,Worcester,181,settler_women,1,1.0,corrected_header_mapping,Original workbook header and cell; unresolved values have no inferred replacement
1825 series.xlsx,Worcester 1824,H182,Worcester,182,settler_women,1,1.0,corrected_header_mapping,Original workbook header and cell; unresolved values have no inferred replacement
1825 series.xlsx,Worcester 1824,H183,Worcester,183,settler_women,1,1.0,corrected_header_mapping,Original workbook header and cell; unresolved values have no inferred replacement
1825 series.xlsx,Worcester 1824,H184,Worcester,184,settler_women,1,1.0,corrected_header_mapping,Original workbook header and cell; unresolved values have no inferred replacement
1825 series.xlsx,Worcester 1824,H185,Worcester,185,settler_women,1,1.0,corrected_header_mapping,Original workbook header and cell; unresolved values have no inferred replacement
1825 series.xlsx,Worcester 1824,H186,Worcester,186,settler_women,1,1.0,corrected_header_mapping,Original workbook header and cell; unresolved values have no inferred replacement
1825 series.xlsx,Worcester 1824,H187,Worcester,187,settler_women,1,1.0,corrected_header_mapping,Original workbook header and cell; unresolved values have no inferred replacement
1825 series.xlsx,Worcester 1824,H188,Worcester,188,settler_women,1,1.0,corrected_header_mapping,Original workbook header and cell; unresolved values have no inferred replacement
1825 series.xlsx,Worcester 1824,H189,Worcester,189,settler_women,1,1.0,corrected_header_mapping,Original workbook header and cell; unresolved values have no inferred replacement
1825 series.xlsx,Worcester 1824,H190,Worcester,190,settler_women,1,1.0,corrected_header_mapping,Original workbook header and cell; unresolved values have no inferred replacement
1825 series.xlsx,Worcester 1824,H191,Worcester,191,settler_women,,0.0,corrected_header_mapping,Original workbook header and cell; unresolved values have no inferred replacement
1825 series.xlsx,Worcester 1824,H192,Worcester,192,settler_women,1,1.0,corrected_header_mapping,Original workbook header and cell; unresolved values have no inferred replacement
1825 series.xlsx,Worcester 1824,H193,Worcester,193,settler_women,1,1.0,corrected_header_mapping,Original workbook header and cell; unresolved values have no inferred replacement
1825 series.xlsx,Worcester 1824,H194,Worcester,194,settler_women,1,1.0,corrected_header_mapping,Original workbook header and cell; unresolved values have no inferred replacement
1825 series.xlsx,Worcester 1824,H195,Worcester,195,settler_women,1,1.0,corrected_header_mapping,Original workbook header and cell; unresolved values have no inferred replacement
1825 series.xlsx,Worcester 1824,H196,Worcester,196,settler_women,1,1.0,corrected_header_mapping,Original workbook header and cell; unresolved values have no inferred replacement
1825 series.xlsx,Worcester 1824,H197,Worcester,197,settler_women,1,1.0,corrected_header_mapping,Original workbook header and cell; unresolved values have no inferred replacement
1825 series.xlsx,Worcester 1824,H198,Worcester,198,settler_women,1,1.0,corrected_header_mapping,Original workbook header and cell; unresolved values have no inferred replacement
1825 series.xlsx,Worcester 1824,H199,Worcester,199,settler_women,1,1.0,corrected_header_mapping,Original workbook header and cell; unresolved values have no inferred replacement
1825 series.xlsx,Worcester 1824,H200,Worcester,200,settler_women,1,1.0,corrected_header_mapping,Original workbook header and cell; unresolved values have no inferred replacement
1825 series.xlsx,Worcester 1824,H201,Worcester,201,settler_women,1,1.0,corrected_header_mapping,Original workbook header and cell; unresolved values have no inferred replacement
1825 series.xlsx,Worcester 1824,H202,Worcester,202,settler_women,1,1.0,corrected_header_mapping,Original workbook header and cell; unresolved values have no inferred replacement
1825 series.xlsx,Worcester 1824,H203,Worcester,203,settler_women,,0.0,corrected_header_mapping,Original workbook header and cell; unresolved values have no inferred replacement
1825 series.xlsx,Worcester 1824,H204,Worcester,204,settler_women,1,1.0,corrected_header_mapping,Original workbook header and cell; unresolved values have no inferred replacement
1825 series.xlsx,Worcester 1824,H205,Worcester,205,settler_women,1,1.0,corrected_header_mapping,Original workbook header and cell; unresolved values have no inferred replacement
1825 series.xlsx,Worcester 1824,H206,Worcester,206,settler_women,,0.0,corrected_header_mapping,Original workbook header and cell; unresolved values have no inferred replacement
1825 series.xlsx,Worcester 1824,H207,Worcester,207,settler_women,1,1.0,corrected_header_mapping,Original workbook header and cell; unresolved values have no inferred replacement
1825 series.xlsx,Worcester 1824,H208,Worcester,208,settler_women,1,1.0,corrected_header_mapping,Original workbook header and cell; unresolved values have no inferred replacement
1825 series.xlsx,Worcester 1824,H209,Worcester,209,settler_women,1,1.0,corrected_header_mapping,Original workbook header and cell; unresolved values have no inferred replacement
1825 series.xlsx,Worcester 1824,H210,Worcester,210,settler_women,1,1.0,corrected_header_mapping,Original workbook header and cell; unresolved values have no inferred replacement
1825 series.xlsx,Worcester 1824,H211,Worcester,211,settler_women,,0.0,corrected_header_mapping,Original workbook header and cell; unresolved values have no inferred replacement
1825 series.xlsx,Worcester 1824,H212,Worcester,212,settler_women,1,1.0,corrected_header_mapping,Original workbook header and cell; unresolved values have no inferred replacement
1825 series.xlsx,Worcester 1824,H213,Worcester,213,settler_women,1,1.0,corrected_header_mapping,Original workbook header and cell; unresolved values have no inferred replacement
1825 series.xlsx,Worcester 1824,H214,Worcester,214,settler_women,,0.0,corrected_header_mapping,Original workbook header and cell; unresolved values have no inferred replacement
1825 series.xlsx,Worcester 1824,H215,Worcester,215,settler_women,,0.0,corrected_header_mapping,Original workbook header and cell; unresolved values have no inferred replacement
1825 series.xlsx,Worcester 1824,H216,Worcester,216,settler_women,,0.0,corrected_header_mapping,Original workbook header and cell; unresolved values have no inferred replacement
1825 series.xlsx,Worcester 1824,H217,Worcester,217,settler_women,,0.0,corrected_header_mapping,Original workbook header and cell; unresolved values have no inferred replacement
1825 series.xlsx,Worcester 1824,H218,Worcester,218,settler_women,,0.0,corrected_header_mapping,Original workbook header and cell; unresolved values have no inferred replacement
1825 series.xlsx,Worcester 1824,H219,Worcester,219,settler_women,,0.0,corrected_header_mapping,Original workbook header and cell; unresolved values have no inferred replacement
1825 series.xlsx,Worcester 1824,H220,Worcester,220,settler_women,1,1.0,corrected_header_mapping,Original workbook header and cell; unresolved values have no inferred replacement
1825 series.xlsx,Worcester 1824,H221,Worcester,221,settler_women,1,1.0,corrected_header_mapping,Original workbook header and cell; unresolved values have no inferred replacement
1825 series.xlsx,Worcester 1824,H222,Worcester,222,settler_women,,0.0,corrected_header_mapping,Original workbook header and cell; unresolved values have no inferred replacement
1825 series.xlsx,Worcester 1824,H223,Worcester,223,settler_women,1,1.0,corrected_header_mapping,Original workbook header and cell; unresolved values have no inferred replacement
1825 series.xlsx,Worcester 1824,H224,Worcester,224,settler_women,1,1.0,corrected_header_mapping,Original workbook header and cell; unresolved values have no inferred replacement
1825 series.xlsx,Worcester 1824,H225,Worcester,225,settler_women,1,1.0,corrected_header_mapping,Original workbook header and cell; unresolved values have no inferred replacement
1825 series.xlsx,Worcester 1824,H226,Worcester,226,settler_women,,0.0,corrected_header_mapping,Original workbook header and cell; unresolved values have no inferred replacement
1825 series.xlsx,Worcester 1824,H227,Worcester,227,settler_women,1,1.0,corrected_header_mapping,Original workbook header and cell; unresolved values have no inferred replacement
1825 series.xlsx,Worcester 1824,H228,Worcester,228,settler_women,1,1.0,corrected_header_mapping,Original workbook header and cell; unresolved values have no inferred replacement
1825 series.xlsx,Worcester 1824,H229,Worcester,229,settler_women,1,1.0,corrected_header_mapping,Original workbook header and cell; unresolved values have no inferred replacement
1825 series.xlsx,Worcester 1824,H230,Worcester,230,settler_women,1,1.0,corrected_header_mapping,Original workbook header and cell; unresolved values have no inferred replacement
1825 series.xlsx,Worcester 1824,H231,Worcester,231,settler_women,,0.0,corrected_header_mapping,Original workbook header and cell; unresolved values have no inferred replacement
1825 series.xlsx,Worcester 1824,H232,Worcester,232,settler_women,,0.0,corrected_header_mapping,Original workbook header and cell; unresolved values have no inferred replacement
1825 series.xlsx,Worcester 1824,H233,Worcester,233,settler_women,1,1.0,corrected_header_mapping,Original workbook header and cell; unresolved values have no inferred replacement
1825 series.xlsx,Worcester 1824,H234,Worcester,234,settler_women,1,1.0,corrected_header_mapping,Original workbook header and cell; unresolved values have no inferred replacement
1825 series.xlsx,Worcester 1824,H235,Worcester,235,settler_women,1,1.0,corrected_header_mapping,Original workbook header and cell; unresolved values have no inferred replacement
1825 series.xlsx,Worcester 1824,H236,Worcester,236,settler_women,1,1.0,corrected_header_mapping,Original workbook header and cell; unresolved values have no inferred replacement
1825 series.xlsx,Worcester 1824,H237,Worcester,237,settler_women,,0.0,corrected_header_mapping,Original workbook header and cell; unresolved values have no inferred replacement
1825 series.xlsx,Worcester 1824,H238,Worcester,238,settler_women,1,1.0,corrected_header_mapping,Original workbook header and cell; unresolved values have no inferred replacement
1825 series.xlsx,Worcester 1824,H239,Worcester,239,settler_women,1,1.0,corrected_header_mapping,Original workbook header and cell; unresolved values have no inferred replacement
1825 series.xlsx,Worcester 1824,H240,Worcester,240,settler_women,,0.0,corrected_header_mapping,Original workbook header and cell; unresolved values have no inferred replacement
1825 series.xlsx,Worcester 1824,H241,Worcester,241,settler_women,1,1.0,corrected_header_mapping,Original workbook header and cell; unresolved values have no inferred replacement
1825 series.xlsx,Worcester 1824,H242,Worcester,242,settler_women,1,1.0,corrected_header_mapping,Original workbook header and cell; unresolved values have no inferred replacement
1825 series.xlsx,Worcester 1824,H243,Worcester,243,settler_women,,0.0,corrected_header_mapping,Original workbook header and cell; unresolved values have no inferred replacement
1825 series.xlsx,Worcester 1824,H244,Worcester,244,settler_women,,0.0,corrected_header_mapping,Original workbook header and cell; unresolved values have no inferred replacement
1825 series.xlsx,Worcester 1824,H245,Worcester,245,settler_women,,0.0,corrected_header_mapping,Original workbook header and cell; unresolved values have no inferred replacement
1825 series.xlsx,Worcester 1824,H246,Worcester,246,settler_women,1,1.0,corrected_header_mapping,Original workbook header and cell; unresolved values have no inferred replacement
1825 series.xlsx,Worcester 1824,H247,Worcester,247,settler_women,1,1.0,corrected_header_mapping,Original workbook header and cell; unresolved values have no inferred replacement
1825 series.xlsx,Worcester 1824,H248,Worcester,248,settler_women,,0.0,corrected_header_mapping,Original workbook header and cell; unresolved values have no inferred replacement
1825 series.xlsx,Worcester 1824,H249,Worcester,249,settler_women,1,1.0,corrected_header_mapping,Original workbook header and cell; unresolved values have no inferred replacement
1825 series.xlsx,Worcester 1824,H250,Worcester,250,settler_women,1,1.0,corrected_header_mapping,Original workbook header and cell; unresolved values have no inferred replacement
1825 series.xlsx,Worcester 1824,H251,Worcester,251,settler_women,,0.0,corrected_header_mapping,Original workbook header and cell; unresolved values have no inferred replacement
1825 series.xlsx,Worcester 1824,H252,Worcester,252,settler_women,1,1.0,corrected_header_mapping,Original workbook header and cell; unresolved values have no inferred replacement
1825 series.xlsx,Worcester 1824,H253,Worcester,253,settler_women,1,1.0,corrected_header_mapping,Original workbook header and cell; unresolved values have no inferred replacement
1825 series.xlsx,Worcester 1824,H254,Worcester,254,settler_women,,0.0,corrected_header_mapping,Original workbook header and cell; unresolved values have no inferred replacement
1825 series.xlsx,Worcester 1824,H255,Worcester,255,settler_women,,0.0,corrected_header_mapping,Original workbook header and cell; unresolved values have no inferred replacement
1825 series.xlsx,Worcester 1824,H256,Worcester,256,settler_women,1,1.0,corrected_header_mapping,Original workbook header and cell; unresolved values have no inferred replacement
1825 series.xlsx,Worcester 1824,H257,Worcester,257,settler_women,1,1.0,corrected_header_mapping,Original workbook header and cell; unresolved values have no inferred replacement
1825 series.xlsx,Worcester 1824,H258,Worcester,258,settler_women,1,1.0,corrected_header_mapping,Original workbook header and cell; unresolved values have no inferred replacement
1825 series.xlsx,Worcester 1824,H259,Worcester,259,settler_women,,0.0,corrected_header_mapping,Original workbook header and cell; unresolved values have no inferred replacement
1825 series.xlsx,Worcester 1824,H260,Worcester,260,settler_women,,0.0,corrected_header_mapping,Original workbook header and cell; unresolved values have no inferred replacement
1825 series.xlsx,Worcester 1824,H261,Worcester,261,settler_women,1,1.0,corrected_header_mapping,Original workbook header and cell; unresolved values have no inferred replacement
1825 series.xlsx,Worcester 1824,H262,Worcester,262,settler_women,1,1.0,corrected_header_mapping,Original workbook header and cell; unresolved values have no inferred replacement
1825 series.xlsx,Worcester 1824,H263,Worcester,263,settler_women,,0.0,corrected_header_mapping,Original workbook header and cell; unresolved values have no inferred replacement
1825 series.xlsx,Worcester 1824,H264,Worcester,264,settler_women,1,1.0,corrected_header_mapping,Original workbook header and cell; unresolved values have no inferred replacement
1825 series.xlsx,Worcester 1824,H265,Worcester,265,settler_women,,0.0,corrected_header_mapping,Original workbook header and cell; unresolved values have no inferred replacement
1825 series.xlsx,Worcester 1824,H266,Worcester,266,settler_women,1,1.0,corrected_header_mapping,Original workbook header and cell; unresolved values have no inferred replacement
1825 series.xlsx,Worcester 1824,H267,Worcester,267,settler_women,1,1.0,corrected_header_mapping,Original workbook header and cell; unresolved values have no inferred replacement
1825 series.xlsx,Worcester 1824,H268,Worcester,268,settler_women,,0.0,corrected_header_mapping,Original workbook header and cell; unresolved values have no inferred replacement
1825 series.xlsx,Worcester 1824,H269,Worcester,269,settler_women,,0.0,corrected_header_mapping,Original workbook header and cell; unresolved values have no inferred replacement
1825 series.xlsx,Worcester 1824,H270,Worcester,270,settler_women,1,1.0,corrected_header_mapping,Original workbook header and cell; unresolved values have no inferred replacement
1825 series.xlsx,Worcester 1824,H271,Worcester,271,settler_women,,0.0,corrected_header_mapping,Original workbook header and cell; unresolved values have no inferred replacement
1825 series.xlsx,Worcester 1824,H272,Worcester,272,settler_women,,0.0,corrected_header_mapping,Original workbook header and cell; unresolved values have no inferred replacement
1825 series.xlsx,Worcester 1824,H273,Worcester,273,settler_women,,0.0,corrected_header_mapping,Original workbook header and cell; unresolved values have no inferred replacement
1825 series.xlsx,Worcester 1824,H274,Worcester,274,settler_women,1,1.0,corrected_header_mapping,Original workbook header and cell; unresolved values have no inferred replacement
1825 series.xlsx,Worcester 1824,H275,Worcester,275,settler_women,1,1.0,corrected_header_mapping,Original workbook header and cell; unresolved values have no inferred replacement
1825 series.xlsx,Worcester 1824,H276,Worcester,276,settler_women,,0.0,corrected_header_mapping,Original workbook header and cell; unresolved values have no inferred replacement
1825 series.xlsx,Worcester 1824,H277,Worcester,277,settler_women,1,1.0,corrected_header_mapping,Original workbook header and cell; unresolved values have no inferred replacement
1825 series.xlsx,Worcester 1824,H278,Worcester,278,settler_women,1,1.0,corrected_header_mapping,Original workbook header and cell; unresolved values have no inferred replacement
1825 series.xlsx,Worcester 1824,H279,Worcester,279,settler_women,1,1.0,corrected_header_mapping,Original workbook header and cell; unresolved values have no inferred replacement
1825 series.xlsx,Worcester 1824,H280,Worcester,280,settler_women,,0.0,corrected_header_mapping,Original workbook header and cell; unresolved values have no inferred replacement
1825 series.xlsx,Worcester 1824,H281,Worcester,281,settler_women,,0.0,corrected_header_mapping,Original workbook header and cell; unresolved values have no inferred replacement
1825 series.xlsx,Worcester 1824,H282,Worcester,282,settler_women,,0.0,corrected_header_mapping,Original workbook header and cell; unresolved values have no inferred replacement
1825 series.xlsx,Worcester 1824,H283,Worcester,283,settler_women,1,1.0,corrected_header_mapping,Original workbook header and cell; unresolved values have no inferred replacement
1825 series.xlsx,Worcester 1824,H284,Worcester,284,settler_women,1,1.0,corrected_header_mapping,Original workbook header and cell; unresolved values have no inferred replacement
1825 series.xlsx,Worcester 1824,H285,Worcester,285,settler_women,1,1.0,corrected_header_mapping,Original workbook header and cell; unresolved values have no inferred replacement
1825 series.xlsx,Worcester 1824,H286,Worcester,286,settler_women,1,1.0,corrected_header_mapping,Original workbook header and cell; unresolved values have no inferred replacement
1825 series.xlsx,Worcester 1824,H287,Worcester,287,settler_women,,0.0,corrected_header_mapping,Original workbook header and cell; unresolved values have no inferred replacement
1825 series.xlsx,Worcester 1824,H288,Worcester,288,settler_women,,0.0,corrected_header_mapping,Original workbook header and cell; unresolved values have no inferred replacement
1825 series.xlsx,Worcester 1824,H289,Worcester,289,settler_women,,0.0,corrected_header_mapping,Original workbook header and cell; unresolved values have no inferred replacement
1825 series.xlsx,Worcester 1824,H290,Worcester,290,settler_women,1,1.0,corrected_header_mapping,Original workbook header and cell; unresolved values have no inferred replacement
1825 series.xlsx,Worcester 1824,H291,Worcester,291,settler_women,,0.0,corrected_header_mapping,Original workbook header and cell; unresolved values have no inferred replacement
1825 series.xlsx,Worcester 1824,H292,Worcester,292,settler_women,,0.0,corrected_header_mapping,Original workbook header and cell; unresolved values have no inferred replacement
1825 series.xlsx,Worcester 1824,H293,Worcester,293,settler_women,1,1.0,corrected_header_mapping,Original workbook header and cell; unresolved values have no inferred replacement
1825 series.xlsx,Worcester 1824,H294,Worcester,294,settler_women,1,1.0,corrected_header_mapping,Original workbook header and cell; unresolved values have no inferred replacement
1825 series.xlsx,Worcester 1824,H295,Worcester,295,settler_women,1,1.0,corrected_header_mapping,Original workbook header and cell; unresolved values have no inferred replacement
1825 series.xlsx,Worcester 1824,H296,Worcester,296,settler_women,1,1.0,corrected_header_mapping,Original workbook header and cell; unresolved values have no inferred replacement
1825 series.xlsx,Worcester 1824,H297,Worcester,297,settler_women,,0.0,corrected_header_mapping,Original workbook header and cell; unresolved values have no inferred replacement
1825 series.xlsx,Worcester 1824,H298,Worcester,298,settler_women,1,1.0,corrected_header_mapping,Original workbook header and cell; unresolved values have no inferred replacement
1825 series.xlsx,Worcester 1824,H299,Worcester,299,settler_women,1,1.0,corrected_header_mapping,Original workbook header and cell; unresolved values have no inferred replacement
1825 series.xlsx,Worcester 1824,H300,Worcester,300,settler_women,,0.0,corrected_header_mapping,Original workbook header and cell; unresolved values have no inferred replacement
1825 series.xlsx,Worcester 1824,H301,Worcester,301,settler_women,,0.0,corrected_header_mapping,Original workbook header and cell; unresolved values have no inferred replacement
1825 series.xlsx,Worcester 1824,H302,Worcester,302,settler_women,1,1.0,corrected_header_mapping,Original workbook header and cell; unresolved values have no inferred replacement
1825 series.xlsx,Worcester 1824,H303,Worcester,303,settler_women,1,1.0,corrected_header_mapping,Original workbook header and cell; unresolved values have no inferred replacement
1825 series.xlsx,Worcester 1824,H304,Worcester,304,settler_women,1,1.0,corrected_header_mapping,Original workbook header and cell; unresolved values have no inferred replacement
1825 series.xlsx,Worcester 1824,H305,Worcester,305,settler_women,1,1.0,corrected_header_mapping,Original workbook header and cell; unresolved values have no inferred replacement
1825 series.xlsx,Worcester 1824,H306,Worcester,306,settler_women,,0.0,corrected_header_mapping,Original workbook header and cell; unresolved values have no inferred replacement
1825 series.xlsx,Worcester 1824,H307,Worcester,307,settler_women,1,1.0,corrected_header_mapping,Original workbook header and cell; unresolved values have no inferred replacement
1825 series.xlsx,Worcester 1824,H308,Worcester,308,settler_women,,0.0,corrected_header_mapping,Original workbook header and cell; unresolved values have no inferred replacement
1825 series.xlsx,Worcester 1824,H309,Worcester,309,settler_women,,0.0,corrected_header_mapping,Original workbook header and cell; unresolved values have no inferred replacement
1825 series.xlsx,Worcester 1824,H310,Worcester,310,settler_women,,0.0,corrected_header_mapping,Original workbook header and cell; unresolved values have no inferred replacement
1825 series.xlsx,Worcester 1824,H311,Worcester,311,settler_women,,0.0,corrected_header_mapping,Original workbook header and cell; unresolved values have no inferred replacement
1825 series.xlsx,Worcester 1824,H312,Worcester,312,settler_women,1,1.0,corrected_header_mapping,Original workbook header and cell; unresolved values have no inferred replacement
1825 series.xlsx,Worcester 1824,H313,Worcester,313,settler_women,1,1.0,corrected_header_mapping,Original workbook header and cell; unresolved values have no inferred replacement
1825 series.xlsx,Worcester 1824,H314,Worcester,314,settler_women,,0.0,corrected_header_mapping,Original workbook header and cell; unresolved values have no inferred replacement
1825 series.xlsx,Worcester 1824,H315,Worcester,315,settler_women,,0.0,corrected_header_mapping,Original workbook header and cell; unresolved values have no inferred replacement
1825 series.xlsx,Worcester 1824,H316,Worcester,316,settler_women,1,1.0,corrected_header_mapping,Original workbook header and cell; unresolved values have no inferred replacement
1825 series.xlsx,Worcester 1824,H317,Worcester,317,settler_women,,0.0,corrected_header_mapping,Original workbook header and cell; unresolved values have no inferred replacement
1825 series.xlsx,Worcester 1824,H318,Worcester,318,settler_women,,0.0,corrected_header_mapping,Original workbook header and cell; unresolved values have no inferred replacement
1825 series.xlsx,Worcester 1824,H319,Worcester,319,settler_women,,0.0,corrected_header_mapping,Original workbook header and cell; unresolved values have no inferred replacement
1825 series.xlsx,Worcester 1824,H320,Worcester,320,settler_women,,0.0,corrected_header_mapping,Original workbook header and cell; unresolved values have no inferred replacement
1825 series.xlsx,Worcester 1824,H321,Worcester,321,settler_women,1,1.0,corrected_header_mapping,Original workbook header and cell; unresolved values have no inferred replacement
1825 series.xlsx,Worcester 1824,H322,Worcester,322,settler_women,1,1.0,corrected_header_mapping,Original workbook header and cell; unresolved values have no inferred replacement
1825 series.xlsx,Worcester 1824,H323,Worcester,323,settler_women,1,1.0,corrected_header_mapping,Original workbook header and cell; unresolved values have no inferred replacement
1825 series.xlsx,Worcester 1824,H324,Worcester,324,settler_women,,0.0,corrected_header_mapping,Original workbook header and cell; unresolved values have no inferred replacement
1825 series.xlsx,Worcester 1824,H325,Worcester,325,settler_women,1,1.0,corrected_header_mapping,Original workbook header and cell; unresolved values have no inferred replacement
1825 series.xlsx,Worcester 1824,H326,Worcester,326,settler_women,1,1.0,corrected_header_mapping,Original workbook header and cell; unresolved values have no inferred replacement
1825 series.xlsx,Worcester 1824,H327,Worcester,327,settler_women,,0.0,corrected_header_mapping,Original workbook header and cell; unresolved values have no inferred replacement
1825 series.xlsx,Worcester 1824,H328,Worcester,328,settler_women,1,1.0,corrected_header_mapping,Original workbook header and cell; unresolved values have no inferred replacement
1825 series.xlsx,Worcester 1824,H329,Worcester,329,settler_women,,0.0,corrected_header_mapping,Original workbook header and cell; unresolved values have no inferred replacement
1825 series.xlsx,Worcester 1824,H330,Worcester,330,settler_women,,0.0,corrected_header_mapping,Original workbook header and cell; unresolved values have no inferred replacement
1825 series.xlsx,Worcester 1824,H331,Worcester,331,settler_women,1,1.0,corrected_header_mapping,Original workbook header and cell; unresolved values have no inferred replacement
1825 series.xlsx,Worcester 1824,H332,Worcester,332,settler_women,1,1.0,corrected_header_mapping,Original workbook header and cell; unresolved values have no inferred replacement
1825 series.xlsx,Worcester 1824,H333,Worcester,333,settler_women,,0.0,corrected_header_mapping,Original workbook header and cell; unresolved values have no inferred replacement
1825 series.xlsx,Worcester 1824,H334,Worcester,334,settler_women,,0.0,corrected_header_mapping,Original workbook header and cell; unresolved values have no inferred replacement
1825 series.xlsx,Worcester 1824,H335,Worcester,335,settler_women,1,1.0,corrected_header_mapping,Original workbook header and cell; unresolved values have no inferred replacement
1825 series.xlsx,Worcester 1824,H336,Worcester,336,settler_women,1,1.0,corrected_header_mapping,Original workbook header and cell; unresolved values have no inferred replacement
1825 series.xlsx,Worcester 1824,H337,Worcester,337,settler_women,,0.0,corrected_header_mapping,Original workbook header and cell; unresolved values have no inferred replacement
1825 series.xlsx,Worcester 1824,H338,Worcester,338,settler_women,,0.0,corrected_header_mapping,Original workbook header and cell; unresolved values have no inferred replacement
1825 series.xlsx,Worcester 1824,H339,Worcester,339,settler_women,1,1.0,corrected_header_mapping,Original workbook header and cell; unresolved values have no inferred replacement
1825 series.xlsx,Worcester 1824,H340,Worcester,340,settler_women,1,1.0,corrected_header_mapping,Original workbook header and cell; unresolved values have no inferred replacement
1825 series.xlsx,Worcester 1824,H341,Worcester,341,settler_women,1,1.0,corrected_header_mapping,Original workbook header and cell; unresolved values have no inferred replacement
1825 series.xlsx,Worcester 1824,H342,Worcester,342,settler_women,,0.0,corrected_header_mapping,Original workbook header and cell; unresolved values have no inferred replacement
1825 series.xlsx,Worcester 1824,H343,Worcester,343,settler_women,1,1.0,corrected_header_mapping,Original workbook header and cell; unresolved values have no inferred replacement
1825 series.xlsx,Worcester 1824,H344,Worcester,344,settler_women,1,1.0,corrected_header_mapping,Original workbook header and cell; unresolved values have no inferred replacement
1825 series.xlsx,Worcester 1824,H345,Worcester,345,settler_women,1,1.0,corrected_header_mapping,Original workbook header and cell; unresolved values have no inferred replacement
1825 series.xlsx,Worcester 1824,H346,Worcester,346,settler_women,,0.0,corrected_header_mapping,Original workbook header and cell; unresolved values have no inferred replacement
1825 series.xlsx,Worcester 1824,H347,Worcester,347,settler_women,1,1.0,corrected_header_mapping,Original workbook header and cell; unresolved values have no inferred replacement
1825 series.xlsx,Worcester 1824,H348,Worcester,348,settler_women,,0.0,corrected_header_mapping,Original workbook header and cell; unresolved values have no inferred replacement
1825 series.xlsx,Worcester 1824,H349,Worcester,349,settler_women,1,1.0,corrected_header_mapping,Original workbook header and cell; unresolved values have no inferred replacement
1825 series.xlsx,Worcester 1824,H350,Worcester,350,settler_women,1,1.0,corrected_header_mapping,Original workbook header and cell; unresolved values have no inferred replacement
1825 series.xlsx,Worcester 1824,H351,Worcester,351,settler_women,,0.0,corrected_header_mapping,Original workbook header and cell; unresolved values have no inferred replacement
1825 series.xlsx,Worcester 1824,H352,Worcester,352,settler_women,,0.0,corrected_header_mapping,Original workbook header and cell; unresolved values have no inferred replacement
1825 series.xlsx,Worcester 1824,H353,Worcester,353,settler_women,1,1.0,corrected_header_mapping,Original workbook header and cell; unresolved values have no inferred replacement
1825 series.xlsx,Worcester 1824,H354,Worcester,354,settler_women,1,1.0,corrected_header_mapping,Original workbook header and cell; unresolved values have no inferred replacement
1825 series.xlsx,Worcester 1824,H355,Worcester,355,settler_women,1,1.0,corrected_header_mapping,Original workbook header and cell; unresolved values have no inferred replacement
1825 series.xlsx,Worcester 1824,H356,Worcester,356,settler_women,,0.0,corrected_header_mapping,Original workbook header and cell; unresolved values have no inferred replacement
1825 series.xlsx,Worcester 1824,H357,Worcester,357,settler_women,,0.0,corrected_header_mapping,Original workbook header and cell; unresolved values have no inferred replacement
1825 series.xlsx,Worcester 1824,H358,Worcester,358,settler_women,1,1.0,corrected_header_mapping,Original workbook header and cell; unresolved values have no inferred replacement
1825 series.xlsx,Worcester 1824,H359,Worcester,359,settler_women,1,1.0,corrected_header_mapping,Original workbook header and cell; unresolved values have no inferred replacement
1825 series.xlsx,Worcester 1824,H360,Worcester,360,settler_women,,0.0,corrected_header_mapping,Original workbook header and cell; unresolved values have no inferred replacement
1825 series.xlsx,Worcester 1824,H361,Worcester,361,settler_women,,0.0,corrected_header_mapping,Original workbook header and cell; unresolved values have no inferred replacement
1825 series.xlsx,Worcester 1824,H362,Worcester,362,settler_women,1,1.0,corrected_header_mapping,Original workbook header and cell; unresolved values have no inferred replacement
1825 series.xlsx,Worcester 1824,H363,Worcester,363,settler_women,1,1.0,corrected_header_mapping,Original workbook header and cell; unresolved values have no inferred replacement
1825 series.xlsx,Worcester 1824,H364,Worcester,364,settler_women,,0.0,corrected_header_mapping,Original workbook header and cell; unresolved values have no inferred replacement
1825 series.xlsx,Worcester 1824,H365,Worcester,365,settler_women,,0.0,corrected_header_mapping,Original workbook header and cell; unresolved values have no inferred replacement
1825 series.xlsx,Worcester 1824,H366,Worcester,366,settler_women,,0.0,corrected_header_mapping,Original workbook header and cell; unresolved values have no inferred replacement
1825 series.xlsx,Worcester 1824,H367,Worcester,367,settler_women,1,1.0,corrected_header_mapping,Original workbook header and cell; unresolved values have no inferred replacement
1825 series.xlsx,Worcester 1824,H368,Worcester,368,settler_women,1,1.0,corrected_header_mapping,Original workbook header and cell; unresolved values have no inferred replacement
1825 series.xlsx,Worcester 1824,H369,Worcester,369,settler_women,,0.0,corrected_header_mapping,Original workbook header and cell; unresolved values have no inferred replacement
1825 series.xlsx,Worcester 1824,H370,Worcester,370,settler_women,,0.0,corrected_header_mapping,Original workbook header and cell; unresolved values have no inferred replacement
1825 series.xlsx,Worcester 1824,H371,Worcester,371,settler_women,,0.0,corrected_header_mapping,Original workbook header and cell; unresolved values have no inferred replacement
1825 series.xlsx,Worcester 1824,H372,Worcester,372,settler_women,,0.0,corrected_header_mapping,Original workbook header and cell; unresolved values have no inferred replacement
1825 series.xlsx,Worcester 1824,H373,Worcester,373,settler_women,1,1.0,corrected_header_mapping,Original workbook header and cell; unresolved values have no inferred replacement
1825 series.xlsx,Worcester 1824,H374,Worcester,374,settler_women,1,1.0,corrected_header_mapping,Original workbook header and cell; unresolved values have no inferred replacement
1825 series.xlsx,Worcester 1824,H375,Worcester,375,settler_women,,0.0,corrected_header_mapping,Original workbook header and cell; unresolved values have no inferred replacement
1825 series.xlsx,Worcester 1824,H376,Worcester,376,settler_women,1,1.0,corrected_header_mapping,Original workbook header and cell; unresolved values have no inferred replacement
1825 series.xlsx,Worcester 1824,H377,Worcester,377,settler_women,1,1.0,corrected_header_mapping,Original workbook header and cell; unresolved values have no inferred replacement
1825 series.xlsx,Worcester 1824,H378,Worcester,378,settler_women,,0.0,corrected_header_mapping,Original workbook header and cell; unresolved values have no inferred replacement
1825 series.xlsx,Worcester 1824,H379,Worcester,379,settler_women,,0.0,corrected_header_mapping,Original workbook header and cell; unresolved values have no inferred replacement
1825 series.xlsx,Worcester 1824,H380,Worcester,380,settler_women,,0.0,corrected_header_mapping,Original workbook header and cell; unresolved values have no inferred replacement
1825 series.xlsx,Worcester 1824,H381,Worcester,381,settler_women,1,1.0,corrected_header_mapping,Original workbook header and cell; unresolved values have no inferred replacement
1825 series.xlsx,Worcester 1824,H382,Worcester,382,settler_women,1,1.0,corrected_header_mapping,Original workbook header and cell; unresolved values have no inferred replacement
1825 series.xlsx,Worcester 1824,H383,Worcester,383,settler_women,,0.0,corrected_header_mapping,Original workbook header and cell; unresolved values have no inferred replacement
1825 series.xlsx,Worcester 1824,H384,Worcester,384,settler_women,1,1.0,corrected_header_mapping,Original workbook header and cell; unresolved values have no inferred replacement
1825 series.xlsx,Worcester 1824,H385,Worcester,385,settler_women,1,1.0,corrected_header_mapping,Original workbook header and cell; unresolved values have no inferred replacement
1825 series.xlsx,Worcester 1824,H386,Worcester,386,settler_women,,0.0,corrected_header_mapping,Original workbook header and cell; unresolved values have no inferred replacement
1825 series.xlsx,Worcester 1824,H387,Worcester,387,settler_women,,0.0,corrected_header_mapping,Original workbook header and cell; unresolved values have no inferred replacement
1825 series.xlsx,Worcester 1824,H388,Worcester,388,settler_women,,0.0,corrected_header_mapping,Original workbook header and cell; unresolved values have no inferred replacement
1825 series.xlsx,Worcester 1824,H389,Worcester,389,settler_women,1,1.0,corrected_header_mapping,Original workbook header and cell; unresolved values have no inferred replacement
1825 series.xlsx,Worcester 1824,H390,Worcester,390,settler_women,1,1.0,corrected_header_mapping,Original workbook header and cell; unresolved values have no inferred replacement
1825 series.xlsx,Worcester 1824,H391,Worcester,391,settler_women,1,1.0,corrected_header_mapping,Original workbook header and cell; unresolved values have no inferred replacement
1825 series.xlsx,Worcester 1824,H392,Worcester,392,settler_women,1,1.0,corrected_header_mapping,Original workbook header and cell; unresolved values have no inferred replacement
1825 series.xlsx,Worcester 1824,H393,Worcester,393,settler_women,1,1.0,corrected_header_mapping,Original workbook header and cell; unresolved values have no inferred replacement
1825 series.xlsx,Worcester 1824,H394,Worcester,394,settler_women,1,1.0,corrected_header_mapping,Original workbook header and cell; unresolved values have no inferred replacement
1825 series.xlsx,Worcester 1824,H395,Worcester,395,settler_women,1,1.0,corrected_header_mapping,Original workbook header and cell; unresolved values have no inferred replacement
1825 series.xlsx,Worcester 1824,H396,Worcester,396,settler_women,1,1.0,corrected_header_mapping,Original workbook header and cell; unresolved values have no inferred replacement
1825 series.xlsx,Worcester 1824,H397,Worcester,397,settler_women,1,1.0,corrected_header_mapping,Original workbook header and cell; unresolved values have no inferred replacement
1825 series.xlsx,Worcester 1824,H398,Worcester,398,settler_women,1,1.0,corrected_header_mapping,Original workbook header and cell; unresolved values have no inferred replacement
1825 series.xlsx,Worcester 1824,H399,Worcester,399,settler_women,,0.0,corrected_header_mapping,Original workbook header and cell; unresolved values have no inferred replacement
1825 series.xlsx,Worcester 1824,H400,Worcester,400,settler_women,1,1.0,corrected_header_mapping,Original workbook header and cell; unresolved values have no inferred replacement
1825 series.xlsx,Worcester 1824,H401,Worcester,401,settler_women,1,1.0,corrected_header_mapping,Original workbook header and cell; unresolved values have no inferred replacement
1825 series.xlsx,Worcester 1824,H402,Worcester,402,settler_women,1,1.0,corrected_header_mapping,Original workbook header and cell; unresolved values have no inferred replacement
1825 series.xlsx,Worcester 1824,H403,Worcester,403,settler_women,1,1.0,corrected_header_mapping,Original workbook header and cell; unresolved values have no inferred replacement
1825 series.xlsx,Worcester 1824,H404,Worcester,404,settler_women,1,1.0,corrected_header_mapping,Original workbook header and cell; unresolved values have no inferred replacement
1825 series.xlsx,Worcester 1824,H405,Worcester,405,settler_women,1,1.0,corrected_header_mapping,Original workbook header and cell; unresolved values have no inferred replacement
1825 series.xlsx,Worcester 1824,H406,Worcester,406,settler_women,1,1.0,corrected_header_mapping,Original workbook header and cell; unresolved values have no inferred replacement
1825 series.xlsx,Worcester 1824,H407,Worcester,407,settler_women,1,1.0,corrected_header_mapping,Original workbook header and cell; unresolved values have no inferred replacement
1825 series.xlsx,Worcester 1824,H408,Worcester,408,settler_women,,0.0,corrected_header_mapping,Original workbook header and cell; unresolved values have no inferred replacement
1825 series.xlsx,Worcester 1824,H409,Worcester,409,settler_women,1,1.0,corrected_header_mapping,Original workbook header and cell; unresolved values have no inferred replacement
1825 series.xlsx,Worcester 1824,H410,Worcester,410,settler_women,1,1.0,corrected_header_mapping,Original workbook header and cell; unresolved values have no inferred replacement
1825 series.xlsx,Worcester 1824,H411,Worcester,411,settler_women,1,1.0,corrected_header_mapping,Original workbook header and cell; unresolved values have no inferred replacement
1825 series.xlsx,Worcester 1824,H412,Worcester,412,settler_women,,0.0,corrected_header_mapping,Original workbook header and cell; unresolved values have no inferred replacement
1825 series.xlsx,Worcester 1824,H413,Worcester,413,settler_women,,0.0,corrected_header_mapping,Original workbook header and cell; unresolved values have no inferred replacement
1825 series.xlsx,Worcester 1824,H414,Worcester,414,settler_women,1,1.0,corrected_header_mapping,Original workbook header and cell; unresolved values have no inferred replacement
1825 series.xlsx,Worcester 1824,H415,Worcester,415,settler_women,1,1.0,corrected_header_mapping,Original workbook header and cell; unresolved values have no inferred replacement
1825 series.xlsx,Worcester 1824,H416,Worcester,416,settler_women,,0.0,corrected_header_mapping,Original workbook header and cell; unresolved values have no inferred replacement
1825 series.xlsx,Worcester 1824,H417,Worcester,417,settler_women,,0.0,corrected_header_mapping,Original workbook header and cell; unresolved values have no inferred replacement
1825 series.xlsx,Worcester 1824,H418,Worcester,418,settler_women,1,1.0,corrected_header_mapping,Original workbook header and cell; unresolved values have no inferred replacement
1825 series.xlsx,Worcester 1824,H419,Worcester,419,settler_women,,0.0,corrected_header_mapping,Original workbook header and cell; unresolved values have no inferred replacement
1825 series.xlsx,Worcester 1824,H420,Worcester,420,settler_women,1,1.0,corrected_header_mapping,Original workbook header and cell; unresolved values have no inferred replacement
1825 series.xlsx,Worcester 1824,H421,Worcester,421,settler_women,,0.0,corrected_header_mapping,Original workbook header and cell; unresolved values have no inferred replacement
1825 series.xlsx,Worcester 1824,H422,Worcester,422,settler_women,1,1.0,corrected_header_mapping,Original workbook header and cell; unresolved values have no inferred replacement
1825 series.xlsx,Worcester 1824,H423,Worcester,423,settler_women,1,1.0,corrected_header_mapping,Original workbook header and cell; unresolved values have no inferred replacement
1825 series.xlsx,Worcester 1824,H424,Worcester,424,settler_women,1,1.0,corrected_header_mapping,Original workbook header and cell; unresolved values have no inferred replacement
1825 series.xlsx,Worcester 1824,H425,Worcester,425,settler_women,1,1.0,corrected_header_mapping,Original workbook header and cell; unresolved values have no inferred replacement
1825 series.xlsx,Worcester 1824,H426,Worcester,426,settler_women,1,1.0,corrected_header_mapping,Original workbook header and cell; unresolved values have no inferred replacement
1825 series.xlsx,Worcester 1824,H427,Worcester,427,settler_women,,0.0,corrected_header_mapping,Original workbook header and cell; unresolved values have no inferred replacement
1825 series.xlsx,Worcester 1824,H428,Worcester,428,settler_women,,0.0,corrected_header_mapping,Original workbook header and cell; unresolved values have no inferred replacement
1825 series.xlsx,Worcester 1824,H429,Worcester,429,settler_women,,0.0,corrected_header_mapping,Original workbook header and cell; unresolved values have no inferred replacement
1825 series.xlsx,Worcester 1824,H430,Worcester,430,settler_women,1,1.0,corrected_header_mapping,Original workbook header and cell; unresolved values have no inferred replacement
1825 series.xlsx,Worcester 1824,H431,Worcester,431,settler_women,,0.0,corrected_header_mapping,Original workbook header and cell; unresolved values have no inferred replacement
1825 series.xlsx,Worcester 1824,H432,Worcester,432,settler_women,1,1.0,corrected_header_mapping,Original workbook header and cell; unresolved values have no inferred replacement
1825 series.xlsx,Worcester 1824,H433,Worcester,433,settler_women,1,1.0,corrected_header_mapping,Original workbook header and cell; unresolved values have no inferred replacement
1825 series.xlsx,Worcester 1824,H434,Worcester,434,settler_women,,0.0,corrected_header_mapping,Original workbook header and cell; unresolved values have no inferred replacement
1825 series.xlsx,Worcester 1824,H435,Worcester,435,settler_women,,0.0,corrected_header_mapping,Original workbook header and cell; unresolved values have no inferred replacement
1825 series.xlsx,Worcester 1824,H436,Worcester,436,settler_women,,0.0,corrected_header_mapping,Original workbook header and cell; unresolved values have no inferred replacement
1825 series.xlsx,Worcester 1824,H437,Worcester,437,settler_women,1,1.0,corrected_header_mapping,Original workbook header and cell; unresolved values have no inferred replacement
1825 series.xlsx,Worcester 1824,H438,Worcester,438,settler_women,1,1.0,corrected_header_mapping,Original workbook header and cell; unresolved values have no inferred replacement
1825 series.xlsx,Worcester 1824,H439,Worcester,439,settler_women,1,1.0,corrected_header_mapping,Original workbook header and cell; unresolved values have no inferred replacement
1825 series.xlsx,Worcester 1824,H440,Worcester,440,settler_women,,0.0,corrected_header_mapping,Original workbook header and cell; unresolved values have no inferred replacement
1825 series.xlsx,Worcester 1824,H441,Worcester,441,settler_women,1,1.0,corrected_header_mapping,Original workbook header and cell; unresolved values have no inferred replacement
1825 series.xlsx,Worcester 1824,H442,Worcester,442,settler_women,1,1.0,corrected_header_mapping,Original workbook header and cell; unresolved values have no inferred replacement
1825 series.xlsx,Worcester 1824,H443,Worcester,443,settler_women,1,1.0,corrected_header_mapping,Original workbook header and cell; unresolved values have no inferred replacement
1825 series.xlsx,Worcester 1824,H444,Worcester,444,settler_women,1,1.0,corrected_header_mapping,Original workbook header and cell; unresolved values have no inferred replacement
1825 series.xlsx,Worcester 1824,H445,Worcester,445,settler_women,1,1.0,corrected_header_mapping,Original workbook header and cell; unresolved values have no inferred replacement
1825 series.xlsx,Worcester 1824,H446,Worcester,446,settler_women,,0.0,corrected_header_mapping,Original workbook header and cell; unresolved values have no inferred replacement
1825 series.xlsx,Worcester 1824,H447,Worcester,447,settler_women,,0.0,corrected_header_mapping,Original workbook header and cell; unresolved values have no inferred replacement
1825 series.xlsx,Worcester 1824,H448,Worcester,448,settler_women,1,1.0,corrected_header_mapping,Original workbook header and cell; unresolved values have no inferred replacement
1825 series.xlsx,Worcester 1824,H449,Worcester,449,settler_women,1,1.0,corrected_header_mapping,Original workbook header and cell; unresolved values have no inferred replacement
1825 series.xlsx,Worcester 1824,H450,Worcester,450,settler_women,1,1.0,corrected_header_mapping,Original workbook header and cell; unresolved values have no inferred replacement
1825 series.xlsx,Worcester 1824,H451,Worcester,451,settler_women,,0.0,corrected_header_mapping,Original workbook header and cell; unresolved values have no inferred replacement
1825 series.xlsx,Worcester 1824,H452,Worcester,452,settler_women,,0.0,corrected_header_mapping,Original workbook header and cell; unresolved values have no inferred replacement
1825 series.xlsx,Worcester 1824,H453,Worcester,453,settler_women,1,1.0,corrected_header_mapping,Original workbook header and cell; unresolved values have no inferred replacement
1825 series.xlsx,Worcester 1824,H454,Worcester,454,settler_women,,0.0,corrected_header_mapping,Original workbook header and cell; unresolved values have no inferred replacement
1825 series.xlsx,Worcester 1824,H455,Worcester,455,settler_women,1,1.0,corrected_header_mapping,Original workbook header and cell; unresolved values have no inferred replacement
1825 series.xlsx,Worcester 1824,H456,Worcester,456,settler_women,1,1.0,corrected_header_mapping,Original workbook header and cell; unresolved values have no inferred replacement
1825 series.xlsx,Worcester 1824,H457,Worcester,457,settler_women,1,1.0,corrected_header_mapping,Original workbook header and cell; unresolved values have no inferred replacement
1825 series.xlsx,Worcester 1824,H458,Worcester,458,settler_women,,0.0,corrected_header_mapping,Original workbook header and cell; unresolved values have no inferred replacement
1825 series.xlsx,Worcester 1824,H459,Worcester,459,settler_women,1,1.0,corrected_header_mapping,Original workbook header and cell; unresolved values have no inferred replacement
1825 series.xlsx,Worcester 1824,H460,Worcester,460,settler_women,1,1.0,corrected_header_mapping,Original workbook header and cell; unresolved values have no inferred replacement
1825 series.xlsx,Worcester 1824,H461,Worcester,461,settler_women,1,1.0,corrected_header_mapping,Original workbook header and cell; unresolved values have no inferred replacement
1825 series.xlsx,Worcester 1824,H462,Worcester,462,settler_women,,0.0,corrected_header_mapping,Original workbook header and cell; unresolved values have no inferred replacement
1825 series.xlsx,Worcester 1824,H463,Worcester,463,settler_women,1,1.0,corrected_header_mapping,Original workbook header and cell; unresolved values have no inferred replacement
1825 series.xlsx,Worcester 1824,H464,Worcester,464,settler_women,1,1.0,corrected_header_mapping,Original workbook header and cell; unresolved values have no inferred replacement
1825 series.xlsx,Worcester 1824,H465,Worcester,465,settler_women,1,1.0,corrected_header_mapping,Original workbook header and cell; unresolved values have no inferred replacement
1825 series.xlsx,Worcester 1824,H466,Worcester,466,settler_women,1,1.0,corrected_header_mapping,Original workbook header and cell; unresolved values have no inferred replacement
1825 series.xlsx,Worcester 1824,H467,Worcester,467,settler_women,,0.0,corrected_header_mapping,Original workbook header and cell; unresolved values have no inferred replacement
1825 series.xlsx,Worcester 1824,H468,Worcester,468,settler_women,,0.0,corrected_header_mapping,Original workbook header and cell; unresolved values have no inferred replacement
1825 series.xlsx,Worcester 1824,H469,Worcester,469,settler_women,,0.0,corrected_header_mapping,Original workbook header and cell; unresolved values have no inferred replacement
1825 series.xlsx,Worcester 1824,H470,Worcester,470,settler_women,,0.0,corrected_header_mapping,Original workbook header and cell; unresolved values have no inferred replacement
1825 series.xlsx,Worcester 1824,H471,Worcester,471,settler_women,1,1.0,corrected_header_mapping,Original workbook header and cell; unresolved values have no inferred replacement
1825 series.xlsx,Worcester 1824,H472,Worcester,472,settler_women,1,1.0,corrected_header_mapping,Original workbook header and cell; unresolved values have no inferred replacement
1825 series.xlsx,Worcester 1824,H473,Worcester,473,settler_women,,0.0,corrected_header_mapping,Original workbook header and cell; unresolved values have no inferred replacement
1825 series.xlsx,Worcester 1824,H474,Worcester,474,settler_women,1,1.0,corrected_header_mapping,Original workbook header and cell; unresolved values have no inferred replacement
1825 series.xlsx,Worcester 1824,H475,Worcester,475,settler_women,1,1.0,corrected_header_mapping,Original workbook header and cell; unresolved values have no inferred replacement
1825 series.xlsx,Worcester 1824,H476,Worcester,476,settler_women,1,1.0,corrected_header_mapping,Original workbook header and cell; unresolved values have no inferred replacement
1825 series.xlsx,Worcester 1824,H477,Worcester,477,settler_women,1,1.0,corrected_header_mapping,Original workbook header and cell; unresolved values have no inferred replacement
1825 series.xlsx,Worcester 1824,H478,Worcester,478,settler_women,1,1.0,corrected_header_mapping,Original workbook header and cell; unresolved values have no inferred replacement
1825 series.xlsx,Worcester 1824,H479,Worcester,479,settler_women,,0.0,corrected_header_mapping,Original workbook header and cell; unresolved values have no inferred replacement
1825 series.xlsx,Worcester 1824,H480,Worcester,480,settler_women,,0.0,corrected_header_mapping,Original workbook header and cell; unresolved values have no inferred replacement
1825 series.xlsx,Worcester 1824,H481,Worcester,481,settler_women,1,1.0,corrected_header_mapping,Original workbook header and cell; unresolved values have no inferred replacement
1825 series.xlsx,Worcester 1824,H482,Worcester,482,settler_women,1,1.0,corrected_header_mapping,Original workbook header and cell; unresolved values have no inferred replacement
1825 series.xlsx,Worcester 1824,H483,Worcester,483,settler_women,1,1.0,corrected_header_mapping,Original workbook header and cell; unresolved values have no inferred replacement
1825 series.xlsx,Worcester 1824,H484,Worcester,484,settler_women,,0.0,corrected_header_mapping,Original workbook header and cell; unresolved values have no inferred replacement
1825 series.xlsx,Worcester 1824,H485,Worcester,485,settler_women,1,1.0,corrected_header_mapping,Original workbook header and cell; unresolved values have no inferred replacement
1825 series.xlsx,Worcester 1824,H486,Worcester,486,settler_women,,0.0,corrected_header_mapping,Original workbook header and cell; unresolved values have no inferred replacement
1825 series.xlsx,Worcester 1824,H487,Worcester,487,settler_women,,0.0,corrected_header_mapping,Original workbook header and cell; unresolved values have no inferred replacement
1825 series.xlsx,Worcester 1824,H488,Worcester,488,settler_women,1,1.0,corrected_header_mapping,Original workbook header and cell; unresolved values have no inferred replacement
1825 series.xlsx,Worcester 1824,H489,Worcester,489,settler_women,1,1.0,corrected_header_mapping,Original workbook header and cell; unresolved values have no inferred replacement
1825 series.xlsx,Worcester 1824,H490,Worcester,490,settler_women,1,1.0,corrected_header_mapping,Original workbook header and cell; unresolved values have no inferred replacement
1825 series.xlsx,Worcester 1824,H491,Worcester,491,settler_women,1,1.0,corrected_header_mapping,Original workbook header and cell; unresolved values have no inferred replacement
1825 series.xlsx,Worcester 1824,H492,Worcester,492,settler_women,,0.0,corrected_header_mapping,Original workbook header and cell; unresolved values have no inferred replacement
1825 series.xlsx,Worcester 1824,H493,Worcester,493,settler_women,,0.0,corrected_header_mapping,Original workbook header and cell; unresolved values have no inferred replacement
1825 series.xlsx,Worcester 1824,H494,Worcester,494,settler_women,,0.0,corrected_header_mapping,Original workbook header and cell; unresolved values have no inferred replacement
1825 series.xlsx,Worcester 1824,H495,Worcester,495,settler_women,1,1.0,corrected_header_mapping,Original workbook header and cell; unresolved values have no inferred replacement
1825 series.xlsx,Worcester 1824,H496,Worcester,496,settler_women,,0.0,corrected_header_mapping,Original workbook header and cell; unresolved values have no inferred replacement
1825 series.xlsx,Worcester 1824,H497,Worcester,497,settler_women,1,1.0,corrected_header_mapping,Original workbook header and cell; unresolved values have no inferred replacement
1825 series.xlsx,Worcester 1824,H498,Worcester,498,settler_women,,0.0,corrected_header_mapping,Original workbook header and cell; unresolved values have no inferred replacement
1825 series.xlsx,Worcester 1824,H499,Worcester,499,settler_women,,0.0,corrected_header_mapping,Original workbook header and cell; unresolved values have no inferred replacement
1825 series.xlsx,Worcester 1824,H500,Worcester,500,settler_women,1,1.0,corrected_header_mapping,Original workbook header and cell; unresolved values have no inferred replacement
1825 series.xlsx,Worcester 1824,H501,Worcester,501,settler_women,1,1.0,corrected_header_mapping,Original workbook header and cell; unresolved values have no inferred replacement
1825 series.xlsx,Worcester 1824,H502,Worcester,502,settler_women,,0.0,corrected_header_mapping,Original workbook header and cell; unresolved values have no inferred replacement
1825 series.xlsx,Worcester 1824,H503,Worcester,503,settler_women,,0.0,corrected_header_mapping,Original workbook header and cell; unresolved values have no inferred replacement
1825 series.xlsx,Worcester 1824,H504,Worcester,504,settler_women,1,1.0,corrected_header_mapping,Original workbook header and cell; unresolved values have no inferred replacement
1825 series.xlsx,Worcester 1824,H505,Worcester,505,settler_women,1,1.0,corrected_header_mapping,Original workbook header and cell; unresolved values have no inferred replacement
1825 series.xlsx,Worcester 1824,H506,Worcester,506,settler_women,1,1.0,corrected_header_mapping,Original workbook header and cell; unresolved values have no inferred replacement
1825 series.xlsx,Worcester 1824,H507,Worcester,507,settler_women,1,1.0,corrected_header_mapping,Original workbook header and cell; unresolved values have no inferred replacement
1825 series.xlsx,Worcester 1824,H508,Worcester,508,settler_women,,0.0,corrected_header_mapping,Original workbook header and cell; unresolved values have no inferred replacement
1825 series.xlsx,Worcester 1824,H509,Worcester,509,settler_women,1,1.0,corrected_header_mapping,Original workbook header and cell; unresolved values have no inferred replacement
1825 series.xlsx,Worcester 1824,H510,Worcester,510,settler_women,1,1.0,corrected_header_mapping,Original workbook header and cell; unresolved values have no inferred replacement
1825 series.xlsx,Worcester 1824,H511,Worcester,511,settler_women,1,1.0,corrected_header_mapping,Original workbook header and cell; unresolved values have no inferred replacement
1825 series.xlsx,Worcester 1824,H512,Worcester,512,settler_women,,0.0,corrected_header_mapping,Original workbook header and cell; unresolved values have no inferred replacement
1825 series.xlsx,Worcester 1824,H513,Worcester,513,settler_women,1,1.0,corrected_header_mapping,Original workbook header and cell; unresolved values have no inferred replacement
1825 series.xlsx,Worcester 1824,H514,Worcester,514,settler_women,1,1.0,corrected_header_mapping,Original workbook header and cell; unresolved values have no inferred replacement
1825 series.xlsx,Worcester 1824,H515,Worcester,515,settler_women,1,1.0,corrected_header_mapping,Original workbook header and cell; unresolved values have no inferred replacement
1825 series.xlsx,Worcester 1824,H516,Worcester,516,settler_women,1,1.0,corrected_header_mapping,Original workbook header and cell; unresolved values have no inferred replacement
1825 series.xlsx,Worcester 1824,H517,Worcester,517,settler_women,1,1.0,corrected_header_mapping,Original workbook header and cell; unresolved values have no inferred replacement
1825 series.xlsx,Worcester 1824,H518,Worcester,518,settler_women,,0.0,corrected_header_mapping,Original workbook header and cell; unresolved values have no inferred replacement
1825 series.xlsx,Worcester 1824,H519,Worcester,519,settler_women,,0.0,corrected_header_mapping,Original workbook header and cell; unresolved values have no inferred replacement
1825 series.xlsx,Worcester 1824,H520,Worcester,520,settler_women,1,1.0,corrected_header_mapping,Original workbook header and cell; unresolved values have no inferred replacement
1825 series.xlsx,Worcester 1824,H521,Worcester,521,settler_women,,0.0,corrected_header_mapping,Original workbook header and cell; unresolved values have no inferred replacement
1825 series.xlsx,Worcester 1824,H522,Worcester,522,settler_women,1,1.0,corrected_header_mapping,Original workbook header and cell; unresolved values have no inferred replacement
1825 series.xlsx,Worcester 1824,H523,Worcester,523,settler_women,1,1.0,corrected_header_mapping,Original workbook header and cell; unresolved values have no inferred replacement
1825 series.xlsx,Worcester 1824,H524,Worcester,524,settler_women,1,1.0,corrected_header_mapping,Original workbook header and cell; unresolved values have no inferred replacement
1825 series.xlsx,Worcester 1824,H525,Worcester,525,settler_women,1,1.0,corrected_header_mapping,Original workbook header and cell; unresolved values have no inferred replacement
1825 series.xlsx,Worcester 1824,H526,Worcester,526,settler_women,,0.0,corrected_header_mapping,Original workbook header and cell; unresolved values have no inferred replacement
1825 series.xlsx,Worcester 1824,H527,Worcester,527,settler_women,,0.0,corrected_header_mapping,Original workbook header and cell; unresolved values have no inferred replacement
1825 series.xlsx,Worcester 1824,H528,Worcester,528,settler_women,1,1.0,corrected_header_mapping,Original workbook header and cell; unresolved values have no inferred replacement
1825 series.xlsx,Worcester 1824,H529,Worcester,529,settler_women,,0.0,corrected_header_mapping,Original workbook header and cell; unresolved values have no inferred replacement
1825 series.xlsx,Worcester 1824,H530,Worcester,530,settler_women,1,1.0,corrected_header_mapping,Original workbook header and cell; unresolved values have no inferred replacement
1825 series.xlsx,Worcester 1824,H531,Worcester,531,settler_women,1,1.0,corrected_header_mapping,Original workbook header and cell; unresolved values have no inferred replacement
1825 series.xlsx,Worcester 1824,H532,Worcester,532,settler_women,1,1.0,corrected_header_mapping,Original workbook header and cell; unresolved values have no inferred replacement
1825 series.xlsx,Worcester 1824,H533,Worcester,533,settler_women,,0.0,corrected_header_mapping,Original workbook header and cell; unresolved values have no inferred replacement
1825 series.xlsx,Worcester 1824,H534,Worcester,534,settler_women,,0.0,corrected_header_mapping,Original workbook header and cell; unresolved values have no inferred replacement
1825 series.xlsx,Worcester 1824,H535,Worcester,535,settler_women,1,1.0,corrected_header_mapping,Original workbook header and cell; unresolved values have no inferred replacement
1825 series.xlsx,Worcester 1824,H536,Worcester,536,settler_women,1,1.0,corrected_header_mapping,Original workbook header and cell; unresolved values have no inferred replacement
1825 series.xlsx,Worcester 1824,H537,Worcester,537,settler_women,1,1.0,corrected_header_mapping,Original workbook header and cell; unresolved values have no inferred replacement
1825 series.xlsx,Worcester 1824,H538,Worcester,538,settler_women,1,1.0,corrected_header_mapping,Original workbook header and cell; unresolved values have no inferred replacement
1825 series.xlsx,Worcester 1824,H539,Worcester,539,settler_women,,0.0,corrected_header_mapping,Original workbook header and cell; unresolved values have no inferred replacement
1825 series.xlsx,Worcester 1824,H540,Worcester,540,settler_women,,0.0,corrected_header_mapping,Original workbook header and cell; unresolved values have no inferred replacement
1825 series.xlsx,Worcester 1824,H541,Worcester,541,settler_women,1,1.0,corrected_header_mapping,Original workbook header and cell; unresolved values have no inferred replacement
1825 series.xlsx,Worcester 1824,H542,Worcester,542,settler_women,1,1.0,corrected_header_mapping,Original workbook header and cell; unresolved values have no inferred replacement
1825 series.xlsx,Worcester 1824,H543,Worcester,543,settler_women,1,1.0,corrected_header_mapping,Original workbook header and cell; unresolved values have no inferred replacement
1825 series.xlsx,Worcester 1824,H544,Worcester,544,settler_women,,0.0,corrected_header_mapping,Original workbook header and cell; unresolved values have no inferred replacement
1825 series.xlsx,Worcester 1824,H545,Worcester,545,settler_women,,0.0,corrected_header_mapping,Original workbook header and cell; unresolved values have no inferred replacement
1825 series.xlsx,Worcester 1824,H546,Worcester,546,settler_women,1,1.0,corrected_header_mapping,Original workbook header and cell; unresolved values have no inferred replacement
1825 series.xlsx,Worcester 1824,H547,Worcester,547,settler_women,,0.0,corrected_header_mapping,Original workbook header and cell; unresolved values have no inferred replacement
1825 series.xlsx,Worcester 1824,H548,Worcester,548,settler_women,1,1.0,corrected_header_mapping,Original workbook header and cell; unresolved values have no inferred replacement
1825 series.xlsx,Worcester 1824,H549,Worcester,549,settler_women,,0.0,corrected_header_mapping,Original workbook header and cell; unresolved values have no inferred replacement
1825 series.xlsx,Worcester 1824,H550,Worcester,550,settler_women,1,1.0,corrected_header_mapping,Original workbook header and cell; unresolved values have no inferred replacement
1825 series.xlsx,Worcester 1824,H551,Worcester,551,settler_women,1,1.0,corrected_header_mapping,Original workbook header and cell; unresolved values have no inferred replacement
1825 series.xlsx,Worcester 1824,H552,Worcester,552,settler_women,1,1.0,corrected_header_mapping,Original workbook header and cell; unresolved values have no inferred replacement
1825 series.xlsx,Worcester 1824,H553,Worcester,553,settler_women,1,1.0,corrected_header_mapping,Original workbook header and cell; unresolved values have no inferred replacement
1825 series.xlsx,Worcester 1824,H554,Worcester,554,settler_women,,0.0,corrected_header_mapping,Original workbook header and cell; unresolved values have no inferred replacement
1825 series.xlsx,Worcester 1824,H555,Worcester,555,settler_women,,0.0,corrected_header_mapping,Original workbook header and cell; unresolved values have no inferred replacement
1825 series.xlsx,Worcester 1824,H556,Worcester,556,settler_women,1,1.0,corrected_header_mapping,Original workbook header and cell; unresolved values have no inferred replacement
1825 series.xlsx,Worcester 1824,H557,Worcester,557,settler_women,1,1.0,corrected_header_mapping,Original workbook header and cell; unresolved values have no inferred replacement
1825 series.xlsx,Worcester 1824,H558,Worcester,558,settler_women,1,1.0,corrected_header_mapping,Original workbook header and cell; unresolved values have no inferred replacement
1825 series.xlsx,Worcester 1824,H559,Worcester,559,settler_women,1,1.0,corrected_header_mapping,Original workbook header and cell; unresolved values have no inferred replacement
1825 series.xlsx,Worcester 1824,H560,Worcester,560,settler_women,1,1.0,corrected_header_mapping,Original workbook header and cell; unresolved values have no inferred replacement
1825 series.xlsx,Worcester 1824,H561,Worcester,561,settler_women,1,1.0,corrected_header_mapping,Original workbook header and cell; unresolved values have no inferred replacement
1825 series.xlsx,Worcester 1824,H562,Worcester,562,settler_women,,0.0,corrected_header_mapping,Original workbook header and cell; unresolved values have no inferred replacement
1825 series.xlsx,Worcester 1824,H563,Worcester,563,settler_women,,0.0,corrected_header_mapping,Original workbook header and cell; unresolved values have no inferred replacement
1825 series.xlsx,Worcester 1824,H564,Worcester,564,settler_women,1,1.0,corrected_header_mapping,Original workbook header and cell; unresolved values have no inferred replacement
1825 series.xlsx,Worcester 1824,H565,Worcester,565,settler_women,1,1.0,corrected_header_mapping,Original workbook header and cell; unresolved values have no inferred replacement
1825 series.xlsx,Worcester 1824,H566,Worcester,566,settler_women,,0.0,corrected_header_mapping,Original workbook header and cell; unresolved values have no inferred replacement
1825 series.xlsx,Worcester 1824,H567,Worcester,567,settler_women,1,1.0,corrected_header_mapping,Original workbook header and cell; unresolved values have no inferred replacement
1825 series.xlsx,Worcester 1824,H568,Worcester,568,settler_women,1,1.0,corrected_header_mapping,Original workbook header and cell; unresolved values have no inferred replacement
1825 series.xlsx,Worcester 1824,H569,Worcester,569,settler_women,,0.0,corrected_header_mapping,Original workbook header and cell; unresolved values have no inferred replacement
1825 series.xlsx,Worcester 1824,H570,Worcester,570,settler_women,,0.0,corrected_header_mapping,Original workbook header and cell; unresolved values have no inferred replacement
1825 series.xlsx,Worcester 1824,H571,Worcester,571,settler_women,1,1.0,corrected_header_mapping,Original workbook header and cell; unresolved values have no inferred replacement
1825 series.xlsx,Worcester 1824,H572,Worcester,572,settler_women,,0.0,corrected_header_mapping,Original workbook header and cell; unresolved values have no inferred replacement
1825 series.xlsx,Worcester 1824,H573,Worcester,573,settler_women,1,1.0,corrected_header_mapping,Original workbook header and cell; unresolved values have no inferred replacement
1825 series.xlsx,Worcester 1824,H574,Worcester,574,settler_women,,0.0,corrected_header_mapping,Original workbook header and cell; unresolved values have no inferred replacement
1825 series.xlsx,Worcester 1824,H575,Worcester,575,settler_women,1,1.0,corrected_header_mapping,Original workbook header and cell; unresolved values have no inferred replacement
1825 series.xlsx,Worcester 1824,H576,Worcester,576,settler_women,1,1.0,corrected_header_mapping,Original workbook header and cell; unresolved values have no inferred replacement
1825 series.xlsx,Worcester 1824,H577,Worcester,577,settler_women,,0.0,corrected_header_mapping,Original workbook header and cell; unresolved values have no inferred replacement
1825 series.xlsx,Worcester 1824,H578,Worcester,578,settler_women,,0.0,corrected_header_mapping,Original workbook header and cell; unresolved values have no inferred replacement
1825 series.xlsx,Worcester 1824,H579,Worcester,579,settler_women,,0.0,corrected_header_mapping,Original workbook header and cell; unresolved values have no inferred replacement
1825 series.xlsx,Worcester 1824,H580,Worcester,580,settler_women,,0.0,corrected_header_mapping,Original workbook header and cell; unresolved values have no inferred replacement
1825 series.xlsx,Worcester 1824,H581,Worcester,581,settler_women,1,1.0,corrected_header_mapping,Original workbook header and cell; unresolved values have no inferred replacement
1825 series.xlsx,Worcester 1824,H582,Worcester,582,settler_women,,0.0,corrected_header_mapping,Original workbook header and cell; unresolved values have no inferred replacement
1825 series.xlsx,Worcester 1824,H583,Worcester,583,settler_women,1,1.0,corrected_header_mapping,Original workbook header and cell; unresolved values have no inferred replacement
1825 series.xlsx,Worcester 1824,H584,Worcester,584,settler_women,1,1.0,corrected_header_mapping,Original workbook header and cell; unresolved values have no inferred replacement
1825 series.xlsx,Worcester 1824,H585,Worcester,585,settler_women,,0.0,corrected_header_mapping,Original workbook header and cell; unresolved values have no inferred replacement
1825 series.xlsx,Worcester 1824,H586,Worcester,586,settler_women,1,1.0,corrected_header_mapping,Original workbook header and cell; unresolved values have no inferred replacement
1825 series.xlsx,Worcester 1824,H587,Worcester,587,settler_women,,0.0,corrected_header_mapping,Original workbook header and cell; unresolved values have no inferred replacement
1825 series.xlsx,Worcester 1824,H588,Worcester,588,settler_women,,0.0,corrected_header_mapping,Original workbook header and cell; unresolved values have no inferred replacement
1825 series.xlsx,Worcester 1824,H589,Worcester,589,settler_women,1,1.0,corrected_header_mapping,Original workbook header and cell; unresolved values have no inferred replacement
1825 series.xlsx,Worcester 1824,H590,Worcester,590,settler_women,1,1.0,corrected_header_mapping,Original workbook header and cell; unresolved values have no inferred replacement
1825 series.xlsx,Worcester 1824,H591,Worcester,591,settler_women,1,1.0,corrected_header_mapping,Original workbook header and cell; unresolved values have no inferred replacement
1825 series.xlsx,Worcester 1824,H592,Worcester,592,settler_women,,0.0,corrected_header_mapping,Original workbook header and cell; unresolved values have no inferred replacement
1825 series.xlsx,Worcester 1824,H593,Worcester,593,settler_women,1,1.0,corrected_header_mapping,Original workbook header and cell; unresolved values have no inferred replacement
1825 series.xlsx,Worcester 1824,H594,Worcester,594,settler_women,1,1.0,corrected_header_mapping,Original workbook header and cell; unresolved values have no inferred replacement
1825 series.xlsx,Worcester 1824,H595,Worcester,595,settler_women,1,1.0,corrected_header_mapping,Original workbook header and cell; unresolved values have no inferred replacement
1825 series.xlsx,Worcester 1824,H596,Worcester,596,settler_women,1,1.0,corrected_header_mapping,Original workbook header and cell; unresolved values have no inferred replacement
1825 series.xlsx,Worcester 1824,H597,Worcester,597,settler_women,,0.0,corrected_header_mapping,Original workbook header and cell; unresolved values have no inferred replacement
1825 series.xlsx,Worcester 1824,H598,Worcester,598,settler_women,1,1.0,corrected_header_mapping,Original workbook header and cell; unresolved values have no inferred replacement
1825 series.xlsx,Worcester 1824,H599,Worcester,599,settler_women,,0.0,corrected_header_mapping,Original workbook header and cell; unresolved values have no inferred replacement
1825 series.xlsx,Worcester 1824,H600,Worcester,600,settler_women,,0.0,corrected_header_mapping,Original workbook header and cell; unresolved values have no inferred replacement
1825 series.xlsx,Worcester 1824,H601,Worcester,601,settler_women,,0.0,corrected_header_mapping,Original workbook header and cell; unresolved values have no inferred replacement
1825 series.xlsx,Worcester 1824,H602,Worcester,602,settler_women,1,1.0,corrected_header_mapping,Original workbook header and cell; unresolved values have no inferred replacement
1825 series.xlsx,Worcester 1824,H603,Worcester,603,settler_women,,0.0,corrected_header_mapping,Original workbook header and cell; unresolved values have no inferred replacement
1825 series.xlsx,Worcester 1824,H604,Worcester,604,settler_women,,0.0,corrected_header_mapping,Original workbook header and cell; unresolved values have no inferred replacement
1825 series.xlsx,Worcester 1824,H605,Worcester,605,settler_women,,0.0,corrected_header_mapping,Original workbook header and cell; unresolved values have no inferred replacement
1825 series.xlsx,Worcester 1824,H606,Worcester,606,settler_women,1,1.0,corrected_header_mapping,Original workbook header and cell; unresolved values have no inferred replacement
1825 series.xlsx,Worcester 1824,H607,Worcester,607,settler_women,1,1.0,corrected_header_mapping,Original workbook header and cell; unresolved values have no inferred replacement
1825 series.xlsx,Worcester 1824,H608,Worcester,608,settler_women,1,1.0,corrected_header_mapping,Original workbook header and cell; unresolved values have no inferred replacement
1825 series.xlsx,Worcester 1824,H609,Worcester,609,settler_women,1,1.0,corrected_header_mapping,Original workbook header and cell; unresolved values have no inferred replacement
1825 series.xlsx,Worcester 1824,H610,Worcester,610,settler_women,1,1.0,corrected_header_mapping,Original workbook header and cell; unresolved values have no inferred replacement
1825 series.xlsx,Worcester 1824,H611,Worcester,611,settler_women,1,1.0,corrected_header_mapping,Original workbook header and cell; unresolved values have no inferred replacement
1825 series.xlsx,Worcester 1824,H612,Worcester,612,settler_women,1,1.0,corrected_header_mapping,Original workbook header and cell; unresolved values have no inferred replacement
1825 series.xlsx,Worcester 1824,H613,Worcester,613,settler_women,1,1.0,corrected_header_mapping,Original workbook header and cell; unresolved values have no inferred replacement
1825 series.xlsx,Worcester 1824,H614,Worcester,614,settler_women,,0.0,corrected_header_mapping,Original workbook header and cell; unresolved values have no inferred replacement
1825 series.xlsx,Worcester 1824,H615,Worcester,615,settler_women,,0.0,corrected_header_mapping,Original workbook header and cell; unresolved values have no inferred replacement
1825 series.xlsx,Worcester 1824,H616,Worcester,616,settler_women,1,1.0,corrected_header_mapping,Original workbook header and cell; unresolved values have no inferred replacement
1825 series.xlsx,Worcester 1824,H617,Worcester,617,settler_women,,0.0,corrected_header_mapping,Original workbook header and cell; unresolved values have no inferred replacement
1825 series.xlsx,Worcester 1824,H618,Worcester,618,settler_women,1,1.0,corrected_header_mapping,Original workbook header and cell; unresolved values have no inferred replacement
1825 series.xlsx,Worcester 1824,H619,Worcester,619,settler_women,1,1.0,corrected_header_mapping,Original workbook header and cell; unresolved values have no inferred replacement
1825 series.xlsx,Worcester 1824,H620,Worcester,620,settler_women,1,1.0,corrected_header_mapping,Original workbook header and cell; unresolved values have no inferred replacement
1825 series.xlsx,Worcester 1824,H621,Worcester,621,settler_women,1,1.0,corrected_header_mapping,Original workbook header and cell; unresolved values have no inferred replacement
1825 series.xlsx,Worcester 1824,H622,Worcester,622,settler_women,1,1.0,corrected_header_mapping,Original workbook header and cell; unresolved values have no inferred replacement
1825 series.xlsx,Worcester 1824,H623,Worcester,623,settler_women,1,1.0,corrected_header_mapping,Original workbook header and cell; unresolved values have no inferred replacement
1825 series.xlsx,Worcester 1824,H624,Worcester,624,settler_women,,0.0,corrected_header_mapping,Original workbook header and cell; unresolved values have no inferred replacement
1825 series.xlsx,Worcester 1824,H625,Worcester,625,settler_women,,0.0,corrected_header_mapping,Original workbook header and cell; unresolved values have no inferred replacement
1825 series.xlsx,Worcester 1824,H626,Worcester,626,settler_women,1,1.0,corrected_header_mapping,Original workbook header and cell; unresolved values have no inferred replacement
1825 series.xlsx,Worcester 1824,H627,Worcester,627,settler_women,,0.0,corrected_header_mapping,Original workbook header and cell; unresolved values have no inferred replacement
1825 series.xlsx,Worcester 1824,H628,Worcester,628,settler_women,1,1.0,corrected_header_mapping,Original workbook header and cell; unresolved values have no inferred replacement
1825 series.xlsx,Worcester 1824,H629,Worcester,629,settler_women,,0.0,corrected_header_mapping,Original workbook header and cell; unresolved values have no inferred replacement
1825 series.xlsx,Worcester 1824,H630,Worcester,630,settler_women,1,1.0,corrected_header_mapping,Original workbook header and cell; unresolved values have no inferred replacement
1825 series.xlsx,Worcester 1824,H631,Worcester,631,settler_women,1,1.0,corrected_header_mapping,Original workbook header and cell; unresolved values have no inferred replacement
1825 series.xlsx,Worcester 1824,H632,Worcester,632,settler_women,,0.0,corrected_header_mapping,Original workbook header and cell; unresolved values have no inferred replacement
1825 series.xlsx,Worcester 1824,H633,Worcester,633,settler_women,,0.0,corrected_header_mapping,Original workbook header and cell; unresolved values have no inferred replacement
1825 series.xlsx,Worcester 1824,H634,Worcester,634,settler_women,1,1.0,corrected_header_mapping,Original workbook header and cell; unresolved values have no inferred replacement
1825 series.xlsx,Worcester 1824,H635,Worcester,635,settler_women,1,1.0,corrected_header_mapping,Original workbook header and cell; unresolved values have no inferred replacement
1825 series.xlsx,Worcester 1824,H636,Worcester,636,settler_women,,0.0,corrected_header_mapping,Original workbook header and cell; unresolved values have no inferred replacement
1825 series.xlsx,Worcester 1824,H637,Worcester,637,settler_women,,0.0,corrected_header_mapping,Original workbook header and cell; unresolved values have no inferred replacement
1825 series.xlsx,Worcester 1824,H638,Worcester,638,settler_women,1,1.0,corrected_header_mapping,Original workbook header and cell; unresolved values have no inferred replacement
1825 series.xlsx,Worcester 1824,H639,Worcester,639,settler_women,1,1.0,corrected_header_mapping,Original workbook header and cell; unresolved values have no inferred replacement
1825 series.xlsx,Worcester 1824,H640,Worcester,640,settler_women,,0.0,corrected_header_mapping,Original workbook header and cell; unresolved values have no inferred replacement
1825 series.xlsx,Worcester 1824,H641,Worcester,641,settler_women,1,1.0,corrected_header_mapping,Original workbook header and cell; unresolved values have no inferred replacement
1825 series.xlsx,Worcester 1824,H642,Worcester,642,settler_women,1,1.0,corrected_header_mapping,Original workbook header and cell; unresolved values have no inferred replacement
1825 series.xlsx,Worcester 1824,H643,Worcester,643,settler_women,1,1.0,corrected_header_mapping,Original workbook header and cell; unresolved values have no inferred replacement
1825 series.xlsx,Worcester 1824,H644,Worcester,644,settler_women,1,1.0,corrected_header_mapping,Original workbook header and cell; unresolved values have no inferred replacement
1825 series.xlsx,Worcester 1824,H645,Worcester,645,settler_women,1,1.0,corrected_header_mapping,Original workbook header and cell; unresolved values have no inferred replacement
1825 series.xlsx,Worcester 1824,H646,Worcester,646,settler_women,,0.0,corrected_header_mapping,Original workbook header and cell; unresolved values have no inferred replacement
1825 series.xlsx,Worcester 1824,H647,Worcester,647,settler_women,1,1.0,corrected_header_mapping,Original workbook header and cell; unresolved values have no inferred replacement
1825 series.xlsx,Worcester 1824,H648,Worcester,648,settler_women,1,1.0,corrected_header_mapping,Original workbook header and cell; unresolved values have no inferred replacement
1825 series.xlsx,Worcester 1824,H649,Worcester,649,settler_women,1,1.0,corrected_header_mapping,Original workbook header and cell; unresolved values have no inferred replacement
1825 series.xlsx,Worcester 1824,H650,Worcester,650,settler_women,,0.0,corrected_header_mapping,Original workbook header and cell; unresolved values have no inferred replacement
1825 series.xlsx,Worcester 1824,H651,Worcester,651,settler_women,1,1.0,corrected_header_mapping,Original workbook header and cell; unresolved values have no inferred replacement
1825 series.xlsx,Worcester 1824,H652,Worcester,652,settler_women,1,1.0,corrected_header_mapping,Original workbook header and cell; unresolved values have no inferred replacement
1825 series.xlsx,Worcester 1824,H653,Worcester,653,settler_women,1,1.0,corrected_header_mapping,Original workbook header and cell; unresolved values have no inferred replacement
1825 series.xlsx,Worcester 1824,H654,Worcester,654,settler_women,1,1.0,corrected_header_mapping,Original workbook header and cell; unresolved values have no inferred replacement
1825 series.xlsx,Worcester 1824,H655,Worcester,655,settler_women,,0.0,corrected_header_mapping,Original workbook header and cell; unresolved values have no inferred replacement
1825 series.xlsx,Worcester 1824,H656,Worcester,656,settler_women,1,1.0,corrected_header_mapping,Original workbook header and cell; unresolved values have no inferred replacement
1825 series.xlsx,Worcester 1824,H657,Worcester,657,settler_women,1,1.0,corrected_header_mapping,Original workbook header and cell; unresolved values have no inferred replacement
1825 series.xlsx,Worcester 1824,H658,Worcester,658,settler_women,,0.0,corrected_header_mapping,Original workbook header and cell; unresolved values have no inferred replacement
1825 series.xlsx,Worcester 1824,H659,Worcester,659,settler_women,1,1.0,corrected_header_mapping,Original workbook header and cell; unresolved values have no inferred replacement
1825 series.xlsx,Worcester 1824,H660,Worcester,660,settler_women,,0.0,corrected_header_mapping,Original workbook header and cell; unresolved values have no inferred replacement
1825 series.xlsx,Worcester 1824,H661,Worcester,661,settler_women,1,1.0,corrected_header_mapping,Original workbook header and cell; unresolved values have no inferred replacement
1825 series.xlsx,Worcester 1824,H662,Worcester,662,settler_women,,0.0,corrected_header_mapping,Original workbook header and cell; unresolved values have no inferred replacement
1825 series.xlsx,Worcester 1824,H663,Worcester,663,settler_women,,0.0,corrected_header_mapping,Original workbook header and cell; unresolved values have no inferred replacement
1825 series.xlsx,Worcester 1824,H664,Worcester,664,settler_women,1,1.0,corrected_header_mapping,Original workbook header and cell; unresolved values have no inferred replacement
1825 series.xlsx,Worcester 1824,H665,Worcester,665,settler_women,1,1.0,corrected_header_mapping,Original workbook header and cell; unresolved values have no inferred replacement
1825 series.xlsx,Worcester 1824,H666,Worcester,666,settler_women,1,1.0,corrected_header_mapping,Original workbook header and cell; unresolved values have no inferred replacement
1825 series.xlsx,Worcester 1824,H667,Worcester,667,settler_women,1,1.0,corrected_header_mapping,Original workbook header and cell; unresolved values have no inferred replacement
1825 series.xlsx,Worcester 1824,H668,Worcester,668,settler_women,1,1.0,corrected_header_mapping,Original workbook header and cell; unresolved values have no inferred replacement
1825 series.xlsx,Worcester 1824,H669,Worcester,669,settler_women,1,1.0,corrected_header_mapping,Original workbook header and cell; unresolved values have no inferred replacement
1825 series.xlsx,Worcester 1824,H670,Worcester,670,settler_women,1,1.0,corrected_header_mapping,Original workbook header and cell; unresolved values have no inferred replacement
1825 series.xlsx,Worcester 1824,H671,Worcester,671,settler_women,1,1.0,corrected_header_mapping,Original workbook header and cell; unresolved values have no inferred replacement
1825 series.xlsx,Worcester 1824,H672,Worcester,672,settler_women,1,1.0,corrected_header_mapping,Original workbook header and cell; unresolved values have no inferred replacement
1825 series.xlsx,Worcester 1824,H673,Worcester,673,settler_women,,0.0,corrected_header_mapping,Original workbook header and cell; unresolved values have no inferred replacement
1825 series.xlsx,Worcester 1824,H674,Worcester,674,settler_women,1,1.0,corrected_header_mapping,Original workbook header and cell; unresolved values have no inferred replacement
1825 series.xlsx,Worcester 1824,H675,Worcester,675,settler_women,,0.0,corrected_header_mapping,Original workbook header and cell; unresolved values have no inferred replacement
1825 series.xlsx,Worcester 1824,H676,Worcester,676,settler_women,1,1.0,corrected_header_mapping,Original workbook header and cell; unresolved values have no inferred replacement
1825 series.xlsx,Worcester 1824,H677,Worcester,677,settler_women,,0.0,corrected_header_mapping,Original workbook header and cell; unresolved values have no inferred replacement
1825 series.xlsx,Worcester 1824,H678,Worcester,678,settler_women,,0.0,corrected_header_mapping,Original workbook header and cell; unresolved values have no inferred replacement
1825 series.xlsx,Worcester 1824,H679,Worcester,679,settler_women,1,1.0,corrected_header_mapping,Original workbook header and cell; unresolved values have no inferred replacement
1825 series.xlsx,Worcester 1824,H680,Worcester,680,settler_women,1,1.0,corrected_header_mapping,Original workbook header and cell; unresolved values have no inferred replacement
1825 series.xlsx,Worcester 1824,H681,Worcester,681,settler_women,,0.0,corrected_header_mapping,Original workbook header and cell; unresolved values have no inferred replacement
1825 series.xlsx,Worcester 1824,H682,Worcester,682,settler_women,,0.0,corrected_header_mapping,Original workbook header and cell; unresolved values have no inferred replacement
1825 series.xlsx,Worcester 1824,H683,Worcester,683,settler_women,,0.0,corrected_header_mapping,Original workbook header and cell; unresolved values have no inferred replacement
1825 series.xlsx,Worcester 1824,H684,Worcester,684,settler_women,1,1.0,corrected_header_mapping,Original workbook header and cell; unresolved values have no inferred replacement
1825 series.xlsx,Worcester 1824,H685,Worcester,685,settler_women,1,1.0,corrected_header_mapping,Original workbook header and cell; unresolved values have no inferred replacement
1825 series.xlsx,Worcester 1824,H686,Worcester,686,settler_women,,0.0,corrected_header_mapping,Original workbook header and cell; unresolved values have no inferred replacement
1825 series.xlsx,Worcester 1824,H687,Worcester,687,settler_women,1,1.0,corrected_header_mapping,Original workbook header and cell; unresolved values have no inferred replacement
1825 series.xlsx,Worcester 1824,H688,Worcester,688,settler_women,1,1.0,corrected_header_mapping,Original workbook header and cell; unresolved values have no inferred replacement
1825 series.xlsx,Worcester 1824,H689,Worcester,689,settler_women,,0.0,corrected_header_mapping,Original workbook header and cell; unresolved values have no inferred replacement
1825 series.xlsx,Worcester 1824,H690,Worcester,690,settler_women,,0.0,corrected_header_mapping,Original workbook header and cell; unresolved values have no inferred replacement
1825 series.xlsx,Worcester 1824,H691,Worcester,691,settler_women,1,1.0,corrected_header_mapping,Original workbook header and cell; unresolved values have no inferred replacement
1825 series.xlsx,Worcester 1824,H692,Worcester,692,settler_women,1,1.0,corrected_header_mapping,Original workbook header and cell; unresolved values have no inferred replacement
1825 series.xlsx,Worcester 1824,H693,Worcester,693,settler_women,,0.0,corrected_header_mapping,Original workbook header and cell; unresolved values have no inferred replacement
1825 series.xlsx,Worcester 1824,H694,Worcester,694,settler_women,1,1.0,corrected_header_mapping,Original workbook header and cell; unresolved values have no inferred replacement
1825 series.xlsx,Worcester 1824,H695,Worcester,695,settler_women,1,1.0,corrected_header_mapping,Original workbook header and cell; unresolved values have no inferred replacement
1825 series.xlsx,Worcester 1824,H696,Worcester,696,settler_women,1,1.0,corrected_header_mapping,Original workbook header and cell; unresolved values have no inferred replacement
1825 series.xlsx,Worcester 1824,H697,Worcester,697,settler_women,1,1.0,corrected_header_mapping,Original workbook header and cell; unresolved values have no inferred replacement
1825 series.xlsx,Worcester 1824,H698,Worcester,698,settler_women,,0.0,corrected_header_mapping,Original workbook header and cell; unresolved values have no inferred replacement
1825 series.xlsx,Worcester 1824,H699,Worcester,699,settler_women,,0.0,corrected_header_mapping,Original workbook header and cell; unresolved values have no inferred replacement
1825 series.xlsx,Worcester 1824,H700,Worcester,700,settler_women,1,1.0,corrected_header_mapping,Original workbook header and cell; unresolved values have no inferred replacement
1825 series.xlsx,Worcester 1824,H701,Worcester,701,settler_women,1,1.0,corrected_header_mapping,Original workbook header and cell; unresolved values have no inferred replacement
1825 series.xlsx,Worcester 1824,H702,Worcester,702,settler_women,1,1.0,corrected_header_mapping,Original workbook header and cell; unresolved values have no inferred replacement
1825 series.xlsx,Worcester 1824,H703,Worcester,703,settler_women,1,1.0,corrected_header_mapping,Original workbook header and cell; unresolved values have no inferred replacement
1825 series.xlsx,Worcester 1824,H704,Worcester,704,settler_women,,0.0,corrected_header_mapping,Original workbook header and cell; unresolved values have no inferred replacement
1825 series.xlsx,Worcester 1824,H705,Worcester,705,settler_women,,0.0,corrected_header_mapping,Original workbook header and cell; unresolved values have no inferred replacement
1825 series.xlsx,Worcester 1824,H706,Worcester,706,settler_women,,0.0,corrected_header_mapping,Original workbook header and cell; unresolved values have no inferred replacement
1825 series.xlsx,Worcester 1824,H707,Worcester,707,settler_women,,0.0,corrected_header_mapping,Original workbook header and cell; unresolved values have no inferred replacement
1825 series.xlsx,Worcester 1824,H708,Worcester,708,settler_women,,0.0,corrected_header_mapping,Original workbook header and cell; unresolved values have no inferred replacement
1825 series.xlsx,Worcester 1824,H709,Worcester,709,settler_women,1,1.0,corrected_header_mapping,Original workbook header and cell; unresolved values have no inferred replacement
1825 series.xlsx,Worcester 1824,H710,Worcester,710,settler_women,,0.0,corrected_header_mapping,Original workbook header and cell; unresolved values have no inferred replacement
1825 series.xlsx,Worcester 1824,H711,Worcester,711,settler_women,,0.0,corrected_header_mapping,Original workbook header and cell; unresolved values have no inferred replacement
1825 series.xlsx,Worcester 1824,H712,Worcester,712,settler_women,1,1.0,corrected_header_mapping,Original workbook header and cell; unresolved values have no inferred replacement
1825 series.xlsx,Worcester 1824,H713,Worcester,713,settler_women,,0.0,corrected_header_mapping,Original workbook header and cell; unresolved values have no inferred replacement
1825 series.xlsx,Worcester 1824,H714,Worcester,714,settler_women,,0.0,corrected_header_mapping,Original workbook header and cell; unresolved values have no inferred replacement
1825 series.xlsx,Worcester 1824,H715,Worcester,715,settler_women,1,1.0,corrected_header_mapping,Original workbook header and cell; unresolved values have no inferred replacement
1825 series.xlsx,Worcester 1824,H716,Worcester,716,settler_women,1,1.0,corrected_header_mapping,Original workbook header and cell; unresolved values have no inferred replacement
1825 series.xlsx,Worcester 1824,H717,Worcester,717,settler_women,,0.0,corrected_header_mapping,Original workbook header and cell; unresolved values have no inferred replacement
1825 series.xlsx,Worcester 1824,H718,Worcester,718,settler_women,1,1.0,corrected_header_mapping,Original workbook header and cell; unresolved values have no inferred replacement
1825 series.xlsx,Worcester 1824,H719,Worcester,719,settler_women,1,1.0,corrected_header_mapping,Original workbook header and cell; unresolved values have no inferred replacement
1825 series.xlsx,Worcester 1824,H720,Worcester,720,settler_women,,0.0,corrected_header_mapping,Original workbook header and cell; unresolved values have no inferred replacement
1825 series.xlsx,Worcester 1824,H721,Worcester,721,settler_women,1,1.0,corrected_header_mapping,Original workbook header and cell; unresolved values have no inferred replacement
1825 series.xlsx,Worcester 1824,H722,Worcester,722,settler_women,1,1.0,corrected_header_mapping,Original workbook header and cell; unresolved values have no inferred replacement
1825 series.xlsx,Worcester 1824,H723,Worcester,723,settler_women,1,1.0,corrected_header_mapping,Original workbook header and cell; unresolved values have no inferred replacement
1825 series.xlsx,Worcester 1824,H724,Worcester,724,settler_women,1,1.0,corrected_header_mapping,Original workbook header and cell; unresolved values have no inferred replacement
1825 series.xlsx,Worcester 1824,H725,Worcester,725,settler_women,,0.0,corrected_header_mapping,Original workbook header and cell; unresolved values have no inferred replacement
1825 series.xlsx,Worcester 1824,H726,Worcester,726,settler_women,1,1.0,corrected_header_mapping,Original workbook header and cell; unresolved values have no inferred replacement
1825 series.xlsx,Worcester 1824,H727,Worcester,727,settler_women,1,1.0,corrected_header_mapping,Original workbook header and cell; unresolved values have no inferred replacement
1825 series.xlsx,Worcester 1824,H728,Worcester,728,settler_women,1,1.0,corrected_header_mapping,Original workbook header and cell; unresolved values have no inferred replacement
1825 series.xlsx,Worcester 1824,H729,Worcester,729,settler_women,,0.0,corrected_header_mapping,Original workbook header and cell; unresolved values have no inferred replacement
1825 series.xlsx,Worcester 1824,H730,Worcester,730,settler_women,,0.0,corrected_header_mapping,Original workbook header and cell; unresolved values have no inferred replacement
1825 series.xlsx,Worcester 1824,H731,Worcester,731,settler_women,,0.0,corrected_header_mapping,Original workbook header and cell; unresolved values have no inferred replacement
1825 series.xlsx,Worcester 1824,H732,Worcester,732,settler_women,1,1.0,corrected_header_mapping,Original workbook header and cell; unresolved values have no inferred replacement
1825 series.xlsx,Worcester 1824,H733,Worcester,733,settler_women,,0.0,corrected_header_mapping,Original workbook header and cell; unresolved values have no inferred replacement
1825 series.xlsx,Worcester 1824,H734,Worcester,734,settler_women,1,1.0,corrected_header_mapping,Original workbook header and cell; unresolved values have no inferred replacement
1825 series.xlsx,Worcester 1824,H735,Worcester,735,settler_women,1,1.0,corrected_header_mapping,Original workbook header and cell; unresolved values have no inferred replacement
1825 series.xlsx,Worcester 1824,H736,Worcester,736,settler_women,,0.0,corrected_header_mapping,Original workbook header and cell; unresolved values have no inferred replacement
1825 series.xlsx,Worcester 1824,H737,Worcester,737,settler_women,1,1.0,corrected_header_mapping,Original workbook header and cell; unresolved values have no inferred replacement
1825 series.xlsx,Worcester 1824,H738,Worcester,738,settler_women,,0.0,corrected_header_mapping,Original workbook header and cell; unresolved values have no inferred replacement
1825 series.xlsx,Worcester 1824,H739,Worcester,739,settler_women,,0.0,corrected_header_mapping,Original workbook header and cell; unresolved values have no inferred replacement
1825 series.xlsx,Worcester 1824,H740,Worcester,740,settler_women,1,1.0,corrected_header_mapping,Original workbook header and cell; unresolved values have no inferred replacement
1825 series.xlsx,Worcester 1824,H741,Worcester,741,settler_women,1,1.0,corrected_header_mapping,Original workbook header and cell; unresolved values have no inferred replacement
1825 series.xlsx,Worcester 1824,H742,Worcester,742,settler_women,1,1.0,corrected_header_mapping,Original workbook header and cell; unresolved values have no inferred replacement
1825 series.xlsx,Worcester 1824,H743,Worcester,743,settler_women,1,1.0,corrected_header_mapping,Original workbook header and cell; unresolved values have no inferred replacement
1825 series.xlsx,Worcester 1824,H744,Worcester,744,settler_women,,0.0,corrected_header_mapping,Original workbook header and cell; unresolved values have no inferred replacement
1825 series.xlsx,Worcester 1824,H745,Worcester,745,settler_women,,0.0,corrected_header_mapping,Original workbook header and cell; unresolved values have no inferred replacement
1825 series.xlsx,Worcester 1824,H746,Worcester,746,settler_women,1,1.0,corrected_header_mapping,Original workbook header and cell; unresolved values have no inferred replacement
1825 series.xlsx,Worcester 1824,H747,Worcester,747,settler_women,1,1.0,corrected_header_mapping,Original workbook header and cell; unresolved values have no inferred replacement
1825 series.xlsx,Worcester 1824,H748,Worcester,748,settler_women,,0.0,corrected_header_mapping,Original workbook header and cell; unresolved values have no inferred replacement
1825 series.xlsx,Worcester 1824,H749,Worcester,749,settler_women,1,1.0,corrected_header_mapping,Original workbook header and cell; unresolved values have no inferred replacement
1825 series.xlsx,Worcester 1824,H750,Worcester,750,settler_women,,0.0,corrected_header_mapping,Original workbook header and cell; unresolved values have no inferred replacement
1825 series.xlsx,Worcester 1824,H751,Worcester,751,settler_women,1,1.0,corrected_header_mapping,Original workbook header and cell; unresolved values have no inferred replacement
1825 series.xlsx,Worcester 1824,H752,Worcester,752,settler_women,1,1.0,corrected_header_mapping,Original workbook header and cell; unresolved values have no inferred replacement
1825 series.xlsx,Worcester 1824,H753,Worcester,753,settler_women,1,1.0,corrected_header_mapping,Original workbook header and cell; unresolved values have no inferred replacement
1825 series.xlsx,Worcester 1824,H754,Worcester,754,settler_women,1,1.0,corrected_header_mapping,Original workbook header and cell; unresolved values have no inferred replacement
1825 series.xlsx,Worcester 1824,H755,Worcester,755,settler_women,,0.0,corrected_header_mapping,Original workbook header and cell; unresolved values have no inferred replacement
1825 series.xlsx,Worcester 1824,H756,Worcester,756,settler_women,,0.0,corrected_header_mapping,Original workbook header and cell; unresolved values have no inferred replacement
1825 series.xlsx,Worcester 1824,H757,Worcester,757,settler_women,1,1.0,corrected_header_mapping,Original workbook header and cell; unresolved values have no inferred replacement
1825 series.xlsx,Worcester 1824,H758,Worcester,758,settler_women,1,1.0,corrected_header_mapping,Original workbook header and cell; unresolved values have no inferred replacement
1825 series.xlsx,Worcester 1824,H759,Worcester,759,settler_women,1,1.0,corrected_header_mapping,Original workbook header and cell; unresolved values have no inferred replacement
1825 series.xlsx,Worcester 1824,H760,Worcester,760,settler_women,1,1.0,corrected_header_mapping,Original workbook header and cell; unresolved values have no inferred replacement
1825 series.xlsx,Worcester 1824,H761,Worcester,761,settler_women,1,1.0,corrected_header_mapping,Original workbook header and cell; unresolved values have no inferred replacement
1825 series.xlsx,Worcester 1824,H762,Worcester,762,settler_women,1,1.0,corrected_header_mapping,Original workbook header and cell; unresolved values have no inferred replacement
1825 series.xlsx,Worcester 1824,H763,Worcester,763,settler_women,1,1.0,corrected_header_mapping,Original workbook header and cell; unresolved values have no inferred replacement
1825 series.xlsx,Worcester 1824,H764,Worcester,764,settler_women,1,1.0,corrected_header_mapping,Original workbook header and cell; unresolved values have no inferred replacement
1825 series.xlsx,Worcester 1824,H765,Worcester,765,settler_women,1,1.0,corrected_header_mapping,Original workbook header and cell; unresolved values have no inferred replacement
1825 series.xlsx,Worcester 1824,H766,Worcester,766,settler_women,1,1.0,corrected_header_mapping,Original workbook header and cell; unresolved values have no inferred replacement
1825 series.xlsx,Worcester 1824,H767,Worcester,767,settler_women,1,1.0,corrected_header_mapping,Original workbook header and cell; unresolved values have no inferred replacement
1825 series.xlsx,Worcester 1824,H768,Worcester,768,settler_women,1,1.0,corrected_header_mapping,Original workbook header and cell; unresolved values have no inferred replacement
1825 series.xlsx,Worcester 1824,H769,Worcester,769,settler_women,1,1.0,corrected_header_mapping,Original workbook header and cell; unresolved values have no inferred replacement
1825 series.xlsx,Worcester 1824,H770,Worcester,770,settler_women,1,1.0,corrected_header_mapping,Original workbook header and cell; unresolved values have no inferred replacement
1825 series.xlsx,Worcester 1824,H771,Worcester,771,settler_women,1,1.0,corrected_header_mapping,Original workbook header and cell; unresolved values have no inferred replacement
1825 series.xlsx,Worcester 1824,H772,Worcester,772,settler_women,,0.0,corrected_header_mapping,Original workbook header and cell; unresolved values have no inferred replacement
1825 series.xlsx,Worcester 1824,H773,Worcester,773,settler_women,1,1.0,corrected_header_mapping,Original workbook header and cell; unresolved values have no inferred replacement
1825 series.xlsx,Worcester 1824,H774,Worcester,774,settler_women,,0.0,corrected_header_mapping,Original workbook header and cell; unresolved values have no inferred replacement
1825 series.xlsx,Worcester 1824,H775,Worcester,775,settler_women,1,1.0,corrected_header_mapping,Original workbook header and cell; unresolved values have no inferred replacement
1825 series.xlsx,Worcester 1824,H776,Worcester,776,settler_women,,0.0,corrected_header_mapping,Original workbook header and cell; unresolved values have no inferred replacement
1825 series.xlsx,Worcester 1824,H777,Worcester,777,settler_women,,0.0,corrected_header_mapping,Original workbook header and cell; unresolved values have no inferred replacement
1825 series.xlsx,Worcester 1824,H778,Worcester,778,settler_women,,0.0,corrected_header_mapping,Original workbook header and cell; unresolved values have no inferred replacement
1825 series.xlsx,Worcester 1824,H779,Worcester,779,settler_women,,0.0,corrected_header_mapping,Original workbook header and cell; unresolved values have no inferred replacement
1825 series.xlsx,Worcester 1824,H780,Worcester,780,settler_women,,0.0,corrected_header_mapping,Original workbook header and cell; unresolved values have no inferred replacement
1825 series.xlsx,Worcester 1824,H781,Worcester,781,settler_women,,0.0,corrected_header_mapping,Original workbook header and cell; unresolved values have no inferred replacement
1825 series.xlsx,Worcester 1824,H782,Worcester,782,settler_women,,0.0,corrected_header_mapping,Original workbook header and cell; unresolved values have no inferred replacement
1825 series.xlsx,Worcester 1824,H783,Worcester,783,settler_women,,0.0,corrected_header_mapping,Original workbook header and cell; unresolved values have no inferred replacement
1825 series.xlsx,Worcester 1824,H784,Worcester,784,settler_women,,0.0,corrected_header_mapping,Original workbook header and cell; unresolved values have no inferred replacement
1825 series.xlsx,Worcester 1824,H785,Worcester,785,settler_women,,0.0,corrected_header_mapping,Original workbook header and cell; unresolved values have no inferred replacement
1825 series.xlsx,Stellenbosch 1825,AO928,Stellenbosch,928,wheat_reaped,"Page 38 is missing,  therefore the other half of page 37 could not be filled in",,unresolved_annotation,Original workbook header and cell; unresolved values have no inferred replacement
1825 series.xlsx,Stellenbosch 1825,AV1038,Stellenbosch,1038,brandy,½,0.5,unambiguous_fraction,Original workbook header and cell; unresolved values have no inferred replacement
1825 series.xlsx,Stellenbosch 1825,AV1505,Stellenbosch,1505,brandy,2½,2.5,unambiguous_fraction,Original workbook header and cell; unresolved values have no inferred replacement
1825 series.xlsx,Swellendam 1825,AI1959,Swellendam,1959,wheat_sown,1½,1.5,unambiguous_fraction,Original workbook header and cell; unresolved values have no inferred replacement
1825 series.xlsx,Swellendam 1825,AJ1959,Swellendam,1959,barley_sown,1½,1.5,unambiguous_fraction,Original workbook header and cell; unresolved values have no inferred replacement
1825 series.xlsx,Swellendam 1825,AI2232,Swellendam,2232,wheat_sown,1¾,1.75,unambiguous_fraction,Original workbook header and cell; unresolved values have no inferred replacement
1825 series.xlsx,Swellendam 1825,AJ2324,Swellendam,2324,barley_sown,½,0.5,unambiguous_fraction,Original workbook header and cell; unresolved values have no inferred replacement
