district,source_row,census_id,source_key
Albany,4,1,1825 series.xlsx|Albany 1825|4
Albany,5,2,1825 series.xlsx|Albany 1825|5
Albany,6,3,1825 series.xlsx|Albany 1825|6
Albany,7,4,1825 series.xlsx|Albany 1825|7
Albany,8,5,1825 series.xlsx|Albany 1825|8
Albany,9,6,1825 series.xlsx|Albany 1825|9
Albany,10,7,1825 series.xlsx|Albany 1825|10
Albany,11,8,1825 series.xlsx|Albany 1825|11
Albany,12,9,1825 series.xlsx|Albany 1825|12
Albany,13,10,1825 series.xlsx|Albany 1825|13
Albany,14,11,1825 series.xlsx|Albany 1825|14
Albany,15,12,1825 series.xlsx|Albany 1825|15
Albany,16,13,1825 series.xlsx|Albany 1825|16
Albany,17,14,1825 series.xlsx|Albany 1825|17
Albany,18,15,1825 series.xlsx|Albany 1825|18
Albany,19,16,1825 series.xlsx|Albany 1825|19
Albany,20,17,1825 series.xlsx|Albany 1825|20
Albany,21,18,1825 series.xlsx|Albany 1825|21
Albany,22,19,1825 series.xlsx|Albany 1825|22
Albany,23,20,1825 series.xlsx|Albany 1825|23
Albany,24,21,1825 series.xlsx|Albany 1825|24
Albany,27,22,1825 series.xlsx|Albany 1825|27
Albany,28,23,1825 series.xlsx|Albany 1825|28
Albany,29,24,1825 series.xlsx|Albany 1825|29
Albany,30,25,1825 series.xlsx|Albany 1825|30
Albany,31,26,1825 series.xlsx|Albany 1825|31
Albany,32,27,1825 series.xlsx|Albany 1825|32
Albany,33,28,1825 series.xlsx|Albany 1825|33
Albany,34,29,1825 series.xlsx|Albany 1825|34
Albany,35,30,1825 series.xlsx|Albany 1825|35
Albany,36,31,1825 series.xlsx|Albany 1825|36
Albany,37,32,1825 series.xlsx|Albany 1825|37
Albany,38,33,1825 series.xlsx|Albany 1825|38
Albany,39,34,1825 series.xlsx|Albany 1825|39
Albany,40,35,1825 series.xlsx|Albany 1825|40
Albany,41,36,1825 series.xlsx|Albany 1825|41
Albany,42,37,1825 series.xlsx|Albany 1825|42
Albany,43,38,1825 series.xlsx|Albany 1825|43
Albany,44,39,1825 series.xlsx|Albany 1825|44
Albany,45,40,1825 series.xlsx|Albany 1825|45
Albany,46,41,1825 series.xlsx|Albany 1825|46
Albany,49,42,1825 series.xlsx|Albany 1825|49
Albany,50,43,1825 series.xlsx|Albany 1825|50
Albany,51,44,1825 series.xlsx|Albany 1825|51
Albany,52,45,1825 series.xlsx|Albany 1825|52
Albany,53,46,1825 series.xlsx|Albany 1825|53
Albany,54,47,1825 series.xlsx|Albany 1825|54
Albany,55,48,1825 series.xlsx|Albany 1825|55
Albany,56,49,1825 series.xlsx|Albany 1825|56
Albany,57,50,1825 series.xlsx|Albany 1825|57
Albany,58,51,1825 series.xlsx|Albany 1825|58
Albany,59,52,1825 series.xlsx|Albany 1825|59
Albany,60,53,1825 series.xlsx|Albany 1825|60
Albany,61,54,1825 series.xlsx|Albany 1825|61
Albany,62,55,1825 series.xlsx|Albany 1825|62
Albany,63,56,1825 series.xlsx|Albany 1825|63
Albany,64,57,1825 series.xlsx|Albany 1825|64
Albany,65,58,1825 series.xlsx|Albany 1825|65
Albany,66,59,1825 series.xlsx|Albany 1825|66
Albany,67,60,1825 series.xlsx|Albany 1825|67
Albany,70,61,1825 series.xlsx|Albany 1825|70
Albany,71,62,1825 series.xlsx|Albany 1825|71
Albany,72,63,1825 series.xlsx|Albany 1825|72
Albany,73,64,1825 series.xlsx|Albany 1825|73
Albany,74,65,1825 series.xlsx|Albany 1825|74
Albany,75,66,1825 series.xlsx|Albany 1825|75
Albany,76,67,1825 series.xlsx|Albany 1825|76
Albany,77,68,1825 series.xlsx|Albany 1825|77
Albany,78,69,1825 series.xlsx|Albany 1825|78
Albany,79,70,1825 series.xlsx|Albany 1825|79
Albany,80,71,1825 series.xlsx|Albany 1825|80
Albany,81,72,1825 series.xlsx|Albany 1825|81
Albany,82,73,1825 series.xlsx|Albany 1825|82
Albany,83,74,1825 series.xlsx|Albany 1825|83
Albany,84,75,1825 series.xlsx|Albany 1825|84
Albany,85,76,1825 series.xlsx|Albany 1825|85
Albany,86,77,1825 series.xlsx|Albany 1825|86
Albany,87,78,1825 series.xlsx|Albany 1825|87
Albany,88,79,1825 series.xlsx|Albany 1825|88
Albany,91,80,1825 series.xlsx|Albany 1825|91
Albany,92,81,1825 series.xlsx|Albany 1825|92
Albany,93,82,1825 series.xlsx|Albany 1825|93
Albany,94,83,1825 series.xlsx|Albany 1825|94
Albany,95,84,1825 series.xlsx|Albany 1825|95
Albany,96,85,1825 series.xlsx|Albany 1825|96
Albany,97,86,1825 series.xlsx|Albany 1825|97
Albany,98,87,1825 series.xlsx|Albany 1825|98
Albany,99,88,1825 series.xlsx|Albany 1825|99
Albany,100,89,1825 series.xlsx|Albany 1825|100
Albany,101,90,1825 series.xlsx|Albany 1825|101
Albany,102,91,1825 series.xlsx|Albany 1825|102
Albany,103,92,1825 series.xlsx|Albany 1825|103
Albany,104,93,1825 series.xlsx|Albany 1825|104
Albany,107,94,1825 series.xlsx|Albany 1825|107
Albany,108,95,1825 series.xlsx|Albany 1825|108
Albany,109,96,1825 series.xlsx|Albany 1825|109
Albany,110,97,1825 series.xlsx|Albany 1825|110
Albany,111,98,1825 series.xlsx|Albany 1825|111
Albany,112,99,1825 series.xlsx|Albany 1825|112
Albany,113,100,1825 series.xlsx|Albany 1825|113
Albany,114,101,1825 series.xlsx|Albany 1825|114
Albany,115,102,1825 series.xlsx|Albany 1825|115
Albany,116,103,1825 series.xlsx|Albany 1825|116
Albany,119,104,1825 series.xlsx|Albany 1825|119
Albany,120,105,1825 series.xlsx|Albany 1825|120
Albany,121,106,1825 series.xlsx|Albany 1825|121
Albany,122,107,1825 series.xlsx|Albany 1825|122
Albany,123,108,1825 series.xlsx|Albany 1825|123
Albany,124,109,1825 series.xlsx|Albany 1825|124
Albany,125,110,1825 series.xlsx|Albany 1825|125
Albany,126,111,1825 series.xlsx|Albany 1825|126
Albany,127,112,1825 series.xlsx|Albany 1825|127
Albany,128,113,1825 series.xlsx|Albany 1825|128
Albany,129,114,1825 series.xlsx|Albany 1825|129
Albany,130,115,1825 series.xlsx|Albany 1825|130
Albany,131,116,1825 series.xlsx|Albany 1825|131
Albany,132,117,1825 series.xlsx|Albany 1825|132
Albany,133,118,1825 series.xlsx|Albany 1825|133
Albany,134,119,1825 series.xlsx|Albany 1825|134
Albany,135,120,1825 series.xlsx|Albany 1825|135
Albany,136,121,1825 series.xlsx|Albany 1825|136
Albany,139,122,1825 series.xlsx|Albany 1825|139
Albany,140,123,1825 series.xlsx|Albany 1825|140
Albany,141,124,1825 series.xlsx|Albany 1825|141
Albany,142,125,1825 series.xlsx|Albany 1825|142
Albany,143,126,1825 series.xlsx|Albany 1825|143
Albany,144,127,1825 series.xlsx|Albany 1825|144
Albany,145,128,1825 series.xlsx|Albany 1825|145
Albany,146,129,1825 series.xlsx|Albany 1825|146
Albany,147,130,1825 series.xlsx|Albany 1825|147
Albany,148,131,1825 series.xlsx|Albany 1825|148
Albany,149,132,1825 series.xlsx|Albany 1825|149
Albany,150,133,1825 series.xlsx|Albany 1825|150
Albany,151,134,1825 series.xlsx|Albany 1825|151
Albany,152,135,1825 series.xlsx|Albany 1825|152
Albany,153,136,1825 series.xlsx|Albany 1825|153
Albany,154,137,1825 series.xlsx|Albany 1825|154
Albany,157,138,1825 series.xlsx|Albany 1825|157
Albany,158,139,1825 series.xlsx|Albany 1825|158
Albany,159,140,1825 series.xlsx|Albany 1825|159
Albany,160,141,1825 series.xlsx|Albany 1825|160
Albany,161,142,1825 series.xlsx|Albany 1825|161
Albany,162,143,1825 series.xlsx|Albany 1825|162
Albany,163,144,1825 series.xlsx|Albany 1825|163
Albany,164,145,1825 series.xlsx|Albany 1825|164
Albany,165,146,1825 series.xlsx|Albany 1825|165
Albany,166,147,1825 series.xlsx|Albany 1825|166
Albany,167,148,1825 series.xlsx|Albany 1825|167
Albany,168,149,1825 series.xlsx|Albany 1825|168
Albany,169,150,1825 series.xlsx|Albany 1825|169
Albany,171,151,1825 series.xlsx|Albany 1825|171
Albany,172,152,1825 series.xlsx|Albany 1825|172
Albany,173,153,1825 series.xlsx|Albany 1825|173
Albany,174,154,1825 series.xlsx|Albany 1825|174
Albany,175,155,1825 series.xlsx|Albany 1825|175
Albany,178,156,1825 series.xlsx|Albany 1825|178
Albany,179,157,1825 series.xlsx|Albany 1825|179
Albany,180,158,1825 series.xlsx|Albany 1825|180
Albany,181,159,1825 series.xlsx|Albany 1825|181
Albany,182,160,1825 series.xlsx|Albany 1825|182
Albany,183,161,1825 series.xlsx|Albany 1825|183
Albany,184,162,1825 series.xlsx|Albany 1825|184
Albany,185,163,1825 series.xlsx|Albany 1825|185
Albany,186,164,1825 series.xlsx|Albany 1825|186
Albany,187,165,1825 series.xlsx|Albany 1825|187
Albany,188,166,1825 series.xlsx|Albany 1825|188
Albany,189,167,1825 series.xlsx|Albany 1825|189
Albany,190,168,1825 series.xlsx|Albany 1825|190
Albany,191,169,1825 series.xlsx|Albany 1825|191
Albany,192,170,1825 series.xlsx|Albany 1825|192
Albany,193,171,1825 series.xlsx|Albany 1825|193
Albany,194,172,1825 series.xlsx|Albany 1825|194
Albany,195,173,1825 series.xlsx|Albany 1825|195
Albany,196,174,1825 series.xlsx|Albany 1825|196
Albany,199,175,1825 series.xlsx|Albany 1825|199
Albany,200,176,1825 series.xlsx|Albany 1825|200
Albany,201,177,1825 series.xlsx|Albany 1825|201
Albany,202,178,1825 series.xlsx|Albany 1825|202
Albany,203,179,1825 series.xlsx|Albany 1825|203
Albany,204,180,1825 series.xlsx|Albany 1825|204
Albany,205,181,1825 series.xlsx|Albany 1825|205
Albany,207,182,1825 series.xlsx|Albany 1825|207
Albany,208,183,1825 series.xlsx|Albany 1825|208
Albany,209,184,1825 series.xlsx|Albany 1825|209
Albany,210,185,1825 series.xlsx|Albany 1825|210
Albany,211,186,1825 series.xlsx|Albany 1825|211
Albany,212,187,1825 series.xlsx|Albany 1825|212
Albany,213,188,1825 series.xlsx|Albany 1825|213
Albany,214,189,1825 series.xlsx|Albany 1825|214
Albany,216,190,1825 series.xlsx|Albany 1825|216
Albany,219,191,1825 series.xlsx|Albany 1825|219
Albany,220,192,1825 series.xlsx|Albany 1825|220
Albany,221,193,1825 series.xlsx|Albany 1825|221
Albany,223,194,1825 series.xlsx|Albany 1825|223
Albany,224,195,1825 series.xlsx|Albany 1825|224
Albany,225,196,1825 series.xlsx|Albany 1825|225
Beaufort,4,197,1825 series.xlsx|Beaufort 1825|4
Beaufort,5,198,1825 series.xlsx|Beaufort 1825|5
Beaufort,6,199,1825 series.xlsx|Beaufort 1825|6
Beaufort,7,200,1825 series.xlsx|Beaufort 1825|7
Beaufort,8,201,1825 series.xlsx|Beaufort 1825|8
Beaufort,9,202,1825 series.xlsx|Beaufort 1825|9
Beaufort,10,203,1825 series.xlsx|Beaufort 1825|10
Beaufort,11,204,1825 series.xlsx|Beaufort 1825|11
Beaufort,12,205,1825 series.xlsx|Beaufort 1825|12
Beaufort,13,206,1825 series.xlsx|Beaufort 1825|13
Beaufort,14,207,1825 series.xlsx|Beaufort 1825|14
Beaufort,15,208,1825 series.xlsx|Beaufort 1825|15
Beaufort,16,209,1825 series.xlsx|Beaufort 1825|16
Beaufort,17,210,1825 series.xlsx|Beaufort 1825|17
Beaufort,18,211,1825 series.xlsx|Beaufort 1825|18
Beaufort,19,212,1825 series.xlsx|Beaufort 1825|19
Beaufort,20,213,1825 series.xlsx|Beaufort 1825|20
Beaufort,21,214,1825 series.xlsx|Beaufort 1825|21
Beaufort,22,215,1825 series.xlsx|Beaufort 1825|22
Beaufort,23,216,1825 series.xlsx|Beaufort 1825|23
Beaufort,26,217,1825 series.xlsx|Beaufort 1825|26
Beaufort,27,218,1825 series.xlsx|Beaufort 1825|27
Beaufort,28,219,1825 series.xlsx|Beaufort 1825|28
Beaufort,29,220,1825 series.xlsx|Beaufort 1825|29
Beaufort,30,221,1825 series.xlsx|Beaufort 1825|30
Beaufort,31,222,1825 series.xlsx|Beaufort 1825|31
Beaufort,32,223,1825 series.xlsx|Beaufort 1825|32
Beaufort,33,224,1825 series.xlsx|Beaufort 1825|33
Beaufort,34,225,1825 series.xlsx|Beaufort 1825|34
Beaufort,35,226,1825 series.xlsx|Beaufort 1825|35
Beaufort,36,227,1825 series.xlsx|Beaufort 1825|36
Beaufort,37,228,1825 series.xlsx|Beaufort 1825|37
Beaufort,38,229,1825 series.xlsx|Beaufort 1825|38
Beaufort,39,230,1825 series.xlsx|Beaufort 1825|39
Beaufort,40,231,1825 series.xlsx|Beaufort 1825|40
Beaufort,41,232,1825 series.xlsx|Beaufort 1825|41
Beaufort,42,233,1825 series.xlsx|Beaufort 1825|42
Beaufort,43,234,1825 series.xlsx|Beaufort 1825|43
Beaufort,44,235,1825 series.xlsx|Beaufort 1825|44
Beaufort,45,236,1825 series.xlsx|Beaufort 1825|45
Beaufort,48,237,1825 series.xlsx|Beaufort 1825|48
Beaufort,49,238,1825 series.xlsx|Beaufort 1825|49
Beaufort,50,239,1825 series.xlsx|Beaufort 1825|50
Beaufort,51,240,1825 series.xlsx|Beaufort 1825|51
Beaufort,52,241,1825 series.xlsx|Beaufort 1825|52
Beaufort,53,242,1825 series.xlsx|Beaufort 1825|53
Beaufort,54,243,1825 series.xlsx|Beaufort 1825|54
Beaufort,55,244,1825 series.xlsx|Beaufort 1825|55
Beaufort,56,245,1825 series.xlsx|Beaufort 1825|56
Beaufort,57,246,1825 series.xlsx|Beaufort 1825|57
Beaufort,58,247,1825 series.xlsx|Beaufort 1825|58
Beaufort,59,248,1825 series.xlsx|Beaufort 1825|59
Beaufort,60,249,1825 series.xlsx|Beaufort 1825|60
Beaufort,61,250,1825 series.xlsx|Beaufort 1825|61
Beaufort,62,251,1825 series.xlsx|Beaufort 1825|62
Beaufort,63,252,1825 series.xlsx|Beaufort 1825|63
Beaufort,64,253,1825 series.xlsx|Beaufort 1825|64
Beaufort,65,254,1825 series.xlsx|Beaufort 1825|65
Beaufort,66,255,1825 series.xlsx|Beaufort 1825|66
Beaufort,67,256,1825 series.xlsx|Beaufort 1825|67
Beaufort,70,257,1825 series.xlsx|Beaufort 1825|70
Beaufort,71,258,1825 series.xlsx|Beaufort 1825|71
Beaufort,72,259,1825 series.xlsx|Beaufort 1825|72
Beaufort,73,260,1825 series.xlsx|Beaufort 1825|73
Beaufort,74,261,1825 series.xlsx|Beaufort 1825|74
Beaufort,75,262,1825 series.xlsx|Beaufort 1825|75
Beaufort,76,263,1825 series.xlsx|Beaufort 1825|76
Beaufort,77,264,1825 series.xlsx|Beaufort 1825|77
Beaufort,78,265,1825 series.xlsx|Beaufort 1825|78
Beaufort,79,266,1825 series.xlsx|Beaufort 1825|79
Beaufort,80,267,1825 series.xlsx|Beaufort 1825|80
Beaufort,81,268,1825 series.xlsx|Beaufort 1825|81
Beaufort,82,269,1825 series.xlsx|Beaufort 1825|82
Beaufort,83,270,1825 series.xlsx|Beaufort 1825|83
Beaufort,84,271,1825 series.xlsx|Beaufort 1825|84
Beaufort,85,272,1825 series.xlsx|Beaufort 1825|85
Beaufort,86,273,1825 series.xlsx|Beaufort 1825|86
Beaufort,87,274,1825 series.xlsx|Beaufort 1825|87
Beaufort,88,275,1825 series.xlsx|Beaufort 1825|88
Beaufort,91,276,1825 series.xlsx|Beaufort 1825|91
Beaufort,92,277,1825 series.xlsx|Beaufort 1825|92
Beaufort,93,278,1825 series.xlsx|Beaufort 1825|93
Beaufort,94,279,1825 series.xlsx|Beaufort 1825|94
Beaufort,95,280,1825 series.xlsx|Beaufort 1825|95
Beaufort,96,281,1825 series.xlsx|Beaufort 1825|96
Beaufort,97,282,1825 series.xlsx|Beaufort 1825|97
Beaufort,98,283,1825 series.xlsx|Beaufort 1825|98
Beaufort,99,284,1825 series.xlsx|Beaufort 1825|99
Beaufort,100,285,1825 series.xlsx|Beaufort 1825|100
Beaufort,101,286,1825 series.xlsx|Beaufort 1825|101
Beaufort,102,287,1825 series.xlsx|Beaufort 1825|102
Beaufort,103,288,1825 series.xlsx|Beaufort 1825|103
Beaufort,104,289,1825 series.xlsx|Beaufort 1825|104
Beaufort,105,290,1825 series.xlsx|Beaufort 1825|105
Beaufort,106,291,1825 series.xlsx|Beaufort 1825|106
Beaufort,107,292,1825 series.xlsx|Beaufort 1825|107
Beaufort,108,293,1825 series.xlsx|Beaufort 1825|108
Beaufort,109,294,1825 series.xlsx|Beaufort 1825|109
Beaufort,110,295,1825 series.xlsx|Beaufort 1825|110
Beaufort,113,296,1825 series.xlsx|Beaufort 1825|113
Beaufort,114,297,1825 series.xlsx|Beaufort 1825|114
Beaufort,115,298,1825 series.xlsx|Beaufort 1825|115
Beaufort,116,299,1825 series.xlsx|Beaufort 1825|116
Beaufort,117,300,1825 series.xlsx|Beaufort 1825|117
Beaufort,118,301,1825 series.xlsx|Beaufort 1825|118
Beaufort,119,302,1825 series.xlsx|Beaufort 1825|119
Beaufort,120,303,1825 series.xlsx|Beaufort 1825|120
Beaufort,121,304,1825 series.xlsx|Beaufort 1825|121
Beaufort,122,305,1825 series.xlsx|Beaufort 1825|122
Beaufort,123,306,1825 series.xlsx|Beaufort 1825|123
Beaufort,124,307,1825 series.xlsx|Beaufort 1825|124
Beaufort,125,308,1825 series.xlsx|Beaufort 1825|125
Beaufort,126,309,1825 series.xlsx|Beaufort 1825|126
Beaufort,127,310,1825 series.xlsx|Beaufort 1825|127
Beaufort,128,311,1825 series.xlsx|Beaufort 1825|128
Beaufort,129,312,1825 series.xlsx|Beaufort 1825|129
Beaufort,130,313,1825 series.xlsx|Beaufort 1825|130
Beaufort,131,314,1825 series.xlsx|Beaufort 1825|131
Beaufort,132,315,1825 series.xlsx|Beaufort 1825|132
Beaufort,135,316,1825 series.xlsx|Beaufort 1825|135
Beaufort,140,317,1825 series.xlsx|Beaufort 1825|140
Beaufort,141,318,1825 series.xlsx|Beaufort 1825|141
Beaufort,142,319,1825 series.xlsx|Beaufort 1825|142
Beaufort,143,320,1825 series.xlsx|Beaufort 1825|143
Beaufort,144,321,1825 series.xlsx|Beaufort 1825|144
Beaufort,145,322,1825 series.xlsx|Beaufort 1825|145
Beaufort,146,323,1825 series.xlsx|Beaufort 1825|146
Beaufort,147,324,1825 series.xlsx|Beaufort 1825|147
Beaufort,148,325,1825 series.xlsx|Beaufort 1825|148
Beaufort,149,326,1825 series.xlsx|Beaufort 1825|149
Beaufort,150,327,1825 series.xlsx|Beaufort 1825|150
Beaufort,151,328,1825 series.xlsx|Beaufort 1825|151
Beaufort,152,329,1825 series.xlsx|Beaufort 1825|152
Beaufort,153,330,1825 series.xlsx|Beaufort 1825|153
Beaufort,154,331,1825 series.xlsx|Beaufort 1825|154
Beaufort,155,332,1825 series.xlsx|Beaufort 1825|155
Beaufort,156,333,1825 series.xlsx|Beaufort 1825|156
Beaufort,157,334,1825 series.xlsx|Beaufort 1825|157
Beaufort,158,335,1825 series.xlsx|Beaufort 1825|158
Beaufort,159,336,1825 series.xlsx|Beaufort 1825|159
Beaufort,162,337,1825 series.xlsx|Beaufort 1825|162
Beaufort,163,338,1825 series.xlsx|Beaufort 1825|163
Beaufort,164,339,1825 series.xlsx|Beaufort 1825|164
Beaufort,165,340,1825 series.xlsx|Beaufort 1825|165
Beaufort,166,341,1825 series.xlsx|Beaufort 1825|166
Beaufort,167,342,1825 series.xlsx|Beaufort 1825|167
Beaufort,168,343,1825 series.xlsx|Beaufort 1825|168
Beaufort,169,344,1825 series.xlsx|Beaufort 1825|169
Beaufort,170,345,1825 series.xlsx|Beaufort 1825|170
Beaufort,171,346,1825 series.xlsx|Beaufort 1825|171
Beaufort,172,347,1825 series.xlsx|Beaufort 1825|172
Beaufort,173,348,1825 series.xlsx|Beaufort 1825|173
Beaufort,174,349,1825 series.xlsx|Beaufort 1825|174
Beaufort,175,350,1825 series.xlsx|Beaufort 1825|175
Beaufort,176,351,1825 series.xlsx|Beaufort 1825|176
Beaufort,177,352,1825 series.xlsx|Beaufort 1825|177
Beaufort,178,353,1825 series.xlsx|Beaufort 1825|178
Beaufort,179,354,1825 series.xlsx|Beaufort 1825|179
Beaufort,180,355,1825 series.xlsx|Beaufort 1825|180
Beaufort,181,356,1825 series.xlsx|Beaufort 1825|181
Beaufort,185,357,1825 series.xlsx|Beaufort 1825|185
Beaufort,186,358,1825 series.xlsx|Beaufort 1825|186
Beaufort,187,359,1825 series.xlsx|Beaufort 1825|187
Beaufort,188,360,1825 series.xlsx|Beaufort 1825|188
Beaufort,189,361,1825 series.xlsx|Beaufort 1825|189
Beaufort,190,362,1825 series.xlsx|Beaufort 1825|190
Beaufort,191,363,1825 series.xlsx|Beaufort 1825|191
Beaufort,192,364,1825 series.xlsx|Beaufort 1825|192
Beaufort,193,365,1825 series.xlsx|Beaufort 1825|193
Beaufort,194,366,1825 series.xlsx|Beaufort 1825|194
Beaufort,195,367,1825 series.xlsx|Beaufort 1825|195
Beaufort,196,368,1825 series.xlsx|Beaufort 1825|196
Beaufort,197,369,1825 series.xlsx|Beaufort 1825|197
Beaufort,198,370,1825 series.xlsx|Beaufort 1825|198
Beaufort,199,371,1825 series.xlsx|Beaufort 1825|199
Beaufort,200,372,1825 series.xlsx|Beaufort 1825|200
Beaufort,201,373,1825 series.xlsx|Beaufort 1825|201
Beaufort,202,374,1825 series.xlsx|Beaufort 1825|202
Beaufort,203,375,1825 series.xlsx|Beaufort 1825|203
Beaufort,206,376,1825 series.xlsx|Beaufort 1825|206
Beaufort,207,377,1825 series.xlsx|Beaufort 1825|207
Beaufort,208,378,1825 series.xlsx|Beaufort 1825|208
Beaufort,209,379,1825 series.xlsx|Beaufort 1825|209
Beaufort,210,380,1825 series.xlsx|Beaufort 1825|210
Beaufort,211,381,1825 series.xlsx|Beaufort 1825|211
Beaufort,212,382,1825 series.xlsx|Beaufort 1825|212
Beaufort,213,383,1825 series.xlsx|Beaufort 1825|213
Beaufort,214,384,1825 series.xlsx|Beaufort 1825|214
Beaufort,215,385,1825 series.xlsx|Beaufort 1825|215
Beaufort,218,386,1825 series.xlsx|Beaufort 1825|218
Beaufort,219,387,1825 series.xlsx|Beaufort 1825|219
Beaufort,220,388,1825 series.xlsx|Beaufort 1825|220
Beaufort,221,389,1825 series.xlsx|Beaufort 1825|221
Beaufort,222,390,1825 series.xlsx|Beaufort 1825|222
Beaufort,223,391,1825 series.xlsx|Beaufort 1825|223
Beaufort,224,392,1825 series.xlsx|Beaufort 1825|224
Beaufort,225,393,1825 series.xlsx|Beaufort 1825|225
Beaufort,226,394,1825 series.xlsx|Beaufort 1825|226
Beaufort,227,395,1825 series.xlsx|Beaufort 1825|227
Beaufort,228,396,1825 series.xlsx|Beaufort 1825|228
Beaufort,229,397,1825 series.xlsx|Beaufort 1825|229
Beaufort,230,398,1825 series.xlsx|Beaufort 1825|230
Beaufort,231,399,1825 series.xlsx|Beaufort 1825|231
Beaufort,232,400,1825 series.xlsx|Beaufort 1825|232
Beaufort,233,401,1825 series.xlsx|Beaufort 1825|233
Beaufort,234,402,1825 series.xlsx|Beaufort 1825|234
Beaufort,235,403,1825 series.xlsx|Beaufort 1825|235
Beaufort,236,404,1825 series.xlsx|Beaufort 1825|236
Beaufort,237,405,1825 series.xlsx|Beaufort 1825|237
Beaufort,240,406,1825 series.xlsx|Beaufort 1825|240
Beaufort,241,407,1825 series.xlsx|Beaufort 1825|241
Beaufort,242,408,1825 series.xlsx|Beaufort 1825|242
Beaufort,243,409,1825 series.xlsx|Beaufort 1825|243
Beaufort,244,410,1825 series.xlsx|Beaufort 1825|244
Beaufort,245,411,1825 series.xlsx|Beaufort 1825|245
Beaufort,246,412,1825 series.xlsx|Beaufort 1825|246
Beaufort,247,413,1825 series.xlsx|Beaufort 1825|247
Beaufort,248,414,1825 series.xlsx|Beaufort 1825|248
Beaufort,249,415,1825 series.xlsx|Beaufort 1825|249
Beaufort,250,416,1825 series.xlsx|Beaufort 1825|250
Beaufort,251,417,1825 series.xlsx|Beaufort 1825|251
Beaufort,252,418,1825 series.xlsx|Beaufort 1825|252
Beaufort,253,419,1825 series.xlsx|Beaufort 1825|253
Beaufort,254,420,1825 series.xlsx|Beaufort 1825|254
Beaufort,255,421,1825 series.xlsx|Beaufort 1825|255
Beaufort,256,422,1825 series.xlsx|Beaufort 1825|256
Beaufort,257,423,1825 series.xlsx|Beaufort 1825|257
Beaufort,258,424,1825 series.xlsx|Beaufort 1825|258
Beaufort,259,425,1825 series.xlsx|Beaufort 1825|259
Beaufort,262,426,1825 series.xlsx|Beaufort 1825|262
Beaufort,263,427,1825 series.xlsx|Beaufort 1825|263
Beaufort,264,428,1825 series.xlsx|Beaufort 1825|264
Beaufort,265,429,1825 series.xlsx|Beaufort 1825|265
Beaufort,266,430,1825 series.xlsx|Beaufort 1825|266
Beaufort,267,431,1825 series.xlsx|Beaufort 1825|267
Beaufort,268,432,1825 series.xlsx|Beaufort 1825|268
Beaufort,269,433,1825 series.xlsx|Beaufort 1825|269
Beaufort,270,434,1825 series.xlsx|Beaufort 1825|270
Beaufort,271,435,1825 series.xlsx|Beaufort 1825|271
Beaufort,272,436,1825 series.xlsx|Beaufort 1825|272
Beaufort,275,437,1825 series.xlsx|Beaufort 1825|275
Beaufort,276,438,1825 series.xlsx|Beaufort 1825|276
Beaufort,277,439,1825 series.xlsx|Beaufort 1825|277
Beaufort,278,440,1825 series.xlsx|Beaufort 1825|278
Beaufort,279,441,1825 series.xlsx|Beaufort 1825|279
Beaufort,280,442,1825 series.xlsx|Beaufort 1825|280
Beaufort,281,443,1825 series.xlsx|Beaufort 1825|281
Beaufort,282,444,1825 series.xlsx|Beaufort 1825|282
Beaufort,283,445,1825 series.xlsx|Beaufort 1825|283
Beaufort,284,446,1825 series.xlsx|Beaufort 1825|284
Beaufort,285,447,1825 series.xlsx|Beaufort 1825|285
Beaufort,286,448,1825 series.xlsx|Beaufort 1825|286
Beaufort,287,449,1825 series.xlsx|Beaufort 1825|287
Beaufort,288,450,1825 series.xlsx|Beaufort 1825|288
Beaufort,289,451,1825 series.xlsx|Beaufort 1825|289
Beaufort,290,452,1825 series.xlsx|Beaufort 1825|290
Beaufort,291,453,1825 series.xlsx|Beaufort 1825|291
Beaufort,292,454,1825 series.xlsx|Beaufort 1825|292
Beaufort,293,455,1825 series.xlsx|Beaufort 1825|293
Beaufort,294,456,1825 series.xlsx|Beaufort 1825|294
Beaufort,297,457,1825 series.xlsx|Beaufort 1825|297
Beaufort,298,458,1825 series.xlsx|Beaufort 1825|298
Beaufort,299,459,1825 series.xlsx|Beaufort 1825|299
Beaufort,300,460,1825 series.xlsx|Beaufort 1825|300
Beaufort,301,461,1825 series.xlsx|Beaufort 1825|301
Beaufort,302,462,1825 series.xlsx|Beaufort 1825|302
Beaufort,303,463,1825 series.xlsx|Beaufort 1825|303
Beaufort,304,464,1825 series.xlsx|Beaufort 1825|304
Beaufort,305,465,1825 series.xlsx|Beaufort 1825|305
Beaufort,306,466,1825 series.xlsx|Beaufort 1825|306
Beaufort,307,467,1825 series.xlsx|Beaufort 1825|307
Beaufort,308,468,1825 series.xlsx|Beaufort 1825|308
Beaufort,309,469,1825 series.xlsx|Beaufort 1825|309
Beaufort,310,470,1825 series.xlsx|Beaufort 1825|310
Beaufort,311,471,1825 series.xlsx|Beaufort 1825|311
Beaufort,312,472,1825 series.xlsx|Beaufort 1825|312
Beaufort,313,473,1825 series.xlsx|Beaufort 1825|313
Beaufort,314,474,1825 series.xlsx|Beaufort 1825|314
Beaufort,315,475,1825 series.xlsx|Beaufort 1825|315
Beaufort,316,476,1825 series.xlsx|Beaufort 1825|316
Beaufort,319,477,1825 series.xlsx|Beaufort 1825|319
Beaufort,320,478,1825 series.xlsx|Beaufort 1825|320
Beaufort,321,479,1825 series.xlsx|Beaufort 1825|321
Beaufort,322,480,1825 series.xlsx|Beaufort 1825|322
Beaufort,323,481,1825 series.xlsx|Beaufort 1825|323
Beaufort,324,482,1825 series.xlsx|Beaufort 1825|324
Beaufort,325,483,1825 series.xlsx|Beaufort 1825|325
Beaufort,326,484,1825 series.xlsx|Beaufort 1825|326
Beaufort,327,485,1825 series.xlsx|Beaufort 1825|327
Beaufort,328,486,1825 series.xlsx|Beaufort 1825|328
Beaufort,329,487,1825 series.xlsx|Beaufort 1825|329
Beaufort,330,488,1825 series.xlsx|Beaufort 1825|330
Beaufort,331,489,1825 series.xlsx|Beaufort 1825|331
Beaufort,332,490,1825 series.xlsx|Beaufort 1825|332
Beaufort,333,491,1825 series.xlsx|Beaufort 1825|333
Beaufort,334,492,1825 series.xlsx|Beaufort 1825|334
Beaufort,335,493,1825 series.xlsx|Beaufort 1825|335
Beaufort,336,494,1825 series.xlsx|Beaufort 1825|336
Beaufort,337,495,1825 series.xlsx|Beaufort 1825|337
Beaufort,338,496,1825 series.xlsx|Beaufort 1825|338
Beaufort,341,497,1825 series.xlsx|Beaufort 1825|341
Beaufort,342,498,1825 series.xlsx|Beaufort 1825|342
Beaufort,343,499,1825 series.xlsx|Beaufort 1825|343
Beaufort,344,500,1825 series.xlsx|Beaufort 1825|344
Beaufort,345,501,1825 series.xlsx|Beaufort 1825|345
Beaufort,346,502,1825 series.xlsx|Beaufort 1825|346
Beaufort,347,503,1825 series.xlsx|Beaufort 1825|347
Beaufort,348,504,1825 series.xlsx|Beaufort 1825|348
Beaufort,349,505,1825 series.xlsx|Beaufort 1825|349
Beaufort,350,506,1825 series.xlsx|Beaufort 1825|350
Beaufort,351,507,1825 series.xlsx|Beaufort 1825|351
Beaufort,352,508,1825 series.xlsx|Beaufort 1825|352
Beaufort,353,509,1825 series.xlsx|Beaufort 1825|353
Beaufort,354,510,1825 series.xlsx|Beaufort 1825|354
Beaufort,355,511,1825 series.xlsx|Beaufort 1825|355
Beaufort,358,512,1825 series.xlsx|Beaufort 1825|358
Beaufort,359,513,1825 series.xlsx|Beaufort 1825|359
Beaufort,360,514,1825 series.xlsx|Beaufort 1825|360
Beaufort,361,515,1825 series.xlsx|Beaufort 1825|361
Beaufort,362,516,1825 series.xlsx|Beaufort 1825|362
Beaufort,363,517,1825 series.xlsx|Beaufort 1825|363
Beaufort,364,518,1825 series.xlsx|Beaufort 1825|364
Beaufort,365,519,1825 series.xlsx|Beaufort 1825|365
Beaufort,366,520,1825 series.xlsx|Beaufort 1825|366
Beaufort,367,521,1825 series.xlsx|Beaufort 1825|367
Beaufort,368,522,1825 series.xlsx|Beaufort 1825|368
Beaufort,369,523,1825 series.xlsx|Beaufort 1825|369
Beaufort,370,524,1825 series.xlsx|Beaufort 1825|370
Beaufort,371,525,1825 series.xlsx|Beaufort 1825|371
Beaufort,372,526,1825 series.xlsx|Beaufort 1825|372
Beaufort,373,527,1825 series.xlsx|Beaufort 1825|373
Beaufort,374,528,1825 series.xlsx|Beaufort 1825|374
Beaufort,375,529,1825 series.xlsx|Beaufort 1825|375
Beaufort,376,530,1825 series.xlsx|Beaufort 1825|376
Beaufort,377,531,1825 series.xlsx|Beaufort 1825|377
Beaufort,380,532,1825 series.xlsx|Beaufort 1825|380
Beaufort,381,533,1825 series.xlsx|Beaufort 1825|381
Beaufort,382,534,1825 series.xlsx|Beaufort 1825|382
Beaufort,383,535,1825 series.xlsx|Beaufort 1825|383
Beaufort,384,536,1825 series.xlsx|Beaufort 1825|384
Beaufort,385,537,1825 series.xlsx|Beaufort 1825|385
Beaufort,386,538,1825 series.xlsx|Beaufort 1825|386
Beaufort,387,539,1825 series.xlsx|Beaufort 1825|387
Beaufort,388,540,1825 series.xlsx|Beaufort 1825|388
Beaufort,389,541,1825 series.xlsx|Beaufort 1825|389
Beaufort,390,542,1825 series.xlsx|Beaufort 1825|390
Beaufort,391,543,1825 series.xlsx|Beaufort 1825|391
Beaufort,392,544,1825 series.xlsx|Beaufort 1825|392
Beaufort,393,545,1825 series.xlsx|Beaufort 1825|393
Beaufort,394,546,1825 series.xlsx|Beaufort 1825|394
Beaufort,395,547,1825 series.xlsx|Beaufort 1825|395
Beaufort,396,548,1825 series.xlsx|Beaufort 1825|396
Beaufort,397,549,1825 series.xlsx|Beaufort 1825|397
Beaufort,398,550,1825 series.xlsx|Beaufort 1825|398
Beaufort,399,551,1825 series.xlsx|Beaufort 1825|399
Beaufort,402,552,1825 series.xlsx|Beaufort 1825|402
Beaufort,407,553,1825 series.xlsx|Beaufort 1825|407
Beaufort,408,554,1825 series.xlsx|Beaufort 1825|408
Beaufort,409,555,1825 series.xlsx|Beaufort 1825|409
Beaufort,410,556,1825 series.xlsx|Beaufort 1825|410
Beaufort,411,557,1825 series.xlsx|Beaufort 1825|411
Beaufort,412,558,1825 series.xlsx|Beaufort 1825|412
Beaufort,413,559,1825 series.xlsx|Beaufort 1825|413
Beaufort,414,560,1825 series.xlsx|Beaufort 1825|414
Beaufort,415,561,1825 series.xlsx|Beaufort 1825|415
Beaufort,416,562,1825 series.xlsx|Beaufort 1825|416
Beaufort,417,563,1825 series.xlsx|Beaufort 1825|417
Beaufort,418,564,1825 series.xlsx|Beaufort 1825|418
Beaufort,419,565,1825 series.xlsx|Beaufort 1825|419
Beaufort,420,566,1825 series.xlsx|Beaufort 1825|420
Beaufort,421,567,1825 series.xlsx|Beaufort 1825|421
Beaufort,422,568,1825 series.xlsx|Beaufort 1825|422
Beaufort,423,569,1825 series.xlsx|Beaufort 1825|423
Beaufort,424,570,1825 series.xlsx|Beaufort 1825|424
Beaufort,425,571,1825 series.xlsx|Beaufort 1825|425
Beaufort,426,572,1825 series.xlsx|Beaufort 1825|426
Beaufort,429,573,1825 series.xlsx|Beaufort 1825|429
Beaufort,430,574,1825 series.xlsx|Beaufort 1825|430
Beaufort,431,575,1825 series.xlsx|Beaufort 1825|431
Beaufort,432,576,1825 series.xlsx|Beaufort 1825|432
Beaufort,433,577,1825 series.xlsx|Beaufort 1825|433
Beaufort,434,578,1825 series.xlsx|Beaufort 1825|434
Beaufort,435,579,1825 series.xlsx|Beaufort 1825|435
Beaufort,436,580,1825 series.xlsx|Beaufort 1825|436
Beaufort,437,581,1825 series.xlsx|Beaufort 1825|437
Beaufort,438,582,1825 series.xlsx|Beaufort 1825|438
Beaufort,439,583,1825 series.xlsx|Beaufort 1825|439
Beaufort,440,584,1825 series.xlsx|Beaufort 1825|440
Beaufort,441,585,1825 series.xlsx|Beaufort 1825|441
Beaufort,442,586,1825 series.xlsx|Beaufort 1825|442
Beaufort,443,587,1825 series.xlsx|Beaufort 1825|443
Beaufort,444,588,1825 series.xlsx|Beaufort 1825|444
Beaufort,445,589,1825 series.xlsx|Beaufort 1825|445
Beaufort,446,590,1825 series.xlsx|Beaufort 1825|446
Beaufort,447,591,1825 series.xlsx|Beaufort 1825|447
Beaufort,448,592,1825 series.xlsx|Beaufort 1825|448
Beaufort,451,593,1825 series.xlsx|Beaufort 1825|451
Beaufort,452,594,1825 series.xlsx|Beaufort 1825|452
Beaufort,453,595,1825 series.xlsx|Beaufort 1825|453
Beaufort,454,596,1825 series.xlsx|Beaufort 1825|454
Beaufort,455,597,1825 series.xlsx|Beaufort 1825|455
Beaufort,456,598,1825 series.xlsx|Beaufort 1825|456
Beaufort,457,599,1825 series.xlsx|Beaufort 1825|457
Beaufort,458,600,1825 series.xlsx|Beaufort 1825|458
Beaufort,459,601,1825 series.xlsx|Beaufort 1825|459
Beaufort,460,602,1825 series.xlsx|Beaufort 1825|460
Beaufort,461,603,1825 series.xlsx|Beaufort 1825|461
Beaufort,462,604,1825 series.xlsx|Beaufort 1825|462
Beaufort,463,605,1825 series.xlsx|Beaufort 1825|463
Beaufort,464,606,1825 series.xlsx|Beaufort 1825|464
Beaufort,465,607,1825 series.xlsx|Beaufort 1825|465
Beaufort,466,608,1825 series.xlsx|Beaufort 1825|466
Beaufort,467,609,1825 series.xlsx|Beaufort 1825|467
Beaufort,468,610,1825 series.xlsx|Beaufort 1825|468
Beaufort,469,611,1825 series.xlsx|Beaufort 1825|469
Beaufort,470,612,1825 series.xlsx|Beaufort 1825|470
Beaufort,473,613,1825 series.xlsx|Beaufort 1825|473
Beaufort,474,614,1825 series.xlsx|Beaufort 1825|474
Beaufort,475,615,1825 series.xlsx|Beaufort 1825|475
Beaufort,476,616,1825 series.xlsx|Beaufort 1825|476
Beaufort,477,617,1825 series.xlsx|Beaufort 1825|477
Beaufort,478,618,1825 series.xlsx|Beaufort 1825|478
Beaufort,479,619,1825 series.xlsx|Beaufort 1825|479
Beaufort,480,620,1825 series.xlsx|Beaufort 1825|480
Beaufort,481,621,1825 series.xlsx|Beaufort 1825|481
Beaufort,482,622,1825 series.xlsx|Beaufort 1825|482
Beaufort,483,623,1825 series.xlsx|Beaufort 1825|483
Beaufort,484,624,1825 series.xlsx|Beaufort 1825|484
Beaufort,485,625,1825 series.xlsx|Beaufort 1825|485
Beaufort,486,626,1825 series.xlsx|Beaufort 1825|486
Beaufort,487,627,1825 series.xlsx|Beaufort 1825|487
Beaufort,488,628,1825 series.xlsx|Beaufort 1825|488
Beaufort,489,629,1825 series.xlsx|Beaufort 1825|489
Beaufort,490,630,1825 series.xlsx|Beaufort 1825|490
Beaufort,493,631,1825 series.xlsx|Beaufort 1825|493
Beaufort,494,632,1825 series.xlsx|Beaufort 1825|494
Beaufort,495,633,1825 series.xlsx|Beaufort 1825|495
Beaufort,496,634,1825 series.xlsx|Beaufort 1825|496
Beaufort,497,635,1825 series.xlsx|Beaufort 1825|497
Beaufort,498,636,1825 series.xlsx|Beaufort 1825|498
Beaufort,499,637,1825 series.xlsx|Beaufort 1825|499
Beaufort,500,638,1825 series.xlsx|Beaufort 1825|500
Beaufort,501,639,1825 series.xlsx|Beaufort 1825|501
Beaufort,502,640,1825 series.xlsx|Beaufort 1825|502
Beaufort,503,641,1825 series.xlsx|Beaufort 1825|503
Beaufort,504,642,1825 series.xlsx|Beaufort 1825|504
Beaufort,505,643,1825 series.xlsx|Beaufort 1825|505
Beaufort,506,644,1825 series.xlsx|Beaufort 1825|506
Beaufort,507,645,1825 series.xlsx|Beaufort 1825|507
Beaufort,508,646,1825 series.xlsx|Beaufort 1825|508
Beaufort,509,647,1825 series.xlsx|Beaufort 1825|509
Beaufort,510,648,1825 series.xlsx|Beaufort 1825|510
Beaufort,511,649,1825 series.xlsx|Beaufort 1825|511
Beaufort,512,650,1825 series.xlsx|Beaufort 1825|512
Beaufort,515,651,1825 series.xlsx|Beaufort 1825|515
Beaufort,516,652,1825 series.xlsx|Beaufort 1825|516
Beaufort,517,653,1825 series.xlsx|Beaufort 1825|517
Beaufort,518,654,1825 series.xlsx|Beaufort 1825|518
Beaufort,519,655,1825 series.xlsx|Beaufort 1825|519
Beaufort,520,656,1825 series.xlsx|Beaufort 1825|520
Beaufort,521,657,1825 series.xlsx|Beaufort 1825|521
Beaufort,522,658,1825 series.xlsx|Beaufort 1825|522
Beaufort,523,659,1825 series.xlsx|Beaufort 1825|523
Beaufort,524,660,1825 series.xlsx|Beaufort 1825|524
Beaufort,525,661,1825 series.xlsx|Beaufort 1825|525
Beaufort,526,662,1825 series.xlsx|Beaufort 1825|526
Beaufort,527,663,1825 series.xlsx|Beaufort 1825|527
Beaufort,528,664,1825 series.xlsx|Beaufort 1825|528
Beaufort,529,665,1825 series.xlsx|Beaufort 1825|529
Beaufort,530,666,1825 series.xlsx|Beaufort 1825|530
Beaufort,531,667,1825 series.xlsx|Beaufort 1825|531
Beaufort,532,668,1825 series.xlsx|Beaufort 1825|532
Beaufort,533,669,1825 series.xlsx|Beaufort 1825|533
Beaufort,534,670,1825 series.xlsx|Beaufort 1825|534
Beaufort,537,671,1825 series.xlsx|Beaufort 1825|537
Beaufort,543,672,1825 series.xlsx|Beaufort 1825|543
Beaufort,544,673,1825 series.xlsx|Beaufort 1825|544
Beaufort,545,674,1825 series.xlsx|Beaufort 1825|545
Beaufort,546,675,1825 series.xlsx|Beaufort 1825|546
Beaufort,547,676,1825 series.xlsx|Beaufort 1825|547
Beaufort,548,677,1825 series.xlsx|Beaufort 1825|548
Beaufort,549,678,1825 series.xlsx|Beaufort 1825|549
Beaufort,550,679,1825 series.xlsx|Beaufort 1825|550
Beaufort,551,680,1825 series.xlsx|Beaufort 1825|551
Beaufort,552,681,1825 series.xlsx|Beaufort 1825|552
Beaufort,553,682,1825 series.xlsx|Beaufort 1825|553
Beaufort,554,683,1825 series.xlsx|Beaufort 1825|554
Beaufort,555,684,1825 series.xlsx|Beaufort 1825|555
Beaufort,556,685,1825 series.xlsx|Beaufort 1825|556
Beaufort,557,686,1825 series.xlsx|Beaufort 1825|557
Beaufort,558,687,1825 series.xlsx|Beaufort 1825|558
Beaufort,559,688,1825 series.xlsx|Beaufort 1825|559
Beaufort,560,689,1825 series.xlsx|Beaufort 1825|560
Beaufort,561,690,1825 series.xlsx|Beaufort 1825|561
Beaufort,562,691,1825 series.xlsx|Beaufort 1825|562
Beaufort,565,692,1825 series.xlsx|Beaufort 1825|565
Beaufort,566,693,1825 series.xlsx|Beaufort 1825|566
Beaufort,567,694,1825 series.xlsx|Beaufort 1825|567
Beaufort,568,695,1825 series.xlsx|Beaufort 1825|568
Beaufort,569,696,1825 series.xlsx|Beaufort 1825|569
Beaufort,570,697,1825 series.xlsx|Beaufort 1825|570
Beaufort,571,698,1825 series.xlsx|Beaufort 1825|571
Beaufort,572,699,1825 series.xlsx|Beaufort 1825|572
Beaufort,573,700,1825 series.xlsx|Beaufort 1825|573
Beaufort,574,701,1825 series.xlsx|Beaufort 1825|574
Beaufort,575,702,1825 series.xlsx|Beaufort 1825|575
Beaufort,576,703,1825 series.xlsx|Beaufort 1825|576
Beaufort,577,704,1825 series.xlsx|Beaufort 1825|577
Beaufort,578,705,1825 series.xlsx|Beaufort 1825|578
Beaufort,579,706,1825 series.xlsx|Beaufort 1825|579
Beaufort,580,707,1825 series.xlsx|Beaufort 1825|580
Beaufort,581,708,1825 series.xlsx|Beaufort 1825|581
Beaufort,582,709,1825 series.xlsx|Beaufort 1825|582
Beaufort,583,710,1825 series.xlsx|Beaufort 1825|583
Beaufort,584,711,1825 series.xlsx|Beaufort 1825|584
Beaufort,587,712,1825 series.xlsx|Beaufort 1825|587
Beaufort,588,713,1825 series.xlsx|Beaufort 1825|588
Beaufort,589,714,1825 series.xlsx|Beaufort 1825|589
Beaufort,590,715,1825 series.xlsx|Beaufort 1825|590
Beaufort,591,716,1825 series.xlsx|Beaufort 1825|591
Beaufort,592,717,1825 series.xlsx|Beaufort 1825|592
Beaufort,593,718,1825 series.xlsx|Beaufort 1825|593
Beaufort,594,719,1825 series.xlsx|Beaufort 1825|594
Beaufort,595,720,1825 series.xlsx|Beaufort 1825|595
Beaufort,596,721,1825 series.xlsx|Beaufort 1825|596
Beaufort,597,722,1825 series.xlsx|Beaufort 1825|597
Beaufort,598,723,1825 series.xlsx|Beaufort 1825|598
Beaufort,599,724,1825 series.xlsx|Beaufort 1825|599
Beaufort,600,725,1825 series.xlsx|Beaufort 1825|600
Beaufort,601,726,1825 series.xlsx|Beaufort 1825|601
Beaufort,602,727,1825 series.xlsx|Beaufort 1825|602
Beaufort,603,728,1825 series.xlsx|Beaufort 1825|603
Beaufort,604,729,1825 series.xlsx|Beaufort 1825|604
Beaufort,605,730,1825 series.xlsx|Beaufort 1825|605
Beaufort,606,731,1825 series.xlsx|Beaufort 1825|606
Beaufort,609,732,1825 series.xlsx|Beaufort 1825|609
Beaufort,610,733,1825 series.xlsx|Beaufort 1825|610
Beaufort,611,734,1825 series.xlsx|Beaufort 1825|611
Beaufort,612,735,1825 series.xlsx|Beaufort 1825|612
Beaufort,613,736,1825 series.xlsx|Beaufort 1825|613
Beaufort,614,737,1825 series.xlsx|Beaufort 1825|614
Beaufort,615,738,1825 series.xlsx|Beaufort 1825|615
Beaufort,616,739,1825 series.xlsx|Beaufort 1825|616
Beaufort,617,740,1825 series.xlsx|Beaufort 1825|617
Beaufort,618,741,1825 series.xlsx|Beaufort 1825|618
Beaufort,619,742,1825 series.xlsx|Beaufort 1825|619
Beaufort,620,743,1825 series.xlsx|Beaufort 1825|620
Beaufort,621,744,1825 series.xlsx|Beaufort 1825|621
Beaufort,622,745,1825 series.xlsx|Beaufort 1825|622
Beaufort,623,746,1825 series.xlsx|Beaufort 1825|623
Beaufort,624,747,1825 series.xlsx|Beaufort 1825|624
Beaufort,625,748,1825 series.xlsx|Beaufort 1825|625
Beaufort,626,749,1825 series.xlsx|Beaufort 1825|626
Beaufort,627,750,1825 series.xlsx|Beaufort 1825|627
Beaufort,628,751,1825 series.xlsx|Beaufort 1825|628
Beaufort,631,752,1825 series.xlsx|Beaufort 1825|631
Beaufort,632,753,1825 series.xlsx|Beaufort 1825|632
Beaufort,633,754,1825 series.xlsx|Beaufort 1825|633
Beaufort,634,755,1825 series.xlsx|Beaufort 1825|634
Beaufort,635,756,1825 series.xlsx|Beaufort 1825|635
Beaufort,636,757,1825 series.xlsx|Beaufort 1825|636
Beaufort,637,758,1825 series.xlsx|Beaufort 1825|637
Beaufort,638,759,1825 series.xlsx|Beaufort 1825|638
Beaufort,639,760,1825 series.xlsx|Beaufort 1825|639
Beaufort,640,761,1825 series.xlsx|Beaufort 1825|640
Beaufort,641,762,1825 series.xlsx|Beaufort 1825|641
Beaufort,642,763,1825 series.xlsx|Beaufort 1825|642
Beaufort,643,764,1825 series.xlsx|Beaufort 1825|643
Beaufort,644,765,1825 series.xlsx|Beaufort 1825|644
Beaufort,645,766,1825 series.xlsx|Beaufort 1825|645
Beaufort,646,767,1825 series.xlsx|Beaufort 1825|646
Beaufort,647,768,1825 series.xlsx|Beaufort 1825|647
Beaufort,648,769,1825 series.xlsx|Beaufort 1825|648
Beaufort,651,770,1825 series.xlsx|Beaufort 1825|651
Beaufort,652,771,1825 series.xlsx|Beaufort 1825|652
Beaufort,653,772,1825 series.xlsx|Beaufort 1825|653
Beaufort,654,773,1825 series.xlsx|Beaufort 1825|654
Beaufort,655,774,1825 series.xlsx|Beaufort 1825|655
Beaufort,656,775,1825 series.xlsx|Beaufort 1825|656
Beaufort,657,776,1825 series.xlsx|Beaufort 1825|657
Beaufort,658,777,1825 series.xlsx|Beaufort 1825|658
Beaufort,659,778,1825 series.xlsx|Beaufort 1825|659
Beaufort,660,779,1825 series.xlsx|Beaufort 1825|660
Beaufort,661,780,1825 series.xlsx|Beaufort 1825|661
Beaufort,662,781,1825 series.xlsx|Beaufort 1825|662
Beaufort,663,782,1825 series.xlsx|Beaufort 1825|663
Beaufort,664,783,1825 series.xlsx|Beaufort 1825|664
Beaufort,665,784,1825 series.xlsx|Beaufort 1825|665
Beaufort,666,785,1825 series.xlsx|Beaufort 1825|666
Beaufort,667,786,1825 series.xlsx|Beaufort 1825|667
Beaufort,668,787,1825 series.xlsx|Beaufort 1825|668
Beaufort,669,788,1825 series.xlsx|Beaufort 1825|669
Beaufort,670,789,1825 series.xlsx|Beaufort 1825|670
Beaufort,673,790,1825 series.xlsx|Beaufort 1825|673
Beaufort,674,791,1825 series.xlsx|Beaufort 1825|674
Beaufort,675,792,1825 series.xlsx|Beaufort 1825|675
Beaufort,676,793,1825 series.xlsx|Beaufort 1825|676
Beaufort,677,794,1825 series.xlsx|Beaufort 1825|677
Beaufort,678,795,1825 series.xlsx|Beaufort 1825|678
Beaufort,679,796,1825 series.xlsx|Beaufort 1825|679
Beaufort,680,797,1825 series.xlsx|Beaufort 1825|680
Beaufort,681,798,1825 series.xlsx|Beaufort 1825|681
Beaufort,682,799,1825 series.xlsx|Beaufort 1825|682
Beaufort,683,800,1825 series.xlsx|Beaufort 1825|683
Beaufort,684,801,1825 series.xlsx|Beaufort 1825|684
Beaufort,685,802,1825 series.xlsx|Beaufort 1825|685
Beaufort,686,803,1825 series.xlsx|Beaufort 1825|686
Beaufort,687,804,1825 series.xlsx|Beaufort 1825|687
Beaufort,688,805,1825 series.xlsx|Beaufort 1825|688
Beaufort,689,806,1825 series.xlsx|Beaufort 1825|689
Beaufort,690,807,1825 series.xlsx|Beaufort 1825|690
Beaufort,691,808,1825 series.xlsx|Beaufort 1825|691
Beaufort,692,809,1825 series.xlsx|Beaufort 1825|692
Beaufort,695,810,1825 series.xlsx|Beaufort 1825|695
Beaufort,696,811,1825 series.xlsx|Beaufort 1825|696
Beaufort,697,812,1825 series.xlsx|Beaufort 1825|697
Beaufort,698,813,1825 series.xlsx|Beaufort 1825|698
Beaufort,699,814,1825 series.xlsx|Beaufort 1825|699
Beaufort,700,815,1825 series.xlsx|Beaufort 1825|700
Beaufort,701,816,1825 series.xlsx|Beaufort 1825|701
Beaufort,702,817,1825 series.xlsx|Beaufort 1825|702
Beaufort,703,818,1825 series.xlsx|Beaufort 1825|703
Beaufort,704,819,1825 series.xlsx|Beaufort 1825|704
Beaufort,705,820,1825 series.xlsx|Beaufort 1825|705
Beaufort,706,821,1825 series.xlsx|Beaufort 1825|706
Beaufort,707,822,1825 series.xlsx|Beaufort 1825|707
Beaufort,708,823,1825 series.xlsx|Beaufort 1825|708
Beaufort,709,824,1825 series.xlsx|Beaufort 1825|709
Beaufort,710,825,1825 series.xlsx|Beaufort 1825|710
Beaufort,711,826,1825 series.xlsx|Beaufort 1825|711
Beaufort,712,827,1825 series.xlsx|Beaufort 1825|712
Beaufort,713,828,1825 series.xlsx|Beaufort 1825|713
Beaufort,714,829,1825 series.xlsx|Beaufort 1825|714
Beaufort,717,830,1825 series.xlsx|Beaufort 1825|717
Beaufort,718,831,1825 series.xlsx|Beaufort 1825|718
Beaufort,719,832,1825 series.xlsx|Beaufort 1825|719
Beaufort,720,833,1825 series.xlsx|Beaufort 1825|720
Beaufort,721,834,1825 series.xlsx|Beaufort 1825|721
Beaufort,722,835,1825 series.xlsx|Beaufort 1825|722
Beaufort,723,836,1825 series.xlsx|Beaufort 1825|723
Beaufort,724,837,1825 series.xlsx|Beaufort 1825|724
Beaufort,725,838,1825 series.xlsx|Beaufort 1825|725
Beaufort,726,839,1825 series.xlsx|Beaufort 1825|726
Beaufort,729,840,1825 series.xlsx|Beaufort 1825|729
Beaufort,730,841,1825 series.xlsx|Beaufort 1825|730
Beaufort,731,842,1825 series.xlsx|Beaufort 1825|731
Beaufort,732,843,1825 series.xlsx|Beaufort 1825|732
Beaufort,733,844,1825 series.xlsx|Beaufort 1825|733
Beaufort,734,845,1825 series.xlsx|Beaufort 1825|734
Beaufort,735,846,1825 series.xlsx|Beaufort 1825|735
Beaufort,736,847,1825 series.xlsx|Beaufort 1825|736
Beaufort,737,848,1825 series.xlsx|Beaufort 1825|737
Beaufort,738,849,1825 series.xlsx|Beaufort 1825|738
Beaufort,739,850,1825 series.xlsx|Beaufort 1825|739
Beaufort,740,851,1825 series.xlsx|Beaufort 1825|740
Beaufort,741,852,1825 series.xlsx|Beaufort 1825|741
Beaufort,742,853,1825 series.xlsx|Beaufort 1825|742
Beaufort,743,854,1825 series.xlsx|Beaufort 1825|743
Beaufort,744,855,1825 series.xlsx|Beaufort 1825|744
Beaufort,745,856,1825 series.xlsx|Beaufort 1825|745
Beaufort,746,857,1825 series.xlsx|Beaufort 1825|746
Beaufort,747,858,1825 series.xlsx|Beaufort 1825|747
Beaufort,748,859,1825 series.xlsx|Beaufort 1825|748
Beaufort,751,860,1825 series.xlsx|Beaufort 1825|751
Beaufort,752,861,1825 series.xlsx|Beaufort 1825|752
Beaufort,753,862,1825 series.xlsx|Beaufort 1825|753
Beaufort,754,863,1825 series.xlsx|Beaufort 1825|754
Beaufort,755,864,1825 series.xlsx|Beaufort 1825|755
Beaufort,756,865,1825 series.xlsx|Beaufort 1825|756
Beaufort,757,866,1825 series.xlsx|Beaufort 1825|757
Beaufort,758,867,1825 series.xlsx|Beaufort 1825|758
Beaufort,759,868,1825 series.xlsx|Beaufort 1825|759
Beaufort,760,869,1825 series.xlsx|Beaufort 1825|760
Beaufort,761,870,1825 series.xlsx|Beaufort 1825|761
Beaufort,762,871,1825 series.xlsx|Beaufort 1825|762
Beaufort,763,872,1825 series.xlsx|Beaufort 1825|763
Beaufort,764,873,1825 series.xlsx|Beaufort 1825|764
Beaufort,765,874,1825 series.xlsx|Beaufort 1825|765
Beaufort,766,875,1825 series.xlsx|Beaufort 1825|766
Beaufort,767,876,1825 series.xlsx|Beaufort 1825|767
Beaufort,768,877,1825 series.xlsx|Beaufort 1825|768
Beaufort,769,878,1825 series.xlsx|Beaufort 1825|769
Beaufort,770,879,1825 series.xlsx|Beaufort 1825|770
Beaufort,773,880,1825 series.xlsx|Beaufort 1825|773
Beaufort,774,881,1825 series.xlsx|Beaufort 1825|774
Beaufort,775,882,1825 series.xlsx|Beaufort 1825|775
Beaufort,776,883,1825 series.xlsx|Beaufort 1825|776
Beaufort,777,884,1825 series.xlsx|Beaufort 1825|777
Beaufort,778,885,1825 series.xlsx|Beaufort 1825|778
Beaufort,779,886,1825 series.xlsx|Beaufort 1825|779
Beaufort,780,887,1825 series.xlsx|Beaufort 1825|780
Beaufort,781,888,1825 series.xlsx|Beaufort 1825|781
Beaufort,782,889,1825 series.xlsx|Beaufort 1825|782
Beaufort,783,890,1825 series.xlsx|Beaufort 1825|783
Beaufort,784,891,1825 series.xlsx|Beaufort 1825|784
Beaufort,785,892,1825 series.xlsx|Beaufort 1825|785
Beaufort,786,893,1825 series.xlsx|Beaufort 1825|786
Beaufort,789,894,1825 series.xlsx|Beaufort 1825|789
Beaufort,790,895,1825 series.xlsx|Beaufort 1825|790
Beaufort,791,896,1825 series.xlsx|Beaufort 1825|791
Beaufort,792,897,1825 series.xlsx|Beaufort 1825|792
Beaufort,793,898,1825 series.xlsx|Beaufort 1825|793
Beaufort,794,899,1825 series.xlsx|Beaufort 1825|794
Beaufort,795,900,1825 series.xlsx|Beaufort 1825|795
Beaufort,796,901,1825 series.xlsx|Beaufort 1825|796
Beaufort,797,902,1825 series.xlsx|Beaufort 1825|797
Beaufort,798,903,1825 series.xlsx|Beaufort 1825|798
Beaufort,799,904,1825 series.xlsx|Beaufort 1825|799
Beaufort,800,905,1825 series.xlsx|Beaufort 1825|800
Beaufort,801,906,1825 series.xlsx|Beaufort 1825|801
Beaufort,802,907,1825 series.xlsx|Beaufort 1825|802
Beaufort,803,908,1825 series.xlsx|Beaufort 1825|803
Beaufort,804,909,1825 series.xlsx|Beaufort 1825|804
Beaufort,805,910,1825 series.xlsx|Beaufort 1825|805
Beaufort,806,911,1825 series.xlsx|Beaufort 1825|806
Beaufort,807,912,1825 series.xlsx|Beaufort 1825|807
Beaufort,808,913,1825 series.xlsx|Beaufort 1825|808
Beaufort,811,914,1825 series.xlsx|Beaufort 1825|811
Beaufort,812,915,1825 series.xlsx|Beaufort 1825|812
Beaufort,813,916,1825 series.xlsx|Beaufort 1825|813
Beaufort,814,917,1825 series.xlsx|Beaufort 1825|814
Beaufort,815,918,1825 series.xlsx|Beaufort 1825|815
Beaufort,816,919,1825 series.xlsx|Beaufort 1825|816
Beaufort,817,920,1825 series.xlsx|Beaufort 1825|817
Beaufort,818,921,1825 series.xlsx|Beaufort 1825|818
Beaufort,819,922,1825 series.xlsx|Beaufort 1825|819
Beaufort,820,923,1825 series.xlsx|Beaufort 1825|820
Beaufort,821,924,1825 series.xlsx|Beaufort 1825|821
Beaufort,822,925,1825 series.xlsx|Beaufort 1825|822
Beaufort,823,926,1825 series.xlsx|Beaufort 1825|823
Beaufort,824,927,1825 series.xlsx|Beaufort 1825|824
Beaufort,825,928,1825 series.xlsx|Beaufort 1825|825
Beaufort,826,929,1825 series.xlsx|Beaufort 1825|826
Beaufort,827,930,1825 series.xlsx|Beaufort 1825|827
Beaufort,828,931,1825 series.xlsx|Beaufort 1825|828
Beaufort,829,932,1825 series.xlsx|Beaufort 1825|829
Beaufort,830,933,1825 series.xlsx|Beaufort 1825|830
Beaufort,833,934,1825 series.xlsx|Beaufort 1825|833
Beaufort,834,935,1825 series.xlsx|Beaufort 1825|834
Beaufort,835,936,1825 series.xlsx|Beaufort 1825|835
Beaufort,836,937,1825 series.xlsx|Beaufort 1825|836
Beaufort,837,938,1825 series.xlsx|Beaufort 1825|837
Beaufort,838,939,1825 series.xlsx|Beaufort 1825|838
Beaufort,839,940,1825 series.xlsx|Beaufort 1825|839
Beaufort,840,941,1825 series.xlsx|Beaufort 1825|840
Beaufort,841,942,1825 series.xlsx|Beaufort 1825|841
Beaufort,842,943,1825 series.xlsx|Beaufort 1825|842
Beaufort,843,944,1825 series.xlsx|Beaufort 1825|843
Beaufort,844,945,1825 series.xlsx|Beaufort 1825|844
Clanwilliam,4,946,1825 series.xlsx|Clanwilliam 1824|4
Clanwilliam,5,947,1825 series.xlsx|Clanwilliam 1824|5
Clanwilliam,6,948,1825 series.xlsx|Clanwilliam 1824|6
Clanwilliam,7,949,1825 series.xlsx|Clanwilliam 1824|7
Clanwilliam,8,950,1825 series.xlsx|Clanwilliam 1824|8
Clanwilliam,9,951,1825 series.xlsx|Clanwilliam 1824|9
Clanwilliam,10,952,1825 series.xlsx|Clanwilliam 1824|10
Clanwilliam,11,953,1825 series.xlsx|Clanwilliam 1824|11
Clanwilliam,12,954,1825 series.xlsx|Clanwilliam 1824|12
Clanwilliam,13,955,1825 series.xlsx|Clanwilliam 1824|13
Clanwilliam,14,956,1825 series.xlsx|Clanwilliam 1824|14
Clanwilliam,15,957,1825 series.xlsx|Clanwilliam 1824|15
Clanwilliam,16,958,1825 series.xlsx|Clanwilliam 1824|16
Clanwilliam,17,959,1825 series.xlsx|Clanwilliam 1824|17
Clanwilliam,18,960,1825 series.xlsx|Clanwilliam 1824|18
Clanwilliam,19,961,1825 series.xlsx|Clanwilliam 1824|19
Clanwilliam,20,962,1825 series.xlsx|Clanwilliam 1824|20
Clanwilliam,21,963,1825 series.xlsx|Clanwilliam 1824|21
Clanwilliam,22,964,1825 series.xlsx|Clanwilliam 1824|22
Clanwilliam,23,965,1825 series.xlsx|Clanwilliam 1824|23
Clanwilliam,24,966,1825 series.xlsx|Clanwilliam 1824|24
Clanwilliam,25,967,1825 series.xlsx|Clanwilliam 1824|25
Clanwilliam,26,968,1825 series.xlsx|Clanwilliam 1824|26
Clanwilliam,27,969,1825 series.xlsx|Clanwilliam 1824|27
Clanwilliam,28,970,1825 series.xlsx|Clanwilliam 1824|28
Clanwilliam,29,971,1825 series.xlsx|Clanwilliam 1824|29
Clanwilliam,30,972,1825 series.xlsx|Clanwilliam 1824|30
Clanwilliam,31,973,1825 series.xlsx|Clanwilliam 1824|31
Clanwilliam,34,974,1825 series.xlsx|Clanwilliam 1824|34
Clanwilliam,35,975,1825 series.xlsx|Clanwilliam 1824|35
Clanwilliam,36,10421,1825 series.xlsx|Clanwilliam 1824|36
Clanwilliam,37,10422,1825 series.xlsx|Clanwilliam 1824|37
Clanwilliam,38,976,1825 series.xlsx|Clanwilliam 1824|38
Clanwilliam,39,10423,1825 series.xlsx|Clanwilliam 1824|39
Clanwilliam,40,10424,1825 series.xlsx|Clanwilliam 1824|40
Clanwilliam,41,10425,1825 series.xlsx|Clanwilliam 1824|41
Clanwilliam,42,10426,1825 series.xlsx|Clanwilliam 1824|42
Clanwilliam,43,977,1825 series.xlsx|Clanwilliam 1824|43
Clanwilliam,44,978,1825 series.xlsx|Clanwilliam 1824|44
Clanwilliam,45,979,1825 series.xlsx|Clanwilliam 1824|45
Clanwilliam,46,980,1825 series.xlsx|Clanwilliam 1824|46
Clanwilliam,47,10427,1825 series.xlsx|Clanwilliam 1824|47
Clanwilliam,48,981,1825 series.xlsx|Clanwilliam 1824|48
Clanwilliam,49,982,1825 series.xlsx|Clanwilliam 1824|49
Clanwilliam,50,983,1825 series.xlsx|Clanwilliam 1824|50
Clanwilliam,51,984,1825 series.xlsx|Clanwilliam 1824|51
Clanwilliam,52,985,1825 series.xlsx|Clanwilliam 1824|52
Clanwilliam,53,986,1825 series.xlsx|Clanwilliam 1824|53
Clanwilliam,54,987,1825 series.xlsx|Clanwilliam 1824|54
Clanwilliam,55,988,1825 series.xlsx|Clanwilliam 1824|55
Clanwilliam,56,989,1825 series.xlsx|Clanwilliam 1824|56
Clanwilliam,57,990,1825 series.xlsx|Clanwilliam 1824|57
Clanwilliam,59,991,1825 series.xlsx|Clanwilliam 1824|59
Clanwilliam,60,992,1825 series.xlsx|Clanwilliam 1824|60
Clanwilliam,61,993,1825 series.xlsx|Clanwilliam 1824|61
Clanwilliam,64,994,1825 series.xlsx|Clanwilliam 1824|64
Clanwilliam,65,995,1825 series.xlsx|Clanwilliam 1824|65
Clanwilliam,66,996,1825 series.xlsx|Clanwilliam 1824|66
Clanwilliam,67,997,1825 series.xlsx|Clanwilliam 1824|67
Clanwilliam,68,998,1825 series.xlsx|Clanwilliam 1824|68
Clanwilliam,69,999,1825 series.xlsx|Clanwilliam 1824|69
Clanwilliam,70,1000,1825 series.xlsx|Clanwilliam 1824|70
Clanwilliam,71,1001,1825 series.xlsx|Clanwilliam 1824|71
Clanwilliam,72,1002,1825 series.xlsx|Clanwilliam 1824|72
Clanwilliam,73,1003,1825 series.xlsx|Clanwilliam 1824|73
Clanwilliam,74,1004,1825 series.xlsx|Clanwilliam 1824|74
Clanwilliam,75,1005,1825 series.xlsx|Clanwilliam 1824|75
Clanwilliam,76,1006,1825 series.xlsx|Clanwilliam 1824|76
Clanwilliam,77,1007,1825 series.xlsx|Clanwilliam 1824|77
Clanwilliam,78,1008,1825 series.xlsx|Clanwilliam 1824|78
Clanwilliam,80,10428,1825 series.xlsx|Clanwilliam 1824|80
Clanwilliam,81,1009,1825 series.xlsx|Clanwilliam 1824|81
Clanwilliam,84,1010,1825 series.xlsx|Clanwilliam 1824|84
Clanwilliam,85,1011,1825 series.xlsx|Clanwilliam 1824|85
Clanwilliam,86,1012,1825 series.xlsx|Clanwilliam 1824|86
Clanwilliam,87,10429,1825 series.xlsx|Clanwilliam 1824|87
Clanwilliam,88,10430,1825 series.xlsx|Clanwilliam 1824|88
Clanwilliam,89,1013,1825 series.xlsx|Clanwilliam 1824|89
Clanwilliam,90,1014,1825 series.xlsx|Clanwilliam 1824|90
Clanwilliam,91,1015,1825 series.xlsx|Clanwilliam 1824|91
Clanwilliam,92,1016,1825 series.xlsx|Clanwilliam 1824|92
Clanwilliam,93,1017,1825 series.xlsx|Clanwilliam 1824|93
Clanwilliam,94,1018,1825 series.xlsx|Clanwilliam 1824|94
Clanwilliam,95,1019,1825 series.xlsx|Clanwilliam 1824|95
Clanwilliam,96,1020,1825 series.xlsx|Clanwilliam 1824|96
Clanwilliam,97,1021,1825 series.xlsx|Clanwilliam 1824|97
Clanwilliam,98,10431,1825 series.xlsx|Clanwilliam 1824|98
Clanwilliam,99,1022,1825 series.xlsx|Clanwilliam 1824|99
Clanwilliam,100,10432,1825 series.xlsx|Clanwilliam 1824|100
Clanwilliam,101,1023,1825 series.xlsx|Clanwilliam 1824|101
Clanwilliam,102,1024,1825 series.xlsx|Clanwilliam 1824|102
Clanwilliam,103,10433,1825 series.xlsx|Clanwilliam 1824|103
Clanwilliam,104,10434,1825 series.xlsx|Clanwilliam 1824|104
Clanwilliam,105,1025,1825 series.xlsx|Clanwilliam 1824|105
Clanwilliam,107,10435,1825 series.xlsx|Clanwilliam 1824|107
Clanwilliam,108,1026,1825 series.xlsx|Clanwilliam 1824|108
Clanwilliam,109,10436,1825 series.xlsx|Clanwilliam 1824|109
Clanwilliam,110,1027,1825 series.xlsx|Clanwilliam 1824|110
Clanwilliam,111,1028,1825 series.xlsx|Clanwilliam 1824|111
Clanwilliam,114,1029,1825 series.xlsx|Clanwilliam 1824|114
Clanwilliam,115,1030,1825 series.xlsx|Clanwilliam 1824|115
Clanwilliam,116,10437,1825 series.xlsx|Clanwilliam 1824|116
Clanwilliam,117,1031,1825 series.xlsx|Clanwilliam 1824|117
Clanwilliam,118,1032,1825 series.xlsx|Clanwilliam 1824|118
Clanwilliam,119,1033,1825 series.xlsx|Clanwilliam 1824|119
Clanwilliam,120,1034,1825 series.xlsx|Clanwilliam 1824|120
Clanwilliam,121,1035,1825 series.xlsx|Clanwilliam 1824|121
Clanwilliam,122,1036,1825 series.xlsx|Clanwilliam 1824|122
Clanwilliam,123,1037,1825 series.xlsx|Clanwilliam 1824|123
Clanwilliam,124,10438,1825 series.xlsx|Clanwilliam 1824|124
Clanwilliam,125,1038,1825 series.xlsx|Clanwilliam 1824|125
Clanwilliam,126,1039,1825 series.xlsx|Clanwilliam 1824|126
Clanwilliam,127,1040,1825 series.xlsx|Clanwilliam 1824|127
Clanwilliam,128,1041,1825 series.xlsx|Clanwilliam 1824|128
Clanwilliam,129,1042,1825 series.xlsx|Clanwilliam 1824|129
Clanwilliam,130,10439,1825 series.xlsx|Clanwilliam 1824|130
Clanwilliam,131,1043,1825 series.xlsx|Clanwilliam 1824|131
Clanwilliam,132,1044,1825 series.xlsx|Clanwilliam 1824|132
Clanwilliam,133,1045,1825 series.xlsx|Clanwilliam 1824|133
Clanwilliam,134,1046,1825 series.xlsx|Clanwilliam 1824|134
Clanwilliam,135,1047,1825 series.xlsx|Clanwilliam 1824|135
Clanwilliam,136,1048,1825 series.xlsx|Clanwilliam 1824|136
Clanwilliam,137,1049,1825 series.xlsx|Clanwilliam 1824|137
Clanwilliam,138,1050,1825 series.xlsx|Clanwilliam 1824|138
Clanwilliam,147,1051,1825 series.xlsx|Clanwilliam 1824|147
Clanwilliam,148,1052,1825 series.xlsx|Clanwilliam 1824|148
Clanwilliam,149,1053,1825 series.xlsx|Clanwilliam 1824|149
Clanwilliam,150,1054,1825 series.xlsx|Clanwilliam 1824|150
Clanwilliam,151,1055,1825 series.xlsx|Clanwilliam 1824|151
Clanwilliam,152,1056,1825 series.xlsx|Clanwilliam 1824|152
Clanwilliam,153,1057,1825 series.xlsx|Clanwilliam 1824|153
Clanwilliam,154,1058,1825 series.xlsx|Clanwilliam 1824|154
Clanwilliam,155,1059,1825 series.xlsx|Clanwilliam 1824|155
Clanwilliam,156,1060,1825 series.xlsx|Clanwilliam 1824|156
Clanwilliam,157,1061,1825 series.xlsx|Clanwilliam 1824|157
Clanwilliam,158,1062,1825 series.xlsx|Clanwilliam 1824|158
Clanwilliam,159,1063,1825 series.xlsx|Clanwilliam 1824|159
Clanwilliam,160,1064,1825 series.xlsx|Clanwilliam 1824|160
Clanwilliam,161,1065,1825 series.xlsx|Clanwilliam 1824|161
Clanwilliam,162,1066,1825 series.xlsx|Clanwilliam 1824|162
Clanwilliam,163,1067,1825 series.xlsx|Clanwilliam 1824|163
Clanwilliam,164,1068,1825 series.xlsx|Clanwilliam 1824|164
Clanwilliam,165,1069,1825 series.xlsx|Clanwilliam 1824|165
Clanwilliam,166,1070,1825 series.xlsx|Clanwilliam 1824|166
Clanwilliam,169,1071,1825 series.xlsx|Clanwilliam 1824|169
Clanwilliam,170,10440,1825 series.xlsx|Clanwilliam 1824|170
Clanwilliam,171,10441,1825 series.xlsx|Clanwilliam 1824|171
Clanwilliam,172,10442,1825 series.xlsx|Clanwilliam 1824|172
Clanwilliam,173,10443,1825 series.xlsx|Clanwilliam 1824|173
Clanwilliam,174,10444,1825 series.xlsx|Clanwilliam 1824|174
Clanwilliam,175,10445,1825 series.xlsx|Clanwilliam 1824|175
Clanwilliam,176,10446,1825 series.xlsx|Clanwilliam 1824|176
Clanwilliam,177,1072,1825 series.xlsx|Clanwilliam 1824|177
Clanwilliam,178,1073,1825 series.xlsx|Clanwilliam 1824|178
Clanwilliam,179,1074,1825 series.xlsx|Clanwilliam 1824|179
Clanwilliam,181,1075,1825 series.xlsx|Clanwilliam 1824|181
Clanwilliam,182,1076,1825 series.xlsx|Clanwilliam 1824|182
Clanwilliam,183,1077,1825 series.xlsx|Clanwilliam 1824|183
Clanwilliam,184,1078,1825 series.xlsx|Clanwilliam 1824|184
Clanwilliam,185,1079,1825 series.xlsx|Clanwilliam 1824|185
Clanwilliam,186,1080,1825 series.xlsx|Clanwilliam 1824|186
Clanwilliam,187,1081,1825 series.xlsx|Clanwilliam 1824|187
Clanwilliam,188,1082,1825 series.xlsx|Clanwilliam 1824|188
Clanwilliam,189,1083,1825 series.xlsx|Clanwilliam 1824|189
Clanwilliam,190,1084,1825 series.xlsx|Clanwilliam 1824|190
Clanwilliam,191,1085,1825 series.xlsx|Clanwilliam 1824|191
Clanwilliam,192,1086,1825 series.xlsx|Clanwilliam 1824|192
Clanwilliam,198,1087,1825 series.xlsx|Clanwilliam 1824|198
Clanwilliam,199,1088,1825 series.xlsx|Clanwilliam 1824|199
Clanwilliam,200,1089,1825 series.xlsx|Clanwilliam 1824|200
Clanwilliam,202,1090,1825 series.xlsx|Clanwilliam 1824|202
Clanwilliam,203,1091,1825 series.xlsx|Clanwilliam 1824|203
Clanwilliam,204,1092,1825 series.xlsx|Clanwilliam 1824|204
Clanwilliam,205,1093,1825 series.xlsx|Clanwilliam 1824|205
Clanwilliam,206,1094,1825 series.xlsx|Clanwilliam 1824|206
Clanwilliam,207,1095,1825 series.xlsx|Clanwilliam 1824|207
Clanwilliam,208,1096,1825 series.xlsx|Clanwilliam 1824|208
Clanwilliam,209,1097,1825 series.xlsx|Clanwilliam 1824|209
Clanwilliam,210,1098,1825 series.xlsx|Clanwilliam 1824|210
Clanwilliam,211,1099,1825 series.xlsx|Clanwilliam 1824|211
Clanwilliam,212,1100,1825 series.xlsx|Clanwilliam 1824|212
Clanwilliam,213,1101,1825 series.xlsx|Clanwilliam 1824|213
Clanwilliam,214,1102,1825 series.xlsx|Clanwilliam 1824|214
Clanwilliam,215,1103,1825 series.xlsx|Clanwilliam 1824|215
Clanwilliam,216,1104,1825 series.xlsx|Clanwilliam 1824|216
Clanwilliam,217,1105,1825 series.xlsx|Clanwilliam 1824|217
Clanwilliam,218,1106,1825 series.xlsx|Clanwilliam 1824|218
Clanwilliam,219,1107,1825 series.xlsx|Clanwilliam 1824|219
Clanwilliam,220,1108,1825 series.xlsx|Clanwilliam 1824|220
Clanwilliam,221,1109,1825 series.xlsx|Clanwilliam 1824|221
Clanwilliam,222,1110,1825 series.xlsx|Clanwilliam 1824|222
Clanwilliam,223,1111,1825 series.xlsx|Clanwilliam 1824|223
Clanwilliam,226,1112,1825 series.xlsx|Clanwilliam 1824|226
Clanwilliam,227,1113,1825 series.xlsx|Clanwilliam 1824|227
Clanwilliam,228,1114,1825 series.xlsx|Clanwilliam 1824|228
Clanwilliam,229,1115,1825 series.xlsx|Clanwilliam 1824|229
Clanwilliam,230,1116,1825 series.xlsx|Clanwilliam 1824|230
Clanwilliam,231,1117,1825 series.xlsx|Clanwilliam 1824|231
Clanwilliam,232,1118,1825 series.xlsx|Clanwilliam 1824|232
Clanwilliam,233,1119,1825 series.xlsx|Clanwilliam 1824|233
Clanwilliam,234,1120,1825 series.xlsx|Clanwilliam 1824|234
Clanwilliam,235,1121,1825 series.xlsx|Clanwilliam 1824|235
Clanwilliam,236,1122,1825 series.xlsx|Clanwilliam 1824|236
Clanwilliam,237,1123,1825 series.xlsx|Clanwilliam 1824|237
Clanwilliam,238,1124,1825 series.xlsx|Clanwilliam 1824|238
Clanwilliam,239,1125,1825 series.xlsx|Clanwilliam 1824|239
Clanwilliam,240,1126,1825 series.xlsx|Clanwilliam 1824|240
Clanwilliam,241,1127,1825 series.xlsx|Clanwilliam 1824|241
Clanwilliam,242,1128,1825 series.xlsx|Clanwilliam 1824|242
Clanwilliam,243,1129,1825 series.xlsx|Clanwilliam 1824|243
Clanwilliam,244,1130,1825 series.xlsx|Clanwilliam 1824|244
Clanwilliam,245,1131,1825 series.xlsx|Clanwilliam 1824|245
Clanwilliam,246,1132,1825 series.xlsx|Clanwilliam 1824|246
Clanwilliam,247,1133,1825 series.xlsx|Clanwilliam 1824|247
Clanwilliam,248,1134,1825 series.xlsx|Clanwilliam 1824|248
Clanwilliam,249,1135,1825 series.xlsx|Clanwilliam 1824|249
Clanwilliam,250,1136,1825 series.xlsx|Clanwilliam 1824|250
Clanwilliam,251,1137,1825 series.xlsx|Clanwilliam 1824|251
Clanwilliam,252,1138,1825 series.xlsx|Clanwilliam 1824|252
Clanwilliam,255,1139,1825 series.xlsx|Clanwilliam 1824|255
Clanwilliam,256,1140,1825 series.xlsx|Clanwilliam 1824|256
Clanwilliam,257,1141,1825 series.xlsx|Clanwilliam 1824|257
Clanwilliam,258,1142,1825 series.xlsx|Clanwilliam 1824|258
Clanwilliam,259,1143,1825 series.xlsx|Clanwilliam 1824|259
Clanwilliam,260,1144,1825 series.xlsx|Clanwilliam 1824|260
Clanwilliam,261,1145,1825 series.xlsx|Clanwilliam 1824|261
Clanwilliam,262,1146,1825 series.xlsx|Clanwilliam 1824|262
Clanwilliam,263,1147,1825 series.xlsx|Clanwilliam 1824|263
Clanwilliam,264,1148,1825 series.xlsx|Clanwilliam 1824|264
Clanwilliam,265,1149,1825 series.xlsx|Clanwilliam 1824|265
Clanwilliam,266,1150,1825 series.xlsx|Clanwilliam 1824|266
Clanwilliam,267,1151,1825 series.xlsx|Clanwilliam 1824|267
Clanwilliam,268,1152,1825 series.xlsx|Clanwilliam 1824|268
Clanwilliam,269,1153,1825 series.xlsx|Clanwilliam 1824|269
Clanwilliam,270,1154,1825 series.xlsx|Clanwilliam 1824|270
Clanwilliam,271,1155,1825 series.xlsx|Clanwilliam 1824|271
Clanwilliam,272,1156,1825 series.xlsx|Clanwilliam 1824|272
Clanwilliam,273,1157,1825 series.xlsx|Clanwilliam 1824|273
Clanwilliam,274,1158,1825 series.xlsx|Clanwilliam 1824|274
Clanwilliam,275,1159,1825 series.xlsx|Clanwilliam 1824|275
Clanwilliam,276,10447,1825 series.xlsx|Clanwilliam 1824|276
Clanwilliam,277,10448,1825 series.xlsx|Clanwilliam 1824|277
Clanwilliam,278,1160,1825 series.xlsx|Clanwilliam 1824|278
Clanwilliam,279,10449,1825 series.xlsx|Clanwilliam 1824|279
Clanwilliam,280,10450,1825 series.xlsx|Clanwilliam 1824|280
Clanwilliam,281,1161,1825 series.xlsx|Clanwilliam 1824|281
Clanwilliam,282,1162,1825 series.xlsx|Clanwilliam 1824|282
Clanwilliam,285,1163,1825 series.xlsx|Clanwilliam 1824|285
Clanwilliam,286,1164,1825 series.xlsx|Clanwilliam 1824|286
Clanwilliam,287,1165,1825 series.xlsx|Clanwilliam 1824|287
Clanwilliam,288,1166,1825 series.xlsx|Clanwilliam 1824|288
Clanwilliam,289,1167,1825 series.xlsx|Clanwilliam 1824|289
Clanwilliam,290,1168,1825 series.xlsx|Clanwilliam 1824|290
Clanwilliam,291,1169,1825 series.xlsx|Clanwilliam 1824|291
Clanwilliam,292,1170,1825 series.xlsx|Clanwilliam 1824|292
Clanwilliam,293,1171,1825 series.xlsx|Clanwilliam 1824|293
Clanwilliam,294,10451,1825 series.xlsx|Clanwilliam 1824|294
Clanwilliam,295,1172,1825 series.xlsx|Clanwilliam 1824|295
Clanwilliam,296,1173,1825 series.xlsx|Clanwilliam 1824|296
Clanwilliam,299,1174,1825 series.xlsx|Clanwilliam 1824|299
Clanwilliam,300,1175,1825 series.xlsx|Clanwilliam 1824|300
Clanwilliam,301,1176,1825 series.xlsx|Clanwilliam 1824|301
Clanwilliam,302,1177,1825 series.xlsx|Clanwilliam 1824|302
Clanwilliam,303,1178,1825 series.xlsx|Clanwilliam 1824|303
Clanwilliam,304,1179,1825 series.xlsx|Clanwilliam 1824|304
Clanwilliam,305,1180,1825 series.xlsx|Clanwilliam 1824|305
Clanwilliam,306,1181,1825 series.xlsx|Clanwilliam 1824|306
Clanwilliam,307,1182,1825 series.xlsx|Clanwilliam 1824|307
Clanwilliam,308,1183,1825 series.xlsx|Clanwilliam 1824|308
Clanwilliam,309,1184,1825 series.xlsx|Clanwilliam 1824|309
Clanwilliam,310,1185,1825 series.xlsx|Clanwilliam 1824|310
Clanwilliam,311,1186,1825 series.xlsx|Clanwilliam 1824|311
Clanwilliam,312,1187,1825 series.xlsx|Clanwilliam 1824|312
Clanwilliam,313,1188,1825 series.xlsx|Clanwilliam 1824|313
Clanwilliam,314,1189,1825 series.xlsx|Clanwilliam 1824|314
Clanwilliam,315,1190,1825 series.xlsx|Clanwilliam 1824|315
Clanwilliam,316,1191,1825 series.xlsx|Clanwilliam 1824|316
Clanwilliam,317,1192,1825 series.xlsx|Clanwilliam 1824|317
Clanwilliam,318,10452,1825 series.xlsx|Clanwilliam 1824|318
Clanwilliam,319,1193,1825 series.xlsx|Clanwilliam 1824|319
Clanwilliam,320,1194,1825 series.xlsx|Clanwilliam 1824|320
Clanwilliam,321,10453,1825 series.xlsx|Clanwilliam 1824|321
Clanwilliam,322,1195,1825 series.xlsx|Clanwilliam 1824|322
Clanwilliam,323,1196,1825 series.xlsx|Clanwilliam 1824|323
Clanwilliam,324,1197,1825 series.xlsx|Clanwilliam 1824|324
Clanwilliam,325,1198,1825 series.xlsx|Clanwilliam 1824|325
Clanwilliam,326,1199,1825 series.xlsx|Clanwilliam 1824|326
Clanwilliam,329,10454,1825 series.xlsx|Clanwilliam 1824|329
Clanwilliam,330,10455,1825 series.xlsx|Clanwilliam 1824|330
Clanwilliam,331,1200,1825 series.xlsx|Clanwilliam 1824|331
Clanwilliam,332,1201,1825 series.xlsx|Clanwilliam 1824|332
Clanwilliam,333,1202,1825 series.xlsx|Clanwilliam 1824|333
Clanwilliam,334,10456,1825 series.xlsx|Clanwilliam 1824|334
Clanwilliam,335,1203,1825 series.xlsx|Clanwilliam 1824|335
Clanwilliam,336,10457,1825 series.xlsx|Clanwilliam 1824|336
Clanwilliam,337,1204,1825 series.xlsx|Clanwilliam 1824|337
Clanwilliam,338,1205,1825 series.xlsx|Clanwilliam 1824|338
Clanwilliam,339,1206,1825 series.xlsx|Clanwilliam 1824|339
Clanwilliam,340,1207,1825 series.xlsx|Clanwilliam 1824|340
Clanwilliam,341,1208,1825 series.xlsx|Clanwilliam 1824|341
Clanwilliam,342,1209,1825 series.xlsx|Clanwilliam 1824|342
Clanwilliam,343,1210,1825 series.xlsx|Clanwilliam 1824|343
Clanwilliam,344,1211,1825 series.xlsx|Clanwilliam 1824|344
Clanwilliam,345,1212,1825 series.xlsx|Clanwilliam 1824|345
Clanwilliam,346,1213,1825 series.xlsx|Clanwilliam 1824|346
Clanwilliam,347,1214,1825 series.xlsx|Clanwilliam 1824|347
Clanwilliam,348,1215,1825 series.xlsx|Clanwilliam 1824|348
Clanwilliam,349,1216,1825 series.xlsx|Clanwilliam 1824|349
Clanwilliam,350,1217,1825 series.xlsx|Clanwilliam 1824|350
Clanwilliam,351,1218,1825 series.xlsx|Clanwilliam 1824|351
Clanwilliam,352,1219,1825 series.xlsx|Clanwilliam 1824|352
Clanwilliam,353,1220,1825 series.xlsx|Clanwilliam 1824|353
Clanwilliam,354,1221,1825 series.xlsx|Clanwilliam 1824|354
Clanwilliam,355,1222,1825 series.xlsx|Clanwilliam 1824|355
Clanwilliam,358,1223,1825 series.xlsx|Clanwilliam 1824|358
Clanwilliam,359,1224,1825 series.xlsx|Clanwilliam 1824|359
Clanwilliam,360,1225,1825 series.xlsx|Clanwilliam 1824|360
Clanwilliam,361,1226,1825 series.xlsx|Clanwilliam 1824|361
Clanwilliam,362,1227,1825 series.xlsx|Clanwilliam 1824|362
Clanwilliam,363,1228,1825 series.xlsx|Clanwilliam 1824|363
Clanwilliam,364,1229,1825 series.xlsx|Clanwilliam 1824|364
Clanwilliam,365,1230,1825 series.xlsx|Clanwilliam 1824|365
Clanwilliam,366,1231,1825 series.xlsx|Clanwilliam 1824|366
Clanwilliam,369,1232,1825 series.xlsx|Clanwilliam 1824|369
Clanwilliam,371,1233,1825 series.xlsx|Clanwilliam 1824|371
Clanwilliam,372,1234,1825 series.xlsx|Clanwilliam 1824|372
Clanwilliam,373,1235,1825 series.xlsx|Clanwilliam 1824|373
Clanwilliam,374,1236,1825 series.xlsx|Clanwilliam 1824|374
Clanwilliam,375,10458,1825 series.xlsx|Clanwilliam 1824|375
Clanwilliam,376,1237,1825 series.xlsx|Clanwilliam 1824|376
Clanwilliam,377,1238,1825 series.xlsx|Clanwilliam 1824|377
Clanwilliam,378,1239,1825 series.xlsx|Clanwilliam 1824|378
Clanwilliam,379,1240,1825 series.xlsx|Clanwilliam 1824|379
Clanwilliam,380,1241,1825 series.xlsx|Clanwilliam 1824|380
Clanwilliam,381,1242,1825 series.xlsx|Clanwilliam 1824|381
Clanwilliam,382,1243,1825 series.xlsx|Clanwilliam 1824|382
Clanwilliam,383,1244,1825 series.xlsx|Clanwilliam 1824|383
Clanwilliam,384,1245,1825 series.xlsx|Clanwilliam 1824|384
Clanwilliam,385,1246,1825 series.xlsx|Clanwilliam 1824|385
Clanwilliam,386,1247,1825 series.xlsx|Clanwilliam 1824|386
Clanwilliam,387,1248,1825 series.xlsx|Clanwilliam 1824|387
Clanwilliam,388,1249,1825 series.xlsx|Clanwilliam 1824|388
Clanwilliam,389,1250,1825 series.xlsx|Clanwilliam 1824|389
Clanwilliam,390,1251,1825 series.xlsx|Clanwilliam 1824|390
Clanwilliam,391,1252,1825 series.xlsx|Clanwilliam 1824|391
Clanwilliam,392,1253,1825 series.xlsx|Clanwilliam 1824|392
Clanwilliam,393,1254,1825 series.xlsx|Clanwilliam 1824|393
Clanwilliam,394,1255,1825 series.xlsx|Clanwilliam 1824|394
Clanwilliam,395,1256,1825 series.xlsx|Clanwilliam 1824|395
Clanwilliam,396,1257,1825 series.xlsx|Clanwilliam 1824|396
Clanwilliam,399,1258,1825 series.xlsx|Clanwilliam 1824|399
Clanwilliam,400,1259,1825 series.xlsx|Clanwilliam 1824|400
Clanwilliam,401,1260,1825 series.xlsx|Clanwilliam 1824|401
Clanwilliam,402,10459,1825 series.xlsx|Clanwilliam 1824|402
Clanwilliam,403,1261,1825 series.xlsx|Clanwilliam 1824|403
Clanwilliam,404,1262,1825 series.xlsx|Clanwilliam 1824|404
Clanwilliam,405,1263,1825 series.xlsx|Clanwilliam 1824|405
Clanwilliam,406,1264,1825 series.xlsx|Clanwilliam 1824|406
Clanwilliam,407,1265,1825 series.xlsx|Clanwilliam 1824|407
Clanwilliam,408,1266,1825 series.xlsx|Clanwilliam 1824|408
Clanwilliam,409,10460,1825 series.xlsx|Clanwilliam 1824|409
Clanwilliam,410,1267,1825 series.xlsx|Clanwilliam 1824|410
Clanwilliam,411,1268,1825 series.xlsx|Clanwilliam 1824|411
Clanwilliam,412,1269,1825 series.xlsx|Clanwilliam 1824|412
Clanwilliam,413,10461,1825 series.xlsx|Clanwilliam 1824|413
Clanwilliam,414,10462,1825 series.xlsx|Clanwilliam 1824|414
Clanwilliam,417,1270,1825 series.xlsx|Clanwilliam 1824|417
Clanwilliam,418,1271,1825 series.xlsx|Clanwilliam 1824|418
Clanwilliam,419,1272,1825 series.xlsx|Clanwilliam 1824|419
Clanwilliam,420,1273,1825 series.xlsx|Clanwilliam 1824|420
Clanwilliam,421,1274,1825 series.xlsx|Clanwilliam 1824|421
Clanwilliam,422,1275,1825 series.xlsx|Clanwilliam 1824|422
Clanwilliam,423,1276,1825 series.xlsx|Clanwilliam 1824|423
Clanwilliam,424,1277,1825 series.xlsx|Clanwilliam 1824|424
Clanwilliam,425,1278,1825 series.xlsx|Clanwilliam 1824|425
Clanwilliam,426,1279,1825 series.xlsx|Clanwilliam 1824|426
Clanwilliam,427,1280,1825 series.xlsx|Clanwilliam 1824|427
Clanwilliam,428,1281,1825 series.xlsx|Clanwilliam 1824|428
Clanwilliam,429,1282,1825 series.xlsx|Clanwilliam 1824|429
Clanwilliam,430,1283,1825 series.xlsx|Clanwilliam 1824|430
Clanwilliam,431,1284,1825 series.xlsx|Clanwilliam 1824|431
Clanwilliam,432,1285,1825 series.xlsx|Clanwilliam 1824|432
Clanwilliam,433,1286,1825 series.xlsx|Clanwilliam 1824|433
Clanwilliam,434,1287,1825 series.xlsx|Clanwilliam 1824|434
Clanwilliam,435,1288,1825 series.xlsx|Clanwilliam 1824|435
Clanwilliam,436,1289,1825 series.xlsx|Clanwilliam 1824|436
Clanwilliam,437,1290,1825 series.xlsx|Clanwilliam 1824|437
Clanwilliam,438,1291,1825 series.xlsx|Clanwilliam 1824|438
Clanwilliam,439,1292,1825 series.xlsx|Clanwilliam 1824|439
Clanwilliam,440,1293,1825 series.xlsx|Clanwilliam 1824|440
Clanwilliam,441,1294,1825 series.xlsx|Clanwilliam 1824|441
Clanwilliam,442,1295,1825 series.xlsx|Clanwilliam 1824|442
Clanwilliam,443,1296,1825 series.xlsx|Clanwilliam 1824|443
Clanwilliam,444,1297,1825 series.xlsx|Clanwilliam 1824|444
Clanwilliam,447,1298,1825 series.xlsx|Clanwilliam 1824|447
Clanwilliam,448,1299,1825 series.xlsx|Clanwilliam 1824|448
Clanwilliam,449,1300,1825 series.xlsx|Clanwilliam 1824|449
Clanwilliam,450,1301,1825 series.xlsx|Clanwilliam 1824|450
Clanwilliam,451,1302,1825 series.xlsx|Clanwilliam 1824|451
Clanwilliam,452,1303,1825 series.xlsx|Clanwilliam 1824|452
Clanwilliam,453,1304,1825 series.xlsx|Clanwilliam 1824|453
Clanwilliam,454,1305,1825 series.xlsx|Clanwilliam 1824|454
Clanwilliam,455,1306,1825 series.xlsx|Clanwilliam 1824|455
Clanwilliam,456,1307,1825 series.xlsx|Clanwilliam 1824|456
Clanwilliam,457,1308,1825 series.xlsx|Clanwilliam 1824|457
Clanwilliam,458,1309,1825 series.xlsx|Clanwilliam 1824|458
Clanwilliam,459,1310,1825 series.xlsx|Clanwilliam 1824|459
Clanwilliam,460,1311,1825 series.xlsx|Clanwilliam 1824|460
Clanwilliam,461,1312,1825 series.xlsx|Clanwilliam 1824|461
Clanwilliam,462,1313,1825 series.xlsx|Clanwilliam 1824|462
Clanwilliam,465,1314,1825 series.xlsx|Clanwilliam 1824|465
Clanwilliam,466,1315,1825 series.xlsx|Clanwilliam 1824|466
Clanwilliam,467,1316,1825 series.xlsx|Clanwilliam 1824|467
Clanwilliam,468,1317,1825 series.xlsx|Clanwilliam 1824|468
Clanwilliam,469,1318,1825 series.xlsx|Clanwilliam 1824|469
Clanwilliam,470,10463,1825 series.xlsx|Clanwilliam 1824|470
Clanwilliam,471,1319,1825 series.xlsx|Clanwilliam 1824|471
Clanwilliam,472,1320,1825 series.xlsx|Clanwilliam 1824|472
Clanwilliam,473,1321,1825 series.xlsx|Clanwilliam 1824|473
Clanwilliam,474,1322,1825 series.xlsx|Clanwilliam 1824|474
Clanwilliam,475,1323,1825 series.xlsx|Clanwilliam 1824|475
Clanwilliam,476,1324,1825 series.xlsx|Clanwilliam 1824|476
Clanwilliam,477,1325,1825 series.xlsx|Clanwilliam 1824|477
Clanwilliam,478,10464,1825 series.xlsx|Clanwilliam 1824|478
Clanwilliam,479,1326,1825 series.xlsx|Clanwilliam 1824|479
Clanwilliam,480,1327,1825 series.xlsx|Clanwilliam 1824|480
Clanwilliam,481,1328,1825 series.xlsx|Clanwilliam 1824|481
Clanwilliam,482,1329,1825 series.xlsx|Clanwilliam 1824|482
Clanwilliam,483,1330,1825 series.xlsx|Clanwilliam 1824|483
Clanwilliam,484,1331,1825 series.xlsx|Clanwilliam 1824|484
Clanwilliam,485,10465,1825 series.xlsx|Clanwilliam 1824|485
Clanwilliam,486,1332,1825 series.xlsx|Clanwilliam 1824|486
Clanwilliam,487,1333,1825 series.xlsx|Clanwilliam 1824|487
Clanwilliam,488,1334,1825 series.xlsx|Clanwilliam 1824|488
Clanwilliam,489,1335,1825 series.xlsx|Clanwilliam 1824|489
Clanwilliam,490,1336,1825 series.xlsx|Clanwilliam 1824|490
Clanwilliam,491,1337,1825 series.xlsx|Clanwilliam 1824|491
Clanwilliam,492,1338,1825 series.xlsx|Clanwilliam 1824|492
Clanwilliam,495,1339,1825 series.xlsx|Clanwilliam 1824|495
Clanwilliam,496,1340,1825 series.xlsx|Clanwilliam 1824|496
Clanwilliam,497,1341,1825 series.xlsx|Clanwilliam 1824|497
Clanwilliam,498,1342,1825 series.xlsx|Clanwilliam 1824|498
Clanwilliam,500,1343,1825 series.xlsx|Clanwilliam 1824|500
Clanwilliam,501,1344,1825 series.xlsx|Clanwilliam 1824|501
Clanwilliam,502,1345,1825 series.xlsx|Clanwilliam 1824|502
Clanwilliam,503,1346,1825 series.xlsx|Clanwilliam 1824|503
Clanwilliam,504,1347,1825 series.xlsx|Clanwilliam 1824|504
Clanwilliam,505,1348,1825 series.xlsx|Clanwilliam 1824|505
Clanwilliam,506,1349,1825 series.xlsx|Clanwilliam 1824|506
Clanwilliam,507,10466,1825 series.xlsx|Clanwilliam 1824|507
Clanwilliam,508,1350,1825 series.xlsx|Clanwilliam 1824|508
Clanwilliam,509,1351,1825 series.xlsx|Clanwilliam 1824|509
Clanwilliam,510,1352,1825 series.xlsx|Clanwilliam 1824|510
Clanwilliam,511,1353,1825 series.xlsx|Clanwilliam 1824|511
Clanwilliam,512,1354,1825 series.xlsx|Clanwilliam 1824|512
Clanwilliam,513,1355,1825 series.xlsx|Clanwilliam 1824|513
Clanwilliam,514,1356,1825 series.xlsx|Clanwilliam 1824|514
Clanwilliam,515,1357,1825 series.xlsx|Clanwilliam 1824|515
Clanwilliam,516,10467,1825 series.xlsx|Clanwilliam 1824|516
Clanwilliam,517,1358,1825 series.xlsx|Clanwilliam 1824|517
Clanwilliam,518,1359,1825 series.xlsx|Clanwilliam 1824|518
Clanwilliam,519,1360,1825 series.xlsx|Clanwilliam 1824|519
Clanwilliam,520,1361,1825 series.xlsx|Clanwilliam 1824|520
Clanwilliam,521,1362,1825 series.xlsx|Clanwilliam 1824|521
Clanwilliam,524,1363,1825 series.xlsx|Clanwilliam 1824|524
Clanwilliam,525,1364,1825 series.xlsx|Clanwilliam 1824|525
Clanwilliam,526,1365,1825 series.xlsx|Clanwilliam 1824|526
Clanwilliam,527,1366,1825 series.xlsx|Clanwilliam 1824|527
Clanwilliam,528,1367,1825 series.xlsx|Clanwilliam 1824|528
Clanwilliam,529,1368,1825 series.xlsx|Clanwilliam 1824|529
Clanwilliam,530,1369,1825 series.xlsx|Clanwilliam 1824|530
Clanwilliam,531,1370,1825 series.xlsx|Clanwilliam 1824|531
Clanwilliam,532,1371,1825 series.xlsx|Clanwilliam 1824|532
Clanwilliam,533,1372,1825 series.xlsx|Clanwilliam 1824|533
Clanwilliam,534,10468,1825 series.xlsx|Clanwilliam 1824|534
Clanwilliam,535,1373,1825 series.xlsx|Clanwilliam 1824|535
Clanwilliam,536,1374,1825 series.xlsx|Clanwilliam 1824|536
Clanwilliam,537,1375,1825 series.xlsx|Clanwilliam 1824|537
Clanwilliam,538,10469,1825 series.xlsx|Clanwilliam 1824|538
Clanwilliam,539,1376,1825 series.xlsx|Clanwilliam 1824|539
Clanwilliam,540,1377,1825 series.xlsx|Clanwilliam 1824|540
Clanwilliam,541,1378,1825 series.xlsx|Clanwilliam 1824|541
Clanwilliam,542,1379,1825 series.xlsx|Clanwilliam 1824|542
Clanwilliam,543,1380,1825 series.xlsx|Clanwilliam 1824|543
Clanwilliam,544,1381,1825 series.xlsx|Clanwilliam 1824|544
Clanwilliam,545,1382,1825 series.xlsx|Clanwilliam 1824|545
Clanwilliam,546,1383,1825 series.xlsx|Clanwilliam 1824|546
Clanwilliam,547,1384,1825 series.xlsx|Clanwilliam 1824|547
Clanwilliam,550,1385,1825 series.xlsx|Clanwilliam 1824|550
Clanwilliam,551,1386,1825 series.xlsx|Clanwilliam 1824|551
Clanwilliam,552,1387,1825 series.xlsx|Clanwilliam 1824|552
Clanwilliam,553,1388,1825 series.xlsx|Clanwilliam 1824|553
Clanwilliam,554,1389,1825 series.xlsx|Clanwilliam 1824|554
Clanwilliam,555,1390,1825 series.xlsx|Clanwilliam 1824|555
Clanwilliam,556,1391,1825 series.xlsx|Clanwilliam 1824|556
Clanwilliam,557,1392,1825 series.xlsx|Clanwilliam 1824|557
Clanwilliam,558,1393,1825 series.xlsx|Clanwilliam 1824|558
Clanwilliam,559,1394,1825 series.xlsx|Clanwilliam 1824|559
Clanwilliam,560,1395,1825 series.xlsx|Clanwilliam 1824|560
Clanwilliam,561,1396,1825 series.xlsx|Clanwilliam 1824|561
Clanwilliam,562,1397,1825 series.xlsx|Clanwilliam 1824|562
Clanwilliam,563,1398,1825 series.xlsx|Clanwilliam 1824|563
Clanwilliam,564,1399,1825 series.xlsx|Clanwilliam 1824|564
Clanwilliam,565,1400,1825 series.xlsx|Clanwilliam 1824|565
Clanwilliam,566,1401,1825 series.xlsx|Clanwilliam 1824|566
Clanwilliam,567,1402,1825 series.xlsx|Clanwilliam 1824|567
Clanwilliam,568,1403,1825 series.xlsx|Clanwilliam 1824|568
Clanwilliam,569,1404,1825 series.xlsx|Clanwilliam 1824|569
Clanwilliam,570,1405,1825 series.xlsx|Clanwilliam 1824|570
Clanwilliam,571,1406,1825 series.xlsx|Clanwilliam 1824|571
Clanwilliam,572,1407,1825 series.xlsx|Clanwilliam 1824|572
Clanwilliam,573,1408,1825 series.xlsx|Clanwilliam 1824|573
Clanwilliam,574,1409,1825 series.xlsx|Clanwilliam 1824|574
Clanwilliam,575,1410,1825 series.xlsx|Clanwilliam 1824|575
Clanwilliam,576,1411,1825 series.xlsx|Clanwilliam 1824|576
Clanwilliam,577,1412,1825 series.xlsx|Clanwilliam 1824|577
Clanwilliam,580,1413,1825 series.xlsx|Clanwilliam 1824|580
Clanwilliam,581,1414,1825 series.xlsx|Clanwilliam 1824|581
Clanwilliam,582,10470,1825 series.xlsx|Clanwilliam 1824|582
Clanwilliam,583,1415,1825 series.xlsx|Clanwilliam 1824|583
Clanwilliam,584,1416,1825 series.xlsx|Clanwilliam 1824|584
Clanwilliam,585,1417,1825 series.xlsx|Clanwilliam 1824|585
Clanwilliam,586,1418,1825 series.xlsx|Clanwilliam 1824|586
Clanwilliam,587,1419,1825 series.xlsx|Clanwilliam 1824|587
Clanwilliam,588,1420,1825 series.xlsx|Clanwilliam 1824|588
Clanwilliam,589,1421,1825 series.xlsx|Clanwilliam 1824|589
Clanwilliam,590,1422,1825 series.xlsx|Clanwilliam 1824|590
Clanwilliam,591,1423,1825 series.xlsx|Clanwilliam 1824|591
Clanwilliam,592,1424,1825 series.xlsx|Clanwilliam 1824|592
Clanwilliam,593,1425,1825 series.xlsx|Clanwilliam 1824|593
Clanwilliam,594,1426,1825 series.xlsx|Clanwilliam 1824|594
Clanwilliam,595,1427,1825 series.xlsx|Clanwilliam 1824|595
Clanwilliam,596,1428,1825 series.xlsx|Clanwilliam 1824|596
Clanwilliam,597,1429,1825 series.xlsx|Clanwilliam 1824|597
Clanwilliam,598,1430,1825 series.xlsx|Clanwilliam 1824|598
Clanwilliam,599,1431,1825 series.xlsx|Clanwilliam 1824|599
Clanwilliam,600,1432,1825 series.xlsx|Clanwilliam 1824|600
Clanwilliam,601,1433,1825 series.xlsx|Clanwilliam 1824|601
Clanwilliam,602,1434,1825 series.xlsx|Clanwilliam 1824|602
Clanwilliam,603,1435,1825 series.xlsx|Clanwilliam 1824|603
Clanwilliam,604,1436,1825 series.xlsx|Clanwilliam 1824|604
Clanwilliam,605,1437,1825 series.xlsx|Clanwilliam 1824|605
Clanwilliam,606,1438,1825 series.xlsx|Clanwilliam 1824|606
Clanwilliam,609,1439,1825 series.xlsx|Clanwilliam 1824|609
Clanwilliam,610,1440,1825 series.xlsx|Clanwilliam 1824|610
Clanwilliam,611,1441,1825 series.xlsx|Clanwilliam 1824|611
Clanwilliam,612,1442,1825 series.xlsx|Clanwilliam 1824|612
Clanwilliam,613,1443,1825 series.xlsx|Clanwilliam 1824|613
Clanwilliam,614,1444,1825 series.xlsx|Clanwilliam 1824|614
Clanwilliam,615,1445,1825 series.xlsx|Clanwilliam 1824|615
Clanwilliam,616,1446,1825 series.xlsx|Clanwilliam 1824|616
Clanwilliam,617,1447,1825 series.xlsx|Clanwilliam 1824|617
Clanwilliam,618,1448,1825 series.xlsx|Clanwilliam 1824|618
Clanwilliam,619,1449,1825 series.xlsx|Clanwilliam 1824|619
Clanwilliam,620,1450,1825 series.xlsx|Clanwilliam 1824|620
Clanwilliam,621,1451,1825 series.xlsx|Clanwilliam 1824|621
Clanwilliam,622,1452,1825 series.xlsx|Clanwilliam 1824|622
Clanwilliam,623,1453,1825 series.xlsx|Clanwilliam 1824|623
Clanwilliam,624,1454,1825 series.xlsx|Clanwilliam 1824|624
Clanwilliam,625,10471,1825 series.xlsx|Clanwilliam 1824|625
Clanwilliam,626,1455,1825 series.xlsx|Clanwilliam 1824|626
Clanwilliam,627,1456,1825 series.xlsx|Clanwilliam 1824|627
Clanwilliam,628,1457,1825 series.xlsx|Clanwilliam 1824|628
Clanwilliam,629,1458,1825 series.xlsx|Clanwilliam 1824|629
Clanwilliam,630,1459,1825 series.xlsx|Clanwilliam 1824|630
Clanwilliam,631,1460,1825 series.xlsx|Clanwilliam 1824|631
Clanwilliam,632,10472,1825 series.xlsx|Clanwilliam 1824|632
Clanwilliam,633,10473,1825 series.xlsx|Clanwilliam 1824|633
Clanwilliam,634,10474,1825 series.xlsx|Clanwilliam 1824|634
Clanwilliam,636,1461,1825 series.xlsx|Clanwilliam 1824|636
Clanwilliam,639,1462,1825 series.xlsx|Clanwilliam 1824|639
Clanwilliam,640,1463,1825 series.xlsx|Clanwilliam 1824|640
Clanwilliam,641,1464,1825 series.xlsx|Clanwilliam 1824|641
Clanwilliam,642,1465,1825 series.xlsx|Clanwilliam 1824|642
Clanwilliam,643,1466,1825 series.xlsx|Clanwilliam 1824|643
Clanwilliam,644,1467,1825 series.xlsx|Clanwilliam 1824|644
Clanwilliam,645,1468,1825 series.xlsx|Clanwilliam 1824|645
Clanwilliam,646,1469,1825 series.xlsx|Clanwilliam 1824|646
Clanwilliam,647,1470,1825 series.xlsx|Clanwilliam 1824|647
Clanwilliam,648,1471,1825 series.xlsx|Clanwilliam 1824|648
Clanwilliam,649,1472,1825 series.xlsx|Clanwilliam 1824|649
Clanwilliam,650,1473,1825 series.xlsx|Clanwilliam 1824|650
Clanwilliam,651,1474,1825 series.xlsx|Clanwilliam 1824|651
Clanwilliam,652,1475,1825 series.xlsx|Clanwilliam 1824|652
Clanwilliam,653,1476,1825 series.xlsx|Clanwilliam 1824|653
Clanwilliam,654,1477,1825 series.xlsx|Clanwilliam 1824|654
Clanwilliam,655,1478,1825 series.xlsx|Clanwilliam 1824|655
Clanwilliam,656,1479,1825 series.xlsx|Clanwilliam 1824|656
Clanwilliam,657,1480,1825 series.xlsx|Clanwilliam 1824|657
Clanwilliam,658,1481,1825 series.xlsx|Clanwilliam 1824|658
Clanwilliam,659,1482,1825 series.xlsx|Clanwilliam 1824|659
Clanwilliam,660,1483,1825 series.xlsx|Clanwilliam 1824|660
Clanwilliam,661,1484,1825 series.xlsx|Clanwilliam 1824|661
Clanwilliam,662,1485,1825 series.xlsx|Clanwilliam 1824|662
Clanwilliam,663,1486,1825 series.xlsx|Clanwilliam 1824|663
Clanwilliam,664,1487,1825 series.xlsx|Clanwilliam 1824|664
Clanwilliam,667,1488,1825 series.xlsx|Clanwilliam 1824|667
Clanwilliam,668,1489,1825 series.xlsx|Clanwilliam 1824|668
Clanwilliam,669,1490,1825 series.xlsx|Clanwilliam 1824|669
Cradock,4,1491,1825 series.xlsx|Cradock 1823|4
Cradock,5,1492,1825 series.xlsx|Cradock 1823|5
Cradock,6,1493,1825 series.xlsx|Cradock 1823|6
Cradock,7,1494,1825 series.xlsx|Cradock 1823|7
Cradock,8,1495,1825 series.xlsx|Cradock 1823|8
Cradock,9,1496,1825 series.xlsx|Cradock 1823|9
Cradock,10,1497,1825 series.xlsx|Cradock 1823|10
Cradock,11,1498,1825 series.xlsx|Cradock 1823|11
Cradock,12,1499,1825 series.xlsx|Cradock 1823|12
Cradock,13,1500,1825 series.xlsx|Cradock 1823|13
Cradock,14,1501,1825 series.xlsx|Cradock 1823|14
Cradock,15,1502,1825 series.xlsx|Cradock 1823|15
Cradock,16,1503,1825 series.xlsx|Cradock 1823|16
Cradock,17,1504,1825 series.xlsx|Cradock 1823|17
Cradock,18,1505,1825 series.xlsx|Cradock 1823|18
Cradock,19,1506,1825 series.xlsx|Cradock 1823|19
Cradock,20,1507,1825 series.xlsx|Cradock 1823|20
Cradock,21,1508,1825 series.xlsx|Cradock 1823|21
Cradock,22,1509,1825 series.xlsx|Cradock 1823|22
Cradock,23,1510,1825 series.xlsx|Cradock 1823|23
Cradock,26,1511,1825 series.xlsx|Cradock 1823|26
Cradock,27,1512,1825 series.xlsx|Cradock 1823|27
Cradock,28,1513,1825 series.xlsx|Cradock 1823|28
Cradock,29,1514,1825 series.xlsx|Cradock 1823|29
Cradock,30,1515,1825 series.xlsx|Cradock 1823|30
Cradock,31,1516,1825 series.xlsx|Cradock 1823|31
Cradock,32,1517,1825 series.xlsx|Cradock 1823|32
Cradock,33,1518,1825 series.xlsx|Cradock 1823|33
Cradock,34,1519,1825 series.xlsx|Cradock 1823|34
Cradock,35,1520,1825 series.xlsx|Cradock 1823|35
Cradock,36,1521,1825 series.xlsx|Cradock 1823|36
Cradock,37,1522,1825 series.xlsx|Cradock 1823|37
Cradock,38,1523,1825 series.xlsx|Cradock 1823|38
Cradock,39,1524,1825 series.xlsx|Cradock 1823|39
Cradock,40,1525,1825 series.xlsx|Cradock 1823|40
Cradock,41,1526,1825 series.xlsx|Cradock 1823|41
Cradock,42,1527,1825 series.xlsx|Cradock 1823|42
Cradock,43,1528,1825 series.xlsx|Cradock 1823|43
Cradock,44,1529,1825 series.xlsx|Cradock 1823|44
Cradock,47,1530,1825 series.xlsx|Cradock 1823|47
Cradock,48,1531,1825 series.xlsx|Cradock 1823|48
Cradock,49,1532,1825 series.xlsx|Cradock 1823|49
Cradock,50,1533,1825 series.xlsx|Cradock 1823|50
Cradock,51,1534,1825 series.xlsx|Cradock 1823|51
Cradock,52,1535,1825 series.xlsx|Cradock 1823|52
Cradock,53,1536,1825 series.xlsx|Cradock 1823|53
Cradock,54,1537,1825 series.xlsx|Cradock 1823|54
Cradock,55,1538,1825 series.xlsx|Cradock 1823|55
Cradock,56,1539,1825 series.xlsx|Cradock 1823|56
Cradock,57,1540,1825 series.xlsx|Cradock 1823|57
Cradock,58,1541,1825 series.xlsx|Cradock 1823|58
Cradock,59,1542,1825 series.xlsx|Cradock 1823|59
Cradock,60,1543,1825 series.xlsx|Cradock 1823|60
Cradock,61,1544,1825 series.xlsx|Cradock 1823|61
Cradock,62,1545,1825 series.xlsx|Cradock 1823|62
Cradock,63,1546,1825 series.xlsx|Cradock 1823|63
Cradock,64,1547,1825 series.xlsx|Cradock 1823|64
Cradock,65,1548,1825 series.xlsx|Cradock 1823|65
Cradock,68,1549,1825 series.xlsx|Cradock 1823|68
Cradock,69,1550,1825 series.xlsx|Cradock 1823|69
Cradock,70,1551,1825 series.xlsx|Cradock 1823|70
Cradock,71,1552,1825 series.xlsx|Cradock 1823|71
Cradock,72,1553,1825 series.xlsx|Cradock 1823|72
Cradock,73,1554,1825 series.xlsx|Cradock 1823|73
Cradock,74,1555,1825 series.xlsx|Cradock 1823|74
Cradock,75,1556,1825 series.xlsx|Cradock 1823|75
Cradock,76,1557,1825 series.xlsx|Cradock 1823|76
Cradock,77,1558,1825 series.xlsx|Cradock 1823|77
Cradock,78,1559,1825 series.xlsx|Cradock 1823|78
Cradock,79,1560,1825 series.xlsx|Cradock 1823|79
Cradock,80,1561,1825 series.xlsx|Cradock 1823|80
Cradock,81,1562,1825 series.xlsx|Cradock 1823|81
Cradock,82,1563,1825 series.xlsx|Cradock 1823|82
Cradock,83,1564,1825 series.xlsx|Cradock 1823|83
Cradock,84,1565,1825 series.xlsx|Cradock 1823|84
Cradock,85,1566,1825 series.xlsx|Cradock 1823|85
Cradock,86,1567,1825 series.xlsx|Cradock 1823|86
Cradock,89,1568,1825 series.xlsx|Cradock 1823|89
Cradock,90,1569,1825 series.xlsx|Cradock 1823|90
Cradock,91,1570,1825 series.xlsx|Cradock 1823|91
Cradock,92,1571,1825 series.xlsx|Cradock 1823|92
Cradock,93,1572,1825 series.xlsx|Cradock 1823|93
Cradock,94,1573,1825 series.xlsx|Cradock 1823|94
Cradock,95,1574,1825 series.xlsx|Cradock 1823|95
Cradock,96,1575,1825 series.xlsx|Cradock 1823|96
Cradock,97,1576,1825 series.xlsx|Cradock 1823|97
Cradock,98,1577,1825 series.xlsx|Cradock 1823|98
Cradock,99,1578,1825 series.xlsx|Cradock 1823|99
Cradock,100,1579,1825 series.xlsx|Cradock 1823|100
Cradock,101,1580,1825 series.xlsx|Cradock 1823|101
Cradock,102,1581,1825 series.xlsx|Cradock 1823|102
Cradock,103,1582,1825 series.xlsx|Cradock 1823|103
Cradock,104,1583,1825 series.xlsx|Cradock 1823|104
Cradock,105,1584,1825 series.xlsx|Cradock 1823|105
Cradock,106,1585,1825 series.xlsx|Cradock 1823|106
Cradock,110,1586,1825 series.xlsx|Cradock 1823|110
Cradock,111,1587,1825 series.xlsx|Cradock 1823|111
Cradock,112,1588,1825 series.xlsx|Cradock 1823|112
Cradock,113,1589,1825 series.xlsx|Cradock 1823|113
Cradock,114,1590,1825 series.xlsx|Cradock 1823|114
Cradock,115,1591,1825 series.xlsx|Cradock 1823|115
Cradock,116,1592,1825 series.xlsx|Cradock 1823|116
Cradock,117,1593,1825 series.xlsx|Cradock 1823|117
Cradock,118,1594,1825 series.xlsx|Cradock 1823|118
Cradock,119,1595,1825 series.xlsx|Cradock 1823|119
Cradock,120,1596,1825 series.xlsx|Cradock 1823|120
Cradock,121,1597,1825 series.xlsx|Cradock 1823|121
Cradock,122,1598,1825 series.xlsx|Cradock 1823|122
Cradock,123,1599,1825 series.xlsx|Cradock 1823|123
Cradock,124,1600,1825 series.xlsx|Cradock 1823|124
Cradock,125,1601,1825 series.xlsx|Cradock 1823|125
Cradock,126,1602,1825 series.xlsx|Cradock 1823|126
Cradock,127,1603,1825 series.xlsx|Cradock 1823|127
Cradock,128,1604,1825 series.xlsx|Cradock 1823|128
Cradock,131,1605,1825 series.xlsx|Cradock 1823|131
Cradock,132,1606,1825 series.xlsx|Cradock 1823|132
Cradock,134,1607,1825 series.xlsx|Cradock 1823|134
Cradock,135,1608,1825 series.xlsx|Cradock 1823|135
Cradock,136,1609,1825 series.xlsx|Cradock 1823|136
Cradock,137,1610,1825 series.xlsx|Cradock 1823|137
Cradock,138,1611,1825 series.xlsx|Cradock 1823|138
Cradock,139,1612,1825 series.xlsx|Cradock 1823|139
Cradock,140,1613,1825 series.xlsx|Cradock 1823|140
Cradock,141,1614,1825 series.xlsx|Cradock 1823|141
Cradock,142,1615,1825 series.xlsx|Cradock 1823|142
Cradock,143,1616,1825 series.xlsx|Cradock 1823|143
Cradock,144,1617,1825 series.xlsx|Cradock 1823|144
Cradock,145,1618,1825 series.xlsx|Cradock 1823|145
Cradock,146,1619,1825 series.xlsx|Cradock 1823|146
Cradock,147,1620,1825 series.xlsx|Cradock 1823|147
Cradock,148,1621,1825 series.xlsx|Cradock 1823|148
Cradock,149,1622,1825 series.xlsx|Cradock 1823|149
Cradock,152,1623,1825 series.xlsx|Cradock 1823|152
Cradock,153,1624,1825 series.xlsx|Cradock 1823|153
Cradock,154,1625,1825 series.xlsx|Cradock 1823|154
Cradock,155,1626,1825 series.xlsx|Cradock 1823|155
Cradock,156,1627,1825 series.xlsx|Cradock 1823|156
Cradock,157,1628,1825 series.xlsx|Cradock 1823|157
Cradock,158,1629,1825 series.xlsx|Cradock 1823|158
Cradock,159,1630,1825 series.xlsx|Cradock 1823|159
Cradock,160,1631,1825 series.xlsx|Cradock 1823|160
Cradock,161,1632,1825 series.xlsx|Cradock 1823|161
Cradock,162,1633,1825 series.xlsx|Cradock 1823|162
Cradock,163,1634,1825 series.xlsx|Cradock 1823|163
Cradock,164,1635,1825 series.xlsx|Cradock 1823|164
Cradock,165,1636,1825 series.xlsx|Cradock 1823|165
Cradock,166,1637,1825 series.xlsx|Cradock 1823|166
Cradock,167,1638,1825 series.xlsx|Cradock 1823|167
Cradock,168,1639,1825 series.xlsx|Cradock 1823|168
Cradock,169,1640,1825 series.xlsx|Cradock 1823|169
Cradock,170,1641,1825 series.xlsx|Cradock 1823|170
Cradock,173,1642,1825 series.xlsx|Cradock 1823|173
Cradock,174,1643,1825 series.xlsx|Cradock 1823|174
Cradock,175,1644,1825 series.xlsx|Cradock 1823|175
Cradock,176,1645,1825 series.xlsx|Cradock 1823|176
Cradock,177,1646,1825 series.xlsx|Cradock 1823|177
Cradock,178,1647,1825 series.xlsx|Cradock 1823|178
Cradock,179,1648,1825 series.xlsx|Cradock 1823|179
Cradock,180,1649,1825 series.xlsx|Cradock 1823|180
Cradock,181,1650,1825 series.xlsx|Cradock 1823|181
Cradock,182,1651,1825 series.xlsx|Cradock 1823|182
Cradock,183,1652,1825 series.xlsx|Cradock 1823|183
Cradock,184,1653,1825 series.xlsx|Cradock 1823|184
Cradock,185,1654,1825 series.xlsx|Cradock 1823|185
Cradock,186,1655,1825 series.xlsx|Cradock 1823|186
Cradock,187,1656,1825 series.xlsx|Cradock 1823|187
Cradock,188,1657,1825 series.xlsx|Cradock 1823|188
Cradock,189,1658,1825 series.xlsx|Cradock 1823|189
Cradock,190,1659,1825 series.xlsx|Cradock 1823|190
Cradock,191,1660,1825 series.xlsx|Cradock 1823|191
Cradock,194,1661,1825 series.xlsx|Cradock 1823|194
Cradock,195,1662,1825 series.xlsx|Cradock 1823|195
Cradock,196,1663,1825 series.xlsx|Cradock 1823|196
Cradock,197,1664,1825 series.xlsx|Cradock 1823|197
Cradock,198,1665,1825 series.xlsx|Cradock 1823|198
Cradock,199,1666,1825 series.xlsx|Cradock 1823|199
Cradock,200,1667,1825 series.xlsx|Cradock 1823|200
Cradock,201,1668,1825 series.xlsx|Cradock 1823|201
Cradock,202,1669,1825 series.xlsx|Cradock 1823|202
Cradock,203,1670,1825 series.xlsx|Cradock 1823|203
Cradock,204,1671,1825 series.xlsx|Cradock 1823|204
Cradock,205,1672,1825 series.xlsx|Cradock 1823|205
Cradock,207,1673,1825 series.xlsx|Cradock 1823|207
Cradock,210,1674,1825 series.xlsx|Cradock 1823|210
Cradock,211,1675,1825 series.xlsx|Cradock 1823|211
Cradock,212,1676,1825 series.xlsx|Cradock 1823|212
Cradock,213,1677,1825 series.xlsx|Cradock 1823|213
Cradock,214,1678,1825 series.xlsx|Cradock 1823|214
Cradock,215,1679,1825 series.xlsx|Cradock 1823|215
Cradock,216,1680,1825 series.xlsx|Cradock 1823|216
Cradock,217,1681,1825 series.xlsx|Cradock 1823|217
Cradock,218,1682,1825 series.xlsx|Cradock 1823|218
Cradock,219,1683,1825 series.xlsx|Cradock 1823|219
Cradock,220,1684,1825 series.xlsx|Cradock 1823|220
Cradock,221,1685,1825 series.xlsx|Cradock 1823|221
Cradock,222,1686,1825 series.xlsx|Cradock 1823|222
Cradock,223,1687,1825 series.xlsx|Cradock 1823|223
Cradock,224,1688,1825 series.xlsx|Cradock 1823|224
Cradock,225,1689,1825 series.xlsx|Cradock 1823|225
Cradock,226,1690,1825 series.xlsx|Cradock 1823|226
Cradock,227,1691,1825 series.xlsx|Cradock 1823|227
Cradock,228,1692,1825 series.xlsx|Cradock 1823|228
Cradock,229,1693,1825 series.xlsx|Cradock 1823|229
Cradock,232,1694,1825 series.xlsx|Cradock 1823|232
Cradock,233,1695,1825 series.xlsx|Cradock 1823|233
Cradock,234,1696,1825 series.xlsx|Cradock 1823|234
Cradock,235,1697,1825 series.xlsx|Cradock 1823|235
Cradock,236,1698,1825 series.xlsx|Cradock 1823|236
Cradock,237,1699,1825 series.xlsx|Cradock 1823|237
Cradock,238,1700,1825 series.xlsx|Cradock 1823|238
Cradock,239,1701,1825 series.xlsx|Cradock 1823|239
Cradock,240,1702,1825 series.xlsx|Cradock 1823|240
Cradock,241,1703,1825 series.xlsx|Cradock 1823|241
Cradock,242,1704,1825 series.xlsx|Cradock 1823|242
Cradock,243,1705,1825 series.xlsx|Cradock 1823|243
Cradock,244,1706,1825 series.xlsx|Cradock 1823|244
Cradock,245,1707,1825 series.xlsx|Cradock 1823|245
Cradock,246,1708,1825 series.xlsx|Cradock 1823|246
Cradock,247,1709,1825 series.xlsx|Cradock 1823|247
Cradock,248,1710,1825 series.xlsx|Cradock 1823|248
Cradock,249,1711,1825 series.xlsx|Cradock 1823|249
Cradock,250,1712,1825 series.xlsx|Cradock 1823|250
Cradock,253,1713,1825 series.xlsx|Cradock 1823|253
Cradock,254,1714,1825 series.xlsx|Cradock 1823|254
Cradock,255,1715,1825 series.xlsx|Cradock 1823|255
Cradock,256,1716,1825 series.xlsx|Cradock 1823|256
Cradock,257,1717,1825 series.xlsx|Cradock 1823|257
Cradock,258,1718,1825 series.xlsx|Cradock 1823|258
Cradock,259,1719,1825 series.xlsx|Cradock 1823|259
Cradock,260,1720,1825 series.xlsx|Cradock 1823|260
Cradock,261,1721,1825 series.xlsx|Cradock 1823|261
Cradock,262,1722,1825 series.xlsx|Cradock 1823|262
Cradock,263,1723,1825 series.xlsx|Cradock 1823|263
Cradock,264,1724,1825 series.xlsx|Cradock 1823|264
Cradock,265,1725,1825 series.xlsx|Cradock 1823|265
Cradock,266,1726,1825 series.xlsx|Cradock 1823|266
Cradock,267,1727,1825 series.xlsx|Cradock 1823|267
Cradock,268,1728,1825 series.xlsx|Cradock 1823|268
Cradock,269,1729,1825 series.xlsx|Cradock 1823|269
Cradock,270,1730,1825 series.xlsx|Cradock 1823|270
Cradock,271,1731,1825 series.xlsx|Cradock 1823|271
Cradock,274,1732,1825 series.xlsx|Cradock 1823|274
Cradock,275,1733,1825 series.xlsx|Cradock 1823|275
Cradock,276,1734,1825 series.xlsx|Cradock 1823|276
Cradock,277,1735,1825 series.xlsx|Cradock 1823|277
Cradock,278,1736,1825 series.xlsx|Cradock 1823|278
Cradock,279,1737,1825 series.xlsx|Cradock 1823|279
Cradock,280,1738,1825 series.xlsx|Cradock 1823|280
Cradock,281,1739,1825 series.xlsx|Cradock 1823|281
Cradock,282,1740,1825 series.xlsx|Cradock 1823|282
Cradock,283,1741,1825 series.xlsx|Cradock 1823|283
Cradock,284,1742,1825 series.xlsx|Cradock 1823|284
Cradock,285,1743,1825 series.xlsx|Cradock 1823|285
Cradock,286,1744,1825 series.xlsx|Cradock 1823|286
Cradock,287,1745,1825 series.xlsx|Cradock 1823|287
Cradock,288,1746,1825 series.xlsx|Cradock 1823|288
Cradock,289,1747,1825 series.xlsx|Cradock 1823|289
Cradock,290,1748,1825 series.xlsx|Cradock 1823|290
Cradock,291,1749,1825 series.xlsx|Cradock 1823|291
Cradock,292,1750,1825 series.xlsx|Cradock 1823|292
Cradock,295,1751,1825 series.xlsx|Cradock 1823|295
Cradock,296,1752,1825 series.xlsx|Cradock 1823|296
Cradock,297,1753,1825 series.xlsx|Cradock 1823|297
Cradock,298,1754,1825 series.xlsx|Cradock 1823|298
Cradock,299,1755,1825 series.xlsx|Cradock 1823|299
Cradock,300,1756,1825 series.xlsx|Cradock 1823|300
Cradock,301,1757,1825 series.xlsx|Cradock 1823|301
Cradock,302,1758,1825 series.xlsx|Cradock 1823|302
Cradock,303,1759,1825 series.xlsx|Cradock 1823|303
Cradock,304,1760,1825 series.xlsx|Cradock 1823|304
Cradock,305,1761,1825 series.xlsx|Cradock 1823|305
Cradock,306,1762,1825 series.xlsx|Cradock 1823|306
Cradock,308,1763,1825 series.xlsx|Cradock 1823|308
Cradock,309,1764,1825 series.xlsx|Cradock 1823|309
Cradock,310,1765,1825 series.xlsx|Cradock 1823|310
Cradock,311,1766,1825 series.xlsx|Cradock 1823|311
Cradock,312,1767,1825 series.xlsx|Cradock 1823|312
Cradock,313,1768,1825 series.xlsx|Cradock 1823|313
Cradock,316,1769,1825 series.xlsx|Cradock 1823|316
Cradock,317,1770,1825 series.xlsx|Cradock 1823|317
Cradock,318,1771,1825 series.xlsx|Cradock 1823|318
Cradock,319,1772,1825 series.xlsx|Cradock 1823|319
Cradock,320,1773,1825 series.xlsx|Cradock 1823|320
Cradock,321,1774,1825 series.xlsx|Cradock 1823|321
Cradock,322,1775,1825 series.xlsx|Cradock 1823|322
Cradock,323,1776,1825 series.xlsx|Cradock 1823|323
Cradock,324,1777,1825 series.xlsx|Cradock 1823|324
Cradock,325,1778,1825 series.xlsx|Cradock 1823|325
Cradock,326,1779,1825 series.xlsx|Cradock 1823|326
Cradock,327,1780,1825 series.xlsx|Cradock 1823|327
Cradock,328,1781,1825 series.xlsx|Cradock 1823|328
Cradock,329,1782,1825 series.xlsx|Cradock 1823|329
Cradock,330,1783,1825 series.xlsx|Cradock 1823|330
Cradock,331,1784,1825 series.xlsx|Cradock 1823|331
Cradock,332,1785,1825 series.xlsx|Cradock 1823|332
Cradock,333,1786,1825 series.xlsx|Cradock 1823|333
Cradock,334,1787,1825 series.xlsx|Cradock 1823|334
Cradock,337,1788,1825 series.xlsx|Cradock 1823|337
Cradock,338,1789,1825 series.xlsx|Cradock 1823|338
Cradock,339,1790,1825 series.xlsx|Cradock 1823|339
Cradock,340,1791,1825 series.xlsx|Cradock 1823|340
Cradock,341,1792,1825 series.xlsx|Cradock 1823|341
Cradock,342,1793,1825 series.xlsx|Cradock 1823|342
Cradock,343,1794,1825 series.xlsx|Cradock 1823|343
Cradock,344,1795,1825 series.xlsx|Cradock 1823|344
Cradock,345,1796,1825 series.xlsx|Cradock 1823|345
Cradock,346,1797,1825 series.xlsx|Cradock 1823|346
Cradock,347,1798,1825 series.xlsx|Cradock 1823|347
Cradock,348,1799,1825 series.xlsx|Cradock 1823|348
Cradock,349,1800,1825 series.xlsx|Cradock 1823|349
Cradock,350,1801,1825 series.xlsx|Cradock 1823|350
Cradock,351,1802,1825 series.xlsx|Cradock 1823|351
Cradock,352,1803,1825 series.xlsx|Cradock 1823|352
Cradock,353,1804,1825 series.xlsx|Cradock 1823|353
Cradock,354,1805,1825 series.xlsx|Cradock 1823|354
Cradock,355,1806,1825 series.xlsx|Cradock 1823|355
Cradock,358,1807,1825 series.xlsx|Cradock 1823|358
Cradock,359,1808,1825 series.xlsx|Cradock 1823|359
Cradock,360,1809,1825 series.xlsx|Cradock 1823|360
Cradock,361,1810,1825 series.xlsx|Cradock 1823|361
Cradock,362,1811,1825 series.xlsx|Cradock 1823|362
Cradock,363,1812,1825 series.xlsx|Cradock 1823|363
Cradock,364,1813,1825 series.xlsx|Cradock 1823|364
Cradock,365,1814,1825 series.xlsx|Cradock 1823|365
Cradock,366,1815,1825 series.xlsx|Cradock 1823|366
Cradock,367,1816,1825 series.xlsx|Cradock 1823|367
Cradock,368,1817,1825 series.xlsx|Cradock 1823|368
Cradock,369,1818,1825 series.xlsx|Cradock 1823|369
Cradock,370,1819,1825 series.xlsx|Cradock 1823|370
Cradock,371,1820,1825 series.xlsx|Cradock 1823|371
Cradock,372,1821,1825 series.xlsx|Cradock 1823|372
Cradock,373,1822,1825 series.xlsx|Cradock 1823|373
Cradock,374,1823,1825 series.xlsx|Cradock 1823|374
Cradock,375,1824,1825 series.xlsx|Cradock 1823|375
Cradock,376,1825,1825 series.xlsx|Cradock 1823|376
Cradock,377,1826,1825 series.xlsx|Cradock 1823|377
Cradock,380,1827,1825 series.xlsx|Cradock 1823|380
Cradock,381,1828,1825 series.xlsx|Cradock 1823|381
Cradock,382,1829,1825 series.xlsx|Cradock 1823|382
Cradock,383,1830,1825 series.xlsx|Cradock 1823|383
Cradock,384,1831,1825 series.xlsx|Cradock 1823|384
Cradock,385,1832,1825 series.xlsx|Cradock 1823|385
Cradock,386,1833,1825 series.xlsx|Cradock 1823|386
Cradock,387,1834,1825 series.xlsx|Cradock 1823|387
Cradock,388,1835,1825 series.xlsx|Cradock 1823|388
Cradock,389,1836,1825 series.xlsx|Cradock 1823|389
Cradock,390,1837,1825 series.xlsx|Cradock 1823|390
Cradock,391,1838,1825 series.xlsx|Cradock 1823|391
Cradock,392,1839,1825 series.xlsx|Cradock 1823|392
Cradock,393,1840,1825 series.xlsx|Cradock 1823|393
Cradock,394,1841,1825 series.xlsx|Cradock 1823|394
Cradock,395,1842,1825 series.xlsx|Cradock 1823|395
Cradock,396,1843,1825 series.xlsx|Cradock 1823|396
Cradock,397,1844,1825 series.xlsx|Cradock 1823|397
Cradock,398,1845,1825 series.xlsx|Cradock 1823|398
Cradock,401,1846,1825 series.xlsx|Cradock 1823|401
Cradock,402,1847,1825 series.xlsx|Cradock 1823|402
Cradock,403,1848,1825 series.xlsx|Cradock 1823|403
Cradock,404,1849,1825 series.xlsx|Cradock 1823|404
Cradock,405,1850,1825 series.xlsx|Cradock 1823|405
Cradock,406,1851,1825 series.xlsx|Cradock 1823|406
Cradock,407,1852,1825 series.xlsx|Cradock 1823|407
Cradock,408,1853,1825 series.xlsx|Cradock 1823|408
Cradock,409,1854,1825 series.xlsx|Cradock 1823|409
Cradock,410,1855,1825 series.xlsx|Cradock 1823|410
Cradock,411,1856,1825 series.xlsx|Cradock 1823|411
Cradock,412,1857,1825 series.xlsx|Cradock 1823|412
Cradock,413,1858,1825 series.xlsx|Cradock 1823|413
Cradock,414,1859,1825 series.xlsx|Cradock 1823|414
Cradock,415,1860,1825 series.xlsx|Cradock 1823|415
Cradock,416,1861,1825 series.xlsx|Cradock 1823|416
Cradock,417,1862,1825 series.xlsx|Cradock 1823|417
Cradock,418,1863,1825 series.xlsx|Cradock 1823|418
Cradock,419,1864,1825 series.xlsx|Cradock 1823|419
Cradock,422,1865,1825 series.xlsx|Cradock 1823|422
Cradock,423,1866,1825 series.xlsx|Cradock 1823|423
Cradock,424,1867,1825 series.xlsx|Cradock 1823|424
Cradock,425,1868,1825 series.xlsx|Cradock 1823|425
Cradock,426,1869,1825 series.xlsx|Cradock 1823|426
Cradock,427,1870,1825 series.xlsx|Cradock 1823|427
Cradock,428,1871,1825 series.xlsx|Cradock 1823|428
Cradock,429,1872,1825 series.xlsx|Cradock 1823|429
Cradock,430,1873,1825 series.xlsx|Cradock 1823|430
Cradock,431,1874,1825 series.xlsx|Cradock 1823|431
Cradock,432,1875,1825 series.xlsx|Cradock 1823|432
Cradock,433,1876,1825 series.xlsx|Cradock 1823|433
Cradock,434,1877,1825 series.xlsx|Cradock 1823|434
Cradock,435,1878,1825 series.xlsx|Cradock 1823|435
Cradock,436,1879,1825 series.xlsx|Cradock 1823|436
Cradock,437,1880,1825 series.xlsx|Cradock 1823|437
Cradock,438,1881,1825 series.xlsx|Cradock 1823|438
Cradock,439,1882,1825 series.xlsx|Cradock 1823|439
Cradock,440,1883,1825 series.xlsx|Cradock 1823|440
Cradock,443,1884,1825 series.xlsx|Cradock 1823|443
Cradock,444,1885,1825 series.xlsx|Cradock 1823|444
Cradock,445,1886,1825 series.xlsx|Cradock 1823|445
Cradock,446,1887,1825 series.xlsx|Cradock 1823|446
Cradock,447,1888,1825 series.xlsx|Cradock 1823|447
Cradock,448,1889,1825 series.xlsx|Cradock 1823|448
Cradock,449,1890,1825 series.xlsx|Cradock 1823|449
Cradock,450,1891,1825 series.xlsx|Cradock 1823|450
Cradock,451,1892,1825 series.xlsx|Cradock 1823|451
Cradock,452,1893,1825 series.xlsx|Cradock 1823|452
Cradock,453,1894,1825 series.xlsx|Cradock 1823|453
Cradock,454,1895,1825 series.xlsx|Cradock 1823|454
Cradock,455,1896,1825 series.xlsx|Cradock 1823|455
Cradock,456,1897,1825 series.xlsx|Cradock 1823|456
Cradock,457,1898,1825 series.xlsx|Cradock 1823|457
Cradock,458,1899,1825 series.xlsx|Cradock 1823|458
Cradock,459,1900,1825 series.xlsx|Cradock 1823|459
Cradock,460,1901,1825 series.xlsx|Cradock 1823|460
Cradock,461,1902,1825 series.xlsx|Cradock 1823|461
Cradock,464,1903,1825 series.xlsx|Cradock 1823|464
Cradock,465,1904,1825 series.xlsx|Cradock 1823|465
Cradock,466,1905,1825 series.xlsx|Cradock 1823|466
Cradock,467,1906,1825 series.xlsx|Cradock 1823|467
Cradock,468,1907,1825 series.xlsx|Cradock 1823|468
Cradock,469,1908,1825 series.xlsx|Cradock 1823|469
Cradock,470,1909,1825 series.xlsx|Cradock 1823|470
Cradock,471,1910,1825 series.xlsx|Cradock 1823|471
Cradock,472,1911,1825 series.xlsx|Cradock 1823|472
Cradock,473,1912,1825 series.xlsx|Cradock 1823|473
Cradock,474,1913,1825 series.xlsx|Cradock 1823|474
Cradock,475,1914,1825 series.xlsx|Cradock 1823|475
Cradock,476,1915,1825 series.xlsx|Cradock 1823|476
Cradock,477,1916,1825 series.xlsx|Cradock 1823|477
Cradock,478,1917,1825 series.xlsx|Cradock 1823|478
Cradock,479,1918,1825 series.xlsx|Cradock 1823|479
Cradock,480,1919,1825 series.xlsx|Cradock 1823|480
Cradock,481,1920,1825 series.xlsx|Cradock 1823|481
Cradock,482,1921,1825 series.xlsx|Cradock 1823|482
Cradock,485,1922,1825 series.xlsx|Cradock 1823|485
Cradock,486,1923,1825 series.xlsx|Cradock 1823|486
Cradock,487,1924,1825 series.xlsx|Cradock 1823|487
Cradock,488,1925,1825 series.xlsx|Cradock 1823|488
Cradock,489,1926,1825 series.xlsx|Cradock 1823|489
Cradock,490,1927,1825 series.xlsx|Cradock 1823|490
Cradock,491,1928,1825 series.xlsx|Cradock 1823|491
Cradock,492,1929,1825 series.xlsx|Cradock 1823|492
Cradock,493,1930,1825 series.xlsx|Cradock 1823|493
Cradock,494,1931,1825 series.xlsx|Cradock 1823|494
Cradock,495,1932,1825 series.xlsx|Cradock 1823|495
Cradock,496,1933,1825 series.xlsx|Cradock 1823|496
Cradock,497,1934,1825 series.xlsx|Cradock 1823|497
Cradock,498,1935,1825 series.xlsx|Cradock 1823|498
Cradock,499,1936,1825 series.xlsx|Cradock 1823|499
Cradock,500,1937,1825 series.xlsx|Cradock 1823|500
Cradock,501,1938,1825 series.xlsx|Cradock 1823|501
Cradock,502,1939,1825 series.xlsx|Cradock 1823|502
Cradock,503,1940,1825 series.xlsx|Cradock 1823|503
Cradock,506,1941,1825 series.xlsx|Cradock 1823|506
Cradock,507,1942,1825 series.xlsx|Cradock 1823|507
Cradock,508,1943,1825 series.xlsx|Cradock 1823|508
Cradock,509,1944,1825 series.xlsx|Cradock 1823|509
Cradock,510,1945,1825 series.xlsx|Cradock 1823|510
Cradock,511,1946,1825 series.xlsx|Cradock 1823|511
Cradock,512,1947,1825 series.xlsx|Cradock 1823|512
Cradock,513,1948,1825 series.xlsx|Cradock 1823|513
Cradock,514,1949,1825 series.xlsx|Cradock 1823|514
Cradock,515,1950,1825 series.xlsx|Cradock 1823|515
Cradock,516,1951,1825 series.xlsx|Cradock 1823|516
Cradock,517,1952,1825 series.xlsx|Cradock 1823|517
Cradock,518,1953,1825 series.xlsx|Cradock 1823|518
Cradock,519,1954,1825 series.xlsx|Cradock 1823|519
Cradock,520,1955,1825 series.xlsx|Cradock 1823|520
Cradock,521,1956,1825 series.xlsx|Cradock 1823|521
Cradock,522,1957,1825 series.xlsx|Cradock 1823|522
Cradock,523,1958,1825 series.xlsx|Cradock 1823|523
Cradock,524,1959,1825 series.xlsx|Cradock 1823|524
Cradock,527,1960,1825 series.xlsx|Cradock 1823|527
Cradock,528,1961,1825 series.xlsx|Cradock 1823|528
Cradock,529,1962,1825 series.xlsx|Cradock 1823|529
Cradock,530,1963,1825 series.xlsx|Cradock 1823|530
Cradock,531,1964,1825 series.xlsx|Cradock 1823|531
Cradock,532,1965,1825 series.xlsx|Cradock 1823|532
Cradock,533,1966,1825 series.xlsx|Cradock 1823|533
Cradock,534,1967,1825 series.xlsx|Cradock 1823|534
Cradock,535,1968,1825 series.xlsx|Cradock 1823|535
Cradock,536,1969,1825 series.xlsx|Cradock 1823|536
Cradock,537,1970,1825 series.xlsx|Cradock 1823|537
Cradock,538,1971,1825 series.xlsx|Cradock 1823|538
Cradock,539,1972,1825 series.xlsx|Cradock 1823|539
Cradock,540,1973,1825 series.xlsx|Cradock 1823|540
Cradock,541,1974,1825 series.xlsx|Cradock 1823|541
Cradock,542,1975,1825 series.xlsx|Cradock 1823|542
Cradock,543,1976,1825 series.xlsx|Cradock 1823|543
Cradock,544,1977,1825 series.xlsx|Cradock 1823|544
Cradock,545,1978,1825 series.xlsx|Cradock 1823|545
Cradock,548,1979,1825 series.xlsx|Cradock 1823|548
Cradock,549,1980,1825 series.xlsx|Cradock 1823|549
Cradock,550,1981,1825 series.xlsx|Cradock 1823|550
Cradock,551,1982,1825 series.xlsx|Cradock 1823|551
Cradock,552,1983,1825 series.xlsx|Cradock 1823|552
Cradock,553,1984,1825 series.xlsx|Cradock 1823|553
Cradock,554,1985,1825 series.xlsx|Cradock 1823|554
Cradock,555,1986,1825 series.xlsx|Cradock 1823|555
Cradock,556,1987,1825 series.xlsx|Cradock 1823|556
Cradock,557,1988,1825 series.xlsx|Cradock 1823|557
Cradock,558,1989,1825 series.xlsx|Cradock 1823|558
Cradock,559,1990,1825 series.xlsx|Cradock 1823|559
Cradock,560,1991,1825 series.xlsx|Cradock 1823|560
Cradock,561,1992,1825 series.xlsx|Cradock 1823|561
Cradock,562,1993,1825 series.xlsx|Cradock 1823|562
Cradock,563,1994,1825 series.xlsx|Cradock 1823|563
Cradock,564,1995,1825 series.xlsx|Cradock 1823|564
Cradock,565,1996,1825 series.xlsx|Cradock 1823|565
Cradock,566,1997,1825 series.xlsx|Cradock 1823|566
Cradock,569,1998,1825 series.xlsx|Cradock 1823|569
Cradock,570,1999,1825 series.xlsx|Cradock 1823|570
Cradock,571,2000,1825 series.xlsx|Cradock 1823|571
Cradock,572,2001,1825 series.xlsx|Cradock 1823|572
Cradock,573,2002,1825 series.xlsx|Cradock 1823|573
Cradock,574,2003,1825 series.xlsx|Cradock 1823|574
Cradock,575,2004,1825 series.xlsx|Cradock 1823|575
Cradock,576,2005,1825 series.xlsx|Cradock 1823|576
Cradock,577,2006,1825 series.xlsx|Cradock 1823|577
Cradock,578,2007,1825 series.xlsx|Cradock 1823|578
Cradock,579,2008,1825 series.xlsx|Cradock 1823|579
Cradock,580,2009,1825 series.xlsx|Cradock 1823|580
Cradock,581,2010,1825 series.xlsx|Cradock 1823|581
Cradock,582,2011,1825 series.xlsx|Cradock 1823|582
Cradock,583,2012,1825 series.xlsx|Cradock 1823|583
Cradock,584,2013,1825 series.xlsx|Cradock 1823|584
Cradock,585,2014,1825 series.xlsx|Cradock 1823|585
Cradock,586,2015,1825 series.xlsx|Cradock 1823|586
Cradock,587,2016,1825 series.xlsx|Cradock 1823|587
Cradock,590,2017,1825 series.xlsx|Cradock 1823|590
Cradock,591,2018,1825 series.xlsx|Cradock 1823|591
Cradock,592,2019,1825 series.xlsx|Cradock 1823|592
Cradock,593,2020,1825 series.xlsx|Cradock 1823|593
Cradock,594,2021,1825 series.xlsx|Cradock 1823|594
Cradock,595,2022,1825 series.xlsx|Cradock 1823|595
Cradock,596,2023,1825 series.xlsx|Cradock 1823|596
Cradock,597,2024,1825 series.xlsx|Cradock 1823|597
Cradock,598,2025,1825 series.xlsx|Cradock 1823|598
Cradock,599,2026,1825 series.xlsx|Cradock 1823|599
Cradock,600,2027,1825 series.xlsx|Cradock 1823|600
Cradock,601,2028,1825 series.xlsx|Cradock 1823|601
Cradock,602,2029,1825 series.xlsx|Cradock 1823|602
Cradock,603,2030,1825 series.xlsx|Cradock 1823|603
Cradock,604,2031,1825 series.xlsx|Cradock 1823|604
Cradock,605,2032,1825 series.xlsx|Cradock 1823|605
Cradock,606,2033,1825 series.xlsx|Cradock 1823|606
Cradock,607,2034,1825 series.xlsx|Cradock 1823|607
Cradock,608,2035,1825 series.xlsx|Cradock 1823|608
Cradock,611,2036,1825 series.xlsx|Cradock 1823|611
Cradock,612,2037,1825 series.xlsx|Cradock 1823|612
Cradock,613,2038,1825 series.xlsx|Cradock 1823|613
Cradock,614,2039,1825 series.xlsx|Cradock 1823|614
Cradock,615,2040,1825 series.xlsx|Cradock 1823|615
Cradock,616,2041,1825 series.xlsx|Cradock 1823|616
Cradock,617,2042,1825 series.xlsx|Cradock 1823|617
Cradock,618,2043,1825 series.xlsx|Cradock 1823|618
Cradock,619,2044,1825 series.xlsx|Cradock 1823|619
Cradock,622,2045,1825 series.xlsx|Cradock 1823|622
Cradock,623,2046,1825 series.xlsx|Cradock 1823|623
Cradock,624,2047,1825 series.xlsx|Cradock 1823|624
Cradock,625,2048,1825 series.xlsx|Cradock 1823|625
Cradock,626,2049,1825 series.xlsx|Cradock 1823|626
Cradock,627,2050,1825 series.xlsx|Cradock 1823|627
Cradock,628,2051,1825 series.xlsx|Cradock 1823|628
Cradock,629,2052,1825 series.xlsx|Cradock 1823|629
Cradock,630,2053,1825 series.xlsx|Cradock 1823|630
Cradock,631,2054,1825 series.xlsx|Cradock 1823|631
Cradock,632,2055,1825 series.xlsx|Cradock 1823|632
Cradock,633,2056,1825 series.xlsx|Cradock 1823|633
Cradock,634,2057,1825 series.xlsx|Cradock 1823|634
Cradock,635,2058,1825 series.xlsx|Cradock 1823|635
Cradock,636,2059,1825 series.xlsx|Cradock 1823|636
Cradock,637,2060,1825 series.xlsx|Cradock 1823|637
Cradock,638,2061,1825 series.xlsx|Cradock 1823|638
Cradock,639,2062,1825 series.xlsx|Cradock 1823|639
Cradock,640,2063,1825 series.xlsx|Cradock 1823|640
Cradock,641,2064,1825 series.xlsx|Cradock 1823|641
Cradock,644,2065,1825 series.xlsx|Cradock 1823|644
Cradock,645,2066,1825 series.xlsx|Cradock 1823|645
Cradock,646,2067,1825 series.xlsx|Cradock 1823|646
Cradock,647,2068,1825 series.xlsx|Cradock 1823|647
Cradock,648,2069,1825 series.xlsx|Cradock 1823|648
Cradock,649,2070,1825 series.xlsx|Cradock 1823|649
Cradock,650,2071,1825 series.xlsx|Cradock 1823|650
Cradock,651,2072,1825 series.xlsx|Cradock 1823|651
Cradock,652,2073,1825 series.xlsx|Cradock 1823|652
Cradock,653,2074,1825 series.xlsx|Cradock 1823|653
Cradock,654,2075,1825 series.xlsx|Cradock 1823|654
Cradock,655,2076,1825 series.xlsx|Cradock 1823|655
Cradock,656,2077,1825 series.xlsx|Cradock 1823|656
Cradock,657,2078,1825 series.xlsx|Cradock 1823|657
Cradock,658,2079,1825 series.xlsx|Cradock 1823|658
Cradock,659,2080,1825 series.xlsx|Cradock 1823|659
Cradock,660,2081,1825 series.xlsx|Cradock 1823|660
Cradock,661,2082,1825 series.xlsx|Cradock 1823|661
Cradock,662,2083,1825 series.xlsx|Cradock 1823|662
Cradock,665,2084,1825 series.xlsx|Cradock 1823|665
Cradock,666,2085,1825 series.xlsx|Cradock 1823|666
Cradock,667,2086,1825 series.xlsx|Cradock 1823|667
Cradock,668,2087,1825 series.xlsx|Cradock 1823|668
Cradock,669,2088,1825 series.xlsx|Cradock 1823|669
Cradock,670,2089,1825 series.xlsx|Cradock 1823|670
Cradock,671,2090,1825 series.xlsx|Cradock 1823|671
Cradock,672,2091,1825 series.xlsx|Cradock 1823|672
Cradock,673,2092,1825 series.xlsx|Cradock 1823|673
Cradock,674,2093,1825 series.xlsx|Cradock 1823|674
Cradock,675,2094,1825 series.xlsx|Cradock 1823|675
Cradock,676,2095,1825 series.xlsx|Cradock 1823|676
Cradock,677,2096,1825 series.xlsx|Cradock 1823|677
Cradock,678,2097,1825 series.xlsx|Cradock 1823|678
Cradock,679,2098,1825 series.xlsx|Cradock 1823|679
Cradock,680,2099,1825 series.xlsx|Cradock 1823|680
Cradock,681,2100,1825 series.xlsx|Cradock 1823|681
Cradock,682,2101,1825 series.xlsx|Cradock 1823|682
Cradock,683,2102,1825 series.xlsx|Cradock 1823|683
Cradock,686,2103,1825 series.xlsx|Cradock 1823|686
Cradock,687,2104,1825 series.xlsx|Cradock 1823|687
Cradock,688,2105,1825 series.xlsx|Cradock 1823|688
Cradock,689,2106,1825 series.xlsx|Cradock 1823|689
Cradock,690,2107,1825 series.xlsx|Cradock 1823|690
Cradock,691,2108,1825 series.xlsx|Cradock 1823|691
Cradock,692,2109,1825 series.xlsx|Cradock 1823|692
Cradock,693,2110,1825 series.xlsx|Cradock 1823|693
Cradock,694,2111,1825 series.xlsx|Cradock 1823|694
Cradock,695,2112,1825 series.xlsx|Cradock 1823|695
Cradock,696,2113,1825 series.xlsx|Cradock 1823|696
Cradock,697,2114,1825 series.xlsx|Cradock 1823|697
Cradock,698,2115,1825 series.xlsx|Cradock 1823|698
Cradock,699,2116,1825 series.xlsx|Cradock 1823|699
Cradock,700,2117,1825 series.xlsx|Cradock 1823|700
Cradock,701,2118,1825 series.xlsx|Cradock 1823|701
Cradock,702,2119,1825 series.xlsx|Cradock 1823|702
Cradock,703,2120,1825 series.xlsx|Cradock 1823|703
Cradock,704,2121,1825 series.xlsx|Cradock 1823|704
Cradock,707,2122,1825 series.xlsx|Cradock 1823|707
Cradock,708,2123,1825 series.xlsx|Cradock 1823|708
Cradock,709,2124,1825 series.xlsx|Cradock 1823|709
Cradock,710,2125,1825 series.xlsx|Cradock 1823|710
Cradock,711,2126,1825 series.xlsx|Cradock 1823|711
Cradock,712,2127,1825 series.xlsx|Cradock 1823|712
Cradock,713,2128,1825 series.xlsx|Cradock 1823|713
Cradock,714,2129,1825 series.xlsx|Cradock 1823|714
Cradock,715,2130,1825 series.xlsx|Cradock 1823|715
Cradock,716,2131,1825 series.xlsx|Cradock 1823|716
Cradock,717,2132,1825 series.xlsx|Cradock 1823|717
Cradock,718,2133,1825 series.xlsx|Cradock 1823|718
Cradock,719,2134,1825 series.xlsx|Cradock 1823|719
Cradock,720,2135,1825 series.xlsx|Cradock 1823|720
Cradock,721,2136,1825 series.xlsx|Cradock 1823|721
Cradock,722,2137,1825 series.xlsx|Cradock 1823|722
Cradock,723,2138,1825 series.xlsx|Cradock 1823|723
Cradock,724,2139,1825 series.xlsx|Cradock 1823|724
Cradock,725,2140,1825 series.xlsx|Cradock 1823|725
Cradock,728,2141,1825 series.xlsx|Cradock 1823|728
Cradock,729,2142,1825 series.xlsx|Cradock 1823|729
Cradock,730,2143,1825 series.xlsx|Cradock 1823|730
Cradock,731,2144,1825 series.xlsx|Cradock 1823|731
Cradock,732,2145,1825 series.xlsx|Cradock 1823|732
Cradock,733,2146,1825 series.xlsx|Cradock 1823|733
Cradock,736,2147,1825 series.xlsx|Cradock 1823|736
Cradock,737,2148,1825 series.xlsx|Cradock 1823|737
Cradock,738,2149,1825 series.xlsx|Cradock 1823|738
Cradock,739,2150,1825 series.xlsx|Cradock 1823|739
Cradock,740,2151,1825 series.xlsx|Cradock 1823|740
Cradock,741,2152,1825 series.xlsx|Cradock 1823|741
Cradock,742,2153,1825 series.xlsx|Cradock 1823|742
Cradock,743,2154,1825 series.xlsx|Cradock 1823|743
Cradock,744,2155,1825 series.xlsx|Cradock 1823|744
Cradock,745,2156,1825 series.xlsx|Cradock 1823|745
Cradock,746,2157,1825 series.xlsx|Cradock 1823|746
Cradock,747,2158,1825 series.xlsx|Cradock 1823|747
Cradock,748,2159,1825 series.xlsx|Cradock 1823|748
Cradock,749,2160,1825 series.xlsx|Cradock 1823|749
Cradock,750,2161,1825 series.xlsx|Cradock 1823|750
Cradock,751,2162,1825 series.xlsx|Cradock 1823|751
Cradock,752,2163,1825 series.xlsx|Cradock 1823|752
Cradock,753,2164,1825 series.xlsx|Cradock 1823|753
Cradock,754,2165,1825 series.xlsx|Cradock 1823|754
Cradock,755,2166,1825 series.xlsx|Cradock 1823|755
Cradock,758,2167,1825 series.xlsx|Cradock 1823|758
Cradock,759,2168,1825 series.xlsx|Cradock 1823|759
Cradock,760,2169,1825 series.xlsx|Cradock 1823|760
Cradock,761,2170,1825 series.xlsx|Cradock 1823|761
Cradock,762,2171,1825 series.xlsx|Cradock 1823|762
Cradock,763,2172,1825 series.xlsx|Cradock 1823|763
Cradock,764,2173,1825 series.xlsx|Cradock 1823|764
Cradock,765,2174,1825 series.xlsx|Cradock 1823|765
Cradock,766,2175,1825 series.xlsx|Cradock 1823|766
Cradock,767,2176,1825 series.xlsx|Cradock 1823|767
Cradock,768,2177,1825 series.xlsx|Cradock 1823|768
Cradock,769,2178,1825 series.xlsx|Cradock 1823|769
Cradock,770,2179,1825 series.xlsx|Cradock 1823|770
Cradock,771,2180,1825 series.xlsx|Cradock 1823|771
Cradock,772,2181,1825 series.xlsx|Cradock 1823|772
Cradock,773,2182,1825 series.xlsx|Cradock 1823|773
Cradock,774,2183,1825 series.xlsx|Cradock 1823|774
Cradock,775,2184,1825 series.xlsx|Cradock 1823|775
Cradock,776,2185,1825 series.xlsx|Cradock 1823|776
Cradock,779,2186,1825 series.xlsx|Cradock 1823|779
Cradock,780,2187,1825 series.xlsx|Cradock 1823|780
Cradock,781,2188,1825 series.xlsx|Cradock 1823|781
Cradock,782,2189,1825 series.xlsx|Cradock 1823|782
Cradock,783,2190,1825 series.xlsx|Cradock 1823|783
Cradock,784,2191,1825 series.xlsx|Cradock 1823|784
Cradock,785,2192,1825 series.xlsx|Cradock 1823|785
Cradock,786,2193,1825 series.xlsx|Cradock 1823|786
Cradock,787,2194,1825 series.xlsx|Cradock 1823|787
Cradock,788,2195,1825 series.xlsx|Cradock 1823|788
Cradock,789,2196,1825 series.xlsx|Cradock 1823|789
Cradock,790,2197,1825 series.xlsx|Cradock 1823|790
Cradock,791,2198,1825 series.xlsx|Cradock 1823|791
Cradock,792,2199,1825 series.xlsx|Cradock 1823|792
Cradock,793,2200,1825 series.xlsx|Cradock 1823|793
Cradock,794,2201,1825 series.xlsx|Cradock 1823|794
Cradock,795,2202,1825 series.xlsx|Cradock 1823|795
Cradock,796,2203,1825 series.xlsx|Cradock 1823|796
Cradock,797,2204,1825 series.xlsx|Cradock 1823|797
Cradock,800,2205,1825 series.xlsx|Cradock 1823|800
Cradock,801,2206,1825 series.xlsx|Cradock 1823|801
Cradock,802,2207,1825 series.xlsx|Cradock 1823|802
Cradock,803,2208,1825 series.xlsx|Cradock 1823|803
Cradock,804,2209,1825 series.xlsx|Cradock 1823|804
Cradock,805,2210,1825 series.xlsx|Cradock 1823|805
Cradock,806,2211,1825 series.xlsx|Cradock 1823|806
Cradock,807,2212,1825 series.xlsx|Cradock 1823|807
Cradock,808,2213,1825 series.xlsx|Cradock 1823|808
Cradock,809,2214,1825 series.xlsx|Cradock 1823|809
Cradock,810,2215,1825 series.xlsx|Cradock 1823|810
Cradock,811,2216,1825 series.xlsx|Cradock 1823|811
Cradock,812,2217,1825 series.xlsx|Cradock 1823|812
Cradock,813,2218,1825 series.xlsx|Cradock 1823|813
Cradock,814,2219,1825 series.xlsx|Cradock 1823|814
Cradock,815,2220,1825 series.xlsx|Cradock 1823|815
Cradock,816,2221,1825 series.xlsx|Cradock 1823|816
Cradock,817,2222,1825 series.xlsx|Cradock 1823|817
Cradock,818,2223,1825 series.xlsx|Cradock 1823|818
Cradock,821,2224,1825 series.xlsx|Cradock 1823|821
Cradock,822,2225,1825 series.xlsx|Cradock 1823|822
Cradock,823,2226,1825 series.xlsx|Cradock 1823|823
Cradock,824,2227,1825 series.xlsx|Cradock 1823|824
Cradock,825,2228,1825 series.xlsx|Cradock 1823|825
Cradock,826,2229,1825 series.xlsx|Cradock 1823|826
Cradock,827,2230,1825 series.xlsx|Cradock 1823|827
Cradock,828,2231,1825 series.xlsx|Cradock 1823|828
Cradock,829,2232,1825 series.xlsx|Cradock 1823|829
Cradock,830,2233,1825 series.xlsx|Cradock 1823|830
Cradock,831,2234,1825 series.xlsx|Cradock 1823|831
Cradock,832,2235,1825 series.xlsx|Cradock 1823|832
Cradock,833,2236,1825 series.xlsx|Cradock 1823|833
Cradock,834,2237,1825 series.xlsx|Cradock 1823|834
Cradock,835,2238,1825 series.xlsx|Cradock 1823|835
Cradock,836,2239,1825 series.xlsx|Cradock 1823|836
Cradock,837,2240,1825 series.xlsx|Cradock 1823|837
Cradock,838,2241,1825 series.xlsx|Cradock 1823|838
Cradock,839,2242,1825 series.xlsx|Cradock 1823|839
Cradock,842,2243,1825 series.xlsx|Cradock 1823|842
Cradock,843,2244,1825 series.xlsx|Cradock 1823|843
Cradock,844,2245,1825 series.xlsx|Cradock 1823|844
Cradock,845,2246,1825 series.xlsx|Cradock 1823|845
Cradock,846,2247,1825 series.xlsx|Cradock 1823|846
Cradock,847,2248,1825 series.xlsx|Cradock 1823|847
Cradock,848,2249,1825 series.xlsx|Cradock 1823|848
Cradock,849,2250,1825 series.xlsx|Cradock 1823|849
Cradock,850,2251,1825 series.xlsx|Cradock 1823|850
Cradock,851,2252,1825 series.xlsx|Cradock 1823|851
Cradock,852,2253,1825 series.xlsx|Cradock 1823|852
Cradock,853,2254,1825 series.xlsx|Cradock 1823|853
Cradock,854,2255,1825 series.xlsx|Cradock 1823|854
Cradock,855,2256,1825 series.xlsx|Cradock 1823|855
Cradock,856,2257,1825 series.xlsx|Cradock 1823|856
Cradock,857,2258,1825 series.xlsx|Cradock 1823|857
Cradock,858,2259,1825 series.xlsx|Cradock 1823|858
Cradock,859,2260,1825 series.xlsx|Cradock 1823|859
Cradock,860,2261,1825 series.xlsx|Cradock 1823|860
Cradock,863,2262,1825 series.xlsx|Cradock 1823|863
Cradock,864,2263,1825 series.xlsx|Cradock 1823|864
Cradock,868,2264,1825 series.xlsx|Cradock 1823|868
Cradock,869,2265,1825 series.xlsx|Cradock 1823|869
Cradock,870,2266,1825 series.xlsx|Cradock 1823|870
Cradock,871,2267,1825 series.xlsx|Cradock 1823|871
Cradock,872,2268,1825 series.xlsx|Cradock 1823|872
Cradock,873,2269,1825 series.xlsx|Cradock 1823|873
Cradock,874,2270,1825 series.xlsx|Cradock 1823|874
Cradock,875,2271,1825 series.xlsx|Cradock 1823|875
Cradock,876,2272,1825 series.xlsx|Cradock 1823|876
Cradock,877,2273,1825 series.xlsx|Cradock 1823|877
Cradock,878,2274,1825 series.xlsx|Cradock 1823|878
Cradock,879,2275,1825 series.xlsx|Cradock 1823|879
Cradock,880,2276,1825 series.xlsx|Cradock 1823|880
Cradock,881,2277,1825 series.xlsx|Cradock 1823|881
Cradock,882,2278,1825 series.xlsx|Cradock 1823|882
Cradock,883,2279,1825 series.xlsx|Cradock 1823|883
Cradock,884,2280,1825 series.xlsx|Cradock 1823|884
Cradock,885,2281,1825 series.xlsx|Cradock 1823|885
Cradock,886,2282,1825 series.xlsx|Cradock 1823|886
Cradock,887,2283,1825 series.xlsx|Cradock 1823|887
Cradock,890,2284,1825 series.xlsx|Cradock 1823|890
Cradock,891,2285,1825 series.xlsx|Cradock 1823|891
Cradock,892,2286,1825 series.xlsx|Cradock 1823|892
Cradock,893,2287,1825 series.xlsx|Cradock 1823|893
Cradock,894,2288,1825 series.xlsx|Cradock 1823|894
Cradock,895,2289,1825 series.xlsx|Cradock 1823|895
Cradock,896,2290,1825 series.xlsx|Cradock 1823|896
Cradock,897,2291,1825 series.xlsx|Cradock 1823|897
Cradock,898,2292,1825 series.xlsx|Cradock 1823|898
Cradock,899,2293,1825 series.xlsx|Cradock 1823|899
Cradock,900,2294,1825 series.xlsx|Cradock 1823|900
Cradock,901,2295,1825 series.xlsx|Cradock 1823|901
Cradock,902,2296,1825 series.xlsx|Cradock 1823|902
Cradock,903,2297,1825 series.xlsx|Cradock 1823|903
Cradock,904,2298,1825 series.xlsx|Cradock 1823|904
Cradock,905,2299,1825 series.xlsx|Cradock 1823|905
Cradock,906,2300,1825 series.xlsx|Cradock 1823|906
Cradock,907,2301,1825 series.xlsx|Cradock 1823|907
Cradock,908,2302,1825 series.xlsx|Cradock 1823|908
Cradock,911,2303,1825 series.xlsx|Cradock 1823|911
Cradock,912,2304,1825 series.xlsx|Cradock 1823|912
Cradock,913,2305,1825 series.xlsx|Cradock 1823|913
Cradock,914,2306,1825 series.xlsx|Cradock 1823|914
Cradock,915,2307,1825 series.xlsx|Cradock 1823|915
Cradock,916,2308,1825 series.xlsx|Cradock 1823|916
Cradock,917,2309,1825 series.xlsx|Cradock 1823|917
Cradock,918,2310,1825 series.xlsx|Cradock 1823|918
Cradock,919,2311,1825 series.xlsx|Cradock 1823|919
Cradock,920,2312,1825 series.xlsx|Cradock 1823|920
Cradock,921,2313,1825 series.xlsx|Cradock 1823|921
Cradock,922,2314,1825 series.xlsx|Cradock 1823|922
Cradock,923,2315,1825 series.xlsx|Cradock 1823|923
Cradock,924,2316,1825 series.xlsx|Cradock 1823|924
Cradock,925,2317,1825 series.xlsx|Cradock 1823|925
Cradock,926,2318,1825 series.xlsx|Cradock 1823|926
Cradock,927,2319,1825 series.xlsx|Cradock 1823|927
Cradock,928,2320,1825 series.xlsx|Cradock 1823|928
Cradock,929,2321,1825 series.xlsx|Cradock 1823|929
Cradock,932,2322,1825 series.xlsx|Cradock 1823|932
Cradock,933,2323,1825 series.xlsx|Cradock 1823|933
Cradock,934,2324,1825 series.xlsx|Cradock 1823|934
Cradock,935,2325,1825 series.xlsx|Cradock 1823|935
Cradock,936,2326,1825 series.xlsx|Cradock 1823|936
Cradock,937,2327,1825 series.xlsx|Cradock 1823|937
Cradock,938,2328,1825 series.xlsx|Cradock 1823|938
Cradock,939,2329,1825 series.xlsx|Cradock 1823|939
Cradock,940,2330,1825 series.xlsx|Cradock 1823|940
Cradock,941,2331,1825 series.xlsx|Cradock 1823|941
Cradock,942,2332,1825 series.xlsx|Cradock 1823|942
Cradock,943,2333,1825 series.xlsx|Cradock 1823|943
Cradock,944,2334,1825 series.xlsx|Cradock 1823|944
Cradock,945,2335,1825 series.xlsx|Cradock 1823|945
Cradock,946,2336,1825 series.xlsx|Cradock 1823|946
Cradock,947,2337,1825 series.xlsx|Cradock 1823|947
Cradock,948,2338,1825 series.xlsx|Cradock 1823|948
Cradock,949,2339,1825 series.xlsx|Cradock 1823|949
Cradock,950,2340,1825 series.xlsx|Cradock 1823|950
Cradock,953,2341,1825 series.xlsx|Cradock 1823|953
Cradock,954,2342,1825 series.xlsx|Cradock 1823|954
Cradock,955,2343,1825 series.xlsx|Cradock 1823|955
Cradock,956,2344,1825 series.xlsx|Cradock 1823|956
Cradock,957,2345,1825 series.xlsx|Cradock 1823|957
Cradock,958,2346,1825 series.xlsx|Cradock 1823|958
Cradock,959,2347,1825 series.xlsx|Cradock 1823|959
Cradock,960,2348,1825 series.xlsx|Cradock 1823|960
Cradock,961,2349,1825 series.xlsx|Cradock 1823|961
Cradock,962,2350,1825 series.xlsx|Cradock 1823|962
Cradock,963,2351,1825 series.xlsx|Cradock 1823|963
Cradock,964,2352,1825 series.xlsx|Cradock 1823|964
Cradock,965,2353,1825 series.xlsx|Cradock 1823|965
Cradock,966,2354,1825 series.xlsx|Cradock 1823|966
Cradock,967,2355,1825 series.xlsx|Cradock 1823|967
Cradock,968,2356,1825 series.xlsx|Cradock 1823|968
Cradock,969,2357,1825 series.xlsx|Cradock 1823|969
Cradock,970,2358,1825 series.xlsx|Cradock 1823|970
Cradock,971,2359,1825 series.xlsx|Cradock 1823|971
Cradock,974,2360,1825 series.xlsx|Cradock 1823|974
Cradock,975,2361,1825 series.xlsx|Cradock 1823|975
Cradock,976,2362,1825 series.xlsx|Cradock 1823|976
Cradock,977,2363,1825 series.xlsx|Cradock 1823|977
Cradock,978,2364,1825 series.xlsx|Cradock 1823|978
Cradock,979,2365,1825 series.xlsx|Cradock 1823|979
Cradock,980,2366,1825 series.xlsx|Cradock 1823|980
Cradock,981,2367,1825 series.xlsx|Cradock 1823|981
Cradock,982,2368,1825 series.xlsx|Cradock 1823|982
Cradock,983,2369,1825 series.xlsx|Cradock 1823|983
Cradock,984,2370,1825 series.xlsx|Cradock 1823|984
Cradock,985,2371,1825 series.xlsx|Cradock 1823|985
Cradock,986,2372,1825 series.xlsx|Cradock 1823|986
Cradock,987,2373,1825 series.xlsx|Cradock 1823|987
Cradock,988,2374,1825 series.xlsx|Cradock 1823|988
Cradock,989,2375,1825 series.xlsx|Cradock 1823|989
Cradock,990,2376,1825 series.xlsx|Cradock 1823|990
Cradock,991,2377,1825 series.xlsx|Cradock 1823|991
Cradock,992,2378,1825 series.xlsx|Cradock 1823|992
Cradock,995,2379,1825 series.xlsx|Cradock 1823|995
Cradock,996,2380,1825 series.xlsx|Cradock 1823|996
Cradock,997,2381,1825 series.xlsx|Cradock 1823|997
Cradock,998,2382,1825 series.xlsx|Cradock 1823|998
Cradock,999,2383,1825 series.xlsx|Cradock 1823|999
Cradock,1000,2384,1825 series.xlsx|Cradock 1823|1000
Cradock,1001,2385,1825 series.xlsx|Cradock 1823|1001
Cradock,1002,2386,1825 series.xlsx|Cradock 1823|1002
Cradock,1003,2387,1825 series.xlsx|Cradock 1823|1003
Cradock,1004,2388,1825 series.xlsx|Cradock 1823|1004
Cradock,1005,2389,1825 series.xlsx|Cradock 1823|1005
Cradock,1006,2390,1825 series.xlsx|Cradock 1823|1006
Cradock,1007,2391,1825 series.xlsx|Cradock 1823|1007
Cradock,1008,2392,1825 series.xlsx|Cradock 1823|1008
Cradock,1009,2393,1825 series.xlsx|Cradock 1823|1009
Cradock,1010,2394,1825 series.xlsx|Cradock 1823|1010
Cradock,1011,2395,1825 series.xlsx|Cradock 1823|1011
Cradock,1012,2396,1825 series.xlsx|Cradock 1823|1012
Cradock,1013,2397,1825 series.xlsx|Cradock 1823|1013
Cradock,1016,2398,1825 series.xlsx|Cradock 1823|1016
Cradock,1017,2399,1825 series.xlsx|Cradock 1823|1017
Cradock,1018,2400,1825 series.xlsx|Cradock 1823|1018
Cradock,1019,2401,1825 series.xlsx|Cradock 1823|1019
Cradock,1020,2402,1825 series.xlsx|Cradock 1823|1020
Cradock,1021,2403,1825 series.xlsx|Cradock 1823|1021
Cradock,1022,2404,1825 series.xlsx|Cradock 1823|1022
Cradock,1023,2405,1825 series.xlsx|Cradock 1823|1023
Cradock,1024,2406,1825 series.xlsx|Cradock 1823|1024
Cradock,1025,2407,1825 series.xlsx|Cradock 1823|1025
Cradock,1026,2408,1825 series.xlsx|Cradock 1823|1026
Cradock,1027,2409,1825 series.xlsx|Cradock 1823|1027
Cradock,1028,2410,1825 series.xlsx|Cradock 1823|1028
Cradock,1029,2411,1825 series.xlsx|Cradock 1823|1029
Cradock,1030,2412,1825 series.xlsx|Cradock 1823|1030
Cradock,1031,2413,1825 series.xlsx|Cradock 1823|1031
Cradock,1032,2414,1825 series.xlsx|Cradock 1823|1032
Cradock,1033,2415,1825 series.xlsx|Cradock 1823|1033
Cradock,1034,2416,1825 series.xlsx|Cradock 1823|1034
Cradock,1037,2417,1825 series.xlsx|Cradock 1823|1037
Cradock,1038,2418,1825 series.xlsx|Cradock 1823|1038
Cradock,1039,2419,1825 series.xlsx|Cradock 1823|1039
Cradock,1040,2420,1825 series.xlsx|Cradock 1823|1040
Cradock,1041,2421,1825 series.xlsx|Cradock 1823|1041
Cradock,1042,2422,1825 series.xlsx|Cradock 1823|1042
Cradock,1043,2423,1825 series.xlsx|Cradock 1823|1043
Cradock,1044,2424,1825 series.xlsx|Cradock 1823|1044
Cradock,1045,2425,1825 series.xlsx|Cradock 1823|1045
Cradock,1046,2426,1825 series.xlsx|Cradock 1823|1046
Cradock,1047,2427,1825 series.xlsx|Cradock 1823|1047
Cradock,1048,2428,1825 series.xlsx|Cradock 1823|1048
Cradock,1049,2429,1825 series.xlsx|Cradock 1823|1049
Cradock,1050,2430,1825 series.xlsx|Cradock 1823|1050
Cradock,1051,2431,1825 series.xlsx|Cradock 1823|1051
Cradock,1052,2432,1825 series.xlsx|Cradock 1823|1052
Cradock,1053,2433,1825 series.xlsx|Cradock 1823|1053
Cradock,1054,2434,1825 series.xlsx|Cradock 1823|1054
Cradock,1055,2435,1825 series.xlsx|Cradock 1823|1055
Cradock,1058,2436,1825 series.xlsx|Cradock 1823|1058
Cradock,1059,2437,1825 series.xlsx|Cradock 1823|1059
Cradock,1060,2438,1825 series.xlsx|Cradock 1823|1060
Cradock,1061,2439,1825 series.xlsx|Cradock 1823|1061
Cradock,1062,2440,1825 series.xlsx|Cradock 1823|1062
Cradock,1063,2441,1825 series.xlsx|Cradock 1823|1063
Cradock,1064,2442,1825 series.xlsx|Cradock 1823|1064
Cradock,1065,2443,1825 series.xlsx|Cradock 1823|1065
Cradock,1066,2444,1825 series.xlsx|Cradock 1823|1066
Cradock,1067,2445,1825 series.xlsx|Cradock 1823|1067
Cradock,1068,2446,1825 series.xlsx|Cradock 1823|1068
Cradock,1069,2447,1825 series.xlsx|Cradock 1823|1069
Cradock,1070,2448,1825 series.xlsx|Cradock 1823|1070
Cradock,1071,2449,1825 series.xlsx|Cradock 1823|1071
Cradock,1072,2450,1825 series.xlsx|Cradock 1823|1072
Cradock,1073,2451,1825 series.xlsx|Cradock 1823|1073
Cradock,1074,2452,1825 series.xlsx|Cradock 1823|1074
Cradock,1075,2453,1825 series.xlsx|Cradock 1823|1075
Cradock,1076,2454,1825 series.xlsx|Cradock 1823|1076
Cradock,1079,2455,1825 series.xlsx|Cradock 1823|1079
Cradock,1080,2456,1825 series.xlsx|Cradock 1823|1080
Cradock,1081,2457,1825 series.xlsx|Cradock 1823|1081
Cradock,1082,2458,1825 series.xlsx|Cradock 1823|1082
Cape,5,2459,1825 series.xlsx|Cape district 1825|5
Cape,7,2460,1825 series.xlsx|Cape district 1825|7
Cape,10,2461,1825 series.xlsx|Cape district 1825|10
Cape,12,2462,1825 series.xlsx|Cape district 1825|12
Cape,14,2463,1825 series.xlsx|Cape district 1825|14
Cape,16,2464,1825 series.xlsx|Cape district 1825|16
Cape,18,2465,1825 series.xlsx|Cape district 1825|18
Cape,22,2466,1825 series.xlsx|Cape district 1825|22
Cape,23,2467,1825 series.xlsx|Cape district 1825|23
Cape,27,2468,1825 series.xlsx|Cape district 1825|27
Cape,30,2469,1825 series.xlsx|Cape district 1825|30
Cape,36,2470,1825 series.xlsx|Cape district 1825|36
Cape,39,2471,1825 series.xlsx|Cape district 1825|39
Cape,41,2472,1825 series.xlsx|Cape district 1825|41
Cape,42,2473,1825 series.xlsx|Cape district 1825|42
Cape,45,2474,1825 series.xlsx|Cape district 1825|45
Cape,47,2475,1825 series.xlsx|Cape district 1825|47
Cape,49,2476,1825 series.xlsx|Cape district 1825|49
Cape,50,2477,1825 series.xlsx|Cape district 1825|50
Cape,52,2478,1825 series.xlsx|Cape district 1825|52
Cape,53,2479,1825 series.xlsx|Cape district 1825|53
Cape,54,2480,1825 series.xlsx|Cape district 1825|54
Cape,56,2481,1825 series.xlsx|Cape district 1825|56
Cape,58,2482,1825 series.xlsx|Cape district 1825|58
Cape,59,2483,1825 series.xlsx|Cape district 1825|59
Cape,62,2484,1825 series.xlsx|Cape district 1825|62
Cape,64,2485,1825 series.xlsx|Cape district 1825|64
Cape,65,2486,1825 series.xlsx|Cape district 1825|65
Cape,66,2487,1825 series.xlsx|Cape district 1825|66
Cape,67,2488,1825 series.xlsx|Cape district 1825|67
Cape,68,2489,1825 series.xlsx|Cape district 1825|68
Cape,69,2490,1825 series.xlsx|Cape district 1825|69
Cape,71,2491,1825 series.xlsx|Cape district 1825|71
Cape,72,2492,1825 series.xlsx|Cape district 1825|72
Cape,74,2493,1825 series.xlsx|Cape district 1825|74
Cape,75,2494,1825 series.xlsx|Cape district 1825|75
Cape,76,2495,1825 series.xlsx|Cape district 1825|76
Cape,77,2496,1825 series.xlsx|Cape district 1825|77
Cape,78,2497,1825 series.xlsx|Cape district 1825|78
Cape,79,2498,1825 series.xlsx|Cape district 1825|79
Cape,80,2499,1825 series.xlsx|Cape district 1825|80
Cape,85,2500,1825 series.xlsx|Cape district 1825|85
Cape,87,2501,1825 series.xlsx|Cape district 1825|87
Cape,89,2502,1825 series.xlsx|Cape district 1825|89
Cape,90,2503,1825 series.xlsx|Cape district 1825|90
Cape,91,2504,1825 series.xlsx|Cape district 1825|91
Cape,92,2505,1825 series.xlsx|Cape district 1825|92
Cape,95,2506,1825 series.xlsx|Cape district 1825|95
Cape,97,2507,1825 series.xlsx|Cape district 1825|97
Cape,99,2508,1825 series.xlsx|Cape district 1825|99
Cape,101,2509,1825 series.xlsx|Cape district 1825|101
Cape,102,2510,1825 series.xlsx|Cape district 1825|102
Cape,104,2511,1825 series.xlsx|Cape district 1825|104
Cape,105,2512,1825 series.xlsx|Cape district 1825|105
Cape,107,2513,1825 series.xlsx|Cape district 1825|107
Cape,108,2514,1825 series.xlsx|Cape district 1825|108
Cape,109,2515,1825 series.xlsx|Cape district 1825|109
Cape,110,2516,1825 series.xlsx|Cape district 1825|110
Cape,112,2517,1825 series.xlsx|Cape district 1825|112
Cape,113,2518,1825 series.xlsx|Cape district 1825|113
Cape,115,2519,1825 series.xlsx|Cape district 1825|115
Cape,117,2520,1825 series.xlsx|Cape district 1825|117
Cape,119,2521,1825 series.xlsx|Cape district 1825|119
Cape,120,2522,1825 series.xlsx|Cape district 1825|120
Cape,121,2523,1825 series.xlsx|Cape district 1825|121
Cape,122,2524,1825 series.xlsx|Cape district 1825|122
Cape,123,2525,1825 series.xlsx|Cape district 1825|123
Cape,124,2526,1825 series.xlsx|Cape district 1825|124
Cape,126,2527,1825 series.xlsx|Cape district 1825|126
Cape,128,2528,1825 series.xlsx|Cape district 1825|128
Cape,129,2529,1825 series.xlsx|Cape district 1825|129
Cape,130,2530,1825 series.xlsx|Cape district 1825|130
Cape,132,2531,1825 series.xlsx|Cape district 1825|132
Cape,135,2532,1825 series.xlsx|Cape district 1825|135
Cape,137,2533,1825 series.xlsx|Cape district 1825|137
Cape,138,2534,1825 series.xlsx|Cape district 1825|138
Cape,140,2535,1825 series.xlsx|Cape district 1825|140
Cape,142,2536,1825 series.xlsx|Cape district 1825|142
Cape,144,2537,1825 series.xlsx|Cape district 1825|144
Cape,145,2538,1825 series.xlsx|Cape district 1825|145
Cape,146,2539,1825 series.xlsx|Cape district 1825|146
Cape,148,2540,1825 series.xlsx|Cape district 1825|148
Cape,150,2541,1825 series.xlsx|Cape district 1825|150
Cape,152,2542,1825 series.xlsx|Cape district 1825|152
Cape,153,2543,1825 series.xlsx|Cape district 1825|153
Cape,154,2544,1825 series.xlsx|Cape district 1825|154
Cape,158,2545,1825 series.xlsx|Cape district 1825|158
Cape,160,2546,1825 series.xlsx|Cape district 1825|160
Cape,161,2547,1825 series.xlsx|Cape district 1825|161
Cape,163,2548,1825 series.xlsx|Cape district 1825|163
Cape,165,2549,1825 series.xlsx|Cape district 1825|165
Cape,166,2550,1825 series.xlsx|Cape district 1825|166
Cape,169,2551,1825 series.xlsx|Cape district 1825|169
Cape,171,2552,1825 series.xlsx|Cape district 1825|171
Cape,172,2553,1825 series.xlsx|Cape district 1825|172
Cape,174,2554,1825 series.xlsx|Cape district 1825|174
Cape,175,2555,1825 series.xlsx|Cape district 1825|175
Cape,176,2556,1825 series.xlsx|Cape district 1825|176
Cape,179,2557,1825 series.xlsx|Cape district 1825|179
Cape,182,2558,1825 series.xlsx|Cape district 1825|182
Cape,184,2559,1825 series.xlsx|Cape district 1825|184
Cape,185,2560,1825 series.xlsx|Cape district 1825|185
Cape,187,2561,1825 series.xlsx|Cape district 1825|187
Cape,188,2562,1825 series.xlsx|Cape district 1825|188
Cape,190,2563,1825 series.xlsx|Cape district 1825|190
Cape,191,2564,1825 series.xlsx|Cape district 1825|191
Cape,192,2565,1825 series.xlsx|Cape district 1825|192
Cape,193,2566,1825 series.xlsx|Cape district 1825|193
Cape,196,2567,1825 series.xlsx|Cape district 1825|196
Cape,198,2568,1825 series.xlsx|Cape district 1825|198
Cape,199,2569,1825 series.xlsx|Cape district 1825|199
Cape,200,2570,1825 series.xlsx|Cape district 1825|200
Cape,203,2571,1825 series.xlsx|Cape district 1825|203
Cape,205,2572,1825 series.xlsx|Cape district 1825|205
Cape,207,2573,1825 series.xlsx|Cape district 1825|207
Cape,213,2574,1825 series.xlsx|Cape district 1825|213
Cape,215,2575,1825 series.xlsx|Cape district 1825|215
Cape,217,2576,1825 series.xlsx|Cape district 1825|217
Cape,220,2577,1825 series.xlsx|Cape district 1825|220
Cape,223,2578,1825 series.xlsx|Cape district 1825|223
Cape,227,2579,1825 series.xlsx|Cape district 1825|227
Cape,228,2580,1825 series.xlsx|Cape district 1825|228
Cape,229,2581,1825 series.xlsx|Cape district 1825|229
Cape,230,2582,1825 series.xlsx|Cape district 1825|230
Cape,233,2583,1825 series.xlsx|Cape district 1825|233
Cape,239,2584,1825 series.xlsx|Cape district 1825|239
Cape,240,2585,1825 series.xlsx|Cape district 1825|240
Cape,243,2586,1825 series.xlsx|Cape district 1825|243
Cape,246,2587,1825 series.xlsx|Cape district 1825|246
Cape,248,2588,1825 series.xlsx|Cape district 1825|248
Cape,250,2589,1825 series.xlsx|Cape district 1825|250
Cape,251,2590,1825 series.xlsx|Cape district 1825|251
Cape,253,2591,1825 series.xlsx|Cape district 1825|253
Cape,257,2592,1825 series.xlsx|Cape district 1825|257
Cape,259,2593,1825 series.xlsx|Cape district 1825|259
Cape,261,2594,1825 series.xlsx|Cape district 1825|261
Cape,262,2595,1825 series.xlsx|Cape district 1825|262
Cape,264,2596,1825 series.xlsx|Cape district 1825|264
Cape,265,2597,1825 series.xlsx|Cape district 1825|265
Cape,266,2598,1825 series.xlsx|Cape district 1825|266
Cape,268,2599,1825 series.xlsx|Cape district 1825|268
Cape,270,2600,1825 series.xlsx|Cape district 1825|270
Cape,271,2601,1825 series.xlsx|Cape district 1825|271
Cape,273,2602,1825 series.xlsx|Cape district 1825|273
Cape,275,2603,1825 series.xlsx|Cape district 1825|275
Cape,276,2604,1825 series.xlsx|Cape district 1825|276
Cape,278,2605,1825 series.xlsx|Cape district 1825|278
Cape,280,2606,1825 series.xlsx|Cape district 1825|280
Cape,281,2607,1825 series.xlsx|Cape district 1825|281
Cape,282,2608,1825 series.xlsx|Cape district 1825|282
Cape,284,2609,1825 series.xlsx|Cape district 1825|284
Cape,286,2610,1825 series.xlsx|Cape district 1825|286
Cape,288,2611,1825 series.xlsx|Cape district 1825|288
Cape,289,2612,1825 series.xlsx|Cape district 1825|289
Cape,290,2613,1825 series.xlsx|Cape district 1825|290
Cape,291,2614,1825 series.xlsx|Cape district 1825|291
Cape,293,2615,1825 series.xlsx|Cape district 1825|293
Cape,295,2616,1825 series.xlsx|Cape district 1825|295
Cape,298,2617,1825 series.xlsx|Cape district 1825|298
Cape,300,2618,1825 series.xlsx|Cape district 1825|300
Cape,302,2619,1825 series.xlsx|Cape district 1825|302
Cape,304,2620,1825 series.xlsx|Cape district 1825|304
Cape,305,2621,1825 series.xlsx|Cape district 1825|305
Cape,307,2622,1825 series.xlsx|Cape district 1825|307
Cape,308,2623,1825 series.xlsx|Cape district 1825|308
Cape,310,2624,1825 series.xlsx|Cape district 1825|310
Cape,311,2625,1825 series.xlsx|Cape district 1825|311
Cape,312,2626,1825 series.xlsx|Cape district 1825|312
Cape,313,2627,1825 series.xlsx|Cape district 1825|313
Cape,314,2628,1825 series.xlsx|Cape district 1825|314
Cape,316,2629,1825 series.xlsx|Cape district 1825|316
Cape,318,2630,1825 series.xlsx|Cape district 1825|318
Cape,320,2631,1825 series.xlsx|Cape district 1825|320
Cape,321,2632,1825 series.xlsx|Cape district 1825|321
Cape,323,2633,1825 series.xlsx|Cape district 1825|323
Cape,325,2634,1825 series.xlsx|Cape district 1825|325
Cape,327,2635,1825 series.xlsx|Cape district 1825|327
Cape,328,2636,1825 series.xlsx|Cape district 1825|328
Cape,330,2637,1825 series.xlsx|Cape district 1825|330
Cape,332,2638,1825 series.xlsx|Cape district 1825|332
Cape,333,2639,1825 series.xlsx|Cape district 1825|333
Cape,335,2640,1825 series.xlsx|Cape district 1825|335
Cape,337,2641,1825 series.xlsx|Cape district 1825|337
Cape,339,2642,1825 series.xlsx|Cape district 1825|339
Cape,340,2643,1825 series.xlsx|Cape district 1825|340
Cape,341,2644,1825 series.xlsx|Cape district 1825|341
Cape,342,2645,1825 series.xlsx|Cape district 1825|342
Cape,347,2646,1825 series.xlsx|Cape district 1825|347
Cape,351,2647,1825 series.xlsx|Cape district 1825|351
Cape,352,2648,1825 series.xlsx|Cape district 1825|352
Cape,353,2649,1825 series.xlsx|Cape district 1825|353
Cape,354,2650,1825 series.xlsx|Cape district 1825|354
Cape,355,2651,1825 series.xlsx|Cape district 1825|355
Cape,357,2652,1825 series.xlsx|Cape district 1825|357
Cape,359,2653,1825 series.xlsx|Cape district 1825|359
Cape,363,2654,1825 series.xlsx|Cape district 1825|363
Cape,364,2655,1825 series.xlsx|Cape district 1825|364
Cape,365,2656,1825 series.xlsx|Cape district 1825|365
Cape,366,2657,1825 series.xlsx|Cape district 1825|366
Cape,369,2658,1825 series.xlsx|Cape district 1825|369
Cape,371,2659,1825 series.xlsx|Cape district 1825|371
Cape,372,2660,1825 series.xlsx|Cape district 1825|372
Cape,373,2661,1825 series.xlsx|Cape district 1825|373
Cape,374,2662,1825 series.xlsx|Cape district 1825|374
Cape,376,2663,1825 series.xlsx|Cape district 1825|376
Cape,377,2664,1825 series.xlsx|Cape district 1825|377
Cape,378,2665,1825 series.xlsx|Cape district 1825|378
Cape,379,2666,1825 series.xlsx|Cape district 1825|379
Cape,380,2667,1825 series.xlsx|Cape district 1825|380
Cape,382,2668,1825 series.xlsx|Cape district 1825|382
Cape,384,2669,1825 series.xlsx|Cape district 1825|384
Cape,385,2670,1825 series.xlsx|Cape district 1825|385
Cape,388,2671,1825 series.xlsx|Cape district 1825|388
Cape,390,2672,1825 series.xlsx|Cape district 1825|390
Cape,392,2673,1825 series.xlsx|Cape district 1825|392
Cape,393,2674,1825 series.xlsx|Cape district 1825|393
Cape,421,2675,1825 series.xlsx|Cape district 1825|421
Cape,424,2676,1825 series.xlsx|Cape district 1825|424
Cape,426,2677,1825 series.xlsx|Cape district 1825|426
Cape,430,2678,1825 series.xlsx|Cape district 1825|430
Cape,431,2679,1825 series.xlsx|Cape district 1825|431
Cape,432,2680,1825 series.xlsx|Cape district 1825|432
Cape,433,2681,1825 series.xlsx|Cape district 1825|433
Cape,435,2682,1825 series.xlsx|Cape district 1825|435
Cape,437,2683,1825 series.xlsx|Cape district 1825|437
Cape,443,2684,1825 series.xlsx|Cape district 1825|443
Cape,451,2685,1825 series.xlsx|Cape district 1825|451
Cape,453,2686,1825 series.xlsx|Cape district 1825|453
Cape,455,2687,1825 series.xlsx|Cape district 1825|455
Cape,456,2688,1825 series.xlsx|Cape district 1825|456
Cape,460,2689,1825 series.xlsx|Cape district 1825|460
Cape,462,2690,1825 series.xlsx|Cape district 1825|462
Cape,472,2691,1825 series.xlsx|Cape district 1825|472
Cape,473,2692,1825 series.xlsx|Cape district 1825|473
Cape,474,2693,1825 series.xlsx|Cape district 1825|474
Cape,477,2694,1825 series.xlsx|Cape district 1825|477
Cape,487,2695,1825 series.xlsx|Cape district 1825|487
Cape,498,2696,1825 series.xlsx|Cape district 1825|498
Cape,501,2697,1825 series.xlsx|Cape district 1825|501
Cape,502,2698,1825 series.xlsx|Cape district 1825|502
Cape,513,2699,1825 series.xlsx|Cape district 1825|513
Cape,514,2700,1825 series.xlsx|Cape district 1825|514
Cape,515,2701,1825 series.xlsx|Cape district 1825|515
Cape,516,2702,1825 series.xlsx|Cape district 1825|516
Cape,517,2703,1825 series.xlsx|Cape district 1825|517
Cape,522,2704,1825 series.xlsx|Cape district 1825|522
Cape,524,2705,1825 series.xlsx|Cape district 1825|524
Cape,529,2706,1825 series.xlsx|Cape district 1825|529
Cape,530,2707,1825 series.xlsx|Cape district 1825|530
Cape,531,2708,1825 series.xlsx|Cape district 1825|531
Cape,532,2709,1825 series.xlsx|Cape district 1825|532
Cape,534,2710,1825 series.xlsx|Cape district 1825|534
Cape,536,2711,1825 series.xlsx|Cape district 1825|536
Cape,538,2712,1825 series.xlsx|Cape district 1825|538
Cape,540,2713,1825 series.xlsx|Cape district 1825|540
Cape,543,2714,1825 series.xlsx|Cape district 1825|543
Cape,545,2715,1825 series.xlsx|Cape district 1825|545
Cape,546,2716,1825 series.xlsx|Cape district 1825|546
Cape,548,2717,1825 series.xlsx|Cape district 1825|548
Cape,550,2718,1825 series.xlsx|Cape district 1825|550
Cape,552,2719,1825 series.xlsx|Cape district 1825|552
Cape,553,2720,1825 series.xlsx|Cape district 1825|553
Cape,555,2721,1825 series.xlsx|Cape district 1825|555
Cape,557,2722,1825 series.xlsx|Cape district 1825|557
Cape,558,2723,1825 series.xlsx|Cape district 1825|558
Cape,564,2724,1825 series.xlsx|Cape district 1825|564
Cape,566,2725,1825 series.xlsx|Cape district 1825|566
Cape,568,2726,1825 series.xlsx|Cape district 1825|568
Cape,569,2727,1825 series.xlsx|Cape district 1825|569
Cape,571,2728,1825 series.xlsx|Cape district 1825|571
Cape,572,2729,1825 series.xlsx|Cape district 1825|572
Cape,575,2730,1825 series.xlsx|Cape district 1825|575
Cape,577,2731,1825 series.xlsx|Cape district 1825|577
Cape,579,2732,1825 series.xlsx|Cape district 1825|579
Cape,580,2733,1825 series.xlsx|Cape district 1825|580
Cape,581,2734,1825 series.xlsx|Cape district 1825|581
Cape,583,2735,1825 series.xlsx|Cape district 1825|583
Cape,584,2736,1825 series.xlsx|Cape district 1825|584
Cape,586,2737,1825 series.xlsx|Cape district 1825|586
Cape,588,2738,1825 series.xlsx|Cape district 1825|588
Cape,593,2739,1825 series.xlsx|Cape district 1825|593
Cape,598,2740,1825 series.xlsx|Cape district 1825|598
Cape,600,2741,1825 series.xlsx|Cape district 1825|600
Cape,601,2742,1825 series.xlsx|Cape district 1825|601
Cape,603,2743,1825 series.xlsx|Cape district 1825|603
Cape,608,2744,1825 series.xlsx|Cape district 1825|608
Cape,610,2745,1825 series.xlsx|Cape district 1825|610
Cape,614,2746,1825 series.xlsx|Cape district 1825|614
Cape,619,2747,1825 series.xlsx|Cape district 1825|619
Cape,621,2748,1825 series.xlsx|Cape district 1825|621
Cape,622,2749,1825 series.xlsx|Cape district 1825|622
Cape,630,2750,1825 series.xlsx|Cape district 1825|630
Cape,632,2751,1825 series.xlsx|Cape district 1825|632
Cape,634,2752,1825 series.xlsx|Cape district 1825|634
Cape,635,2753,1825 series.xlsx|Cape district 1825|635
Cape,637,2754,1825 series.xlsx|Cape district 1825|637
Cape,638,2755,1825 series.xlsx|Cape district 1825|638
Cape,639,2756,1825 series.xlsx|Cape district 1825|639
Cape,640,2757,1825 series.xlsx|Cape district 1825|640
Cape,641,2758,1825 series.xlsx|Cape district 1825|641
Cape,642,2759,1825 series.xlsx|Cape district 1825|642
Cape,643,2760,1825 series.xlsx|Cape district 1825|643
Cape,644,2761,1825 series.xlsx|Cape district 1825|644
Cape,645,2762,1825 series.xlsx|Cape district 1825|645
Cape,646,2763,1825 series.xlsx|Cape district 1825|646
Cape,647,2764,1825 series.xlsx|Cape district 1825|647
Cape,648,2765,1825 series.xlsx|Cape district 1825|648
Cape,649,2766,1825 series.xlsx|Cape district 1825|649
Cape,650,2767,1825 series.xlsx|Cape district 1825|650
Cape,651,2768,1825 series.xlsx|Cape district 1825|651
Cape,653,2769,1825 series.xlsx|Cape district 1825|653
Cape,654,2770,1825 series.xlsx|Cape district 1825|654
Cape,656,2771,1825 series.xlsx|Cape district 1825|656
Cape,657,2772,1825 series.xlsx|Cape district 1825|657
Cape,658,2773,1825 series.xlsx|Cape district 1825|658
Cape,659,2774,1825 series.xlsx|Cape district 1825|659
Cape,661,2775,1825 series.xlsx|Cape district 1825|661
Cape,663,2776,1825 series.xlsx|Cape district 1825|663
Cape,665,2777,1825 series.xlsx|Cape district 1825|665
Cape,669,2778,1825 series.xlsx|Cape district 1825|669
Cape,671,2779,1825 series.xlsx|Cape district 1825|671
Cape,674,2780,1825 series.xlsx|Cape district 1825|674
Cape,675,2781,1825 series.xlsx|Cape district 1825|675
Cape,676,2782,1825 series.xlsx|Cape district 1825|676
Cape,678,2783,1825 series.xlsx|Cape district 1825|678
Cape,680,2784,1825 series.xlsx|Cape district 1825|680
Cape,681,2785,1825 series.xlsx|Cape district 1825|681
Cape,682,2786,1825 series.xlsx|Cape district 1825|682
Cape,683,2787,1825 series.xlsx|Cape district 1825|683
Cape,685,2788,1825 series.xlsx|Cape district 1825|685
Cape,687,2789,1825 series.xlsx|Cape district 1825|687
Cape,695,2790,1825 series.xlsx|Cape district 1825|695
Cape,697,2791,1825 series.xlsx|Cape district 1825|697
Cape,699,2792,1825 series.xlsx|Cape district 1825|699
Cape,701,2793,1825 series.xlsx|Cape district 1825|701
Cape,702,2794,1825 series.xlsx|Cape district 1825|702
Cape,711,2795,1825 series.xlsx|Cape district 1825|711
Cape,715,2796,1825 series.xlsx|Cape district 1825|715
Cape,719,2797,1825 series.xlsx|Cape district 1825|719
Cape,721,2798,1825 series.xlsx|Cape district 1825|721
Cape,723,2799,1825 series.xlsx|Cape district 1825|723
Cape,725,2800,1825 series.xlsx|Cape district 1825|725
Cape,727,2801,1825 series.xlsx|Cape district 1825|727
Cape,729,2802,1825 series.xlsx|Cape district 1825|729
Cape,730,2803,1825 series.xlsx|Cape district 1825|730
Cape,731,2804,1825 series.xlsx|Cape district 1825|731
Cape,733,2805,1825 series.xlsx|Cape district 1825|733
Cape,735,2806,1825 series.xlsx|Cape district 1825|735
Cape,737,2807,1825 series.xlsx|Cape district 1825|737
Cape,739,2808,1825 series.xlsx|Cape district 1825|739
Cape,742,2809,1825 series.xlsx|Cape district 1825|742
Cape,744,2810,1825 series.xlsx|Cape district 1825|744
Cape,748,2811,1825 series.xlsx|Cape district 1825|748
Cape,971,2812,1825 series.xlsx|Cape district 1825|971
Cape,972,2813,1825 series.xlsx|Cape district 1825|972
Cape,973,2814,1825 series.xlsx|Cape district 1825|973
Cape,974,2815,1825 series.xlsx|Cape district 1825|974
Cape,976,2816,1825 series.xlsx|Cape district 1825|976
Cape,978,2817,1825 series.xlsx|Cape district 1825|978
Cape,980,2818,1825 series.xlsx|Cape district 1825|980
Cape,981,2819,1825 series.xlsx|Cape district 1825|981
Cape,982,2820,1825 series.xlsx|Cape district 1825|982
Cape,983,2821,1825 series.xlsx|Cape district 1825|983
Cape,985,2822,1825 series.xlsx|Cape district 1825|985
Cape,986,2823,1825 series.xlsx|Cape district 1825|986
Cape,988,2824,1825 series.xlsx|Cape district 1825|988
Cape,991,2825,1825 series.xlsx|Cape district 1825|991
Cape,1000,2826,1825 series.xlsx|Cape district 1825|1000
Cape,1002,2827,1825 series.xlsx|Cape district 1825|1002
Cape,1008,2828,1825 series.xlsx|Cape district 1825|1008
Cape,1015,2829,1825 series.xlsx|Cape district 1825|1015
Cape,1017,2830,1825 series.xlsx|Cape district 1825|1017
Cape,1019,2831,1825 series.xlsx|Cape district 1825|1019
Cape,1020,2832,1825 series.xlsx|Cape district 1825|1020
Cape,1022,2833,1825 series.xlsx|Cape district 1825|1022
Cape,1023,2834,1825 series.xlsx|Cape district 1825|1023
Cape,1025,2835,1825 series.xlsx|Cape district 1825|1025
Cape,1028,2836,1825 series.xlsx|Cape district 1825|1028
Cape,1030,2837,1825 series.xlsx|Cape district 1825|1030
Cape,1053,2838,1825 series.xlsx|Cape district 1825|1053
Cape,1055,2839,1825 series.xlsx|Cape district 1825|1055
Cape,1057,2840,1825 series.xlsx|Cape district 1825|1057
Cape,1059,2841,1825 series.xlsx|Cape district 1825|1059
Cape,1061,2842,1825 series.xlsx|Cape district 1825|1061
Cape,1063,2843,1825 series.xlsx|Cape district 1825|1063
Cape,1064,2844,1825 series.xlsx|Cape district 1825|1064
Cape,1066,2845,1825 series.xlsx|Cape district 1825|1066
Cape,1067,2846,1825 series.xlsx|Cape district 1825|1067
Cape,1068,2847,1825 series.xlsx|Cape district 1825|1068
Cape,1070,2848,1825 series.xlsx|Cape district 1825|1070
Cape,1072,2849,1825 series.xlsx|Cape district 1825|1072
Cape,1074,2850,1825 series.xlsx|Cape district 1825|1074
Cape,1076,2851,1825 series.xlsx|Cape district 1825|1076
Cape,1078,2852,1825 series.xlsx|Cape district 1825|1078
Cape,1079,2853,1825 series.xlsx|Cape district 1825|1079
Cape,1080,2854,1825 series.xlsx|Cape district 1825|1080
Cape,1082,2855,1825 series.xlsx|Cape district 1825|1082
Cape,1084,2856,1825 series.xlsx|Cape district 1825|1084
Cape,1086,2857,1825 series.xlsx|Cape district 1825|1086
Cape,1088,2858,1825 series.xlsx|Cape district 1825|1088
Cape,1090,2859,1825 series.xlsx|Cape district 1825|1090
Cape,1091,2860,1825 series.xlsx|Cape district 1825|1091
Cape,1093,2861,1825 series.xlsx|Cape district 1825|1093
Cape,1097,2862,1825 series.xlsx|Cape district 1825|1097
Cape,1099,2863,1825 series.xlsx|Cape district 1825|1099
Cape,1100,2864,1825 series.xlsx|Cape district 1825|1100
Cape,1101,2865,1825 series.xlsx|Cape district 1825|1101
Cape,1102,2866,1825 series.xlsx|Cape district 1825|1102
Cape,1103,2867,1825 series.xlsx|Cape district 1825|1103
Cape,1104,2868,1825 series.xlsx|Cape district 1825|1104
Cape,1105,2869,1825 series.xlsx|Cape district 1825|1105
Cape,1106,2870,1825 series.xlsx|Cape district 1825|1106
Cape,1108,2871,1825 series.xlsx|Cape district 1825|1108
Cape,1110,2872,1825 series.xlsx|Cape district 1825|1110
Cape,1111,2873,1825 series.xlsx|Cape district 1825|1111
Cape,1112,2874,1825 series.xlsx|Cape district 1825|1112
Cape,1114,2875,1825 series.xlsx|Cape district 1825|1114
Cape,1116,2876,1825 series.xlsx|Cape district 1825|1116
Cape,1117,2877,1825 series.xlsx|Cape district 1825|1117
Cape,1118,2878,1825 series.xlsx|Cape district 1825|1118
Cape,1120,2879,1825 series.xlsx|Cape district 1825|1120
Cape,1122,2880,1825 series.xlsx|Cape district 1825|1122
Cape,1124,2881,1825 series.xlsx|Cape district 1825|1124
Cape,1127,2882,1825 series.xlsx|Cape district 1825|1127
Cape,1139,2883,1825 series.xlsx|Cape district 1825|1139
Cape,1141,2884,1825 series.xlsx|Cape district 1825|1141
Cape,1143,2885,1825 series.xlsx|Cape district 1825|1143
Cape,1145,2886,1825 series.xlsx|Cape district 1825|1145
Cape,1148,2887,1825 series.xlsx|Cape district 1825|1148
Cape,1150,2888,1825 series.xlsx|Cape district 1825|1150
Cape,1151,2889,1825 series.xlsx|Cape district 1825|1151
Cape,1154,2890,1825 series.xlsx|Cape district 1825|1154
Cape,1156,2891,1825 series.xlsx|Cape district 1825|1156
Cape,1157,2892,1825 series.xlsx|Cape district 1825|1157
Cape,1159,2893,1825 series.xlsx|Cape district 1825|1159
Cape,1162,2894,1825 series.xlsx|Cape district 1825|1162
Cape,1163,2895,1825 series.xlsx|Cape district 1825|1163
Cape,1164,2896,1825 series.xlsx|Cape district 1825|1164
Cape,1166,2897,1825 series.xlsx|Cape district 1825|1166
Cape,1167,2898,1825 series.xlsx|Cape district 1825|1167
Cape,1168,2899,1825 series.xlsx|Cape district 1825|1168
Cape,1169,2900,1825 series.xlsx|Cape district 1825|1169
Cape,1171,2901,1825 series.xlsx|Cape district 1825|1171
Cape,1173,2902,1825 series.xlsx|Cape district 1825|1173
Cape,1174,2903,1825 series.xlsx|Cape district 1825|1174
Cape,1176,2904,1825 series.xlsx|Cape district 1825|1176
Cape,1178,2905,1825 series.xlsx|Cape district 1825|1178
Cape,1182,2906,1825 series.xlsx|Cape district 1825|1182
Cape,1183,2907,1825 series.xlsx|Cape district 1825|1183
Cape,1189,2908,1825 series.xlsx|Cape district 1825|1189
Cape,1191,2909,1825 series.xlsx|Cape district 1825|1191
Cape,1192,2910,1825 series.xlsx|Cape district 1825|1192
Cape,1194,2911,1825 series.xlsx|Cape district 1825|1194
Cape,1197,2912,1825 series.xlsx|Cape district 1825|1197
Cape,1198,2913,1825 series.xlsx|Cape district 1825|1198
Cape,1200,2914,1825 series.xlsx|Cape district 1825|1200
Cape,1201,2915,1825 series.xlsx|Cape district 1825|1201
Cape,1202,2916,1825 series.xlsx|Cape district 1825|1202
Cape,1203,2917,1825 series.xlsx|Cape district 1825|1203
Cape,1204,2918,1825 series.xlsx|Cape district 1825|1204
Cape,1205,2919,1825 series.xlsx|Cape district 1825|1205
Cape,1206,2920,1825 series.xlsx|Cape district 1825|1206
Cape,1207,2921,1825 series.xlsx|Cape district 1825|1207
Cape,1208,2922,1825 series.xlsx|Cape district 1825|1208
Cape,1209,2923,1825 series.xlsx|Cape district 1825|1209
Cape,1211,2924,1825 series.xlsx|Cape district 1825|1211
Cape,1213,2925,1825 series.xlsx|Cape district 1825|1213
Cape,1215,2926,1825 series.xlsx|Cape district 1825|1215
Cape,1216,2927,1825 series.xlsx|Cape district 1825|1216
Cape,1219,2928,1825 series.xlsx|Cape district 1825|1219
Cape,1221,2929,1825 series.xlsx|Cape district 1825|1221
Cape,1222,2930,1825 series.xlsx|Cape district 1825|1222
Cape,1224,2931,1825 series.xlsx|Cape district 1825|1224
Cape,1228,2932,1825 series.xlsx|Cape district 1825|1228
Cape,1230,2933,1825 series.xlsx|Cape district 1825|1230
Cape,1233,2934,1825 series.xlsx|Cape district 1825|1233
Cape,1234,2935,1825 series.xlsx|Cape district 1825|1234
Cape,1235,2936,1825 series.xlsx|Cape district 1825|1235
Cape,1236,2937,1825 series.xlsx|Cape district 1825|1236
Cape,1238,2938,1825 series.xlsx|Cape district 1825|1238
Cape,1239,2939,1825 series.xlsx|Cape district 1825|1239
Cape,1240,2940,1825 series.xlsx|Cape district 1825|1240
Cape,1242,2941,1825 series.xlsx|Cape district 1825|1242
Cape,1244,2942,1825 series.xlsx|Cape district 1825|1244
Cape,1246,2943,1825 series.xlsx|Cape district 1825|1246
Cape,1248,2944,1825 series.xlsx|Cape district 1825|1248
Cape,1249,2945,1825 series.xlsx|Cape district 1825|1249
Cape,1250,2946,1825 series.xlsx|Cape district 1825|1250
Cape,1251,2947,1825 series.xlsx|Cape district 1825|1251
Cape,1252,2948,1825 series.xlsx|Cape district 1825|1252
Cape,1253,2949,1825 series.xlsx|Cape district 1825|1253
Cape,1254,2950,1825 series.xlsx|Cape district 1825|1254
Cape,1257,2951,1825 series.xlsx|Cape district 1825|1257
Cape,1258,2952,1825 series.xlsx|Cape district 1825|1258
Cape,1261,2953,1825 series.xlsx|Cape district 1825|1261
Cape,1262,2954,1825 series.xlsx|Cape district 1825|1262
Cape,1263,2955,1825 series.xlsx|Cape district 1825|1263
Cape,1269,2956,1825 series.xlsx|Cape district 1825|1269
Cape,1273,2957,1825 series.xlsx|Cape district 1825|1273
Cape,1275,2958,1825 series.xlsx|Cape district 1825|1275
Cape,1277,2959,1825 series.xlsx|Cape district 1825|1277
Cape,1283,2960,1825 series.xlsx|Cape district 1825|1283
Cape,1290,2961,1825 series.xlsx|Cape district 1825|1290
Cape,1292,2962,1825 series.xlsx|Cape district 1825|1292
Cape,1293,2963,1825 series.xlsx|Cape district 1825|1293
Cape,1294,2964,1825 series.xlsx|Cape district 1825|1294
Cape,1298,2965,1825 series.xlsx|Cape district 1825|1298
Cape,1301,2966,1825 series.xlsx|Cape district 1825|1301
Cape,1303,2967,1825 series.xlsx|Cape district 1825|1303
Cape,1304,2968,1825 series.xlsx|Cape district 1825|1304
Cape,1306,2969,1825 series.xlsx|Cape district 1825|1306
Cape,1307,2970,1825 series.xlsx|Cape district 1825|1307
Cape,1309,2971,1825 series.xlsx|Cape district 1825|1309
Cape,1311,2972,1825 series.xlsx|Cape district 1825|1311
Cape,1313,2973,1825 series.xlsx|Cape district 1825|1313
Cape,1315,2974,1825 series.xlsx|Cape district 1825|1315
Cape,1316,2975,1825 series.xlsx|Cape district 1825|1316
Cape,1317,2976,1825 series.xlsx|Cape district 1825|1317
Cape,1318,2977,1825 series.xlsx|Cape district 1825|1318
Cape,1324,2978,1825 series.xlsx|Cape district 1825|1324
Cape,1326,2979,1825 series.xlsx|Cape district 1825|1326
Cape,1331,2980,1825 series.xlsx|Cape district 1825|1331
Cape,1333,2981,1825 series.xlsx|Cape district 1825|1333
Cape,1334,2982,1825 series.xlsx|Cape district 1825|1334
Cape,1336,2983,1825 series.xlsx|Cape district 1825|1336
Cape,1338,2984,1825 series.xlsx|Cape district 1825|1338
Cape,1339,2985,1825 series.xlsx|Cape district 1825|1339
Cape,1340,2986,1825 series.xlsx|Cape district 1825|1340
Cape,1344,2987,1825 series.xlsx|Cape district 1825|1344
Cape,1346,2988,1825 series.xlsx|Cape district 1825|1346
Cape,1347,2989,1825 series.xlsx|Cape district 1825|1347
Cape,1349,2990,1825 series.xlsx|Cape district 1825|1349
Cape,1351,2991,1825 series.xlsx|Cape district 1825|1351
Cape,1352,2992,1825 series.xlsx|Cape district 1825|1352
Cape,1353,2993,1825 series.xlsx|Cape district 1825|1353
Cape,1356,2994,1825 series.xlsx|Cape district 1825|1356
Cape,1357,2995,1825 series.xlsx|Cape district 1825|1357
Cape,1358,2996,1825 series.xlsx|Cape district 1825|1358
Cape,1360,2997,1825 series.xlsx|Cape district 1825|1360
Cape,1362,2998,1825 series.xlsx|Cape district 1825|1362
Cape,1364,2999,1825 series.xlsx|Cape district 1825|1364
Cape,1365,3000,1825 series.xlsx|Cape district 1825|1365
Cape,1366,3001,1825 series.xlsx|Cape district 1825|1366
Cape,1367,3002,1825 series.xlsx|Cape district 1825|1367
Cape,1368,3003,1825 series.xlsx|Cape district 1825|1368
Cape,1369,3004,1825 series.xlsx|Cape district 1825|1369
Cape,1370,3005,1825 series.xlsx|Cape district 1825|1370
Cape,1371,3006,1825 series.xlsx|Cape district 1825|1371
Cape,1373,3007,1825 series.xlsx|Cape district 1825|1373
Cape,1375,3008,1825 series.xlsx|Cape district 1825|1375
Cape,1377,3009,1825 series.xlsx|Cape district 1825|1377
Cape,1380,3010,1825 series.xlsx|Cape district 1825|1380
Cape,1382,3011,1825 series.xlsx|Cape district 1825|1382
Cape,1384,3012,1825 series.xlsx|Cape district 1825|1384
Cape,1385,3013,1825 series.xlsx|Cape district 1825|1385
Cape,1386,3014,1825 series.xlsx|Cape district 1825|1386
Cape,1388,3015,1825 series.xlsx|Cape district 1825|1388
Cape,1389,3016,1825 series.xlsx|Cape district 1825|1389
Cape,1391,3017,1825 series.xlsx|Cape district 1825|1391
Cape,1392,3018,1825 series.xlsx|Cape district 1825|1392
Cape,1393,3019,1825 series.xlsx|Cape district 1825|1393
Cape,1395,3020,1825 series.xlsx|Cape district 1825|1395
Cape,1396,3021,1825 series.xlsx|Cape district 1825|1396
Cape,1397,3022,1825 series.xlsx|Cape district 1825|1397
Cape,1400,3023,1825 series.xlsx|Cape district 1825|1400
Cape,1403,3024,1825 series.xlsx|Cape district 1825|1403
Cape,1405,3025,1825 series.xlsx|Cape district 1825|1405
Cape,1406,3026,1825 series.xlsx|Cape district 1825|1406
Cape,1407,3027,1825 series.xlsx|Cape district 1825|1407
Cape,1409,3028,1825 series.xlsx|Cape district 1825|1409
Cape,1411,3029,1825 series.xlsx|Cape district 1825|1411
Cape,1418,3030,1825 series.xlsx|Cape district 1825|1418
Cape,1420,3031,1825 series.xlsx|Cape district 1825|1420
Cape,1422,3032,1825 series.xlsx|Cape district 1825|1422
Cape,1423,3033,1825 series.xlsx|Cape district 1825|1423
Cape,1424,3034,1825 series.xlsx|Cape district 1825|1424
Cape,1425,3035,1825 series.xlsx|Cape district 1825|1425
Cape,1426,3036,1825 series.xlsx|Cape district 1825|1426
Cape,1427,3037,1825 series.xlsx|Cape district 1825|1427
Cape,1429,3038,1825 series.xlsx|Cape district 1825|1429
Cape,1430,3039,1825 series.xlsx|Cape district 1825|1430
Cape,1431,3040,1825 series.xlsx|Cape district 1825|1431
Cape,1433,3041,1825 series.xlsx|Cape district 1825|1433
Cape,1434,3042,1825 series.xlsx|Cape district 1825|1434
Cape,1436,3043,1825 series.xlsx|Cape district 1825|1436
Cape,1438,3044,1825 series.xlsx|Cape district 1825|1438
Cape,1440,3045,1825 series.xlsx|Cape district 1825|1440
Cape,1442,3046,1825 series.xlsx|Cape district 1825|1442
Cape,1446,3047,1825 series.xlsx|Cape district 1825|1446
Cape,1447,3048,1825 series.xlsx|Cape district 1825|1447
Cape,1449,3049,1825 series.xlsx|Cape district 1825|1449
Cape,1450,3050,1825 series.xlsx|Cape district 1825|1450
Cape,1452,3051,1825 series.xlsx|Cape district 1825|1452
Cape,1453,3052,1825 series.xlsx|Cape district 1825|1453
Cape,1455,3053,1825 series.xlsx|Cape district 1825|1455
Cape,1458,3054,1825 series.xlsx|Cape district 1825|1458
Cape,1459,3055,1825 series.xlsx|Cape district 1825|1459
Cape,1460,3056,1825 series.xlsx|Cape district 1825|1460
Cape,1461,3057,1825 series.xlsx|Cape district 1825|1461
Cape,1462,3058,1825 series.xlsx|Cape district 1825|1462
Cape,1463,3059,1825 series.xlsx|Cape district 1825|1463
Cape,1464,3060,1825 series.xlsx|Cape district 1825|1464
Cape,1466,3061,1825 series.xlsx|Cape district 1825|1466
Cape,1468,3062,1825 series.xlsx|Cape district 1825|1468
Cape,1470,3063,1825 series.xlsx|Cape district 1825|1470
Cape,1471,3064,1825 series.xlsx|Cape district 1825|1471
Cape,1473,3065,1825 series.xlsx|Cape district 1825|1473
Cape,1475,3066,1825 series.xlsx|Cape district 1825|1475
Cape,1477,3067,1825 series.xlsx|Cape district 1825|1477
Cape,1478,3068,1825 series.xlsx|Cape district 1825|1478
Cape,1480,3069,1825 series.xlsx|Cape district 1825|1480
Cape,1481,3070,1825 series.xlsx|Cape district 1825|1481
Cape,1483,3071,1825 series.xlsx|Cape district 1825|1483
Cape,1484,3072,1825 series.xlsx|Cape district 1825|1484
Cape,1486,3073,1825 series.xlsx|Cape district 1825|1486
Cape,1488,3074,1825 series.xlsx|Cape district 1825|1488
Cape,1489,3075,1825 series.xlsx|Cape district 1825|1489
Cape,1491,3076,1825 series.xlsx|Cape district 1825|1491
Cape,1493,3077,1825 series.xlsx|Cape district 1825|1493
Cape,1495,3078,1825 series.xlsx|Cape district 1825|1495
Cape,1496,3079,1825 series.xlsx|Cape district 1825|1496
Cape,1497,3080,1825 series.xlsx|Cape district 1825|1497
Cape,1498,3081,1825 series.xlsx|Cape district 1825|1498
Cape,1500,3082,1825 series.xlsx|Cape district 1825|1500
Cape,1502,3083,1825 series.xlsx|Cape district 1825|1502
Cape,1503,3084,1825 series.xlsx|Cape district 1825|1503
Cape,1505,3085,1825 series.xlsx|Cape district 1825|1505
Cape,1506,3086,1825 series.xlsx|Cape district 1825|1506
Cape,1507,3087,1825 series.xlsx|Cape district 1825|1507
Cape,1509,3088,1825 series.xlsx|Cape district 1825|1509
Cape,1511,3089,1825 series.xlsx|Cape district 1825|1511
Cape,1512,3090,1825 series.xlsx|Cape district 1825|1512
Cape,1513,3091,1825 series.xlsx|Cape district 1825|1513
Cape,1515,3092,1825 series.xlsx|Cape district 1825|1515
Cape,1516,3093,1825 series.xlsx|Cape district 1825|1516
Cape,1518,3094,1825 series.xlsx|Cape district 1825|1518
Cape,1519,3095,1825 series.xlsx|Cape district 1825|1519
Cape,1521,3096,1825 series.xlsx|Cape district 1825|1521
Cape,1524,3097,1825 series.xlsx|Cape district 1825|1524
Cape,1526,3098,1825 series.xlsx|Cape district 1825|1526
Cape,1528,3099,1825 series.xlsx|Cape district 1825|1528
Cape,1530,3100,1825 series.xlsx|Cape district 1825|1530
Cape,1531,3101,1825 series.xlsx|Cape district 1825|1531
Cape,1533,3102,1825 series.xlsx|Cape district 1825|1533
Cape,1534,3103,1825 series.xlsx|Cape district 1825|1534
Cape,1535,3104,1825 series.xlsx|Cape district 1825|1535
Cape,1536,3105,1825 series.xlsx|Cape district 1825|1536
Cape,1537,3106,1825 series.xlsx|Cape district 1825|1537
Cape,1539,3107,1825 series.xlsx|Cape district 1825|1539
Cape,1540,3108,1825 series.xlsx|Cape district 1825|1540
Cape,1545,3109,1825 series.xlsx|Cape district 1825|1545
Cape,1546,3110,1825 series.xlsx|Cape district 1825|1546
Cape,1548,3111,1825 series.xlsx|Cape district 1825|1548
Cape,1549,3112,1825 series.xlsx|Cape district 1825|1549
Cape,1550,3113,1825 series.xlsx|Cape district 1825|1550
Cape,1551,3114,1825 series.xlsx|Cape district 1825|1551
Cape,1552,3115,1825 series.xlsx|Cape district 1825|1552
Cape,1553,3116,1825 series.xlsx|Cape district 1825|1553
Cape,1554,3117,1825 series.xlsx|Cape district 1825|1554
Cape,1555,3118,1825 series.xlsx|Cape district 1825|1555
Cape,1570,3119,1825 series.xlsx|Cape district 1825|1570
Cape,1572,3120,1825 series.xlsx|Cape district 1825|1572
Cape,1575,3121,1825 series.xlsx|Cape district 1825|1575
Cape,1577,3122,1825 series.xlsx|Cape district 1825|1577
Cape,1579,3123,1825 series.xlsx|Cape district 1825|1579
Cape,1581,3124,1825 series.xlsx|Cape district 1825|1581
Cape,1597,3125,1825 series.xlsx|Cape district 1825|1597
Cape,1599,3126,1825 series.xlsx|Cape district 1825|1599
Cape,1600,3127,1825 series.xlsx|Cape district 1825|1600
Cape,1602,3128,1825 series.xlsx|Cape district 1825|1602
Cape,1603,3129,1825 series.xlsx|Cape district 1825|1603
Cape,1605,3130,1825 series.xlsx|Cape district 1825|1605
Cape,1608,3131,1825 series.xlsx|Cape district 1825|1608
Cape,1609,3132,1825 series.xlsx|Cape district 1825|1609
Cape,1611,3133,1825 series.xlsx|Cape district 1825|1611
Cape,1615,3134,1825 series.xlsx|Cape district 1825|1615
Cape,1617,3135,1825 series.xlsx|Cape district 1825|1617
Cape,1619,3136,1825 series.xlsx|Cape district 1825|1619
Cape,1620,3137,1825 series.xlsx|Cape district 1825|1620
Cape,1622,3138,1825 series.xlsx|Cape district 1825|1622
Cape,1624,3139,1825 series.xlsx|Cape district 1825|1624
Cape,1626,3140,1825 series.xlsx|Cape district 1825|1626
Cape,1627,3141,1825 series.xlsx|Cape district 1825|1627
Cape,1629,3142,1825 series.xlsx|Cape district 1825|1629
Cape,1631,3143,1825 series.xlsx|Cape district 1825|1631
Cape,1633,3144,1825 series.xlsx|Cape district 1825|1633
Cape,1634,3145,1825 series.xlsx|Cape district 1825|1634
Cape,1635,3146,1825 series.xlsx|Cape district 1825|1635
Cape,1637,3147,1825 series.xlsx|Cape district 1825|1637
Cape,1639,3148,1825 series.xlsx|Cape district 1825|1639
Cape,1642,3149,1825 series.xlsx|Cape district 1825|1642
Cape,1643,3150,1825 series.xlsx|Cape district 1825|1643
Cape,1645,3151,1825 series.xlsx|Cape district 1825|1645
Cape,1646,3152,1825 series.xlsx|Cape district 1825|1646
Cape,1649,3153,1825 series.xlsx|Cape district 1825|1649
Cape,1651,3154,1825 series.xlsx|Cape district 1825|1651
Cape,1652,3155,1825 series.xlsx|Cape district 1825|1652
Cape,1653,3156,1825 series.xlsx|Cape district 1825|1653
Cape,1655,3157,1825 series.xlsx|Cape district 1825|1655
Cape,1659,3158,1825 series.xlsx|Cape district 1825|1659
Cape,1665,3159,1825 series.xlsx|Cape district 1825|1665
Cape,1667,3160,1825 series.xlsx|Cape district 1825|1667
Cape,1668,3161,1825 series.xlsx|Cape district 1825|1668
Cape,1670,3162,1825 series.xlsx|Cape district 1825|1670
Cape,1676,3163,1825 series.xlsx|Cape district 1825|1676
Cape,1680,3164,1825 series.xlsx|Cape district 1825|1680
Cape,1685,3165,1825 series.xlsx|Cape district 1825|1685
Cape,1687,3166,1825 series.xlsx|Cape district 1825|1687
Cape,1691,3167,1825 series.xlsx|Cape district 1825|1691
Cape,1692,3168,1825 series.xlsx|Cape district 1825|1692
Cape,1695,3169,1825 series.xlsx|Cape district 1825|1695
Cape,1697,3170,1825 series.xlsx|Cape district 1825|1697
Cape,1701,3171,1825 series.xlsx|Cape district 1825|1701
Cape,1703,3172,1825 series.xlsx|Cape district 1825|1703
Cape,1705,3173,1825 series.xlsx|Cape district 1825|1705
Cape,1706,3174,1825 series.xlsx|Cape district 1825|1706
Cape,1707,3175,1825 series.xlsx|Cape district 1825|1707
Cape,1708,3176,1825 series.xlsx|Cape district 1825|1708
Cape,1709,3177,1825 series.xlsx|Cape district 1825|1709
Cape,1722,3178,1825 series.xlsx|Cape district 1825|1722
Cape,1724,3179,1825 series.xlsx|Cape district 1825|1724
Cape,1726,3180,1825 series.xlsx|Cape district 1825|1726
Cape,1727,3181,1825 series.xlsx|Cape district 1825|1727
Cape,1729,3182,1825 series.xlsx|Cape district 1825|1729
Cape,1731,3183,1825 series.xlsx|Cape district 1825|1731
Cape,1732,3184,1825 series.xlsx|Cape district 1825|1732
Cape,1733,3185,1825 series.xlsx|Cape district 1825|1733
Cape,1735,3186,1825 series.xlsx|Cape district 1825|1735
Cape,1737,3187,1825 series.xlsx|Cape district 1825|1737
Cape,1743,3188,1825 series.xlsx|Cape district 1825|1743
Cape,1745,3189,1825 series.xlsx|Cape district 1825|1745
Cape,1746,3190,1825 series.xlsx|Cape district 1825|1746
Cape,1749,3191,1825 series.xlsx|Cape district 1825|1749
Cape,1751,3192,1825 series.xlsx|Cape district 1825|1751
Cape,1754,3193,1825 series.xlsx|Cape district 1825|1754
Cape,1757,3194,1825 series.xlsx|Cape district 1825|1757
Cape,1763,3195,1825 series.xlsx|Cape district 1825|1763
Cape,1766,3196,1825 series.xlsx|Cape district 1825|1766
Cape,1768,3197,1825 series.xlsx|Cape district 1825|1768
Cape,1769,3198,1825 series.xlsx|Cape district 1825|1769
Cape,1770,3199,1825 series.xlsx|Cape district 1825|1770
Cape,1771,3200,1825 series.xlsx|Cape district 1825|1771
Cape,1778,3201,1825 series.xlsx|Cape district 1825|1778
Cape,1779,3202,1825 series.xlsx|Cape district 1825|1779
Cape,1780,3203,1825 series.xlsx|Cape district 1825|1780
Cape,1781,3204,1825 series.xlsx|Cape district 1825|1781
Cape,1783,3205,1825 series.xlsx|Cape district 1825|1783
Cape,1784,3206,1825 series.xlsx|Cape district 1825|1784
Cape,1785,3207,1825 series.xlsx|Cape district 1825|1785
Cape,1790,3208,1825 series.xlsx|Cape district 1825|1790
Cape,1792,3209,1825 series.xlsx|Cape district 1825|1792
Cape,1794,3210,1825 series.xlsx|Cape district 1825|1794
Cape,1795,3211,1825 series.xlsx|Cape district 1825|1795
Cape,1796,3212,1825 series.xlsx|Cape district 1825|1796
Cape,1797,3213,1825 series.xlsx|Cape district 1825|1797
Cape,1798,3214,1825 series.xlsx|Cape district 1825|1798
Cape,1799,3215,1825 series.xlsx|Cape district 1825|1799
Cape,1800,3216,1825 series.xlsx|Cape district 1825|1800
Cape,1801,3217,1825 series.xlsx|Cape district 1825|1801
Cape,1802,3218,1825 series.xlsx|Cape district 1825|1802
Cape,1803,3219,1825 series.xlsx|Cape district 1825|1803
Cape,1807,3220,1825 series.xlsx|Cape district 1825|1807
Cape,1809,3221,1825 series.xlsx|Cape district 1825|1809
Cape,1811,3222,1825 series.xlsx|Cape district 1825|1811
Cape,1813,3223,1825 series.xlsx|Cape district 1825|1813
Cape,1814,3224,1825 series.xlsx|Cape district 1825|1814
Cape,1816,3225,1825 series.xlsx|Cape district 1825|1816
Cape,1823,3226,1825 series.xlsx|Cape district 1825|1823
Cape,1829,3227,1825 series.xlsx|Cape district 1825|1829
Cape,1830,3228,1825 series.xlsx|Cape district 1825|1830
Cape,1834,3229,1825 series.xlsx|Cape district 1825|1834
Cape,1837,3230,1825 series.xlsx|Cape district 1825|1837
Cape,1840,3231,1825 series.xlsx|Cape district 1825|1840
Cape,1842,3232,1825 series.xlsx|Cape district 1825|1842
Cape,1844,3233,1825 series.xlsx|Cape district 1825|1844
Cape,1845,3234,1825 series.xlsx|Cape district 1825|1845
Cape,1847,3235,1825 series.xlsx|Cape district 1825|1847
Cape,1849,3236,1825 series.xlsx|Cape district 1825|1849
Cape,1855,3237,1825 series.xlsx|Cape district 1825|1855
Cape,1857,3238,1825 series.xlsx|Cape district 1825|1857
Cape,1861,3239,1825 series.xlsx|Cape district 1825|1861
Cape,1865,3240,1825 series.xlsx|Cape district 1825|1865
Cape,1868,3241,1825 series.xlsx|Cape district 1825|1868
Cape,1870,3242,1825 series.xlsx|Cape district 1825|1870
Cape,1871,3243,1825 series.xlsx|Cape district 1825|1871
Cape,1873,3244,1825 series.xlsx|Cape district 1825|1873
Cape,1883,3245,1825 series.xlsx|Cape district 1825|1883
Cape,1885,3246,1825 series.xlsx|Cape district 1825|1885
Cape,1886,3247,1825 series.xlsx|Cape district 1825|1886
Cape,1887,3248,1825 series.xlsx|Cape district 1825|1887
Cape,1897,3249,1825 series.xlsx|Cape district 1825|1897
Cape,1899,3250,1825 series.xlsx|Cape district 1825|1899
Cape,1902,3251,1825 series.xlsx|Cape district 1825|1902
Cape,1903,3252,1825 series.xlsx|Cape district 1825|1903
Cape,1904,3253,1825 series.xlsx|Cape district 1825|1904
Cape,1905,3254,1825 series.xlsx|Cape district 1825|1905
Cape,1906,3255,1825 series.xlsx|Cape district 1825|1906
Cape,1907,3256,1825 series.xlsx|Cape district 1825|1907
Cape,1908,3257,1825 series.xlsx|Cape district 1825|1908
Cape,1910,3258,1825 series.xlsx|Cape district 1825|1910
Cape,1912,3259,1825 series.xlsx|Cape district 1825|1912
Cape,1913,3260,1825 series.xlsx|Cape district 1825|1913
Cape,1915,3261,1825 series.xlsx|Cape district 1825|1915
Cape,1917,3262,1825 series.xlsx|Cape district 1825|1917
Cape,1922,3263,1825 series.xlsx|Cape district 1825|1922
Cape,1924,3264,1825 series.xlsx|Cape district 1825|1924
Cape,1925,3265,1825 series.xlsx|Cape district 1825|1925
Cape,1926,3266,1825 series.xlsx|Cape district 1825|1926
Cape,1927,3267,1825 series.xlsx|Cape district 1825|1927
Cape,1929,3268,1825 series.xlsx|Cape district 1825|1929
Cape,1931,3269,1825 series.xlsx|Cape district 1825|1931
Cape,1932,3270,1825 series.xlsx|Cape district 1825|1932
Cape,1934,3271,1825 series.xlsx|Cape district 1825|1934
Cape,1937,3272,1825 series.xlsx|Cape district 1825|1937
Cape,1940,3273,1825 series.xlsx|Cape district 1825|1940
Cape,1942,3274,1825 series.xlsx|Cape district 1825|1942
Cape,1944,3275,1825 series.xlsx|Cape district 1825|1944
Cape,1946,3276,1825 series.xlsx|Cape district 1825|1946
Cape,1947,3277,1825 series.xlsx|Cape district 1825|1947
Cape,1949,3278,1825 series.xlsx|Cape district 1825|1949
Cape,1953,3279,1825 series.xlsx|Cape district 1825|1953
Cape,1955,3280,1825 series.xlsx|Cape district 1825|1955
Cape,1959,3281,1825 series.xlsx|Cape district 1825|1959
Cape,1965,3282,1825 series.xlsx|Cape district 1825|1965
Cape,1967,3283,1825 series.xlsx|Cape district 1825|1967
Cape,1970,3284,1825 series.xlsx|Cape district 1825|1970
Cape,1974,3285,1825 series.xlsx|Cape district 1825|1974
Cape,1975,3286,1825 series.xlsx|Cape district 1825|1975
Cape,1977,3287,1825 series.xlsx|Cape district 1825|1977
Cape,1978,3288,1825 series.xlsx|Cape district 1825|1978
Cape,1980,3289,1825 series.xlsx|Cape district 1825|1980
Cape,1982,3290,1825 series.xlsx|Cape district 1825|1982
Cape,1985,3291,1825 series.xlsx|Cape district 1825|1985
Cape,1986,3292,1825 series.xlsx|Cape district 1825|1986
Cape,1987,3293,1825 series.xlsx|Cape district 1825|1987
Cape,1988,3294,1825 series.xlsx|Cape district 1825|1988
Cape,1990,3295,1825 series.xlsx|Cape district 1825|1990
Cape,1993,3296,1825 series.xlsx|Cape district 1825|1993
Cape,1995,3297,1825 series.xlsx|Cape district 1825|1995
Cape,1996,3298,1825 series.xlsx|Cape district 1825|1996
Cape,1999,3299,1825 series.xlsx|Cape district 1825|1999
Cape,2001,3300,1825 series.xlsx|Cape district 1825|2001
Cape,2004,3301,1825 series.xlsx|Cape district 1825|2004
Cape,2005,3302,1825 series.xlsx|Cape district 1825|2005
Cape,2006,3303,1825 series.xlsx|Cape district 1825|2006
Cape,2008,3304,1825 series.xlsx|Cape district 1825|2008
Cape,2010,3305,1825 series.xlsx|Cape district 1825|2010
Cape,2011,3306,1825 series.xlsx|Cape district 1825|2011
Cape,2013,3307,1825 series.xlsx|Cape district 1825|2013
Cape,2016,3308,1825 series.xlsx|Cape district 1825|2016
Cape,2018,3309,1825 series.xlsx|Cape district 1825|2018
Cape,2019,3310,1825 series.xlsx|Cape district 1825|2019
Cape,2021,3311,1825 series.xlsx|Cape district 1825|2021
Cape,2023,3312,1825 series.xlsx|Cape district 1825|2023
Cape,2024,3313,1825 series.xlsx|Cape district 1825|2024
Cape,2025,3314,1825 series.xlsx|Cape district 1825|2025
George,4,3315,1825 series.xlsx|George 1825|4
George,5,3316,1825 series.xlsx|George 1825|5
George,6,3317,1825 series.xlsx|George 1825|6
George,7,3318,1825 series.xlsx|George 1825|7
George,8,3319,1825 series.xlsx|George 1825|8
George,9,3320,1825 series.xlsx|George 1825|9
George,10,3321,1825 series.xlsx|George 1825|10
George,11,3322,1825 series.xlsx|George 1825|11
George,12,3323,1825 series.xlsx|George 1825|12
George,13,3324,1825 series.xlsx|George 1825|13
George,14,3325,1825 series.xlsx|George 1825|14
George,15,3326,1825 series.xlsx|George 1825|15
George,16,3327,1825 series.xlsx|George 1825|16
George,17,3328,1825 series.xlsx|George 1825|17
George,18,3329,1825 series.xlsx|George 1825|18
George,19,3330,1825 series.xlsx|George 1825|19
George,20,3331,1825 series.xlsx|George 1825|20
George,21,3332,1825 series.xlsx|George 1825|21
George,22,3333,1825 series.xlsx|George 1825|22
George,23,3334,1825 series.xlsx|George 1825|23
George,24,3335,1825 series.xlsx|George 1825|24
George,25,3336,1825 series.xlsx|George 1825|25
George,26,3337,1825 series.xlsx|George 1825|26
George,27,3338,1825 series.xlsx|George 1825|27
George,28,3339,1825 series.xlsx|George 1825|28
George,29,3340,1825 series.xlsx|George 1825|29
George,30,3341,1825 series.xlsx|George 1825|30
George,31,3342,1825 series.xlsx|George 1825|31
George,32,3343,1825 series.xlsx|George 1825|32
George,33,3344,1825 series.xlsx|George 1825|33
George,34,3345,1825 series.xlsx|George 1825|34
George,35,3346,1825 series.xlsx|George 1825|35
George,36,3347,1825 series.xlsx|George 1825|36
George,37,3348,1825 series.xlsx|George 1825|37
George,38,3349,1825 series.xlsx|George 1825|38
George,41,3350,1825 series.xlsx|George 1825|41
George,42,3351,1825 series.xlsx|George 1825|42
George,43,3352,1825 series.xlsx|George 1825|43
George,44,3353,1825 series.xlsx|George 1825|44
George,45,3354,1825 series.xlsx|George 1825|45
George,46,3355,1825 series.xlsx|George 1825|46
George,47,3356,1825 series.xlsx|George 1825|47
George,48,3357,1825 series.xlsx|George 1825|48
George,49,3358,1825 series.xlsx|George 1825|49
George,50,3359,1825 series.xlsx|George 1825|50
George,51,3360,1825 series.xlsx|George 1825|51
George,52,3361,1825 series.xlsx|George 1825|52
George,53,3362,1825 series.xlsx|George 1825|53
George,54,3363,1825 series.xlsx|George 1825|54
George,55,3364,1825 series.xlsx|George 1825|55
George,56,3365,1825 series.xlsx|George 1825|56
George,57,3366,1825 series.xlsx|George 1825|57
George,58,3367,1825 series.xlsx|George 1825|58
George,59,3368,1825 series.xlsx|George 1825|59
George,60,3369,1825 series.xlsx|George 1825|60
George,62,3370,1825 series.xlsx|George 1825|62
George,63,3371,1825 series.xlsx|George 1825|63
George,64,3372,1825 series.xlsx|George 1825|64
George,65,3373,1825 series.xlsx|George 1825|65
George,66,3374,1825 series.xlsx|George 1825|66
George,67,3375,1825 series.xlsx|George 1825|67
George,68,3376,1825 series.xlsx|George 1825|68
George,69,3377,1825 series.xlsx|George 1825|69
George,70,3378,1825 series.xlsx|George 1825|70
George,71,3379,1825 series.xlsx|George 1825|71
George,74,3380,1825 series.xlsx|George 1825|74
George,75,3381,1825 series.xlsx|George 1825|75
George,76,3382,1825 series.xlsx|George 1825|76
George,77,3383,1825 series.xlsx|George 1825|77
George,78,3384,1825 series.xlsx|George 1825|78
George,79,3385,1825 series.xlsx|George 1825|79
George,80,3386,1825 series.xlsx|George 1825|80
George,81,3387,1825 series.xlsx|George 1825|81
George,82,3388,1825 series.xlsx|George 1825|82
George,83,3389,1825 series.xlsx|George 1825|83
George,84,3390,1825 series.xlsx|George 1825|84
George,85,3391,1825 series.xlsx|George 1825|85
George,86,3392,1825 series.xlsx|George 1825|86
George,87,3393,1825 series.xlsx|George 1825|87
George,88,3394,1825 series.xlsx|George 1825|88
George,89,3395,1825 series.xlsx|George 1825|89
George,90,3396,1825 series.xlsx|George 1825|90
George,91,3397,1825 series.xlsx|George 1825|91
George,92,3398,1825 series.xlsx|George 1825|92
George,93,3399,1825 series.xlsx|George 1825|93
George,94,3400,1825 series.xlsx|George 1825|94
George,95,3401,1825 series.xlsx|George 1825|95
George,96,3402,1825 series.xlsx|George 1825|96
George,97,3403,1825 series.xlsx|George 1825|97
George,98,3404,1825 series.xlsx|George 1825|98
George,99,3405,1825 series.xlsx|George 1825|99
George,100,3406,1825 series.xlsx|George 1825|100
George,101,3407,1825 series.xlsx|George 1825|101
George,102,3408,1825 series.xlsx|George 1825|102
George,105,3409,1825 series.xlsx|George 1825|105
George,106,3410,1825 series.xlsx|George 1825|106
George,107,3411,1825 series.xlsx|George 1825|107
George,108,3412,1825 series.xlsx|George 1825|108
George,109,3413,1825 series.xlsx|George 1825|109
George,110,3414,1825 series.xlsx|George 1825|110
George,111,3415,1825 series.xlsx|George 1825|111
George,112,3416,1825 series.xlsx|George 1825|112
George,113,3417,1825 series.xlsx|George 1825|113
George,114,3418,1825 series.xlsx|George 1825|114
George,115,3419,1825 series.xlsx|George 1825|115
George,116,3420,1825 series.xlsx|George 1825|116
George,117,3421,1825 series.xlsx|George 1825|117
George,118,3422,1825 series.xlsx|George 1825|118
George,119,3423,1825 series.xlsx|George 1825|119
George,120,3424,1825 series.xlsx|George 1825|120
George,121,3425,1825 series.xlsx|George 1825|121
George,122,3426,1825 series.xlsx|George 1825|122
George,123,3427,1825 series.xlsx|George 1825|123
George,124,3428,1825 series.xlsx|George 1825|124
George,125,3429,1825 series.xlsx|George 1825|125
George,126,3430,1825 series.xlsx|George 1825|126
George,127,3431,1825 series.xlsx|George 1825|127
George,128,3432,1825 series.xlsx|George 1825|128
George,129,3433,1825 series.xlsx|George 1825|129
George,130,3434,1825 series.xlsx|George 1825|130
George,131,3435,1825 series.xlsx|George 1825|131
George,132,3436,1825 series.xlsx|George 1825|132
George,133,3437,1825 series.xlsx|George 1825|133
George,134,3438,1825 series.xlsx|George 1825|134
George,135,3439,1825 series.xlsx|George 1825|135
George,136,3440,1825 series.xlsx|George 1825|136
George,137,3441,1825 series.xlsx|George 1825|137
George,140,3442,1825 series.xlsx|George 1825|140
George,141,3443,1825 series.xlsx|George 1825|141
George,142,3444,1825 series.xlsx|George 1825|142
George,143,3445,1825 series.xlsx|George 1825|143
George,144,3446,1825 series.xlsx|George 1825|144
George,145,3447,1825 series.xlsx|George 1825|145
George,146,3448,1825 series.xlsx|George 1825|146
George,147,3449,1825 series.xlsx|George 1825|147
George,148,3450,1825 series.xlsx|George 1825|148
George,149,3451,1825 series.xlsx|George 1825|149
George,150,3452,1825 series.xlsx|George 1825|150
George,151,3453,1825 series.xlsx|George 1825|151
George,152,3454,1825 series.xlsx|George 1825|152
George,153,3455,1825 series.xlsx|George 1825|153
George,154,3456,1825 series.xlsx|George 1825|154
George,155,3457,1825 series.xlsx|George 1825|155
George,156,3458,1825 series.xlsx|George 1825|156
George,157,3459,1825 series.xlsx|George 1825|157
George,158,3460,1825 series.xlsx|George 1825|158
George,159,3461,1825 series.xlsx|George 1825|159
George,160,3462,1825 series.xlsx|George 1825|160
George,161,3463,1825 series.xlsx|George 1825|161
George,164,3464,1825 series.xlsx|George 1825|164
George,165,3465,1825 series.xlsx|George 1825|165
George,166,3466,1825 series.xlsx|George 1825|166
George,167,3467,1825 series.xlsx|George 1825|167
George,168,3468,1825 series.xlsx|George 1825|168
George,169,3469,1825 series.xlsx|George 1825|169
George,170,3470,1825 series.xlsx|George 1825|170
George,171,3471,1825 series.xlsx|George 1825|171
George,172,3472,1825 series.xlsx|George 1825|172
George,173,3473,1825 series.xlsx|George 1825|173
George,174,3474,1825 series.xlsx|George 1825|174
George,175,3475,1825 series.xlsx|George 1825|175
George,176,3476,1825 series.xlsx|George 1825|176
George,177,3477,1825 series.xlsx|George 1825|177
George,178,3478,1825 series.xlsx|George 1825|178
George,179,3479,1825 series.xlsx|George 1825|179
George,180,3480,1825 series.xlsx|George 1825|180
George,181,3481,1825 series.xlsx|George 1825|181
George,182,3482,1825 series.xlsx|George 1825|182
George,183,3483,1825 series.xlsx|George 1825|183
George,184,3484,1825 series.xlsx|George 1825|184
George,185,3485,1825 series.xlsx|George 1825|185
George,186,3486,1825 series.xlsx|George 1825|186
George,187,3487,1825 series.xlsx|George 1825|187
George,188,3488,1825 series.xlsx|George 1825|188
George,189,3489,1825 series.xlsx|George 1825|189
George,190,3490,1825 series.xlsx|George 1825|190
George,191,3491,1825 series.xlsx|George 1825|191
George,192,3492,1825 series.xlsx|George 1825|192
George,193,3493,1825 series.xlsx|George 1825|193
George,194,3494,1825 series.xlsx|George 1825|194
George,195,3495,1825 series.xlsx|George 1825|195
George,196,3496,1825 series.xlsx|George 1825|196
George,197,3497,1825 series.xlsx|George 1825|197
George,200,3498,1825 series.xlsx|George 1825|200
George,201,3499,1825 series.xlsx|George 1825|201
George,202,3500,1825 series.xlsx|George 1825|202
George,203,3501,1825 series.xlsx|George 1825|203
George,204,3502,1825 series.xlsx|George 1825|204
George,205,3503,1825 series.xlsx|George 1825|205
George,206,3504,1825 series.xlsx|George 1825|206
George,207,3505,1825 series.xlsx|George 1825|207
George,208,3506,1825 series.xlsx|George 1825|208
George,209,3507,1825 series.xlsx|George 1825|209
George,210,3508,1825 series.xlsx|George 1825|210
George,211,3509,1825 series.xlsx|George 1825|211
George,212,3510,1825 series.xlsx|George 1825|212
George,213,3511,1825 series.xlsx|George 1825|213
George,214,3512,1825 series.xlsx|George 1825|214
George,215,3513,1825 series.xlsx|George 1825|215
George,216,3514,1825 series.xlsx|George 1825|216
George,217,3515,1825 series.xlsx|George 1825|217
George,218,3516,1825 series.xlsx|George 1825|218
George,219,3517,1825 series.xlsx|George 1825|219
George,220,3518,1825 series.xlsx|George 1825|220
George,221,3519,1825 series.xlsx|George 1825|221
George,222,3520,1825 series.xlsx|George 1825|222
George,223,3521,1825 series.xlsx|George 1825|223
George,224,3522,1825 series.xlsx|George 1825|224
George,225,3523,1825 series.xlsx|George 1825|225
George,226,3524,1825 series.xlsx|George 1825|226
George,227,3525,1825 series.xlsx|George 1825|227
George,228,3526,1825 series.xlsx|George 1825|228
George,229,3527,1825 series.xlsx|George 1825|229
George,230,3528,1825 series.xlsx|George 1825|230
George,231,3529,1825 series.xlsx|George 1825|231
George,232,3530,1825 series.xlsx|George 1825|232
George,233,3531,1825 series.xlsx|George 1825|233
George,236,3532,1825 series.xlsx|George 1825|236
George,237,3533,1825 series.xlsx|George 1825|237
George,238,3534,1825 series.xlsx|George 1825|238
George,239,3535,1825 series.xlsx|George 1825|239
George,240,3536,1825 series.xlsx|George 1825|240
George,241,3537,1825 series.xlsx|George 1825|241
George,242,3538,1825 series.xlsx|George 1825|242
George,243,3539,1825 series.xlsx|George 1825|243
George,244,3540,1825 series.xlsx|George 1825|244
George,245,3541,1825 series.xlsx|George 1825|245
George,246,3542,1825 series.xlsx|George 1825|246
George,247,3543,1825 series.xlsx|George 1825|247
George,248,3544,1825 series.xlsx|George 1825|248
George,249,3545,1825 series.xlsx|George 1825|249
George,251,3546,1825 series.xlsx|George 1825|251
George,252,3547,1825 series.xlsx|George 1825|252
George,253,3548,1825 series.xlsx|George 1825|253
George,254,3549,1825 series.xlsx|George 1825|254
George,255,3550,1825 series.xlsx|George 1825|255
George,256,3551,1825 series.xlsx|George 1825|256
George,257,3552,1825 series.xlsx|George 1825|257
George,258,3553,1825 series.xlsx|George 1825|258
George,259,3554,1825 series.xlsx|George 1825|259
George,260,3555,1825 series.xlsx|George 1825|260
George,261,3556,1825 series.xlsx|George 1825|261
George,262,3557,1825 series.xlsx|George 1825|262
George,263,3558,1825 series.xlsx|George 1825|263
George,264,3559,1825 series.xlsx|George 1825|264
George,265,3560,1825 series.xlsx|George 1825|265
George,266,3561,1825 series.xlsx|George 1825|266
George,268,3562,1825 series.xlsx|George 1825|268
George,271,3563,1825 series.xlsx|George 1825|271
George,272,3564,1825 series.xlsx|George 1825|272
George,273,3565,1825 series.xlsx|George 1825|273
George,274,3566,1825 series.xlsx|George 1825|274
George,275,3567,1825 series.xlsx|George 1825|275
George,276,3568,1825 series.xlsx|George 1825|276
George,277,3569,1825 series.xlsx|George 1825|277
George,278,3570,1825 series.xlsx|George 1825|278
George,279,3571,1825 series.xlsx|George 1825|279
George,280,3572,1825 series.xlsx|George 1825|280
George,281,3573,1825 series.xlsx|George 1825|281
George,282,3574,1825 series.xlsx|George 1825|282
George,283,3575,1825 series.xlsx|George 1825|283
George,284,3576,1825 series.xlsx|George 1825|284
George,285,3577,1825 series.xlsx|George 1825|285
George,286,3578,1825 series.xlsx|George 1825|286
George,287,3579,1825 series.xlsx|George 1825|287
George,288,3580,1825 series.xlsx|George 1825|288
George,289,3581,1825 series.xlsx|George 1825|289
George,290,3582,1825 series.xlsx|George 1825|290
George,291,3583,1825 series.xlsx|George 1825|291
George,292,3584,1825 series.xlsx|George 1825|292
George,293,3585,1825 series.xlsx|George 1825|293
George,294,3586,1825 series.xlsx|George 1825|294
George,295,3587,1825 series.xlsx|George 1825|295
George,296,3588,1825 series.xlsx|George 1825|296
George,297,3589,1825 series.xlsx|George 1825|297
George,298,3590,1825 series.xlsx|George 1825|298
George,299,3591,1825 series.xlsx|George 1825|299
George,300,3592,1825 series.xlsx|George 1825|300
George,301,3593,1825 series.xlsx|George 1825|301
George,302,3594,1825 series.xlsx|George 1825|302
George,303,3595,1825 series.xlsx|George 1825|303
George,304,3596,1825 series.xlsx|George 1825|304
George,307,3597,1825 series.xlsx|George 1825|307
George,308,3598,1825 series.xlsx|George 1825|308
George,309,3599,1825 series.xlsx|George 1825|309
George,310,3600,1825 series.xlsx|George 1825|310
George,311,3601,1825 series.xlsx|George 1825|311
George,312,3602,1825 series.xlsx|George 1825|312
George,313,3603,1825 series.xlsx|George 1825|313
George,314,3604,1825 series.xlsx|George 1825|314
George,315,3605,1825 series.xlsx|George 1825|315
George,317,3606,1825 series.xlsx|George 1825|317
George,318,3607,1825 series.xlsx|George 1825|318
George,319,3608,1825 series.xlsx|George 1825|319
George,320,3609,1825 series.xlsx|George 1825|320
George,321,3610,1825 series.xlsx|George 1825|321
George,322,3611,1825 series.xlsx|George 1825|322
George,323,3612,1825 series.xlsx|George 1825|323
George,324,3613,1825 series.xlsx|George 1825|324
George,325,3614,1825 series.xlsx|George 1825|325
George,326,3615,1825 series.xlsx|George 1825|326
George,327,3616,1825 series.xlsx|George 1825|327
George,328,3617,1825 series.xlsx|George 1825|328
George,329,3618,1825 series.xlsx|George 1825|329
George,330,3619,1825 series.xlsx|George 1825|330
George,331,3620,1825 series.xlsx|George 1825|331
George,332,3621,1825 series.xlsx|George 1825|332
George,333,3622,1825 series.xlsx|George 1825|333
George,334,3623,1825 series.xlsx|George 1825|334
George,335,3624,1825 series.xlsx|George 1825|335
George,336,3625,1825 series.xlsx|George 1825|336
George,337,3626,1825 series.xlsx|George 1825|337
George,338,3627,1825 series.xlsx|George 1825|338
George,341,3628,1825 series.xlsx|George 1825|341
George,342,3629,1825 series.xlsx|George 1825|342
George,343,3630,1825 series.xlsx|George 1825|343
George,344,3631,1825 series.xlsx|George 1825|344
George,345,3632,1825 series.xlsx|George 1825|345
George,346,3633,1825 series.xlsx|George 1825|346
George,347,3634,1825 series.xlsx|George 1825|347
George,348,3635,1825 series.xlsx|George 1825|348
George,349,3636,1825 series.xlsx|George 1825|349
George,350,3637,1825 series.xlsx|George 1825|350
George,351,3638,1825 series.xlsx|George 1825|351
George,352,3639,1825 series.xlsx|George 1825|352
George,353,3640,1825 series.xlsx|George 1825|353
George,354,3641,1825 series.xlsx|George 1825|354
George,355,3642,1825 series.xlsx|George 1825|355
George,356,3643,1825 series.xlsx|George 1825|356
George,357,3644,1825 series.xlsx|George 1825|357
George,358,3645,1825 series.xlsx|George 1825|358
George,359,3646,1825 series.xlsx|George 1825|359
George,361,3647,1825 series.xlsx|George 1825|361
George,362,3648,1825 series.xlsx|George 1825|362
George,363,3649,1825 series.xlsx|George 1825|363
George,364,3650,1825 series.xlsx|George 1825|364
George,365,3651,1825 series.xlsx|George 1825|365
George,366,3652,1825 series.xlsx|George 1825|366
George,367,3653,1825 series.xlsx|George 1825|367
George,368,3654,1825 series.xlsx|George 1825|368
George,369,3655,1825 series.xlsx|George 1825|369
George,370,3656,1825 series.xlsx|George 1825|370
George,371,3657,1825 series.xlsx|George 1825|371
George,372,3658,1825 series.xlsx|George 1825|372
George,375,3659,1825 series.xlsx|George 1825|375
George,376,3660,1825 series.xlsx|George 1825|376
George,377,3661,1825 series.xlsx|George 1825|377
George,378,3662,1825 series.xlsx|George 1825|378
George,379,3663,1825 series.xlsx|George 1825|379
George,380,3664,1825 series.xlsx|George 1825|380
George,381,3665,1825 series.xlsx|George 1825|381
George,382,3666,1825 series.xlsx|George 1825|382
George,383,3667,1825 series.xlsx|George 1825|383
George,384,3668,1825 series.xlsx|George 1825|384
George,385,3669,1825 series.xlsx|George 1825|385
George,386,3670,1825 series.xlsx|George 1825|386
George,387,3671,1825 series.xlsx|George 1825|387
George,388,3672,1825 series.xlsx|George 1825|388
George,389,3673,1825 series.xlsx|George 1825|389
George,390,3674,1825 series.xlsx|George 1825|390
George,391,3675,1825 series.xlsx|George 1825|391
George,392,3676,1825 series.xlsx|George 1825|392
George,393,3677,1825 series.xlsx|George 1825|393
George,394,3678,1825 series.xlsx|George 1825|394
George,395,3679,1825 series.xlsx|George 1825|395
George,396,3680,1825 series.xlsx|George 1825|396
George,397,3681,1825 series.xlsx|George 1825|397
George,398,3682,1825 series.xlsx|George 1825|398
George,399,3683,1825 series.xlsx|George 1825|399
George,400,3684,1825 series.xlsx|George 1825|400
George,401,3685,1825 series.xlsx|George 1825|401
George,402,3686,1825 series.xlsx|George 1825|402
George,403,3687,1825 series.xlsx|George 1825|403
George,404,3688,1825 series.xlsx|George 1825|404
George,405,3689,1825 series.xlsx|George 1825|405
George,406,3690,1825 series.xlsx|George 1825|406
George,407,3691,1825 series.xlsx|George 1825|407
George,408,3692,1825 series.xlsx|George 1825|408
George,411,3693,1825 series.xlsx|George 1825|411
George,412,3694,1825 series.xlsx|George 1825|412
George,413,3695,1825 series.xlsx|George 1825|413
George,414,3696,1825 series.xlsx|George 1825|414
George,415,3697,1825 series.xlsx|George 1825|415
George,416,3698,1825 series.xlsx|George 1825|416
George,417,3699,1825 series.xlsx|George 1825|417
George,418,3700,1825 series.xlsx|George 1825|418
George,419,3701,1825 series.xlsx|George 1825|419
George,420,3702,1825 series.xlsx|George 1825|420
George,421,3703,1825 series.xlsx|George 1825|421
George,422,3704,1825 series.xlsx|George 1825|422
George,424,3705,1825 series.xlsx|George 1825|424
George,425,3706,1825 series.xlsx|George 1825|425
George,426,3707,1825 series.xlsx|George 1825|426
George,427,3708,1825 series.xlsx|George 1825|427
George,428,3709,1825 series.xlsx|George 1825|428
George,429,3710,1825 series.xlsx|George 1825|429
George,430,3711,1825 series.xlsx|George 1825|430
George,431,3712,1825 series.xlsx|George 1825|431
George,432,3713,1825 series.xlsx|George 1825|432
George,433,3714,1825 series.xlsx|George 1825|433
George,434,3715,1825 series.xlsx|George 1825|434
George,435,3716,1825 series.xlsx|George 1825|435
George,436,3717,1825 series.xlsx|George 1825|436
George,437,3718,1825 series.xlsx|George 1825|437
George,438,3719,1825 series.xlsx|George 1825|438
George,439,3720,1825 series.xlsx|George 1825|439
George,440,3721,1825 series.xlsx|George 1825|440
George,441,3722,1825 series.xlsx|George 1825|441
George,442,3723,1825 series.xlsx|George 1825|442
George,445,3724,1825 series.xlsx|George 1825|445
George,446,3725,1825 series.xlsx|George 1825|446
George,447,3726,1825 series.xlsx|George 1825|447
George,448,3727,1825 series.xlsx|George 1825|448
George,449,3728,1825 series.xlsx|George 1825|449
George,450,3729,1825 series.xlsx|George 1825|450
George,451,3730,1825 series.xlsx|George 1825|451
George,452,3731,1825 series.xlsx|George 1825|452
George,453,3732,1825 series.xlsx|George 1825|453
George,454,3733,1825 series.xlsx|George 1825|454
George,455,3734,1825 series.xlsx|George 1825|455
George,456,3735,1825 series.xlsx|George 1825|456
George,457,3736,1825 series.xlsx|George 1825|457
George,458,3737,1825 series.xlsx|George 1825|458
George,459,3738,1825 series.xlsx|George 1825|459
George,460,3739,1825 series.xlsx|George 1825|460
George,461,3740,1825 series.xlsx|George 1825|461
George,462,3741,1825 series.xlsx|George 1825|462
George,463,3742,1825 series.xlsx|George 1825|463
George,464,3743,1825 series.xlsx|George 1825|464
George,465,3744,1825 series.xlsx|George 1825|465
George,466,3745,1825 series.xlsx|George 1825|466
George,467,3746,1825 series.xlsx|George 1825|467
George,468,3747,1825 series.xlsx|George 1825|468
George,469,3748,1825 series.xlsx|George 1825|469
George,470,3749,1825 series.xlsx|George 1825|470
George,471,3750,1825 series.xlsx|George 1825|471
George,472,3751,1825 series.xlsx|George 1825|472
George,473,3752,1825 series.xlsx|George 1825|473
George,474,3753,1825 series.xlsx|George 1825|474
George,475,3754,1825 series.xlsx|George 1825|475
George,476,3755,1825 series.xlsx|George 1825|476
George,477,3756,1825 series.xlsx|George 1825|477
George,478,3757,1825 series.xlsx|George 1825|478
George,481,3758,1825 series.xlsx|George 1825|481
George,482,3759,1825 series.xlsx|George 1825|482
George,483,3760,1825 series.xlsx|George 1825|483
George,484,3761,1825 series.xlsx|George 1825|484
George,485,3762,1825 series.xlsx|George 1825|485
George,486,3763,1825 series.xlsx|George 1825|486
George,487,3764,1825 series.xlsx|George 1825|487
George,488,3765,1825 series.xlsx|George 1825|488
George,489,3766,1825 series.xlsx|George 1825|489
George,490,3767,1825 series.xlsx|George 1825|490
George,491,3768,1825 series.xlsx|George 1825|491
George,492,3769,1825 series.xlsx|George 1825|492
George,493,3770,1825 series.xlsx|George 1825|493
George,494,3771,1825 series.xlsx|George 1825|494
George,495,3772,1825 series.xlsx|George 1825|495
George,496,3773,1825 series.xlsx|George 1825|496
George,497,3774,1825 series.xlsx|George 1825|497
George,498,3775,1825 series.xlsx|George 1825|498
George,499,3776,1825 series.xlsx|George 1825|499
George,500,3777,1825 series.xlsx|George 1825|500
George,501,3778,1825 series.xlsx|George 1825|501
George,502,3779,1825 series.xlsx|George 1825|502
George,503,3780,1825 series.xlsx|George 1825|503
George,504,3781,1825 series.xlsx|George 1825|504
George,505,3782,1825 series.xlsx|George 1825|505
George,506,3783,1825 series.xlsx|George 1825|506
George,507,3784,1825 series.xlsx|George 1825|507
George,508,3785,1825 series.xlsx|George 1825|508
George,509,3786,1825 series.xlsx|George 1825|509
George,510,3787,1825 series.xlsx|George 1825|510
George,511,3788,1825 series.xlsx|George 1825|511
George,512,3789,1825 series.xlsx|George 1825|512
George,515,3790,1825 series.xlsx|George 1825|515
George,516,3791,1825 series.xlsx|George 1825|516
George,517,3792,1825 series.xlsx|George 1825|517
George,518,3793,1825 series.xlsx|George 1825|518
George,519,3794,1825 series.xlsx|George 1825|519
George,520,3795,1825 series.xlsx|George 1825|520
George,521,3796,1825 series.xlsx|George 1825|521
George,522,3797,1825 series.xlsx|George 1825|522
George,523,3798,1825 series.xlsx|George 1825|523
George,524,3799,1825 series.xlsx|George 1825|524
George,525,3800,1825 series.xlsx|George 1825|525
George,526,3801,1825 series.xlsx|George 1825|526
George,527,3802,1825 series.xlsx|George 1825|527
George,528,3803,1825 series.xlsx|George 1825|528
George,529,3804,1825 series.xlsx|George 1825|529
George,530,3805,1825 series.xlsx|George 1825|530
George,531,3806,1825 series.xlsx|George 1825|531
George,532,3807,1825 series.xlsx|George 1825|532
George,533,3808,1825 series.xlsx|George 1825|533
George,534,3809,1825 series.xlsx|George 1825|534
George,535,3810,1825 series.xlsx|George 1825|535
George,536,3811,1825 series.xlsx|George 1825|536
George,537,3812,1825 series.xlsx|George 1825|537
George,538,3813,1825 series.xlsx|George 1825|538
George,539,3814,1825 series.xlsx|George 1825|539
George,540,3815,1825 series.xlsx|George 1825|540
George,541,3816,1825 series.xlsx|George 1825|541
George,542,3817,1825 series.xlsx|George 1825|542
George,543,3818,1825 series.xlsx|George 1825|543
George,544,3819,1825 series.xlsx|George 1825|544
George,545,3820,1825 series.xlsx|George 1825|545
George,546,3821,1825 series.xlsx|George 1825|546
George,547,3822,1825 series.xlsx|George 1825|547
George,548,3823,1825 series.xlsx|George 1825|548
George,549,3824,1825 series.xlsx|George 1825|549
George,552,3825,1825 series.xlsx|George 1825|552
George,553,3826,1825 series.xlsx|George 1825|553
George,554,3827,1825 series.xlsx|George 1825|554
George,555,3828,1825 series.xlsx|George 1825|555
George,556,3829,1825 series.xlsx|George 1825|556
George,557,3830,1825 series.xlsx|George 1825|557
George,558,3831,1825 series.xlsx|George 1825|558
George,559,3832,1825 series.xlsx|George 1825|559
George,560,3833,1825 series.xlsx|George 1825|560
George,561,3834,1825 series.xlsx|George 1825|561
George,562,3835,1825 series.xlsx|George 1825|562
George,563,3836,1825 series.xlsx|George 1825|563
George,564,3837,1825 series.xlsx|George 1825|564
George,565,3838,1825 series.xlsx|George 1825|565
George,566,3839,1825 series.xlsx|George 1825|566
George,567,3840,1825 series.xlsx|George 1825|567
George,568,3841,1825 series.xlsx|George 1825|568
George,569,3842,1825 series.xlsx|George 1825|569
George,570,3843,1825 series.xlsx|George 1825|570
George,571,3844,1825 series.xlsx|George 1825|571
George,572,3845,1825 series.xlsx|George 1825|572
George,573,3846,1825 series.xlsx|George 1825|573
George,574,3847,1825 series.xlsx|George 1825|574
George,575,3848,1825 series.xlsx|George 1825|575
George,576,3849,1825 series.xlsx|George 1825|576
George,577,3850,1825 series.xlsx|George 1825|577
George,578,3851,1825 series.xlsx|George 1825|578
George,579,3852,1825 series.xlsx|George 1825|579
George,580,3853,1825 series.xlsx|George 1825|580
George,581,3854,1825 series.xlsx|George 1825|581
George,582,3855,1825 series.xlsx|George 1825|582
George,583,3856,1825 series.xlsx|George 1825|583
George,584,3857,1825 series.xlsx|George 1825|584
George,585,3858,1825 series.xlsx|George 1825|585
George,588,3859,1825 series.xlsx|George 1825|588
George,589,3860,1825 series.xlsx|George 1825|589
George,590,3861,1825 series.xlsx|George 1825|590
George,591,3862,1825 series.xlsx|George 1825|591
George,592,3863,1825 series.xlsx|George 1825|592
George,593,3864,1825 series.xlsx|George 1825|593
George,594,3865,1825 series.xlsx|George 1825|594
George,595,3866,1825 series.xlsx|George 1825|595
George,596,3867,1825 series.xlsx|George 1825|596
George,597,3868,1825 series.xlsx|George 1825|597
George,599,3869,1825 series.xlsx|George 1825|599
George,600,3870,1825 series.xlsx|George 1825|600
George,601,3871,1825 series.xlsx|George 1825|601
George,602,3872,1825 series.xlsx|George 1825|602
George,603,3873,1825 series.xlsx|George 1825|603
George,604,3874,1825 series.xlsx|George 1825|604
George,605,3875,1825 series.xlsx|George 1825|605
George,606,3876,1825 series.xlsx|George 1825|606
George,607,3877,1825 series.xlsx|George 1825|607
George,608,3878,1825 series.xlsx|George 1825|608
George,609,3879,1825 series.xlsx|George 1825|609
George,610,3880,1825 series.xlsx|George 1825|610
George,611,3881,1825 series.xlsx|George 1825|611
George,612,3882,1825 series.xlsx|George 1825|612
George,613,3883,1825 series.xlsx|George 1825|613
George,614,3884,1825 series.xlsx|George 1825|614
George,615,3885,1825 series.xlsx|George 1825|615
George,616,3886,1825 series.xlsx|George 1825|616
George,617,3887,1825 series.xlsx|George 1825|617
George,618,3888,1825 series.xlsx|George 1825|618
George,619,3889,1825 series.xlsx|George 1825|619
George,622,3890,1825 series.xlsx|George 1825|622
George,623,3891,1825 series.xlsx|George 1825|623
George,624,3892,1825 series.xlsx|George 1825|624
George,625,3893,1825 series.xlsx|George 1825|625
George,626,3894,1825 series.xlsx|George 1825|626
George,627,3895,1825 series.xlsx|George 1825|627
George,628,3896,1825 series.xlsx|George 1825|628
George,629,3897,1825 series.xlsx|George 1825|629
George,630,3898,1825 series.xlsx|George 1825|630
George,631,3899,1825 series.xlsx|George 1825|631
George,632,3900,1825 series.xlsx|George 1825|632
George,633,3901,1825 series.xlsx|George 1825|633
George,634,3902,1825 series.xlsx|George 1825|634
George,635,3903,1825 series.xlsx|George 1825|635
George,636,3904,1825 series.xlsx|George 1825|636
George,637,3905,1825 series.xlsx|George 1825|637
George,638,3906,1825 series.xlsx|George 1825|638
George,639,3907,1825 series.xlsx|George 1825|639
George,640,3908,1825 series.xlsx|George 1825|640
George,641,3909,1825 series.xlsx|George 1825|641
George,642,3910,1825 series.xlsx|George 1825|642
George,643,3911,1825 series.xlsx|George 1825|643
George,644,3912,1825 series.xlsx|George 1825|644
George,645,3913,1825 series.xlsx|George 1825|645
George,646,3914,1825 series.xlsx|George 1825|646
George,647,3915,1825 series.xlsx|George 1825|647
George,648,3916,1825 series.xlsx|George 1825|648
George,649,3917,1825 series.xlsx|George 1825|649
George,650,3918,1825 series.xlsx|George 1825|650
George,651,3919,1825 series.xlsx|George 1825|651
George,652,3920,1825 series.xlsx|George 1825|652
George,653,3921,1825 series.xlsx|George 1825|653
George,654,3922,1825 series.xlsx|George 1825|654
George,657,3923,1825 series.xlsx|George 1825|657
George,658,3924,1825 series.xlsx|George 1825|658
George,659,3925,1825 series.xlsx|George 1825|659
George,660,3926,1825 series.xlsx|George 1825|660
George,661,3927,1825 series.xlsx|George 1825|661
George,662,3928,1825 series.xlsx|George 1825|662
George,663,3929,1825 series.xlsx|George 1825|663
George,664,3930,1825 series.xlsx|George 1825|664
George,666,3931,1825 series.xlsx|George 1825|666
George,667,3932,1825 series.xlsx|George 1825|667
George,668,3933,1825 series.xlsx|George 1825|668
George,669,3934,1825 series.xlsx|George 1825|669
George,670,3935,1825 series.xlsx|George 1825|670
George,671,3936,1825 series.xlsx|George 1825|671
George,672,3937,1825 series.xlsx|George 1825|672
George,673,3938,1825 series.xlsx|George 1825|673
George,674,3939,1825 series.xlsx|George 1825|674
George,675,3940,1825 series.xlsx|George 1825|675
George,676,3941,1825 series.xlsx|George 1825|676
George,677,3942,1825 series.xlsx|George 1825|677
George,678,3943,1825 series.xlsx|George 1825|678
George,679,3944,1825 series.xlsx|George 1825|679
George,680,3945,1825 series.xlsx|George 1825|680
George,681,3946,1825 series.xlsx|George 1825|681
George,682,3947,1825 series.xlsx|George 1825|682
George,683,3948,1825 series.xlsx|George 1825|683
George,684,3949,1825 series.xlsx|George 1825|684
George,685,3950,1825 series.xlsx|George 1825|685
George,686,3951,1825 series.xlsx|George 1825|686
George,687,3952,1825 series.xlsx|George 1825|687
George,688,3953,1825 series.xlsx|George 1825|688
George,689,3954,1825 series.xlsx|George 1825|689
George,692,3955,1825 series.xlsx|George 1825|692
George,693,3956,1825 series.xlsx|George 1825|693
George,694,3957,1825 series.xlsx|George 1825|694
George,695,3958,1825 series.xlsx|George 1825|695
George,696,3959,1825 series.xlsx|George 1825|696
George,697,3960,1825 series.xlsx|George 1825|697
George,698,3961,1825 series.xlsx|George 1825|698
George,699,3962,1825 series.xlsx|George 1825|699
George,700,3963,1825 series.xlsx|George 1825|700
George,701,3964,1825 series.xlsx|George 1825|701
George,702,3965,1825 series.xlsx|George 1825|702
George,703,3966,1825 series.xlsx|George 1825|703
George,704,3967,1825 series.xlsx|George 1825|704
George,705,3968,1825 series.xlsx|George 1825|705
George,706,3969,1825 series.xlsx|George 1825|706
George,707,3970,1825 series.xlsx|George 1825|707
George,708,3971,1825 series.xlsx|George 1825|708
George,709,3972,1825 series.xlsx|George 1825|709
George,710,3973,1825 series.xlsx|George 1825|710
George,711,3974,1825 series.xlsx|George 1825|711
George,712,3975,1825 series.xlsx|George 1825|712
George,713,3976,1825 series.xlsx|George 1825|713
George,714,3977,1825 series.xlsx|George 1825|714
George,715,3978,1825 series.xlsx|George 1825|715
George,716,3979,1825 series.xlsx|George 1825|716
George,717,3980,1825 series.xlsx|George 1825|717
George,718,3981,1825 series.xlsx|George 1825|718
George,719,3982,1825 series.xlsx|George 1825|719
George,720,3983,1825 series.xlsx|George 1825|720
George,721,3984,1825 series.xlsx|George 1825|721
George,722,3985,1825 series.xlsx|George 1825|722
George,723,3986,1825 series.xlsx|George 1825|723
George,724,3987,1825 series.xlsx|George 1825|724
George,725,3988,1825 series.xlsx|George 1825|725
George,726,3989,1825 series.xlsx|George 1825|726
George,729,3990,1825 series.xlsx|George 1825|729
George,730,3991,1825 series.xlsx|George 1825|730
George,731,3992,1825 series.xlsx|George 1825|731
George,732,3993,1825 series.xlsx|George 1825|732
George,733,3994,1825 series.xlsx|George 1825|733
George,734,3995,1825 series.xlsx|George 1825|734
George,735,3996,1825 series.xlsx|George 1825|735
George,736,3997,1825 series.xlsx|George 1825|736
George,737,3998,1825 series.xlsx|George 1825|737
George,738,3999,1825 series.xlsx|George 1825|738
George,740,4000,1825 series.xlsx|George 1825|740
George,741,4001,1825 series.xlsx|George 1825|741
George,742,4002,1825 series.xlsx|George 1825|742
George,743,4003,1825 series.xlsx|George 1825|743
George,744,4004,1825 series.xlsx|George 1825|744
George,745,4005,1825 series.xlsx|George 1825|745
George,746,4006,1825 series.xlsx|George 1825|746
George,747,4007,1825 series.xlsx|George 1825|747
George,748,4008,1825 series.xlsx|George 1825|748
George,749,4009,1825 series.xlsx|George 1825|749
George,750,4010,1825 series.xlsx|George 1825|750
George,751,4011,1825 series.xlsx|George 1825|751
George,752,4012,1825 series.xlsx|George 1825|752
George,753,4013,1825 series.xlsx|George 1825|753
George,754,4014,1825 series.xlsx|George 1825|754
George,755,4015,1825 series.xlsx|George 1825|755
George,756,4016,1825 series.xlsx|George 1825|756
George,757,4017,1825 series.xlsx|George 1825|757
George,758,4018,1825 series.xlsx|George 1825|758
George,761,4019,1825 series.xlsx|George 1825|761
George,762,4020,1825 series.xlsx|George 1825|762
George,763,4021,1825 series.xlsx|George 1825|763
George,764,4022,1825 series.xlsx|George 1825|764
George,765,4023,1825 series.xlsx|George 1825|765
George,766,4024,1825 series.xlsx|George 1825|766
George,767,4025,1825 series.xlsx|George 1825|767
George,768,4026,1825 series.xlsx|George 1825|768
George,769,4027,1825 series.xlsx|George 1825|769
George,770,4028,1825 series.xlsx|George 1825|770
George,771,4029,1825 series.xlsx|George 1825|771
George,772,4030,1825 series.xlsx|George 1825|772
George,773,4031,1825 series.xlsx|George 1825|773
George,774,4032,1825 series.xlsx|George 1825|774
George,775,4033,1825 series.xlsx|George 1825|775
George,776,4034,1825 series.xlsx|George 1825|776
George,777,4035,1825 series.xlsx|George 1825|777
George,778,4036,1825 series.xlsx|George 1825|778
George,779,4037,1825 series.xlsx|George 1825|779
George,780,4038,1825 series.xlsx|George 1825|780
Graaff-Reinet,5,4039,1825 series.xlsx|Graaff-Reinet 1825|5
Graaff-Reinet,6,4040,1825 series.xlsx|Graaff-Reinet 1825|6
Graaff-Reinet,7,4041,1825 series.xlsx|Graaff-Reinet 1825|7
Graaff-Reinet,8,4042,1825 series.xlsx|Graaff-Reinet 1825|8
Graaff-Reinet,9,4043,1825 series.xlsx|Graaff-Reinet 1825|9
Graaff-Reinet,10,4044,1825 series.xlsx|Graaff-Reinet 1825|10
Graaff-Reinet,11,4045,1825 series.xlsx|Graaff-Reinet 1825|11
Graaff-Reinet,12,4046,1825 series.xlsx|Graaff-Reinet 1825|12
Graaff-Reinet,13,4047,1825 series.xlsx|Graaff-Reinet 1825|13
Graaff-Reinet,14,4048,1825 series.xlsx|Graaff-Reinet 1825|14
Graaff-Reinet,15,4049,1825 series.xlsx|Graaff-Reinet 1825|15
Graaff-Reinet,16,4050,1825 series.xlsx|Graaff-Reinet 1825|16
Graaff-Reinet,17,4051,1825 series.xlsx|Graaff-Reinet 1825|17
Graaff-Reinet,18,4052,1825 series.xlsx|Graaff-Reinet 1825|18
Graaff-Reinet,19,4053,1825 series.xlsx|Graaff-Reinet 1825|19
Graaff-Reinet,20,4054,1825 series.xlsx|Graaff-Reinet 1825|20
Graaff-Reinet,21,4055,1825 series.xlsx|Graaff-Reinet 1825|21
Graaff-Reinet,22,4056,1825 series.xlsx|Graaff-Reinet 1825|22
Graaff-Reinet,23,4057,1825 series.xlsx|Graaff-Reinet 1825|23
Graaff-Reinet,24,4058,1825 series.xlsx|Graaff-Reinet 1825|24
Graaff-Reinet,25,4059,1825 series.xlsx|Graaff-Reinet 1825|25
Graaff-Reinet,26,4060,1825 series.xlsx|Graaff-Reinet 1825|26
Graaff-Reinet,27,4061,1825 series.xlsx|Graaff-Reinet 1825|27
Graaff-Reinet,28,4062,1825 series.xlsx|Graaff-Reinet 1825|28
Graaff-Reinet,29,4063,1825 series.xlsx|Graaff-Reinet 1825|29
Graaff-Reinet,30,4064,1825 series.xlsx|Graaff-Reinet 1825|30
Graaff-Reinet,31,4065,1825 series.xlsx|Graaff-Reinet 1825|31
Graaff-Reinet,32,4066,1825 series.xlsx|Graaff-Reinet 1825|32
Graaff-Reinet,33,4067,1825 series.xlsx|Graaff-Reinet 1825|33
Graaff-Reinet,34,4068,1825 series.xlsx|Graaff-Reinet 1825|34
Graaff-Reinet,35,4069,1825 series.xlsx|Graaff-Reinet 1825|35
Graaff-Reinet,36,4070,1825 series.xlsx|Graaff-Reinet 1825|36
Graaff-Reinet,37,4071,1825 series.xlsx|Graaff-Reinet 1825|37
Graaff-Reinet,38,4072,1825 series.xlsx|Graaff-Reinet 1825|38
Graaff-Reinet,39,4073,1825 series.xlsx|Graaff-Reinet 1825|39
Graaff-Reinet,40,4074,1825 series.xlsx|Graaff-Reinet 1825|40
Graaff-Reinet,41,4075,1825 series.xlsx|Graaff-Reinet 1825|41
Graaff-Reinet,42,4076,1825 series.xlsx|Graaff-Reinet 1825|42
Graaff-Reinet,43,4077,1825 series.xlsx|Graaff-Reinet 1825|43
Graaff-Reinet,44,4078,1825 series.xlsx|Graaff-Reinet 1825|44
Graaff-Reinet,45,4079,1825 series.xlsx|Graaff-Reinet 1825|45
Graaff-Reinet,46,4080,1825 series.xlsx|Graaff-Reinet 1825|46
Graaff-Reinet,47,4081,1825 series.xlsx|Graaff-Reinet 1825|47
Graaff-Reinet,48,4082,1825 series.xlsx|Graaff-Reinet 1825|48
Graaff-Reinet,49,4083,1825 series.xlsx|Graaff-Reinet 1825|49
Graaff-Reinet,50,4084,1825 series.xlsx|Graaff-Reinet 1825|50
Graaff-Reinet,51,4085,1825 series.xlsx|Graaff-Reinet 1825|51
Graaff-Reinet,52,4086,1825 series.xlsx|Graaff-Reinet 1825|52
Graaff-Reinet,53,4087,1825 series.xlsx|Graaff-Reinet 1825|53
Graaff-Reinet,54,4088,1825 series.xlsx|Graaff-Reinet 1825|54
Graaff-Reinet,55,4089,1825 series.xlsx|Graaff-Reinet 1825|55
Graaff-Reinet,56,4090,1825 series.xlsx|Graaff-Reinet 1825|56
Graaff-Reinet,57,4091,1825 series.xlsx|Graaff-Reinet 1825|57
Graaff-Reinet,58,4092,1825 series.xlsx|Graaff-Reinet 1825|58
Graaff-Reinet,59,4093,1825 series.xlsx|Graaff-Reinet 1825|59
Graaff-Reinet,60,4094,1825 series.xlsx|Graaff-Reinet 1825|60
Graaff-Reinet,61,4095,1825 series.xlsx|Graaff-Reinet 1825|61
Graaff-Reinet,62,4096,1825 series.xlsx|Graaff-Reinet 1825|62
Graaff-Reinet,63,4097,1825 series.xlsx|Graaff-Reinet 1825|63
Graaff-Reinet,64,4098,1825 series.xlsx|Graaff-Reinet 1825|64
Graaff-Reinet,65,4099,1825 series.xlsx|Graaff-Reinet 1825|65
Graaff-Reinet,66,4100,1825 series.xlsx|Graaff-Reinet 1825|66
Graaff-Reinet,67,4101,1825 series.xlsx|Graaff-Reinet 1825|67
Graaff-Reinet,68,4102,1825 series.xlsx|Graaff-Reinet 1825|68
Graaff-Reinet,69,4103,1825 series.xlsx|Graaff-Reinet 1825|69
Graaff-Reinet,70,4104,1825 series.xlsx|Graaff-Reinet 1825|70
Graaff-Reinet,71,4105,1825 series.xlsx|Graaff-Reinet 1825|71
Graaff-Reinet,72,4106,1825 series.xlsx|Graaff-Reinet 1825|72
Graaff-Reinet,73,4107,1825 series.xlsx|Graaff-Reinet 1825|73
Graaff-Reinet,74,4108,1825 series.xlsx|Graaff-Reinet 1825|74
Graaff-Reinet,75,4109,1825 series.xlsx|Graaff-Reinet 1825|75
Graaff-Reinet,76,4110,1825 series.xlsx|Graaff-Reinet 1825|76
Graaff-Reinet,77,4111,1825 series.xlsx|Graaff-Reinet 1825|77
Graaff-Reinet,78,4112,1825 series.xlsx|Graaff-Reinet 1825|78
Graaff-Reinet,79,4113,1825 series.xlsx|Graaff-Reinet 1825|79
Graaff-Reinet,80,4114,1825 series.xlsx|Graaff-Reinet 1825|80
Graaff-Reinet,81,4115,1825 series.xlsx|Graaff-Reinet 1825|81
Graaff-Reinet,82,4116,1825 series.xlsx|Graaff-Reinet 1825|82
Graaff-Reinet,83,4117,1825 series.xlsx|Graaff-Reinet 1825|83
Graaff-Reinet,84,4118,1825 series.xlsx|Graaff-Reinet 1825|84
Graaff-Reinet,85,4119,1825 series.xlsx|Graaff-Reinet 1825|85
Graaff-Reinet,86,4120,1825 series.xlsx|Graaff-Reinet 1825|86
Graaff-Reinet,87,4121,1825 series.xlsx|Graaff-Reinet 1825|87
Graaff-Reinet,88,4122,1825 series.xlsx|Graaff-Reinet 1825|88
Graaff-Reinet,89,4123,1825 series.xlsx|Graaff-Reinet 1825|89
Graaff-Reinet,90,4124,1825 series.xlsx|Graaff-Reinet 1825|90
Graaff-Reinet,91,4125,1825 series.xlsx|Graaff-Reinet 1825|91
Graaff-Reinet,92,4126,1825 series.xlsx|Graaff-Reinet 1825|92
Graaff-Reinet,93,4127,1825 series.xlsx|Graaff-Reinet 1825|93
Graaff-Reinet,94,4128,1825 series.xlsx|Graaff-Reinet 1825|94
Graaff-Reinet,95,4129,1825 series.xlsx|Graaff-Reinet 1825|95
Graaff-Reinet,96,4130,1825 series.xlsx|Graaff-Reinet 1825|96
Graaff-Reinet,97,4131,1825 series.xlsx|Graaff-Reinet 1825|97
Graaff-Reinet,98,4132,1825 series.xlsx|Graaff-Reinet 1825|98
Graaff-Reinet,99,4133,1825 series.xlsx|Graaff-Reinet 1825|99
Graaff-Reinet,100,4134,1825 series.xlsx|Graaff-Reinet 1825|100
Graaff-Reinet,101,4135,1825 series.xlsx|Graaff-Reinet 1825|101
Graaff-Reinet,102,4136,1825 series.xlsx|Graaff-Reinet 1825|102
Graaff-Reinet,103,4137,1825 series.xlsx|Graaff-Reinet 1825|103
Graaff-Reinet,104,4138,1825 series.xlsx|Graaff-Reinet 1825|104
Graaff-Reinet,105,4139,1825 series.xlsx|Graaff-Reinet 1825|105
Graaff-Reinet,106,4140,1825 series.xlsx|Graaff-Reinet 1825|106
Graaff-Reinet,107,4141,1825 series.xlsx|Graaff-Reinet 1825|107
Graaff-Reinet,108,4142,1825 series.xlsx|Graaff-Reinet 1825|108
Graaff-Reinet,109,4143,1825 series.xlsx|Graaff-Reinet 1825|109
Graaff-Reinet,110,4144,1825 series.xlsx|Graaff-Reinet 1825|110
Graaff-Reinet,111,4145,1825 series.xlsx|Graaff-Reinet 1825|111
Graaff-Reinet,112,4146,1825 series.xlsx|Graaff-Reinet 1825|112
Graaff-Reinet,113,4147,1825 series.xlsx|Graaff-Reinet 1825|113
Graaff-Reinet,114,4148,1825 series.xlsx|Graaff-Reinet 1825|114
Graaff-Reinet,115,4149,1825 series.xlsx|Graaff-Reinet 1825|115
Graaff-Reinet,116,4150,1825 series.xlsx|Graaff-Reinet 1825|116
Graaff-Reinet,117,4151,1825 series.xlsx|Graaff-Reinet 1825|117
Graaff-Reinet,118,4152,1825 series.xlsx|Graaff-Reinet 1825|118
Graaff-Reinet,119,4153,1825 series.xlsx|Graaff-Reinet 1825|119
Graaff-Reinet,120,4154,1825 series.xlsx|Graaff-Reinet 1825|120
Graaff-Reinet,121,4155,1825 series.xlsx|Graaff-Reinet 1825|121
Graaff-Reinet,122,4156,1825 series.xlsx|Graaff-Reinet 1825|122
Graaff-Reinet,123,4157,1825 series.xlsx|Graaff-Reinet 1825|123
Graaff-Reinet,124,4158,1825 series.xlsx|Graaff-Reinet 1825|124
Graaff-Reinet,125,4159,1825 series.xlsx|Graaff-Reinet 1825|125
Graaff-Reinet,126,4160,1825 series.xlsx|Graaff-Reinet 1825|126
Graaff-Reinet,127,4161,1825 series.xlsx|Graaff-Reinet 1825|127
Graaff-Reinet,128,4162,1825 series.xlsx|Graaff-Reinet 1825|128
Graaff-Reinet,129,4163,1825 series.xlsx|Graaff-Reinet 1825|129
Graaff-Reinet,130,4164,1825 series.xlsx|Graaff-Reinet 1825|130
Graaff-Reinet,131,4165,1825 series.xlsx|Graaff-Reinet 1825|131
Graaff-Reinet,132,4166,1825 series.xlsx|Graaff-Reinet 1825|132
Graaff-Reinet,133,4167,1825 series.xlsx|Graaff-Reinet 1825|133
Graaff-Reinet,134,4168,1825 series.xlsx|Graaff-Reinet 1825|134
Graaff-Reinet,135,4169,1825 series.xlsx|Graaff-Reinet 1825|135
Graaff-Reinet,136,4170,1825 series.xlsx|Graaff-Reinet 1825|136
Graaff-Reinet,137,4171,1825 series.xlsx|Graaff-Reinet 1825|137
Graaff-Reinet,138,4172,1825 series.xlsx|Graaff-Reinet 1825|138
Graaff-Reinet,139,4173,1825 series.xlsx|Graaff-Reinet 1825|139
Graaff-Reinet,140,4174,1825 series.xlsx|Graaff-Reinet 1825|140
Graaff-Reinet,141,4175,1825 series.xlsx|Graaff-Reinet 1825|141
Graaff-Reinet,142,4176,1825 series.xlsx|Graaff-Reinet 1825|142
Graaff-Reinet,143,4177,1825 series.xlsx|Graaff-Reinet 1825|143
Graaff-Reinet,144,4178,1825 series.xlsx|Graaff-Reinet 1825|144
Graaff-Reinet,145,4179,1825 series.xlsx|Graaff-Reinet 1825|145
Graaff-Reinet,146,4180,1825 series.xlsx|Graaff-Reinet 1825|146
Graaff-Reinet,147,4181,1825 series.xlsx|Graaff-Reinet 1825|147
Graaff-Reinet,148,4182,1825 series.xlsx|Graaff-Reinet 1825|148
Graaff-Reinet,149,4183,1825 series.xlsx|Graaff-Reinet 1825|149
Graaff-Reinet,150,4184,1825 series.xlsx|Graaff-Reinet 1825|150
Graaff-Reinet,151,4185,1825 series.xlsx|Graaff-Reinet 1825|151
Graaff-Reinet,152,4186,1825 series.xlsx|Graaff-Reinet 1825|152
Graaff-Reinet,153,4187,1825 series.xlsx|Graaff-Reinet 1825|153
Graaff-Reinet,154,4188,1825 series.xlsx|Graaff-Reinet 1825|154
Graaff-Reinet,155,4189,1825 series.xlsx|Graaff-Reinet 1825|155
Graaff-Reinet,156,4190,1825 series.xlsx|Graaff-Reinet 1825|156
Graaff-Reinet,157,4191,1825 series.xlsx|Graaff-Reinet 1825|157
Graaff-Reinet,158,4192,1825 series.xlsx|Graaff-Reinet 1825|158
Graaff-Reinet,159,4193,1825 series.xlsx|Graaff-Reinet 1825|159
Graaff-Reinet,160,4194,1825 series.xlsx|Graaff-Reinet 1825|160
Graaff-Reinet,161,4195,1825 series.xlsx|Graaff-Reinet 1825|161
Graaff-Reinet,162,4196,1825 series.xlsx|Graaff-Reinet 1825|162
Graaff-Reinet,163,4197,1825 series.xlsx|Graaff-Reinet 1825|163
Graaff-Reinet,164,4198,1825 series.xlsx|Graaff-Reinet 1825|164
Graaff-Reinet,165,4199,1825 series.xlsx|Graaff-Reinet 1825|165
Graaff-Reinet,166,4200,1825 series.xlsx|Graaff-Reinet 1825|166
Graaff-Reinet,167,4201,1825 series.xlsx|Graaff-Reinet 1825|167
Graaff-Reinet,168,4202,1825 series.xlsx|Graaff-Reinet 1825|168
Graaff-Reinet,169,4203,1825 series.xlsx|Graaff-Reinet 1825|169
Graaff-Reinet,170,4204,1825 series.xlsx|Graaff-Reinet 1825|170
Graaff-Reinet,171,4205,1825 series.xlsx|Graaff-Reinet 1825|171
Graaff-Reinet,172,4206,1825 series.xlsx|Graaff-Reinet 1825|172
Graaff-Reinet,173,4207,1825 series.xlsx|Graaff-Reinet 1825|173
Graaff-Reinet,174,4208,1825 series.xlsx|Graaff-Reinet 1825|174
Graaff-Reinet,175,4209,1825 series.xlsx|Graaff-Reinet 1825|175
Graaff-Reinet,176,4210,1825 series.xlsx|Graaff-Reinet 1825|176
Graaff-Reinet,177,4211,1825 series.xlsx|Graaff-Reinet 1825|177
Graaff-Reinet,178,4212,1825 series.xlsx|Graaff-Reinet 1825|178
Graaff-Reinet,179,4213,1825 series.xlsx|Graaff-Reinet 1825|179
Graaff-Reinet,180,4214,1825 series.xlsx|Graaff-Reinet 1825|180
Graaff-Reinet,181,4215,1825 series.xlsx|Graaff-Reinet 1825|181
Graaff-Reinet,182,4216,1825 series.xlsx|Graaff-Reinet 1825|182
Graaff-Reinet,183,4217,1825 series.xlsx|Graaff-Reinet 1825|183
Graaff-Reinet,184,4218,1825 series.xlsx|Graaff-Reinet 1825|184
Graaff-Reinet,185,4219,1825 series.xlsx|Graaff-Reinet 1825|185
Graaff-Reinet,186,4220,1825 series.xlsx|Graaff-Reinet 1825|186
Graaff-Reinet,187,4221,1825 series.xlsx|Graaff-Reinet 1825|187
Graaff-Reinet,188,4222,1825 series.xlsx|Graaff-Reinet 1825|188
Graaff-Reinet,189,4223,1825 series.xlsx|Graaff-Reinet 1825|189
Graaff-Reinet,190,4224,1825 series.xlsx|Graaff-Reinet 1825|190
Graaff-Reinet,191,4225,1825 series.xlsx|Graaff-Reinet 1825|191
Graaff-Reinet,192,4226,1825 series.xlsx|Graaff-Reinet 1825|192
Graaff-Reinet,193,4227,1825 series.xlsx|Graaff-Reinet 1825|193
Graaff-Reinet,194,4228,1825 series.xlsx|Graaff-Reinet 1825|194
Graaff-Reinet,195,4229,1825 series.xlsx|Graaff-Reinet 1825|195
Graaff-Reinet,196,4230,1825 series.xlsx|Graaff-Reinet 1825|196
Graaff-Reinet,197,4231,1825 series.xlsx|Graaff-Reinet 1825|197
Graaff-Reinet,198,4232,1825 series.xlsx|Graaff-Reinet 1825|198
Graaff-Reinet,199,4233,1825 series.xlsx|Graaff-Reinet 1825|199
Graaff-Reinet,200,4234,1825 series.xlsx|Graaff-Reinet 1825|200
Graaff-Reinet,201,4235,1825 series.xlsx|Graaff-Reinet 1825|201
Graaff-Reinet,202,4236,1825 series.xlsx|Graaff-Reinet 1825|202
Graaff-Reinet,203,4237,1825 series.xlsx|Graaff-Reinet 1825|203
Graaff-Reinet,204,4238,1825 series.xlsx|Graaff-Reinet 1825|204
Graaff-Reinet,205,4239,1825 series.xlsx|Graaff-Reinet 1825|205
Graaff-Reinet,206,4240,1825 series.xlsx|Graaff-Reinet 1825|206
Graaff-Reinet,207,4241,1825 series.xlsx|Graaff-Reinet 1825|207
Graaff-Reinet,208,4242,1825 series.xlsx|Graaff-Reinet 1825|208
Graaff-Reinet,209,4243,1825 series.xlsx|Graaff-Reinet 1825|209
Graaff-Reinet,210,4244,1825 series.xlsx|Graaff-Reinet 1825|210
Graaff-Reinet,211,4245,1825 series.xlsx|Graaff-Reinet 1825|211
Graaff-Reinet,212,4246,1825 series.xlsx|Graaff-Reinet 1825|212
Graaff-Reinet,213,4247,1825 series.xlsx|Graaff-Reinet 1825|213
Graaff-Reinet,214,4248,1825 series.xlsx|Graaff-Reinet 1825|214
Graaff-Reinet,215,4249,1825 series.xlsx|Graaff-Reinet 1825|215
Graaff-Reinet,216,4250,1825 series.xlsx|Graaff-Reinet 1825|216
Graaff-Reinet,217,4251,1825 series.xlsx|Graaff-Reinet 1825|217
Graaff-Reinet,218,4252,1825 series.xlsx|Graaff-Reinet 1825|218
Graaff-Reinet,219,4253,1825 series.xlsx|Graaff-Reinet 1825|219
Graaff-Reinet,221,4254,1825 series.xlsx|Graaff-Reinet 1825|221
Graaff-Reinet,222,4255,1825 series.xlsx|Graaff-Reinet 1825|222
Graaff-Reinet,223,4256,1825 series.xlsx|Graaff-Reinet 1825|223
Graaff-Reinet,224,4257,1825 series.xlsx|Graaff-Reinet 1825|224
Graaff-Reinet,225,4258,1825 series.xlsx|Graaff-Reinet 1825|225
Graaff-Reinet,226,4259,1825 series.xlsx|Graaff-Reinet 1825|226
Graaff-Reinet,227,4260,1825 series.xlsx|Graaff-Reinet 1825|227
Graaff-Reinet,228,4261,1825 series.xlsx|Graaff-Reinet 1825|228
Graaff-Reinet,229,4262,1825 series.xlsx|Graaff-Reinet 1825|229
Graaff-Reinet,230,4263,1825 series.xlsx|Graaff-Reinet 1825|230
Graaff-Reinet,231,4264,1825 series.xlsx|Graaff-Reinet 1825|231
Graaff-Reinet,232,4265,1825 series.xlsx|Graaff-Reinet 1825|232
Graaff-Reinet,233,4266,1825 series.xlsx|Graaff-Reinet 1825|233
Graaff-Reinet,234,4267,1825 series.xlsx|Graaff-Reinet 1825|234
Graaff-Reinet,235,4268,1825 series.xlsx|Graaff-Reinet 1825|235
Graaff-Reinet,236,4269,1825 series.xlsx|Graaff-Reinet 1825|236
Graaff-Reinet,237,4270,1825 series.xlsx|Graaff-Reinet 1825|237
Graaff-Reinet,238,4271,1825 series.xlsx|Graaff-Reinet 1825|238
Graaff-Reinet,239,4272,1825 series.xlsx|Graaff-Reinet 1825|239
Graaff-Reinet,240,4273,1825 series.xlsx|Graaff-Reinet 1825|240
Graaff-Reinet,241,4274,1825 series.xlsx|Graaff-Reinet 1825|241
Graaff-Reinet,242,4275,1825 series.xlsx|Graaff-Reinet 1825|242
Graaff-Reinet,243,4276,1825 series.xlsx|Graaff-Reinet 1825|243
Graaff-Reinet,244,4277,1825 series.xlsx|Graaff-Reinet 1825|244
Graaff-Reinet,245,4278,1825 series.xlsx|Graaff-Reinet 1825|245
Graaff-Reinet,246,4279,1825 series.xlsx|Graaff-Reinet 1825|246
Graaff-Reinet,247,4280,1825 series.xlsx|Graaff-Reinet 1825|247
Graaff-Reinet,248,4281,1825 series.xlsx|Graaff-Reinet 1825|248
Graaff-Reinet,249,4282,1825 series.xlsx|Graaff-Reinet 1825|249
Graaff-Reinet,250,4283,1825 series.xlsx|Graaff-Reinet 1825|250
Graaff-Reinet,251,4284,1825 series.xlsx|Graaff-Reinet 1825|251
Graaff-Reinet,252,4285,1825 series.xlsx|Graaff-Reinet 1825|252
Graaff-Reinet,253,4286,1825 series.xlsx|Graaff-Reinet 1825|253
Graaff-Reinet,254,4287,1825 series.xlsx|Graaff-Reinet 1825|254
Graaff-Reinet,255,4288,1825 series.xlsx|Graaff-Reinet 1825|255
Graaff-Reinet,256,4289,1825 series.xlsx|Graaff-Reinet 1825|256
Graaff-Reinet,257,4290,1825 series.xlsx|Graaff-Reinet 1825|257
Graaff-Reinet,258,4291,1825 series.xlsx|Graaff-Reinet 1825|258
Graaff-Reinet,259,4292,1825 series.xlsx|Graaff-Reinet 1825|259
Graaff-Reinet,260,4293,1825 series.xlsx|Graaff-Reinet 1825|260
Graaff-Reinet,261,4294,1825 series.xlsx|Graaff-Reinet 1825|261
Graaff-Reinet,262,4295,1825 series.xlsx|Graaff-Reinet 1825|262
Graaff-Reinet,263,4296,1825 series.xlsx|Graaff-Reinet 1825|263
Graaff-Reinet,264,4297,1825 series.xlsx|Graaff-Reinet 1825|264
Graaff-Reinet,265,4298,1825 series.xlsx|Graaff-Reinet 1825|265
Graaff-Reinet,266,4299,1825 series.xlsx|Graaff-Reinet 1825|266
Graaff-Reinet,267,4300,1825 series.xlsx|Graaff-Reinet 1825|267
Graaff-Reinet,268,4301,1825 series.xlsx|Graaff-Reinet 1825|268
Graaff-Reinet,269,4302,1825 series.xlsx|Graaff-Reinet 1825|269
Graaff-Reinet,270,4303,1825 series.xlsx|Graaff-Reinet 1825|270
Graaff-Reinet,271,4304,1825 series.xlsx|Graaff-Reinet 1825|271
Graaff-Reinet,272,4305,1825 series.xlsx|Graaff-Reinet 1825|272
Graaff-Reinet,273,4306,1825 series.xlsx|Graaff-Reinet 1825|273
Graaff-Reinet,274,4307,1825 series.xlsx|Graaff-Reinet 1825|274
Graaff-Reinet,275,4308,1825 series.xlsx|Graaff-Reinet 1825|275
Graaff-Reinet,276,4309,1825 series.xlsx|Graaff-Reinet 1825|276
Graaff-Reinet,277,4310,1825 series.xlsx|Graaff-Reinet 1825|277
Graaff-Reinet,278,4311,1825 series.xlsx|Graaff-Reinet 1825|278
Graaff-Reinet,279,4312,1825 series.xlsx|Graaff-Reinet 1825|279
Graaff-Reinet,280,4313,1825 series.xlsx|Graaff-Reinet 1825|280
Graaff-Reinet,281,4314,1825 series.xlsx|Graaff-Reinet 1825|281
Graaff-Reinet,282,4315,1825 series.xlsx|Graaff-Reinet 1825|282
Graaff-Reinet,283,4316,1825 series.xlsx|Graaff-Reinet 1825|283
Graaff-Reinet,284,4317,1825 series.xlsx|Graaff-Reinet 1825|284
Graaff-Reinet,285,4318,1825 series.xlsx|Graaff-Reinet 1825|285
Graaff-Reinet,286,4319,1825 series.xlsx|Graaff-Reinet 1825|286
Graaff-Reinet,287,4320,1825 series.xlsx|Graaff-Reinet 1825|287
Graaff-Reinet,288,4321,1825 series.xlsx|Graaff-Reinet 1825|288
Graaff-Reinet,289,4322,1825 series.xlsx|Graaff-Reinet 1825|289
Graaff-Reinet,290,4323,1825 series.xlsx|Graaff-Reinet 1825|290
Graaff-Reinet,291,4324,1825 series.xlsx|Graaff-Reinet 1825|291
Graaff-Reinet,292,4325,1825 series.xlsx|Graaff-Reinet 1825|292
Graaff-Reinet,293,4326,1825 series.xlsx|Graaff-Reinet 1825|293
Graaff-Reinet,294,4327,1825 series.xlsx|Graaff-Reinet 1825|294
Graaff-Reinet,295,4328,1825 series.xlsx|Graaff-Reinet 1825|295
Graaff-Reinet,296,4329,1825 series.xlsx|Graaff-Reinet 1825|296
Graaff-Reinet,297,4330,1825 series.xlsx|Graaff-Reinet 1825|297
Graaff-Reinet,298,4331,1825 series.xlsx|Graaff-Reinet 1825|298
Graaff-Reinet,299,4332,1825 series.xlsx|Graaff-Reinet 1825|299
Graaff-Reinet,300,4333,1825 series.xlsx|Graaff-Reinet 1825|300
Graaff-Reinet,301,4334,1825 series.xlsx|Graaff-Reinet 1825|301
Graaff-Reinet,302,4335,1825 series.xlsx|Graaff-Reinet 1825|302
Graaff-Reinet,303,4336,1825 series.xlsx|Graaff-Reinet 1825|303
Graaff-Reinet,304,4337,1825 series.xlsx|Graaff-Reinet 1825|304
Graaff-Reinet,305,4338,1825 series.xlsx|Graaff-Reinet 1825|305
Graaff-Reinet,306,4339,1825 series.xlsx|Graaff-Reinet 1825|306
Graaff-Reinet,307,4340,1825 series.xlsx|Graaff-Reinet 1825|307
Graaff-Reinet,308,4341,1825 series.xlsx|Graaff-Reinet 1825|308
Graaff-Reinet,309,4342,1825 series.xlsx|Graaff-Reinet 1825|309
Graaff-Reinet,310,4343,1825 series.xlsx|Graaff-Reinet 1825|310
Graaff-Reinet,311,4344,1825 series.xlsx|Graaff-Reinet 1825|311
Graaff-Reinet,312,4345,1825 series.xlsx|Graaff-Reinet 1825|312
Graaff-Reinet,313,4346,1825 series.xlsx|Graaff-Reinet 1825|313
Graaff-Reinet,314,4347,1825 series.xlsx|Graaff-Reinet 1825|314
Graaff-Reinet,315,4348,1825 series.xlsx|Graaff-Reinet 1825|315
Graaff-Reinet,316,4349,1825 series.xlsx|Graaff-Reinet 1825|316
Graaff-Reinet,317,4350,1825 series.xlsx|Graaff-Reinet 1825|317
Graaff-Reinet,318,4351,1825 series.xlsx|Graaff-Reinet 1825|318
Graaff-Reinet,319,4352,1825 series.xlsx|Graaff-Reinet 1825|319
Graaff-Reinet,320,4353,1825 series.xlsx|Graaff-Reinet 1825|320
Graaff-Reinet,321,4354,1825 series.xlsx|Graaff-Reinet 1825|321
Graaff-Reinet,322,4355,1825 series.xlsx|Graaff-Reinet 1825|322
Graaff-Reinet,323,4356,1825 series.xlsx|Graaff-Reinet 1825|323
Graaff-Reinet,324,4357,1825 series.xlsx|Graaff-Reinet 1825|324
Graaff-Reinet,325,4358,1825 series.xlsx|Graaff-Reinet 1825|325
Graaff-Reinet,326,4359,1825 series.xlsx|Graaff-Reinet 1825|326
Graaff-Reinet,327,4360,1825 series.xlsx|Graaff-Reinet 1825|327
Graaff-Reinet,328,4361,1825 series.xlsx|Graaff-Reinet 1825|328
Graaff-Reinet,329,4362,1825 series.xlsx|Graaff-Reinet 1825|329
Graaff-Reinet,330,4363,1825 series.xlsx|Graaff-Reinet 1825|330
Graaff-Reinet,331,4364,1825 series.xlsx|Graaff-Reinet 1825|331
Graaff-Reinet,332,4365,1825 series.xlsx|Graaff-Reinet 1825|332
Graaff-Reinet,333,4366,1825 series.xlsx|Graaff-Reinet 1825|333
Graaff-Reinet,334,4367,1825 series.xlsx|Graaff-Reinet 1825|334
Graaff-Reinet,335,4368,1825 series.xlsx|Graaff-Reinet 1825|335
Graaff-Reinet,336,4369,1825 series.xlsx|Graaff-Reinet 1825|336
Graaff-Reinet,337,4370,1825 series.xlsx|Graaff-Reinet 1825|337
Graaff-Reinet,338,4371,1825 series.xlsx|Graaff-Reinet 1825|338
Graaff-Reinet,339,4372,1825 series.xlsx|Graaff-Reinet 1825|339
Graaff-Reinet,340,4373,1825 series.xlsx|Graaff-Reinet 1825|340
Graaff-Reinet,341,4374,1825 series.xlsx|Graaff-Reinet 1825|341
Graaff-Reinet,342,4375,1825 series.xlsx|Graaff-Reinet 1825|342
Graaff-Reinet,343,4376,1825 series.xlsx|Graaff-Reinet 1825|343
Graaff-Reinet,344,4377,1825 series.xlsx|Graaff-Reinet 1825|344
Graaff-Reinet,345,4378,1825 series.xlsx|Graaff-Reinet 1825|345
Graaff-Reinet,346,4379,1825 series.xlsx|Graaff-Reinet 1825|346
Graaff-Reinet,347,4380,1825 series.xlsx|Graaff-Reinet 1825|347
Graaff-Reinet,348,4381,1825 series.xlsx|Graaff-Reinet 1825|348
Graaff-Reinet,349,4382,1825 series.xlsx|Graaff-Reinet 1825|349
Graaff-Reinet,350,4383,1825 series.xlsx|Graaff-Reinet 1825|350
Graaff-Reinet,351,4384,1825 series.xlsx|Graaff-Reinet 1825|351
Graaff-Reinet,352,4385,1825 series.xlsx|Graaff-Reinet 1825|352
Graaff-Reinet,353,4386,1825 series.xlsx|Graaff-Reinet 1825|353
Graaff-Reinet,354,4387,1825 series.xlsx|Graaff-Reinet 1825|354
Graaff-Reinet,355,4388,1825 series.xlsx|Graaff-Reinet 1825|355
Graaff-Reinet,356,4389,1825 series.xlsx|Graaff-Reinet 1825|356
Graaff-Reinet,357,4390,1825 series.xlsx|Graaff-Reinet 1825|357
Graaff-Reinet,358,4391,1825 series.xlsx|Graaff-Reinet 1825|358
Graaff-Reinet,359,4392,1825 series.xlsx|Graaff-Reinet 1825|359
Graaff-Reinet,360,4393,1825 series.xlsx|Graaff-Reinet 1825|360
Graaff-Reinet,361,4394,1825 series.xlsx|Graaff-Reinet 1825|361
Graaff-Reinet,362,4395,1825 series.xlsx|Graaff-Reinet 1825|362
Graaff-Reinet,363,4396,1825 series.xlsx|Graaff-Reinet 1825|363
Graaff-Reinet,364,4397,1825 series.xlsx|Graaff-Reinet 1825|364
Graaff-Reinet,365,4398,1825 series.xlsx|Graaff-Reinet 1825|365
Graaff-Reinet,366,4399,1825 series.xlsx|Graaff-Reinet 1825|366
Graaff-Reinet,367,4400,1825 series.xlsx|Graaff-Reinet 1825|367
Graaff-Reinet,368,4401,1825 series.xlsx|Graaff-Reinet 1825|368
Graaff-Reinet,369,4402,1825 series.xlsx|Graaff-Reinet 1825|369
Graaff-Reinet,370,4403,1825 series.xlsx|Graaff-Reinet 1825|370
Graaff-Reinet,371,4404,1825 series.xlsx|Graaff-Reinet 1825|371
Graaff-Reinet,372,4405,1825 series.xlsx|Graaff-Reinet 1825|372
Graaff-Reinet,373,4406,1825 series.xlsx|Graaff-Reinet 1825|373
Graaff-Reinet,374,4407,1825 series.xlsx|Graaff-Reinet 1825|374
Graaff-Reinet,375,4408,1825 series.xlsx|Graaff-Reinet 1825|375
Graaff-Reinet,376,4409,1825 series.xlsx|Graaff-Reinet 1825|376
Graaff-Reinet,377,4410,1825 series.xlsx|Graaff-Reinet 1825|377
Graaff-Reinet,378,4411,1825 series.xlsx|Graaff-Reinet 1825|378
Graaff-Reinet,379,4412,1825 series.xlsx|Graaff-Reinet 1825|379
Graaff-Reinet,380,4413,1825 series.xlsx|Graaff-Reinet 1825|380
Graaff-Reinet,381,4414,1825 series.xlsx|Graaff-Reinet 1825|381
Graaff-Reinet,382,4415,1825 series.xlsx|Graaff-Reinet 1825|382
Graaff-Reinet,383,4416,1825 series.xlsx|Graaff-Reinet 1825|383
Graaff-Reinet,384,4417,1825 series.xlsx|Graaff-Reinet 1825|384
Graaff-Reinet,385,4418,1825 series.xlsx|Graaff-Reinet 1825|385
Graaff-Reinet,386,4419,1825 series.xlsx|Graaff-Reinet 1825|386
Graaff-Reinet,387,4420,1825 series.xlsx|Graaff-Reinet 1825|387
Graaff-Reinet,388,4421,1825 series.xlsx|Graaff-Reinet 1825|388
Graaff-Reinet,389,4422,1825 series.xlsx|Graaff-Reinet 1825|389
Graaff-Reinet,390,4423,1825 series.xlsx|Graaff-Reinet 1825|390
Graaff-Reinet,391,4424,1825 series.xlsx|Graaff-Reinet 1825|391
Graaff-Reinet,392,4425,1825 series.xlsx|Graaff-Reinet 1825|392
Graaff-Reinet,393,4426,1825 series.xlsx|Graaff-Reinet 1825|393
Graaff-Reinet,394,4427,1825 series.xlsx|Graaff-Reinet 1825|394
Graaff-Reinet,395,4428,1825 series.xlsx|Graaff-Reinet 1825|395
Graaff-Reinet,396,4429,1825 series.xlsx|Graaff-Reinet 1825|396
Graaff-Reinet,397,4430,1825 series.xlsx|Graaff-Reinet 1825|397
Graaff-Reinet,398,4431,1825 series.xlsx|Graaff-Reinet 1825|398
Graaff-Reinet,399,4432,1825 series.xlsx|Graaff-Reinet 1825|399
Graaff-Reinet,400,4433,1825 series.xlsx|Graaff-Reinet 1825|400
Graaff-Reinet,401,4434,1825 series.xlsx|Graaff-Reinet 1825|401
Graaff-Reinet,402,4435,1825 series.xlsx|Graaff-Reinet 1825|402
Graaff-Reinet,403,4436,1825 series.xlsx|Graaff-Reinet 1825|403
Graaff-Reinet,404,4437,1825 series.xlsx|Graaff-Reinet 1825|404
Graaff-Reinet,405,4438,1825 series.xlsx|Graaff-Reinet 1825|405
Graaff-Reinet,406,4439,1825 series.xlsx|Graaff-Reinet 1825|406
Graaff-Reinet,407,4440,1825 series.xlsx|Graaff-Reinet 1825|407
Graaff-Reinet,408,4441,1825 series.xlsx|Graaff-Reinet 1825|408
Graaff-Reinet,409,4442,1825 series.xlsx|Graaff-Reinet 1825|409
Graaff-Reinet,410,4443,1825 series.xlsx|Graaff-Reinet 1825|410
Graaff-Reinet,411,4444,1825 series.xlsx|Graaff-Reinet 1825|411
Graaff-Reinet,412,4445,1825 series.xlsx|Graaff-Reinet 1825|412
Graaff-Reinet,413,4446,1825 series.xlsx|Graaff-Reinet 1825|413
Graaff-Reinet,414,4447,1825 series.xlsx|Graaff-Reinet 1825|414
Graaff-Reinet,415,4448,1825 series.xlsx|Graaff-Reinet 1825|415
Graaff-Reinet,416,4449,1825 series.xlsx|Graaff-Reinet 1825|416
Graaff-Reinet,417,4450,1825 series.xlsx|Graaff-Reinet 1825|417
Graaff-Reinet,418,4451,1825 series.xlsx|Graaff-Reinet 1825|418
Graaff-Reinet,419,4452,1825 series.xlsx|Graaff-Reinet 1825|419
Graaff-Reinet,420,4453,1825 series.xlsx|Graaff-Reinet 1825|420
Graaff-Reinet,421,4454,1825 series.xlsx|Graaff-Reinet 1825|421
Graaff-Reinet,422,4455,1825 series.xlsx|Graaff-Reinet 1825|422
Graaff-Reinet,423,4456,1825 series.xlsx|Graaff-Reinet 1825|423
Graaff-Reinet,424,4457,1825 series.xlsx|Graaff-Reinet 1825|424
Graaff-Reinet,425,4458,1825 series.xlsx|Graaff-Reinet 1825|425
Graaff-Reinet,426,4459,1825 series.xlsx|Graaff-Reinet 1825|426
Graaff-Reinet,427,4460,1825 series.xlsx|Graaff-Reinet 1825|427
Graaff-Reinet,428,4461,1825 series.xlsx|Graaff-Reinet 1825|428
Graaff-Reinet,429,4462,1825 series.xlsx|Graaff-Reinet 1825|429
Graaff-Reinet,430,4463,1825 series.xlsx|Graaff-Reinet 1825|430
Graaff-Reinet,431,4464,1825 series.xlsx|Graaff-Reinet 1825|431
Graaff-Reinet,432,4465,1825 series.xlsx|Graaff-Reinet 1825|432
Graaff-Reinet,433,4466,1825 series.xlsx|Graaff-Reinet 1825|433
Graaff-Reinet,434,4467,1825 series.xlsx|Graaff-Reinet 1825|434
Graaff-Reinet,435,4468,1825 series.xlsx|Graaff-Reinet 1825|435
Graaff-Reinet,436,4469,1825 series.xlsx|Graaff-Reinet 1825|436
Graaff-Reinet,437,4470,1825 series.xlsx|Graaff-Reinet 1825|437
Graaff-Reinet,438,4471,1825 series.xlsx|Graaff-Reinet 1825|438
Graaff-Reinet,439,4472,1825 series.xlsx|Graaff-Reinet 1825|439
Graaff-Reinet,440,4473,1825 series.xlsx|Graaff-Reinet 1825|440
Graaff-Reinet,441,4474,1825 series.xlsx|Graaff-Reinet 1825|441
Graaff-Reinet,442,4475,1825 series.xlsx|Graaff-Reinet 1825|442
Graaff-Reinet,443,4476,1825 series.xlsx|Graaff-Reinet 1825|443
Graaff-Reinet,444,4477,1825 series.xlsx|Graaff-Reinet 1825|444
Graaff-Reinet,445,4478,1825 series.xlsx|Graaff-Reinet 1825|445
Graaff-Reinet,446,4479,1825 series.xlsx|Graaff-Reinet 1825|446
Graaff-Reinet,447,4480,1825 series.xlsx|Graaff-Reinet 1825|447
Graaff-Reinet,448,4481,1825 series.xlsx|Graaff-Reinet 1825|448
Graaff-Reinet,449,4482,1825 series.xlsx|Graaff-Reinet 1825|449
Graaff-Reinet,450,4483,1825 series.xlsx|Graaff-Reinet 1825|450
Graaff-Reinet,451,4484,1825 series.xlsx|Graaff-Reinet 1825|451
Graaff-Reinet,452,4485,1825 series.xlsx|Graaff-Reinet 1825|452
Graaff-Reinet,453,4486,1825 series.xlsx|Graaff-Reinet 1825|453
Graaff-Reinet,454,4487,1825 series.xlsx|Graaff-Reinet 1825|454
Graaff-Reinet,455,4488,1825 series.xlsx|Graaff-Reinet 1825|455
Graaff-Reinet,456,4489,1825 series.xlsx|Graaff-Reinet 1825|456
Graaff-Reinet,457,4490,1825 series.xlsx|Graaff-Reinet 1825|457
Graaff-Reinet,458,4491,1825 series.xlsx|Graaff-Reinet 1825|458
Graaff-Reinet,459,4492,1825 series.xlsx|Graaff-Reinet 1825|459
Graaff-Reinet,460,4493,1825 series.xlsx|Graaff-Reinet 1825|460
Graaff-Reinet,461,4494,1825 series.xlsx|Graaff-Reinet 1825|461
Graaff-Reinet,462,4495,1825 series.xlsx|Graaff-Reinet 1825|462
Graaff-Reinet,463,4496,1825 series.xlsx|Graaff-Reinet 1825|463
Graaff-Reinet,464,4497,1825 series.xlsx|Graaff-Reinet 1825|464
Graaff-Reinet,465,4498,1825 series.xlsx|Graaff-Reinet 1825|465
Graaff-Reinet,466,4499,1825 series.xlsx|Graaff-Reinet 1825|466
Graaff-Reinet,467,4500,1825 series.xlsx|Graaff-Reinet 1825|467
Graaff-Reinet,468,4501,1825 series.xlsx|Graaff-Reinet 1825|468
Graaff-Reinet,469,4502,1825 series.xlsx|Graaff-Reinet 1825|469
Graaff-Reinet,471,4503,1825 series.xlsx|Graaff-Reinet 1825|471
Graaff-Reinet,472,4504,1825 series.xlsx|Graaff-Reinet 1825|472
Graaff-Reinet,473,4505,1825 series.xlsx|Graaff-Reinet 1825|473
Graaff-Reinet,474,4506,1825 series.xlsx|Graaff-Reinet 1825|474
Graaff-Reinet,475,4507,1825 series.xlsx|Graaff-Reinet 1825|475
Graaff-Reinet,476,4508,1825 series.xlsx|Graaff-Reinet 1825|476
Graaff-Reinet,477,4509,1825 series.xlsx|Graaff-Reinet 1825|477
Graaff-Reinet,478,4510,1825 series.xlsx|Graaff-Reinet 1825|478
Graaff-Reinet,479,4511,1825 series.xlsx|Graaff-Reinet 1825|479
Graaff-Reinet,480,4512,1825 series.xlsx|Graaff-Reinet 1825|480
Graaff-Reinet,481,4513,1825 series.xlsx|Graaff-Reinet 1825|481
Graaff-Reinet,482,4514,1825 series.xlsx|Graaff-Reinet 1825|482
Graaff-Reinet,483,4515,1825 series.xlsx|Graaff-Reinet 1825|483
Graaff-Reinet,484,4516,1825 series.xlsx|Graaff-Reinet 1825|484
Graaff-Reinet,485,4517,1825 series.xlsx|Graaff-Reinet 1825|485
Graaff-Reinet,486,4518,1825 series.xlsx|Graaff-Reinet 1825|486
Graaff-Reinet,487,4519,1825 series.xlsx|Graaff-Reinet 1825|487
Graaff-Reinet,488,4520,1825 series.xlsx|Graaff-Reinet 1825|488
Graaff-Reinet,489,4521,1825 series.xlsx|Graaff-Reinet 1825|489
Graaff-Reinet,490,4522,1825 series.xlsx|Graaff-Reinet 1825|490
Graaff-Reinet,491,4523,1825 series.xlsx|Graaff-Reinet 1825|491
Graaff-Reinet,492,4524,1825 series.xlsx|Graaff-Reinet 1825|492
Graaff-Reinet,493,4525,1825 series.xlsx|Graaff-Reinet 1825|493
Graaff-Reinet,494,4526,1825 series.xlsx|Graaff-Reinet 1825|494
Graaff-Reinet,495,4527,1825 series.xlsx|Graaff-Reinet 1825|495
Graaff-Reinet,496,4528,1825 series.xlsx|Graaff-Reinet 1825|496
Graaff-Reinet,497,4529,1825 series.xlsx|Graaff-Reinet 1825|497
Graaff-Reinet,498,4530,1825 series.xlsx|Graaff-Reinet 1825|498
Graaff-Reinet,499,4531,1825 series.xlsx|Graaff-Reinet 1825|499
Graaff-Reinet,500,4532,1825 series.xlsx|Graaff-Reinet 1825|500
Graaff-Reinet,501,4533,1825 series.xlsx|Graaff-Reinet 1825|501
Graaff-Reinet,502,4534,1825 series.xlsx|Graaff-Reinet 1825|502
Graaff-Reinet,503,4535,1825 series.xlsx|Graaff-Reinet 1825|503
Graaff-Reinet,504,4536,1825 series.xlsx|Graaff-Reinet 1825|504
Graaff-Reinet,505,4537,1825 series.xlsx|Graaff-Reinet 1825|505
Graaff-Reinet,506,4538,1825 series.xlsx|Graaff-Reinet 1825|506
Graaff-Reinet,507,4539,1825 series.xlsx|Graaff-Reinet 1825|507
Graaff-Reinet,508,4540,1825 series.xlsx|Graaff-Reinet 1825|508
Graaff-Reinet,509,4541,1825 series.xlsx|Graaff-Reinet 1825|509
Graaff-Reinet,510,4542,1825 series.xlsx|Graaff-Reinet 1825|510
Graaff-Reinet,511,4543,1825 series.xlsx|Graaff-Reinet 1825|511
Graaff-Reinet,512,4544,1825 series.xlsx|Graaff-Reinet 1825|512
Graaff-Reinet,513,4545,1825 series.xlsx|Graaff-Reinet 1825|513
Graaff-Reinet,514,4546,1825 series.xlsx|Graaff-Reinet 1825|514
Graaff-Reinet,515,4547,1825 series.xlsx|Graaff-Reinet 1825|515
Graaff-Reinet,516,4548,1825 series.xlsx|Graaff-Reinet 1825|516
Graaff-Reinet,517,4549,1825 series.xlsx|Graaff-Reinet 1825|517
Graaff-Reinet,518,4550,1825 series.xlsx|Graaff-Reinet 1825|518
Graaff-Reinet,519,4551,1825 series.xlsx|Graaff-Reinet 1825|519
Graaff-Reinet,520,4552,1825 series.xlsx|Graaff-Reinet 1825|520
Graaff-Reinet,521,4553,1825 series.xlsx|Graaff-Reinet 1825|521
Graaff-Reinet,522,4554,1825 series.xlsx|Graaff-Reinet 1825|522
Graaff-Reinet,523,4555,1825 series.xlsx|Graaff-Reinet 1825|523
Graaff-Reinet,524,4556,1825 series.xlsx|Graaff-Reinet 1825|524
Graaff-Reinet,525,4557,1825 series.xlsx|Graaff-Reinet 1825|525
Graaff-Reinet,526,4558,1825 series.xlsx|Graaff-Reinet 1825|526
Graaff-Reinet,527,4559,1825 series.xlsx|Graaff-Reinet 1825|527
Graaff-Reinet,528,4560,1825 series.xlsx|Graaff-Reinet 1825|528
Graaff-Reinet,529,4561,1825 series.xlsx|Graaff-Reinet 1825|529
Graaff-Reinet,530,4562,1825 series.xlsx|Graaff-Reinet 1825|530
Graaff-Reinet,531,4563,1825 series.xlsx|Graaff-Reinet 1825|531
Graaff-Reinet,532,4564,1825 series.xlsx|Graaff-Reinet 1825|532
Graaff-Reinet,533,4565,1825 series.xlsx|Graaff-Reinet 1825|533
Graaff-Reinet,534,4566,1825 series.xlsx|Graaff-Reinet 1825|534
Graaff-Reinet,535,4567,1825 series.xlsx|Graaff-Reinet 1825|535
Graaff-Reinet,536,4568,1825 series.xlsx|Graaff-Reinet 1825|536
Graaff-Reinet,537,4569,1825 series.xlsx|Graaff-Reinet 1825|537
Graaff-Reinet,538,4570,1825 series.xlsx|Graaff-Reinet 1825|538
Graaff-Reinet,539,4571,1825 series.xlsx|Graaff-Reinet 1825|539
Graaff-Reinet,540,4572,1825 series.xlsx|Graaff-Reinet 1825|540
Graaff-Reinet,541,4573,1825 series.xlsx|Graaff-Reinet 1825|541
Graaff-Reinet,542,4574,1825 series.xlsx|Graaff-Reinet 1825|542
Graaff-Reinet,543,4575,1825 series.xlsx|Graaff-Reinet 1825|543
Graaff-Reinet,544,4576,1825 series.xlsx|Graaff-Reinet 1825|544
Graaff-Reinet,545,4577,1825 series.xlsx|Graaff-Reinet 1825|545
Graaff-Reinet,546,4578,1825 series.xlsx|Graaff-Reinet 1825|546
Graaff-Reinet,547,4579,1825 series.xlsx|Graaff-Reinet 1825|547
Graaff-Reinet,548,4580,1825 series.xlsx|Graaff-Reinet 1825|548
Graaff-Reinet,549,4581,1825 series.xlsx|Graaff-Reinet 1825|549
Graaff-Reinet,550,4582,1825 series.xlsx|Graaff-Reinet 1825|550
Graaff-Reinet,551,4583,1825 series.xlsx|Graaff-Reinet 1825|551
Graaff-Reinet,552,4584,1825 series.xlsx|Graaff-Reinet 1825|552
Graaff-Reinet,553,4585,1825 series.xlsx|Graaff-Reinet 1825|553
Graaff-Reinet,554,4586,1825 series.xlsx|Graaff-Reinet 1825|554
Graaff-Reinet,555,4587,1825 series.xlsx|Graaff-Reinet 1825|555
Graaff-Reinet,556,4588,1825 series.xlsx|Graaff-Reinet 1825|556
Graaff-Reinet,557,4589,1825 series.xlsx|Graaff-Reinet 1825|557
Graaff-Reinet,558,4590,1825 series.xlsx|Graaff-Reinet 1825|558
Graaff-Reinet,559,4591,1825 series.xlsx|Graaff-Reinet 1825|559
Graaff-Reinet,560,4592,1825 series.xlsx|Graaff-Reinet 1825|560
Graaff-Reinet,561,4593,1825 series.xlsx|Graaff-Reinet 1825|561
Graaff-Reinet,562,4594,1825 series.xlsx|Graaff-Reinet 1825|562
Graaff-Reinet,563,4595,1825 series.xlsx|Graaff-Reinet 1825|563
Graaff-Reinet,564,4596,1825 series.xlsx|Graaff-Reinet 1825|564
Graaff-Reinet,565,4597,1825 series.xlsx|Graaff-Reinet 1825|565
Graaff-Reinet,566,4598,1825 series.xlsx|Graaff-Reinet 1825|566
Graaff-Reinet,567,4599,1825 series.xlsx|Graaff-Reinet 1825|567
Graaff-Reinet,568,4600,1825 series.xlsx|Graaff-Reinet 1825|568
Graaff-Reinet,569,4601,1825 series.xlsx|Graaff-Reinet 1825|569
Graaff-Reinet,570,4602,1825 series.xlsx|Graaff-Reinet 1825|570
Graaff-Reinet,571,4603,1825 series.xlsx|Graaff-Reinet 1825|571
Graaff-Reinet,572,4604,1825 series.xlsx|Graaff-Reinet 1825|572
Graaff-Reinet,573,4605,1825 series.xlsx|Graaff-Reinet 1825|573
Graaff-Reinet,574,4606,1825 series.xlsx|Graaff-Reinet 1825|574
Graaff-Reinet,575,4607,1825 series.xlsx|Graaff-Reinet 1825|575
Graaff-Reinet,576,4608,1825 series.xlsx|Graaff-Reinet 1825|576
Graaff-Reinet,577,4609,1825 series.xlsx|Graaff-Reinet 1825|577
Graaff-Reinet,578,4610,1825 series.xlsx|Graaff-Reinet 1825|578
Graaff-Reinet,579,4611,1825 series.xlsx|Graaff-Reinet 1825|579
Graaff-Reinet,580,4612,1825 series.xlsx|Graaff-Reinet 1825|580
Graaff-Reinet,581,4613,1825 series.xlsx|Graaff-Reinet 1825|581
Graaff-Reinet,582,4614,1825 series.xlsx|Graaff-Reinet 1825|582
Graaff-Reinet,583,4615,1825 series.xlsx|Graaff-Reinet 1825|583
Graaff-Reinet,584,4616,1825 series.xlsx|Graaff-Reinet 1825|584
Graaff-Reinet,585,4617,1825 series.xlsx|Graaff-Reinet 1825|585
Graaff-Reinet,586,4618,1825 series.xlsx|Graaff-Reinet 1825|586
Graaff-Reinet,587,4619,1825 series.xlsx|Graaff-Reinet 1825|587
Graaff-Reinet,588,4620,1825 series.xlsx|Graaff-Reinet 1825|588
Graaff-Reinet,589,4621,1825 series.xlsx|Graaff-Reinet 1825|589
Graaff-Reinet,590,4622,1825 series.xlsx|Graaff-Reinet 1825|590
Graaff-Reinet,591,4623,1825 series.xlsx|Graaff-Reinet 1825|591
Graaff-Reinet,592,4624,1825 series.xlsx|Graaff-Reinet 1825|592
Graaff-Reinet,593,4625,1825 series.xlsx|Graaff-Reinet 1825|593
Graaff-Reinet,594,4626,1825 series.xlsx|Graaff-Reinet 1825|594
Graaff-Reinet,595,4627,1825 series.xlsx|Graaff-Reinet 1825|595
Graaff-Reinet,596,4628,1825 series.xlsx|Graaff-Reinet 1825|596
Graaff-Reinet,597,4629,1825 series.xlsx|Graaff-Reinet 1825|597
Graaff-Reinet,598,4630,1825 series.xlsx|Graaff-Reinet 1825|598
Graaff-Reinet,599,4631,1825 series.xlsx|Graaff-Reinet 1825|599
Graaff-Reinet,600,4632,1825 series.xlsx|Graaff-Reinet 1825|600
Graaff-Reinet,601,4633,1825 series.xlsx|Graaff-Reinet 1825|601
Graaff-Reinet,602,4634,1825 series.xlsx|Graaff-Reinet 1825|602
Graaff-Reinet,603,4635,1825 series.xlsx|Graaff-Reinet 1825|603
Graaff-Reinet,604,4636,1825 series.xlsx|Graaff-Reinet 1825|604
Graaff-Reinet,605,4637,1825 series.xlsx|Graaff-Reinet 1825|605
Graaff-Reinet,606,4638,1825 series.xlsx|Graaff-Reinet 1825|606
Graaff-Reinet,607,4639,1825 series.xlsx|Graaff-Reinet 1825|607
Graaff-Reinet,608,4640,1825 series.xlsx|Graaff-Reinet 1825|608
Graaff-Reinet,609,4641,1825 series.xlsx|Graaff-Reinet 1825|609
Graaff-Reinet,610,4642,1825 series.xlsx|Graaff-Reinet 1825|610
Graaff-Reinet,611,4643,1825 series.xlsx|Graaff-Reinet 1825|611
Graaff-Reinet,612,4644,1825 series.xlsx|Graaff-Reinet 1825|612
Graaff-Reinet,613,4645,1825 series.xlsx|Graaff-Reinet 1825|613
Graaff-Reinet,614,4646,1825 series.xlsx|Graaff-Reinet 1825|614
Graaff-Reinet,615,4647,1825 series.xlsx|Graaff-Reinet 1825|615
Graaff-Reinet,616,4648,1825 series.xlsx|Graaff-Reinet 1825|616
Graaff-Reinet,617,4649,1825 series.xlsx|Graaff-Reinet 1825|617
Graaff-Reinet,618,4650,1825 series.xlsx|Graaff-Reinet 1825|618
Graaff-Reinet,619,4651,1825 series.xlsx|Graaff-Reinet 1825|619
Graaff-Reinet,620,4652,1825 series.xlsx|Graaff-Reinet 1825|620
Graaff-Reinet,621,4653,1825 series.xlsx|Graaff-Reinet 1825|621
Graaff-Reinet,622,4654,1825 series.xlsx|Graaff-Reinet 1825|622
Graaff-Reinet,623,4655,1825 series.xlsx|Graaff-Reinet 1825|623
Graaff-Reinet,624,4656,1825 series.xlsx|Graaff-Reinet 1825|624
Graaff-Reinet,625,4657,1825 series.xlsx|Graaff-Reinet 1825|625
Graaff-Reinet,626,4658,1825 series.xlsx|Graaff-Reinet 1825|626
Graaff-Reinet,627,4659,1825 series.xlsx|Graaff-Reinet 1825|627
Graaff-Reinet,628,4660,1825 series.xlsx|Graaff-Reinet 1825|628
Graaff-Reinet,629,4661,1825 series.xlsx|Graaff-Reinet 1825|629
Graaff-Reinet,630,4662,1825 series.xlsx|Graaff-Reinet 1825|630
Graaff-Reinet,631,4663,1825 series.xlsx|Graaff-Reinet 1825|631
Graaff-Reinet,632,4664,1825 series.xlsx|Graaff-Reinet 1825|632
Graaff-Reinet,633,4665,1825 series.xlsx|Graaff-Reinet 1825|633
Graaff-Reinet,634,4666,1825 series.xlsx|Graaff-Reinet 1825|634
Graaff-Reinet,635,4667,1825 series.xlsx|Graaff-Reinet 1825|635
Graaff-Reinet,636,4668,1825 series.xlsx|Graaff-Reinet 1825|636
Graaff-Reinet,637,4669,1825 series.xlsx|Graaff-Reinet 1825|637
Graaff-Reinet,638,4670,1825 series.xlsx|Graaff-Reinet 1825|638
Graaff-Reinet,639,4671,1825 series.xlsx|Graaff-Reinet 1825|639
Graaff-Reinet,640,4672,1825 series.xlsx|Graaff-Reinet 1825|640
Graaff-Reinet,641,4673,1825 series.xlsx|Graaff-Reinet 1825|641
Graaff-Reinet,642,4674,1825 series.xlsx|Graaff-Reinet 1825|642
Graaff-Reinet,643,4675,1825 series.xlsx|Graaff-Reinet 1825|643
Graaff-Reinet,644,4676,1825 series.xlsx|Graaff-Reinet 1825|644
Graaff-Reinet,645,4677,1825 series.xlsx|Graaff-Reinet 1825|645
Graaff-Reinet,646,4678,1825 series.xlsx|Graaff-Reinet 1825|646
Graaff-Reinet,647,4679,1825 series.xlsx|Graaff-Reinet 1825|647
Graaff-Reinet,648,4680,1825 series.xlsx|Graaff-Reinet 1825|648
Graaff-Reinet,649,4681,1825 series.xlsx|Graaff-Reinet 1825|649
Graaff-Reinet,650,4682,1825 series.xlsx|Graaff-Reinet 1825|650
Graaff-Reinet,651,4683,1825 series.xlsx|Graaff-Reinet 1825|651
Graaff-Reinet,652,4684,1825 series.xlsx|Graaff-Reinet 1825|652
Graaff-Reinet,653,4685,1825 series.xlsx|Graaff-Reinet 1825|653
Graaff-Reinet,654,4686,1825 series.xlsx|Graaff-Reinet 1825|654
Graaff-Reinet,655,4687,1825 series.xlsx|Graaff-Reinet 1825|655
Graaff-Reinet,656,4688,1825 series.xlsx|Graaff-Reinet 1825|656
Graaff-Reinet,657,4689,1825 series.xlsx|Graaff-Reinet 1825|657
Graaff-Reinet,658,4690,1825 series.xlsx|Graaff-Reinet 1825|658
Graaff-Reinet,659,4691,1825 series.xlsx|Graaff-Reinet 1825|659
Graaff-Reinet,660,4692,1825 series.xlsx|Graaff-Reinet 1825|660
Graaff-Reinet,661,4693,1825 series.xlsx|Graaff-Reinet 1825|661
Graaff-Reinet,662,4694,1825 series.xlsx|Graaff-Reinet 1825|662
Graaff-Reinet,663,4695,1825 series.xlsx|Graaff-Reinet 1825|663
Graaff-Reinet,664,4696,1825 series.xlsx|Graaff-Reinet 1825|664
Graaff-Reinet,665,4697,1825 series.xlsx|Graaff-Reinet 1825|665
Graaff-Reinet,666,4698,1825 series.xlsx|Graaff-Reinet 1825|666
Graaff-Reinet,667,4699,1825 series.xlsx|Graaff-Reinet 1825|667
Graaff-Reinet,668,4700,1825 series.xlsx|Graaff-Reinet 1825|668
Graaff-Reinet,669,4701,1825 series.xlsx|Graaff-Reinet 1825|669
Graaff-Reinet,670,4702,1825 series.xlsx|Graaff-Reinet 1825|670
Graaff-Reinet,671,4703,1825 series.xlsx|Graaff-Reinet 1825|671
Graaff-Reinet,672,4704,1825 series.xlsx|Graaff-Reinet 1825|672
Graaff-Reinet,673,4705,1825 series.xlsx|Graaff-Reinet 1825|673
Graaff-Reinet,674,4706,1825 series.xlsx|Graaff-Reinet 1825|674
Graaff-Reinet,675,4707,1825 series.xlsx|Graaff-Reinet 1825|675
Graaff-Reinet,676,4708,1825 series.xlsx|Graaff-Reinet 1825|676
Graaff-Reinet,677,4709,1825 series.xlsx|Graaff-Reinet 1825|677
Graaff-Reinet,678,4710,1825 series.xlsx|Graaff-Reinet 1825|678
Graaff-Reinet,679,4711,1825 series.xlsx|Graaff-Reinet 1825|679
Graaff-Reinet,680,4712,1825 series.xlsx|Graaff-Reinet 1825|680
Graaff-Reinet,681,4713,1825 series.xlsx|Graaff-Reinet 1825|681
Graaff-Reinet,682,4714,1825 series.xlsx|Graaff-Reinet 1825|682
Graaff-Reinet,683,4715,1825 series.xlsx|Graaff-Reinet 1825|683
Graaff-Reinet,684,4716,1825 series.xlsx|Graaff-Reinet 1825|684
Graaff-Reinet,685,4717,1825 series.xlsx|Graaff-Reinet 1825|685
Graaff-Reinet,686,4718,1825 series.xlsx|Graaff-Reinet 1825|686
Graaff-Reinet,687,4719,1825 series.xlsx|Graaff-Reinet 1825|687
Graaff-Reinet,688,4720,1825 series.xlsx|Graaff-Reinet 1825|688
Graaff-Reinet,689,4721,1825 series.xlsx|Graaff-Reinet 1825|689
Graaff-Reinet,690,4722,1825 series.xlsx|Graaff-Reinet 1825|690
Graaff-Reinet,691,4723,1825 series.xlsx|Graaff-Reinet 1825|691
Graaff-Reinet,692,4724,1825 series.xlsx|Graaff-Reinet 1825|692
Graaff-Reinet,693,4725,1825 series.xlsx|Graaff-Reinet 1825|693
Graaff-Reinet,694,4726,1825 series.xlsx|Graaff-Reinet 1825|694
Graaff-Reinet,695,4727,1825 series.xlsx|Graaff-Reinet 1825|695
Graaff-Reinet,696,4728,1825 series.xlsx|Graaff-Reinet 1825|696
Graaff-Reinet,697,4729,1825 series.xlsx|Graaff-Reinet 1825|697
Graaff-Reinet,698,4730,1825 series.xlsx|Graaff-Reinet 1825|698
Graaff-Reinet,699,4731,1825 series.xlsx|Graaff-Reinet 1825|699
Graaff-Reinet,700,4732,1825 series.xlsx|Graaff-Reinet 1825|700
Graaff-Reinet,701,4733,1825 series.xlsx|Graaff-Reinet 1825|701
Graaff-Reinet,702,4734,1825 series.xlsx|Graaff-Reinet 1825|702
Graaff-Reinet,703,4735,1825 series.xlsx|Graaff-Reinet 1825|703
Graaff-Reinet,704,4736,1825 series.xlsx|Graaff-Reinet 1825|704
Graaff-Reinet,705,4737,1825 series.xlsx|Graaff-Reinet 1825|705
Graaff-Reinet,706,4738,1825 series.xlsx|Graaff-Reinet 1825|706
Graaff-Reinet,707,4739,1825 series.xlsx|Graaff-Reinet 1825|707
Graaff-Reinet,708,4740,1825 series.xlsx|Graaff-Reinet 1825|708
Graaff-Reinet,709,4741,1825 series.xlsx|Graaff-Reinet 1825|709
Graaff-Reinet,710,4742,1825 series.xlsx|Graaff-Reinet 1825|710
Graaff-Reinet,711,4743,1825 series.xlsx|Graaff-Reinet 1825|711
Graaff-Reinet,712,4744,1825 series.xlsx|Graaff-Reinet 1825|712
Graaff-Reinet,713,4745,1825 series.xlsx|Graaff-Reinet 1825|713
Graaff-Reinet,714,4746,1825 series.xlsx|Graaff-Reinet 1825|714
Graaff-Reinet,715,4747,1825 series.xlsx|Graaff-Reinet 1825|715
Graaff-Reinet,716,4748,1825 series.xlsx|Graaff-Reinet 1825|716
Graaff-Reinet,717,4749,1825 series.xlsx|Graaff-Reinet 1825|717
Graaff-Reinet,718,4750,1825 series.xlsx|Graaff-Reinet 1825|718
Graaff-Reinet,719,4751,1825 series.xlsx|Graaff-Reinet 1825|719
Graaff-Reinet,720,4752,1825 series.xlsx|Graaff-Reinet 1825|720
Graaff-Reinet,721,4753,1825 series.xlsx|Graaff-Reinet 1825|721
Graaff-Reinet,722,4754,1825 series.xlsx|Graaff-Reinet 1825|722
Graaff-Reinet,723,4755,1825 series.xlsx|Graaff-Reinet 1825|723
Graaff-Reinet,724,4756,1825 series.xlsx|Graaff-Reinet 1825|724
Graaff-Reinet,725,4757,1825 series.xlsx|Graaff-Reinet 1825|725
Graaff-Reinet,726,4758,1825 series.xlsx|Graaff-Reinet 1825|726
Graaff-Reinet,727,4759,1825 series.xlsx|Graaff-Reinet 1825|727
Graaff-Reinet,728,4760,1825 series.xlsx|Graaff-Reinet 1825|728
Graaff-Reinet,729,4761,1825 series.xlsx|Graaff-Reinet 1825|729
Graaff-Reinet,730,4762,1825 series.xlsx|Graaff-Reinet 1825|730
Graaff-Reinet,731,4763,1825 series.xlsx|Graaff-Reinet 1825|731
Graaff-Reinet,733,4764,1825 series.xlsx|Graaff-Reinet 1825|733
Graaff-Reinet,734,4765,1825 series.xlsx|Graaff-Reinet 1825|734
Graaff-Reinet,735,4766,1825 series.xlsx|Graaff-Reinet 1825|735
Graaff-Reinet,736,4767,1825 series.xlsx|Graaff-Reinet 1825|736
Graaff-Reinet,737,4768,1825 series.xlsx|Graaff-Reinet 1825|737
Graaff-Reinet,738,4769,1825 series.xlsx|Graaff-Reinet 1825|738
Graaff-Reinet,739,4770,1825 series.xlsx|Graaff-Reinet 1825|739
Graaff-Reinet,740,4771,1825 series.xlsx|Graaff-Reinet 1825|740
Graaff-Reinet,741,4772,1825 series.xlsx|Graaff-Reinet 1825|741
Graaff-Reinet,742,4773,1825 series.xlsx|Graaff-Reinet 1825|742
Graaff-Reinet,743,4774,1825 series.xlsx|Graaff-Reinet 1825|743
Graaff-Reinet,744,4775,1825 series.xlsx|Graaff-Reinet 1825|744
Graaff-Reinet,745,4776,1825 series.xlsx|Graaff-Reinet 1825|745
Graaff-Reinet,746,4777,1825 series.xlsx|Graaff-Reinet 1825|746
Graaff-Reinet,747,4778,1825 series.xlsx|Graaff-Reinet 1825|747
Graaff-Reinet,748,4779,1825 series.xlsx|Graaff-Reinet 1825|748
Graaff-Reinet,749,4780,1825 series.xlsx|Graaff-Reinet 1825|749
Graaff-Reinet,750,4781,1825 series.xlsx|Graaff-Reinet 1825|750
Graaff-Reinet,751,4782,1825 series.xlsx|Graaff-Reinet 1825|751
Graaff-Reinet,752,4783,1825 series.xlsx|Graaff-Reinet 1825|752
Graaff-Reinet,753,4784,1825 series.xlsx|Graaff-Reinet 1825|753
Graaff-Reinet,754,4785,1825 series.xlsx|Graaff-Reinet 1825|754
Graaff-Reinet,755,4786,1825 series.xlsx|Graaff-Reinet 1825|755
Graaff-Reinet,756,4787,1825 series.xlsx|Graaff-Reinet 1825|756
Graaff-Reinet,757,4788,1825 series.xlsx|Graaff-Reinet 1825|757
Graaff-Reinet,758,4789,1825 series.xlsx|Graaff-Reinet 1825|758
Graaff-Reinet,759,4790,1825 series.xlsx|Graaff-Reinet 1825|759
Graaff-Reinet,760,4791,1825 series.xlsx|Graaff-Reinet 1825|760
Graaff-Reinet,761,4792,1825 series.xlsx|Graaff-Reinet 1825|761
Graaff-Reinet,762,4793,1825 series.xlsx|Graaff-Reinet 1825|762
Graaff-Reinet,763,4794,1825 series.xlsx|Graaff-Reinet 1825|763
Graaff-Reinet,764,4795,1825 series.xlsx|Graaff-Reinet 1825|764
Graaff-Reinet,765,4796,1825 series.xlsx|Graaff-Reinet 1825|765
Graaff-Reinet,766,4797,1825 series.xlsx|Graaff-Reinet 1825|766
Graaff-Reinet,767,4798,1825 series.xlsx|Graaff-Reinet 1825|767
Graaff-Reinet,768,4799,1825 series.xlsx|Graaff-Reinet 1825|768
Graaff-Reinet,769,4800,1825 series.xlsx|Graaff-Reinet 1825|769
Graaff-Reinet,770,4801,1825 series.xlsx|Graaff-Reinet 1825|770
Graaff-Reinet,771,4802,1825 series.xlsx|Graaff-Reinet 1825|771
Graaff-Reinet,772,4803,1825 series.xlsx|Graaff-Reinet 1825|772
Graaff-Reinet,773,4804,1825 series.xlsx|Graaff-Reinet 1825|773
Graaff-Reinet,774,4805,1825 series.xlsx|Graaff-Reinet 1825|774
Graaff-Reinet,775,4806,1825 series.xlsx|Graaff-Reinet 1825|775
Graaff-Reinet,776,4807,1825 series.xlsx|Graaff-Reinet 1825|776
Graaff-Reinet,777,4808,1825 series.xlsx|Graaff-Reinet 1825|777
Graaff-Reinet,778,4809,1825 series.xlsx|Graaff-Reinet 1825|778
Graaff-Reinet,779,4810,1825 series.xlsx|Graaff-Reinet 1825|779
Graaff-Reinet,780,4811,1825 series.xlsx|Graaff-Reinet 1825|780
Graaff-Reinet,781,4812,1825 series.xlsx|Graaff-Reinet 1825|781
Graaff-Reinet,782,4813,1825 series.xlsx|Graaff-Reinet 1825|782
Graaff-Reinet,783,4814,1825 series.xlsx|Graaff-Reinet 1825|783
Graaff-Reinet,784,4815,1825 series.xlsx|Graaff-Reinet 1825|784
Graaff-Reinet,785,4816,1825 series.xlsx|Graaff-Reinet 1825|785
Graaff-Reinet,786,4817,1825 series.xlsx|Graaff-Reinet 1825|786
Graaff-Reinet,787,4818,1825 series.xlsx|Graaff-Reinet 1825|787
Graaff-Reinet,788,4819,1825 series.xlsx|Graaff-Reinet 1825|788
Graaff-Reinet,789,4820,1825 series.xlsx|Graaff-Reinet 1825|789
Graaff-Reinet,790,4821,1825 series.xlsx|Graaff-Reinet 1825|790
Graaff-Reinet,791,4822,1825 series.xlsx|Graaff-Reinet 1825|791
Graaff-Reinet,792,4823,1825 series.xlsx|Graaff-Reinet 1825|792
Graaff-Reinet,793,4824,1825 series.xlsx|Graaff-Reinet 1825|793
Graaff-Reinet,794,4825,1825 series.xlsx|Graaff-Reinet 1825|794
Graaff-Reinet,795,4826,1825 series.xlsx|Graaff-Reinet 1825|795
Graaff-Reinet,796,4827,1825 series.xlsx|Graaff-Reinet 1825|796
Graaff-Reinet,797,4828,1825 series.xlsx|Graaff-Reinet 1825|797
Graaff-Reinet,798,4829,1825 series.xlsx|Graaff-Reinet 1825|798
Graaff-Reinet,799,4830,1825 series.xlsx|Graaff-Reinet 1825|799
Graaff-Reinet,800,4831,1825 series.xlsx|Graaff-Reinet 1825|800
Graaff-Reinet,801,4832,1825 series.xlsx|Graaff-Reinet 1825|801
Graaff-Reinet,802,4833,1825 series.xlsx|Graaff-Reinet 1825|802
Graaff-Reinet,803,4834,1825 series.xlsx|Graaff-Reinet 1825|803
Graaff-Reinet,804,4835,1825 series.xlsx|Graaff-Reinet 1825|804
Graaff-Reinet,805,4836,1825 series.xlsx|Graaff-Reinet 1825|805
Graaff-Reinet,806,4837,1825 series.xlsx|Graaff-Reinet 1825|806
Graaff-Reinet,807,4838,1825 series.xlsx|Graaff-Reinet 1825|807
Graaff-Reinet,808,4839,1825 series.xlsx|Graaff-Reinet 1825|808
Graaff-Reinet,809,4840,1825 series.xlsx|Graaff-Reinet 1825|809
Graaff-Reinet,810,4841,1825 series.xlsx|Graaff-Reinet 1825|810
Graaff-Reinet,811,4842,1825 series.xlsx|Graaff-Reinet 1825|811
Graaff-Reinet,812,4843,1825 series.xlsx|Graaff-Reinet 1825|812
Graaff-Reinet,813,4844,1825 series.xlsx|Graaff-Reinet 1825|813
Graaff-Reinet,814,4845,1825 series.xlsx|Graaff-Reinet 1825|814
Graaff-Reinet,815,4846,1825 series.xlsx|Graaff-Reinet 1825|815
Graaff-Reinet,816,4847,1825 series.xlsx|Graaff-Reinet 1825|816
Graaff-Reinet,817,4848,1825 series.xlsx|Graaff-Reinet 1825|817
Graaff-Reinet,818,4849,1825 series.xlsx|Graaff-Reinet 1825|818
Graaff-Reinet,819,4850,1825 series.xlsx|Graaff-Reinet 1825|819
Graaff-Reinet,820,4851,1825 series.xlsx|Graaff-Reinet 1825|820
Graaff-Reinet,821,4852,1825 series.xlsx|Graaff-Reinet 1825|821
Graaff-Reinet,822,4853,1825 series.xlsx|Graaff-Reinet 1825|822
Graaff-Reinet,823,4854,1825 series.xlsx|Graaff-Reinet 1825|823
Graaff-Reinet,824,4855,1825 series.xlsx|Graaff-Reinet 1825|824
Graaff-Reinet,825,4856,1825 series.xlsx|Graaff-Reinet 1825|825
Graaff-Reinet,826,4857,1825 series.xlsx|Graaff-Reinet 1825|826
Graaff-Reinet,827,4858,1825 series.xlsx|Graaff-Reinet 1825|827
Graaff-Reinet,828,4859,1825 series.xlsx|Graaff-Reinet 1825|828
Graaff-Reinet,829,4860,1825 series.xlsx|Graaff-Reinet 1825|829
Graaff-Reinet,830,4861,1825 series.xlsx|Graaff-Reinet 1825|830
Graaff-Reinet,831,4862,1825 series.xlsx|Graaff-Reinet 1825|831
Graaff-Reinet,832,4863,1825 series.xlsx|Graaff-Reinet 1825|832
Graaff-Reinet,833,4864,1825 series.xlsx|Graaff-Reinet 1825|833
Graaff-Reinet,834,4865,1825 series.xlsx|Graaff-Reinet 1825|834
Graaff-Reinet,835,4866,1825 series.xlsx|Graaff-Reinet 1825|835
Graaff-Reinet,836,4867,1825 series.xlsx|Graaff-Reinet 1825|836
Graaff-Reinet,837,4868,1825 series.xlsx|Graaff-Reinet 1825|837
Graaff-Reinet,838,4869,1825 series.xlsx|Graaff-Reinet 1825|838
Graaff-Reinet,839,4870,1825 series.xlsx|Graaff-Reinet 1825|839
Graaff-Reinet,840,4871,1825 series.xlsx|Graaff-Reinet 1825|840
Graaff-Reinet,841,4872,1825 series.xlsx|Graaff-Reinet 1825|841
Graaff-Reinet,842,4873,1825 series.xlsx|Graaff-Reinet 1825|842
Graaff-Reinet,843,4874,1825 series.xlsx|Graaff-Reinet 1825|843
Graaff-Reinet,844,4875,1825 series.xlsx|Graaff-Reinet 1825|844
Graaff-Reinet,845,4876,1825 series.xlsx|Graaff-Reinet 1825|845
Graaff-Reinet,846,4877,1825 series.xlsx|Graaff-Reinet 1825|846
Graaff-Reinet,847,4878,1825 series.xlsx|Graaff-Reinet 1825|847
Graaff-Reinet,848,4879,1825 series.xlsx|Graaff-Reinet 1825|848
Graaff-Reinet,849,4880,1825 series.xlsx|Graaff-Reinet 1825|849
Graaff-Reinet,850,4881,1825 series.xlsx|Graaff-Reinet 1825|850
Graaff-Reinet,851,4882,1825 series.xlsx|Graaff-Reinet 1825|851
Graaff-Reinet,852,4883,1825 series.xlsx|Graaff-Reinet 1825|852
Graaff-Reinet,853,4884,1825 series.xlsx|Graaff-Reinet 1825|853
Graaff-Reinet,854,4885,1825 series.xlsx|Graaff-Reinet 1825|854
Graaff-Reinet,855,4886,1825 series.xlsx|Graaff-Reinet 1825|855
Graaff-Reinet,856,4887,1825 series.xlsx|Graaff-Reinet 1825|856
Graaff-Reinet,857,4888,1825 series.xlsx|Graaff-Reinet 1825|857
Graaff-Reinet,858,4889,1825 series.xlsx|Graaff-Reinet 1825|858
Graaff-Reinet,859,4890,1825 series.xlsx|Graaff-Reinet 1825|859
Graaff-Reinet,860,4891,1825 series.xlsx|Graaff-Reinet 1825|860
Graaff-Reinet,861,4892,1825 series.xlsx|Graaff-Reinet 1825|861
Graaff-Reinet,862,4893,1825 series.xlsx|Graaff-Reinet 1825|862
Graaff-Reinet,863,4894,1825 series.xlsx|Graaff-Reinet 1825|863
Graaff-Reinet,864,4895,1825 series.xlsx|Graaff-Reinet 1825|864
Graaff-Reinet,865,4896,1825 series.xlsx|Graaff-Reinet 1825|865
Graaff-Reinet,866,4897,1825 series.xlsx|Graaff-Reinet 1825|866
Graaff-Reinet,867,4898,1825 series.xlsx|Graaff-Reinet 1825|867
Graaff-Reinet,868,4899,1825 series.xlsx|Graaff-Reinet 1825|868
Graaff-Reinet,869,4900,1825 series.xlsx|Graaff-Reinet 1825|869
Graaff-Reinet,870,4901,1825 series.xlsx|Graaff-Reinet 1825|870
Graaff-Reinet,871,4902,1825 series.xlsx|Graaff-Reinet 1825|871
Graaff-Reinet,872,4903,1825 series.xlsx|Graaff-Reinet 1825|872
Graaff-Reinet,873,4904,1825 series.xlsx|Graaff-Reinet 1825|873
Graaff-Reinet,874,4905,1825 series.xlsx|Graaff-Reinet 1825|874
Graaff-Reinet,875,4906,1825 series.xlsx|Graaff-Reinet 1825|875
Graaff-Reinet,876,4907,1825 series.xlsx|Graaff-Reinet 1825|876
Graaff-Reinet,877,4908,1825 series.xlsx|Graaff-Reinet 1825|877
Graaff-Reinet,878,4909,1825 series.xlsx|Graaff-Reinet 1825|878
Graaff-Reinet,879,4910,1825 series.xlsx|Graaff-Reinet 1825|879
Graaff-Reinet,880,4911,1825 series.xlsx|Graaff-Reinet 1825|880
Graaff-Reinet,881,4912,1825 series.xlsx|Graaff-Reinet 1825|881
Graaff-Reinet,882,4913,1825 series.xlsx|Graaff-Reinet 1825|882
Graaff-Reinet,883,4914,1825 series.xlsx|Graaff-Reinet 1825|883
Graaff-Reinet,884,4915,1825 series.xlsx|Graaff-Reinet 1825|884
Graaff-Reinet,885,4916,1825 series.xlsx|Graaff-Reinet 1825|885
Graaff-Reinet,886,4917,1825 series.xlsx|Graaff-Reinet 1825|886
Graaff-Reinet,887,4918,1825 series.xlsx|Graaff-Reinet 1825|887
Graaff-Reinet,888,4919,1825 series.xlsx|Graaff-Reinet 1825|888
Graaff-Reinet,889,4920,1825 series.xlsx|Graaff-Reinet 1825|889
Graaff-Reinet,890,4921,1825 series.xlsx|Graaff-Reinet 1825|890
Graaff-Reinet,891,4922,1825 series.xlsx|Graaff-Reinet 1825|891
Graaff-Reinet,892,4923,1825 series.xlsx|Graaff-Reinet 1825|892
Graaff-Reinet,893,4924,1825 series.xlsx|Graaff-Reinet 1825|893
Graaff-Reinet,894,4925,1825 series.xlsx|Graaff-Reinet 1825|894
Graaff-Reinet,895,4926,1825 series.xlsx|Graaff-Reinet 1825|895
Graaff-Reinet,896,4927,1825 series.xlsx|Graaff-Reinet 1825|896
Graaff-Reinet,897,4928,1825 series.xlsx|Graaff-Reinet 1825|897
Graaff-Reinet,898,4929,1825 series.xlsx|Graaff-Reinet 1825|898
Graaff-Reinet,899,4930,1825 series.xlsx|Graaff-Reinet 1825|899
Graaff-Reinet,900,4931,1825 series.xlsx|Graaff-Reinet 1825|900
Graaff-Reinet,901,4932,1825 series.xlsx|Graaff-Reinet 1825|901
Graaff-Reinet,902,4933,1825 series.xlsx|Graaff-Reinet 1825|902
Graaff-Reinet,903,4934,1825 series.xlsx|Graaff-Reinet 1825|903
Graaff-Reinet,904,4935,1825 series.xlsx|Graaff-Reinet 1825|904
Graaff-Reinet,905,4936,1825 series.xlsx|Graaff-Reinet 1825|905
Graaff-Reinet,906,4937,1825 series.xlsx|Graaff-Reinet 1825|906
Graaff-Reinet,907,4938,1825 series.xlsx|Graaff-Reinet 1825|907
Graaff-Reinet,908,4939,1825 series.xlsx|Graaff-Reinet 1825|908
Graaff-Reinet,909,4940,1825 series.xlsx|Graaff-Reinet 1825|909
Graaff-Reinet,910,4941,1825 series.xlsx|Graaff-Reinet 1825|910
Graaff-Reinet,911,4942,1825 series.xlsx|Graaff-Reinet 1825|911
Graaff-Reinet,912,4943,1825 series.xlsx|Graaff-Reinet 1825|912
Graaff-Reinet,913,4944,1825 series.xlsx|Graaff-Reinet 1825|913
Graaff-Reinet,914,4945,1825 series.xlsx|Graaff-Reinet 1825|914
Graaff-Reinet,915,4946,1825 series.xlsx|Graaff-Reinet 1825|915
Graaff-Reinet,916,4947,1825 series.xlsx|Graaff-Reinet 1825|916
Graaff-Reinet,917,4948,1825 series.xlsx|Graaff-Reinet 1825|917
Graaff-Reinet,918,4949,1825 series.xlsx|Graaff-Reinet 1825|918
Graaff-Reinet,919,4950,1825 series.xlsx|Graaff-Reinet 1825|919
Graaff-Reinet,920,4951,1825 series.xlsx|Graaff-Reinet 1825|920
Graaff-Reinet,921,4952,1825 series.xlsx|Graaff-Reinet 1825|921
Graaff-Reinet,922,4953,1825 series.xlsx|Graaff-Reinet 1825|922
Graaff-Reinet,923,4954,1825 series.xlsx|Graaff-Reinet 1825|923
Graaff-Reinet,924,4955,1825 series.xlsx|Graaff-Reinet 1825|924
Graaff-Reinet,925,4956,1825 series.xlsx|Graaff-Reinet 1825|925
Graaff-Reinet,926,4957,1825 series.xlsx|Graaff-Reinet 1825|926
Graaff-Reinet,927,4958,1825 series.xlsx|Graaff-Reinet 1825|927
Graaff-Reinet,928,4959,1825 series.xlsx|Graaff-Reinet 1825|928
Graaff-Reinet,929,4960,1825 series.xlsx|Graaff-Reinet 1825|929
Graaff-Reinet,930,4961,1825 series.xlsx|Graaff-Reinet 1825|930
Graaff-Reinet,931,4962,1825 series.xlsx|Graaff-Reinet 1825|931
Graaff-Reinet,932,4963,1825 series.xlsx|Graaff-Reinet 1825|932
Graaff-Reinet,933,4964,1825 series.xlsx|Graaff-Reinet 1825|933
Graaff-Reinet,934,4965,1825 series.xlsx|Graaff-Reinet 1825|934
Graaff-Reinet,935,4966,1825 series.xlsx|Graaff-Reinet 1825|935
Graaff-Reinet,936,4967,1825 series.xlsx|Graaff-Reinet 1825|936
Graaff-Reinet,937,4968,1825 series.xlsx|Graaff-Reinet 1825|937
Graaff-Reinet,938,4969,1825 series.xlsx|Graaff-Reinet 1825|938
Graaff-Reinet,939,4970,1825 series.xlsx|Graaff-Reinet 1825|939
Graaff-Reinet,940,4971,1825 series.xlsx|Graaff-Reinet 1825|940
Graaff-Reinet,941,4972,1825 series.xlsx|Graaff-Reinet 1825|941
Graaff-Reinet,942,4973,1825 series.xlsx|Graaff-Reinet 1825|942
Graaff-Reinet,943,4974,1825 series.xlsx|Graaff-Reinet 1825|943
Graaff-Reinet,944,4975,1825 series.xlsx|Graaff-Reinet 1825|944
Graaff-Reinet,945,4976,1825 series.xlsx|Graaff-Reinet 1825|945
Graaff-Reinet,946,4977,1825 series.xlsx|Graaff-Reinet 1825|946
Graaff-Reinet,947,4978,1825 series.xlsx|Graaff-Reinet 1825|947
Graaff-Reinet,948,4979,1825 series.xlsx|Graaff-Reinet 1825|948
Graaff-Reinet,949,4980,1825 series.xlsx|Graaff-Reinet 1825|949
Graaff-Reinet,950,4981,1825 series.xlsx|Graaff-Reinet 1825|950
Graaff-Reinet,951,4982,1825 series.xlsx|Graaff-Reinet 1825|951
Graaff-Reinet,952,4983,1825 series.xlsx|Graaff-Reinet 1825|952
Graaff-Reinet,953,4984,1825 series.xlsx|Graaff-Reinet 1825|953
Graaff-Reinet,954,4985,1825 series.xlsx|Graaff-Reinet 1825|954
Graaff-Reinet,955,4986,1825 series.xlsx|Graaff-Reinet 1825|955
Graaff-Reinet,956,4987,1825 series.xlsx|Graaff-Reinet 1825|956
Graaff-Reinet,957,4988,1825 series.xlsx|Graaff-Reinet 1825|957
Graaff-Reinet,958,4989,1825 series.xlsx|Graaff-Reinet 1825|958
Graaff-Reinet,959,4990,1825 series.xlsx|Graaff-Reinet 1825|959
Graaff-Reinet,960,4991,1825 series.xlsx|Graaff-Reinet 1825|960
Graaff-Reinet,961,4992,1825 series.xlsx|Graaff-Reinet 1825|961
Graaff-Reinet,962,4993,1825 series.xlsx|Graaff-Reinet 1825|962
Graaff-Reinet,963,4994,1825 series.xlsx|Graaff-Reinet 1825|963
Graaff-Reinet,964,4995,1825 series.xlsx|Graaff-Reinet 1825|964
Graaff-Reinet,965,4996,1825 series.xlsx|Graaff-Reinet 1825|965
Graaff-Reinet,966,4997,1825 series.xlsx|Graaff-Reinet 1825|966
Graaff-Reinet,967,4998,1825 series.xlsx|Graaff-Reinet 1825|967
Graaff-Reinet,968,4999,1825 series.xlsx|Graaff-Reinet 1825|968
Graaff-Reinet,969,5000,1825 series.xlsx|Graaff-Reinet 1825|969
Graaff-Reinet,970,5001,1825 series.xlsx|Graaff-Reinet 1825|970
Graaff-Reinet,971,5002,1825 series.xlsx|Graaff-Reinet 1825|971
Graaff-Reinet,972,5003,1825 series.xlsx|Graaff-Reinet 1825|972
Graaff-Reinet,973,5004,1825 series.xlsx|Graaff-Reinet 1825|973
Graaff-Reinet,974,5005,1825 series.xlsx|Graaff-Reinet 1825|974
Graaff-Reinet,975,5006,1825 series.xlsx|Graaff-Reinet 1825|975
Graaff-Reinet,976,5007,1825 series.xlsx|Graaff-Reinet 1825|976
Graaff-Reinet,977,5008,1825 series.xlsx|Graaff-Reinet 1825|977
Graaff-Reinet,978,5009,1825 series.xlsx|Graaff-Reinet 1825|978
Graaff-Reinet,979,5010,1825 series.xlsx|Graaff-Reinet 1825|979
Graaff-Reinet,980,5011,1825 series.xlsx|Graaff-Reinet 1825|980
Graaff-Reinet,981,5012,1825 series.xlsx|Graaff-Reinet 1825|981
Graaff-Reinet,982,5013,1825 series.xlsx|Graaff-Reinet 1825|982
Graaff-Reinet,983,5014,1825 series.xlsx|Graaff-Reinet 1825|983
Graaff-Reinet,984,5015,1825 series.xlsx|Graaff-Reinet 1825|984
Graaff-Reinet,985,5016,1825 series.xlsx|Graaff-Reinet 1825|985
Graaff-Reinet,986,5017,1825 series.xlsx|Graaff-Reinet 1825|986
Graaff-Reinet,987,5018,1825 series.xlsx|Graaff-Reinet 1825|987
Graaff-Reinet,988,5019,1825 series.xlsx|Graaff-Reinet 1825|988
Graaff-Reinet,989,5020,1825 series.xlsx|Graaff-Reinet 1825|989
Graaff-Reinet,990,5021,1825 series.xlsx|Graaff-Reinet 1825|990
Graaff-Reinet,991,5022,1825 series.xlsx|Graaff-Reinet 1825|991
Graaff-Reinet,992,5023,1825 series.xlsx|Graaff-Reinet 1825|992
Graaff-Reinet,993,5024,1825 series.xlsx|Graaff-Reinet 1825|993
Graaff-Reinet,994,5025,1825 series.xlsx|Graaff-Reinet 1825|994
Graaff-Reinet,995,5026,1825 series.xlsx|Graaff-Reinet 1825|995
Graaff-Reinet,996,5027,1825 series.xlsx|Graaff-Reinet 1825|996
Graaff-Reinet,997,5028,1825 series.xlsx|Graaff-Reinet 1825|997
Graaff-Reinet,998,5029,1825 series.xlsx|Graaff-Reinet 1825|998
Graaff-Reinet,999,5030,1825 series.xlsx|Graaff-Reinet 1825|999
Graaff-Reinet,1000,5031,1825 series.xlsx|Graaff-Reinet 1825|1000
Graaff-Reinet,1001,5032,1825 series.xlsx|Graaff-Reinet 1825|1001
Graaff-Reinet,1002,5033,1825 series.xlsx|Graaff-Reinet 1825|1002
Graaff-Reinet,1003,5034,1825 series.xlsx|Graaff-Reinet 1825|1003
Graaff-Reinet,1004,5035,1825 series.xlsx|Graaff-Reinet 1825|1004
Graaff-Reinet,1005,5036,1825 series.xlsx|Graaff-Reinet 1825|1005
Graaff-Reinet,1006,5037,1825 series.xlsx|Graaff-Reinet 1825|1006
Graaff-Reinet,1007,5038,1825 series.xlsx|Graaff-Reinet 1825|1007
Graaff-Reinet,1008,5039,1825 series.xlsx|Graaff-Reinet 1825|1008
Graaff-Reinet,1009,5040,1825 series.xlsx|Graaff-Reinet 1825|1009
Graaff-Reinet,1010,5041,1825 series.xlsx|Graaff-Reinet 1825|1010
Graaff-Reinet,1011,5042,1825 series.xlsx|Graaff-Reinet 1825|1011
Graaff-Reinet,1012,5043,1825 series.xlsx|Graaff-Reinet 1825|1012
Graaff-Reinet,1013,5044,1825 series.xlsx|Graaff-Reinet 1825|1013
Graaff-Reinet,1014,5045,1825 series.xlsx|Graaff-Reinet 1825|1014
Graaff-Reinet,1015,5046,1825 series.xlsx|Graaff-Reinet 1825|1015
Graaff-Reinet,1016,5047,1825 series.xlsx|Graaff-Reinet 1825|1016
Graaff-Reinet,1017,5048,1825 series.xlsx|Graaff-Reinet 1825|1017
Graaff-Reinet,1018,5049,1825 series.xlsx|Graaff-Reinet 1825|1018
Graaff-Reinet,1019,5050,1825 series.xlsx|Graaff-Reinet 1825|1019
Graaff-Reinet,1020,5051,1825 series.xlsx|Graaff-Reinet 1825|1020
Graaff-Reinet,1021,5052,1825 series.xlsx|Graaff-Reinet 1825|1021
Graaff-Reinet,1022,5053,1825 series.xlsx|Graaff-Reinet 1825|1022
Graaff-Reinet,1023,5054,1825 series.xlsx|Graaff-Reinet 1825|1023
Graaff-Reinet,1024,5055,1825 series.xlsx|Graaff-Reinet 1825|1024
Graaff-Reinet,1025,5056,1825 series.xlsx|Graaff-Reinet 1825|1025
Graaff-Reinet,1026,5057,1825 series.xlsx|Graaff-Reinet 1825|1026
Graaff-Reinet,1027,5058,1825 series.xlsx|Graaff-Reinet 1825|1027
Graaff-Reinet,1028,5059,1825 series.xlsx|Graaff-Reinet 1825|1028
Graaff-Reinet,1029,5060,1825 series.xlsx|Graaff-Reinet 1825|1029
Graaff-Reinet,1030,5061,1825 series.xlsx|Graaff-Reinet 1825|1030
Graaff-Reinet,1031,5062,1825 series.xlsx|Graaff-Reinet 1825|1031
Graaff-Reinet,1033,5063,1825 series.xlsx|Graaff-Reinet 1825|1033
Graaff-Reinet,1034,5064,1825 series.xlsx|Graaff-Reinet 1825|1034
Graaff-Reinet,1035,5065,1825 series.xlsx|Graaff-Reinet 1825|1035
Graaff-Reinet,1036,5066,1825 series.xlsx|Graaff-Reinet 1825|1036
Graaff-Reinet,1037,5067,1825 series.xlsx|Graaff-Reinet 1825|1037
Graaff-Reinet,1038,5068,1825 series.xlsx|Graaff-Reinet 1825|1038
Graaff-Reinet,1039,5069,1825 series.xlsx|Graaff-Reinet 1825|1039
Graaff-Reinet,1040,5070,1825 series.xlsx|Graaff-Reinet 1825|1040
Graaff-Reinet,1041,5071,1825 series.xlsx|Graaff-Reinet 1825|1041
Graaff-Reinet,1042,5072,1825 series.xlsx|Graaff-Reinet 1825|1042
Graaff-Reinet,1043,5073,1825 series.xlsx|Graaff-Reinet 1825|1043
Graaff-Reinet,1044,5074,1825 series.xlsx|Graaff-Reinet 1825|1044
Graaff-Reinet,1045,5075,1825 series.xlsx|Graaff-Reinet 1825|1045
Graaff-Reinet,1046,5076,1825 series.xlsx|Graaff-Reinet 1825|1046
Graaff-Reinet,1047,5077,1825 series.xlsx|Graaff-Reinet 1825|1047
Graaff-Reinet,1048,5078,1825 series.xlsx|Graaff-Reinet 1825|1048
Graaff-Reinet,1049,5079,1825 series.xlsx|Graaff-Reinet 1825|1049
Graaff-Reinet,1050,5080,1825 series.xlsx|Graaff-Reinet 1825|1050
Graaff-Reinet,1051,5081,1825 series.xlsx|Graaff-Reinet 1825|1051
Graaff-Reinet,1052,5082,1825 series.xlsx|Graaff-Reinet 1825|1052
Graaff-Reinet,1053,5083,1825 series.xlsx|Graaff-Reinet 1825|1053
Graaff-Reinet,1054,5084,1825 series.xlsx|Graaff-Reinet 1825|1054
Graaff-Reinet,1055,5085,1825 series.xlsx|Graaff-Reinet 1825|1055
Graaff-Reinet,1056,5086,1825 series.xlsx|Graaff-Reinet 1825|1056
Graaff-Reinet,1057,5087,1825 series.xlsx|Graaff-Reinet 1825|1057
Graaff-Reinet,1058,5088,1825 series.xlsx|Graaff-Reinet 1825|1058
Graaff-Reinet,1059,5089,1825 series.xlsx|Graaff-Reinet 1825|1059
Graaff-Reinet,1060,5090,1825 series.xlsx|Graaff-Reinet 1825|1060
Graaff-Reinet,1061,5091,1825 series.xlsx|Graaff-Reinet 1825|1061
Graaff-Reinet,1062,5092,1825 series.xlsx|Graaff-Reinet 1825|1062
Graaff-Reinet,1063,5093,1825 series.xlsx|Graaff-Reinet 1825|1063
Graaff-Reinet,1064,5094,1825 series.xlsx|Graaff-Reinet 1825|1064
Graaff-Reinet,1065,5095,1825 series.xlsx|Graaff-Reinet 1825|1065
Graaff-Reinet,1066,5096,1825 series.xlsx|Graaff-Reinet 1825|1066
Graaff-Reinet,1067,5097,1825 series.xlsx|Graaff-Reinet 1825|1067
Graaff-Reinet,1068,5098,1825 series.xlsx|Graaff-Reinet 1825|1068
Graaff-Reinet,1069,5099,1825 series.xlsx|Graaff-Reinet 1825|1069
Graaff-Reinet,1070,5100,1825 series.xlsx|Graaff-Reinet 1825|1070
Graaff-Reinet,1071,5101,1825 series.xlsx|Graaff-Reinet 1825|1071
Graaff-Reinet,1072,5102,1825 series.xlsx|Graaff-Reinet 1825|1072
Graaff-Reinet,1073,5103,1825 series.xlsx|Graaff-Reinet 1825|1073
Graaff-Reinet,1074,5104,1825 series.xlsx|Graaff-Reinet 1825|1074
Graaff-Reinet,1075,5105,1825 series.xlsx|Graaff-Reinet 1825|1075
Graaff-Reinet,1076,5106,1825 series.xlsx|Graaff-Reinet 1825|1076
Graaff-Reinet,1077,5107,1825 series.xlsx|Graaff-Reinet 1825|1077
Graaff-Reinet,1078,5108,1825 series.xlsx|Graaff-Reinet 1825|1078
Graaff-Reinet,1079,5109,1825 series.xlsx|Graaff-Reinet 1825|1079
Graaff-Reinet,1080,5110,1825 series.xlsx|Graaff-Reinet 1825|1080
Graaff-Reinet,1081,5111,1825 series.xlsx|Graaff-Reinet 1825|1081
Graaff-Reinet,1082,5112,1825 series.xlsx|Graaff-Reinet 1825|1082
Graaff-Reinet,1083,5113,1825 series.xlsx|Graaff-Reinet 1825|1083
Graaff-Reinet,1084,5114,1825 series.xlsx|Graaff-Reinet 1825|1084
Graaff-Reinet,1085,5115,1825 series.xlsx|Graaff-Reinet 1825|1085
Graaff-Reinet,1086,5116,1825 series.xlsx|Graaff-Reinet 1825|1086
Graaff-Reinet,1087,5117,1825 series.xlsx|Graaff-Reinet 1825|1087
Graaff-Reinet,1088,5118,1825 series.xlsx|Graaff-Reinet 1825|1088
Graaff-Reinet,1089,5119,1825 series.xlsx|Graaff-Reinet 1825|1089
Graaff-Reinet,1090,5120,1825 series.xlsx|Graaff-Reinet 1825|1090
Graaff-Reinet,1091,5121,1825 series.xlsx|Graaff-Reinet 1825|1091
Graaff-Reinet,1092,5122,1825 series.xlsx|Graaff-Reinet 1825|1092
Graaff-Reinet,1093,5123,1825 series.xlsx|Graaff-Reinet 1825|1093
Graaff-Reinet,1094,5124,1825 series.xlsx|Graaff-Reinet 1825|1094
Graaff-Reinet,1095,5125,1825 series.xlsx|Graaff-Reinet 1825|1095
Graaff-Reinet,1096,5126,1825 series.xlsx|Graaff-Reinet 1825|1096
Graaff-Reinet,1097,5127,1825 series.xlsx|Graaff-Reinet 1825|1097
Graaff-Reinet,1098,5128,1825 series.xlsx|Graaff-Reinet 1825|1098
Graaff-Reinet,1099,5129,1825 series.xlsx|Graaff-Reinet 1825|1099
Graaff-Reinet,1100,5130,1825 series.xlsx|Graaff-Reinet 1825|1100
Graaff-Reinet,1101,5131,1825 series.xlsx|Graaff-Reinet 1825|1101
Graaff-Reinet,1102,5132,1825 series.xlsx|Graaff-Reinet 1825|1102
Graaff-Reinet,1103,5133,1825 series.xlsx|Graaff-Reinet 1825|1103
Graaff-Reinet,1104,5134,1825 series.xlsx|Graaff-Reinet 1825|1104
Graaff-Reinet,1105,5135,1825 series.xlsx|Graaff-Reinet 1825|1105
Graaff-Reinet,1106,5136,1825 series.xlsx|Graaff-Reinet 1825|1106
Graaff-Reinet,1107,5137,1825 series.xlsx|Graaff-Reinet 1825|1107
Graaff-Reinet,1108,5138,1825 series.xlsx|Graaff-Reinet 1825|1108
Graaff-Reinet,1109,5139,1825 series.xlsx|Graaff-Reinet 1825|1109
Graaff-Reinet,1110,5140,1825 series.xlsx|Graaff-Reinet 1825|1110
Graaff-Reinet,1111,5141,1825 series.xlsx|Graaff-Reinet 1825|1111
Graaff-Reinet,1112,5142,1825 series.xlsx|Graaff-Reinet 1825|1112
Graaff-Reinet,1113,5143,1825 series.xlsx|Graaff-Reinet 1825|1113
Graaff-Reinet,1114,5144,1825 series.xlsx|Graaff-Reinet 1825|1114
Graaff-Reinet,1115,5145,1825 series.xlsx|Graaff-Reinet 1825|1115
Graaff-Reinet,1116,5146,1825 series.xlsx|Graaff-Reinet 1825|1116
Graaff-Reinet,1117,5147,1825 series.xlsx|Graaff-Reinet 1825|1117
Graaff-Reinet,1118,5148,1825 series.xlsx|Graaff-Reinet 1825|1118
Graaff-Reinet,1119,5149,1825 series.xlsx|Graaff-Reinet 1825|1119
Graaff-Reinet,1120,5150,1825 series.xlsx|Graaff-Reinet 1825|1120
Graaff-Reinet,1121,5151,1825 series.xlsx|Graaff-Reinet 1825|1121
Graaff-Reinet,1122,5152,1825 series.xlsx|Graaff-Reinet 1825|1122
Graaff-Reinet,1123,5153,1825 series.xlsx|Graaff-Reinet 1825|1123
Graaff-Reinet,1124,5154,1825 series.xlsx|Graaff-Reinet 1825|1124
Graaff-Reinet,1125,5155,1825 series.xlsx|Graaff-Reinet 1825|1125
Graaff-Reinet,1126,5156,1825 series.xlsx|Graaff-Reinet 1825|1126
Graaff-Reinet,1127,5157,1825 series.xlsx|Graaff-Reinet 1825|1127
Graaff-Reinet,1128,5158,1825 series.xlsx|Graaff-Reinet 1825|1128
Graaff-Reinet,1129,5159,1825 series.xlsx|Graaff-Reinet 1825|1129
Graaff-Reinet,1130,5160,1825 series.xlsx|Graaff-Reinet 1825|1130
Graaff-Reinet,1131,5161,1825 series.xlsx|Graaff-Reinet 1825|1131
Graaff-Reinet,1132,5162,1825 series.xlsx|Graaff-Reinet 1825|1132
Graaff-Reinet,1133,5163,1825 series.xlsx|Graaff-Reinet 1825|1133
Graaff-Reinet,1134,5164,1825 series.xlsx|Graaff-Reinet 1825|1134
Graaff-Reinet,1135,5165,1825 series.xlsx|Graaff-Reinet 1825|1135
Graaff-Reinet,1136,5166,1825 series.xlsx|Graaff-Reinet 1825|1136
Graaff-Reinet,1137,5167,1825 series.xlsx|Graaff-Reinet 1825|1137
Graaff-Reinet,1138,5168,1825 series.xlsx|Graaff-Reinet 1825|1138
Graaff-Reinet,1139,5169,1825 series.xlsx|Graaff-Reinet 1825|1139
Graaff-Reinet,1140,5170,1825 series.xlsx|Graaff-Reinet 1825|1140
Graaff-Reinet,1141,5171,1825 series.xlsx|Graaff-Reinet 1825|1141
Graaff-Reinet,1142,5172,1825 series.xlsx|Graaff-Reinet 1825|1142
Graaff-Reinet,1143,5173,1825 series.xlsx|Graaff-Reinet 1825|1143
Graaff-Reinet,1144,5174,1825 series.xlsx|Graaff-Reinet 1825|1144
Graaff-Reinet,1145,5175,1825 series.xlsx|Graaff-Reinet 1825|1145
Graaff-Reinet,1146,5176,1825 series.xlsx|Graaff-Reinet 1825|1146
Graaff-Reinet,1147,5177,1825 series.xlsx|Graaff-Reinet 1825|1147
Graaff-Reinet,1148,5178,1825 series.xlsx|Graaff-Reinet 1825|1148
Graaff-Reinet,1149,5179,1825 series.xlsx|Graaff-Reinet 1825|1149
Graaff-Reinet,1150,5180,1825 series.xlsx|Graaff-Reinet 1825|1150
Graaff-Reinet,1151,5181,1825 series.xlsx|Graaff-Reinet 1825|1151
Graaff-Reinet,1152,5182,1825 series.xlsx|Graaff-Reinet 1825|1152
Graaff-Reinet,1153,5183,1825 series.xlsx|Graaff-Reinet 1825|1153
Graaff-Reinet,1154,5184,1825 series.xlsx|Graaff-Reinet 1825|1154
Graaff-Reinet,1155,5185,1825 series.xlsx|Graaff-Reinet 1825|1155
Graaff-Reinet,1156,5186,1825 series.xlsx|Graaff-Reinet 1825|1156
Graaff-Reinet,1157,5187,1825 series.xlsx|Graaff-Reinet 1825|1157
Graaff-Reinet,1158,5188,1825 series.xlsx|Graaff-Reinet 1825|1158
Graaff-Reinet,1159,5189,1825 series.xlsx|Graaff-Reinet 1825|1159
Graaff-Reinet,1160,5190,1825 series.xlsx|Graaff-Reinet 1825|1160
Graaff-Reinet,1161,5191,1825 series.xlsx|Graaff-Reinet 1825|1161
Graaff-Reinet,1162,5192,1825 series.xlsx|Graaff-Reinet 1825|1162
Graaff-Reinet,1163,5193,1825 series.xlsx|Graaff-Reinet 1825|1163
Graaff-Reinet,1164,5194,1825 series.xlsx|Graaff-Reinet 1825|1164
Graaff-Reinet,1165,5195,1825 series.xlsx|Graaff-Reinet 1825|1165
Graaff-Reinet,1166,5196,1825 series.xlsx|Graaff-Reinet 1825|1166
Graaff-Reinet,1167,5197,1825 series.xlsx|Graaff-Reinet 1825|1167
Graaff-Reinet,1168,5198,1825 series.xlsx|Graaff-Reinet 1825|1168
Graaff-Reinet,1169,5199,1825 series.xlsx|Graaff-Reinet 1825|1169
Graaff-Reinet,1170,5200,1825 series.xlsx|Graaff-Reinet 1825|1170
Graaff-Reinet,1171,5201,1825 series.xlsx|Graaff-Reinet 1825|1171
Graaff-Reinet,1172,5202,1825 series.xlsx|Graaff-Reinet 1825|1172
Graaff-Reinet,1173,5203,1825 series.xlsx|Graaff-Reinet 1825|1173
Graaff-Reinet,1174,5204,1825 series.xlsx|Graaff-Reinet 1825|1174
Graaff-Reinet,1175,5205,1825 series.xlsx|Graaff-Reinet 1825|1175
Graaff-Reinet,1176,5206,1825 series.xlsx|Graaff-Reinet 1825|1176
Graaff-Reinet,1177,5207,1825 series.xlsx|Graaff-Reinet 1825|1177
Graaff-Reinet,1178,5208,1825 series.xlsx|Graaff-Reinet 1825|1178
Graaff-Reinet,1179,5209,1825 series.xlsx|Graaff-Reinet 1825|1179
Graaff-Reinet,1180,5210,1825 series.xlsx|Graaff-Reinet 1825|1180
Graaff-Reinet,1181,5211,1825 series.xlsx|Graaff-Reinet 1825|1181
Graaff-Reinet,1182,5212,1825 series.xlsx|Graaff-Reinet 1825|1182
Graaff-Reinet,1183,5213,1825 series.xlsx|Graaff-Reinet 1825|1183
Graaff-Reinet,1184,5214,1825 series.xlsx|Graaff-Reinet 1825|1184
Graaff-Reinet,1185,5215,1825 series.xlsx|Graaff-Reinet 1825|1185
Graaff-Reinet,1186,5216,1825 series.xlsx|Graaff-Reinet 1825|1186
Graaff-Reinet,1187,5217,1825 series.xlsx|Graaff-Reinet 1825|1187
Graaff-Reinet,1188,5218,1825 series.xlsx|Graaff-Reinet 1825|1188
Graaff-Reinet,1189,5219,1825 series.xlsx|Graaff-Reinet 1825|1189
Graaff-Reinet,1190,5220,1825 series.xlsx|Graaff-Reinet 1825|1190
Graaff-Reinet,1191,5221,1825 series.xlsx|Graaff-Reinet 1825|1191
Graaff-Reinet,1192,5222,1825 series.xlsx|Graaff-Reinet 1825|1192
Graaff-Reinet,1193,5223,1825 series.xlsx|Graaff-Reinet 1825|1193
Graaff-Reinet,1194,5224,1825 series.xlsx|Graaff-Reinet 1825|1194
Graaff-Reinet,1195,5225,1825 series.xlsx|Graaff-Reinet 1825|1195
Graaff-Reinet,1196,5226,1825 series.xlsx|Graaff-Reinet 1825|1196
Graaff-Reinet,1197,5227,1825 series.xlsx|Graaff-Reinet 1825|1197
Graaff-Reinet,1198,5228,1825 series.xlsx|Graaff-Reinet 1825|1198
Graaff-Reinet,1199,5229,1825 series.xlsx|Graaff-Reinet 1825|1199
Graaff-Reinet,1200,5230,1825 series.xlsx|Graaff-Reinet 1825|1200
Graaff-Reinet,1201,5231,1825 series.xlsx|Graaff-Reinet 1825|1201
Graaff-Reinet,1202,5232,1825 series.xlsx|Graaff-Reinet 1825|1202
Graaff-Reinet,1203,5233,1825 series.xlsx|Graaff-Reinet 1825|1203
Graaff-Reinet,1204,5234,1825 series.xlsx|Graaff-Reinet 1825|1204
Graaff-Reinet,1205,5235,1825 series.xlsx|Graaff-Reinet 1825|1205
Graaff-Reinet,1206,5236,1825 series.xlsx|Graaff-Reinet 1825|1206
Graaff-Reinet,1207,5237,1825 series.xlsx|Graaff-Reinet 1825|1207
Graaff-Reinet,1208,5238,1825 series.xlsx|Graaff-Reinet 1825|1208
Graaff-Reinet,1209,5239,1825 series.xlsx|Graaff-Reinet 1825|1209
Graaff-Reinet,1211,5240,1825 series.xlsx|Graaff-Reinet 1825|1211
Graaff-Reinet,1212,5241,1825 series.xlsx|Graaff-Reinet 1825|1212
Graaff-Reinet,1213,5242,1825 series.xlsx|Graaff-Reinet 1825|1213
Graaff-Reinet,1214,5243,1825 series.xlsx|Graaff-Reinet 1825|1214
Graaff-Reinet,1215,5244,1825 series.xlsx|Graaff-Reinet 1825|1215
Graaff-Reinet,1216,5245,1825 series.xlsx|Graaff-Reinet 1825|1216
Graaff-Reinet,1217,5246,1825 series.xlsx|Graaff-Reinet 1825|1217
Graaff-Reinet,1218,5247,1825 series.xlsx|Graaff-Reinet 1825|1218
Graaff-Reinet,1219,5248,1825 series.xlsx|Graaff-Reinet 1825|1219
Graaff-Reinet,1220,5249,1825 series.xlsx|Graaff-Reinet 1825|1220
Graaff-Reinet,1221,5250,1825 series.xlsx|Graaff-Reinet 1825|1221
Graaff-Reinet,1222,5251,1825 series.xlsx|Graaff-Reinet 1825|1222
Graaff-Reinet,1223,5252,1825 series.xlsx|Graaff-Reinet 1825|1223
Graaff-Reinet,1224,5253,1825 series.xlsx|Graaff-Reinet 1825|1224
Graaff-Reinet,1225,5254,1825 series.xlsx|Graaff-Reinet 1825|1225
Graaff-Reinet,1226,5255,1825 series.xlsx|Graaff-Reinet 1825|1226
Graaff-Reinet,1227,5256,1825 series.xlsx|Graaff-Reinet 1825|1227
Graaff-Reinet,1228,5257,1825 series.xlsx|Graaff-Reinet 1825|1228
Graaff-Reinet,1229,5258,1825 series.xlsx|Graaff-Reinet 1825|1229
Graaff-Reinet,1230,5259,1825 series.xlsx|Graaff-Reinet 1825|1230
Graaff-Reinet,1231,5260,1825 series.xlsx|Graaff-Reinet 1825|1231
Graaff-Reinet,1232,5261,1825 series.xlsx|Graaff-Reinet 1825|1232
Graaff-Reinet,1233,5262,1825 series.xlsx|Graaff-Reinet 1825|1233
Graaff-Reinet,1234,5263,1825 series.xlsx|Graaff-Reinet 1825|1234
Graaff-Reinet,1235,5264,1825 series.xlsx|Graaff-Reinet 1825|1235
Graaff-Reinet,1236,5265,1825 series.xlsx|Graaff-Reinet 1825|1236
Graaff-Reinet,1237,5266,1825 series.xlsx|Graaff-Reinet 1825|1237
Graaff-Reinet,1238,5267,1825 series.xlsx|Graaff-Reinet 1825|1238
Graaff-Reinet,1239,5268,1825 series.xlsx|Graaff-Reinet 1825|1239
Graaff-Reinet,1240,5269,1825 series.xlsx|Graaff-Reinet 1825|1240
Graaff-Reinet,1241,5270,1825 series.xlsx|Graaff-Reinet 1825|1241
Graaff-Reinet,1242,5271,1825 series.xlsx|Graaff-Reinet 1825|1242
Graaff-Reinet,1243,5272,1825 series.xlsx|Graaff-Reinet 1825|1243
Graaff-Reinet,1244,5273,1825 series.xlsx|Graaff-Reinet 1825|1244
Graaff-Reinet,1245,5274,1825 series.xlsx|Graaff-Reinet 1825|1245
Graaff-Reinet,1246,5275,1825 series.xlsx|Graaff-Reinet 1825|1246
Graaff-Reinet,1247,5276,1825 series.xlsx|Graaff-Reinet 1825|1247
Graaff-Reinet,1248,5277,1825 series.xlsx|Graaff-Reinet 1825|1248
Graaff-Reinet,1249,5278,1825 series.xlsx|Graaff-Reinet 1825|1249
Graaff-Reinet,1250,5279,1825 series.xlsx|Graaff-Reinet 1825|1250
Graaff-Reinet,1251,5280,1825 series.xlsx|Graaff-Reinet 1825|1251
Graaff-Reinet,1252,5281,1825 series.xlsx|Graaff-Reinet 1825|1252
Graaff-Reinet,1253,5282,1825 series.xlsx|Graaff-Reinet 1825|1253
Graaff-Reinet,1254,5283,1825 series.xlsx|Graaff-Reinet 1825|1254
Graaff-Reinet,1255,5284,1825 series.xlsx|Graaff-Reinet 1825|1255
Graaff-Reinet,1256,5285,1825 series.xlsx|Graaff-Reinet 1825|1256
Graaff-Reinet,1257,5286,1825 series.xlsx|Graaff-Reinet 1825|1257
Graaff-Reinet,1258,5287,1825 series.xlsx|Graaff-Reinet 1825|1258
Graaff-Reinet,1259,5288,1825 series.xlsx|Graaff-Reinet 1825|1259
Graaff-Reinet,1260,5289,1825 series.xlsx|Graaff-Reinet 1825|1260
Graaff-Reinet,1261,5290,1825 series.xlsx|Graaff-Reinet 1825|1261
Graaff-Reinet,1262,5291,1825 series.xlsx|Graaff-Reinet 1825|1262
Graaff-Reinet,1263,5292,1825 series.xlsx|Graaff-Reinet 1825|1263
Graaff-Reinet,1264,5293,1825 series.xlsx|Graaff-Reinet 1825|1264
Graaff-Reinet,1265,5294,1825 series.xlsx|Graaff-Reinet 1825|1265
Graaff-Reinet,1266,5295,1825 series.xlsx|Graaff-Reinet 1825|1266
Graaff-Reinet,1267,5296,1825 series.xlsx|Graaff-Reinet 1825|1267
Graaff-Reinet,1268,5297,1825 series.xlsx|Graaff-Reinet 1825|1268
Graaff-Reinet,1269,5298,1825 series.xlsx|Graaff-Reinet 1825|1269
Graaff-Reinet,1270,5299,1825 series.xlsx|Graaff-Reinet 1825|1270
Graaff-Reinet,1271,5300,1825 series.xlsx|Graaff-Reinet 1825|1271
Graaff-Reinet,1272,5301,1825 series.xlsx|Graaff-Reinet 1825|1272
Graaff-Reinet,1273,5302,1825 series.xlsx|Graaff-Reinet 1825|1273
Graaff-Reinet,1274,5303,1825 series.xlsx|Graaff-Reinet 1825|1274
Graaff-Reinet,1275,5304,1825 series.xlsx|Graaff-Reinet 1825|1275
Graaff-Reinet,1276,5305,1825 series.xlsx|Graaff-Reinet 1825|1276
Graaff-Reinet,1277,5306,1825 series.xlsx|Graaff-Reinet 1825|1277
Graaff-Reinet,1278,5307,1825 series.xlsx|Graaff-Reinet 1825|1278
Graaff-Reinet,1279,5308,1825 series.xlsx|Graaff-Reinet 1825|1279
Graaff-Reinet,1280,5309,1825 series.xlsx|Graaff-Reinet 1825|1280
Graaff-Reinet,1281,5310,1825 series.xlsx|Graaff-Reinet 1825|1281
Graaff-Reinet,1282,5311,1825 series.xlsx|Graaff-Reinet 1825|1282
Graaff-Reinet,1283,5312,1825 series.xlsx|Graaff-Reinet 1825|1283
Graaff-Reinet,1284,5313,1825 series.xlsx|Graaff-Reinet 1825|1284
Graaff-Reinet,1285,5314,1825 series.xlsx|Graaff-Reinet 1825|1285
Graaff-Reinet,1286,5315,1825 series.xlsx|Graaff-Reinet 1825|1286
Graaff-Reinet,1287,5316,1825 series.xlsx|Graaff-Reinet 1825|1287
Graaff-Reinet,1288,5317,1825 series.xlsx|Graaff-Reinet 1825|1288
Graaff-Reinet,1289,5318,1825 series.xlsx|Graaff-Reinet 1825|1289
Graaff-Reinet,1290,5319,1825 series.xlsx|Graaff-Reinet 1825|1290
Graaff-Reinet,1291,5320,1825 series.xlsx|Graaff-Reinet 1825|1291
Graaff-Reinet,1292,5321,1825 series.xlsx|Graaff-Reinet 1825|1292
Graaff-Reinet,1293,5322,1825 series.xlsx|Graaff-Reinet 1825|1293
Graaff-Reinet,1294,5323,1825 series.xlsx|Graaff-Reinet 1825|1294
Graaff-Reinet,1295,5324,1825 series.xlsx|Graaff-Reinet 1825|1295
Graaff-Reinet,1296,5325,1825 series.xlsx|Graaff-Reinet 1825|1296
Graaff-Reinet,1297,5326,1825 series.xlsx|Graaff-Reinet 1825|1297
Graaff-Reinet,1298,5327,1825 series.xlsx|Graaff-Reinet 1825|1298
Graaff-Reinet,1299,5328,1825 series.xlsx|Graaff-Reinet 1825|1299
Graaff-Reinet,1300,5329,1825 series.xlsx|Graaff-Reinet 1825|1300
Graaff-Reinet,1301,5330,1825 series.xlsx|Graaff-Reinet 1825|1301
Graaff-Reinet,1302,5331,1825 series.xlsx|Graaff-Reinet 1825|1302
Graaff-Reinet,1303,5332,1825 series.xlsx|Graaff-Reinet 1825|1303
Graaff-Reinet,1304,5333,1825 series.xlsx|Graaff-Reinet 1825|1304
Graaff-Reinet,1305,5334,1825 series.xlsx|Graaff-Reinet 1825|1305
Graaff-Reinet,1306,5335,1825 series.xlsx|Graaff-Reinet 1825|1306
Graaff-Reinet,1307,5336,1825 series.xlsx|Graaff-Reinet 1825|1307
Graaff-Reinet,1308,5337,1825 series.xlsx|Graaff-Reinet 1825|1308
Graaff-Reinet,1309,5338,1825 series.xlsx|Graaff-Reinet 1825|1309
Graaff-Reinet,1310,5339,1825 series.xlsx|Graaff-Reinet 1825|1310
Graaff-Reinet,1311,5340,1825 series.xlsx|Graaff-Reinet 1825|1311
Graaff-Reinet,1312,5341,1825 series.xlsx|Graaff-Reinet 1825|1312
Graaff-Reinet,1313,5342,1825 series.xlsx|Graaff-Reinet 1825|1313
Graaff-Reinet,1314,5343,1825 series.xlsx|Graaff-Reinet 1825|1314
Graaff-Reinet,1315,5344,1825 series.xlsx|Graaff-Reinet 1825|1315
Graaff-Reinet,1316,5345,1825 series.xlsx|Graaff-Reinet 1825|1316
Graaff-Reinet,1317,5346,1825 series.xlsx|Graaff-Reinet 1825|1317
Graaff-Reinet,1318,5347,1825 series.xlsx|Graaff-Reinet 1825|1318
Graaff-Reinet,1319,5348,1825 series.xlsx|Graaff-Reinet 1825|1319
Graaff-Reinet,1320,5349,1825 series.xlsx|Graaff-Reinet 1825|1320
Graaff-Reinet,1321,5350,1825 series.xlsx|Graaff-Reinet 1825|1321
Graaff-Reinet,1322,5351,1825 series.xlsx|Graaff-Reinet 1825|1322
Graaff-Reinet,1323,5352,1825 series.xlsx|Graaff-Reinet 1825|1323
Graaff-Reinet,1324,5353,1825 series.xlsx|Graaff-Reinet 1825|1324
Graaff-Reinet,1325,5354,1825 series.xlsx|Graaff-Reinet 1825|1325
Graaff-Reinet,1326,5355,1825 series.xlsx|Graaff-Reinet 1825|1326
Graaff-Reinet,1327,5356,1825 series.xlsx|Graaff-Reinet 1825|1327
Graaff-Reinet,1328,5357,1825 series.xlsx|Graaff-Reinet 1825|1328
Graaff-Reinet,1329,5358,1825 series.xlsx|Graaff-Reinet 1825|1329
Graaff-Reinet,1330,5359,1825 series.xlsx|Graaff-Reinet 1825|1330
Graaff-Reinet,1331,5360,1825 series.xlsx|Graaff-Reinet 1825|1331
Graaff-Reinet,1332,5361,1825 series.xlsx|Graaff-Reinet 1825|1332
Graaff-Reinet,1333,5362,1825 series.xlsx|Graaff-Reinet 1825|1333
Graaff-Reinet,1334,5363,1825 series.xlsx|Graaff-Reinet 1825|1334
Graaff-Reinet,1335,5364,1825 series.xlsx|Graaff-Reinet 1825|1335
Graaff-Reinet,1336,5365,1825 series.xlsx|Graaff-Reinet 1825|1336
Graaff-Reinet,1337,5366,1825 series.xlsx|Graaff-Reinet 1825|1337
Graaff-Reinet,1338,5367,1825 series.xlsx|Graaff-Reinet 1825|1338
Graaff-Reinet,1339,5368,1825 series.xlsx|Graaff-Reinet 1825|1339
Graaff-Reinet,1340,5369,1825 series.xlsx|Graaff-Reinet 1825|1340
Graaff-Reinet,1341,5370,1825 series.xlsx|Graaff-Reinet 1825|1341
Graaff-Reinet,1342,5371,1825 series.xlsx|Graaff-Reinet 1825|1342
Graaff-Reinet,1343,5372,1825 series.xlsx|Graaff-Reinet 1825|1343
Graaff-Reinet,1344,5373,1825 series.xlsx|Graaff-Reinet 1825|1344
Graaff-Reinet,1345,5374,1825 series.xlsx|Graaff-Reinet 1825|1345
Graaff-Reinet,1346,5375,1825 series.xlsx|Graaff-Reinet 1825|1346
Graaff-Reinet,1347,5376,1825 series.xlsx|Graaff-Reinet 1825|1347
Graaff-Reinet,1348,5377,1825 series.xlsx|Graaff-Reinet 1825|1348
Graaff-Reinet,1349,5378,1825 series.xlsx|Graaff-Reinet 1825|1349
Graaff-Reinet,1350,5379,1825 series.xlsx|Graaff-Reinet 1825|1350
Graaff-Reinet,1351,5380,1825 series.xlsx|Graaff-Reinet 1825|1351
Graaff-Reinet,1352,5381,1825 series.xlsx|Graaff-Reinet 1825|1352
Graaff-Reinet,1353,5382,1825 series.xlsx|Graaff-Reinet 1825|1353
Graaff-Reinet,1354,5383,1825 series.xlsx|Graaff-Reinet 1825|1354
Graaff-Reinet,1355,5384,1825 series.xlsx|Graaff-Reinet 1825|1355
Graaff-Reinet,1356,5385,1825 series.xlsx|Graaff-Reinet 1825|1356
Graaff-Reinet,1357,5386,1825 series.xlsx|Graaff-Reinet 1825|1357
Graaff-Reinet,1358,5387,1825 series.xlsx|Graaff-Reinet 1825|1358
Graaff-Reinet,1359,5388,1825 series.xlsx|Graaff-Reinet 1825|1359
Graaff-Reinet,1360,5389,1825 series.xlsx|Graaff-Reinet 1825|1360
Graaff-Reinet,1362,5390,1825 series.xlsx|Graaff-Reinet 1825|1362
Graaff-Reinet,1363,5391,1825 series.xlsx|Graaff-Reinet 1825|1363
Graaff-Reinet,1364,5392,1825 series.xlsx|Graaff-Reinet 1825|1364
Graaff-Reinet,1365,5393,1825 series.xlsx|Graaff-Reinet 1825|1365
Graaff-Reinet,1366,5394,1825 series.xlsx|Graaff-Reinet 1825|1366
Graaff-Reinet,1367,5395,1825 series.xlsx|Graaff-Reinet 1825|1367
Graaff-Reinet,1368,5396,1825 series.xlsx|Graaff-Reinet 1825|1368
Graaff-Reinet,1369,5397,1825 series.xlsx|Graaff-Reinet 1825|1369
Graaff-Reinet,1370,5398,1825 series.xlsx|Graaff-Reinet 1825|1370
Graaff-Reinet,1371,5399,1825 series.xlsx|Graaff-Reinet 1825|1371
Graaff-Reinet,1372,5400,1825 series.xlsx|Graaff-Reinet 1825|1372
Graaff-Reinet,1373,5401,1825 series.xlsx|Graaff-Reinet 1825|1373
Graaff-Reinet,1374,5402,1825 series.xlsx|Graaff-Reinet 1825|1374
Graaff-Reinet,1375,5403,1825 series.xlsx|Graaff-Reinet 1825|1375
Graaff-Reinet,1376,5404,1825 series.xlsx|Graaff-Reinet 1825|1376
Graaff-Reinet,1377,5405,1825 series.xlsx|Graaff-Reinet 1825|1377
Graaff-Reinet,1378,5406,1825 series.xlsx|Graaff-Reinet 1825|1378
Graaff-Reinet,1379,5407,1825 series.xlsx|Graaff-Reinet 1825|1379
Graaff-Reinet,1380,5408,1825 series.xlsx|Graaff-Reinet 1825|1380
Graaff-Reinet,1381,5409,1825 series.xlsx|Graaff-Reinet 1825|1381
Graaff-Reinet,1382,5410,1825 series.xlsx|Graaff-Reinet 1825|1382
Graaff-Reinet,1383,5411,1825 series.xlsx|Graaff-Reinet 1825|1383
Graaff-Reinet,1384,5412,1825 series.xlsx|Graaff-Reinet 1825|1384
Graaff-Reinet,1385,5413,1825 series.xlsx|Graaff-Reinet 1825|1385
Graaff-Reinet,1386,5414,1825 series.xlsx|Graaff-Reinet 1825|1386
Graaff-Reinet,1387,5415,1825 series.xlsx|Graaff-Reinet 1825|1387
Graaff-Reinet,1388,5416,1825 series.xlsx|Graaff-Reinet 1825|1388
Graaff-Reinet,1389,5417,1825 series.xlsx|Graaff-Reinet 1825|1389
Graaff-Reinet,1390,5418,1825 series.xlsx|Graaff-Reinet 1825|1390
Graaff-Reinet,1391,5419,1825 series.xlsx|Graaff-Reinet 1825|1391
Graaff-Reinet,1392,5420,1825 series.xlsx|Graaff-Reinet 1825|1392
Graaff-Reinet,1393,5421,1825 series.xlsx|Graaff-Reinet 1825|1393
Graaff-Reinet,1394,5422,1825 series.xlsx|Graaff-Reinet 1825|1394
Graaff-Reinet,1395,5423,1825 series.xlsx|Graaff-Reinet 1825|1395
Graaff-Reinet,1396,5424,1825 series.xlsx|Graaff-Reinet 1825|1396
Graaff-Reinet,1397,5425,1825 series.xlsx|Graaff-Reinet 1825|1397
Graaff-Reinet,1398,5426,1825 series.xlsx|Graaff-Reinet 1825|1398
Graaff-Reinet,1399,5427,1825 series.xlsx|Graaff-Reinet 1825|1399
Graaff-Reinet,1400,5428,1825 series.xlsx|Graaff-Reinet 1825|1400
Graaff-Reinet,1401,5429,1825 series.xlsx|Graaff-Reinet 1825|1401
Graaff-Reinet,1402,5430,1825 series.xlsx|Graaff-Reinet 1825|1402
Graaff-Reinet,1403,5431,1825 series.xlsx|Graaff-Reinet 1825|1403
Graaff-Reinet,1404,5432,1825 series.xlsx|Graaff-Reinet 1825|1404
Graaff-Reinet,1405,5433,1825 series.xlsx|Graaff-Reinet 1825|1405
Graaff-Reinet,1406,5434,1825 series.xlsx|Graaff-Reinet 1825|1406
Graaff-Reinet,1407,5435,1825 series.xlsx|Graaff-Reinet 1825|1407
Graaff-Reinet,1408,5436,1825 series.xlsx|Graaff-Reinet 1825|1408
Graaff-Reinet,1409,5437,1825 series.xlsx|Graaff-Reinet 1825|1409
Graaff-Reinet,1410,5438,1825 series.xlsx|Graaff-Reinet 1825|1410
Graaff-Reinet,1411,5439,1825 series.xlsx|Graaff-Reinet 1825|1411
Graaff-Reinet,1412,5440,1825 series.xlsx|Graaff-Reinet 1825|1412
Graaff-Reinet,1413,5441,1825 series.xlsx|Graaff-Reinet 1825|1413
Graaff-Reinet,1414,5442,1825 series.xlsx|Graaff-Reinet 1825|1414
Graaff-Reinet,1415,5443,1825 series.xlsx|Graaff-Reinet 1825|1415
Graaff-Reinet,1416,5444,1825 series.xlsx|Graaff-Reinet 1825|1416
Graaff-Reinet,1417,5445,1825 series.xlsx|Graaff-Reinet 1825|1417
Graaff-Reinet,1418,5446,1825 series.xlsx|Graaff-Reinet 1825|1418
Graaff-Reinet,1419,5447,1825 series.xlsx|Graaff-Reinet 1825|1419
Graaff-Reinet,1420,5448,1825 series.xlsx|Graaff-Reinet 1825|1420
Graaff-Reinet,1421,5449,1825 series.xlsx|Graaff-Reinet 1825|1421
Graaff-Reinet,1422,5450,1825 series.xlsx|Graaff-Reinet 1825|1422
Graaff-Reinet,1423,5451,1825 series.xlsx|Graaff-Reinet 1825|1423
Graaff-Reinet,1424,5452,1825 series.xlsx|Graaff-Reinet 1825|1424
Graaff-Reinet,1425,5453,1825 series.xlsx|Graaff-Reinet 1825|1425
Graaff-Reinet,1426,5454,1825 series.xlsx|Graaff-Reinet 1825|1426
Graaff-Reinet,1427,5455,1825 series.xlsx|Graaff-Reinet 1825|1427
Graaff-Reinet,1428,5456,1825 series.xlsx|Graaff-Reinet 1825|1428
Graaff-Reinet,1429,5457,1825 series.xlsx|Graaff-Reinet 1825|1429
Graaff-Reinet,1430,5458,1825 series.xlsx|Graaff-Reinet 1825|1430
Graaff-Reinet,1431,5459,1825 series.xlsx|Graaff-Reinet 1825|1431
Graaff-Reinet,1432,5460,1825 series.xlsx|Graaff-Reinet 1825|1432
Graaff-Reinet,1433,5461,1825 series.xlsx|Graaff-Reinet 1825|1433
Graaff-Reinet,1434,5462,1825 series.xlsx|Graaff-Reinet 1825|1434
Graaff-Reinet,1435,5463,1825 series.xlsx|Graaff-Reinet 1825|1435
Graaff-Reinet,1436,5464,1825 series.xlsx|Graaff-Reinet 1825|1436
Graaff-Reinet,1437,5465,1825 series.xlsx|Graaff-Reinet 1825|1437
Graaff-Reinet,1438,5466,1825 series.xlsx|Graaff-Reinet 1825|1438
Graaff-Reinet,1439,5467,1825 series.xlsx|Graaff-Reinet 1825|1439
Graaff-Reinet,1440,5468,1825 series.xlsx|Graaff-Reinet 1825|1440
Graaff-Reinet,1441,5469,1825 series.xlsx|Graaff-Reinet 1825|1441
Graaff-Reinet,1442,5470,1825 series.xlsx|Graaff-Reinet 1825|1442
Graaff-Reinet,1443,5471,1825 series.xlsx|Graaff-Reinet 1825|1443
Graaff-Reinet,1444,5472,1825 series.xlsx|Graaff-Reinet 1825|1444
Graaff-Reinet,1446,5473,1825 series.xlsx|Graaff-Reinet 1825|1446
Graaff-Reinet,1447,5474,1825 series.xlsx|Graaff-Reinet 1825|1447
Graaff-Reinet,1448,5475,1825 series.xlsx|Graaff-Reinet 1825|1448
Graaff-Reinet,1449,5476,1825 series.xlsx|Graaff-Reinet 1825|1449
Graaff-Reinet,1450,5477,1825 series.xlsx|Graaff-Reinet 1825|1450
Graaff-Reinet,1451,5478,1825 series.xlsx|Graaff-Reinet 1825|1451
Graaff-Reinet,1452,5479,1825 series.xlsx|Graaff-Reinet 1825|1452
Graaff-Reinet,1453,5480,1825 series.xlsx|Graaff-Reinet 1825|1453
Graaff-Reinet,1454,5481,1825 series.xlsx|Graaff-Reinet 1825|1454
Graaff-Reinet,1455,5482,1825 series.xlsx|Graaff-Reinet 1825|1455
Graaff-Reinet,1456,5483,1825 series.xlsx|Graaff-Reinet 1825|1456
Graaff-Reinet,1457,5484,1825 series.xlsx|Graaff-Reinet 1825|1457
Graaff-Reinet,1458,5485,1825 series.xlsx|Graaff-Reinet 1825|1458
Graaff-Reinet,1459,5486,1825 series.xlsx|Graaff-Reinet 1825|1459
Graaff-Reinet,1460,5487,1825 series.xlsx|Graaff-Reinet 1825|1460
Graaff-Reinet,1461,5488,1825 series.xlsx|Graaff-Reinet 1825|1461
Graaff-Reinet,1462,5489,1825 series.xlsx|Graaff-Reinet 1825|1462
Graaff-Reinet,1463,5490,1825 series.xlsx|Graaff-Reinet 1825|1463
Graaff-Reinet,1464,5491,1825 series.xlsx|Graaff-Reinet 1825|1464
Graaff-Reinet,1465,5492,1825 series.xlsx|Graaff-Reinet 1825|1465
Graaff-Reinet,1466,5493,1825 series.xlsx|Graaff-Reinet 1825|1466
Graaff-Reinet,1467,5494,1825 series.xlsx|Graaff-Reinet 1825|1467
Graaff-Reinet,1468,5495,1825 series.xlsx|Graaff-Reinet 1825|1468
Graaff-Reinet,1469,5496,1825 series.xlsx|Graaff-Reinet 1825|1469
Graaff-Reinet,1470,5497,1825 series.xlsx|Graaff-Reinet 1825|1470
Graaff-Reinet,1471,5498,1825 series.xlsx|Graaff-Reinet 1825|1471
Graaff-Reinet,1472,5499,1825 series.xlsx|Graaff-Reinet 1825|1472
Graaff-Reinet,1473,5500,1825 series.xlsx|Graaff-Reinet 1825|1473
Graaff-Reinet,1474,5501,1825 series.xlsx|Graaff-Reinet 1825|1474
Graaff-Reinet,1475,5502,1825 series.xlsx|Graaff-Reinet 1825|1475
Graaff-Reinet,1476,5503,1825 series.xlsx|Graaff-Reinet 1825|1476
Graaff-Reinet,1477,5504,1825 series.xlsx|Graaff-Reinet 1825|1477
Graaff-Reinet,1478,5505,1825 series.xlsx|Graaff-Reinet 1825|1478
Graaff-Reinet,1479,5506,1825 series.xlsx|Graaff-Reinet 1825|1479
Graaff-Reinet,1480,5507,1825 series.xlsx|Graaff-Reinet 1825|1480
Graaff-Reinet,1481,5508,1825 series.xlsx|Graaff-Reinet 1825|1481
Graaff-Reinet,1482,5509,1825 series.xlsx|Graaff-Reinet 1825|1482
Graaff-Reinet,1483,5510,1825 series.xlsx|Graaff-Reinet 1825|1483
Graaff-Reinet,1484,5511,1825 series.xlsx|Graaff-Reinet 1825|1484
Graaff-Reinet,1485,5512,1825 series.xlsx|Graaff-Reinet 1825|1485
Graaff-Reinet,1486,5513,1825 series.xlsx|Graaff-Reinet 1825|1486
Graaff-Reinet,1487,5514,1825 series.xlsx|Graaff-Reinet 1825|1487
Graaff-Reinet,1488,5515,1825 series.xlsx|Graaff-Reinet 1825|1488
Graaff-Reinet,1489,5516,1825 series.xlsx|Graaff-Reinet 1825|1489
Graaff-Reinet,1490,5517,1825 series.xlsx|Graaff-Reinet 1825|1490
Graaff-Reinet,1491,5518,1825 series.xlsx|Graaff-Reinet 1825|1491
Graaff-Reinet,1492,5519,1825 series.xlsx|Graaff-Reinet 1825|1492
Graaff-Reinet,1493,5520,1825 series.xlsx|Graaff-Reinet 1825|1493
Graaff-Reinet,1494,5521,1825 series.xlsx|Graaff-Reinet 1825|1494
Graaff-Reinet,1495,5522,1825 series.xlsx|Graaff-Reinet 1825|1495
Graaff-Reinet,1496,5523,1825 series.xlsx|Graaff-Reinet 1825|1496
Graaff-Reinet,1497,5524,1825 series.xlsx|Graaff-Reinet 1825|1497
Graaff-Reinet,1498,5525,1825 series.xlsx|Graaff-Reinet 1825|1498
Graaff-Reinet,1499,5526,1825 series.xlsx|Graaff-Reinet 1825|1499
Graaff-Reinet,1500,5527,1825 series.xlsx|Graaff-Reinet 1825|1500
Graaff-Reinet,1501,5528,1825 series.xlsx|Graaff-Reinet 1825|1501
Graaff-Reinet,1502,5529,1825 series.xlsx|Graaff-Reinet 1825|1502
Graaff-Reinet,1503,5530,1825 series.xlsx|Graaff-Reinet 1825|1503
Graaff-Reinet,1504,5531,1825 series.xlsx|Graaff-Reinet 1825|1504
Graaff-Reinet,1505,5532,1825 series.xlsx|Graaff-Reinet 1825|1505
Graaff-Reinet,1506,5533,1825 series.xlsx|Graaff-Reinet 1825|1506
Graaff-Reinet,1507,5534,1825 series.xlsx|Graaff-Reinet 1825|1507
Graaff-Reinet,1508,5535,1825 series.xlsx|Graaff-Reinet 1825|1508
Graaff-Reinet,1509,5536,1825 series.xlsx|Graaff-Reinet 1825|1509
Graaff-Reinet,1510,5537,1825 series.xlsx|Graaff-Reinet 1825|1510
Graaff-Reinet,1511,5538,1825 series.xlsx|Graaff-Reinet 1825|1511
Graaff-Reinet,1512,5539,1825 series.xlsx|Graaff-Reinet 1825|1512
Graaff-Reinet,1513,5540,1825 series.xlsx|Graaff-Reinet 1825|1513
Graaff-Reinet,1514,5541,1825 series.xlsx|Graaff-Reinet 1825|1514
Graaff-Reinet,1515,5542,1825 series.xlsx|Graaff-Reinet 1825|1515
Graaff-Reinet,1516,5543,1825 series.xlsx|Graaff-Reinet 1825|1516
Graaff-Reinet,1517,5544,1825 series.xlsx|Graaff-Reinet 1825|1517
Graaff-Reinet,1518,5545,1825 series.xlsx|Graaff-Reinet 1825|1518
Graaff-Reinet,1519,5546,1825 series.xlsx|Graaff-Reinet 1825|1519
Graaff-Reinet,1520,5547,1825 series.xlsx|Graaff-Reinet 1825|1520
Graaff-Reinet,1521,5548,1825 series.xlsx|Graaff-Reinet 1825|1521
Graaff-Reinet,1522,5549,1825 series.xlsx|Graaff-Reinet 1825|1522
Graaff-Reinet,1523,5550,1825 series.xlsx|Graaff-Reinet 1825|1523
Graaff-Reinet,1524,5551,1825 series.xlsx|Graaff-Reinet 1825|1524
Graaff-Reinet,1525,5552,1825 series.xlsx|Graaff-Reinet 1825|1525
Graaff-Reinet,1526,5553,1825 series.xlsx|Graaff-Reinet 1825|1526
Graaff-Reinet,1527,5554,1825 series.xlsx|Graaff-Reinet 1825|1527
Graaff-Reinet,1528,5555,1825 series.xlsx|Graaff-Reinet 1825|1528
Graaff-Reinet,1530,5556,1825 series.xlsx|Graaff-Reinet 1825|1530
Stellenbosch,4,5557,1825 series.xlsx|Stellenbosch 1825|4
Stellenbosch,5,5558,1825 series.xlsx|Stellenbosch 1825|5
Stellenbosch,6,5559,1825 series.xlsx|Stellenbosch 1825|6
Stellenbosch,7,5560,1825 series.xlsx|Stellenbosch 1825|7
Stellenbosch,8,5561,1825 series.xlsx|Stellenbosch 1825|8
Stellenbosch,12,5562,1825 series.xlsx|Stellenbosch 1825|12
Stellenbosch,13,5563,1825 series.xlsx|Stellenbosch 1825|13
Stellenbosch,14,5564,1825 series.xlsx|Stellenbosch 1825|14
Stellenbosch,15,5565,1825 series.xlsx|Stellenbosch 1825|15
Stellenbosch,16,5566,1825 series.xlsx|Stellenbosch 1825|16
Stellenbosch,17,5567,1825 series.xlsx|Stellenbosch 1825|17
Stellenbosch,18,5568,1825 series.xlsx|Stellenbosch 1825|18
Stellenbosch,19,5569,1825 series.xlsx|Stellenbosch 1825|19
Stellenbosch,20,5570,1825 series.xlsx|Stellenbosch 1825|20
Stellenbosch,21,5571,1825 series.xlsx|Stellenbosch 1825|21
Stellenbosch,22,5572,1825 series.xlsx|Stellenbosch 1825|22
Stellenbosch,23,5573,1825 series.xlsx|Stellenbosch 1825|23
Stellenbosch,25,5574,1825 series.xlsx|Stellenbosch 1825|25
Stellenbosch,26,5575,1825 series.xlsx|Stellenbosch 1825|26
Stellenbosch,27,5576,1825 series.xlsx|Stellenbosch 1825|27
Stellenbosch,28,5577,1825 series.xlsx|Stellenbosch 1825|28
Stellenbosch,29,5578,1825 series.xlsx|Stellenbosch 1825|29
Stellenbosch,30,5579,1825 series.xlsx|Stellenbosch 1825|30
Stellenbosch,31,5580,1825 series.xlsx|Stellenbosch 1825|31
Stellenbosch,32,5581,1825 series.xlsx|Stellenbosch 1825|32
Stellenbosch,33,5582,1825 series.xlsx|Stellenbosch 1825|33
Stellenbosch,36,5583,1825 series.xlsx|Stellenbosch 1825|36
Stellenbosch,37,5584,1825 series.xlsx|Stellenbosch 1825|37
Stellenbosch,38,5585,1825 series.xlsx|Stellenbosch 1825|38
Stellenbosch,39,5586,1825 series.xlsx|Stellenbosch 1825|39
Stellenbosch,40,5587,1825 series.xlsx|Stellenbosch 1825|40
Stellenbosch,41,5588,1825 series.xlsx|Stellenbosch 1825|41
Stellenbosch,42,5589,1825 series.xlsx|Stellenbosch 1825|42
Stellenbosch,43,5590,1825 series.xlsx|Stellenbosch 1825|43
Stellenbosch,44,5591,1825 series.xlsx|Stellenbosch 1825|44
Stellenbosch,45,5592,1825 series.xlsx|Stellenbosch 1825|45
Stellenbosch,46,5593,1825 series.xlsx|Stellenbosch 1825|46
Stellenbosch,47,5594,1825 series.xlsx|Stellenbosch 1825|47
Stellenbosch,48,5595,1825 series.xlsx|Stellenbosch 1825|48
Stellenbosch,49,5596,1825 series.xlsx|Stellenbosch 1825|49
Stellenbosch,50,5597,1825 series.xlsx|Stellenbosch 1825|50
Stellenbosch,51,5598,1825 series.xlsx|Stellenbosch 1825|51
Stellenbosch,52,5599,1825 series.xlsx|Stellenbosch 1825|52
Stellenbosch,55,5600,1825 series.xlsx|Stellenbosch 1825|55
Stellenbosch,56,5601,1825 series.xlsx|Stellenbosch 1825|56
Stellenbosch,57,5602,1825 series.xlsx|Stellenbosch 1825|57
Stellenbosch,58,5603,1825 series.xlsx|Stellenbosch 1825|58
Stellenbosch,59,5604,1825 series.xlsx|Stellenbosch 1825|59
Stellenbosch,60,5605,1825 series.xlsx|Stellenbosch 1825|60
Stellenbosch,61,5606,1825 series.xlsx|Stellenbosch 1825|61
Stellenbosch,66,5607,1825 series.xlsx|Stellenbosch 1825|66
Stellenbosch,67,5608,1825 series.xlsx|Stellenbosch 1825|67
Stellenbosch,68,5609,1825 series.xlsx|Stellenbosch 1825|68
Stellenbosch,69,5610,1825 series.xlsx|Stellenbosch 1825|69
Stellenbosch,70,5611,1825 series.xlsx|Stellenbosch 1825|70
Stellenbosch,71,5612,1825 series.xlsx|Stellenbosch 1825|71
Stellenbosch,72,5613,1825 series.xlsx|Stellenbosch 1825|72
Stellenbosch,74,5614,1825 series.xlsx|Stellenbosch 1825|74
Stellenbosch,75,5615,1825 series.xlsx|Stellenbosch 1825|75
Stellenbosch,76,5616,1825 series.xlsx|Stellenbosch 1825|76
Stellenbosch,77,5617,1825 series.xlsx|Stellenbosch 1825|77
Stellenbosch,78,5618,1825 series.xlsx|Stellenbosch 1825|78
Stellenbosch,79,5619,1825 series.xlsx|Stellenbosch 1825|79
Stellenbosch,80,5620,1825 series.xlsx|Stellenbosch 1825|80
Stellenbosch,81,5621,1825 series.xlsx|Stellenbosch 1825|81
Stellenbosch,82,5622,1825 series.xlsx|Stellenbosch 1825|82
Stellenbosch,83,5623,1825 series.xlsx|Stellenbosch 1825|83
Stellenbosch,84,5624,1825 series.xlsx|Stellenbosch 1825|84
Stellenbosch,85,5625,1825 series.xlsx|Stellenbosch 1825|85
Stellenbosch,86,5626,1825 series.xlsx|Stellenbosch 1825|86
Stellenbosch,87,5627,1825 series.xlsx|Stellenbosch 1825|87
Stellenbosch,88,5628,1825 series.xlsx|Stellenbosch 1825|88
Stellenbosch,89,5629,1825 series.xlsx|Stellenbosch 1825|89
Stellenbosch,90,5630,1825 series.xlsx|Stellenbosch 1825|90
Stellenbosch,91,5631,1825 series.xlsx|Stellenbosch 1825|91
Stellenbosch,92,5632,1825 series.xlsx|Stellenbosch 1825|92
Stellenbosch,94,5633,1825 series.xlsx|Stellenbosch 1825|94
Stellenbosch,104,5634,1825 series.xlsx|Stellenbosch 1825|104
Stellenbosch,108,5635,1825 series.xlsx|Stellenbosch 1825|108
Stellenbosch,114,5636,1825 series.xlsx|Stellenbosch 1825|114
Stellenbosch,115,5637,1825 series.xlsx|Stellenbosch 1825|115
Stellenbosch,116,5638,1825 series.xlsx|Stellenbosch 1825|116
Stellenbosch,117,5639,1825 series.xlsx|Stellenbosch 1825|117
Stellenbosch,119,5640,1825 series.xlsx|Stellenbosch 1825|119
Stellenbosch,121,5641,1825 series.xlsx|Stellenbosch 1825|121
Stellenbosch,123,5642,1825 series.xlsx|Stellenbosch 1825|123
Stellenbosch,124,5643,1825 series.xlsx|Stellenbosch 1825|124
Stellenbosch,125,5644,1825 series.xlsx|Stellenbosch 1825|125
Stellenbosch,126,5645,1825 series.xlsx|Stellenbosch 1825|126
Stellenbosch,131,5646,1825 series.xlsx|Stellenbosch 1825|131
Stellenbosch,132,5647,1825 series.xlsx|Stellenbosch 1825|132
Stellenbosch,133,5648,1825 series.xlsx|Stellenbosch 1825|133
Stellenbosch,134,5649,1825 series.xlsx|Stellenbosch 1825|134
Stellenbosch,135,5650,1825 series.xlsx|Stellenbosch 1825|135
Stellenbosch,136,5651,1825 series.xlsx|Stellenbosch 1825|136
Stellenbosch,137,5652,1825 series.xlsx|Stellenbosch 1825|137
Stellenbosch,138,5653,1825 series.xlsx|Stellenbosch 1825|138
Stellenbosch,139,5654,1825 series.xlsx|Stellenbosch 1825|139
Stellenbosch,140,5655,1825 series.xlsx|Stellenbosch 1825|140
Stellenbosch,141,5656,1825 series.xlsx|Stellenbosch 1825|141
Stellenbosch,142,5657,1825 series.xlsx|Stellenbosch 1825|142
Stellenbosch,143,5658,1825 series.xlsx|Stellenbosch 1825|143
Stellenbosch,144,5659,1825 series.xlsx|Stellenbosch 1825|144
Stellenbosch,145,5660,1825 series.xlsx|Stellenbosch 1825|145
Stellenbosch,151,5661,1825 series.xlsx|Stellenbosch 1825|151
Stellenbosch,152,5662,1825 series.xlsx|Stellenbosch 1825|152
Stellenbosch,153,5663,1825 series.xlsx|Stellenbosch 1825|153
Stellenbosch,156,5664,1825 series.xlsx|Stellenbosch 1825|156
Stellenbosch,161,5665,1825 series.xlsx|Stellenbosch 1825|161
Stellenbosch,162,5666,1825 series.xlsx|Stellenbosch 1825|162
Stellenbosch,163,5667,1825 series.xlsx|Stellenbosch 1825|163
Stellenbosch,164,5668,1825 series.xlsx|Stellenbosch 1825|164
Stellenbosch,165,5669,1825 series.xlsx|Stellenbosch 1825|165
Stellenbosch,166,5670,1825 series.xlsx|Stellenbosch 1825|166
Stellenbosch,167,5671,1825 series.xlsx|Stellenbosch 1825|167
Stellenbosch,169,5672,1825 series.xlsx|Stellenbosch 1825|169
Stellenbosch,170,5673,1825 series.xlsx|Stellenbosch 1825|170
Stellenbosch,171,5674,1825 series.xlsx|Stellenbosch 1825|171
Stellenbosch,172,5675,1825 series.xlsx|Stellenbosch 1825|172
Stellenbosch,173,5676,1825 series.xlsx|Stellenbosch 1825|173
Stellenbosch,174,5677,1825 series.xlsx|Stellenbosch 1825|174
Stellenbosch,178,5678,1825 series.xlsx|Stellenbosch 1825|178
Stellenbosch,179,5679,1825 series.xlsx|Stellenbosch 1825|179
Stellenbosch,181,5680,1825 series.xlsx|Stellenbosch 1825|181
Stellenbosch,182,5681,1825 series.xlsx|Stellenbosch 1825|182
Stellenbosch,183,5682,1825 series.xlsx|Stellenbosch 1825|183
Stellenbosch,185,5683,1825 series.xlsx|Stellenbosch 1825|185
Stellenbosch,187,5684,1825 series.xlsx|Stellenbosch 1825|187
Stellenbosch,190,5685,1825 series.xlsx|Stellenbosch 1825|190
Stellenbosch,193,5686,1825 series.xlsx|Stellenbosch 1825|193
Stellenbosch,194,5687,1825 series.xlsx|Stellenbosch 1825|194
Stellenbosch,195,5688,1825 series.xlsx|Stellenbosch 1825|195
Stellenbosch,196,5689,1825 series.xlsx|Stellenbosch 1825|196
Stellenbosch,200,5690,1825 series.xlsx|Stellenbosch 1825|200
Stellenbosch,201,5691,1825 series.xlsx|Stellenbosch 1825|201
Stellenbosch,202,5692,1825 series.xlsx|Stellenbosch 1825|202
Stellenbosch,203,5693,1825 series.xlsx|Stellenbosch 1825|203
Stellenbosch,204,5694,1825 series.xlsx|Stellenbosch 1825|204
Stellenbosch,205,5695,1825 series.xlsx|Stellenbosch 1825|205
Stellenbosch,206,5696,1825 series.xlsx|Stellenbosch 1825|206
Stellenbosch,207,5697,1825 series.xlsx|Stellenbosch 1825|207
Stellenbosch,208,5698,1825 series.xlsx|Stellenbosch 1825|208
Stellenbosch,209,5699,1825 series.xlsx|Stellenbosch 1825|209
Stellenbosch,210,5700,1825 series.xlsx|Stellenbosch 1825|210
Stellenbosch,211,5701,1825 series.xlsx|Stellenbosch 1825|211
Stellenbosch,213,5702,1825 series.xlsx|Stellenbosch 1825|213
Stellenbosch,214,5703,1825 series.xlsx|Stellenbosch 1825|214
Stellenbosch,216,5704,1825 series.xlsx|Stellenbosch 1825|216
Stellenbosch,219,5705,1825 series.xlsx|Stellenbosch 1825|219
Stellenbosch,222,5706,1825 series.xlsx|Stellenbosch 1825|222
Stellenbosch,225,5707,1825 series.xlsx|Stellenbosch 1825|225
Stellenbosch,226,5708,1825 series.xlsx|Stellenbosch 1825|226
Stellenbosch,228,5709,1825 series.xlsx|Stellenbosch 1825|228
Stellenbosch,230,5710,1825 series.xlsx|Stellenbosch 1825|230
Stellenbosch,237,5711,1825 series.xlsx|Stellenbosch 1825|237
Stellenbosch,238,5712,1825 series.xlsx|Stellenbosch 1825|238
Stellenbosch,239,5713,1825 series.xlsx|Stellenbosch 1825|239
Stellenbosch,240,5714,1825 series.xlsx|Stellenbosch 1825|240
Stellenbosch,241,5715,1825 series.xlsx|Stellenbosch 1825|241
Stellenbosch,243,5716,1825 series.xlsx|Stellenbosch 1825|243
Stellenbosch,245,5717,1825 series.xlsx|Stellenbosch 1825|245
Stellenbosch,246,5718,1825 series.xlsx|Stellenbosch 1825|246
Stellenbosch,247,5719,1825 series.xlsx|Stellenbosch 1825|247
Stellenbosch,248,5720,1825 series.xlsx|Stellenbosch 1825|248
Stellenbosch,250,5721,1825 series.xlsx|Stellenbosch 1825|250
Stellenbosch,253,5722,1825 series.xlsx|Stellenbosch 1825|253
Stellenbosch,254,5723,1825 series.xlsx|Stellenbosch 1825|254
Stellenbosch,255,5724,1825 series.xlsx|Stellenbosch 1825|255
Stellenbosch,256,5725,1825 series.xlsx|Stellenbosch 1825|256
Stellenbosch,257,5726,1825 series.xlsx|Stellenbosch 1825|257
Stellenbosch,258,5727,1825 series.xlsx|Stellenbosch 1825|258
Stellenbosch,260,5728,1825 series.xlsx|Stellenbosch 1825|260
Stellenbosch,262,5729,1825 series.xlsx|Stellenbosch 1825|262
Stellenbosch,263,5730,1825 series.xlsx|Stellenbosch 1825|263
Stellenbosch,264,5731,1825 series.xlsx|Stellenbosch 1825|264
Stellenbosch,265,5732,1825 series.xlsx|Stellenbosch 1825|265
Stellenbosch,266,5733,1825 series.xlsx|Stellenbosch 1825|266
Stellenbosch,267,5734,1825 series.xlsx|Stellenbosch 1825|267
Stellenbosch,272,5735,1825 series.xlsx|Stellenbosch 1825|272
Stellenbosch,273,5736,1825 series.xlsx|Stellenbosch 1825|273
Stellenbosch,274,5737,1825 series.xlsx|Stellenbosch 1825|274
Stellenbosch,275,5738,1825 series.xlsx|Stellenbosch 1825|275
Stellenbosch,276,5739,1825 series.xlsx|Stellenbosch 1825|276
Stellenbosch,277,5740,1825 series.xlsx|Stellenbosch 1825|277
Stellenbosch,278,5741,1825 series.xlsx|Stellenbosch 1825|278
Stellenbosch,279,5742,1825 series.xlsx|Stellenbosch 1825|279
Stellenbosch,281,5743,1825 series.xlsx|Stellenbosch 1825|281
Stellenbosch,283,5744,1825 series.xlsx|Stellenbosch 1825|283
Stellenbosch,284,5745,1825 series.xlsx|Stellenbosch 1825|284
Stellenbosch,285,5746,1825 series.xlsx|Stellenbosch 1825|285
Stellenbosch,286,5747,1825 series.xlsx|Stellenbosch 1825|286
Stellenbosch,287,5748,1825 series.xlsx|Stellenbosch 1825|287
Stellenbosch,288,5749,1825 series.xlsx|Stellenbosch 1825|288
Stellenbosch,291,5750,1825 series.xlsx|Stellenbosch 1825|291
Stellenbosch,292,5751,1825 series.xlsx|Stellenbosch 1825|292
Stellenbosch,293,5752,1825 series.xlsx|Stellenbosch 1825|293
Stellenbosch,295,5753,1825 series.xlsx|Stellenbosch 1825|295
Stellenbosch,296,5754,1825 series.xlsx|Stellenbosch 1825|296
Stellenbosch,297,5755,1825 series.xlsx|Stellenbosch 1825|297
Stellenbosch,301,5756,1825 series.xlsx|Stellenbosch 1825|301
Stellenbosch,304,5757,1825 series.xlsx|Stellenbosch 1825|304
Stellenbosch,305,5758,1825 series.xlsx|Stellenbosch 1825|305
Stellenbosch,306,5759,1825 series.xlsx|Stellenbosch 1825|306
Stellenbosch,307,5760,1825 series.xlsx|Stellenbosch 1825|307
Stellenbosch,308,5761,1825 series.xlsx|Stellenbosch 1825|308
Stellenbosch,311,5762,1825 series.xlsx|Stellenbosch 1825|311
Stellenbosch,314,5763,1825 series.xlsx|Stellenbosch 1825|314
Stellenbosch,315,5764,1825 series.xlsx|Stellenbosch 1825|315
Stellenbosch,316,5765,1825 series.xlsx|Stellenbosch 1825|316
Stellenbosch,317,5766,1825 series.xlsx|Stellenbosch 1825|317
Stellenbosch,318,5767,1825 series.xlsx|Stellenbosch 1825|318
Stellenbosch,319,5768,1825 series.xlsx|Stellenbosch 1825|319
Stellenbosch,320,5769,1825 series.xlsx|Stellenbosch 1825|320
Stellenbosch,321,5770,1825 series.xlsx|Stellenbosch 1825|321
Stellenbosch,322,5771,1825 series.xlsx|Stellenbosch 1825|322
Stellenbosch,323,5772,1825 series.xlsx|Stellenbosch 1825|323
Stellenbosch,324,5773,1825 series.xlsx|Stellenbosch 1825|324
Stellenbosch,326,5774,1825 series.xlsx|Stellenbosch 1825|326
Stellenbosch,327,5775,1825 series.xlsx|Stellenbosch 1825|327
Stellenbosch,328,5776,1825 series.xlsx|Stellenbosch 1825|328
Stellenbosch,329,5777,1825 series.xlsx|Stellenbosch 1825|329
Stellenbosch,330,5778,1825 series.xlsx|Stellenbosch 1825|330
Stellenbosch,331,5779,1825 series.xlsx|Stellenbosch 1825|331
Stellenbosch,332,5780,1825 series.xlsx|Stellenbosch 1825|332
Stellenbosch,334,5781,1825 series.xlsx|Stellenbosch 1825|334
Stellenbosch,335,5782,1825 series.xlsx|Stellenbosch 1825|335
Stellenbosch,336,5783,1825 series.xlsx|Stellenbosch 1825|336
Stellenbosch,337,5784,1825 series.xlsx|Stellenbosch 1825|337
Stellenbosch,338,5785,1825 series.xlsx|Stellenbosch 1825|338
Stellenbosch,340,5786,1825 series.xlsx|Stellenbosch 1825|340
Stellenbosch,341,5787,1825 series.xlsx|Stellenbosch 1825|341
Stellenbosch,342,5788,1825 series.xlsx|Stellenbosch 1825|342
Stellenbosch,345,5789,1825 series.xlsx|Stellenbosch 1825|345
Stellenbosch,346,5790,1825 series.xlsx|Stellenbosch 1825|346
Stellenbosch,347,5791,1825 series.xlsx|Stellenbosch 1825|347
Stellenbosch,348,5792,1825 series.xlsx|Stellenbosch 1825|348
Stellenbosch,349,5793,1825 series.xlsx|Stellenbosch 1825|349
Stellenbosch,350,5794,1825 series.xlsx|Stellenbosch 1825|350
Stellenbosch,351,5795,1825 series.xlsx|Stellenbosch 1825|351
Stellenbosch,352,5796,1825 series.xlsx|Stellenbosch 1825|352
Stellenbosch,353,5797,1825 series.xlsx|Stellenbosch 1825|353
Stellenbosch,355,5798,1825 series.xlsx|Stellenbosch 1825|355
Stellenbosch,356,5799,1825 series.xlsx|Stellenbosch 1825|356
Stellenbosch,357,5800,1825 series.xlsx|Stellenbosch 1825|357
Stellenbosch,358,5801,1825 series.xlsx|Stellenbosch 1825|358
Stellenbosch,359,5802,1825 series.xlsx|Stellenbosch 1825|359
Stellenbosch,360,5803,1825 series.xlsx|Stellenbosch 1825|360
Stellenbosch,361,5804,1825 series.xlsx|Stellenbosch 1825|361
Stellenbosch,362,5805,1825 series.xlsx|Stellenbosch 1825|362
Stellenbosch,363,5806,1825 series.xlsx|Stellenbosch 1825|363
Stellenbosch,364,5807,1825 series.xlsx|Stellenbosch 1825|364
Stellenbosch,365,5808,1825 series.xlsx|Stellenbosch 1825|365
Stellenbosch,366,5809,1825 series.xlsx|Stellenbosch 1825|366
Stellenbosch,367,5810,1825 series.xlsx|Stellenbosch 1825|367
Stellenbosch,368,5811,1825 series.xlsx|Stellenbosch 1825|368
Stellenbosch,371,5812,1825 series.xlsx|Stellenbosch 1825|371
Stellenbosch,372,5813,1825 series.xlsx|Stellenbosch 1825|372
Stellenbosch,373,5814,1825 series.xlsx|Stellenbosch 1825|373
Stellenbosch,374,5815,1825 series.xlsx|Stellenbosch 1825|374
Stellenbosch,375,5816,1825 series.xlsx|Stellenbosch 1825|375
Stellenbosch,376,5817,1825 series.xlsx|Stellenbosch 1825|376
Stellenbosch,377,5818,1825 series.xlsx|Stellenbosch 1825|377
Stellenbosch,378,5819,1825 series.xlsx|Stellenbosch 1825|378
Stellenbosch,379,5820,1825 series.xlsx|Stellenbosch 1825|379
Stellenbosch,380,5821,1825 series.xlsx|Stellenbosch 1825|380
Stellenbosch,381,5822,1825 series.xlsx|Stellenbosch 1825|381
Stellenbosch,382,5823,1825 series.xlsx|Stellenbosch 1825|382
Stellenbosch,383,5824,1825 series.xlsx|Stellenbosch 1825|383
Stellenbosch,384,5825,1825 series.xlsx|Stellenbosch 1825|384
Stellenbosch,386,5826,1825 series.xlsx|Stellenbosch 1825|386
Stellenbosch,387,5827,1825 series.xlsx|Stellenbosch 1825|387
Stellenbosch,388,5828,1825 series.xlsx|Stellenbosch 1825|388
Stellenbosch,389,5829,1825 series.xlsx|Stellenbosch 1825|389
Stellenbosch,390,5830,1825 series.xlsx|Stellenbosch 1825|390
Stellenbosch,391,5831,1825 series.xlsx|Stellenbosch 1825|391
Stellenbosch,392,5832,1825 series.xlsx|Stellenbosch 1825|392
Stellenbosch,393,5833,1825 series.xlsx|Stellenbosch 1825|393
Stellenbosch,394,5834,1825 series.xlsx|Stellenbosch 1825|394
Stellenbosch,395,5835,1825 series.xlsx|Stellenbosch 1825|395
Stellenbosch,396,5836,1825 series.xlsx|Stellenbosch 1825|396
Stellenbosch,397,5837,1825 series.xlsx|Stellenbosch 1825|397
Stellenbosch,398,5838,1825 series.xlsx|Stellenbosch 1825|398
Stellenbosch,399,5839,1825 series.xlsx|Stellenbosch 1825|399
Stellenbosch,400,5840,1825 series.xlsx|Stellenbosch 1825|400
Stellenbosch,405,5841,1825 series.xlsx|Stellenbosch 1825|405
Stellenbosch,406,5842,1825 series.xlsx|Stellenbosch 1825|406
Stellenbosch,407,5843,1825 series.xlsx|Stellenbosch 1825|407
Stellenbosch,409,5844,1825 series.xlsx|Stellenbosch 1825|409
Stellenbosch,410,5845,1825 series.xlsx|Stellenbosch 1825|410
Stellenbosch,411,5846,1825 series.xlsx|Stellenbosch 1825|411
Stellenbosch,412,5847,1825 series.xlsx|Stellenbosch 1825|412
Stellenbosch,413,5848,1825 series.xlsx|Stellenbosch 1825|413
Stellenbosch,415,5849,1825 series.xlsx|Stellenbosch 1825|415
Stellenbosch,416,5850,1825 series.xlsx|Stellenbosch 1825|416
Stellenbosch,417,5851,1825 series.xlsx|Stellenbosch 1825|417
Stellenbosch,418,5852,1825 series.xlsx|Stellenbosch 1825|418
Stellenbosch,419,5853,1825 series.xlsx|Stellenbosch 1825|419
Stellenbosch,420,5854,1825 series.xlsx|Stellenbosch 1825|420
Stellenbosch,421,5855,1825 series.xlsx|Stellenbosch 1825|421
Stellenbosch,424,5856,1825 series.xlsx|Stellenbosch 1825|424
Stellenbosch,425,5857,1825 series.xlsx|Stellenbosch 1825|425
Stellenbosch,426,5858,1825 series.xlsx|Stellenbosch 1825|426
Stellenbosch,427,5859,1825 series.xlsx|Stellenbosch 1825|427
Stellenbosch,428,5860,1825 series.xlsx|Stellenbosch 1825|428
Stellenbosch,429,5861,1825 series.xlsx|Stellenbosch 1825|429
Stellenbosch,430,5862,1825 series.xlsx|Stellenbosch 1825|430
Stellenbosch,431,5863,1825 series.xlsx|Stellenbosch 1825|431
Stellenbosch,432,5864,1825 series.xlsx|Stellenbosch 1825|432
Stellenbosch,434,5865,1825 series.xlsx|Stellenbosch 1825|434
Stellenbosch,435,5866,1825 series.xlsx|Stellenbosch 1825|435
Stellenbosch,436,5867,1825 series.xlsx|Stellenbosch 1825|436
Stellenbosch,437,5868,1825 series.xlsx|Stellenbosch 1825|437
Stellenbosch,438,5869,1825 series.xlsx|Stellenbosch 1825|438
Stellenbosch,439,5870,1825 series.xlsx|Stellenbosch 1825|439
Stellenbosch,440,5871,1825 series.xlsx|Stellenbosch 1825|440
Stellenbosch,441,5872,1825 series.xlsx|Stellenbosch 1825|441
Stellenbosch,442,5873,1825 series.xlsx|Stellenbosch 1825|442
Stellenbosch,443,5874,1825 series.xlsx|Stellenbosch 1825|443
Stellenbosch,444,5875,1825 series.xlsx|Stellenbosch 1825|444
Stellenbosch,445,5876,1825 series.xlsx|Stellenbosch 1825|445
Stellenbosch,446,5877,1825 series.xlsx|Stellenbosch 1825|446
Stellenbosch,447,5878,1825 series.xlsx|Stellenbosch 1825|447
Stellenbosch,448,5879,1825 series.xlsx|Stellenbosch 1825|448
Stellenbosch,449,5880,1825 series.xlsx|Stellenbosch 1825|449
Stellenbosch,450,5881,1825 series.xlsx|Stellenbosch 1825|450
Stellenbosch,451,5882,1825 series.xlsx|Stellenbosch 1825|451
Stellenbosch,452,5883,1825 series.xlsx|Stellenbosch 1825|452
Stellenbosch,456,5884,1825 series.xlsx|Stellenbosch 1825|456
Stellenbosch,457,5885,1825 series.xlsx|Stellenbosch 1825|457
Stellenbosch,458,5886,1825 series.xlsx|Stellenbosch 1825|458
Stellenbosch,459,5887,1825 series.xlsx|Stellenbosch 1825|459
Stellenbosch,460,5888,1825 series.xlsx|Stellenbosch 1825|460
Stellenbosch,461,5889,1825 series.xlsx|Stellenbosch 1825|461
Stellenbosch,462,5890,1825 series.xlsx|Stellenbosch 1825|462
Stellenbosch,463,5891,1825 series.xlsx|Stellenbosch 1825|463
Stellenbosch,464,5892,1825 series.xlsx|Stellenbosch 1825|464
Stellenbosch,465,5893,1825 series.xlsx|Stellenbosch 1825|465
Stellenbosch,466,5894,1825 series.xlsx|Stellenbosch 1825|466
Stellenbosch,467,5895,1825 series.xlsx|Stellenbosch 1825|467
Stellenbosch,468,5896,1825 series.xlsx|Stellenbosch 1825|468
Stellenbosch,469,5897,1825 series.xlsx|Stellenbosch 1825|469
Stellenbosch,471,5898,1825 series.xlsx|Stellenbosch 1825|471
Stellenbosch,472,5899,1825 series.xlsx|Stellenbosch 1825|472
Stellenbosch,473,5900,1825 series.xlsx|Stellenbosch 1825|473
Stellenbosch,474,5901,1825 series.xlsx|Stellenbosch 1825|474
Stellenbosch,475,5902,1825 series.xlsx|Stellenbosch 1825|475
Stellenbosch,476,5903,1825 series.xlsx|Stellenbosch 1825|476
Stellenbosch,477,5904,1825 series.xlsx|Stellenbosch 1825|477
Stellenbosch,478,5905,1825 series.xlsx|Stellenbosch 1825|478
Stellenbosch,480,5906,1825 series.xlsx|Stellenbosch 1825|480
Stellenbosch,481,5907,1825 series.xlsx|Stellenbosch 1825|481
Stellenbosch,482,5908,1825 series.xlsx|Stellenbosch 1825|482
Stellenbosch,483,5909,1825 series.xlsx|Stellenbosch 1825|483
Stellenbosch,484,5910,1825 series.xlsx|Stellenbosch 1825|484
Stellenbosch,485,5911,1825 series.xlsx|Stellenbosch 1825|485
Stellenbosch,488,5912,1825 series.xlsx|Stellenbosch 1825|488
Stellenbosch,489,5913,1825 series.xlsx|Stellenbosch 1825|489
Stellenbosch,490,5914,1825 series.xlsx|Stellenbosch 1825|490
Stellenbosch,492,5915,1825 series.xlsx|Stellenbosch 1825|492
Stellenbosch,493,5916,1825 series.xlsx|Stellenbosch 1825|493
Stellenbosch,494,5917,1825 series.xlsx|Stellenbosch 1825|494
Stellenbosch,502,5918,1825 series.xlsx|Stellenbosch 1825|502
Stellenbosch,503,5919,1825 series.xlsx|Stellenbosch 1825|503
Stellenbosch,505,5920,1825 series.xlsx|Stellenbosch 1825|505
Stellenbosch,508,5921,1825 series.xlsx|Stellenbosch 1825|508
Stellenbosch,509,5922,1825 series.xlsx|Stellenbosch 1825|509
Stellenbosch,510,5923,1825 series.xlsx|Stellenbosch 1825|510
Stellenbosch,511,5924,1825 series.xlsx|Stellenbosch 1825|511
Stellenbosch,512,5925,1825 series.xlsx|Stellenbosch 1825|512
Stellenbosch,513,5926,1825 series.xlsx|Stellenbosch 1825|513
Stellenbosch,514,5927,1825 series.xlsx|Stellenbosch 1825|514
Stellenbosch,515,5928,1825 series.xlsx|Stellenbosch 1825|515
Stellenbosch,519,5929,1825 series.xlsx|Stellenbosch 1825|519
Stellenbosch,520,5930,1825 series.xlsx|Stellenbosch 1825|520
Stellenbosch,521,5931,1825 series.xlsx|Stellenbosch 1825|521
Stellenbosch,522,5932,1825 series.xlsx|Stellenbosch 1825|522
Stellenbosch,523,5933,1825 series.xlsx|Stellenbosch 1825|523
Stellenbosch,524,5934,1825 series.xlsx|Stellenbosch 1825|524
Stellenbosch,525,5935,1825 series.xlsx|Stellenbosch 1825|525
Stellenbosch,526,5936,1825 series.xlsx|Stellenbosch 1825|526
Stellenbosch,527,5937,1825 series.xlsx|Stellenbosch 1825|527
Stellenbosch,528,5938,1825 series.xlsx|Stellenbosch 1825|528
Stellenbosch,529,5939,1825 series.xlsx|Stellenbosch 1825|529
Stellenbosch,530,5940,1825 series.xlsx|Stellenbosch 1825|530
Stellenbosch,531,5941,1825 series.xlsx|Stellenbosch 1825|531
Stellenbosch,532,5942,1825 series.xlsx|Stellenbosch 1825|532
Stellenbosch,534,5943,1825 series.xlsx|Stellenbosch 1825|534
Stellenbosch,535,5944,1825 series.xlsx|Stellenbosch 1825|535
Stellenbosch,537,5945,1825 series.xlsx|Stellenbosch 1825|537
Stellenbosch,539,5946,1825 series.xlsx|Stellenbosch 1825|539
Stellenbosch,540,5947,1825 series.xlsx|Stellenbosch 1825|540
Stellenbosch,541,5948,1825 series.xlsx|Stellenbosch 1825|541
Stellenbosch,542,5949,1825 series.xlsx|Stellenbosch 1825|542
Stellenbosch,543,5950,1825 series.xlsx|Stellenbosch 1825|543
Stellenbosch,544,5951,1825 series.xlsx|Stellenbosch 1825|544
Stellenbosch,546,5952,1825 series.xlsx|Stellenbosch 1825|546
Stellenbosch,547,5953,1825 series.xlsx|Stellenbosch 1825|547
Stellenbosch,550,5954,1825 series.xlsx|Stellenbosch 1825|550
Stellenbosch,551,5955,1825 series.xlsx|Stellenbosch 1825|551
Stellenbosch,552,5956,1825 series.xlsx|Stellenbosch 1825|552
Stellenbosch,553,5957,1825 series.xlsx|Stellenbosch 1825|553
Stellenbosch,556,5958,1825 series.xlsx|Stellenbosch 1825|556
Stellenbosch,557,5959,1825 series.xlsx|Stellenbosch 1825|557
Stellenbosch,558,5960,1825 series.xlsx|Stellenbosch 1825|558
Stellenbosch,562,5961,1825 series.xlsx|Stellenbosch 1825|562
Stellenbosch,563,5962,1825 series.xlsx|Stellenbosch 1825|563
Stellenbosch,566,5963,1825 series.xlsx|Stellenbosch 1825|566
Stellenbosch,567,5964,1825 series.xlsx|Stellenbosch 1825|567
Stellenbosch,568,5965,1825 series.xlsx|Stellenbosch 1825|568
Stellenbosch,569,5966,1825 series.xlsx|Stellenbosch 1825|569
Stellenbosch,570,5967,1825 series.xlsx|Stellenbosch 1825|570
Stellenbosch,571,5968,1825 series.xlsx|Stellenbosch 1825|571
Stellenbosch,572,5969,1825 series.xlsx|Stellenbosch 1825|572
Stellenbosch,573,5970,1825 series.xlsx|Stellenbosch 1825|573
Stellenbosch,574,5971,1825 series.xlsx|Stellenbosch 1825|574
Stellenbosch,575,5972,1825 series.xlsx|Stellenbosch 1825|575
Stellenbosch,583,5973,1825 series.xlsx|Stellenbosch 1825|583
Stellenbosch,584,5974,1825 series.xlsx|Stellenbosch 1825|584
Stellenbosch,585,5975,1825 series.xlsx|Stellenbosch 1825|585
Stellenbosch,587,5976,1825 series.xlsx|Stellenbosch 1825|587
Stellenbosch,588,5977,1825 series.xlsx|Stellenbosch 1825|588
Stellenbosch,589,5978,1825 series.xlsx|Stellenbosch 1825|589
Stellenbosch,590,5979,1825 series.xlsx|Stellenbosch 1825|590
Stellenbosch,591,5980,1825 series.xlsx|Stellenbosch 1825|591
Stellenbosch,592,5981,1825 series.xlsx|Stellenbosch 1825|592
Stellenbosch,593,5982,1825 series.xlsx|Stellenbosch 1825|593
Stellenbosch,594,5983,1825 series.xlsx|Stellenbosch 1825|594
Stellenbosch,595,5984,1825 series.xlsx|Stellenbosch 1825|595
Stellenbosch,596,5985,1825 series.xlsx|Stellenbosch 1825|596
Stellenbosch,597,5986,1825 series.xlsx|Stellenbosch 1825|597
Stellenbosch,598,5987,1825 series.xlsx|Stellenbosch 1825|598
Stellenbosch,599,5988,1825 series.xlsx|Stellenbosch 1825|599
Stellenbosch,600,5989,1825 series.xlsx|Stellenbosch 1825|600
Stellenbosch,601,5990,1825 series.xlsx|Stellenbosch 1825|601
Stellenbosch,602,5991,1825 series.xlsx|Stellenbosch 1825|602
Stellenbosch,603,5992,1825 series.xlsx|Stellenbosch 1825|603
Stellenbosch,604,5993,1825 series.xlsx|Stellenbosch 1825|604
Stellenbosch,605,5994,1825 series.xlsx|Stellenbosch 1825|605
Stellenbosch,606,5995,1825 series.xlsx|Stellenbosch 1825|606
Stellenbosch,607,5996,1825 series.xlsx|Stellenbosch 1825|607
Stellenbosch,608,5997,1825 series.xlsx|Stellenbosch 1825|608
Stellenbosch,609,5998,1825 series.xlsx|Stellenbosch 1825|609
Stellenbosch,610,5999,1825 series.xlsx|Stellenbosch 1825|610
Stellenbosch,611,6000,1825 series.xlsx|Stellenbosch 1825|611
Stellenbosch,612,6001,1825 series.xlsx|Stellenbosch 1825|612
Stellenbosch,619,6002,1825 series.xlsx|Stellenbosch 1825|619
Stellenbosch,624,6003,1825 series.xlsx|Stellenbosch 1825|624
Stellenbosch,625,6004,1825 series.xlsx|Stellenbosch 1825|625
Stellenbosch,626,6005,1825 series.xlsx|Stellenbosch 1825|626
Stellenbosch,627,6006,1825 series.xlsx|Stellenbosch 1825|627
Stellenbosch,630,6007,1825 series.xlsx|Stellenbosch 1825|630
Stellenbosch,631,6008,1825 series.xlsx|Stellenbosch 1825|631
Stellenbosch,633,6009,1825 series.xlsx|Stellenbosch 1825|633
Stellenbosch,634,6010,1825 series.xlsx|Stellenbosch 1825|634
Stellenbosch,635,6011,1825 series.xlsx|Stellenbosch 1825|635
Stellenbosch,636,6012,1825 series.xlsx|Stellenbosch 1825|636
Stellenbosch,637,6013,1825 series.xlsx|Stellenbosch 1825|637
Stellenbosch,638,6014,1825 series.xlsx|Stellenbosch 1825|638
Stellenbosch,639,6015,1825 series.xlsx|Stellenbosch 1825|639
Stellenbosch,640,6016,1825 series.xlsx|Stellenbosch 1825|640
Stellenbosch,641,6017,1825 series.xlsx|Stellenbosch 1825|641
Stellenbosch,643,6018,1825 series.xlsx|Stellenbosch 1825|643
Stellenbosch,646,6019,1825 series.xlsx|Stellenbosch 1825|646
Stellenbosch,647,6020,1825 series.xlsx|Stellenbosch 1825|647
Stellenbosch,648,6021,1825 series.xlsx|Stellenbosch 1825|648
Stellenbosch,649,6022,1825 series.xlsx|Stellenbosch 1825|649
Stellenbosch,650,6023,1825 series.xlsx|Stellenbosch 1825|650
Stellenbosch,651,6024,1825 series.xlsx|Stellenbosch 1825|651
Stellenbosch,652,6025,1825 series.xlsx|Stellenbosch 1825|652
Stellenbosch,656,6026,1825 series.xlsx|Stellenbosch 1825|656
Stellenbosch,657,6027,1825 series.xlsx|Stellenbosch 1825|657
Stellenbosch,658,6028,1825 series.xlsx|Stellenbosch 1825|658
Stellenbosch,659,6029,1825 series.xlsx|Stellenbosch 1825|659
Stellenbosch,660,6030,1825 series.xlsx|Stellenbosch 1825|660
Stellenbosch,661,6031,1825 series.xlsx|Stellenbosch 1825|661
Stellenbosch,662,6032,1825 series.xlsx|Stellenbosch 1825|662
Stellenbosch,663,6033,1825 series.xlsx|Stellenbosch 1825|663
Stellenbosch,664,6034,1825 series.xlsx|Stellenbosch 1825|664
Stellenbosch,665,6035,1825 series.xlsx|Stellenbosch 1825|665
Stellenbosch,666,6036,1825 series.xlsx|Stellenbosch 1825|666
Stellenbosch,667,6037,1825 series.xlsx|Stellenbosch 1825|667
Stellenbosch,668,6038,1825 series.xlsx|Stellenbosch 1825|668
Stellenbosch,669,6039,1825 series.xlsx|Stellenbosch 1825|669
Stellenbosch,670,6040,1825 series.xlsx|Stellenbosch 1825|670
Stellenbosch,671,6041,1825 series.xlsx|Stellenbosch 1825|671
Stellenbosch,672,6042,1825 series.xlsx|Stellenbosch 1825|672
Stellenbosch,673,6043,1825 series.xlsx|Stellenbosch 1825|673
Stellenbosch,674,6044,1825 series.xlsx|Stellenbosch 1825|674
Stellenbosch,677,6045,1825 series.xlsx|Stellenbosch 1825|677
Stellenbosch,678,6046,1825 series.xlsx|Stellenbosch 1825|678
Stellenbosch,679,6047,1825 series.xlsx|Stellenbosch 1825|679
Stellenbosch,681,6048,1825 series.xlsx|Stellenbosch 1825|681
Stellenbosch,682,6049,1825 series.xlsx|Stellenbosch 1825|682
Stellenbosch,683,6050,1825 series.xlsx|Stellenbosch 1825|683
Stellenbosch,684,6051,1825 series.xlsx|Stellenbosch 1825|684
Stellenbosch,685,6052,1825 series.xlsx|Stellenbosch 1825|685
Stellenbosch,686,6053,1825 series.xlsx|Stellenbosch 1825|686
Stellenbosch,687,6054,1825 series.xlsx|Stellenbosch 1825|687
Stellenbosch,690,6055,1825 series.xlsx|Stellenbosch 1825|690
Stellenbosch,692,6056,1825 series.xlsx|Stellenbosch 1825|692
Stellenbosch,693,6057,1825 series.xlsx|Stellenbosch 1825|693
Stellenbosch,694,6058,1825 series.xlsx|Stellenbosch 1825|694
Stellenbosch,695,6059,1825 series.xlsx|Stellenbosch 1825|695
Stellenbosch,696,6060,1825 series.xlsx|Stellenbosch 1825|696
Stellenbosch,698,6061,1825 series.xlsx|Stellenbosch 1825|698
Stellenbosch,699,6062,1825 series.xlsx|Stellenbosch 1825|699
Stellenbosch,700,6063,1825 series.xlsx|Stellenbosch 1825|700
Stellenbosch,701,6064,1825 series.xlsx|Stellenbosch 1825|701
Stellenbosch,702,6065,1825 series.xlsx|Stellenbosch 1825|702
Stellenbosch,703,6066,1825 series.xlsx|Stellenbosch 1825|703
Stellenbosch,706,6067,1825 series.xlsx|Stellenbosch 1825|706
Stellenbosch,707,6068,1825 series.xlsx|Stellenbosch 1825|707
Stellenbosch,710,6069,1825 series.xlsx|Stellenbosch 1825|710
Stellenbosch,711,6070,1825 series.xlsx|Stellenbosch 1825|711
Stellenbosch,717,6071,1825 series.xlsx|Stellenbosch 1825|717
Stellenbosch,718,6072,1825 series.xlsx|Stellenbosch 1825|718
Stellenbosch,719,6073,1825 series.xlsx|Stellenbosch 1825|719
Stellenbosch,720,6074,1825 series.xlsx|Stellenbosch 1825|720
Stellenbosch,721,6075,1825 series.xlsx|Stellenbosch 1825|721
Stellenbosch,722,6076,1825 series.xlsx|Stellenbosch 1825|722
Stellenbosch,723,6077,1825 series.xlsx|Stellenbosch 1825|723
Stellenbosch,724,6078,1825 series.xlsx|Stellenbosch 1825|724
Stellenbosch,725,6079,1825 series.xlsx|Stellenbosch 1825|725
Stellenbosch,726,6080,1825 series.xlsx|Stellenbosch 1825|726
Stellenbosch,727,6081,1825 series.xlsx|Stellenbosch 1825|727
Stellenbosch,728,6082,1825 series.xlsx|Stellenbosch 1825|728
Stellenbosch,729,6083,1825 series.xlsx|Stellenbosch 1825|729
Stellenbosch,731,6084,1825 series.xlsx|Stellenbosch 1825|731
Stellenbosch,732,6085,1825 series.xlsx|Stellenbosch 1825|732
Stellenbosch,738,6086,1825 series.xlsx|Stellenbosch 1825|738
Stellenbosch,739,6087,1825 series.xlsx|Stellenbosch 1825|739
Stellenbosch,740,6088,1825 series.xlsx|Stellenbosch 1825|740
Stellenbosch,741,6089,1825 series.xlsx|Stellenbosch 1825|741
Stellenbosch,742,6090,1825 series.xlsx|Stellenbosch 1825|742
Stellenbosch,743,6091,1825 series.xlsx|Stellenbosch 1825|743
Stellenbosch,744,6092,1825 series.xlsx|Stellenbosch 1825|744
Stellenbosch,745,6093,1825 series.xlsx|Stellenbosch 1825|745
Stellenbosch,746,6094,1825 series.xlsx|Stellenbosch 1825|746
Stellenbosch,747,6095,1825 series.xlsx|Stellenbosch 1825|747
Stellenbosch,748,6096,1825 series.xlsx|Stellenbosch 1825|748
Stellenbosch,749,6097,1825 series.xlsx|Stellenbosch 1825|749
Stellenbosch,750,6098,1825 series.xlsx|Stellenbosch 1825|750
Stellenbosch,751,6099,1825 series.xlsx|Stellenbosch 1825|751
Stellenbosch,752,6100,1825 series.xlsx|Stellenbosch 1825|752
Stellenbosch,753,6101,1825 series.xlsx|Stellenbosch 1825|753
Stellenbosch,754,6102,1825 series.xlsx|Stellenbosch 1825|754
Stellenbosch,755,6103,1825 series.xlsx|Stellenbosch 1825|755
Stellenbosch,756,6104,1825 series.xlsx|Stellenbosch 1825|756
Stellenbosch,757,6105,1825 series.xlsx|Stellenbosch 1825|757
Stellenbosch,758,6106,1825 series.xlsx|Stellenbosch 1825|758
Stellenbosch,759,6107,1825 series.xlsx|Stellenbosch 1825|759
Stellenbosch,760,6108,1825 series.xlsx|Stellenbosch 1825|760
Stellenbosch,761,6109,1825 series.xlsx|Stellenbosch 1825|761
Stellenbosch,762,6110,1825 series.xlsx|Stellenbosch 1825|762
Stellenbosch,763,6111,1825 series.xlsx|Stellenbosch 1825|763
Stellenbosch,764,6112,1825 series.xlsx|Stellenbosch 1825|764
Stellenbosch,765,6113,1825 series.xlsx|Stellenbosch 1825|765
Stellenbosch,766,6114,1825 series.xlsx|Stellenbosch 1825|766
Stellenbosch,769,6115,1825 series.xlsx|Stellenbosch 1825|769
Stellenbosch,770,6116,1825 series.xlsx|Stellenbosch 1825|770
Stellenbosch,771,6117,1825 series.xlsx|Stellenbosch 1825|771
Stellenbosch,772,6118,1825 series.xlsx|Stellenbosch 1825|772
Stellenbosch,773,6119,1825 series.xlsx|Stellenbosch 1825|773
Stellenbosch,776,6120,1825 series.xlsx|Stellenbosch 1825|776
Stellenbosch,777,6121,1825 series.xlsx|Stellenbosch 1825|777
Stellenbosch,778,6122,1825 series.xlsx|Stellenbosch 1825|778
Stellenbosch,781,6123,1825 series.xlsx|Stellenbosch 1825|781
Stellenbosch,782,6124,1825 series.xlsx|Stellenbosch 1825|782
Stellenbosch,783,6125,1825 series.xlsx|Stellenbosch 1825|783
Stellenbosch,784,6126,1825 series.xlsx|Stellenbosch 1825|784
Stellenbosch,785,6127,1825 series.xlsx|Stellenbosch 1825|785
Stellenbosch,786,6128,1825 series.xlsx|Stellenbosch 1825|786
Stellenbosch,787,6129,1825 series.xlsx|Stellenbosch 1825|787
Stellenbosch,788,6130,1825 series.xlsx|Stellenbosch 1825|788
Stellenbosch,789,6131,1825 series.xlsx|Stellenbosch 1825|789
Stellenbosch,790,6132,1825 series.xlsx|Stellenbosch 1825|790
Stellenbosch,791,6133,1825 series.xlsx|Stellenbosch 1825|791
Stellenbosch,792,6134,1825 series.xlsx|Stellenbosch 1825|792
Stellenbosch,793,6135,1825 series.xlsx|Stellenbosch 1825|793
Stellenbosch,794,6136,1825 series.xlsx|Stellenbosch 1825|794
Stellenbosch,795,6137,1825 series.xlsx|Stellenbosch 1825|795
Stellenbosch,796,6138,1825 series.xlsx|Stellenbosch 1825|796
Stellenbosch,797,6139,1825 series.xlsx|Stellenbosch 1825|797
Stellenbosch,798,6140,1825 series.xlsx|Stellenbosch 1825|798
Stellenbosch,799,6141,1825 series.xlsx|Stellenbosch 1825|799
Stellenbosch,800,6142,1825 series.xlsx|Stellenbosch 1825|800
Stellenbosch,801,6143,1825 series.xlsx|Stellenbosch 1825|801
Stellenbosch,802,6144,1825 series.xlsx|Stellenbosch 1825|802
Stellenbosch,803,6145,1825 series.xlsx|Stellenbosch 1825|803
Stellenbosch,804,6146,1825 series.xlsx|Stellenbosch 1825|804
Stellenbosch,805,6147,1825 series.xlsx|Stellenbosch 1825|805
Stellenbosch,806,6148,1825 series.xlsx|Stellenbosch 1825|806
Stellenbosch,807,6149,1825 series.xlsx|Stellenbosch 1825|807
Stellenbosch,808,6150,1825 series.xlsx|Stellenbosch 1825|808
Stellenbosch,809,6151,1825 series.xlsx|Stellenbosch 1825|809
Stellenbosch,810,6152,1825 series.xlsx|Stellenbosch 1825|810
Stellenbosch,813,6153,1825 series.xlsx|Stellenbosch 1825|813
Stellenbosch,814,6154,1825 series.xlsx|Stellenbosch 1825|814
Stellenbosch,815,6155,1825 series.xlsx|Stellenbosch 1825|815
Stellenbosch,816,6156,1825 series.xlsx|Stellenbosch 1825|816
Stellenbosch,817,6157,1825 series.xlsx|Stellenbosch 1825|817
Stellenbosch,818,6158,1825 series.xlsx|Stellenbosch 1825|818
Stellenbosch,819,6159,1825 series.xlsx|Stellenbosch 1825|819
Stellenbosch,820,6160,1825 series.xlsx|Stellenbosch 1825|820
Stellenbosch,821,6161,1825 series.xlsx|Stellenbosch 1825|821
Stellenbosch,822,6162,1825 series.xlsx|Stellenbosch 1825|822
Stellenbosch,823,6163,1825 series.xlsx|Stellenbosch 1825|823
Stellenbosch,824,6164,1825 series.xlsx|Stellenbosch 1825|824
Stellenbosch,825,6165,1825 series.xlsx|Stellenbosch 1825|825
Stellenbosch,826,6166,1825 series.xlsx|Stellenbosch 1825|826
Stellenbosch,828,6167,1825 series.xlsx|Stellenbosch 1825|828
Stellenbosch,829,6168,1825 series.xlsx|Stellenbosch 1825|829
Stellenbosch,830,6169,1825 series.xlsx|Stellenbosch 1825|830
Stellenbosch,831,6170,1825 series.xlsx|Stellenbosch 1825|831
Stellenbosch,832,6171,1825 series.xlsx|Stellenbosch 1825|832
Stellenbosch,833,6172,1825 series.xlsx|Stellenbosch 1825|833
Stellenbosch,834,6173,1825 series.xlsx|Stellenbosch 1825|834
Stellenbosch,835,6174,1825 series.xlsx|Stellenbosch 1825|835
Stellenbosch,836,6175,1825 series.xlsx|Stellenbosch 1825|836
Stellenbosch,839,6176,1825 series.xlsx|Stellenbosch 1825|839
Stellenbosch,841,6177,1825 series.xlsx|Stellenbosch 1825|841
Stellenbosch,844,6178,1825 series.xlsx|Stellenbosch 1825|844
Stellenbosch,845,6179,1825 series.xlsx|Stellenbosch 1825|845
Stellenbosch,846,6180,1825 series.xlsx|Stellenbosch 1825|846
Stellenbosch,847,6181,1825 series.xlsx|Stellenbosch 1825|847
Stellenbosch,848,6182,1825 series.xlsx|Stellenbosch 1825|848
Stellenbosch,849,6183,1825 series.xlsx|Stellenbosch 1825|849
Stellenbosch,850,6184,1825 series.xlsx|Stellenbosch 1825|850
Stellenbosch,851,6185,1825 series.xlsx|Stellenbosch 1825|851
Stellenbosch,852,6186,1825 series.xlsx|Stellenbosch 1825|852
Stellenbosch,853,6187,1825 series.xlsx|Stellenbosch 1825|853
Stellenbosch,854,6188,1825 series.xlsx|Stellenbosch 1825|854
Stellenbosch,855,6189,1825 series.xlsx|Stellenbosch 1825|855
Stellenbosch,856,6190,1825 series.xlsx|Stellenbosch 1825|856
Stellenbosch,857,6191,1825 series.xlsx|Stellenbosch 1825|857
Stellenbosch,858,6192,1825 series.xlsx|Stellenbosch 1825|858
Stellenbosch,859,6193,1825 series.xlsx|Stellenbosch 1825|859
Stellenbosch,860,6194,1825 series.xlsx|Stellenbosch 1825|860
Stellenbosch,861,6195,1825 series.xlsx|Stellenbosch 1825|861
Stellenbosch,863,6196,1825 series.xlsx|Stellenbosch 1825|863
Stellenbosch,864,6197,1825 series.xlsx|Stellenbosch 1825|864
Stellenbosch,865,6198,1825 series.xlsx|Stellenbosch 1825|865
Stellenbosch,866,6199,1825 series.xlsx|Stellenbosch 1825|866
Stellenbosch,867,6200,1825 series.xlsx|Stellenbosch 1825|867
Stellenbosch,868,6201,1825 series.xlsx|Stellenbosch 1825|868
Stellenbosch,869,6202,1825 series.xlsx|Stellenbosch 1825|869
Stellenbosch,870,6203,1825 series.xlsx|Stellenbosch 1825|870
Stellenbosch,871,6204,1825 series.xlsx|Stellenbosch 1825|871
Stellenbosch,872,6205,1825 series.xlsx|Stellenbosch 1825|872
Stellenbosch,875,6206,1825 series.xlsx|Stellenbosch 1825|875
Stellenbosch,876,6207,1825 series.xlsx|Stellenbosch 1825|876
Stellenbosch,877,6208,1825 series.xlsx|Stellenbosch 1825|877
Stellenbosch,878,6209,1825 series.xlsx|Stellenbosch 1825|878
Stellenbosch,879,6210,1825 series.xlsx|Stellenbosch 1825|879
Stellenbosch,880,6211,1825 series.xlsx|Stellenbosch 1825|880
Stellenbosch,881,6212,1825 series.xlsx|Stellenbosch 1825|881
Stellenbosch,882,6213,1825 series.xlsx|Stellenbosch 1825|882
Stellenbosch,883,6214,1825 series.xlsx|Stellenbosch 1825|883
Stellenbosch,884,6215,1825 series.xlsx|Stellenbosch 1825|884
Stellenbosch,885,6216,1825 series.xlsx|Stellenbosch 1825|885
Stellenbosch,886,6217,1825 series.xlsx|Stellenbosch 1825|886
Stellenbosch,887,6218,1825 series.xlsx|Stellenbosch 1825|887
Stellenbosch,888,6219,1825 series.xlsx|Stellenbosch 1825|888
Stellenbosch,889,6220,1825 series.xlsx|Stellenbosch 1825|889
Stellenbosch,890,6221,1825 series.xlsx|Stellenbosch 1825|890
Stellenbosch,891,6222,1825 series.xlsx|Stellenbosch 1825|891
Stellenbosch,892,6223,1825 series.xlsx|Stellenbosch 1825|892
Stellenbosch,893,6224,1825 series.xlsx|Stellenbosch 1825|893
Stellenbosch,894,6225,1825 series.xlsx|Stellenbosch 1825|894
Stellenbosch,895,6226,1825 series.xlsx|Stellenbosch 1825|895
Stellenbosch,896,6227,1825 series.xlsx|Stellenbosch 1825|896
Stellenbosch,897,6228,1825 series.xlsx|Stellenbosch 1825|897
Stellenbosch,898,6229,1825 series.xlsx|Stellenbosch 1825|898
Stellenbosch,899,6230,1825 series.xlsx|Stellenbosch 1825|899
Stellenbosch,900,6231,1825 series.xlsx|Stellenbosch 1825|900
Stellenbosch,901,6232,1825 series.xlsx|Stellenbosch 1825|901
Stellenbosch,902,6233,1825 series.xlsx|Stellenbosch 1825|902
Stellenbosch,903,6234,1825 series.xlsx|Stellenbosch 1825|903
Stellenbosch,904,6235,1825 series.xlsx|Stellenbosch 1825|904
Stellenbosch,907,6236,1825 series.xlsx|Stellenbosch 1825|907
Stellenbosch,908,6237,1825 series.xlsx|Stellenbosch 1825|908
Stellenbosch,909,6238,1825 series.xlsx|Stellenbosch 1825|909
Stellenbosch,910,6239,1825 series.xlsx|Stellenbosch 1825|910
Stellenbosch,911,6240,1825 series.xlsx|Stellenbosch 1825|911
Stellenbosch,912,6241,1825 series.xlsx|Stellenbosch 1825|912
Stellenbosch,913,6242,1825 series.xlsx|Stellenbosch 1825|913
Stellenbosch,914,6243,1825 series.xlsx|Stellenbosch 1825|914
Stellenbosch,915,6244,1825 series.xlsx|Stellenbosch 1825|915
Stellenbosch,916,6245,1825 series.xlsx|Stellenbosch 1825|916
Stellenbosch,917,6246,1825 series.xlsx|Stellenbosch 1825|917
Stellenbosch,918,6247,1825 series.xlsx|Stellenbosch 1825|918
Stellenbosch,919,6248,1825 series.xlsx|Stellenbosch 1825|919
Stellenbosch,920,6249,1825 series.xlsx|Stellenbosch 1825|920
Stellenbosch,921,6250,1825 series.xlsx|Stellenbosch 1825|921
Stellenbosch,922,6251,1825 series.xlsx|Stellenbosch 1825|922
Stellenbosch,923,6252,1825 series.xlsx|Stellenbosch 1825|923
Stellenbosch,924,6253,1825 series.xlsx|Stellenbosch 1825|924
Stellenbosch,925,6254,1825 series.xlsx|Stellenbosch 1825|925
Stellenbosch,930,6255,1825 series.xlsx|Stellenbosch 1825|930
Stellenbosch,931,6256,1825 series.xlsx|Stellenbosch 1825|931
Stellenbosch,932,6257,1825 series.xlsx|Stellenbosch 1825|932
Stellenbosch,933,6258,1825 series.xlsx|Stellenbosch 1825|933
Stellenbosch,934,6259,1825 series.xlsx|Stellenbosch 1825|934
Stellenbosch,936,6260,1825 series.xlsx|Stellenbosch 1825|936
Stellenbosch,937,6261,1825 series.xlsx|Stellenbosch 1825|937
Stellenbosch,938,6262,1825 series.xlsx|Stellenbosch 1825|938
Stellenbosch,939,6263,1825 series.xlsx|Stellenbosch 1825|939
Stellenbosch,941,6264,1825 series.xlsx|Stellenbosch 1825|941
Stellenbosch,942,6265,1825 series.xlsx|Stellenbosch 1825|942
Stellenbosch,943,6266,1825 series.xlsx|Stellenbosch 1825|943
Stellenbosch,944,6267,1825 series.xlsx|Stellenbosch 1825|944
Stellenbosch,945,6268,1825 series.xlsx|Stellenbosch 1825|945
Stellenbosch,947,6269,1825 series.xlsx|Stellenbosch 1825|947
Stellenbosch,948,6270,1825 series.xlsx|Stellenbosch 1825|948
Stellenbosch,949,6271,1825 series.xlsx|Stellenbosch 1825|949
Stellenbosch,950,6272,1825 series.xlsx|Stellenbosch 1825|950
Stellenbosch,951,6273,1825 series.xlsx|Stellenbosch 1825|951
Stellenbosch,952,6274,1825 series.xlsx|Stellenbosch 1825|952
Stellenbosch,953,6275,1825 series.xlsx|Stellenbosch 1825|953
Stellenbosch,954,6276,1825 series.xlsx|Stellenbosch 1825|954
Stellenbosch,955,6277,1825 series.xlsx|Stellenbosch 1825|955
Stellenbosch,956,6278,1825 series.xlsx|Stellenbosch 1825|956
Stellenbosch,959,6279,1825 series.xlsx|Stellenbosch 1825|959
Stellenbosch,960,6280,1825 series.xlsx|Stellenbosch 1825|960
Stellenbosch,961,6281,1825 series.xlsx|Stellenbosch 1825|961
Stellenbosch,964,6282,1825 series.xlsx|Stellenbosch 1825|964
Stellenbosch,965,6283,1825 series.xlsx|Stellenbosch 1825|965
Stellenbosch,966,6284,1825 series.xlsx|Stellenbosch 1825|966
Stellenbosch,967,6285,1825 series.xlsx|Stellenbosch 1825|967
Stellenbosch,968,6286,1825 series.xlsx|Stellenbosch 1825|968
Stellenbosch,970,6287,1825 series.xlsx|Stellenbosch 1825|970
Stellenbosch,971,6288,1825 series.xlsx|Stellenbosch 1825|971
Stellenbosch,972,6289,1825 series.xlsx|Stellenbosch 1825|972
Stellenbosch,973,6290,1825 series.xlsx|Stellenbosch 1825|973
Stellenbosch,974,6291,1825 series.xlsx|Stellenbosch 1825|974
Stellenbosch,975,6292,1825 series.xlsx|Stellenbosch 1825|975
Stellenbosch,976,6293,1825 series.xlsx|Stellenbosch 1825|976
Stellenbosch,977,6294,1825 series.xlsx|Stellenbosch 1825|977
Stellenbosch,978,6295,1825 series.xlsx|Stellenbosch 1825|978
Stellenbosch,979,6296,1825 series.xlsx|Stellenbosch 1825|979
Stellenbosch,981,6297,1825 series.xlsx|Stellenbosch 1825|981
Stellenbosch,983,6298,1825 series.xlsx|Stellenbosch 1825|983
Stellenbosch,984,6299,1825 series.xlsx|Stellenbosch 1825|984
Stellenbosch,985,6300,1825 series.xlsx|Stellenbosch 1825|985
Stellenbosch,986,6301,1825 series.xlsx|Stellenbosch 1825|986
Stellenbosch,987,6302,1825 series.xlsx|Stellenbosch 1825|987
Stellenbosch,990,6303,1825 series.xlsx|Stellenbosch 1825|990
Stellenbosch,991,6304,1825 series.xlsx|Stellenbosch 1825|991
Stellenbosch,993,6305,1825 series.xlsx|Stellenbosch 1825|993
Stellenbosch,994,6306,1825 series.xlsx|Stellenbosch 1825|994
Stellenbosch,995,6307,1825 series.xlsx|Stellenbosch 1825|995
Stellenbosch,996,6308,1825 series.xlsx|Stellenbosch 1825|996
Stellenbosch,997,6309,1825 series.xlsx|Stellenbosch 1825|997
Stellenbosch,999,6310,1825 series.xlsx|Stellenbosch 1825|999
Stellenbosch,1001,6311,1825 series.xlsx|Stellenbosch 1825|1001
Stellenbosch,1002,6312,1825 series.xlsx|Stellenbosch 1825|1002
Stellenbosch,1003,6313,1825 series.xlsx|Stellenbosch 1825|1003
Stellenbosch,1005,6314,1825 series.xlsx|Stellenbosch 1825|1005
Stellenbosch,1007,6315,1825 series.xlsx|Stellenbosch 1825|1007
Stellenbosch,1008,6316,1825 series.xlsx|Stellenbosch 1825|1008
Stellenbosch,1010,6317,1825 series.xlsx|Stellenbosch 1825|1010
Stellenbosch,1011,6318,1825 series.xlsx|Stellenbosch 1825|1011
Stellenbosch,1012,6319,1825 series.xlsx|Stellenbosch 1825|1012
Stellenbosch,1013,6320,1825 series.xlsx|Stellenbosch 1825|1013
Stellenbosch,1014,6321,1825 series.xlsx|Stellenbosch 1825|1014
Stellenbosch,1015,6322,1825 series.xlsx|Stellenbosch 1825|1015
Stellenbosch,1016,6323,1825 series.xlsx|Stellenbosch 1825|1016
Stellenbosch,1017,6324,1825 series.xlsx|Stellenbosch 1825|1017
Stellenbosch,1019,6325,1825 series.xlsx|Stellenbosch 1825|1019
Stellenbosch,1022,6326,1825 series.xlsx|Stellenbosch 1825|1022
Stellenbosch,1024,6327,1825 series.xlsx|Stellenbosch 1825|1024
Stellenbosch,1025,6328,1825 series.xlsx|Stellenbosch 1825|1025
Stellenbosch,1026,6329,1825 series.xlsx|Stellenbosch 1825|1026
Stellenbosch,1027,6330,1825 series.xlsx|Stellenbosch 1825|1027
Stellenbosch,1028,6331,1825 series.xlsx|Stellenbosch 1825|1028
Stellenbosch,1030,6332,1825 series.xlsx|Stellenbosch 1825|1030
Stellenbosch,1031,6333,1825 series.xlsx|Stellenbosch 1825|1031
Stellenbosch,1032,6334,1825 series.xlsx|Stellenbosch 1825|1032
Stellenbosch,1033,6335,1825 series.xlsx|Stellenbosch 1825|1033
Stellenbosch,1034,6336,1825 series.xlsx|Stellenbosch 1825|1034
Stellenbosch,1035,6337,1825 series.xlsx|Stellenbosch 1825|1035
Stellenbosch,1036,6338,1825 series.xlsx|Stellenbosch 1825|1036
Stellenbosch,1037,6339,1825 series.xlsx|Stellenbosch 1825|1037
Stellenbosch,1039,6340,1825 series.xlsx|Stellenbosch 1825|1039
Stellenbosch,1040,6341,1825 series.xlsx|Stellenbosch 1825|1040
Stellenbosch,1041,6342,1825 series.xlsx|Stellenbosch 1825|1041
Stellenbosch,1042,6343,1825 series.xlsx|Stellenbosch 1825|1042
Stellenbosch,1043,6344,1825 series.xlsx|Stellenbosch 1825|1043
Stellenbosch,1044,6345,1825 series.xlsx|Stellenbosch 1825|1044
Stellenbosch,1045,6346,1825 series.xlsx|Stellenbosch 1825|1045
Stellenbosch,1047,6347,1825 series.xlsx|Stellenbosch 1825|1047
Stellenbosch,1048,6348,1825 series.xlsx|Stellenbosch 1825|1048
Stellenbosch,1049,6349,1825 series.xlsx|Stellenbosch 1825|1049
Stellenbosch,1053,6350,1825 series.xlsx|Stellenbosch 1825|1053
Stellenbosch,1054,6351,1825 series.xlsx|Stellenbosch 1825|1054
Stellenbosch,1055,6352,1825 series.xlsx|Stellenbosch 1825|1055
Stellenbosch,1056,6353,1825 series.xlsx|Stellenbosch 1825|1056
Stellenbosch,1058,6354,1825 series.xlsx|Stellenbosch 1825|1058
Stellenbosch,1060,6355,1825 series.xlsx|Stellenbosch 1825|1060
Stellenbosch,1061,6356,1825 series.xlsx|Stellenbosch 1825|1061
Stellenbosch,1062,6357,1825 series.xlsx|Stellenbosch 1825|1062
Stellenbosch,1063,6358,1825 series.xlsx|Stellenbosch 1825|1063
Stellenbosch,1064,6359,1825 series.xlsx|Stellenbosch 1825|1064
Stellenbosch,1065,6360,1825 series.xlsx|Stellenbosch 1825|1065
Stellenbosch,1066,6361,1825 series.xlsx|Stellenbosch 1825|1066
Stellenbosch,1068,6362,1825 series.xlsx|Stellenbosch 1825|1068
Stellenbosch,1069,6363,1825 series.xlsx|Stellenbosch 1825|1069
Stellenbosch,1070,6364,1825 series.xlsx|Stellenbosch 1825|1070
Stellenbosch,1071,6365,1825 series.xlsx|Stellenbosch 1825|1071
Stellenbosch,1072,6366,1825 series.xlsx|Stellenbosch 1825|1072
Stellenbosch,1073,6367,1825 series.xlsx|Stellenbosch 1825|1073
Stellenbosch,1074,6368,1825 series.xlsx|Stellenbosch 1825|1074
Stellenbosch,1075,6369,1825 series.xlsx|Stellenbosch 1825|1075
Stellenbosch,1077,6370,1825 series.xlsx|Stellenbosch 1825|1077
Stellenbosch,1078,6371,1825 series.xlsx|Stellenbosch 1825|1078
Stellenbosch,1079,6372,1825 series.xlsx|Stellenbosch 1825|1079
Stellenbosch,1080,6373,1825 series.xlsx|Stellenbosch 1825|1080
Stellenbosch,1081,6374,1825 series.xlsx|Stellenbosch 1825|1081
Stellenbosch,1084,6375,1825 series.xlsx|Stellenbosch 1825|1084
Stellenbosch,1085,6376,1825 series.xlsx|Stellenbosch 1825|1085
Stellenbosch,1086,6377,1825 series.xlsx|Stellenbosch 1825|1086
Stellenbosch,1087,6378,1825 series.xlsx|Stellenbosch 1825|1087
Stellenbosch,1088,6379,1825 series.xlsx|Stellenbosch 1825|1088
Stellenbosch,1089,6380,1825 series.xlsx|Stellenbosch 1825|1089
Stellenbosch,1090,6381,1825 series.xlsx|Stellenbosch 1825|1090
Stellenbosch,1091,6382,1825 series.xlsx|Stellenbosch 1825|1091
Stellenbosch,1092,6383,1825 series.xlsx|Stellenbosch 1825|1092
Stellenbosch,1093,6384,1825 series.xlsx|Stellenbosch 1825|1093
Stellenbosch,1094,6385,1825 series.xlsx|Stellenbosch 1825|1094
Stellenbosch,1095,6386,1825 series.xlsx|Stellenbosch 1825|1095
Stellenbosch,1099,6387,1825 series.xlsx|Stellenbosch 1825|1099
Stellenbosch,1102,6388,1825 series.xlsx|Stellenbosch 1825|1102
Stellenbosch,1104,6389,1825 series.xlsx|Stellenbosch 1825|1104
Stellenbosch,1105,6390,1825 series.xlsx|Stellenbosch 1825|1105
Stellenbosch,1107,6391,1825 series.xlsx|Stellenbosch 1825|1107
Stellenbosch,1108,6392,1825 series.xlsx|Stellenbosch 1825|1108
Stellenbosch,1109,6393,1825 series.xlsx|Stellenbosch 1825|1109
Stellenbosch,1110,6394,1825 series.xlsx|Stellenbosch 1825|1110
Stellenbosch,1111,6395,1825 series.xlsx|Stellenbosch 1825|1111
Stellenbosch,1112,6396,1825 series.xlsx|Stellenbosch 1825|1112
Stellenbosch,1115,6397,1825 series.xlsx|Stellenbosch 1825|1115
Stellenbosch,1116,6398,1825 series.xlsx|Stellenbosch 1825|1116
Stellenbosch,1117,6399,1825 series.xlsx|Stellenbosch 1825|1117
Stellenbosch,1118,6400,1825 series.xlsx|Stellenbosch 1825|1118
Stellenbosch,1121,6401,1825 series.xlsx|Stellenbosch 1825|1121
Stellenbosch,1122,6402,1825 series.xlsx|Stellenbosch 1825|1122
Stellenbosch,1124,6403,1825 series.xlsx|Stellenbosch 1825|1124
Stellenbosch,1129,6404,1825 series.xlsx|Stellenbosch 1825|1129
Stellenbosch,1133,6405,1825 series.xlsx|Stellenbosch 1825|1133
Stellenbosch,1136,6406,1825 series.xlsx|Stellenbosch 1825|1136
Stellenbosch,1137,6407,1825 series.xlsx|Stellenbosch 1825|1137
Stellenbosch,1138,6408,1825 series.xlsx|Stellenbosch 1825|1138
Stellenbosch,1139,6409,1825 series.xlsx|Stellenbosch 1825|1139
Stellenbosch,1140,6410,1825 series.xlsx|Stellenbosch 1825|1140
Stellenbosch,1142,6411,1825 series.xlsx|Stellenbosch 1825|1142
Stellenbosch,1143,6412,1825 series.xlsx|Stellenbosch 1825|1143
Stellenbosch,1144,6413,1825 series.xlsx|Stellenbosch 1825|1144
Stellenbosch,1145,6414,1825 series.xlsx|Stellenbosch 1825|1145
Stellenbosch,1146,6415,1825 series.xlsx|Stellenbosch 1825|1146
Stellenbosch,1147,6416,1825 series.xlsx|Stellenbosch 1825|1147
Stellenbosch,1148,6417,1825 series.xlsx|Stellenbosch 1825|1148
Stellenbosch,1149,6418,1825 series.xlsx|Stellenbosch 1825|1149
Stellenbosch,1150,6419,1825 series.xlsx|Stellenbosch 1825|1150
Stellenbosch,1151,6420,1825 series.xlsx|Stellenbosch 1825|1151
Stellenbosch,1152,6421,1825 series.xlsx|Stellenbosch 1825|1152
Stellenbosch,1153,6422,1825 series.xlsx|Stellenbosch 1825|1153
Stellenbosch,1156,6423,1825 series.xlsx|Stellenbosch 1825|1156
Stellenbosch,1157,6424,1825 series.xlsx|Stellenbosch 1825|1157
Stellenbosch,1160,6425,1825 series.xlsx|Stellenbosch 1825|1160
Stellenbosch,1161,6426,1825 series.xlsx|Stellenbosch 1825|1161
Stellenbosch,1162,6427,1825 series.xlsx|Stellenbosch 1825|1162
Stellenbosch,1163,6428,1825 series.xlsx|Stellenbosch 1825|1163
Stellenbosch,1164,6429,1825 series.xlsx|Stellenbosch 1825|1164
Stellenbosch,1165,6430,1825 series.xlsx|Stellenbosch 1825|1165
Stellenbosch,1166,6431,1825 series.xlsx|Stellenbosch 1825|1166
Stellenbosch,1167,6432,1825 series.xlsx|Stellenbosch 1825|1167
Stellenbosch,1168,6433,1825 series.xlsx|Stellenbosch 1825|1168
Stellenbosch,1169,6434,1825 series.xlsx|Stellenbosch 1825|1169
Stellenbosch,1170,6435,1825 series.xlsx|Stellenbosch 1825|1170
Stellenbosch,1171,6436,1825 series.xlsx|Stellenbosch 1825|1171
Stellenbosch,1173,6437,1825 series.xlsx|Stellenbosch 1825|1173
Stellenbosch,1174,6438,1825 series.xlsx|Stellenbosch 1825|1174
Stellenbosch,1176,6439,1825 series.xlsx|Stellenbosch 1825|1176
Stellenbosch,1177,6440,1825 series.xlsx|Stellenbosch 1825|1177
Stellenbosch,1179,6441,1825 series.xlsx|Stellenbosch 1825|1179
Stellenbosch,1180,6442,1825 series.xlsx|Stellenbosch 1825|1180
Stellenbosch,1184,6443,1825 series.xlsx|Stellenbosch 1825|1184
Stellenbosch,1185,6444,1825 series.xlsx|Stellenbosch 1825|1185
Stellenbosch,1186,6445,1825 series.xlsx|Stellenbosch 1825|1186
Stellenbosch,1187,6446,1825 series.xlsx|Stellenbosch 1825|1187
Stellenbosch,1188,6447,1825 series.xlsx|Stellenbosch 1825|1188
Stellenbosch,1189,6448,1825 series.xlsx|Stellenbosch 1825|1189
Stellenbosch,1192,6449,1825 series.xlsx|Stellenbosch 1825|1192
Stellenbosch,1194,6450,1825 series.xlsx|Stellenbosch 1825|1194
Stellenbosch,1196,6451,1825 series.xlsx|Stellenbosch 1825|1196
Stellenbosch,1199,6452,1825 series.xlsx|Stellenbosch 1825|1199
Stellenbosch,1201,6453,1825 series.xlsx|Stellenbosch 1825|1201
Stellenbosch,1202,6454,1825 series.xlsx|Stellenbosch 1825|1202
Stellenbosch,1203,6455,1825 series.xlsx|Stellenbosch 1825|1203
Stellenbosch,1204,6456,1825 series.xlsx|Stellenbosch 1825|1204
Stellenbosch,1205,6457,1825 series.xlsx|Stellenbosch 1825|1205
Stellenbosch,1206,6458,1825 series.xlsx|Stellenbosch 1825|1206
Stellenbosch,1207,6459,1825 series.xlsx|Stellenbosch 1825|1207
Stellenbosch,1208,6460,1825 series.xlsx|Stellenbosch 1825|1208
Stellenbosch,1209,6461,1825 series.xlsx|Stellenbosch 1825|1209
Stellenbosch,1210,6462,1825 series.xlsx|Stellenbosch 1825|1210
Stellenbosch,1211,6463,1825 series.xlsx|Stellenbosch 1825|1211
Stellenbosch,1212,6464,1825 series.xlsx|Stellenbosch 1825|1212
Stellenbosch,1213,6465,1825 series.xlsx|Stellenbosch 1825|1213
Stellenbosch,1214,6466,1825 series.xlsx|Stellenbosch 1825|1214
Stellenbosch,1215,6467,1825 series.xlsx|Stellenbosch 1825|1215
Stellenbosch,1216,6468,1825 series.xlsx|Stellenbosch 1825|1216
Stellenbosch,1217,6469,1825 series.xlsx|Stellenbosch 1825|1217
Stellenbosch,1218,6470,1825 series.xlsx|Stellenbosch 1825|1218
Stellenbosch,1219,6471,1825 series.xlsx|Stellenbosch 1825|1219
Stellenbosch,1220,6472,1825 series.xlsx|Stellenbosch 1825|1220
Stellenbosch,1223,6473,1825 series.xlsx|Stellenbosch 1825|1223
Stellenbosch,1224,6474,1825 series.xlsx|Stellenbosch 1825|1224
Stellenbosch,1225,6475,1825 series.xlsx|Stellenbosch 1825|1225
Stellenbosch,1226,6476,1825 series.xlsx|Stellenbosch 1825|1226
Stellenbosch,1229,6477,1825 series.xlsx|Stellenbosch 1825|1229
Stellenbosch,1232,6478,1825 series.xlsx|Stellenbosch 1825|1232
Stellenbosch,1233,6479,1825 series.xlsx|Stellenbosch 1825|1233
Stellenbosch,1234,6480,1825 series.xlsx|Stellenbosch 1825|1234
Stellenbosch,1237,6481,1825 series.xlsx|Stellenbosch 1825|1237
Stellenbosch,1239,6482,1825 series.xlsx|Stellenbosch 1825|1239
Stellenbosch,1240,6483,1825 series.xlsx|Stellenbosch 1825|1240
Stellenbosch,1241,6484,1825 series.xlsx|Stellenbosch 1825|1241
Stellenbosch,1242,6485,1825 series.xlsx|Stellenbosch 1825|1242
Stellenbosch,1243,6486,1825 series.xlsx|Stellenbosch 1825|1243
Stellenbosch,1244,6487,1825 series.xlsx|Stellenbosch 1825|1244
Stellenbosch,1245,6488,1825 series.xlsx|Stellenbosch 1825|1245
Stellenbosch,1246,6489,1825 series.xlsx|Stellenbosch 1825|1246
Stellenbosch,1247,6490,1825 series.xlsx|Stellenbosch 1825|1247
Stellenbosch,1248,6491,1825 series.xlsx|Stellenbosch 1825|1248
Stellenbosch,1249,6492,1825 series.xlsx|Stellenbosch 1825|1249
Stellenbosch,1250,6493,1825 series.xlsx|Stellenbosch 1825|1250
Stellenbosch,1251,6494,1825 series.xlsx|Stellenbosch 1825|1251
Stellenbosch,1263,6495,1825 series.xlsx|Stellenbosch 1825|1263
Stellenbosch,1264,6496,1825 series.xlsx|Stellenbosch 1825|1264
Stellenbosch,1265,6497,1825 series.xlsx|Stellenbosch 1825|1265
Stellenbosch,1266,6498,1825 series.xlsx|Stellenbosch 1825|1266
Stellenbosch,1268,6499,1825 series.xlsx|Stellenbosch 1825|1268
Stellenbosch,1270,6500,1825 series.xlsx|Stellenbosch 1825|1270
Stellenbosch,1271,6501,1825 series.xlsx|Stellenbosch 1825|1271
Stellenbosch,1273,6502,1825 series.xlsx|Stellenbosch 1825|1273
Stellenbosch,1274,6503,1825 series.xlsx|Stellenbosch 1825|1274
Stellenbosch,1275,6504,1825 series.xlsx|Stellenbosch 1825|1275
Stellenbosch,1276,6505,1825 series.xlsx|Stellenbosch 1825|1276
Stellenbosch,1277,6506,1825 series.xlsx|Stellenbosch 1825|1277
Stellenbosch,1278,6507,1825 series.xlsx|Stellenbosch 1825|1278
Stellenbosch,1279,6508,1825 series.xlsx|Stellenbosch 1825|1279
Stellenbosch,1280,6509,1825 series.xlsx|Stellenbosch 1825|1280
Stellenbosch,1281,6510,1825 series.xlsx|Stellenbosch 1825|1281
Stellenbosch,1282,6511,1825 series.xlsx|Stellenbosch 1825|1282
Stellenbosch,1286,6512,1825 series.xlsx|Stellenbosch 1825|1286
Stellenbosch,1290,6513,1825 series.xlsx|Stellenbosch 1825|1290
Stellenbosch,1291,6514,1825 series.xlsx|Stellenbosch 1825|1291
Stellenbosch,1292,6515,1825 series.xlsx|Stellenbosch 1825|1292
Stellenbosch,1293,6516,1825 series.xlsx|Stellenbosch 1825|1293
Stellenbosch,1294,6517,1825 series.xlsx|Stellenbosch 1825|1294
Stellenbosch,1295,6518,1825 series.xlsx|Stellenbosch 1825|1295
Stellenbosch,1296,6519,1825 series.xlsx|Stellenbosch 1825|1296
Stellenbosch,1299,6520,1825 series.xlsx|Stellenbosch 1825|1299
Stellenbosch,1300,6521,1825 series.xlsx|Stellenbosch 1825|1300
Stellenbosch,1301,6522,1825 series.xlsx|Stellenbosch 1825|1301
Stellenbosch,1302,6523,1825 series.xlsx|Stellenbosch 1825|1302
Stellenbosch,1303,6524,1825 series.xlsx|Stellenbosch 1825|1303
Stellenbosch,1304,6525,1825 series.xlsx|Stellenbosch 1825|1304
Stellenbosch,1305,6526,1825 series.xlsx|Stellenbosch 1825|1305
Stellenbosch,1306,6527,1825 series.xlsx|Stellenbosch 1825|1306
Stellenbosch,1307,6528,1825 series.xlsx|Stellenbosch 1825|1307
Stellenbosch,1308,6529,1825 series.xlsx|Stellenbosch 1825|1308
Stellenbosch,1309,6530,1825 series.xlsx|Stellenbosch 1825|1309
Stellenbosch,1310,6531,1825 series.xlsx|Stellenbosch 1825|1310
Stellenbosch,1311,6532,1825 series.xlsx|Stellenbosch 1825|1311
Stellenbosch,1312,6533,1825 series.xlsx|Stellenbosch 1825|1312
Stellenbosch,1313,6534,1825 series.xlsx|Stellenbosch 1825|1313
Stellenbosch,1314,6535,1825 series.xlsx|Stellenbosch 1825|1314
Stellenbosch,1315,6536,1825 series.xlsx|Stellenbosch 1825|1315
Stellenbosch,1317,6537,1825 series.xlsx|Stellenbosch 1825|1317
Stellenbosch,1318,6538,1825 series.xlsx|Stellenbosch 1825|1318
Stellenbosch,1319,6539,1825 series.xlsx|Stellenbosch 1825|1319
Stellenbosch,1320,6540,1825 series.xlsx|Stellenbosch 1825|1320
Stellenbosch,1321,6541,1825 series.xlsx|Stellenbosch 1825|1321
Stellenbosch,1322,6542,1825 series.xlsx|Stellenbosch 1825|1322
Stellenbosch,1323,6543,1825 series.xlsx|Stellenbosch 1825|1323
Stellenbosch,1324,6544,1825 series.xlsx|Stellenbosch 1825|1324
Stellenbosch,1325,6545,1825 series.xlsx|Stellenbosch 1825|1325
Stellenbosch,1326,6546,1825 series.xlsx|Stellenbosch 1825|1326
Stellenbosch,1327,6547,1825 series.xlsx|Stellenbosch 1825|1327
Stellenbosch,1328,6548,1825 series.xlsx|Stellenbosch 1825|1328
Stellenbosch,1331,6549,1825 series.xlsx|Stellenbosch 1825|1331
Stellenbosch,1332,6550,1825 series.xlsx|Stellenbosch 1825|1332
Stellenbosch,1333,6551,1825 series.xlsx|Stellenbosch 1825|1333
Stellenbosch,1334,6552,1825 series.xlsx|Stellenbosch 1825|1334
Stellenbosch,1335,6553,1825 series.xlsx|Stellenbosch 1825|1335
Stellenbosch,1336,6554,1825 series.xlsx|Stellenbosch 1825|1336
Stellenbosch,1337,6555,1825 series.xlsx|Stellenbosch 1825|1337
Stellenbosch,1338,6556,1825 series.xlsx|Stellenbosch 1825|1338
Stellenbosch,1339,6557,1825 series.xlsx|Stellenbosch 1825|1339
Stellenbosch,1340,6558,1825 series.xlsx|Stellenbosch 1825|1340
Stellenbosch,1341,6559,1825 series.xlsx|Stellenbosch 1825|1341
Stellenbosch,1342,6560,1825 series.xlsx|Stellenbosch 1825|1342
Stellenbosch,1344,6561,1825 series.xlsx|Stellenbosch 1825|1344
Stellenbosch,1345,6562,1825 series.xlsx|Stellenbosch 1825|1345
Stellenbosch,1346,6563,1825 series.xlsx|Stellenbosch 1825|1346
Stellenbosch,1347,6564,1825 series.xlsx|Stellenbosch 1825|1347
Stellenbosch,1348,6565,1825 series.xlsx|Stellenbosch 1825|1348
Stellenbosch,1349,6566,1825 series.xlsx|Stellenbosch 1825|1349
Stellenbosch,1350,6567,1825 series.xlsx|Stellenbosch 1825|1350
Stellenbosch,1351,6568,1825 series.xlsx|Stellenbosch 1825|1351
Stellenbosch,1352,6569,1825 series.xlsx|Stellenbosch 1825|1352
Stellenbosch,1354,6570,1825 series.xlsx|Stellenbosch 1825|1354
Stellenbosch,1355,6571,1825 series.xlsx|Stellenbosch 1825|1355
Stellenbosch,1356,6572,1825 series.xlsx|Stellenbosch 1825|1356
Stellenbosch,1359,6573,1825 series.xlsx|Stellenbosch 1825|1359
Stellenbosch,1360,6574,1825 series.xlsx|Stellenbosch 1825|1360
Stellenbosch,1361,6575,1825 series.xlsx|Stellenbosch 1825|1361
Stellenbosch,1363,6576,1825 series.xlsx|Stellenbosch 1825|1363
Stellenbosch,1366,6577,1825 series.xlsx|Stellenbosch 1825|1366
Stellenbosch,1367,6578,1825 series.xlsx|Stellenbosch 1825|1367
Stellenbosch,1368,6579,1825 series.xlsx|Stellenbosch 1825|1368
Stellenbosch,1369,6580,1825 series.xlsx|Stellenbosch 1825|1369
Stellenbosch,1371,6581,1825 series.xlsx|Stellenbosch 1825|1371
Stellenbosch,1372,6582,1825 series.xlsx|Stellenbosch 1825|1372
Stellenbosch,1373,6583,1825 series.xlsx|Stellenbosch 1825|1373
Stellenbosch,1374,6584,1825 series.xlsx|Stellenbosch 1825|1374
Stellenbosch,1375,6585,1825 series.xlsx|Stellenbosch 1825|1375
Stellenbosch,1376,6586,1825 series.xlsx|Stellenbosch 1825|1376
Stellenbosch,1378,6587,1825 series.xlsx|Stellenbosch 1825|1378
Stellenbosch,1379,6588,1825 series.xlsx|Stellenbosch 1825|1379
Stellenbosch,1380,6589,1825 series.xlsx|Stellenbosch 1825|1380
Stellenbosch,1381,6590,1825 series.xlsx|Stellenbosch 1825|1381
Stellenbosch,1382,6591,1825 series.xlsx|Stellenbosch 1825|1382
Stellenbosch,1383,6592,1825 series.xlsx|Stellenbosch 1825|1383
Stellenbosch,1384,6593,1825 series.xlsx|Stellenbosch 1825|1384
Stellenbosch,1385,6594,1825 series.xlsx|Stellenbosch 1825|1385
Stellenbosch,1386,6595,1825 series.xlsx|Stellenbosch 1825|1386
Stellenbosch,1387,6596,1825 series.xlsx|Stellenbosch 1825|1387
Stellenbosch,1388,6597,1825 series.xlsx|Stellenbosch 1825|1388
Stellenbosch,1391,6598,1825 series.xlsx|Stellenbosch 1825|1391
Stellenbosch,1392,6599,1825 series.xlsx|Stellenbosch 1825|1392
Stellenbosch,1393,6600,1825 series.xlsx|Stellenbosch 1825|1393
Stellenbosch,1394,6601,1825 series.xlsx|Stellenbosch 1825|1394
Stellenbosch,1395,6602,1825 series.xlsx|Stellenbosch 1825|1395
Stellenbosch,1396,6603,1825 series.xlsx|Stellenbosch 1825|1396
Stellenbosch,1397,6604,1825 series.xlsx|Stellenbosch 1825|1397
Stellenbosch,1398,6605,1825 series.xlsx|Stellenbosch 1825|1398
Stellenbosch,1400,6606,1825 series.xlsx|Stellenbosch 1825|1400
Stellenbosch,1401,6607,1825 series.xlsx|Stellenbosch 1825|1401
Stellenbosch,1403,6608,1825 series.xlsx|Stellenbosch 1825|1403
Stellenbosch,1404,6609,1825 series.xlsx|Stellenbosch 1825|1404
Stellenbosch,1405,6610,1825 series.xlsx|Stellenbosch 1825|1405
Stellenbosch,1407,6611,1825 series.xlsx|Stellenbosch 1825|1407
Stellenbosch,1408,6612,1825 series.xlsx|Stellenbosch 1825|1408
Stellenbosch,1409,6613,1825 series.xlsx|Stellenbosch 1825|1409
Stellenbosch,1410,6614,1825 series.xlsx|Stellenbosch 1825|1410
Stellenbosch,1411,6615,1825 series.xlsx|Stellenbosch 1825|1411
Stellenbosch,1412,6616,1825 series.xlsx|Stellenbosch 1825|1412
Stellenbosch,1413,6617,1825 series.xlsx|Stellenbosch 1825|1413
Stellenbosch,1414,6618,1825 series.xlsx|Stellenbosch 1825|1414
Stellenbosch,1415,6619,1825 series.xlsx|Stellenbosch 1825|1415
Stellenbosch,1416,6620,1825 series.xlsx|Stellenbosch 1825|1416
Stellenbosch,1417,6621,1825 series.xlsx|Stellenbosch 1825|1417
Stellenbosch,1418,6622,1825 series.xlsx|Stellenbosch 1825|1418
Stellenbosch,1419,6623,1825 series.xlsx|Stellenbosch 1825|1419
Stellenbosch,1422,6624,1825 series.xlsx|Stellenbosch 1825|1422
Stellenbosch,1423,6625,1825 series.xlsx|Stellenbosch 1825|1423
Stellenbosch,1425,6626,1825 series.xlsx|Stellenbosch 1825|1425
Stellenbosch,1426,6627,1825 series.xlsx|Stellenbosch 1825|1426
Stellenbosch,1427,6628,1825 series.xlsx|Stellenbosch 1825|1427
Stellenbosch,1428,6629,1825 series.xlsx|Stellenbosch 1825|1428
Stellenbosch,1429,6630,1825 series.xlsx|Stellenbosch 1825|1429
Stellenbosch,1430,6631,1825 series.xlsx|Stellenbosch 1825|1430
Stellenbosch,1431,6632,1825 series.xlsx|Stellenbosch 1825|1431
Stellenbosch,1432,6633,1825 series.xlsx|Stellenbosch 1825|1432
Stellenbosch,1434,6634,1825 series.xlsx|Stellenbosch 1825|1434
Stellenbosch,1435,6635,1825 series.xlsx|Stellenbosch 1825|1435
Stellenbosch,1436,6636,1825 series.xlsx|Stellenbosch 1825|1436
Stellenbosch,1437,6637,1825 series.xlsx|Stellenbosch 1825|1437
Stellenbosch,1438,6638,1825 series.xlsx|Stellenbosch 1825|1438
Stellenbosch,1439,6639,1825 series.xlsx|Stellenbosch 1825|1439
Stellenbosch,1440,6640,1825 series.xlsx|Stellenbosch 1825|1440
Stellenbosch,1441,6641,1825 series.xlsx|Stellenbosch 1825|1441
Stellenbosch,1442,6642,1825 series.xlsx|Stellenbosch 1825|1442
Stellenbosch,1443,6643,1825 series.xlsx|Stellenbosch 1825|1443
Stellenbosch,1444,6644,1825 series.xlsx|Stellenbosch 1825|1444
Stellenbosch,1445,6645,1825 series.xlsx|Stellenbosch 1825|1445
Stellenbosch,1446,6646,1825 series.xlsx|Stellenbosch 1825|1446
Stellenbosch,1447,6647,1825 series.xlsx|Stellenbosch 1825|1447
Stellenbosch,1448,6648,1825 series.xlsx|Stellenbosch 1825|1448
Stellenbosch,1449,6649,1825 series.xlsx|Stellenbosch 1825|1449
Stellenbosch,1450,6650,1825 series.xlsx|Stellenbosch 1825|1450
Stellenbosch,1453,6651,1825 series.xlsx|Stellenbosch 1825|1453
Stellenbosch,1457,6652,1825 series.xlsx|Stellenbosch 1825|1457
Stellenbosch,1458,6653,1825 series.xlsx|Stellenbosch 1825|1458
Stellenbosch,1459,6654,1825 series.xlsx|Stellenbosch 1825|1459
Stellenbosch,1461,6655,1825 series.xlsx|Stellenbosch 1825|1461
Stellenbosch,1462,6656,1825 series.xlsx|Stellenbosch 1825|1462
Stellenbosch,1463,6657,1825 series.xlsx|Stellenbosch 1825|1463
Stellenbosch,1466,6658,1825 series.xlsx|Stellenbosch 1825|1466
Stellenbosch,1467,6659,1825 series.xlsx|Stellenbosch 1825|1467
Stellenbosch,1468,6660,1825 series.xlsx|Stellenbosch 1825|1468
Stellenbosch,1469,6661,1825 series.xlsx|Stellenbosch 1825|1469
Stellenbosch,1471,6662,1825 series.xlsx|Stellenbosch 1825|1471
Stellenbosch,1472,6663,1825 series.xlsx|Stellenbosch 1825|1472
Stellenbosch,1473,6664,1825 series.xlsx|Stellenbosch 1825|1473
Stellenbosch,1474,6665,1825 series.xlsx|Stellenbosch 1825|1474
Stellenbosch,1475,6666,1825 series.xlsx|Stellenbosch 1825|1475
Stellenbosch,1476,6667,1825 series.xlsx|Stellenbosch 1825|1476
Stellenbosch,1477,6668,1825 series.xlsx|Stellenbosch 1825|1477
Stellenbosch,1478,6669,1825 series.xlsx|Stellenbosch 1825|1478
Stellenbosch,1479,6670,1825 series.xlsx|Stellenbosch 1825|1479
Stellenbosch,1480,6671,1825 series.xlsx|Stellenbosch 1825|1480
Stellenbosch,1481,6672,1825 series.xlsx|Stellenbosch 1825|1481
Stellenbosch,1482,6673,1825 series.xlsx|Stellenbosch 1825|1482
Stellenbosch,1485,6674,1825 series.xlsx|Stellenbosch 1825|1485
Stellenbosch,1486,6675,1825 series.xlsx|Stellenbosch 1825|1486
Stellenbosch,1487,6676,1825 series.xlsx|Stellenbosch 1825|1487
Stellenbosch,1488,6677,1825 series.xlsx|Stellenbosch 1825|1488
Stellenbosch,1489,6678,1825 series.xlsx|Stellenbosch 1825|1489
Stellenbosch,1490,6679,1825 series.xlsx|Stellenbosch 1825|1490
Stellenbosch,1491,6680,1825 series.xlsx|Stellenbosch 1825|1491
Stellenbosch,1492,6681,1825 series.xlsx|Stellenbosch 1825|1492
Stellenbosch,1493,6682,1825 series.xlsx|Stellenbosch 1825|1493
Stellenbosch,1494,6683,1825 series.xlsx|Stellenbosch 1825|1494
Stellenbosch,1495,6684,1825 series.xlsx|Stellenbosch 1825|1495
Stellenbosch,1496,6685,1825 series.xlsx|Stellenbosch 1825|1496
Stellenbosch,1498,6686,1825 series.xlsx|Stellenbosch 1825|1498
Stellenbosch,1499,6687,1825 series.xlsx|Stellenbosch 1825|1499
Stellenbosch,1500,6688,1825 series.xlsx|Stellenbosch 1825|1500
Stellenbosch,1501,6689,1825 series.xlsx|Stellenbosch 1825|1501
Stellenbosch,1502,6690,1825 series.xlsx|Stellenbosch 1825|1502
Stellenbosch,1503,6691,1825 series.xlsx|Stellenbosch 1825|1503
Stellenbosch,1504,6692,1825 series.xlsx|Stellenbosch 1825|1504
Stellenbosch,1506,6693,1825 series.xlsx|Stellenbosch 1825|1506
Stellenbosch,1507,6694,1825 series.xlsx|Stellenbosch 1825|1507
Stellenbosch,1509,6695,1825 series.xlsx|Stellenbosch 1825|1509
Stellenbosch,1510,6696,1825 series.xlsx|Stellenbosch 1825|1510
Stellenbosch,1513,6697,1825 series.xlsx|Stellenbosch 1825|1513
Stellenbosch,1514,6698,1825 series.xlsx|Stellenbosch 1825|1514
Stellenbosch,1517,6699,1825 series.xlsx|Stellenbosch 1825|1517
Stellenbosch,1518,6700,1825 series.xlsx|Stellenbosch 1825|1518
Stellenbosch,1519,6701,1825 series.xlsx|Stellenbosch 1825|1519
Stellenbosch,1520,6702,1825 series.xlsx|Stellenbosch 1825|1520
Stellenbosch,1521,6703,1825 series.xlsx|Stellenbosch 1825|1521
Stellenbosch,1522,6704,1825 series.xlsx|Stellenbosch 1825|1522
Stellenbosch,1523,6705,1825 series.xlsx|Stellenbosch 1825|1523
Stellenbosch,1524,6706,1825 series.xlsx|Stellenbosch 1825|1524
Stellenbosch,1525,6707,1825 series.xlsx|Stellenbosch 1825|1525
Stellenbosch,1526,6708,1825 series.xlsx|Stellenbosch 1825|1526
Stellenbosch,1527,6709,1825 series.xlsx|Stellenbosch 1825|1527
Stellenbosch,1528,6710,1825 series.xlsx|Stellenbosch 1825|1528
Stellenbosch,1529,6711,1825 series.xlsx|Stellenbosch 1825|1529
Stellenbosch,1530,6712,1825 series.xlsx|Stellenbosch 1825|1530
Stellenbosch,1531,6713,1825 series.xlsx|Stellenbosch 1825|1531
Stellenbosch,1532,6714,1825 series.xlsx|Stellenbosch 1825|1532
Stellenbosch,1533,6715,1825 series.xlsx|Stellenbosch 1825|1533
Stellenbosch,1534,6716,1825 series.xlsx|Stellenbosch 1825|1534
Stellenbosch,1535,6717,1825 series.xlsx|Stellenbosch 1825|1535
Stellenbosch,1536,6718,1825 series.xlsx|Stellenbosch 1825|1536
Stellenbosch,1537,6719,1825 series.xlsx|Stellenbosch 1825|1537
Stellenbosch,1538,6720,1825 series.xlsx|Stellenbosch 1825|1538
Stellenbosch,1539,6721,1825 series.xlsx|Stellenbosch 1825|1539
Stellenbosch,1540,6722,1825 series.xlsx|Stellenbosch 1825|1540
Stellenbosch,1541,6723,1825 series.xlsx|Stellenbosch 1825|1541
Stellenbosch,1542,6724,1825 series.xlsx|Stellenbosch 1825|1542
Stellenbosch,1543,6725,1825 series.xlsx|Stellenbosch 1825|1543
Stellenbosch,1544,6726,1825 series.xlsx|Stellenbosch 1825|1544
Stellenbosch,1545,6727,1825 series.xlsx|Stellenbosch 1825|1545
Stellenbosch,1548,6728,1825 series.xlsx|Stellenbosch 1825|1548
Stellenbosch,1549,6729,1825 series.xlsx|Stellenbosch 1825|1549
Stellenbosch,1550,6730,1825 series.xlsx|Stellenbosch 1825|1550
Stellenbosch,1551,6731,1825 series.xlsx|Stellenbosch 1825|1551
Stellenbosch,1552,6732,1825 series.xlsx|Stellenbosch 1825|1552
Stellenbosch,1553,6733,1825 series.xlsx|Stellenbosch 1825|1553
Stellenbosch,1554,6734,1825 series.xlsx|Stellenbosch 1825|1554
Stellenbosch,1555,6735,1825 series.xlsx|Stellenbosch 1825|1555
Stellenbosch,1556,6736,1825 series.xlsx|Stellenbosch 1825|1556
Stellenbosch,1557,6737,1825 series.xlsx|Stellenbosch 1825|1557
Stellenbosch,1558,6738,1825 series.xlsx|Stellenbosch 1825|1558
Stellenbosch,1559,6739,1825 series.xlsx|Stellenbosch 1825|1559
Stellenbosch,1560,6740,1825 series.xlsx|Stellenbosch 1825|1560
Stellenbosch,1561,6741,1825 series.xlsx|Stellenbosch 1825|1561
Stellenbosch,1562,6742,1825 series.xlsx|Stellenbosch 1825|1562
Stellenbosch,1563,6743,1825 series.xlsx|Stellenbosch 1825|1563
Stellenbosch,1564,6744,1825 series.xlsx|Stellenbosch 1825|1564
Stellenbosch,1565,6745,1825 series.xlsx|Stellenbosch 1825|1565
Stellenbosch,1566,6746,1825 series.xlsx|Stellenbosch 1825|1566
Stellenbosch,1570,6747,1825 series.xlsx|Stellenbosch 1825|1570
Stellenbosch,1571,6748,1825 series.xlsx|Stellenbosch 1825|1571
Stellenbosch,1572,6749,1825 series.xlsx|Stellenbosch 1825|1572
Stellenbosch,1573,6750,1825 series.xlsx|Stellenbosch 1825|1573
Stellenbosch,1574,6751,1825 series.xlsx|Stellenbosch 1825|1574
Stellenbosch,1575,6752,1825 series.xlsx|Stellenbosch 1825|1575
Stellenbosch,1576,6753,1825 series.xlsx|Stellenbosch 1825|1576
Stellenbosch,1579,6754,1825 series.xlsx|Stellenbosch 1825|1579
Stellenbosch,1580,6755,1825 series.xlsx|Stellenbosch 1825|1580
Stellenbosch,1582,6756,1825 series.xlsx|Stellenbosch 1825|1582
Stellenbosch,1583,6757,1825 series.xlsx|Stellenbosch 1825|1583
Stellenbosch,1586,6758,1825 series.xlsx|Stellenbosch 1825|1586
Stellenbosch,1587,6759,1825 series.xlsx|Stellenbosch 1825|1587
Stellenbosch,1588,6760,1825 series.xlsx|Stellenbosch 1825|1588
Stellenbosch,1590,6761,1825 series.xlsx|Stellenbosch 1825|1590
Stellenbosch,1592,6762,1825 series.xlsx|Stellenbosch 1825|1592
Stellenbosch,1593,6763,1825 series.xlsx|Stellenbosch 1825|1593
Stellenbosch,1594,6764,1825 series.xlsx|Stellenbosch 1825|1594
Stellenbosch,1595,6765,1825 series.xlsx|Stellenbosch 1825|1595
Stellenbosch,1596,6766,1825 series.xlsx|Stellenbosch 1825|1596
Stellenbosch,1597,6767,1825 series.xlsx|Stellenbosch 1825|1597
Stellenbosch,1598,6768,1825 series.xlsx|Stellenbosch 1825|1598
Stellenbosch,1599,6769,1825 series.xlsx|Stellenbosch 1825|1599
Stellenbosch,1600,6770,1825 series.xlsx|Stellenbosch 1825|1600
Stellenbosch,1601,6771,1825 series.xlsx|Stellenbosch 1825|1601
Stellenbosch,1602,6772,1825 series.xlsx|Stellenbosch 1825|1602
Stellenbosch,1603,6773,1825 series.xlsx|Stellenbosch 1825|1603
Stellenbosch,1605,6774,1825 series.xlsx|Stellenbosch 1825|1605
Stellenbosch,1606,6775,1825 series.xlsx|Stellenbosch 1825|1606
Stellenbosch,1607,6776,1825 series.xlsx|Stellenbosch 1825|1607
Stellenbosch,1610,6777,1825 series.xlsx|Stellenbosch 1825|1610
Stellenbosch,1611,6778,1825 series.xlsx|Stellenbosch 1825|1611
Stellenbosch,1612,6779,1825 series.xlsx|Stellenbosch 1825|1612
Stellenbosch,1613,6780,1825 series.xlsx|Stellenbosch 1825|1613
Stellenbosch,1614,6781,1825 series.xlsx|Stellenbosch 1825|1614
Stellenbosch,1617,6782,1825 series.xlsx|Stellenbosch 1825|1617
Stellenbosch,1618,6783,1825 series.xlsx|Stellenbosch 1825|1618
Stellenbosch,1619,6784,1825 series.xlsx|Stellenbosch 1825|1619
Stellenbosch,1620,6785,1825 series.xlsx|Stellenbosch 1825|1620
Stellenbosch,1623,6786,1825 series.xlsx|Stellenbosch 1825|1623
Stellenbosch,1624,6787,1825 series.xlsx|Stellenbosch 1825|1624
Stellenbosch,1625,6788,1825 series.xlsx|Stellenbosch 1825|1625
Stellenbosch,1626,6789,1825 series.xlsx|Stellenbosch 1825|1626
Stellenbosch,1627,6790,1825 series.xlsx|Stellenbosch 1825|1627
Stellenbosch,1628,6791,1825 series.xlsx|Stellenbosch 1825|1628
Stellenbosch,1629,6792,1825 series.xlsx|Stellenbosch 1825|1629
Stellenbosch,1630,6793,1825 series.xlsx|Stellenbosch 1825|1630
Stellenbosch,1631,6794,1825 series.xlsx|Stellenbosch 1825|1631
Stellenbosch,1632,6795,1825 series.xlsx|Stellenbosch 1825|1632
Stellenbosch,1633,6796,1825 series.xlsx|Stellenbosch 1825|1633
Stellenbosch,1635,6797,1825 series.xlsx|Stellenbosch 1825|1635
Stellenbosch,1636,6798,1825 series.xlsx|Stellenbosch 1825|1636
Stellenbosch,1637,6799,1825 series.xlsx|Stellenbosch 1825|1637
Stellenbosch,1639,6800,1825 series.xlsx|Stellenbosch 1825|1639
Stellenbosch,1640,6801,1825 series.xlsx|Stellenbosch 1825|1640
Stellenbosch,1641,6802,1825 series.xlsx|Stellenbosch 1825|1641
Stellenbosch,1642,6803,1825 series.xlsx|Stellenbosch 1825|1642
Stellenbosch,1643,6804,1825 series.xlsx|Stellenbosch 1825|1643
Stellenbosch,1644,6805,1825 series.xlsx|Stellenbosch 1825|1644
Stellenbosch,1645,6806,1825 series.xlsx|Stellenbosch 1825|1645
Stellenbosch,1646,6807,1825 series.xlsx|Stellenbosch 1825|1646
Stellenbosch,1647,6808,1825 series.xlsx|Stellenbosch 1825|1647
Stellenbosch,1648,6809,1825 series.xlsx|Stellenbosch 1825|1648
Stellenbosch,1649,6810,1825 series.xlsx|Stellenbosch 1825|1649
Stellenbosch,1650,6811,1825 series.xlsx|Stellenbosch 1825|1650
Stellenbosch,1651,6812,1825 series.xlsx|Stellenbosch 1825|1651
Stellenbosch,1652,6813,1825 series.xlsx|Stellenbosch 1825|1652
Stellenbosch,1655,6814,1825 series.xlsx|Stellenbosch 1825|1655
Stellenbosch,1656,6815,1825 series.xlsx|Stellenbosch 1825|1656
Stellenbosch,1657,6816,1825 series.xlsx|Stellenbosch 1825|1657
Stellenbosch,1659,6817,1825 series.xlsx|Stellenbosch 1825|1659
Stellenbosch,1660,6818,1825 series.xlsx|Stellenbosch 1825|1660
Stellenbosch,1661,6819,1825 series.xlsx|Stellenbosch 1825|1661
Stellenbosch,1662,6820,1825 series.xlsx|Stellenbosch 1825|1662
Stellenbosch,1664,6821,1825 series.xlsx|Stellenbosch 1825|1664
Stellenbosch,1665,6822,1825 series.xlsx|Stellenbosch 1825|1665
Stellenbosch,1666,6823,1825 series.xlsx|Stellenbosch 1825|1666
Stellenbosch,1667,6824,1825 series.xlsx|Stellenbosch 1825|1667
Stellenbosch,1668,6825,1825 series.xlsx|Stellenbosch 1825|1668
Stellenbosch,1670,6826,1825 series.xlsx|Stellenbosch 1825|1670
Stellenbosch,1671,6827,1825 series.xlsx|Stellenbosch 1825|1671
Stellenbosch,1672,6828,1825 series.xlsx|Stellenbosch 1825|1672
Stellenbosch,1673,6829,1825 series.xlsx|Stellenbosch 1825|1673
Stellenbosch,1674,6830,1825 series.xlsx|Stellenbosch 1825|1674
Stellenbosch,1675,6831,1825 series.xlsx|Stellenbosch 1825|1675
Stellenbosch,1676,6832,1825 series.xlsx|Stellenbosch 1825|1676
Stellenbosch,1677,6833,1825 series.xlsx|Stellenbosch 1825|1677
Stellenbosch,1678,6834,1825 series.xlsx|Stellenbosch 1825|1678
Stellenbosch,1679,6835,1825 series.xlsx|Stellenbosch 1825|1679
Stellenbosch,1680,6836,1825 series.xlsx|Stellenbosch 1825|1680
Stellenbosch,1684,6837,1825 series.xlsx|Stellenbosch 1825|1684
Stellenbosch,1685,6838,1825 series.xlsx|Stellenbosch 1825|1685
Stellenbosch,1686,6839,1825 series.xlsx|Stellenbosch 1825|1686
Stellenbosch,1687,6840,1825 series.xlsx|Stellenbosch 1825|1687
Stellenbosch,1688,6841,1825 series.xlsx|Stellenbosch 1825|1688
Stellenbosch,1689,6842,1825 series.xlsx|Stellenbosch 1825|1689
Stellenbosch,1690,6843,1825 series.xlsx|Stellenbosch 1825|1690
Stellenbosch,1692,6844,1825 series.xlsx|Stellenbosch 1825|1692
Stellenbosch,1693,6845,1825 series.xlsx|Stellenbosch 1825|1693
Stellenbosch,1695,6846,1825 series.xlsx|Stellenbosch 1825|1695
Stellenbosch,1696,6847,1825 series.xlsx|Stellenbosch 1825|1696
Stellenbosch,1697,6848,1825 series.xlsx|Stellenbosch 1825|1697
Stellenbosch,1698,6849,1825 series.xlsx|Stellenbosch 1825|1698
Stellenbosch,1699,6850,1825 series.xlsx|Stellenbosch 1825|1699
Stellenbosch,1700,6851,1825 series.xlsx|Stellenbosch 1825|1700
Stellenbosch,1701,6852,1825 series.xlsx|Stellenbosch 1825|1701
Stellenbosch,1702,6853,1825 series.xlsx|Stellenbosch 1825|1702
Stellenbosch,1703,6854,1825 series.xlsx|Stellenbosch 1825|1703
Stellenbosch,1704,6855,1825 series.xlsx|Stellenbosch 1825|1704
Stellenbosch,1705,6856,1825 series.xlsx|Stellenbosch 1825|1705
Stellenbosch,1706,6857,1825 series.xlsx|Stellenbosch 1825|1706
Stellenbosch,1707,6858,1825 series.xlsx|Stellenbosch 1825|1707
Stellenbosch,1708,6859,1825 series.xlsx|Stellenbosch 1825|1708
Stellenbosch,1709,6860,1825 series.xlsx|Stellenbosch 1825|1709
Stellenbosch,1710,6861,1825 series.xlsx|Stellenbosch 1825|1710
Stellenbosch,1711,6862,1825 series.xlsx|Stellenbosch 1825|1711
Stellenbosch,1712,6863,1825 series.xlsx|Stellenbosch 1825|1712
Stellenbosch,1713,6864,1825 series.xlsx|Stellenbosch 1825|1713
Stellenbosch,1714,6865,1825 series.xlsx|Stellenbosch 1825|1714
Stellenbosch,1717,6866,1825 series.xlsx|Stellenbosch 1825|1717
Stellenbosch,1718,6867,1825 series.xlsx|Stellenbosch 1825|1718
Stellenbosch,1719,6868,1825 series.xlsx|Stellenbosch 1825|1719
Stellenbosch,1721,6869,1825 series.xlsx|Stellenbosch 1825|1721
Stellenbosch,1722,6870,1825 series.xlsx|Stellenbosch 1825|1722
Stellenbosch,1723,6871,1825 series.xlsx|Stellenbosch 1825|1723
Stellenbosch,1724,6872,1825 series.xlsx|Stellenbosch 1825|1724
Stellenbosch,1725,6873,1825 series.xlsx|Stellenbosch 1825|1725
Stellenbosch,1726,6874,1825 series.xlsx|Stellenbosch 1825|1726
Stellenbosch,1729,6875,1825 series.xlsx|Stellenbosch 1825|1729
Stellenbosch,1730,6876,1825 series.xlsx|Stellenbosch 1825|1730
Stellenbosch,1731,6877,1825 series.xlsx|Stellenbosch 1825|1731
Stellenbosch,1732,6878,1825 series.xlsx|Stellenbosch 1825|1732
Stellenbosch,1733,6879,1825 series.xlsx|Stellenbosch 1825|1733
Stellenbosch,1734,6880,1825 series.xlsx|Stellenbosch 1825|1734
Stellenbosch,1735,6881,1825 series.xlsx|Stellenbosch 1825|1735
Stellenbosch,1738,6882,1825 series.xlsx|Stellenbosch 1825|1738
Stellenbosch,1739,6883,1825 series.xlsx|Stellenbosch 1825|1739
Stellenbosch,1740,6884,1825 series.xlsx|Stellenbosch 1825|1740
Stellenbosch,1742,6885,1825 series.xlsx|Stellenbosch 1825|1742
Stellenbosch,1744,6886,1825 series.xlsx|Stellenbosch 1825|1744
Stellenbosch,1745,6887,1825 series.xlsx|Stellenbosch 1825|1745
Stellenbosch,1746,6888,1825 series.xlsx|Stellenbosch 1825|1746
Stellenbosch,1749,6889,1825 series.xlsx|Stellenbosch 1825|1749
Stellenbosch,1750,6890,1825 series.xlsx|Stellenbosch 1825|1750
Stellenbosch,1751,6891,1825 series.xlsx|Stellenbosch 1825|1751
Stellenbosch,1752,6892,1825 series.xlsx|Stellenbosch 1825|1752
Stellenbosch,1753,6893,1825 series.xlsx|Stellenbosch 1825|1753
Stellenbosch,1756,6894,1825 series.xlsx|Stellenbosch 1825|1756
Stellenbosch,1758,6895,1825 series.xlsx|Stellenbosch 1825|1758
Stellenbosch,1759,6896,1825 series.xlsx|Stellenbosch 1825|1759
Stellenbosch,1760,6897,1825 series.xlsx|Stellenbosch 1825|1760
Stellenbosch,1761,6898,1825 series.xlsx|Stellenbosch 1825|1761
Stellenbosch,1762,6899,1825 series.xlsx|Stellenbosch 1825|1762
Stellenbosch,1763,6900,1825 series.xlsx|Stellenbosch 1825|1763
Stellenbosch,1764,6901,1825 series.xlsx|Stellenbosch 1825|1764
Stellenbosch,1765,6902,1825 series.xlsx|Stellenbosch 1825|1765
Stellenbosch,1766,6903,1825 series.xlsx|Stellenbosch 1825|1766
Stellenbosch,1767,6904,1825 series.xlsx|Stellenbosch 1825|1767
Stellenbosch,1768,6905,1825 series.xlsx|Stellenbosch 1825|1768
Stellenbosch,1770,6906,1825 series.xlsx|Stellenbosch 1825|1770
Stellenbosch,1771,6907,1825 series.xlsx|Stellenbosch 1825|1771
Stellenbosch,1772,6908,1825 series.xlsx|Stellenbosch 1825|1772
Stellenbosch,1773,6909,1825 series.xlsx|Stellenbosch 1825|1773
Stellenbosch,1774,6910,1825 series.xlsx|Stellenbosch 1825|1774
Stellenbosch,1775,6911,1825 series.xlsx|Stellenbosch 1825|1775
Stellenbosch,1776,6912,1825 series.xlsx|Stellenbosch 1825|1776
Stellenbosch,1777,6913,1825 series.xlsx|Stellenbosch 1825|1777
Stellenbosch,1778,6914,1825 series.xlsx|Stellenbosch 1825|1778
Stellenbosch,1779,6915,1825 series.xlsx|Stellenbosch 1825|1779
Stellenbosch,1780,6916,1825 series.xlsx|Stellenbosch 1825|1780
Stellenbosch,1781,6917,1825 series.xlsx|Stellenbosch 1825|1781
Stellenbosch,1782,6918,1825 series.xlsx|Stellenbosch 1825|1782
Stellenbosch,1783,6919,1825 series.xlsx|Stellenbosch 1825|1783
Stellenbosch,1784,6920,1825 series.xlsx|Stellenbosch 1825|1784
Stellenbosch,1785,6921,1825 series.xlsx|Stellenbosch 1825|1785
Stellenbosch,1788,6922,1825 series.xlsx|Stellenbosch 1825|1788
Stellenbosch,1789,6923,1825 series.xlsx|Stellenbosch 1825|1789
Stellenbosch,1790,6924,1825 series.xlsx|Stellenbosch 1825|1790
Stellenbosch,1791,6925,1825 series.xlsx|Stellenbosch 1825|1791
Stellenbosch,1792,6926,1825 series.xlsx|Stellenbosch 1825|1792
Stellenbosch,1793,6927,1825 series.xlsx|Stellenbosch 1825|1793
Stellenbosch,1794,6928,1825 series.xlsx|Stellenbosch 1825|1794
Stellenbosch,1795,6929,1825 series.xlsx|Stellenbosch 1825|1795
Stellenbosch,1796,6930,1825 series.xlsx|Stellenbosch 1825|1796
Stellenbosch,1797,6931,1825 series.xlsx|Stellenbosch 1825|1797
Stellenbosch,1798,6932,1825 series.xlsx|Stellenbosch 1825|1798
Stellenbosch,1799,6933,1825 series.xlsx|Stellenbosch 1825|1799
Stellenbosch,1800,6934,1825 series.xlsx|Stellenbosch 1825|1800
Stellenbosch,1801,6935,1825 series.xlsx|Stellenbosch 1825|1801
Stellenbosch,1802,6936,1825 series.xlsx|Stellenbosch 1825|1802
Stellenbosch,1803,6937,1825 series.xlsx|Stellenbosch 1825|1803
Stellenbosch,1804,6938,1825 series.xlsx|Stellenbosch 1825|1804
Stellenbosch,1805,6939,1825 series.xlsx|Stellenbosch 1825|1805
Stellenbosch,1806,6940,1825 series.xlsx|Stellenbosch 1825|1806
Stellenbosch,1807,6941,1825 series.xlsx|Stellenbosch 1825|1807
Stellenbosch,1808,6942,1825 series.xlsx|Stellenbosch 1825|1808
Stellenbosch,1809,6943,1825 series.xlsx|Stellenbosch 1825|1809
Stellenbosch,1810,6944,1825 series.xlsx|Stellenbosch 1825|1810
Stellenbosch,1811,6945,1825 series.xlsx|Stellenbosch 1825|1811
Stellenbosch,1812,6946,1825 series.xlsx|Stellenbosch 1825|1812
Stellenbosch,1813,6947,1825 series.xlsx|Stellenbosch 1825|1813
Stellenbosch,1814,6948,1825 series.xlsx|Stellenbosch 1825|1814
Stellenbosch,1815,6949,1825 series.xlsx|Stellenbosch 1825|1815
Stellenbosch,1816,6950,1825 series.xlsx|Stellenbosch 1825|1816
Stellenbosch,1820,6951,1825 series.xlsx|Stellenbosch 1825|1820
Stellenbosch,1821,6952,1825 series.xlsx|Stellenbosch 1825|1821
Stellenbosch,1822,6953,1825 series.xlsx|Stellenbosch 1825|1822
Stellenbosch,1823,6954,1825 series.xlsx|Stellenbosch 1825|1823
Stellenbosch,1826,6955,1825 series.xlsx|Stellenbosch 1825|1826
Stellenbosch,1827,6956,1825 series.xlsx|Stellenbosch 1825|1827
Stellenbosch,1828,6957,1825 series.xlsx|Stellenbosch 1825|1828
Stellenbosch,1829,6958,1825 series.xlsx|Stellenbosch 1825|1829
Stellenbosch,1830,6959,1825 series.xlsx|Stellenbosch 1825|1830
Stellenbosch,1832,6960,1825 series.xlsx|Stellenbosch 1825|1832
Stellenbosch,1833,6961,1825 series.xlsx|Stellenbosch 1825|1833
Stellenbosch,1834,6962,1825 series.xlsx|Stellenbosch 1825|1834
Stellenbosch,1835,6963,1825 series.xlsx|Stellenbosch 1825|1835
Stellenbosch,1837,6964,1825 series.xlsx|Stellenbosch 1825|1837
Stellenbosch,1839,6965,1825 series.xlsx|Stellenbosch 1825|1839
Stellenbosch,1840,6966,1825 series.xlsx|Stellenbosch 1825|1840
Stellenbosch,1841,6967,1825 series.xlsx|Stellenbosch 1825|1841
Stellenbosch,1842,6968,1825 series.xlsx|Stellenbosch 1825|1842
Stellenbosch,1843,6969,1825 series.xlsx|Stellenbosch 1825|1843
Stellenbosch,1844,6970,1825 series.xlsx|Stellenbosch 1825|1844
Stellenbosch,1846,6971,1825 series.xlsx|Stellenbosch 1825|1846
Stellenbosch,1847,6972,1825 series.xlsx|Stellenbosch 1825|1847
Stellenbosch,1849,6973,1825 series.xlsx|Stellenbosch 1825|1849
Stellenbosch,1850,6974,1825 series.xlsx|Stellenbosch 1825|1850
Stellenbosch,1851,6975,1825 series.xlsx|Stellenbosch 1825|1851
Stellenbosch,1852,6976,1825 series.xlsx|Stellenbosch 1825|1852
Stellenbosch,1853,6977,1825 series.xlsx|Stellenbosch 1825|1853
Stellenbosch,1854,6978,1825 series.xlsx|Stellenbosch 1825|1854
Stellenbosch,1855,6979,1825 series.xlsx|Stellenbosch 1825|1855
Stellenbosch,1858,6980,1825 series.xlsx|Stellenbosch 1825|1858
Stellenbosch,1860,6981,1825 series.xlsx|Stellenbosch 1825|1860
Stellenbosch,1861,6982,1825 series.xlsx|Stellenbosch 1825|1861
Stellenbosch,1862,6983,1825 series.xlsx|Stellenbosch 1825|1862
Stellenbosch,1863,6984,1825 series.xlsx|Stellenbosch 1825|1863
Stellenbosch,1864,6985,1825 series.xlsx|Stellenbosch 1825|1864
Stellenbosch,1865,6986,1825 series.xlsx|Stellenbosch 1825|1865
Stellenbosch,1866,6987,1825 series.xlsx|Stellenbosch 1825|1866
Stellenbosch,1867,6988,1825 series.xlsx|Stellenbosch 1825|1867
Stellenbosch,1868,6989,1825 series.xlsx|Stellenbosch 1825|1868
Stellenbosch,1870,6990,1825 series.xlsx|Stellenbosch 1825|1870
Stellenbosch,1871,6991,1825 series.xlsx|Stellenbosch 1825|1871
Stellenbosch,1872,6992,1825 series.xlsx|Stellenbosch 1825|1872
Stellenbosch,1873,6993,1825 series.xlsx|Stellenbosch 1825|1873
Stellenbosch,1876,6994,1825 series.xlsx|Stellenbosch 1825|1876
Stellenbosch,1877,6995,1825 series.xlsx|Stellenbosch 1825|1877
Stellenbosch,1878,6996,1825 series.xlsx|Stellenbosch 1825|1878
Stellenbosch,1879,6997,1825 series.xlsx|Stellenbosch 1825|1879
Stellenbosch,1880,6998,1825 series.xlsx|Stellenbosch 1825|1880
Stellenbosch,1881,6999,1825 series.xlsx|Stellenbosch 1825|1881
Stellenbosch,1882,7000,1825 series.xlsx|Stellenbosch 1825|1882
Stellenbosch,1883,7001,1825 series.xlsx|Stellenbosch 1825|1883
Stellenbosch,1884,7002,1825 series.xlsx|Stellenbosch 1825|1884
Stellenbosch,1885,7003,1825 series.xlsx|Stellenbosch 1825|1885
Stellenbosch,1886,7004,1825 series.xlsx|Stellenbosch 1825|1886
Stellenbosch,1887,7005,1825 series.xlsx|Stellenbosch 1825|1887
Stellenbosch,1888,7006,1825 series.xlsx|Stellenbosch 1825|1888
Stellenbosch,1889,7007,1825 series.xlsx|Stellenbosch 1825|1889
Stellenbosch,1890,7008,1825 series.xlsx|Stellenbosch 1825|1890
Stellenbosch,1891,7009,1825 series.xlsx|Stellenbosch 1825|1891
Stellenbosch,1892,7010,1825 series.xlsx|Stellenbosch 1825|1892
Stellenbosch,1893,7011,1825 series.xlsx|Stellenbosch 1825|1893
Stellenbosch,1894,7012,1825 series.xlsx|Stellenbosch 1825|1894
Stellenbosch,1895,7013,1825 series.xlsx|Stellenbosch 1825|1895
Stellenbosch,1896,7014,1825 series.xlsx|Stellenbosch 1825|1896
Stellenbosch,1897,7015,1825 series.xlsx|Stellenbosch 1825|1897
Stellenbosch,1898,7016,1825 series.xlsx|Stellenbosch 1825|1898
Stellenbosch,1899,7017,1825 series.xlsx|Stellenbosch 1825|1899
Stellenbosch,1900,7018,1825 series.xlsx|Stellenbosch 1825|1900
Stellenbosch,1901,7019,1825 series.xlsx|Stellenbosch 1825|1901
Stellenbosch,1902,7020,1825 series.xlsx|Stellenbosch 1825|1902
Stellenbosch,1903,7021,1825 series.xlsx|Stellenbosch 1825|1903
Stellenbosch,1904,7022,1825 series.xlsx|Stellenbosch 1825|1904
Stellenbosch,1905,7023,1825 series.xlsx|Stellenbosch 1825|1905
Stellenbosch,1908,7024,1825 series.xlsx|Stellenbosch 1825|1908
Stellenbosch,1909,7025,1825 series.xlsx|Stellenbosch 1825|1909
Stellenbosch,1910,7026,1825 series.xlsx|Stellenbosch 1825|1910
Stellenbosch,1913,7027,1825 series.xlsx|Stellenbosch 1825|1913
Stellenbosch,1914,7028,1825 series.xlsx|Stellenbosch 1825|1914
Stellenbosch,1915,7029,1825 series.xlsx|Stellenbosch 1825|1915
Stellenbosch,1916,7030,1825 series.xlsx|Stellenbosch 1825|1916
Stellenbosch,1917,7031,1825 series.xlsx|Stellenbosch 1825|1917
Stellenbosch,1918,7032,1825 series.xlsx|Stellenbosch 1825|1918
Stellenbosch,1919,7033,1825 series.xlsx|Stellenbosch 1825|1919
Stellenbosch,1920,7034,1825 series.xlsx|Stellenbosch 1825|1920
Stellenbosch,1921,7035,1825 series.xlsx|Stellenbosch 1825|1921
Stellenbosch,1922,7036,1825 series.xlsx|Stellenbosch 1825|1922
Stellenbosch,1923,7037,1825 series.xlsx|Stellenbosch 1825|1923
Stellenbosch,1924,7038,1825 series.xlsx|Stellenbosch 1825|1924
Stellenbosch,1925,7039,1825 series.xlsx|Stellenbosch 1825|1925
Stellenbosch,1926,7040,1825 series.xlsx|Stellenbosch 1825|1926
Stellenbosch,1927,7041,1825 series.xlsx|Stellenbosch 1825|1927
Stellenbosch,1928,7042,1825 series.xlsx|Stellenbosch 1825|1928
Stellenbosch,1929,7043,1825 series.xlsx|Stellenbosch 1825|1929
Stellenbosch,1930,7044,1825 series.xlsx|Stellenbosch 1825|1930
Stellenbosch,1931,7045,1825 series.xlsx|Stellenbosch 1825|1931
Stellenbosch,1932,7046,1825 series.xlsx|Stellenbosch 1825|1932
Stellenbosch,1933,7047,1825 series.xlsx|Stellenbosch 1825|1933
Stellenbosch,1934,7048,1825 series.xlsx|Stellenbosch 1825|1934
Stellenbosch,1935,7049,1825 series.xlsx|Stellenbosch 1825|1935
Stellenbosch,1937,7050,1825 series.xlsx|Stellenbosch 1825|1937
Stellenbosch,1938,7051,1825 series.xlsx|Stellenbosch 1825|1938
Stellenbosch,1939,7052,1825 series.xlsx|Stellenbosch 1825|1939
Stellenbosch,1940,7053,1825 series.xlsx|Stellenbosch 1825|1940
Stellenbosch,1941,7054,1825 series.xlsx|Stellenbosch 1825|1941
Stellenbosch,1942,7055,1825 series.xlsx|Stellenbosch 1825|1942
Stellenbosch,1945,7056,1825 series.xlsx|Stellenbosch 1825|1945
Stellenbosch,1946,7057,1825 series.xlsx|Stellenbosch 1825|1946
Stellenbosch,1947,7058,1825 series.xlsx|Stellenbosch 1825|1947
Stellenbosch,1948,7059,1825 series.xlsx|Stellenbosch 1825|1948
Stellenbosch,1949,7060,1825 series.xlsx|Stellenbosch 1825|1949
Stellenbosch,1950,7061,1825 series.xlsx|Stellenbosch 1825|1950
Stellenbosch,1951,7062,1825 series.xlsx|Stellenbosch 1825|1951
Stellenbosch,1952,7063,1825 series.xlsx|Stellenbosch 1825|1952
Stellenbosch,1953,7064,1825 series.xlsx|Stellenbosch 1825|1953
Stellenbosch,1954,7065,1825 series.xlsx|Stellenbosch 1825|1954
Stellenbosch,1955,7066,1825 series.xlsx|Stellenbosch 1825|1955
Stellenbosch,1956,7067,1825 series.xlsx|Stellenbosch 1825|1956
Stellenbosch,1957,7068,1825 series.xlsx|Stellenbosch 1825|1957
Stellenbosch,1958,7069,1825 series.xlsx|Stellenbosch 1825|1958
Stellenbosch,1959,7070,1825 series.xlsx|Stellenbosch 1825|1959
Stellenbosch,1960,7071,1825 series.xlsx|Stellenbosch 1825|1960
Stellenbosch,1961,7072,1825 series.xlsx|Stellenbosch 1825|1961
Stellenbosch,1962,7073,1825 series.xlsx|Stellenbosch 1825|1962
Stellenbosch,1963,7074,1825 series.xlsx|Stellenbosch 1825|1963
Stellenbosch,1964,7075,1825 series.xlsx|Stellenbosch 1825|1964
Stellenbosch,1965,7076,1825 series.xlsx|Stellenbosch 1825|1965
Stellenbosch,1966,7077,1825 series.xlsx|Stellenbosch 1825|1966
Stellenbosch,1967,7078,1825 series.xlsx|Stellenbosch 1825|1967
Stellenbosch,1968,7079,1825 series.xlsx|Stellenbosch 1825|1968
Stellenbosch,1969,7080,1825 series.xlsx|Stellenbosch 1825|1969
Stellenbosch,1970,7081,1825 series.xlsx|Stellenbosch 1825|1970
Stellenbosch,1971,7082,1825 series.xlsx|Stellenbosch 1825|1971
Stellenbosch,1972,7083,1825 series.xlsx|Stellenbosch 1825|1972
Stellenbosch,1973,7084,1825 series.xlsx|Stellenbosch 1825|1973
Stellenbosch,1976,7085,1825 series.xlsx|Stellenbosch 1825|1976
Stellenbosch,1977,7086,1825 series.xlsx|Stellenbosch 1825|1977
Stellenbosch,1978,7087,1825 series.xlsx|Stellenbosch 1825|1978
Stellenbosch,1979,7088,1825 series.xlsx|Stellenbosch 1825|1979
Stellenbosch,1980,7089,1825 series.xlsx|Stellenbosch 1825|1980
Stellenbosch,1981,7090,1825 series.xlsx|Stellenbosch 1825|1981
Stellenbosch,1982,7091,1825 series.xlsx|Stellenbosch 1825|1982
Stellenbosch,1985,7092,1825 series.xlsx|Stellenbosch 1825|1985
Stellenbosch,1986,7093,1825 series.xlsx|Stellenbosch 1825|1986
Stellenbosch,1987,7094,1825 series.xlsx|Stellenbosch 1825|1987
Stellenbosch,1988,7095,1825 series.xlsx|Stellenbosch 1825|1988
Stellenbosch,1989,7096,1825 series.xlsx|Stellenbosch 1825|1989
Stellenbosch,1990,7097,1825 series.xlsx|Stellenbosch 1825|1990
Stellenbosch,1991,7098,1825 series.xlsx|Stellenbosch 1825|1991
Stellenbosch,1992,7099,1825 series.xlsx|Stellenbosch 1825|1992
Stellenbosch,1993,7100,1825 series.xlsx|Stellenbosch 1825|1993
Stellenbosch,1994,7101,1825 series.xlsx|Stellenbosch 1825|1994
Stellenbosch,1995,7102,1825 series.xlsx|Stellenbosch 1825|1995
Stellenbosch,1996,7103,1825 series.xlsx|Stellenbosch 1825|1996
Stellenbosch,1997,7104,1825 series.xlsx|Stellenbosch 1825|1997
Stellenbosch,1998,7105,1825 series.xlsx|Stellenbosch 1825|1998
Stellenbosch,1999,7106,1825 series.xlsx|Stellenbosch 1825|1999
Stellenbosch,2000,7107,1825 series.xlsx|Stellenbosch 1825|2000
Stellenbosch,2001,7108,1825 series.xlsx|Stellenbosch 1825|2001
Stellenbosch,2002,7109,1825 series.xlsx|Stellenbosch 1825|2002
Stellenbosch,2003,7110,1825 series.xlsx|Stellenbosch 1825|2003
Stellenbosch,2004,7111,1825 series.xlsx|Stellenbosch 1825|2004
Stellenbosch,2005,7112,1825 series.xlsx|Stellenbosch 1825|2005
Stellenbosch,2006,7113,1825 series.xlsx|Stellenbosch 1825|2006
Stellenbosch,2007,7114,1825 series.xlsx|Stellenbosch 1825|2007
Stellenbosch,2008,7115,1825 series.xlsx|Stellenbosch 1825|2008
Stellenbosch,2009,7116,1825 series.xlsx|Stellenbosch 1825|2009
Stellenbosch,2010,7117,1825 series.xlsx|Stellenbosch 1825|2010
Stellenbosch,2011,7118,1825 series.xlsx|Stellenbosch 1825|2011
Stellenbosch,2012,7119,1825 series.xlsx|Stellenbosch 1825|2012
Stellenbosch,2013,7120,1825 series.xlsx|Stellenbosch 1825|2013
Stellenbosch,2014,7121,1825 series.xlsx|Stellenbosch 1825|2014
Stellenbosch,2017,7122,1825 series.xlsx|Stellenbosch 1825|2017
Stellenbosch,2018,7123,1825 series.xlsx|Stellenbosch 1825|2018
Stellenbosch,2019,7124,1825 series.xlsx|Stellenbosch 1825|2019
Stellenbosch,2022,7125,1825 series.xlsx|Stellenbosch 1825|2022
Stellenbosch,2023,7126,1825 series.xlsx|Stellenbosch 1825|2023
Stellenbosch,2024,7127,1825 series.xlsx|Stellenbosch 1825|2024
Stellenbosch,2025,7128,1825 series.xlsx|Stellenbosch 1825|2025
Stellenbosch,2026,7129,1825 series.xlsx|Stellenbosch 1825|2026
Stellenbosch,2027,7130,1825 series.xlsx|Stellenbosch 1825|2027
Stellenbosch,2028,7131,1825 series.xlsx|Stellenbosch 1825|2028
Stellenbosch,2029,7132,1825 series.xlsx|Stellenbosch 1825|2029
Stellenbosch,2030,7133,1825 series.xlsx|Stellenbosch 1825|2030
Stellenbosch,2031,7134,1825 series.xlsx|Stellenbosch 1825|2031
Stellenbosch,2032,7135,1825 series.xlsx|Stellenbosch 1825|2032
Stellenbosch,2033,7136,1825 series.xlsx|Stellenbosch 1825|2033
Stellenbosch,2034,7137,1825 series.xlsx|Stellenbosch 1825|2034
Stellenbosch,2035,7138,1825 series.xlsx|Stellenbosch 1825|2035
Stellenbosch,2036,7139,1825 series.xlsx|Stellenbosch 1825|2036
Stellenbosch,2037,7140,1825 series.xlsx|Stellenbosch 1825|2037
Stellenbosch,2038,7141,1825 series.xlsx|Stellenbosch 1825|2038
Stellenbosch,2039,7142,1825 series.xlsx|Stellenbosch 1825|2039
Stellenbosch,2042,7143,1825 series.xlsx|Stellenbosch 1825|2042
Stellenbosch,2043,7144,1825 series.xlsx|Stellenbosch 1825|2043
Stellenbosch,2044,7145,1825 series.xlsx|Stellenbosch 1825|2044
Stellenbosch,2045,7146,1825 series.xlsx|Stellenbosch 1825|2045
Stellenbosch,2046,7147,1825 series.xlsx|Stellenbosch 1825|2046
Stellenbosch,2047,7148,1825 series.xlsx|Stellenbosch 1825|2047
Stellenbosch,2048,7149,1825 series.xlsx|Stellenbosch 1825|2048
Stellenbosch,2049,7150,1825 series.xlsx|Stellenbosch 1825|2049
Stellenbosch,2050,7151,1825 series.xlsx|Stellenbosch 1825|2050
Stellenbosch,2051,7152,1825 series.xlsx|Stellenbosch 1825|2051
Stellenbosch,2052,7153,1825 series.xlsx|Stellenbosch 1825|2052
Stellenbosch,2053,7154,1825 series.xlsx|Stellenbosch 1825|2053
Stellenbosch,2054,7155,1825 series.xlsx|Stellenbosch 1825|2054
Stellenbosch,2055,7156,1825 series.xlsx|Stellenbosch 1825|2055
Stellenbosch,2056,7157,1825 series.xlsx|Stellenbosch 1825|2056
Stellenbosch,2057,7158,1825 series.xlsx|Stellenbosch 1825|2057
Stellenbosch,2058,7159,1825 series.xlsx|Stellenbosch 1825|2058
Stellenbosch,2059,7160,1825 series.xlsx|Stellenbosch 1825|2059
Stellenbosch,2060,7161,1825 series.xlsx|Stellenbosch 1825|2060
Stellenbosch,2061,7162,1825 series.xlsx|Stellenbosch 1825|2061
Stellenbosch,2062,7163,1825 series.xlsx|Stellenbosch 1825|2062
Stellenbosch,2064,7164,1825 series.xlsx|Stellenbosch 1825|2064
Stellenbosch,2065,7165,1825 series.xlsx|Stellenbosch 1825|2065
Stellenbosch,2066,7166,1825 series.xlsx|Stellenbosch 1825|2066
Stellenbosch,2067,7167,1825 series.xlsx|Stellenbosch 1825|2067
Stellenbosch,2068,7168,1825 series.xlsx|Stellenbosch 1825|2068
Stellenbosch,2069,7169,1825 series.xlsx|Stellenbosch 1825|2069
Stellenbosch,2070,7170,1825 series.xlsx|Stellenbosch 1825|2070
Stellenbosch,2071,7171,1825 series.xlsx|Stellenbosch 1825|2071
Stellenbosch,2074,7172,1825 series.xlsx|Stellenbosch 1825|2074
Stellenbosch,2075,7173,1825 series.xlsx|Stellenbosch 1825|2075
Stellenbosch,2076,7174,1825 series.xlsx|Stellenbosch 1825|2076
Stellenbosch,2077,7175,1825 series.xlsx|Stellenbosch 1825|2077
Stellenbosch,2078,7176,1825 series.xlsx|Stellenbosch 1825|2078
Stellenbosch,2079,7177,1825 series.xlsx|Stellenbosch 1825|2079
Stellenbosch,2080,7178,1825 series.xlsx|Stellenbosch 1825|2080
Stellenbosch,2081,7179,1825 series.xlsx|Stellenbosch 1825|2081
Stellenbosch,2082,7180,1825 series.xlsx|Stellenbosch 1825|2082
Stellenbosch,2083,7181,1825 series.xlsx|Stellenbosch 1825|2083
Stellenbosch,2084,7182,1825 series.xlsx|Stellenbosch 1825|2084
Stellenbosch,2085,7183,1825 series.xlsx|Stellenbosch 1825|2085
Stellenbosch,2086,7184,1825 series.xlsx|Stellenbosch 1825|2086
Stellenbosch,2087,7185,1825 series.xlsx|Stellenbosch 1825|2087
Stellenbosch,2088,7186,1825 series.xlsx|Stellenbosch 1825|2088
Stellenbosch,2089,7187,1825 series.xlsx|Stellenbosch 1825|2089
Stellenbosch,2090,7188,1825 series.xlsx|Stellenbosch 1825|2090
Stellenbosch,2092,7189,1825 series.xlsx|Stellenbosch 1825|2092
Stellenbosch,2093,7190,1825 series.xlsx|Stellenbosch 1825|2093
Stellenbosch,2094,7191,1825 series.xlsx|Stellenbosch 1825|2094
Stellenbosch,2095,7192,1825 series.xlsx|Stellenbosch 1825|2095
Stellenbosch,2096,7193,1825 series.xlsx|Stellenbosch 1825|2096
Swellendam,4,7194,1825 series.xlsx|Swellendam 1825|4
Swellendam,6,7195,1825 series.xlsx|Swellendam 1825|6
Swellendam,7,7196,1825 series.xlsx|Swellendam 1825|7
Swellendam,8,7197,1825 series.xlsx|Swellendam 1825|8
Swellendam,10,7198,1825 series.xlsx|Swellendam 1825|10
Swellendam,12,7199,1825 series.xlsx|Swellendam 1825|12
Swellendam,13,7200,1825 series.xlsx|Swellendam 1825|13
Swellendam,14,7201,1825 series.xlsx|Swellendam 1825|14
Swellendam,15,7202,1825 series.xlsx|Swellendam 1825|15
Swellendam,16,7203,1825 series.xlsx|Swellendam 1825|16
Swellendam,17,7204,1825 series.xlsx|Swellendam 1825|17
Swellendam,19,7205,1825 series.xlsx|Swellendam 1825|19
Swellendam,21,7206,1825 series.xlsx|Swellendam 1825|21
Swellendam,23,7207,1825 series.xlsx|Swellendam 1825|23
Swellendam,25,7208,1825 series.xlsx|Swellendam 1825|25
Swellendam,27,7209,1825 series.xlsx|Swellendam 1825|27
Swellendam,29,7210,1825 series.xlsx|Swellendam 1825|29
Swellendam,33,7211,1825 series.xlsx|Swellendam 1825|33
Swellendam,35,7212,1825 series.xlsx|Swellendam 1825|35
Swellendam,36,7213,1825 series.xlsx|Swellendam 1825|36
Swellendam,38,7214,1825 series.xlsx|Swellendam 1825|38
Swellendam,40,7215,1825 series.xlsx|Swellendam 1825|40
Swellendam,41,7216,1825 series.xlsx|Swellendam 1825|41
Swellendam,43,7217,1825 series.xlsx|Swellendam 1825|43
Swellendam,45,7218,1825 series.xlsx|Swellendam 1825|45
Swellendam,46,7219,1825 series.xlsx|Swellendam 1825|46
Swellendam,48,7220,1825 series.xlsx|Swellendam 1825|48
Swellendam,50,7221,1825 series.xlsx|Swellendam 1825|50
Swellendam,52,7222,1825 series.xlsx|Swellendam 1825|52
Swellendam,54,7223,1825 series.xlsx|Swellendam 1825|54
Swellendam,56,7224,1825 series.xlsx|Swellendam 1825|56
Swellendam,58,7225,1825 series.xlsx|Swellendam 1825|58
Swellendam,59,7226,1825 series.xlsx|Swellendam 1825|59
Swellendam,60,7227,1825 series.xlsx|Swellendam 1825|60
Swellendam,62,7228,1825 series.xlsx|Swellendam 1825|62
Swellendam,66,7229,1825 series.xlsx|Swellendam 1825|66
Swellendam,68,7230,1825 series.xlsx|Swellendam 1825|68
Swellendam,70,7231,1825 series.xlsx|Swellendam 1825|70
Swellendam,72,7232,1825 series.xlsx|Swellendam 1825|72
Swellendam,73,7233,1825 series.xlsx|Swellendam 1825|73
Swellendam,75,7234,1825 series.xlsx|Swellendam 1825|75
Swellendam,76,7235,1825 series.xlsx|Swellendam 1825|76
Swellendam,77,7236,1825 series.xlsx|Swellendam 1825|77
Swellendam,79,7237,1825 series.xlsx|Swellendam 1825|79
Swellendam,81,7238,1825 series.xlsx|Swellendam 1825|81
Swellendam,83,7239,1825 series.xlsx|Swellendam 1825|83
Swellendam,85,7240,1825 series.xlsx|Swellendam 1825|85
Swellendam,87,7241,1825 series.xlsx|Swellendam 1825|87
Swellendam,88,7242,1825 series.xlsx|Swellendam 1825|88
Swellendam,89,7243,1825 series.xlsx|Swellendam 1825|89
Swellendam,91,7244,1825 series.xlsx|Swellendam 1825|91
Swellendam,93,7245,1825 series.xlsx|Swellendam 1825|93
Swellendam,97,7246,1825 series.xlsx|Swellendam 1825|97
Swellendam,98,7247,1825 series.xlsx|Swellendam 1825|98
Swellendam,100,7248,1825 series.xlsx|Swellendam 1825|100
Swellendam,102,7249,1825 series.xlsx|Swellendam 1825|102
Swellendam,103,7250,1825 series.xlsx|Swellendam 1825|103
Swellendam,105,7251,1825 series.xlsx|Swellendam 1825|105
Swellendam,107,7252,1825 series.xlsx|Swellendam 1825|107
Swellendam,109,7253,1825 series.xlsx|Swellendam 1825|109
Swellendam,111,7254,1825 series.xlsx|Swellendam 1825|111
Swellendam,113,7255,1825 series.xlsx|Swellendam 1825|113
Swellendam,115,7256,1825 series.xlsx|Swellendam 1825|115
Swellendam,117,7257,1825 series.xlsx|Swellendam 1825|117
Swellendam,118,7258,1825 series.xlsx|Swellendam 1825|118
Swellendam,120,7259,1825 series.xlsx|Swellendam 1825|120
Swellendam,121,7260,1825 series.xlsx|Swellendam 1825|121
Swellendam,123,7261,1825 series.xlsx|Swellendam 1825|123
Swellendam,125,7262,1825 series.xlsx|Swellendam 1825|125
Swellendam,129,7263,1825 series.xlsx|Swellendam 1825|129
Swellendam,130,7264,1825 series.xlsx|Swellendam 1825|130
Swellendam,132,7265,1825 series.xlsx|Swellendam 1825|132
Swellendam,133,7266,1825 series.xlsx|Swellendam 1825|133
Swellendam,135,7267,1825 series.xlsx|Swellendam 1825|135
Swellendam,137,7268,1825 series.xlsx|Swellendam 1825|137
Swellendam,139,7269,1825 series.xlsx|Swellendam 1825|139
Swellendam,141,7270,1825 series.xlsx|Swellendam 1825|141
Swellendam,142,7271,1825 series.xlsx|Swellendam 1825|142
Swellendam,144,7272,1825 series.xlsx|Swellendam 1825|144
Swellendam,146,7273,1825 series.xlsx|Swellendam 1825|146
Swellendam,148,7274,1825 series.xlsx|Swellendam 1825|148
Swellendam,150,7275,1825 series.xlsx|Swellendam 1825|150
Swellendam,152,7276,1825 series.xlsx|Swellendam 1825|152
Swellendam,153,7277,1825 series.xlsx|Swellendam 1825|153
Swellendam,155,7278,1825 series.xlsx|Swellendam 1825|155
Swellendam,156,7279,1825 series.xlsx|Swellendam 1825|156
Swellendam,160,7280,1825 series.xlsx|Swellendam 1825|160
Swellendam,161,7281,1825 series.xlsx|Swellendam 1825|161
Swellendam,163,7282,1825 series.xlsx|Swellendam 1825|163
Swellendam,164,7283,1825 series.xlsx|Swellendam 1825|164
Swellendam,165,7284,1825 series.xlsx|Swellendam 1825|165
Swellendam,167,7285,1825 series.xlsx|Swellendam 1825|167
Swellendam,169,7286,1825 series.xlsx|Swellendam 1825|169
Swellendam,170,7287,1825 series.xlsx|Swellendam 1825|170
Swellendam,172,7288,1825 series.xlsx|Swellendam 1825|172
Swellendam,174,7289,1825 series.xlsx|Swellendam 1825|174
Swellendam,176,7290,1825 series.xlsx|Swellendam 1825|176
Swellendam,178,7291,1825 series.xlsx|Swellendam 1825|178
Swellendam,179,7292,1825 series.xlsx|Swellendam 1825|179
Swellendam,182,7293,1825 series.xlsx|Swellendam 1825|182
Swellendam,183,7294,1825 series.xlsx|Swellendam 1825|183
Swellendam,185,7295,1825 series.xlsx|Swellendam 1825|185
Swellendam,187,7296,1825 series.xlsx|Swellendam 1825|187
Swellendam,190,7297,1825 series.xlsx|Swellendam 1825|190
Swellendam,191,7298,1825 series.xlsx|Swellendam 1825|191
Swellendam,192,7299,1825 series.xlsx|Swellendam 1825|192
Swellendam,193,7300,1825 series.xlsx|Swellendam 1825|193
Swellendam,196,7301,1825 series.xlsx|Swellendam 1825|196
Swellendam,198,7302,1825 series.xlsx|Swellendam 1825|198
Swellendam,199,7303,1825 series.xlsx|Swellendam 1825|199
Swellendam,200,7304,1825 series.xlsx|Swellendam 1825|200
Swellendam,201,7305,1825 series.xlsx|Swellendam 1825|201
Swellendam,202,7306,1825 series.xlsx|Swellendam 1825|202
Swellendam,204,7307,1825 series.xlsx|Swellendam 1825|204
Swellendam,205,7308,1825 series.xlsx|Swellendam 1825|205
Swellendam,207,7309,1825 series.xlsx|Swellendam 1825|207
Swellendam,208,7310,1825 series.xlsx|Swellendam 1825|208
Swellendam,209,7311,1825 series.xlsx|Swellendam 1825|209
Swellendam,211,7312,1825 series.xlsx|Swellendam 1825|211
Swellendam,212,7313,1825 series.xlsx|Swellendam 1825|212
Swellendam,215,7314,1825 series.xlsx|Swellendam 1825|215
Swellendam,216,7315,1825 series.xlsx|Swellendam 1825|216
Swellendam,217,7316,1825 series.xlsx|Swellendam 1825|217
Swellendam,218,7317,1825 series.xlsx|Swellendam 1825|218
Swellendam,219,7318,1825 series.xlsx|Swellendam 1825|219
Swellendam,220,7319,1825 series.xlsx|Swellendam 1825|220
Swellendam,221,7320,1825 series.xlsx|Swellendam 1825|221
Swellendam,222,7321,1825 series.xlsx|Swellendam 1825|222
Swellendam,223,7322,1825 series.xlsx|Swellendam 1825|223
Swellendam,225,7323,1825 series.xlsx|Swellendam 1825|225
Swellendam,226,7324,1825 series.xlsx|Swellendam 1825|226
Swellendam,228,7325,1825 series.xlsx|Swellendam 1825|228
Swellendam,229,7326,1825 series.xlsx|Swellendam 1825|229
Swellendam,230,7327,1825 series.xlsx|Swellendam 1825|230
Swellendam,231,7328,1825 series.xlsx|Swellendam 1825|231
Swellendam,232,7329,1825 series.xlsx|Swellendam 1825|232
Swellendam,234,7330,1825 series.xlsx|Swellendam 1825|234
Swellendam,237,7331,1825 series.xlsx|Swellendam 1825|237
Swellendam,238,7332,1825 series.xlsx|Swellendam 1825|238
Swellendam,240,7333,1825 series.xlsx|Swellendam 1825|240
Swellendam,244,7334,1825 series.xlsx|Swellendam 1825|244
Swellendam,246,7335,1825 series.xlsx|Swellendam 1825|246
Swellendam,248,7336,1825 series.xlsx|Swellendam 1825|248
Swellendam,250,7337,1825 series.xlsx|Swellendam 1825|250
Swellendam,251,7338,1825 series.xlsx|Swellendam 1825|251
Swellendam,252,7339,1825 series.xlsx|Swellendam 1825|252
Swellendam,253,7340,1825 series.xlsx|Swellendam 1825|253
Swellendam,255,7341,1825 series.xlsx|Swellendam 1825|255
Swellendam,257,7342,1825 series.xlsx|Swellendam 1825|257
Swellendam,258,7343,1825 series.xlsx|Swellendam 1825|258
Swellendam,259,7344,1825 series.xlsx|Swellendam 1825|259
Swellendam,261,7345,1825 series.xlsx|Swellendam 1825|261
Swellendam,263,7346,1825 series.xlsx|Swellendam 1825|263
Swellendam,265,7347,1825 series.xlsx|Swellendam 1825|265
Swellendam,267,7348,1825 series.xlsx|Swellendam 1825|267
Swellendam,269,7349,1825 series.xlsx|Swellendam 1825|269
Swellendam,271,7350,1825 series.xlsx|Swellendam 1825|271
Swellendam,272,7351,1825 series.xlsx|Swellendam 1825|272
Swellendam,275,7352,1825 series.xlsx|Swellendam 1825|275
Swellendam,276,7353,1825 series.xlsx|Swellendam 1825|276
Swellendam,278,7354,1825 series.xlsx|Swellendam 1825|278
Swellendam,280,7355,1825 series.xlsx|Swellendam 1825|280
Swellendam,282,7356,1825 series.xlsx|Swellendam 1825|282
Swellendam,284,7357,1825 series.xlsx|Swellendam 1825|284
Swellendam,286,7358,1825 series.xlsx|Swellendam 1825|286
Swellendam,287,7359,1825 series.xlsx|Swellendam 1825|287
Swellendam,289,7360,1825 series.xlsx|Swellendam 1825|289
Swellendam,290,7361,1825 series.xlsx|Swellendam 1825|290
Swellendam,292,7362,1825 series.xlsx|Swellendam 1825|292
Swellendam,294,7363,1825 series.xlsx|Swellendam 1825|294
Swellendam,295,7364,1825 series.xlsx|Swellendam 1825|295
Swellendam,297,7365,1825 series.xlsx|Swellendam 1825|297
Swellendam,298,7366,1825 series.xlsx|Swellendam 1825|298
Swellendam,300,7367,1825 series.xlsx|Swellendam 1825|300
Swellendam,302,7368,1825 series.xlsx|Swellendam 1825|302
Swellendam,306,7369,1825 series.xlsx|Swellendam 1825|306
Swellendam,308,7370,1825 series.xlsx|Swellendam 1825|308
Swellendam,310,7371,1825 series.xlsx|Swellendam 1825|310
Swellendam,311,7372,1825 series.xlsx|Swellendam 1825|311
Swellendam,312,7373,1825 series.xlsx|Swellendam 1825|312
Swellendam,313,7374,1825 series.xlsx|Swellendam 1825|313
Swellendam,314,7375,1825 series.xlsx|Swellendam 1825|314
Swellendam,315,7376,1825 series.xlsx|Swellendam 1825|315
Swellendam,317,7377,1825 series.xlsx|Swellendam 1825|317
Swellendam,318,7378,1825 series.xlsx|Swellendam 1825|318
Swellendam,320,7379,1825 series.xlsx|Swellendam 1825|320
Swellendam,322,7380,1825 series.xlsx|Swellendam 1825|322
Swellendam,324,7381,1825 series.xlsx|Swellendam 1825|324
Swellendam,326,7382,1825 series.xlsx|Swellendam 1825|326
Swellendam,327,7383,1825 series.xlsx|Swellendam 1825|327
Swellendam,330,7384,1825 series.xlsx|Swellendam 1825|330
Swellendam,331,7385,1825 series.xlsx|Swellendam 1825|331
Swellendam,334,7386,1825 series.xlsx|Swellendam 1825|334
Swellendam,336,7387,1825 series.xlsx|Swellendam 1825|336
Swellendam,338,7388,1825 series.xlsx|Swellendam 1825|338
Swellendam,340,7389,1825 series.xlsx|Swellendam 1825|340
Swellendam,342,7390,1825 series.xlsx|Swellendam 1825|342
Swellendam,344,7391,1825 series.xlsx|Swellendam 1825|344
Swellendam,346,7392,1825 series.xlsx|Swellendam 1825|346
Swellendam,347,7393,1825 series.xlsx|Swellendam 1825|347
Swellendam,349,7394,1825 series.xlsx|Swellendam 1825|349
Swellendam,351,7395,1825 series.xlsx|Swellendam 1825|351
Swellendam,352,7396,1825 series.xlsx|Swellendam 1825|352
Swellendam,354,7397,1825 series.xlsx|Swellendam 1825|354
Swellendam,356,7398,1825 series.xlsx|Swellendam 1825|356
Swellendam,358,7399,1825 series.xlsx|Swellendam 1825|358
Swellendam,360,7400,1825 series.xlsx|Swellendam 1825|360
Swellendam,361,7401,1825 series.xlsx|Swellendam 1825|361
Swellendam,363,7402,1825 series.xlsx|Swellendam 1825|363
Swellendam,366,7403,1825 series.xlsx|Swellendam 1825|366
Swellendam,369,7404,1825 series.xlsx|Swellendam 1825|369
Swellendam,371,7405,1825 series.xlsx|Swellendam 1825|371
Swellendam,372,7406,1825 series.xlsx|Swellendam 1825|372
Swellendam,373,7407,1825 series.xlsx|Swellendam 1825|373
Swellendam,375,7408,1825 series.xlsx|Swellendam 1825|375
Swellendam,377,7409,1825 series.xlsx|Swellendam 1825|377
Swellendam,378,7410,1825 series.xlsx|Swellendam 1825|378
Swellendam,380,7411,1825 series.xlsx|Swellendam 1825|380
Swellendam,382,7412,1825 series.xlsx|Swellendam 1825|382
Swellendam,384,7413,1825 series.xlsx|Swellendam 1825|384
Swellendam,385,7414,1825 series.xlsx|Swellendam 1825|385
Swellendam,386,7415,1825 series.xlsx|Swellendam 1825|386
Swellendam,388,7416,1825 series.xlsx|Swellendam 1825|388
Swellendam,390,7417,1825 series.xlsx|Swellendam 1825|390
Swellendam,392,7418,1825 series.xlsx|Swellendam 1825|392
Swellendam,393,7419,1825 series.xlsx|Swellendam 1825|393
Swellendam,395,7420,1825 series.xlsx|Swellendam 1825|395
Swellendam,397,7421,1825 series.xlsx|Swellendam 1825|397
Swellendam,401,7422,1825 series.xlsx|Swellendam 1825|401
Swellendam,404,7423,1825 series.xlsx|Swellendam 1825|404
Swellendam,406,7424,1825 series.xlsx|Swellendam 1825|406
Swellendam,407,7425,1825 series.xlsx|Swellendam 1825|407
Swellendam,409,7426,1825 series.xlsx|Swellendam 1825|409
Swellendam,411,7427,1825 series.xlsx|Swellendam 1825|411
Swellendam,412,7428,1825 series.xlsx|Swellendam 1825|412
Swellendam,414,7429,1825 series.xlsx|Swellendam 1825|414
Swellendam,415,7430,1825 series.xlsx|Swellendam 1825|415
Swellendam,417,7431,1825 series.xlsx|Swellendam 1825|417
Swellendam,419,7432,1825 series.xlsx|Swellendam 1825|419
Swellendam,421,7433,1825 series.xlsx|Swellendam 1825|421
Swellendam,423,7434,1825 series.xlsx|Swellendam 1825|423
Swellendam,425,7435,1825 series.xlsx|Swellendam 1825|425
Swellendam,428,7436,1825 series.xlsx|Swellendam 1825|428
Swellendam,430,7437,1825 series.xlsx|Swellendam 1825|430
Swellendam,432,7438,1825 series.xlsx|Swellendam 1825|432
Swellendam,434,7439,1825 series.xlsx|Swellendam 1825|434
Swellendam,436,7440,1825 series.xlsx|Swellendam 1825|436
Swellendam,437,7441,1825 series.xlsx|Swellendam 1825|437
Swellendam,438,7442,1825 series.xlsx|Swellendam 1825|438
Swellendam,440,7443,1825 series.xlsx|Swellendam 1825|440
Swellendam,442,7444,1825 series.xlsx|Swellendam 1825|442
Swellendam,444,7445,1825 series.xlsx|Swellendam 1825|444
Swellendam,448,7446,1825 series.xlsx|Swellendam 1825|448
Swellendam,458,7447,1825 series.xlsx|Swellendam 1825|458
Swellendam,460,7448,1825 series.xlsx|Swellendam 1825|460
Swellendam,462,7449,1825 series.xlsx|Swellendam 1825|462
Swellendam,463,7450,1825 series.xlsx|Swellendam 1825|463
Swellendam,467,7451,1825 series.xlsx|Swellendam 1825|467
Swellendam,471,7452,1825 series.xlsx|Swellendam 1825|471
Swellendam,473,7453,1825 series.xlsx|Swellendam 1825|473
Swellendam,474,7454,1825 series.xlsx|Swellendam 1825|474
Swellendam,477,7455,1825 series.xlsx|Swellendam 1825|477
Swellendam,478,7456,1825 series.xlsx|Swellendam 1825|478
Swellendam,480,7457,1825 series.xlsx|Swellendam 1825|480
Swellendam,482,7458,1825 series.xlsx|Swellendam 1825|482
Swellendam,483,7459,1825 series.xlsx|Swellendam 1825|483
Swellendam,485,7460,1825 series.xlsx|Swellendam 1825|485
Swellendam,487,7461,1825 series.xlsx|Swellendam 1825|487
Swellendam,489,7462,1825 series.xlsx|Swellendam 1825|489
Swellendam,491,7463,1825 series.xlsx|Swellendam 1825|491
Swellendam,493,7464,1825 series.xlsx|Swellendam 1825|493
Swellendam,495,7465,1825 series.xlsx|Swellendam 1825|495
Swellendam,497,7466,1825 series.xlsx|Swellendam 1825|497
Swellendam,499,7467,1825 series.xlsx|Swellendam 1825|499
Swellendam,501,7468,1825 series.xlsx|Swellendam 1825|501
Swellendam,504,7469,1825 series.xlsx|Swellendam 1825|504
Swellendam,506,7470,1825 series.xlsx|Swellendam 1825|506
Swellendam,508,7471,1825 series.xlsx|Swellendam 1825|508
Swellendam,509,7472,1825 series.xlsx|Swellendam 1825|509
Swellendam,510,7473,1825 series.xlsx|Swellendam 1825|510
Swellendam,511,7474,1825 series.xlsx|Swellendam 1825|511
Swellendam,514,7475,1825 series.xlsx|Swellendam 1825|514
Swellendam,516,7476,1825 series.xlsx|Swellendam 1825|516
Swellendam,518,7477,1825 series.xlsx|Swellendam 1825|518
Swellendam,520,7478,1825 series.xlsx|Swellendam 1825|520
Swellendam,522,7479,1825 series.xlsx|Swellendam 1825|522
Swellendam,524,7480,1825 series.xlsx|Swellendam 1825|524
Swellendam,526,7481,1825 series.xlsx|Swellendam 1825|526
Swellendam,527,7482,1825 series.xlsx|Swellendam 1825|527
Swellendam,529,7483,1825 series.xlsx|Swellendam 1825|529
Swellendam,530,7484,1825 series.xlsx|Swellendam 1825|530
Swellendam,533,7485,1825 series.xlsx|Swellendam 1825|533
Swellendam,535,7486,1825 series.xlsx|Swellendam 1825|535
Swellendam,536,7487,1825 series.xlsx|Swellendam 1825|536
Swellendam,538,7488,1825 series.xlsx|Swellendam 1825|538
Swellendam,540,7489,1825 series.xlsx|Swellendam 1825|540
Swellendam,541,7490,1825 series.xlsx|Swellendam 1825|541
Swellendam,542,7491,1825 series.xlsx|Swellendam 1825|542
Swellendam,544,7492,1825 series.xlsx|Swellendam 1825|544
Swellendam,546,7493,1825 series.xlsx|Swellendam 1825|546
Swellendam,548,7494,1825 series.xlsx|Swellendam 1825|548
Swellendam,550,7495,1825 series.xlsx|Swellendam 1825|550
Swellendam,555,7496,1825 series.xlsx|Swellendam 1825|555
Swellendam,556,7497,1825 series.xlsx|Swellendam 1825|556
Swellendam,558,7498,1825 series.xlsx|Swellendam 1825|558
Swellendam,560,7499,1825 series.xlsx|Swellendam 1825|560
Swellendam,564,7500,1825 series.xlsx|Swellendam 1825|564
Swellendam,565,7501,1825 series.xlsx|Swellendam 1825|565
Swellendam,566,7502,1825 series.xlsx|Swellendam 1825|566
Swellendam,567,7503,1825 series.xlsx|Swellendam 1825|567
Swellendam,568,7504,1825 series.xlsx|Swellendam 1825|568
Swellendam,569,7505,1825 series.xlsx|Swellendam 1825|569
Swellendam,572,7506,1825 series.xlsx|Swellendam 1825|572
Swellendam,574,7507,1825 series.xlsx|Swellendam 1825|574
Swellendam,576,7508,1825 series.xlsx|Swellendam 1825|576
Swellendam,578,7509,1825 series.xlsx|Swellendam 1825|578
Swellendam,580,7510,1825 series.xlsx|Swellendam 1825|580
Swellendam,581,7511,1825 series.xlsx|Swellendam 1825|581
Swellendam,583,7512,1825 series.xlsx|Swellendam 1825|583
Swellendam,585,7513,1825 series.xlsx|Swellendam 1825|585
Swellendam,586,7514,1825 series.xlsx|Swellendam 1825|586
Swellendam,588,7515,1825 series.xlsx|Swellendam 1825|588
Swellendam,589,7516,1825 series.xlsx|Swellendam 1825|589
Swellendam,591,7517,1825 series.xlsx|Swellendam 1825|591
Swellendam,593,7518,1825 series.xlsx|Swellendam 1825|593
Swellendam,594,7519,1825 series.xlsx|Swellendam 1825|594
Swellendam,596,7520,1825 series.xlsx|Swellendam 1825|596
Swellendam,598,7521,1825 series.xlsx|Swellendam 1825|598
Swellendam,600,7522,1825 series.xlsx|Swellendam 1825|600
Swellendam,602,7523,1825 series.xlsx|Swellendam 1825|602
Swellendam,606,7524,1825 series.xlsx|Swellendam 1825|606
Swellendam,608,7525,1825 series.xlsx|Swellendam 1825|608
Swellendam,609,7526,1825 series.xlsx|Swellendam 1825|609
Swellendam,610,7527,1825 series.xlsx|Swellendam 1825|610
Swellendam,611,7528,1825 series.xlsx|Swellendam 1825|611
Swellendam,613,7529,1825 series.xlsx|Swellendam 1825|613
Swellendam,615,7530,1825 series.xlsx|Swellendam 1825|615
Swellendam,618,7531,1825 series.xlsx|Swellendam 1825|618
Swellendam,620,7532,1825 series.xlsx|Swellendam 1825|620
Swellendam,621,7533,1825 series.xlsx|Swellendam 1825|621
Swellendam,623,7534,1825 series.xlsx|Swellendam 1825|623
Swellendam,625,7535,1825 series.xlsx|Swellendam 1825|625
Swellendam,627,7536,1825 series.xlsx|Swellendam 1825|627
Swellendam,629,7537,1825 series.xlsx|Swellendam 1825|629
Swellendam,631,7538,1825 series.xlsx|Swellendam 1825|631
Swellendam,633,7539,1825 series.xlsx|Swellendam 1825|633
Swellendam,637,7540,1825 series.xlsx|Swellendam 1825|637
Swellendam,638,7541,1825 series.xlsx|Swellendam 1825|638
Swellendam,640,7542,1825 series.xlsx|Swellendam 1825|640
Swellendam,642,7543,1825 series.xlsx|Swellendam 1825|642
Swellendam,643,7544,1825 series.xlsx|Swellendam 1825|643
Swellendam,644,7545,1825 series.xlsx|Swellendam 1825|644
Swellendam,648,7546,1825 series.xlsx|Swellendam 1825|648
Swellendam,650,7547,1825 series.xlsx|Swellendam 1825|650
Swellendam,651,7548,1825 series.xlsx|Swellendam 1825|651
Swellendam,653,7549,1825 series.xlsx|Swellendam 1825|653
Swellendam,655,7550,1825 series.xlsx|Swellendam 1825|655
Swellendam,657,7551,1825 series.xlsx|Swellendam 1825|657
Swellendam,658,7552,1825 series.xlsx|Swellendam 1825|658
Swellendam,659,7553,1825 series.xlsx|Swellendam 1825|659
Swellendam,661,7554,1825 series.xlsx|Swellendam 1825|661
Swellendam,663,7555,1825 series.xlsx|Swellendam 1825|663
Swellendam,665,7556,1825 series.xlsx|Swellendam 1825|665
Swellendam,667,7557,1825 series.xlsx|Swellendam 1825|667
Swellendam,669,7558,1825 series.xlsx|Swellendam 1825|669
Swellendam,671,7559,1825 series.xlsx|Swellendam 1825|671
Swellendam,673,7560,1825 series.xlsx|Swellendam 1825|673
Swellendam,675,7561,1825 series.xlsx|Swellendam 1825|675
Swellendam,676,7562,1825 series.xlsx|Swellendam 1825|676
Swellendam,678,7563,1825 series.xlsx|Swellendam 1825|678
Swellendam,682,7564,1825 series.xlsx|Swellendam 1825|682
Swellendam,684,7565,1825 series.xlsx|Swellendam 1825|684
Swellendam,686,7566,1825 series.xlsx|Swellendam 1825|686
Swellendam,688,7567,1825 series.xlsx|Swellendam 1825|688
Swellendam,690,7568,1825 series.xlsx|Swellendam 1825|690
Swellendam,692,7569,1825 series.xlsx|Swellendam 1825|692
Swellendam,694,7570,1825 series.xlsx|Swellendam 1825|694
Swellendam,695,7571,1825 series.xlsx|Swellendam 1825|695
Swellendam,696,7572,1825 series.xlsx|Swellendam 1825|696
Swellendam,698,7573,1825 series.xlsx|Swellendam 1825|698
Swellendam,700,7574,1825 series.xlsx|Swellendam 1825|700
Swellendam,701,7575,1825 series.xlsx|Swellendam 1825|701
Swellendam,703,7576,1825 series.xlsx|Swellendam 1825|703
Swellendam,704,7577,1825 series.xlsx|Swellendam 1825|704
Swellendam,706,7578,1825 series.xlsx|Swellendam 1825|706
Swellendam,707,7579,1825 series.xlsx|Swellendam 1825|707
Swellendam,709,7580,1825 series.xlsx|Swellendam 1825|709
Swellendam,713,7581,1825 series.xlsx|Swellendam 1825|713
Swellendam,714,7582,1825 series.xlsx|Swellendam 1825|714
Swellendam,715,7583,1825 series.xlsx|Swellendam 1825|715
Swellendam,716,7584,1825 series.xlsx|Swellendam 1825|716
Swellendam,718,7585,1825 series.xlsx|Swellendam 1825|718
Swellendam,719,7586,1825 series.xlsx|Swellendam 1825|719
Swellendam,720,7587,1825 series.xlsx|Swellendam 1825|720
Swellendam,722,7588,1825 series.xlsx|Swellendam 1825|722
Swellendam,724,7589,1825 series.xlsx|Swellendam 1825|724
Swellendam,725,7590,1825 series.xlsx|Swellendam 1825|725
Swellendam,727,7591,1825 series.xlsx|Swellendam 1825|727
Swellendam,730,7592,1825 series.xlsx|Swellendam 1825|730
Swellendam,732,7593,1825 series.xlsx|Swellendam 1825|732
Swellendam,734,7594,1825 series.xlsx|Swellendam 1825|734
Swellendam,736,7595,1825 series.xlsx|Swellendam 1825|736
Swellendam,737,7596,1825 series.xlsx|Swellendam 1825|737
Swellendam,739,7597,1825 series.xlsx|Swellendam 1825|739
Swellendam,743,7598,1825 series.xlsx|Swellendam 1825|743
Swellendam,745,7599,1825 series.xlsx|Swellendam 1825|745
Swellendam,747,7600,1825 series.xlsx|Swellendam 1825|747
Swellendam,749,7601,1825 series.xlsx|Swellendam 1825|749
Swellendam,750,7602,1825 series.xlsx|Swellendam 1825|750
Swellendam,751,7603,1825 series.xlsx|Swellendam 1825|751
Swellendam,753,7604,1825 series.xlsx|Swellendam 1825|753
Swellendam,757,7605,1825 series.xlsx|Swellendam 1825|757
Swellendam,759,7606,1825 series.xlsx|Swellendam 1825|759
Swellendam,761,7607,1825 series.xlsx|Swellendam 1825|761
Swellendam,762,7608,1825 series.xlsx|Swellendam 1825|762
Swellendam,764,7609,1825 series.xlsx|Swellendam 1825|764
Swellendam,766,7610,1825 series.xlsx|Swellendam 1825|766
Swellendam,768,7611,1825 series.xlsx|Swellendam 1825|768
Swellendam,769,7612,1825 series.xlsx|Swellendam 1825|769
Swellendam,771,7613,1825 series.xlsx|Swellendam 1825|771
Swellendam,772,7614,1825 series.xlsx|Swellendam 1825|772
Swellendam,774,7615,1825 series.xlsx|Swellendam 1825|774
Swellendam,777,7616,1825 series.xlsx|Swellendam 1825|777
Swellendam,779,7617,1825 series.xlsx|Swellendam 1825|779
Swellendam,781,7618,1825 series.xlsx|Swellendam 1825|781
Swellendam,783,7619,1825 series.xlsx|Swellendam 1825|783
Swellendam,785,7620,1825 series.xlsx|Swellendam 1825|785
Swellendam,787,7621,1825 series.xlsx|Swellendam 1825|787
Swellendam,791,7622,1825 series.xlsx|Swellendam 1825|791
Swellendam,793,7623,1825 series.xlsx|Swellendam 1825|793
Swellendam,795,7624,1825 series.xlsx|Swellendam 1825|795
Swellendam,797,7625,1825 series.xlsx|Swellendam 1825|797
Swellendam,799,7626,1825 series.xlsx|Swellendam 1825|799
Swellendam,801,7627,1825 series.xlsx|Swellendam 1825|801
Swellendam,803,7628,1825 series.xlsx|Swellendam 1825|803
Swellendam,805,7629,1825 series.xlsx|Swellendam 1825|805
Swellendam,807,7630,1825 series.xlsx|Swellendam 1825|807
Swellendam,809,7631,1825 series.xlsx|Swellendam 1825|809
Swellendam,811,7632,1825 series.xlsx|Swellendam 1825|811
Swellendam,813,7633,1825 series.xlsx|Swellendam 1825|813
Swellendam,815,7634,1825 series.xlsx|Swellendam 1825|815
Swellendam,817,7635,1825 series.xlsx|Swellendam 1825|817
Swellendam,819,7636,1825 series.xlsx|Swellendam 1825|819
Swellendam,821,7637,1825 series.xlsx|Swellendam 1825|821
Swellendam,823,7638,1825 series.xlsx|Swellendam 1825|823
Swellendam,824,7639,1825 series.xlsx|Swellendam 1825|824
Swellendam,828,7640,1825 series.xlsx|Swellendam 1825|828
Swellendam,830,7641,1825 series.xlsx|Swellendam 1825|830
Swellendam,832,7642,1825 series.xlsx|Swellendam 1825|832
Swellendam,833,7643,1825 series.xlsx|Swellendam 1825|833
Swellendam,835,7644,1825 series.xlsx|Swellendam 1825|835
Swellendam,837,7645,1825 series.xlsx|Swellendam 1825|837
Swellendam,840,7646,1825 series.xlsx|Swellendam 1825|840
Swellendam,842,7647,1825 series.xlsx|Swellendam 1825|842
Swellendam,844,7648,1825 series.xlsx|Swellendam 1825|844
Swellendam,846,7649,1825 series.xlsx|Swellendam 1825|846
Swellendam,848,7650,1825 series.xlsx|Swellendam 1825|848
Swellendam,850,7651,1825 series.xlsx|Swellendam 1825|850
Swellendam,851,7652,1825 series.xlsx|Swellendam 1825|851
Swellendam,853,7653,1825 series.xlsx|Swellendam 1825|853
Swellendam,855,7654,1825 series.xlsx|Swellendam 1825|855
Swellendam,857,7655,1825 series.xlsx|Swellendam 1825|857
Swellendam,859,7656,1825 series.xlsx|Swellendam 1825|859
Swellendam,862,7657,1825 series.xlsx|Swellendam 1825|862
Swellendam,863,7658,1825 series.xlsx|Swellendam 1825|863
Swellendam,865,7659,1825 series.xlsx|Swellendam 1825|865
Swellendam,867,7660,1825 series.xlsx|Swellendam 1825|867
Swellendam,869,7661,1825 series.xlsx|Swellendam 1825|869
Swellendam,871,7662,1825 series.xlsx|Swellendam 1825|871
Swellendam,872,7663,1825 series.xlsx|Swellendam 1825|872
Swellendam,873,7664,1825 series.xlsx|Swellendam 1825|873
Swellendam,874,7665,1825 series.xlsx|Swellendam 1825|874
Swellendam,875,7666,1825 series.xlsx|Swellendam 1825|875
Swellendam,877,7667,1825 series.xlsx|Swellendam 1825|877
Swellendam,879,7668,1825 series.xlsx|Swellendam 1825|879
Swellendam,880,7669,1825 series.xlsx|Swellendam 1825|880
Swellendam,881,7670,1825 series.xlsx|Swellendam 1825|881
Swellendam,883,7671,1825 series.xlsx|Swellendam 1825|883
Swellendam,885,7672,1825 series.xlsx|Swellendam 1825|885
Swellendam,887,7673,1825 series.xlsx|Swellendam 1825|887
Swellendam,888,7674,1825 series.xlsx|Swellendam 1825|888
Swellendam,892,7675,1825 series.xlsx|Swellendam 1825|892
Swellendam,893,7676,1825 series.xlsx|Swellendam 1825|893
Swellendam,895,7677,1825 series.xlsx|Swellendam 1825|895
Swellendam,897,7678,1825 series.xlsx|Swellendam 1825|897
Swellendam,899,7679,1825 series.xlsx|Swellendam 1825|899
Swellendam,901,7680,1825 series.xlsx|Swellendam 1825|901
Swellendam,903,7681,1825 series.xlsx|Swellendam 1825|903
Swellendam,905,7682,1825 series.xlsx|Swellendam 1825|905
Swellendam,907,7683,1825 series.xlsx|Swellendam 1825|907
Swellendam,908,7684,1825 series.xlsx|Swellendam 1825|908
Swellendam,912,7685,1825 series.xlsx|Swellendam 1825|912
Swellendam,914,7686,1825 series.xlsx|Swellendam 1825|914
Swellendam,915,7687,1825 series.xlsx|Swellendam 1825|915
Swellendam,916,7688,1825 series.xlsx|Swellendam 1825|916
Swellendam,918,7689,1825 series.xlsx|Swellendam 1825|918
Swellendam,920,7690,1825 series.xlsx|Swellendam 1825|920
Swellendam,922,7691,1825 series.xlsx|Swellendam 1825|922
Swellendam,924,7692,1825 series.xlsx|Swellendam 1825|924
Swellendam,926,7693,1825 series.xlsx|Swellendam 1825|926
Swellendam,928,7694,1825 series.xlsx|Swellendam 1825|928
Swellendam,929,7695,1825 series.xlsx|Swellendam 1825|929
Swellendam,931,7696,1825 series.xlsx|Swellendam 1825|931
Swellendam,932,7697,1825 series.xlsx|Swellendam 1825|932
Swellendam,933,7698,1825 series.xlsx|Swellendam 1825|933
Swellendam,934,7699,1825 series.xlsx|Swellendam 1825|934
Swellendam,935,7700,1825 series.xlsx|Swellendam 1825|935
Swellendam,936,7701,1825 series.xlsx|Swellendam 1825|936
Swellendam,938,7702,1825 series.xlsx|Swellendam 1825|938
Swellendam,942,7703,1825 series.xlsx|Swellendam 1825|942
Swellendam,943,7704,1825 series.xlsx|Swellendam 1825|943
Swellendam,945,7705,1825 series.xlsx|Swellendam 1825|945
Swellendam,946,7706,1825 series.xlsx|Swellendam 1825|946
Swellendam,947,7707,1825 series.xlsx|Swellendam 1825|947
Swellendam,949,7708,1825 series.xlsx|Swellendam 1825|949
Swellendam,951,7709,1825 series.xlsx|Swellendam 1825|951
Swellendam,952,7710,1825 series.xlsx|Swellendam 1825|952
Swellendam,954,7711,1825 series.xlsx|Swellendam 1825|954
Swellendam,955,7712,1825 series.xlsx|Swellendam 1825|955
Swellendam,957,7713,1825 series.xlsx|Swellendam 1825|957
Swellendam,958,7714,1825 series.xlsx|Swellendam 1825|958
Swellendam,959,7715,1825 series.xlsx|Swellendam 1825|959
Swellendam,961,7716,1825 series.xlsx|Swellendam 1825|961
Swellendam,963,7717,1825 series.xlsx|Swellendam 1825|963
Swellendam,965,7718,1825 series.xlsx|Swellendam 1825|965
Swellendam,966,7719,1825 series.xlsx|Swellendam 1825|966
Swellendam,969,7720,1825 series.xlsx|Swellendam 1825|969
Swellendam,970,7721,1825 series.xlsx|Swellendam 1825|970
Swellendam,971,7722,1825 series.xlsx|Swellendam 1825|971
Swellendam,973,7723,1825 series.xlsx|Swellendam 1825|973
Swellendam,974,7724,1825 series.xlsx|Swellendam 1825|974
Swellendam,975,7725,1825 series.xlsx|Swellendam 1825|975
Swellendam,977,7726,1825 series.xlsx|Swellendam 1825|977
Swellendam,978,7727,1825 series.xlsx|Swellendam 1825|978
Swellendam,979,7728,1825 series.xlsx|Swellendam 1825|979
Swellendam,981,7729,1825 series.xlsx|Swellendam 1825|981
Swellendam,983,7730,1825 series.xlsx|Swellendam 1825|983
Swellendam,985,7731,1825 series.xlsx|Swellendam 1825|985
Swellendam,986,7732,1825 series.xlsx|Swellendam 1825|986
Swellendam,987,7733,1825 series.xlsx|Swellendam 1825|987
Swellendam,990,7734,1825 series.xlsx|Swellendam 1825|990
Swellendam,992,7735,1825 series.xlsx|Swellendam 1825|992
Swellendam,994,7736,1825 series.xlsx|Swellendam 1825|994
Swellendam,997,7737,1825 series.xlsx|Swellendam 1825|997
Swellendam,999,7738,1825 series.xlsx|Swellendam 1825|999
Swellendam,1000,7739,1825 series.xlsx|Swellendam 1825|1000
Swellendam,1002,7740,1825 series.xlsx|Swellendam 1825|1002
Swellendam,1005,7741,1825 series.xlsx|Swellendam 1825|1005
Swellendam,1007,7742,1825 series.xlsx|Swellendam 1825|1007
Swellendam,1008,7743,1825 series.xlsx|Swellendam 1825|1008
Swellendam,1010,7744,1825 series.xlsx|Swellendam 1825|1010
Swellendam,1012,7745,1825 series.xlsx|Swellendam 1825|1012
Swellendam,1013,7746,1825 series.xlsx|Swellendam 1825|1013
Swellendam,1015,7747,1825 series.xlsx|Swellendam 1825|1015
Swellendam,1016,7748,1825 series.xlsx|Swellendam 1825|1016
Swellendam,1020,7749,1825 series.xlsx|Swellendam 1825|1020
Swellendam,1022,7750,1825 series.xlsx|Swellendam 1825|1022
Swellendam,1023,7751,1825 series.xlsx|Swellendam 1825|1023
Swellendam,1024,7752,1825 series.xlsx|Swellendam 1825|1024
Swellendam,1026,7753,1825 series.xlsx|Swellendam 1825|1026
Swellendam,1027,7754,1825 series.xlsx|Swellendam 1825|1027
Swellendam,1029,7755,1825 series.xlsx|Swellendam 1825|1029
Swellendam,1031,7756,1825 series.xlsx|Swellendam 1825|1031
Swellendam,1033,7757,1825 series.xlsx|Swellendam 1825|1033
Swellendam,1035,7758,1825 series.xlsx|Swellendam 1825|1035
Swellendam,1038,7759,1825 series.xlsx|Swellendam 1825|1038
Swellendam,1040,7760,1825 series.xlsx|Swellendam 1825|1040
Swellendam,1042,7761,1825 series.xlsx|Swellendam 1825|1042
Swellendam,1044,7762,1825 series.xlsx|Swellendam 1825|1044
Swellendam,1046,7763,1825 series.xlsx|Swellendam 1825|1046
Swellendam,1047,7764,1825 series.xlsx|Swellendam 1825|1047
Swellendam,1049,7765,1825 series.xlsx|Swellendam 1825|1049
Swellendam,1052,7766,1825 series.xlsx|Swellendam 1825|1052
Swellendam,1054,7767,1825 series.xlsx|Swellendam 1825|1054
Swellendam,1056,7768,1825 series.xlsx|Swellendam 1825|1056
Swellendam,1058,7769,1825 series.xlsx|Swellendam 1825|1058
Swellendam,1060,7770,1825 series.xlsx|Swellendam 1825|1060
Swellendam,1062,7771,1825 series.xlsx|Swellendam 1825|1062
Swellendam,1064,7772,1825 series.xlsx|Swellendam 1825|1064
Swellendam,1066,7773,1825 series.xlsx|Swellendam 1825|1066
Swellendam,1068,7774,1825 series.xlsx|Swellendam 1825|1068
Swellendam,1070,7775,1825 series.xlsx|Swellendam 1825|1070
Swellendam,1072,7776,1825 series.xlsx|Swellendam 1825|1072
Swellendam,1074,7777,1825 series.xlsx|Swellendam 1825|1074
Swellendam,1075,7778,1825 series.xlsx|Swellendam 1825|1075
Swellendam,1078,7779,1825 series.xlsx|Swellendam 1825|1078
Swellendam,1080,7780,1825 series.xlsx|Swellendam 1825|1080
Swellendam,1082,7781,1825 series.xlsx|Swellendam 1825|1082
Swellendam,1083,7782,1825 series.xlsx|Swellendam 1825|1083
Swellendam,1087,7783,1825 series.xlsx|Swellendam 1825|1087
Swellendam,1089,7784,1825 series.xlsx|Swellendam 1825|1089
Swellendam,1091,7785,1825 series.xlsx|Swellendam 1825|1091
Swellendam,1093,7786,1825 series.xlsx|Swellendam 1825|1093
Swellendam,1095,7787,1825 series.xlsx|Swellendam 1825|1095
Swellendam,1097,7788,1825 series.xlsx|Swellendam 1825|1097
Swellendam,1099,7789,1825 series.xlsx|Swellendam 1825|1099
Swellendam,1101,7790,1825 series.xlsx|Swellendam 1825|1101
Swellendam,1103,7791,1825 series.xlsx|Swellendam 1825|1103
Swellendam,1104,7792,1825 series.xlsx|Swellendam 1825|1104
Swellendam,1106,7793,1825 series.xlsx|Swellendam 1825|1106
Swellendam,1108,7794,1825 series.xlsx|Swellendam 1825|1108
Swellendam,1110,7795,1825 series.xlsx|Swellendam 1825|1110
Swellendam,1112,7796,1825 series.xlsx|Swellendam 1825|1112
Swellendam,1114,7797,1825 series.xlsx|Swellendam 1825|1114
Swellendam,1116,7798,1825 series.xlsx|Swellendam 1825|1116
Swellendam,1118,7799,1825 series.xlsx|Swellendam 1825|1118
Swellendam,1120,7800,1825 series.xlsx|Swellendam 1825|1120
Swellendam,1124,7801,1825 series.xlsx|Swellendam 1825|1124
Swellendam,1126,7802,1825 series.xlsx|Swellendam 1825|1126
Swellendam,1127,7803,1825 series.xlsx|Swellendam 1825|1127
Swellendam,1129,7804,1825 series.xlsx|Swellendam 1825|1129
Swellendam,1130,7805,1825 series.xlsx|Swellendam 1825|1130
Swellendam,1132,7806,1825 series.xlsx|Swellendam 1825|1132
Swellendam,1133,7807,1825 series.xlsx|Swellendam 1825|1133
Swellendam,1135,7808,1825 series.xlsx|Swellendam 1825|1135
Swellendam,1137,7809,1825 series.xlsx|Swellendam 1825|1137
Swellendam,1139,7810,1825 series.xlsx|Swellendam 1825|1139
Swellendam,1141,7811,1825 series.xlsx|Swellendam 1825|1141
Swellendam,1143,7812,1825 series.xlsx|Swellendam 1825|1143
Swellendam,1145,7813,1825 series.xlsx|Swellendam 1825|1145
Swellendam,1147,7814,1825 series.xlsx|Swellendam 1825|1147
Swellendam,1149,7815,1825 series.xlsx|Swellendam 1825|1149
Swellendam,1151,7816,1825 series.xlsx|Swellendam 1825|1151
Swellendam,1153,7817,1825 series.xlsx|Swellendam 1825|1153
Swellendam,1156,7818,1825 series.xlsx|Swellendam 1825|1156
Swellendam,1158,7819,1825 series.xlsx|Swellendam 1825|1158
Swellendam,1160,7820,1825 series.xlsx|Swellendam 1825|1160
Swellendam,1162,7821,1825 series.xlsx|Swellendam 1825|1162
Swellendam,1163,7822,1825 series.xlsx|Swellendam 1825|1163
Swellendam,1165,7823,1825 series.xlsx|Swellendam 1825|1165
Swellendam,1167,7824,1825 series.xlsx|Swellendam 1825|1167
Swellendam,1169,7825,1825 series.xlsx|Swellendam 1825|1169
Swellendam,1170,7826,1825 series.xlsx|Swellendam 1825|1170
Swellendam,1172,7827,1825 series.xlsx|Swellendam 1825|1172
Swellendam,1173,7828,1825 series.xlsx|Swellendam 1825|1173
Swellendam,1175,7829,1825 series.xlsx|Swellendam 1825|1175
Swellendam,1176,7830,1825 series.xlsx|Swellendam 1825|1176
Swellendam,1178,7831,1825 series.xlsx|Swellendam 1825|1178
Swellendam,1180,7832,1825 series.xlsx|Swellendam 1825|1180
Swellendam,1182,7833,1825 series.xlsx|Swellendam 1825|1182
Swellendam,1183,7834,1825 series.xlsx|Swellendam 1825|1183
Swellendam,1185,7835,1825 series.xlsx|Swellendam 1825|1185
Swellendam,1189,7836,1825 series.xlsx|Swellendam 1825|1189
Swellendam,1192,7837,1825 series.xlsx|Swellendam 1825|1192
Swellendam,1194,7838,1825 series.xlsx|Swellendam 1825|1194
Swellendam,1195,7839,1825 series.xlsx|Swellendam 1825|1195
Swellendam,1197,7840,1825 series.xlsx|Swellendam 1825|1197
Swellendam,1199,7841,1825 series.xlsx|Swellendam 1825|1199
Swellendam,1200,7842,1825 series.xlsx|Swellendam 1825|1200
Swellendam,1202,7843,1825 series.xlsx|Swellendam 1825|1202
Swellendam,1203,7844,1825 series.xlsx|Swellendam 1825|1203
Swellendam,1205,7845,1825 series.xlsx|Swellendam 1825|1205
Swellendam,1207,7846,1825 series.xlsx|Swellendam 1825|1207
Swellendam,1209,7847,1825 series.xlsx|Swellendam 1825|1209
Swellendam,1211,7848,1825 series.xlsx|Swellendam 1825|1211
Swellendam,1212,7849,1825 series.xlsx|Swellendam 1825|1212
Swellendam,1214,7850,1825 series.xlsx|Swellendam 1825|1214
Swellendam,1215,7851,1825 series.xlsx|Swellendam 1825|1215
Swellendam,1217,7852,1825 series.xlsx|Swellendam 1825|1217
Swellendam,1221,7853,1825 series.xlsx|Swellendam 1825|1221
Swellendam,1222,7854,1825 series.xlsx|Swellendam 1825|1222
Swellendam,1223,7855,1825 series.xlsx|Swellendam 1825|1223
Swellendam,1225,7856,1825 series.xlsx|Swellendam 1825|1225
Swellendam,1229,7857,1825 series.xlsx|Swellendam 1825|1229
Swellendam,1231,7858,1825 series.xlsx|Swellendam 1825|1231
Swellendam,1232,7859,1825 series.xlsx|Swellendam 1825|1232
Swellendam,1234,7860,1825 series.xlsx|Swellendam 1825|1234
Swellendam,1236,7861,1825 series.xlsx|Swellendam 1825|1236
Swellendam,1237,7862,1825 series.xlsx|Swellendam 1825|1237
Swellendam,1238,7863,1825 series.xlsx|Swellendam 1825|1238
Swellendam,1240,7864,1825 series.xlsx|Swellendam 1825|1240
Swellendam,1242,7865,1825 series.xlsx|Swellendam 1825|1242
Swellendam,1244,7866,1825 series.xlsx|Swellendam 1825|1244
Swellendam,1245,7867,1825 series.xlsx|Swellendam 1825|1245
Swellendam,1247,7868,1825 series.xlsx|Swellendam 1825|1247
Swellendam,1248,7869,1825 series.xlsx|Swellendam 1825|1248
Swellendam,1250,7870,1825 series.xlsx|Swellendam 1825|1250
Swellendam,1251,7871,1825 series.xlsx|Swellendam 1825|1251
Swellendam,1253,7872,1825 series.xlsx|Swellendam 1825|1253
Swellendam,1255,7873,1825 series.xlsx|Swellendam 1825|1255
Swellendam,1258,7874,1825 series.xlsx|Swellendam 1825|1258
Swellendam,1260,7875,1825 series.xlsx|Swellendam 1825|1260
Swellendam,1262,7876,1825 series.xlsx|Swellendam 1825|1262
Swellendam,1264,7877,1825 series.xlsx|Swellendam 1825|1264
Swellendam,1266,7878,1825 series.xlsx|Swellendam 1825|1266
Swellendam,1267,7879,1825 series.xlsx|Swellendam 1825|1267
Swellendam,1268,7880,1825 series.xlsx|Swellendam 1825|1268
Swellendam,1270,7881,1825 series.xlsx|Swellendam 1825|1270
Swellendam,1273,7882,1825 series.xlsx|Swellendam 1825|1273
Swellendam,1275,7883,1825 series.xlsx|Swellendam 1825|1275
Swellendam,1276,7884,1825 series.xlsx|Swellendam 1825|1276
Swellendam,1277,7885,1825 series.xlsx|Swellendam 1825|1277
Swellendam,1279,7886,1825 series.xlsx|Swellendam 1825|1279
Swellendam,1281,7887,1825 series.xlsx|Swellendam 1825|1281
Swellendam,1283,7888,1825 series.xlsx|Swellendam 1825|1283
Swellendam,1284,7889,1825 series.xlsx|Swellendam 1825|1284
Swellendam,1286,7890,1825 series.xlsx|Swellendam 1825|1286
Swellendam,1289,7891,1825 series.xlsx|Swellendam 1825|1289
Swellendam,1291,7892,1825 series.xlsx|Swellendam 1825|1291
Swellendam,1293,7893,1825 series.xlsx|Swellendam 1825|1293
Swellendam,1294,7894,1825 series.xlsx|Swellendam 1825|1294
Swellendam,1295,7895,1825 series.xlsx|Swellendam 1825|1295
Swellendam,1296,7896,1825 series.xlsx|Swellendam 1825|1296
Swellendam,1297,7897,1825 series.xlsx|Swellendam 1825|1297
Swellendam,1298,7898,1825 series.xlsx|Swellendam 1825|1298
Swellendam,1300,7899,1825 series.xlsx|Swellendam 1825|1300
Swellendam,1301,7900,1825 series.xlsx|Swellendam 1825|1301
Swellendam,1302,7901,1825 series.xlsx|Swellendam 1825|1302
Swellendam,1304,7902,1825 series.xlsx|Swellendam 1825|1304
Swellendam,1306,7903,1825 series.xlsx|Swellendam 1825|1306
Swellendam,1308,7904,1825 series.xlsx|Swellendam 1825|1308
Swellendam,1310,7905,1825 series.xlsx|Swellendam 1825|1310
Swellendam,1311,7906,1825 series.xlsx|Swellendam 1825|1311
Swellendam,1313,7907,1825 series.xlsx|Swellendam 1825|1313
Swellendam,1318,7908,1825 series.xlsx|Swellendam 1825|1318
Swellendam,1319,7909,1825 series.xlsx|Swellendam 1825|1319
Swellendam,1321,7910,1825 series.xlsx|Swellendam 1825|1321
Swellendam,1323,7911,1825 series.xlsx|Swellendam 1825|1323
Swellendam,1324,7912,1825 series.xlsx|Swellendam 1825|1324
Swellendam,1325,7913,1825 series.xlsx|Swellendam 1825|1325
Swellendam,1327,7914,1825 series.xlsx|Swellendam 1825|1327
Swellendam,1329,7915,1825 series.xlsx|Swellendam 1825|1329
Swellendam,1330,7916,1825 series.xlsx|Swellendam 1825|1330
Swellendam,1332,7917,1825 series.xlsx|Swellendam 1825|1332
Swellendam,1334,7918,1825 series.xlsx|Swellendam 1825|1334
Swellendam,1335,7919,1825 series.xlsx|Swellendam 1825|1335
Swellendam,1337,7920,1825 series.xlsx|Swellendam 1825|1337
Swellendam,1338,7921,1825 series.xlsx|Swellendam 1825|1338
Swellendam,1340,7922,1825 series.xlsx|Swellendam 1825|1340
Swellendam,1342,7923,1825 series.xlsx|Swellendam 1825|1342
Swellendam,1343,7924,1825 series.xlsx|Swellendam 1825|1343
Swellendam,1345,7925,1825 series.xlsx|Swellendam 1825|1345
Swellendam,1348,7926,1825 series.xlsx|Swellendam 1825|1348
Swellendam,1350,7927,1825 series.xlsx|Swellendam 1825|1350
Swellendam,1352,7928,1825 series.xlsx|Swellendam 1825|1352
Swellendam,1354,7929,1825 series.xlsx|Swellendam 1825|1354
Swellendam,1356,7930,1825 series.xlsx|Swellendam 1825|1356
Swellendam,1358,7931,1825 series.xlsx|Swellendam 1825|1358
Swellendam,1360,7932,1825 series.xlsx|Swellendam 1825|1360
Swellendam,1362,7933,1825 series.xlsx|Swellendam 1825|1362
Swellendam,1364,7934,1825 series.xlsx|Swellendam 1825|1364
Swellendam,1365,7935,1825 series.xlsx|Swellendam 1825|1365
Swellendam,1366,7936,1825 series.xlsx|Swellendam 1825|1366
Swellendam,1368,7937,1825 series.xlsx|Swellendam 1825|1368
Swellendam,1370,7938,1825 series.xlsx|Swellendam 1825|1370
Swellendam,1372,7939,1825 series.xlsx|Swellendam 1825|1372
Swellendam,1374,7940,1825 series.xlsx|Swellendam 1825|1374
Swellendam,1375,7941,1825 series.xlsx|Swellendam 1825|1375
Swellendam,1379,7942,1825 series.xlsx|Swellendam 1825|1379
Swellendam,1380,7943,1825 series.xlsx|Swellendam 1825|1380
Swellendam,1382,7944,1825 series.xlsx|Swellendam 1825|1382
Swellendam,1383,7945,1825 series.xlsx|Swellendam 1825|1383
Swellendam,1384,7946,1825 series.xlsx|Swellendam 1825|1384
Swellendam,1386,7947,1825 series.xlsx|Swellendam 1825|1386
Swellendam,1387,7948,1825 series.xlsx|Swellendam 1825|1387
Swellendam,1390,7949,1825 series.xlsx|Swellendam 1825|1390
Swellendam,1392,7950,1825 series.xlsx|Swellendam 1825|1392
Swellendam,1394,7951,1825 series.xlsx|Swellendam 1825|1394
Swellendam,1395,7952,1825 series.xlsx|Swellendam 1825|1395
Swellendam,1397,7953,1825 series.xlsx|Swellendam 1825|1397
Swellendam,1400,7954,1825 series.xlsx|Swellendam 1825|1400
Swellendam,1402,7955,1825 series.xlsx|Swellendam 1825|1402
Swellendam,1403,7956,1825 series.xlsx|Swellendam 1825|1403
Swellendam,1404,7957,1825 series.xlsx|Swellendam 1825|1404
Swellendam,1406,7958,1825 series.xlsx|Swellendam 1825|1406
Swellendam,1408,7959,1825 series.xlsx|Swellendam 1825|1408
Swellendam,1410,7960,1825 series.xlsx|Swellendam 1825|1410
Swellendam,1412,7961,1825 series.xlsx|Swellendam 1825|1412
Swellendam,1414,7962,1825 series.xlsx|Swellendam 1825|1414
Swellendam,1416,7963,1825 series.xlsx|Swellendam 1825|1416
Swellendam,1417,7964,1825 series.xlsx|Swellendam 1825|1417
Swellendam,1421,7965,1825 series.xlsx|Swellendam 1825|1421
Swellendam,1423,7966,1825 series.xlsx|Swellendam 1825|1423
Swellendam,1425,7967,1825 series.xlsx|Swellendam 1825|1425
Swellendam,1426,7968,1825 series.xlsx|Swellendam 1825|1426
Swellendam,1428,7969,1825 series.xlsx|Swellendam 1825|1428
Swellendam,1429,7970,1825 series.xlsx|Swellendam 1825|1429
Swellendam,1431,7971,1825 series.xlsx|Swellendam 1825|1431
Swellendam,1433,7972,1825 series.xlsx|Swellendam 1825|1433
Swellendam,1435,7973,1825 series.xlsx|Swellendam 1825|1435
Swellendam,1437,7974,1825 series.xlsx|Swellendam 1825|1437
Swellendam,1438,7975,1825 series.xlsx|Swellendam 1825|1438
Swellendam,1440,7976,1825 series.xlsx|Swellendam 1825|1440
Swellendam,1442,7977,1825 series.xlsx|Swellendam 1825|1442
Swellendam,1443,7978,1825 series.xlsx|Swellendam 1825|1443
Swellendam,1444,7979,1825 series.xlsx|Swellendam 1825|1444
Swellendam,1445,7980,1825 series.xlsx|Swellendam 1825|1445
Swellendam,1446,7981,1825 series.xlsx|Swellendam 1825|1446
Swellendam,1450,7982,1825 series.xlsx|Swellendam 1825|1450
Swellendam,1452,7983,1825 series.xlsx|Swellendam 1825|1452
Swellendam,1453,7984,1825 series.xlsx|Swellendam 1825|1453
Swellendam,1455,7985,1825 series.xlsx|Swellendam 1825|1455
Swellendam,1457,7986,1825 series.xlsx|Swellendam 1825|1457
Swellendam,1459,7987,1825 series.xlsx|Swellendam 1825|1459
Swellendam,1461,7988,1825 series.xlsx|Swellendam 1825|1461
Swellendam,1463,7989,1825 series.xlsx|Swellendam 1825|1463
Swellendam,1465,7990,1825 series.xlsx|Swellendam 1825|1465
Swellendam,1467,7991,1825 series.xlsx|Swellendam 1825|1467
Swellendam,1469,7992,1825 series.xlsx|Swellendam 1825|1469
Swellendam,1471,7993,1825 series.xlsx|Swellendam 1825|1471
Swellendam,1473,7994,1825 series.xlsx|Swellendam 1825|1473
Swellendam,1475,7995,1825 series.xlsx|Swellendam 1825|1475
Swellendam,1476,7996,1825 series.xlsx|Swellendam 1825|1476
Swellendam,1478,7997,1825 series.xlsx|Swellendam 1825|1478
Swellendam,1480,7998,1825 series.xlsx|Swellendam 1825|1480
Swellendam,1482,7999,1825 series.xlsx|Swellendam 1825|1482
Swellendam,1486,8000,1825 series.xlsx|Swellendam 1825|1486
Swellendam,1488,8001,1825 series.xlsx|Swellendam 1825|1488
Swellendam,1490,8002,1825 series.xlsx|Swellendam 1825|1490
Swellendam,1492,8003,1825 series.xlsx|Swellendam 1825|1492
Swellendam,1494,8004,1825 series.xlsx|Swellendam 1825|1494
Swellendam,1496,8005,1825 series.xlsx|Swellendam 1825|1496
Swellendam,1497,8006,1825 series.xlsx|Swellendam 1825|1497
Swellendam,1499,8007,1825 series.xlsx|Swellendam 1825|1499
Swellendam,1500,8008,1825 series.xlsx|Swellendam 1825|1500
Swellendam,1504,8009,1825 series.xlsx|Swellendam 1825|1504
Swellendam,1506,8010,1825 series.xlsx|Swellendam 1825|1506
Swellendam,1507,8011,1825 series.xlsx|Swellendam 1825|1507
Swellendam,1509,8012,1825 series.xlsx|Swellendam 1825|1509
Swellendam,1510,8013,1825 series.xlsx|Swellendam 1825|1510
Swellendam,1511,8014,1825 series.xlsx|Swellendam 1825|1511
Swellendam,1513,8015,1825 series.xlsx|Swellendam 1825|1513
Swellendam,1514,8016,1825 series.xlsx|Swellendam 1825|1514
Swellendam,1516,8017,1825 series.xlsx|Swellendam 1825|1516
Swellendam,1518,8018,1825 series.xlsx|Swellendam 1825|1518
Swellendam,1519,8019,1825 series.xlsx|Swellendam 1825|1519
Swellendam,1520,8020,1825 series.xlsx|Swellendam 1825|1520
Swellendam,1521,8021,1825 series.xlsx|Swellendam 1825|1521
Swellendam,1522,8022,1825 series.xlsx|Swellendam 1825|1522
Swellendam,1524,8023,1825 series.xlsx|Swellendam 1825|1524
Swellendam,1525,8024,1825 series.xlsx|Swellendam 1825|1525
Swellendam,1527,8025,1825 series.xlsx|Swellendam 1825|1527
Swellendam,1529,8026,1825 series.xlsx|Swellendam 1825|1529
Swellendam,1533,8027,1825 series.xlsx|Swellendam 1825|1533
Swellendam,1535,8028,1825 series.xlsx|Swellendam 1825|1535
Swellendam,1536,8029,1825 series.xlsx|Swellendam 1825|1536
Swellendam,1538,8030,1825 series.xlsx|Swellendam 1825|1538
Swellendam,1539,8031,1825 series.xlsx|Swellendam 1825|1539
Swellendam,1540,8032,1825 series.xlsx|Swellendam 1825|1540
Swellendam,1542,8033,1825 series.xlsx|Swellendam 1825|1542
Swellendam,1543,8034,1825 series.xlsx|Swellendam 1825|1543
Swellendam,1545,8035,1825 series.xlsx|Swellendam 1825|1545
Swellendam,1546,8036,1825 series.xlsx|Swellendam 1825|1546
Swellendam,1548,8037,1825 series.xlsx|Swellendam 1825|1548
Swellendam,1550,8038,1825 series.xlsx|Swellendam 1825|1550
Swellendam,1552,8039,1825 series.xlsx|Swellendam 1825|1552
Swellendam,1553,8040,1825 series.xlsx|Swellendam 1825|1553
Swellendam,1554,8041,1825 series.xlsx|Swellendam 1825|1554
Swellendam,1555,8042,1825 series.xlsx|Swellendam 1825|1555
Swellendam,1556,8043,1825 series.xlsx|Swellendam 1825|1556
Swellendam,1559,8044,1825 series.xlsx|Swellendam 1825|1559
Swellendam,1561,8045,1825 series.xlsx|Swellendam 1825|1561
Swellendam,1563,8046,1825 series.xlsx|Swellendam 1825|1563
Swellendam,1566,8047,1825 series.xlsx|Swellendam 1825|1566
Swellendam,1568,8048,1825 series.xlsx|Swellendam 1825|1568
Swellendam,1570,8049,1825 series.xlsx|Swellendam 1825|1570
Swellendam,1571,8050,1825 series.xlsx|Swellendam 1825|1571
Swellendam,1573,8051,1825 series.xlsx|Swellendam 1825|1573
Swellendam,1575,8052,1825 series.xlsx|Swellendam 1825|1575
Swellendam,1577,8053,1825 series.xlsx|Swellendam 1825|1577
Swellendam,1579,8054,1825 series.xlsx|Swellendam 1825|1579
Swellendam,1580,8055,1825 series.xlsx|Swellendam 1825|1580
Swellendam,1581,8056,1825 series.xlsx|Swellendam 1825|1581
Swellendam,1583,8057,1825 series.xlsx|Swellendam 1825|1583
Swellendam,1585,8058,1825 series.xlsx|Swellendam 1825|1585
Swellendam,1588,8059,1825 series.xlsx|Swellendam 1825|1588
Swellendam,1589,8060,1825 series.xlsx|Swellendam 1825|1589
Swellendam,1591,8061,1825 series.xlsx|Swellendam 1825|1591
Swellendam,1593,8062,1825 series.xlsx|Swellendam 1825|1593
Swellendam,1595,8063,1825 series.xlsx|Swellendam 1825|1595
Swellendam,1597,8064,1825 series.xlsx|Swellendam 1825|1597
Swellendam,1599,8065,1825 series.xlsx|Swellendam 1825|1599
Swellendam,1603,8066,1825 series.xlsx|Swellendam 1825|1603
Swellendam,1605,8067,1825 series.xlsx|Swellendam 1825|1605
Swellendam,1606,8068,1825 series.xlsx|Swellendam 1825|1606
Swellendam,1608,8069,1825 series.xlsx|Swellendam 1825|1608
Swellendam,1609,8070,1825 series.xlsx|Swellendam 1825|1609
Swellendam,1611,8071,1825 series.xlsx|Swellendam 1825|1611
Swellendam,1612,8072,1825 series.xlsx|Swellendam 1825|1612
Swellendam,1614,8073,1825 series.xlsx|Swellendam 1825|1614
Swellendam,1616,8074,1825 series.xlsx|Swellendam 1825|1616
Swellendam,1619,8075,1825 series.xlsx|Swellendam 1825|1619
Swellendam,1621,8076,1825 series.xlsx|Swellendam 1825|1621
Swellendam,1623,8077,1825 series.xlsx|Swellendam 1825|1623
Swellendam,1625,8078,1825 series.xlsx|Swellendam 1825|1625
Swellendam,1627,8079,1825 series.xlsx|Swellendam 1825|1627
Swellendam,1628,8080,1825 series.xlsx|Swellendam 1825|1628
Swellendam,1630,8081,1825 series.xlsx|Swellendam 1825|1630
Swellendam,1632,8082,1825 series.xlsx|Swellendam 1825|1632
Swellendam,1633,8083,1825 series.xlsx|Swellendam 1825|1633
Swellendam,1635,8084,1825 series.xlsx|Swellendam 1825|1635
Swellendam,1637,8085,1825 series.xlsx|Swellendam 1825|1637
Swellendam,1639,8086,1825 series.xlsx|Swellendam 1825|1639
Swellendam,1641,8087,1825 series.xlsx|Swellendam 1825|1641
Swellendam,1643,8088,1825 series.xlsx|Swellendam 1825|1643
Swellendam,1645,8089,1825 series.xlsx|Swellendam 1825|1645
Swellendam,1646,8090,1825 series.xlsx|Swellendam 1825|1646
Swellendam,1648,8091,1825 series.xlsx|Swellendam 1825|1648
Swellendam,1652,8092,1825 series.xlsx|Swellendam 1825|1652
Swellendam,1654,8093,1825 series.xlsx|Swellendam 1825|1654
Swellendam,1655,8094,1825 series.xlsx|Swellendam 1825|1655
Swellendam,1656,8095,1825 series.xlsx|Swellendam 1825|1656
Swellendam,1658,8096,1825 series.xlsx|Swellendam 1825|1658
Swellendam,1659,8097,1825 series.xlsx|Swellendam 1825|1659
Swellendam,1662,8098,1825 series.xlsx|Swellendam 1825|1662
Swellendam,1664,8099,1825 series.xlsx|Swellendam 1825|1664
Swellendam,1665,8100,1825 series.xlsx|Swellendam 1825|1665
Swellendam,1666,8101,1825 series.xlsx|Swellendam 1825|1666
Swellendam,1668,8102,1825 series.xlsx|Swellendam 1825|1668
Swellendam,1670,8103,1825 series.xlsx|Swellendam 1825|1670
Swellendam,1671,8104,1825 series.xlsx|Swellendam 1825|1671
Swellendam,1673,8105,1825 series.xlsx|Swellendam 1825|1673
Swellendam,1674,8106,1825 series.xlsx|Swellendam 1825|1674
Swellendam,1676,8107,1825 series.xlsx|Swellendam 1825|1676
Swellendam,1678,8108,1825 series.xlsx|Swellendam 1825|1678
Swellendam,1680,8109,1825 series.xlsx|Swellendam 1825|1680
Swellendam,1681,8110,1825 series.xlsx|Swellendam 1825|1681
Swellendam,1682,8111,1825 series.xlsx|Swellendam 1825|1682
Swellendam,1684,8112,1825 series.xlsx|Swellendam 1825|1684
Swellendam,1686,8113,1825 series.xlsx|Swellendam 1825|1686
Swellendam,1687,8114,1825 series.xlsx|Swellendam 1825|1687
Swellendam,1689,8115,1825 series.xlsx|Swellendam 1825|1689
Swellendam,1693,8116,1825 series.xlsx|Swellendam 1825|1693
Swellendam,1695,8117,1825 series.xlsx|Swellendam 1825|1695
Swellendam,1697,8118,1825 series.xlsx|Swellendam 1825|1697
Swellendam,1699,8119,1825 series.xlsx|Swellendam 1825|1699
Swellendam,1701,8120,1825 series.xlsx|Swellendam 1825|1701
Swellendam,1703,8121,1825 series.xlsx|Swellendam 1825|1703
Swellendam,1705,8122,1825 series.xlsx|Swellendam 1825|1705
Swellendam,1707,8123,1825 series.xlsx|Swellendam 1825|1707
Swellendam,1708,8124,1825 series.xlsx|Swellendam 1825|1708
Swellendam,1710,8125,1825 series.xlsx|Swellendam 1825|1710
Swellendam,1712,8126,1825 series.xlsx|Swellendam 1825|1712
Swellendam,1714,8127,1825 series.xlsx|Swellendam 1825|1714
Swellendam,1715,8128,1825 series.xlsx|Swellendam 1825|1715
Swellendam,1716,8129,1825 series.xlsx|Swellendam 1825|1716
Swellendam,1718,8130,1825 series.xlsx|Swellendam 1825|1718
Swellendam,1719,8131,1825 series.xlsx|Swellendam 1825|1719
Swellendam,1720,8132,1825 series.xlsx|Swellendam 1825|1720
Swellendam,1723,8133,1825 series.xlsx|Swellendam 1825|1723
Swellendam,1725,8134,1825 series.xlsx|Swellendam 1825|1725
Swellendam,1727,8135,1825 series.xlsx|Swellendam 1825|1727
Swellendam,1729,8136,1825 series.xlsx|Swellendam 1825|1729
Swellendam,1731,8137,1825 series.xlsx|Swellendam 1825|1731
Swellendam,1733,8138,1825 series.xlsx|Swellendam 1825|1733
Swellendam,1734,8139,1825 series.xlsx|Swellendam 1825|1734
Swellendam,1736,8140,1825 series.xlsx|Swellendam 1825|1736
Swellendam,1738,8141,1825 series.xlsx|Swellendam 1825|1738
Swellendam,1740,8142,1825 series.xlsx|Swellendam 1825|1740
Swellendam,1741,8143,1825 series.xlsx|Swellendam 1825|1741
Swellendam,1743,8144,1825 series.xlsx|Swellendam 1825|1743
Swellendam,1744,8145,1825 series.xlsx|Swellendam 1825|1744
Swellendam,1746,8146,1825 series.xlsx|Swellendam 1825|1746
Swellendam,1749,8147,1825 series.xlsx|Swellendam 1825|1749
Swellendam,1751,8148,1825 series.xlsx|Swellendam 1825|1751
Swellendam,1753,8149,1825 series.xlsx|Swellendam 1825|1753
Swellendam,1754,8150,1825 series.xlsx|Swellendam 1825|1754
Swellendam,1756,8151,1825 series.xlsx|Swellendam 1825|1756
Swellendam,1757,8152,1825 series.xlsx|Swellendam 1825|1757
Swellendam,1759,8153,1825 series.xlsx|Swellendam 1825|1759
Swellendam,1761,8154,1825 series.xlsx|Swellendam 1825|1761
Swellendam,1763,8155,1825 series.xlsx|Swellendam 1825|1763
Swellendam,1765,8156,1825 series.xlsx|Swellendam 1825|1765
Swellendam,1767,8157,1825 series.xlsx|Swellendam 1825|1767
Swellendam,1768,8158,1825 series.xlsx|Swellendam 1825|1768
Swellendam,1770,8159,1825 series.xlsx|Swellendam 1825|1770
Swellendam,1772,8160,1825 series.xlsx|Swellendam 1825|1772
Swellendam,1774,8161,1825 series.xlsx|Swellendam 1825|1774
Swellendam,1776,8162,1825 series.xlsx|Swellendam 1825|1776
Swellendam,1777,8163,1825 series.xlsx|Swellendam 1825|1777
Swellendam,1778,8164,1825 series.xlsx|Swellendam 1825|1778
Swellendam,1782,8165,1825 series.xlsx|Swellendam 1825|1782
Swellendam,1784,8166,1825 series.xlsx|Swellendam 1825|1784
Swellendam,1785,8167,1825 series.xlsx|Swellendam 1825|1785
Swellendam,1788,8168,1825 series.xlsx|Swellendam 1825|1788
Swellendam,1789,8169,1825 series.xlsx|Swellendam 1825|1789
Swellendam,1791,8170,1825 series.xlsx|Swellendam 1825|1791
Swellendam,1793,8171,1825 series.xlsx|Swellendam 1825|1793
Swellendam,1794,8172,1825 series.xlsx|Swellendam 1825|1794
Swellendam,1796,8173,1825 series.xlsx|Swellendam 1825|1796
Swellendam,1798,8174,1825 series.xlsx|Swellendam 1825|1798
Swellendam,1800,8175,1825 series.xlsx|Swellendam 1825|1800
Swellendam,1801,8176,1825 series.xlsx|Swellendam 1825|1801
Swellendam,1803,8177,1825 series.xlsx|Swellendam 1825|1803
Swellendam,1805,8178,1825 series.xlsx|Swellendam 1825|1805
Swellendam,1807,8179,1825 series.xlsx|Swellendam 1825|1807
Swellendam,1809,8180,1825 series.xlsx|Swellendam 1825|1809
Swellendam,1813,8181,1825 series.xlsx|Swellendam 1825|1813
Swellendam,1814,8182,1825 series.xlsx|Swellendam 1825|1814
Swellendam,1815,8183,1825 series.xlsx|Swellendam 1825|1815
Swellendam,1816,8184,1825 series.xlsx|Swellendam 1825|1816
Swellendam,1817,8185,1825 series.xlsx|Swellendam 1825|1817
Swellendam,1819,8186,1825 series.xlsx|Swellendam 1825|1819
Swellendam,1821,8187,1825 series.xlsx|Swellendam 1825|1821
Swellendam,1822,8188,1825 series.xlsx|Swellendam 1825|1822
Swellendam,1823,8189,1825 series.xlsx|Swellendam 1825|1823
Swellendam,1824,8190,1825 series.xlsx|Swellendam 1825|1824
Swellendam,1825,8191,1825 series.xlsx|Swellendam 1825|1825
Swellendam,1826,8192,1825 series.xlsx|Swellendam 1825|1826
Swellendam,1827,8193,1825 series.xlsx|Swellendam 1825|1827
Swellendam,1828,8194,1825 series.xlsx|Swellendam 1825|1828
Swellendam,1829,8195,1825 series.xlsx|Swellendam 1825|1829
Swellendam,1831,8196,1825 series.xlsx|Swellendam 1825|1831
Swellendam,1832,8197,1825 series.xlsx|Swellendam 1825|1832
Swellendam,1833,8198,1825 series.xlsx|Swellendam 1825|1833
Swellendam,1834,8199,1825 series.xlsx|Swellendam 1825|1834
Swellendam,1835,8200,1825 series.xlsx|Swellendam 1825|1835
Swellendam,1836,8201,1825 series.xlsx|Swellendam 1825|1836
Swellendam,1837,8202,1825 series.xlsx|Swellendam 1825|1837
Swellendam,1838,8203,1825 series.xlsx|Swellendam 1825|1838
Swellendam,1840,8204,1825 series.xlsx|Swellendam 1825|1840
Swellendam,1841,8205,1825 series.xlsx|Swellendam 1825|1841
Swellendam,1842,8206,1825 series.xlsx|Swellendam 1825|1842
Swellendam,1845,8207,1825 series.xlsx|Swellendam 1825|1845
Swellendam,1847,8208,1825 series.xlsx|Swellendam 1825|1847
Swellendam,1848,8209,1825 series.xlsx|Swellendam 1825|1848
Swellendam,1849,8210,1825 series.xlsx|Swellendam 1825|1849
Swellendam,1850,8211,1825 series.xlsx|Swellendam 1825|1850
Swellendam,1851,8212,1825 series.xlsx|Swellendam 1825|1851
Swellendam,1853,8213,1825 series.xlsx|Swellendam 1825|1853
Swellendam,1855,8214,1825 series.xlsx|Swellendam 1825|1855
Swellendam,1856,8215,1825 series.xlsx|Swellendam 1825|1856
Swellendam,1857,8216,1825 series.xlsx|Swellendam 1825|1857
Swellendam,1858,8217,1825 series.xlsx|Swellendam 1825|1858
Swellendam,1860,8218,1825 series.xlsx|Swellendam 1825|1860
Swellendam,1861,8219,1825 series.xlsx|Swellendam 1825|1861
Swellendam,1862,8220,1825 series.xlsx|Swellendam 1825|1862
Swellendam,1863,8221,1825 series.xlsx|Swellendam 1825|1863
Swellendam,1865,8222,1825 series.xlsx|Swellendam 1825|1865
Swellendam,1867,8223,1825 series.xlsx|Swellendam 1825|1867
Swellendam,1869,8224,1825 series.xlsx|Swellendam 1825|1869
Swellendam,1873,8225,1825 series.xlsx|Swellendam 1825|1873
Swellendam,1874,8226,1825 series.xlsx|Swellendam 1825|1874
Swellendam,1876,8227,1825 series.xlsx|Swellendam 1825|1876
Swellendam,1878,8228,1825 series.xlsx|Swellendam 1825|1878
Swellendam,1880,8229,1825 series.xlsx|Swellendam 1825|1880
Swellendam,1882,8230,1825 series.xlsx|Swellendam 1825|1882
Swellendam,1884,8231,1825 series.xlsx|Swellendam 1825|1884
Swellendam,1886,8232,1825 series.xlsx|Swellendam 1825|1886
Swellendam,1887,8233,1825 series.xlsx|Swellendam 1825|1887
Swellendam,1889,8234,1825 series.xlsx|Swellendam 1825|1889
Swellendam,1890,8235,1825 series.xlsx|Swellendam 1825|1890
Swellendam,1892,8236,1825 series.xlsx|Swellendam 1825|1892
Swellendam,1894,8237,1825 series.xlsx|Swellendam 1825|1894
Swellendam,1896,8238,1825 series.xlsx|Swellendam 1825|1896
Swellendam,1898,8239,1825 series.xlsx|Swellendam 1825|1898
Swellendam,1900,8240,1825 series.xlsx|Swellendam 1825|1900
Swellendam,1903,8241,1825 series.xlsx|Swellendam 1825|1903
Swellendam,1905,8242,1825 series.xlsx|Swellendam 1825|1905
Swellendam,1907,8243,1825 series.xlsx|Swellendam 1825|1907
Swellendam,1908,8244,1825 series.xlsx|Swellendam 1825|1908
Swellendam,1910,8245,1825 series.xlsx|Swellendam 1825|1910
Swellendam,1912,8246,1825 series.xlsx|Swellendam 1825|1912
Swellendam,1913,8247,1825 series.xlsx|Swellendam 1825|1913
Swellendam,1915,8248,1825 series.xlsx|Swellendam 1825|1915
Swellendam,1916,8249,1825 series.xlsx|Swellendam 1825|1916
Swellendam,1918,8250,1825 series.xlsx|Swellendam 1825|1918
Swellendam,1922,8251,1825 series.xlsx|Swellendam 1825|1922
Swellendam,1924,8252,1825 series.xlsx|Swellendam 1825|1924
Swellendam,1925,8253,1825 series.xlsx|Swellendam 1825|1925
Swellendam,1927,8254,1825 series.xlsx|Swellendam 1825|1927
Swellendam,1929,8255,1825 series.xlsx|Swellendam 1825|1929
Swellendam,1930,8256,1825 series.xlsx|Swellendam 1825|1930
Swellendam,1931,8257,1825 series.xlsx|Swellendam 1825|1931
Swellendam,1933,8258,1825 series.xlsx|Swellendam 1825|1933
Swellendam,1935,8259,1825 series.xlsx|Swellendam 1825|1935
Swellendam,1937,8260,1825 series.xlsx|Swellendam 1825|1937
Swellendam,1939,8261,1825 series.xlsx|Swellendam 1825|1939
Swellendam,1941,8262,1825 series.xlsx|Swellendam 1825|1941
Swellendam,1942,8263,1825 series.xlsx|Swellendam 1825|1942
Swellendam,1943,8264,1825 series.xlsx|Swellendam 1825|1943
Swellendam,1944,8265,1825 series.xlsx|Swellendam 1825|1944
Swellendam,1945,8266,1825 series.xlsx|Swellendam 1825|1945
Swellendam,1947,8267,1825 series.xlsx|Swellendam 1825|1947
Swellendam,1949,8268,1825 series.xlsx|Swellendam 1825|1949
Swellendam,1951,8269,1825 series.xlsx|Swellendam 1825|1951
Swellendam,1954,8270,1825 series.xlsx|Swellendam 1825|1954
Swellendam,1955,8271,1825 series.xlsx|Swellendam 1825|1955
Swellendam,1956,8272,1825 series.xlsx|Swellendam 1825|1956
Swellendam,1958,8273,1825 series.xlsx|Swellendam 1825|1958
Swellendam,1961,8274,1825 series.xlsx|Swellendam 1825|1961
Swellendam,1963,8275,1825 series.xlsx|Swellendam 1825|1963
Swellendam,1965,8276,1825 series.xlsx|Swellendam 1825|1965
Swellendam,1967,8277,1825 series.xlsx|Swellendam 1825|1967
Swellendam,1969,8278,1825 series.xlsx|Swellendam 1825|1969
Swellendam,1971,8279,1825 series.xlsx|Swellendam 1825|1971
Swellendam,1972,8280,1825 series.xlsx|Swellendam 1825|1972
Swellendam,1974,8281,1825 series.xlsx|Swellendam 1825|1974
Swellendam,1976,8282,1825 series.xlsx|Swellendam 1825|1976
Swellendam,1977,8283,1825 series.xlsx|Swellendam 1825|1977
Swellendam,1979,8284,1825 series.xlsx|Swellendam 1825|1979
Swellendam,1980,8285,1825 series.xlsx|Swellendam 1825|1980
Swellendam,1981,8286,1825 series.xlsx|Swellendam 1825|1981
Swellendam,1983,8287,1825 series.xlsx|Swellendam 1825|1983
Swellendam,1984,8288,1825 series.xlsx|Swellendam 1825|1984
Swellendam,1988,8289,1825 series.xlsx|Swellendam 1825|1988
Swellendam,1989,8290,1825 series.xlsx|Swellendam 1825|1989
Swellendam,1990,8291,1825 series.xlsx|Swellendam 1825|1990
Swellendam,1992,8292,1825 series.xlsx|Swellendam 1825|1992
Swellendam,1994,8293,1825 series.xlsx|Swellendam 1825|1994
Swellendam,1995,8294,1825 series.xlsx|Swellendam 1825|1995
Swellendam,1997,8295,1825 series.xlsx|Swellendam 1825|1997
Swellendam,2000,8296,1825 series.xlsx|Swellendam 1825|2000
Swellendam,2002,8297,1825 series.xlsx|Swellendam 1825|2002
Swellendam,2004,8298,1825 series.xlsx|Swellendam 1825|2004
Swellendam,2006,8299,1825 series.xlsx|Swellendam 1825|2006
Swellendam,2008,8300,1825 series.xlsx|Swellendam 1825|2008
Swellendam,2009,8301,1825 series.xlsx|Swellendam 1825|2009
Swellendam,2011,8302,1825 series.xlsx|Swellendam 1825|2011
Swellendam,2013,8303,1825 series.xlsx|Swellendam 1825|2013
Swellendam,2014,8304,1825 series.xlsx|Swellendam 1825|2014
Swellendam,2015,8305,1825 series.xlsx|Swellendam 1825|2015
Swellendam,2016,8306,1825 series.xlsx|Swellendam 1825|2016
Swellendam,2017,8307,1825 series.xlsx|Swellendam 1825|2017
Swellendam,2020,8308,1825 series.xlsx|Swellendam 1825|2020
Swellendam,2022,8309,1825 series.xlsx|Swellendam 1825|2022
Swellendam,2023,8310,1825 series.xlsx|Swellendam 1825|2023
Swellendam,2025,8311,1825 series.xlsx|Swellendam 1825|2025
Swellendam,2027,8312,1825 series.xlsx|Swellendam 1825|2027
Swellendam,2028,8313,1825 series.xlsx|Swellendam 1825|2028
Swellendam,2030,8314,1825 series.xlsx|Swellendam 1825|2030
Swellendam,2032,8315,1825 series.xlsx|Swellendam 1825|2032
Swellendam,2033,8316,1825 series.xlsx|Swellendam 1825|2033
Swellendam,2035,8317,1825 series.xlsx|Swellendam 1825|2035
Swellendam,2036,8318,1825 series.xlsx|Swellendam 1825|2036
Swellendam,2037,8319,1825 series.xlsx|Swellendam 1825|2037
Swellendam,2038,8320,1825 series.xlsx|Swellendam 1825|2038
Swellendam,2041,8321,1825 series.xlsx|Swellendam 1825|2041
Swellendam,2043,8322,1825 series.xlsx|Swellendam 1825|2043
Swellendam,2044,8323,1825 series.xlsx|Swellendam 1825|2044
Swellendam,2045,8324,1825 series.xlsx|Swellendam 1825|2045
Swellendam,2046,8325,1825 series.xlsx|Swellendam 1825|2046
Swellendam,2050,8326,1825 series.xlsx|Swellendam 1825|2050
Swellendam,2052,8327,1825 series.xlsx|Swellendam 1825|2052
Swellendam,2054,8328,1825 series.xlsx|Swellendam 1825|2054
Swellendam,2056,8329,1825 series.xlsx|Swellendam 1825|2056
Swellendam,2058,8330,1825 series.xlsx|Swellendam 1825|2058
Swellendam,2060,8331,1825 series.xlsx|Swellendam 1825|2060
Swellendam,2062,8332,1825 series.xlsx|Swellendam 1825|2062
Swellendam,2064,8333,1825 series.xlsx|Swellendam 1825|2064
Swellendam,2066,8334,1825 series.xlsx|Swellendam 1825|2066
Swellendam,2068,8335,1825 series.xlsx|Swellendam 1825|2068
Swellendam,2070,8336,1825 series.xlsx|Swellendam 1825|2070
Swellendam,2072,8337,1825 series.xlsx|Swellendam 1825|2072
Swellendam,2073,8338,1825 series.xlsx|Swellendam 1825|2073
Swellendam,2074,8339,1825 series.xlsx|Swellendam 1825|2074
Swellendam,2076,8340,1825 series.xlsx|Swellendam 1825|2076
Swellendam,2078,8341,1825 series.xlsx|Swellendam 1825|2078
Swellendam,2080,8342,1825 series.xlsx|Swellendam 1825|2080
Swellendam,2085,8343,1825 series.xlsx|Swellendam 1825|2085
Swellendam,2087,8344,1825 series.xlsx|Swellendam 1825|2087
Swellendam,2088,8345,1825 series.xlsx|Swellendam 1825|2088
Swellendam,2090,8346,1825 series.xlsx|Swellendam 1825|2090
Swellendam,2091,8347,1825 series.xlsx|Swellendam 1825|2091
Swellendam,2092,8348,1825 series.xlsx|Swellendam 1825|2092
Swellendam,2094,8349,1825 series.xlsx|Swellendam 1825|2094
Swellendam,2096,8350,1825 series.xlsx|Swellendam 1825|2096
Swellendam,2097,8351,1825 series.xlsx|Swellendam 1825|2097
Swellendam,2099,8352,1825 series.xlsx|Swellendam 1825|2099
Swellendam,2101,8353,1825 series.xlsx|Swellendam 1825|2101
Swellendam,2103,8354,1825 series.xlsx|Swellendam 1825|2103
Swellendam,2104,8355,1825 series.xlsx|Swellendam 1825|2104
Swellendam,2105,8356,1825 series.xlsx|Swellendam 1825|2105
Swellendam,2106,8357,1825 series.xlsx|Swellendam 1825|2106
Swellendam,2109,8358,1825 series.xlsx|Swellendam 1825|2109
Swellendam,2111,8359,1825 series.xlsx|Swellendam 1825|2111
Swellendam,2112,8360,1825 series.xlsx|Swellendam 1825|2112
Swellendam,2114,8361,1825 series.xlsx|Swellendam 1825|2114
Swellendam,2116,8362,1825 series.xlsx|Swellendam 1825|2116
Swellendam,2118,8363,1825 series.xlsx|Swellendam 1825|2118
Swellendam,2122,8364,1825 series.xlsx|Swellendam 1825|2122
Swellendam,2124,8365,1825 series.xlsx|Swellendam 1825|2124
Swellendam,2126,8366,1825 series.xlsx|Swellendam 1825|2126
Swellendam,2128,8367,1825 series.xlsx|Swellendam 1825|2128
Swellendam,2130,8368,1825 series.xlsx|Swellendam 1825|2130
Swellendam,2131,8369,1825 series.xlsx|Swellendam 1825|2131
Swellendam,2133,8370,1825 series.xlsx|Swellendam 1825|2133
Swellendam,2135,8371,1825 series.xlsx|Swellendam 1825|2135
Swellendam,2138,8372,1825 series.xlsx|Swellendam 1825|2138
Swellendam,2140,8373,1825 series.xlsx|Swellendam 1825|2140
Swellendam,2142,8374,1825 series.xlsx|Swellendam 1825|2142
Swellendam,2147,8375,1825 series.xlsx|Swellendam 1825|2147
Swellendam,2149,8376,1825 series.xlsx|Swellendam 1825|2149
Swellendam,2152,8377,1825 series.xlsx|Swellendam 1825|2152
Swellendam,2154,8378,1825 series.xlsx|Swellendam 1825|2154
Swellendam,2155,8379,1825 series.xlsx|Swellendam 1825|2155
Swellendam,2157,8380,1825 series.xlsx|Swellendam 1825|2157
Swellendam,2159,8381,1825 series.xlsx|Swellendam 1825|2159
Swellendam,2160,8382,1825 series.xlsx|Swellendam 1825|2160
Swellendam,2162,8383,1825 series.xlsx|Swellendam 1825|2162
Swellendam,2164,8384,1825 series.xlsx|Swellendam 1825|2164
Swellendam,2166,8385,1825 series.xlsx|Swellendam 1825|2166
Swellendam,2167,8386,1825 series.xlsx|Swellendam 1825|2167
Swellendam,2169,8387,1825 series.xlsx|Swellendam 1825|2169
Swellendam,2170,8388,1825 series.xlsx|Swellendam 1825|2170
Swellendam,2171,8389,1825 series.xlsx|Swellendam 1825|2171
Swellendam,2173,8390,1825 series.xlsx|Swellendam 1825|2173
Swellendam,2175,8391,1825 series.xlsx|Swellendam 1825|2175
Swellendam,2176,8392,1825 series.xlsx|Swellendam 1825|2176
Swellendam,2177,8393,1825 series.xlsx|Swellendam 1825|2177
Swellendam,2178,8394,1825 series.xlsx|Swellendam 1825|2178
Swellendam,2182,8395,1825 series.xlsx|Swellendam 1825|2182
Swellendam,2183,8396,1825 series.xlsx|Swellendam 1825|2183
Swellendam,2185,8397,1825 series.xlsx|Swellendam 1825|2185
Swellendam,2187,8398,1825 series.xlsx|Swellendam 1825|2187
Swellendam,2188,8399,1825 series.xlsx|Swellendam 1825|2188
Swellendam,2190,8400,1825 series.xlsx|Swellendam 1825|2190
Swellendam,2191,8401,1825 series.xlsx|Swellendam 1825|2191
Swellendam,2193,8402,1825 series.xlsx|Swellendam 1825|2193
Swellendam,2195,8403,1825 series.xlsx|Swellendam 1825|2195
Swellendam,2197,8404,1825 series.xlsx|Swellendam 1825|2197
Swellendam,2198,8405,1825 series.xlsx|Swellendam 1825|2198
Swellendam,2200,8406,1825 series.xlsx|Swellendam 1825|2200
Swellendam,2202,8407,1825 series.xlsx|Swellendam 1825|2202
Swellendam,2204,8408,1825 series.xlsx|Swellendam 1825|2204
Swellendam,2206,8409,1825 series.xlsx|Swellendam 1825|2206
Swellendam,2208,8410,1825 series.xlsx|Swellendam 1825|2208
Swellendam,2209,8411,1825 series.xlsx|Swellendam 1825|2209
Swellendam,2210,8412,1825 series.xlsx|Swellendam 1825|2210
Swellendam,2214,8413,1825 series.xlsx|Swellendam 1825|2214
Swellendam,2216,8414,1825 series.xlsx|Swellendam 1825|2216
Swellendam,2218,8415,1825 series.xlsx|Swellendam 1825|2218
Swellendam,2223,8416,1825 series.xlsx|Swellendam 1825|2223
Swellendam,2225,8417,1825 series.xlsx|Swellendam 1825|2225
Swellendam,2226,8418,1825 series.xlsx|Swellendam 1825|2226
Swellendam,2228,8419,1825 series.xlsx|Swellendam 1825|2228
Swellendam,2229,8420,1825 series.xlsx|Swellendam 1825|2229
Swellendam,2231,8421,1825 series.xlsx|Swellendam 1825|2231
Swellendam,2234,8422,1825 series.xlsx|Swellendam 1825|2234
Swellendam,2236,8423,1825 series.xlsx|Swellendam 1825|2236
Swellendam,2238,8424,1825 series.xlsx|Swellendam 1825|2238
Swellendam,2239,8425,1825 series.xlsx|Swellendam 1825|2239
Swellendam,2241,8426,1825 series.xlsx|Swellendam 1825|2241
Swellendam,2243,8427,1825 series.xlsx|Swellendam 1825|2243
Swellendam,2248,8428,1825 series.xlsx|Swellendam 1825|2248
Swellendam,2250,8429,1825 series.xlsx|Swellendam 1825|2250
Swellendam,2252,8430,1825 series.xlsx|Swellendam 1825|2252
Swellendam,2253,8431,1825 series.xlsx|Swellendam 1825|2253
Swellendam,2255,8432,1825 series.xlsx|Swellendam 1825|2255
Swellendam,2257,8433,1825 series.xlsx|Swellendam 1825|2257
Swellendam,2259,8434,1825 series.xlsx|Swellendam 1825|2259
Swellendam,2261,8435,1825 series.xlsx|Swellendam 1825|2261
Swellendam,2263,8436,1825 series.xlsx|Swellendam 1825|2263
Swellendam,2265,8437,1825 series.xlsx|Swellendam 1825|2265
Swellendam,2267,8438,1825 series.xlsx|Swellendam 1825|2267
Swellendam,2269,8439,1825 series.xlsx|Swellendam 1825|2269
Swellendam,2270,8440,1825 series.xlsx|Swellendam 1825|2270
Swellendam,2272,8441,1825 series.xlsx|Swellendam 1825|2272
Swellendam,2273,8442,1825 series.xlsx|Swellendam 1825|2273
Swellendam,2275,8443,1825 series.xlsx|Swellendam 1825|2275
Swellendam,2277,8444,1825 series.xlsx|Swellendam 1825|2277
Swellendam,2280,8445,1825 series.xlsx|Swellendam 1825|2280
Swellendam,2282,8446,1825 series.xlsx|Swellendam 1825|2282
Swellendam,2283,8447,1825 series.xlsx|Swellendam 1825|2283
Swellendam,2285,8448,1825 series.xlsx|Swellendam 1825|2285
Swellendam,2287,8449,1825 series.xlsx|Swellendam 1825|2287
Swellendam,2289,8450,1825 series.xlsx|Swellendam 1825|2289
Swellendam,2290,8451,1825 series.xlsx|Swellendam 1825|2290
Swellendam,2292,8452,1825 series.xlsx|Swellendam 1825|2292
Swellendam,2294,8453,1825 series.xlsx|Swellendam 1825|2294
Swellendam,2296,8454,1825 series.xlsx|Swellendam 1825|2296
Swellendam,2300,8455,1825 series.xlsx|Swellendam 1825|2300
Swellendam,2302,8456,1825 series.xlsx|Swellendam 1825|2302
Swellendam,2303,8457,1825 series.xlsx|Swellendam 1825|2303
Swellendam,2305,8458,1825 series.xlsx|Swellendam 1825|2305
Swellendam,2309,8459,1825 series.xlsx|Swellendam 1825|2309
Swellendam,2311,8460,1825 series.xlsx|Swellendam 1825|2311
Swellendam,2313,8461,1825 series.xlsx|Swellendam 1825|2313
Swellendam,2314,8462,1825 series.xlsx|Swellendam 1825|2314
Swellendam,2315,8463,1825 series.xlsx|Swellendam 1825|2315
Swellendam,2317,8464,1825 series.xlsx|Swellendam 1825|2317
Swellendam,2319,8465,1825 series.xlsx|Swellendam 1825|2319
Swellendam,2321,8466,1825 series.xlsx|Swellendam 1825|2321
Swellendam,2323,8467,1825 series.xlsx|Swellendam 1825|2323
Swellendam,2326,8468,1825 series.xlsx|Swellendam 1825|2326
Swellendam,2328,8469,1825 series.xlsx|Swellendam 1825|2328
Swellendam,2330,8470,1825 series.xlsx|Swellendam 1825|2330
Swellendam,2332,8471,1825 series.xlsx|Swellendam 1825|2332
Swellendam,2334,8472,1825 series.xlsx|Swellendam 1825|2334
Swellendam,2336,8473,1825 series.xlsx|Swellendam 1825|2336
Swellendam,2338,8474,1825 series.xlsx|Swellendam 1825|2338
Swellendam,2342,8475,1825 series.xlsx|Swellendam 1825|2342
Swellendam,2343,8476,1825 series.xlsx|Swellendam 1825|2343
Swellendam,2345,8477,1825 series.xlsx|Swellendam 1825|2345
Swellendam,2347,8478,1825 series.xlsx|Swellendam 1825|2347
Swellendam,2348,8479,1825 series.xlsx|Swellendam 1825|2348
Swellendam,2350,8480,1825 series.xlsx|Swellendam 1825|2350
Swellendam,2352,8481,1825 series.xlsx|Swellendam 1825|2352
Swellendam,2354,8482,1825 series.xlsx|Swellendam 1825|2354
Swellendam,2355,8483,1825 series.xlsx|Swellendam 1825|2355
Swellendam,2357,8484,1825 series.xlsx|Swellendam 1825|2357
Swellendam,2359,8485,1825 series.xlsx|Swellendam 1825|2359
Swellendam,2361,8486,1825 series.xlsx|Swellendam 1825|2361
Swellendam,2362,8487,1825 series.xlsx|Swellendam 1825|2362
Swellendam,2363,8488,1825 series.xlsx|Swellendam 1825|2363
Swellendam,2365,8489,1825 series.xlsx|Swellendam 1825|2365
Swellendam,2367,8490,1825 series.xlsx|Swellendam 1825|2367
Swellendam,2369,8491,1825 series.xlsx|Swellendam 1825|2369
Swellendam,2373,8492,1825 series.xlsx|Swellendam 1825|2373
Swellendam,2374,8493,1825 series.xlsx|Swellendam 1825|2374
Swellendam,2375,8494,1825 series.xlsx|Swellendam 1825|2375
Swellendam,2377,8495,1825 series.xlsx|Swellendam 1825|2377
Swellendam,2378,8496,1825 series.xlsx|Swellendam 1825|2378
Swellendam,2380,8497,1825 series.xlsx|Swellendam 1825|2380
Swellendam,2381,8498,1825 series.xlsx|Swellendam 1825|2381
Swellendam,2382,8499,1825 series.xlsx|Swellendam 1825|2382
Swellendam,2383,8500,1825 series.xlsx|Swellendam 1825|2383
Swellendam,2384,8501,1825 series.xlsx|Swellendam 1825|2384
Swellendam,2386,8502,1825 series.xlsx|Swellendam 1825|2386
Swellendam,2388,8503,1825 series.xlsx|Swellendam 1825|2388
Swellendam,2390,8504,1825 series.xlsx|Swellendam 1825|2390
Swellendam,2392,8505,1825 series.xlsx|Swellendam 1825|2392
Swellendam,2394,8506,1825 series.xlsx|Swellendam 1825|2394
Swellendam,2396,8507,1825 series.xlsx|Swellendam 1825|2396
Swellendam,2398,8508,1825 series.xlsx|Swellendam 1825|2398
Swellendam,2400,8509,1825 series.xlsx|Swellendam 1825|2400
Swellendam,2404,8510,1825 series.xlsx|Swellendam 1825|2404
Swellendam,2406,8511,1825 series.xlsx|Swellendam 1825|2406
Swellendam,2407,8512,1825 series.xlsx|Swellendam 1825|2407
Swellendam,2409,8513,1825 series.xlsx|Swellendam 1825|2409
Swellendam,2410,8514,1825 series.xlsx|Swellendam 1825|2410
Swellendam,2412,8515,1825 series.xlsx|Swellendam 1825|2412
Swellendam,2413,8516,1825 series.xlsx|Swellendam 1825|2413
Swellendam,2415,8517,1825 series.xlsx|Swellendam 1825|2415
Swellendam,2417,8518,1825 series.xlsx|Swellendam 1825|2417
Swellendam,2418,8519,1825 series.xlsx|Swellendam 1825|2418
Swellendam,2420,8520,1825 series.xlsx|Swellendam 1825|2420
Swellendam,2422,8521,1825 series.xlsx|Swellendam 1825|2422
Swellendam,2423,8522,1825 series.xlsx|Swellendam 1825|2423
Swellendam,2425,8523,1825 series.xlsx|Swellendam 1825|2425
Swellendam,2426,8524,1825 series.xlsx|Swellendam 1825|2426
Swellendam,2428,8525,1825 series.xlsx|Swellendam 1825|2428
Swellendam,2430,8526,1825 series.xlsx|Swellendam 1825|2430
Swellendam,2431,8527,1825 series.xlsx|Swellendam 1825|2431
Swellendam,2434,8528,1825 series.xlsx|Swellendam 1825|2434
Swellendam,2436,8529,1825 series.xlsx|Swellendam 1825|2436
Swellendam,2438,8530,1825 series.xlsx|Swellendam 1825|2438
Swellendam,2440,8531,1825 series.xlsx|Swellendam 1825|2440
Swellendam,2442,8532,1825 series.xlsx|Swellendam 1825|2442
Swellendam,2443,8533,1825 series.xlsx|Swellendam 1825|2443
Swellendam,2444,8534,1825 series.xlsx|Swellendam 1825|2444
Swellendam,2445,8535,1825 series.xlsx|Swellendam 1825|2445
Swellendam,2447,8536,1825 series.xlsx|Swellendam 1825|2447
Swellendam,2448,8537,1825 series.xlsx|Swellendam 1825|2448
Swellendam,2449,8538,1825 series.xlsx|Swellendam 1825|2449
Swellendam,2453,8539,1825 series.xlsx|Swellendam 1825|2453
Swellendam,2455,8540,1825 series.xlsx|Swellendam 1825|2455
Swellendam,2456,8541,1825 series.xlsx|Swellendam 1825|2456
Swellendam,2458,8542,1825 series.xlsx|Swellendam 1825|2458
Swellendam,2460,8543,1825 series.xlsx|Swellendam 1825|2460
Swellendam,2462,8544,1825 series.xlsx|Swellendam 1825|2462
Swellendam,2464,8545,1825 series.xlsx|Swellendam 1825|2464
Swellendam,2466,8546,1825 series.xlsx|Swellendam 1825|2466
Swellendam,2467,8547,1825 series.xlsx|Swellendam 1825|2467
Swellendam,2468,8548,1825 series.xlsx|Swellendam 1825|2468
Swellendam,2469,8549,1825 series.xlsx|Swellendam 1825|2469
Swellendam,2471,8550,1825 series.xlsx|Swellendam 1825|2471
Swellendam,2473,8551,1825 series.xlsx|Swellendam 1825|2473
Swellendam,2476,8552,1825 series.xlsx|Swellendam 1825|2476
Swellendam,2477,8553,1825 series.xlsx|Swellendam 1825|2477
Swellendam,2479,8554,1825 series.xlsx|Swellendam 1825|2479
Swellendam,2482,8555,1825 series.xlsx|Swellendam 1825|2482
Swellendam,2484,8556,1825 series.xlsx|Swellendam 1825|2484
Swellendam,2486,8557,1825 series.xlsx|Swellendam 1825|2486
Swellendam,2488,8558,1825 series.xlsx|Swellendam 1825|2488
Swellendam,2490,8559,1825 series.xlsx|Swellendam 1825|2490
Swellendam,2492,8560,1825 series.xlsx|Swellendam 1825|2492
Swellendam,2494,8561,1825 series.xlsx|Swellendam 1825|2494
Swellendam,2496,8562,1825 series.xlsx|Swellendam 1825|2496
Swellendam,2498,8563,1825 series.xlsx|Swellendam 1825|2498
Swellendam,2499,8564,1825 series.xlsx|Swellendam 1825|2499
Swellendam,2501,8565,1825 series.xlsx|Swellendam 1825|2501
Swellendam,2504,8566,1825 series.xlsx|Swellendam 1825|2504
Swellendam,2505,8567,1825 series.xlsx|Swellendam 1825|2505
Swellendam,2507,8568,1825 series.xlsx|Swellendam 1825|2507
Swellendam,2508,8569,1825 series.xlsx|Swellendam 1825|2508
Swellendam,2510,8570,1825 series.xlsx|Swellendam 1825|2510
Swellendam,2512,8571,1825 series.xlsx|Swellendam 1825|2512
Swellendam,2515,8572,1825 series.xlsx|Swellendam 1825|2515
Swellendam,2517,8573,1825 series.xlsx|Swellendam 1825|2517
Swellendam,2520,8574,1825 series.xlsx|Swellendam 1825|2520
Swellendam,2522,8575,1825 series.xlsx|Swellendam 1825|2522
Swellendam,2523,8576,1825 series.xlsx|Swellendam 1825|2523
Swellendam,2525,8577,1825 series.xlsx|Swellendam 1825|2525
Swellendam,2527,8578,1825 series.xlsx|Swellendam 1825|2527
Swellendam,2530,8579,1825 series.xlsx|Swellendam 1825|2530
Swellendam,2534,8580,1825 series.xlsx|Swellendam 1825|2534
Swellendam,2536,8581,1825 series.xlsx|Swellendam 1825|2536
Swellendam,2537,8582,1825 series.xlsx|Swellendam 1825|2537
Swellendam,2539,8583,1825 series.xlsx|Swellendam 1825|2539
Swellendam,2541,8584,1825 series.xlsx|Swellendam 1825|2541
Swellendam,2544,8585,1825 series.xlsx|Swellendam 1825|2544
Swellendam,2546,8586,1825 series.xlsx|Swellendam 1825|2546
Swellendam,2548,8587,1825 series.xlsx|Swellendam 1825|2548
Swellendam,2550,8588,1825 series.xlsx|Swellendam 1825|2550
Swellendam,2552,8589,1825 series.xlsx|Swellendam 1825|2552
Swellendam,2553,8590,1825 series.xlsx|Swellendam 1825|2553
Swellendam,2554,8591,1825 series.xlsx|Swellendam 1825|2554
Swellendam,2556,8592,1825 series.xlsx|Swellendam 1825|2556
Swellendam,2557,8593,1825 series.xlsx|Swellendam 1825|2557
Swellendam,2561,8594,1825 series.xlsx|Swellendam 1825|2561
Swellendam,2562,8595,1825 series.xlsx|Swellendam 1825|2562
Swellendam,2564,8596,1825 series.xlsx|Swellendam 1825|2564
Swellendam,2566,8597,1825 series.xlsx|Swellendam 1825|2566
Swellendam,2568,8598,1825 series.xlsx|Swellendam 1825|2568
Swellendam,2570,8599,1825 series.xlsx|Swellendam 1825|2570
Swellendam,2571,8600,1825 series.xlsx|Swellendam 1825|2571
Swellendam,2572,8601,1825 series.xlsx|Swellendam 1825|2572
Swellendam,2574,8602,1825 series.xlsx|Swellendam 1825|2574
Swellendam,2576,8603,1825 series.xlsx|Swellendam 1825|2576
Swellendam,2577,8604,1825 series.xlsx|Swellendam 1825|2577
Swellendam,2579,8605,1825 series.xlsx|Swellendam 1825|2579
Swellendam,2581,8606,1825 series.xlsx|Swellendam 1825|2581
Swellendam,2583,8607,1825 series.xlsx|Swellendam 1825|2583
Swellendam,2585,8608,1825 series.xlsx|Swellendam 1825|2585
Swellendam,2586,8609,1825 series.xlsx|Swellendam 1825|2586
Swellendam,2588,8610,1825 series.xlsx|Swellendam 1825|2588
Swellendam,2592,8611,1825 series.xlsx|Swellendam 1825|2592
Swellendam,2594,8612,1825 series.xlsx|Swellendam 1825|2594
Swellendam,2596,8613,1825 series.xlsx|Swellendam 1825|2596
Swellendam,2599,8614,1825 series.xlsx|Swellendam 1825|2599
Swellendam,2601,8615,1825 series.xlsx|Swellendam 1825|2601
Swellendam,2603,8616,1825 series.xlsx|Swellendam 1825|2603
Swellendam,2605,8617,1825 series.xlsx|Swellendam 1825|2605
Swellendam,2607,8618,1825 series.xlsx|Swellendam 1825|2607
Swellendam,2609,8619,1825 series.xlsx|Swellendam 1825|2609
Swellendam,2616,8620,1825 series.xlsx|Swellendam 1825|2616
Swellendam,2618,8621,1825 series.xlsx|Swellendam 1825|2618
Swellendam,2620,8622,1825 series.xlsx|Swellendam 1825|2620
Swellendam,2622,8623,1825 series.xlsx|Swellendam 1825|2622
Swellendam,2624,8624,1825 series.xlsx|Swellendam 1825|2624
Swellendam,2625,8625,1825 series.xlsx|Swellendam 1825|2625
Swellendam,2626,8626,1825 series.xlsx|Swellendam 1825|2626
Swellendam,2628,8627,1825 series.xlsx|Swellendam 1825|2628
Swellendam,2630,8628,1825 series.xlsx|Swellendam 1825|2630
Swellendam,2633,8629,1825 series.xlsx|Swellendam 1825|2633
Swellendam,2634,8630,1825 series.xlsx|Swellendam 1825|2634
Swellendam,2635,8631,1825 series.xlsx|Swellendam 1825|2635
Swellendam,2637,8632,1825 series.xlsx|Swellendam 1825|2637
Swellendam,2639,8633,1825 series.xlsx|Swellendam 1825|2639
Swellendam,2643,8634,1825 series.xlsx|Swellendam 1825|2643
Swellendam,2645,8635,1825 series.xlsx|Swellendam 1825|2645
Swellendam,2647,8636,1825 series.xlsx|Swellendam 1825|2647
Swellendam,2649,8637,1825 series.xlsx|Swellendam 1825|2649
Swellendam,2651,8638,1825 series.xlsx|Swellendam 1825|2651
Swellendam,2652,8639,1825 series.xlsx|Swellendam 1825|2652
Swellendam,2654,8640,1825 series.xlsx|Swellendam 1825|2654
Swellendam,2656,8641,1825 series.xlsx|Swellendam 1825|2656
Swellendam,2658,8642,1825 series.xlsx|Swellendam 1825|2658
Swellendam,2660,8643,1825 series.xlsx|Swellendam 1825|2660
Swellendam,2662,8644,1825 series.xlsx|Swellendam 1825|2662
Swellendam,2664,8645,1825 series.xlsx|Swellendam 1825|2664
Swellendam,2665,8646,1825 series.xlsx|Swellendam 1825|2665
Swellendam,2666,8647,1825 series.xlsx|Swellendam 1825|2666
Swellendam,2668,8648,1825 series.xlsx|Swellendam 1825|2668
Swellendam,2669,8649,1825 series.xlsx|Swellendam 1825|2669
Swellendam,2670,8650,1825 series.xlsx|Swellendam 1825|2670
Swellendam,2671,8651,1825 series.xlsx|Swellendam 1825|2671
Swellendam,2675,8652,1825 series.xlsx|Swellendam 1825|2675
Swellendam,2679,8653,1825 series.xlsx|Swellendam 1825|2679
Swellendam,2681,8654,1825 series.xlsx|Swellendam 1825|2681
Swellendam,2683,8655,1825 series.xlsx|Swellendam 1825|2683
Swellendam,2685,8656,1825 series.xlsx|Swellendam 1825|2685
Swellendam,2686,8657,1825 series.xlsx|Swellendam 1825|2686
Swellendam,2687,8658,1825 series.xlsx|Swellendam 1825|2687
Swellendam,2688,8659,1825 series.xlsx|Swellendam 1825|2688
Swellendam,2689,8660,1825 series.xlsx|Swellendam 1825|2689
Swellendam,2691,8661,1825 series.xlsx|Swellendam 1825|2691
Swellendam,2693,8662,1825 series.xlsx|Swellendam 1825|2693
Swellendam,2694,8663,1825 series.xlsx|Swellendam 1825|2694
Swellendam,2696,8664,1825 series.xlsx|Swellendam 1825|2696
Swellendam,2701,8665,1825 series.xlsx|Swellendam 1825|2701
Swellendam,2703,8666,1825 series.xlsx|Swellendam 1825|2703
Swellendam,2704,8667,1825 series.xlsx|Swellendam 1825|2704
Swellendam,2705,8668,1825 series.xlsx|Swellendam 1825|2705
Swellendam,2706,8669,1825 series.xlsx|Swellendam 1825|2706
Swellendam,2707,8670,1825 series.xlsx|Swellendam 1825|2707
Swellendam,2709,8671,1825 series.xlsx|Swellendam 1825|2709
Swellendam,2711,8672,1825 series.xlsx|Swellendam 1825|2711
Swellendam,2713,8673,1825 series.xlsx|Swellendam 1825|2713
Swellendam,2716,8674,1825 series.xlsx|Swellendam 1825|2716
Swellendam,2718,8675,1825 series.xlsx|Swellendam 1825|2718
Swellendam,2720,8676,1825 series.xlsx|Swellendam 1825|2720
Swellendam,2722,8677,1825 series.xlsx|Swellendam 1825|2722
Swellendam,2724,8678,1825 series.xlsx|Swellendam 1825|2724
Swellendam,2726,8679,1825 series.xlsx|Swellendam 1825|2726
Swellendam,2729,8680,1825 series.xlsx|Swellendam 1825|2729
Swellendam,2731,8681,1825 series.xlsx|Swellendam 1825|2731
Swellendam,2733,8682,1825 series.xlsx|Swellendam 1825|2733
Swellendam,2735,8683,1825 series.xlsx|Swellendam 1825|2735
Swellendam,2737,8684,1825 series.xlsx|Swellendam 1825|2737
Swellendam,2739,8685,1825 series.xlsx|Swellendam 1825|2739
Swellendam,2740,8686,1825 series.xlsx|Swellendam 1825|2740
Swellendam,2742,8687,1825 series.xlsx|Swellendam 1825|2742
Swellendam,2743,8688,1825 series.xlsx|Swellendam 1825|2743
Swellendam,2744,8689,1825 series.xlsx|Swellendam 1825|2744
Swellendam,2746,8690,1825 series.xlsx|Swellendam 1825|2746
Swellendam,2747,8691,1825 series.xlsx|Swellendam 1825|2747
Swellendam,2748,8692,1825 series.xlsx|Swellendam 1825|2748
Swellendam,2750,8693,1825 series.xlsx|Swellendam 1825|2750
Swellendam,2752,8694,1825 series.xlsx|Swellendam 1825|2752
Swellendam,2754,8695,1825 series.xlsx|Swellendam 1825|2754
Swellendam,2756,8696,1825 series.xlsx|Swellendam 1825|2756
Swellendam,2760,8697,1825 series.xlsx|Swellendam 1825|2760
Swellendam,2762,8698,1825 series.xlsx|Swellendam 1825|2762
Swellendam,2764,8699,1825 series.xlsx|Swellendam 1825|2764
Swellendam,2766,8700,1825 series.xlsx|Swellendam 1825|2766
Swellendam,2767,8701,1825 series.xlsx|Swellendam 1825|2767
Swellendam,2769,8702,1825 series.xlsx|Swellendam 1825|2769
Swellendam,2773,8703,1825 series.xlsx|Swellendam 1825|2773
Swellendam,2775,8704,1825 series.xlsx|Swellendam 1825|2775
Swellendam,2776,8705,1825 series.xlsx|Swellendam 1825|2776
Swellendam,2778,8706,1825 series.xlsx|Swellendam 1825|2778
Swellendam,2780,8707,1825 series.xlsx|Swellendam 1825|2780
Swellendam,2782,8708,1825 series.xlsx|Swellendam 1825|2782
Swellendam,2783,8709,1825 series.xlsx|Swellendam 1825|2783
Swellendam,2787,8710,1825 series.xlsx|Swellendam 1825|2787
Swellendam,2789,8711,1825 series.xlsx|Swellendam 1825|2789
Swellendam,2790,8712,1825 series.xlsx|Swellendam 1825|2790
Swellendam,2792,8713,1825 series.xlsx|Swellendam 1825|2792
Swellendam,2794,8714,1825 series.xlsx|Swellendam 1825|2794
Swellendam,2796,8715,1825 series.xlsx|Swellendam 1825|2796
Swellendam,2799,8716,1825 series.xlsx|Swellendam 1825|2799
Swellendam,2801,8717,1825 series.xlsx|Swellendam 1825|2801
Swellendam,2803,8718,1825 series.xlsx|Swellendam 1825|2803
Swellendam,2805,8719,1825 series.xlsx|Swellendam 1825|2805
Swellendam,2807,8720,1825 series.xlsx|Swellendam 1825|2807
Swellendam,2809,8721,1825 series.xlsx|Swellendam 1825|2809
Swellendam,2811,8722,1825 series.xlsx|Swellendam 1825|2811
Swellendam,2812,8723,1825 series.xlsx|Swellendam 1825|2812
Swellendam,2813,8724,1825 series.xlsx|Swellendam 1825|2813
Swellendam,2814,8725,1825 series.xlsx|Swellendam 1825|2814
Swellendam,2816,8726,1825 series.xlsx|Swellendam 1825|2816
Swellendam,2817,8727,1825 series.xlsx|Swellendam 1825|2817
Swellendam,2819,8728,1825 series.xlsx|Swellendam 1825|2819
Swellendam,2824,8729,1825 series.xlsx|Swellendam 1825|2824
Swellendam,2826,8730,1825 series.xlsx|Swellendam 1825|2826
Swellendam,2829,8731,1825 series.xlsx|Swellendam 1825|2829
Swellendam,2831,8732,1825 series.xlsx|Swellendam 1825|2831
Swellendam,2832,8733,1825 series.xlsx|Swellendam 1825|2832
Swellendam,2833,8734,1825 series.xlsx|Swellendam 1825|2833
Swellendam,2835,8735,1825 series.xlsx|Swellendam 1825|2835
Swellendam,2837,8736,1825 series.xlsx|Swellendam 1825|2837
Swellendam,2839,8737,1825 series.xlsx|Swellendam 1825|2839
Swellendam,2840,8738,1825 series.xlsx|Swellendam 1825|2840
Swellendam,2841,8739,1825 series.xlsx|Swellendam 1825|2841
Swellendam,2842,8740,1825 series.xlsx|Swellendam 1825|2842
Swellendam,2843,8741,1825 series.xlsx|Swellendam 1825|2843
Swellendam,2845,8742,1825 series.xlsx|Swellendam 1825|2845
Swellendam,2846,8743,1825 series.xlsx|Swellendam 1825|2846
Swellendam,2848,8744,1825 series.xlsx|Swellendam 1825|2848
Swellendam,2850,8745,1825 series.xlsx|Swellendam 1825|2850
Swellendam,2851,8746,1825 series.xlsx|Swellendam 1825|2851
Swellendam,2853,8747,1825 series.xlsx|Swellendam 1825|2853
Swellendam,2855,8748,1825 series.xlsx|Swellendam 1825|2855
Swellendam,2859,8749,1825 series.xlsx|Swellendam 1825|2859
Swellendam,2861,8750,1825 series.xlsx|Swellendam 1825|2861
Swellendam,2863,8751,1825 series.xlsx|Swellendam 1825|2863
Swellendam,2864,8752,1825 series.xlsx|Swellendam 1825|2864
Swellendam,2866,8753,1825 series.xlsx|Swellendam 1825|2866
Swellendam,2868,8754,1825 series.xlsx|Swellendam 1825|2868
Swellendam,2869,8755,1825 series.xlsx|Swellendam 1825|2869
Swellendam,2870,8756,1825 series.xlsx|Swellendam 1825|2870
Swellendam,2871,8757,1825 series.xlsx|Swellendam 1825|2871
Swellendam,2872,8758,1825 series.xlsx|Swellendam 1825|2872
Swellendam,2873,8759,1825 series.xlsx|Swellendam 1825|2873
Swellendam,2874,8760,1825 series.xlsx|Swellendam 1825|2874
Swellendam,2876,8761,1825 series.xlsx|Swellendam 1825|2876
Swellendam,2877,8762,1825 series.xlsx|Swellendam 1825|2877
Swellendam,2878,8763,1825 series.xlsx|Swellendam 1825|2878
Swellendam,2880,8764,1825 series.xlsx|Swellendam 1825|2880
Swellendam,2882,8765,1825 series.xlsx|Swellendam 1825|2882
Swellendam,2884,8766,1825 series.xlsx|Swellendam 1825|2884
Swellendam,2888,8767,1825 series.xlsx|Swellendam 1825|2888
Swellendam,2889,8768,1825 series.xlsx|Swellendam 1825|2889
Swellendam,2890,8769,1825 series.xlsx|Swellendam 1825|2890
Swellendam,2895,8770,1825 series.xlsx|Swellendam 1825|2895
Swellendam,2897,8771,1825 series.xlsx|Swellendam 1825|2897
Swellendam,2899,8772,1825 series.xlsx|Swellendam 1825|2899
Swellendam,2904,8773,1825 series.xlsx|Swellendam 1825|2904
Swellendam,2907,8774,1825 series.xlsx|Swellendam 1825|2907
Swellendam,2909,8775,1825 series.xlsx|Swellendam 1825|2909
Swellendam,2911,8776,1825 series.xlsx|Swellendam 1825|2911
Swellendam,2914,8777,1825 series.xlsx|Swellendam 1825|2914
Swellendam,2916,8778,1825 series.xlsx|Swellendam 1825|2916
Swellendam,2918,8779,1825 series.xlsx|Swellendam 1825|2918
Swellendam,2920,8780,1825 series.xlsx|Swellendam 1825|2920
Swellendam,2922,8781,1825 series.xlsx|Swellendam 1825|2922
Swellendam,2924,8782,1825 series.xlsx|Swellendam 1825|2924
Swellendam,2926,8783,1825 series.xlsx|Swellendam 1825|2926
Swellendam,2930,8784,1825 series.xlsx|Swellendam 1825|2930
Swellendam,2931,8785,1825 series.xlsx|Swellendam 1825|2931
Swellendam,2933,8786,1825 series.xlsx|Swellendam 1825|2933
Swellendam,2934,8787,1825 series.xlsx|Swellendam 1825|2934
Swellendam,2936,8788,1825 series.xlsx|Swellendam 1825|2936
Swellendam,2938,8789,1825 series.xlsx|Swellendam 1825|2938
Swellendam,2940,8790,1825 series.xlsx|Swellendam 1825|2940
Swellendam,2941,8791,1825 series.xlsx|Swellendam 1825|2941
Swellendam,2943,8792,1825 series.xlsx|Swellendam 1825|2943
Swellendam,2945,8793,1825 series.xlsx|Swellendam 1825|2945
Swellendam,2947,8794,1825 series.xlsx|Swellendam 1825|2947
Swellendam,2949,8795,1825 series.xlsx|Swellendam 1825|2949
Swellendam,2950,8796,1825 series.xlsx|Swellendam 1825|2950
Swellendam,2952,8797,1825 series.xlsx|Swellendam 1825|2952
Swellendam,2953,8798,1825 series.xlsx|Swellendam 1825|2953
Swellendam,2954,8799,1825 series.xlsx|Swellendam 1825|2954
Swellendam,2956,8800,1825 series.xlsx|Swellendam 1825|2956
Swellendam,2960,8801,1825 series.xlsx|Swellendam 1825|2960
Swellendam,2961,8802,1825 series.xlsx|Swellendam 1825|2961
Swellendam,2962,8803,1825 series.xlsx|Swellendam 1825|2962
Swellendam,2963,8804,1825 series.xlsx|Swellendam 1825|2963
Swellendam,2964,8805,1825 series.xlsx|Swellendam 1825|2964
Swellendam,2966,8806,1825 series.xlsx|Swellendam 1825|2966
Swellendam,2969,8807,1825 series.xlsx|Swellendam 1825|2969
Swellendam,2971,8808,1825 series.xlsx|Swellendam 1825|2971
Swellendam,2973,8809,1825 series.xlsx|Swellendam 1825|2973
Swellendam,2975,8810,1825 series.xlsx|Swellendam 1825|2975
Swellendam,2976,8811,1825 series.xlsx|Swellendam 1825|2976
Swellendam,2977,8812,1825 series.xlsx|Swellendam 1825|2977
Swellendam,2978,8813,1825 series.xlsx|Swellendam 1825|2978
Swellendam,2980,8814,1825 series.xlsx|Swellendam 1825|2980
Swellendam,2981,8815,1825 series.xlsx|Swellendam 1825|2981
Swellendam,2983,8816,1825 series.xlsx|Swellendam 1825|2983
Swellendam,2985,8817,1825 series.xlsx|Swellendam 1825|2985
Swellendam,2988,8818,1825 series.xlsx|Swellendam 1825|2988
Swellendam,2989,8819,1825 series.xlsx|Swellendam 1825|2989
Swellendam,2990,8820,1825 series.xlsx|Swellendam 1825|2990
Swellendam,2992,8821,1825 series.xlsx|Swellendam 1825|2992
Swellendam,2993,8822,1825 series.xlsx|Swellendam 1825|2993
Swellendam,2995,8823,1825 series.xlsx|Swellendam 1825|2995
Swellendam,2997,8824,1825 series.xlsx|Swellendam 1825|2997
Swellendam,2999,8825,1825 series.xlsx|Swellendam 1825|2999
Swellendam,3000,8826,1825 series.xlsx|Swellendam 1825|3000
Swellendam,3002,8827,1825 series.xlsx|Swellendam 1825|3002
Swellendam,3003,8828,1825 series.xlsx|Swellendam 1825|3003
Swellendam,3005,8829,1825 series.xlsx|Swellendam 1825|3005
Swellendam,3006,8830,1825 series.xlsx|Swellendam 1825|3006
Swellendam,3008,8831,1825 series.xlsx|Swellendam 1825|3008
Swellendam,3009,8832,1825 series.xlsx|Swellendam 1825|3009
Swellendam,3010,8833,1825 series.xlsx|Swellendam 1825|3010
Swellendam,3012,8834,1825 series.xlsx|Swellendam 1825|3012
Swellendam,3016,8835,1825 series.xlsx|Swellendam 1825|3016
Swellendam,3018,8836,1825 series.xlsx|Swellendam 1825|3018
Swellendam,3019,8837,1825 series.xlsx|Swellendam 1825|3019
Swellendam,3021,8838,1825 series.xlsx|Swellendam 1825|3021
Swellendam,3022,8839,1825 series.xlsx|Swellendam 1825|3022
Swellendam,3024,8840,1825 series.xlsx|Swellendam 1825|3024
Swellendam,3027,8841,1825 series.xlsx|Swellendam 1825|3027
Swellendam,3029,8842,1825 series.xlsx|Swellendam 1825|3029
Swellendam,3030,8843,1825 series.xlsx|Swellendam 1825|3030
Swellendam,3032,8844,1825 series.xlsx|Swellendam 1825|3032
Swellendam,3034,8845,1825 series.xlsx|Swellendam 1825|3034
Swellendam,3036,8846,1825 series.xlsx|Swellendam 1825|3036
Swellendam,3038,8847,1825 series.xlsx|Swellendam 1825|3038
Swellendam,3039,8848,1825 series.xlsx|Swellendam 1825|3039
Swellendam,3041,8849,1825 series.xlsx|Swellendam 1825|3041
Swellendam,3042,8850,1825 series.xlsx|Swellendam 1825|3042
Swellendam,3043,8851,1825 series.xlsx|Swellendam 1825|3043
Swellendam,3046,8852,1825 series.xlsx|Swellendam 1825|3046
Swellendam,3048,8853,1825 series.xlsx|Swellendam 1825|3048
Swellendam,3049,8854,1825 series.xlsx|Swellendam 1825|3049
Swellendam,3050,8855,1825 series.xlsx|Swellendam 1825|3050
Swellendam,3052,8856,1825 series.xlsx|Swellendam 1825|3052
Swellendam,3053,8857,1825 series.xlsx|Swellendam 1825|3053
Swellendam,3055,8858,1825 series.xlsx|Swellendam 1825|3055
Swellendam,3056,8859,1825 series.xlsx|Swellendam 1825|3056
Swellendam,3058,8860,1825 series.xlsx|Swellendam 1825|3058
Swellendam,3059,8861,1825 series.xlsx|Swellendam 1825|3059
Swellendam,3060,8862,1825 series.xlsx|Swellendam 1825|3060
Swellendam,3061,8863,1825 series.xlsx|Swellendam 1825|3061
Swellendam,3062,8864,1825 series.xlsx|Swellendam 1825|3062
Swellendam,3064,8865,1825 series.xlsx|Swellendam 1825|3064
Swellendam,3066,8866,1825 series.xlsx|Swellendam 1825|3066
Swellendam,3067,8867,1825 series.xlsx|Swellendam 1825|3067
Uitenhage,4,8868,1825 series.xlsx|Uitenhage 1825|4
Uitenhage,5,8869,1825 series.xlsx|Uitenhage 1825|5
Uitenhage,6,8870,1825 series.xlsx|Uitenhage 1825|6
Uitenhage,7,8871,1825 series.xlsx|Uitenhage 1825|7
Uitenhage,8,8872,1825 series.xlsx|Uitenhage 1825|8
Uitenhage,9,8873,1825 series.xlsx|Uitenhage 1825|9
Uitenhage,10,8874,1825 series.xlsx|Uitenhage 1825|10
Uitenhage,11,8875,1825 series.xlsx|Uitenhage 1825|11
Uitenhage,12,8876,1825 series.xlsx|Uitenhage 1825|12
Uitenhage,13,8877,1825 series.xlsx|Uitenhage 1825|13
Uitenhage,14,8878,1825 series.xlsx|Uitenhage 1825|14
Uitenhage,15,8879,1825 series.xlsx|Uitenhage 1825|15
Uitenhage,16,8880,1825 series.xlsx|Uitenhage 1825|16
Uitenhage,17,8881,1825 series.xlsx|Uitenhage 1825|17
Uitenhage,18,8882,1825 series.xlsx|Uitenhage 1825|18
Uitenhage,19,8883,1825 series.xlsx|Uitenhage 1825|19
Uitenhage,20,8884,1825 series.xlsx|Uitenhage 1825|20
Uitenhage,21,8885,1825 series.xlsx|Uitenhage 1825|21
Uitenhage,22,8886,1825 series.xlsx|Uitenhage 1825|22
Uitenhage,23,8887,1825 series.xlsx|Uitenhage 1825|23
Uitenhage,24,8888,1825 series.xlsx|Uitenhage 1825|24
Uitenhage,25,8889,1825 series.xlsx|Uitenhage 1825|25
Uitenhage,26,8890,1825 series.xlsx|Uitenhage 1825|26
Uitenhage,27,8891,1825 series.xlsx|Uitenhage 1825|27
Uitenhage,28,8892,1825 series.xlsx|Uitenhage 1825|28
Uitenhage,29,8893,1825 series.xlsx|Uitenhage 1825|29
Uitenhage,30,8894,1825 series.xlsx|Uitenhage 1825|30
Uitenhage,31,8895,1825 series.xlsx|Uitenhage 1825|31
Uitenhage,32,8896,1825 series.xlsx|Uitenhage 1825|32
Uitenhage,33,8897,1825 series.xlsx|Uitenhage 1825|33
Uitenhage,34,8898,1825 series.xlsx|Uitenhage 1825|34
Uitenhage,35,8899,1825 series.xlsx|Uitenhage 1825|35
Uitenhage,36,8900,1825 series.xlsx|Uitenhage 1825|36
Uitenhage,39,8901,1825 series.xlsx|Uitenhage 1825|39
Uitenhage,40,8902,1825 series.xlsx|Uitenhage 1825|40
Uitenhage,41,8903,1825 series.xlsx|Uitenhage 1825|41
Uitenhage,42,8904,1825 series.xlsx|Uitenhage 1825|42
Uitenhage,43,8905,1825 series.xlsx|Uitenhage 1825|43
Uitenhage,44,8906,1825 series.xlsx|Uitenhage 1825|44
Uitenhage,45,8907,1825 series.xlsx|Uitenhage 1825|45
Uitenhage,46,8908,1825 series.xlsx|Uitenhage 1825|46
Uitenhage,47,8909,1825 series.xlsx|Uitenhage 1825|47
Uitenhage,48,8910,1825 series.xlsx|Uitenhage 1825|48
Uitenhage,49,8911,1825 series.xlsx|Uitenhage 1825|49
Uitenhage,50,8912,1825 series.xlsx|Uitenhage 1825|50
Uitenhage,51,8913,1825 series.xlsx|Uitenhage 1825|51
Uitenhage,52,8914,1825 series.xlsx|Uitenhage 1825|52
Uitenhage,53,8915,1825 series.xlsx|Uitenhage 1825|53
Uitenhage,54,8916,1825 series.xlsx|Uitenhage 1825|54
Uitenhage,55,8917,1825 series.xlsx|Uitenhage 1825|55
Uitenhage,56,8918,1825 series.xlsx|Uitenhage 1825|56
Uitenhage,57,8919,1825 series.xlsx|Uitenhage 1825|57
Uitenhage,58,8920,1825 series.xlsx|Uitenhage 1825|58
Uitenhage,59,8921,1825 series.xlsx|Uitenhage 1825|59
Uitenhage,60,8922,1825 series.xlsx|Uitenhage 1825|60
Uitenhage,61,8923,1825 series.xlsx|Uitenhage 1825|61
Uitenhage,62,8924,1825 series.xlsx|Uitenhage 1825|62
Uitenhage,63,8925,1825 series.xlsx|Uitenhage 1825|63
Uitenhage,64,8926,1825 series.xlsx|Uitenhage 1825|64
Uitenhage,65,8927,1825 series.xlsx|Uitenhage 1825|65
Uitenhage,66,8928,1825 series.xlsx|Uitenhage 1825|66
Uitenhage,67,8929,1825 series.xlsx|Uitenhage 1825|67
Uitenhage,68,8930,1825 series.xlsx|Uitenhage 1825|68
Uitenhage,69,8931,1825 series.xlsx|Uitenhage 1825|69
Uitenhage,70,8932,1825 series.xlsx|Uitenhage 1825|70
Uitenhage,73,8933,1825 series.xlsx|Uitenhage 1825|73
Uitenhage,74,8934,1825 series.xlsx|Uitenhage 1825|74
Uitenhage,75,8935,1825 series.xlsx|Uitenhage 1825|75
Uitenhage,76,8936,1825 series.xlsx|Uitenhage 1825|76
Uitenhage,77,8937,1825 series.xlsx|Uitenhage 1825|77
Uitenhage,78,8938,1825 series.xlsx|Uitenhage 1825|78
Uitenhage,79,8939,1825 series.xlsx|Uitenhage 1825|79
Uitenhage,80,8940,1825 series.xlsx|Uitenhage 1825|80
Uitenhage,81,8941,1825 series.xlsx|Uitenhage 1825|81
Uitenhage,82,8942,1825 series.xlsx|Uitenhage 1825|82
Uitenhage,83,8943,1825 series.xlsx|Uitenhage 1825|83
Uitenhage,84,8944,1825 series.xlsx|Uitenhage 1825|84
Uitenhage,85,8945,1825 series.xlsx|Uitenhage 1825|85
Uitenhage,86,8946,1825 series.xlsx|Uitenhage 1825|86
Uitenhage,87,8947,1825 series.xlsx|Uitenhage 1825|87
Uitenhage,88,8948,1825 series.xlsx|Uitenhage 1825|88
Uitenhage,89,8949,1825 series.xlsx|Uitenhage 1825|89
Uitenhage,90,8950,1825 series.xlsx|Uitenhage 1825|90
Uitenhage,91,8951,1825 series.xlsx|Uitenhage 1825|91
Uitenhage,92,8952,1825 series.xlsx|Uitenhage 1825|92
Uitenhage,93,8953,1825 series.xlsx|Uitenhage 1825|93
Uitenhage,94,8954,1825 series.xlsx|Uitenhage 1825|94
Uitenhage,95,8955,1825 series.xlsx|Uitenhage 1825|95
Uitenhage,96,8956,1825 series.xlsx|Uitenhage 1825|96
Uitenhage,97,8957,1825 series.xlsx|Uitenhage 1825|97
Uitenhage,98,8958,1825 series.xlsx|Uitenhage 1825|98
Uitenhage,99,8959,1825 series.xlsx|Uitenhage 1825|99
Uitenhage,100,8960,1825 series.xlsx|Uitenhage 1825|100
Uitenhage,101,8961,1825 series.xlsx|Uitenhage 1825|101
Uitenhage,102,8962,1825 series.xlsx|Uitenhage 1825|102
Uitenhage,103,8963,1825 series.xlsx|Uitenhage 1825|103
Uitenhage,104,8964,1825 series.xlsx|Uitenhage 1825|104
Uitenhage,107,8965,1825 series.xlsx|Uitenhage 1825|107
Uitenhage,108,8966,1825 series.xlsx|Uitenhage 1825|108
Uitenhage,109,8967,1825 series.xlsx|Uitenhage 1825|109
Uitenhage,110,8968,1825 series.xlsx|Uitenhage 1825|110
Uitenhage,111,8969,1825 series.xlsx|Uitenhage 1825|111
Uitenhage,112,8970,1825 series.xlsx|Uitenhage 1825|112
Uitenhage,113,8971,1825 series.xlsx|Uitenhage 1825|113
Uitenhage,114,8972,1825 series.xlsx|Uitenhage 1825|114
Uitenhage,115,8973,1825 series.xlsx|Uitenhage 1825|115
Uitenhage,116,8974,1825 series.xlsx|Uitenhage 1825|116
Uitenhage,117,8975,1825 series.xlsx|Uitenhage 1825|117
Uitenhage,118,8976,1825 series.xlsx|Uitenhage 1825|118
Uitenhage,119,8977,1825 series.xlsx|Uitenhage 1825|119
Uitenhage,120,8978,1825 series.xlsx|Uitenhage 1825|120
Uitenhage,121,8979,1825 series.xlsx|Uitenhage 1825|121
Uitenhage,122,8980,1825 series.xlsx|Uitenhage 1825|122
Uitenhage,123,8981,1825 series.xlsx|Uitenhage 1825|123
Uitenhage,124,8982,1825 series.xlsx|Uitenhage 1825|124
Uitenhage,125,8983,1825 series.xlsx|Uitenhage 1825|125
Uitenhage,126,8984,1825 series.xlsx|Uitenhage 1825|126
Uitenhage,127,8985,1825 series.xlsx|Uitenhage 1825|127
Uitenhage,128,8986,1825 series.xlsx|Uitenhage 1825|128
Uitenhage,129,8987,1825 series.xlsx|Uitenhage 1825|129
Uitenhage,130,8988,1825 series.xlsx|Uitenhage 1825|130
Uitenhage,131,8989,1825 series.xlsx|Uitenhage 1825|131
Uitenhage,132,8990,1825 series.xlsx|Uitenhage 1825|132
Uitenhage,133,8991,1825 series.xlsx|Uitenhage 1825|133
Uitenhage,134,8992,1825 series.xlsx|Uitenhage 1825|134
Uitenhage,135,8993,1825 series.xlsx|Uitenhage 1825|135
Uitenhage,136,8994,1825 series.xlsx|Uitenhage 1825|136
Uitenhage,137,8995,1825 series.xlsx|Uitenhage 1825|137
Uitenhage,138,8996,1825 series.xlsx|Uitenhage 1825|138
Uitenhage,141,8997,1825 series.xlsx|Uitenhage 1825|141
Uitenhage,142,8998,1825 series.xlsx|Uitenhage 1825|142
Uitenhage,143,8999,1825 series.xlsx|Uitenhage 1825|143
Uitenhage,144,9000,1825 series.xlsx|Uitenhage 1825|144
Uitenhage,145,9001,1825 series.xlsx|Uitenhage 1825|145
Uitenhage,146,9002,1825 series.xlsx|Uitenhage 1825|146
Uitenhage,147,9003,1825 series.xlsx|Uitenhage 1825|147
Uitenhage,150,9004,1825 series.xlsx|Uitenhage 1825|150
Uitenhage,151,9005,1825 series.xlsx|Uitenhage 1825|151
Uitenhage,152,9006,1825 series.xlsx|Uitenhage 1825|152
Uitenhage,153,9007,1825 series.xlsx|Uitenhage 1825|153
Uitenhage,154,9008,1825 series.xlsx|Uitenhage 1825|154
Uitenhage,155,9009,1825 series.xlsx|Uitenhage 1825|155
Uitenhage,156,9010,1825 series.xlsx|Uitenhage 1825|156
Uitenhage,157,9011,1825 series.xlsx|Uitenhage 1825|157
Uitenhage,158,9012,1825 series.xlsx|Uitenhage 1825|158
Uitenhage,159,9013,1825 series.xlsx|Uitenhage 1825|159
Uitenhage,160,9014,1825 series.xlsx|Uitenhage 1825|160
Uitenhage,161,9015,1825 series.xlsx|Uitenhage 1825|161
Uitenhage,162,9016,1825 series.xlsx|Uitenhage 1825|162
Uitenhage,163,9017,1825 series.xlsx|Uitenhage 1825|163
Uitenhage,164,9018,1825 series.xlsx|Uitenhage 1825|164
Uitenhage,165,9019,1825 series.xlsx|Uitenhage 1825|165
Uitenhage,166,9020,1825 series.xlsx|Uitenhage 1825|166
Uitenhage,167,9021,1825 series.xlsx|Uitenhage 1825|167
Uitenhage,168,9022,1825 series.xlsx|Uitenhage 1825|168
Uitenhage,169,9023,1825 series.xlsx|Uitenhage 1825|169
Uitenhage,170,9024,1825 series.xlsx|Uitenhage 1825|170
Uitenhage,171,9025,1825 series.xlsx|Uitenhage 1825|171
Uitenhage,172,9026,1825 series.xlsx|Uitenhage 1825|172
Uitenhage,173,9027,1825 series.xlsx|Uitenhage 1825|173
Uitenhage,174,9028,1825 series.xlsx|Uitenhage 1825|174
Uitenhage,175,9029,1825 series.xlsx|Uitenhage 1825|175
Uitenhage,176,9030,1825 series.xlsx|Uitenhage 1825|176
Uitenhage,177,9031,1825 series.xlsx|Uitenhage 1825|177
Uitenhage,178,9032,1825 series.xlsx|Uitenhage 1825|178
Uitenhage,179,9033,1825 series.xlsx|Uitenhage 1825|179
Uitenhage,180,9034,1825 series.xlsx|Uitenhage 1825|180
Uitenhage,181,9035,1825 series.xlsx|Uitenhage 1825|181
Uitenhage,182,9036,1825 series.xlsx|Uitenhage 1825|182
Uitenhage,185,9037,1825 series.xlsx|Uitenhage 1825|185
Uitenhage,186,9038,1825 series.xlsx|Uitenhage 1825|186
Uitenhage,187,9039,1825 series.xlsx|Uitenhage 1825|187
Uitenhage,188,9040,1825 series.xlsx|Uitenhage 1825|188
Uitenhage,189,9041,1825 series.xlsx|Uitenhage 1825|189
Uitenhage,190,9042,1825 series.xlsx|Uitenhage 1825|190
Uitenhage,191,9043,1825 series.xlsx|Uitenhage 1825|191
Uitenhage,192,9044,1825 series.xlsx|Uitenhage 1825|192
Uitenhage,193,9045,1825 series.xlsx|Uitenhage 1825|193
Uitenhage,194,9046,1825 series.xlsx|Uitenhage 1825|194
Uitenhage,195,9047,1825 series.xlsx|Uitenhage 1825|195
Uitenhage,196,9048,1825 series.xlsx|Uitenhage 1825|196
Uitenhage,197,9049,1825 series.xlsx|Uitenhage 1825|197
Uitenhage,198,9050,1825 series.xlsx|Uitenhage 1825|198
Uitenhage,199,9051,1825 series.xlsx|Uitenhage 1825|199
Uitenhage,200,9052,1825 series.xlsx|Uitenhage 1825|200
Uitenhage,201,9053,1825 series.xlsx|Uitenhage 1825|201
Uitenhage,202,9054,1825 series.xlsx|Uitenhage 1825|202
Uitenhage,203,9055,1825 series.xlsx|Uitenhage 1825|203
Uitenhage,204,9056,1825 series.xlsx|Uitenhage 1825|204
Uitenhage,205,9057,1825 series.xlsx|Uitenhage 1825|205
Uitenhage,206,9058,1825 series.xlsx|Uitenhage 1825|206
Uitenhage,207,9059,1825 series.xlsx|Uitenhage 1825|207
Uitenhage,208,9060,1825 series.xlsx|Uitenhage 1825|208
Uitenhage,209,9061,1825 series.xlsx|Uitenhage 1825|209
Uitenhage,210,9062,1825 series.xlsx|Uitenhage 1825|210
Uitenhage,211,9063,1825 series.xlsx|Uitenhage 1825|211
Uitenhage,212,9064,1825 series.xlsx|Uitenhage 1825|212
Uitenhage,213,9065,1825 series.xlsx|Uitenhage 1825|213
Uitenhage,214,9066,1825 series.xlsx|Uitenhage 1825|214
Uitenhage,215,9067,1825 series.xlsx|Uitenhage 1825|215
Uitenhage,216,9068,1825 series.xlsx|Uitenhage 1825|216
Uitenhage,219,9069,1825 series.xlsx|Uitenhage 1825|219
Uitenhage,220,9070,1825 series.xlsx|Uitenhage 1825|220
Uitenhage,221,9071,1825 series.xlsx|Uitenhage 1825|221
Uitenhage,222,9072,1825 series.xlsx|Uitenhage 1825|222
Uitenhage,223,9073,1825 series.xlsx|Uitenhage 1825|223
Uitenhage,224,9074,1825 series.xlsx|Uitenhage 1825|224
Uitenhage,225,9075,1825 series.xlsx|Uitenhage 1825|225
Uitenhage,226,9076,1825 series.xlsx|Uitenhage 1825|226
Uitenhage,227,9077,1825 series.xlsx|Uitenhage 1825|227
Uitenhage,228,9078,1825 series.xlsx|Uitenhage 1825|228
Uitenhage,229,9079,1825 series.xlsx|Uitenhage 1825|229
Uitenhage,230,9080,1825 series.xlsx|Uitenhage 1825|230
Uitenhage,231,9081,1825 series.xlsx|Uitenhage 1825|231
Uitenhage,232,9082,1825 series.xlsx|Uitenhage 1825|232
Uitenhage,233,9083,1825 series.xlsx|Uitenhage 1825|233
Uitenhage,234,9084,1825 series.xlsx|Uitenhage 1825|234
Uitenhage,235,9085,1825 series.xlsx|Uitenhage 1825|235
Uitenhage,236,9086,1825 series.xlsx|Uitenhage 1825|236
Uitenhage,237,9087,1825 series.xlsx|Uitenhage 1825|237
Uitenhage,238,9088,1825 series.xlsx|Uitenhage 1825|238
Uitenhage,239,9089,1825 series.xlsx|Uitenhage 1825|239
Uitenhage,240,9090,1825 series.xlsx|Uitenhage 1825|240
Uitenhage,241,9091,1825 series.xlsx|Uitenhage 1825|241
Uitenhage,242,9092,1825 series.xlsx|Uitenhage 1825|242
Uitenhage,243,9093,1825 series.xlsx|Uitenhage 1825|243
Uitenhage,244,9094,1825 series.xlsx|Uitenhage 1825|244
Uitenhage,245,9095,1825 series.xlsx|Uitenhage 1825|245
Uitenhage,246,9096,1825 series.xlsx|Uitenhage 1825|246
Uitenhage,247,9097,1825 series.xlsx|Uitenhage 1825|247
Uitenhage,248,9098,1825 series.xlsx|Uitenhage 1825|248
Uitenhage,249,9099,1825 series.xlsx|Uitenhage 1825|249
Uitenhage,250,9100,1825 series.xlsx|Uitenhage 1825|250
Uitenhage,251,9101,1825 series.xlsx|Uitenhage 1825|251
Uitenhage,254,9102,1825 series.xlsx|Uitenhage 1825|254
Uitenhage,255,9103,1825 series.xlsx|Uitenhage 1825|255
Uitenhage,256,9104,1825 series.xlsx|Uitenhage 1825|256
Uitenhage,257,9105,1825 series.xlsx|Uitenhage 1825|257
Uitenhage,258,9106,1825 series.xlsx|Uitenhage 1825|258
Uitenhage,259,9107,1825 series.xlsx|Uitenhage 1825|259
Uitenhage,260,9108,1825 series.xlsx|Uitenhage 1825|260
Uitenhage,261,9109,1825 series.xlsx|Uitenhage 1825|261
Uitenhage,264,9110,1825 series.xlsx|Uitenhage 1825|264
Uitenhage,265,9111,1825 series.xlsx|Uitenhage 1825|265
Uitenhage,266,9112,1825 series.xlsx|Uitenhage 1825|266
Uitenhage,267,9113,1825 series.xlsx|Uitenhage 1825|267
Uitenhage,268,9114,1825 series.xlsx|Uitenhage 1825|268
Uitenhage,269,9115,1825 series.xlsx|Uitenhage 1825|269
Uitenhage,270,9116,1825 series.xlsx|Uitenhage 1825|270
Uitenhage,271,9117,1825 series.xlsx|Uitenhage 1825|271
Uitenhage,272,9118,1825 series.xlsx|Uitenhage 1825|272
Uitenhage,273,9119,1825 series.xlsx|Uitenhage 1825|273
Uitenhage,274,9120,1825 series.xlsx|Uitenhage 1825|274
Uitenhage,275,9121,1825 series.xlsx|Uitenhage 1825|275
Uitenhage,276,9122,1825 series.xlsx|Uitenhage 1825|276
Uitenhage,277,9123,1825 series.xlsx|Uitenhage 1825|277
Uitenhage,278,9124,1825 series.xlsx|Uitenhage 1825|278
Uitenhage,279,9125,1825 series.xlsx|Uitenhage 1825|279
Uitenhage,280,9126,1825 series.xlsx|Uitenhage 1825|280
Uitenhage,281,9127,1825 series.xlsx|Uitenhage 1825|281
Uitenhage,282,9128,1825 series.xlsx|Uitenhage 1825|282
Uitenhage,283,9129,1825 series.xlsx|Uitenhage 1825|283
Uitenhage,284,9130,1825 series.xlsx|Uitenhage 1825|284
Uitenhage,285,9131,1825 series.xlsx|Uitenhage 1825|285
Uitenhage,286,9132,1825 series.xlsx|Uitenhage 1825|286
Uitenhage,287,9133,1825 series.xlsx|Uitenhage 1825|287
Uitenhage,288,9134,1825 series.xlsx|Uitenhage 1825|288
Uitenhage,289,9135,1825 series.xlsx|Uitenhage 1825|289
Uitenhage,290,9136,1825 series.xlsx|Uitenhage 1825|290
Uitenhage,291,9137,1825 series.xlsx|Uitenhage 1825|291
Uitenhage,292,9138,1825 series.xlsx|Uitenhage 1825|292
Uitenhage,293,9139,1825 series.xlsx|Uitenhage 1825|293
Uitenhage,294,9140,1825 series.xlsx|Uitenhage 1825|294
Uitenhage,295,9141,1825 series.xlsx|Uitenhage 1825|295
Uitenhage,296,9142,1825 series.xlsx|Uitenhage 1825|296
Uitenhage,299,9143,1825 series.xlsx|Uitenhage 1825|299
Uitenhage,300,9144,1825 series.xlsx|Uitenhage 1825|300
Uitenhage,301,9145,1825 series.xlsx|Uitenhage 1825|301
Uitenhage,302,9146,1825 series.xlsx|Uitenhage 1825|302
Uitenhage,303,9147,1825 series.xlsx|Uitenhage 1825|303
Uitenhage,304,9148,1825 series.xlsx|Uitenhage 1825|304
Uitenhage,305,9149,1825 series.xlsx|Uitenhage 1825|305
Uitenhage,306,9150,1825 series.xlsx|Uitenhage 1825|306
Uitenhage,307,9151,1825 series.xlsx|Uitenhage 1825|307
Uitenhage,308,9152,1825 series.xlsx|Uitenhage 1825|308
Uitenhage,309,9153,1825 series.xlsx|Uitenhage 1825|309
Uitenhage,310,9154,1825 series.xlsx|Uitenhage 1825|310
Uitenhage,311,9155,1825 series.xlsx|Uitenhage 1825|311
Uitenhage,312,9156,1825 series.xlsx|Uitenhage 1825|312
Uitenhage,313,9157,1825 series.xlsx|Uitenhage 1825|313
Uitenhage,314,9158,1825 series.xlsx|Uitenhage 1825|314
Uitenhage,315,9159,1825 series.xlsx|Uitenhage 1825|315
Uitenhage,316,9160,1825 series.xlsx|Uitenhage 1825|316
Uitenhage,317,9161,1825 series.xlsx|Uitenhage 1825|317
Uitenhage,318,9162,1825 series.xlsx|Uitenhage 1825|318
Uitenhage,319,9163,1825 series.xlsx|Uitenhage 1825|319
Uitenhage,320,9164,1825 series.xlsx|Uitenhage 1825|320
Uitenhage,321,9165,1825 series.xlsx|Uitenhage 1825|321
Uitenhage,322,9166,1825 series.xlsx|Uitenhage 1825|322
Uitenhage,323,9167,1825 series.xlsx|Uitenhage 1825|323
Uitenhage,324,9168,1825 series.xlsx|Uitenhage 1825|324
Uitenhage,325,9169,1825 series.xlsx|Uitenhage 1825|325
Uitenhage,326,9170,1825 series.xlsx|Uitenhage 1825|326
Uitenhage,327,9171,1825 series.xlsx|Uitenhage 1825|327
Uitenhage,328,9172,1825 series.xlsx|Uitenhage 1825|328
Uitenhage,329,9173,1825 series.xlsx|Uitenhage 1825|329
Uitenhage,332,9174,1825 series.xlsx|Uitenhage 1825|332
Uitenhage,333,9175,1825 series.xlsx|Uitenhage 1825|333
Uitenhage,334,9176,1825 series.xlsx|Uitenhage 1825|334
Uitenhage,335,9177,1825 series.xlsx|Uitenhage 1825|335
Uitenhage,336,9178,1825 series.xlsx|Uitenhage 1825|336
Uitenhage,337,9179,1825 series.xlsx|Uitenhage 1825|337
Uitenhage,338,9180,1825 series.xlsx|Uitenhage 1825|338
Uitenhage,339,9181,1825 series.xlsx|Uitenhage 1825|339
Uitenhage,340,9182,1825 series.xlsx|Uitenhage 1825|340
Uitenhage,341,9183,1825 series.xlsx|Uitenhage 1825|341
Uitenhage,342,9184,1825 series.xlsx|Uitenhage 1825|342
Uitenhage,345,9185,1825 series.xlsx|Uitenhage 1825|345
Uitenhage,346,9186,1825 series.xlsx|Uitenhage 1825|346
Uitenhage,347,9187,1825 series.xlsx|Uitenhage 1825|347
Uitenhage,348,9188,1825 series.xlsx|Uitenhage 1825|348
Uitenhage,349,9189,1825 series.xlsx|Uitenhage 1825|349
Uitenhage,350,9190,1825 series.xlsx|Uitenhage 1825|350
Uitenhage,351,9191,1825 series.xlsx|Uitenhage 1825|351
Uitenhage,352,9192,1825 series.xlsx|Uitenhage 1825|352
Uitenhage,353,9193,1825 series.xlsx|Uitenhage 1825|353
Uitenhage,354,9194,1825 series.xlsx|Uitenhage 1825|354
Uitenhage,355,9195,1825 series.xlsx|Uitenhage 1825|355
Uitenhage,356,9196,1825 series.xlsx|Uitenhage 1825|356
Uitenhage,357,9197,1825 series.xlsx|Uitenhage 1825|357
Uitenhage,358,9198,1825 series.xlsx|Uitenhage 1825|358
Uitenhage,359,9199,1825 series.xlsx|Uitenhage 1825|359
Uitenhage,360,9200,1825 series.xlsx|Uitenhage 1825|360
Uitenhage,361,9201,1825 series.xlsx|Uitenhage 1825|361
Uitenhage,362,9202,1825 series.xlsx|Uitenhage 1825|362
Uitenhage,363,9203,1825 series.xlsx|Uitenhage 1825|363
Uitenhage,364,9204,1825 series.xlsx|Uitenhage 1825|364
Uitenhage,365,9205,1825 series.xlsx|Uitenhage 1825|365
Uitenhage,366,9206,1825 series.xlsx|Uitenhage 1825|366
Uitenhage,367,9207,1825 series.xlsx|Uitenhage 1825|367
Uitenhage,368,9208,1825 series.xlsx|Uitenhage 1825|368
Uitenhage,369,9209,1825 series.xlsx|Uitenhage 1825|369
Uitenhage,370,9210,1825 series.xlsx|Uitenhage 1825|370
Uitenhage,371,9211,1825 series.xlsx|Uitenhage 1825|371
Uitenhage,372,9212,1825 series.xlsx|Uitenhage 1825|372
Uitenhage,373,9213,1825 series.xlsx|Uitenhage 1825|373
Uitenhage,374,9214,1825 series.xlsx|Uitenhage 1825|374
Uitenhage,375,9215,1825 series.xlsx|Uitenhage 1825|375
Uitenhage,376,9216,1825 series.xlsx|Uitenhage 1825|376
Uitenhage,377,9217,1825 series.xlsx|Uitenhage 1825|377
Uitenhage,380,9218,1825 series.xlsx|Uitenhage 1825|380
Uitenhage,381,9219,1825 series.xlsx|Uitenhage 1825|381
Uitenhage,382,9220,1825 series.xlsx|Uitenhage 1825|382
Uitenhage,383,9221,1825 series.xlsx|Uitenhage 1825|383
Uitenhage,384,9222,1825 series.xlsx|Uitenhage 1825|384
Uitenhage,385,9223,1825 series.xlsx|Uitenhage 1825|385
Uitenhage,386,9224,1825 series.xlsx|Uitenhage 1825|386
Uitenhage,387,9225,1825 series.xlsx|Uitenhage 1825|387
Uitenhage,388,9226,1825 series.xlsx|Uitenhage 1825|388
Uitenhage,389,9227,1825 series.xlsx|Uitenhage 1825|389
Uitenhage,390,9228,1825 series.xlsx|Uitenhage 1825|390
Uitenhage,391,9229,1825 series.xlsx|Uitenhage 1825|391
Uitenhage,392,9230,1825 series.xlsx|Uitenhage 1825|392
Uitenhage,393,9231,1825 series.xlsx|Uitenhage 1825|393
Uitenhage,394,9232,1825 series.xlsx|Uitenhage 1825|394
Uitenhage,395,9233,1825 series.xlsx|Uitenhage 1825|395
Uitenhage,396,9234,1825 series.xlsx|Uitenhage 1825|396
Uitenhage,397,9235,1825 series.xlsx|Uitenhage 1825|397
Uitenhage,398,9236,1825 series.xlsx|Uitenhage 1825|398
Uitenhage,399,9237,1825 series.xlsx|Uitenhage 1825|399
Uitenhage,400,9238,1825 series.xlsx|Uitenhage 1825|400
Uitenhage,401,9239,1825 series.xlsx|Uitenhage 1825|401
Uitenhage,402,9240,1825 series.xlsx|Uitenhage 1825|402
Uitenhage,403,9241,1825 series.xlsx|Uitenhage 1825|403
Uitenhage,404,9242,1825 series.xlsx|Uitenhage 1825|404
Uitenhage,405,9243,1825 series.xlsx|Uitenhage 1825|405
Uitenhage,406,9244,1825 series.xlsx|Uitenhage 1825|406
Uitenhage,407,9245,1825 series.xlsx|Uitenhage 1825|407
Uitenhage,408,9246,1825 series.xlsx|Uitenhage 1825|408
Uitenhage,409,9247,1825 series.xlsx|Uitenhage 1825|409
Uitenhage,410,9248,1825 series.xlsx|Uitenhage 1825|410
Uitenhage,411,9249,1825 series.xlsx|Uitenhage 1825|411
Uitenhage,414,9250,1825 series.xlsx|Uitenhage 1825|414
Uitenhage,415,9251,1825 series.xlsx|Uitenhage 1825|415
Uitenhage,416,9252,1825 series.xlsx|Uitenhage 1825|416
Uitenhage,417,9253,1825 series.xlsx|Uitenhage 1825|417
Uitenhage,418,9254,1825 series.xlsx|Uitenhage 1825|418
Uitenhage,419,9255,1825 series.xlsx|Uitenhage 1825|419
Uitenhage,420,9256,1825 series.xlsx|Uitenhage 1825|420
Uitenhage,421,9257,1825 series.xlsx|Uitenhage 1825|421
Uitenhage,422,9258,1825 series.xlsx|Uitenhage 1825|422
Uitenhage,423,9259,1825 series.xlsx|Uitenhage 1825|423
Uitenhage,424,9260,1825 series.xlsx|Uitenhage 1825|424
Uitenhage,425,9261,1825 series.xlsx|Uitenhage 1825|425
Uitenhage,426,9262,1825 series.xlsx|Uitenhage 1825|426
Uitenhage,427,9263,1825 series.xlsx|Uitenhage 1825|427
Uitenhage,428,9264,1825 series.xlsx|Uitenhage 1825|428
Uitenhage,429,9265,1825 series.xlsx|Uitenhage 1825|429
Uitenhage,430,9266,1825 series.xlsx|Uitenhage 1825|430
Uitenhage,431,9267,1825 series.xlsx|Uitenhage 1825|431
Uitenhage,432,9268,1825 series.xlsx|Uitenhage 1825|432
Uitenhage,433,9269,1825 series.xlsx|Uitenhage 1825|433
Uitenhage,434,9270,1825 series.xlsx|Uitenhage 1825|434
Uitenhage,435,9271,1825 series.xlsx|Uitenhage 1825|435
Uitenhage,436,9272,1825 series.xlsx|Uitenhage 1825|436
Uitenhage,437,9273,1825 series.xlsx|Uitenhage 1825|437
Uitenhage,438,9274,1825 series.xlsx|Uitenhage 1825|438
Uitenhage,439,9275,1825 series.xlsx|Uitenhage 1825|439
Uitenhage,440,9276,1825 series.xlsx|Uitenhage 1825|440
Uitenhage,441,9277,1825 series.xlsx|Uitenhage 1825|441
Uitenhage,442,9278,1825 series.xlsx|Uitenhage 1825|442
Uitenhage,443,9279,1825 series.xlsx|Uitenhage 1825|443
Uitenhage,444,9280,1825 series.xlsx|Uitenhage 1825|444
Uitenhage,447,9281,1825 series.xlsx|Uitenhage 1825|447
Uitenhage,448,9282,1825 series.xlsx|Uitenhage 1825|448
Uitenhage,449,9283,1825 series.xlsx|Uitenhage 1825|449
Uitenhage,450,9284,1825 series.xlsx|Uitenhage 1825|450
Uitenhage,451,9285,1825 series.xlsx|Uitenhage 1825|451
Uitenhage,452,9286,1825 series.xlsx|Uitenhage 1825|452
Uitenhage,453,9287,1825 series.xlsx|Uitenhage 1825|453
Uitenhage,454,9288,1825 series.xlsx|Uitenhage 1825|454
Uitenhage,455,9289,1825 series.xlsx|Uitenhage 1825|455
Uitenhage,456,9290,1825 series.xlsx|Uitenhage 1825|456
Uitenhage,457,9291,1825 series.xlsx|Uitenhage 1825|457
Uitenhage,458,9292,1825 series.xlsx|Uitenhage 1825|458
Uitenhage,459,9293,1825 series.xlsx|Uitenhage 1825|459
Uitenhage,460,9294,1825 series.xlsx|Uitenhage 1825|460
Uitenhage,461,9295,1825 series.xlsx|Uitenhage 1825|461
Uitenhage,462,9296,1825 series.xlsx|Uitenhage 1825|462
Uitenhage,463,9297,1825 series.xlsx|Uitenhage 1825|463
Uitenhage,464,9298,1825 series.xlsx|Uitenhage 1825|464
Uitenhage,465,9299,1825 series.xlsx|Uitenhage 1825|465
Uitenhage,466,9300,1825 series.xlsx|Uitenhage 1825|466
Uitenhage,467,9301,1825 series.xlsx|Uitenhage 1825|467
Uitenhage,468,9302,1825 series.xlsx|Uitenhage 1825|468
Uitenhage,469,9303,1825 series.xlsx|Uitenhage 1825|469
Uitenhage,470,9304,1825 series.xlsx|Uitenhage 1825|470
Uitenhage,471,9305,1825 series.xlsx|Uitenhage 1825|471
Uitenhage,472,9306,1825 series.xlsx|Uitenhage 1825|472
Uitenhage,473,9307,1825 series.xlsx|Uitenhage 1825|473
Uitenhage,474,9308,1825 series.xlsx|Uitenhage 1825|474
Uitenhage,475,9309,1825 series.xlsx|Uitenhage 1825|475
Uitenhage,476,9310,1825 series.xlsx|Uitenhage 1825|476
Uitenhage,477,9311,1825 series.xlsx|Uitenhage 1825|477
Uitenhage,478,9312,1825 series.xlsx|Uitenhage 1825|478
Uitenhage,479,9313,1825 series.xlsx|Uitenhage 1825|479
Uitenhage,482,9314,1825 series.xlsx|Uitenhage 1825|482
Uitenhage,483,9315,1825 series.xlsx|Uitenhage 1825|483
Uitenhage,484,9316,1825 series.xlsx|Uitenhage 1825|484
Uitenhage,485,9317,1825 series.xlsx|Uitenhage 1825|485
Uitenhage,486,9318,1825 series.xlsx|Uitenhage 1825|486
Uitenhage,487,9319,1825 series.xlsx|Uitenhage 1825|487
Uitenhage,488,9320,1825 series.xlsx|Uitenhage 1825|488
Uitenhage,489,9321,1825 series.xlsx|Uitenhage 1825|489
Uitenhage,490,9322,1825 series.xlsx|Uitenhage 1825|490
Uitenhage,491,9323,1825 series.xlsx|Uitenhage 1825|491
Uitenhage,492,9324,1825 series.xlsx|Uitenhage 1825|492
Uitenhage,493,9325,1825 series.xlsx|Uitenhage 1825|493
Uitenhage,496,9326,1825 series.xlsx|Uitenhage 1825|496
Uitenhage,497,9327,1825 series.xlsx|Uitenhage 1825|497
Uitenhage,498,9328,1825 series.xlsx|Uitenhage 1825|498
Uitenhage,499,9329,1825 series.xlsx|Uitenhage 1825|499
Uitenhage,500,9330,1825 series.xlsx|Uitenhage 1825|500
Uitenhage,501,9331,1825 series.xlsx|Uitenhage 1825|501
Uitenhage,502,9332,1825 series.xlsx|Uitenhage 1825|502
Uitenhage,503,9333,1825 series.xlsx|Uitenhage 1825|503
Uitenhage,504,9334,1825 series.xlsx|Uitenhage 1825|504
Uitenhage,505,9335,1825 series.xlsx|Uitenhage 1825|505
Uitenhage,506,9336,1825 series.xlsx|Uitenhage 1825|506
Uitenhage,507,9337,1825 series.xlsx|Uitenhage 1825|507
Uitenhage,508,9338,1825 series.xlsx|Uitenhage 1825|508
Uitenhage,509,9339,1825 series.xlsx|Uitenhage 1825|509
Uitenhage,510,9340,1825 series.xlsx|Uitenhage 1825|510
Uitenhage,511,9341,1825 series.xlsx|Uitenhage 1825|511
Uitenhage,512,9342,1825 series.xlsx|Uitenhage 1825|512
Uitenhage,513,9343,1825 series.xlsx|Uitenhage 1825|513
Uitenhage,514,9344,1825 series.xlsx|Uitenhage 1825|514
Uitenhage,515,9345,1825 series.xlsx|Uitenhage 1825|515
Uitenhage,516,9346,1825 series.xlsx|Uitenhage 1825|516
Uitenhage,517,9347,1825 series.xlsx|Uitenhage 1825|517
Uitenhage,518,9348,1825 series.xlsx|Uitenhage 1825|518
Uitenhage,519,9349,1825 series.xlsx|Uitenhage 1825|519
Uitenhage,520,9350,1825 series.xlsx|Uitenhage 1825|520
Uitenhage,521,9351,1825 series.xlsx|Uitenhage 1825|521
Uitenhage,522,9352,1825 series.xlsx|Uitenhage 1825|522
Uitenhage,523,9353,1825 series.xlsx|Uitenhage 1825|523
Uitenhage,524,9354,1825 series.xlsx|Uitenhage 1825|524
Uitenhage,525,9355,1825 series.xlsx|Uitenhage 1825|525
Uitenhage,528,9356,1825 series.xlsx|Uitenhage 1825|528
Uitenhage,529,9357,1825 series.xlsx|Uitenhage 1825|529
Uitenhage,530,9358,1825 series.xlsx|Uitenhage 1825|530
Uitenhage,531,9359,1825 series.xlsx|Uitenhage 1825|531
Uitenhage,532,9360,1825 series.xlsx|Uitenhage 1825|532
Uitenhage,533,9361,1825 series.xlsx|Uitenhage 1825|533
Uitenhage,534,9362,1825 series.xlsx|Uitenhage 1825|534
Uitenhage,535,9363,1825 series.xlsx|Uitenhage 1825|535
Uitenhage,536,9364,1825 series.xlsx|Uitenhage 1825|536
Uitenhage,537,9365,1825 series.xlsx|Uitenhage 1825|537
Uitenhage,538,9366,1825 series.xlsx|Uitenhage 1825|538
Uitenhage,539,9367,1825 series.xlsx|Uitenhage 1825|539
Uitenhage,541,9368,1825 series.xlsx|Uitenhage 1825|541
Uitenhage,542,9369,1825 series.xlsx|Uitenhage 1825|542
Uitenhage,543,9370,1825 series.xlsx|Uitenhage 1825|543
Uitenhage,544,9371,1825 series.xlsx|Uitenhage 1825|544
Uitenhage,545,9372,1825 series.xlsx|Uitenhage 1825|545
Uitenhage,546,9373,1825 series.xlsx|Uitenhage 1825|546
Uitenhage,547,9374,1825 series.xlsx|Uitenhage 1825|547
Uitenhage,548,9375,1825 series.xlsx|Uitenhage 1825|548
Uitenhage,549,9376,1825 series.xlsx|Uitenhage 1825|549
Uitenhage,550,9377,1825 series.xlsx|Uitenhage 1825|550
Uitenhage,553,9378,1825 series.xlsx|Uitenhage 1825|553
Uitenhage,554,9379,1825 series.xlsx|Uitenhage 1825|554
Uitenhage,555,9380,1825 series.xlsx|Uitenhage 1825|555
Uitenhage,556,9381,1825 series.xlsx|Uitenhage 1825|556
Uitenhage,557,9382,1825 series.xlsx|Uitenhage 1825|557
Uitenhage,558,9383,1825 series.xlsx|Uitenhage 1825|558
Uitenhage,559,9384,1825 series.xlsx|Uitenhage 1825|559
Uitenhage,560,9385,1825 series.xlsx|Uitenhage 1825|560
Uitenhage,561,9386,1825 series.xlsx|Uitenhage 1825|561
Uitenhage,562,9387,1825 series.xlsx|Uitenhage 1825|562
Uitenhage,563,9388,1825 series.xlsx|Uitenhage 1825|563
Uitenhage,564,9389,1825 series.xlsx|Uitenhage 1825|564
Uitenhage,565,9390,1825 series.xlsx|Uitenhage 1825|565
Uitenhage,566,9391,1825 series.xlsx|Uitenhage 1825|566
Uitenhage,567,9392,1825 series.xlsx|Uitenhage 1825|567
Uitenhage,568,9393,1825 series.xlsx|Uitenhage 1825|568
Uitenhage,569,9394,1825 series.xlsx|Uitenhage 1825|569
Uitenhage,570,9395,1825 series.xlsx|Uitenhage 1825|570
Uitenhage,571,9396,1825 series.xlsx|Uitenhage 1825|571
Uitenhage,572,9397,1825 series.xlsx|Uitenhage 1825|572
Uitenhage,573,9398,1825 series.xlsx|Uitenhage 1825|573
Uitenhage,574,9399,1825 series.xlsx|Uitenhage 1825|574
Uitenhage,575,9400,1825 series.xlsx|Uitenhage 1825|575
Uitenhage,576,9401,1825 series.xlsx|Uitenhage 1825|576
Uitenhage,577,9402,1825 series.xlsx|Uitenhage 1825|577
Uitenhage,578,9403,1825 series.xlsx|Uitenhage 1825|578
Uitenhage,579,9404,1825 series.xlsx|Uitenhage 1825|579
Uitenhage,580,9405,1825 series.xlsx|Uitenhage 1825|580
Uitenhage,581,9406,1825 series.xlsx|Uitenhage 1825|581
Uitenhage,582,9407,1825 series.xlsx|Uitenhage 1825|582
Uitenhage,583,9408,1825 series.xlsx|Uitenhage 1825|583
Uitenhage,584,9409,1825 series.xlsx|Uitenhage 1825|584
Uitenhage,587,9410,1825 series.xlsx|Uitenhage 1825|587
Uitenhage,588,9411,1825 series.xlsx|Uitenhage 1825|588
Uitenhage,589,9412,1825 series.xlsx|Uitenhage 1825|589
Uitenhage,590,9413,1825 series.xlsx|Uitenhage 1825|590
Uitenhage,591,9414,1825 series.xlsx|Uitenhage 1825|591
Uitenhage,592,9415,1825 series.xlsx|Uitenhage 1825|592
Uitenhage,593,9416,1825 series.xlsx|Uitenhage 1825|593
Uitenhage,594,9417,1825 series.xlsx|Uitenhage 1825|594
Uitenhage,595,9418,1825 series.xlsx|Uitenhage 1825|595
Uitenhage,596,9419,1825 series.xlsx|Uitenhage 1825|596
Uitenhage,597,9420,1825 series.xlsx|Uitenhage 1825|597
Uitenhage,598,9421,1825 series.xlsx|Uitenhage 1825|598
Uitenhage,599,9422,1825 series.xlsx|Uitenhage 1825|599
Uitenhage,600,9423,1825 series.xlsx|Uitenhage 1825|600
Uitenhage,601,9424,1825 series.xlsx|Uitenhage 1825|601
Uitenhage,602,9425,1825 series.xlsx|Uitenhage 1825|602
Uitenhage,603,9426,1825 series.xlsx|Uitenhage 1825|603
Uitenhage,604,9427,1825 series.xlsx|Uitenhage 1825|604
Uitenhage,605,9428,1825 series.xlsx|Uitenhage 1825|605
Uitenhage,606,9429,1825 series.xlsx|Uitenhage 1825|606
Uitenhage,607,9430,1825 series.xlsx|Uitenhage 1825|607
Uitenhage,608,9431,1825 series.xlsx|Uitenhage 1825|608
Uitenhage,609,9432,1825 series.xlsx|Uitenhage 1825|609
Uitenhage,610,9433,1825 series.xlsx|Uitenhage 1825|610
Uitenhage,611,9434,1825 series.xlsx|Uitenhage 1825|611
Uitenhage,612,9435,1825 series.xlsx|Uitenhage 1825|612
Uitenhage,613,9436,1825 series.xlsx|Uitenhage 1825|613
Uitenhage,614,9437,1825 series.xlsx|Uitenhage 1825|614
Uitenhage,615,9438,1825 series.xlsx|Uitenhage 1825|615
Uitenhage,616,9439,1825 series.xlsx|Uitenhage 1825|616
Uitenhage,617,9440,1825 series.xlsx|Uitenhage 1825|617
Uitenhage,618,9441,1825 series.xlsx|Uitenhage 1825|618
Uitenhage,621,9442,1825 series.xlsx|Uitenhage 1825|621
Uitenhage,622,9443,1825 series.xlsx|Uitenhage 1825|622
Uitenhage,623,9444,1825 series.xlsx|Uitenhage 1825|623
Uitenhage,624,9445,1825 series.xlsx|Uitenhage 1825|624
Uitenhage,625,9446,1825 series.xlsx|Uitenhage 1825|625
Uitenhage,626,9447,1825 series.xlsx|Uitenhage 1825|626
Uitenhage,627,9448,1825 series.xlsx|Uitenhage 1825|627
Uitenhage,628,9449,1825 series.xlsx|Uitenhage 1825|628
Uitenhage,629,9450,1825 series.xlsx|Uitenhage 1825|629
Uitenhage,630,9451,1825 series.xlsx|Uitenhage 1825|630
Uitenhage,631,9452,1825 series.xlsx|Uitenhage 1825|631
Uitenhage,632,9453,1825 series.xlsx|Uitenhage 1825|632
Uitenhage,633,9454,1825 series.xlsx|Uitenhage 1825|633
Uitenhage,634,9455,1825 series.xlsx|Uitenhage 1825|634
Uitenhage,635,9456,1825 series.xlsx|Uitenhage 1825|635
Uitenhage,636,9457,1825 series.xlsx|Uitenhage 1825|636
Uitenhage,637,9458,1825 series.xlsx|Uitenhage 1825|637
Uitenhage,638,9459,1825 series.xlsx|Uitenhage 1825|638
Uitenhage,639,9460,1825 series.xlsx|Uitenhage 1825|639
Uitenhage,640,9461,1825 series.xlsx|Uitenhage 1825|640
Uitenhage,641,9462,1825 series.xlsx|Uitenhage 1825|641
Uitenhage,644,9463,1825 series.xlsx|Uitenhage 1825|644
Uitenhage,645,9464,1825 series.xlsx|Uitenhage 1825|645
Uitenhage,646,9465,1825 series.xlsx|Uitenhage 1825|646
Uitenhage,647,9466,1825 series.xlsx|Uitenhage 1825|647
Uitenhage,648,9467,1825 series.xlsx|Uitenhage 1825|648
Uitenhage,649,9468,1825 series.xlsx|Uitenhage 1825|649
Uitenhage,650,9469,1825 series.xlsx|Uitenhage 1825|650
Uitenhage,651,9470,1825 series.xlsx|Uitenhage 1825|651
Uitenhage,652,9471,1825 series.xlsx|Uitenhage 1825|652
Uitenhage,653,9472,1825 series.xlsx|Uitenhage 1825|653
Uitenhage,654,9473,1825 series.xlsx|Uitenhage 1825|654
Uitenhage,655,9474,1825 series.xlsx|Uitenhage 1825|655
Uitenhage,656,9475,1825 series.xlsx|Uitenhage 1825|656
Uitenhage,657,9476,1825 series.xlsx|Uitenhage 1825|657
Uitenhage,658,9477,1825 series.xlsx|Uitenhage 1825|658
Uitenhage,659,9478,1825 series.xlsx|Uitenhage 1825|659
Uitenhage,660,9479,1825 series.xlsx|Uitenhage 1825|660
Uitenhage,661,9480,1825 series.xlsx|Uitenhage 1825|661
Uitenhage,662,9481,1825 series.xlsx|Uitenhage 1825|662
Uitenhage,663,9482,1825 series.xlsx|Uitenhage 1825|663
Uitenhage,664,9483,1825 series.xlsx|Uitenhage 1825|664
Uitenhage,665,9484,1825 series.xlsx|Uitenhage 1825|665
Uitenhage,666,9485,1825 series.xlsx|Uitenhage 1825|666
Uitenhage,667,9486,1825 series.xlsx|Uitenhage 1825|667
Uitenhage,668,9487,1825 series.xlsx|Uitenhage 1825|668
Uitenhage,669,9488,1825 series.xlsx|Uitenhage 1825|669
Uitenhage,670,9489,1825 series.xlsx|Uitenhage 1825|670
Uitenhage,671,9490,1825 series.xlsx|Uitenhage 1825|671
Uitenhage,672,9491,1825 series.xlsx|Uitenhage 1825|672
Uitenhage,673,9492,1825 series.xlsx|Uitenhage 1825|673
Uitenhage,674,9493,1825 series.xlsx|Uitenhage 1825|674
Uitenhage,675,9494,1825 series.xlsx|Uitenhage 1825|675
Uitenhage,676,9495,1825 series.xlsx|Uitenhage 1825|676
Uitenhage,679,9496,1825 series.xlsx|Uitenhage 1825|679
Uitenhage,680,9497,1825 series.xlsx|Uitenhage 1825|680
Uitenhage,681,9498,1825 series.xlsx|Uitenhage 1825|681
Uitenhage,682,9499,1825 series.xlsx|Uitenhage 1825|682
Uitenhage,683,9500,1825 series.xlsx|Uitenhage 1825|683
Uitenhage,684,9501,1825 series.xlsx|Uitenhage 1825|684
Uitenhage,685,9502,1825 series.xlsx|Uitenhage 1825|685
Uitenhage,686,9503,1825 series.xlsx|Uitenhage 1825|686
Uitenhage,687,9504,1825 series.xlsx|Uitenhage 1825|687
Uitenhage,688,9505,1825 series.xlsx|Uitenhage 1825|688
Uitenhage,689,9506,1825 series.xlsx|Uitenhage 1825|689
Uitenhage,690,9507,1825 series.xlsx|Uitenhage 1825|690
Uitenhage,691,9508,1825 series.xlsx|Uitenhage 1825|691
Uitenhage,692,9509,1825 series.xlsx|Uitenhage 1825|692
Uitenhage,693,9510,1825 series.xlsx|Uitenhage 1825|693
Uitenhage,694,9511,1825 series.xlsx|Uitenhage 1825|694
Uitenhage,695,9512,1825 series.xlsx|Uitenhage 1825|695
Uitenhage,696,9513,1825 series.xlsx|Uitenhage 1825|696
Uitenhage,697,9514,1825 series.xlsx|Uitenhage 1825|697
Uitenhage,698,9515,1825 series.xlsx|Uitenhage 1825|698
Uitenhage,699,9516,1825 series.xlsx|Uitenhage 1825|699
Uitenhage,700,9517,1825 series.xlsx|Uitenhage 1825|700
Uitenhage,701,9518,1825 series.xlsx|Uitenhage 1825|701
Uitenhage,702,9519,1825 series.xlsx|Uitenhage 1825|702
Uitenhage,703,9520,1825 series.xlsx|Uitenhage 1825|703
Uitenhage,704,9521,1825 series.xlsx|Uitenhage 1825|704
Uitenhage,705,9522,1825 series.xlsx|Uitenhage 1825|705
Uitenhage,706,9523,1825 series.xlsx|Uitenhage 1825|706
Uitenhage,707,9524,1825 series.xlsx|Uitenhage 1825|707
Uitenhage,708,9525,1825 series.xlsx|Uitenhage 1825|708
Uitenhage,711,9526,1825 series.xlsx|Uitenhage 1825|711
Uitenhage,712,9527,1825 series.xlsx|Uitenhage 1825|712
Uitenhage,713,9528,1825 series.xlsx|Uitenhage 1825|713
Uitenhage,714,9529,1825 series.xlsx|Uitenhage 1825|714
Uitenhage,715,9530,1825 series.xlsx|Uitenhage 1825|715
Uitenhage,716,9531,1825 series.xlsx|Uitenhage 1825|716
Uitenhage,717,9532,1825 series.xlsx|Uitenhage 1825|717
Uitenhage,718,9533,1825 series.xlsx|Uitenhage 1825|718
Uitenhage,719,9534,1825 series.xlsx|Uitenhage 1825|719
Uitenhage,720,9535,1825 series.xlsx|Uitenhage 1825|720
Uitenhage,721,9536,1825 series.xlsx|Uitenhage 1825|721
Uitenhage,724,9537,1825 series.xlsx|Uitenhage 1825|724
Uitenhage,725,9538,1825 series.xlsx|Uitenhage 1825|725
Uitenhage,726,9539,1825 series.xlsx|Uitenhage 1825|726
Uitenhage,727,9540,1825 series.xlsx|Uitenhage 1825|727
Uitenhage,728,9541,1825 series.xlsx|Uitenhage 1825|728
Uitenhage,729,9542,1825 series.xlsx|Uitenhage 1825|729
Uitenhage,730,9543,1825 series.xlsx|Uitenhage 1825|730
Uitenhage,731,9544,1825 series.xlsx|Uitenhage 1825|731
Uitenhage,732,9545,1825 series.xlsx|Uitenhage 1825|732
Uitenhage,733,9546,1825 series.xlsx|Uitenhage 1825|733
Uitenhage,734,9547,1825 series.xlsx|Uitenhage 1825|734
Uitenhage,735,9548,1825 series.xlsx|Uitenhage 1825|735
Uitenhage,736,9549,1825 series.xlsx|Uitenhage 1825|736
Uitenhage,737,9550,1825 series.xlsx|Uitenhage 1825|737
Uitenhage,738,9551,1825 series.xlsx|Uitenhage 1825|738
Uitenhage,739,9552,1825 series.xlsx|Uitenhage 1825|739
Uitenhage,740,9553,1825 series.xlsx|Uitenhage 1825|740
Uitenhage,741,9554,1825 series.xlsx|Uitenhage 1825|741
Uitenhage,742,9555,1825 series.xlsx|Uitenhage 1825|742
Uitenhage,743,9556,1825 series.xlsx|Uitenhage 1825|743
Uitenhage,744,9557,1825 series.xlsx|Uitenhage 1825|744
Uitenhage,745,9558,1825 series.xlsx|Uitenhage 1825|745
Uitenhage,746,9559,1825 series.xlsx|Uitenhage 1825|746
Uitenhage,747,9560,1825 series.xlsx|Uitenhage 1825|747
Uitenhage,748,9561,1825 series.xlsx|Uitenhage 1825|748
Uitenhage,749,9562,1825 series.xlsx|Uitenhage 1825|749
Uitenhage,750,9563,1825 series.xlsx|Uitenhage 1825|750
Uitenhage,751,9564,1825 series.xlsx|Uitenhage 1825|751
Uitenhage,752,9565,1825 series.xlsx|Uitenhage 1825|752
Uitenhage,753,9566,1825 series.xlsx|Uitenhage 1825|753
Uitenhage,754,9567,1825 series.xlsx|Uitenhage 1825|754
Uitenhage,755,9568,1825 series.xlsx|Uitenhage 1825|755
Uitenhage,758,9569,1825 series.xlsx|Uitenhage 1825|758
Uitenhage,759,9570,1825 series.xlsx|Uitenhage 1825|759
Uitenhage,760,9571,1825 series.xlsx|Uitenhage 1825|760
Uitenhage,761,9572,1825 series.xlsx|Uitenhage 1825|761
Uitenhage,762,9573,1825 series.xlsx|Uitenhage 1825|762
Uitenhage,763,9574,1825 series.xlsx|Uitenhage 1825|763
Uitenhage,764,9575,1825 series.xlsx|Uitenhage 1825|764
Uitenhage,765,9576,1825 series.xlsx|Uitenhage 1825|765
Uitenhage,766,9577,1825 series.xlsx|Uitenhage 1825|766
Uitenhage,767,9578,1825 series.xlsx|Uitenhage 1825|767
Uitenhage,768,9579,1825 series.xlsx|Uitenhage 1825|768
Uitenhage,769,9580,1825 series.xlsx|Uitenhage 1825|769
Uitenhage,770,9581,1825 series.xlsx|Uitenhage 1825|770
Uitenhage,771,9582,1825 series.xlsx|Uitenhage 1825|771
Uitenhage,772,9583,1825 series.xlsx|Uitenhage 1825|772
Uitenhage,773,9584,1825 series.xlsx|Uitenhage 1825|773
Uitenhage,774,9585,1825 series.xlsx|Uitenhage 1825|774
Uitenhage,775,9586,1825 series.xlsx|Uitenhage 1825|775
Uitenhage,776,9587,1825 series.xlsx|Uitenhage 1825|776
Uitenhage,777,9588,1825 series.xlsx|Uitenhage 1825|777
Uitenhage,778,9589,1825 series.xlsx|Uitenhage 1825|778
Uitenhage,779,9590,1825 series.xlsx|Uitenhage 1825|779
Uitenhage,780,9591,1825 series.xlsx|Uitenhage 1825|780
Uitenhage,781,9592,1825 series.xlsx|Uitenhage 1825|781
Uitenhage,782,9593,1825 series.xlsx|Uitenhage 1825|782
Uitenhage,783,9594,1825 series.xlsx|Uitenhage 1825|783
Uitenhage,784,9595,1825 series.xlsx|Uitenhage 1825|784
Uitenhage,785,9596,1825 series.xlsx|Uitenhage 1825|785
Uitenhage,786,9597,1825 series.xlsx|Uitenhage 1825|786
Uitenhage,787,9598,1825 series.xlsx|Uitenhage 1825|787
Uitenhage,788,9599,1825 series.xlsx|Uitenhage 1825|788
Uitenhage,791,9600,1825 series.xlsx|Uitenhage 1825|791
Uitenhage,792,9601,1825 series.xlsx|Uitenhage 1825|792
Uitenhage,793,9602,1825 series.xlsx|Uitenhage 1825|793
Uitenhage,794,9603,1825 series.xlsx|Uitenhage 1825|794
Uitenhage,795,9604,1825 series.xlsx|Uitenhage 1825|795
Uitenhage,796,9605,1825 series.xlsx|Uitenhage 1825|796
Uitenhage,797,9606,1825 series.xlsx|Uitenhage 1825|797
Uitenhage,798,9607,1825 series.xlsx|Uitenhage 1825|798
Uitenhage,799,9608,1825 series.xlsx|Uitenhage 1825|799
Uitenhage,802,9609,1825 series.xlsx|Uitenhage 1825|802
Uitenhage,803,9610,1825 series.xlsx|Uitenhage 1825|803
Uitenhage,804,9611,1825 series.xlsx|Uitenhage 1825|804
Uitenhage,805,9612,1825 series.xlsx|Uitenhage 1825|805
Uitenhage,806,9613,1825 series.xlsx|Uitenhage 1825|806
Uitenhage,807,9614,1825 series.xlsx|Uitenhage 1825|807
Uitenhage,808,9615,1825 series.xlsx|Uitenhage 1825|808
Uitenhage,809,9616,1825 series.xlsx|Uitenhage 1825|809
Uitenhage,810,9617,1825 series.xlsx|Uitenhage 1825|810
Uitenhage,811,9618,1825 series.xlsx|Uitenhage 1825|811
Uitenhage,812,9619,1825 series.xlsx|Uitenhage 1825|812
Uitenhage,813,9620,1825 series.xlsx|Uitenhage 1825|813
Uitenhage,814,9621,1825 series.xlsx|Uitenhage 1825|814
Uitenhage,815,9622,1825 series.xlsx|Uitenhage 1825|815
Uitenhage,816,9623,1825 series.xlsx|Uitenhage 1825|816
Uitenhage,817,9624,1825 series.xlsx|Uitenhage 1825|817
Uitenhage,818,9625,1825 series.xlsx|Uitenhage 1825|818
Uitenhage,819,9626,1825 series.xlsx|Uitenhage 1825|819
Uitenhage,820,9627,1825 series.xlsx|Uitenhage 1825|820
Uitenhage,821,9628,1825 series.xlsx|Uitenhage 1825|821
Uitenhage,822,9629,1825 series.xlsx|Uitenhage 1825|822
Uitenhage,823,9630,1825 series.xlsx|Uitenhage 1825|823
Uitenhage,824,9631,1825 series.xlsx|Uitenhage 1825|824
Uitenhage,825,9632,1825 series.xlsx|Uitenhage 1825|825
Uitenhage,826,9633,1825 series.xlsx|Uitenhage 1825|826
Uitenhage,827,9634,1825 series.xlsx|Uitenhage 1825|827
Uitenhage,828,9635,1825 series.xlsx|Uitenhage 1825|828
Uitenhage,829,9636,1825 series.xlsx|Uitenhage 1825|829
Uitenhage,830,9637,1825 series.xlsx|Uitenhage 1825|830
Uitenhage,831,9638,1825 series.xlsx|Uitenhage 1825|831
Uitenhage,832,9639,1825 series.xlsx|Uitenhage 1825|832
Uitenhage,833,9640,1825 series.xlsx|Uitenhage 1825|833
Uitenhage,834,9641,1825 series.xlsx|Uitenhage 1825|834
Uitenhage,837,9642,1825 series.xlsx|Uitenhage 1825|837
Uitenhage,838,9643,1825 series.xlsx|Uitenhage 1825|838
Uitenhage,839,9644,1825 series.xlsx|Uitenhage 1825|839
Uitenhage,840,9645,1825 series.xlsx|Uitenhage 1825|840
Uitenhage,841,9646,1825 series.xlsx|Uitenhage 1825|841
Uitenhage,842,9647,1825 series.xlsx|Uitenhage 1825|842
Uitenhage,843,9648,1825 series.xlsx|Uitenhage 1825|843
Uitenhage,844,9649,1825 series.xlsx|Uitenhage 1825|844
Uitenhage,845,9650,1825 series.xlsx|Uitenhage 1825|845
Uitenhage,846,9651,1825 series.xlsx|Uitenhage 1825|846
Uitenhage,847,9652,1825 series.xlsx|Uitenhage 1825|847
Uitenhage,848,9653,1825 series.xlsx|Uitenhage 1825|848
Uitenhage,849,9654,1825 series.xlsx|Uitenhage 1825|849
Uitenhage,850,9655,1825 series.xlsx|Uitenhage 1825|850
Uitenhage,851,9656,1825 series.xlsx|Uitenhage 1825|851
Uitenhage,852,9657,1825 series.xlsx|Uitenhage 1825|852
Uitenhage,853,9658,1825 series.xlsx|Uitenhage 1825|853
Uitenhage,854,9659,1825 series.xlsx|Uitenhage 1825|854
Uitenhage,855,9660,1825 series.xlsx|Uitenhage 1825|855
Uitenhage,856,9661,1825 series.xlsx|Uitenhage 1825|856
Uitenhage,857,9662,1825 series.xlsx|Uitenhage 1825|857
Uitenhage,858,9663,1825 series.xlsx|Uitenhage 1825|858
Uitenhage,859,9664,1825 series.xlsx|Uitenhage 1825|859
Uitenhage,860,9665,1825 series.xlsx|Uitenhage 1825|860
Uitenhage,861,9666,1825 series.xlsx|Uitenhage 1825|861
Uitenhage,862,9667,1825 series.xlsx|Uitenhage 1825|862
Uitenhage,863,9668,1825 series.xlsx|Uitenhage 1825|863
Uitenhage,864,9669,1825 series.xlsx|Uitenhage 1825|864
Uitenhage,865,9670,1825 series.xlsx|Uitenhage 1825|865
Uitenhage,866,9671,1825 series.xlsx|Uitenhage 1825|866
Uitenhage,867,9672,1825 series.xlsx|Uitenhage 1825|867
Uitenhage,868,9673,1825 series.xlsx|Uitenhage 1825|868
Uitenhage,871,9674,1825 series.xlsx|Uitenhage 1825|871
Uitenhage,872,9675,1825 series.xlsx|Uitenhage 1825|872
Uitenhage,873,9676,1825 series.xlsx|Uitenhage 1825|873
Uitenhage,874,9677,1825 series.xlsx|Uitenhage 1825|874
Uitenhage,875,9678,1825 series.xlsx|Uitenhage 1825|875
Uitenhage,876,9679,1825 series.xlsx|Uitenhage 1825|876
Uitenhage,877,9680,1825 series.xlsx|Uitenhage 1825|877
Uitenhage,878,9681,1825 series.xlsx|Uitenhage 1825|878
Uitenhage,879,9682,1825 series.xlsx|Uitenhage 1825|879
Uitenhage,880,9683,1825 series.xlsx|Uitenhage 1825|880
Uitenhage,881,9684,1825 series.xlsx|Uitenhage 1825|881
Uitenhage,882,9685,1825 series.xlsx|Uitenhage 1825|882
Uitenhage,883,9686,1825 series.xlsx|Uitenhage 1825|883
Uitenhage,884,9687,1825 series.xlsx|Uitenhage 1825|884
Uitenhage,885,9688,1825 series.xlsx|Uitenhage 1825|885
Uitenhage,886,9689,1825 series.xlsx|Uitenhage 1825|886
Uitenhage,887,9690,1825 series.xlsx|Uitenhage 1825|887
Uitenhage,888,9691,1825 series.xlsx|Uitenhage 1825|888
Uitenhage,889,9692,1825 series.xlsx|Uitenhage 1825|889
Uitenhage,890,9693,1825 series.xlsx|Uitenhage 1825|890
Uitenhage,891,9694,1825 series.xlsx|Uitenhage 1825|891
Uitenhage,892,9695,1825 series.xlsx|Uitenhage 1825|892
Uitenhage,893,9696,1825 series.xlsx|Uitenhage 1825|893
Uitenhage,894,9697,1825 series.xlsx|Uitenhage 1825|894
Uitenhage,895,9698,1825 series.xlsx|Uitenhage 1825|895
Uitenhage,896,9699,1825 series.xlsx|Uitenhage 1825|896
Uitenhage,897,9700,1825 series.xlsx|Uitenhage 1825|897
Uitenhage,898,9701,1825 series.xlsx|Uitenhage 1825|898
Uitenhage,901,9702,1825 series.xlsx|Uitenhage 1825|901
Uitenhage,902,9703,1825 series.xlsx|Uitenhage 1825|902
Uitenhage,903,9704,1825 series.xlsx|Uitenhage 1825|903
Uitenhage,904,9705,1825 series.xlsx|Uitenhage 1825|904
Uitenhage,905,9706,1825 series.xlsx|Uitenhage 1825|905
Uitenhage,906,9707,1825 series.xlsx|Uitenhage 1825|906
Uitenhage,907,9708,1825 series.xlsx|Uitenhage 1825|907
Uitenhage,908,9709,1825 series.xlsx|Uitenhage 1825|908
Uitenhage,909,9710,1825 series.xlsx|Uitenhage 1825|909
Uitenhage,910,9711,1825 series.xlsx|Uitenhage 1825|910
Uitenhage,911,9712,1825 series.xlsx|Uitenhage 1825|911
Uitenhage,912,9713,1825 series.xlsx|Uitenhage 1825|912
Uitenhage,913,9714,1825 series.xlsx|Uitenhage 1825|913
Uitenhage,914,9715,1825 series.xlsx|Uitenhage 1825|914
Uitenhage,915,9716,1825 series.xlsx|Uitenhage 1825|915
Uitenhage,916,9717,1825 series.xlsx|Uitenhage 1825|916
Uitenhage,917,9718,1825 series.xlsx|Uitenhage 1825|917
Uitenhage,918,9719,1825 series.xlsx|Uitenhage 1825|918
Uitenhage,919,9720,1825 series.xlsx|Uitenhage 1825|919
Uitenhage,920,9721,1825 series.xlsx|Uitenhage 1825|920
Uitenhage,921,9722,1825 series.xlsx|Uitenhage 1825|921
Uitenhage,922,9723,1825 series.xlsx|Uitenhage 1825|922
Uitenhage,923,9724,1825 series.xlsx|Uitenhage 1825|923
Uitenhage,924,9725,1825 series.xlsx|Uitenhage 1825|924
Uitenhage,925,9726,1825 series.xlsx|Uitenhage 1825|925
Uitenhage,926,9727,1825 series.xlsx|Uitenhage 1825|926
Uitenhage,929,9728,1825 series.xlsx|Uitenhage 1825|929
Uitenhage,930,9729,1825 series.xlsx|Uitenhage 1825|930
Uitenhage,931,9730,1825 series.xlsx|Uitenhage 1825|931
Uitenhage,932,9731,1825 series.xlsx|Uitenhage 1825|932
Uitenhage,933,9732,1825 series.xlsx|Uitenhage 1825|933
Uitenhage,934,9733,1825 series.xlsx|Uitenhage 1825|934
Uitenhage,935,9734,1825 series.xlsx|Uitenhage 1825|935
Uitenhage,936,9735,1825 series.xlsx|Uitenhage 1825|936
Uitenhage,937,9736,1825 series.xlsx|Uitenhage 1825|937
Uitenhage,938,9737,1825 series.xlsx|Uitenhage 1825|938
Uitenhage,939,9738,1825 series.xlsx|Uitenhage 1825|939
Uitenhage,940,9739,1825 series.xlsx|Uitenhage 1825|940
Uitenhage,941,9740,1825 series.xlsx|Uitenhage 1825|941
Uitenhage,942,9741,1825 series.xlsx|Uitenhage 1825|942
Uitenhage,943,9742,1825 series.xlsx|Uitenhage 1825|943
Uitenhage,944,9743,1825 series.xlsx|Uitenhage 1825|944
Uitenhage,945,9744,1825 series.xlsx|Uitenhage 1825|945
Uitenhage,946,9745,1825 series.xlsx|Uitenhage 1825|946
Uitenhage,947,9746,1825 series.xlsx|Uitenhage 1825|947
Uitenhage,948,9747,1825 series.xlsx|Uitenhage 1825|948
Uitenhage,949,9748,1825 series.xlsx|Uitenhage 1825|949
Uitenhage,950,9749,1825 series.xlsx|Uitenhage 1825|950
Uitenhage,951,9750,1825 series.xlsx|Uitenhage 1825|951
Uitenhage,952,9751,1825 series.xlsx|Uitenhage 1825|952
Uitenhage,953,9752,1825 series.xlsx|Uitenhage 1825|953
Uitenhage,954,9753,1825 series.xlsx|Uitenhage 1825|954
Uitenhage,955,9754,1825 series.xlsx|Uitenhage 1825|955
Uitenhage,956,9755,1825 series.xlsx|Uitenhage 1825|956
Uitenhage,957,9756,1825 series.xlsx|Uitenhage 1825|957
Uitenhage,958,9757,1825 series.xlsx|Uitenhage 1825|958
Uitenhage,959,9758,1825 series.xlsx|Uitenhage 1825|959
Uitenhage,960,9759,1825 series.xlsx|Uitenhage 1825|960
Uitenhage,961,9760,1825 series.xlsx|Uitenhage 1825|961
Uitenhage,964,9761,1825 series.xlsx|Uitenhage 1825|964
Uitenhage,965,9762,1825 series.xlsx|Uitenhage 1825|965
Uitenhage,966,9763,1825 series.xlsx|Uitenhage 1825|966
Uitenhage,967,9764,1825 series.xlsx|Uitenhage 1825|967
Uitenhage,968,9765,1825 series.xlsx|Uitenhage 1825|968
Uitenhage,969,9766,1825 series.xlsx|Uitenhage 1825|969
Uitenhage,970,9767,1825 series.xlsx|Uitenhage 1825|970
Uitenhage,971,9768,1825 series.xlsx|Uitenhage 1825|971
Uitenhage,972,9769,1825 series.xlsx|Uitenhage 1825|972
Uitenhage,973,9770,1825 series.xlsx|Uitenhage 1825|973
Uitenhage,974,9771,1825 series.xlsx|Uitenhage 1825|974
Uitenhage,975,9772,1825 series.xlsx|Uitenhage 1825|975
Uitenhage,976,9773,1825 series.xlsx|Uitenhage 1825|976
Uitenhage,977,9774,1825 series.xlsx|Uitenhage 1825|977
Uitenhage,978,9775,1825 series.xlsx|Uitenhage 1825|978
Uitenhage,979,9776,1825 series.xlsx|Uitenhage 1825|979
Uitenhage,980,9777,1825 series.xlsx|Uitenhage 1825|980
Worcester,4,9778,1825 series.xlsx|Worcester 1824|4
Worcester,5,9779,1825 series.xlsx|Worcester 1824|5
Worcester,6,9780,1825 series.xlsx|Worcester 1824|6
Worcester,7,9781,1825 series.xlsx|Worcester 1824|7
Worcester,8,9782,1825 series.xlsx|Worcester 1824|8
Worcester,9,9783,1825 series.xlsx|Worcester 1824|9
Worcester,10,9784,1825 series.xlsx|Worcester 1824|10
Worcester,11,9785,1825 series.xlsx|Worcester 1824|11
Worcester,12,9786,1825 series.xlsx|Worcester 1824|12
Worcester,13,9787,1825 series.xlsx|Worcester 1824|13
Worcester,16,9788,1825 series.xlsx|Worcester 1824|16
Worcester,17,9789,1825 series.xlsx|Worcester 1824|17
Worcester,18,9790,1825 series.xlsx|Worcester 1824|18
Worcester,19,9791,1825 series.xlsx|Worcester 1824|19
Worcester,20,9792,1825 series.xlsx|Worcester 1824|20
Worcester,21,10475,1825 series.xlsx|Worcester 1824|21
Worcester,22,9793,1825 series.xlsx|Worcester 1824|22
Worcester,23,9794,1825 series.xlsx|Worcester 1824|23
Worcester,24,9795,1825 series.xlsx|Worcester 1824|24
Worcester,25,10476,1825 series.xlsx|Worcester 1824|25
Worcester,26,9796,1825 series.xlsx|Worcester 1824|26
Worcester,27,9797,1825 series.xlsx|Worcester 1824|27
Worcester,28,9798,1825 series.xlsx|Worcester 1824|28
Worcester,29,9799,1825 series.xlsx|Worcester 1824|29
Worcester,30,9800,1825 series.xlsx|Worcester 1824|30
Worcester,31,9801,1825 series.xlsx|Worcester 1824|31
Worcester,32,9802,1825 series.xlsx|Worcester 1824|32
Worcester,33,9803,1825 series.xlsx|Worcester 1824|33
Worcester,34,9804,1825 series.xlsx|Worcester 1824|34
Worcester,35,9805,1825 series.xlsx|Worcester 1824|35
Worcester,36,9806,1825 series.xlsx|Worcester 1824|36
Worcester,37,9807,1825 series.xlsx|Worcester 1824|37
Worcester,38,9808,1825 series.xlsx|Worcester 1824|38
Worcester,39,9809,1825 series.xlsx|Worcester 1824|39
Worcester,40,9810,1825 series.xlsx|Worcester 1824|40
Worcester,41,9811,1825 series.xlsx|Worcester 1824|41
Worcester,42,9812,1825 series.xlsx|Worcester 1824|42
Worcester,43,9813,1825 series.xlsx|Worcester 1824|43
Worcester,44,10477,1825 series.xlsx|Worcester 1824|44
Worcester,45,9814,1825 series.xlsx|Worcester 1824|45
Worcester,46,9815,1825 series.xlsx|Worcester 1824|46
Worcester,47,9816,1825 series.xlsx|Worcester 1824|47
Worcester,48,9817,1825 series.xlsx|Worcester 1824|48
Worcester,49,9818,1825 series.xlsx|Worcester 1824|49
Worcester,50,10478,1825 series.xlsx|Worcester 1824|50
Worcester,51,9819,1825 series.xlsx|Worcester 1824|51
Worcester,52,9820,1825 series.xlsx|Worcester 1824|52
Worcester,53,9821,1825 series.xlsx|Worcester 1824|53
Worcester,56,9822,1825 series.xlsx|Worcester 1824|56
Worcester,57,9823,1825 series.xlsx|Worcester 1824|57
Worcester,58,9824,1825 series.xlsx|Worcester 1824|58
Worcester,59,10479,1825 series.xlsx|Worcester 1824|59
Worcester,60,9825,1825 series.xlsx|Worcester 1824|60
Worcester,61,9826,1825 series.xlsx|Worcester 1824|61
Worcester,63,9827,1825 series.xlsx|Worcester 1824|63
Worcester,64,9828,1825 series.xlsx|Worcester 1824|64
Worcester,65,9829,1825 series.xlsx|Worcester 1824|65
Worcester,66,9830,1825 series.xlsx|Worcester 1824|66
Worcester,67,10480,1825 series.xlsx|Worcester 1824|67
Worcester,68,9831,1825 series.xlsx|Worcester 1824|68
Worcester,69,9832,1825 series.xlsx|Worcester 1824|69
Worcester,70,9833,1825 series.xlsx|Worcester 1824|70
Worcester,71,9834,1825 series.xlsx|Worcester 1824|71
Worcester,72,9835,1825 series.xlsx|Worcester 1824|72
Worcester,73,9836,1825 series.xlsx|Worcester 1824|73
Worcester,74,9837,1825 series.xlsx|Worcester 1824|74
Worcester,75,9838,1825 series.xlsx|Worcester 1824|75
Worcester,76,10481,1825 series.xlsx|Worcester 1824|76
Worcester,77,9839,1825 series.xlsx|Worcester 1824|77
Worcester,78,9840,1825 series.xlsx|Worcester 1824|78
Worcester,79,9841,1825 series.xlsx|Worcester 1824|79
Worcester,80,9842,1825 series.xlsx|Worcester 1824|80
Worcester,81,9843,1825 series.xlsx|Worcester 1824|81
Worcester,82,9844,1825 series.xlsx|Worcester 1824|82
Worcester,83,9845,1825 series.xlsx|Worcester 1824|83
Worcester,84,9846,1825 series.xlsx|Worcester 1824|84
Worcester,85,9847,1825 series.xlsx|Worcester 1824|85
Worcester,86,9848,1825 series.xlsx|Worcester 1824|86
Worcester,87,9849,1825 series.xlsx|Worcester 1824|87
Worcester,88,9850,1825 series.xlsx|Worcester 1824|88
Worcester,89,10482,1825 series.xlsx|Worcester 1824|89
Worcester,90,9851,1825 series.xlsx|Worcester 1824|90
Worcester,91,9852,1825 series.xlsx|Worcester 1824|91
Worcester,92,10483,1825 series.xlsx|Worcester 1824|92
Worcester,93,9853,1825 series.xlsx|Worcester 1824|93
Worcester,94,9854,1825 series.xlsx|Worcester 1824|94
Worcester,95,9855,1825 series.xlsx|Worcester 1824|95
Worcester,96,9856,1825 series.xlsx|Worcester 1824|96
Worcester,97,9857,1825 series.xlsx|Worcester 1824|97
Worcester,98,9858,1825 series.xlsx|Worcester 1824|98
Worcester,99,9859,1825 series.xlsx|Worcester 1824|99
Worcester,100,9860,1825 series.xlsx|Worcester 1824|100
Worcester,101,10484,1825 series.xlsx|Worcester 1824|101
Worcester,102,9861,1825 series.xlsx|Worcester 1824|102
Worcester,103,9862,1825 series.xlsx|Worcester 1824|103
Worcester,104,9863,1825 series.xlsx|Worcester 1824|104
Worcester,107,9864,1825 series.xlsx|Worcester 1824|107
Worcester,108,9865,1825 series.xlsx|Worcester 1824|108
Worcester,109,10485,1825 series.xlsx|Worcester 1824|109
Worcester,110,10486,1825 series.xlsx|Worcester 1824|110
Worcester,111,9866,1825 series.xlsx|Worcester 1824|111
Worcester,112,10487,1825 series.xlsx|Worcester 1824|112
Worcester,113,9867,1825 series.xlsx|Worcester 1824|113
Worcester,114,9868,1825 series.xlsx|Worcester 1824|114
Worcester,115,9869,1825 series.xlsx|Worcester 1824|115
Worcester,116,9870,1825 series.xlsx|Worcester 1824|116
Worcester,117,9871,1825 series.xlsx|Worcester 1824|117
Worcester,118,10488,1825 series.xlsx|Worcester 1824|118
Worcester,119,9872,1825 series.xlsx|Worcester 1824|119
Worcester,120,9873,1825 series.xlsx|Worcester 1824|120
Worcester,121,9874,1825 series.xlsx|Worcester 1824|121
Worcester,122,9875,1825 series.xlsx|Worcester 1824|122
Worcester,123,9876,1825 series.xlsx|Worcester 1824|123
Worcester,124,9877,1825 series.xlsx|Worcester 1824|124
Worcester,125,9878,1825 series.xlsx|Worcester 1824|125
Worcester,126,10489,1825 series.xlsx|Worcester 1824|126
Worcester,127,9879,1825 series.xlsx|Worcester 1824|127
Worcester,128,9880,1825 series.xlsx|Worcester 1824|128
Worcester,129,9881,1825 series.xlsx|Worcester 1824|129
Worcester,130,9882,1825 series.xlsx|Worcester 1824|130
Worcester,131,10490,1825 series.xlsx|Worcester 1824|131
Worcester,133,9883,1825 series.xlsx|Worcester 1824|133
Worcester,134,9884,1825 series.xlsx|Worcester 1824|134
Worcester,135,9885,1825 series.xlsx|Worcester 1824|135
Worcester,136,9886,1825 series.xlsx|Worcester 1824|136
Worcester,137,10491,1825 series.xlsx|Worcester 1824|137
Worcester,138,9887,1825 series.xlsx|Worcester 1824|138
Worcester,139,9888,1825 series.xlsx|Worcester 1824|139
Worcester,140,9889,1825 series.xlsx|Worcester 1824|140
Worcester,141,9890,1825 series.xlsx|Worcester 1824|141
Worcester,142,9891,1825 series.xlsx|Worcester 1824|142
Worcester,143,9892,1825 series.xlsx|Worcester 1824|143
Worcester,144,9893,1825 series.xlsx|Worcester 1824|144
Worcester,145,9894,1825 series.xlsx|Worcester 1824|145
Worcester,146,10492,1825 series.xlsx|Worcester 1824|146
Worcester,147,9895,1825 series.xlsx|Worcester 1824|147
Worcester,148,10493,1825 series.xlsx|Worcester 1824|148
Worcester,149,9896,1825 series.xlsx|Worcester 1824|149
Worcester,150,9897,1825 series.xlsx|Worcester 1824|150
Worcester,151,10494,1825 series.xlsx|Worcester 1824|151
Worcester,152,9898,1825 series.xlsx|Worcester 1824|152
Worcester,153,9899,1825 series.xlsx|Worcester 1824|153
Worcester,154,9900,1825 series.xlsx|Worcester 1824|154
Worcester,155,9901,1825 series.xlsx|Worcester 1824|155
Worcester,156,9902,1825 series.xlsx|Worcester 1824|156
Worcester,157,10495,1825 series.xlsx|Worcester 1824|157
Worcester,158,9903,1825 series.xlsx|Worcester 1824|158
Worcester,159,9904,1825 series.xlsx|Worcester 1824|159
Worcester,162,10496,1825 series.xlsx|Worcester 1824|162
Worcester,163,10497,1825 series.xlsx|Worcester 1824|163
Worcester,164,9905,1825 series.xlsx|Worcester 1824|164
Worcester,165,9906,1825 series.xlsx|Worcester 1824|165
Worcester,166,9907,1825 series.xlsx|Worcester 1824|166
Worcester,167,9908,1825 series.xlsx|Worcester 1824|167
Worcester,168,9909,1825 series.xlsx|Worcester 1824|168
Worcester,169,9910,1825 series.xlsx|Worcester 1824|169
Worcester,170,9911,1825 series.xlsx|Worcester 1824|170
Worcester,171,10498,1825 series.xlsx|Worcester 1824|171
Worcester,172,9912,1825 series.xlsx|Worcester 1824|172
Worcester,173,9913,1825 series.xlsx|Worcester 1824|173
Worcester,174,9914,1825 series.xlsx|Worcester 1824|174
Worcester,175,10499,1825 series.xlsx|Worcester 1824|175
Worcester,176,10500,1825 series.xlsx|Worcester 1824|176
Worcester,177,9915,1825 series.xlsx|Worcester 1824|177
Worcester,178,9916,1825 series.xlsx|Worcester 1824|178
Worcester,179,10501,1825 series.xlsx|Worcester 1824|179
Worcester,180,10502,1825 series.xlsx|Worcester 1824|180
Worcester,181,10503,1825 series.xlsx|Worcester 1824|181
Worcester,182,10504,1825 series.xlsx|Worcester 1824|182
Worcester,183,9917,1825 series.xlsx|Worcester 1824|183
Worcester,184,9918,1825 series.xlsx|Worcester 1824|184
Worcester,185,9919,1825 series.xlsx|Worcester 1824|185
Worcester,186,9920,1825 series.xlsx|Worcester 1824|186
Worcester,187,9921,1825 series.xlsx|Worcester 1824|187
Worcester,188,10505,1825 series.xlsx|Worcester 1824|188
Worcester,189,9922,1825 series.xlsx|Worcester 1824|189
Worcester,190,10506,1825 series.xlsx|Worcester 1824|190
Worcester,191,9923,1825 series.xlsx|Worcester 1824|191
Worcester,192,9924,1825 series.xlsx|Worcester 1824|192
Worcester,193,10507,1825 series.xlsx|Worcester 1824|193
Worcester,194,10508,1825 series.xlsx|Worcester 1824|194
Worcester,195,10509,1825 series.xlsx|Worcester 1824|195
Worcester,196,9925,1825 series.xlsx|Worcester 1824|196
Worcester,197,9926,1825 series.xlsx|Worcester 1824|197
Worcester,198,9927,1825 series.xlsx|Worcester 1824|198
Worcester,199,9928,1825 series.xlsx|Worcester 1824|199
Worcester,200,10510,1825 series.xlsx|Worcester 1824|200
Worcester,201,9929,1825 series.xlsx|Worcester 1824|201
Worcester,202,9930,1825 series.xlsx|Worcester 1824|202
Worcester,203,9931,1825 series.xlsx|Worcester 1824|203
Worcester,204,10511,1825 series.xlsx|Worcester 1824|204
Worcester,205,9932,1825 series.xlsx|Worcester 1824|205
Worcester,207,9933,1825 series.xlsx|Worcester 1824|207
Worcester,208,9934,1825 series.xlsx|Worcester 1824|208
Worcester,209,10512,1825 series.xlsx|Worcester 1824|209
Worcester,210,9935,1825 series.xlsx|Worcester 1824|210
Worcester,211,9936,1825 series.xlsx|Worcester 1824|211
Worcester,212,9937,1825 series.xlsx|Worcester 1824|212
Worcester,213,9938,1825 series.xlsx|Worcester 1824|213
Worcester,214,9939,1825 series.xlsx|Worcester 1824|214
Worcester,215,9940,1825 series.xlsx|Worcester 1824|215
Worcester,218,9941,1825 series.xlsx|Worcester 1824|218
Worcester,219,9942,1825 series.xlsx|Worcester 1824|219
Worcester,220,9943,1825 series.xlsx|Worcester 1824|220
Worcester,221,9944,1825 series.xlsx|Worcester 1824|221
Worcester,222,9945,1825 series.xlsx|Worcester 1824|222
Worcester,223,9946,1825 series.xlsx|Worcester 1824|223
Worcester,224,9947,1825 series.xlsx|Worcester 1824|224
Worcester,225,10513,1825 series.xlsx|Worcester 1824|225
Worcester,226,9948,1825 series.xlsx|Worcester 1824|226
Worcester,227,9949,1825 series.xlsx|Worcester 1824|227
Worcester,228,9950,1825 series.xlsx|Worcester 1824|228
Worcester,229,9951,1825 series.xlsx|Worcester 1824|229
Worcester,230,9952,1825 series.xlsx|Worcester 1824|230
Worcester,231,9953,1825 series.xlsx|Worcester 1824|231
Worcester,232,9954,1825 series.xlsx|Worcester 1824|232
Worcester,233,9955,1825 series.xlsx|Worcester 1824|233
Worcester,234,9956,1825 series.xlsx|Worcester 1824|234
Worcester,235,9957,1825 series.xlsx|Worcester 1824|235
Worcester,236,9958,1825 series.xlsx|Worcester 1824|236
Worcester,237,9959,1825 series.xlsx|Worcester 1824|237
Worcester,238,9960,1825 series.xlsx|Worcester 1824|238
Worcester,239,9961,1825 series.xlsx|Worcester 1824|239
Worcester,240,9962,1825 series.xlsx|Worcester 1824|240
Worcester,241,9963,1825 series.xlsx|Worcester 1824|241
Worcester,242,9964,1825 series.xlsx|Worcester 1824|242
Worcester,243,9965,1825 series.xlsx|Worcester 1824|243
Worcester,244,9966,1825 series.xlsx|Worcester 1824|244
Worcester,245,9967,1825 series.xlsx|Worcester 1824|245
Worcester,246,9968,1825 series.xlsx|Worcester 1824|246
Worcester,247,9969,1825 series.xlsx|Worcester 1824|247
Worcester,248,9970,1825 series.xlsx|Worcester 1824|248
Worcester,249,10514,1825 series.xlsx|Worcester 1824|249
Worcester,250,10515,1825 series.xlsx|Worcester 1824|250
Worcester,251,9971,1825 series.xlsx|Worcester 1824|251
Worcester,252,9972,1825 series.xlsx|Worcester 1824|252
Worcester,253,9973,1825 series.xlsx|Worcester 1824|253
Worcester,254,9974,1825 series.xlsx|Worcester 1824|254
Worcester,255,9975,1825 series.xlsx|Worcester 1824|255
Worcester,256,9976,1825 series.xlsx|Worcester 1824|256
Worcester,257,9977,1825 series.xlsx|Worcester 1824|257
Worcester,258,9978,1825 series.xlsx|Worcester 1824|258
Worcester,261,9979,1825 series.xlsx|Worcester 1824|261
Worcester,262,9980,1825 series.xlsx|Worcester 1824|262
Worcester,263,9981,1825 series.xlsx|Worcester 1824|263
Worcester,264,9982,1825 series.xlsx|Worcester 1824|264
Worcester,265,9983,1825 series.xlsx|Worcester 1824|265
Worcester,266,10516,1825 series.xlsx|Worcester 1824|266
Worcester,267,9984,1825 series.xlsx|Worcester 1824|267
Worcester,268,9985,1825 series.xlsx|Worcester 1824|268
Worcester,270,9986,1825 series.xlsx|Worcester 1824|270
Worcester,271,9987,1825 series.xlsx|Worcester 1824|271
Worcester,274,9988,1825 series.xlsx|Worcester 1824|274
Worcester,275,9989,1825 series.xlsx|Worcester 1824|275
Worcester,276,9990,1825 series.xlsx|Worcester 1824|276
Worcester,277,10517,1825 series.xlsx|Worcester 1824|277
Worcester,278,9991,1825 series.xlsx|Worcester 1824|278
Worcester,279,9992,1825 series.xlsx|Worcester 1824|279
Worcester,280,9993,1825 series.xlsx|Worcester 1824|280
Worcester,281,9994,1825 series.xlsx|Worcester 1824|281
Worcester,282,9995,1825 series.xlsx|Worcester 1824|282
Worcester,283,9996,1825 series.xlsx|Worcester 1824|283
Worcester,284,9997,1825 series.xlsx|Worcester 1824|284
Worcester,285,10518,1825 series.xlsx|Worcester 1824|285
Worcester,286,10519,1825 series.xlsx|Worcester 1824|286
Worcester,287,9998,1825 series.xlsx|Worcester 1824|287
Worcester,288,9999,1825 series.xlsx|Worcester 1824|288
Worcester,289,10000,1825 series.xlsx|Worcester 1824|289
Worcester,290,10520,1825 series.xlsx|Worcester 1824|290
Worcester,291,10001,1825 series.xlsx|Worcester 1824|291
Worcester,293,10002,1825 series.xlsx|Worcester 1824|293
Worcester,294,10003,1825 series.xlsx|Worcester 1824|294
Worcester,295,10004,1825 series.xlsx|Worcester 1824|295
Worcester,296,10005,1825 series.xlsx|Worcester 1824|296
Worcester,297,10006,1825 series.xlsx|Worcester 1824|297
Worcester,298,10007,1825 series.xlsx|Worcester 1824|298
Worcester,299,10008,1825 series.xlsx|Worcester 1824|299
Worcester,300,10009,1825 series.xlsx|Worcester 1824|300
Worcester,301,10010,1825 series.xlsx|Worcester 1824|301
Worcester,302,10011,1825 series.xlsx|Worcester 1824|302
Worcester,303,10012,1825 series.xlsx|Worcester 1824|303
Worcester,304,10521,1825 series.xlsx|Worcester 1824|304
Worcester,305,10522,1825 series.xlsx|Worcester 1824|305
Worcester,306,10013,1825 series.xlsx|Worcester 1824|306
Worcester,307,10014,1825 series.xlsx|Worcester 1824|307
Worcester,308,10015,1825 series.xlsx|Worcester 1824|308
Worcester,309,10016,1825 series.xlsx|Worcester 1824|309
Worcester,310,10017,1825 series.xlsx|Worcester 1824|310
Worcester,311,10018,1825 series.xlsx|Worcester 1824|311
Worcester,312,10523,1825 series.xlsx|Worcester 1824|312
Worcester,313,10019,1825 series.xlsx|Worcester 1824|313
Worcester,314,10020,1825 series.xlsx|Worcester 1824|314
Worcester,315,10021,1825 series.xlsx|Worcester 1824|315
Worcester,316,10524,1825 series.xlsx|Worcester 1824|316
Worcester,317,10022,1825 series.xlsx|Worcester 1824|317
Worcester,318,10023,1825 series.xlsx|Worcester 1824|318
Worcester,319,10024,1825 series.xlsx|Worcester 1824|319
Worcester,320,10025,1825 series.xlsx|Worcester 1824|320
Worcester,321,10026,1825 series.xlsx|Worcester 1824|321
Worcester,322,10027,1825 series.xlsx|Worcester 1824|322
Worcester,323,10028,1825 series.xlsx|Worcester 1824|323
Worcester,324,10029,1825 series.xlsx|Worcester 1824|324
Worcester,325,10030,1825 series.xlsx|Worcester 1824|325
Worcester,326,10031,1825 series.xlsx|Worcester 1824|326
Worcester,327,10032,1825 series.xlsx|Worcester 1824|327
Worcester,328,10033,1825 series.xlsx|Worcester 1824|328
Worcester,331,10034,1825 series.xlsx|Worcester 1824|331
Worcester,332,10035,1825 series.xlsx|Worcester 1824|332
Worcester,333,10036,1825 series.xlsx|Worcester 1824|333
Worcester,334,10037,1825 series.xlsx|Worcester 1824|334
Worcester,335,10038,1825 series.xlsx|Worcester 1824|335
Worcester,336,10525,1825 series.xlsx|Worcester 1824|336
Worcester,337,10039,1825 series.xlsx|Worcester 1824|337
Worcester,338,10040,1825 series.xlsx|Worcester 1824|338
Worcester,339,10041,1825 series.xlsx|Worcester 1824|339
Worcester,340,10042,1825 series.xlsx|Worcester 1824|340
Worcester,341,10043,1825 series.xlsx|Worcester 1824|341
Worcester,342,10044,1825 series.xlsx|Worcester 1824|342
Worcester,343,10045,1825 series.xlsx|Worcester 1824|343
Worcester,344,10046,1825 series.xlsx|Worcester 1824|344
Worcester,345,10047,1825 series.xlsx|Worcester 1824|345
Worcester,346,10048,1825 series.xlsx|Worcester 1824|346
Worcester,347,10049,1825 series.xlsx|Worcester 1824|347
Worcester,348,10050,1825 series.xlsx|Worcester 1824|348
Worcester,349,10051,1825 series.xlsx|Worcester 1824|349
Worcester,350,10052,1825 series.xlsx|Worcester 1824|350
Worcester,351,10053,1825 series.xlsx|Worcester 1824|351
Worcester,352,10054,1825 series.xlsx|Worcester 1824|352
Worcester,353,10055,1825 series.xlsx|Worcester 1824|353
Worcester,354,10526,1825 series.xlsx|Worcester 1824|354
Worcester,355,10527,1825 series.xlsx|Worcester 1824|355
Worcester,356,10056,1825 series.xlsx|Worcester 1824|356
Worcester,357,10057,1825 series.xlsx|Worcester 1824|357
Worcester,358,10058,1825 series.xlsx|Worcester 1824|358
Worcester,359,10059,1825 series.xlsx|Worcester 1824|359
Worcester,360,10060,1825 series.xlsx|Worcester 1824|360
Worcester,361,10061,1825 series.xlsx|Worcester 1824|361
Worcester,362,10062,1825 series.xlsx|Worcester 1824|362
Worcester,363,10063,1825 series.xlsx|Worcester 1824|363
Worcester,364,10064,1825 series.xlsx|Worcester 1824|364
Worcester,365,10065,1825 series.xlsx|Worcester 1824|365
Worcester,366,10066,1825 series.xlsx|Worcester 1824|366
Worcester,367,10067,1825 series.xlsx|Worcester 1824|367
Worcester,368,10068,1825 series.xlsx|Worcester 1824|368
Worcester,369,10069,1825 series.xlsx|Worcester 1824|369
Worcester,370,10070,1825 series.xlsx|Worcester 1824|370
Worcester,371,10071,1825 series.xlsx|Worcester 1824|371
Worcester,373,10072,1825 series.xlsx|Worcester 1824|373
Worcester,374,10073,1825 series.xlsx|Worcester 1824|374
Worcester,375,10074,1825 series.xlsx|Worcester 1824|375
Worcester,376,10075,1825 series.xlsx|Worcester 1824|376
Worcester,377,10528,1825 series.xlsx|Worcester 1824|377
Worcester,378,10076,1825 series.xlsx|Worcester 1824|378
Worcester,379,10077,1825 series.xlsx|Worcester 1824|379
Worcester,380,10078,1825 series.xlsx|Worcester 1824|380
Worcester,381,10079,1825 series.xlsx|Worcester 1824|381
Worcester,382,10080,1825 series.xlsx|Worcester 1824|382
Worcester,383,10081,1825 series.xlsx|Worcester 1824|383
Worcester,384,10082,1825 series.xlsx|Worcester 1824|384
Worcester,385,10083,1825 series.xlsx|Worcester 1824|385
Worcester,386,10084,1825 series.xlsx|Worcester 1824|386
Worcester,389,10085,1825 series.xlsx|Worcester 1824|389
Worcester,390,10086,1825 series.xlsx|Worcester 1824|390
Worcester,391,10529,1825 series.xlsx|Worcester 1824|391
Worcester,392,10530,1825 series.xlsx|Worcester 1824|392
Worcester,393,10531,1825 series.xlsx|Worcester 1824|393
Worcester,394,10532,1825 series.xlsx|Worcester 1824|394
Worcester,395,10533,1825 series.xlsx|Worcester 1824|395
Worcester,396,10534,1825 series.xlsx|Worcester 1824|396
Worcester,397,10087,1825 series.xlsx|Worcester 1824|397
Worcester,398,10535,1825 series.xlsx|Worcester 1824|398
Worcester,399,10088,1825 series.xlsx|Worcester 1824|399
Worcester,400,10089,1825 series.xlsx|Worcester 1824|400
Worcester,401,10536,1825 series.xlsx|Worcester 1824|401
Worcester,402,10090,1825 series.xlsx|Worcester 1824|402
Worcester,403,10091,1825 series.xlsx|Worcester 1824|403
Worcester,404,10092,1825 series.xlsx|Worcester 1824|404
Worcester,405,10093,1825 series.xlsx|Worcester 1824|405
Worcester,406,10094,1825 series.xlsx|Worcester 1824|406
Worcester,407,10095,1825 series.xlsx|Worcester 1824|407
Worcester,408,10096,1825 series.xlsx|Worcester 1824|408
Worcester,409,10537,1825 series.xlsx|Worcester 1824|409
Worcester,410,10097,1825 series.xlsx|Worcester 1824|410
Worcester,411,10098,1825 series.xlsx|Worcester 1824|411
Worcester,412,10099,1825 series.xlsx|Worcester 1824|412
Worcester,414,10100,1825 series.xlsx|Worcester 1824|414
Worcester,415,10101,1825 series.xlsx|Worcester 1824|415
Worcester,416,10102,1825 series.xlsx|Worcester 1824|416
Worcester,417,10103,1825 series.xlsx|Worcester 1824|417
Worcester,418,10104,1825 series.xlsx|Worcester 1824|418
Worcester,419,10105,1825 series.xlsx|Worcester 1824|419
Worcester,420,10106,1825 series.xlsx|Worcester 1824|420
Worcester,421,10107,1825 series.xlsx|Worcester 1824|421
Worcester,422,10108,1825 series.xlsx|Worcester 1824|422
Worcester,423,10538,1825 series.xlsx|Worcester 1824|423
Worcester,424,10109,1825 series.xlsx|Worcester 1824|424
Worcester,425,10110,1825 series.xlsx|Worcester 1824|425
Worcester,426,10111,1825 series.xlsx|Worcester 1824|426
Worcester,427,10112,1825 series.xlsx|Worcester 1824|427
Worcester,428,10113,1825 series.xlsx|Worcester 1824|428
Worcester,429,10114,1825 series.xlsx|Worcester 1824|429
Worcester,430,10539,1825 series.xlsx|Worcester 1824|430
Worcester,431,10115,1825 series.xlsx|Worcester 1824|431
Worcester,432,10116,1825 series.xlsx|Worcester 1824|432
Worcester,433,10117,1825 series.xlsx|Worcester 1824|433
Worcester,434,10118,1825 series.xlsx|Worcester 1824|434
Worcester,435,10119,1825 series.xlsx|Worcester 1824|435
Worcester,436,10120,1825 series.xlsx|Worcester 1824|436
Worcester,437,10540,1825 series.xlsx|Worcester 1824|437
Worcester,438,10121,1825 series.xlsx|Worcester 1824|438
Worcester,439,10122,1825 series.xlsx|Worcester 1824|439
Worcester,440,10123,1825 series.xlsx|Worcester 1824|440
Worcester,441,10124,1825 series.xlsx|Worcester 1824|441
Worcester,442,10541,1825 series.xlsx|Worcester 1824|442
Worcester,443,10125,1825 series.xlsx|Worcester 1824|443
Worcester,444,10126,1825 series.xlsx|Worcester 1824|444
Worcester,445,10542,1825 series.xlsx|Worcester 1824|445
Worcester,448,10127,1825 series.xlsx|Worcester 1824|448
Worcester,449,10128,1825 series.xlsx|Worcester 1824|449
Worcester,450,10129,1825 series.xlsx|Worcester 1824|450
Worcester,451,10130,1825 series.xlsx|Worcester 1824|451
Worcester,452,10131,1825 series.xlsx|Worcester 1824|452
Worcester,453,10132,1825 series.xlsx|Worcester 1824|453
Worcester,454,10133,1825 series.xlsx|Worcester 1824|454
Worcester,455,10134,1825 series.xlsx|Worcester 1824|455
Worcester,456,10135,1825 series.xlsx|Worcester 1824|456
Worcester,457,10136,1825 series.xlsx|Worcester 1824|457
Worcester,459,10137,1825 series.xlsx|Worcester 1824|459
Worcester,460,10138,1825 series.xlsx|Worcester 1824|460
Worcester,461,10139,1825 series.xlsx|Worcester 1824|461
Worcester,462,10140,1825 series.xlsx|Worcester 1824|462
Worcester,463,10141,1825 series.xlsx|Worcester 1824|463
Worcester,464,10142,1825 series.xlsx|Worcester 1824|464
Worcester,465,10143,1825 series.xlsx|Worcester 1824|465
Worcester,466,10144,1825 series.xlsx|Worcester 1824|466
Worcester,467,10145,1825 series.xlsx|Worcester 1824|467
Worcester,468,10146,1825 series.xlsx|Worcester 1824|468
Worcester,469,10147,1825 series.xlsx|Worcester 1824|469
Worcester,470,10148,1825 series.xlsx|Worcester 1824|470
Worcester,471,10149,1825 series.xlsx|Worcester 1824|471
Worcester,472,10543,1825 series.xlsx|Worcester 1824|472
Worcester,473,10150,1825 series.xlsx|Worcester 1824|473
Worcester,474,10544,1825 series.xlsx|Worcester 1824|474
Worcester,475,10151,1825 series.xlsx|Worcester 1824|475
Worcester,476,10152,1825 series.xlsx|Worcester 1824|476
Worcester,477,10153,1825 series.xlsx|Worcester 1824|477
Worcester,478,10154,1825 series.xlsx|Worcester 1824|478
Worcester,479,10155,1825 series.xlsx|Worcester 1824|479
Worcester,480,10156,1825 series.xlsx|Worcester 1824|480
Worcester,481,10157,1825 series.xlsx|Worcester 1824|481
Worcester,482,10158,1825 series.xlsx|Worcester 1824|482
Worcester,483,10159,1825 series.xlsx|Worcester 1824|483
Worcester,484,10160,1825 series.xlsx|Worcester 1824|484
Worcester,485,10161,1825 series.xlsx|Worcester 1824|485
Worcester,486,10162,1825 series.xlsx|Worcester 1824|486
Worcester,487,10163,1825 series.xlsx|Worcester 1824|487
Worcester,488,10164,1825 series.xlsx|Worcester 1824|488
Worcester,489,10165,1825 series.xlsx|Worcester 1824|489
Worcester,490,10166,1825 series.xlsx|Worcester 1824|490
Worcester,491,10167,1825 series.xlsx|Worcester 1824|491
Worcester,492,10168,1825 series.xlsx|Worcester 1824|492
Worcester,493,10169,1825 series.xlsx|Worcester 1824|493
Worcester,495,10170,1825 series.xlsx|Worcester 1824|495
Worcester,496,10171,1825 series.xlsx|Worcester 1824|496
Worcester,497,10172,1825 series.xlsx|Worcester 1824|497
Worcester,498,10173,1825 series.xlsx|Worcester 1824|498
Worcester,500,10174,1825 series.xlsx|Worcester 1824|500
Worcester,501,10175,1825 series.xlsx|Worcester 1824|501
Worcester,504,10176,1825 series.xlsx|Worcester 1824|504
Worcester,505,10177,1825 series.xlsx|Worcester 1824|505
Worcester,506,10178,1825 series.xlsx|Worcester 1824|506
Worcester,507,10179,1825 series.xlsx|Worcester 1824|507
Worcester,508,10180,1825 series.xlsx|Worcester 1824|508
Worcester,509,10181,1825 series.xlsx|Worcester 1824|509
Worcester,510,10182,1825 series.xlsx|Worcester 1824|510
Worcester,511,10183,1825 series.xlsx|Worcester 1824|511
Worcester,512,10184,1825 series.xlsx|Worcester 1824|512
Worcester,513,10185,1825 series.xlsx|Worcester 1824|513
Worcester,514,10186,1825 series.xlsx|Worcester 1824|514
Worcester,515,10187,1825 series.xlsx|Worcester 1824|515
Worcester,516,10188,1825 series.xlsx|Worcester 1824|516
Worcester,517,10189,1825 series.xlsx|Worcester 1824|517
Worcester,518,10190,1825 series.xlsx|Worcester 1824|518
Worcester,519,10191,1825 series.xlsx|Worcester 1824|519
Worcester,520,10192,1825 series.xlsx|Worcester 1824|520
Worcester,521,10193,1825 series.xlsx|Worcester 1824|521
Worcester,522,10194,1825 series.xlsx|Worcester 1824|522
Worcester,523,10195,1825 series.xlsx|Worcester 1824|523
Worcester,524,10196,1825 series.xlsx|Worcester 1824|524
Worcester,525,10197,1825 series.xlsx|Worcester 1824|525
Worcester,526,10198,1825 series.xlsx|Worcester 1824|526
Worcester,527,10199,1825 series.xlsx|Worcester 1824|527
Worcester,528,10200,1825 series.xlsx|Worcester 1824|528
Worcester,529,10201,1825 series.xlsx|Worcester 1824|529
Worcester,530,10202,1825 series.xlsx|Worcester 1824|530
Worcester,531,10203,1825 series.xlsx|Worcester 1824|531
Worcester,532,10204,1825 series.xlsx|Worcester 1824|532
Worcester,534,10205,1825 series.xlsx|Worcester 1824|534
Worcester,535,10206,1825 series.xlsx|Worcester 1824|535
Worcester,536,10207,1825 series.xlsx|Worcester 1824|536
Worcester,537,10208,1825 series.xlsx|Worcester 1824|537
Worcester,538,10209,1825 series.xlsx|Worcester 1824|538
Worcester,541,10210,1825 series.xlsx|Worcester 1824|541
Worcester,542,10211,1825 series.xlsx|Worcester 1824|542
Worcester,543,10212,1825 series.xlsx|Worcester 1824|543
Worcester,544,10213,1825 series.xlsx|Worcester 1824|544
Worcester,545,10214,1825 series.xlsx|Worcester 1824|545
Worcester,546,10215,1825 series.xlsx|Worcester 1824|546
Worcester,547,10216,1825 series.xlsx|Worcester 1824|547
Worcester,548,10217,1825 series.xlsx|Worcester 1824|548
Worcester,549,10218,1825 series.xlsx|Worcester 1824|549
Worcester,550,10219,1825 series.xlsx|Worcester 1824|550
Worcester,551,10220,1825 series.xlsx|Worcester 1824|551
Worcester,552,10221,1825 series.xlsx|Worcester 1824|552
Worcester,553,10222,1825 series.xlsx|Worcester 1824|553
Worcester,554,10223,1825 series.xlsx|Worcester 1824|554
Worcester,555,10224,1825 series.xlsx|Worcester 1824|555
Worcester,556,10225,1825 series.xlsx|Worcester 1824|556
Worcester,557,10545,1825 series.xlsx|Worcester 1824|557
Worcester,558,10226,1825 series.xlsx|Worcester 1824|558
Worcester,559,10227,1825 series.xlsx|Worcester 1824|559
Worcester,560,10228,1825 series.xlsx|Worcester 1824|560
Worcester,561,10546,1825 series.xlsx|Worcester 1824|561
Worcester,564,10229,1825 series.xlsx|Worcester 1824|564
Worcester,565,10230,1825 series.xlsx|Worcester 1824|565
Worcester,566,10231,1825 series.xlsx|Worcester 1824|566
Worcester,567,10232,1825 series.xlsx|Worcester 1824|567
Worcester,568,10233,1825 series.xlsx|Worcester 1824|568
Worcester,569,10234,1825 series.xlsx|Worcester 1824|569
Worcester,570,10235,1825 series.xlsx|Worcester 1824|570
Worcester,571,10547,1825 series.xlsx|Worcester 1824|571
Worcester,572,10236,1825 series.xlsx|Worcester 1824|572
Worcester,573,10237,1825 series.xlsx|Worcester 1824|573
Worcester,574,10238,1825 series.xlsx|Worcester 1824|574
Worcester,575,10239,1825 series.xlsx|Worcester 1824|575
Worcester,576,10548,1825 series.xlsx|Worcester 1824|576
Worcester,577,10240,1825 series.xlsx|Worcester 1824|577
Worcester,578,10241,1825 series.xlsx|Worcester 1824|578
Worcester,579,10242,1825 series.xlsx|Worcester 1824|579
Worcester,580,10243,1825 series.xlsx|Worcester 1824|580
Worcester,581,10244,1825 series.xlsx|Worcester 1824|581
Worcester,582,10245,1825 series.xlsx|Worcester 1824|582
Worcester,583,10246,1825 series.xlsx|Worcester 1824|583
Worcester,584,10247,1825 series.xlsx|Worcester 1824|584
Worcester,585,10248,1825 series.xlsx|Worcester 1824|585
Worcester,586,10249,1825 series.xlsx|Worcester 1824|586
Worcester,587,10250,1825 series.xlsx|Worcester 1824|587
Worcester,588,10251,1825 series.xlsx|Worcester 1824|588
Worcester,589,10549,1825 series.xlsx|Worcester 1824|589
Worcester,590,10252,1825 series.xlsx|Worcester 1824|590
Worcester,591,10253,1825 series.xlsx|Worcester 1824|591
Worcester,592,10254,1825 series.xlsx|Worcester 1824|592
Worcester,593,10255,1825 series.xlsx|Worcester 1824|593
Worcester,594,10256,1825 series.xlsx|Worcester 1824|594
Worcester,595,10257,1825 series.xlsx|Worcester 1824|595
Worcester,596,10550,1825 series.xlsx|Worcester 1824|596
Worcester,597,10258,1825 series.xlsx|Worcester 1824|597
Worcester,598,10259,1825 series.xlsx|Worcester 1824|598
Worcester,599,10260,1825 series.xlsx|Worcester 1824|599
Worcester,600,10261,1825 series.xlsx|Worcester 1824|600
Worcester,601,10262,1825 series.xlsx|Worcester 1824|601
Worcester,602,10551,1825 series.xlsx|Worcester 1824|602
Worcester,603,10263,1825 series.xlsx|Worcester 1824|603
Worcester,604,10264,1825 series.xlsx|Worcester 1824|604
Worcester,605,10265,1825 series.xlsx|Worcester 1824|605
Worcester,606,10552,1825 series.xlsx|Worcester 1824|606
Worcester,607,10266,1825 series.xlsx|Worcester 1824|607
Worcester,608,10267,1825 series.xlsx|Worcester 1824|608
Worcester,609,10553,1825 series.xlsx|Worcester 1824|609
Worcester,610,10268,1825 series.xlsx|Worcester 1824|610
Worcester,611,10269,1825 series.xlsx|Worcester 1824|611
Worcester,612,10270,1825 series.xlsx|Worcester 1824|612
Worcester,613,10554,1825 series.xlsx|Worcester 1824|613
Worcester,614,10271,1825 series.xlsx|Worcester 1824|614
Worcester,615,10272,1825 series.xlsx|Worcester 1824|615
Worcester,616,10273,1825 series.xlsx|Worcester 1824|616
Worcester,618,10274,1825 series.xlsx|Worcester 1824|618
Worcester,619,10275,1825 series.xlsx|Worcester 1824|619
Worcester,620,10276,1825 series.xlsx|Worcester 1824|620
Worcester,621,10277,1825 series.xlsx|Worcester 1824|621
Worcester,622,10278,1825 series.xlsx|Worcester 1824|622
Worcester,623,10279,1825 series.xlsx|Worcester 1824|623
Worcester,626,10280,1825 series.xlsx|Worcester 1824|626
Worcester,627,10281,1825 series.xlsx|Worcester 1824|627
Worcester,628,10555,1825 series.xlsx|Worcester 1824|628
Worcester,629,10282,1825 series.xlsx|Worcester 1824|629
Worcester,630,10283,1825 series.xlsx|Worcester 1824|630
Worcester,631,10284,1825 series.xlsx|Worcester 1824|631
Worcester,632,10285,1825 series.xlsx|Worcester 1824|632
Worcester,633,10286,1825 series.xlsx|Worcester 1824|633
Worcester,634,10287,1825 series.xlsx|Worcester 1824|634
Worcester,635,10288,1825 series.xlsx|Worcester 1824|635
Worcester,636,10289,1825 series.xlsx|Worcester 1824|636
Worcester,637,10290,1825 series.xlsx|Worcester 1824|637
Worcester,638,10291,1825 series.xlsx|Worcester 1824|638
Worcester,639,10292,1825 series.xlsx|Worcester 1824|639
Worcester,640,10293,1825 series.xlsx|Worcester 1824|640
Worcester,641,10294,1825 series.xlsx|Worcester 1824|641
Worcester,642,10295,1825 series.xlsx|Worcester 1824|642
Worcester,643,10296,1825 series.xlsx|Worcester 1824|643
Worcester,644,10297,1825 series.xlsx|Worcester 1824|644
Worcester,645,10298,1825 series.xlsx|Worcester 1824|645
Worcester,646,10299,1825 series.xlsx|Worcester 1824|646
Worcester,647,10300,1825 series.xlsx|Worcester 1824|647
Worcester,648,10301,1825 series.xlsx|Worcester 1824|648
Worcester,649,10302,1825 series.xlsx|Worcester 1824|649
Worcester,650,10303,1825 series.xlsx|Worcester 1824|650
Worcester,651,10304,1825 series.xlsx|Worcester 1824|651
Worcester,652,10305,1825 series.xlsx|Worcester 1824|652
Worcester,653,10306,1825 series.xlsx|Worcester 1824|653
Worcester,654,10556,1825 series.xlsx|Worcester 1824|654
Worcester,655,10307,1825 series.xlsx|Worcester 1824|655
Worcester,656,10308,1825 series.xlsx|Worcester 1824|656
Worcester,657,10309,1825 series.xlsx|Worcester 1824|657
Worcester,659,10310,1825 series.xlsx|Worcester 1824|659
Worcester,660,10311,1825 series.xlsx|Worcester 1824|660
Worcester,661,10312,1825 series.xlsx|Worcester 1824|661
Worcester,662,10313,1825 series.xlsx|Worcester 1824|662
Worcester,663,10314,1825 series.xlsx|Worcester 1824|663
Worcester,664,10315,1825 series.xlsx|Worcester 1824|664
Worcester,665,10316,1825 series.xlsx|Worcester 1824|665
Worcester,666,10317,1825 series.xlsx|Worcester 1824|666
Worcester,667,10318,1825 series.xlsx|Worcester 1824|667
Worcester,668,10319,1825 series.xlsx|Worcester 1824|668
Worcester,669,10320,1825 series.xlsx|Worcester 1824|669
Worcester,670,10321,1825 series.xlsx|Worcester 1824|670
Worcester,671,10322,1825 series.xlsx|Worcester 1824|671
Worcester,672,10323,1825 series.xlsx|Worcester 1824|672
Worcester,673,10324,1825 series.xlsx|Worcester 1824|673
Worcester,674,10325,1825 series.xlsx|Worcester 1824|674
Worcester,676,10326,1825 series.xlsx|Worcester 1824|676
Worcester,677,10327,1825 series.xlsx|Worcester 1824|677
Worcester,678,10328,1825 series.xlsx|Worcester 1824|678
Worcester,679,10329,1825 series.xlsx|Worcester 1824|679
Worcester,680,10330,1825 series.xlsx|Worcester 1824|680
Worcester,681,10331,1825 series.xlsx|Worcester 1824|681
Worcester,684,10332,1825 series.xlsx|Worcester 1824|684
Worcester,685,10333,1825 series.xlsx|Worcester 1824|685
Worcester,686,10334,1825 series.xlsx|Worcester 1824|686
Worcester,687,10335,1825 series.xlsx|Worcester 1824|687
Worcester,688,10336,1825 series.xlsx|Worcester 1824|688
Worcester,689,10337,1825 series.xlsx|Worcester 1824|689
Worcester,690,10338,1825 series.xlsx|Worcester 1824|690
Worcester,691,10339,1825 series.xlsx|Worcester 1824|691
Worcester,692,10340,1825 series.xlsx|Worcester 1824|692
Worcester,693,10341,1825 series.xlsx|Worcester 1824|693
Worcester,694,10342,1825 series.xlsx|Worcester 1824|694
Worcester,695,10343,1825 series.xlsx|Worcester 1824|695
Worcester,696,10344,1825 series.xlsx|Worcester 1824|696
Worcester,697,10345,1825 series.xlsx|Worcester 1824|697
Worcester,698,10346,1825 series.xlsx|Worcester 1824|698
Worcester,699,10347,1825 series.xlsx|Worcester 1824|699
Worcester,700,10348,1825 series.xlsx|Worcester 1824|700
Worcester,701,10349,1825 series.xlsx|Worcester 1824|701
Worcester,702,10557,1825 series.xlsx|Worcester 1824|702
Worcester,703,10350,1825 series.xlsx|Worcester 1824|703
Worcester,704,10351,1825 series.xlsx|Worcester 1824|704
Worcester,705,10352,1825 series.xlsx|Worcester 1824|705
Worcester,706,10353,1825 series.xlsx|Worcester 1824|706
Worcester,707,10354,1825 series.xlsx|Worcester 1824|707
Worcester,708,10355,1825 series.xlsx|Worcester 1824|708
Worcester,709,10356,1825 series.xlsx|Worcester 1824|709
Worcester,710,10357,1825 series.xlsx|Worcester 1824|710
Worcester,711,10358,1825 series.xlsx|Worcester 1824|711
Worcester,712,10359,1825 series.xlsx|Worcester 1824|712
Worcester,714,10360,1825 series.xlsx|Worcester 1824|714
Worcester,715,10361,1825 series.xlsx|Worcester 1824|715
Worcester,716,10362,1825 series.xlsx|Worcester 1824|716
Worcester,717,10363,1825 series.xlsx|Worcester 1824|717
Worcester,718,10364,1825 series.xlsx|Worcester 1824|718
Worcester,719,10365,1825 series.xlsx|Worcester 1824|719
Worcester,720,10366,1825 series.xlsx|Worcester 1824|720
Worcester,721,10558,1825 series.xlsx|Worcester 1824|721
Worcester,722,10367,1825 series.xlsx|Worcester 1824|722
Worcester,723,10368,1825 series.xlsx|Worcester 1824|723
Worcester,724,10369,1825 series.xlsx|Worcester 1824|724
Worcester,725,10370,1825 series.xlsx|Worcester 1824|725
Worcester,726,10559,1825 series.xlsx|Worcester 1824|726
Worcester,727,10560,1825 series.xlsx|Worcester 1824|727
Worcester,728,10371,1825 series.xlsx|Worcester 1824|728
Worcester,729,10372,1825 series.xlsx|Worcester 1824|729
Worcester,730,10373,1825 series.xlsx|Worcester 1824|730
Worcester,731,10374,1825 series.xlsx|Worcester 1824|731
Worcester,732,10375,1825 series.xlsx|Worcester 1824|732
Worcester,733,10376,1825 series.xlsx|Worcester 1824|733
Worcester,734,10377,1825 series.xlsx|Worcester 1824|734
Worcester,735,10378,1825 series.xlsx|Worcester 1824|735
Worcester,736,10379,1825 series.xlsx|Worcester 1824|736
Worcester,737,10380,1825 series.xlsx|Worcester 1824|737
Worcester,738,10381,1825 series.xlsx|Worcester 1824|738
Worcester,739,10382,1825 series.xlsx|Worcester 1824|739
Worcester,740,10383,1825 series.xlsx|Worcester 1824|740
Worcester,741,10384,1825 series.xlsx|Worcester 1824|741
Worcester,742,10385,1825 series.xlsx|Worcester 1824|742
Worcester,743,10386,1825 series.xlsx|Worcester 1824|743
Worcester,746,10387,1825 series.xlsx|Worcester 1824|746
Worcester,747,10388,1825 series.xlsx|Worcester 1824|747
Worcester,748,10389,1825 series.xlsx|Worcester 1824|748
Worcester,749,10390,1825 series.xlsx|Worcester 1824|749
Worcester,750,10391,1825 series.xlsx|Worcester 1824|750
Worcester,751,10392,1825 series.xlsx|Worcester 1824|751
Worcester,752,10393,1825 series.xlsx|Worcester 1824|752
Worcester,753,10394,1825 series.xlsx|Worcester 1824|753
Worcester,754,10395,1825 series.xlsx|Worcester 1824|754
Worcester,755,10396,1825 series.xlsx|Worcester 1824|755
Worcester,756,10397,1825 series.xlsx|Worcester 1824|756
Worcester,757,10398,1825 series.xlsx|Worcester 1824|757
Worcester,758,10399,1825 series.xlsx|Worcester 1824|758
Worcester,759,10400,1825 series.xlsx|Worcester 1824|759
Worcester,760,10401,1825 series.xlsx|Worcester 1824|760
Worcester,761,10402,1825 series.xlsx|Worcester 1824|761
Worcester,762,10403,1825 series.xlsx|Worcester 1824|762
Worcester,763,10404,1825 series.xlsx|Worcester 1824|763
Worcester,764,10405,1825 series.xlsx|Worcester 1824|764
Worcester,765,10406,1825 series.xlsx|Worcester 1824|765
Worcester,766,10407,1825 series.xlsx|Worcester 1824|766
Worcester,767,10408,1825 series.xlsx|Worcester 1824|767
Worcester,768,10409,1825 series.xlsx|Worcester 1824|768
Worcester,769,10410,1825 series.xlsx|Worcester 1824|769
Worcester,770,10561,1825 series.xlsx|Worcester 1824|770
Worcester,771,10411,1825 series.xlsx|Worcester 1824|771
Worcester,772,10412,1825 series.xlsx|Worcester 1824|772
Worcester,773,10413,1825 series.xlsx|Worcester 1824|773
Worcester,774,10414,1825 series.xlsx|Worcester 1824|774
Worcester,775,10415,1825 series.xlsx|Worcester 1824|775
Worcester,776,10416,1825 series.xlsx|Worcester 1824|776
Worcester,777,10417,1825 series.xlsx|Worcester 1824|777
Worcester,778,10418,1825 series.xlsx|Worcester 1824|778
Worcester,779,10419,1825 series.xlsx|Worcester 1824|779
Worcester,780,10420,1825 series.xlsx|Worcester 1824|780
Stellenbosch,9,10562,1825 series.xlsx|Stellenbosch 1825|9
Stellenbosch,24,10563,1825 series.xlsx|Stellenbosch 1825|24
Stellenbosch,53,10564,1825 series.xlsx|Stellenbosch 1825|53
Stellenbosch,54,10565,1825 series.xlsx|Stellenbosch 1825|54
Stellenbosch,62,10566,1825 series.xlsx|Stellenbosch 1825|62
Stellenbosch,63,10567,1825 series.xlsx|Stellenbosch 1825|63
Stellenbosch,73,10568,1825 series.xlsx|Stellenbosch 1825|73
Stellenbosch,95,10569,1825 series.xlsx|Stellenbosch 1825|95
Stellenbosch,98,10570,1825 series.xlsx|Stellenbosch 1825|98
Stellenbosch,105,10571,1825 series.xlsx|Stellenbosch 1825|105
Stellenbosch,118,10572,1825 series.xlsx|Stellenbosch 1825|118
Stellenbosch,120,10573,1825 series.xlsx|Stellenbosch 1825|120
Stellenbosch,122,10574,1825 series.xlsx|Stellenbosch 1825|122
Stellenbosch,129,10575,1825 series.xlsx|Stellenbosch 1825|129
Stellenbosch,130,10576,1825 series.xlsx|Stellenbosch 1825|130
Stellenbosch,154,10577,1825 series.xlsx|Stellenbosch 1825|154
Stellenbosch,177,10578,1825 series.xlsx|Stellenbosch 1825|177
Stellenbosch,180,10579,1825 series.xlsx|Stellenbosch 1825|180
Stellenbosch,191,10580,1825 series.xlsx|Stellenbosch 1825|191
Stellenbosch,192,10581,1825 series.xlsx|Stellenbosch 1825|192
Stellenbosch,197,10582,1825 series.xlsx|Stellenbosch 1825|197
Stellenbosch,198,10583,1825 series.xlsx|Stellenbosch 1825|198
Stellenbosch,199,10584,1825 series.xlsx|Stellenbosch 1825|199
Stellenbosch,212,10585,1825 series.xlsx|Stellenbosch 1825|212
Stellenbosch,227,10586,1825 series.xlsx|Stellenbosch 1825|227
Stellenbosch,244,10587,1825 series.xlsx|Stellenbosch 1825|244
Stellenbosch,259,10588,1825 series.xlsx|Stellenbosch 1825|259
Stellenbosch,280,10589,1825 series.xlsx|Stellenbosch 1825|280
Stellenbosch,289,10590,1825 series.xlsx|Stellenbosch 1825|289
Stellenbosch,294,10591,1825 series.xlsx|Stellenbosch 1825|294
Stellenbosch,325,10592,1825 series.xlsx|Stellenbosch 1825|325
Stellenbosch,339,10593,1825 series.xlsx|Stellenbosch 1825|339
Stellenbosch,354,10594,1825 series.xlsx|Stellenbosch 1825|354
Stellenbosch,385,10595,1825 series.xlsx|Stellenbosch 1825|385
Stellenbosch,414,10596,1825 series.xlsx|Stellenbosch 1825|414
Stellenbosch,433,10597,1825 series.xlsx|Stellenbosch 1825|433
Stellenbosch,479,10598,1825 series.xlsx|Stellenbosch 1825|479
Stellenbosch,491,10599,1825 series.xlsx|Stellenbosch 1825|491
Stellenbosch,506,10600,1825 series.xlsx|Stellenbosch 1825|506
Stellenbosch,507,10601,1825 series.xlsx|Stellenbosch 1825|507
Stellenbosch,533,10602,1825 series.xlsx|Stellenbosch 1825|533
Stellenbosch,536,10603,1825 series.xlsx|Stellenbosch 1825|536
Stellenbosch,538,10604,1825 series.xlsx|Stellenbosch 1825|538
Stellenbosch,586,10605,1825 series.xlsx|Stellenbosch 1825|586
Stellenbosch,620,10606,1825 series.xlsx|Stellenbosch 1825|620
Stellenbosch,621,10607,1825 series.xlsx|Stellenbosch 1825|621
Stellenbosch,622,10608,1825 series.xlsx|Stellenbosch 1825|622
Stellenbosch,628,10609,1825 series.xlsx|Stellenbosch 1825|628
Stellenbosch,629,10610,1825 series.xlsx|Stellenbosch 1825|629
Stellenbosch,632,10611,1825 series.xlsx|Stellenbosch 1825|632
Stellenbosch,653,10612,1825 series.xlsx|Stellenbosch 1825|653
Stellenbosch,680,10613,1825 series.xlsx|Stellenbosch 1825|680
Stellenbosch,688,10614,1825 series.xlsx|Stellenbosch 1825|688
Stellenbosch,689,10615,1825 series.xlsx|Stellenbosch 1825|689
Stellenbosch,697,10616,1825 series.xlsx|Stellenbosch 1825|697
Stellenbosch,708,10617,1825 series.xlsx|Stellenbosch 1825|708
Stellenbosch,709,10618,1825 series.xlsx|Stellenbosch 1825|709
Stellenbosch,827,10619,1825 series.xlsx|Stellenbosch 1825|827
Stellenbosch,837,10620,1825 series.xlsx|Stellenbosch 1825|837
Stellenbosch,838,10621,1825 series.xlsx|Stellenbosch 1825|838
Stellenbosch,840,10622,1825 series.xlsx|Stellenbosch 1825|840
Stellenbosch,862,10623,1825 series.xlsx|Stellenbosch 1825|862
Stellenbosch,928,10624,1825 series.xlsx|Stellenbosch 1825|928
Stellenbosch,929,10625,1825 series.xlsx|Stellenbosch 1825|929
Stellenbosch,935,10626,1825 series.xlsx|Stellenbosch 1825|935
Stellenbosch,946,10627,1825 series.xlsx|Stellenbosch 1825|946
Stellenbosch,969,10628,1825 series.xlsx|Stellenbosch 1825|969
Stellenbosch,980,10629,1825 series.xlsx|Stellenbosch 1825|980
Stellenbosch,982,10630,1825 series.xlsx|Stellenbosch 1825|982
Stellenbosch,998,10631,1825 series.xlsx|Stellenbosch 1825|998
Stellenbosch,1004,10632,1825 series.xlsx|Stellenbosch 1825|1004
Stellenbosch,1006,10633,1825 series.xlsx|Stellenbosch 1825|1006
Stellenbosch,1009,10634,1825 series.xlsx|Stellenbosch 1825|1009
Stellenbosch,1023,10635,1825 series.xlsx|Stellenbosch 1825|1023
Stellenbosch,1038,10636,1825 series.xlsx|Stellenbosch 1825|1038
Stellenbosch,1050,10637,1825 series.xlsx|Stellenbosch 1825|1050
Stellenbosch,1057,10638,1825 series.xlsx|Stellenbosch 1825|1057
Stellenbosch,1059,10639,1825 series.xlsx|Stellenbosch 1825|1059
Stellenbosch,1076,10640,1825 series.xlsx|Stellenbosch 1825|1076
Stellenbosch,1103,10641,1825 series.xlsx|Stellenbosch 1825|1103
Stellenbosch,1113,10642,1825 series.xlsx|Stellenbosch 1825|1113
Stellenbosch,1114,10643,1825 series.xlsx|Stellenbosch 1825|1114
Stellenbosch,1119,10644,1825 series.xlsx|Stellenbosch 1825|1119
Stellenbosch,1120,10645,1825 series.xlsx|Stellenbosch 1825|1120
Stellenbosch,1123,10646,1825 series.xlsx|Stellenbosch 1825|1123
Stellenbosch,1125,10647,1825 series.xlsx|Stellenbosch 1825|1125
Stellenbosch,1126,10648,1825 series.xlsx|Stellenbosch 1825|1126
Stellenbosch,1131,10649,1825 series.xlsx|Stellenbosch 1825|1131
Stellenbosch,1132,10650,1825 series.xlsx|Stellenbosch 1825|1132
Stellenbosch,1134,10651,1825 series.xlsx|Stellenbosch 1825|1134
Stellenbosch,1154,10652,1825 series.xlsx|Stellenbosch 1825|1154
Stellenbosch,1155,10653,1825 series.xlsx|Stellenbosch 1825|1155
Stellenbosch,1175,10654,1825 series.xlsx|Stellenbosch 1825|1175
Stellenbosch,1181,10655,1825 series.xlsx|Stellenbosch 1825|1181
Stellenbosch,1182,10656,1825 series.xlsx|Stellenbosch 1825|1182
Stellenbosch,1195,10657,1825 series.xlsx|Stellenbosch 1825|1195
Stellenbosch,1197,10658,1825 series.xlsx|Stellenbosch 1825|1197
Stellenbosch,1198,10659,1825 series.xlsx|Stellenbosch 1825|1198
Stellenbosch,1200,10660,1825 series.xlsx|Stellenbosch 1825|1200
Stellenbosch,1238,10661,1825 series.xlsx|Stellenbosch 1825|1238
Stellenbosch,1267,10662,1825 series.xlsx|Stellenbosch 1825|1267
Stellenbosch,1269,10663,1825 series.xlsx|Stellenbosch 1825|1269
Stellenbosch,1285,10664,1825 series.xlsx|Stellenbosch 1825|1285
Stellenbosch,1316,10665,1825 series.xlsx|Stellenbosch 1825|1316
Stellenbosch,1353,10666,1825 series.xlsx|Stellenbosch 1825|1353
Stellenbosch,1362,10667,1825 series.xlsx|Stellenbosch 1825|1362
Stellenbosch,1370,10668,1825 series.xlsx|Stellenbosch 1825|1370
Stellenbosch,1377,10669,1825 series.xlsx|Stellenbosch 1825|1377
Stellenbosch,1402,10670,1825 series.xlsx|Stellenbosch 1825|1402
Stellenbosch,1424,10671,1825 series.xlsx|Stellenbosch 1825|1424
Stellenbosch,1433,10672,1825 series.xlsx|Stellenbosch 1825|1433
Stellenbosch,1454,10673,1825 series.xlsx|Stellenbosch 1825|1454
Stellenbosch,1470,10674,1825 series.xlsx|Stellenbosch 1825|1470
Stellenbosch,1505,10675,1825 series.xlsx|Stellenbosch 1825|1505
Stellenbosch,1508,10676,1825 series.xlsx|Stellenbosch 1825|1508
Stellenbosch,1511,10677,1825 series.xlsx|Stellenbosch 1825|1511
Stellenbosch,1512,10678,1825 series.xlsx|Stellenbosch 1825|1512
Stellenbosch,1567,10679,1825 series.xlsx|Stellenbosch 1825|1567
Stellenbosch,1568,10680,1825 series.xlsx|Stellenbosch 1825|1568
Stellenbosch,1581,10681,1825 series.xlsx|Stellenbosch 1825|1581
Stellenbosch,1584,10682,1825 series.xlsx|Stellenbosch 1825|1584
Stellenbosch,1589,10683,1825 series.xlsx|Stellenbosch 1825|1589
Stellenbosch,1591,10684,1825 series.xlsx|Stellenbosch 1825|1591
Stellenbosch,1604,10685,1825 series.xlsx|Stellenbosch 1825|1604
Stellenbosch,1634,10686,1825 series.xlsx|Stellenbosch 1825|1634
Stellenbosch,1638,10687,1825 series.xlsx|Stellenbosch 1825|1638
Stellenbosch,1681,10688,1825 series.xlsx|Stellenbosch 1825|1681
Stellenbosch,1691,10689,1825 series.xlsx|Stellenbosch 1825|1691
Stellenbosch,1694,10690,1825 series.xlsx|Stellenbosch 1825|1694
Stellenbosch,1720,10691,1825 series.xlsx|Stellenbosch 1825|1720
Stellenbosch,1736,10692,1825 series.xlsx|Stellenbosch 1825|1736
Stellenbosch,1737,10693,1825 series.xlsx|Stellenbosch 1825|1737
Stellenbosch,1741,10694,1825 series.xlsx|Stellenbosch 1825|1741
Stellenbosch,1769,10695,1825 series.xlsx|Stellenbosch 1825|1769
Stellenbosch,1848,10696,1825 series.xlsx|Stellenbosch 1825|1848
Stellenbosch,1936,10697,1825 series.xlsx|Stellenbosch 1825|1936
Stellenbosch,2020,10698,1825 series.xlsx|Stellenbosch 1825|2020
Stellenbosch,2021,10699,1825 series.xlsx|Stellenbosch 1825|2021
Stellenbosch,2063,10700,1825 series.xlsx|Stellenbosch 1825|2063
Stellenbosch,2091,10701,1825 series.xlsx|Stellenbosch 1825|2091
Graaff-Reinet,470,10702,1825 series.xlsx|Graaff-Reinet 1825|470
Graaff-Reinet,1210,10703,1825 series.xlsx|Graaff-Reinet 1825|1210
Graaff-Reinet,1361,10704,1825 series.xlsx|Graaff-Reinet 1825|1361
Graaff-Reinet,1529,10705,1825 series.xlsx|Graaff-Reinet 1825|1529
Swellendam,92,10706,1825 series.xlsx|Swellendam 1825|92
Swellendam,116,10707,1825 series.xlsx|Swellendam 1825|116
Swellendam,145,10708,1825 series.xlsx|Swellendam 1825|145
Swellendam,180,10709,1825 series.xlsx|Swellendam 1825|180
Swellendam,194,10710,1825 series.xlsx|Swellendam 1825|194
Swellendam,224,10711,1825 series.xlsx|Swellendam 1825|224
Swellendam,296,10712,1825 series.xlsx|Swellendam 1825|296
Swellendam,328,10713,1825 series.xlsx|Swellendam 1825|328
Swellendam,410,10714,1825 series.xlsx|Swellendam 1825|410
Swellendam,424,10715,1825 series.xlsx|Swellendam 1825|424
Swellendam,445,10716,1825 series.xlsx|Swellendam 1825|445
Swellendam,447,10717,1825 series.xlsx|Swellendam 1825|447
Swellendam,450,10718,1825 series.xlsx|Swellendam 1825|450
Swellendam,453,10719,1825 series.xlsx|Swellendam 1825|453
Swellendam,465,10720,1825 series.xlsx|Swellendam 1825|465
Swellendam,475,10721,1825 series.xlsx|Swellendam 1825|475
Swellendam,512,10722,1825 series.xlsx|Swellendam 1825|512
Swellendam,528,10723,1825 series.xlsx|Swellendam 1825|528
Swellendam,553,10724,1825 series.xlsx|Swellendam 1825|553
Swellendam,557,10725,1825 series.xlsx|Swellendam 1825|557
Swellendam,607,10726,1825 series.xlsx|Swellendam 1825|607
Swellendam,693,10727,1825 series.xlsx|Swellendam 1825|693
Swellendam,728,10728,1825 series.xlsx|Swellendam 1825|728
Swellendam,775,10729,1825 series.xlsx|Swellendam 1825|775
Swellendam,838,10730,1825 series.xlsx|Swellendam 1825|838
Swellendam,956,10731,1825 series.xlsx|Swellendam 1825|956
Swellendam,988,10732,1825 series.xlsx|Swellendam 1825|988
Swellendam,1003,10733,1825 series.xlsx|Swellendam 1825|1003
Swellendam,1011,10734,1825 series.xlsx|Swellendam 1825|1011
Swellendam,1036,10735,1825 series.xlsx|Swellendam 1825|1036
Swellendam,1076,10736,1825 series.xlsx|Swellendam 1825|1076
Swellendam,1136,10737,1825 series.xlsx|Swellendam 1825|1136
Swellendam,1190,10738,1825 series.xlsx|Swellendam 1825|1190
Swellendam,1239,10739,1825 series.xlsx|Swellendam 1825|1239
Swellendam,1271,10740,1825 series.xlsx|Swellendam 1825|1271
Swellendam,1299,10741,1825 series.xlsx|Swellendam 1825|1299
Swellendam,1355,10742,1825 series.xlsx|Swellendam 1825|1355
Swellendam,1398,10743,1825 series.xlsx|Swellendam 1825|1398
Swellendam,1411,10744,1825 series.xlsx|Swellendam 1825|1411
Swellendam,1432,10745,1825 series.xlsx|Swellendam 1825|1432
Swellendam,1564,10746,1825 series.xlsx|Swellendam 1825|1564
Swellendam,1569,10747,1825 series.xlsx|Swellendam 1825|1569
Swellendam,1578,10748,1825 series.xlsx|Swellendam 1825|1578
Swellendam,1602,10749,1825 series.xlsx|Swellendam 1825|1602
Swellendam,1700,10750,1825 series.xlsx|Swellendam 1825|1700
Swellendam,1732,10751,1825 series.xlsx|Swellendam 1825|1732
Swellendam,1786,10752,1825 series.xlsx|Swellendam 1825|1786
Swellendam,1790,10753,1825 series.xlsx|Swellendam 1825|1790
Swellendam,1818,10754,1825 series.xlsx|Swellendam 1825|1818
Swellendam,1820,10755,1825 series.xlsx|Swellendam 1825|1820
Swellendam,1830,10756,1825 series.xlsx|Swellendam 1825|1830
Swellendam,1839,10757,1825 series.xlsx|Swellendam 1825|1839
Swellendam,1881,10758,1825 series.xlsx|Swellendam 1825|1881
Swellendam,1888,10759,1825 series.xlsx|Swellendam 1825|1888
Swellendam,1959,10760,1825 series.xlsx|Swellendam 1825|1959
Swellendam,2039,10761,1825 series.xlsx|Swellendam 1825|2039
Swellendam,2084,10762,1825 series.xlsx|Swellendam 1825|2084
Swellendam,2148,10763,1825 series.xlsx|Swellendam 1825|2148
Swellendam,2221,10764,1825 series.xlsx|Swellendam 1825|2221
Swellendam,2232,10765,1825 series.xlsx|Swellendam 1825|2232
Swellendam,2299,10766,1825 series.xlsx|Swellendam 1825|2299
Swellendam,2324,10767,1825 series.xlsx|Swellendam 1825|2324
Swellendam,2337,10768,1825 series.xlsx|Swellendam 1825|2337
Swellendam,2465,10769,1825 series.xlsx|Swellendam 1825|2465
Swellendam,2474,10770,1825 series.xlsx|Swellendam 1825|2474
Swellendam,2516,10771,1825 series.xlsx|Swellendam 1825|2516
Swellendam,2558,10772,1825 series.xlsx|Swellendam 1825|2558
Swellendam,2587,10773,1825 series.xlsx|Swellendam 1825|2587
Swellendam,2614,10774,1825 series.xlsx|Swellendam 1825|2614
Swellendam,2631,10775,1825 series.xlsx|Swellendam 1825|2631
Swellendam,2636,10776,1825 series.xlsx|Swellendam 1825|2636
Swellendam,2678,10777,1825 series.xlsx|Swellendam 1825|2678
Swellendam,2680,10778,1825 series.xlsx|Swellendam 1825|2680
Swellendam,2715,10779,1825 series.xlsx|Swellendam 1825|2715
Swellendam,2732,10780,1825 series.xlsx|Swellendam 1825|2732
Swellendam,2791,10781,1825 series.xlsx|Swellendam 1825|2791
Swellendam,2823,10782,1825 series.xlsx|Swellendam 1825|2823
Swellendam,2902,10783,1825 series.xlsx|Swellendam 1825|2902
Swellendam,2905,10784,1825 series.xlsx|Swellendam 1825|2905
Swellendam,2912,10785,1825 series.xlsx|Swellendam 1825|2912
Swellendam,2939,10786,1825 series.xlsx|Swellendam 1825|2939
Swellendam,2967,10787,1825 series.xlsx|Swellendam 1825|2967
Swellendam,2994,10788,1825 series.xlsx|Swellendam 1825|2994
Swellendam,3025,10789,1825 series.xlsx|Swellendam 1825|3025
