UCL,Owner_surname,Owner_name,District_name,decision,reason,local_rows,explicit_note_count,source_rows,evidence_notes,owner_notes
10,Vivier,Petrus Johannes,Beaufort,retain,No affirmative source-note count or claim-scope contradiction identified.,1,,36409,intelligent but suffers from epilepsy,jr
1003,Viljoen,Charl,Uitenhage,retain,No affirmative source-note count or claim-scope contradiction identified.,1,,33957,,
1005,Olivier,Gerrit Cornelis,Somerset,retain,No affirmative source-note count or claim-scope contradiction identified.,1,,34469,,
1006,Naude,Daniel Jacobus,Somerset,retain,No affirmative source-note count or claim-scope contradiction identified.,3,,34259;34636;34932,weduwee,
1007,Martin,George Andries,Somerset,retain,No affirmative source-note count or claim-scope contradiction identified.,1,,34804,,
1008,Schoombee,Andries Godlieb,Somerset,review,"Source has additional party, claimant, payment-recipient or cross-reference wording; no affirmative UCL/BPP count or additional-slave contradiction established. Do not exclude merely for creditor/recipient names.",5,,34106;34718;35370;35450;35533,"plus AC Preller, AM Preller",
1009,Schoombee,Johannes Albertus,Somerset,retain,No affirmative source-note count or claim-scope contradiction identified.,1,,34188,,
1010,Engelbrecht,Elizabeth Catharina,Somerset,retain,No affirmative source-note count or claim-scope contradiction identified.,2,,34526;34838,wed Pieter Hendrik Henning,
1011,Pretorius,Johannes Lodewicus,Somerset,retain,No affirmative source-note count or claim-scope contradiction identified.,3,,34153;34719;34805,,
1012,Pretorius,Wynand Johannes,Somerset,retain,No affirmative source-note count or claim-scope contradiction identified.,3,,34335;34504;34839,gedros,
1014,Van Heerden,Willem,Somerset,retain,No affirmative source-note count or claim-scope contradiction identified.,5,,34230;34663;34902;35371;35603,,sv Willem
1015,Grobbelaar,Petrus,Somerset,retain,No affirmative source-note count or claim-scope contradiction identified.,11,,34231;34307;34337;34806;34807;34967;34968;35033;35106;35263;35535,,sv Coert
1016,Grobbelaar,Coert,Somerset,retain,No affirmative source-note count or claim-scope contradiction identified.,2,,34621;35214,,sv Pieter
1017,Van Heerden,Philippus Lodewicus,Somerset,retain,No affirmative source-note count or claim-scope contradiction identified.,9,,34142;34637;34903;35034;35264;35331;35332;35406;35604,,
1018,Van Heerden,Willem Jacobus,Somerset,retain,No affirmative source-note count or claim-scope contradiction identified.,10,,34278;34564;34622;34638;35000;35078;35142;35215;35333;35451,,
1019,Michau,Paul Willem,Somerset,retain,No affirmative source-note count or claim-scope contradiction identified.,4,,34505;35143;35216;35291,,
1020,Opperman,Godlieb Rudolph,Somerset,retain,No affirmative source-note count or claim-scope contradiction identified.,6,,34005;34028;34338;34528;35292;35452,"weggeloop, 1 jaar weg",
1021,Hattingh,Christiaan,Somerset,retain,No affirmative source-note count or claim-scope contradiction identified.,9,,34024;34057;34339;34432;34433;34485;34506;35035;35174,,sv Theobold
1022,Wagenaar,Willem,Somerset,retain,No affirmative source-note count or claim-scope contradiction identified.,1,,34155,,
1023,Du Plessis,Pieter,Somerset,retain,No affirmative source-note count or claim-scope contradiction identified.,15,,33990;34006;34076;34232;34340;34434;34435;34486;34565;34904;34933;35144;35217;35265;35536,,sv Jan
1024,Vorster,Barend Johannes,Somerset,retain,No affirmative source-note count or claim-scope contradiction identified.,1,,34189,,
1025,Naude,Stephanus David,Somerset,retain,No affirmative source-note count or claim-scope contradiction identified.,1,,34261,,
1027,Badenhorst,Gerhardus Johannes,Somerset,retain,No affirmative source-note count or claim-scope contradiction identified.,1,,34969,Graaff-Reinet,
1028,Pansegrauw,Johan Jacob,Somerset,retain,No affirmative source-note count or claim-scope contradiction identified.,2,,34034;34840,,
1029,Viljoen,Hercules Albertus,Somerset,retain,No affirmative source-note count or claim-scope contradiction identified.,1,,34529,,
1030,Vorster,Paulus Johannes,Somerset,retain,No affirmative source-note count or claim-scope contradiction identified.,1,,35079,,
1031,Vorster,Alwyn Petrus,Somerset,retain,No affirmative source-note count or claim-scope contradiction identified.,3,,34164;34664;35605,oorlede 5.1.1835,
1032,Myburgh,Jacobus,Somerset,retain,No affirmative source-note count or claim-scope contradiction identified.,2,,34058;34970,,sv Albert
1033,Van Heerden,Isaac Jacobus,Somerset,retain,No affirmative source-note count or claim-scope contradiction identified.,6,,34507;34623;35293;35407;35537;35538,,sv Pieter
1034,Hattingh,Johannes,Somerset,retain,No affirmative source-note count or claim-scope contradiction identified.,1,,34165,,sv Theobald
1035,Van Heerden,Lambertus Albertus,Somerset,retain,No affirmative source-note count or claim-scope contradiction identified.,8,,34041;34566;34624;35036;35334;35408;35539;35606,,sv I
1036,Van Heerden,Pieter Willem,Somerset,retain,No affirmative source-note count or claim-scope contradiction identified.,13,,34279;34341;34368;34369;34603;34738;34769;34971;35080;35107;35266;35409;35487,,oorlede
1037,Kruger,Henrik,Somerset,retain,No affirmative source-note count or claim-scope contradiction identified.,9,,33991;34143;34308;34342;34436;34567;34639;35037;35607,,sv Johannes Jac.
1038,Kruger,Louis,Somerset,retain,No affirmative source-note count or claim-scope contradiction identified.,1,,35081,,sv Hendrik
1039,Van Heerden,Barend Johannes,Somerset,retain,No affirmative source-note count or claim-scope contradiction identified.,3,,34770;35267;35488,Anna Catharina Maria Kruger ontvang geld,
1041,Steenkamp,Lavina Catharina,Somerset,retain,No affirmative source-note count or claim-scope contradiction identified.,5,,34390;34640;34808;35218;35335,wed van Louis van Wyk sr,
1042,Du Plessis,Daniel,Somerset,retain,No affirmative source-note count or claim-scope contradiction identified.,2,,34077;34263,non-predial: 45 + 7.10,sv Daniel
1043,Vorster,Barend Johannes,Somerset,retain,No affirmative source-note count or claim-scope contradiction identified.,9,,33996;34007;34233;34281;34665;34869;34934;35002;35176,Graaff-Reinet,sr
1044,Vorster,Pieter Willem,Somerset,retain,No affirmative source-note count or claim-scope contradiction identified.,2,,34809;34870,,sv Isaac
1046,Vorster,Roelof,Somerset,retain,No affirmative source-note count or claim-scope contradiction identified.,9,,34437;34871;34905;35656;35657;35658;35659;35660;35661,,
1047,Vorster,Willem Jacobus,Somerset,retain,No affirmative source-note count or claim-scope contradiction identified.,1,,34282,"Johanna Maria Kruger, wed",
1048,Kruger,Casper Jan Hendrik,Somerset,retain,No affirmative source-note count or claim-scope contradiction identified.,1,,34872,oorlede: wed Johanna Catharina Fink,
1049,Stapelberg,Frans Petrus,Somerset,retain,No affirmative source-note count or claim-scope contradiction identified.,9,,34008;34310;34311;34411;34842;35082;35219;35294;35541,gedros,
1051,Van Heerden,Willem Hendrik,Somerset,retain,No affirmative source-note count or claim-scope contradiction identified.,5,,34312;34604;35411;35489;35543,In Tarka vir appraisal,
1052,Van Heerden,Willem Jacobus,Somerset,retain,No affirmative source-note count or claim-scope contradiction identified.,1,,34810,,sv Isak
1053,Pretorius,Willem,Somerset,retain,No affirmative source-note count or claim-scope contradiction identified.,1,,34059,,
1054,Van Heerden,Petrus Johannes,Somerset,retain,No affirmative source-note count or claim-scope contradiction identified.,6,,34283;34720;34741;34843;35455;35544,,sv Willem
1055,Robbertze,Daniel Jacobus,Somerset,retain,No affirmative source-note count or claim-scope contradiction identified.,15,,34107;34234;34284;34285;34371;34487;34584;34774;34844;34937;35003;35083;35145;35220;35412,,
1056,Van Heerden,Jacobus Johannes,Somerset,retain,No affirmative source-note count or claim-scope contradiction identified.,10,,34641;34692;34775;34811;35337;35413;35490;35491;35608;35609,,
1057,Pretorius,Johannes Lodewicus,Somerset,retain,No affirmative source-note count or claim-scope contradiction identified.,12,,34047;34166;34508;34548;34605;34776;35146;35295;35374;35456;35545;35546,,
1058,Van der Berg,Willem Meintjes,Somerset,retain,No affirmative source-note count or claim-scope contradiction identified.,3,,34060;34190;34438,an idiot,sr
1059,Cordon,Rupert,Somerset,retain,No affirmative source-note count or claim-scope contradiction identified.,1,,34530,,
1060,Butler,Thomas,Somerset,retain,No affirmative source-note count or claim-scope contradiction identified.,1,,34078,,
1061,Massyn,Pieter Christiaan,Somerset,retain,No affirmative source-note count or claim-scope contradiction identified.,4,,34167;34343;35084;35296,,sv F.
1062,Pietersen,Emmanuel Andre,Somerset,retain,No affirmative source-note count or claim-scope contradiction identified.,1,,34344,,
1063,Waldeck,Hendrik David,Somerset,retain,No affirmative source-note count or claim-scope contradiction identified.,4,,34439;34585;35270;35338,,
1064,Jameson,William,Somerset,retain,No affirmative source-note count or claim-scope contradiction identified.,1,,34568,,
1065,Van Aardt,Willem Adriaan,Somerset,retain,No affirmative source-note count or claim-scope contradiction identified.,5,,34345;34372;34721;34938;35038,,
1067,Erasmus,Coert,Somerset,retain,No affirmative source-note count or claim-scope contradiction identified.,1,,34313,,sv Lourens
1068,Schoeman,Jacobus Gustaaf,Somerset,retain,No affirmative source-note count or claim-scope contradiction identified.,1,,34642,,
1069,Erasmus,Jacob Lourens Carolus,Somerset,retain,No affirmative source-note count or claim-scope contradiction identified.,8,,34777;34845;34906;35340;35414;35493;35547;35610,,
1070,Ziervogel,Jeremias Frederik,Somerset,retain,No affirmative source-note count or claim-scope contradiction identified.,5,,34253;34778;34939;35494;35611,,
1072,Van Eeden,Johannes Hendrik,Somerset,retain,No affirmative source-note count or claim-scope contradiction identified.,2,,34742;35495,,
1073,Botha,Antony,Somerset,retain,No affirmative source-note count or claim-scope contradiction identified.,8,,34156;34286;34314;34348;34373;34972;35496;35662,,sv Theunis Chr
1074,Goosen,Martha Susanna,Somerset,retain,No affirmative source-note count or claim-scope contradiction identified.,12,,34144;34549;34666;34722;34846;35086;35148;35297;35458;35497;35549;35612,wed CJ Botha,wed
1075,Nel,Louis Jacobus,Somerset,retain,No affirmative source-note count or claim-scope contradiction identified.,6,,34192;34349;34571;34847;35040;35341,,sv Louis
1076,Bosch,Johannes Hendrik,Somerset,retain,No affirmative source-note count or claim-scope contradiction identified.,1,,34848,predial,
1077,Botha,Theunis Christoffel,Somerset,retain,No affirmative source-note count or claim-scope contradiction identified.,2,,34254;34471,,sv C.
1078,Prinsloo,Petrus Jochemus,Somerset,retain,No affirmative source-note count or claim-scope contradiction identified.,2,,34108;34374,"melaats, geen waarde",sv W.
1079,Van der Vyver,Hendrik Christoffel,Somerset,retain,No affirmative source-note count or claim-scope contradiction identified.,4,,34287;34849;35087;35550,,
1080,Coetzer,Pieter Willem,Somerset,retain,No affirmative source-note count or claim-scope contradiction identified.,1,,34315,,
1081,Coetzer,Jacob Jeremias,Somerset,retain,No affirmative source-note count or claim-scope contradiction identified.,1,,34907,,
1082,Coetzer,Johannes Jacobus,Somerset,retain,No affirmative source-note count or claim-scope contradiction identified.,1,,34606,,
1083,Erasmus,Carel Stephanus,Somerset,retain,No affirmative source-note count or claim-scope contradiction identified.,2,,34850;35041,,
1084,De Wet,Jacobus Albertus,Somerset,retain,No affirmative source-note count or claim-scope contradiction identified.,6,,34096;34238;35042;35149;35150;35271,,sv Jac.
1085,Botha,Theunis,Somerset,retain,No affirmative source-note count or claim-scope contradiction identified.,1,,34080,,sv Jacobus
1086,Du Plessis,Johannes Petrus,Somerset,retain,No affirmative source-note count or claim-scope contradiction identified.,5,,34264;35004;35088;35151;35376,,sv PJ
1087,Smit,Jacobus Francois,Somerset,retain,No affirmative source-note count or claim-scope contradiction identified.,5,,34509;34643;35089;35298;35377,,
1089,Malan,Elisabeth,Somerset,retain,No affirmative source-note count or claim-scope contradiction identified.,6,,34020;34091;34092;34510;34586;35342,,wed David M.
1090,Malan,David Eduard,Somerset,retain,No affirmative source-note count or claim-scope contradiction identified.,8,,34391;34413;34550;35005;35221;35343;35499;35614,,
1091,De Beer,Johannes Matthys,Somerset,retain,No affirmative source-note count or claim-scope contradiction identified.,2,,34472;35006,,
1092,Van Jaarsveld,Adriaan Johannes,Somerset,exclude,same_UCL_and_exact_owner_in_multiple_districts,4,,34375;35222;35415;35416,,sv Adr
1094,Malan,Daniel Jacobus,Somerset,retain,No affirmative source-note count or claim-scope contradiction identified.,17,,34081;34109;34265;34316;34350;34531;34572;34743;34813;34873;34940;35110;35152;35178;35179;35272;35417,,sv David
1095,Du Plessis,Paul Jacobus,Somerset,retain,No affirmative source-note count or claim-scope contradiction identified.,12,,34061;34440;34441;34473;34488;34851;34908;35111;35223;35299;35418;35552,,
1096,Oosthuizen,Andries,Somerset,retain,No affirmative source-note count or claim-scope contradiction identified.,1,,35112,,
1097,Kruger,Pieter Ernst,Somerset,retain,No affirmative source-note count or claim-scope contradiction identified.,4,,34587;34625;35113;35273,,jr
1099,Jordaan,Gideon,Somerset,retain,No affirmative source-note count or claim-scope contradiction identified.,13,,34193;34266;34489;34490;34693;34814;34909;35090;35180;35181;35378;35500;35553,deserter,
11,Meintjes,Jacobus Johannes,Beaufort,retain,No affirmative source-note count or claim-scope contradiction identified.,2,,36203;36204,strong and hearty; bad temper || strong Mozambique,
1100,Du Plessis,Hendrik Francois,Somerset,retain,No affirmative source-note count or claim-scope contradiction identified.,5,,34267;34351;34667;35419;35554,,sv Fr.
1101,Du Plessis,Maria Jacoba,Somerset,retain,No affirmative source-note count or claim-scope contradiction identified.,1,,35007,gewese vrou van Joh. Jac. Snyman; robert Hart ontvang geld,sep.
1102,Du Plessis,Philippus Jacobus,Somerset,retain,No affirmative source-note count or claim-scope contradiction identified.,11,,34352;34376;34491;34973;35091;35114;35115;35182;35183;35224;35300,,oorlede
1103,Hattingh,Daniel Wilhelm,Somerset,retain,No affirmative source-note count or claim-scope contradiction identified.,2,,34093;34941,,sv Hendrik
1104,Schoeman,Christoffel Andries,Somerset,exclude,Explicit note says two slaves listed but one recorded.,1,2,34874,Twee slawe gelys,sv Chr
1106,Hattingh,Christiaan Arnoldus,Somerset,retain,No affirmative source-note count or claim-scope contradiction identified.,1,,34195,,
1107,Coetzee,Dirk,Somerset,retain,No affirmative source-note count or claim-scope contradiction identified.,8,,34110;34644;34645;34815;35301;35379;35420;35501,,sr
1108,Palm,Mieder,Somerset,retain,No affirmative source-note count or claim-scope contradiction identified.,10,,34062;34268;34377;34474;34779;35116;35225;35344;35555;35615,deceased,
1109,Kruger,Johannes Jacob,Somerset,retain,No affirmative source-note count or claim-scope contradiction identified.,1,,34780,,sv Hendrik
1110,Robbertze,Johannes Francois,Somerset,retain,No affirmative source-note count or claim-scope contradiction identified.,6,,34288;34532;35226;35302;35421;35556,,
1111,Pretorius,Hendrik Stephanus,Somerset,retain,No affirmative source-note count or claim-scope contradiction identified.,4,,34511;34646;34875;35616,,sv Sr
1112,Coetzee,Dirk Jacobus,Somerset,retain,No affirmative source-note count or claim-scope contradiction identified.,14,,34063;34122;34239;34317;34392;34393;34852;34910;34911;35043;35303;35422;35423;35663,On Commando,
1113,Venter,Jan Albert,Somerset,retain,No affirmative source-note count or claim-scope contradiction identified.,8,,34442;34723;34781;34942;35227;35304;35459;35617,oorlede,sv Pieter
1114,Venter,Tjaart Nicolaas,Somerset,retain,No affirmative source-note count or claim-scope contradiction identified.,3,,34269;34475;34588,,sv JA
1115,Coetzee,Floris,Somerset,retain,No affirmative source-note count or claim-scope contradiction identified.,1,,34876,,
1116,Van der Walt,Johannes Lodewyk,Somerset,retain,No affirmative source-note count or claim-scope contradiction identified.,2,,34912;35008,,
1117,Van der Walt,Tjaart,Somerset,retain,No affirmative source-note count or claim-scope contradiction identified.,1,,34551,,sv Hendrik
1118,Van Wyk,Louis Johan,Somerset,retain,No affirmative source-note count or claim-scope contradiction identified.,7,,34492;35117;35118;35184;35557;35618;35619,,
1119,Van der Walt,Nicolaas,Somerset,retain,No affirmative source-note count or claim-scope contradiction identified.,1,,35009,,sv AJ
1120,Steyn,Douw Gerbrand,Somerset,retain,No affirmative source-note count or claim-scope contradiction identified.,15,,34045;34145;34196;34197;34394;34533;34552;34974;35010;35153;35228;35229;35305;35380;35460,,
1121,Vorster,Casper Jan Hendrik,Somerset,retain,No affirmative source-note count or claim-scope contradiction identified.,1,,34816,,
1122,Venter,Andries,Somerset,retain,No affirmative source-note count or claim-scope contradiction identified.,2,,34512;34668,,sv Jan
1123,Venter,Jan Michiel Andries,Somerset,retain,No affirmative source-note count or claim-scope contradiction identified.,2,,34744;35424,,
1124,Venter,Tjaart Petrus,Somerset,retain,No affirmative source-note count or claim-scope contradiction identified.,1,,34626,,sv Jan
1125,Pretorius,Abraham,Somerset,retain,No affirmative source-note count or claim-scope contradiction identified.,7,,34025;34123;34289;34443;34782;34877;35119,,
1126,Gous,Pieter,Somerset,retain,No affirmative source-note count or claim-scope contradiction identified.,2,,34021;34042,,oorlede
1127,Pretorius,Johannes Lodewicus,Somerset,retain,No affirmative source-note count or claim-scope contradiction identified.,3,,34097;34136;34168,,sv L
1129,Coetzee,Abraham Jacobus,Somerset,retain,No affirmative source-note count or claim-scope contradiction identified.,5,,34534;35044;35092;35306;35502,,
1130,Fourie,Stephanus,Somerset,retain,No affirmative source-note count or claim-scope contradiction identified.,1,,34476,,sr
1131,Fourie,David,Somerset,retain,No affirmative source-note count or claim-scope contradiction identified.,4,,34513;35120;35425;35503,,sv Stephanus
1132,Smit,Jacobus Petrus,Somerset,retain,No affirmative source-note count or claim-scope contradiction identified.,5,,34553;35121;35230;35307;35620,,
1133,Coetzee,Abraham Jacobus,Somerset,retain,No affirmative source-note count or claim-scope contradiction identified.,1,,34608,Pienaars baken,sv Jan
1134,Henning,Johannes Christiaan,Somerset,retain,No affirmative source-note count or claim-scope contradiction identified.,1,,34111,,
1135,Kruger,Gert,Somerset,retain,No affirmative source-note count or claim-scope contradiction identified.,5,,34240;34609;34724;35426;35558,,sv Hendrik
1136,Coetzee,Gert Petrus Nicolaas,Somerset,retain,No affirmative source-note count or claim-scope contradiction identified.,2,,34669;34817,Graaff-Reinet,
1137,Venter,Jan Hendrik,Somerset,retain,No affirmative source-note count or claim-scope contradiction identified.,1,,34378,,
1139,Van den Berg,Johannes Petrus Meintjes,Somerset,retain,No affirmative source-note count or claim-scope contradiction identified.,5,,34535;34670;34853;35559;35621,,
1140,Du Plooy,Roelof,Somerset,retain,No affirmative source-note count or claim-scope contradiction identified.,1,,34627,,sv Michiel
1141,Coetzee,Dirk Jacobus,Somerset,retain,No affirmative source-note count or claim-scope contradiction identified.,2,,35622;35664,,sv Floris
1142,Erasmus,Daniel Johannes,Somerset,retain,No affirmative source-note count or claim-scope contradiction identified.,7,,34029;34379;34610;34943;34975;35045;35504,,sv Jacob
1143,Du Preez,Jacobus Hercules,Somerset,retain,No affirmative source-note count or claim-scope contradiction identified.,2,,34137;34169,,sv Simon
1144,Henning,Willem Frederik,Somerset,retain,No affirmative source-note count or claim-scope contradiction identified.,4,,34536;34611;34783;35122,,
1145,Marais,Isaac Johannes,Somerset,retain,No affirmative source-note count or claim-scope contradiction identified.,1,,34819,,
1146,Badenhorst,Casper Hendrik,Somerset,retain,No affirmative source-note count or claim-scope contradiction identified.,6,,34354;34628;35046;35154;35505;35623,,sv Hendrik
1147,Du Plessis,Petrus Francois,Somerset,retain,No affirmative source-note count or claim-scope contradiction identified.,3,,34112;34629;34854,,sv Andries
1148,Kruger,Gert Lodewyk,Somerset,retain,No affirmative source-note count or claim-scope contradiction identified.,1,,34976,,sv Piet
1149,Strydom,Gert Cornelis,Somerset,retain,No affirmative source-note count or claim-scope contradiction identified.,2,,34589;35231,,sv Gert
1151,Smit,Daniel Michiel Christoffel,Somerset,retain,No affirmative source-note count or claim-scope contradiction identified.,5,,34009;34124;34913;35047;35155,,
1152,Fourie,Louis Johannes,Somerset,retain,No affirmative source-note count or claim-scope contradiction identified.,1,,34725,,oorlede
1153,Fourie,Johannes,Somerset,retain,No affirmative source-note count or claim-scope contradiction identified.,1,,34726,,sv Louis
1154,Steenkamp,Jan Harmse,Somerset,retain,No affirmative source-note count or claim-scope contradiction identified.,1,,34878,,
1155,Pelser,Willem Jacobus,Somerset,retain,No affirmative source-note count or claim-scope contradiction identified.,8,,34082;34270;34671;34784;35232;35308;35461;35624,,oorlede
1156,Cronje,Cornelis,Somerset,retain,No affirmative source-note count or claim-scope contradiction identified.,2,,34477;35233,,sv Isaac
1157,Jacobse,Michiel Christiaan,Somerset,retain,No affirmative source-note count or claim-scope contradiction identified.,2,,34879;35011,,sv Joh.
1159,Greyvenstein,Johannes Jacobus,Somerset,retain,No affirmative source-note count or claim-scope contradiction identified.,1,,34170,,
1160,Van Zyl,Gideon,Somerset,retain,No affirmative source-note count or claim-scope contradiction identified.,10,,34255;34290;34694;34745;34820;34944;35012;35274;35381;35560,,sv Frederik
1161,Van der Linde,Jan. sv Gerrit,Somerset,retain,No affirmative source-note count or claim-scope contradiction identified.,1,,34785,Doornhoek,
1162,Myburg,Gerrit,Somerset,review,"Source has additional party, claimant, payment-recipient or cross-reference wording; no affirmative UCL/BPP count or additional-slave contradiction established. Do not exclude merely for creditor/recipient names.",1,,34493,ook weduwee SPM de Beer,"sr, oorlede"
1163,Pretorius,Johannes Petrus,Somerset,retain,No affirmative source-note count or claim-scope contradiction identified.,1,,34318,,
1164,Pretorius,Johannes Lodewicus,Somerset,retain,No affirmative source-note count or claim-scope contradiction identified.,6,,34125;34821;35345;35382;35506;35625,,sv A
1165,Pienaar,Johanna Catharina,Somerset,retain,No affirmative source-note count or claim-scope contradiction identified.,7,,33999;34010;34126;34630;34672;34746;34747,wed van Louis Kotze,wed
1166,Aucamp,Carel David,Somerset,retain,No affirmative source-note count or claim-scope contradiction identified.,3,,34727;35346;35462,,
1167,Venter,Petrus Stephanus,Somerset,retain,No affirmative source-note count or claim-scope contradiction identified.,4,,34064;34171;35093;35347,,
1168,Steyn,Hermanus,Somerset,retain,No affirmative source-note count or claim-scope contradiction identified.,1,,34822,,
1169,Kruger,Frans,Somerset,retain,No affirmative source-note count or claim-scope contradiction identified.,4,,34048;34113;34881;35048,,
1170,Henning,Gerrit Francois,Somerset,retain,No affirmative source-note count or claim-scope contradiction identified.,1,,34030,,sv PH
1171,Buys,Bernardus Rudolph,Somerset,retain,No affirmative source-note count or claim-scope contradiction identified.,6,,34198;34445;35013;35123;35275;35383,,
1172,Pretorius,Lourens,Somerset,retain,No affirmative source-note count or claim-scope contradiction identified.,1,,34573,Clarin?,
1173,Hough,Andreas,Somerset,retain,No affirmative source-note count or claim-scope contradiction identified.,7,,34157;34590;34673;34945;35124;35384;35626,,
1174,Botha,Joseph Johannes,Somerset,retain,No affirmative source-note count or claim-scope contradiction identified.,1,,35014,,
1175,Du Plessis,Johannes Petrus,Somerset,retain,No affirmative source-note count or claim-scope contradiction identified.,2,,34022;34612,,sv P
1176,Olivier,Willem Hendrik,Somerset,retain,No affirmative source-note count or claim-scope contradiction identified.,2,,34823;35627,,sv JL
1177,Grobbelaar,Nicolaas Johannes,Somerset,retain,No affirmative source-note count or claim-scope contradiction identified.,6,,34031;34172;34173;34174;34175;34414,,
1178,Van Zyl,Jacobus,Somerset,retain,No affirmative source-note count or claim-scope contradiction identified.,3,,34613;35185;35309,,
1179,Verster,Jacobus Remerus,Somerset,retain,No affirmative source-note count or claim-scope contradiction identified.,1,,34176,,
1180,Robbertze,Johannes Hendrik,Somerset,retain,No affirmative source-note count or claim-scope contradiction identified.,3,,34083;34084;34395,,sv Dnl
1181,Venter,Gerrit,Somerset,retain,No affirmative source-note count or claim-scope contradiction identified.,10,,34037;34127;34291;34292;34555;34748;34977;35234;35463;35561,,sv Piet
1182,Van Wyk,Stephanus Johannes,Somerset,retain,No affirmative source-note count or claim-scope contradiction identified.,9,,34011;34085;34146;34293;34537;34749;34882;34978;35628,,
1184,Smit,Lourens Erasmus,Somerset,retain,No affirmative source-note count or claim-scope contradiction identified.,4,,34043;34138;34319;34914,,
1185,Venter,Jan Adriaan,Somerset,retain,No affirmative source-note count or claim-scope contradiction identified.,1,,34241,,sv Piet
1186,Schutte,Philip,Somerset,retain,No affirmative source-note count or claim-scope contradiction identified.,1,,34415,,
1187,De Bruin,Theunis,Somerset,retain,No affirmative source-note count or claim-scope contradiction identified.,1,,34199,Fourie,oorlede
1188,Botha,Rudolph Philip,Somerset,retain,No affirmative source-note count or claim-scope contradiction identified.,11,,34023;34035;34380;34447;34591;35156;35235;35310;35385;35507;35562,Oberholster,oorlede
1189,Beukes,Jan Andries,Somerset,retain,No affirmative source-note count or claim-scope contradiction identified.,1,,34674,,
1190,Putter,Diederik Johannes,Somerset,retain,No affirmative source-note count or claim-scope contradiction identified.,1,,34824,,sv D
1191,Robbertze,Jan Hendrik,Somerset,retain,No affirmative source-note count or claim-scope contradiction identified.,11,,34065;34320;34592;34675;34750;35094;35236;35386;35387;35508;35563,,
1193,Du Plessis,Pieter Abraham,Somerset,retain,No affirmative source-note count or claim-scope contradiction identified.,7,,34296;34448;34647;34915;35277;35388;35629,Carel Wynand le Roux en Margaretha Louisa du Plessis,sv Joh.
1194,Du Plessis,Martinus Johannes,Somerset,retain,No affirmative source-note count or claim-scope contradiction identified.,2,,33998;34321,old || very good character,sv Jan
1195,Krugel,Mauritz Hermanus Otto,Somerset,retain,No affirmative source-note count or claim-scope contradiction identified.,2,,34695;35349,,
1196,Du Plessis,Jan,Somerset,retain,No affirmative source-note count or claim-scope contradiction identified.,5,,34449;34514;35049;35157;35465,,sv Jan
1197,Vorster,Barend Johannes Martinus,Somerset,retain,No affirmative source-note count or claim-scope contradiction identified.,1,,34786,,
1198,Van Wyk,Andries Petrus,Somerset,retain,No affirmative source-note count or claim-scope contradiction identified.,5,,34416;34946;35050;35237;35311,,sv Louis
1199,Els,Frederik,Somerset,retain,No affirmative source-note count or claim-scope contradiction identified.,5,,34200;34728;34947;35565;35630,,
12,Fraser,Colin,Beaufort,retain,No affirmative source-note count or claim-scope contradiction identified.,2,,36064;36065,old old man broken down,Rev
120,Sieberhagen,Johan George,Beaufort,retain,No affirmative source-note count or claim-scope contradiction identified.,1,,36270,"Strong woman, can wash and iron for rds4 per mens",
1200,Erasmus,Lourens Johannes,Somerset,retain,No affirmative source-note count or claim-scope contradiction identified.,1,,34729,,
1201,Erasmus,Michiel Coenraad,Somerset,retain,No affirmative source-note count or claim-scope contradiction identified.,1,,34114,,
1202,Robbertze,Christiaan Stephanus,Somerset,retain,No affirmative source-note count or claim-scope contradiction identified.,3,,34648;35427;35466,,sv JH
1203,Pretorius,Johannes Diederik,Somerset,retain,No affirmative source-note count or claim-scope contradiction identified.,1,,34751,,sv JL
1204,Lombaard,Jonathan,Somerset,retain,No affirmative source-note count or claim-scope contradiction identified.,2,,34242;34271,,sv Jan
1206,Terblanche,Samuel Johannes,Somerset,retain,No affirmative source-note count or claim-scope contradiction identified.,2,,34556;35188,,sv Steph
1207,Kruger,Daniel Frederik,Somerset,retain,No affirmative source-note count or claim-scope contradiction identified.,1,,34883,,sv Jan
1208,Hattingh,Johannes Hendrik,Somerset,retain,No affirmative source-note count or claim-scope contradiction identified.,2,,34086;34243,,sv M
1210,Robbertze,Jan Hendrik,Somerset,retain,No affirmative source-note count or claim-scope contradiction identified.,4,,34178;34515;34752;35567,,jr
1211,Coetzer,Wentzel Christoffel,Somerset,retain,No affirmative source-note count or claim-scope contradiction identified.,3,,34676;34948;35568,,sv P
1212,De Bruyn,Hendrik Jacobus,Somerset,review,No name in UCL according to annotation; no affirmative omitted-slave evidence.,1,,34557,non effective; geen naam genoem in UCL,
1213,De Beer,Samuel Pieter M.,Somerset,retain,No affirmative source-note count or claim-scope contradiction identified.,3,,34696;34856;35569,oorlede Jan de Bruyn,
1214,Erasmus,Johannes Jacobus,Somerset,retain,No affirmative source-note count or claim-scope contradiction identified.,1,,34825,,
1216,Hattingh,Christiaan,Somerset,retain,No affirmative source-note count or claim-scope contradiction identified.,3,,34147;34697;35389,,sv Michiel
1219,Labuschagne,Casper,Somerset,retain,No affirmative source-note count or claim-scope contradiction identified.,2,,34066;35051,,"sr, sv Jan"
1220,Labuschagne,Frans Jacob,Somerset,retain,No affirmative source-note count or claim-scope contradiction identified.,2,,34201;34516,She died 24.1.1835,sv Jan
1221,Jordaan,Pieter Johannes,Somerset,retain,No affirmative source-note count or claim-scope contradiction identified.,11,,34012;34038;34397;34417;34884;34980;35052;35278;35350;35467;35570,,
1222,Grobler,Johannes Hermanus,Somerset,retain,No affirmative source-note count or claim-scope contradiction identified.,1,,34826,,sv N.
1223,Steenkamp,Thomas Ignatius,Somerset,retain,No affirmative source-note count or claim-scope contradiction identified.,1,,34949,,sv Jan
1224,Robbertze,Gerrit. Sv Jan,Somerset,retain,No affirmative source-note count or claim-scope contradiction identified.,5,,34698;34753;35509;35571;35632,,
1225,Robbertze,Lambertus Nicolaas,Somerset,retain,No affirmative source-note count or claim-scope contradiction identified.,5,,34355;34450;35095;35633;35634,,sv Jan
1226,Botha,Pieter Barend,Somerset,retain,No affirmative source-note count or claim-scope contradiction identified.,1,,34538,,sv Chr
1227,Krugel,Johannes Gideon Hendrik,Somerset,retain,No affirmative source-note count or claim-scope contradiction identified.,2,,34322;34981,,
1228,Krugel,Andries Jacobus,Somerset,retain,No affirmative source-note count or claim-scope contradiction identified.,2,,34699;35468,,
1229,Erasmus,Gerrit,Somerset,retain,No affirmative source-note count or claim-scope contradiction identified.,4,,34202;34632;34857;35351,Ontvanger van fooie is George MacNamara Brunnet,sv Jacob sr
1231,Kruger,Hendrik Gerhardus,Somerset,retain,No affirmative source-note count or claim-scope contradiction identified.,6,,34451;34517;35053;35189;35279;35469,,sv Piet
1232,Du Plessis,Jan,Somerset,retain,No affirmative source-note count or claim-scope contradiction identified.,5,,34518;34787;35190;35313;35390,,sv Barend
1233,Potgieter,Pieter Jacobus,Somerset,retain,No affirmative source-note count or claim-scope contradiction identified.,2,,34700;34917,,
1234,Du Plessis,Barend Christoffel,Somerset,retain,No affirmative source-note count or claim-scope contradiction identified.,2,,34398;34701,,sv BC
1235,Du Plessis,Magdalena Johanna Maria,Somerset,retain,No affirmative source-note count or claim-scope contradiction identified.,1,,34356,Verdeel tussen Barend Christiaan en Jan du Plessis,
1236,Olivier,Ockert Johannes Stephanus,Somerset,retain,No affirmative source-note count or claim-scope contradiction identified.,3,,34418;34918;35054,,
1237,Potgieter,Andries Hendrik,Somerset,retain,No affirmative source-note count or claim-scope contradiction identified.,3,,34099;34593;34677,,
1238,Van Heerden,Henrik Jacobus,Somerset,retain,No affirmative source-note count or claim-scope contradiction identified.,8,,34203;34614;34649;35158;35280;35314;35428;35470,,
1239,Van der Merwe,Martinus,Somerset,retain,No affirmative source-note count or claim-scope contradiction identified.,1,,34399,weduwee,sv Martinus
1240,Coetzer,Wentzel Christoffel,Somerset,retain,No affirmative source-note count or claim-scope contradiction identified.,3,,34204;34452;34594,,sr
1241,Coetzer,Pieter Willem,Somerset,retain,No affirmative source-note count or claim-scope contradiction identified.,1,,34419,,sv Piet
1242,Gilfillan,Adam,Somerset,retain,No affirmative source-note count or claim-scope contradiction identified.,1,,34128,,
1243,Lombard,Hans Jurgen,Somerset,retain,No affirmative source-note count or claim-scope contradiction identified.,4,,34478;34479;35281;35635,,
1244,Bester,Willem Abraham,Somerset,retain,No affirmative source-note count or claim-scope contradiction identified.,5,,34754;34788;35429;35572;35636,,sv Barend
1245,Labuschagne,Jan Hendrik,Somerset,retain,No affirmative source-note count or claim-scope contradiction identified.,1,,34574,,
1246,Jordaan,Gerrit,Somerset,retain,No affirmative source-note count or claim-scope contradiction identified.,5,,34115;34381;35096;35471;35573,,"oorlede, sv Piet"
1247,Jordaan,Johannes Petrus,Somerset,retain,No affirmative source-note count or claim-scope contradiction identified.,5,,34205;34420;34494;35017;35125,,sv Piet
1248,Venter,Pieter,Somerset,retain,No affirmative source-note count or claim-scope contradiction identified.,1,,34067,,sv Adriaan
1249,Myburgh,Albert,Somerset,retain,No affirmative source-note count or claim-scope contradiction identified.,13,,34087;34129;34148;34519;34755;34919;35097;35126;35191;35315;35391;35510;35637,Paardekraal,sv Albert
1250,Ras,Hendrik Christiaan,Somerset,retain,No affirmative source-note count or claim-scope contradiction identified.,5,,34400;34595;35316;35392;35472,Vogelrivier,
1251,Coetzee,Cornelis Jacobus,Somerset,retain,No affirmative source-note count or claim-scope contradiction identified.,22,,34000;34116;34117;34206;34207;34244;34272;34273;34323;34357;34453;34756;34858;34982;35055;35127;35282;35352;35430;35574;35575;35638,a leper || Alias Willem,sv Dirk
1252,Coetzee,Stephanus Johannes,Somerset,retain,No affirmative source-note count or claim-scope contradiction identified.,1,,34068,,sv Crn.
1253,Coetzee,Philippus Arnoldus,Somerset,retain,No affirmative source-note count or claim-scope contradiction identified.,1,,34179,,
1254,Louw,Johannes Adriaan,Somerset,retain,No affirmative source-note count or claim-scope contradiction identified.,1,,34032,,
1255,Coetzee,Johannes Cornelis,Somerset,review,Multiple monetary recipients or related-party reference; no affirmative evidence that slave valuations omit part of payment scope. Do not infer pooling from recipient names alone.,10,,34001;34026;34208;34245;34246;34324;34558;34730;34827;34950,"""March"" ? Not so old || Frans ?",sv Dirk
1256,Coetzee,Frederik Johannes,Somerset,retain,No affirmative source-note count or claim-scope contradiction identified.,2,,34209;35238,,sv Joh.
1257,Botha,Philip Rudolph,Somerset,retain,No affirmative source-note count or claim-scope contradiction identified.,9,,34139;34149;34247;34421;34539;34859;35192;35393;35576,not appraised,sv Jacobus
1258,Korff,Christoffel,Somerset,retain,No affirmative source-note count or claim-scope contradiction identified.,3,,34382;35193;35394,,
1259,Viljoen,Christoffel Jacobus,Somerset,retain,No affirmative source-note count or claim-scope contradiction identified.,8,,34454;34650;34983;34984;35056;35128;35239;35317,Ceylon ?,sv Charl
1260,Martens,Johan Thomas,Somerset,retain,No affirmative source-note count or claim-scope contradiction identified.,2,,33993;34210,Missing the appraisal,
1261,Coetzee,Johannes Cornelis,Somerset,retain,No affirmative source-note count or claim-scope contradiction identified.,12,,34325;34615;34678;34702;34703;34951;35194;35240;35241;35318;35353;35577,On commando,sv CJ
1262,Joubert,Francois Jacobus,Somerset,retain,No affirmative source-note count or claim-scope contradiction identified.,1,,34757,,
1263,Coetzee,Cornelis Gerhardus,Somerset,retain,No affirmative source-note count or claim-scope contradiction identified.,5,,34088;34248;34789;35431;35511,,
1264,Stroh,Jan David,Somerset,retain,No affirmative source-note count or claim-scope contradiction identified.,7,,34118;34180;34297;34559;34679;34828;35159,,
1266,Schoeman,Christoffel Andries,Somerset,retain,No affirmative source-note count or claim-scope contradiction identified.,8,,34033;34100;34274;34298;34401;34985;35098;35578,,sr
1268,Fourie,Petrus Johannes,Somerset,retain,No affirmative source-note count or claim-scope contradiction identified.,1,,34358,"no fixed abode, Grahamstown",
1269,Erasmus,Christoffel Petrus Johannes,Somerset,retain,No affirmative source-note count or claim-scope contradiction identified.,2,,34920;35579,Susanna Erasmus en Jan Christiaan Weitz,
1270,Els,Johannes Christoffel,Somerset,retain,No affirmative source-note count or claim-scope contradiction identified.,8,,34422;34575;34829;34986;35057;35160;35319;35395,died 1826,sr
1271,Van der Merwe,Willem,Somerset,retain,No affirmative source-note count or claim-scope contradiction identified.,9,,34013;34455;34540;34790;34860;34921;35018;35512;35639,"Zuurvlakte, Tarka",sr
1272,Erasmus,Lourens Rasmus,Somerset,retain,No affirmative source-note count or claim-scope contradiction identified.,3,,34495;34541;35058,,sv Carel C.
1273,Lotter,Christoffel,Somerset,retain,No affirmative source-note count or claim-scope contradiction identified.,9,,34069;34211;34456;34704;35242;35320;35396;35513;35640,,sr
1274,Nel,Jurie,Somerset,retain,No affirmative source-note count or claim-scope contradiction identified.,2,,34014;34952,,sv Louis
1275,Bosch,Johannes Hermanus,Somerset,retain,No affirmative source-note count or claim-scope contradiction identified.,6,,34520;34731;34885;35354;35514;35641,,sv Joh.
1276,Nel,Philip,Somerset,retain,No affirmative source-note count or claim-scope contradiction identified.,3,,34119;34791;35019,oorlede,sv Louis
1277,Nel,Jacobus,Somerset,retain,No affirmative source-note count or claim-scope contradiction identified.,2,,34299;34886,oorlede,sv Louis
1278,Rossouw,Jacobus Petrus,Somerset,exclude,Explicit note says three on UCL list but four recorded.,4,3,34070;34130;34705;35099,3 op UCL lys || runaway,sv Pieter
1279,Gildenhuys,Jan Andries,Somerset,retain,No affirmative source-note count or claim-scope contradiction identified.,13,,34071;34402;34457;34496;34706;35059;35243;35355;35474;35515;35516;35580;35642,,
1280,Botha,Theunis,Somerset,retain,No affirmative source-note count or claim-scope contradiction identified.,3,,34521;34987;35244,,sr
1281,Botha,Jacobus Petrus,Somerset,retain,No affirmative source-note count or claim-scope contradiction identified.,6,,34497;35060;35161;35245;35356;35432,,sv Theunis
1283,Strydom,Philip Rudolph,Somerset,retain,No affirmative source-note count or claim-scope contradiction identified.,4,,34680;35434;35518;35644,,
1284,Goosen,Willem Johannes,Somerset,retain,No affirmative source-note count or claim-scope contradiction identified.,10,,34120;34383;34576;35061;35162;35246;35247;35357;35435;35519,,
1286,Strydom,Jacobus Stephanus,Somerset,retain,No affirmative source-note count or claim-scope contradiction identified.,7,,34359;34423;35020;35129;35248;35358;35436,,sv Joh.
1288,Bouwer,Dirk,Somerset,retain,No affirmative source-note count or claim-scope contradiction identified.,3,,34049;34360;35131,,sv Frederik
1289,Nel,Pieter Willem,Somerset,retain,No affirmative source-note count or claim-scope contradiction identified.,10,,34522;34577;34596;34707;35249;35284;35359;35397;35581;35582,,sv Pieter W.
1290,Van Aardt,Frans Johannes,Somerset,retain,No affirmative source-note count or claim-scope contradiction identified.,10,,33987;33994;34212;34384;34459;34597;34792;34887;35321;35520,"Age initially recorded as ""1833"" || on commando",sv Christiaan
1292,Van der Vyver,Johannes Hendrik,Somerset,retain,No affirmative source-note count or claim-scope contradiction identified.,6,,34732;35021;35165;35250;35322;35398,,sv Willem
1293,Van der Vyver,Bartolomeus Jacobus,Somerset,retain,No affirmative source-note count or claim-scope contradiction identified.,7,,34094;34275;35022;35062;35285;35475;35583,,sv W.
1294,Durand,Jan Jonathan,Somerset,retain,No affirmative source-note count or claim-scope contradiction identified.,7,,34361;34578;34579;34652;35063;35166;35584,ran away 5 years ago,sv Jonathan
1295,Engelbrecht,Gerhardus Cornelis,Somerset,retain,No affirmative source-note count or claim-scope contradiction identified.,7,,34213;34403;34460;34793;34922;35437;35585,,sv C.
1297,Claase,Pieter Cornelis,Somerset,retain,No affirmative source-note count or claim-scope contradiction identified.,1,,34160,,
1298,Botha,Philip Rudolph,Somerset,retain,No affirmative source-note count or claim-scope contradiction identified.,11,,33995;34050;34140;34161;34385;34681;34733;35023;35476;35521;35586,"Maggel: Sien no 1343, Botha || aged and non effective",sv Phil. Rud.
1299,Engelbrecht,Johannes Cornelis,Somerset,exclude,explicit_external_slave_count_differs_from_local_rows,1,7,34923,OP UCL databasis word 7 slawe aangetoon,sv Corn.
13,Jacobs,David Francois,Beaufort,retain,No affirmative source-note count or claim-scope contradiction identified.,8,,36117;36118;36119;36120;36121;36122;36123;36124,Mozambique || not a good cook || a healthy child || healthy woman      stupid like rest || BPP=8,
1300,Bouwer,Johannes Lodewyk,Somerset,retain,No affirmative source-note count or claim-scope contradiction identified.,7,,34131;34523;34543;34794;35196;35360;35399,ran away 5 years ago,sv WC
1301,Odendaal,Jacobus Paulus,Somerset,retain,No affirmative source-note count or claim-scope contradiction identified.,7,,34598;34634;34888;35064;35132;35251;35438,,sv Jacobus
1302,Botha,Pieter Barend,Somerset,retain,No affirmative source-note count or claim-scope contradiction identified.,3,,34708;34830;35065,,jr
1303,Engelbrecht,Willem Christoffel,Somerset,retain,No affirmative source-note count or claim-scope contradiction identified.,2,,34544;34599,ran away January 1835,sv Corn.
1304,De Lange,Alida,Somerset,retain,No affirmative source-note count or claim-scope contradiction identified.,3,,34214;34404;34734,,wed v C Engelbrecht
1305,Van der Merwe,Hendrik Petrus,Somerset,retain,No affirmative source-note count or claim-scope contradiction identified.,2,,34121;34461,ran away  years ago,
1306,Goosen,Ockert,Somerset,retain,No affirmative source-note count or claim-scope contradiction identified.,10,,34002;34150;34462;34889;34924;35066;35133;35252;35477;35587,Klein Vinkrivier,
1307,Erasmus,Petrus Stephanus,Somerset,retain,No affirmative source-note count or claim-scope contradiction identified.,3,,34759;35439;35645,,sv Jacob
1308,Beukes,Mattheus Gerhardus,Somerset,retain,No affirmative source-note count or claim-scope contradiction identified.,3,,34405;35067;35323,,sv HJ
1309,Lombaard,Carel Daniel,Somerset,retain,No affirmative source-note count or claim-scope contradiction identified.,1,,34760,,sv Christoffel
1310,Lombaard,Christoffel,Somerset,retain,No affirmative source-note count or claim-scope contradiction identified.,9,,34003;34051;34653;34735;34990;35068;35134;35361;35478,Elsie Josina Potgieter,"sr, oorlede"
1311,Botha,Willem Jacobus,Somerset,retain,No affirmative source-note count or claim-scope contradiction identified.,2,,34425;34795,,sv Pieter B.
1312,Goosen,Anna Magrieta,Somerset,retain,No affirmative source-note count or claim-scope contradiction identified.,1,,34181,,wed Piet
1314,Lombaard,Hendrik Petrus,Somerset,retain,No affirmative source-note count or claim-scope contradiction identified.,4,,34101;34654;34925;35588,,sv Antony
1315,Lombaard,Antony sr oorlede [Bouwer],Somerset,exclude,explicit_external_slave_count_differs_from_local_rows,4,6,34039;34052;34426;34524,"Jeremias E Bouwer, slawe aan kinders bemaak, UCL gee 6 slawe",
1316,De Klerk,Willem Abraham,Somerset,retain,No affirmative source-note count or claim-scope contradiction identified.,5,,34580;34709;34861;34862;35589,,sv Barend J
1317,De Klerk,Barend Jacobus,Somerset,retain,No affirmative source-note count or claim-scope contradiction identified.,12,,34027;34162;34215;34216;34327;34463;34464;34655;34953;35024;35069;35197,ran away 6 years ago,
1318,De Klerk,Frans Johannes,Somerset,retain,No affirmative source-note count or claim-scope contradiction identified.,2,,34406;35253,,sv Barend
1319,Durand,Jan Jonathan sr,Somerset,retain,No affirmative source-note count or claim-scope contradiction identified.,1,,34761,,sv Jonathan
1320,Bouwer,Barend Daniel,Somerset,retain,No affirmative source-note count or claim-scope contradiction identified.,8,,34182;34710;34711;34762;35479;35522;35590;35646,,sv Petrus Fr.
1321,Van Niekerk,Johannes Albertus,Somerset,retain,No affirmative source-note count or claim-scope contradiction identified.,20,,34036;34089;34217;34218;34276;34362;34656;34796;34863;34926;35025;35070;35135;35198;35254;35324;35362;35440;35591;35592,,sv. Wm
1322,Botha,Pieter Barend,Somerset,retain,No affirmative source-note count or claim-scope contradiction identified.,10,,34132;34257;34300;34328;34407;34480;34682;34890;34991;35523,,sr
1324,Durand,Jacob Lodewyk,Somerset,retain,No affirmative source-note count or claim-scope contradiction identified.,3,,34465;34891;34954,,sv J Jonatan
1325,Bester,Willem Abraham,Somerset,retain,No affirmative source-note count or claim-scope contradiction identified.,2,,34072;34955,,sv Paul
1326,Erasmus,Lourens Rasmus sr,Somerset,retain,No affirmative source-note count or claim-scope contradiction identified.,7,,34133;34219;34545;34657;34683;34712;35364,,
1327,Prinsloo,Hendrik Frederik,Somerset,exclude,same_UCL_and_exact_owner_in_multiple_districts,4,,34141;34301;35480;35593,,sv Willem
1328,Erasmus,Petrus Johannes,Somerset,retain,No affirmative source-note count or claim-scope contradiction identified.,5,,34220;34600;34831;35255;35400,,sv PJ
1329,Swart,Wentzel Cornelis,Somerset,retain,No affirmative source-note count or claim-scope contradiction identified.,2,,34073;35136,,sv Hans
1330,Lombaard,Stephanus Johannes,Somerset,retain,No affirmative source-note count or claim-scope contradiction identified.,2,,35071;35167,,sv Ant.
1331,Bouwer,Pieter Willem,Somerset,retain,No affirmative source-note count or claim-scope contradiction identified.,3,,34302;34684;34864,,sv WC
1332,Lombaard,Antony Christoffel,Somerset,retain,No affirmative source-note count or claim-scope contradiction identified.,5,,34427;34560;34797;35072;35524,ran away 4 years ago,sv Ant.
1333,Van der Vyver,Frederik Hendrik Christoffel,Somerset,retain,No affirmative source-note count or claim-scope contradiction identified.,1,,34685,,
1334,Goosen,Nicolaas Johannes Albertus,Somerset,retain,No affirmative source-note count or claim-scope contradiction identified.,3,,34892;35525;35647,,
1335,Brole,Carel,Somerset,retain,No affirmative source-note count or claim-scope contradiction identified.,2,,34561;35200,,
1336,Meyer,Lucas Johannes,Somerset,retain,No affirmative source-note count or claim-scope contradiction identified.,2,,34499;34927,,sv Lucas
1337,Meyer,Cornelis,Somerset,exclude,Explicit note says three slaves and Albany but two recorded in Somerset.,2,3,34053;34386,Aletta Catharina de Lange; 3 slawe; Albany,oorlede
1338,Dreyer,Roelof Petrus Gerhardus,Somerset,retain,No affirmative source-note count or claim-scope contradiction identified.,3,,34798;35256;35325,,
1339,De Lange,Barend Jacobus,Somerset,retain,No affirmative source-note count or claim-scope contradiction identified.,3,,34686;35441;35594,,sv Barend
1340,Swart,Gerhardus Jacobus,Somerset,retain,No affirmative source-note count or claim-scope contradiction identified.,1,,34832,,
1341,Brehm,Joachim,Somerset,retain,No affirmative source-note count or claim-scope contradiction identified.,1,,34799,Stephanus Bernard Buis op rol,
1342,Nel,Philip Rudolph,Somerset,retain,No affirmative source-note count or claim-scope contradiction identified.,1,,34865,,
1343,Nel,Louis Jacobus,Somerset,retain,No affirmative source-note count or claim-scope contradiction identified.,8,,34015;34249;34387;34466;34833;34956;34992;35026,,sv J. Petrus
1345,Greeff,Nicolaas Jacobus Johannes,Somerset,retain,No affirmative source-note count or claim-scope contradiction identified.,4,,34617;34687;35286;35365,,
1346,Malan,Jacobus,Somerset,retain,No affirmative source-note count or claim-scope contradiction identified.,3,,34258;34481;34581,,
1347,Swart,Jacobus Nicolaas,Somerset,exclude,same_UCL_and_exact_owner_in_multiple_districts,3,,34363;34582;35481,eintlik Johannes P?,
1349,Wentzel,Johan David,Somerset,retain,No affirmative source-note count or claim-scope contradiction identified.,1,,34329,,sv Carel David
1350,Fourie,Louis,Somerset,retain,No affirmative source-note count or claim-scope contradiction identified.,6,,34928;35027;35100;35168;35287;35482,,
1351,De Klerk,Willem Abraham,Somerset,retain,No affirmative source-note count or claim-scope contradiction identified.,10,,34016;34221;34763;34764;34765;34834;34893;34894;35595;35596,,"sr, sv WA"
1352,De Klerk,Willem Abraham,Somerset,retain,No affirmative source-note count or claim-scope contradiction identified.,4,,34835;34993;35137;35597,,sv WA jr
1353,De Klerk,Theunis Christiaan,Somerset,retain,No affirmative source-note count or claim-scope contradiction identified.,3,,34304;35201;35442,ran away,sv Wlm
1354,Bouwer,Pieter Willem Johan,Somerset,retain,No affirmative source-note count or claim-scope contradiction identified.,1,,34866,,
1355,Lombaard,Hermanus Stephanus,Somerset,retain,No affirmative source-note count or claim-scope contradiction identified.,4,,34429;35202;35401;35483,,sv C.
1356,Erasmus,Petrus Lourens,Somerset,retain,No affirmative source-note count or claim-scope contradiction identified.,2,,35073;35169,,
1357,Erasmus,Lourens Johannes,Somerset,exclude,explicit_external_slave_count_differs_from_local_rows,2,1,34895;35665,Slegs 1 slaaf aangetoon op UCL,
1358,Bester,Paul Dirk,Somerset,retain,No affirmative source-note count or claim-scope contradiction identified.,1,,34994,,
1359,Tregard,Lourens Johannes,Somerset,retain,No affirmative source-note count or claim-scope contradiction identified.,1,,34929,,sv Carel
1360,Reyneke,Petrus Albertus,Somerset,retain,No affirmative source-note count or claim-scope contradiction identified.,2,,34836;35648,,sv Adam
1361,Smit,Michiel,Somerset,retain,No affirmative source-note count or claim-scope contradiction identified.,6,,34102;34305;34896;34957;34958;35649,,
1362,Bester,Andries,Somerset,retain,No affirmative source-note count or claim-scope contradiction identified.,5,,34222;34959;35028;35101;35484,,sv Paul Michiel
1363,Prinsloo,Jochemus Johannes,Somerset,retain,No affirmative source-note count or claim-scope contradiction identified.,1,,35203,,sv JJ
1364,Prinsloo,Jochemus Johannes,Somerset,retain,No affirmative source-note count or claim-scope contradiction identified.,1,,34223,,
1365,Enslin,Christoffel Bernardus,Somerset,retain,No affirmative source-note count or claim-scope contradiction identified.,2,,34090;34583,died 4 years ago,
1366,Erasmus,Martha Francina,Somerset,retain,No affirmative source-note count or claim-scope contradiction identified.,1,,34224,geskeide vrou van Abraham Carel Greyling,
1367,Greyling,Abraham Carel,Somerset,retain,No affirmative source-note count or claim-scope contradiction identified.,2,,34618;35138,,sv Barend
1368,Pieterse,Johannes Theodorus,Somerset,retain,No affirmative source-note count or claim-scope contradiction identified.,3,,34004;34103;34960,,
1369,Van der Merwe,Gerrit,Somerset,retain,No affirmative source-note count or claim-scope contradiction identified.,1,,34183,,sr
1370,Robbertse,Johannes Francois,Somerset,retain,No affirmative source-note count or claim-scope contradiction identified.,4,,33988;34225;34330;34408,non effective,
1371,De Bruyn,Hendrik,Somerset,retain,No affirmative source-note count or claim-scope contradiction identified.,4,,34226;34995;35204;35526,,sv Hendrik
1372,Engelbrecht,Johannes Hendrik,Somerset,retain,No affirmative source-note count or claim-scope contradiction identified.,2,,34306;34364,,
1373,De Wet,Jacobus Albertus,Somerset,retain,No affirmative source-note count or claim-scope contradiction identified.,7,,34104;34546;34961;35326;35443;35527;35598,,
1374,Viljoen,Jan Albertus,Somerset,retain,No affirmative source-note count or claim-scope contradiction identified.,2,,34409;35257,,sv Willem
1375,Bothma,Jacoba Wilhelmina,Somerset,retain,No affirmative source-note count or claim-scope contradiction identified.,2,,34930;35599,weduwee van Barend Christiaan Greyling,wed
1376,Viljoen,Willem Wouter,Somerset,retain,No affirmative source-note count or claim-scope contradiction identified.,2,,34046;34688,,
1378,Prinsloo,Pieter Willem,Somerset,retain,No affirmative source-note count or claim-scope contradiction identified.,11,,34075;34500;34766;35029;35102;35139;35205;35258;35327;35402;35600,ran away || en Baltazar Johannes Prinsloo,sr
1380,Prinsloo,Jochemus Johannes,Somerset,retain,No affirmative source-note count or claim-scope contradiction identified.,2,,34017;34897,,
1381,Van der Merwe,Gerrit,Somerset,retain,No affirmative source-note count or claim-scope contradiction identified.,1,,34430,Zwakfontein,
1382,Prinsloo,Willem Jacobus,Somerset,retain,No affirmative source-note count or claim-scope contradiction identified.,3,,34184;34185;34501,,
1383,Greyling,Johannes Arnoldus,Somerset,retain,No affirmative source-note count or claim-scope contradiction identified.,9,,34227;34331;34467;34736;34800;34867;34996;35103;35259,,
1384,Opperman,Godlieb Rudolph,Somerset,retain,No affirmative source-note count or claim-scope contradiction identified.,3,,34801;35528;35650,,sv Alb.
1385,Van Heerden,Hendrik Petrus,Somerset,retain,No affirmative source-note count or claim-scope contradiction identified.,9,,34044;34277;34547;34802;34898;34899;35288;35444;35529,,sv WJ
1386,Van Heerden,Johannes Stephanus,Somerset,retain,No affirmative source-note count or claim-scope contradiction identified.,6,,34388;34502;34962;35030;35170;35206,,sv WJ
1387,Schutte,Philippus Jacobus Wilhelmus,Somerset,retain,No affirmative source-note count or claim-scope contradiction identified.,1,,34997,,
1388,Greyling,Arnoldus Jacobus,Somerset,retain,No affirmative source-note count or claim-scope contradiction identified.,1,,34868,,
1392,Mouton,Martha Magdalena,Somerset,retain,No affirmative source-note count or claim-scope contradiction identified.,1,,34095,wed van Jacobus Frederik Greyling,wed Gr.
1393,Smit,Magteld Margaretha,Somerset,retain,No affirmative source-note count or claim-scope contradiction identified.,3,,34482;34525;34931,vroeër getroud met Erasmus,
1395,Van Deventer,Gerrit Albertus,Somerset,retain,No affirmative source-note count or claim-scope contradiction identified.,1,,34250,,
1396,Malan,Hercules Philippus,Somerset,retain,No affirmative source-note count or claim-scope contradiction identified.,5,,34562;34635;35074;35171;35260,,
1397,Van der Vyver,Willem,Somerset,retain,No affirmative source-note count or claim-scope contradiction identified.,17,,34054;34186;34228;34251;34389;34503;34619;34658;34803;34837;34963;35261;35328;35366;35445;35530;35601,Maria Johanna Conradie,oorlede
1398,Van der Vyver,Willem,Somerset,retain,No affirmative source-note count or claim-scope contradiction identified.,1,,34563,,sv Willem
1399,De Beer,Johannes Arnoldus,Somerset,retain,No affirmative source-note count or claim-scope contradiction identified.,3,,34737;35651;35652,,sv Jan
1401,Oosthuizen,Johannes Jacobus,Somerset,retain,No affirmative source-note count or claim-scope contradiction identified.,1,,34483,,
1403,Roos,Johannes Gysbertus,Somerset,review,Source says no UCL number although this file supplies1403; claim identifier needs source reconciliation.,6,,35104;35207;35329;35446;35666;35667,"Beaufor-Wes, geen UCL nommer",
1404,De Wet,Jacobus,Somerset,retain,No affirmative source-note count or claim-scope contradiction identified.,1,,35105,Graaff-Reinet,
1405,Goosen,Gert,Somerset,review,"Source has additional party, claimant, payment-recipient or cross-reference wording; no affirmative UCL/BPP count or additional-slave contradiction established. Do not exclude merely for creditor/recipient names.",4,,34055;34229;34998;35075,ook Willem Johannes Goosen in UCL,sr
1406,Durand,Aletta Cornelia,Somerset,retain,No affirmative source-note count or claim-scope contradiction identified.,3,,34365;34964;35031,wed van Jan Chriastoffel Greyling,weduwee
1407,Botha,Paul Stephanus,Somerset,retain,No affirmative source-note count or claim-scope contradiction identified.,3,,34620;35076;35208,,sv Frederik
1408,Klopper,Johannes Frederik,Somerset,retain,No affirmative source-note count or claim-scope contradiction identified.,1,,34163,,sv Henrik
1409,Klopper,Lourens Johannes,Somerset,retain,No affirmative source-note count or claim-scope contradiction identified.,1,,34366,,sv JFr
1413,Ziervogel,Carel Benedictus,Somerset,retain,No affirmative source-note count or claim-scope contradiction identified.,2,,34484;34714,,
1414,Goosen,Pieter Johannes,Somerset,retain,No affirmative source-note count or claim-scope contradiction identified.,5,,33989;34018;34105;34152;34367,too old to be appraised,
1415,Van Heerden,Hendrik Jacobus,Somerset,retain,No affirmative source-note count or claim-scope contradiction identified.,6,,34332;34601;34965;35447;35485;35653,,
1420,Prinsloo,Willem Petrus,Somerset,retain,No affirmative source-note count or claim-scope contradiction identified.,2,,34659;35654,,
1421,Botha,Theunis Louis,Somerset,retain,No affirmative source-note count or claim-scope contradiction identified.,2,,34966;35140,,sv Theunis
1423,Du Preez,Louis,Somerset,retain,No affirmative source-note count or claim-scope contradiction identified.,1,,34715,weduwee ontvang die geld,sv Philip; oorlede
1425,Els,Nicolaas,Albany,exclude,explicit_external_slave_count_differs_from_local_rows,2,5,35732;35733,"small woman, healthy || 5 enslaved",
1426,Buys,Isaac Zirk,Albany,retain,No affirmative source-note count or claim-scope contradiction identified.,10,,35701;35702;35703;35704;35705;35706;35707;35708;35709;35710,"healthy good looking man || a foolish old man || infirm old woman || cook || tall healthy good character || strong healthy woman || superior slave || daughter of Spasie || son of Spasie, healthy good looking lad",
1427,Van de Venter,Willem Abraham,Albany,retain,No affirmative source-note count or claim-scope contradiction identified.,6,,35864;35865;35866;35867;35868;35869,"decent looking man || appearance of being born to a European father, good character || healthy, not of good character || child of Philida, born 16.1.1829 || child of Philida, born10.11.1830 || child of Philida, born 24.4.1832",
1428,Delport,Michiel Daniel,Albany,retain,No affirmative source-note count or claim-scope contradiction identified.,2,,35714;35715,a fine looking man for his age || good gardener,
1429,Bosch,Simon Christoffel,Albany,retain,No affirmative source-note count or claim-scope contradiction identified.,7,,35678;35679;35680;35681;35682;35683;35684,"well behaved, bought with his family || bad character || a very fine healthy boy || a fine little girl || born 26 July 1833 || good character",
1435,Piek,Andries Christoffel,Albany,retain,No affirmative source-note count or claim-scope contradiction identified.,1,,35833,healthy man,
1436,Nel,Gerrit,Albany,retain,No affirmative source-note count or claim-scope contradiction identified.,3,,35819;35820;35821,Child of Philida,
1439,Brits,Pieter,Albany,retain,No affirmative source-note count or claim-scope contradiction identified.,2,,35699;35700,Old Mozambique woman,
1443,Els,Johannes Martinus,Albany,retain,No affirmative source-note count or claim-scope contradiction identified.,3,,35729;35730;35731,Mozambique woman || born 1 May 1831 || steady old man,
1444,Erasmus,Jacobus Lourens,Albany,retain,No affirmative source-note count or claim-scope contradiction identified.,1,,35734,,
1446,Human,Matthys,Albany,exclude,same_UCL_and_exact_owner_in_multiple_districts,6,,35779;35780;35781;35782;35783;35784,"Mozambique woman, healthy || appears to be a Basterd European || Looks like a Hottentot, father is a Hottentot; born 7.4.1827 || born 22 July 1833 || father a Hottentot || smart active lad",
1450,Raubenheimer,Jan Adam,Albany,retain,No affirmative source-note count or claim-scope contradiction identified.,1,,35843,"Mozambique, bought for 1200 rds in 1824",
1451,Nel,Louis,Albany,retain,No affirmative source-note count or claim-scope contradiction identified.,6,,35825;35826;35827;35828;35829;35830,"wife of Achilles, had six children, four died || born 28.3.1820 || born 6.3.1832 || born 14.12.1833, died 18.1.1835 at Modderlage?",
1452,Bester,Theunis Christiaan,Albany,retain,No affirmative source-note count or claim-scope contradiction identified.,2,,35675;35676,"large healthy Mozambique, had one child || born 23.10.1833",
1453,Nel,Willem Andries,Albany,retain,No affirmative source-note count or claim-scope contradiction identified.,1,,35831,Same price as for a female slave,
1454,Van Aardt,Christiaan,Albany,retain,No affirmative source-note count or claim-scope contradiction identified.,7,,35857;35858;35859;35860;35861;35862;35863,"bought in 1832 for 2700 rds || strong healthy, intelligent and very clean || bought from Wessels 1832 for 2200 rds || good character || good sempstress, baker and cook",so Frans
1462,Sheperd,William,Albany,retain,No affirmative source-note count or claim-scope contradiction identified.,4,,35848;35849;35850;35851,"bought from Cornelius van Onselen || famliy bought for 1650 rds || born 14.7.1832; free || born 2.4.1821, daughter of Griet",
1465,Meurant,Henry,Albany,retain,No affirmative source-note count or claim-scope contradiction identified.,1,,35808,,
1466,Ogilvie,William,Albany,retain,No affirmative source-note count or claim-scope contradiction identified.,1,,35832,"""never been in England""",
1467,Henderson,Eliza,Albany,retain,No affirmative source-note count or claim-scope contradiction identified.,1,,35778,"""never been in England""",
1468,Storer / Winand,Catherine,Albany,retain,No affirmative source-note count or claim-scope contradiction identified.,2,,35855;35856,"bought at age 15 for 1600 rds || of good character, old",
1469,Grayson,Benjamin,Albany,retain,No affirmative source-note count or claim-scope contradiction identified.,1,,35767,VALUE OF FEMAL SLAVE,
1470,Brabazon,James,Albany,retain,No affirmative source-note count or claim-scope contradiction identified.,1,,35698,,Ensign
1471,Griffiths,Charles,Albany,exclude,explicit_external_slave_count_differs_from_local_rows,6,2,35772;35773;35774;35775;35776;35777,bought 1819 for 1500 rds || bought 1819 for 1200 rds || Mozambique || UCL ONLY TWO SLAVES,
1475,Kritzinger,Johan Jacob,Albany,retain,No affirmative source-note count or claim-scope contradiction identified.,3,,35795;35796;35797,mother and 2 children bought 1828 for 1800 rds,deceased
1477,Nel,Gert,Albany,retain,No affirmative source-note count or claim-scope contradiction identified.,3,,35822;35823;35824,Mother and 2 children || Maria Lombard,
1478,McKenny,John,Albany,retain,No affirmative source-note count or claim-scope contradiction identified.,1,,35807,Works for blacksmith,
1480,Maynard,Charles,Albany,retain,No affirmative source-note count or claim-scope contradiction identified.,1,,35806,Mozambique (value of a woman),
1481,Somerset,Henry. Deceased,Albany,retain,No affirmative source-note count or claim-scope contradiction identified.,1,,35854,Mozambique,
1484,Bester,Paul Michiel,Albany,retain,No affirmative source-note count or claim-scope contradiction identified.,4,,35671;35672;35673;35674,,deceased
1485,Smit,Martin Johannes,Albany,exclude,explicit_external_slave_count_differs_from_local_rows;same_UCL_and_exact_owner_in_multiple_districts,2,3,35852;35853,appears sick || healthy; UCL 3 slaves listed,
1486,De Jager,Lourens,Albany,retain,No affirmative source-note count or claim-scope contradiction identified.,3,,35711;35712;35713,Bought 1820 for 1000 rds || born 1.11.1820 || born 28.5.1832,
1488,Ferreira,Ignatius Matthys,Albany,retain,No affirmative source-note count or claim-scope contradiction identified.,2,,35764;35765,"18 years old in 1806, age given in 1834 is 21! || appears to be an old man, born in Batavia",
1489,Bester,Jacobus Johannes,Albany,retain,No affirmative source-note count or claim-scope contradiction identified.,1,,35670,,
1490,Keulder,Hendrik,Albany,retain,No affirmative source-note count or claim-scope contradiction identified.,9,,35785;35786;35787;35788;35789;35790;35791;35792;35793,"healthy sheperd || ""taken for a Caffer"" ? || infirm || child of Spatie, born 24.9.1829 || child of Spatie, born 15.5.1832 || born 8.8.1827. appears Mozambique || very intelligent",
1493,Potgieter,Jacobus Cornelis,Albany,retain,No affirmative source-note count or claim-scope contradiction identified.,1,,35838,healthy,
1494,Bester,Barend Jacobus,Albany,retain,No affirmative source-note count or claim-scope contradiction identified.,1,,35669,a Mozambique,
1495,Goosen,Ockert Johannes,Albany,retain,No affirmative source-note count or claim-scope contradiction identified.,1,,35766,bought by Goosen's father as an infant for 100 rds,
1498,Greyling,Abraham Carel,Albany,retain,No affirmative source-note count or claim-scope contradiction identified.,2,,35768;35769,"bought for 10130 rds, had no children || a healthy man",
1501,Bothma,Johannes Arnoldus,Albany,retain,No affirmative source-note count or claim-scope contradiction identified.,6,,35691;35692;35693;35694;35695;35696,"well behaved, decently colothed || born 1.6.1828, a very healthy boy || born 24.2.1826 || born 1.9.1823 || born 15.10.1830 || born 26.9.1832",
1503,Van Rooyen,Dirk Willem,Albany,exclude,explicit_external_slave_count_differs_from_local_rows,2,1,35873;35874,UCL: one slave,
1505,Bouwer,Piet,Albany,retain,No affirmative source-note count or claim-scope contradiction identified.,1,,35697,bedrag vir 'n vrou!,
1510,Zietsman,Johan Philip,Uitenhage,retain,No affirmative source-note count or claim-scope contradiction identified.,2,,33985;33986,,s Paul
1515,Bardin,Jan,Uitenhage,exclude,"Explicit note says widow, two enslaved but four recorded.",4,2,32677;32678;32679;32680,"Widow, 2 enslaved",Free Black
1526,Rens,Justinus,Uitenhage,retain,No affirmative source-note count or claim-scope contradiction identified.,1,,33553,Uitenhage Town,
1527,Muller,Thomas Ignatius,Uitenhage,retain,No affirmative source-note count or claim-scope contradiction identified.,5,,33345;33346;33347;33348;33349,Uitenhage Town,
1529,Hitzeroth,Hendrik Frans,Uitenhage,retain,No affirmative source-note count or claim-scope contradiction identified.,1,,33016,Uitenhage Town,
1530,Hitzeroth,Johan Christoffel,Uitenhage,retain,No affirmative source-note count or claim-scope contradiction identified.,1,,33017,Uitenhage Town,
1533,Van Vuuren,Johannes Gerhardus Janse,Uitenhage,retain,No affirmative source-note count or claim-scope contradiction identified.,8,,33917;33918;33919;33920;33921;33922;33923;33924,Widow,
1535,Landman,Willem,Uitenhage,retain,No affirmative source-note count or claim-scope contradiction identified.,8,,33168;33169;33170;33171;33172;33173;33174;33175,Boesmansrivier,
1537,Cuyler,Jacob Glen,Uitenhage,retain,No affirmative source-note count or claim-scope contradiction identified.,19,,32749;32750;32751;32752;32753;32754;32755;32756;32757;32758;32759;32760;32761;32762;32763;32764;32765;32766;32767,,
1541,Van Rensburg,Frederik Janse,Uitenhage,retain,No affirmative source-note count or claim-scope contradiction identified.,1,,33849,,
1542,Scorey,James,Uitenhage,retain,No affirmative source-note count or claim-scope contradiction identified.,3,,33631;33632;33633,Port Elizabeth,
1543,Muller,Anthony Michiel,Uitenhage,retain,No affirmative source-note count or claim-scope contradiction identified.,5,,33327;33328;33329;33330;33331,,
1545,Rautenbach,Johan Andries,Uitenhage,retain,No affirmative source-note count or claim-scope contradiction identified.,1,,33509,"Boesmansrivier, Widow",
1546,Rooy,Maria Susanna,Uitenhage,retain,No affirmative source-note count or claim-scope contradiction identified.,2,,33558;33559,Widow Andries Oelofse,
1547,Van Niekerk,Gerhardus Lourens,Uitenhage,retain,No affirmative source-note count or claim-scope contradiction identified.,3,,33807;33808;33809,"Chelsea, Port Elizabeth",
1548,Vermaak,Coenraad Martinus,Uitenhage,retain,No affirmative source-note count or claim-scope contradiction identified.,1,,33925,Olifantshoek,
1549,Du Plessis,Joseph Albertus,Uitenhage,retain,No affirmative source-note count or claim-scope contradiction identified.,1,,32836,,
1552,Rautenbach,Thomas Ignatius,Uitenhage,retain,No affirmative source-note count or claim-scope contradiction identified.,1,,33513,Sondagsrivier,
1553,Hesselman,Johan Tobias,Uitenhage,retain,No affirmative source-note count or claim-scope contradiction identified.,1,,33008,Gamtoos River Mouth,
1554,Human,Matthys Gerhardus,Uitenhage,retain,No affirmative source-note count or claim-scope contradiction identified.,4,,33038;33039;33040;33041,"Papiesfontein?, Gamtoosrivier",
1555,Van Rensburg,Martinus Esias Janse,Uitenhage,retain,No affirmative source-note count or claim-scope contradiction identified.,4,,33855;33856;33857;33858,Gamtoosrivier,
1557,Du Preez,Andries Hendrik,Uitenhage,retain,No affirmative source-note count or claim-scope contradiction identified.,5,,32843;32844;32845;32846;32847,,s SJ
1559,Potgieter,Evert Frederik,Uitenhage,retain,No affirmative source-note count or claim-scope contradiction identified.,3,,33392;33393;33394,Boesmansrivier,s Evert
1560,Potgieter,Frederik,Uitenhage,retain,No affirmative source-note count or claim-scope contradiction identified.,4,,33402;33403;33404;33405,,s Jacobus
1563,Anthonio,Lourenzo,Uitenhage,exclude,explicit_external_slave_count_differs_from_local_rows,6,5,32671;32672;32673;32674;32675;32676,Near Port Elizabeth || 5 enslaved,
1565,Van Niekerk,Isaac Abraham,Uitenhage,retain,No affirmative source-note count or claim-scope contradiction identified.,6,,33810;33811;33812;33813;33814;33815,,
1567,Ferreira,Theodorus Ignatius,Uitenhage,retain,No affirmative source-note count or claim-scope contradiction identified.,1,,32959,……Fontein,
1568,Meyer,Isaac,Uitenhage,retain,No affirmative source-note count or claim-scope contradiction identified.,8,,33246;33247;33248;33249;33250;33251;33252;33253,,
1569,Weys,Fortuin,Uitenhage,retain,No affirmative source-note count or claim-scope contradiction identified.,4,,33978;33979;33980;33981,Wilhelmina Albertina Maria Klerck ,
1570,Vogel,Johannes Abraham,Uitenhage,retain,No affirmative source-note count or claim-scope contradiction identified.,2,,33969;33970,,
1571,Vogel,Johannes Hermanus,Uitenhage,retain,No affirmative source-note count or claim-scope contradiction identified.,1,,33971,Boesmansrivier,
1573,Van der Wat,Hendrik Johannes,Uitenhage,review,"Source has additional party, claimant, payment-recipient or cross-reference wording; no affirmative UCL/BPP count or additional-slave contradiction established. Do not exclude merely for creditor/recipient names.",1,,33763,Tsitsikama; kyk ook Nr 1593,
1574,Wasserman,George,Uitenhage,retain,No affirmative source-note count or claim-scope contradiction identified.,2,,33972;33973,"Diep River Mouth, Tsitsikama ONMOONTLIK",
1577,Van der Wat,Hendrik,Uitenhage,retain,No affirmative source-note count or claim-scope contradiction identified.,18,,33765;33766;33767;33768;33769;33770;33771;33772;33773;33774;33775;33776;33777;33778;33779;33780;33781;33782,,s Hendrik
1580,Vermaak,Ignatius Martinus,Uitenhage,retain,No affirmative source-note count or claim-scope contradiction identified.,2,,33930;33931,,
1582,Vermaak,Gerrit Thomas,Uitenhage,retain,No affirmative source-note count or claim-scope contradiction identified.,2,,33928;33929,,
1583,Vermaak,Salomon,Uitenhage,retain,No affirmative source-note count or claim-scope contradiction identified.,6,,33951;33952;33953;33954;33955;33956,Boesmansrivier,
1584,Uys,Petrus Lafras,Uitenhage,retain,No affirmative source-note count or claim-scope contradiction identified.,5,,33727;33728;33729;33730;33731,,
1585,Uys,Jacobus Johannes,Uitenhage,retain,No affirmative source-note count or claim-scope contradiction identified.,2,,33725;33726,,s Jacob
1586,Smith,John Owen,Uitenhage,retain,No affirmative source-note count or claim-scope contradiction identified.,1,,33672,,
1587,Smit,Adam Johannes,Uitenhage,retain,No affirmative source-note count or claim-scope contradiction identified.,2,,33654;33655,"Klipfontein, Baviaanskloof",
1588,Scheepers,Coenraad Frederik,Uitenhage,retain,No affirmative source-note count or claim-scope contradiction identified.,10,,33569;33570;33571;33572;33573;33574;33575;33576;33577;33578,Theuniskloof? Boesmansrivier,
1589,Slabbert,Gideon Johannes,Uitenhage,retain,No affirmative source-note count or claim-scope contradiction identified.,7,,33646;33647;33648;33649;33650;33651;33652,,
1591,Sevenstern,Wessel Louw,Uitenhage,retain,No affirmative source-note count or claim-scope contradiction identified.,5,,33640;33641;33642;33643;33644,"Hartbeesfontein, Winterhoek",
1592,Smit,Hendrik Johannes,Uitenhage,retain,No affirmative source-note count or claim-scope contradiction identified.,6,,33664;33665;33666;33667;33668;33669,"Verlore Rivier, Baviaanskloof",s Jacobus
1593,Van der Wat,Hendrik,Uitenhage,retain,No affirmative source-note count or claim-scope contradiction identified.,1,,33764,,s Cornelis
1595,Snyman,Johannes Hendrik Jacobus,Uitenhage,retain,No affirmative source-note count or claim-scope contradiction identified.,4,,33673;33674;33675;33676,"Jacobsdal, Rietrivier",
1596,Van Staden,Jacobus Frederk,Uitenhage,retain,No affirmative source-note count or claim-scope contradiction identified.,1,,33915,Baviaanskloof,
1597,Stroebel,Hendrik,Uitenhage,retain,No affirmative source-note count or claim-scope contradiction identified.,2,,33677;33678,,
1598,Scheepers,Gerhardus Johannes Adolphus,Uitenhage,retain,No affirmative source-note count or claim-scope contradiction identified.,2,,33583;33584,"Oliphantshoek, Boesmansrivier",
1599,Ferreira,Ignatius Wilhelmus,George,retain,No affirmative source-note count or claim-scope contradiction identified.,2,,28886;28887,,
16,Olivier,Adriaan Jacobus Jeremias,Beaufort,retain,No affirmative source-note count or claim-scope contradiction identified.,3,,36234;36235;36236,criple,so Gerrit
1601,Scholtz,Theodorus Lambertus,Uitenhage,retain,No affirmative source-note count or claim-scope contradiction identified.,2,,33624;33625,Tsitsikama,
1602,Van Staden,Willem Hendrik,Uitenhage,retain,No affirmative source-note count or claim-scope contradiction identified.,1,,33916,Winterhoek,
1603,Smit,Gerhardus Johannes,Uitenhage,retain,No affirmative source-note count or claim-scope contradiction identified.,8,,33656;33657;33658;33659;33660;33661;33662;33663,Baviaanskloof,
1605,Van Rooyen,Martinus,Uitenhage,retain,No affirmative source-note count or claim-scope contradiction identified.,3,,33912;33913;33914,Winterhoek,jr
1607,Van Rooyen,Gerrit,Uitenhage,retain,No affirmative source-note count or claim-scope contradiction identified.,21,,33891;33892;33893;33894;33895;33896;33897;33898;33899;33900;33901;33902;33903;33904;33905;33906;33907;33908;33909;33910;33911,,s Cornelis
1608,Van Rensburg,Gerhardus Hendrik Janse,Uitenhage,retain,No affirmative source-note count or claim-scope contradiction identified.,4,,33850;33851;33852;33853,Swartruggens,
1609,Rautenbach,Ignatius Leopoldus,Uitenhage,retain,No affirmative source-note count or claim-scope contradiction identified.,1,,33508,Gamtoosrivier,
1610,Rautenbach,Petrus Gerhardus,Uitenhage,retain,No affirmative source-note count or claim-scope contradiction identified.,3,,33510;33511;33512,Gamtoosrivier,
1611,Meyer,Coenraad Frederik,Uitenhage,retain,No affirmative source-note count or claim-scope contradiction identified.,9,,33234;33235;33236;33237;33238;33239;33240;33241;33242,Boknes,
1614,Van Rensburg,Gerhardus Jacobus Janse,Uitenhage,retain,No affirmative source-note count or claim-scope contradiction identified.,1,,33854,,
1615,Van Rooyen,Cornelis Johannes s CJ,Uitenhage,retain,No affirmative source-note count or claim-scope contradiction identified.,1,,33865,"Boesmansrivier, widow",
1616,Rossouw,Gabriel Josua,Uitenhage,retain,No affirmative source-note count or claim-scope contradiction identified.,7,,33560;33561;33562;33563;33564;33565;33566,Rietfontein,
1620,Roedeloff,Jacobus Andries,Uitenhage,retain,No affirmative source-note count or claim-scope contradiction identified.,2,,33556;33557,Olifantshoek,
1622,Potgieter,Matthys Gerhardus,Uitenhage,retain,No affirmative source-note count or claim-scope contradiction identified.,4,,33414;33415;33416;33417,,
1623,Potgieter,Hermanus Jacobus,Uitenhage,retain,No affirmative source-note count or claim-scope contradiction identified.,3,,33406;33407;33408,"Hesselbosch ?, Tsitsikama",s Evert
1626,Du Plessis,Jacobus Johannes,Uitenhage,retain,No affirmative source-note count or claim-scope contradiction identified.,17,,32790;32791;32792;32793;32794;32795;32796;32797;32798;32799;32800;32801;32802;32803;32804;32805;32806,Tsitsikama,s Jacob
1627,Potgieter,Martinus Jacobus,Uitenhage,retain,No affirmative source-note count or claim-scope contradiction identified.,3,,33411;33412;33413,Uitenhage Town,s The.
1629,Pieterse,Hermanus Johannes,Uitenhage,retain,No affirmative source-note count or claim-scope contradiction identified.,1,,33391,,
1630,Du Preez,Hercules Stephanus,Uitenhage,retain,No affirmative source-note count or claim-scope contradiction identified.,1,,32849,,
1631,Du Preez,Johannes Andries,Uitenhage,retain,No affirmative source-note count or claim-scope contradiction identified.,7,,32863;32864;32865;32866;32867;32868;32869,"Hartbeesfontein, Sondagsrivier",s SJ
1633,Prinsloo,Nicolaas Martinus,Uitenhage,retain,No affirmative source-note count or claim-scope contradiction identified.,3,,33447;33448;33449,Winterhoek,
1634,Potgieter,Theunis,Uitenhage,retain,No affirmative source-note count or claim-scope contradiction identified.,4,,33429;33430;33431;33432,Kromrivier,
1636,Nel,Willem,Uitenhage,retain,No affirmative source-note count or claim-scope contradiction identified.,3,,33351;33352;33353,Rietrivier,s Louis
1638,Jonker,Adolph,Uitenhage,retain,No affirmative source-note count or claim-scope contradiction identified.,1,,33070,Rietrivier,
1640,Oosthuysen,Martinus Johannes,Uitenhage,retain,No affirmative source-note count or claim-scope contradiction identified.,12,,33376;33377;33378;33379;33380;33381;33382;33383;33384;33385;33386;33387,Boesmansrivier,s J
1641,Van Niekerk,Stephanus Ignatius,Uitenhage,retain,No affirmative source-note count or claim-scope contradiction identified.,5,,33842;33843;33844;33845;33846,,
1642,Van Niekerk,Pieter Cornelis,Uitenhage,retain,No affirmative source-note count or claim-scope contradiction identified.,2,,33836;33837,"Kommandosdrif, Sondagsrivier",s Isaac
1643,Van Niekerk,Margaretha Susanna,Uitenhage,retain,No affirmative source-note count or claim-scope contradiction identified.,1,,33830,Vanstadensrivier,
1644,Van Niekerk,Adriana Maria,Uitenhage,retain,No affirmative source-note count or claim-scope contradiction identified.,1,,33793,Van Stadensrivier,
1645,Van Niekerk,Pieter Cornelis,Uitenhage,retain,No affirmative source-note count or claim-scope contradiction identified.,4,,33838;33839;33840;33841,Van Stadensrivier,s JS
1646,Van Niekerk,Pieter Cornelis,Uitenhage,retain,No affirmative source-note count or claim-scope contradiction identified.,4,,33832;33833;33834;33835,Vanstadensrivier,s Gert
1647,Van Niekerk,Johannes Stephanus,Uitenhage,retain,No affirmative source-note count or claim-scope contradiction identified.,14,,33816;33817;33818;33819;33820;33821;33822;33823;33824;33825;33826;33827;33828;33829,"Vanstadensrivier, Widow",
1648,Van Niekerk,Gerhardus Laurens,Uitenhage,retain,No affirmative source-note count or claim-scope contradiction identified.,13,,33794;33795;33796;33797;33798;33799;33800;33801;33802;33803;33804;33805;33806,Vanstadensrivier,wid
1649,Van Niekerk,Martha Jacoba,Uitenhage,retain,No affirmative source-note count or claim-scope contradiction identified.,1,,33831,"Driefontein, Tsitsikama",
1650,Van Niekerk,Christina Maria T.,Uitenhage,retain,No affirmative source-note count or claim-scope contradiction identified.,1,,33847,,
1651,Newcomb,Robert,Uitenhage,retain,No affirmative source-note count or claim-scope contradiction identified.,6,,33354;33355;33356;33357;33358;33359,Boesmansrivier,
1653,Nel,Hendrik Johannes,Uitenhage,retain,No affirmative source-note count or claim-scope contradiction identified.,1,,33350,Winterhoek,
1655,Van der Merwe,Petrus Jacobus s Piet,Uitenhage,retain,No affirmative source-note count or claim-scope contradiction identified.,2,,33737;33738,Winterhoek,
1656,Van der Merwe,Johannes Martinus,Uitenhage,retain,No affirmative source-note count or claim-scope contradiction identified.,2,,33735;33736,Baviaanskloof,
1657,Meeding,Hendrik Pieter,Uitenhage,retain,No affirmative source-note count or claim-scope contradiction identified.,7,,33227;33228;33229;33230;33231;33232;33233,,
1658,Muller,Cornelis Johannes,Uitenhage,retain,No affirmative source-note count or claim-scope contradiction identified.,6,,33332;33333;33334;33335;33336;33337,"Buffelsfontein, near PE",
1661,Marais,Matthys Hendrik,Uitenhage,retain,No affirmative source-note count or claim-scope contradiction identified.,12,,33203;33204;33205;33206;33207;33208;33209;33210;33211;33212;33213;33214,"Boknes, Boesmansrivier",
1662,Moolman,Hans Jurie,Uitenhage,retain,No affirmative source-note count or claim-scope contradiction identified.,6,,33268;33269;33270;33271;33272;33273,Tstsikama,s Pieter
1663,Moolman,Jacobus Philippus,Uitenhage,exclude,same_UCL_and_exact_owner_in_multiple_districts,8,,33274;33275;33276;33277;33278;33279;33280;33281,Seekoeirivier,
1664,Marais,Johan Lodewyk,Uitenhage,retain,No affirmative source-note count or claim-scope contradiction identified.,3,,33200;33201;33202,Boesmansrivier,s Barend
1665,Marais,Barend Daniel,Uitenhage,retain,No affirmative source-note count or claim-scope contradiction identified.,4,,33193;33194;33195;33196,Boesmansrivier,
1668,Moolman,Wessel Hendrik,Uitenhage,retain,No affirmative source-note count or claim-scope contradiction identified.,13,,33312;33313;33314;33315;33316;33317;33318;33319;33320;33321;33322;33323;33324,"Seekoeirivier, Tsitsikama",
1669,Landman,Carel,Uitenhage,retain,No affirmative source-note count or claim-scope contradiction identified.,4,,33151;33152;33153;33154,Boesmansrivier,
1670,Landman,Johannes Christoffel,Uitenhage,retain,No affirmative source-note count or claim-scope contradiction identified.,7,,33161;33162;33163;33164;33165;33166;33167,,
1671,Labuschagne,Jan,Uitenhage,retain,No affirmative source-note count or claim-scope contradiction identified.,2,,33149;33150,Klipfontein,
1672,Kok,Christiaan,Uitenhage,retain,No affirmative source-note count or claim-scope contradiction identified.,4,,33100;33101;33102;33103,Boesmansrivier,
1673,Kritzinger,Pieter Hendrik,Uitenhage,retain,No affirmative source-note count or claim-scope contradiction identified.,8,,33141;33142;33143;33144;33145;33146;33147;33148,"Geelhoutboom, Gamtoosrivier",
1675,Kemp,Petrus,Uitenhage,retain,No affirmative source-note count or claim-scope contradiction identified.,6,,33093;33094;33095;33096;33097;33098,,s Piet
1676,Kok,Gideon Jacobus,Uitenhage,retain,No affirmative source-note count or claim-scope contradiction identified.,1,,33104,Uitenhage,
1677,Kok,Johannes Jacobus,Uitenhage,retain,No affirmative source-note count or claim-scope contradiction identified.,12,,33105;33106;33107;33108;33109;33110;33111;33112;33113;33114;33115;33116,…….. Fontein,
1679,Kemp,Gerhardus Philip,Uitenhage,retain,No affirmative source-note count or claim-scope contradiction identified.,2,,33080;33081,,
1681,Kemp,Jurie Johannes,Uitenhage,retain,No affirmative source-note count or claim-scope contradiction identified.,11,,33082;33083;33084;33085;33086;33087;33088;33089;33090;33091;33092,Grandchild of Silvie om Mozamique,
1683,Moolman,Petrus Johannes,Uitenhage,retain,No affirmative source-note count or claim-scope contradiction identified.,19,,33288;33289;33290;33291;33292;33293;33294;33295;33296;33297;33298;33299;33300;33301;33302;33303;33304;33305;33306,Tsitsikama,
1689,Holtshausen,Gerrit Hendrik,Uitenhage,retain,No affirmative source-note count or claim-scope contradiction identified.,7,,33021;33022;33023;33024;33025;33026;33027,Olifantshoek,
1691,Harries,William Matthew,Uitenhage,retain,No affirmative source-note count or claim-scope contradiction identified.,1,,33006,Share with Korsten,
1692,Greewe,Marcus,Uitenhage,retain,No affirmative source-note count or claim-scope contradiction identified.,6,,33000;33001;33002;33003;33004;33005,Sondagsrivier,
1693,Gouws,Cornelis,Uitenhage,retain,No affirmative source-note count or claim-scope contradiction identified.,3,,32982;32983;32984,"Brakrivier, Swartruggens",
1694,Greeff,Isaac Jacob,Uitenhage,retain,No affirmative source-note count or claim-scope contradiction identified.,7,,32993;32994;32995;32996;32997;32998;32999,,
1696,Gous,Pieter Adriaan,Uitenhage,retain,No affirmative source-note count or claim-scope contradiction identified.,3,,32979;32980;32981,Sondagsrivier,s M
1697,Conradie,Johannes Hendrik,Uitenhage,exclude,same_UCL_and_exact_owner_in_multiple_districts,1,,32732,"Brinkfontein?, Swartruggens",
1698,Gouws,Marthinus,Uitenhage,retain,No affirmative source-note count or claim-scope contradiction identified.,1,,32986,"Bloukrans, Sondagsrivier",
1700,Greeff,Francois Petrus,Uitenhage,retain,No affirmative source-note count or claim-scope contradiction identified.,6,,32987;32988;32989;32990;32991;32992,Rietrivier,
1701,Combrink,Jan Hendrik,Uitenhage,retain,No affirmative source-note count or claim-scope contradiction identified.,5,,32727;32728;32729;32730;32731,Baviaanskloof,
1702,Crouse,Petrus Arnoldus,Uitenhage,retain,No affirmative source-note count or claim-scope contradiction identified.,7,,32742;32743;32744;32745;32746;32747;32748,Kragakamma near Uitenhage; Thomas Handfield,
1703,Fourie,Johannes Hermanus,Uitenhage,retain,No affirmative source-note count or claim-scope contradiction identified.,1,,32964,"Swanepoelskraal, Boesmansrivier",
1704,Ferreira,Stephanus,Uitenhage,retain,No affirmative source-note count or claim-scope contradiction identified.,4,,32955;32956;32957;32958,Seekoeirivier,
1705,Ferreira,Daniel Theodorus,Uitenhage,retain,No affirmative source-note count or claim-scope contradiction identified.,4,,32916;32917;32918;32919,Gamtoosrivier,
1707,Ferreira,Anthony Michiel,Uitenhage,retain,No affirmative source-note count or claim-scope contradiction identified.,10,,32906;32907;32908;32909;32910;32911;32912;32913;32914;32915,Seekoeirivier,
1708,Ferreira,Thomas Ignatius,Uitenhage,retain,No affirmative source-note count or claim-scope contradiction identified.,1,,32960,Gamtoosrivier,
1709,Ferreira,Ignatius Stephanus,Uitenhage,retain,No affirmative source-note count or claim-scope contradiction identified.,22,,32921;32922;32923;32924;32925;32926;32927;32928;32929;32930;32931;32932;32933;32934;32935;32936;32937;32938;32939;32940;32941;32942,Stadensrivier,
1710,Ferreira,Martinus Gerrit Thomas,Uitenhage,retain,No affirmative source-note count or claim-scope contradiction identified.,1,,32948,Sondagsrivier,
1711,Van Deventer,Jacob,Uitenhage,retain,No affirmative source-note count or claim-scope contradiction identified.,1,,33784,,
1712,Dorfling,Joseph Theodorus,Uitenhage,retain,No affirmative source-note count or claim-scope contradiction identified.,1,,32788,Gamtoosrivier,
1713,Ferreira,Salomon,Uitenhage,retain,No affirmative source-note count or claim-scope contradiction identified.,4,,32951;32952;32953;32954,,
1715,Van Deventer,Jan Frederik,Uitenhage,retain,No affirmative source-note count or claim-scope contradiction identified.,1,,33785,Rietrivier,
1716,Delport,Isaac Christiaan,Uitenhage,retain,No affirmative source-note count or claim-scope contradiction identified.,2,,32786;32787,"Buffelsfontein, Swartruggens",
1717,Bekker,Johannes Stephanus,Uitenhage,retain,No affirmative source-note count or claim-scope contradiction identified.,6,,32690;32691;32692;32693;32694;32695,Sondagsrivier,
1718,Black,John,Uitenhage,retain,No affirmative source-note count or claim-scope contradiction identified.,2,,32702;32703,Tsitsikamma Bush; Thomas I Muller,
1720,Du Plessis,Theodorus Daniel,Uitenhage,retain,No affirmative source-note count or claim-scope contradiction identified.,6,,32837;32838;32839;32840;32841;32842,Tsitsikama,s Jac.
1721,Botha,Jacobus Theodorus,Uitenhage,retain,No affirmative source-note count or claim-scope contradiction identified.,11,,32705;32706;32707;32708;32709;32710;32711;32712;32713;32714;32715,Near Port Elizabeth,
1722,Buchner,Carel Valentyn,Uitenhage,retain,No affirmative source-note count or claim-scope contradiction identified.,3,,32722;32723;32724,Widow,
1723,Buchner,Johannes Casparus,Uitenhage,retain,No affirmative source-note count or claim-scope contradiction identified.,2,,32725;32726,Boesmansrivier,
1724,Du Preez,Andries,Uitenhage,retain,No affirmative source-note count or claim-scope contradiction identified.,1,,32848,Tstsikama,s Ignatius
1725,De Beer,Zacharias Johannes,Uitenhage,retain,No affirmative source-note count or claim-scope contradiction identified.,4,,32772;32773;32774;32775,Rietrivier,
1726,Van Beulen,Petrus Johannes,Uitenhage,retain,No affirmative source-note count or claim-scope contradiction identified.,3,,33732;33733;33734,"Widow, near Uitenhage",
1727,Bekker,Petrus,Uitenhage,retain,No affirmative source-note count or claim-scope contradiction identified.,2,,32696;32697,"Diashoek, Sondagsrivier",
1728,Barkhuisen,Simon Hendrik,Uitenhage,retain,No affirmative source-note count or claim-scope contradiction identified.,1,,32681,,
1729,Van der Wat,Johan George,Uitenhage,retain,No affirmative source-note count or claim-scope contradiction identified.,1,,33783,,
1734,Erasmus,Abel Hermanus,Uitenhage,retain,No affirmative source-note count or claim-scope contradiction identified.,1,,32899,Winterhoek,
1735,Ferreira,Jan Abraham,Uitenhage,retain,No affirmative source-note count or claim-scope contradiction identified.,1,,32947,"Seekoeirivier, Tistsikama",
1738,Botha,Theunis Jacobus,Uitenhage,retain,No affirmative source-note count or claim-scope contradiction identified.,1,,32716,,
1740,Vermaak,Cornelis Tobias,Uitenhage,retain,No affirmative source-note count or claim-scope contradiction identified.,2,,33926;33927,Oliphantshoek,
1741,Van Rensburg,Coenraad Frederk Janse,Uitenhage,retain,No affirmative source-note count or claim-scope contradiction identified.,1,,33848,Vanstadensrivier,
1742,Scheepers,Coenraad,Uitenhage,retain,No affirmative source-note count or claim-scope contradiction identified.,4,,33579;33580;33581;33582,"Claarefontein, Boesmansrivier",s Gerrit
1744,Crouse,Hermanus Lucas,Uitenhage,retain,No affirmative source-note count or claim-scope contradiction identified.,9,,32733;32734;32735;32736;32737;32738;32739;32740;32741,Klein Winterhoek,
1746,Van Rooyen,Gerrit Rynier,Uitenhage,retain,No affirmative source-note count or claim-scope contradiction identified.,13,,33878;33879;33880;33881;33882;33883;33884;33885;33886;33887;33888;33889;33890,"Sandflats, Boesmansrivier",
1749,Basson,Nicolaas Johannes,Uitenhage,retain,No affirmative source-note count or claim-scope contradiction identified.,8,,32682;32683;32684;32685;32686;32687;32688;32689,Swartruggens; Also Diederik Christoffel Lezar,
1752,Vermaak,Jacobus Stephanus,Uitenhage,retain,No affirmative source-note count or claim-scope contradiction identified.,4,,33932;33933;33934;33935,Elandsrivier,
1753,Breytenbach,Johan Hendrik,Uitenhage,retain,No affirmative source-note count or claim-scope contradiction identified.,1,,32721,Boesmansrivier,
1754,Meyer,Lucas Willem,Uitenhage,retain,No affirmative source-note count or claim-scope contradiction identified.,2,,33266;33267,Tstsikama,s Isaac
1756,Strydom,Pieter,Uitenhage,retain,No affirmative source-note count or claim-scope contradiction identified.,1,,33684,Tsitsikama,widow
1760,Moolman,Petrus Johannes Albertus,Uitenhage,retain,No affirmative source-note count or claim-scope contradiction identified.,2,,33307;33308,,
1761,Martin,Edward,Uitenhage,retain,No affirmative source-note count or claim-scope contradiction identified.,1,,33215,,
1762,Moolman,Louis,Uitenhage,retain,No affirmative source-note count or claim-scope contradiction identified.,6,,33282;33283;33284;33285;33286;33287,Gamtoosrivier,s Jan
1763,Moolman,Petrus Lafras,Uitenhage,retain,No affirmative source-note count or claim-scope contradiction identified.,2,,33309;33310,Gamtoosrivier,
1764,Lovemore,Henry,Uitenhage,retain,No affirmative source-note count or claim-scope contradiction identified.,8,,33185;33186;33187;33188;33189;33190;33191;33192,Uitenhage,
1765,Ferreira,Gerrit Martinus,Uitenhage,retain,No affirmative source-note count or claim-scope contradiction identified.,1,,32920,,
1766,Botha,Ignatius Michiel,Uitenhage,retain,No affirmative source-note count or claim-scope contradiction identified.,1,,32704,"Buffelsfontein, near Port Elizabeth",
1768,Vermaak,Johannes Rynier,Uitenhage,retain,No affirmative source-note count or claim-scope contradiction identified.,1,,33947,,
1769,Wessels,Hermanus Johannes,Uitenhage,retain,No affirmative source-note count or claim-scope contradiction identified.,1,,33974,Boesmansrivier,
1770,Vermaak,Petrus Theodorus,Uitenhage,retain,No affirmative source-note count or claim-scope contradiction identified.,2,,33949;33950,Klipdrift,
1772,Landman,Johannes Abraham,Uitenhage,retain,No affirmative source-note count or claim-scope contradiction identified.,5,,33155;33156;33157;33158;33159,Widow Martha Maria Rog,
1774,Terblanche,Stephanus Esias,Uitenhage,retain,No affirmative source-note count or claim-scope contradiction identified.,15,,33690;33691;33692;33693;33694;33695;33696;33697;33698;33699;33700;33701;33702;33703;33704,Gamtoosrivier,
1775,Landman,Johannes Abraham,Uitenhage,retain,No affirmative source-note count or claim-scope contradiction identified.,1,,33160,Boesmansrivier; Isabella Herculiena Magdalena Landman,
1776,Oosthuysen,Johannes Henricus,Uitenhage,retain,No affirmative source-note count or claim-scope contradiction identified.,1,,33375,Boesmansrivier,s Jac.
1777,Wilken,Johan Adam,Uitenhage,retain,No affirmative source-note count or claim-scope contradiction identified.,1,,33982,Rietfontein,
1779,Vermaak,Johannes Gerhardus,Uitenhage,retain,No affirmative source-note count or claim-scope contradiction identified.,1,,33946,,
1781,Marx,Georg Frederik,Uitenhage,retain,No affirmative source-note count or claim-scope contradiction identified.,4,,33216;33217;33218;33219,,
1821,Meyer,Martinus,George,retain,No affirmative source-note count or claim-scope contradiction identified.,10,,29479;29480;29481;29482;29483;29484;29485;29486;29487;29488,,sv Esias
1822,Meyer,Esias Engelbrecht,George,retain,No affirmative source-note count or claim-scope contradiction identified.,1,,29385,Petrus Jacobus Raubenheimer,oorlede
1823,Meyer,Anton Michiel,George,retain,No affirmative source-note count or claim-scope contradiction identified.,1,,29382,,
1824,Meyer,Esias Engelbrecht,George,retain,No affirmative source-note count or claim-scope contradiction identified.,6,,29386;29387;29388;29389;29390;29391,Petrus Jacobus Raubenheimer,oorlede
1825,Vivier,Gerrit,George,retain,No affirmative source-note count or claim-scope contradiction identified.,3,,30349;30350;30351,weduwee Magdalena Petrnella Barnard,oorlede
1826,Heymans,Hendrik Franciscus,George,retain,No affirmative source-note count or claim-scope contradiction identified.,2,,29007;29008,,
1827,Claasen,Daniel,George,retain,No affirmative source-note count or claim-scope contradiction identified.,11,,28724;28725;28726;28727;28728;28729;28730;28731;28732;28733;28734,,so Nic
1828,Pienaar,Daniel,George,retain,No affirmative source-note count or claim-scope contradiction identified.,1,,29662,,sr
1832,Claasen,Petrus Jacobus,George,retain,No affirmative source-note count or claim-scope contradiction identified.,5,,28740;28741;28742;28743;28744,,
1833,Claasen,Cornelis,George,retain,No affirmative source-note count or claim-scope contradiction identified.,3,,28721;28722;28723,,so Nic.
1834,Marais,Johannes Christiaan,George,retain,No affirmative source-note count or claim-scope contradiction identified.,1,,29297,,
1835,Cloete,Stephanus Johannes,George,retain,No affirmative source-note count or claim-scope contradiction identified.,5,,28759;28760;28761;28762;28763,,
1836,Cloete,Gerrit,George,retain,No affirmative source-note count or claim-scope contradiction identified.,1,,28758,,so Stephanus
1837,Muller,Antony Michiel,George,retain,No affirmative source-note count or claim-scope contradiction identified.,1,,29548,Weduwee Aletta Maria Potgieter,
1838,Meyer,Jacobus Esias,George,retain,No affirmative source-note count or claim-scope contradiction identified.,4,,29435;29436;29437;29438,,
1840,Meyer,Gerrit Hendrik,George,retain,No affirmative source-note count or claim-scope contradiction identified.,1,,29392,,
1841,Claasen,Gerrit Johannes,George,retain,No affirmative source-note count or claim-scope contradiction identified.,2,,28735;28736,,
1842,Claasen,Johannes Theodorus,George,retain,No affirmative source-note count or claim-scope contradiction identified.,3,,28737;28738;28739,,
1843,Terblanche,Stephanus Esias,George,retain,No affirmative source-note count or claim-scope contradiction identified.,10,,30102;30103;30104;30105;30106;30107;30108;30109;30110;30111,,so J
1844,Marx,Johannes Petrus,George,retain,No affirmative source-note count or claim-scope contradiction identified.,5,,29325;29326;29327;29328;29329,"Martha Maria Haarhof, UCL, weduwee",oorlede
1845,Vivier,Gerrit,George,retain,No affirmative source-note count or claim-scope contradiction identified.,2,,30352;30353,,sv Gerrit
1846,Van Koppen,Philippus Johannes,George,retain,No affirmative source-note count or claim-scope contradiction identified.,13,,30167;30168;30169;30170;30171;30172;30173;30174;30175;30176;30177;30178;30179,,
1847,Terblanche,Pieter,George,retain,No affirmative source-note count or claim-scope contradiction identified.,15,,30073;30074;30075;30076;30077;30078;30079;30080;30081;30082;30083;30084;30085;30086;30087,,so Jan
1848,Du Plessis ,Carolus Petrus,George,retain,No affirmative source-note count or claim-scope contradiction identified.,1,,28827,,
1851,Meyer,Helgard Petrus,George,retain,No affirmative source-note count or claim-scope contradiction identified.,16,,29405;29406;29407;29408;29409;29410;29411;29412;29413;29414;29415;29416;29417;29418;29419;29420,,
1853,"Botha, oorlede",Jacobus Johannes,George,retain,No affirmative source-note count or claim-scope contradiction identified.,37,,28618;28619;28620;28621;28622;28623;28624;28625;28626;28627;28628;28629;28630;28631;28632;28633;28634;28635;28636;28637;28638;28639;28640;28641;28642;28643;28644;28645;28646;28647;28648;28649;28650;28651;28652;28653;28654,Jan Abraham Meyer en mev Hendrik Christoffel Barnard; UCL,
1854,Weyers,Petrus Johannes,George,retain,No affirmative source-note count or claim-scope contradiction identified.,3,,30407;30408;30409,,
1855,Vivier,Abraham Christoffel,George,retain,No affirmative source-note count or claim-scope contradiction identified.,10,,30339;30340;30341;30342;30343;30344;30345;30346;30347;30348,,
1857,Barnard,Matthiam,George,retain,No affirmative source-note count or claim-scope contradiction identified.,6,,28411;28412;28413;28414;28415;28416,,
1859,Barnard,Johannes Jacobus,George,retain,No affirmative source-note count or claim-scope contradiction identified.,1,,28410,,
1860,Weyers,Stephanus Salomon,George,retain,No affirmative source-note count or claim-scope contradiction identified.,4,,30410;30411;30412;30413,,
1861,Roelofse,Christoffel,George,retain,No affirmative source-note count or claim-scope contradiction identified.,8,,29849;29850;29851;29852;29853;29854;29855;29856,wed Sara Maria Barnard,oorlede
1862,Barnard,Hendrik,George,retain,No affirmative source-note count or claim-scope contradiction identified.,3,,28350;28351;28352,wed Elizabeth Maria Vosloo,
1863,Barnard,Adam,George,retain,No affirmative source-note count or claim-scope contradiction identified.,3,,28346;28347;28348,,so Adam
1864,Barnard,Adam,George,retain,No affirmative source-note count or claim-scope contradiction identified.,1,,28349,,so Adam
1865,Coetzee,Jacobus Hendrik,George,retain,No affirmative source-note count or claim-scope contradiction identified.,1,,28767,,
1866,Botha,Johannes Casparus,George,retain,No affirmative source-note count or claim-scope contradiction identified.,1,,28532,,
1867,Ras,Sidonia CWH,George,retain,No affirmative source-note count or claim-scope contradiction identified.,1,,29777,,
1868,Barnard,Hendrik,George,retain,No affirmative source-note count or claim-scope contradiction identified.,11,,28365;28366;28367;28368;28369;28370;28371;28372;28373;28374;28375,,so Hendrik
1869,Meeding,Johannes Jacobus,George,retain,No affirmative source-note count or claim-scope contradiction identified.,3,,29350;29351;29352,,
1870,Barnard,Jacobus,George,retain,No affirmative source-note count or claim-scope contradiction identified.,1,,28390,,so Hendrik
1871,Squire,John,George,review,"Source has additional party, claimant, payment-recipient or cross-reference wording; no affirmative UCL/BPP count or additional-slave contradiction established. Do not exclude merely for creditor/recipient names.",5,,29981;29982;29983;29984;29985,plus William Hollet,
1872,Rex,George,George,retain,No affirmative source-note count or claim-scope contradiction identified.,31,,29818;29819;29820;29821;29822;29823;29824;29825;29826;29827;29828;29829;29830;29831;29832;29833;29834;29835;29836;29837;29838;29839;29840;29841;29842;29843;29844;29845;29846;29847;29848,,
1873,Stroebel,Gerhardus Johannes Adolphus,George,retain,No affirmative source-note count or claim-scope contradiction identified.,5,,29996;29997;29998;29999;30000,Oorlede,
1874,Ungerer,Hendrik Christiaan,George,retain,No affirmative source-note count or claim-scope contradiction identified.,5,,30115;30116;30117;30118;30119,,
1875,Bankes,David,George,retain,No affirmative source-note count or claim-scope contradiction identified.,1,,28318,,
1876,Van der Walt,Jacobus Stephanus,George,retain,No affirmative source-note count or claim-scope contradiction identified.,10,,30124;30125;30126;30127;30128;30129;30130;30131;30132;30133,,
1877,Van Huyssteen,Hendrik,George,retain,No affirmative source-note count or claim-scope contradiction identified.,12,,30145;30146;30147;30148;30149;30150;30151;30152;30153;30154;30155;30156,,
1878,Van Huyssteen,Nicolaas Cornelis,George,retain,No affirmative source-note count or claim-scope contradiction identified.,10,,30157;30158;30159;30160;30161;30162;30163;30164;30165;30166,,
1879,Barkhuizen,Albertha Catharina,George,retain,No affirmative source-note count or claim-scope contradiction identified.,2,,28319;28320,,
1880,Van der Wat,Johannes Jacobus,George,retain,No affirmative source-note count or claim-scope contradiction identified.,5,,30137;30138;30139;30140;30141,,so Hendrik
1881,Stroebel,Petrus Philippus,George,retain,No affirmative source-note count or claim-scope contradiction identified.,1,,30001,,
1882,Jerling,Martinus Jacobus,George,retain,No affirmative source-note count or claim-scope contradiction identified.,2,,29123;29124,,
1883,Van Rooyen,Reynier,George,retain,No affirmative source-note count or claim-scope contradiction identified.,11,,30298;30299;30300;30301;30302;30303;30304;30305;30306;30307;30308,,
1884,Harker,Robert Charles,George,retain,No affirmative source-note count or claim-scope contradiction identified.,3,,29004;29005;29006,,
1885,Barkhuizen,Frederik Christofffel,George,retain,No affirmative source-note count or claim-scope contradiction identified.,1,,28321,,
1886,Van der Wat,Elizabeth,George,retain,No affirmative source-note count or claim-scope contradiction identified.,3,,30134;30135;30136,,wed Van Rooyen
1887,Kuys,Willem Cornelis,George,retain,No affirmative source-note count or claim-scope contradiction identified.,8,,29182;29183;29184;29185;29186;29187;29188;29189,,
1893,Meeding,Johan Frederik,George,retain,No affirmative source-note count or claim-scope contradiction identified.,8,,29342;29343;29344;29345;29346;29347;29348;29349,weduwee Maria Martha Terblanche,oorlede
1894,Rademeyer,Abraham Hendrik,George,retain,No affirmative source-note count or claim-scope contradiction identified.,7,,29703;29704;29705;29706;29707;29708;29709,,
1895,Bergh,Jan Carel,George,exclude,explicit_external_slave_count_differs_from_local_rows,7,8,28422;28423;28424;28425;28426;28427;28428,Kyk ook # 1895; 8 slawe in totaal UCL,
1896,Van Rensburg,Jacoba Isabella,George,retain,No affirmative source-note count or claim-scope contradiction identified.,1,,30198,,
1897,Steel,Joan Frederik,George,retain,No affirmative source-note count or claim-scope contradiction identified.,1,,29986,Magdalena Rosina Forbiseur,oorlede
1898,Coetzee,Daniel,George,retain,No affirmative source-note count or claim-scope contradiction identified.,3,,28764;28765;28766,,so Jacobus
1899,Boshoff,Hendrik Louois,George,retain,No affirmative source-note count or claim-scope contradiction identified.,2,,28450;28451,Magdalena Hendrina Stander,oorlede
1900,Scott,Robert Ogilvie,George,retain,No affirmative source-note count or claim-scope contradiction identified.,4,,29967;29968;29969;29970,Widow,
1901,Meyer,Pieter Hendrik,George,retain,No affirmative source-note count or claim-scope contradiction identified.,4,,29517;29518;29519;29520,en Justus Hendrik Meyer,
1902,Campher,Cornelis Lourens,George,retain,No affirmative source-note count or claim-scope contradiction identified.,13,,28673;28674;28675;28676;28677;28678;28679;28680;28681;28682;28683;28684;28685,,
1909,Steyl ?,Johan Coenraad,George,retain,No affirmative source-note count or claim-scope contradiction identified.,1,,29987,Susanna Elizabeth Coetzee,oorlede
1911,Kicherer,Johannes Jacobus,George,retain,No affirmative source-note count or claim-scope contradiction identified.,6,,29138;29139;29140;29141;29142;29143,weduwee Clara Johanna Bosman,oorlede
1916,Boswell,Robert Smith,George,retain,No affirmative source-note count or claim-scope contradiction identified.,2,,28465;28466,,
1917,Botha,Adam,George,retain,No affirmative source-note count or claim-scope contradiction identified.,2,,28467;28468,,
1918,Jonck,Christiaan Jacobus,George,retain,No affirmative source-note count or claim-scope contradiction identified.,3,,29125;29126;29127,,
1919,Meyer,Anton Matthys,George,retain,No affirmative source-note count or claim-scope contradiction identified.,21,,29361;29362;29363;29364;29365;29366;29367;29368;29369;29370;29371;29372;29373;29374;29375;29376;29377;29378;29379;29380;29381,Weduwee,
1920,Terblanche,Johannes Gerhardus,George,retain,No affirmative source-note count or claim-scope contradiction identified.,25,,30047;30048;30049;30050;30051;30052;30053;30054;30055;30056;30057;30058;30059;30060;30061;30062;30063;30064;30065;30066;30067;30068;30069;30070;30071,,
1922,Terblanche,Salomon,George,retain,No affirmative source-note count or claim-scope contradiction identified.,3,,30099;30100;30101,"weduwee Martha Dorothea Schoeman || weduwee Martha Dorothea Schoeman, Oorlede",oorlede
1923,Mulder,Frederik Sweris,George,retain,No affirmative source-note count or claim-scope contradiction identified.,2,,29527;29528,,
1924,Meyer,Nicolaas,George,retain,No affirmative source-note count or claim-scope contradiction identified.,6,,29495;29496;29497;29498;29499;29500,wed Johanna Botha,oorlede
1925,Du Plessis ,Andries,George,retain,No affirmative source-note count or claim-scope contradiction identified.,10,,28817;28818;28819;28820;28821;28822;28823;28824;28825;28826,,
1926,Marais,Daniel,George,retain,No affirmative source-note count or claim-scope contradiction identified.,6,,29290;29291;29292;29293;29294;29295,UCL: A. du Plessis,so Charl
1927,Le Roux ,Julien,George,retain,No affirmative source-note count or claim-scope contradiction identified.,6,,29251;29252;29253;29254;29255;29256,,
1929,Meyer,Nicolaas Martinus,George,retain,No affirmative source-note count or claim-scope contradiction identified.,1,,29494,,
1931,Snyman,Jacobus wed,George,retain,No affirmative source-note count or claim-scope contradiction identified.,1,,29976,Sara Susanna van Wyk,
1932,Jordaan,Johannes Jacobus,George,retain,No affirmative source-note count or claim-scope contradiction identified.,1,,29128,,
1933,Smuts,Cornelis Mattheus,George,retain,No affirmative source-note count or claim-scope contradiction identified.,1,,29975,,
1934,Meyer,Nicolaas,George,review,Additional named claimant/payee or divided payment alone does not establish additional slaves or omitted valuations; retained.,5,,29489;29490;29491;29492;29493,Plus Willem Spencer Koeke en John Fletcher Richardson,
1937,McCormick,William,George,retain,No affirmative source-note count or claim-scope contradiction identified.,1,,29341,,
1938,Acker,Hendrik Oostwald,George,review,"Source has additional party, claimant, payment-recipient or cross-reference wording; no affirmative UCL/BPP count or additional-slave contradiction established. Do not exclude merely for creditor/recipient names.",5,,28300;28301;28302;28303;28304,Kyk ook Hollet 1903,
1939,Barnard,Jacobus Matthiam,George,retain,No affirmative source-note count or claim-scope contradiction identified.,14,,28376;28377;28378;28379;28380;28381;28382;28383;28384;28385;28386;28387;28388;28389,,
1940,Botha,George Frederik,George,retain,No affirmative source-note count or claim-scope contradiction identified.,5,,28516;28517;28518;28519;28520,"Minus Jephta, oorlede (unsure)",
1941,Danhauser,Cornelis,George,retain,No affirmative source-note count or claim-scope contradiction identified.,1,,28768,,
1942,Muller,Helgard,George,retain,No affirmative source-note count or claim-scope contradiction identified.,8,,29553;29554;29555;29556;29557;29558;29559;29560,,
1943,Muller,Cornelis Johannes,George,retain,No affirmative source-note count or claim-scope contradiction identified.,1,,29549,,
1945,Gerber,Stephanus,George,retain,No affirmative source-note count or claim-scope contradiction identified.,2,,28981;28982,,
1946,Marais,Jeremias Esias,George,retain,No affirmative source-note count or claim-scope contradiction identified.,1,,29296,,
1947,Van Rensburg,Nicolas Janse,George,retain,No affirmative source-note count or claim-scope contradiction identified.,5,,30220;30221;30222;30223;30224,,
1948,Meyer,Johannes,Uitenhage,retain,No affirmative source-note count or claim-scope contradiction identified.,7,,33259;33260;33261;33262;33263;33264;33265,Boesmansrivier,
1948,Meyer,Johannes Jacobus,George,retain,No affirmative source-note count or claim-scope contradiction identified.,5,,29461;29462;29463;29464;29465,,
1949,Meyer,Esias,George,retain,No affirmative source-note count or claim-scope contradiction identified.,2,,29383;29384,"Ammerentia Botha, weduwee Meyer",
1950,Van Rensburg,Hendrik Christoffel,George,retain,No affirmative source-note count or claim-scope contradiction identified.,18,,30180;30181;30182;30183;30184;30185;30186;30187;30188;30189;30190;30191;30192;30193;30194;30195;30196;30197,"Gedros 20 jr tevore, vd Kaap",
1951,Zietsman,Christiaan Frederik,George,retain,No affirmative source-note count or claim-scope contradiction identified.,1,,30459,,
1952,Pienaar,Salomon,George,retain,No affirmative source-note count or claim-scope contradiction identified.,13,,29671;29672;29673;29674;29675;29676;29677;29678;29679;29680;29681;29682;29683,,
1954,Honiball,John,George,retain,No affirmative source-note count or claim-scope contradiction identified.,2,,29121;29122,,
1955,Muller,Johannes Andries,George,retain,No affirmative source-note count or claim-scope contradiction identified.,8,,29561;29562;29563;29564;29565;29566;29567;29568,,
1956,Muller,Alwyn Ignatius,George,retain,No affirmative source-note count or claim-scope contradiction identified.,8,,29529;29530;29531;29532;29533;29534;29535;29536,,
1960,Oosthuizen,Jacobus Johannes,George,review,"Source has additional party, claimant, payment-recipient or cross-reference wording; no affirmative UCL/BPP count or additional-slave contradiction established. Do not exclude merely for creditor/recipient names.",8,,29642;29643;29644;29645;29646;29647;29648;29649,Ook Johannes Willem Smalberger,
1961,Marx,Johannes Gerhardus,George,retain,No affirmative source-note count or claim-scope contradiction identified.,1,,29324,,
1962,Fouche,Philippus Jacobus,George,retain,No affirmative source-note count or claim-scope contradiction identified.,4,,28951;28952;28953;28954,"wed Magdalena Celliers, UCL",oorlede
1963,Botha,Jan Lodewyk,George,retain,No affirmative source-note count or claim-scope contradiction identified.,3,,28529;28530;28531,,
1964,Kriek,Johannes Christiaan,George,retain,No affirmative source-note count or claim-scope contradiction identified.,1,,29163,,
1965,Otto,Michiel,George,retain,No affirmative source-note count or claim-scope contradiction identified.,2,,29660;29661,,
1966,Keyter,Pieter Bernardus,George,retain,No affirmative source-note count or claim-scope contradiction identified.,9,,29129;29130;29131;29132;29133;29134;29135;29136;29137,,
1967,Roux,Pieter Daniel,George,retain,No affirmative source-note count or claim-scope contradiction identified.,5,,29857;29858;29859;29860;29861,,
1968,Maree,Martha Cath. Eliz.,George,retain,No affirmative source-note count or claim-scope contradiction identified.,1,,29300,,
1969,Le Roux ,Andries Johannes,George,retain,No affirmative source-note count or claim-scope contradiction identified.,7,,29224;29225;29226;29227;29228;29229;29230,,
1970,Wolmarans ,Johannes Josephus,George,retain,No affirmative source-note count or claim-scope contradiction identified.,5,,30438;30439;30440;30441;30442,,
1971,Le Roux ,Mateas Jacobus ,George,retain,No affirmative source-note count or claim-scope contradiction identified.,6,,29257;29258;29259;29260;29261;29262,,
1973,Wolmarans ,Jan Barend  ,George,retain,No affirmative source-note count or claim-scope contradiction identified.,1,,30437,,
1974,Le Roux ,Jacobus Petrus wed,George,retain,No affirmative source-note count or claim-scope contradiction identified.,5,,29246;29247;29248;29249;29250,Anna Carolina du Plessis,
1975,Botha,Johannes Christoffel,George,retain,No affirmative source-note count or claim-scope contradiction identified.,4,,28533;28534;28535;28536,,David
1976,Schoeman ,Jacobus Johannes,George,retain,No affirmative source-note count or claim-scope contradiction identified.,2,,29955;29956,,
1977,Schoeman,Willem Hendrik,George,retain,No affirmative source-note count or claim-scope contradiction identified.,1,,29954,,
1978,Schutte ,Christiaan Ernst,George,retain,No affirmative source-note count or claim-scope contradiction identified.,4,,29963;29964;29965;29966,,
1979,Du Plessis ,Daniel Jacobus,George,retain,No affirmative source-note count or claim-scope contradiction identified.,2,,28828;28829,,Gert ?
1980,Maree,Johannes Petrus,George,retain,No affirmative source-note count or claim-scope contradiction identified.,2,,29298;29299,,Pieter ?
1981,Botha,Theunis Jacobus,George,retain,No affirmative source-note count or claim-scope contradiction identified.,5,,28613;28614;28615;28616;28617,,Philip
1982,Botha,David Hercules,George,retain,No affirmative source-note count or claim-scope contradiction identified.,2,,28497;28498,,Philip
1983,Botha,Christoffel Jacobus,George,retain,No affirmative source-note count or claim-scope contradiction identified.,2,,28469;28470,,Philip
1984,Van der Westhuyzen ,Johannes Mattheus,George,retain,No affirmative source-note count or claim-scope contradiction identified.,2,,30143;30144,,
1985,De la Rey,Pieter,George,retain,No affirmative source-note count or claim-scope contradiction identified.,21,,28786;28787;28788;28789;28790;28791;28792;28793;28794;28795;28796;28797;28798;28799;28800;28801;28802;28803;28804;28805;28806,,
1986,Terblanche,Daniel,George,retain,No affirmative source-note count or claim-scope contradiction identified.,13,,30032;30033;30034;30035;30036;30037;30038;30039;30040;30041;30042;30043;30044,,sv J.
1989,Botha,Louis Johannes,George,retain,No affirmative source-note count or claim-scope contradiction identified.,8,,28539;28540;28541;28542;28543;28544;28545;28546,,
1990,Botha,Louis Johannes,George,retain,No affirmative source-note count or claim-scope contradiction identified.,13,,28547;28548;28549;28550;28551;28552;28553;28554;28555;28556;28557;28558;28559,Born in this colony,
1991,Botha,Petrus Jacobus,George,retain,No affirmative source-note count or claim-scope contradiction identified.,3,,28566;28567;28568,,sv Louis
1992,Botha,David Hercules,George,retain,No affirmative source-note count or claim-scope contradiction identified.,7,,28471;28472;28473;28474;28475;28476;28477,,
1994,Strydom,Coenraad,George,retain,No affirmative source-note count or claim-scope contradiction identified.,5,,30002;30003;30004;30005;30006,,
1995,Lategan,Jan Hendrik,George,exclude,Explicit note adds Hendrik and says three slaves but two recorded.,2,3,29215;29216,"Plus Hendrik, 3 slawe",
1998,Smit,Antony Christoffel,George,retain,No affirmative source-note count or claim-scope contradiction identified.,1,,29972,,
2,Du Plooy,Cornelis Michiel,Beaufort,retain,No affirmative source-note count or claim-scope contradiction identified.,4,,36014;36015;36016;36017,"sickly, forbidden to carry weight || broken leg, coachman - horsewagon || very inferior, mind the soup pot || a strong Mozambicque",
2000,Fourie,Ockert,George,retain,No affirmative source-note count or claim-scope contradiction identified.,7,,28956;28957;28958;28959;28960;28961;28962,,sv Louis
2001,Fourie,Stephanus,George,retain,No affirmative source-note count or claim-scope contradiction identified.,5,,28963;28964;28965;28966;28967,,sv Louis
2002,Rademeyer,Jacobus Coenraad,George,retain,No affirmative source-note count or claim-scope contradiction identified.,7,,29747;29748;29749;29750;29751;29752;29753,,
2003,Fourie,Louis,George,retain,No affirmative source-note count or claim-scope contradiction identified.,1,,28955,,sv Louis
2004,Pretorius,Frederik Johannes,George,retain,No affirmative source-note count or claim-scope contradiction identified.,1,,29689,,
2005,Nel,Louis,George,exclude,explicit_external_slave_count_differs_from_local_rows,2,1,29592;29593,1 SLAAF,sv Johannes
2007,"Kotze, wed",Jacobus Ernst,George,retain,No affirmative source-note count or claim-scope contradiction identified.,1,,29162,,
2008,Meyer,Nicolaas,George,retain,No affirmative source-note count or claim-scope contradiction identified.,16,,29501;29502;29503;29504;29505;29506;29507;29508;29509;29510;29511;29512;29513;29514;29515;29516,Jacobus en Gerrit Hendrik Meyer,so Nicolaas
2011,Lategan,Hendrik Willem,George,retain,No affirmative source-note count or claim-scope contradiction identified.,10,,29205;29206;29207;29208;29209;29210;29211;29212;29213;29214,,
2013,Schoeman,Stephanus,George,retain,No affirmative source-note count or claim-scope contradiction identified.,15,,29931;29932;29933;29934;29935;29936;29937;29938;29939;29940;29941;29942;29943;29944;29945,,
2014,Schoeman,Stephanus Gerhardus,George,retain,No affirmative source-note count or claim-scope contradiction identified.,1,,29946,,
2015,Schoeman,Hendrik wed,George,retain,No affirmative source-note count or claim-scope contradiction identified.,7,,29896;29897;29898;29899;29900;29901;29902,,
2016,Schoeman,Stephanus,George,retain,No affirmative source-note count or claim-scope contradiction identified.,4,,29950;29951;29952;29953,,sv Steph
2017,Schoeman,Johannes Hendrik,George,retain,No affirmative source-note count or claim-scope contradiction identified.,19,,29906;29907;29908;29909;29910;29911;29912;29913;29914;29915;29916;29917;29918;29919;29920;29921;29922;29923;29924,FOUTiEF,J
2019,Schoeman,Johannes Hendrik,George,retain,No affirmative source-note count or claim-scope contradiction identified.,1,,29925,,J?
2021,Rademeyer,Cornelis Petrus,George,retain,No affirmative source-note count or claim-scope contradiction identified.,20,,29727;29728;29729;29730;29731;29732;29733;29734;29735;29736;29737;29738;29739;29740;29741;29742;29743;29744;29745;29746,,
2022,Bezuidenhout,Cornelis,George,retain,No affirmative source-note count or claim-scope contradiction identified.,2,,28429;28430,,sv Wynand
2023,Van Biljon,Gerrit. Sv Gerrit,George,retain,No affirmative source-note count or claim-scope contradiction identified.,3,,30120;30121;30122,Iets strook nie!,
2024,Marneweek,Johan Coenraad,George,retain,No affirmative source-note count or claim-scope contradiction identified.,10,,29301;29302;29303;29304;29305;29306;29307;29308;29309;29310,,
2025,Scheepers,Petrus Jacobus,George,retain,No affirmative source-note count or claim-scope contradiction identified.,5,,29890;29891;29892;29893;29894,,sv Gerrit
2027,Schoeman,Hendrik,George,retain,No affirmative source-note count or claim-scope contradiction identified.,2,,29903;29904,,sv J
2028,Schoeman,Hendrik Jacobus,George,retain,No affirmative source-note count or claim-scope contradiction identified.,1,,29895,,sv Hdk
2029,Van Rooyen,Ignatius Michiel,George,exclude,"Explicit note states there are additional slaves: Swemmer, nog ander slawe; local claim scope unresolved.",13,,30269;30270;30271;30272;30273;30274;30275;30276;30277;30278;30279;30280;30281,"Swemmer, nog ander slawe",
2030,Delport,Jacobus Petrus,George,review,"Source has additional party, claimant, payment-recipient or cross-reference wording; no affirmative UCL/BPP count or additional-slave contradiction established. Do not exclude merely for creditor/recipient names.",9,,28808;28809;28810;28811;28812;28813;28814;28815;28816,Plus FG Wolmarans,
2031,Scheepers,Evert Phillip,George,retain,No affirmative source-note count or claim-scope contradiction identified.,11,,29862;29863;29864;29865;29866;29867;29868;29869;29870;29871;29872,,
2032,Verwey,Cornelis Tobias,George,retain,No affirmative source-note count or claim-scope contradiction identified.,2,,30337;30338,,
2033,Otto,Engela Eliz,George,retain,No affirmative source-note count or claim-scope contradiction identified.,3,,29657;29658;29659,,weduwee
2034,Le Roux ,Gabriel Johannes,George,retain,No affirmative source-note count or claim-scope contradiction identified.,1,,29245,,
2036,Bekker / Botha,Stephanus,George,retain,No affirmative source-note count or claim-scope contradiction identified.,1,,28421,,
2037,Le Roux ,Gabriel Christiaan,George,retain,No affirmative source-note count or claim-scope contradiction identified.,14,,29231;29232;29233;29234;29235;29236;29237;29238;29239;29240;29241;29242;29243;29244,,
2039,Scheepers,Gideon,George,retain,No affirmative source-note count or claim-scope contradiction identified.,7,,29873;29874;29875;29876;29877;29878;29879,,
2040,Snyman,Louis Johannes,George,retain,No affirmative source-note count or claim-scope contradiction identified.,4,,29977;29978;29979;29980,,
2041,Kleinhans,Theodorus Ernst,Uitenhage,retain,No affirmative source-note count or claim-scope contradiction identified.,1,,33099,Winterhoek,s Joh.
2041,Kleynhans,Theodorus Ernst,George,retain,No affirmative source-note count or claim-scope contradiction identified.,2,,29144;29145,,
2042,Botha,Phillip wed,George,retain,No affirmative source-note count or claim-scope contradiction identified.,6,,28599;28600;28601;28602;28603;28604,Hermina Catharina Kleynhans,
2044,Van Wyk,Louis Jacobus,George,retain,No affirmative source-note count or claim-scope contradiction identified.,1,,30333,,
2045,Van Rooyen,Jan Hendrik,George,retain,No affirmative source-note count or claim-scope contradiction identified.,1,,30282,,
2046,Marneweek,Johannes,George,retain,No affirmative source-note count or claim-scope contradiction identified.,13,,29311;29312;29313;29314;29315;29316;29317;29318;29319;29320;29321;29322;29323,,
2048,Boshoff,Christiaan Hendrik,George,retain,No affirmative source-note count or claim-scope contradiction identified.,2,,28448;28449,,
2049,Boshoff,Willem Hendrik,George,retain,No affirmative source-note count or claim-scope contradiction identified.,10,,28453;28454;28455;28456;28457;28458;28459;28460;28461;28462,Aan CC de Jager UCL,
2054,Gericke,Johan Godfried,George,retain,No affirmative source-note count or claim-scope contradiction identified.,6,,28987;28988;28989;28990;28991;28992,,
2055,Gericke,Hendrik Sebastian,George,retain,No affirmative source-note count or claim-scope contradiction identified.,1,,28983,,
2056,Botha,Petrus Johannes,George,retain,No affirmative source-note count or claim-scope contradiction identified.,19,,28569;28570;28571;28572;28573;28574;28575;28576;28577;28578;28579;28580;28581;28582;28583;28584;28585;28586;28587,,
2058,Botha,Frederik,George,retain,No affirmative source-note count or claim-scope contradiction identified.,10,,28499;28500;28501;28502;28503;28504;28505;28506;28507;28508,,
2059,Botha,Martinus Christiaan,George,retain,No affirmative source-note count or claim-scope contradiction identified.,6,,28560;28561;28562;28563;28564;28565,,
2061,Botha,Jacobus,George,retain,No affirmative source-note count or claim-scope contradiction identified.,1,,28527,,so Jacobus
2064,De Swart,Andries Johannes,George,retain,No affirmative source-note count or claim-scope contradiction identified.,1,,28807,Thomas Barry UCL,
2065,Boshoff,Adam,George,retain,No affirmative source-note count or claim-scope contradiction identified.,12,,28436;28437;28438;28439;28440;28441;28442;28443;28444;28445;28446;28447,,
2067,Lamprecht,Johan Christiaan,George,retain,No affirmative source-note count or claim-scope contradiction identified.,3,,29195;29196;29197,,
2068,Kocke,Maria Willemina,George,retain,No affirmative source-note count or claim-scope contradiction identified.,4,,29148;29149;29150;29151,en John Fletcher Richardson,
2072,Botha,Jacobus Johannes,George,retain,No affirmative source-note count or claim-scope contradiction identified.,6,,28521;28522;28523;28524;28525;28526,,
2073,Botha,Jan Hendrik,George,retain,No affirmative source-note count or claim-scope contradiction identified.,1,,28528,,
2076,Oelofse,Nicolaas Jacobus,George,retain,No affirmative source-note count or claim-scope contradiction identified.,1,,29621,,
2077,De Jager,"Hans Jurie,so  Christ.",George,retain,No affirmative source-note count or claim-scope contradiction identified.,3,,28772;28773;28774,,
2078,Marais,Daniel Petrus,George,retain,No affirmative source-note count or claim-scope contradiction identified.,10,,29280;29281;29282;29283;29284;29285;29286;29287;29288;29289,,
2079,Van Rooyen,Gerrit Thomas,George,retain,No affirmative source-note count or claim-scope contradiction identified.,7,,30253;30254;30255;30256;30257;30258;30259,,so Matthys
2080,Ferreira,Ignatius Wilhelmus,George,retain,No affirmative source-note count or claim-scope contradiction identified.,8,,28888;28889;28890;28891;28892;28893;28894;28895,,
2082,Van Rooyen,Martinus,George,retain,No affirmative source-note count or claim-scope contradiction identified.,2,,30291;30292,,oorlede
2083,Van Staden,Hendrik,George,retain,No affirmative source-note count or claim-scope contradiction identified.,3,,30311;30312;30313,,oorlede
2084,Terblanche,Pieter,George,retain,No affirmative source-note count or claim-scope contradiction identified.,2,,30097;30098,,so Stephanus
2085,Barnard,Hendrik,George,retain,No affirmative source-note count or claim-scope contradiction identified.,1,,28353,,
2086,Prinsloo,Joachim,Uitenhage,retain,No affirmative source-note count or claim-scope contradiction identified.,12,,33434;33435;33436;33437;33438;33439;33440;33441;33442;33443;33444;33445,Sondagsrivier,s Joachim
2086,Prinsloo,Joachim Johannes,George,retain,No affirmative source-note count or claim-scope contradiction identified.,9,,29690;29691;29692;29693;29694;29695;29696;29697;29698,,
2087,Van Rensburg,Philip Martinus Janse,George,retain,No affirmative source-note count or claim-scope contradiction identified.,2,,30225;30226,,
2088,Boshoff,Willem Hendrik,George,retain,No affirmative source-note count or claim-scope contradiction identified.,2,,28463;28464,,
2089,Fourie,David Hermanus,George,retain,No affirmative source-note count or claim-scope contradiction identified.,7,,28968;28969;28970;28971;28972;28973;28974,Willem Gerhardus Olivier en Jacob Pieter Swemmer,
2090,Barkhuizen,Nicolaas Jacobus,George,retain,No affirmative source-note count or claim-scope contradiction identified.,8,,28336;28337;28338;28339;28340;28341;28342;28343,,
2091,Vermaak,Salomon,George,retain,No affirmative source-note count or claim-scope contradiction identified.,3,,30334;30335;30336,,so Gerrit
2092,Lindeque,Petrus,George,retain,No affirmative source-note count or claim-scope contradiction identified.,1,,29273,,
2093,Van Rooyen,Johannes Cornelis,George,retain,No affirmative source-note count or claim-scope contradiction identified.,8,,30283;30284;30285;30286;30287;30288;30289;30290,,so G.
2094,Smit,Erasmus,George,retain,No affirmative source-note count or claim-scope contradiction identified.,2,,29973;29974,,
2095,Cilliers,Sara Petronella,George,retain,No affirmative source-note count or claim-scope contradiction identified.,1,,28720,Weduwee du Plessis,
2096,Muller,Anton Michiel,George,retain,No affirmative source-note count or claim-scope contradiction identified.,11,,29537;29538;29539;29540;29541;29542;29543;29544;29545;29546;29547,,
2097,Barnard,Hendrik Christoffel,George,retain,No affirmative source-note count or claim-scope contradiction identified.,11,,28354;28355;28356;28357;28358;28359;28360;28361;28362;28363;28364,,
2098,Van Rooyen,Ignatius Marthinus,George,retain,No affirmative source-note count or claim-scope contradiction identified.,5,,30264;30265;30266;30267;30268,,
2099,Van Rooyen,Gerrit,George,retain,No affirmative source-note count or claim-scope contradiction identified.,4,,30260;30261;30262;30263,weduwee is Johanna Elizabeth de Buys,oorlede
21,Baird,John,Beaufort,retain,No affirmative source-note count or claim-scope contradiction identified.,2,,35889;35890,"a fine powerful man, takes care of horses || Mozambique, grey and looks older than registered age",
2100,Van Rooyen,Gerrit Hendrik,George,retain,No affirmative source-note count or claim-scope contradiction identified.,9,,30244;30245;30246;30247;30248;30249;30250;30251;30252,,
2102,Campher,Roelof,George,retain,No affirmative source-note count or claim-scope contradiction identified.,8,,28686;28687;28688;28689;28690;28691;28692;28693,,
2103,Van Rooyen,Petrus Hendrik,George,retain,No affirmative source-note count or claim-scope contradiction identified.,5,,30293;30294;30295;30296;30297,,
2104,De Buys,Johannes,George,retain,No affirmative source-note count or claim-scope contradiction identified.,3,,28769;28770;28771,,
2105,Van Rensburg,Johannes Helgard Janse,George,retain,No affirmative source-note count or claim-scope contradiction identified.,3,,30206;30207;30208,,
2106,Barnard,Jan Hendrik,George,retain,No affirmative source-note count or claim-scope contradiction identified.,2,,28408;28409,,so HC
2108,Terblanche,Stephanus Esias,George,retain,No affirmative source-note count or claim-scope contradiction identified.,2,,30112;30113,,so Johan E
2109,Lindeque,Ursula Magdalena,George,retain,No affirmative source-note count or claim-scope contradiction identified.,1,,29274,,
2110,Barkhuizen,Johanna Petronella,George,retain,No affirmative source-note count or claim-scope contradiction identified.,3,,28322;28323;28324,,
2111,Barkhuizen,Pieter Hendrik Carel,George,retain,No affirmative source-note count or claim-scope contradiction identified.,2,,28344;28345,,
2112,Lombard,Nicolaas Daniel,George,retain,No affirmative source-note count or claim-scope contradiction identified.,5,,29275;29276;29277;29278;29279,,
2113,Ehlers,Johannes Gerhardus,George,retain,No affirmative source-note count or claim-scope contradiction identified.,1,,28865,weduwee Louisa Frederika Heckman,oorlede
2114,Barkhuizen,Johannes Cornelis,George,retain,No affirmative source-note count or claim-scope contradiction identified.,11,,28325;28326;28327;28328;28329;28330;28331;28332;28333;28334;28335,,
2115,Scheepers,Jacobus,George,retain,No affirmative source-note count or claim-scope contradiction identified.,10,,29880;29881;29882;29883;29884;29885;29886;29887;29888;29889,,
2117,Grobbelaar,Hendrik Frederik,George,retain,No affirmative source-note count or claim-scope contradiction identified.,7,,28995;28996;28997;28998;28999;29000;29001,,
2119,Breed,Jacob Coenraad,George,retain,No affirmative source-note count or claim-scope contradiction identified.,9,,28655;28656;28657;28658;28659;28660;28661;28662;28663,,
2120,Zaaiman,Lambertus Petrus,George,retain,No affirmative source-note count or claim-scope contradiction identified.,15,,30443;30444;30445;30446;30447;30448;30449;30450;30451;30452;30453;30454;30455;30456;30457,,
2122,Erasmus,Daniel Jacobus,George,retain,No affirmative source-note count or claim-scope contradiction identified.,7,,28867;28868;28869;28870;28871;28872;28873,,
2123,Van Vuuren,Johannes Janse,George,retain,No affirmative source-note count or claim-scope contradiction identified.,1,,30326,,
2124,Swanepoel,Pieter Frederik Rynier,George,retain,No affirmative source-note count or claim-scope contradiction identified.,3,,30029;30030;30031,Oorlede,
2125,Bezuidenhout,Jeremias Esias,George,retain,No affirmative source-note count or claim-scope contradiction identified.,1,,28431,,
2126,Botha,Frederik  [oorlede],George,retain,No affirmative source-note count or claim-scope contradiction identified.,6,,28509;28510;28511;28512;28513;28514,Hester Venter,
2127,Grobbelaar,Nicolaas Johannes,George,retain,No affirmative source-note count or claim-scope contradiction identified.,2,,29002;29003,,
2128,Botha,Frederik Albertus,George,retain,No affirmative source-note count or claim-scope contradiction identified.,1,,28515,Johannes Petrus Botha,sv J
2129,Schoeman,Stephanus Johannes,George,retain,No affirmative source-note count or claim-scope contradiction identified.,3,,29947;29948;29949,,
2130,Du Plessis ,Jacobus Petrus,George,retain,No affirmative source-note count or claim-scope contradiction identified.,3,,28839;28840;28841,,
2131,Klopper [s],Roelof Frederik wed,George,retain,No affirmative source-note count or claim-scope contradiction identified.,2,,29146;29147,,
2133,Bekker,Martinus Johannes,George,retain,No affirmative source-note count or claim-scope contradiction identified.,2,,28419;28420,,
2134,Schoeman,Johannes Jurie,George,retain,No affirmative source-note count or claim-scope contradiction identified.,4,,29926;29927;29928;29929,,so Stephanus
2138,Van der Merwe,Pieter Stephanus [oorlede],George,retain,No affirmative source-note count or claim-scope contradiction identified.,1,,30123,,
2139,Engelbrecht,Martha Magdalena,George,retain,No affirmative source-note count or claim-scope contradiction identified.,1,,28866,Weduwee van Meyer,
2140,Botha,Johannes P  [oorlede],George,retain,No affirmative source-note count or claim-scope contradiction identified.,1,,28537,Roelof Frederik Klopper,
2142,Campher,Roelof Petrus Johannes,George,review,"Source has additional party, claimant, payment-recipient or cross-reference wording; no affirmative UCL/BPP count or additional-slave contradiction established. Do not exclude merely for creditor/recipient names.",26,,28694;28695;28696;28697;28698;28699;28700;28701;28702;28703;28704;28705;28706;28707;28708;28709;28710;28711;28712;28713;28714;28715;28716;28717;28718;28719,plus Roelof Campher en Amerentia Botha,
2143,Van Rooyen,Thomas Philip,George,retain,No affirmative source-note count or claim-scope contradiction identified.,2,,30309;30310,,
2144,Raubenheimer,Hendrik Jacobus,George,retain,No affirmative source-note count or claim-scope contradiction identified.,3,,29784;29785;29786,,
2146,Heyns,Johan Matthys,George,retain,No affirmative source-note count or claim-scope contradiction identified.,7,,29095;29096;29097;29098;29099;29100;29101,,
2148,Rademeyer,Anna Margaretha,George,retain,No affirmative source-note count or claim-scope contradiction identified.,7,,29710;29711;29712;29713;29714;29715;29716,,
2149,Greeff,Willem Hendrik,George,exclude,explicit_external_slave_count_differs_from_local_rows,2,3,28993;28994,"UCL 3 slawe, weduwee",oorlede
2150,Du Preez,Hercules,George,retain,No affirmative source-note count or claim-scope contradiction identified.,6,,28848;28849;28850;28851;28852;28853,wed Hester Petronella Heyns,oorlede
2151,Du Preez,Hercules Salomon,George,retain,No affirmative source-note count or claim-scope contradiction identified.,1,,28847,,
2152,Massyn,Frans Christiaan,George,retain,No affirmative source-note count or claim-scope contradiction identified.,5,,29336;29337;29338;29339;29340,,
2153,Olivier,Ockert Johannes,George,retain,No affirmative source-note count or claim-scope contradiction identified.,1,,29632,,
2155,Lategan,Gerhardus Petrus,George,retain,No affirmative source-note count or claim-scope contradiction identified.,5,,29200;29201;29202;29203;29204,,oorlede
2156,Lategan,Andries Willem,George,retain,No affirmative source-note count or claim-scope contradiction identified.,2,,29198;29199,wed MH Zimmerman UCL,
2159,Scholtz,Johannes Frederik,George,retain,No affirmative source-note count or claim-scope contradiction identified.,6,,29957;29958;29959;29960;29961;29962,,
2160,Raubenheimer,Johan Adam Christoffel,George,retain,No affirmative source-note count or claim-scope contradiction identified.,10,,29787;29788;29789;29790;29791;29792;29793;29794;29795;29796,,
2161,Raubenheimer,Petrus Jacobus,George,retain,No affirmative source-note count or claim-scope contradiction identified.,9,,29797;29798;29799;29800;29801;29802;29803;29804;29805,,
2162,Vivier,Johan Andries,George,retain,No affirmative source-note count or claim-scope contradiction identified.,10,,30361;30362;30363;30364;30365;30366;30367;30368;30369;30370,Unsure of name,
2163,Swanepoel,Johannes Godlieb,George,retain,No affirmative source-note count or claim-scope contradiction identified.,10,,30019;30020;30021;30022;30023;30024;30025;30026;30027;30028,,
2164,Raubenheimer,George Frederik,George,retain,No affirmative source-note count or claim-scope contradiction identified.,6,,29778;29779;29780;29781;29782;29783,,
2165,Steyn,Jacobus Marthinus,George,retain,No affirmative source-note count or claim-scope contradiction identified.,2,,29994;29995,,
2167,Du Plessis,Jacobus,Uitenhage,retain,No affirmative source-note count or claim-scope contradiction identified.,8,,32828;32829;32830;32831;32832;32833;32834;32835,,s Jacobus
2167,Du Plessis ,Jacobus Lodewicus,George,retain,No affirmative source-note count or claim-scope contradiction identified.,9,,28830;28831;28832;28833;28834;28835;28836;28837;28838,,
2168,Botha,Roelof Cornelis,George,retain,No affirmative source-note count or claim-scope contradiction identified.,8,,28605;28606;28607;28608;28609;28610;28611;28612,,
2169,Nortje,Petrus,George,retain,No affirmative source-note count or claim-scope contradiction identified.,4,,29617;29618;29619;29620,,
2170,Boshoff,Johannes Jacobus,George,retain,No affirmative source-note count or claim-scope contradiction identified.,1,,28452,,
2171,Du Plessis ,Sarel Petrus,George,retain,No affirmative source-note count or claim-scope contradiction identified.,5,,28842;28843;28844;28845;28846,,
2172,Van Rensburg,Jacobus Janse,George,retain,No affirmative source-note count or claim-scope contradiction identified.,3,,30199;30200;30201,,
2173,Steyn,Jacobus Johannes Philippus,George,retain,No affirmative source-note count or claim-scope contradiction identified.,6,,29988;29989;29990;29991;29992;29993,,
2174,Koen,Martinus Christoffel,George,retain,No affirmative source-note count or claim-scope contradiction identified.,8,,29152;29153;29154;29155;29156;29157;29158;29159,,
2177,Wehmeyer,Bernard Matthys,George,retain,No affirmative source-note count or claim-scope contradiction identified.,5,,30387;30388;30389;30390;30391,,
2178,Bulter,Frans Diederik,George,retain,No affirmative source-note count or claim-scope contradiction identified.,9,,28664;28665;28666;28667;28668;28669;28670;28671;28672,Catharina Elizabeth Zondag,oorlede
2179,Van Staden,Martinus,George,retain,No affirmative source-note count or claim-scope contradiction identified.,12,,30314;30315;30316;30317;30318;30319;30320;30321;30322;30323;30324;30325,,
2180,Zondagh,Matthys,George,retain,No affirmative source-note count or claim-scope contradiction identified.,20,,30466;30467;30468;30469;30470;30471;30472;30473;30474;30475;30476;30477;30478;30479;30480;30481;30482;30483;30484;30485,,sr
2181,Zondagh,Matthys Petrus,George,retain,No affirmative source-note count or claim-scope contradiction identified.,6,,30460;30461;30462;30463;30464;30465,,
2182,Heyns,Michiel,George,retain,No affirmative source-note count or claim-scope contradiction identified.,10,,29111;29112;29113;29114;29115;29116;29117;29118;29119;29120,,sr
2183,Heyns,Gerrit Frederik,George,retain,No affirmative source-note count or claim-scope contradiction identified.,15,,29009;29010;29011;29012;29013;29014;29015;29016;29017;29018;29019;29020;29021;29022;29023,,
2184,Heyns,Matthys Hendrik,George,retain,No affirmative source-note count or claim-scope contradiction identified.,9,,29102;29103;29104;29105;29106;29107;29108;29109;29110,,so Michiel
2185,Heyns,Jan Dirk,George,retain,No affirmative source-note count or claim-scope contradiction identified.,6,,29044;29045;29046;29047;29048;29049,,oorlede
2186,Heyns,Jan Dirk,George,retain,No affirmative source-note count or claim-scope contradiction identified.,20,,29024;29025;29026;29027;29028;29029;29030;29031;29032;29033;29034;29035;29036;29037;29038;29039;29040;29041;29042;29043,,
2187,Rautenbach,Petrus Frederik,George,retain,No affirmative source-note count or claim-scope contradiction identified.,1,,29817,,
2188,Rautenbach,George Frederik,George,retain,No affirmative source-note count or claim-scope contradiction identified.,11,,29806;29807;29808;29809;29810;29811;29812;29813;29814;29815;29816,,
2189,Rademeyer,Jacobus Ignatius,George,review,"Source has additional party, claimant, payment-recipient or cross-reference wording; no affirmative UCL/BPP count or additional-slave contradiction established. Do not exclude merely for creditor/recipient names.",23,,29754;29755;29756;29757;29758;29759;29760;29761;29762;29763;29764;29765;29766;29767;29768;29769;29770;29771;29772;29773;29774;29775;29776,"Pieter Voltelen van der Byl, mede-eiser",
2190,Ferreira,Petrus Salomon,George,retain,No affirmative source-note count or claim-scope contradiction identified.,8,,28906;28907;28908;28909;28910;28911;28912;28913,,
2191,Ferreira,Ignatius Leopold,George,retain,No affirmative source-note count or claim-scope contradiction identified.,9,,28877;28878;28879;28880;28881;28882;28883;28884;28885,,
2192,Ferreira,Antony Michiel,George,retain,No affirmative source-note count or claim-scope contradiction identified.,3,,28874;28875;28876,,
2193,Ferreira,Stephanus Cornelis,George,retain,No affirmative source-note count or claim-scope contradiction identified.,14,,28937;28938;28939;28940;28941;28942;28943;28944;28945;28946;28947;28948;28949;28950,,so S.
2194,Ferreira,Stephanus,George,retain,No affirmative source-note count or claim-scope contradiction identified.,23,,28914;28915;28916;28917;28918;28919;28920;28921;28922;28923;28924;28925;28926;28927;28928;28929;28930;28931;28932;28933;28934;28935;28936,23 slawe by UCL,
2195,Rademeyer,Cornelis,George,retain,No affirmative source-note count or claim-scope contradiction identified.,10,,29717;29718;29719;29720;29721;29722;29723;29724;29725;29726,,
2196,Strydom,Daniel Jacobus,George,retain,No affirmative source-note count or claim-scope contradiction identified.,1,,30007,,
2197,Strydom,Johannes Petrus,George,retain,No affirmative source-note count or claim-scope contradiction identified.,7,,30012;30013;30014;30015;30016;30017;30018,,
2198,Strydom,Hercules Tobias,George,retain,No affirmative source-note count or claim-scope contradiction identified.,4,,30008;30009;30010;30011,,
2199,Prinsloo,Nicolaas Mattheus,George,retain,No affirmative source-note count or claim-scope contradiction identified.,4,,29699;29700;29701;29702,weduwee,oorlede
22,Lotriet,Jacob Frederik,Beaufort,retain,No affirmative source-note count or claim-scope contradiction identified.,2,,36194;36195,strong …. Epilepsy,
2200,Kritzinger,Hendrik,George,retain,No affirmative source-note count or claim-scope contradiction identified.,2,,29164;29165,,
2201,Kritzinger,Johan Andries,George,retain,No affirmative source-note count or claim-scope contradiction identified.,11,,29167;29168;29169;29170;29171;29172;29173;29174;29175;29176;29177,,jr
2202,Kritzinger,Johan Andries,George,retain,No affirmative source-note count or claim-scope contradiction identified.,4,,29178;29179;29180;29181,weduwee,oorlede
2203,Kritzinger,Jan Jacob,George,retain,No affirmative source-note count or claim-scope contradiction identified.,1,,29166,,
2204,Olivier,Ockert,George,retain,No affirmative source-note count or claim-scope contradiction identified.,8,,29633;29634;29635;29636;29637;29638;29639;29640,,so Ockert
2205,Olivier,Michiel,George,retain,No affirmative source-note count or claim-scope contradiction identified.,1,,29631,,
2206,Ferreira,Petrus Hendrik jr,George,retain,No affirmative source-note count or claim-scope contradiction identified.,6,,28896;28897;28898;28899;28900;28901,,
2207,Ferreira,Petrus Hendrik Sr,George,retain,No affirmative source-note count or claim-scope contradiction identified.,4,,28902;28903;28904;28905,,
2208,Gerber,Petrus Frederik,George,retain,No affirmative source-note count or claim-scope contradiction identified.,2,,28979;28980,,
2209,Gerber,Hendrik,George,retain,No affirmative source-note count or claim-scope contradiction identified.,4,,28975;28976;28977;28978,"Maria Magdalena Terblanche, wed",oorlede
2210,Minnie,Theodorus Cornelis,George,retain,No affirmative source-note count or claim-scope contradiction identified.,6,,29521;29522;29523;29524;29525;29526,,
2348,Oosthuysen,Jacobus Nicolaas,Uitenhage,retain,No affirmative source-note count or claim-scope contradiction identified.,8,,33367;33368;33369;33370;33371;33372;33373;33374,Boesmansrivier,
2364,Van Rensburg,Jacobus Janse,George,retain,No affirmative source-note count or claim-scope contradiction identified.,4,,30202;30203;30204;30205,,
24,Latskie,Jan,Beaufort,retain,No affirmative source-note count or claim-scope contradiction identified.,1,,36190,a small woman,
26,Britz,Ockert,Beaufort,retain,No affirmative source-note count or claim-scope contradiction identified.,2,,35933;35934,"healthy || BPP=2, a Mozambique … servant …….. good looking",so Pieter
2790,Van Niekerk,Jacobus Johannes,Stellenbosch,retain,No affirmative source-note count or claim-scope contradiction identified.,4,,19450;19451;19452;19453,EIS 2.5.1837,Dz
28,Myburg,Petrus Abraham,Beaufort,retain,No affirmative source-note count or claim-scope contradiction identified.,1,,36221,,
29,Van der Westhuizen,Wiltsche,Beaufort,retain,No affirmative source-note count or claim-scope contradiction identified.,5,,36354;36355;36356;36357;36358,defective eye || healthy || Susanna Francina Coorse,so W
2959,Prinsloo,Martinus Petrus,Uitenhage,retain,No affirmative source-note count or claim-scope contradiction identified.,1,,33446,Winterhoek,s Nic.
3,Swanepoel,Jan Abraham,Beaufort,retain,No affirmative source-note count or claim-scope contradiction identified.,1,,36285,"small thin black, subject to sinkings",
30,Koortze,Barend Johannes,Beaufort,retain,No affirmative source-note count or claim-scope contradiction identified.,2,,36180;36181,rather intelligent,
3038,Strumpher,Jan Willem,Worcester,retain,No affirmative source-note count or claim-scope contradiction identified.,1,,22158,,oorlede
3039,Kirstein,Carel Frederik,Worcester,retain,No affirmative source-note count or claim-scope contradiction identified.,1,,21287,,
3043,De Vries,Boudewyn Homberg,Worcester,retain,No affirmative source-note count or claim-scope contradiction identified.,1,,20409,,
3045,De Jong,Willem,Worcester,retain,No affirmative source-note count or claim-scope contradiction identified.,1,,20223,Elizabeth Frederika de Jong,oorlede?
3047,Seyffert,Hermanus,Worcester,review,"Source has additional party, claimant, payment-recipient or cross-reference wording; no affirmative UCL/BPP count or additional-slave contradiction established. Do not exclude merely for creditor/recipient names.",1,,21975,ook Christiaan Christoffel Muller,sv Jan
3049,Seyffert,Weduwee van S.,Worcester,retain,No affirmative source-note count or claim-scope contradiction identified.,1,,21980,Maria Elizabeth Swanevelder,
3052,Conradie,Daniel Jacobus,Worcester,retain,No affirmative source-note count or claim-scope contradiction identified.,3,,20144;20145;20146,,sv Pieter
3054,De Vries,Isaac Daniel,Worcester,retain,No affirmative source-note count or claim-scope contradiction identified.,1,,20431,,sv Isaac
3056,De Vries,Frederik Johannes,Worcester,retain,No affirmative source-note count or claim-scope contradiction identified.,1,,20410,,sv Isaac
3072,Du Toit,Philippus Petrus,Worcester,retain,No affirmative source-note count or claim-scope contradiction identified.,4,,20841;20842;20843;20844,oorlede,sv Phil.
3075,Botha,Daniel Stephanus,Worcester,retain,No affirmative source-note count or claim-scope contradiction identified.,2,,19860;19861,Groot Eiland van die Smalblaarsrivier || Groot Eiland van die Smalblaarsrivier; en PB Botha,sv PB
3079,Le Roux,Philippus,Worcester,retain,No affirmative source-note count or claim-scope contradiction identified.,1,,21404,Pieter Josua le Roux,sr
3081,Erasmus,Philippus Lodewicus,Worcester,retain,No affirmative source-note count or claim-scope contradiction identified.,1,,20946,geleë in die Goudini,sv Ph.
3084,Le Roux,Pieter Josua,Worcester,exclude,explicit_external_slave_count_differs_from_local_rows;explicit_scope_or_joint_claim_note,1,8,21405,UCL toon 8 slawe vir Hercules Johannes du Preez; sien volgende nommer op lys,sv Ph.
3087,Du Plessis,Philippus Andries,Worcester,retain,No affirmative source-note count or claim-scope contradiction identified.,3,,20589;20590;20591,,sv Andries
3093,Viljoen,Frederik Daniel,Worcester,retain,No affirmative source-note count or claim-scope contradiction identified.,1,,22862,CF Scholtz,sv Pieter
3094,Du Plessis,Johannes Petrus,Worcester,retain,No affirmative source-note count or claim-scope contradiction identified.,1,,20588,Susanna Johanna de Wet; Daniel Jacobus de Wit,oorlede
3095,Du Plessis,Johannes Hendrik,Worcester,retain,No affirmative source-note count or claim-scope contradiction identified.,2,,20586;20587,,sv Dl.
31,Marais,Johannes Stephanus,Beaufort,exclude,explicit_external_slave_count_differs_from_local_rows,2,1,36201;36202,rather intelligent || Only 1 enslaved UCL,so Johannes
3103,Smith,Philippus Jacobus,Worcester,retain,No affirmative source-note count or claim-scope contradiction identified.,1,,22076,"Mozambique Afrikaander, bruin van kleur",sv Ph. Jac.
3106,Hugo,Pieter Jacobus,Worcester,retain,No affirmative source-note count or claim-scope contradiction identified.,1,,21142,,sv Pieter
3107,Hugo,Wouter,Worcester,retain,No affirmative source-note count or claim-scope contradiction identified.,1,,21160,,sv Jacobus
3117,Marais,Jacobus Daniel,Worcester,retain,No affirmative source-note count or claim-scope contradiction identified.,1,,21550,,sv Charl
3119,Hugo,Jacob Arnoldus,Worcester,retain,No affirmative source-note count or claim-scope contradiction identified.,2,,21075;21076,"weduwee Margaretha Jacoba Theron, hy sterf 11.2.1837",sv Pieter
3120,Malan,Daniel Stephanus,Worcester,retain,No affirmative source-note count or claim-scope contradiction identified.,1,,21464,,sv David
3121,Marais,Daniel Johannes,Worcester,retain,No affirmative source-note count or claim-scope contradiction identified.,1,,21490,,sv Ernst
3122,Olivier,Jan,Worcester,retain,No affirmative source-note count or claim-scope contradiction identified.,1,,21828,koetsier in die tweede klas,sv Andries
3130,Richter,Jan Gysbert,Worcester,review,Additional named claimant/payee or divided payment alone does not establish additional slaves or omitted valuations; retained.,1,,21942,verdeel met Christiaan Jacobus Botma,
3131,Du Plessis,Philippus Jacobus,Worcester,retain,No affirmative source-note count or claim-scope contradiction identified.,1,,20592,Dirk Jacobus Aspeling en Willem Nicolaas Vos,sv JA
3135,Theron,Jan  Daniel,Worcester,retain,No affirmative source-note count or claim-scope contradiction identified.,1,,22244,,
3149,Theron,Pieter Jac,Worcester,review,"Source has additional party, claimant, payment-recipient or cross-reference wording; no affirmative UCL/BPP count or additional-slave contradiction established. Do not exclude merely for creditor/recipient names.",1,,22343,wed Hilletje de Waal; eisers CE Niehaus en CF Scholtz,oorlede
3158,Du Plessis,Pieter Francois,Worcester,retain,No affirmative source-note count or claim-scope contradiction identified.,2,,20632;20633,,sv Jan Abr.
3162,Kruger,Carel Francois,Worcester,retain,No affirmative source-note count or claim-scope contradiction identified.,1,,21330,,
3165,Engela,Hendrik Stephanus,Worcester,retain,No affirmative source-note count or claim-scope contradiction identified.,1,,20891,,sv Steph.
3166,Van die Kaap,Dina Johanna,Worcester,retain,No affirmative source-note count or claim-scope contradiction identified.,1,,22725,Free Black,
3179,Mohr,Pieter Jacobus,Worcester,retain,No affirmative source-note count or claim-scope contradiction identified.,1,,21619,,sv Marcus N.
3187,Marais,Elisabeth Helena,Worcester,retain,No affirmative source-note count or claim-scope contradiction identified.,1,,21500,,
3190,Du Plessis,Jan Abraham,Worcester,retain,No affirmative source-note count or claim-scope contradiction identified.,1,,20577,"De Vaal ontvanger, wed Helena Elisabeth van der Merwe",oorlede
3198,De Klerk,Margaretha Maria,Worcester,retain,No affirmative source-note count or claim-scope contradiction identified.,1,,20260,,dv Johannes
3203,Liebenberg,Wilhelmina Christina,Worcester,retain,No affirmative source-note count or claim-scope contradiction identified.,1,,21442,,
3207,Smith,Christiaan Abel,Worcester,exclude,explicit_external_slave_count_differs_from_local_rows;same_UCL_and_exact_owner_in_multiple_districts,1,4,22041,4 slawe,sv Martinus
3211,Liebenberg,Andries Petrus Rudolf,Worcester,retain,No affirmative source-note count or claim-scope contradiction identified.,1,,21406,,sv Chr.
3212,Liebenberg,Christiaan Rudolf,Worcester,retain,No affirmative source-note count or claim-scope contradiction identified.,2,,21430;21431,Maria Magdalena Burger,oorlede
3213,Mouton,Andries Frederik,Worcester,retain,No affirmative source-note count or claim-scope contradiction identified.,1,,21642,,
3224,Mouton,Paul Andries,Worcester,retain,No affirmative source-note count or claim-scope contradiction identified.,1,,21643,,sv Paul
3227,Smit,Frans,Worcester,retain,No affirmative source-note count or claim-scope contradiction identified.,1,,21998,,sv Frans
3243,Walters,Hendrik Johannes,Worcester,retain,No affirmative source-note count or claim-scope contradiction identified.,1,,22984,,
3244,Van Wyk,Jan Abraham,Worcester,retain,No affirmative source-note count or claim-scope contradiction identified.,1,,22800,,sv Abraham
3247,Jooste,Johannes Cornelis,Worcester,retain,No affirmative source-note count or claim-scope contradiction identified.,2,,21214;21215,,
3255,Van der Merwe,Isaac Wilhelmus,Worcester,retain,No affirmative source-note count or claim-scope contradiction identified.,1,,22538,,sv Carel
3265,Esterhuizen,Lodewyk Johannes Lourens,Worcester,retain,No affirmative source-note count or claim-scope contradiction identified.,2,,20992;20993,,
3267,Snyman,Frans Jacobus,Worcester,retain,No affirmative source-note count or claim-scope contradiction identified.,2,,22116;22117,,sv Gerrit
3268,Du Toit,Stephanus Francois,Worcester,retain,No affirmative source-note count or claim-scope contradiction identified.,1,,20867,,sv Charl
3269,Snyman,Catharina Elizabeth * 1818,Worcester,retain,No affirmative source-note count or claim-scope contradiction identified.,1,,22115,JCD Winterbach,
3271,Swanepoel,Johannes,Worcester,review,No person named in UCL according to annotation; no affirmative omitted-slave evidence.,1,,22169,Geen persoon gemeld in UCL,oorlede
3274,Van Rensburg,Hendrik Petrus Janse,Worcester,retain,No affirmative source-note count or claim-scope contradiction identified.,1,,22746,Begunstigdes: Jan Bernabe de la Bat en Jan Meiring,sv Wm.
3277,Van der Merwe,Daniel Stephanus,Worcester,retain,No affirmative source-note count or claim-scope contradiction identified.,1,,22466,,
3284,Hugo,Gabriel Francois,Worcester,retain,No affirmative source-note count or claim-scope contradiction identified.,1,,21074,,sv Pieter
3285,Erasmus,Lourens Petrus,Worcester,retain,No affirmative source-note count or claim-scope contradiction identified.,2,,20944;20945,,sv Philippus
3286,Bouwer,Pieter Coenraad,Worcester,retain,No affirmative source-note count or claim-scope contradiction identified.,1,,19941,,
3287,Jacobs,Stephanus,Worcester,retain,No affirmative source-note count or claim-scope contradiction identified.,2,,21169;21170,,sv P.
3288,Van Rensburg,Johannes Petrus Janse,Worcester,retain,No affirmative source-note count or claim-scope contradiction identified.,1,,22752,,
3305,Erasmus,Daniel Johannes,Worcester,review,"Source has additional party, claimant, payment-recipient or cross-reference wording; no affirmative UCL/BPP count or additional-slave contradiction established. Do not exclude merely for creditor/recipient names.",5,,20910;20911;20912;20913;20914,inferior || ook MM Jordaan,sv C.
3307,Rabie / Rabe,Johannes Christiaan,Worcester,retain,No affirmative source-note count or claim-scope contradiction identified.,1,,21906,,sv Joh.
3308,Du Toit,Philip Rudolph,Worcester,retain,No affirmative source-note count or claim-scope contradiction identified.,1,,20815,,
3309,Hugo,Thomas Arnoldus,Worcester,retain,No affirmative source-note count or claim-scope contradiction identified.,16,,21143;21144;21145;21146;21147;21148;21149;21150;21151;21152;21153;21154;21155;21156;21157;21158,inferior,
3310,Van der Vyver,Johannes Petrus,Worcester,retain,No affirmative source-note count or claim-scope contradiction identified.,12,,22700;22701;22702;22703;22704;22705;22706;22707;22708;22709;22710;22711,not appraised || inferior,sv Willem
3311,Kloppers,Cornelis Martinus,Worcester,retain,No affirmative source-note count or claim-scope contradiction identified.,1,,21289,inferior,sv
3312,Kloppers,Christiaan Petrus,Worcester,retain,No affirmative source-note count or claim-scope contradiction identified.,1,,21288,H Wicht,sv Johannes
3313,Du Plessis,Jacobus Stephanus,Worcester,retain,No affirmative source-note count or claim-scope contradiction identified.,10,,20567;20568;20569;20570;20571;20572;20573;20574;20575;20576,inferior,sv Carel
3314,Cilliers,Willem Adriaan,Worcester,retain,No affirmative source-note count or claim-scope contradiction identified.,7,,20078;20079;20080;20081;20082;20083;20084,,sv Abraham
3315,De Wet,Francois Johannes,Worcester,retain,No affirmative source-note count or claim-scope contradiction identified.,9,,20455;20456;20457;20458;20459;20460;20461;20462;20463,inferior,
3316,De Wet,Lourens Francois,Worcester,retain,No affirmative source-note count or claim-scope contradiction identified.,1,,20480,inferior,
3317,Wolfaart,Philippus Bernardus,Worcester,retain,No affirmative source-note count or claim-scope contradiction identified.,2,,23074;23075,,
3318,Marais,Ernst Lodewicus,Worcester,retain,No affirmative source-note count or claim-scope contradiction identified.,2,,21501;21502,Petrus Johannes du Plessis,sv Ernst
3319,Cloete,Johannes Hendrik,Worcester,review,"Source has additional party, claimant, payment-recipient or cross-reference wording; no affirmative UCL/BPP count or additional-slave contradiction established. Do not exclude merely for creditor/recipient names.",10,,20092;20093;20094;20095;20096;20097;20098;20099;20100;20101,inferior || plus Pieter Johannes du Plessis,sv Hendrik
3320,De Vries,Abraham Hermanus,Worcester,retain,No affirmative source-note count or claim-scope contradiction identified.,5,,20404;20405;20406;20407;20408,inferior,
3321,Van Biljon,Ernst Hendrik,Worcester,retain,No affirmative source-note count or claim-scope contradiction identified.,3,,22376;22377;22378,,
3322,Kok,Johan Andries,Worcester,retain,No affirmative source-note count or claim-scope contradiction identified.,1,,21290,,sv Andries
3323,Naude,Stephanus Francois,Worcester,retain,No affirmative source-note count or claim-scope contradiction identified.,12,,21681;21682;21683;21684;21685;21686;21687;21688;21689;21690;21691;21692,inferior || Martha Hendrina van der Merwe,
3324,Erasmus,Carel Stephanus,Worcester,retain,No affirmative source-note count or claim-scope contradiction identified.,3,,20899;20900;20901,inferior || inferior: Dit kan nie wees nie!!!!,sv Carel
3325,Du Toit,Hendrik Andries,Worcester,retain,No affirmative source-note count or claim-scope contradiction identified.,4,,20738;20739;20740;20741,inferior,sv Philip R.
3326,Rossouw,Gabriel,Worcester,retain,No affirmative source-note count or claim-scope contradiction identified.,4,,21954;21955;21956;21957,Maria Magdalena van As,oorlede
3327,Naude,David,Worcester,retain,No affirmative source-note count or claim-scope contradiction identified.,7,,21661;21662;21663;21664;21665;21666;21667,inferior,
3328,De Wet,Pieter Daniel,Worcester,retain,No affirmative source-note count or claim-scope contradiction identified.,7,,20481;20482;20483;20484;20485;20486;20487,Susanna Maryna du Toit,"sv Hendrik, oorlede"
3329,De Wet,Daniel Jacobus,Worcester,retain,No affirmative source-note count or claim-scope contradiction identified.,9,,20446;20447;20448;20449;20450;20451;20452;20453;20454,inferior,sv Hendrik
3330,Du Toit,Andries Stephanus,Worcester,retain,No affirmative source-note count or claim-scope contradiction identified.,1,,20699,eintlik Hendrina Christina de Wet; minderjarig,
3331,De Wet,Jacobus Stephanus,Worcester,retain,No affirmative source-note count or claim-scope contradiction identified.,3,,20474;20475;20476,inferior || minderjarig,sv Hendrik
3332,De Wet,Johannes Francois; oorlede,Worcester,retain,No affirmative source-note count or claim-scope contradiction identified.,2,,20478;20479,,
3333,Van den Berg,Jacobus,Worcester,retain,No affirmative source-note count or claim-scope contradiction identified.,12,,22380;22381;22382;22383;22384;22385;22386;22387;22388;22389;22390;22391,,sv Jacobus
3334,Van der Merwe,Hendrik Francois,Worcester,retain,No affirmative source-note count or claim-scope contradiction identified.,12,,22467;22468;22469;22470;22471;22472;22473;22474;22475;22476;22477;22478,inferior,sv Roelof
3335,Visser,Johannes Lucas,Worcester,review,"Source has additional party, claimant, payment-recipient or cross-reference wording; no affirmative UCL/BPP count or additional-slave contradiction established. Do not exclude merely for creditor/recipient names.",4,,22945;22946;22947;22948,weduwee is Hester van den Berg; ook Georg Glaeser begunstig,sv Gideon
3336,Visser,Gideon,Worcester,retain,No affirmative source-note count or claim-scope contradiction identified.,4,,22941;22942;22943;22944,,oorlede
3337,Van den Berg,Martha,Worcester,retain,No affirmative source-note count or claim-scope contradiction identified.,2,,22392;22393,weduwee van Gideon Visser,
3338,Van den Berg,Martha Magdalena,Worcester,retain,No affirmative source-note count or claim-scope contradiction identified.,1,,22394,,dv Jacobus
3339,Van der Merwe,Roelof Johannes,Worcester,retain,No affirmative source-note count or claim-scope contradiction identified.,7,,22618;22619;22620;22621;22622;22623;22624,,
3341,Botha,Philipus Roedolf,Worcester,review,Multiple monetary recipients or related-party reference; no affirmative evidence that slave valuations omit part of payment scope. Do not infer pooling from recipient names alone.,7,,19862;19863;19864;19865;19866;19867;19868,en Hans Hendrik Wicht,sv Theunis
3342,Du Toit,Francois Hercules,Worcester,retain,No affirmative source-note count or claim-scope contradiction identified.,6,,20720;20721;20722;20723;20724;20725,,sv Christoffel
3343,Du Toit,Christoffel,Worcester,retain,No affirmative source-note count or claim-scope contradiction identified.,1,,20710,,"sv  Pieter, oorlede"
3344,Du Toit,Petrus Jacobus,Worcester,retain,No affirmative source-note count or claim-scope contradiction identified.,5,,20777;20778;20779;20780;20781,,sv Christoffel
3345,Van den Berg,Jacobus Stephanus,Worcester,retain,No affirmative source-note count or claim-scope contradiction identified.,1,,22379,,sv Jacobus
3346,Opperman,Jan Daniel,Worcester,retain,No affirmative source-note count or claim-scope contradiction identified.,21,,21832;21833;21834;21835;21836;21837;21838;21839;21840;21841;21842;21843;21844;21845;21846;21847;21848;21849;21850;21851;21852,,
3347,Opperman,Philippus Daniel Albertus,Worcester,retain,No affirmative source-note count or claim-scope contradiction identified.,2,,21853;21854,,sv Jan
3348,Du Plessis,Willem Hendrik,Worcester,retain,No affirmative source-note count or claim-scope contradiction identified.,11,,20669;20670;20671;20672;20673;20674;20675;20676;20677;20678;20679,,sv Pieter
3349,Du Plessis,Pieter Jacobus,Worcester,retain,No affirmative source-note count or claim-scope contradiction identified.,5,,20634;20635;20636;20637;20638,,sv Pieter
3350,Van der Merwe,Jacobus Stephanus,Worcester,retain,No affirmative source-note count or claim-scope contradiction identified.,6,,22547;22548;22549;22550;22551;22552,,sv Roelof
3351,Du Toit,Gabriel Francois,Worcester,retain,No affirmative source-note count or claim-scope contradiction identified.,2,,20726;20727,,sv Petrus Jac.
3352,Viljoen,Hendrik Christoffel. Sv Pieter,Worcester,retain,No affirmative source-note count or claim-scope contradiction identified.,12,,22863;22864;22865;22866;22867;22868;22869;22870;22871;22872;22873;22874,,
3353,Erasmus,Rasmus Daniel,Worcester,retain,No affirmative source-note count or claim-scope contradiction identified.,21,,20947;20948;20949;20950;20951;20952;20953;20954;20955;20956;20957;20958;20959;20960;20961;20962;20963;20964;20965;20966;20967,,"sv Lourens, oorlede"
3354,Erasmus,Jacob,Worcester,retain,No affirmative source-note count or claim-scope contradiction identified.,14,,20915;20916;20917;20918;20919;20920;20921;20922;20923;20924;20925;20926;20927;20928,,sv Lourens
3355,Du Plessis,Carel Andreas Jacobus,Worcester,retain,No affirmative source-note count or claim-scope contradiction identified.,7,,20542;20543;20544;20545;20546;20547;20548,,
3356,Theron,Pieter Wouter,Worcester,retain,No affirmative source-note count or claim-scope contradiction identified.,1,,22344,,
3357,De Wet,Jacobus Johannes,Worcester,retain,No affirmative source-note count or claim-scope contradiction identified.,1,,20473,,kv Frans
3358,Van As,Gerrit,Worcester,retain,No affirmative source-note count or claim-scope contradiction identified.,9,,22367;22368;22369;22370;22371;22372;22373;22374;22375,,sv Pieter
3359,Marais,Petrus Bernardus,Worcester,retain,No affirmative source-note count or claim-scope contradiction identified.,1,,21586,"Johanna Sophia du Toit, weduwee en begunstigde",oorlede
3360,Kramer,Cornelis Adriaan,Worcester,retain,No affirmative source-note count or claim-scope contradiction identified.,17,,21313;21314;21315;21316;21317;21318;21319;21320;21321;21322;21323;21324;21325;21326;21327;21328;21329,"Johanna Sophia du Toit, weduwee en begunstigde",
3361,Crous,Johannes Casparus,Worcester,retain,No affirmative source-note count or claim-scope contradiction identified.,2,,20191;20192,,sv Jan
3362,Smit,Alwyn Petrus,Worcester,retain,No affirmative source-note count or claim-scope contradiction identified.,3,,21989;21990;21991,,sv Hercules
3363,Marais,Charles Jacobus,Worcester,retain,No affirmative source-note count or claim-scope contradiction identified.,4,,21486;21487;21488;21489,,sv Charles
3364,Van Zyl,Jacobus Albertus,Worcester,retain,No affirmative source-note count or claim-scope contradiction identified.,1,,22814,Gertruida de Wet,oorlede
3365,Smit,Johannes Jacobus,Worcester,exclude,Explicit note says four slaves valued but five recorded.,5,4,22000;22001;22002;22003;22004,bandiet in Kaapstad; vier slawe getakseer,
3366,Viljoen,Hercules,Worcester,retain,No affirmative source-note count or claim-scope contradiction identified.,5,,22875;22876;22877;22878;22879,,sv  Pieter
3367,Viljoen,Wynand Petrus Johannes,Worcester,retain,No affirmative source-note count or claim-scope contradiction identified.,4,,22903;22904;22905;22906,,sv Jan
3368,Du Toit,Willem Johannes,Worcester,retain,No affirmative source-note count or claim-scope contradiction identified.,1,,20878,,sv Chris.
3369,Kramer,Adriaan Petrus,Worcester,retain,No affirmative source-note count or claim-scope contradiction identified.,2,,21311;21312,,sv Cornelis Adriaan
3370,Storm,Jan David,Worcester,retain,No affirmative source-note count or claim-scope contradiction identified.,1,,22157,,jr
3371,Storm,Carel Philip,Worcester,exclude,Explicit slave count in payment annotation differs from local slave records; claim scope unresolved.,2,3,22155;22156,"3 slawe, ses eisers o.a. Cilliers, de Wet, Erasmus, Smit, Marais",
3372,Du Plessis,Willem Daniel,Worcester,retain,No affirmative source-note count or claim-scope contradiction identified.,6,,20663;20664;20665;20666;20667;20668,,sv Charles
3373,Marais,Andries Francois,Worcester,retain,No affirmative source-note count or claim-scope contradiction identified.,3,,21483;21484;21485,,sv Pieter Bern.
3374,Marais,Jacobus Petrus,Worcester,retain,No affirmative source-note count or claim-scope contradiction identified.,2,,21558;21559,,sv Pieter Bernardus
3375,Van der Merwe,Roelof,Worcester,retain,No affirmative source-note count or claim-scope contradiction identified.,36,,22625;22626;22627;22628;22629;22630;22631;22632;22633;22634;22635;22636;22637;22638;22639;22640;22641;22642;22643;22644;22645;22646;22647;22648;22649;22650;22651;22652;22653;22654;22655;22656;22657;22658;22659;22660,,"sv Pieter, oorlede"
3376,Van der Merwe,weduwee van Roelof,Worcester,retain,No affirmative source-note count or claim-scope contradiction identified.,2,,22679;22680,Anna Susanna van der Merwe,
3377,Van der Merwe,Roelof,Worcester,retain,No affirmative source-note count or claim-scope contradiction identified.,11,,22661;22662;22663;22664;22665;22666;22667;22668;22669;22670;22671,,sv Roelof
3378,De Vos,Philippus,Worcester,retain,No affirmative source-note count or claim-scope contradiction identified.,19,,20324;20325;20326;20327;20328;20329;20330;20331;20332;20333;20334;20335;20336;20337;20338;20339;20340;20341;20342,,sv Wouter
3379,De Bruyn,Jacob,Worcester,retain,No affirmative source-note count or claim-scope contradiction identified.,1,,20222,,sv Jacob
3380,De Vos,Dirk,Worcester,retain,No affirmative source-note count or claim-scope contradiction identified.,18,,20292;20293;20294;20295;20296;20297;20298;20299;20300;20301;20302;20303;20304;20305;20306;20307;20308;20309,,sv Wouter
3381,Hugo,Thomas Johannes,Worcester,retain,No affirmative source-note count or claim-scope contradiction identified.,1,,21159,,"sv Pieter, oorlede"
3382,De Vos,Pieter Jacobus,Worcester,retain,No affirmative source-note count or claim-scope contradiction identified.,53,,20343;20344;20345;20346;20347;20348;20349;20350;20351;20352;20353;20354;20355;20356;20357;20358;20359;20360;20361;20362;20363;20364;20365;20366;20367;20368;20369;20370;20371;20372;20373;20374;20375;20376;20377;20378;20379;20380;20381;20382;20383;20384;20385;20386;20387;20388;20389;20390;20391;20392;20393;20394;20395,,sv Wouter
3383,Conradie,Frans Daniel,Worcester,retain,No affirmative source-note count or claim-scope contradiction identified.,11,,20147;20148;20149;20150;20151;20152;20153;20154;20155;20156;20157,,sv Pieter Jacobus
3384,Van der Merwe,Willem,Worcester,retain,No affirmative source-note count or claim-scope contradiction identified.,13,,22682;22683;22684;22685;22686;22687;22688;22689;22690;22691;22692;22693;22694,,sv Roelof
3385,Van der Merwe,Willemina Hendrina,Worcester,retain,No affirmative source-note count or claim-scope contradiction identified.,3,,22695;22696;22697,minderjarige kind van Willem van der Merwe,
3387,Jooste,Hendrik Petrus,Worcester,exclude,explicit_scope_or_joint_claim_note,2,,21206;21207,In tronk op Worcester; nommer toegeken aan JJ Haupt met 18 slawe,sv Jacob
3389,Botma,Gerrit,Worcester,retain,No affirmative source-note count or claim-scope contradiction identified.,14,,19903;19904;19905;19906;19907;19908;19909;19910;19911;19912;19913;19914;19915;19916,,sv Stephanus
3390,Botma,Christiaan Petrus,Worcester,retain,No affirmative source-note count or claim-scope contradiction identified.,1,,19902,,sv Christiaan
3391,Naude,Gert Jacobus,Worcester,retain,No affirmative source-note count or claim-scope contradiction identified.,1,,21668,,
3392,Naude,Petrus Johannes,Worcester,retain,No affirmative source-note count or claim-scope contradiction identified.,12,,21669;21670;21671;21672;21673;21674;21675;21676;21677;21678;21679;21680,,sv Pieter
3393,Kruger,Pieter Ernst,Worcester,retain,No affirmative source-note count or claim-scope contradiction identified.,1,,21342,,sv Johannes
3394,Kruger,Johannes Lodewicus,Worcester,retain,No affirmative source-note count or claim-scope contradiction identified.,1,,21341,Frederike Elizabeth Griesel begunstig,sr
3395,Botma,Johannes Paulus,Worcester,retain,No affirmative source-note count or claim-scope contradiction identified.,3,,19917;19918;19919,,sv Stephanus
3396,Botma,Stephanus,Worcester,retain,No affirmative source-note count or claim-scope contradiction identified.,3,,19938;19939;19940,,sr
3398,Snyders,Johannes Hendrik,Worcester,retain,No affirmative source-note count or claim-scope contradiction identified.,2,,22080;22081,,
3399,Snyders,Frans Hendrik,Worcester,retain,No affirmative source-note count or claim-scope contradiction identified.,3,,22077;22078;22079,,sv Johannes Jac.
34,Combrink,Michael,Beaufort,retain,No affirmative source-note count or claim-scope contradiction identified.,3,,35949;35950;35951,Mozambique …. a powerful woman || a strong healthy boy,so Johannes
3400,Botma,Stephanus Jacobus,Worcester,retain,No affirmative source-note count or claim-scope contradiction identified.,5,,19933;19934;19935;19936;19937,,sv Stephanus
3401,Van der Westhuizen,Petrus,Worcester,retain,No affirmative source-note count or claim-scope contradiction identified.,7,,22718;22719;22720;22721;22722;22723;22724,,sv Johannes
3403,Van der Westhuizen,Jan,Worcester,retain,No affirmative source-note count or claim-scope contradiction identified.,2,,22716;22717,,sv Pieter
3404,Vlok,Arnoldus Christiaan,Worcester,retain,No affirmative source-note count or claim-scope contradiction identified.,3,,22954;22955;22956,,sv Nicolaas
3405,Hough,Anna Elizabeth,Worcester,retain,No affirmative source-note count or claim-scope contradiction identified.,1,,21046,Guilliam Vermeulen,weduwee
3406,Esterhuizen,Johannes Hermanus,Worcester,retain,No affirmative source-note count or claim-scope contradiction identified.,1,,20991,,sv Jacobus
3407,Korf,Christiaan,Worcester,retain,No affirmative source-note count or claim-scope contradiction identified.,4,,21307;21308;21309;21310,Coetzee en Esterhuizen begunstig,
3408,Coetzee,Johannes Gerhardus,Worcester,retain,No affirmative source-note count or claim-scope contradiction identified.,22,,20105;20106;20107;20108;20109;20110;20111;20112;20113;20114;20115;20116;20117;20118;20119;20120;20121;20122;20123;20124;20125;20126,,
3409,Van Wyk,Gerrit Johannes Jacobus,Worcester,retain,No affirmative source-note count or claim-scope contradiction identified.,7,,22793;22794;22795;22796;22797;22798;22799,,sv Gert
3410,Cloete,Jasper,Worcester,retain,No affirmative source-note count or claim-scope contradiction identified.,7,,20085;20086;20087;20088;20089;20090;20091,Blind,sv Jacobus
3411,Sixteen,Willem,Worcester,retain,No affirmative source-note count or claim-scope contradiction identified.,1,,21981,,
3412,Vermeulen,Andries Michiel Gerrit,Worcester,retain,No affirmative source-note count or claim-scope contradiction identified.,7,,22823;22824;22825;22826;22827;22828;22829,,sv
3413,Van Wyk,Nicolaas Hendrik,Worcester,retain,No affirmative source-note count or claim-scope contradiction identified.,9,,22801;22802;22803;22804;22805;22806;22807;22808;22809,,sv Gerrit
3414,Vermeulen,Ockert Cornelis,Worcester,retain,No affirmative source-note count or claim-scope contradiction identified.,1,,22830,,sv Guilliam
3416,Nel,Jacobus Willem Adriaan,Worcester,exclude,same_UCL_and_exact_owner_in_multiple_districts,9,,21704;21705;21706;21707;21708;21709;21710;21711;21712,,sv JA
3417,Van der Merwe,Willem Schalk,Worcester,retain,No affirmative source-note count or claim-scope contradiction identified.,1,,22681,,sv Willem
3418,Hough / Hauk,Johannes Valentinus,Worcester,retain,No affirmative source-note count or claim-scope contradiction identified.,3,,21052;21053;21054,,
3419,Steenkamp,Willem Jacobus,Worcester,retain,No affirmative source-note count or claim-scope contradiction identified.,4,,22132;22133;22134;22135,,sv Floris
3421,Coetzee,Cornelis Jacobus,Worcester,retain,No affirmative source-note count or claim-scope contradiction identified.,3,,20102;20103;20104,,sv Ockert
3422,Theron,Petrus Jacobus,Worcester,retain,No affirmative source-note count or claim-scope contradiction identified.,2,,22278;22279,Susanna Aletta Korf,"sv Pieter, oorlede"
3423,Jordaan,Adriaan,Worcester,retain,No affirmative source-note count or claim-scope contradiction identified.,5,,21238;21239;21240;21241;21242,,sv Adriaan
3424,Van Wyk,Abraham,Worcester,retain,No affirmative source-note count or claim-scope contradiction identified.,9,,22765;22766;22767;22768;22769;22770;22771;22772;22773,,sv Gerrit
3425,Van Zyl,Gideon Jacobus,Worcester,retain,No affirmative source-note count or claim-scope contradiction identified.,1,,22810,,sv Adriaan
3426,Van Zyl,Hendrik Gideon,Worcester,retain,No affirmative source-note count or claim-scope contradiction identified.,3,,22811;22812;22813,,sv Willem
3427,Vlok,Nicolaas Johannes,Worcester,retain,No affirmative source-note count or claim-scope contradiction identified.,1,,22957,,sv Nico
3428,Hoon,David Simon,Worcester,retain,No affirmative source-note count or claim-scope contradiction identified.,2,,21044;21045,,
3430,Kruger,Jacob Casper,Worcester,retain,No affirmative source-note count or claim-scope contradiction identified.,2,,21339;21340,,sv Carel; oorlede
3431,Maritz,Frans Stephanus,Worcester,retain,No affirmative source-note count or claim-scope contradiction identified.,1,,21587,,
3432,Olivier,Nicolaas,Worcester,retain,No affirmative source-note count or claim-scope contradiction identified.,3,,21829;21830;21831,,sv Hendrik
3433,Marais,Jacobus Johannes,Worcester,retain,No affirmative source-note count or claim-scope contradiction identified.,2,,21556;21557,,sv Charl
3434,Erasmus,Jacobus Loduwicus,Worcester,retain,No affirmative source-note count or claim-scope contradiction identified.,2,,20931;20932,,sv Jacobus
3435,Esterhuizen,Jacobus Johannes,Worcester,retain,No affirmative source-note count or claim-scope contradiction identified.,2,,20989;20990,,sv Jacobus
3436,Esterhuizen,Abraham,Worcester,exclude,explicit_external_slave_count_differs_from_local_rows,1,2,20988,2 slawe volgens UCL,sv Jacobus
3437,Visser,Gerrit,Worcester,retain,No affirmative source-note count or claim-scope contradiction identified.,1,,22940,,"sv Gerrit, oorlede"
3438,Jooste,Frans Nicolaas,Worcester,retain,No affirmative source-note count or claim-scope contradiction identified.,1,,21205,,sv Jacobus
3439,Van Wyk,Albertus Adriaan,Worcester,retain,No affirmative source-note count or claim-scope contradiction identified.,2,,22791;22792,,sv Abraham
3440,Stadler,Jan George,Worcester,retain,No affirmative source-note count or claim-scope contradiction identified.,3,,22118;22119;22120,,
3441,Maritz,Frans Stephanus,Worcester,retain,No affirmative source-note count or claim-scope contradiction identified.,2,,21588;21589,,sv Gert
3442,Smit,Albert,Worcester,retain,No affirmative source-note count or claim-scope contradiction identified.,7,,21982;21983;21984;21985;21986;21987;21988,,sv Albert
3443,Visser,Petrus Johannes,Worcester,retain,No affirmative source-note count or claim-scope contradiction identified.,1,,22950,,sv PiGerrit
3444,Visser,Nicolaas Hendrik,Worcester,retain,No affirmative source-note count or claim-scope contradiction identified.,1,,22949,,sv Gerrit
3445,Visser,Gerrit,Worcester,retain,No affirmative source-note count or claim-scope contradiction identified.,9,,22931;22932;22933;22934;22935;22936;22937;22938;22939,,sv Gerrit sr
3446,Visser,Willem Adriaan,Worcester,retain,No affirmative source-note count or claim-scope contradiction identified.,3,,22951;22952;22953,,sv Gerrit
3447,Theron,Johannes,Worcester,review,"Source has additional party, claimant, payment-recipient or cross-reference wording; no affirmative UCL/BPP count or additional-slave contradiction established. Do not exclude merely for creditor/recipient names.",6,,22252;22253;22254;22255;22256;22257,plus Johannes Hermanus Esterhuizen,sv Piet
3448,Muller,Burgert,Worcester,retain,No affirmative source-note count or claim-scope contradiction identified.,3,,21644;21645;21646,,sv David
3449,Visser,Albertus Abraham,Worcester,retain,No affirmative source-note count or claim-scope contradiction identified.,3,,22915;22916;22917,,sv Gert
3450,Du Toit,Jacobus Johannes,Worcester,retain,No affirmative source-note count or claim-scope contradiction identified.,2,,20774;20775,,sv Petrus J.
3452,Van der Westhuizen,Cornelis,Worcester,retain,No affirmative source-note count or claim-scope contradiction identified.,4,,22712;22713;22714;22715,,sv J.
3453,Visser,Abraham,Worcester,retain,No affirmative source-note count or claim-scope contradiction identified.,8,,22907;22908;22909;22910;22911;22912;22913;22914,,sv Gerrit
3454,Theron,Petrus Jacobus,Worcester,retain,No affirmative source-note count or claim-scope contradiction identified.,7,,22271;22272;22273;22274;22275;22276;22277,,sv Petrus
3455,Myburgh,Willem,Worcester,retain,No affirmative source-note count or claim-scope contradiction identified.,2,,21659;21660,,sv Albertus
3456,Myburgh,Gerrit Jacobus,Worcester,retain,No affirmative source-note count or claim-scope contradiction identified.,3,,21652;21653;21654,,sv Willem
3457,Myburgh,Hendrik,Worcester,retain,No affirmative source-note count or claim-scope contradiction identified.,2,,21655;21656,,sv Willem
3458,Snyders,Lucas Martinus,Worcester,retain,No affirmative source-note count or claim-scope contradiction identified.,15,,22094;22095;22096;22097;22098;22099;22100;22101;22102;22103;22104;22105;22106;22107;22108,,sv Hendrik
3459,Botes,Antony Johannes,Worcester,retain,No affirmative source-note count or claim-scope contradiction identified.,1,,19853,,sv Antony
3460,Olivier,Jan Andries,Worcester,retain,No affirmative source-note count or claim-scope contradiction identified.,5,,21823;21824;21825;21826;21827,Maria Elizabeth Kok,oorlede
3461,Olivier,Gerrit Jeremias Cornelis,Worcester,retain,No affirmative source-note count or claim-scope contradiction identified.,2,,21821;21822,,
3463,Vry,Adam Johannes,Worcester,retain,No affirmative source-note count or claim-scope contradiction identified.,1,,22983,,sv Daniel
3464,Botes,Witse,Worcester,retain,No affirmative source-note count or claim-scope contradiction identified.,6,,19854;19855;19856;19857;19858;19859,,sv Antony
3466,Koorts / Koortze,Johannes Martinus,Worcester,retain,No affirmative source-note count or claim-scope contradiction identified.,15,,21291;21292;21293;21294;21295;21296;21297;21298;21299;21300;21301;21302;21303;21304;21305,veewagter || wamaker,sv JM
3467,Griesel,Johan David,Worcester,retain,No affirmative source-note count or claim-scope contradiction identified.,1,,21043,,sv Hendrik
3469,Fourie,Josef Johannes,Worcester,retain,No affirmative source-note count or claim-scope contradiction identified.,4,,21029;21030;21031;21032,,sv Josef
3470,Schermann,Joel Johannes,Worcester,retain,No affirmative source-note count or claim-scope contradiction identified.,1,,21962,,sv Frans
3471,Muller,Hendrik Hermanus,Worcester,exclude,explicit_external_slave_count_differs_from_local_rows,5,4,21647;21648;21649;21650;21651,4 slawe op UCL,sv Hermanus
3472,Beeslaar,Johannes Frederik,Worcester,retain,No affirmative source-note count or claim-scope contradiction identified.,1,,19840,,
3631,Fick,Abraham Johan,Stellenbosch,retain,No affirmative source-note count or claim-scope contradiction identified.,6,,14161;14162;14163;14164;14165;14166,EISGELD ONTVANG MAART 1837; Kings Square gg/ 30.1.1837,P zn
3633,Albertyn,Anna Albertha,Stellenbosch,retain,No affirmative source-note count or claim-scope contradiction identified.,5,,11422;11423;11424;11425;11426,30.1.1837,
3634,Van Koller,Adolf Samuel,Stellenbosch,retain,No affirmative source-note count or claim-scope contradiction identified.,8,,19351;19352;19353;19354;19355;19356;19357;19358,Weduwee Lewis Jerome Bianchi; Adolph Samuel Van Coller,
3635,De Villiers,Petrus Frans,Stellenbosch,retain,No affirmative source-note count or claim-scope contradiction identified.,6,,13285;13286;13287;13288;13289;13290,EIS GOEDGEKEUR IN LONDEN 15.7.37,JA zn
3636,Malan,P? de Oude,Stellenbosch,review,"Source has additional party, claimant, payment-recipient or cross-reference wording; no affirmative UCL/BPP count or additional-slave contradiction established. Do not exclude merely for creditor/recipient names.",6,,16267;16268;16269;16270;16271;16272,Ook weduwee van Gysbertus Faure as verbandhouer; Onder verband geplaas,
3638,O'Flinn,Dr,Stellenbosch,retain,No affirmative source-note count or claim-scope contradiction identified.,6,,17420;17421;17422;17423;17424;17425,EISGELD ONTVANG MAART 1837; Kry prize negroes in 1840; GG,
3639,Mader,Johan Adam,Stellenbosch,retain,No affirmative source-note count or claim-scope contradiction identified.,7,,16066;16067;16068;16069;16070;16071;16072,EIS BETAAL 3.3.1837/ 12.12.1836,
3640,Scholtz,Eliz Maria,Stellenbosch,retain,No affirmative source-note count or claim-scope contradiction identified.,1,,18281,EISGELD ONTVANG MAART 1837;  30.1.1837,
3641,Pietersen,Angelique Maria,Stellenbosch,retain,No affirmative source-note count or claim-scope contradiction identified.,3,,17483;17484;17485,EIS GOEDGEKEUR IN LONDEN 15.7.37; Angelique Marta Pietersen; Paul Roux; Kerkstraat GG,
3642,De Kock,Johannes Martinus,Stellenbosch,review,"Source has additional party, claimant, payment-recipient or cross-reference wording; no affirmative UCL/BPP count or additional-slave contradiction established. Do not exclude merely for creditor/recipient names.",2,,12539;12540,EIS GOEDGEKEUR IN LONDEN 15.7.37; ook vir Christ. Fredr. De Kock en Joh. Adam de Kock,
3643,Wium,Schalk Willem Wed,Stellenbosch,review,"Source has additional party, claimant, payment-recipient or cross-reference wording; no affirmative UCL/BPP count or additional-slave contradiction established. Do not exclude merely for creditor/recipient names.",4,,19758;19759;19760;19761,"Goedgekeur in London 28.5.1837; ook die van CG Blankenberg [£29-7-6], GN Mechan [£90-10-0] En Frederik FL Neethling [£29-7-6], wed willem Wium [£32-7-6]/",
3645,De Vos,Philip Wouter,Stellenbosch,retain,No affirmative source-note count or claim-scope contradiction identified.,5,,13426;13427;13428;13429;13430,,
3646,Kriel,Jacobus Theodorus,Stellenbosch,retain,No affirmative source-note count or claim-scope contradiction identified.,7,,15248;15249;15250;15251;15252;15253;15254,"Toegeken aan MCA Neethling en AC van der Byl; ZADELMAKER || SAALMAKER, SKOENMAKER EN HUISJONGE",
3647,Fick,Johannes Jac Alb Coenraad (unsure),Stellenbosch,retain,No affirmative source-note count or claim-scope contradiction identified.,1,,14187,SKOENMAKER;   EIS GOEDGEKEUR IN LONDEN 10.7.37; Johan David van Blommenstein,
3648,Cornelissen,Anna Clasina,Stellenbosch,retain,No affirmative source-note count or claim-scope contradiction identified.,2,,12484;12485,EISGELD ONTVANG MAART 1837,
3649,Jansen,Nicolaas,Stellenbosch,retain,No affirmative source-note count or claim-scope contradiction identified.,1,,14928,EISGELD ONTVANG MAART 1837,
3650,Heyns,Hendrik,Stellenbosch,retain,No affirmative source-note count or claim-scope contradiction identified.,15,,14736;14737;14738;14739;14740;14741;14742;14743;14744;14745;14746;14747;14748;14749;14750,EIS BETAAL 3.3.1837,Weduwee
3651,Van Blommestein,Johan S,Stellenbosch,retain,No affirmative source-note count or claim-scope contradiction identified.,1,,18794,Kerkstraat GG; 30.6.1837,
3652,Hugo,Jan Daniel,Stellenbosch,retain,No affirmative source-note count or claim-scope contradiction identified.,8,,14856;14857;14858;14859;14860;14861;14862;14863,GG 10.7.1840; eis nog nie ingedien nie,
3653,Van Niekerk,Helena Hendrina,Stellenbosch,retain,No affirmative source-note count or claim-scope contradiction identified.,4,,19410;19411;19412;19413,Andries Brink  en Joh. Gysbertus Faure,
3654,Orlandini,Felix,Stellenbosch,retain,No affirmative source-note count or claim-scope contradiction identified.,7,,17435;17436;17437;17438;17439;17440;17441,EIS BETAAL 3.3.1837/ 12.12.1836,
3655,Faure,Johannes Gysbertus,Stellenbosch,retain,No affirmative source-note count or claim-scope contradiction identified.,9,,14098;14099;14100;14101;14102;14103;14104;14105;14106,"ARBEIDER;  EISGELD ONTVANG MAART 1837; RJG de Korte [£76-11-10] Johannes G Faure, Jacobus zn [£230-11-3]",
3656,Wolfram,Martin,Stellenbosch,retain,No affirmative source-note count or claim-scope contradiction identified.,6,,19808;19809;19810;19811;19812;19813,MESSELAAR || EIS BETAAL 3.3.1837,Weduwee
3657,Briers,Pieter Francois Melchior,Stellenbosch,retain,No affirmative source-note count or claim-scope contradiction identified.,2,,12072;12073,EISGELD ONTVANG MAART 1837; C en S Phillips,
3658,Gering,Johannes Jacobus,Stellenbosch,retain,No affirmative source-note count or claim-scope contradiction identified.,1,,14258,,
3659,Myburgh,Hendrik Willem,Stellenbosch,retain,No affirmative source-note count or claim-scope contradiction identified.,1,,17067,Kerkstraat GG; EIS BETAAL 3.3.1837,
3660,Briers,Barbara Christina,Stellenbosch,retain,No affirmative source-note count or claim-scope contradiction identified.,1,,12071,EIS BETAAL 3.3.1837; Andringastraat gg,
3661,Lindenberg,Karel Pieter,Stellenbosch,retain,No affirmative source-note count or claim-scope contradiction identified.,3,,15698;15699;15700,EIS BETAAL 3.3.1837; Andringastraat GG,
3662,Berg,Martinus Adriaan Richard,Stellenbosch,retain,No affirmative source-note count or claim-scope contradiction identified.,2,,11620;11621,EIS BETAAL 3.3.1837,
3663,Bosman,Elizabeth Rachel,Stellenbosch,retain,No affirmative source-note count or claim-scope contradiction identified.,3,,11893;11894;11895,EISGELD ONTVANG MAART 1837;  Andringastraat GG,
3664,Bosman,Isaac Daniel,Stellenbosch,retain,No affirmative source-note count or claim-scope contradiction identified.,1,,11960,EISGELD ONTVANG MAART 1837,
3665,Lindenberg,Johannes Godfried Gabriel,Stellenbosch,retain,No affirmative source-note count or claim-scope contradiction identified.,3,,15695;15696;15697,EIS BETAAL 3.3.1837,
3666,Bosman,Abraham sr,Stellenbosch,retain,No affirmative source-note count or claim-scope contradiction identified.,10,,11872;11873;11874;11875;11876;11877;11878;11879;11880;11881,Kry prize negroes in Februarie 1840,
3667,Bosman,Frans Petrus,Stellenbosch,retain,No affirmative source-note count or claim-scope contradiction identified.,1,,11896,Weduwee Paul Roux sr? Andringastraat gg,
3668,Sertyn,Nicolaas Hendrik,Stellenbosch,retain,No affirmative source-note count or claim-scope contradiction identified.,4,,18321;18322;18323;18324,,
3670,Marais,Cornelis Ernestus,Stellenbosch,retain,No affirmative source-note count or claim-scope contradiction identified.,3,,16411;16412;16413,EIS BETAAL 3.3.1837,
3671,Hugo,Anna Maria G,Stellenbosch,retain,No affirmative source-note count or claim-scope contradiction identified.,1,,14808,EISGELD ONTVANG MAART 1837,
3672,Cloete,Dirk,Stellenbosch,retain,No affirmative source-note count or claim-scope contradiction identified.,17,,12347;12348;12349;12350;12351;12352;12353;12354;12355;12356;12357;12358;12359;12360;12361;12362;12363,EISGELD ONTVANG 2.6. 1837 || KLEREMAKER || housemaid,Weduwee
3673,Woutersen,Pieter Hendrik,Stellenbosch,retain,No affirmative source-note count or claim-scope contradiction identified.,7,,19814;19815;19816;19817;19818;19819;19820,EIS BETAAL 3.3.1837,
3674,Cloete,Sophia Margaretha,Stellenbosch,retain,No affirmative source-note count or claim-scope contradiction identified.,1,,12468,Johannes Andreas Truter,
3675,Van der Byl,"Anna Elizabeth [minor],",Stellenbosch,retain,No affirmative source-note count or claim-scope contradiction identified.,4,,18880;18881;18882;18883,EISGELD ONTVANG MAART 1837; MCA Neethling en Andries Christoffel van der Byl,
3677,Ackerman,Weduwee Johannes C,Stellenbosch,retain,No affirmative source-note count or claim-scope contradiction identified.,1,,11412,,
3679,Van der Poel,Stephanus Johannes,Stellenbosch,retain,No affirmative source-note count or claim-scope contradiction identified.,1,,19257,GG 26.6.1840; eis nog nie ingedien nie,
3680,Neethling,Frederik Ryk Ludolph,Stellenbosch,retain,No affirmative source-note count or claim-scope contradiction identified.,21,,17246;17247;17248;17249;17250;17251;17252;17253;17254;17255;17256;17257;17258;17259;17260;17261;17262;17263;17264;17265;17266,SMID || EIS GOEDGEKEUR IN LONDEN 15.7.37; Fredrik Ryk Ludolph Neethling; Hermanus Augustus Vermaak || KLEREMAKER,
3681,Faure,Oorlede,Stellenbosch,retain,No affirmative source-note count or claim-scope contradiction identified.,37,,14107;14108;14109;14110;14111;14112;14113;14114;14115;14116;14117;14118;14119;14120;14121;14122;14123;14124;14125;14126;14127;14128;14129;14130;14131;14132;14133;14134;14135;14136;14137;14138;14139;14140;14141;14142;14143,ONTVANG  EISGELD OP 24.2.1837 ; GG; EIS BETAAL 3.3.1837; A.H. Faure || MANDOOR || WAMAKER || MESSELAAR || SMID,Weduwee Jacobus Christiaan?
3682,Faure,Susanna Catharina,Stellenbosch,retain,No affirmative source-note count or claim-scope contradiction identified.,1,,14158,EIS GOEDGEKEUR 3.3.1837; BETAAL 2.6.1837,
3683,Wykerd,Christoffel Lodewyk,Stellenbosch,retain,No affirmative source-note count or claim-scope contradiction identified.,6,,19821;19822;19823;19824;19825;19826,"Drostdystraat, Stb || EIS BETAAL 3.3.1837; Christiaan Lodewyk Wykerd",
3684,Herold,Wilhemina Johanna,Stellenbosch,retain,No affirmative source-note count or claim-scope contradiction identified.,2,,14719;14720,EIS BETAAL 3.3.1837,
3685,Van Ryneveld,Daniel Johannes,Stellenbosch,retain,No affirmative source-note count or claim-scope contradiction identified.,17,,19474;19475;19476;19477;19478;19479;19480;19481;19482;19483;19484;19485;19486;19487;19488;19489;19490,EIS GOEDGEKEUR IN LONDEN 10.6.37; Drostdy GG || KOETSIER; EISGELD ONTVANG MAART 1837 || KOK,
3686,Dickinson,Frederick,Stellenbosch,retain,No affirmative source-note count or claim-scope contradiction identified.,9,,13579;13580;13581;13582;13583;13584;13585;13586;13587,EIS BETAAL 3.3.1837,
3687,Herold,Johannes Tobias,Stellenbosch,retain,No affirmative source-note count or claim-scope contradiction identified.,6,,14713;14714;14715;14716;14717;14718,EIS BETAAL 3.3.1837,
3689,De Villiers,Jan Isaac,Stellenbosch,retain,No affirmative source-note count or claim-scope contradiction identified.,3,,13157;13158;13159,,
3690,Joubert,Sophia Francina,Stellenbosch,retain,No affirmative source-note count or claim-scope contradiction identified.,1,,15085,EIS BETAAL 3.3.1837; Louisa Fransina Joubert,
3691,Van der Byl,Andries Christoffel,Stellenbosch,retain,No affirmative source-note count or claim-scope contradiction identified.,17,,18838;18839;18840;18841;18842;18843;18844;18845;18846;18847;18848;18849;18850;18851;18852;18853;18854,EISGELD ONTVANG MAART 1837; JJL Smuts [71-14-2],
3692,Van der Byl,Rykje Hester,Stellenbosch,retain,No affirmative source-note count or claim-scope contradiction identified.,4,,18986;18987;18988;18989,EIS BETAAL 3.3.1837,
3693,Roux,Paul,Stellenbosch,retain,No affirmative source-note count or claim-scope contradiction identified.,3,,18197;18198;18199,EIS GOEDGEKEUR IN LONDEN 10.6.37,Piet zn
3694,Luttig,Weduwee van Helmoed,Stellenbosch,retain,No affirmative source-note count or claim-scope contradiction identified.,4,,16058;16059;16060;16061,Goedgekeur in London 28.5.1837; Willem Adolph Krige sr [£89-5-8]; Weduwee Helmoed Johannes Luttig [£50-18-3],
3695,Harvey,George,Stellenbosch,retain,No affirmative source-note count or claim-scope contradiction identified.,1,,14503,EIS GOEDGEKEUR IN LONDEN 10.6.37,
3696,Cantz,Johanna Alida Rachel,Stellenbosch,retain,No affirmative source-note count or claim-scope contradiction identified.,1,,12224,PORTIER; EISGELD ONTVANG MAART 1837,
3697,Jansen,Abraham,Stellenbosch,retain,No affirmative source-note count or claim-scope contradiction identified.,7,,14921;14922;14923;14924;14925;14926;14927,"EIS BETAAL 3.3.1837; Weduwee A. Faure, J zn",J zn
3698,Neethling,Christiaan Ludolph,Stellenbosch,retain,No affirmative source-note count or claim-scope contradiction identified.,2,,17239;17245,EIS GOEGEKEUR 3.3.1837; BETAAL 2.6.1837,
3699,Michau,Gerhardus Johannes,Stellenbosch,retain,No affirmative source-note count or claim-scope contradiction identified.,2,,16684;16685,Johannes Gysbertus Faure,
37,Muller,Johannes Petrus,Beaufort,retain,No affirmative source-note count or claim-scope contradiction identified.,8,,36213;36214;36215;36216;36217;36218;36219;36220,"healthy, knows little || housemaid, sickly || sickly || healthy strong boy",
3700,Hofman,Josias,Stellenbosch,retain,No affirmative source-note count or claim-scope contradiction identified.,12,,14784;14785;14786;14787;14788;14789;14790;14791;14792;14793;14794;14795,"GG 10.7.1840; eis nog nie ingedien nie, EIS GOEDGEKEUR IN LONDEN 15.7.37",
3701,Courlois,John Baptist,Stellenbosch,retain,No affirmative source-note count or claim-scope contradiction identified.,6,,12486;12487;12488;12489;12490;12491,"Jean Baptiste Courlois, Wilhelmina Johanna Herold; Dorpstraat, Stellenbosch",
3702,De Villiers,Antonetta  Franzina,Stellenbosch,review,"Source has additional party, claimant, payment-recipient or cross-reference wording; no affirmative UCL/BPP count or additional-slave contradiction established. Do not exclude merely for creditor/recipient names.",4,,12866;12867;12868;12869,Goedgekeur in London 28.5.1837 || ook Andrietta,
3703,De Villiers,Jacob Daniel,Stellenbosch,retain,No affirmative source-note count or claim-scope contradiction identified.,2,,12972;12973,Goedgekeur in London 28.5.1837,
3704,De Villiers,Andrietta en Ester,Stellenbosch,retain,No affirmative source-note count or claim-scope contradiction identified.,1,,12861,Goedgekeur in London 28.5.1837; Andrina F. de Villiers en  Esther Gertruida de Villiers [28-8-2]; Jan Hoets [76-11-10],
3705,Dempers,Weduwee van Hermanus,Stellenbosch,retain,No affirmative source-note count or claim-scope contradiction identified.,7,,13572;13573;13574;13575;13576;13577;13578,EISGELD ONTVANG MAART 1837,
3706,Hugo,Johanna Francina,Stellenbosch,retain,No affirmative source-note count or claim-scope contradiction identified.,1,,14882,,
3707,Hugo,Margaretha Elizabeth,Stellenbosch,retain,No affirmative source-note count or claim-scope contradiction identified.,1,,14883,EIS GOEDGEKEUR IN LONDEN 15.7.37; Weduwee A.S. Victor,
3708,Robinson,Charles,Stellenbosch,retain,No affirmative source-note count or claim-scope contradiction identified.,1,,17689,"Dorpstraat, GG; EIS BETAAL 3.3.1837",
3709,Borcherds,Isabella Catharina en susters,Stellenbosch,retain,No affirmative source-note count or claim-scope contradiction identified.,3,,11869;11870;11871,,
3710,Borcherds,Catharina Johanna,Stellenbosch,retain,No affirmative source-note count or claim-scope contradiction identified.,1,,11868,Dorpstraat GG; EIS BETAAL 3.3.1837,
3712,Hauptfleisch,Frederik Jacobus,Stellenbosch,retain,No affirmative source-note count or claim-scope contradiction identified.,10,,14614;14615;14616;14617;14618;14619;14620;14621;14622;14623,"SKOENMAKER;  Goedgekeur in London 28.5.1837; Fredrik Jacobus Haubtfleisch [£63-18-3], Weduwee Maria Johanna Roux [£91-6-8], Jacobus J. van den Bergh [£132-11-3]",
3713,Hauptfleisch,Johannes Wilhelmus,Stellenbosch,retain,No affirmative source-note count or claim-scope contradiction identified.,1,,14626,EIS BETAAL 3.3.1837,
3714,Krige,Stephanus Nicolaas,Stellenbosch,retain,No affirmative source-note count or claim-scope contradiction identified.,6,,15258;15259;15260;15261;15262;15263,Willem Adolph Joubert; Paul Le Roux,
3715,Hamman,Dirk,Stellenbosch,retain,No affirmative source-note count or claim-scope contradiction identified.,6,,14404;14405;14406;14407;14408;14409,D. Hamman [£69-18-4]; P.J. Roux [£118-19-9],
3716,Ziek / Frick,Anton Frederik,Stellenbosch,retain,No affirmative source-note count or claim-scope contradiction identified.,1,,19829,EIS BETAAL 3.3.1837; M.E.A. Neethling,
3717,Van Niekerk,Johannes Stephanus,Stellenbosch,retain,No affirmative source-note count or claim-scope contradiction identified.,2,,19455;19456,,
3718,Neethling,Hendrik Johannes,Stellenbosch,retain,No affirmative source-note count or claim-scope contradiction identified.,10,,17267;17268;17269;17270;17271;17272;17273;17274;17275;17276,"Onder verband geplaas || MANDOOR, EISGELD ONTVANG MAART 1837;  JH Neethling sr [£54-11-0], Carel G Blankenberg [£87-2-4], HJ Neethling H zn [£196-0-3]; Kry prize negroes in 1840; GG",Hz
3719,Neethling,Hendrik R?,Stellenbosch,retain,No affirmative source-note count or claim-scope contradiction identified.,6,,17287;17288;17289;17290;17291;17292,EIS BETAAL 3.3.1837; Jan Hendrik Hofmeyer; Hen. Johannes Neethling,Weduwee
3720,Neethling,Johan Carel,Stellenbosch,retain,No affirmative source-note count or claim-scope contradiction identified.,2,,17293;17294,EIS TOEGESTAAN MAART 1837; ONTVANG 22.9.1837; J.C. Neethling; J.H. Neethling,
3721,Neethling,Christiaan Ludolph,Stellenbosch,retain,No affirmative source-note count or claim-scope contradiction identified.,8,,17236;17237;17238;17240;17241;17242;17243;17244,EISGELD ONTVANG MAART 1837; J.H. Neethling; Johan van Blommestein,
3722,Le Roux,Gabriel Willem,Stellenbosch,retain,No affirmative source-note count or claim-scope contradiction identified.,2,,15593;15594,EISGELD ONTVANG MAART 1837,Weduwee
3724,Bosman,Johanna M,Stellenbosch,retain,No affirmative source-note count or claim-scope contradiction identified.,1,,12004,EIS GOEDGEKEUR IN LONDEN 15.7.37,"Abraham D en Petrus J, minderjariges"
3725,Albertyn,Jacobus,Stellenbosch,retain,No affirmative source-note count or claim-scope contradiction identified.,1,,11470,EISGELD ONTVANG MAART 1837; Johannes Albertyn,"Weduwee, Louis"
3726,Kuypers,Weduwee van Pieter Huybert,Stellenbosch,retain,No affirmative source-note count or claim-scope contradiction identified.,16,,15308;15309;15310;15311;15312;15313;15314;15315;15316;15317;15318;15319;15320;15321;15322;15323,EIS BETAAL 3.3.1837,
3727,Van Niekerk,Johannes,Stellenbosch,retain,No affirmative source-note count or claim-scope contradiction identified.,9,,19457;19458;19459;19460;19461;19462;19463;19464;19465,Abraham Johannes Marais en Hugo Hendrik Van Niekerk,Weduwee
3728,Roux,Jacobus,Stellenbosch,retain,No affirmative source-note count or claim-scope contradiction identified.,9,,18118;18119;18120;18121;18122;18123;18124;18125;18126,SKOENMAKER || EISGELD ONTVANG JANUARIE 1837,Weduwee
3729,Volsteed,Kenneth Nicolaas,Stellenbosch,retain,No affirmative source-note count or claim-scope contradiction identified.,1,,19625,KLEREMAKER; EISGELD ONTVANG MAART 1837,
3730,Roux,John Albertus,Stellenbosch,retain,No affirmative source-note count or claim-scope contradiction identified.,1,,18176,EISGELD ONTVANG MAART 1837,
3731,Cats,Boedel van J Adolf,Stellenbosch,retain,No affirmative source-note count or claim-scope contradiction identified.,1,,12240,EIS GOEDGEKEUR IN LONDEN 10.6.37; F.H. Volsteedt,
3732,De Korte,Ryno Johannes Godlieb,Stellenbosch,retain,No affirmative source-note count or claim-scope contradiction identified.,5,,12555;12556;12557;12558;12559,"Dorpstraat, gg",
3733,Victor,Jacob Daniel,Stellenbosch,retain,No affirmative source-note count or claim-scope contradiction identified.,1,,19545,,
3734,Victor,Susanna Sophia,Stellenbosch,retain,No affirmative source-note count or claim-scope contradiction identified.,1,,19546,,
3735,Victor,Wynand,Stellenbosch,retain,No affirmative source-note count or claim-scope contradiction identified.,7,,19547;19548;19549;19550;19551;19552;19553,EIS BETAAL 3.3.1837,Weduwee
3736,Marais,Charl,Stellenbosch,retain,No affirmative source-note count or claim-scope contradiction identified.,5,,16383;16384;16385;16386;16387,EIS BETAAL 3.3.1837,Weduwee
3737,Bosman,Petrus Jacobus,Stellenbosch,retain,No affirmative source-note count or claim-scope contradiction identified.,7,,12020;12021;12022;12023;12024;12025;12026,EIS BETAAL 3.3.1837,Weduwee
3738,Basson,Matthys Michiel,Stellenbosch,retain,No affirmative source-note count or claim-scope contradiction identified.,14,,11565;11566;11567;11568;11569;11570;11571;11572;11573;11574;11575;11576;11577;11578,EIS BETAAL 3.3.1837,
3739,Basson,Christ. Coenraad,Stellenbosch,retain,No affirmative source-note count or claim-scope contradiction identified.,15,,11542;11543;11544;11545;11546;11547;11548;11549;11550;11551;11552;11553;11554;11555;11556,"EIS GOEDGEKEUR IN LONDEN 15.7.37; C.C. Basson [£585-12-9],  M.M. Basson [£109-2-0]",MMz
3740,Lambrecht,Hugo Amos,Stellenbosch,retain,No affirmative source-note count or claim-scope contradiction identified.,16,,15333;15334;15335;15336;15337;15338;15339;15340;15341;15342;15343;15344;15345;15346;15347;15348,EIS BETAAL 3.3.1837,
3741,Bosman,Hermanus Stephanus,Stellenbosch,retain,No affirmative source-note count or claim-scope contradiction identified.,17,,11934;11935;11936;11937;11938;11939;11940;11941;11942;11943;11944;11945;11946;11947;11948;11949;11950,"GEDROS;   Hermanus Stephanus Bosman, Johannes Tromp || GEDROS",
3742,Coetzee,Dirk Johannes,Stellenbosch,retain,No affirmative source-note count or claim-scope contradiction identified.,4,,12469;12470;12471;12472,"Dirk Johannes Coetzee, Jasper Smit; GG 10.7.1840; eis nog nie geregistreer nie",Weduwee
3743,Du Toit,Daniel Matthys,Stellenbosch,retain,No affirmative source-note count or claim-scope contradiction identified.,3,,13697;13698;13699,"Goedgekeur in London 28.5.1837; D.M. Du Toit [£60-7-6], Carel F.H. von Ludwig [£29-7-6]",
3744,Ackerman,Dirk Wouter,Stellenbosch,exclude,same_UCL_and_exact_owner_in_multiple_districts,4,,11408;11409;11410;11411,EIS BETAAL 3.3.1837,
3745,Smuts,Jacobus Johannes,Stellenbosch,retain,No affirmative source-note count or claim-scope contradiction identified.,18,,18497;18498;18499;18500;18501;18502;18503;18504;18505;18506;18507;18508;18509;18510;18511;18512;18513;18514,EISGELD ONTVANG MAART 1837,Weduwee
3746,Joubert,Stephanus Gerhardus,Stellenbosch,retain,No affirmative source-note count or claim-scope contradiction identified.,8,,15086;15087;15088;15089;15090;15091;15092;15093,EIS BETAAL 3.3.1837,
3747,Maree,Martinus Gerhardus,Stellenbosch,retain,No affirmative source-note count or claim-scope contradiction identified.,5,,16656;16657;16658;16659;16660,"Goedgekeur in London 28.5.1837; M.G. Maree [£21-0-11],  Andries Rekla [£63-7-1]",
3748,Prins,Jurianus Martinus,Stellenbosch,retain,No affirmative source-note count or claim-scope contradiction identified.,1,,17499,EIS BETAAL 3.3.1837,
3749,Walters,Stephanus Sebastiaan,Stellenbosch,retain,No affirmative source-note count or claim-scope contradiction identified.,15,,19679;19680;19681;19682;19683;19684;19685;19686;19687;19688;19689;19690;19691;19692;19693,EIS GOEDGEKEUR 3.3.1837; BETAAL 2.6.1837,
3750,Walters,Matthys Michielse,Stellenbosch,retain,No affirmative source-note count or claim-scope contradiction identified.,8,,19670;19671;19672;19673;19674;19675;19676;19677,"GROFSMID; EISGELD ONTVANG MAART 1837; Weduwee Stephanus Jordaan S zn [£53-8-6], M.M. Walters [£165-15-8] || GG 21.11.1834; Slaf as droster in Kaap aangehou",
3751,Vercuiel,Jacobus,Stellenbosch,retain,No affirmative source-note count or claim-scope contradiction identified.,3,,19536;19537;19538,Matthys M. Basson,Andries zn
3752,Du Toit,Johannes Petrus,Stellenbosch,retain,No affirmative source-note count or claim-scope contradiction identified.,22,,13881;13882;13883;13884;13885;13886;13887;13888;13889;13890;13891;13892;13893;13894;13895;13896;13897;13898;13899;13900;13901;13902,"Goedgekeur in London 28.5.1837; Weduwee J. Basson [£154-10-7],  Matthys M. Basson M zn [£35-17-1], Matthys M. Basson Jan zn  en die res van, D.M. du Toit , Hugo H. Loedolf [£580-14-3] || WADRYWER",
3755,Louw,Jacobus Gideon,Stellenbosch,retain,No affirmative source-note count or claim-scope contradiction identified.,8,,15862;15863;15864;15865;15866;15867;15868;15869,Goedgekeur in London 28.5.1837; H.W.J.G. Louw,JH zn
3756,Bauermeister,Johannes Jacob Nicolaas,Stellenbosch,retain,No affirmative source-note count or claim-scope contradiction identified.,14,,11605;11606;11607;11608;11609;11610;11611;11612;11613;11614;11615;11616;11617;11618,"Johannes Jacobus Nicolaas Bauermeister, Andries Brink, Hans Hendrik Wicht",
3757,Kotze,Jan Hendrik,Stellenbosch,retain,No affirmative source-note count or claim-scope contradiction identified.,7,,15218;15219;15220;15221;15222;15223;15224,"Jan Jacob Nicolaas Bauermeister, Jan Hendrik Kotze",
3759,Lambregt,Michiel Pieter,Stellenbosch,retain,No affirmative source-note count or claim-scope contradiction identified.,4,,15349;15350;15351;15352,EISGELD ONTVANG MAART 1837,P zn
3760,Van Niekerk,Albertus G/Berhardus Willem,Stellenbosch,retain,No affirmative source-note count or claim-scope contradiction identified.,25,,19372;19373;19374;19375;19376;19377;19378;19379;19380;19381;19382;19383;19384;19385;19386;19387;19388;19389;19390;19391;19392;19393;19394;19395;19396,EIS GOEDGEKEUR IN LONDEN 15.7.37; BETAAL 27.10.1837,
3761,Rowe,Rowe,Stellenbosch,retain,No affirmative source-note count or claim-scope contradiction identified.,1,,18238,EISGELD ONTVANG MAART 1837,
3762,Jurgens,Engela Maria,Stellenbosch,retain,No affirmative source-note count or claim-scope contradiction identified.,5,,15125;15126;15127;15128;15129,EIS BETAAL 3.3.1837; Weduwee Jan David Jurgens,Adriaan
3763,Van Reenen,Aletta Elizabeth Hendrina,Stellenbosch,retain,No affirmative source-note count or claim-scope contradiction identified.,2,,19470;19471,"EIS GOEDGEKEUR IN LONDEN 10.6.37; Aletta Elizabeth Hendrina Van Reenen; BANKROTVEILING VAN JACOB WILLEM VAN REENEN VAN PLAAS MET DIESELFDE NAAM, GG 30.4.1841",
3764,Theunissen,Martinus Wilhelmus,Stellenbosch,retain,No affirmative source-note count or claim-scope contradiction identified.,4,,18705;18706;18712;18718,"M.W. Theunissen [£39-9-10],  N.V. Wielligh [£137-7-11]",
3765,Van Wielingh,Nicolaas V,Stellenbosch,retain,No affirmative source-note count or claim-scope contradiction identified.,28,,19501;19502;19503;19504;19505;19506;19507;19508;19509;19510;19511;19512;19513;19514;19515;19516;19517;19518;19519;19520;19521;19522;19523;19524;19525;19526;19527;19528,GROFSMIT || EISGELD ONTVANG MAART 1837,
3767,Mostert,Nicolaas Gerhardus,Stellenbosch,retain,No affirmative source-note count or claim-scope contradiction identified.,10,,17016;17017;17018;17019;17020;17021;17022;17023;17024;17025,"Richard Weber Eaton,  Johannes Tobias Jurgens, Gregorius Leewner, Nicolaas Mostert, George Wolfgang Spengler",
3768,Scheunsdorf,Hendrik Hermanus,Stellenbosch,review,"Source has additional party, claimant, payment-recipient or cross-reference wording; no affirmative UCL/BPP count or additional-slave contradiction established. Do not exclude merely for creditor/recipient names.",23,,18255;18256;18257;18258;18259;18260;18261;18262;18263;18264;18265;18266;18267;18268;18269;18270;18271;18272;18273;18274;18275;18276;18277,"EISGELD ONTVANG MAART 1837; Nicolaas Bamberger [£71-14-2],  W.J. Bergh [£202-6-11],  Andries Brink Daniel zn [£187-4-4],  Abraham de Smidt [£71-14-2],  Abraham Pieter Herholdt [£56-19-10], Weduwee Ryk le Sueur [£35-171], F.H. Scheundorff [£36-9-5],  R.A. Zeederberg [£35-17-1]; ook SCHEUNDORFF",
3769,Mostert,Nicolaas Everardus,Stellenbosch,retain,No affirmative source-note count or claim-scope contradiction identified.,21,,16995;16996;16997;16998;16999;17000;17001;17002;17003;17004;17005;17006;17007;17008;17009;17010;17011;17012;17013;17014;17015,"P.F.R. de Villiers, Johannes Joseph Jurgens, Johan George Steytler, Christiaan Andreas Van den Burgh || INSOLVENSIE 1835 VEILING 22.9.1835 GG",
3771,De Beer,Michiel Johannes,Stellenbosch,retain,No affirmative source-note count or claim-scope contradiction identified.,4,,12519;12520;12521;12522,"EISGELD ONTVANG MAART 1837; In 1826 is Johanna Jacoba van Niekerk oorlede en is haar man, Michiel Johannes de Beer die erfgenaam. Die inventaris lys Carolina van die Kaap, 15 jaar oud, 2000 Rds, Debora van die Kaap, 12, 1500 Rds en Karel van die Kaap [slavejongetje] teen Rds 1500",
3772,Van Helsdingen,Jan Guilliam,Stellenbosch,retain,No affirmative source-note count or claim-scope contradiction identified.,8,,19308;19309;19310;19311;19312;19313;19314;19315,EIS BETAAL 3.3.1837,Weduwee
3773,Beyers,Christiaan Frederik,Stellenbosch,retain,No affirmative source-note count or claim-scope contradiction identified.,44,,11667;11668;11669;11670;11671;11672;11673;11674;11675;11676;11677;11678;11679;11680;11681;11682;11683;11684;11685;11686;11687;11688;11689;11690;11691;11692;11693;11694;11695;11696;11697;11698;11699;11700;11701;11702;11703;11704;11705;11706;11707;11708;11709;11710,"GEDROS; EIS BETAAL 3.3.1837; Christiaan Fredrik Beyers [£1427-7-0],   J.H. Groenewald [£101-15-4]",
3774,Cloete,Frederik  Ryk Arnoldus,Stellenbosch,retain,No affirmative source-note count or claim-scope contradiction identified.,10,,12364;12365;12366;12367;12368;12369;12370;12371;12372;12373,EIS BETAAL 3.3.1837; D.R.A Cloete,
3775,Myburgh,Ryk Hendrik,Stellenbosch,retain,No affirmative source-note count or claim-scope contradiction identified.,27,,17202;17203;17204;17205;17206;17207;17208;17209;17210;17211;17212;17213;17214;17215;17216;17217;17218;17219;17220;17221;17222;17223;17224;17225;17226;17227;17228,EISGELD ONTVANG MAART 1837; ontvang prize negroes op 11.9.1840 [28.9.1840],
3776,Myburgh,Ryk Hendrik,Stellenbosch,retain,No affirmative source-note count or claim-scope contradiction identified.,5,,17229;17230;17231;17232;17233,,Jan zn
3778,Beyers,Martinus,Stellenbosch,retain,No affirmative source-note count or claim-scope contradiction identified.,22,,11805;11806;11807;11808;11809;11810;11811;11812;11813;11814;11815;11816;11817;11818;11819;11820;11821;11822;11823;11824;11825;11826,"Jannetje v Mosambiek, 60 jr oud in 1815, sterf 1825 || EIS BETAAL 3.3.1837; Kry prize negroes in Februarie 1840",
3779,Groenewald,Coenraad Johannes,Stellenbosch,exclude,same_UCL_and_exact_owner_in_multiple_districts,11,,14375;14376;14377;14378;14379;14380;14381;14382;14383;14384;14385,EIS BETAAL 3.3.1837,
3780,Cats,Hendrik Christiaan,Stellenbosch,retain,No affirmative source-note count or claim-scope contradiction identified.,5,,12241;12242;12243;12244;12245,"SKOENMAKER || Michiel Christiaan A. Neethling [£44-1-5], Hercules A. Sandenbergh en Pieter J. Sandenbergh [£170-12-1]",
3781,Cats,Samuel Johannes,Stellenbosch,retain,No affirmative source-note count or claim-scope contradiction identified.,8,,12246;12247;12248;12249;12250;12251;12252;12253,"Onder verband geplaas || M.C.A. Neethling, Hercules Sandenbergh, P. Sandenbergh, Weduwee Petrus Canzuis van Blommestein, Petrus Canzuis van Blommestein || M.C.A. Neethling [£67-10-0], Hercules Sandenbergh en P. Sandenbergh [£52-2-10], Weduwee Petrus Canzuis van Blommestein [£58-15-1], Petrus Canzuis van Blommestein [£28-12-6] || HET ERF (unsure)",
3781,Sandenberg,Pieter Jacobus,Cape,review,"Source has additional party, claimant, payment-recipient or cross-reference wording; no affirmative UCL/BPP count or additional-slave contradiction established. Do not exclude merely for creditor/recipient names.",8,,82;83;84;85;86;87;88;89,"UCL=8, plus Neetling, van Blommenstein",
3782,Esterhuizen,Hermanus Christoffel,Stellenbosch,retain,No affirmative source-note count or claim-scope contradiction identified.,17,,14022;14023;14024;14025;14026;14027;14028;14029;14030;14031;14032;14033;14034;14035;14036;14037;14038,EIS BETAAL 3.3.1837 || MANDOOR,
3783,Vos,Nicolaas Gabriel,Stellenbosch,retain,No affirmative source-note count or claim-scope contradiction identified.,2,,19650;19651,EIS BETAAL 3.3.1837,
3784,Michau,Johannes,Stellenbosch,retain,No affirmative source-note count or claim-scope contradiction identified.,20,,16686;16687;16688;16689;16690;16691;16692;16693;16694;16695;16696;16697;16698;16699;16700;16701;16702;16703;16704;16705,KUIPER || EISGELD ONTVANG MAART 1837; Anna Catharina Mechau,Senior
3786,De Waal,Arend,Stellenbosch,retain,No affirmative source-note count or claim-scope contradiction identified.,1,,13471,"Johanna Elizabeth Bosman, Tobias Johannes Herold",Arend zn
3787,De Villiers,David,Stellenbosch,retain,No affirmative source-note count or claim-scope contradiction identified.,2,,12914;12915,"David Hendrik de Villiers, Petrus François de Villiers",Pieter zn
3788,De Villiers,Pieter Francois,Stellenbosch,retain,No affirmative source-note count or claim-scope contradiction identified.,5,,13300;13301;13302;13303;13304,"D.J. Aspeling, Augusta Wilhelmina Magdalena Thalman, F.S. Watermeyer",D.  Zn
3789,Bosman,Jan Christoffel,Stellenbosch,retain,No affirmative source-note count or claim-scope contradiction identified.,18,,11986;11987;11988;11989;11990;11991;11992;11993;11994;11995;11996;11997;11998;11999;12000;12001;12002;12003,EISGELD ONTVANG MAART 1837 || GEDROS,
3790,Fischer,Pieter Ulrich,Stellenbosch,retain,No affirmative source-note count or claim-scope contradiction identified.,11,,14216;14217;14218;14219;14220;14221;14222;14223;14224;14225;14226,"""BUTLER"" || MANDOOR;   EIS BETAAL 3.3.1837; Kry prize negroes in Februarie 1840",
3791,Fischer,Jacobus George,Stellenbosch,retain,No affirmative source-note count or claim-scope contradiction identified.,26,,14188;14189;14190;14191;14192;14193;14194;14195;14196;14197;14198;14199;14200;14201;14202;14203;14205;14206;14208;14209;14210;14211;14212;14213;14214;14215,"SKRYNWERKER || Dros as appretice in 1839, 1 pond beloning, GG 15.11.1839 || SKOENMAKER || EIS BETAAL 3.3.1837; Kry prize negroes in Februarie 1840; GG || KLEREMAKER",
3792,Bosman,Isaac Petrus,Stellenbosch,retain,No affirmative source-note count or claim-scope contradiction identified.,15,,11962;11963;11964;11965;11966;11967;11968;11969;11970;11971;11972;11973;11974;11975;11976,EIS GOEDGEKEUR IN LONDEN 15.7.37; Isaac Pieter Bosman; David Pieter de Villiers || GEDROS; BOTTELARY,Pieter zn
3793,De Villiers,Johannes Nicolaas,Stellenbosch,retain,No affirmative source-note count or claim-scope contradiction identified.,16,,13220;13221;13222;13223;13224;13225;13226;13227;13228;13229;13230;13231;13232;13233;13234;13235,BETAAL 27.10.1837; Abraham Pieter de Villiers [£64-10-9]; J.N. de Villiers [£303-4-0] || MESSELAAR,
3794,Bosman,Hermanus / Stephanus,Stellenbosch,retain,No affirmative source-note count or claim-scope contradiction identified.,29,,11897;11898;11899;11900;11901;11902;11903;11904;11905;11906;11907;11908;11909;11910;11911;11912;11913;11914;11915;11916;11917;11918;11919;11920;11921;11922;11923;11924;11925,Casparus Johannes Bosman; Isaac Daniel Bosman; Jacobus Petrus Bosman; Johannes Jacobus Bosman; Sarah Bosman; Abraham de Smidt; Simon Stronck; Gabriel Jacobus Vos; Hans Hendrik Wicht,sr (unsure)
3795,Van der Byl,Pieter Gerhardus,Stellenbosch,retain,No affirmative source-note count or claim-scope contradiction identified.,17,,18916;18917;18918;18919;18920;18921;18922;18923;18924;18925;18926;18927;18928;18929;18930;18931;18932,EIS GOEDGEKEUR 3.3.1837; BETAAL 27.10.1837 P.G. v. d. Byl [£326-2-10]; J.J. van den Berg [£300-0-0]; ontvang prize negroes op 11.9.1840 [28.9.1840],A zn
3796,Cloete,Hendrik,Stellenbosch,retain,No affirmative source-note count or claim-scope contradiction identified.,35,,12374;12375;12376;12377;12378;12379;12380;12381;12382;12383;12384;12385;12386;12387;12388;12389;12390;12391;12392;12393;12394;12395;12396;12397;12398;12399;12400;12401;12402;12403;12404;12405;12406;12407;12408,Hendrik Cloete; Philippus Albertus Cloete || BAKKER,Dirk zn
3797,Joubert,Gideon Johannes,Stellenbosch,retain,No affirmative source-note count or claim-scope contradiction identified.,17,,15016;15017;15018;15019;15020;15021;15022;15023;15024;15025;15026;15027;15028;15029;15030;15031;15032,Rymier Christiaan Hoets; Gideon Johannes Joubert || SLAGTER,Gideon zn
3798,"Joubert, GJ",Anna Elizabeth Johanna B??,Stellenbosch,retain,No affirmative source-note count or claim-scope contradiction identified.,1,,15124,EIS GOEDGEKEUR IN LONDEN 10.6.37; G.J. Joubert,
3799,Albertyn,Christoffel,Stellenbosch,retain,No affirmative source-note count or claim-scope contradiction identified.,4,,11427;11428;11429;11430,Wed. C.J. Albertyn [£27-19-2]; Wed. P.H. Kuypers [£143-15-9],Weduwee
38,Grobbelaar / Gubelaar,Carel Christiaan,Beaufort,retain,No affirmative source-note count or claim-scope contradiction identified.,1,,36074,BPP=1,
3800,Joubert,Johanna Wilhelmina en Margareta Maria,Stellenbosch,retain,No affirmative source-note count or claim-scope contradiction identified.,3,,15043;15044;15045,EIS GOEDGEKEUR IN LONDEN 15.7.37,
3801,Beyers,Jan Andries,Stellenbosch,retain,No affirmative source-note count or claim-scope contradiction identified.,27,,11771;11772;11773;11774;11775;11776;11777;11778;11779;11780;11781;11782;11783;11784;11785;11786;11787;11788;11789;11790;11791;11792;11793;11794;11795;11796;11797,"SKOENMAKER || AFGELEEF; EIS BETAAL 3.3.1837;  Kry prize negroes in Februarie 1840 || MANDOOR, Oud",Weduwee
3802,Beyers,Jan David,Stellenbosch,retain,No affirmative source-note count or claim-scope contradiction identified.,5,,11798;11799;11800;11801;11802,EISGELD ONTVANG MAART 1837; Oud,
3803,Bierman,Petrus Johannes Jacobus,Stellenbosch,retain,No affirmative source-note count or claim-scope contradiction identified.,3,,11828;11829;11830,J.T. Jurgens,
3804,Albertyn,Hendrik Adam,Stellenbosch,retain,No affirmative source-note count or claim-scope contradiction identified.,22,,11438;11439;11440;11441;11442;11443;11444;11445;11446;11447;11448;11449;11450;11451;11452;11453;11454;11455;11456;11457;11458;11459,EISGELD ONTVANG MAART 1837,Weduwee
3805,Albertyn,Hendrik Adam,Stellenbosch,retain,No affirmative source-note count or claim-scope contradiction identified.,7,,11431;11432;11433;11434;11435;11436;11437,Kry prize negroes in Februarie 1840,
3806,Cloete,Andries Christoffel,Stellenbosch,retain,No affirmative source-note count or claim-scope contradiction identified.,18,,12329;12330;12331;12332;12333;12334;12335;12336;12337;12338;12339;12340;12341;12342;12343;12344;12345;12346,EIS BETAAL 3.3.1837; Kry prize negroes in Februarie 1840,Dirk zn
3807,Hamman,Johannes Nicolaas,Stellenbosch,retain,No affirmative source-note count or claim-scope contradiction identified.,15,,14424;14425;14426;14427;14428;14429;14430;14431;14432;14433;14434;14435;14436;14437;14438,"EISGELD ONTVANG MAART 1837; M.E. Bosman [£89-1-10],  J.N. Hamman [£287-2-2], P. Roux [£107-11-3]",
3808,Hamman,Pieter Eduard,Stellenbosch,retain,No affirmative source-note count or claim-scope contradiction identified.,24,,14450;14451;14452;14453;14454;14455;14456;14457;14458;14459;14460;14461;14462;14463;14464;14465;14466;14467;14468;14469;14470;14471;14472;14473,Onder verband geplaas || EIS BETAAL 3.3.1837,
3809,Van Niekerk,Hester Cecilia,Stellenbosch,retain,No affirmative source-note count or claim-scope contradiction identified.,3,,19439;19440;19441,EIS BETAAL 3.3.1837,Weduwee
3810,Snyman,Joachim Hermanus,Stellenbosch,retain,No affirmative source-note count or claim-scope contradiction identified.,7,,18562;18563;18564;18565;18566;18567;18568,J.H. Groenewald; J.H. Snyman,
3812,Hamman,Josias Hendrik,Stellenbosch,retain,No affirmative source-note count or claim-scope contradiction identified.,11,,14439;14440;14441;14442;14443;14444;14445;14446;14447;14448;14449,EIS BETAAL 3.3.1837,sr
3813,De Villiers,Jan Pieter,Stellenbosch,review,"Source has additional party, claimant, payment-recipient or cross-reference wording; no affirmative UCL/BPP count or additional-slave contradiction established. Do not exclude merely for creditor/recipient names.",10,,13164;13165;13166;13167;13168;13169;13170;13171;13172;13173,"EISGELD ONTVANG MAART 1837; J.G. Blanckenberg,  H. Cloete sr, J.H. Lesar en Weduwee W. Udemans saam: [58-15-1]; P.M. Brink [159-16-10], Weduwee J.P. de Villiers [46-13-6] || BAKKER",Jan zn
3814,Cloete,Adriaan Philippus,Stellenbosch,exclude,same_UCL_and_exact_owner_in_multiple_districts,24,,12305;12306;12307;12308;12309;12310;12311;12312;12313;12314;12315;12316;12317;12318;12319;12320;12321;12322;12323;12324;12325;12326;12327;12328,KLEREMAKER || Adriaan Philippus Cloete; Jacob Pieter Laurens Cloete; Weduwee Stephanus Hoffmeyer; Pieter Voltelin Van der Byl; Johan Christiaan Wrensch || By Proctor (unsure),Dolf zn
3815,De Wet,Gerrit Hendrik,Stellenbosch,retain,No affirmative source-note count or claim-scope contradiction identified.,27,,13499;13500;13501;13502;13503;13504;13505;13506;13507;13508;13509;13510;13511;13512;13513;13514;13515;13516;13517;13518;13519;13520;13521;13522;13523;13524;13525,"KOK || EISGELD GOEDGEKEUR MAART 1837; BETAAL 27.10.1837; Weduwee van Wilhelmus Cornelis Arents [£414-9-5]; Gerrit H. de Wet [£100-5-6]; J.J.L. Smuts [£301-4-7]; kry prize negroes 1840, GG || SKRYNWERKER",
3816,Ballot,Elizabeth,Stellenbosch,retain,No affirmative source-note count or claim-scope contradiction identified.,14,,11528;11529;11530;11531;11532;11533;11534;11535;11536;11537;11538;11539;11540;11541,"E.W. Cruywagen, Weduwee Ballot [£295-17-7]; J. de Wet [£383-12-11]; J.H. Hoffmeyer [£91-0-9]",Weduwee
3817,Daneel,Berdinus Richard,Stellenbosch,retain,No affirmative source-note count or claim-scope contradiction identified.,18,,12500;12501;12502;12503;12504;12505;12506;12507;12508;12509;12510;12511;12512;12513;12514;12515;12516;12517,SKRYNWERKER || EIS BETAAL 3.3.1837 || MESSELAAR,
3818,Roux,Jacobus Petrus,Stellenbosch,review,"Source has additional party, claimant, payment-recipient or cross-reference wording; no affirmative UCL/BPP count or additional-slave contradiction established. Do not exclude merely for creditor/recipient names.",48,,18070;18071;18072;18073;18074;18075;18076;18077;18078;18079;18080;18081;18082;18083;18084;18085;18086;18087;18088;18089;18090;18091;18092;18093;18094;18095;18096;18097;18098;18099;18100;18101;18102;18103;18104;18105;18106;18107;18108;18109;18110;18111;18112;18113;18114;18115;18116;18117,MESSELAAR || Goedgekeur in London 28.5.1837; Gabriel Louw en G.H. Maasdorp saam [£180-16-3]; J.P. Roux [£1275-8-8]; J.W. v. D. Riet [£144-19-2],"Jac zn, sr"
3819,Roux,Rykje Woutrina,Stellenbosch,retain,No affirmative source-note count or claim-scope contradiction identified.,3,,18235;18236;18237,EIS GOEDGEKEUR IN LONDEN 10.6.37,
3820,Vos,Hendrik,Stellenbosch,retain,No affirmative source-note count or claim-scope contradiction identified.,7,,19628;19629;19630;19631;19632;19633;19634,GROFSMIT || EIS GOEDGEKEUR IN LONDEN 15.7.37; Egbert Andries Buyskes,"Hz, Jr"
3822,Alexander,Johannes,Stellenbosch,retain,No affirmative source-note count or claim-scope contradiction identified.,1,,11471,Johannes Alexander; Adolph Samuel Van Coller,
3823,Roux,Paul,Stellenbosch,retain,No affirmative source-note count or claim-scope contradiction identified.,27,,18206;18207;18208;18209;18210;18211;18212;18213;18214;18215;18216;18217;18218;18219;18220;18221;18222;18223;18224;18225;18226;18227;18228;18229;18230;18231;18232,,Weduwee Elizabeth [Storm]
3824,Roux,Hendrik Jacobus Storm,Stellenbosch,retain,No affirmative source-note count or claim-scope contradiction identified.,1,,18037,,
3825,Roux,Paul,Stellenbosch,retain,No affirmative source-note count or claim-scope contradiction identified.,4,,18182;18190;18193;18195,,Paul zn
3826,Jacobs,Daniel Jacobus,Stellenbosch,retain,No affirmative source-note count or claim-scope contradiction identified.,25,,14893;14894;14895;14896;14897;14898;14899;14900;14901;14902;14903;14904;14905;14906;14907;14908;14909;14910;14911;14912;14913;14914;14915;14916;14917,Daniel Jacobus Jacobs; Simon Stronck,
3827,Atkinson,William Octavius,Stellenbosch,retain,No affirmative source-note count or claim-scope contradiction identified.,10,,11500;11501;11502;11503;11504;11505;11506;11507;11508;11509,EIS BETAAL 3.3.1837,
3828,Otto,Hendrik Johannes,Stellenbosch,retain,No affirmative source-note count or claim-scope contradiction identified.,1,,17446,,
3829,Roux,Daniel Francois,Stellenbosch,retain,No affirmative source-note count or claim-scope contradiction identified.,9,,18009;18010;18011;18012;18013;18014;18015;18016;18017,Johan Christiaan Wrensch,J zn
3830,"Lamberts, Martins",Willem,Stellenbosch,retain,No affirmative source-note count or claim-scope contradiction identified.,9,,15324;15325;15326;15327;15328;15329;15330;15331;15332,MESSELAAR; Jan Christian Harms; Johannes Hartogh,Weduwee
3831,Faure,Pieter Hendrik,Stellenbosch,retain,No affirmative source-note count or claim-scope contradiction identified.,14,,14144;14145;14146;14147;14148;14149;14150;14151;14152;14153;14154;14155;14156;14157,"P.H. Faure, J zn [£60-8-8]; P.D. Luckhoff [£430-7-6]",
3832,Hoffman,Willem Daniel,Stellenbosch,retain,No affirmative source-note count or claim-scope contradiction identified.,2,,14782;14783,P.H. Faure,
3834,"Faure,",Pieter Henrik en Johannes Gysbertus,Stellenbosch,retain,No affirmative source-note count or claim-scope contradiction identified.,1,,14159,J.G. Faure; P.H. Faure,
3835,Faure,Antony,Stellenbosch,retain,No affirmative source-note count or claim-scope contradiction identified.,1,,14088,EIS GOEDGEKEUR IN LONDEN 15.7.37; P.D. Hohne,oorlede
3836,Wium,Wouter Eduard,Stellenbosch,retain,No affirmative source-note count or claim-scope contradiction identified.,18,,19764;19765;19766;19767;19768;19769;19770;19771;19772;19773;19774;19775;19776;19777;19778;19779;19780;19781,EIS BETAAL 3.3.1837; P.C. v. Blommestein [£31-16-2]; W.E. Wium [£422-8-7]; kry prize negroes 1840; GG 1840,
3837,Vermeulen,Sybrand Coenraad,Stellenbosch,retain,No affirmative source-note count or claim-scope contradiction identified.,1,,19539,Jan Hendrik Hofmeyer; GG 26.6.1840; eis nog nie ingedien nie,
3838,Neethling,Pieter Gerhardus,Stellenbosch,retain,No affirmative source-note count or claim-scope contradiction identified.,21,,17317;17318;17319;17320;17321;17322;17323;17324;17325;17326;17327;17328;17329;17330;17331;17332;17333;17334;17335;17336;17337,"EIS GOEDGEKEUR IN LONDEN 15.7.37; Pieter Gerard Neethling; Rykje Hester Van der Byl; WYNAND, JONKERS; Kry prize negroes in 1840; GG",
3839,Marais,Charles Gerhardus,Stellenbosch,retain,No affirmative source-note count or claim-scope contradiction identified.,22,,16389;16390;16391;16392;16393;16394;16395;16396;16397;16398;16399;16400;16401;16402;16403;16404;16405;16406;16407;16408;16409;16410,BOOTSMAN || EIS BETAAL 3.3.1837,
3840,Van Blommesteyn,Petrus Canjius,Stellenbosch,retain,No affirmative source-note count or claim-scope contradiction identified.,18,,18795;18796;18797;18798;18799;18800;18801;18802;18803;18804;18805;18806;18807;18808;18809;18810;18811;18812,EIS BETAAL 3.3.1837,
3841,De Milander,Isak Johannes,Stellenbosch,retain,No affirmative source-note count or claim-scope contradiction identified.,22,,12700;12701;12702;12703;12704;12705;12706;12707;12708;12709;12710;12711;12712;12713;12714;12715;12716;12717;12718;12719;12720;12721,KLEREMAKER || MESSELAAR || EIS GOEDGEKEUR IN LONDEN 15.7.37; Albertus Philippus Hiebner; Weduwee Michiel Christiaan Ackerman Neethling; Johan Van Blommestein; Petrus Canzins Van Blommestein; INSOLVENT 26.1.1838,
3842,Olthof,Elizabeth,Stellenbosch,retain,No affirmative source-note count or claim-scope contradiction identified.,1,,17426,EIS BETAAL 3.3.1837,minderjarig
3843,Grundling,Pieter Daniel,Stellenbosch,retain,No affirmative source-note count or claim-scope contradiction identified.,7,,14396;14397;14398;14399;14400;14401;14402,Adriaan de Waal; P.D. Grundlingh,
3844,Fick,Coenraad Johannes,Stellenbosch,retain,No affirmative source-note count or claim-scope contradiction identified.,20,,14167;14168;14169;14170;14171;14172;14173;14174;14175;14176;14177;14178;14179;14180;14181;14182;14183;14184;14185;14186,EIS BETAAL 3.3.1837; Kry prize negroes in Februarie 1840,
3845,Marais,Petrus Johannes,Stellenbosch,retain,No affirmative source-note count or claim-scope contradiction identified.,16,,16537;16538;16539;16540;16541;16542;16543;16544;16545;16546;16547;16548;16549;16550;16551;16552,"EIS GOEDGEKEUR MAART 1837; BETAAL 27.10.1837; Johannes Tromp [£35-17-1]; P.J. Marais, C zn [£384-10-11]",Charl zn
3846,Ackerman,Christiaan (Servaas),Stellenbosch,retain,No affirmative source-note count or claim-scope contradiction identified.,27,,11379;11380;11381;11382;11383;11384;11385;11386;11387;11388;11389;11390;11391;11392;11393;11394;11395;11396;11397;11398;11399;11400;11401;11402;11403;11404;11405,EISGELD ONTVANG MAART 1837,
3847,Ackerman,Christiaan Johan Godlieb,Stellenbosch,retain,No affirmative source-note count or claim-scope contradiction identified.,2,,11406;11407,J. v. Blommestein [£29-1-2]; W.E. Wium sr [£41-18-2],
3848,Vos,Lambert Johannes,Stellenbosch,retain,No affirmative source-note count or claim-scope contradiction identified.,11,,19639;19640;19641;19642;19643;19644;19645;19646;19647;19648;19649,EIS BETAAL 3.3.1837,Hendrik zn
3849,Neethling,Johannes Henoch,Stellenbosch,retain,No affirmative source-note count or claim-scope contradiction identified.,14,,17295;17296;17297;17298;17299;17300;17301;17302;17303;17304;17305;17306;17307;17308,ONTVANG  EISGELD OP 24.2.1837 ; GG,M zn
3850,Haupt,Cornelis Ernest,Stellenbosch,retain,No affirmative source-note count or claim-scope contradiction identified.,12,,14574;14575;14576;14577;14578;14579;14580;14581;14582;14583;14584;14585,EIS BETAAL 3.3.1837,Weduwee  Ponte (unsure)
3851,De Villiers,Louisa Elizabeth,Stellenbosch,retain,No affirmative source-note count or claim-scope contradiction identified.,1,,13246,EIS GOEDGEKEUR IN LONDEN 15.7.37; Isaac Jacobus de Villiers,minderjarig
3852,Joubert,Willem Adolph,Stellenbosch,retain,No affirmative source-note count or claim-scope contradiction identified.,17,,15095;15096;15097;15098;15099;15100;15101;15102;15103;15104;15105;15106;15107;15108;15109;15110;15111,TAYLOR   David Pieter de Villiers; Willem Adolph Joubert; Johannes Wymand Louw,D zn
3853,Joubert,Willem Adolph en Petrus Jacobus,Stellenbosch,retain,No affirmative source-note count or claim-scope contradiction identified.,1,,15094,EIS BETAAL 3.3.1837,
3854,Joubert,Petrus Jacobus,Stellenbosch,retain,No affirmative source-note count or claim-scope contradiction identified.,5,,15050;15051;15052;15053;15054,EIS GOEDGEKEUR IN LONDEN 15.7.37,Dz?
3855,Joubert,Gideon Johannes,Stellenbosch,retain,No affirmative source-note count or claim-scope contradiction identified.,10,,15033;15034;15035;15036;15037;15038;15039;15040;15041;15042,EIS BETAAL 3.3.1837; Willem Adolph Joubert || MESSELAAR,Weduwee
3856,Krige,Willem Adolph,Stellenbosch,retain,No affirmative source-note count or claim-scope contradiction identified.,27,,15265;15266;15267;15269;15270;15271;15272;15273;15274;15275;15276;15277;15279;15280;15281;15282;15283;15284;15285;15286;15287;15288;15289;15291;15293;15296;15297,KLEREMAKER || EIS BETAAL 3.3.1837,
3857,De Waal,Pieter,Stellenbosch,retain,No affirmative source-note count or claim-scope contradiction identified.,3,,13482;13483;13484,Jonas Van der Poel; J. Vander Poel,Arend zn
3858,Louw,Adriaan Johannes,Stellenbosch,retain,No affirmative source-note count or claim-scope contradiction identified.,8,,15796;15797;15798;15799;15800;15801;15802;15803,EIS BETAAL 3.3.1837,Adriaan zn
3859,Louw,Daniel Johannes,Stellenbosch,retain,No affirmative source-note count or claim-scope contradiction identified.,9,,15832;15833;15834;15835;15836;15837;15838;15839;15840,Onder verband geplaas || I.G.G. Lindenberg; EIS BETAAL 3.3.1837; Onder verband geplaas,Adriaan zn
3860,Van Blommenstein,Johannes Michiel Adriaan,Stellenbosch,retain,No affirmative source-note count or claim-scope contradiction identified.,9,,18785;18786;18787;18788;18789;18790;18791;18792;18793,J.M.A.V. Blommstein; Michiel Christiaan Ackerman Neethling; Adolph Samuel Van Blommestein; Petrus Canzins Van Blommestein; Andries Christoffel Van der Byl,
3861,Roux,Jacob,Stellenbosch,retain,No affirmative source-note count or claim-scope contradiction identified.,9,,18038;18039;18040;18041;18042;18043;18044;18045;18046,EIS GOEDGEKEUR IN LONDEN 10.6.37; JB Roux,
3862,De Villiers,Charles,Stellenbosch,retain,No affirmative source-note count or claim-scope contradiction identified.,1,,12870,EIS BETAAL 3.3.1837; C.J.D. Villiers,Pieter zn
3863,Bosman,Daniel,Stellenbosch,retain,No affirmative source-note count or claim-scope contradiction identified.,11,,11882;11883;11884;11885;11886;11887;11888;11889;11890;11891;11892,BANDIET; Pieter Korsten; Carel Pieter Lindenberg; VLAGGEBERG || KOETSIER,sr
3864,Neethling,Hendrik Ludolph,Stellenbosch,exclude,same_UCL_and_exact_owner_in_multiple_districts,10,,17277;17278;17279;17280;17281;17282;17283;17284;17285;17286,ONTVANG  EISGELD OP 24.2.1837 ; GG,M zn
3865,Van der Byl,Philippus Johannes,Stellenbosch,retain,No affirmative source-note count or claim-scope contradiction identified.,32,,18884;18885;18886;18887;18888;18889;18890;18891;18892;18893;18894;18895;18896;18897;18898;18899;18900;18901;18902;18903;18904;18905;18906;18907;18908;18909;18910;18911;18912;18913;18914;18915,EIS GOEDGEKEUR 3.3.1837; BETAAL 2.6.1837; ontvang prize negroes op 11.9.1840 [28.9.1840],P zn
3866,Van der Byl,Pieter Vontelen,Stellenbosch,retain,No affirmative source-note count or claim-scope contradiction identified.,53,,18933;18934;18935;18936;18937;18938;18939;18940;18941;18942;18943;18944;18945;18946;18947;18948;18949;18950;18951;18952;18953;18954;18955;18956;18957;18958;18959;18960;18961;18962;18963;18964;18965;18966;18967;18968;18969;18970;18971;18972;18973;18974;18975;18976;18977;18978;18979;18980;18981;18982;18983;18984;18985,MANDOOR || Pieter Vontelen Van der Byl; EIS BETAAL 3.3.1837 || KLEREMAKER,
3867,Van der Byl,Andries Christoffel,Stellenbosch,retain,No affirmative source-note count or claim-scope contradiction identified.,20,,18855;18856;18857;18858;18859;18860;18861;18862;18863;18864;18865;18866;18867;18868;18869;18870;18871;18872;18873;18874,"Paul Roux sr, Weduwee [£224-11-8]; Andries van der Byl, Andries zn [£363-17-10]",A zn
3868,Van der Byl,Adriaan Jacobus,Stellenbosch,retain,No affirmative source-note count or claim-scope contradiction identified.,10,,18828;18829;18830;18831;18832;18833;18834;18835;18836;18837,ONTVANG  EISGELD OP 24.2.1837 ; GG,A zn
3869,Myburgh,Philippus Albertus,Stellenbosch,retain,No affirmative source-note count or claim-scope contradiction identified.,12,,17087;17088;17089;17090;17091;17092;17093;17094;17095;17096;17097;17098,EIS BETAAL 3.3.1837; Kry prize negroes in 1840; GG,Jan zn
3870,Myburgh,Johannes Albertus,Stellenbosch,retain,No affirmative source-note count or claim-scope contradiction identified.,9,,17078;17079;17080;17081;17082;17083;17084;17085;17086,EIS BETAAL 3.3.1837,Jan zn
3871,Myburgh,Elizabeth,Stellenbosch,retain,No affirmative source-note count or claim-scope contradiction identified.,2,,17065;17066,EIS BETAAL 3.3.1837,
3872,Myburgh,Johannes Albertus,Stellenbosch,retain,No affirmative source-note count or claim-scope contradiction identified.,5,,17073;17074;17075;17076;17077,EIS BETAAL 3.3.1837; Ps. As. Myburgh,Boedel van oorledende
3873,Beck,Johanna Catharina Maria,Stellenbosch,retain,No affirmative source-note count or claim-scope contradiction identified.,1,,11619,J.F. Beck; DROOGE VALLEY,minderjarig
3874,Roux,Johan Willem,Stellenbosch,retain,No affirmative source-note count or claim-scope contradiction identified.,6,,18127;18128;18129;18130;18131;18132,EIS BETAAL 3.3.1837,Paul zn
3875,Roux,Jacobus Petrus,Stellenbosch,retain,No affirmative source-note count or claim-scope contradiction identified.,23,,18047;18048;18049;18050;18051;18052;18053;18054;18055;18056;18057;18058;18059;18060;18061;18062;18063;18064;18065;18066;18067;18068;18069,EIS BETAAL 3.3.1837 || KUIPER,
3876,Roux,Paul,Stellenbosch,retain,No affirmative source-note count or claim-scope contradiction identified.,6,,18200;18201;18202;18203;18204;18205,EIS BETAAL 3.3.1837,"sr, Weduwee"
3877,Herold,Willemina Johanna,Stellenbosch,retain,No affirmative source-note count or claim-scope contradiction identified.,2,,14721;14722,EIS BETAAL 3.3.1837,
3878,Eksteen,Aletta Christina,Stellenbosch,exclude,same_UCL_and_exact_owner_in_multiple_districts,9,,13963;13964;13965;13966;13967;13968;13969;13970;13971,"EIS GOEDGEKEUR IN LONDEN 10.6.37; Rosenberg, Zwartland? Gg",geskeide vrou Johannes Brink
3880,Faure,Jacobus Christiaan,Stellenbosch,retain,No affirmative source-note count or claim-scope contradiction identified.,9,,14089;14090;14091;14092;14093;14094;14095;14096;14097,ONTVANG  EISGELD OP 24.2.1837 ; GG,Jacobus zn
3881,Brink,Daniel,Stellenbosch,review,Dooling secondary count38 differs from37 records; source date/scope not established.,37,,12077;12078;12079;12080;12081;12082;12083;12084;12085;12086;12087;12088;12089;12090;12091;12092;12093;12094;12095;12096;12097;12098;12099;12100;12101;12102;12103;12104;12105;12106;12107;12108;12109;12110;12111;12112;12113,Andries Brink; Daniel Brink; Jacob Pieter Laurens Cloete [Dooling=38 slawe],Jan zn
3882,Du Toit,Jacobus Francois,Stellenbosch,retain,No affirmative source-note count or claim-scope contradiction identified.,25,,13805;13806;13807;13808;13809;13810;13811;13812;13813;13814;13815;13816;13817;13818;13819;13820;13821;13822;13823;13824;13825;13826;13827;13828;13829,"EIS GOEDGEKEUR MAART 1837; BETAAL 27.10.1837; Weduwee Cornelis Arends [£34-7-9]; J.H. Bam [£126-5-2]; Andries Brink Dzn [£71-14-2]; J.F. du Toit [£138-7-6]; Jan Hoets sr [£130-9-3]; Gregorius J. Leeuwner [£142-13-8]; Weduwee Tieleman J. Roos, Fzn[£133-7-5]; Alexander van Breda sr [£28-12-5]; Pieter Voltelin van der Byl [£35-17-1] || Onder verband geplaas || KLEREMAKER",Andries zn
3882,Van Breda,Alexander,Cape,exclude,explicit_external_slave_count_differs_from_local_rows;explicit_scope_or_joint_claim_note,25,26,166;167;168;169;170;171;172;173;174;175;176;177;178;179;180;181;182;183;184;185;186;187;188;189;190,UCL 26 slawe; Stellenbosch ??,
3883,Rossouw,Frans,Stellenbosch,retain,No affirmative source-note count or claim-scope contradiction identified.,38,,17844;17845;17846;17847;17848;17849;17850;17851;17852;17853;17854;17855;17856;17857;17858;17859;17860;17861;17862;17863;17864;17865;17866;17867;17868;17869;17870;17871;17872;17873;17874;17875;17876;17877;17878;17879;17880;17881,Gabriel Louw; Gysbert Henry Maasdorp; Weduwee J. Rossouw; Jacobus Petrus Roux,oorlede
3884,Rossouw,Jacobus,Stellenbosch,retain,No affirmative source-note count or claim-scope contradiction identified.,6,,17933;17934;17935;17936;17937;17938,EIS BETAAL 3.3.1837; Kry prize negroes in 1840; GG,Frans zn
3885,De Villiers,Maria Elizabeth,Stellenbosch,retain,No affirmative source-note count or claim-scope contradiction identified.,9,,13247;13248;13249;13250;13251;13252;13253;13254;13255,EIS BETAAL 3.3.1837,
3886,Haupt,Johannes Jacobus,Stellenbosch,review,Multiple monetary recipients or related-party reference; no affirmative evidence that slave valuations omit part of payment scope. Do not infer pooling from recipient names alone.,18,,14586;14587;14588;14589;14590;14591;14592;14593;14594;14595;14596;14597;14598;14599;14600;14601;14602;14603,"EIS GOEGEKEUR MAART 1837; BETAAL 27.10.1837; Paul Roux, Pieter zn [£35-17-1], JJ Haupt [£521-9-9]; of Rustenburg?? Gg",Karel zn
3887,Liebertrau,Carel Wilhelm en Hendrik G,Stellenbosch,retain,No affirmative source-note count or claim-scope contradiction identified.,17,,15666;15667;15668;15669;15670;15671;15672;15673;15674;15675;15676;15677;15678;15679;15680;15681;15682,,
3888,Liebertrau,Hendrik Godfried,Stellenbosch,retain,No affirmative source-note count or claim-scope contradiction identified.,12,,15683;15684;15685;15686;15687;15688;15689;15690;15691;15692;15693;15694,EISGELD ONTVANG MAART 1837,
3889,Roos,Frans Jacobus,Stellenbosch,retain,No affirmative source-note count or claim-scope contradiction identified.,4,,17708;17709;17710;17711,"ONTVANG  EISGELD OP 24.2.1837 ; GG;  TJ ROOS, T ZN VOLGENS GG",Tielman zn
3890,Smuts,Josias,Stellenbosch,retain,No affirmative source-note count or claim-scope contradiction identified.,3,,18515;18516;18517,,
3891,Smuts,Michiel,Stellenbosch,retain,No affirmative source-note count or claim-scope contradiction identified.,4,,18557;18558;18559;18560,EISGELD ONTVANG MAART 1837; C.W. Liebetrau; H.G. Liebetrau,Weduwee
3892,Van der Poel,Lambertus Dirk Petrus,Stellenbosch,retain,No affirmative source-note count or claim-scope contradiction identified.,16,,19239;19240;19241;19242;19243;19244;19245;19246;19247;19248;19249;19250;19251;19252;19253;19254,EIS GOEDGEKEUR IN LONDEN 10.6.37;  [Dooling meld 16 slawe],
3893,Roux,Johannes,Stellenbosch,retain,No affirmative source-note count or claim-scope contradiction identified.,32,,18144;18145;18146;18147;18148;18149;18150;18151;18152;18153;18154;18155;18156;18157;18158;18159;18160;18161;18162;18163;18164;18165;18166;18167;18168;18169;18170;18171;18172;18173;18174;18175,MESSELAAR || EIS BETAAL 3.3.1837 [Dooling=32 slawe],Pieter zn
3894,Roux,Petrus Jacobus,Stellenbosch,retain,No affirmative source-note count or claim-scope contradiction identified.,1,,18233,EIS BETAAL 3.3.1837,Johannes zn
3895,Delport,Petrus Jacobus,Stellenbosch,retain,No affirmative source-note count or claim-scope contradiction identified.,1,,13566,Gerhardus Ignatius Delport,
3896,Delport,Gerhardus Ignatius,Stellenbosch,retain,No affirmative source-note count or claim-scope contradiction identified.,2,,13551;13552,EIS BETAAL 3.3.1837,sr
3897,Van der Byl,Andries Christoffel,Stellenbosch,retain,No affirmative source-note count or claim-scope contradiction identified.,5,,18875;18876;18877;18878;18879,EIS BETAAL 3.3.1837,Tobias zn
3899,De Villiers,David Jacobus,Stellenbosch,retain,No affirmative source-note count or claim-scope contradiction identified.,7,,12873;12874;12875;12876;12877;12878;12879,KLEREMAKER,Johannes zn
39,Joubert,Petrus Jacobus,Beaufort,exclude,explicit_external_slave_count_differs_from_local_rows,15,14,36160;36161;36162;36163;36164;36165;36166;36167;36168;36169;36170;36171;36172;36173;36174,"Mozambique; oud, afgeleefd || sickly || perfectly useless || BPP=14 || a healthy strong Mozambique, cook",
3900,Delport,Gerhardus Ignatius,Stellenbosch,retain,No affirmative source-note count or claim-scope contradiction identified.,1,,13550,G.J. Delport [£10-0-10]; J.J. Roos [£25-8-10],
3901,Roos,Tielman Johannes,Stellenbosch,retain,No affirmative source-note count or claim-scope contradiction identified.,43,,17725;17726;17727;17728;17729;17730;17731;17732;17733;17734;17735;17736;17737;17738;17739;17740;17741;17742;17743;17744;17745;17746;17747;17748;17749;17750;17751;17752;17753;17754;17755;17756;17757;17758;17759;17760;17761;17762;17763;17764;17765;17766;17767,EIS BETAAL 3.3.1837,Frans zn
3902,Scholtz,Pieter Eduard,Stellenbosch,retain,No affirmative source-note count or claim-scope contradiction identified.,5,,18303;18304;18305;18306;18307,,
3903,Malan,Daniel Wouter,Stellenbosch,retain,No affirmative source-note count or claim-scope contradiction identified.,18,,16143;16144;16145;16146;16147;16148;16149;16150;16151;16152;16153;16154;16155;16156;16157;16158;16159;16160,EIS GOEDGEKEUR IN LONDEN 15.7.37; GG 1835; ontvang prize negroes op 11.9.1840 [28.9.1840],
3904,De Villiers,Petrus Johannes,Stellenbosch,retain,No affirmative source-note count or claim-scope contradiction identified.,3,,13291;13292;13293,EISGELD ONTVANG MAART 1837; blacksmith,
3905,Malan,Johannes Jacobus,Stellenbosch,retain,No affirmative source-note count or claim-scope contradiction identified.,7,,16260;16261;16262;16263;16264;16265;16266,Weduwee J.J. Malan,"Weduwee, Sophia Margaretha van Brakel"
3906,De Villiers,Abraham Pieter,Stellenbosch,retain,No affirmative source-note count or claim-scope contradiction identified.,1,,12820,,
3907,Marais,Petrus Jacobus,Stellenbosch,retain,No affirmative source-note count or claim-scope contradiction identified.,6,,16531;16532;16533;16534;16535;16536,Jacob Naude; Adolph Samuel Van Coller,
3908,Roux,Daniel,Stellenbosch,retain,No affirmative source-note count or claim-scope contradiction identified.,6,,18022;18023;18024;18025;18026;18027,"WAMAKER,    Daniel Roux; Jan Roux",Pieter zn
3909,Roos,Frans Jacobus,Stellenbosch,retain,No affirmative source-note count or claim-scope contradiction identified.,9,,17699;17700;17701;17702;17703;17704;17705;17706;17707,"Andries de Smidt [£273-17-8]; F.J. Roos, F zn [£61-17-6] [Dooling=9 slawe]",Frans zn
3910,Jonker,Johannes Gerhardus,Stellenbosch,retain,No affirmative source-note count or claim-scope contradiction identified.,1,,14931,EISGELD ONTVANG MAART 1837,
3911,Van Brakel,Hermanus Johannes,Stellenbosch,retain,No affirmative source-note count or claim-scope contradiction identified.,11,,18815;18816;18817;18818;18819;18820;18821;18822;18823;18824;18825,EIS GOEDGEKEUR IN LONDEN 15.7.37;,sr
3912,Van Brakel,Hermanus Christiaan,Stellenbosch,retain,No affirmative source-note count or claim-scope contradiction identified.,2,,18813;18814,EIS GOEDGEKEUR IN LONDEN 15.7.37;  [Dooling=2 slawe],J zn
3913,Conterman,Andries,Stellenbosch,retain,No affirmative source-note count or claim-scope contradiction identified.,5,,12479;12480;12481;12482;12483,EIS GOEDGEKEUR IN LONDEN 10.6.37,Weduwee
3914,Edgar,James [predikant],Stellenbosch,retain,No affirmative source-note count or claim-scope contradiction identified.,1,,13962,EIS BETAAL 3.3.1837,
3915,Morkel,Philip Hendrik,Stellenbosch,retain,No affirmative source-note count or claim-scope contradiction identified.,11,,16919;16920;16921;16922;16923;16924;16925;16926;16927;16928;16929,EISGELD ONTVANG MAART 1837; Wed P.H. Morkel [£364-15-3]; Johannes Rynhard Mostert [£35-17-1],Weduwee
3916,Steyn,Douw Gerbrand,Stellenbosch,retain,No affirmative source-note count or claim-scope contradiction identified.,19,,18599;18600;18601;18602;18603;18604;18605;18606;18607;18608;18609;18610;18611;18612;18613;18614;18615;18616;18617,Weduwee M.C.A. Neethling; Fredrik Russouw; INSOLVENSIE; 12.8.1835 VEILING,Weduwee
3917,Myburgh,Pieter Gerhard,Stellenbosch,retain,No affirmative source-note count or claim-scope contradiction identified.,20,,17182;17183;17184;17185;17186;17187;17188;17189;17190;17191;17192;17193;17194;17195;17196;17197;17198;17199;17200;17201,EIS BETAAL 3.3.1837; Weduwee P.G. Myburgh [£1775-2-7]; G.E. Overbeeck [£71-14-2]; J.A. Wahl [£170-12-9]; Kry prize negroes in 1840; GG,Philip zn
3918,Myburgh,Daniel Johannes,Stellenbosch,retain,No affirmative source-note count or claim-scope contradiction identified.,1,,17064,EIS BETAAL 3.3.1837; P.G. Myburgh,Pieter Gerh. Zn
3919,Theunissen,Jacobus Martinus,Stellenbosch,retain,No affirmative source-note count or claim-scope contradiction identified.,18,,18686;18687;18688;18689;18690;18691;18692;18693;18694;18695;18696;18697;18698;18699;18700;18701;18702;18703,SKOENMAKER || EIS GOEDGEKEUR IN LONDEN 10.6.37; Kry prize negroes in 1840; GG,M zn
3920,Malan,Daniel Jacobus,Stellenbosch,retain,No affirmative source-note count or claim-scope contradiction identified.,35,,16100;16101;16102;16103;16104;16105;16106;16107;16108;16109;16110;16111;16112;16113;16114;16115;16116;16117;16118;16119;16120;16121;16122;16123;16124;16125;16126;16127;16128;16129;16130;16131;16132;16133;16134,EIS BETAAL 3.3.1837; ontvang prize negroes op 11.9.1840 [28.9.1840],Jacobus zn
3921,De Villiers,Gideon Maurits,Stellenbosch,review,August1834 bankruptcy list says9 slaves versus6 records; list scope/date not established as compensation claim count.,6,,12921;12922;12923;12924;12925;12926,"F. Godfried Watermeyer || EIS BETAAL 3.3.1837; BANKROTVENDUSIE 18.8.1834, 9 SLAWE OP LYS: SEPTEMBER vd Kaap, 52; SALIE VAN CEYLON, 58; DAVID vd Kaap, 47; AUGUST vd Kaap, 39",P zn
3922,De Villiers,Gabriel Francois,Stellenbosch,retain,No affirmative source-note count or claim-scope contradiction identified.,3,,12916;12917;12918,Gabriel François de Villiers; Petrus François de Villiers; Christiaan Andreas Van der Burgh,P zn
3923,Ludolph,Arend,Stellenbosch,retain,No affirmative source-note count or claim-scope contradiction identified.,9,,16037;16038;16039;16040;16041;16042;16043;16044;16045,EIS BETAAL 3.3.1837,
3924,Brink,Johannes,Stellenbosch,review,Bankruptcy-sale annotation says plus two; date/scope relative to emancipation valuation not established.,3,,12153;12154;12155,BANKKROTVENDUSIE OP 28.7.1834; PLUS NOG 2,J zn
3925,Brand,Cornelis Jacobus,Stellenbosch,retain,No affirmative source-note count or claim-scope contradiction identified.,1,,12035,EIS BETAAL 3.3.1837; C. Brink,
3926,Grundling,Pieter Jacob,Stellenbosch,retain,No affirmative source-note count or claim-scope contradiction identified.,1,,14403,MANDOOR;    EIS BETAAL 3.3.1837,
3927,Theunissen,Martinus Wilhelmus,Stellenbosch,retain,No affirmative source-note count or claim-scope contradiction identified.,11,,18704;18707;18708;18709;18710;18711;18713;18714;18715;18716;18717,Abraham de Smidt [£35-17-1]; Marthinus W. Theunissen [£264-3-6]; Weduwee Pieter Voltelin van der Byl [£90-0-0] [£390-0-7] ?; Kry prize negroes in 1840; GG,
3928,Myburgh,Philippus Albertus,Stellenbosch,retain,No affirmative source-note count or claim-scope contradiction identified.,83,,17099;17100;17101;17102;17103;17104;17105;17106;17107;17108;17109;17110;17111;17112;17113;17114;17115;17116;17117;17118;17119;17120;17121;17122;17123;17124;17125;17126;17127;17128;17129;17130;17131;17132;17133;17134;17135;17136;17137;17138;17139;17140;17141;17142;17143;17144;17145;17146;17147;17148;17149;17150;17151;17152;17153;17154;17155;17156;17157;17158;17159;17160;17161;17162;17163;17164;17165;17166;17167;17168;17169;17170;17171;17172;17173;17174;17175;17176;17177;17178;17179;17180;17181,EIS BETAAL 3.3.1837; Helena Catherine Morkel; Weduwee P.A. Myburgh,"Philip zn, Weduwee"
3929,Morkel,Philippus Hendrik,Stellenbosch,retain,No affirmative source-note count or claim-scope contradiction identified.,2,,16930;16931,EISGELD ONTVANG MAART 1837,
3930,Hendriks,Hendrik,Stellenbosch,retain,No affirmative source-note count or claim-scope contradiction identified.,29,,14655;14656;14657;14658;14659;14660;14661;14662;14663;14664;14665;14666;14667;14668;14669;14670;14671;14672;14673;14674;14675;14676;14677;14678;14679;14680;14681;14682;14683,"H. Hendriks, Johannes zn [£781-4-1]; Weduwee Ryk le Sueur [£225-1-11]",
3931,Morkel,Willem,Stellenbosch,retain,No affirmative source-note count or claim-scope contradiction identified.,23,,16932;16933;16934;16935;16936;16937;16938;16939;16940;16941;16942;16943;16944;16945;16946;16947;16948;16949;16950;16951;16952;16953;16954,EIS BETAAL 3.3.1837,Daniel zn
3933,Morkel,Hendrik Johannes en Willem,Stellenbosch,retain,No affirmative source-note count or claim-scope contradiction identified.,1,,16873,,D zn
3934,Morkel,Hendrik Johannes,Stellenbosch,retain,No affirmative source-note count or claim-scope contradiction identified.,33,,16874;16875;16876;16877;16878;16879;16880;16881;16882;16883;16884;16885;16886;16887;16888;16889;16890;16891;16892;16893;16894;16895;16896;16897;16898;16899;16900;16901;16902;16903;16904;16905;16906,,D zn
3935,Morkel,Daniel,Stellenbosch,retain,No affirmative source-note count or claim-scope contradiction identified.,1,,16871,,HJ zn
3936,Morkel,Willem,Stellenbosch,retain,No affirmative source-note count or claim-scope contradiction identified.,31,,16955;16956;16957;16958;16959;16960;16961;16962;16963;16964;16965;16966;16967;16968;16969;16970;16971;16972;16973;16974;16975;16976;16977;16978;16979;16980;16981;16982;16983;16984;16985,EISGELD ONTVANG MAART 1837; A.A. Brink sr [£65-4-7]; Johannes A. van Breda [£339-10-0],sr
3937,Morkel,Daniel Johannes,Stellenbosch,retain,No affirmative source-note count or claim-scope contradiction identified.,30,,16841;16842;16843;16844;16845;16846;16847;16848;16849;16850;16851;16852;16853;16854;16855;16856;16857;16858;16859;16860;16861;16862;16863;16864;16865;16866;16867;16868;16869;16870,"EISGELD ONTVANG MAART 1837; Dirk Ryk Arnoldus Cloete £[256-8-3]; D.J. Morkel, Daniel zn [£462-17-3]; Ryk H. Myburgh, Johannes Albertus zn? [£97-10-4] Melt van der Spuy Meyburgh [£216-13-4]; ontvang prize negroes op 11.9.1840 [28.9.1840]",D zn
3938,Morkel,Hendrik Johannes en Willem Daniel,Stellenbosch,retain,No affirmative source-note count or claim-scope contradiction identified.,1,,16872,EISGELD ONTVANG MAART 1837,
3939,De Vos,Wouter,Stellenbosch,retain,No affirmative source-note count or claim-scope contradiction identified.,34,,13434;13435;13436;13437;13438;13439;13440;13441;13442;13443;13444;13445;13446;13447;13448;13449;13450;13451;13452;13453;13454;13455;13456;13457;13458;13459;13460;13461;13462;13463;13464;13465;13466;13467,EIS GOEDGEKEUR IN LONDEN 10.6.37; Dirk de Vos; De W.D. W.H Morkel; De WD. Paul Roux,Weduwee
3940,De Vos,Dirk,Stellenbosch,retain,No affirmative source-note count or claim-scope contradiction identified.,2,,13405;13406,,Wouter zn
3941,Morkel,Hercules,Stellenbosch,retain,No affirmative source-note count or claim-scope contradiction identified.,12,,16907;16908;16909;16910;16911;16912;16913;16914;16915;16916;16917;16918,EIS BETAAL 3.3.1837,Weduwee
3942,Mackay,William Macdonald,Stellenbosch,retain,No affirmative source-note count or claim-scope contradiction identified.,4,,16062;16063;16064;16065,EIS BETAAL 3.3.1837,
3943,Wium,Pieter Gerhard,Stellenbosch,retain,No affirmative source-note count or claim-scope contradiction identified.,4,,19754;19755;19756;19757,Fredrik Ryk Ludolf Neethling; Christiaan Andries Van der Burgh; GG 10.7.1840; eis nog nie geregistreer nie,Willem zn
3945,De Vos,Hendrik Ryk,Stellenbosch,review,Multiple monetary recipients or related-party reference; no affirmative evidence that slave valuations omit part of payment scope. Do not infer pooling from recipient names alone.,15,,13411;13412;13413;13414;13415;13416;13417;13418;13419;13420;13421;13422;13423;13424;13425,Michiel Christiaan Ackerman Neethling; Fredrik Russouw; Johan Van Blommestein; Petrus Canzins Van Blommestein; INSOLVENSIE 5.1.1838; Koetsier en saalmaker || EIS GOEDGEKEUR IN LONDEN 15.7.37; 3.4.1835 INSOLVENSIE?? GG; ontvang prize negroes op 11.9.1840 [28.9.1840] || HUISHULP,
3946,Onkruyd,Mynhardus Jacobus Van Nuldt,Stellenbosch,retain,No affirmative source-note count or claim-scope contradiction identified.,8,,17427;17428;17429;17430;17431;17432;17433;17434,Ontvang prize negroes op 11.9.1840 [28.9.1840]; EIS BETAAL 3.3.1837,
3947,Nielen / Nieler,Jan Christiaan,Stellenbosch,retain,No affirmative source-note count or claim-scope contradiction identified.,5,,17364;17365;17366;17367;17368,EISGELD ONTVANG MAART 1837; Charl Gerhardus Marais; Mynardus Jacobus van Mulett Onkruydt,
3948,Brink,Johannes,Stellenbosch,review,"Source has additional party, claimant, payment-recipient or cross-reference wording; no affirmative UCL/BPP count or additional-slave contradiction established. Do not exclude merely for creditor/recipient names.",28,,12156;12157;12158;12159;12160;12161;12162;12163;12164;12165;12166;12167;12168;12169;12170;12171;12173;12174;12175;12176;12177;12178;12179;12181;12182;12183;12184;12185,OOK 6337 M.C.A. Neethling,sr
3949,Brink,Johannes Justinus,Stellenbosch,retain,No affirmative source-note count or claim-scope contradiction identified.,1,,12152,EIS BETAAL 3.3.1837,
3950,Weilbach,Johan Daniel,Stellenbosch,retain,No affirmative source-note count or claim-scope contradiction identified.,1,,19694,GG; EIS BETAAL 3.3.1837,
3951,Knoetze,Christiaan Godlob,Stellenbosch,retain,No affirmative source-note count or claim-scope contradiction identified.,7,,15182;15183;15184;15185;15186;15187;15188,EIS BETAAL 3.3.1837 || KOEBERG?,
3952,Snibbe,Thomas Saul,Stellenbosch,retain,No affirmative source-note count or claim-scope contradiction identified.,1,,18561,,
3953,Stadler,Johan Hendrik,Stellenbosch,retain,No affirmative source-note count or claim-scope contradiction identified.,1,,18569,,Weduwee
3954,Le Sueur,Johannes Adriaan,Stellenbosch,retain,No affirmative source-note count or claim-scope contradiction identified.,1,,15665,EIS BETAAL 3.3.1837,
3956,Delport,Johannes Gerhardus,Stellenbosch,retain,No affirmative source-note count or claim-scope contradiction identified.,9,,13553;13554;13555;13556;13557;13558;13559;13560;13561,EIS BETAAL 3.3.1837,
3957,Dempers,Jan Abraham,Stellenbosch,retain,No affirmative source-note count or claim-scope contradiction identified.,1,,13567,EIS BETAAL 3.3.1837,
3958,Swart,Nicolaas,Stellenbosch,retain,No affirmative source-note count or claim-scope contradiction identified.,3,,18632;18633;18634,"Weduwee Michiel D. Otto, Andries zn [£54-0-7]; B. Swart [£64-12-2]; Hans J. Swart, Pieter zn [£35-9-8]",
3960,Van As,Willem Rynhard,Stellenbosch,retain,No affirmative source-note count or claim-scope contradiction identified.,8,,18774;18775;18776;18777;18778;18779;18780;18781,Andries Brink en Gerrit Ewout Overbeek [£258-8-9],
3961,Gildenhuys,Barend Petrus,Stellenbosch,retain,No affirmative source-note count or claim-scope contradiction identified.,6,,14280;14281;14282;14283;14284;14285,,
3962,Gildenhuys,Albert,Stellenbosch,retain,No affirmative source-note count or claim-scope contradiction identified.,13,,14267;14268;14269;14270;14271;14272;14273;14274;14275;14276;14277;14278;14279,,Weduwee
3963,Otto,Josias Hendrik,Stellenbosch,retain,No affirmative source-note count or claim-scope contradiction identified.,4,,17448;17449;17450;17451,,Hendrik zn
3964,Mulder / Muller,Christiaan Christoffel,Stellenbosch,retain,No affirmative source-note count or claim-scope contradiction identified.,4,,17050;17051;17052;17053,Andries Brink  [£101-1-9]; C.C. Mulder [£28-2-7],
3965,Le Roux,Gabriel,Stellenbosch,retain,No affirmative source-note count or claim-scope contradiction identified.,13,,15560;15561;15562;15563;15564;15565;15566;15567;15568;15569;15570;15571;15572,,
3966,Hamman,Johan Jurgen,Stellenbosch,retain,No affirmative source-note count or claim-scope contradiction identified.,3,,14410;14411;14412,Onder verband geplaas,
3967,Swart,Nicolaas,Stellenbosch,retain,No affirmative source-note count or claim-scope contradiction identified.,3,,18635;18636;18637,Barend Swart; Weduwee Nicolaas Swart,Weduwee
3968,De Kock,Servaas Daniel,Stellenbosch,retain,No affirmative source-note count or claim-scope contradiction identified.,10,,12545;12546;12547;12548;12549;12550;12551;12552;12553;12554,,sr zn
3969,Maree,Lucas Jacobus,Stellenbosch,retain,No affirmative source-note count or claim-scope contradiction identified.,17,,16639;16640;16641;16642;16643;16644;16645;16646;16647;16648;16649;16650;16651;16652;16653;16654;16655,"EIS GOEDGEKEUR MAART 1837; BETAAL 27.10.1837; W.J. Klerck [£136-18-10]; Louis Johannes Maree [£272-7-5]; Paul Roux, Paul zn [£35-17-1]; Johannes J. Lodewyk Smuts en Weduwee Pieter Woutersen [£71-14-2]",
3970,Le Roux,Ignatius Stephanus,Stellenbosch,retain,No affirmative source-note count or claim-scope contradiction identified.,1,,15603,EISGELD ONTVANG MAART 1837,
3971,Wessels,Adriaan Gerhard,Stellenbosch,retain,No affirmative source-note count or claim-scope contradiction identified.,1,,19695,EIS GOEDGEKEUR IN LONDEN 15.7.37,sr
3972,Maree,Burger Christiaan,Stellenbosch,retain,No affirmative source-note count or claim-scope contradiction identified.,3,,16624;16625;16626,,Jan zn
3973,Le Roux,Gabriel Stephanus,Stellenbosch,retain,No affirmative source-note count or claim-scope contradiction identified.,4,,15589;15590;15591;15592,,G zn
3974,Du Toit,Daniel Petrus,Stellenbosch,retain,No affirmative source-note count or claim-scope contradiction identified.,1,,13700,EIS BETAAL 3.3.1837,Andries zn
3975,Du Toit,Andries Stephanus,Stellenbosch,retain,No affirmative source-note count or claim-scope contradiction identified.,14,,13672;13673;13674;13675;13676;13677;13678;13679;13680;13681;13682;13683;13684;13685,,Weduwee
3976,Du Toit,Willem Johannes,Stellenbosch,retain,No affirmative source-note count or claim-scope contradiction identified.,2,,13958;13959,William Jacques du Toit,F zn
3977,Du Toit,Josias Jacobus,Stellenbosch,retain,No affirmative source-note count or claim-scope contradiction identified.,6,,13903;13904;13905;13906;13907;13908,,
3978,De Villiers,Pieter Willem,Stellenbosch,retain,No affirmative source-note count or claim-scope contradiction identified.,1,,13374,EIS BETAAL 3.3.1837,A zn
3979,De Villiers,Jacob Johannes,Stellenbosch,retain,No affirmative source-note count or claim-scope contradiction identified.,2,,13002;13003,,Johannes zn
3980,Maree,Servaas Daniel,Stellenbosch,retain,No affirmative source-note count or claim-scope contradiction identified.,1,,16661,,
3981,Muller,Petrus Johannes,Stellenbosch,retain,No affirmative source-note count or claim-scope contradiction identified.,1,,17061,GROFSMIT,
3982,Muller,Hermanus Petrus,Stellenbosch,retain,No affirmative source-note count or claim-scope contradiction identified.,3,,17054;17055;17056,EIS GOEDGEKEUR IN LONDEN 15.7.37;,
3983,Raats,Jasper,Stellenbosch,retain,No affirmative source-note count or claim-scope contradiction identified.,2,,17518;17519,,Weduwee
3984,Morkel,Willem,Stellenbosch,retain,No affirmative source-note count or claim-scope contradiction identified.,8,,16986;16987;16988;16989;16990;16991;16992;16993,,Weduwee
3985,Delport,Daniel Ignatius,Stellenbosch,retain,No affirmative source-note count or claim-scope contradiction identified.,6,,13544;13545;13546;13547;13548;13549,EIS BETAAL 3.3.1837,
3986,Roux,Daniel Jeremias,Stellenbosch,retain,No affirmative source-note count or claim-scope contradiction identified.,4,,18018;18019;18020;18021,EIS BETAAL 3.3.1837,Daniel zn
3987,Otto,Jan Daniel Michiel,Stellenbosch,retain,No affirmative source-note count or claim-scope contradiction identified.,1,,17447,EISGELD ONTVANG MAART 1837; D.J. Roux,
3988,Germishuis,Johan Christoffel,Stellenbosch,retain,No affirmative source-note count or claim-scope contradiction identified.,4,,14259;14260;14261;14262,EISGELD ONTVANG MAART 1837;,
3989,Gresse,Olof Christoffel,Stellenbosch,retain,No affirmative source-note count or claim-scope contradiction identified.,1,,14325,EISGELD ONTVANG MAART 1837,
3991,De Villiers,Pieter Hendrik,Stellenbosch,retain,No affirmative source-note count or claim-scope contradiction identified.,19,,13307;13308;13309;13310;13311;13312;13313;13314;13315;13316;13317;13318;13319;13320;13321;13322;13323;13324;13325,"EISGELD ONTVANG MAART 1837; Andries Brink, D zn [£155-12-9]; P.A. de Villiers, D zn [£458-4-6]",David zn
3992,Maree,Jacobus Pieter,Stellenbosch,retain,No affirmative source-note count or claim-scope contradiction identified.,12,,16627;16628;16629;16630;16631;16632;16633;16634;16635;16636;16637;16638,Johannes Petrus Jordaan; Jacobus Pieter Maree; Johan Andries Heisse Wicht,Weduwee
3993,Schneeberg/Scheunberg,Alexander,Stellenbosch,retain,No affirmative source-note count or claim-scope contradiction identified.,3,,18278;18279;18280,Hans Hendrik Wicht kry die volle vergoeding,
3995,Du Toit,Francois Johannes,Stellenbosch,retain,No affirmative source-note count or claim-scope contradiction identified.,1,,13767,EISGELD ONTVANG MAART 1837,Andries zn
3996,Van Niekerk,Cornelis [LC,Stellenbosch,retain,No affirmative source-note count or claim-scope contradiction identified.,13,,19397;19398;19399;19400;19401;19402;19403;19404;19405;19406;19407;19408;19409,,zn?]
3997,Hugo,Daniel,Stellenbosch,retain,No affirmative source-note count or claim-scope contradiction identified.,19,,14810;14811;14812;14813;14814;14815;14816;14817;14818;14819;14820;14821;14822;14823;14824;14825;14826;14827;14828,EIS BETAAL 3.3.1837,Daniel zn (unsure)
3998,Toerien,Lourens Arnoldus,Stellenbosch,retain,No affirmative source-note count or claim-scope contradiction identified.,1,,18719,SKOENMAKER       EIS GOEDGEKEUR IN LONDEN 15.7.37;,
3999,Kriel,Jacobus Petrus,Stellenbosch,retain,No affirmative source-note count or claim-scope contradiction identified.,5,,15243;15244;15245;15246;15247,LEERLOOIER,Jacobus zn
4000,Theron,David,Stellenbosch,retain,No affirmative source-note count or claim-scope contradiction identified.,5,,18681;18682;18683;18684;18685,Daniel Hugo; David Theron;  Weduwee Jacobus Daniel Victor || SKAAPWAGTER,Pieter zn
4002,Lotter,Mattheus,Stellenbosch,retain,No affirmative source-note count or claim-scope contradiction identified.,1,,15794,Daniel Hugo; Matthias Lotter,
4003,Hauman,Johannes Stephanus,Stellenbosch,retain,No affirmative source-note count or claim-scope contradiction identified.,18,,14531;14532;14533;14534;14535;14536;14537;14538;14539;14540;14541;14542;14543;14544;14545;14546;14547;14548,EIS GOEDGEKEUR 3.3.1837; BETAAL 2.6.1837; ontvang prize negroes op 11.9.1840 [28.9.1840];,Pieter zn
4004,Le Roux,Petrus,Stellenbosch,retain,No affirmative source-note count or claim-scope contradiction identified.,4,,15627;15628;15629;15630,Margaretha Maree || VEEWAGTER || WADRYWER,Pieter zn
4005,De Villiers,Jacob,Stellenbosch,retain,No affirmative source-note count or claim-scope contradiction identified.,2,,13044;13045,EIS BETAAL 3.3.1837,Weduwee [Margareta Roux]
4006,Joubert,Gideon Jacobus,Stellenbosch,retain,No affirmative source-note count or claim-scope contradiction identified.,8,,15007;15009;15010;15011;15012;15013;15014;15015,,
4007,Van der Merwe,Carel Lodewyk,Stellenbosch,retain,No affirmative source-note count or claim-scope contradiction identified.,11,,19007;19008;19009;19010;19011;19012;19013;19014;19015;19016;19017,Gabriel Ewoud Overbeek; Karel Lodewyk Van der Merwe,Carel zn
4009,Kriel,Jacobus Petrus,Stellenbosch,retain,No affirmative source-note count or claim-scope contradiction identified.,3,,15240;15241;15242,GROFSMIT || Carel Albrecht Haupt; Jacobus Petrus Kriel,
4011,Roux,Antony,Stellenbosch,retain,No affirmative source-note count or claim-scope contradiction identified.,12,,17997;17998;17999;18000;18001;18002;18003;18004;18005;18006;18007;18008,EISGELD ONTVANG MAART 1837; Elizabeth Catherina Le Roux,senior
4012,Van der Merwe,Johannes Petrus,Stellenbosch,retain,No affirmative source-note count or claim-scope contradiction identified.,4,,19073;19074;19075;19076,,Carel zn
4013,Le Roux,Johannes Ignatius,Stellenbosch,retain,No affirmative source-note count or claim-scope contradiction identified.,8,,15614;15615;15616;15617;15618;15619;15620;15621,,
4014,Pepler,Albertus Jacob,Stellenbosch,retain,No affirmative source-note count or claim-scope contradiction identified.,2,,17453;17454,,
4015,Malherbe,Petrus Jacobus,Stellenbosch,retain,No affirmative source-note count or claim-scope contradiction identified.,2,,16326;16327,EIS GOEDGEKEUR IN LONDEN 15.7.37; Isaac Malherbe,senior
4016,Roux,Andries Stephanus,Stellenbosch,retain,No affirmative source-note count or claim-scope contradiction identified.,4,,17993;17994;17995;17996,EISGELD ONTVANG MAART 1837,A zn
4017,Le Roux,Abraham Josias,Stellenbosch,retain,No affirmative source-note count or claim-scope contradiction identified.,5,,15464;15465;15466;15467;15468,EIS GOEDGEKEUR IN LONDEN 15.7.37,Abraham zn; Weduwee
4018,De Villiers,Jacob Louis,Stellenbosch,retain,No affirmative source-note count or claim-scope contradiction identified.,15,,13004;13005;13006;13007;13008;13009;13010;13011;13012;13013;13014;13015;13016;13017;13018,WARYER || Carel P. Lindenberg [£71-14-2]; J.J. van den Berg [£278-19-5],Pieter D zn
4019,De Villiers,Jacob Pieter Daniel,Stellenbosch,retain,No affirmative source-note count or claim-scope contradiction identified.,7,,13019;13020;13021;13022;13023;13024;13025,"KOETSIER || J.P.D. de Villiers, J zn [£106-10-10]; Tobias J. Herold [£154-19-1] || ARBEIDER",J zn
4020,Pepler,Hendrik Lodewyk,Stellenbosch,retain,No affirmative source-note count or claim-scope contradiction identified.,20,,17456;17457;17458;17459;17460;17461;17462;17463;17464;17465;17466;17467;17468;17469;17470;17471;17472;17473;17474;17475,Weduwee H.L. Pepler; Paul Roux; Zanddrift || WADRYWER || KOK,Weduwee
4021,Lotter,Mattheus Gerhardus,Stellenbosch,retain,No affirmative source-note count or claim-scope contradiction identified.,1,,15795,Daniel Hugo; M.G. Lotter,Weduwee
4023,Hauman,Eduard Christiaan,Stellenbosch,retain,No affirmative source-note count or claim-scope contradiction identified.,27,,14504;14505;14506;14507;14508;14509;14510;14511;14512;14513;14514;14515;14516;14517;14518;14519;14520;14521;14522;14523;14524;14525;14526;14527;14528;14529;14530,Weduwee Susanna Catharina Roux,
4024,De Villiers,Hermanus Johannes,Stellenbosch,retain,No affirmative source-note count or claim-scope contradiction identified.,6,,12927;12928;12929;12930;12931;12932,EIS BETAAL 3.3.1837,Pieter zn
4025,Pepler,Hendrik Lodewyk,Stellenbosch,retain,No affirmative source-note count or claim-scope contradiction identified.,1,,17455,Weduwee Hendrik Lodewyk Pepler,
4026,De Villiers,Paul,Stellenbosch,retain,No affirmative source-note count or claim-scope contradiction identified.,27,,13258;13259;13260;13261;13262;13263;13264;13265;13266;13267;13268;13269;13270;13271;13272;13273;13274;13275;13276;13277;13278;13279;13280;13281;13282;13283;13284,Johan Gustaaf Aspeling; Paul de Villiers,Johannes zn
4027,De Villiers,Jacob Hendrik,Stellenbosch,retain,No affirmative source-note count or claim-scope contradiction identified.,7,,12982;12983;12984;12985;12986;12987;12988,Jacob Hendrik de Villiers,Weduwee; Jan Daniel zn
4028,Haupt,Carel Albrecht,Stellenbosch,retain,No affirmative source-note count or claim-scope contradiction identified.,25,,14549;14550;14551;14552;14553;14554;14555;14556;14557;14558;14559;14560;14561;14562;14563;14564;14565;14566;14567;14568;14569;14570;14571;14572;14573,EISGELD ONTVANG MAART 1837; Kry prize negroes in 1840; GG || TINSMIT,Jan zn
4029,Haupt,Petrus Johannes,Stellenbosch,retain,No affirmative source-note count or claim-scope contradiction identified.,4,,14604;14605;14606;14607,Carel Albrecht Haupt,Karel zn
4030,De Villiers,Abraham Barend,Stellenbosch,retain,No affirmative source-note count or claim-scope contradiction identified.,31,,12748;12749;12750;12751;12752;12753;12754;12755;12756;12757;12758;12759;12760;12761;12762;12763;12764;12765;12766;12767;12768;12769;12770;12771;12772;12773;12774;12775;12776;12777;12778,Helena Minnaar,Weduwee; Jacob zn
4031,De Villiers,Johannes Philip,Stellenbosch,retain,No affirmative source-note count or claim-scope contradiction identified.,10,,13236;13237;13238;13239;13240;13241;13242;13243;13244;13245,BAKKER,Abraham zn; Weduwee
4032,De Villiers,David Pieter,Stellenbosch,retain,No affirmative source-note count or claim-scope contradiction identified.,34,,12880;12881;12882;12883;12884;12885;12886;12887;12888;12889;12890;12891;12892;12893;12894;12895;12896;12897;12898;12899;12900;12901;12902;12903;12904;12905;12906;12907;12908;12909;12910;12911;12912;12913,F zn waarskynlik Jan z || EISGELD ONTVANG MAART 1837,F zn
4033,Louw,Pieter Jacobus,Stellenbosch,retain,No affirmative source-note count or claim-scope contradiction identified.,1,,15979,,Jacob zn
4034,De Villiers,Johannes Jacobus,Stellenbosch,retain,No affirmative source-note count or claim-scope contradiction identified.,1,,13219,EIS BETAAL 3.3.1837,David zn
4035,Grimbeek,Johan Daniel Edzard,Stellenbosch,retain,No affirmative source-note count or claim-scope contradiction identified.,20,,14326;14327;14328;14329;14330;14331;14332;14333;14334;14335;14336;14337;14338;14339;14340;14341;14342;14343;14344;14345,F.G. Watermeyer; INSOLVENT: Adv. 9.10.1835 GG || MESSELAAR,
4036,De Villiers,Daniel Elie,Stellenbosch,retain,No affirmative source-note count or claim-scope contradiction identified.,1,,12871,EIS GOEDGEKEUR IN LONDEN 15.7.37; David Pieter de Villiers; Johannes Philippus de Villiers,D zn
4037,De Villiers,Geertruida Louisa,Stellenbosch,retain,No affirmative source-note count or claim-scope contradiction identified.,1,,12919,Frederick Carel Voight,D zn
4038,De Villiers,Anna Margaretha,Stellenbosch,retain,No affirmative source-note count or claim-scope contradiction identified.,4,,12862;12863;12864;12865,EIS GOEDGEKEUR IN LONDEN 15.7.37,
4039,Beyers,Hendrik Philippus,Stellenbosch,retain,No affirmative source-note count or claim-scope contradiction identified.,55,,11715;11716;11717;11718;11719;11720;11721;11722;11723;11724;11725;11726;11727;11728;11729;11730;11731;11732;11733;11734;11735;11736;11737;11738;11739;11740;11741;11742;11743;11744;11745;11746;11747;11748;11749;11750;11751;11752;11753;11754;11755;11756;11757;11758;11759;11760;11761;11762;11763;11764;11765;11766;11767;11768;11769,SKOENMAKER || KLEREMAKER || EIS BETAAL 3.3.1837; MEERLUST (unsure) Kry prize negroes in Februarie 1840,
4040,Beyers,Jacob Hendrik,Stellenbosch,retain,No affirmative source-note count or claim-scope contradiction identified.,1,,11770,Weduwee Hendrik Phillipus Beyers,Hendrik zn
4041,Beyers,kinders van HP Beyers,Stellenbosch,retain,No affirmative source-note count or claim-scope contradiction identified.,2,,11803;11804,Hendrik Phillipus Beyers,
4042,De Leeuw,Jacob,Stellenbosch,retain,No affirmative source-note count or claim-scope contradiction identified.,34,,12617;12618;12619;12620;12621;12622;12623;12624;12625;12626;12627;12628;12629;12630;12631;12632;12633;12634;12635;12636;12637;12638;12639;12640;12641;12642;12643;12644;12645;12646;12647;12648;12649;12650,,boedel van oorledene
4043,De Leeuw,Hendrik,Stellenbosch,retain,No affirmative source-note count or claim-scope contradiction identified.,25,,12592;12593;12594;12595;12596;12597;12598;12599;12600;12601;12602;12603;12604;12605;12606;12607;12608;12609;12610;12611;12612;12613;12614;12615;12616,,Weduwee
4044,Beyers,George Coenraad,Stellenbosch,retain,No affirmative source-note count or claim-scope contradiction identified.,4,,11711;11712;11713;11714,EIS BETAAL 3.3.1837,
4045,De Villiers,Jacob Stephanus,Stellenbosch,retain,No affirmative source-note count or claim-scope contradiction identified.,17,,13027;13028;13029;13030;13031;13032;13033;13034;13035;13036;13037;13038;13039;13040;13041;13042;13043,EIS BETAAL 3.3.1837 || WEDUWEE IS ELIZABETH SOPHIA DE WET,David zn; Weduwee
4046,De Villiers,David Cornelius,Stellenbosch,retain,No affirmative source-note count or claim-scope contradiction identified.,1,,12872,Hugo H. Van Niekerk,Jacob zn
4047,Adendorf,Michiel  Joseph,Stellenbosch,retain,No affirmative source-note count or claim-scope contradiction identified.,5,,11417;11418;11419;11420;11421,"Weduwee M.J.A. , born Adendorf Bredenkamp [£136-4-8]; Pieter Heinrick Poleman [£117-19-4]",Weduwee
4048,Adendorf,Johannes Christoffel,Stellenbosch,review,"Source has additional party, claimant, payment-recipient or cross-reference wording; no affirmative UCL/BPP count or additional-slave contradiction established. Do not exclude merely for creditor/recipient names.",2,,11415;11416,BANKROTVEILING IN APRIL 1841; GG 2.4.1841; Andries Brink; A.A. Faure; S. Stronck; G.J. Vos almal saam £58 5S 0D ; ontvang prize negroes op 11.9.1840 [28.9.1840],
4049,Marais,Isaac Jacob,Stellenbosch,retain,No affirmative source-note count or claim-scope contradiction identified.,25,,16462;16463;16464;16465;16466;16467;16468;16469;16470;16471;16472;16473;16474;16475;16476;16477;16478;16479;16480;16481;16482;16483;16484;16485;16486,"""BUTLER"" || Paul de Villiers; Abraham Petrus Marais; Charl Marais; Jacob Marais; Pieter Marais; SJ Marais",Johannes zn
4050,De Villiers,Johannes Cornelis,Stellenbosch,retain,No affirmative source-note count or claim-scope contradiction identified.,1,,13196,Isaac J. Marais,Johannes zn
4051,De Villiers,Abraham Coenraad,Stellenbosch,retain,No affirmative source-note count or claim-scope contradiction identified.,12,,12808;12809;12810;12811;12812;12813;12814;12815;12816;12817;12818;12819,Abraham Coenraad de Villiers; Carel Albrecht Haupt,Abraham zn
4055,Brink,Francois Gerhard Jacob,Stellenbosch,retain,No affirmative source-note count or claim-scope contradiction identified.,2,,12131;12132,EISGELD ONTVANG MAART 1837; Weduwee T.J.J. Brink,Cornelis zn
4056,Marais,Johannes Stephanus,Stellenbosch,retain,No affirmative source-note count or claim-scope contradiction identified.,14,,16517;16518;16519;16520;16521;16522;16523;16524;16525;16526;16527;16528;16529;16530,Kry prize negroes in 1840; GG,
4057,De Villiers,Abraham Pieter,Stellenbosch,retain,No affirmative source-note count or claim-scope contradiction identified.,35,,12821;12822;12823;12824;12825;12826;12827;12828;12829;12830;12831;12832;12833;12834;12835;12836;12837;12838;12839;12840;12841;12842;12843;12844;12845;12846;12847;12848;12849;12850;12851;12852;12853;12854;12855,EISGELD ONTVANG MAART 1837; Abraham P. de Villiers; Weduwee Jacob P. de Villiers,Abraham zn
4058,De Villiers,Jacob Isaac,Stellenbosch,retain,No affirmative source-note count or claim-scope contradiction identified.,13,,12989;12990;12991;12992;12993;12994;12995;12996;12997;12998;12999;13000;13001,Abraham P. de Villiers; Weduwee Jacob P. de Villiers,Abraham zn
4059,Mulder,Daniel Jacobus,Stellenbosch,retain,No affirmative source-note count or claim-scope contradiction identified.,2,,17048;17049,Pieter Marais [£47-4-4]; De Wede D. J. Muller [£35-0-4],Weduwee
4060,Louw,Willem Isaac,Stellenbosch,retain,No affirmative source-note count or claim-scope contradiction identified.,40,,15980;15981;15982;15983;15984;15985;15986;15987;15988;15989;15990;15991;15992;15993;15994;15995;15996;15997;15998;15999;16000;16001;16002;16003;16004;16005;16006;16007;16008;16009;16010;16011;16012;16013;16014;16015;16016;16017;16018;16019,MESSELAAR || EIS GOEDGEKEUR MAART 1837; BETAAL 27.10.1837; Paul de Villiers [£107-11-3]; W.J. Louw [£663-1-2]; J.H. Neethling [£97-10-4]; J.J. van den Berg [£107-11-3]; Hans H. Wicht [£250-19-8] || KLEREMAKER,Hendrik zn
4062,Ponty,Cornelis Ernestus,Stellenbosch,retain,No affirmative source-note count or claim-scope contradiction identified.,5,,17486;17487;17488;17489;17490,Carel Albrecht Haupt,Weduwee
4063,De Wit,Jacobus Johannes,Stellenbosch,retain,No affirmative source-note count or claim-scope contradiction identified.,3,,13541;13542;13543,,
4064,Van der Merwe,Schalk Willem,Stellenbosch,retain,No affirmative source-note count or claim-scope contradiction identified.,41,,19165;19166;19167;19168;19169;19170;19171;19172;19173;19174;19175;19176;19177;19178;19179;19180;19181;19182;19183;19184;19185;19186;19187;19188;19189;19190;19191;19192;19193;19194;19195;19196;19197;19198;19199;19200;19201;19202;19203;19204;19205,EIS GOEDGEKEUR IN LONDEN 15.7.37; Wilhelm Susius Buisinne; Jan Daniel de Villiers; Petrus François de Villiers; J.J. De Wit; Johannes Mattheus De Wit; Petrus Johannes Andries Louw; Weduwee Jacobus Johannes Van den Berg; Fredrik Stephanus Watermeyer; Weduwee Hans Hendrik Wicht,Jacob zn
4065,Van der Merwe,Jacob,Stellenbosch,retain,No affirmative source-note count or claim-scope contradiction identified.,9,,19046;19047;19048;19049;19050;19051;19052;19053;19054,EIS GOEDGEKEUR IN LONDEN 15.7.37; ONTVANG OP 22.9.1837; Jacobus Johannes van den Berg; Schalk Willem van der Merwe,wed oorlede Jacob vdM
4066,De Vos,Dirk,Stellenbosch,retain,No affirmative source-note count or claim-scope contradiction identified.,4,,13407;13408;13409;13410,EIS BETAAL 3.3.1837,Pieter zn
4067,De Villiers,Pieter Matthys,Stellenbosch,review,"Source has additional party, claimant, payment-recipient or cross-reference wording; no affirmative UCL/BPP count or additional-slave contradiction established. Do not exclude merely for creditor/recipient names.",26,,13348;13349;13350;13351;13352;13353;13354;13355;13356;13357;13358;13359;13360;13361;13362;13363;13364;13365;13366;13367;13368;13369;13370;13371;13372;13373,SKRYNWERKER || Ook Le Plessis Marle || EIS GOEDGEKEUR IN LONDEN 15.7.37,Jan zn
4068,Hugo,Jacobus Stephanus,Stellenbosch,retain,No affirmative source-note count or claim-scope contradiction identified.,1,,14855,EIS GOEDGEKEUR IN LONDEN 15.7.37; Johannes Stephanus Hugo,Daniel zn
4069,Nieuwoudt,Thieleman,Stellenbosch,retain,No affirmative source-note count or claim-scope contradiction identified.,32,,17381;17382;17383;17384;17385;17386;17387;17388;17389;17390;17391;17392;17393;17394;17395;17396;17397;17398;17399;17400;17401;17402;17403;17404;17405;17406;17407;17408;17409;17410;17411;17412,EIS BETAAL 3.3.1837,Weduwee
4070,Retief,Paul,Stellenbosch,retain,No affirmative source-note count or claim-scope contradiction identified.,1,,17655,EIS BETAAL 3.3.1837,P zn
4071,Roos,Gerhardus Jacobus,Stellenbosch,retain,No affirmative source-note count or claim-scope contradiction identified.,6,,17712;17713;17714;17715;17716;17717,Jan Stephanus Marais; Gerhardus Jacobus Roos; WEERDA en WARDA,Frans zn
4072,Marais,Daniel David,Stellenbosch,retain,No affirmative source-note count or claim-scope contradiction identified.,19,,16414;16415;16416;16417;16418;16419;16420;16421;16422;16423;16424;16425;16426;16427;16428;16429;16430;16431;16432,,Pieter zn
4073,Le Roux,Jacobus Johannes,Stellenbosch,retain,No affirmative source-note count or claim-scope contradiction identified.,10,,15604;15605;15606;15607;15608;15609;15610;15611;15612;15613,EIS GOEDGEKEUR IN LONDEN 15.7.37; Frederick Jacob Bernhardi; Abraham Jacobus Marais; Pieter Marais; Jacobus Johannes Roux; Johan Carel Voigt,P zn
4074,Du Preez,Jacobus Johannes,Stellenbosch,retain,No affirmative source-note count or claim-scope contradiction identified.,29,,13635;13636;13637;13638;13639;13640;13641;13642;13643;13644;13645;13646;13647;13648;13649;13650;13651;13652;13653;13654;13655;13656;13657;13658;13659;13660;13661;13662;13663,EISGELD ONTVANG MAART 1837; J.J. du Preez [£762-2-1]; Hans H. Wicht [£32-10-5],Jacobus zn
4075,Du Preez,Jan Hendrik,Stellenbosch,retain,No affirmative source-note count or claim-scope contradiction identified.,1,,13664,EIS BETAAL 3.3.1837,Jacobus zn
4076,De Villiers,Pieter Johannes,Stellenbosch,retain,No affirmative source-note count or claim-scope contradiction identified.,1,,13347,,Pieter zn
4077,Marais,Abraham Pieter,Stellenbosch,retain,No affirmative source-note count or claim-scope contradiction identified.,5,,16378;16379;16380;16381;16382,A.P. Marais; Abraham Petrus Marais; Weduwee Pieter Paul Marais; Pieter Paul Marais [£215-11-9]; Marie E. Muller [£54-11-0]; Marie Elizabeth Muller; Kry prize negroes in 1840; GG,Johannes zn
4078,Marais,Willem Jacobus,Stellenbosch,retain,No affirmative source-note count or claim-scope contradiction identified.,8,,16616;16617;16618;16619;16620;16621;16622;16623,"Pieter Hermanus du Toit [£71-14-2]; Carel Haupt [£29-7-6]; E.W.J. Marais, W zn [£122-2-2];",Willem zn
4079,Malherbe,Petrus Jacobus,Stellenbosch,retain,No affirmative source-note count or claim-scope contradiction identified.,9,,16317;16318;16319;16320;16321;16322;16323;16324;16325,EIS GOEDGEKEUR IN LONDEN 15.7.37; Ernst du Toit; Petrus Jacobus Malherbe,Stephanus zn
4080,Marais,Pieter,Stellenbosch,retain,No affirmative source-note count or claim-scope contradiction identified.,34,,16553;16554;16555;16556;16557;16558;16559;16560;16561;16562;16563;16564;16565;16566;16567;16568;16569;16570;16571;16572;16573;16574;16575;16576;16577;16578;16579;16580;16581;16582;16583;16584;16585;16586,EISGELD ONTVANG MAART 1837; P. Marais [£857-3-1]; Weduwee Cornelis van der Poel [£68-5-11]; Kry prize negroes in 1840; GG,Jacobus zn
4081,Krynauw,Magdalena Maria,Stellenbosch,retain,No affirmative source-note count or claim-scope contradiction identified.,1,,15307,EISGELD ONTVANG MAART 1837,
4082,Marais,Abraham Johannes,Stellenbosch,retain,No affirmative source-note count or claim-scope contradiction identified.,25,,16353;16354;16355;16356;16357;16358;16359;16360;16361;16362;16363;16364;16365;16366;16367;16368;16369;16370;16371;16372;16373;16374;16375;16376;16377,"SKRYNWERKER, Weduwee Abraham Johannes Marais; Gerrit Nieuwoudt; Isaac Nieuwoudt; Jeremias Nieuhoudt; Johannes Nieuhoudt; Cornelis Van der Poel; Kry prize negroes in 1840; GG || WAMAKER; 1827 Bauermester || 1827 Bauermester",Jacobus zn
4083,De Wet,Jacobus Petrus,Stellenbosch,retain,No affirmative source-note count or claim-scope contradiction identified.,14,,13526;13527;13528;13529;13530;13531;13532;13533;13534;13536;13537;13538;13539;13540,Johanna Elizabeth Bosman; Adam Fredrik Carstens; Jacobus Petrus de Wet; Tobias Herold; Gabriel Louw || MESSELAAR,
4084,De Wet,Francois Gerhard,Stellenbosch,retain,No affirmative source-note count or claim-scope contradiction identified.,9,,13485;13486;13487;13488;13489;13490;13491;13492;13493,"François G. de Wet, Frans  [£288-5-1]; Gabriel Louw [£54-11-0]",
4085,De Wet,Francois,Stellenbosch,retain,No affirmative source-note count or claim-scope contradiction identified.,5,,13494;13495;13496;13497;13498,EIS BETAAL 3.3.1837,Weduwee
4086,Roux,Pieter,Stellenbosch,retain,No affirmative source-note count or claim-scope contradiction identified.,1,,18234,EISGELD ONTVANG MAART 1837; G.H. de Wet; Johannes Joachim Lodewyk Smuts,oorlede
4089,De Kock,Johannes Martinus,Stellenbosch,retain,No affirmative source-note count or claim-scope contradiction identified.,2,,12541;12542,J.J. de Melander,minderjarige kinders
41,Botma,Gerrit Lodewyk,Beaufort,retain,No affirmative source-note count or claim-scope contradiction identified.,4,,35922;35923;35924;35925,,sv Abraham
42,Botma,Stephanus Johannes,Beaufort,retain,No affirmative source-note count or claim-scope contradiction identified.,7,,35926;35927;35928;35929;35930;35931;35932,,so Abraham
4284,Van der Merwe,Izak Jac,Stellenbosch,retain,No affirmative source-note count or claim-scope contradiction identified.,6,,19040;19041;19042;19043;19044;19045,EIS GOEDGEKEUR IN LONDEN 15.7.37,Nic Zn
4285,Van der Merwe,Weduwee Nicolaas Johannes,Stellenbosch,retain,No affirmative source-note count or claim-scope contradiction identified.,10,,19206;19207;19208;19209;19210;19211;19212;19213;19214;19215,EIS GOEDGEKEUR IN LONDEN 15.7.37; Schalk Willem Van der Merwe,
4286,Van der Merwe,Carel Aron,Stellenbosch,retain,No affirmative source-note count or claim-scope contradiction identified.,3,,18999;19000;19001,EIS GOEDGEKEUR IN LONDEN 15.7.37; Schalk Willem Van der Merwe,Nic Zn
4288,Retief,Paul (Frans soon),Stellenbosch,retain,No affirmative source-note count or claim-scope contradiction identified.,1,,17649,EISGELD ONTVANG MAART 1837,
4289,Smit,Stephanus Christiaan (Steph zoon),Stellenbosch,retain,No affirmative source-note count or claim-scope contradiction identified.,21,,18458;18459;18460;18461;18462;18463;18464;18465;18466;18467;18468;18469;18470;18471;18472;18473;18474;18475;18476;18477;18478,EISGELD ONTVANG MAART 1837,
4290,Smit,Johannes Corn. (Alewyn zoon),Stellenbosch,retain,No affirmative source-note count or claim-scope contradiction identified.,7,,18439;18440;18441;18442;18443;18444;18445,J.C. Smith; J.J. Smith; N.M. Smith,
4291,Smit,Johannes Jacobus (Jan zoon),Stellenbosch,retain,No affirmative source-note count or claim-scope contradiction identified.,3,,18446;18447;18448,,
4292,Le Roux,Abraham  Steph Junior,Stellenbosch,retain,No affirmative source-note count or claim-scope contradiction identified.,4,,15460;15461;15462;15463,,
4294,Le Roux,Weduwee Abraham Stephanus (Gabriel zoon),Stellenbosch,retain,No affirmative source-note count or claim-scope contradiction identified.,7,,15553;15554;15555;15556;15557;15558;15559,,
4295,Le Roux,Daniel Servaas (Abraham zoon),Stellenbosch,retain,No affirmative source-note count or claim-scope contradiction identified.,4,,15526;15527;15528;15529,,
4296,Smit,Franciscus (Jac zoon),Stellenbosch,retain,No affirmative source-note count or claim-scope contradiction identified.,2,,18406;18407,,
4297,Smit,De wed Jacobus Hendrik oude,Stellenbosch,retain,No affirmative source-note count or claim-scope contradiction identified.,38,,18365;18366;18367;18368;18369;18370;18371;18372;18373;18374;18375;18376;18377;18378;18379;18380;18381;18382;18383;18384;18385;18386;18387;18388;18389;18390;18391;18392;18393;18394;18395;18396;18397;18398;18399;18400;18401;18402,EIS GOEDGEKEUR IN LONDEN 15.7.37; Jacobus Hendrik Smith,
4298,De Goede,Johannes Martinus,Stellenbosch,retain,No affirmative source-note count or claim-scope contradiction identified.,4,,12529;12530;12531;12532,BANKROTVENDUSIE OP 23.1.1837; Johannes Petrus du Toit?,Jan zn
4299,Smit,Hendrik Jac  (Jac Hend zoon),Stellenbosch,retain,No affirmative source-note count or claim-scope contradiction identified.,1,,18416,EIS GOEDGEKEUR IN LONDEN 15.7.37; Weduwee H.J. Smith,
4300,Greeff,Louis Egbertus (Hend zoon);,Stellenbosch,retain,No affirmative source-note count or claim-scope contradiction identified.,1,,14324,Andries Brink; Louis Egbertus Greeff,
4301,Kellerman,Hendrik Jacobus,Stellenbosch,retain,No affirmative source-note count or claim-scope contradiction identified.,6,,15168;15169;15170;15171;15172;15173,EIS BETAAL 3.3.1837,
4302,Lategan,Benjamin Godlieb (Hend zoon),Stellenbosch,exclude,Explicit slave count in payment annotation differs from local slave records; claim scope unresolved.,6,4,15379;15380;15381;15382;15383;15384,"Benjamin Godlieb Lategan
?? TOTAAL; £401-50; £157 7S 1D [4 Enslaved]; Johannes Petrus du Toit ??",
4303,Wiese,Pieter Benjamin Junior,Stellenbosch,retain,No affirmative source-note count or claim-scope contradiction identified.,4,,19726;19727;19728;19729,Michiel Nicolaas Smuts; Pieter Benjamin Wiese: ROSINA KLA BENJAMEN WIESE AAN VIR AANRANDING 1830,
4304,Myburgh,Albert (Willem zoon),Stellenbosch,retain,No affirmative source-note count or claim-scope contradiction identified.,2,,17062;17063,,
4305,Myburgh,Stephanus Christiaan,Stellenbosch,retain,No affirmative source-note count or claim-scope contradiction identified.,1,,17234,,
4306,Ras,Alewyn (Jan zoon),Stellenbosch,retain,No affirmative source-note count or claim-scope contradiction identified.,1,,17520,EIS GOEDGEKEUR IN LONDEN 15.7.37; Alwyn Ras; Hans Hendrik Wicht,
4307,Van der Merwe,Schalk Willem (Nil zoon),Stellenbosch,retain,No affirmative source-note count or claim-scope contradiction identified.,9,,19156;19157;19158;19159;19160;19161;19162;19163;19164,EIS GOEDGEKEUR IN LONDEN 15.7.37,
4308,Smit,Everhardus Joh (Everh Joh zoon),Stellenbosch,retain,No affirmative source-note count or claim-scope contradiction identified.,3,,18403;18404;18405,EIS GOEDGEKEUR IN LONDEN 15.7.37,
4309,Truter,Jan Andreas (Fred? Zoon),Stellenbosch,retain,No affirmative source-note count or claim-scope contradiction identified.,7,,18722;18723;18724;18725;18726;18727;18728,EISGELD GOEDGEKEUR MAART 1837; BETAAL 2.6.1837,
4310,Louw,Jacobus Adriaan (Jacob Gid zoon),Stellenbosch,retain,No affirmative source-note count or claim-scope contradiction identified.,7,,15844;15845;15846;15847;15848;15849;15850,Jacobus Adriaan Louw; Hans Hendrik Wicht,
4311,Bester,Joachim Paulus (Joachim zoon),Stellenbosch,retain,No affirmative source-note count or claim-scope contradiction identified.,1,,11666,,
4312,Louw,Jacobus Gideon (Jacobus zoon),Stellenbosch,retain,No affirmative source-note count or claim-scope contradiction identified.,7,,15855;15856;15857;15858;15859;15860;15861,EIS GOEDGEKEUR IN LONDEN 15.7.37,
4313,Van Zyl,Albertus Petrus (Albert zoon),Stellenbosch,retain,No affirmative source-note count or claim-scope contradiction identified.,1,,19535,,
4314,Kotze,Dirk Jacobus (Theunis zoon),Stellenbosch,retain,No affirmative source-note count or claim-scope contradiction identified.,10,,15198;15199;15200;15201;15202;15203;15204;15205;15206;15207,EISGELD GOEDGEKEUR MAART 1837; BETAAL 2.6.1837,
4315,Bester,Gideon Christiaan (Albertus zoon),Stellenbosch,retain,No affirmative source-note count or claim-scope contradiction identified.,12,,11645;11646;11647;11648;11649;11650;11651;11652;11653;11654;11655;11656,EIS BETAAL 3.3.1837,
4316,Van Schalkwyk,Boedel van de wed. Theunis Gerhardus,Stellenbosch,retain,No affirmative source-note count or claim-scope contradiction identified.,1,,19491,Gideon Christiaan Bester; Andreas Stephanus Facolyn Gous; EIS BETAAL 3.3.1837,
4317,Van Schalkwyk,Nicolaas Gerhardus (Theunis zoon),Stellenbosch,retain,No affirmative source-note count or claim-scope contradiction identified.,4,,19497;19498;19499;19500,EIS BETAAL 3.3.1837,
4318,Van Schalkwyk,Dirk Johannes (Theunis zoon),Stellenbosch,retain,No affirmative source-note count or claim-scope contradiction identified.,5,,19492;19493;19494;19495;19496,EIS BETAAL 3.3.1837,
4319,Bester,Huybegtje A.G.P.,Stellenbosch,retain,No affirmative source-note count or claim-scope contradiction identified.,1,,11657,WEDUWEE J VISSER ONTVANG HAAR EISGELD OP 24.2.1837,
432,Joubert,David Johannes,Graaff Reinet,retain,No affirmative source-note count or claim-scope contradiction identified.,3,,31229;31230;31231,Claimant: Widow || Cripple and feebly,
4320,Visser,Johannes Giuliame,Stellenbosch,retain,No affirmative source-note count or claim-scope contradiction identified.,22,,19566;19567;19568;19569;19570;19571;19572;19573;19574;19575;19576;19577;19578;19579;19580;19581;19582;19583;19584;19585;19586;19587,EIS BETAAL 3.3.1837,oorlede
4321,Visser,Dirk Jacobus (Jan Zoon),Stellenbosch,retain,No affirmative source-note count or claim-scope contradiction identified.,5,,19561;19562;19563;19564;19565,EIS BETAAL 3.3.1837,
4322,Brand,George Frederik (Floris zoon),Stellenbosch,retain,No affirmative source-note count or claim-scope contradiction identified.,1,,12036,ONTVANG  EISGELD OP 24.2.1837 ; GG,
4323,Smit,Jasper (Pieter zoon),Stellenbosch,retain,No affirmative source-note count or claim-scope contradiction identified.,20,,18419;18420;18421;18422;18423;18424;18425;18426;18427;18428;18429;18430;18431;18432;18433;18434;18435;18436;18437;18438,ONTVANG  EISGELD OP 24.2.1837 ; GG,
4324,Bester,Jacobus Andries (Jan zoon),Stellenbosch,retain,No affirmative source-note count or claim-scope contradiction identified.,8,,11658;11659;11660;11661;11662;11663;11664;11665,EIS BETAAL 3.3.1837,
4325,Louw,Willem Pieter (Adriaan zoon),Stellenbosch,retain,No affirmative source-note count or claim-scope contradiction identified.,1,,16026,EISGELD ONTVANG MAART 1837,
4326,Schreuder,Johannes Hendrik,Stellenbosch,retain,No affirmative source-note count or claim-scope contradiction identified.,13,,18308;18309;18310;18311;18312;18313;18314;18315;18316;18317;18318;18319;18320,EISGELD ONTVANG MAART 1837; Johannes Hendrick Schreuder; Johannes Hendrik Schreuder; Hugo Hendrik van Niekerk; Hugo Hendrik van Niekerk,
4327,Bester,Dina Jacoba gehuud met Andries Nicolaas Schreuder (Johannes zoon);,Stellenbosch,retain,No affirmative source-note count or claim-scope contradiction identified.,1,,11644,EIS BETAAL 3.3.1837; Diena Jacoba Bester,
4328,Kotze,Gysbert (Dirk zoon),Stellenbosch,retain,No affirmative source-note count or claim-scope contradiction identified.,10,,15208;15209;15210;15211;15212;15213;15214;15215;15216;15217,,
4329,Dempers,Weduwee Nicolaas [Bestbier],Stellenbosch,retain,No affirmative source-note count or claim-scope contradiction identified.,4,,13568;13569;13570;13571,gebore Bestbier(unsure) gehuud met Hermanus de Goede || H. de Goede,
433,Smith,Petrus Erasmus,Graaff Reinet,retain,No affirmative source-note count or claim-scope contradiction identified.,2,,31904;31905,,
4330,Rust,Albert (Jan zoon),Stellenbosch,retain,No affirmative source-note count or claim-scope contradiction identified.,13,,18239;18240;18241;18242;18243;18244;18245;18246;18247;18248;18249;18250;18251,"Hermanus Johannes de Goede; Adriaan Jacobus Louw; Albert Rust; ""Opgedrost; Mozambique; tekens aan sy bene; kort van postuur""",
4331,Smit,Gideon (Jacobus zoon),Stellenbosch,retain,No affirmative source-note count or claim-scope contradiction identified.,8,,18408;18409;18410;18411;18412;18413;18414;18415,,
4332,Smit,Jacobus Gideon (Gideon zn),Stellenbosch,retain,No affirmative source-note count or claim-scope contradiction identified.,2,,18417;18418,EIS GOEDGEKEUR IN LONDEN 15.7.37,
4334,Truter,Frederik Christoffel (Frederik zoon),Stellenbosch,retain,No affirmative source-note count or claim-scope contradiction identified.,2,,18720;18721,MOOC8/46.76; 1832 || EISGELD ONTVANG MAART 1837; Andries Brink; Andries Brink; F.C. Truter; Fredrik Christoffel Truter,
4335,Lochner,Tobias Christiaan,Stellenbosch,retain,No affirmative source-note count or claim-scope contradiction identified.,8,,15701;15702;15703;15704;15705;15706;15707;15708,,
4336,Mostert,Jan Hendrik (Hendrik zoon),Stellenbosch,retain,No affirmative source-note count or claim-scope contradiction identified.,1,,16994,EIS GOEDGEKEUR IN LONDEN 15.7.37,
4337,Pretorius,Willem Sterrenberg (Dirk zoon),Stellenbosch,retain,No affirmative source-note count or claim-scope contradiction identified.,7,,17492;17493;17494;17495;17496;17497;17498,,
4338,Esterhuizen,Willem Johannes,Stellenbosch,retain,No affirmative source-note count or claim-scope contradiction identified.,5,,14055;14057;14058;14059;14065,EIS GOEDGEKEUR IN LONDEN 15.7.37; Willem Johannes Esterhuyzen; Jan Nicolaas Smit,
4339,Esterhuizen,Weduwee Willem,Stellenbosch,retain,No affirmative source-note count or claim-scope contradiction identified.,5,,14047;14048;14049;14050;14051,,geb Magd. Christina Meintjes Van Der Berg
434,Van den Berg,Paulus Johannes,Graaff Reinet,review,"Source has additional party, claimant, payment-recipient or cross-reference wording; no affirmative UCL/BPP count or additional-slave contradiction established. Do not exclude merely for creditor/recipient names.",4,,32018;32019;32020;32021,"kyk ook 944 en 945 || Also Craal boy || Healthy, also cook",
4340,Lombard,Christoffel (Nicolaas zoon),Stellenbosch,retain,No affirmative source-note count or claim-scope contradiction identified.,5,,15731;15732;15733;15734;15735,"""Deserted since May 1833. Brown Colour; sold to Willem J Esterhuizen"". GG 21.11.1834, gedros en word in die Kaap aangehou || gelege aan der  Drieheuvelen; of  Weltevreden? || Matthys Michielse Basson; Christoffel Lombard",
4341,Hanekom,Albertus Carel Johannes,Stellenbosch,retain,No affirmative source-note count or claim-scope contradiction identified.,2,,14474;14475,,
4342,Smit,Marten Johannes Adriaan,Stellenbosch,retain,No affirmative source-note count or claim-scope contradiction identified.,3,,18455;18456;18457,M.J.A. Smith; M. Smuts; Onder verband geplaas || Onder verband geplaas,
4343,Basson,Oorlede Johannes (Matthys zoon),Stellenbosch,retain,No affirmative source-note count or claim-scope contradiction identified.,1,,11594,EIS BETAAL 3.3.1837; H.H. Loedolf,
4344,Basson,Weduwee Johannes (Matthys zn),Stellenbosch,retain,No affirmative source-note count or claim-scope contradiction identified.,3,,11595;11596;11597,Johannes Guillaume Basson,
4345,Basson,Johannes Hendrik Albertus,Stellenbosch,retain,No affirmative source-note count or claim-scope contradiction identified.,1,,11564,EIS BETAAL 3.3.1837; H.H. Loedolff,
4346,Nolte,Jan Hendrik,Stellenbosch,retain,No affirmative source-note count or claim-scope contradiction identified.,7,,17413;17414;17415;17416;17417;17418;17419,"Weduwee Jan Basson [£114-11-2]; Jan Hendrik Nolte, Jan zn [£52-19-11]",
4347,Basson,Matthys Michielse,Stellenbosch,retain,No affirmative source-note count or claim-scope contradiction identified.,15,,11579;11580;11581;11582;11583;11584;11585;11586;11587;11588;11589;11590;11591;11592;11593,Jan Basson; Matthys Mich. Basson,
4348,Hanekom,Johannes Hendrik,Stellenbosch,retain,No affirmative source-note count or claim-scope contradiction identified.,25,,14476;14477;14478;14479;14480;14481;14482;14483;14484;14485;14486;14487;14488;14489;14490;14491;14492;14493;14494;14495;14496;14497;14498;14499;14500,EIS BETAAL 3.3.1837 || oorlede,Jurgen zn
4349,Carstens,Jacobus Everhardus,Stellenbosch,retain,No affirmative source-note count or claim-scope contradiction identified.,3,,12225;12226;12227,,
435,Meintjies,wed Hendrik Adriaan,Graaff Reinet,review,"Source has additional party, claimant, payment-recipient or cross-reference wording; no affirmative UCL/BPP count or additional-slave contradiction established. Do not exclude merely for creditor/recipient names.",2,,31451;31452,kyk ook 944 en 945,
4351,Smuts,Daniel Jacobus,Stellenbosch,retain,No affirmative source-note count or claim-scope contradiction identified.,12,,18485;18486;18487;18488;18489;18490;18491;18492;18493;18494;18495;18496,,Michiel zn
4353,Jordaan,Michiel Adriaan,Stellenbosch,retain,No affirmative source-note count or claim-scope contradiction identified.,15,,14935;14936;14937;14938;14939;14940;14941;14942;14943;14944;14945;14946;14947;14948;14949,EISGELD ONTVANG MAART 1837,Pieter zn
4354,Jordaan,Paul Johannes,Stellenbosch,retain,No affirmative source-note count or claim-scope contradiction identified.,2,,14952;14953,EISGELD ONTVANG MAART 1837,Michiel zn
4355,Jordaan,Arnoldus Johannes,Stellenbosch,retain,No affirmative source-note count or claim-scope contradiction identified.,2,,14933;14934,EISGELD ONTVANG MAART 1837,Michiel zn
4357,Steyn,Hendrik,Stellenbosch,retain,No affirmative source-note count or claim-scope contradiction identified.,1,,18624,,Gabriel zn
4358,Laubscher,Samuel Antony,Stellenbosch,retain,No affirmative source-note count or claim-scope contradiction identified.,2,,15456;15457,Weduwee Samuel Anthony Laubscher,Matthys zn
4359,Basson,Willem,Stellenbosch,retain,No affirmative source-note count or claim-scope contradiction identified.,7,,11598;11599;11600;11601;11602;11603;11604,"Weduwee Jan Basson [£43-17-8]; Jan Basson; Willem Basson, Jan zn [£134-0-3]; Maria E. Lategan",Jan zn
436,Van Blerk,Jan Barend,Graaff Reinet,retain,No affirmative source-note count or claim-scope contradiction identified.,17,,31958;31959;31960;31961;31962;31963;31964;31965;31966;31967;31968;31969;31970;31971;31972;31973;31974,,
4361,Van der Westhuizen,Hendrik Johannes,Stellenbosch,retain,No affirmative source-note count or claim-scope contradiction identified.,13,,19261;19262;19263;19264;19265;19266;19267;19268;19269;19270;19271;19272;19273,Hendrik Jacobus Van der Westhuysen,Pieter zn
4362,Esterhuizen,Willem Johannes,Stellenbosch,retain,No affirmative source-note count or claim-scope contradiction identified.,11,,14052;14053;14054;14056;14060;14061;14062;14063;14064;14066;14067,"EIS GOEDGEKEUR IN LONDEN 15.7.37; Willem Johannes Esterhuysen, W zn [123-11-9]; Bartholomew Siebrits; Weduwee Michiel Smuts [88-3-1]; Frederik S. Watermeyer [78-12-1]; GG 10.7.1840; eis nog nie geregistreer nie",
4363,Esterhuizen,Willem Johannes,Stellenbosch,retain,No affirmative source-note count or claim-scope contradiction identified.,6,,14068;14069;14070;14071;14072;14073,EIS BETAAL 3.3.1837; M.S. Esterhuysen,[Maria Susanna de Villiers
4365,Laubscher,Nicolaas Willem,Stellenbosch,retain,No affirmative source-note count or claim-scope contradiction identified.,1,,15455,EIS BETAAL 3.3.1837; N. Willem Laubscher,Weduwee; Maria Eliz Bredenkamp
4366,Bresler,Casparus Johannes  Rynhard,Stellenbosch,retain,No affirmative source-note count or claim-scope contradiction identified.,19,,12051;12052;12053;12054;12055;12056;12057;12058;12059;12060;12061;12062;12063;12064;12065;12066;12067;12068;12069,"EIS GOEDGEKEUR IN LONDEN 15.7.37; Weduwee Johan Samuel Fredrik Botha [£49-0-10]; Casparus Johannes Rynhardt Bresler [£329-4-4]; Paul de Villiers, Jan zn [£126-5-2]; Jacob Eksteen [£54-11-0]; Hugo Hendrik Loedolff [£38-8-6]; Pieter Voltelen Van der Byl",
4367,Louw,Johannes Wynand,Stellenbosch,retain,No affirmative source-note count or claim-scope contradiction identified.,1,,15946,EISGELD ONTVANG MAART 1837; Weduwee J.W. Louw,
4368,Viljoen,Hercules,Stellenbosch,retain,No affirmative source-note count or claim-scope contradiction identified.,1,,19554,KOETSIER; EISGELD ONTVANG MAART 1837,
4369,Jordaan,Paul,Stellenbosch,retain,No affirmative source-note count or claim-scope contradiction identified.,12,,14954;14955;14956;14957;14958;14959;14960;14961;14962;14963;14964;14965,EIS BETAAL 3.3.1837,Stephanus zn; oorlede
437,Van Blerk,Petrus Jacobus,Graaff Reinet,retain,No affirmative source-note count or claim-scope contradiction identified.,7,,31978;31979;31980;31981;31982;31983;31984,,sv Jan Barend
4370,Jordaan,Stephanus,Stellenbosch,retain,No affirmative source-note count or claim-scope contradiction identified.,3,,14995;14996;14997,Stephanus Christiaan Jordaan; EIS BETAAL 3.3.1837,Paul zn
4371,Lombard,Andries Petrus,Stellenbosch,retain,No affirmative source-note count or claim-scope contradiction identified.,1,,15710,EIS GOEDGEKEUR IN LONDEN 15.7.37,Andries zn
4372,De Villiers,Pieter Jacob,Stellenbosch,retain,No affirmative source-note count or claim-scope contradiction identified.,11,,13326;13327;13328;13329;13330;13331;13332;13333;13334;13335;13336,"Weduwee Pieter Jacob de Villiers, Isaac zn [£183-5-10]; Albertus J. Enslin [£54-11-0]; Pieter Jacobus Sandenbergh en H. Alexander [£167-18-8]",Weduwee Isaac zn
4373,Laubscher,Nicolaas Johannes,Stellenbosch,retain,No affirmative source-note count or claim-scope contradiction identified.,1,,15454,,Matthys zn
4374,Van der Westhuysen,Hendrik Jacobus,Stellenbosch,retain,No affirmative source-note count or claim-scope contradiction identified.,10,,19287;19288;19289;19290;19291;19292;19293;19294;19295;19296,,Albert zn
4375,Steyn,Gabriel Hendrik,Stellenbosch,retain,No affirmative source-note count or claim-scope contradiction identified.,6,,18618;18619;18620;18621;18622;18623,"""geel van kleur""",Gabriel zn
4376,De Waal,Dirk,Stellenbosch,retain,No affirmative source-note count or claim-scope contradiction identified.,5,,13472;13473;13474;13475;13476,Dirk de Waal; Weduwee Christoffel Smit,
4377,Lombard,Johannes Gerhardus,Stellenbosch,retain,No affirmative source-note count or claim-scope contradiction identified.,8,,15785;15786;15787;15788;15789;15790;15791;15792,ONGEGUND?,
4378,Laubscher,Johannes Albertus,Stellenbosch,retain,No affirmative source-note count or claim-scope contradiction identified.,12,,15424;15425;15426;15427;15428;15429;15430;15431;15432;15433;15434;15435,Sophia Johanna Lombard,oorlede; SJ Lombard
4379,Lombard,Francois Johannes,Stellenbosch,retain,No affirmative source-note count or claim-scope contradiction identified.,10,,15758;15759;15760;15761;15762;15763;15764;15765;15766;15767,,
438,Van Blerk,Hendrik Stephanus,Graaff Reinet,retain,No affirmative source-note count or claim-scope contradiction identified.,2,,31956;31957,,sv Jan Barend
4380,Slabbert,Maria,Stellenbosch,retain,No affirmative source-note count or claim-scope contradiction identified.,6,,18348;18349;18350;18351;18352;18353,,
4381,Bredenkamp,Johanna Jacoba Maria,Stellenbosch,retain,No affirmative source-note count or claim-scope contradiction identified.,4,,12047;12048;12049;12050,,
4383,Van der Westhuysen,Pieter Abraham,Stellenbosch,retain,No affirmative source-note count or claim-scope contradiction identified.,7,,19297;19298;19299;19300;19301;19302;19303,Papkuilsfontein,
4384,Loedolf,Pieter,Stellenbosch,retain,No affirmative source-note count or claim-scope contradiction identified.,1,,15709,EIS BETAAL 3.3.1837,Jan  Hendrik zn
4386,Laubscher,Johannes Albertus,Stellenbosch,exclude,same_UCL_and_exact_owner_in_multiple_districts,32,,15392;15393;15394;15395;15396;15397;15398;15399;15400;15401;15402;15403;15404;15405;15406;15407;15408;15409;15410;15411;15412;15413;15414;15415;15416;15417;15418;15419;15420;15421;15422;15423,EIS GOEDGEKEUR IN LONDEN 15.7.37,Johannes zn
4387,Smit,Christoffel,Stellenbosch,retain,No affirmative source-note count or claim-scope contradiction identified.,1,,18364,EIS GOEDGEKEUR IN LONDEN 15.7.37,Pieter zn
4388,Le Roux,Pieter Benjamen,Stellenbosch,retain,No affirmative source-note count or claim-scope contradiction identified.,4,,15631;15632;15633;15634,Albert Johannes Jordaan,Weduwee Martha MC Visagie
4389,Grobbelaar,Evert,Stellenbosch,retain,No affirmative source-note count or claim-scope contradiction identified.,9,,14365;14366;14367;14368;14369;14370;14371;14372;14373,,Corn. Zn
439,Coetzee,Dirk Jacobus,Graaff Reinet,retain,No affirmative source-note count or claim-scope contradiction identified.,7,,30799;30800;30801;30802;30803;30804;30805,Indifferent Health,sv Gert
4390,Reyneke,Adam Johannes,Stellenbosch,retain,No affirmative source-note count or claim-scope contradiction identified.,1,,17688,David Johannes de Waal; Adam Johannes Ryneke,Casp? Zn
4391,Geldenhuys,Gideon Theodorus,Stellenbosch,retain,No affirmative source-note count or claim-scope contradiction identified.,4,,14249;14250;14251;14252,Gideon Theodorus Gildenhuys; Frederik Johannes Oosthuysen,
4392,Lombard,Hendrik [en Jacobus Schalk],Stellenbosch,retain,No affirmative source-note count or claim-scope contradiction identified.,12,,15768;15769;15770;15771;15772;15773;15774;15775;15776;15777;15778;15779,"KYK: MOOC 8/65/121819: Kaap, 63, 500 rds || KYK: MOOC 8/65/121819: Mosambiek, 33, 1800 rds || KYK: MOOC 8/65/121819: Mosambiek, 40, 1200 rds || KYK: MOOC 8/65/121819: Mosambiek, 53, 1800 rds || KYK: MOOC 8/65/121819: Mosambiek, 47, 1500 rds || KYK: MOOC 8/65/121819: Kaap, 23, 1800 rds",
4393,Lombard,Hendrik Jacobus,Stellenbosch,retain,No affirmative source-note count or claim-scope contradiction identified.,5,,15780;15781;15782;15783;15784,,
4394,Grobbelaar,Cornelis,Stellenbosch,retain,No affirmative source-note count or claim-scope contradiction identified.,2,,14358;14359,,Evert zn
4395,Smit,Andries [Hendrik Jacobus Lombard],Stellenbosch,retain,No affirmative source-note count or claim-scope contradiction identified.,1,,18363,EIS GOEDGEKEUR IN LONDEN 15.7.37; A.A. Smit,
4396,Grobbelaar,Cornelis,Stellenbosch,retain,No affirmative source-note count or claim-scope contradiction identified.,12,,14346;14347;14348;14349;14350;14351;14352;14353;14354;14355;14356;14357,,Cornelis zn
4397,Grobbelaar,Cornelis,Stellenbosch,retain,No affirmative source-note count or claim-scope contradiction identified.,5,,14360;14361;14362;14363;14364,,vrou=Susanna M Laubser
4399,Redelinghuys,Johannes Hermanus,Stellenbosch,retain,No affirmative source-note count or claim-scope contradiction identified.,22,,17525;17526;17527;17528;17529;17530;17531;17532;17533;17534;17535;17536;17537;17538;17539;17540;17541;17542;17544;17545;17546;17547,EIS GOEDGEKEUR IN LONDEN 15.7.37,Jacobus zn
44,Naude,Maria Margareta,Beaufort,retain,No affirmative source-note count or claim-scope contradiction identified.,1,,36222,Mozambique,spinster
440,Van Straten,Jacob,Graaff Reinet,retain,No affirmative source-note count or claim-scope contradiction identified.,2,,32477;32478,,
4401,Beyers,Hendrik Philippus,Cape,retain,No affirmative source-note count or claim-scope contradiction identified.,3,,234;235;236,Stellenbosch,
4401,Redelinghuys,Jacobus,Stellenbosch,retain,No affirmative source-note count or claim-scope contradiction identified.,2,,17523;17524,EIS GOEDGEKEUR IN LONDEN 15.7.37; D.H. Rodewalt,oorlede
4402,Louw,Jacobus Gideon,Stellenbosch,retain,No affirmative source-note count or claim-scope contradiction identified.,7,,15870;15871;15872;15873;15874;15875;15876,EIS BETAAL 3.3.1837; Jacques Gideon Louw,oorlede; Anna Cath. W
4403,Maree,Willem Adriaan,Stellenbosch,retain,No affirmative source-note count or claim-scope contradiction identified.,16,,16662;16663;16664;16665;16666;16667;16668;16669;16670;16671;16672;16673;16674;16675;16676;16677,EISGELD ONTVANG MAART 1837,Johannes zn
4404,Louw,Everhardus Johannes,Stellenbosch,retain,No affirmative source-note count or claim-scope contradiction identified.,3,,15841;15842;15843,E.T. Louw,Pieter zn
4405,De Vlamingh,Thomas Godfried,Stellenbosch,retain,No affirmative source-note count or claim-scope contradiction identified.,2,,13403;13404,EIS GOEDGEKEUR IN LONDEN 15.7.37; Tobias Godfried de Vlamingh,
4406,Le Roux,Johannes Jacobus,Stellenbosch,retain,No affirmative source-note count or claim-scope contradiction identified.,5,,15622;15623;15624;15625;15626,Kry prize negroes in 1840; GG,Abraham zn
4407,Walters,Nicolaas,Stellenbosch,retain,No affirmative source-note count or claim-scope contradiction identified.,1,,19678,,Nicolaas zn
4408,Van der Westhuysen,Christoffel,Stellenbosch,retain,No affirmative source-note count or claim-scope contradiction identified.,1,,19286,,
4409,Booyse,Gerrit,Stellenbosch,retain,No affirmative source-note count or claim-scope contradiction identified.,22,,11846;11847;11848;11849;11850;11851;11852;11853;11854;11855;11856;11857;11858;11859;11860;11861;11862;11863;11864;11865;11866;11867,Gerrit Johannes Booysen,Booy zn
441,Du Toit,Petrus Jacobus,Graaff Reinet,retain,No affirmative source-note count or claim-scope contradiction identified.,1,,31010,,
4410,Wiese,Andries Tobias,Stellenbosch,retain,No affirmative source-note count or claim-scope contradiction identified.,5,,19721;19722;19723;19724;19725,EISGELD ONTVANG MAART 1837;,Pieter zn
4411,Witsche,Hendrik Gabriel,Stellenbosch,retain,No affirmative source-note count or claim-scope contradiction identified.,24,,19730;19731;19732;19733;19734;19735;19736;19737;19738;19739;19740;19741;19742;19743;19744;19745;19746;19747;19748;19749;19750;19751;19752;19753,Martha Elizabeth Maria Witsche,oorlede; CJA Witsche; De Waal
4412,De Waal,Hendrik,Stellenbosch,retain,No affirmative source-note count or claim-scope contradiction identified.,5,,13477;13478;13479;13480;13481,,Tobias zn; Cath. Joh. Witsche
4413,Laubser,Johannes Albertus,Stellenbosch,retain,No affirmative source-note count or claim-scope contradiction identified.,1,,15458,,Matthys zn
4414,Coetzer,Jeremias Petrus,Stellenbosch,review,November1834 insolvency list says13 slaves versus6 records; list scope/date differs and not established as compensation claim count.,6,,12473;12474;12475;12476;12477;12478,"EISGELD ONTVANG MAART 1837; INSOLVENSIE, 26.11.1834, 13 slawe gelys",
4415,Van Jaarsveld,Willem Adriaan,Stellenbosch,retain,No affirmative source-note count or claim-scope contradiction identified.,17,,19334;19335;19336;19337;19338;19339;19340;19341;19342;19343;19344;19345;19346;19347;19348;19349;19350,EIS BETAAL 3.3.1837,Albert zn
4417,Van Wyk,Adriaan Jacobus,Stellenbosch,retain,No affirmative source-note count or claim-scope contradiction identified.,6,,19529;19530;19531;19532;19533;19534,Albertus Philippus Hiebner; Adriaan Jacobus van Wyk,
4418,Van Dyk,Gideon,Stellenbosch,retain,No affirmative source-note count or claim-scope contradiction identified.,1,,19306,Johan Coenraad Gie,oorlede; wed; Hilletje Aletta Smith
4419,Roos,Pieter Gysbert,Stellenbosch,retain,No affirmative source-note count or claim-scope contradiction identified.,6,,17719;17720;17721;17722;17723;17724,EISGELD ONTVANG MAART 1837; Riebeeck Kasteel,Francois zn
442,Janse van Rensburg,Hendrik Petrus,Graaff Reinet,retain,No affirmative source-note count or claim-scope contradiction identified.,14,,31206;31207;31208;31209;31210;31211;31212;31213;31214;31215;31216;31217;31218;31219,,
4420,Laubscher,Matthys Michielse,Stellenbosch,retain,No affirmative source-note count or claim-scope contradiction identified.,18,,15436;15437;15438;15439;15440;15441;15442;15443;15444;15445;15446;15447;15448;15449;15450;15451;15452;15453,,Nicolaas zn
4424,Van Aarde,Jacobus Adriaan,Stellenbosch,retain,No affirmative source-note count or claim-scope contradiction identified.,22,,18752;18753;18754;18755;18756;18757;18758;18759;18760;18761;18762;18763;18764;18765;18766;18767;18768;18769;18770;18771;18772;18773,,
4425,Steyn,Albert Lucas,Stellenbosch,retain,No affirmative source-note count or claim-scope contradiction identified.,24,,18575;18576;18577;18578;18579;18580;18581;18582;18583;18584;18585;18586;18587;18588;18589;18590;18591;18592;18593;18594;18595;18596;18597;18598,EISGELD ONTVANG MAART 1837; Weduwee E.L. Steyn,Gabriel zn
4426,Verster,Thomas Gabriel,Stellenbosch,retain,No affirmative source-note count or claim-scope contradiction identified.,5,,19540;19541;19542;19543;19544,EISGELD ONTVANG MAART 1837,
4427,Cilliers,Daniel Hendrik,Stellenbosch,retain,No affirmative source-note count or claim-scope contradiction identified.,1,,12267,GG 10.7.1840; eis nog nie geregistreer nie,
4428,Owen,William Samuel,Stellenbosch,retain,No affirmative source-note count or claim-scope contradiction identified.,1,,17452,Weduwee W.S. Owen,
4429,Scholtz,Gerrit,Stellenbosch,retain,No affirmative source-note count or claim-scope contradiction identified.,11,,18282;18283;18284;18285;18286;18287;18288;18289;18290;18291;18292,Gerhardus Scholtz; Christiaan Andreas Van den Burgh,Gerrit zn
443,Naude,Petrus Johannes,Graaff Reinet,retain,No affirmative source-note count or claim-scope contradiction identified.,14,,31507;31508;31509;31510;31511;31512;31513;31514;31515;31516;31517;31518;31519;31520,Indifferent Health,sv Jacob
4430,Van Dyk,Dirk Johannes,Stellenbosch,retain,No affirmative source-note count or claim-scope contradiction identified.,2,,19304;19305,EISGELD ONTVANG MAART 1837; Christiaan Andreas Van den Burgh; Weduwee Dirk Johannes Van Dyk,Johannes zn
4431,Cilliers,Jacob Daniel,Stellenbosch,retain,No affirmative source-note count or claim-scope contradiction identified.,5,,12272;12273;12274;12275;12276,,J zn
4432,Cilliers,Johannes Francois,Stellenbosch,retain,No affirmative source-note count or claim-scope contradiction identified.,4,,12277;12278;12279;12280,,J zn
4434,Scholtz,Joachim Johannes,Stellenbosch,retain,No affirmative source-note count or claim-scope contradiction identified.,10,,18293;18294;18295;18296;18297;18298;18299;18300;18301;18302,EIS BETAAL 3.3.1837,
4435,Mostert,Petrus Jacobus,Stellenbosch,retain,No affirmative source-note count or claim-scope contradiction identified.,22,,17026;17027;17028;17029;17030;17031;17032;17033;17034;17035;17036;17037;17038;17039;17040;17041;17042;17043;17044;17045;17046;17047,EIS BETAAL 3.3.1837,
4437,Voigt,Frederik Andries Martinus,Stellenbosch,retain,No affirmative source-note count or claim-scope contradiction identified.,8,,19588;19589;19590;19591;19592;19593;19594;19595,Dirk Jacobus Aspeling; Pieter Van Breda; GG 10.7.1840; eis nog nie geregistreer nie;,
4439,Van der Westhuisen,Thomas Dieter ?,Stellenbosch,retain,No affirmative source-note count or claim-scope contradiction identified.,1,,19260,,
444,Van den Berg,Nicolaas Francois,Graaff Reinet,retain,No affirmative source-note count or claim-scope contradiction identified.,1,,32010,,
4440,Krynauw,Christiaan Stephanus,Stellenbosch,retain,No affirmative source-note count or claim-scope contradiction identified.,2,,15305;15306,,
4441,Jacobs,Maria Sophia,Stellenbosch,retain,No affirmative source-note count or claim-scope contradiction identified.,3,,14918;14919;14920,"Weduwee Gerrit Nieuwoudt; Hazekraal, Paardeberg  gg",Weduwee van G Nieuwoudt
4442,Jordaan,Nicolaas Albertus,Stellenbosch,retain,No affirmative source-note count or claim-scope contradiction identified.,2,,14950;14951,,Adriaan zn
4443,Siebrits,Bartolomeus,Stellenbosch,retain,No affirmative source-note count or claim-scope contradiction identified.,1,,18334,Weduwee Bartholomeus Sebritz,oorlede
4444,Siebrits,Bartolomeus,Stellenbosch,retain,No affirmative source-note count or claim-scope contradiction identified.,7,,18327;18328;18329;18330;18331;18332;18333,,
445,Naude,Francois Philippus,Graaff Reinet,retain,No affirmative source-note count or claim-scope contradiction identified.,1,,31484,,sv Jacob
4450,Van Helsdingen,Johannes Jacobus,Stellenbosch,retain,No affirmative source-note count or claim-scope contradiction identified.,3,,19316;19317;19318,Andries Brink; Kry prize negroes in 1840; GG,Michiel zn
4451,Myburgh,Jacobus,Stellenbosch,retain,No affirmative source-note count or claim-scope contradiction identified.,5,,17068;17069;17070;17071;17072,EISGELD ONTVANG MAART 1837; Hercules Alexander Sandenberg; Pieter Jacobus Sandenberg; Andries Thomas Stadler; Willem Carol Van der Merwe; Fredrik Stephanus Watermeyer,Jan zn
4452,Louw,Jacobus Adriaan [Catharina Wilhelmina vd Schoor?,Stellenbosch,retain,No affirmative source-note count or claim-scope contradiction identified.,4,,15851;15852;15853;15854,Hans H. Wicht,
4453,Van Niekerk,Hendrik Cornelis,Stellenbosch,retain,No affirmative source-note count or claim-scope contradiction identified.,25,,19414;19415;19416;19417;19418;19419;19420;19421;19422;19423;19424;19425;19426;19427;19428;19429;19430;19431;19432;19433;19434;19435;19436;19437;19438,Weduwee Abraham de Smidt; Johannes Jacobus; Kotze; Hendrik Lategan; John Marshall; Maria Johanna Roux; Hendrik Cornelis van Niekerk; Nicolaas Van Willigh,
4454,Wessels,Petrus Johannes,Stellenbosch,retain,No affirmative source-note count or claim-scope contradiction identified.,25,,19696;19697;19698;19699;19700;19701;19702;19703;19704;19705;19706;19707;19708;19709;19710;19711;19712;19713;19714;19715;19716;19717;19718;19719;19720,KLEREMAKER || GROFSMIT; EISGELD ONTVANG MAART 1837; F.S. Watermeyer; Petrus Johannes Wessels,
4455,Minnaar,Johannes,Stellenbosch,retain,No affirmative source-note count or claim-scope contradiction identified.,44,,16769;16770;16771;16772;16773;16774;16775;16776;16777;16778;16779;16780;16781;16782;16783;16784;16785;16786;16787;16788;16789;16790;16791;16792;16793;16794;16795;16796;16797;16798;16799;16800;16801;16802;16803;16804;16805;16806;16807;16808;16809;16810;16811;16812,EIS BETAAL 3.3.1837 || KLEREMAKER || KOETSIER,Sr
4456,De Villiers,Jan Stephanus,Stellenbosch,retain,No affirmative source-note count or claim-scope contradiction identified.,9,,13174;13175;13176;13177;13178;13179;13180;13181;13182,Jeremias Blignaut; Christiaan de Jongh; Isaak Jacob de Villiers; Pieter Matthys de Villiers; Paul Roux || MEULENAAR,
4457,De Villiers,Jacob,Stellenbosch,retain,No affirmative source-note count or claim-scope contradiction identified.,1,,12971,EIS BETAAL 3.3.1837; Charles Marais,
4458,Blignaut,Barend Jacobus,Stellenbosch,retain,No affirmative source-note count or claim-scope contradiction identified.,3,,11840;11841;11842,,
4459,Du Plessis,Charles Samuel,Stellenbosch,retain,No affirmative source-note count or claim-scope contradiction identified.,3,,13599;13600;13601,,Barend zn
446,Smit,Abraham Johannes,Graaff Reinet,retain,No affirmative source-note count or claim-scope contradiction identified.,2,,31876;31877,,
4460,De Villiers,Jan Gabriel,Stellenbosch,retain,No affirmative source-note count or claim-scope contradiction identified.,6,,13151;13152;13153;13154;13155;13156,EISGELD ONTVANG MAART 1837; Die Weduwee I.G. de Villiers,oorlede
4461,Du Toit,Abraham Barend,Stellenbosch,retain,No affirmative source-note count or claim-scope contradiction identified.,6,,13665;13666;13667;13668;13669;13670,Johannes Hendrik Baard; Jacob François Minnaar; Jacob François Minnaar; Philippus Minnaar; Hans Hendrik Wicht,David zn
4463,De Villiers,Abraham Benjamen,Stellenbosch,retain,No affirmative source-note count or claim-scope contradiction identified.,29,,12779;12780;12781;12782;12783;12784;12785;12786;12787;12788;12789;12790;12791;12792;12793;12794;12795;12796;12797;12798;12799;12800;12801;12802;12803;12804;12805;12806;12807,Dirk Jacobus Aspeling; Abraham Benjamin de Villiers; Paul Roux,Jacob zn
4464,Aspeling,Dirk Jacobus,Stellenbosch,retain,No affirmative source-note count or claim-scope contradiction identified.,11,,11489;11490;11491;11492;11493;11494;11495;11496;11497;11498;11499,EIS BETAAL 3.3.1837; Hendrik J. Van der Spuy,
4465,Eksteen,Petrus Michiel,Stellenbosch,retain,No affirmative source-note count or claim-scope contradiction identified.,8,,13972;13973;13974;13975;13976;13977;13978;13979,,Jacob zn
4466,Joubert,Johannes Jacobus,Stellenbosch,retain,No affirmative source-note count or claim-scope contradiction identified.,3,,15046;15047;15048,I.T. Joubert,Gideon zn
4467,Du Toit,Petrus Hendrik,Stellenbosch,retain,No affirmative source-note count or claim-scope contradiction identified.,6,,13920;13921;13922;13923;13924;13925,EISGELD ONTVANG MAART 1837,Francois zn
4468,Goosen,Gideon Jacobus,Stellenbosch,retain,No affirmative source-note count or claim-scope contradiction identified.,2,,14318;14319,EISGELD ONTVANG MAART 1837; Roelof Abraham Zeederberg,Gideon zn
4469,Van der Merwe,Petrus,Stellenbosch,retain,No affirmative source-note count or claim-scope contradiction identified.,43,,19102;19103;19104;19105;19106;19107;19108;19109;19110;19111;19112;19113;19114;19115;19116;19117;19118;19119;19120;19121;19122;19123;19124;19125;19126;19127;19128;19129;19130;19131;19132;19133;19134;19135;19136;19137;19138;19139;19140;19141;19142;19143;19144,EIS BETAAL 3.3.1837; David Johannes Booysen; Gerrit Hermanus; Brockhuysen; Esther Eliz. de Villiers; Petrus Johannes de Villiers; Weduwee Frans Jacobus Everhardus Smit,Carel zn
447,Janse van Vuuren,Lucas Martinus [Johannes Willem],Graaff Reinet,retain,No affirmative source-note count or claim-scope contradiction identified.,1,,31227,Becoming infirm,
4470,Du Toit,Stephanus Gerhardus,Stellenbosch,retain,No affirmative source-note count or claim-scope contradiction identified.,2,,13939;13940,,
4471,Geneke,Christoffel Jacobus,Stellenbosch,retain,No affirmative source-note count or claim-scope contradiction identified.,5,,14253;14254;14255;14256;14257,Petrus Johannes du Toit; Christoffel Jacobus Geneke,
4472,Du Toit,Francois Jacobus,Stellenbosch,retain,No affirmative source-note count or claim-scope contradiction identified.,4,,13763;13764;13765;13766,Weduwee F. J du Toit,Ignatius zn
4473,Retief,Petrus Johannes,Stellenbosch,retain,No affirmative source-note count or claim-scope contradiction identified.,10,,17657;17658;17659;17660;17661;17662;17663;17664;17665;17666,,Petrus zn
4474,Retief,Johannes,Stellenbosch,retain,No affirmative source-note count or claim-scope contradiction identified.,13,,17636;17637;17638;17639;17640;17641;17642;17643;17644;17645;17646;17647;17648,ST MARTIN,Piet zn
4475,Louw,Jacobus,Stellenbosch,retain,No affirmative source-note count or claim-scope contradiction identified.,11,,15877;15878;15879;15880;15881;15882;15883;15884;15885;15886;15887,Pieter Paul Hartogh; Jacobus Louw; Johannes Roelof Louw,Adriaan zn
4476,Le Roux,Roelof Hermanus/Erasmus,Stellenbosch,retain,No affirmative source-note count or claim-scope contradiction identified.,11,,15654;15655;15656;15657;15658;15659;15660;15661;15662;15663;15664,Weduwee Roelof Erasmus Le Roux; Johannes Petrus Marais; Martha Sophia Marais; Gideon Retief,
4477,Du Plessis,Thomas Amadeus,Stellenbosch,retain,No affirmative source-note count or claim-scope contradiction identified.,9,,13626;13627;13628;13629;13630;13631;13632;13633;13634,,Jan A zn
4478,Van Niekerk,Johannes Jacobus,Stellenbosch,retain,No affirmative source-note count or claim-scope contradiction identified.,1,,19454,,Johannes zn
4479,Louw,Charles Wynand,Stellenbosch,retain,No affirmative source-note count or claim-scope contradiction identified.,28,,15804;15805;15806;15807;15808;15809;15810;15811;15812;15813;15814;15815;15816;15817;15818;15819;15820;15821;15822;15823;15824;15825;15826;15827;15828;15829;15830;15831,KLEREMAKER || ROOZEHOEK,oorlede; Weduwee Marie vd Merwe
448,Meintjies,Jacobus,Graaff Reinet,retain,No affirmative source-note count or claim-scope contradiction identified.,4,,31442;31443;31444;31445,,
4480,Louw,Wynand Jacobus,Stellenbosch,retain,No affirmative source-note count or claim-scope contradiction identified.,10,,16027;16028;16029;16030;16031;16032;16033;16034;16035;16036,Johannes Wynand Louw; Wynand Jacobus Louw,Charl zn
4481,Baard,Johannes Augustinus,Stellenbosch,retain,No affirmative source-note count or claim-scope contradiction identified.,2,,11510;11511,,
4482,Louw,Willem Petrus,Stellenbosch,retain,No affirmative source-note count or claim-scope contradiction identified.,6,,16020;16021;16022;16023;16024;16025,"J.H. Groenewald [£51-15-7]; Weduwee W.P. Louw, CW zn [£106-16-1]",Charl zn
4483,Du Plessis,Charl Jacobus,Stellenbosch,retain,No affirmative source-note count or claim-scope contradiction identified.,2,,13596;13597,,Charl zn
4485,De Villiers,Maria Magdalena Johanna,Stellenbosch,retain,No affirmative source-note count or claim-scope contradiction identified.,2,,13256;13257,M.M.L. de Villiers; S.S. Malan,
4486,Brink,Andries Petrus,Stellenbosch,retain,No affirmative source-note count or claim-scope contradiction identified.,2,,12075;12076,,Jan zn
4487,Smit,Alwyn Johannes,Stellenbosch,retain,No affirmative source-note count or claim-scope contradiction identified.,9,,18354;18355;18356;18357;18358;18359;18360;18361;18362,"Magdalena Liebenbergh, weduwee van J Lategan [£58-15-1]; A.J.L. Smit, H zn [£214-9-8]",Jan zn
4488,Malan,Daniel Johannes,Stellenbosch,retain,No affirmative source-note count or claim-scope contradiction identified.,7,,16135;16136;16137;16138;16139;16140;16141,,Daniel zn
4489,Smit,Johannes Jacobus,Stellenbosch,retain,No affirmative source-note count or claim-scope contradiction identified.,6,,18449;18450;18451;18452;18453;18454,Charles Wynand Malan; Johannes Jacobus Smit,Jacobus Hendrik zn
449,Janse van Rensburg,Barend Nicolaas,Graaff Reinet,retain,No affirmative source-note count or claim-scope contradiction identified.,12,,31189;31190;31191;31192;31193;31194;31195;31196;31197;31198;31199;31200,,sv David
4490,Basson,Coenraad Hendrik,Stellenbosch,retain,No affirmative source-note count or claim-scope contradiction identified.,7,,11557;11558;11559;11560;11561;11562;11563,EIS BETAAL 3.3.1837,Coenraad zn
4491,Grobbelaar,Johannes,Stellenbosch,retain,No affirmative source-note count or claim-scope contradiction identified.,1,,14374,,Cornelis zn
4492,Gildenhuys,Petrus Guilliam,Stellenbosch,retain,No affirmative source-note count or claim-scope contradiction identified.,8,,14295;14296;14297;14298;14299;14300;14301;14302,Du P.G. Gildenhuys; M.C. Ryneke,Weduwee
4493,Gildenhuys,Abraham Jacobus,Stellenbosch,retain,No affirmative source-note count or claim-scope contradiction identified.,4,,14263;14264;14265;14266,Gedros; Onder verband geplaas || Onder verband geplaas || Johannes Gysbert Blanckenberg; Abraham Josias Gildenhuys,oorlede
4494,Van Jaarsveld,Adriaan,Stellenbosch,retain,No affirmative source-note count or claim-scope contradiction identified.,5,,19319;19320;19321;19322;19323,Onder verband geplaas || EIS BETAAL 3.3.1837,oorlede; Aaltje va Heyden
4495,Van Jaarsveld,Hendrina,Stellenbosch,retain,No affirmative source-note count or claim-scope contradiction identified.,5,,19324;19325;19326;19327;19328,EISGELD ONTVANG MAART 1837; Weduwee C.J. Goosen; Weduwee Hendrina Helena Pienaar; I.G. Pienaar; D.W.D.A. Van Jaarsveld; P.A. Van Jaarsveld; P.J. Van Jaarsveld; W.A. Van Jaarsveld,getroud met Johannes Pienaar
4496,Malan,Guilliam Stephanus,Stellenbosch,retain,No affirmative source-note count or claim-scope contradiction identified.,5,,16190;16191;16192;16193;16194,Guillame Stephanus Malan; Daniel Retief; Willem Adriaan Van Jaarsveld,David Jacobus zn
4497,Malan,David Jacobus,Stellenbosch,review,"Source has additional party, claimant, payment-recipient or cross-reference wording; no affirmative UCL/BPP count or additional-slave contradiction established. Do not exclude merely for creditor/recipient names.",3,,16161;16162;16163,A. de Smidt; Weduwee J.C.C. Delbet; J.C. Schickerling; BANKROTVENDUSIE 10.1.1837; DIENSKONTRAK VAN APP. SAUL; OOK PLAAS ONGEGUND,Daniel zn
4500,Malan,Charles Wynand,Stellenbosch,retain,No affirmative source-note count or claim-scope contradiction identified.,5,,16073;16074;16075;16076;16077,,Daniel Johnnes zn
4501,Malan,Daniel Johannes,Stellenbosch,retain,No affirmative source-note count or claim-scope contradiction identified.,1,,16142,A.P. Hiebner,sy oorlede Weduwee MC Louw
4502,Laubser,Matthys Michelse,Stellenbosch,retain,No affirmative source-note count or claim-scope contradiction identified.,1,,15459,Hans Hendrik Wicht?,Matthys zn
4503,Malan,Jan Jacobus,Stellenbosch,retain,No affirmative source-note count or claim-scope contradiction identified.,19,,16241;16242;16243;16244;16245;16246;16247;16248;16249;16250;16251;16252;16253;16254;16255;16256;16257;16258;16259,Robert Eagan; Charles Home; Jacobus François Malan; Jan Jacobus Malan; Kry prize negroes in 1840; GG [JT in GG],Daniel zn
4504,Joubert,Pieter Gideon,Stellenbosch,retain,No affirmative source-note count or claim-scope contradiction identified.,30,,15055;15056;15057;15058;15059;15060;15061;15062;15063;15064;15065;15066;15067;15068;15069;15070;15071;15072;15073;15074;15075;15076;15077;15078;15079;15080;15081;15082;15083;15084,KLEREMAKER,Gideon zn
4505,Malan,Gabriel Daniel,Stellenbosch,retain,No affirmative source-note count or claim-scope contradiction identified.,8,,16182;16183;16184;16185;16186;16187;16188;16189,,Jzn
4506,Marais,Guilliam Francois,Stellenbosch,retain,No affirmative source-note count or claim-scope contradiction identified.,8,,16454;16455;16456;16457;16458;16459;16460;16461,,Frans zn
4507,Le Roux,Daniel Jacobus,Stellenbosch,retain,No affirmative source-note count or claim-scope contradiction identified.,7,,15519;15520;15521;15522;15523;15524;15525,EISGELD ONTVANG MAART 1837,Daniel Jacoubs zn
4508,Zeeman,Andries Petrus,Stellenbosch,retain,No affirmative source-note count or claim-scope contradiction identified.,2,,19827;19828,EISGELD ONTVANG MAART 1837;,
4509,Rossouw,Daniel Johannes,Stellenbosch,retain,No affirmative source-note count or claim-scope contradiction identified.,1,,17820,EISGELD ONTVANG MAART 1837,Daniel Johannes zn
451,Coetsee,Stephanus Petrus,Graaff Reinet,retain,No affirmative source-note count or claim-scope contradiction identified.,2,,30796;30797,,sv Gerrit
4510,Rossouw,Francois Jacobus,Stellenbosch,retain,No affirmative source-note count or claim-scope contradiction identified.,2,,17842;17843,EISGELD ONTVANG MAART 1837,
4511,Dreyer,Hendrik,Stellenbosch,retain,No affirmative source-note count or claim-scope contradiction identified.,4,,13588;13589;13590;13591,Anna Catharina de Vos; Weduwee Pieter Marais,Gert zn
4512,Marais,Johannes Nicolaas,Stellenbosch,review,Multiple monetary recipients or related-party reference; no affirmative evidence that slave valuations omit part of payment scope. Do not infer pooling from recipient names alone.,1,,16516,PJ Marais en Anna Catharina de Vos [£62-9-8]; GROOT DRAKENSTEIN??,Johannes zn
4513,Malan,Jacob Daniel,Stellenbosch,retain,No affirmative source-note count or claim-scope contradiction identified.,13,,16195;16196;16197;16198;16199;16200;16201;16202;16203;16204;16205;16206;16207,EISGELD ONTVANG MAART 1837,David zn
4514,Roux,Hartwig Jacobus,Stellenbosch,retain,No affirmative source-note count or claim-scope contradiction identified.,5,,18032;18033;18034;18035;18036,,David zn
4515,Rossouw,Jan Daniel,Stellenbosch,retain,No affirmative source-note count or claim-scope contradiction identified.,11,,17939;17940;17941;17942;17943;17944;17945;17946;17947;17948;17949,,Pieter zn
4516,Rossouw,Elizabeth Susanna,Stellenbosch,retain,No affirmative source-note count or claim-scope contradiction identified.,9,,17833;17834;17835;17836;17837;17838;17839;17840;17841,,
4517,Retief,Daniel Johannes,Stellenbosch,retain,No affirmative source-note count or claim-scope contradiction identified.,11,,17554;17555;17556;17557;17558;17559;17560;17561;17562;17563;17564,"G. Niewoudt [£90-8-1]; D.J. Retief, JH zn [£227-3-7]; Johannes Retief, P zn [£44-11-1]; Jan D. Rossouw, P zn [£35-17-1]",Johannes Hendrik zn
4518,Rossouw,Gabriel Jacobus,Stellenbosch,retain,No affirmative source-note count or claim-scope contradiction identified.,14,,17884;17885;17886;17887;17888;17889;17890;17891;17892;17893;17894;17895;17896;17897,Weduwee G.J. Rossouw,Pieter zn
4519,Hauptfleisch,George Stephanus,Stellenbosch,retain,No affirmative source-note count or claim-scope contradiction identified.,1,,14625,,Daniel zn
452,Coetsee,Gert Lodewyk,Graaff Reinet,retain,No affirmative source-note count or claim-scope contradiction identified.,2,,30794;30795,,
4520,Rossouw,Gabriel,Stellenbosch,retain,No affirmative source-note count or claim-scope contradiction identified.,29,,17898;17899;17900;17901;17902;17903;17904;17905;17906;17907;17908;17909;17910;17911;17912;17913;17914;17915;17916;17917;17918;17919;17920;17921;17922;17923;17924;17925;17926,J.F. Malan; J.H. Rossouw,Gabriel zn; oorlede
4521,Rossouw,Jan Hendrik,Stellenbosch,retain,No affirmative source-note count or claim-scope contradiction identified.,5,,17951;17952;17953;17954;17955,,Gabriel zn
4522,Rossouw,Daniel Gerhardus,Stellenbosch,retain,No affirmative source-note count or claim-scope contradiction identified.,7,,17793;17794;17795;17796;17797;17798;17799,,Gabriel zn
4523,Malan,Jacobus Francois,Stellenbosch,retain,No affirmative source-note count or claim-scope contradiction identified.,22,,16208;16209;16210;16211;16212;16213;16214;16215;16216;16217;16218;16219;16220;16221;16222;16223;16224;16225;16226;16227;16228;16229,,Jacobus zn
4524,Malan,Jacobus Johannes,Stellenbosch,retain,No affirmative source-note count or claim-scope contradiction identified.,5,,16230;16231;16232;16233;16234,,Jacobus zn
4525,Malan,David Johannes,Stellenbosch,retain,No affirmative source-note count or claim-scope contradiction identified.,8,,16164;16165;16166;16167;16168;16169;16170;16171,,Jacobus zn
4526,Brink,Andries Petrus,Stellenbosch,retain,No affirmative source-note count or claim-scope contradiction identified.,1,,12074,,Daniel zn
4527,Le Roux,Pieter Louis,Stellenbosch,retain,No affirmative source-note count or claim-scope contradiction identified.,19,,15635;15636;15637;15638;15639;15640;15641;15642;15643;15644;15645;15646;15647;15648;15649;15650;15651;15652;15653,,Daniel zn
4528,Le Roux,Hermanus Lambertus,Stellenbosch,retain,No affirmative source-note count or claim-scope contradiction identified.,8,,15595;15596;15597;15598;15599;15600;15601;15602,,Pieter zn
4529,Le Roux,Bartolomeus Johannes,Stellenbosch,retain,No affirmative source-note count or claim-scope contradiction identified.,23,,15472;15473;15474;15475;15476;15477;15478;15479;15480;15481;15482;15483;15484;15485;15486;15487;15488;15489;15490;15491;15492;15493;15494,,
453,Kruger,Pieter Ernst,Graaff Reinet,retain,No affirmative source-note count or claim-scope contradiction identified.,3,,31317;31318;31319,,sv Piet
4531,Hauptfleisch,Petrus Jacobus,Stellenbosch,retain,No affirmative source-note count or claim-scope contradiction identified.,28,,14627;14628;14629;14630;14631;14632;14633;14634;14635;14636;14637;14638;14639;14640;14641;14642;14643;14644;14645;14646;14647;14648;14649;14650;14651;14652;14653;14654,,
4533,Kriegler,Johan Christiaan,Stellenbosch,retain,No affirmative source-note count or claim-scope contradiction identified.,8,,15232;15233;15234;15235;15236;15237;15238;15239,,
4534,Kriegler,Andries Benjamen,Stellenbosch,retain,No affirmative source-note count or claim-scope contradiction identified.,1,,15228,,
4535,Rossouw,Daniel Hendrik,Stellenbosch,retain,No affirmative source-note count or claim-scope contradiction identified.,2,,17800;17801,,Daniel Hendrik zn
4536,Malherbe,Gideon,Stellenbosch,retain,No affirmative source-note count or claim-scope contradiction identified.,9,,16281;16282;16283;16285;16289;16295;16298;16300;16302,Weduwee Gideon Malherbe,gebore Hauptfleisch oorlede; Weduwee
4538,Retief,Gideon,Stellenbosch,retain,No affirmative source-note count or claim-scope contradiction identified.,6,,17600;17601;17602;17603;17604;17605,EIS BETAAL 3.3.1837;  Weduwee G. Retief,Jacobus zn
4539,Van der Merwe,Carel,Stellenbosch,retain,No affirmative source-note count or claim-scope contradiction identified.,18,,19021;19022;19023;19024;19025;19026;19027;19028;19029;19030;19031;19032;19033;19034;19035;19036;19037;19038,EIS BETAAL 3.3.1837,Isaac zn
454,Botha,Jan Christoffel,Graaff Reinet,retain,No affirmative source-note count or claim-scope contradiction identified.,2,,30590;30591,,sv Jacobus?
4540,Retief,Daniel,Stellenbosch,retain,No affirmative source-note count or claim-scope contradiction identified.,22,,17565;17566;17567;17568;17569;17570;17571;17572;17573;17574;17575;17576;17577;17578;17579;17580;17581;17582;17583;17584;17585;17586,EISGELD ONTVANG MAART 1837; Kry prize negroes in 1840; GG,Jacobus zn
4541,Retief,Jacobus,Stellenbosch,retain,No affirmative source-note count or claim-scope contradiction identified.,11,,17614;17615;17616;17617;17618;17619;17620;17621;17622;17623;17624,Weduwee J. Retief,oorlede; Weduwee gebore Van Blerk
4542,Lategan,Benjamen Gotlieb,Stellenbosch,retain,No affirmative source-note count or claim-scope contradiction identified.,16,,15363;15364;15365;15366;15367;15368;15369;15370;15371;15372;15373;15374;15375;15376;15377;15378,EIS BETAAL 2.6.1837,
4543,Herholdt,Joël Daniel,Stellenbosch,retain,No affirmative source-note count or claim-scope contradiction identified.,2,,14708;14709,EIS BETAAL 3.3.1837,
4544,Van der Merwe,Louis Roelof,Stellenbosch,retain,No affirmative source-note count or claim-scope contradiction identified.,7,,19077;19078;19079;19080;19081;19082;19083,,
4545,Euvrard,George Frederik,Stellenbosch,retain,No affirmative source-note count or claim-scope contradiction identified.,3,,14074;14075;14076,,
4546,Krieger,Joachim Johannes,Stellenbosch,retain,No affirmative source-note count or claim-scope contradiction identified.,3,,15225;15226;15227,,
4547,Kruger?,Joachim J,Stellenbosch,retain,No affirmative source-note count or claim-scope contradiction identified.,4,,15301;15302;15303;15304,Joachim Johannes Krieger; Joachim Johannes Krieger,Weduwee Anna Helena vd Merwe
4548,Van der Merwe,Johannes Jacobus,Stellenbosch,retain,No affirmative source-note count or claim-scope contradiction identified.,1,,19072,Honigberg,Weduwee Hermans
4549,Van der Merwe,Jacobus Johannes,Stellenbosch,retain,No affirmative source-note count or claim-scope contradiction identified.,14,,19055;19056;19057;19058;19059;19060;19061;19062;19063;19064;19065;19066;19070;19071,,Jacobus zn
455,Grebe,Willem George,Graaff Reinet,retain,No affirmative source-note count or claim-scope contradiction identified.,3,,31109;31110;31111,,
4550,Malan,Frans Stephanus,Stellenbosch,retain,No affirmative source-note count or claim-scope contradiction identified.,10,,16172;16173;16174;16175;16176;16177;16178;16179;16180;16181,F.S. Jzn Malan,Daniel zn
4551,Van der Merwe,Willem Carel,Stellenbosch,retain,No affirmative source-note count or claim-scope contradiction identified.,13,,19216;19217;19218;19219;19220;19221;19222;19223;19224;19225;19226;19227;19228,Hercules Alexander Sandenberg; Pieter Jacobus Sandenberg; Andries Thomas Stadler; Willem Carol Van der Merwe; Fredrik Stephanus Watermeyer; Onder verband geplaas,
4552,Van der Merwe,Carel Petrus,Stellenbosch,retain,No affirmative source-note count or claim-scope contradiction identified.,3,,19018;19019;19020,,
4553,Van der Merwe,Louisa Wilhelmina,Stellenbosch,retain,No affirmative source-note count or claim-scope contradiction identified.,3,,19084;19085;19086,,
4554,Cilliers,Petrus Johannes,Stellenbosch,retain,No affirmative source-note count or claim-scope contradiction identified.,16,,12289;12290;12291;12292;12293;12294;12295;12296;12297;12298;12299;12300;12301;12302;12303;12304,,Pieter zn
4555,Cilliers,Anna,Stellenbosch,retain,No affirmative source-note count or claim-scope contradiction identified.,2,,12261;12262,,Josua dogter
4556,Van der Merwe,Jacobus Johannes,Stellenbosch,retain,No affirmative source-note count or claim-scope contradiction identified.,3,,19067;19068;19069,,Jacobus zn
4557,Rossouw,Johannes A,Stellenbosch,retain,No affirmative source-note count or claim-scope contradiction identified.,10,,17956;17957;17958;17959;17960;17961;17962;17963;17964;17965,Weduwee J.A. Rossouw,Jan zn; oorlede
4558,Rossouw,Johannes,Stellenbosch,retain,No affirmative source-note count or claim-scope contradiction identified.,10,,17967;17968;17969;17970;17971;17972;17973;17974;17975;17976,Abraham Bosman; Johannes Rossouw,oorlede; Weduwee gebore  Du Plessis
4559,Brink,Daniel,Stellenbosch,retain,No affirmative source-note count or claim-scope contradiction identified.,17,,12114;12115;12116;12117;12118;12119;12120;12121;12122;12123;12124;12125;12126;12127;12128;12129;12130,KLEREMAKER || WAMAKER || Johanna Hauptfleisch; Johannes Tobias Jurgens; Anna Retief; Johannes Adriaan Smuts; Francina Carolina Van der Merwe,Andries zn
456,Van Straten,Willem Jacobus,Graaff Reinet,retain,No affirmative source-note count or claim-scope contradiction identified.,2,,32479;32480,,
4560,Roux,Gerhardus Johannes,Stellenbosch,retain,No affirmative source-note count or claim-scope contradiction identified.,1,,18028,,David zn
4561,Van der Merwe,Carel Isaac,Stellenbosch,retain,No affirmative source-note count or claim-scope contradiction identified.,5,,19002;19003;19004;19005;19006,,Jacobus zn
4562,Bosman,Maria,Stellenbosch,retain,No affirmative source-note count or claim-scope contradiction identified.,1,,12005,GG 10.7.1840; eis nog nie geregistreer nie,Hermanus dogter
4563,Smith,Alwyn,Stellenbosch,retain,No affirmative source-note count or claim-scope contradiction identified.,5,,18479;18480;18481;18482;18483,Jan Retief; Alewyn Johannes Smith,Nicolaas zn
4564,Hauptfleisch,Daniel Benjamen,Stellenbosch,retain,No affirmative source-note count or claim-scope contradiction identified.,1,,14613,,oorlede
4565,Kriegler,Carel Christiaan,Stellenbosch,retain,No affirmative source-note count or claim-scope contradiction identified.,3,,15229;15230;15231,,
4566,Smith,Nicolaas Albertus,Stellenbosch,retain,No affirmative source-note count or claim-scope contradiction identified.,1,,18484,,oorlede; Weduwee gebore Blignaut
4567,Le Roux,Gabriel Hermanus,Stellenbosch,retain,No affirmative source-note count or claim-scope contradiction identified.,12,,15577;15578;15579;15580;15581;15582;15583;15584;15585;15586;15587;15588,,Daniel zn
4568,Le Roux,Daniel Bartolomeus,Stellenbosch,retain,No affirmative source-note count or claim-scope contradiction identified.,5,,15495;15496;15497;15498;15499,,Pieter Louis zn
4569,Brink,Jan Godlieb,Stellenbosch,retain,No affirmative source-note count or claim-scope contradiction identified.,19,,12133;12134;12135;12136;12137;12138;12139;12140;12141;12142;12143;12144;12145;12146;12147;12148;12149;12150;12151,,Andries zn
457,Blom,Daniel Sr,Graaff Reinet,retain,No affirmative source-note count or claim-scope contradiction identified.,4,,30551;30552;30553;30554,,
4571,Du Toit,Stephanus,Stellenbosch,retain,No affirmative source-note count or claim-scope contradiction identified.,17,,13941;13942;13943;13944;13945;13946;13947;13948;13949;13950;13951;13952;13953;13954;13955;13956;13957,,Frans zn
4572,Retief,Jacobus,Stellenbosch,retain,No affirmative source-note count or claim-scope contradiction identified.,8,,17606;17607;17608;17609;17610;17611;17612;17613,Weduwee J. Retief,Jacobus zn; oorlede; Weduwee gebore Hugo
4573,Marais,Jacobus,Stellenbosch,retain,No affirmative source-note count or claim-scope contradiction identified.,14,,16502;16503;16504;16505;16506;16507;16508;16509;16510;16511;16512;16513;16514;16515,,Frans zn
4574,Du Toit,Martha Maria,Stellenbosch,retain,No affirmative source-note count or claim-scope contradiction identified.,8,,13912;13913;13914;13915;13916;13917;13918;13919,Martha Maria du Toit,Geskeide vrou van Petus Jacobus  Malherbe
4575,Retief,Johannes Hendrik,Stellenbosch,retain,No affirmative source-note count or claim-scope contradiction identified.,9,,17625;17626;17627;17628;17629;17630;17631;17632;17633,Fredrik Jacob Bernhardi; Jan Stephanus Marais; Johannes Hendrik Retief; Hans Hendrik Wicht,Johannes Hendrik zn
4576,Retief,Petrus Gideon,Stellenbosch,retain,No affirmative source-note count or claim-scope contradiction identified.,1,,17656,Weduwee I.S. Marais,Johannes zn
4577,Rossouw,Stephanus Gabriel,Stellenbosch,retain,No affirmative source-note count or claim-scope contradiction identified.,1,,17992,EISGELD ONTVANG MAART 1837,Daniel zn
4578,Rossouw,Daniel Hendrik,Stellenbosch,retain,No affirmative source-note count or claim-scope contradiction identified.,18,,17802;17803;17804;17805;17806;17807;17808;17809;17810;17811;17812;17813;17814;17815;17816;17817;17818;17819,François Petrus Bosman; Petrus Jacobus Hauptfleisch; Gideon Retief; Daniel Hendrik Rossouw,Jan zn
4579,Rossouw,Jan Gabriel,Stellenbosch,retain,No affirmative source-note count or claim-scope contradiction identified.,1,,17950,Versailles,Jan zn
458,Fouche,Johannes Hendrik,Graaff Reinet,retain,No affirmative source-note count or claim-scope contradiction identified.,11,,31080;31081;31082;31083;31084;31085;31086;31087;31088;31089;31090,,wed CJ van Zyl
4580,Rossouw,Johannes Petrus,Stellenbosch,retain,No affirmative source-note count or claim-scope contradiction identified.,1,,17966,,Daniel Hendrik zn
4581,Van Reenen,Jacob,Stellenbosch,retain,No affirmative source-note count or claim-scope contradiction identified.,1,,19473,Johannes Josephus Jurgens,Adriaan zn
4582,Rossouw,Pieter Andries,Stellenbosch,retain,No affirmative source-note count or claim-scope contradiction identified.,9,,17977;17978;17979;17980;17981;17982;17983;17984;17985,,Johannes zn
4583,Cilliers,Gabriel Gideon,Stellenbosch,retain,No affirmative source-note count or claim-scope contradiction identified.,4,,12268;12269;12270;12271,,Pieter zn
4584,Van der Merwe,Roelof Petrus,Stellenbosch,retain,No affirmative source-note count or claim-scope contradiction identified.,11,,19145;19146;19147;19148;19149;19150;19151;19152;19153;19154;19155,EISGELD ONTVANG MAART 1837; Weduwee Roelof Petrus Van der Merwe,Pieter zn; oorlede
4585,Addey,John,Stellenbosch,retain,No affirmative source-note count or claim-scope contradiction identified.,2,,11413;11414,,
4586,Retief,Daniel Frederik,Stellenbosch,retain,No affirmative source-note count or claim-scope contradiction identified.,4,,17550;17551;17552;17553,,Pieter zn
4587,Marais,Charles Andries,Stellenbosch,retain,No affirmative source-note count or claim-scope contradiction identified.,1,,16388,,Frans zn
4588,Van der Merwe,Carl Stephanus,Stellenbosch,retain,No affirmative source-note count or claim-scope contradiction identified.,1,,19039,,
4589,Burger,Schalk Willem,Stellenbosch,retain,No affirmative source-note count or claim-scope contradiction identified.,19,,12205;12206;12207;12208;12209;12210;12211;12212;12213;12214;12215;12216;12217;12218;12219;12220;12221;12222;12223,,Schalk zn
459,Fouche,Jacobus Albertus,Graaff Reinet,retain,No affirmative source-note count or claim-scope contradiction identified.,7,,31072;31073;31074;31075;31076;31077;31078,,
4590,Faasen,Coenraad Hendrik,Stellenbosch,retain,No affirmative source-note count or claim-scope contradiction identified.,1,,14081,Nicolaas Hendrik Faasen; Pieter Gideon Joubert,oorlede
4591,Faasen,Nicolaas Hendrik,Stellenbosch,retain,No affirmative source-note count or claim-scope contradiction identified.,6,,14082;14083;14084;14085;14086;14087,,Coenraad zn
4592,Du Toit,Ernst,Stellenbosch,retain,No affirmative source-note count or claim-scope contradiction identified.,24,,13730;13731;13732;13733;13734;13735;13736;13737;13738;13739;13740;13741;13742;13743;13744;13745;13746;13747;13748;13749;13750;13751;13752;13753,EIS BETAAL 3.3.1837,
4593,Du Toit,Gabriel,Stellenbosch,retain,No affirmative source-note count or claim-scope contradiction identified.,8,,13776;13777;13778;13779;13780;13781;13782;13783,,Guilliam zn
4594,Du Toit,David Petrus,Stellenbosch,retain,No affirmative source-note count or claim-scope contradiction identified.,5,,13718;13719;13720;13721;13722,P.F. Du Toit,
4595,Du Toit,Daniel Francois,Stellenbosch,retain,No affirmative source-note count or claim-scope contradiction identified.,3,,13686;13687;13688,Weduwee D.F. Du Toit,Ernst zn
4596,Du Toit,Ernst Stephanus,Stellenbosch,retain,No affirmative source-note count or claim-scope contradiction identified.,3,,13754;13755;13756,Ernst du Toit; Ernst Johannus du Toit,Ernst zn
4597,Du Toit,Daniel,Stellenbosch,retain,No affirmative source-note count or claim-scope contradiction identified.,17,,13701;13702;13703;13704;13705;13706;13707;13708;13709;13710;13711;13712;13713;13714;13715;13716;13717,,Isaac zn
4598,Frick,Carel Christoffel,Stellenbosch,retain,No affirmative source-note count or claim-scope contradiction identified.,7,,14227;14228;14229;14230;14231;14232;14233,,Senior
4599,Frick,Carl Christoffel,Stellenbosch,retain,No affirmative source-note count or claim-scope contradiction identified.,3,,14234;14235;14236,M.H. du Toit,oorlede; Weduwee Maria du Toit
46,Gouws,Gerrit Stephanus,Beaufort,retain,No affirmative source-note count or claim-scope contradiction identified.,5,,36069;36070;36071;36072;36073,Mandoor,so Petrus
460,Booysen,Jan Hendrik,Graaff Reinet,retain,No affirmative source-note count or claim-scope contradiction identified.,3,,30572;30573;30574,,sv Jan
4600,Du Toit,Guilliam Johannes,Stellenbosch,retain,No affirmative source-note count or claim-scope contradiction identified.,21,,13784;13785;13786;13787;13788;13789;13790;13791;13792;13793;13794;13795;13796;13797;13798;13799;13800;13801;13802;13803;13804,,Andries zn
4601,Du Toit,Gabriel Frederik,Stellenbosch,retain,No affirmative source-note count or claim-scope contradiction identified.,8,,13768;13769;13770;13771;13772;13773;13774;13775,A.G. Du Toit,Gabriel zn
4602,Du Plessis,Charles Wynand,Stellenbosch,retain,No affirmative source-note count or claim-scope contradiction identified.,8,,13602;13603;13604;13605;13606;13607;13608;13609,EISGELD ONTVANG MAART 1837; Ernst du Toit; Petrus Johannes Redelinghuys; Martha Elisabeth Retief,Jan Abraham zn; oorlede
4603,Euvrard,George,Stellenbosch,retain,No affirmative source-note count or claim-scope contradiction identified.,4,,14077;14078;14079;14080,Weduwee Carel Christiaan Bernhardi; George G. Euvrard,oorlede
4604,Wolfaard,George Sebastiaan,Stellenbosch,retain,No affirmative source-note count or claim-scope contradiction identified.,12,,19782;19783;19784;19785;19786;19787;19788;19789;19790;19791;19792;19793,Weduwee G.S. Wolvaart,
4605,Hugo,Jan Gysbert,Stellenbosch,retain,No affirmative source-note count or claim-scope contradiction identified.,18,,14864;14865;14866;14867;14868;14869;14870;14871;14872;14873;14874;14875;14876;14877;14878;14879;14880;14881,,Pieter zn
4606,Hugo,Daniel Gideon,Stellenbosch,retain,No affirmative source-note count or claim-scope contradiction identified.,1,,14809,,Jan zn
4607,Malherbe,Stephanus,Stellenbosch,retain,No affirmative source-note count or claim-scope contradiction identified.,22,,16331;16332;16333;16334;16335;16336;16337;16338;16339;16340;16341;16342;16343;16344;16345;16346;16347;16348;16349;16350;16351;16352,Stephanus du Toit; Stephanus Malherbe,Pieter zn
4608,Hugo,Gideon Josua,Stellenbosch,retain,No affirmative source-note count or claim-scope contradiction identified.,26,,14829;14830;14831;14832;14833;14834;14835;14836;14837;14838;14839;14840;14841;14842;14843;14844;14845;14846;14847;14848;14849;14850;14851;14852;14853;14854,,
4609,Retief,Willem Petrus,Stellenbosch,retain,No affirmative source-note count or claim-scope contradiction identified.,21,,17667;17668;17669;17670;17671;17672;17673;17674;17675;17676;17677;17678;17679;17680;17681;17682;17683;17684;17685;17686;17687,SKRYNWERKER || TUINIER || DEKKER,Paul zn
461,Boshof,Jacobus,Graaff Reinet,retain,No affirmative source-note count or claim-scope contradiction identified.,2,,30575;30576,Mozambique,
4610,Lategan,Petrus Nicolaas,Stellenbosch,retain,No affirmative source-note count or claim-scope contradiction identified.,7,,15385;15386;15387;15388;15389;15390;15391,Beatrix Maria Lategan; Hendrik Willem Ras; Hendrik Rudolph Van Ellewee,
4611,Joubert,Daniel Jacobus,Stellenbosch,retain,No affirmative source-note count or claim-scope contradiction identified.,9,,14998;14999;15000;15001;15002;15003;15004;15005;15006,Daniel Jacobus Joubert; Johannes Wynand Louw,Gideon zn
4612,Malherbe,George Stephanus,Stellenbosch,retain,No affirmative source-note count or claim-scope contradiction identified.,4,,16275;16276;16277;16278,,Stephanus zn
4613,Malan,Daniel Gerhardus,Stellenbosch,retain,No affirmative source-note count or claim-scope contradiction identified.,2,,16078;16079,,Daniel Gerhardus zn
4614,Hendriks,Johannes Jacobus,Stellenbosch,retain,No affirmative source-note count or claim-scope contradiction identified.,19,,14684;14685;14686;14687;14688;14689;14690;14691;14692;14693;14694;14695;14696;14697;14698;14699;14700;14701;14702,Johannes Jacobus Hendriks; Gregorius Johannes Leeuwner,
4615,Du Toit,Pieter Stephanus,Stellenbosch,retain,No affirmative source-note count or claim-scope contradiction identified.,4,,13935;13936;13937;13938,,Daniel zn
4616,Retief,Paul Johannes,Stellenbosch,retain,No affirmative source-note count or claim-scope contradiction identified.,5,,17650;17651;17652;17653;17654,,Pieter zn
4617,Du Toit,Francois Jacobus,Stellenbosch,retain,No affirmative source-note count or claim-scope contradiction identified.,6,,13757;13758;13759;13760;13761;13762,,Daniel zn
4618,Malan,Petrus Jacobus,Stellenbosch,retain,No affirmative source-note count or claim-scope contradiction identified.,2,,16273;16274,,Daniel zn
4619,Perold,Roland,Stellenbosch,retain,No affirmative source-note count or claim-scope contradiction identified.,1,,17476,Johanna Elizabeth Bosman; Jacob Isaac de Villiers; Weduwee Tobias Herold,oorlede
462,Momberg,Hendrik Lodewyk,Graaff Reinet,retain,No affirmative source-note count or claim-scope contradiction identified.,2,,31458;31459,,
4620,Cilliers,Petrus Charles,Stellenbosch,retain,No affirmative source-note count or claim-scope contradiction identified.,8,,12281;12282;12283;12284;12285;12286;12287;12288,Petrus Charles Cilliers; Thieleman Roos,Jan zn (unsure)
4621,Goosen,Johannes Cornelis,Stellenbosch,retain,No affirmative source-note count or claim-scope contradiction identified.,4,,14320;14321;14322;14323,EIS BETAAL 2.6.1837,Gideon zn
4622,Malherbe,Josua,Stellenbosch,retain,No affirmative source-note count or claim-scope contradiction identified.,14,,16303;16304;16305;16306;16307;16308;16309;16310;16311;16312;16313;16314;16315;16316,EIS BETAAL 2.6.1837,Pieter zn
4624,De Villiers,Isaac,Stellenbosch,retain,No affirmative source-note count or claim-scope contradiction identified.,18,,12949;12950;12951;12952;12953;12954;12955;12956;12957;12958;12959;12960;12961;12962;12963;12964;12965;12966,EISGELD ONTVANG MAART 1837; Hester Johanna de Villiers [£35-11-1]; Isaac de Villiers I zn [£355-3-4]; Weduwee Johan Heinrich F.C. Leopold Wehr [£203-14-3],Isaac zn
4626,Voigt,Frederik Carel,Stellenbosch,retain,No affirmative source-note count or claim-scope contradiction identified.,5,,19596;19597;19598;19599;19600,EIS BETAAL 3.3.1837,oorlede
4627,Voigt,Johan Carel,Stellenbosch,retain,No affirmative source-note count or claim-scope contradiction identified.,24,,19601;19602;19603;19604;19605;19606;19607;19608;19609;19610;19611;19612;19613;19614;19615;19616;19617;19618;19619;19620;19621;19622;19623;19624,EISGELD ONTVANG MAART 1837; Cornelis Van der Poel; Johan Carel Voigt,
4628,Wolfaard,Maria Magdalena,Stellenbosch,retain,No affirmative source-note count or claim-scope contradiction identified.,1,,19798,,Ph. Dogter
4629,Malan,Daniel Gerhardus,Stellenbosch,retain,No affirmative source-note count or claim-scope contradiction identified.,20,,16080;16081;16082;16083;16084;16085;16086;16087;16088;16089;16090;16091;16092;16093;16094;16095;16096;16097;16098;16099,Maria Elizabeth de Wet,Daniel zn
463,Pretorius,Gert,Graaff Reinet,retain,No affirmative source-note count or claim-scope contradiction identified.,8,,31683;31684;31685;31686;31687;31688;31689;31690,"3 ft 4 "" high",sv Johannes
4630,Esterhuizen,Hermanus,Stellenbosch,retain,No affirmative source-note count or claim-scope contradiction identified.,8,,14039;14040;14041;14042;14043;14044;14045;14046,,Hermanus zn
4631,Theron,Charles Petrus,Stellenbosch,retain,No affirmative source-note count or claim-scope contradiction identified.,16,,18641;18642;18643;18644;18645;18646;18647;18648;18649;18650;18651;18652;18653;18654;18655;18656,Petrus Stephanus du Plessis; Charles Petrus Theron; Roelof Abraham Zeederberg,Jacobus zn
4632,Theron,Daniel Philippus,Stellenbosch,retain,No affirmative source-note count or claim-scope contradiction identified.,24,,18657;18658;18659;18660;18661;18662;18663;18664;18665;18666;18667;18668;18669;18670;18671;18672;18673;18674;18675;18676;18677;18678;18679;18680,Pieter Jeremias Blignault; Jacobus Stephanus du Toit; Daniel Philippus Theron,Jacobus zn
4633,De Villiers,Jan Jacobus,Stellenbosch,retain,No affirmative source-note count or claim-scope contradiction identified.,4,,13160;13161;13162;13163,Jan Jacobus de Villiers; Weduwee Paul de Villiers,Paul zn
4634,Malherbe,Roelof Charles,Stellenbosch,retain,No affirmative source-note count or claim-scope contradiction identified.,3,,16328;16329;16330,EIS BETAAL 3.3.1837,Stephanus zn
4636,De Leeuw,Roelof Johannes PLUS talle De Leeuw familie,Stellenbosch,retain,No affirmative source-note count or claim-scope contradiction identified.,19,,12679;12680;12681;12682;12683;12684;12685;12686;12687;12688;12689;12690;12691;12692;12693;12694;12695;12696;12697,Robert Eagan; Patrick Home || 3 maande,
4637,De Leeuw,Cornelis Pieter,Stellenbosch,retain,No affirmative source-note count or claim-scope contradiction identified.,8,,12563;12564;12565;12566;12567;12568;12569;12570,EISGELD GOEGEKEUR MAART 1837; EIS BETAAL 2.6.1837; A.S. Lomo,oorlede; Wed. Anna Sibella
4638,De Leeuw,Roelof Johannes,Stellenbosch,retain,No affirmative source-note count or claim-scope contradiction identified.,1,,12698,A.S. Lomo,Cornelis Pieter zn
4639,De Leeuw,Magdalena Susanna,Stellenbosch,retain,No affirmative source-note count or claim-scope contradiction identified.,5,,12674;12675;12676;12677;12678,A.S. Lomo,minderjarig
464,Smit,Jurgen,Graaff Reinet,retain,No affirmative source-note count or claim-scope contradiction identified.,2,,31896;31897,Superior shoemaker,sv Jurgen
4640,De Leeuw,Susanna Elizabeth,Stellenbosch,retain,No affirmative source-note count or claim-scope contradiction identified.,1,,12699,A.S. Lomo,Cornelis dogter
4641,De Leeuw,Anna Sibella,Stellenbosch,retain,No affirmative source-note count or claim-scope contradiction identified.,2,,12560;12561,A.S. Lomo,Cornelis dogter
4642,De Leeuw,Johanna Jacoba,Stellenbosch,retain,No affirmative source-note count or claim-scope contradiction identified.,1,,12673,A.S. Lomo,Cornelis dogter
4643,De Leeuw,Jacoba,Stellenbosch,retain,No affirmative source-note count or claim-scope contradiction identified.,2,,12671;12672,A.S. Lomo,Cornelis dogter
4644,Malherbe,Gideon Frans,Stellenbosch,retain,No affirmative source-note count or claim-scope contradiction identified.,2,,16279;16280,Gideon Josua Malherbe; Andries Thomas Stadler,Gideon zn
4645,Le Roux,David Jacobus,Stellenbosch,retain,No affirmative source-note count or claim-scope contradiction identified.,23,,15530;15531;15532;15533;15534;15535;15536;15537;15538;15539;15540;15541;15542;15543;15544;15545;15546;15547;15548;15549;15550;15551;15552,,oorlede
4646,Le Roux,Gabriel Erasmus,Stellenbosch,retain,No affirmative source-note count or claim-scope contradiction identified.,4,,15573;15574;15575;15576,David Jacobus Le Roux; Gabriel Erasmus Le Roux,
4647,Albertyn,Hendrik Jacobus,Stellenbosch,retain,No affirmative source-note count or claim-scope contradiction identified.,10,,11460;11461;11462;11463;11464;11465;11466;11467;11468;11469,,
4648,Bosman,Maria,Stellenbosch,retain,No affirmative source-note count or claim-scope contradiction identified.,14,,12006;12007;12008;12009;12010;12011;12012;12013;12014;12015;12016;12017;12018;12019,2 maande oud,Weduwee van Cornelis ? Bosman
4649,Minnaar,Jacob Petrus,Stellenbosch,retain,No affirmative source-note count or claim-scope contradiction identified.,9,,16729;16730;16731;16732;16733;16734;16735;16736;16737,Anthony Jacobus Leonard Plouvier [£249-15-5],Isaac zn
465,Naude,Jan David,Graaff Reinet,retain,No affirmative source-note count or claim-scope contradiction identified.,1,,31505,,
4650,Krotz,Johan Carel Frederik,Stellenbosch,retain,No affirmative source-note count or claim-scope contradiction identified.,3,,15298;15299;15300,,
4651,Fritz,Jan Thomas,Stellenbosch,retain,No affirmative source-note count or claim-scope contradiction identified.,2,,14237;14238,,
4652,Booyse,David Johannes,Stellenbosch,retain,No affirmative source-note count or claim-scope contradiction identified.,3,,11843;11844;11845,EIS BETAAL 3.3.1837,Piet zn
4653,Blignault,Pieter Jeremias,Stellenbosch,retain,No affirmative source-note count or claim-scope contradiction identified.,9,,11831;11832;11833;11834;11835;11836;11837;11838;11839,Pieter Johannes Blignaut,
4654,Louw,Johannes Wynand,Stellenbosch,retain,No affirmative source-note count or claim-scope contradiction identified.,43,,15935;15936;15937;15938;15939;15940;15941;15942;15943;15944;15945;15947;15948;15949;15950;15951;15952;15953;15954;15955;15956;15957;15958;15959;15960;15961;15962;15963;15964;15965;15966;15967;15968;15969;15970;15971;15972;15973;15974;15975;15976;15977;15978,EIS BETAAL 3.3.1837,
4655,Rossouw,Charl Daniel Godlieb,Stellenbosch,retain,No affirmative source-note count or claim-scope contradiction identified.,9,,17784;17785;17786;17787;17788;17789;17790;17791;17792,Petrus Gerhardus Niehaus; Carel Daniel Godlieb Rossouw,
4656,Van Jaarsveld,Willem Adriaan,Stellenbosch,retain,No affirmative source-note count or claim-scope contradiction identified.,5,,19329;19330;19331;19332;19333,"Petrus Gerhardus Niehaus, Carel Daniel Godlieb Rossouw",
4657,Joubert,Willem Adolph,Stellenbosch,retain,No affirmative source-note count or claim-scope contradiction identified.,7,,15112;15113;15114;15115;15116;15117;15118,,Gideon zn
4658,Niehaus,Pieter Gerhard,Stellenbosch,retain,No affirmative source-note count or claim-scope contradiction identified.,13,,17351;17352;17353;17354;17355;17356;17357;17358;17359;17360;17361;17362;17363,EIS BETAAL 3.3.1837,
4659,Niehaus,Maria Magdalena Philippina,Stellenbosch,retain,No affirmative source-note count or claim-scope contradiction identified.,4,,17347;17348;17349;17350,EISGELD ONTVANG MAART 1837; Weduwee Christoph. Hend. Niehaus,
466,Erasmus,Hendrik Ferdinand,Graaff Reinet,retain,No affirmative source-note count or claim-scope contradiction identified.,3,,31051;31052;31053,,
4660,Hartog,Daniel en Paulus,Stellenbosch,retain,No affirmative source-note count or claim-scope contradiction identified.,1,,14501,Petrus Gerhardus Niehaus,
4661,De Villiers,Pieter,Stellenbosch,retain,No affirmative source-note count or claim-scope contradiction identified.,28,,13375;13376;13377;13378;13379;13380;13381;13382;13383;13384;13385;13386;13387;13388;13389;13390;13391;13392;13393;13394;13395;13396;13397;13398;13399;13400;13401;13402,C.C. de Jongh [£46-18-0]; P. Hiebner en S.A. de Beer [£825-0-0] || HESTER ELIZABETH DU TOIT,oorlede; Weduwee Du Toit
4662,Brewis,Willem,Stellenbosch,retain,No affirmative source-note count or claim-scope contradiction identified.,1,,12070,,oorlede; Wed Rachel Saayman
4663,Rossouw,Frederik,Stellenbosch,retain,No affirmative source-note count or claim-scope contradiction identified.,2,,17882;17883,EISGELD ONTVANG MAART 1837;,
4664,Hauptfleisch,George Stephanus,Stellenbosch,retain,No affirmative source-note count or claim-scope contradiction identified.,1,,14624,,
4665,Heugh,Christiaan Frederik,Stellenbosch,review,"Source has additional party, claimant, payment-recipient or cross-reference wording; no affirmative UCL/BPP count or additional-slave contradiction established. Do not exclude merely for creditor/recipient names.",13,,14723;14724;14725;14726;14727;14728;14729;14730;14731;14732;14733;14734;14735,"C.F. Heugh [£93-4-0]; J.W. Louw [£118-13-6]; S.A. Stronck; G.J. Vos, Andries Brink en A. Faure kry saam £342-16-1",
4666,Hiebner,Philippus Albertus,Stellenbosch,retain,No affirmative source-note count or claim-scope contradiction identified.,10,,14772;14773;14774;14775;14776;14777;14778;14779;14780;14781,EIS BETAAL 3.3.1837,
4667,Horak,Adriaan Martinus,Stellenbosch,retain,No affirmative source-note count or claim-scope contradiction identified.,1,,14796,EIS BETAAL 3.3.1837,
4668,Viljoen,Johannes Stephanus,Stellenbosch,retain,No affirmative source-note count or claim-scope contradiction identified.,4,,19557;19558;19559;19560,Jan Stephanus de Villiers; Johannes Stephanus Viljoen,oorlede; MI de Vos
4669,De Villiers,Pieter Jacobus,Stellenbosch,retain,No affirmative source-note count or claim-scope contradiction identified.,10,,13337;13338;13339;13340;13341;13342;13343;13344;13345;13346,TUINIER || Weduwee Christiaan de Jongh; Pieter Jacobus de Villiers; Johannes Jacobus du Toit; Johannes Jacobus du Toit; Albertus Philippus Hiebner,Jac ? Hendrik zn
467,Fouche,Paul Johannes,Graaff Reinet,retain,No affirmative source-note count or claim-scope contradiction identified.,2,,31091;31092,,
4670,Waldpot,Johannes Leonard,Stellenbosch,retain,No affirmative source-note count or claim-scope contradiction identified.,18,,19652;19653;19654;19655;19656;19657;19658;19659;19660;19661;19662;19663;19664;19665;19666;19667;19668;19669,EISGELD ONTVANG MAART 1837; P.G. Niehaus [£135-3-5]; J.L. Waldpot [£509-0-0],
4671,Herbst,Johan Hendrik,Stellenbosch,retain,No affirmative source-note count or claim-scope contradiction identified.,5,,14703;14704;14705;14706;14707,"EIS BETAAL 3.3.1837; Inskrywing oor die slavin, onleesbaar",
4672,Dreyer,Hendrik,Stellenbosch,retain,No affirmative source-note count or claim-scope contradiction identified.,4,,13592;13593;13594;13595,Abraham Peter Cilliers,oorlede
4673,Van Blerk,Johannes Petrus,Stellenbosch,retain,No affirmative source-note count or claim-scope contradiction identified.,3,,18782;18783;18784,EISGELD ONTVANG MAART 1837; KUIPER,
4674,Minnaar,Stephanus Isaac,Stellenbosch,retain,No affirmative source-note count or claim-scope contradiction identified.,12,,16827;16828;16829;16830;16831;16832;16833;16834;16835;16836;16837;16838,EISGELD ONTVANG MAART 1837,Philip zn
4675,Van Nierop,Adriaan Albertus,Stellenbosch,retain,No affirmative source-note count or claim-scope contradiction identified.,2,,19468;19469,Weduwee Jean de Ville; Adriaan Albertus Van Nierop; GG 10.7.1840; eis nog nie geregistreer nie,Pieter ? Zn
4676,Du Toit,Albertus Johannes,Stellenbosch,retain,No affirmative source-note count or claim-scope contradiction identified.,1,,13671,Albertus Phillipus Hiebner [£29-2-6],Johannes Francois zn
4677,Du Toit,Johannes Francois,Stellenbosch,retain,No affirmative source-note count or claim-scope contradiction identified.,17,,13839;13840;13841;13842;13843;13844;13845;13846;13847;13848;13849;13850;13851;13852;13853;13854;13855,GG 10.7.1840; eis nog nie geregistreer nie; EIS BETAAL 3.3.1837,
4678,Du Toit,Petrus Johannes,Stellenbosch,retain,No affirmative source-note count or claim-scope contradiction identified.,9,,13926;13927;13928;13929;13930;13931;13932;13933;13934,,Petrus zn
4679,Nel,Catharina Johanna,Stellenbosch,retain,No affirmative source-note count or claim-scope contradiction identified.,9,,17338;17339;17340;17341;17342;17343;17344;17345;17346,EIS BETAAL 3.3.1837; Jacob Nicolaas de Villiers,
468,Fouche,Johannes Hendrik,Graaff Reinet,retain,No affirmative source-note count or claim-scope contradiction identified.,1,,31079,,sv Paul
4680,Aling,Robert Frederik,Stellenbosch,retain,No affirmative source-note count or claim-scope contradiction identified.,13,,11476;11477;11478;11479;11480;11481;11482;11483;11484;11485;11486;11487;11488,,
4681,Tulleken,Jan Gerhard,Stellenbosch,retain,No affirmative source-note count or claim-scope contradiction identified.,1,,18729,EIS GOEDGEKEUR IN LONDEN 10.6.37,
4682,Hermans,Stephanus Petrus Albertus,Stellenbosch,retain,No affirmative source-note count or claim-scope contradiction identified.,2,,14711;14712,KLEREMAKER;    EISGELD ONTVANG MAART 1837,
4683,De Ville,Jean,Stellenbosch,retain,No affirmative source-note count or claim-scope contradiction identified.,2,,12722;12723,EISGELD ONTVANG MAART 1837; Jean de Villiers,
4684,De Ville,Pieter Bernardus,Stellenbosch,retain,No affirmative source-note count or claim-scope contradiction identified.,2,,12724;12725,WAMAKER; PB de Ville en Stephanus Jordaan,
4685,Van Ellewee,Hendrik Rudolph,Stellenbosch,retain,No affirmative source-note count or claim-scope contradiction identified.,1,,19307,Weduwee Hendrik Rudolph Van Ellewee,
4686,Van Niekerk,Albertus Bernardus,Stellenbosch,retain,No affirmative source-note count or claim-scope contradiction identified.,7,,19365;19366;19367;19368;19369;19370;19371,Robert Fredrik François Aling; Johannes Gysbertus Blanckenberg; Henry Cloete; Abraham de Smidt; Hendrik Lesar; W. Udemans; Philippus Bernardus Wolfaart,
4687,Cilliers,Abraham Petrus,Stellenbosch,retain,No affirmative source-note count or claim-scope contradiction identified.,5,,12256;12257;12258;12259;12260,Abraham Petrus Cilliers; Jean de Ville,Pieter zn
4688,De Villiers,Johannes Albertus,Stellenbosch,retain,No affirmative source-note count or claim-scope contradiction identified.,1,,13195,EISGELD ONTVANG JANUARIE 1837; Jacob Nicolaas de Villiers; Bernardus Josephus Van der Sandt; EIS BETAAL 3.3.1837,
4689,Du Toit,David,Stellenbosch,retain,No affirmative source-note count or claim-scope contradiction identified.,7,,13723;13724;13725;13726;13727;13728;13729,David du Toit; Hans Hendrik Wicht,Weduwee
469,Janse van Rensburg,Hendrik Christoffel,Graaff Reinet,retain,No affirmative source-note count or claim-scope contradiction identified.,5,,31201;31202;31203;31204;31205,wed V Rensburg en SV Oertel,
4690,Wolfaard,Guilliame Jacobus,Stellenbosch,retain,No affirmative source-note count or claim-scope contradiction identified.,4,,19794;19795;19796;19797,EISGELD ONTVANG MAART 1837;,
4691,Ras,Willem Hendrik,Stellenbosch,retain,No affirmative source-note count or claim-scope contradiction identified.,2,,17521;17522,EIS GOEDGEKEUR IN LONDEN 10.6.37;,M zn
4692,Du Toit,Jacobus Stephanus,Stellenbosch,retain,No affirmative source-note count or claim-scope contradiction identified.,9,,13830;13831;13832;13833;13834;13835;13836;13837;13838,EIS GOEDGEKEUR IN LONDEN 15.7.37; Weduwee Jacobus Stephanus du Toit,Andries zn
4693,Du Plessis,Daniel Jacobus,Stellenbosch,retain,No affirmative source-note count or claim-scope contradiction identified.,1,,13611,EISGELD ONTVANG MAART 1837,Barend zn
4694,Hartogh,Philippus,Stellenbosch,retain,No affirmative source-note count or claim-scope contradiction identified.,1,,14502,EISGELD ONTVANG MAART 1837,Willem zn
4695,Minnaar,Johannes Petrus,Stellenbosch,retain,No affirmative source-note count or claim-scope contradiction identified.,23,,16740;16741;16742;16743;16744;16745;16746;16747;16748;16749;16750;16751;16752;16753;16754;16755;16756;16757;16758;16759;16760;16761;16762,Johannes Ns. de Villiers; A.B. du Toit; E.P. Minnaar; J.F. Minnaar; J.J. Minnaar; J.J. Minnaar; Johannes Petrus Minnaar; Johannes Ps. Minnaar; P.A. Minnaar; F.A.M. Voigt,Philip zn
4696,Daneel,Alexander Bertin,Stellenbosch,retain,No affirmative source-note count or claim-scope contradiction identified.,8,,12492;12493;12494;12495;12496;12497;12498;12499,Onder verband geplaas || EIS BETAAL 3.3.1837; H.D. Kotze; Jacoba Beatrix Kotze,oorlede; Weduwee
4697,Wolfaard,Philippus Bernardus,Stellenbosch,retain,No affirmative source-note count or claim-scope contradiction identified.,9,,19799;19800;19801;19802;19803;19804;19805;19806;19807,,
4698,Joubert,Willem Adriaan,Stellenbosch,retain,No affirmative source-note count or claim-scope contradiction identified.,5,,15119;15120;15121;15122;15123,Willem Adolph Joubert,
4699,Jonker,Jacobus,Stellenbosch,retain,No affirmative source-note count or claim-scope contradiction identified.,2,,14929;14930,EIS BETAAL 3.3.1837,
470,Janse van Rensburg,Nicolaas Martinus,Graaff Reinet,retain,No affirmative source-note count or claim-scope contradiction identified.,4,,31223;31224;31225;31226,,
4700,Daneel,Richard Hartly,Stellenbosch,retain,No affirmative source-note count or claim-scope contradiction identified.,1,,12518,EIS GOEDGEKEUR IN LONDEN 15.7.37; Weduwee Richard Heartley Daneel,
4701,Du Plessis,Daniel Frederik,Stellenbosch,retain,No affirmative source-note count or claim-scope contradiction identified.,1,,13610,EISGELD ONTVANG MAART 1837,
4702,Horak,Isak Gerhardus,Stellenbosch,retain,No affirmative source-note count or claim-scope contradiction identified.,1,,14797,"Pieter Johanns Louw, Jacobus Gideon zn [£54-0-6]",Adriaan zn
4703,Du Plessis,Isak Jacob,Stellenbosch,retain,No affirmative source-note count or claim-scope contradiction identified.,2,,13613;13614,EIS GOEDGEKEUR IN LONDEN 15.7.37,Barend zn
4704,De Beer,Sybrand Abraham,Stellenbosch,retain,No affirmative source-note count or claim-scope contradiction identified.,6,,12523;12524;12525;12526;12527;12528,"EIS GOEDGEKEUR IN LONDEN 15.7.37; Andries Stiglingh [£94-1-7], SA de Beer [£83-1-0]",Sybrand zn
4705,Van der Lingen,Godlieb Willem Antony,Stellenbosch,retain,No affirmative source-note count or claim-scope contradiction identified.,9,,18990;18991;18992;18993;18994;18995;18996;18997;18998,,
4706,Du Plessis,Jan Louis,Stellenbosch,retain,No affirmative source-note count or claim-scope contradiction identified.,1,,13617,,Daniel zn
4707,Hiebner,Daniel,Stellenbosch,retain,No affirmative source-note count or claim-scope contradiction identified.,3,,14756;14757;14758,EIS BETAAL 3.3.1837,
4708,Heyns,Stephanus Petrus,Stellenbosch,retain,No affirmative source-note count or claim-scope contradiction identified.,5,,14751;14752;14753;14754;14755,ONTVANG  EISGELD OP 24.2.1837 ; GG,minderjarig
471,Booyens,Barend,Graaff Reinet,retain,No affirmative source-note count or claim-scope contradiction identified.,2,,30568;30569,,
4710,Du Toit,Johannes Jacobus,Stellenbosch,retain,No affirmative source-note count or claim-scope contradiction identified.,25,,13856;13857;13858;13859;13860;13861;13862;13863;13864;13865;13866;13867;13868;13869;13870;13871;13872;13873;13874;13875;13876;13877;13878;13879;13880,EIS GOEDGEKEUR IN LONDEN 10.6.37,Petrus Johannes zn
4711,Hermans,Martha Maria,Stellenbosch,retain,No affirmative source-note count or claim-scope contradiction identified.,1,,14710,EIS BETAAL 3.3.1837,
4712,Jordaan,Stephanus Petrus,Stellenbosch,retain,No affirmative source-note count or claim-scope contradiction identified.,18,,14966;14967;14968;14969;14970;14971;14972;14973;14974;14975;14976;14977;14978;14979;14980;14981;14982;14983,KLEREMAKER;    EISGELD ONTVANG MAART 1837; P.W. Haupt; G.L. Horn; Weduwee St Ps. Jordaan,
4714,De Villiers,Jacobus Nicolaas,Stellenbosch,retain,No affirmative source-note count or claim-scope contradiction identified.,6,,13077;13078;13079;13080;13081;13082,Christiaan de Jongh; Jacobus Nicolaas de Villiers; Philip Wouter Haupt; Jan Hendrik Hoffmeyer || WADRYWER,Isaaac zn
4715,Tardieu,Alexander,Stellenbosch,retain,No affirmative source-note count or claim-scope contradiction identified.,3,,18638;18639;18640,EIS GOEDGEKEUR IN LONDEN 10.6.37; Alexander Tardien,
4716,Du Toit,Maria Susanna,Stellenbosch,retain,No affirmative source-note count or claim-scope contradiction identified.,3,,13909;13910;13911,Dirk Jacobus Aspeling; Maria Susanna du Toit,
4717,Jordaan,Stephanus,Stellenbosch,retain,No affirmative source-note count or claim-scope contradiction identified.,11,,14984;14985;14986;14987;14988;14989;14990;14991;14992;14993;14994,EIS GOEDGEKEUR IN LONDEN 10.6.37,Steph zn
4718,Catorzia,Rocco,Stellenbosch,retain,No affirmative source-note count or claim-scope contradiction identified.,5,,12235;12236;12237;12238;12239,,
4719,Marais,Jacobus Hendrik,Stellenbosch,retain,No affirmative source-note count or claim-scope contradiction identified.,9,,16493;16494;16495;16496;16497;16498;16499;16500;16501,EIS BETAAL 3.3.1837,Weduwee
472,Booyens,Petrus Johannes,Graaff Reinet,retain,No affirmative source-note count or claim-scope contradiction identified.,1,,30570,,
4720,Marais,Jacob,Stellenbosch,retain,No affirmative source-note count or claim-scope contradiction identified.,6,,16487;16488;16489;16490;16491;16492,JB Marais; GG 10.7.1840; eis nog nie geregistreer nie,Johannes zn
4721,Haupt,Philip [Pieter] Wouter,Stellenbosch,retain,No affirmative source-note count or claim-scope contradiction identified.,5,,14608;14609;14610;14611;14612,,
4722,Hiebner,Joachim,Stellenbosch,retain,No affirmative source-note count or claim-scope contradiction identified.,13,,14759;14760;14761;14762;14763;14764;14765;14766;14767;14768;14769;14770;14771,EIS GOEDGEKEUR IN LONDEN 10.6.37; Albertus Philippus Hiebner,
4723,Enslin,Johan Martin,Stellenbosch,retain,No affirmative source-note count or claim-scope contradiction identified.,12,,14010;14011;14012;14013;14014;14015;14016;14017;14018;14019;14020;14021,EIS GOEDGEKEUR IN LONDEN 15.7.37; Hercules Alexander Enslin; Johan Martin Enslin; Schalk Willem Van der Merwe,jr; minderjarig
4724,Enslin,Johan Martin,Stellenbosch,retain,No affirmative source-note count or claim-scope contradiction identified.,4,,14006;14007;14008;14009,EIS GOEDGEKEUR IN LONDEN 10.6.37,jr;
4725,De Vos,Pieter,Stellenbosch,retain,No affirmative source-note count or claim-scope contradiction identified.,2,,13432;13433,EIS GOEDGEKEUR IN LONDEN 15.7.37,Dirk zn
4726,Meiring,Ryk Arnoldus Mauritius en ander,Stellenbosch,retain,No affirmative source-note count or claim-scope contradiction identified.,1,,16678,Jacoba Susan. M. Meiring; Johanna Elizabeth Meiring; Pieter Meiring; Ryk Arnoldus Mauritius Meiring; Sophia Elsabe Meiring; Susanna Louisa Catharine Meiring; EIS BETAAL 3.3.1837,
4727,Horn,George Lodewyk,Stellenbosch,retain,No affirmative source-note count or claim-scope contradiction identified.,10,,14798;14799;14800;14801;14802;14803;14804;14805;14806;14807,EISGELD ONTVANG MAART 1837,
4728,Goetz,Andries Martinus,Stellenbosch,retain,No affirmative source-note count or claim-scope contradiction identified.,7,,14309;14310;14312;14313;14314;14315;14317,EIS GOEDGEKEUR IN LONDEN 10.6.37; Johanna H. Redelinghuys,Oorlede; Weduwee Johanna Redelinghuys
4729,Goetz,Andries Martinus,Stellenbosch,retain,No affirmative source-note count or claim-scope contradiction identified.,2,,14311;14316,EIS GOEDGEKEUR IN LONDEN 10.6.37; Johanna H. Redelinghuys,Oorlede; Weduwee Johanna Redelinghuys
4730,De Vries,Jan Homburg,Stellenbosch,retain,No affirmative source-note count or claim-scope contradiction identified.,3,,13468;13469;13470,P.F.R. de Villiers; EIS BETAAL 3.3.1837,oorlede
4731,Gildenhuys,Hendrik Albertus,Stellenbosch,retain,No affirmative source-note count or claim-scope contradiction identified.,9,,14286;14287;14288;14289;14290;14291;14292;14293;14294,EISGELD ONTVANG MAART 1837,Guilliam zn
4732,Klein,Jan Carel,Stellenbosch,retain,No affirmative source-note count or claim-scope contradiction identified.,8,,15174;15175;15176;15177;15178;15179;15180;15181,EISGELD ONTVANG MAART 1837,
4733,Montgomery,Alexander Howard,Stellenbosch,retain,No affirmative source-note count or claim-scope contradiction identified.,2,,16839;16840,EIS GOEDGEKEUR IN LONDEN 15.7.37,
4735,Bernhardi,Frederik Jacob,Stellenbosch,retain,No affirmative source-note count or claim-scope contradiction identified.,10,,11634;11635;11636;11637;11638;11639;11640;11641;11642;11643,EISGELD ONTVANG MAART 1837,
4736,Bernhardi,Carel,Stellenbosch,retain,No affirmative source-note count or claim-scope contradiction identified.,9,,11625;11626;11627;11628;11629;11630;11631;11632;11633,EISGELD ONTVANG MAART 1837; C.M. Bernhardi,Weduwee van
4737,Retief,Johannes Hendrik,Stellenbosch,retain,No affirmative source-note count or claim-scope contradiction identified.,2,,17634;17635,F.J. Bernhardi; EIS BETAAL 3.3.1837,Weduwee Bernhardi-De Villiers
4738,Roux,Gertruida Maria,Stellenbosch,retain,No affirmative source-note count or claim-scope contradiction identified.,3,,18029;18030;18031,Fredrik Jacob Bernhardi; EIS BETAAL 3.3.1837,
4739,Viljoen,Johannes Stephanus,Stellenbosch,retain,No affirmative source-note count or claim-scope contradiction identified.,2,,19555;19556,,oorlede; ****
474,Van der Merwe,Jacob Franciscus,Graaff Reinet,retain,No affirmative source-note count or claim-scope contradiction identified.,2,,32124;32125,Slegs 1 eis vermeld in Londen,
4740,Enslin,Albertus Jacobus,Stellenbosch,retain,No affirmative source-note count or claim-scope contradiction identified.,9,,13984;13985;13986;13987;13988;13989;13990;13991;13992,EIS GOEDGEKEUR MAART 1837; BETAAL 2.6.1837,
4741,Luttig,Jacobus Johannes,Stellenbosch,retain,No affirmative source-note count or claim-scope contradiction identified.,11,,16047;16048;16049;16050;16051;16052;16053;16054;16055;16056;16057,Jacobus Johannes du Toit; Daniel Hugo; Jacobus Johannes Luttig; Gysbert Jan Carel Reitz; Christiaan Andreas Van der Burgh; Fredrik Stephanus Watermeyer,Hartwig zn
4742,Roos / Roux?,Frans,Stellenbosch,retain,No affirmative source-note count or claim-scope contradiction identified.,4,,17780;17781;17782;17783,François Roux [Roos],sr; Weduwee
4743,Roos,Magdalena,Stellenbosch,retain,No affirmative source-note count or claim-scope contradiction identified.,1,,17718,,dogter van Francois
4744,De Villiers,Jan Abraham,Stellenbosch,retain,No affirmative source-note count or claim-scope contradiction identified.,10,,13095;13096;13097;13098;13099;13100;13101;13102;13103;13104,EISGELD ONTVANG MAART 1837,Jacob zn
4745,Stegman,Johannes Albertus,Stellenbosch,retain,No affirmative source-note count or claim-scope contradiction identified.,5,,18570;18571;18572;18573;18574,EIS BETAAL 3.3.1837; Johannes Albertus Stegman;,boedel
4746,Bosman,Isak Johannes,Stellenbosch,retain,No affirmative source-note count or claim-scope contradiction identified.,9,,11977;11978;11979;11980;11981;11982;11983;11984;11985,Hermanus Lambertus Bosman; Isaac Johannes Bosman,Hermanus Lambertus zn
4747,Bosman,Hermanus Lambertus,Stellenbosch,retain,No affirmative source-note count or claim-scope contradiction identified.,8,,11926;11927;11928;11929;11930;11931;11932;11933,EIS GOEDGEKEUR IN LONDEN 10.6.37,
4748,De Villiers,Isak Pieter,Stellenbosch,retain,No affirmative source-note count or claim-scope contradiction identified.,4,,12967;12968;12969;12970,EIS GOEDGEKEUR IN LONDEN 15.7.37,Isak Francois zn
4749,Siebert,Anna Catharina,Stellenbosch,retain,No affirmative source-note count or claim-scope contradiction identified.,2,,18325;18326,EIS GOEDGEKEUR IN LONDEN 10.6.37,
475,Steyn,Stephanus Johannes,Graaff Reinet,retain,No affirmative source-note count or claim-scope contradiction identified.,1,,31925,,
4750,Krige,Jan Henricus,Stellenbosch,retain,No affirmative source-note count or claim-scope contradiction identified.,2,,15256;15257,Johannes Gysbert  Blanckenberg; J.H. Krige; Mrs Tieleman Roos; Daniel S. Rossouw; Siebert Wiid Rossouw,Jan Daniel zn
4751,Mellet,Jan Stephanus,Stellenbosch,retain,No affirmative source-note count or claim-scope contradiction identified.,2,,16682;16683,Francois Hermanus Retief,Andries zn
4752,Roos,Tielman,Stellenbosch,retain,No affirmative source-note count or claim-scope contradiction identified.,6,,17768;17769;17770;17771;17772;17773,MESSELAAR || KLEREMAKER,Jan zn
4754,Du Plessis,Jan Jeremias,Stellenbosch,retain,No affirmative source-note count or claim-scope contradiction identified.,2,,13615;13616,J.J. du Plessis; Jan Jeremias du Plessis,Barend zn
4755,Minnaar,Johannes Philippus,Stellenbosch,retain,No affirmative source-note count or claim-scope contradiction identified.,6,,16763;16764;16765;16766;16767;16768,Hermanus Lambertus Bosman; Abraham Pieter de Villiers; Johannes Philippus Minnaar; Cornelis Van der Poel,Isak zn
4756,Minnaar,Isak Josua,Stellenbosch,retain,No affirmative source-note count or claim-scope contradiction identified.,2,,16708;16709,EIS BETAAL 3.3.1837,Isak zn
4757,Roos,Tielman,Stellenbosch,retain,No affirmative source-note count or claim-scope contradiction identified.,6,,17774;17775;17776;17777;17778;17779,EIS GOEDGEKEUR IN LONDEN 15.7.37,sr
4758,Roos,Charles Jacobus,Stellenbosch,retain,No affirmative source-note count or claim-scope contradiction identified.,9,,17690;17691;17692;17693;17694;17695;17696;17697;17698,EIS GOEDGEKEUR IN LONDEN 10.6.37; Isaac Josua de Villiers; Tieleman Roos; Siebert Wiid Rossouw,Weduwee
4759,Rossouw,Siebert Wiid,Stellenbosch,retain,No affirmative source-note count or claim-scope contradiction identified.,6,,17986;17987;17988;17989;17990;17991,"Johannes Gysbert Blanckenberg [£54-11-0]; Tieleman Roos sr [£94-12-2]; Daniel Sebastiaan Rossouw, J zn [£65-11-10]; Siebert Wiid Rossouw, Isaac zn [£29-18-5]",
476,Welman,Johan Christiaan,Graaff Reinet,retain,No affirmative source-note count or claim-scope contradiction identified.,1,,32661,,
4760,Van der Poel,Albertus Johannes,Stellenbosch,retain,No affirmative source-note count or claim-scope contradiction identified.,10,,19229;19230;19231;19232;19233;19234;19235;19236;19237;19238,"KLEREMAKER,    EISGELD TOEGESTAAN MAART 1837; BETAAL 2.6.1837",oorlede
4761,De Villiers,Jan Stephanus,Stellenbosch,retain,No affirmative source-note count or claim-scope contradiction identified.,6,,13183;13184;13185;13186;13187;13188,EIS TOEGESTAAN 3.3.1837; BETAAL 2.6.1837,JA zn
4762,Nieuwoudt,Gerrit,Stellenbosch,retain,No affirmative source-note count or claim-scope contradiction identified.,12,,17369;17370;17371;17372;17373;17374;17375;17376;17377;17378;17379;17380,Gerrit Hermanus Nieuwoudt; EIS TOEGESTAAN 3 MAART 1837,Isaak zn
4763,De Villiers,Petrus Johannes,Stellenbosch,retain,No affirmative source-note count or claim-scope contradiction identified.,6,,13294;13295;13296;13297;13298;13299,SKOENMAKER;   EIS GOEDGEKEUR MAART 1837; BETAAL 2.6.1837,Pieter zn
4764,De Villiers,Jacob Rudolph,Stellenbosch,retain,No affirmative source-note count or claim-scope contradiction identified.,1,,13026,EISGELD ONTVANG MAART 1837,Jacob Hendrik zn
4765,De Villiers,Jacob Hendrik,Stellenbosch,retain,No affirmative source-note count or claim-scope contradiction identified.,7,,12975;12976;12977;12978;12979;12980;12981,EISGELD ONTVANG MAART 1837,Jacob zn
4766,De Vos,Philip Wouter,Stellenbosch,retain,No affirmative source-note count or claim-scope contradiction identified.,1,,13431,EISGELD ONTVANG MAART 1837,Willem zn
4767,Krige,Willem Adolph,Stellenbosch,retain,No affirmative source-note count or claim-scope contradiction identified.,7,,15264;15268;15278;15290;15292;15294;15295,Johanna Elisabeth Bosman; Tobias Herold; Weduwee Willem Adolph Krige; BANKROTVENDUSIE GG 7.5.1841,
4768,Krige,Jan Daniel,Stellenbosch,retain,No affirmative source-note count or claim-scope contradiction identified.,1,,15255,Onder verband geplaas,Willem zn
4769,Bosman,Willem Adolph,Stellenbosch,retain,No affirmative source-note count or claim-scope contradiction identified.,2,,12027;12028,J.E. Bosman; T. Herold,HL zn
477,Keyser,Johannes Hendrik Coenraad,Graaff Reinet,retain,No affirmative source-note count or claim-scope contradiction identified.,1,,31253,,
4770,Baard,Johannes Hendrik,Stellenbosch,review,"Source has additional party, claimant, payment-recipient or cross-reference wording; no affirmative UCL/BPP count or additional-slave contradiction established. Do not exclude merely for creditor/recipient names.",16,,11512;11513;11514;11515;11516;11517;11518;11519;11520;11521;11522;11523;11524;11525;11526;11527,"KOPERSMID; ook Joseph v Mosambiek, oorlede1821 || EIS GOEDGEKEUR IN LONDEN 15.7.37; J.B. Ebden; Jos Hare; G.H. Maasdorp; H.H. Van Niekerk; J.B. Ebden; Jos Hare; G.H. Maasdorp; H.H. Van Niekerk",
4771,Enslin,Hercules George,Stellenbosch,retain,No affirmative source-note count or claim-scope contradiction identified.,6,,13998;13999;14000;14001;14002;14003,EISGELD ONTVANG MAART 1837,J. Adam zn
4772,Enslin,Hendrik Johannes,Stellenbosch,retain,No affirmative source-note count or claim-scope contradiction identified.,5,,13993;13994;13995;13996;13997,EISGELD ONTVANG MAART 1837,Jac. Adam zn
4773,Enslin,Johan Adam,Stellenbosch,retain,No affirmative source-note count or claim-scope contradiction identified.,2,,14004;14005,EIS TOEGESTAAN 3 MAART 1837,Weduwee
4774,Bernhardi,Carel Christiaan,Stellenbosch,retain,No affirmative source-note count or claim-scope contradiction identified.,1,,11624,SKRYNWERKER; Christiaan de Jongh [£40-19-5],Carel zn
4775,Minnaar,Jacob Francois,Stellenbosch,retain,No affirmative source-note count or claim-scope contradiction identified.,19,,16710;16711;16712;16713;16714;16715;16716;16717;16718;16719;16720;16721;16722;16723;16724;16725;16726;16727;16728,,Philip zn
4776,Minnaar,Philippus,Stellenbosch,retain,No affirmative source-note count or claim-scope contradiction identified.,8,,16813;16814;16815;16816;16817;16818;16819;16820,,Sr
4777,Minnaar,Pieter Abraham,Stellenbosch,retain,No affirmative source-note count or claim-scope contradiction identified.,6,,16821;16822;16823;16824;16825;16826,EISGELD ONTVANG MAART 1837,Philip zn
4778,Minnaar,Jacobus Johannes,Stellenbosch,retain,No affirmative source-note count or claim-scope contradiction identified.,1,,16738,,Philip zn
4779,Marais,David Francois,Stellenbosch,retain,No affirmative source-note count or claim-scope contradiction identified.,8,,16433;16434;16435;16436;16437;16438;16439;16440,EIS GOEDGEKEUR IN LONDEN 15.7.37,Johannes zn
478,Geere,Georg Diederick,Graaff Reinet,retain,No affirmative source-note count or claim-scope contradiction identified.,4,,31096;31097;31098;31099,,
4780,De Jongh,Christiaan,Stellenbosch,retain,No affirmative source-note count or claim-scope contradiction identified.,1,,12533,EIS TOEGESTAAN 3 MAART 1837,
4781,Van der Poel,Sophia Elsabe,Stellenbosch,retain,No affirmative source-note count or claim-scope contradiction identified.,2,,19255;19256,,
4782,Retief,Dorothea Eliz,Stellenbosch,retain,No affirmative source-note count or claim-scope contradiction identified.,2,,17587;17588,EIS TOEGESTAAN 3 MAART 1837,getroud met Carel Christ. De Villiers
4783,De Villiers,Jacobus Nicolaas,Stellenbosch,review,"Source has additional party, claimant, payment-recipient or cross-reference wording; no affirmative UCL/BPP count or additional-slave contradiction established. Do not exclude merely for creditor/recipient names.",12,,13083;13084;13085;13086;13087;13088;13089;13090;13091;13092;13093;13094,"Ontvang prize negroes op 11.9.1840 [28.9.1840] || VERWER, Dirk Jacobus Aspeling sr [£76-11-10]; C.C. de Villiers [£85-16-0]; J.N. De Villiers P zn [£306-13-7]; Weduwee G.W.A. van Lingen plus P. Marais plus D.J. Hugo plus H.H. Rossouw plus Du Toit plus   S.J. Minnaar [£60-0-10]",Pieter zn
4784,De Villiers,Pieter Frederik,Stellenbosch,retain,No affirmative source-note count or claim-scope contradiction identified.,2,,13305;13306,EIS TOEGESTAAN 3 MAART 1837,
4785,Aling,Louina Isabella,Stellenbosch,retain,No affirmative source-note count or claim-scope contradiction identified.,4,,11472;11473;11474;11475,EIS TOEGESTAAN 3 MAART 1837,
4786,Rossouw,Izak Johannes,Stellenbosch,retain,No affirmative source-note count or claim-scope contradiction identified.,6,,17927;17928;17929;17930;17931;17932,EIS BETAAL 3.3.1837; Johannes Joachim Lodewyk Smuts,
4787,Roux,Johannes Petrus,Stellenbosch,retain,No affirmative source-note count or claim-scope contradiction identified.,11,,18133;18134;18135;18136;18137;18138;18139;18140;18141;18142;18143,EIS TOEGESTAAN 3.3.1837; BETAAL 2.6.1837,Pieter zn
4788,Retief,Francois Hermanus,Stellenbosch,retain,No affirmative source-note count or claim-scope contradiction identified.,11,,17589;17590;17591;17592;17593;17594;17595;17596;17597;17598;17599,EIS GOEDGEKEUR IN LONDEN 15.7.37,
4789,Louw,Johannes Rudolph,Stellenbosch,retain,No affirmative source-note count or claim-scope contradiction identified.,41,,15894;15895;15896;15897;15898;15899;15900;15901;15902;15903;15904;15905;15906;15907;15908;15909;15910;15911;15912;15913;15914;15915;15916;15917;15918;15919;15920;15921;15922;15923;15924;15925;15926;15927;15928;15929;15930;15931;15932;15933;15934,EIS TOEGESTAAN 3 MAART 1837,
479,Slabbert,Louis Abraham Francois,Graaff Reinet,retain,No affirmative source-note count or claim-scope contradiction identified.,4,,31865;31866;31867;31868,,
4791,De Villiers,Isaac Jacob,Stellenbosch,retain,No affirmative source-note count or claim-scope contradiction identified.,14,,12933;12934;12935;12936;12937;12938;12939;12940;12941;12942;12943;12944;12945;12946,"KOK || KOK; Stephanus Isaac Allimaar; Fredrik Jacob Bernardi; Chistiaan de Jongh; Isaac Jacob de Villiers; Daniel du Toit; Weduwee Johannes Jacobus du Toit; Weduwee Daniel Hugo; Stephanus Jordaan, Godlieb Willem Anthony Van der Lingen",Pieter zn
4792,Simonis,Jean Jacques,Stellenbosch,retain,No affirmative source-note count or claim-scope contradiction identified.,13,,18335;18336;18337;18338;18339;18340;18341;18342;18343;18344;18345;18346;18347,A.J. Enslin 94-12-2; Stephanus Jordaan [£63-7-3]; J.J. Simonis [£145-12-9],
4793,Luttig,Jacobus Johannes,Stellenbosch,retain,No affirmative source-note count or claim-scope contradiction identified.,1,,16046,Alletta Maria Susanna Luttig,
4794,Rynhard,Lodewyk,Stellenbosch,retain,No affirmative source-note count or claim-scope contradiction identified.,3,,18252;18253;18254,,
4795,Picard,Jan,Stellenbosch,retain,No affirmative source-note count or claim-scope contradiction identified.,2,,17481;17482,EIS GOEDGEKEUR IN LONDEN 15.7.37; Petrus Johannes du Toit; Jan Piekard,
4796,De Villiers,Jacob,Stellenbosch,exclude,same_UCL_and_exact_owner_in_multiple_districts,31,,13046;13047;13048;13049;13050;13051;13052;13053;13054;13055;13056;13057;13058;13059;13060;13061;13062;13063;13064;13065;13066;13067;13068;13069;13070;13071;13072;13073;13074;13075;13076,Goedgekeur in London 28.5.1837; Weduwee Jacob de Villiers [£745-12-5]; J.C. Gie [£199-10-2]; Hans H. Wicht [£216-13-4]; EIS BETAAL 3.3.1837,Abraham Barend zn
4797,De Leeuw,Hendrik,Stellenbosch,retain,No affirmative source-note count or claim-scope contradiction identified.,21,,12571;12572;12573;12574;12575;12576;12577;12578;12579;12580;12581;12582;12583;12584;12585;12586;12587;12588;12589;12590;12591,EIS GOEDGEKEUR IN LONDEN 10.6.37; J.J. Hendriks,oorlede; Weduwee waarskynlik JJ Hendriks
4798,De Leeuw,Jacob,Stellenbosch,retain,No affirmative source-note count or claim-scope contradiction identified.,20,,12651;12652;12653;12654;12655;12656;12657;12658;12659;12660;12661;12662;12663;12664;12665;12666;12667;12668;12669;12670,J.J. Hendriks,nalatenskap
4799,Grove,Andries Daniel,Stellenbosch,retain,No affirmative source-note count or claim-scope contradiction identified.,4,,14392;14393;14394;14395,"Andries Daniel Grove, Daniel Hendrik Rossouw",Andries zn
480,Fourie,Anna Catharina,Graaff Reinet,retain,No affirmative source-note count or claim-scope contradiction identified.,3,,31093;31094;31095,,
4803,Minnaar,Isaac Petrus,Stellenbosch,retain,No affirmative source-note count or claim-scope contradiction identified.,2,,16706;16707,,
4805,Stiglingh,Michiel Abraham,Stellenbosch,retain,No affirmative source-note count or claim-scope contradiction identified.,2,,18627;18628,EIS TOEGESTAAN 3 MAART 1837,
4806,Stiglingh,Willem Johannes,Stellenbosch,retain,No affirmative source-note count or claim-scope contradiction identified.,2,,18629;18630,EISGELD ONTVANG MAART 1837; Charles Phillips; Silvanus Phillips; M.A. Stiglingh,
4808,Du Plessis,Charles Petrus,Stellenbosch,retain,No affirmative source-note count or claim-scope contradiction identified.,1,,13598,EISGELD ONTVANG MAART 1837; J.H. Hofmeyer,Minor
481,Henderson,Cornelis Jacobus,Graaff Reinet,retain,No affirmative source-note count or claim-scope contradiction identified.,5,,31154;31155;31156;31157;31158,,
4812,Rossouw,Daniel Sebastian,Stellenbosch,retain,No affirmative source-note count or claim-scope contradiction identified.,12,,17821;17822;17823;17824;17825;17826;17827;17828;17829;17830;17831;17832,EIS TOEGESTAAN 3 MAART 1837,Isaac zn
4813,Louw,Johannes Petrus,Stellenbosch,retain,No affirmative source-note count or claim-scope contradiction identified.,6,,15888;15889;15890;15891;15892;15893,,Albert Wynand zn
4815,Stigling,Jan Michiel,Stellenbosch,retain,No affirmative source-note count or claim-scope contradiction identified.,2,,18625;18626,EIS TOEGESTAAN 3 MAART 1837,minor
482,Van den Berg,Pieter Ernst,Graaff Reinet,retain,No affirmative source-note count or claim-scope contradiction identified.,4,,32023;32024;32025;32026,,sv Piet [Wid Eliz Oberholster]
484,Van den Berg,Stephanus Johannes Hendricus,Graaff Reinet,retain,No affirmative source-note count or claim-scope contradiction identified.,1,,32027,,
485,Van den Berg,Susanna Catharina,Graaff Reinet,retain,No affirmative source-note count or claim-scope contradiction identified.,1,,32028,Ten gunste van JH Wagner,
486,Van den Berg,Jacobus Petrus,Graaff Reinet,retain,No affirmative source-note count or claim-scope contradiction identified.,1,,32009,,
487,Smit,Abraham Johannes,Graaff Reinet,retain,No affirmative source-note count or claim-scope contradiction identified.,7,,31878;31879;31880;31881;31882;31883;31884,,
489,Burger,Barend Johannes,Graaff Reinet,retain,No affirmative source-note count or claim-scope contradiction identified.,7,,30707;30708;30709;30710;30711;30712;30713,Anna du Toit begunstigde,Sr
49,Hattingh,Diederik Johannes Lodewyk,Beaufort,retain,No affirmative source-note count or claim-scope contradiction identified.,9,,36104;36105;36106;36107;36108;36109;36110;36111;36112,BPP=9 || a dark Malabar,
490,Van der Vyver,Isaac Jacobus,Graaff Reinet,retain,No affirmative source-note count or claim-scope contradiction identified.,7,,32264;32265;32266;32267;32268;32269;32270,Healthy,
491,Kloppers,Johannes Jacobus,Graaff Reinet,retain,No affirmative source-note count or claim-scope contradiction identified.,2,,31257;31258,,
492,Smit,Hendrik Adriaan,Graaff Reinet,retain,No affirmative source-note count or claim-scope contradiction identified.,1,,31895,Begunstigde is Anna Bregje Nienaber,sv Jacobus
493,Rabie,Jan Bastiaan,Graaff Reinet,retain,No affirmative source-note count or claim-scope contradiction identified.,3,,31805;31806;31807,,
494,Loock,Anna Catharina,Graaff Reinet,retain,No affirmative source-note count or claim-scope contradiction identified.,4,,31358;31359;31360;31361,Toegeken aan Jan Minnaar,
495,Meintjies,Stephanus Carolus,Graaff Reinet,retain,No affirmative source-note count or claim-scope contradiction identified.,3,,31446;31447;31448,,wed is CM Vorster
496,Esterhuizen,Barend Daniel,Graaff Reinet,exclude,explicit_external_slave_count_differs_from_local_rows,2,1,31061;31062,; op UCL slegs vir een slaaf betaal,
497,Du Toit,Petrus Johannes,Graaff Reinet,retain,No affirmative source-note count or claim-scope contradiction identified.,17,,31011;31012;31013;31014;31015;31016;31017;31018;31019;31020;31021;31022;31023;31024;31025;31026;31027,"""Epilepsy"" || ""Defective""",
498,Van Niekerk,Gerrit,Graaff Reinet,retain,No affirmative source-note count or claim-scope contradiction identified.,7,,32435;32436;32437;32438;32439;32440;32441,,sv Cornelis
499,Naude,Jacobus Francois  Weduwee,Graaff Reinet,retain,No affirmative source-note count or claim-scope contradiction identified.,9,,31494;31495;31496;31497;31498;31499;31500;31501;31502,Elizabeth Joubert,
5,Van Wyk,Adriaan,Beaufort,retain,No affirmative source-note count or claim-scope contradiction identified.,3,,36399;36400;36401,"healthy looking Mozambique, 5 ft 8"" || rather stupid but very healthy || ""fits""",so Willem
500,Meintjies,Hendrik Adriaan,Graaff Reinet,retain,No affirmative source-note count or claim-scope contradiction identified.,17,,31420;31421;31422;31423;31424;31425;31426;31427;31428;31429;31430;31431;31432;31433;31434;31435;31436,,Sr
5001,Albertyn,Hendrik,Cape,retain,No affirmative source-note count or claim-scope contradiction identified.,1,,248,UCL=1,sv C.
5003,Becker,Anna Elizabeth Catharina,Cape,exclude,explicit_external_slave_count_differs_from_local_rows,4,5,249;250;251;252,UCL=5,
5005,Bester,Andries,Cape,retain,No affirmative source-note count or claim-scope contradiction identified.,2,,255;256,UCL=2,sv Andries
5007,Blanckenberg,Jacobus Hendricus,Cape,exclude,explicit_external_slave_count_differs_from_local_rows,31,32,270;271;272;273;274;275;276;277;278;279;280;281;282;283;284;285;286;287;288;289;290;291;292;293;294;295;296;297;298;299;300,UCL=32,
501,Meintjies,Stephanus,Graaff Reinet,retain,No affirmative source-note count or claim-scope contradiction identified.,2,,31449;31450,,sv Hendrik Adriaan
5010,Van Breda,Servaas,Cape,review,"Source has additional party, claimant, payment-recipient or cross-reference wording; no affirmative UCL/BPP count or additional-slave contradiction established. Do not exclude merely for creditor/recipient names.",4,,301;302;303;304,UCL=4; ook Adriaan de Waal,sv A.
5011,Van Breda,Jacobus Alexander,Cape,retain,No affirmative source-note count or claim-scope contradiction identified.,8,,305;306;307;308;309;310;311;312,UCL=8,sv Alex
5012,Berrange,Catharina Gerharda,Cape,retain,No affirmative source-note count or claim-scope contradiction identified.,1,,313,UCL=1,
5016,Biccard,Francois Louis Charles,Cape,retain,No affirmative source-note count or claim-scope contradiction identified.,2,,389;390,UCL=2,
502,Meintjies,Hendrik Adriaan,Graaff Reinet,retain,No affirmative source-note count or claim-scope contradiction identified.,5,,31437;31438;31439;31440;31441,,Sr
5023,Brink,Arend,Cape,review,Multiple monetary recipients or related-party reference; no affirmative evidence that slave valuations omit part of payment scope. Do not infer pooling from recipient names alone.,10,,473;474;475;476;477;478;479;480;481;482,"UCL=10 , en MCA Neethling en A Brink",sv A
5025,Blair,Charles,Cape,retain,No affirmative source-note count or claim-scope contradiction identified.,2,,509;510,UCL=2,
5029,Van Breda,Alexander,Cape,exclude,explicit_external_slave_count_differs_from_local_rows;same_UCL_and_exact_owner_in_multiple_districts,58,83,511;512;513;514;515;516;517;518;519;520;521;522;523;524;525;526;527;528;529;530;531;532;533;534;535;536;537;538;539;540;541;542;543;544;545;546;547;548;549;550;551;552;553;554;555;556;557;558;559;560;561;562;563;564;565;566;567;568,UCL=83,
5029,Van Breda,Alexander,Stellenbosch,exclude,explicit_scope_or_joint_claim_note;same_UCL_and_exact_owner_in_multiple_districts,1,,18826,EIS BETAAL 3.3.1837; [Kyk Kaapse Distrik vir die res van sy slawe!],sr
503,Hendriks,Johannes Jacobus,Graaff Reinet,exclude,explicit_external_slave_count_differs_from_local_rows,8,5,31159;31160;31161;31162;31163;31164;31165;31166,5 slaves,
5033,Van Breda,Pieter,Cape,retain,No affirmative source-note count or claim-scope contradiction identified.,24,,646;647;648;649;650;651;652;653;654;655;656;657;658;659;660;661;662;663;664;665;666;667;668;669,UCL=24,sv AZ
5039,Cloete,Anna Catharina,Cape,retain,No affirmative source-note count or claim-scope contradiction identified.,2,,801;802,UCL=2,dv SV Cloete
504,Hasselbach,Hester Adriana Hendrina,Graaff Reinet,retain,No affirmative source-note count or claim-scope contradiction identified.,2,,31149;31150,,
5043,Cooper,William,Cape,retain,No affirmative source-note count or claim-scope contradiction identified.,2,,873;874,UCL=2,
5044,Cooper,Robert,Cape,retain,No affirmative source-note count or claim-scope contradiction identified.,1,,875,UCL=1,
5048,Cloete,Johan Gerhard,Cape,exclude,explicit_external_slave_count_differs_from_local_rows,29,28,889;890;891;892;893;894;895;896;897;898;899;900;901;902;903;904;905;906;907;908;909;910;911;912;913;914;915;916;917,UCL=28,
5054,Colyn,Hester Alida,Cape,retain,No affirmative source-note count or claim-scope contradiction identified.,8,,984;985;986;987;988;989;990;991,UCL=8; getroud met Richard P. Dobie 1835 || getroud met Richard P. Dobie 1835,
5056,Colyn,Johannes Nicolaas,Cape,retain,No affirmative source-note count or claim-scope contradiction identified.,10,,992;993;994;995;996;997;998;999;1000;1001,UCL=10,
506,Van Ryneveld,Willem Cornelis,Graaff Reinet,retain,No affirmative source-note count or claim-scope contradiction identified.,16,,32453;32454;32455;32456;32457;32458;32459;32460;32461;32462;32463;32464;32465;32466;32467;32468,,
5062,Cloete,Sebastiaan Valentyn,Cape,retain,No affirmative source-note count or claim-scope contradiction identified.,3,,1085;1086;1087,UCL=3 slawe?,
5069,Cloete,Hendrik,Cape,exclude,explicit_external_slave_count_differs_from_local_rows,11,10,1207;1208;1209;1210;1211;1212;1213;1214;1215;1216;1217,BPP=10,sv Lourens
507,Van Ryneveld,Willem Stephanus,Graaff Reinet,retain,No affirmative source-note count or claim-scope contradiction identified.,1,,32469,,
5071,Dreyer,Casper Becker,Cape,retain,No affirmative source-note count or claim-scope contradiction identified.,1,,1218,UCL=1,
5076,Deneys,Jacob Pieter,Cape,retain,No affirmative source-note count or claim-scope contradiction identified.,5,,1244;1245;1246;1247;1248,UCL=5,sv G.
5079,Dunbar,Weduwee James Caspar A. Dunbar,Stellenbosch,retain,No affirmative source-note count or claim-scope contradiction identified.,1,,13961,,
508,Dormehl,Helena Gertruida Christina a minor,Graaff Reinet,retain,No affirmative source-note count or claim-scope contradiction identified.,1,,30897,Ernst Jacob Dormehl awarded,
5088,Biccard,Francois Louis Charles,Cape,review,Multiple monetary recipients or related-party reference; no affirmative evidence that slave valuations omit part of payment scope. Do not infer pooling from recipient names alone.,5,,1483;1484;1485;1486;1487,en Louis Francois Benjamen Biccard || UCL=5; en Louis Francois Benjamen Biccard,
509,Spiller,Charles James,Graaff Reinet,retain,No affirmative source-note count or claim-scope contradiction identified.,3,,31914;31915;31916,,
5096,Eksteen,Anna Catharina,Cape,retain,No affirmative source-note count or claim-scope contradiction identified.,1,,1578,UCL=1,dv DG Ek.
5097,Eksteen,Geesje Wilhelmina,Cape,retain,No affirmative source-note count or claim-scope contradiction identified.,1,,1579,UCL=1,kv DG
5099,Eksteen,Jan Willem,Cape,retain,No affirmative source-note count or claim-scope contradiction identified.,10,,1616;1617;1618;1619;1620;1621;1622;1623;1624;1625,UCL=10,
51,Van der Westhuizen,Isaac,Beaufort,retain,No affirmative source-note count or claim-scope contradiction identified.,7,,36301;36302;36303;36304;36305;36306;36307,"healthy strong girl || A strong Mozambique || Tall black Mozambique || BPP=7, a large Mozambique",so Jan
510,Brink,Andries,Graaff Reinet,retain,No affirmative source-note count or claim-scope contradiction identified.,6,,30607;30608;30609;30610;30611;30612,,
5100,Eksteen,Jan Paulus,Cape,review,"Source has additional party, claimant, payment-recipient or cross-reference wording; no affirmative UCL/BPP count or additional-slave contradiction established. Do not exclude merely for creditor/recipient names.",9,,1626;1627;1628;1629;1630;1631;1632;1633;1634,"UCL=9, plus AW Eksteen","sr, oorlede"
5101,Wilhelm,Frederik,Cape,retain,No affirmative source-note count or claim-scope contradiction identified.,1,,1635,UCL=1,
5104,Greffrath,Gustavus Christoffel,Cape,exclude,explicit_external_slave_count_differs_from_local_rows,10,9,1636;1637;1638;1639;1640;1641;1642;1643;1644;1645,UCL=9,
5105,De Goede,Susanna,Cape,retain,No affirmative source-note count or claim-scope contradiction identified.,2,,1646;1647,UCL=2,
5108,Greffrath,Elizabeth Maria,Cape,retain,No affirmative source-note count or claim-scope contradiction identified.,1,,1672,UCL=1,
5109,Griggs,James,Cape,retain,No affirmative source-note count or claim-scope contradiction identified.,1,,1673,UCL=1,
511,Dormehl,Johan Coenraad Siebert,Graaff Reinet,retain,No affirmative source-note count or claim-scope contradiction identified.,5,,30898;30899;30900;30901;30902,,
5114,Hugo,Pieter Francois,Cape,retain,No affirmative source-note count or claim-scope contradiction identified.,10,,1675;1676;1677;1678;1679;1680;1681;1682;1683;1684,UCL=10,
5115,Hare,Joseph,Cape,retain,No affirmative source-note count or claim-scope contradiction identified.,6,,1685;1686;1687;1688;1689;1690,UCL=6,captain
5116,Higgs,John,Cape,retain,No affirmative source-note count or claim-scope contradiction identified.,2,,1691;1692,UCL=2,
5118,Hawkins,William,Cape,retain,No affirmative source-note count or claim-scope contradiction identified.,1,,1714,UCL=1,
512,Dormehl,Johanna Carolina,Graaff Reinet,retain,No affirmative source-note count or claim-scope contradiction identified.,1,,30903,Father: Johan Coenraad Dormehl,
5121,Woolls,Thomas Browrigg,Cape,exclude,explicit_external_slave_count_differs_from_local_rows,3,1,1715;1716;1717,UCL=1; weduwee onder no. 5000 [een slaaf] || weduwee onder no. 5000 [een slaaf],
5122,Horak,Jan Martinus,Cape,retain,No affirmative source-note count or claim-scope contradiction identified.,1,,1718,UCL=1,
5126,Jones,Rice Jones,Cape,retain,No affirmative source-note count or claim-scope contradiction identified.,3,,1742;1743;1744,UCL=3,
513,Fick,Jacobus,Graaff Reinet,retain,No affirmative source-note count or claim-scope contradiction identified.,7,,31065;31066;31067;31068;31069;31070;31071,"Healthy, slightly cripple",sv Paul
5130,Kirsten,Johannes Frans Sebastiaan,Cape,review,"Source has additional party, claimant, payment-recipient or cross-reference wording; no affirmative UCL/BPP count or additional-slave contradiction established. Do not exclude merely for creditor/recipient names.",6,,1788;1789;1790;1791;1792;1793,"UCL=6, ook Hendrik Hancke en JH Neethling",
5131,Kirsten,Jan Pieter,Cape,retain,No affirmative source-note count or claim-scope contradiction identified.,1,,1794,UCL=1,
5133,Versveld,Jacob,Cape,exclude,explicit_external_slave_count_differs_from_local_rows,6,7,1801;1802;1803;1804;1805;1806,UCL=7,sv W
5134,Kotze,Frederik Jacobus,Cape,retain,No affirmative source-note count or claim-scope contradiction identified.,18,,1807;1808;1809;1810;1811;1812;1813;1814;1815;1816;1817;1818;1819;1820;1821;1822;1823;1824,UCL=18,
5137,Laudenbach,Johannes,Cape,retain,No affirmative source-note count or claim-scope contradiction identified.,1,,1826,UCL=1,
5138,La Cock,Meyndert,Cape,retain,No affirmative source-note count or claim-scope contradiction identified.,3,,1827;1828;1829,UCL=3,oorlede
514,Ernst,Hendrik Wilhelm,Graaff Reinet,retain,No affirmative source-note count or claim-scope contradiction identified.,4,,31057;31058;31059;31060,Pallas and Poleman for compensation,
5140,Lombard,Stephanus Sebastiaan,Cape,retain,No affirmative source-note count or claim-scope contradiction identified.,30,,1891;1892;1893;1894;1895;1896;1897;1898;1899;1900;1901;1902;1903;1904;1905;1906;1907;1908;1909;1910;1911;1912;1913;1914;1915;1916;1917;1918;1919;1920,UCL=30,sv C.
5141,Louw,Petrus,Cape,exclude,explicit_external_slave_count_differs_from_local_rows,23,22,1921;1922;1923;1924;1925;1926;1927;1928;1929;1930;1931;1932;1933;1934;1935;1936;1937;1938;1939;1940;1941;1942;1943,UCL 22 slawe,sv A.
5145,Louw,Johannes Adriaan,Cape,exclude,explicit_external_slave_count_differs_from_local_rows,23,20,1946;1947;1948;1949;1950;1951;1952;1953;1954;1955;1956;1957;1958;1959;1960;1961;1962;1963;1964;1965;1966;1967;1968,20 slawe || UCL=20; tel 22 op lys,sv Jan
5146,Lehman,Johan Frederik,Cape,retain,No affirmative source-note count or claim-scope contradiction identified.,1,,1969,UCL=1,
5148,Langerman,Carel Georg,Cape,review,Multiple monetary recipients or related-party reference; no affirmative evidence that slave valuations omit part of payment scope. Do not infer pooling from recipient names alone.,4,,1988;1989;1990;1991,"UCL=4, en Hans Hendrik Wicht",
5149,Vuurman,Jan Hendrik,Cape,exclude,explicit_external_slave_count_differs_from_local_rows,13,8,1992;1993;1994;1995;1996;1997;1998;1999;2000;2001;2002;2003;2004,UCL=8,
515,Olivier,Cornelis Johannes,Graaff Reinet,retain,No affirmative source-note count or claim-scope contradiction identified.,7,,31582;31583;31584;31585;31586;31587;31588,Ontvanger J Boshoff,sv Cornelis Hermanus
5156,Meyer,Johan,Cape,retain,No affirmative source-note count or claim-scope contradiction identified.,8,,2129;2130;2131;2132;2133;2134;2135;2136,UCL=8,
516,Perry,Thomas,Graaff Reinet,retain,No affirmative source-note count or claim-scope contradiction identified.,1,,31620,,
5164,Malan,Stephanus Hieronimus,Cape,retain,No affirmative source-note count or claim-scope contradiction identified.,14,,2189;2190;2191;2192;2193;2194;2195;2196;2197;2198;2199;2200;2201;2202,UCL=14,sv S.
5165,Mostert,Anna Catharina,Cape,review,"Source has additional party, claimant, payment-recipient or cross-reference wording; no affirmative UCL/BPP count or additional-slave contradiction established. Do not exclude merely for creditor/recipient names.",5,,2203;2204;2205;2206;2207,UCL=5; plus S Lombard en M Smuts,
5166,Myburgh,Albertus Johannes,Cape,review,Additional named claimant/payee or divided payment alone does not establish additional slaves or omitted valuations; retained.,39,39,2208;2209;2210;2211;2212;2213;2214;2215;2216;2217;2218;2219;2220;2221;2222;2223;2224;2225;2226;2227;2228;2229;2230;2231;2232;2233;2234;2235;2236;2237;2238;2239;2240;2241;2242;2243;2244;2245;2246,Saam met WJ Kotze en W van Niekerk || UCL=39; Saam met WJ Kotze en W van Niekerk,
5167,Morkel,Johanna Philippina,Cape,retain,No affirmative source-note count or claim-scope contradiction identified.,1,,2247,UCL=1,
517,Helberg,Johannes,Graaff Reinet,retain,No affirmative source-note count or claim-scope contradiction identified.,1,,31153,,Hendrik and Adam
5173,Muller,Johan Hendrik Jacobus,Cape,retain,No affirmative source-note count or claim-scope contradiction identified.,1,,2255,UCL=1,
5174,Muller,Jan Hendrik,Cape,retain,No affirmative source-note count or claim-scope contradiction identified.,16,,2256;2257;2258;2259;2260;2261;2262;2263;2264;2265;2266;2267;2268;2269;2270;2271,UCL=16,
5175,Miller,Edmund,Cape,retain,No affirmative source-note count or claim-scope contradiction identified.,1,,2272,UCL=1,
5176,Miller,John,Cape,retain,No affirmative source-note count or claim-scope contradiction identified.,1,,2273,UCL=1,
5178,Moore,William,Cape,exclude,explicit_external_slave_count_differs_from_local_rows,12,14,2274;2275;2276;2277;2278;2279;2280;2281;2282;2283;2284;2285,UCL=14; kyk Moore en Usher saam: 5178 en 5284 || kyk Moore en Usher saam: 5178 en 5284 || Eis van Sarah op UCL,
5179,Munnik,Johannes Albertus,Cape,exclude,explicit_external_slave_count_differs_from_local_rows,6,7,2286;2287;2288;2289;2290;2291,UCL=7,sv JA
518,Adendorff,Michiel Joseph,Graaff Reinet,retain,No affirmative source-note count or claim-scope contradiction identified.,5,,30492;30493;30494;30495;30496,,
5180,Merckel,Hester; wed van Andries,Cape,retain,No affirmative source-note count or claim-scope contradiction identified.,6,,2292;2293;2294;2295;2296;2297,UCL=6,
5182,Moll,Cornelis,Cape,exclude,explicit_external_slave_count_differs_from_local_rows,2,1,2298;2299,UCL=1,
5186,Marrant,Pieter,Cape,retain,No affirmative source-note count or claim-scope contradiction identified.,2,,2301;2302,UCL=2,
519,Rossouw,Daniel Josua,Graaff Reinet,retain,No affirmative source-note count or claim-scope contradiction identified.,1,,31834,Weduwee,
5194,Van Niekerk,Hugo Hendrik,Stellenbosch,retain,No affirmative source-note count or claim-scope contradiction identified.,4,,19442;19443;19444;19445,EIS BETAAL 3.3.1837; Hugo Hendrik Loedolff [£86-17-2]; wed Hugo Hendrik van Niekerk [£256-17-11]; Hugo Hendrik van Niekerk [£71-3-6]; Hendrik Cornelis Benjamin Martheza || Malabar,Hugo zn
5196,Van Aarde,Jacobus Abraham,Stellenbosch,retain,No affirmative source-note count or claim-scope contradiction identified.,22,,18730;18731;18732;18733;18734;18735;18736;18737;18738;18739;18740;18741;18742;18743;18744;18745;18746;18747;18748;18749;18750;18751,"Jacobus Abraham Van Aarde
 # 5443; Hendrik Johannes Van der Westhuyen",
5196,Van Niekerk,Hendrik Albertus,Cape,exclude,explicit_external_slave_count_differs_from_local_rows,24,23,2405;2406;2407;2408;2409;2410;2411;2412;2413;2414;2415;2416;2417;2418;2419;2420;2421;2422;2423;2424;2425;2426;2427;2428,UCL 23 slawe || weduwee,sv H.A.
5197,Van Niekerk,Willem Adriaan,Cape,exclude,explicit_external_slave_count_differs_from_local_rows;explicit_scope_or_joint_claim_note,29,30,2429;2430;2431;2432;2433;2434;2435;2436;2437;2438;2439;2440;2441;2442;2443;2444;2445;2446;2447;2448;2449;2450;2451;2452;2453;2454;2455;2456;2457,"Saam met A Brink, S Hofmeyr en J Kotze || UCL=30; Saam met A Brink, S Hofmeyr en J Kotze",sv Albert
5198,Neethling,Pieter Hendrik Wouter,Cape,retain,No affirmative source-note count or claim-scope contradiction identified.,1,,2458,UCL=1,
5199,Neethling,Martinus Laurentius,Cape,review,"Source has additional party, claimant, payment-recipient or cross-reference wording; no affirmative UCL/BPP count or additional-slave contradiction established. Do not exclude merely for creditor/recipient names.",59,,2459;2460;2461;2462;2463;2464;2465;2466;2467;2468;2469;2470;2471;2472;2473;2474;2475;2476;2477;2478;2479;2480;2481;2482;2483;2484;2485;2486;2487;2488;2489;2490;2491;2492;2493;2494;2495;2496;2497;2498;2499;2500;2501;2502;2503;2504;2505;2506;2507;2508;2509;2510;2511;2512;2513;2514;2515;2516;2517,UCL=59; ook Andrew Murray,sr
52,Hattingh,Christiaan,Beaufort,retain,No affirmative source-note count or claim-scope contradiction identified.,3,,36090;36091;36092,,so Diederik
520,Rouviere,Jeremy August,Graaff Reinet,review,"Source has additional party, claimant, payment-recipient or cross-reference wording; no affirmative UCL/BPP count or additional-slave contradiction established. Do not exclude merely for creditor/recipient names.",4,,31838;31839;31840;31841,Plus: Hendrica Cornelia Cruywagen,
5200,Rossouw / Russouw,Pieter Daniel,Cape,retain,No affirmative source-note count or claim-scope contradiction identified.,10,,2518;2519;2520;2521;2522;2523;2524;2525;2526;2527,UCL=10,
5205,Van Niekerk,Albert Willem,Cape,review,"Source has additional party, claimant, payment-recipient or cross-reference wording; no affirmative UCL/BPP count or additional-slave contradiction established. Do not exclude merely for creditor/recipient names.",3,,2576;2577;2578,UCL=3; ook Blankenberg en Smuts,
521,Vorster,Francois Christiaan,Graaff Reinet,retain,No affirmative source-note count or claim-scope contradiction identified.,1,,32635,,
5210,Ovenhuysen,Ragel Johanna,Cape,retain,No affirmative source-note count or claim-scope contradiction identified.,2,,2621;2622,UCL=2,
5217,Preyser,Carel Christiaan,Cape,retain,No affirmative source-note count or claim-scope contradiction identified.,2,,2630;2631,UCL=2,
5219,Pillans,Charles Stuart,Cape,retain,No affirmative source-note count or claim-scope contradiction identified.,3,,2632;2633;2634,UCL=3,
522,Boshoff,Lea,Graaff Reinet,retain,No affirmative source-note count or claim-scope contradiction identified.,2,,30578;30579,Jan Jacobs designated claimant,wed Jan Jacobs Sr
5220,Rusom,Lydia Catharina,Cape,exclude,explicit_external_slave_count_differs_from_local_rows,2,1,2635;2636,"UCL=1 Slaaf reeds 18 jaar, van Batavia",
5224,Retief,Frans Jacobus,Cape,retain,No affirmative source-note count or claim-scope contradiction identified.,10,,2648;2649;2650;2651;2652;2653;2654;2655;2656;2657,UCL=10,sv Willem
5226,Roux,Pieter Johannes,Cape,exclude,explicit_external_slave_count_differs_from_local_rows,12,15,2658;2659;2660;2661;2662;2663;2664;2665;2666;2667;2668;2669,UCL=15,
5228,Roesch,Frederik. Dogter,Cape,retain,No affirmative source-note count or claim-scope contradiction identified.,1,,2670,"UCL=1, Harriet Elizabeth Maria",
523,Maritz,Gerhardus Martinus,Graaff Reinet,retain,No affirmative source-note count or claim-scope contradiction identified.,12,,31408;31409;31410;31411;31412;31413;31414;31415;31416;31417;31418;31419,,
5230,Rink,Helena,Cape,retain,No affirmative source-note count or claim-scope contradiction identified.,1,,2726,UCL=1,
5233,Van Reenen,Sebastiaan Valentyn,Cape,retain,No affirmative source-note count or claim-scope contradiction identified.,1,,2727,UCL=1,sv Jacobus
5234,Robertson,William,Cape,retain,No affirmative source-note count or claim-scope contradiction identified.,9,,2728;2729;2730;2731;2732;2733;2734;2735;2736,UCL=9,
5235,Van Reenen,Daniel,Cape,retain,No affirmative source-note count or claim-scope contradiction identified.,17,,2737;2738;2739;2740;2741;2742;2743;2744;2745;2746;2747;2748;2749;2750;2751;2752;2753,UCL=17,sv Dirk Gysbertus
5238,Stadler,Hendrik Leendert,Cape,retain,No affirmative source-note count or claim-scope contradiction identified.,7,,2782;2783;2784;2785;2786;2787;2788,UCL=7,sv FL.
5239,Stadler,Catharina Helena,Cape,exclude,explicit_external_slave_count_differs_from_local_rows,3,8,2789;2790;2791,UCL=8,
524,Maree,Jacob Philippus,Graaff Reinet,exclude,explicit_external_slave_count_differs_from_local_rows,2,3,31406;31407,UCL=3 slaves,
5240,De Wet,Jan Frederik,Cape,retain,No affirmative source-note count or claim-scope contradiction identified.,1,,2792,UCL=1,
5243,Van der Spuy,Melt,Cape,exclude,explicit_external_slave_count_differs_from_local_rows,9,11,2812;2813;2814;2815;2816;2817;2818;2819;2820,"UCL=11 weduwee Aletta Barendina vd Westhuiszen, geb 1762, oorl 1834",oorlede
525,Werner,George,Graaff Reinet,retain,No affirmative source-note count or claim-scope contradiction identified.,3,,32662;32663;32664,Charles Spillen and George Werner,Widow born Rheeder
5253,Schultz,Frans,Cape,retain,No affirmative source-note count or claim-scope contradiction identified.,4,,3025;3026;3027;3028,UCL=4,sv F.
5254,Stiglingh,Jacobus Henricus,Cape,review,"Source has additional party, claimant, payment-recipient or cross-reference wording; no affirmative UCL/BPP count or additional-slave contradiction established. Do not exclude merely for creditor/recipient names.",1,,3029,UCL=1; ook Brink,
5256,Seeman,Johannes Ferdinand,Cape,retain,No affirmative source-note count or claim-scope contradiction identified.,1,,3030,UCL=1,
5258,Anderson,William,Cape,retain,No affirmative source-note count or claim-scope contradiction identified.,1,,3040,UCL=1,
5259,Sturgis,Joseph,Cape,retain,No affirmative source-note count or claim-scope contradiction identified.,5,,3041;3042;3043;3044;3045,UCL=5,
526,Joubert,Josua,Graaff Reinet,retain,No affirmative source-note count or claim-scope contradiction identified.,8,,31244;31245;31246;31247;31248;31249;31250;31251,,
5260,Stegman,Frederik Bernardus,Cape,retain,No affirmative source-note count or claim-scope contradiction identified.,6,,3046;3047;3048;3049;3050;3051,UCL=6,
5261,Steel,John Polidor,Cape,retain,No affirmative source-note count or claim-scope contradiction identified.,1,,3052,UCL=1,
5265,Van der Spuy,Petrus Martinus,Cape,review,"Source has additional party, claimant, payment-recipient or cross-reference wording; no affirmative UCL/BPP count or additional-slave contradiction established. Do not exclude merely for creditor/recipient names.",4,,3087;3088;3089;3090,"UCL=4, ook Maasdorp en Mostert",
5267,Standt,Jacobus Coenradus,Cape,retain,No affirmative source-note count or claim-scope contradiction identified.,3,,3110;3111;3112,UCL=3,
5269,Theunissen,Willem Hendrik,Cape,retain,No affirmative source-note count or claim-scope contradiction identified.,3,,3133;3134;3135,UCL=3,sv W.
527,Brown,William Thomas,Graaff Reinet,retain,No affirmative source-note count or claim-scope contradiction identified.,5,,30643;30644;30645;30646;30647,,
5277,Truter,Olof John,Cape,retain,No affirmative source-note count or claim-scope contradiction identified.,16,,3192;3193;3194;3195;3196;3197;3198;3199;3200;3201;3202;3203;3204;3205;3206;3207,UCL=16,
528,Coetzee,Hendrik Petrus,Graaff Reinet,retain,No affirmative source-note count or claim-scope contradiction identified.,1,,30806,,
5281,Uys,Dirk Frederik,Cape,retain,No affirmative source-note count or claim-scope contradiction identified.,1,,3264,UCL=1,
5282,Uys,Jacobus Wilhelmus,Cape,retain,No affirmative source-note count or claim-scope contradiction identified.,2,,3265;3266,UCL=2,
5287,De Villiers,Pieter Jacob,Cape,retain,No affirmative source-note count or claim-scope contradiction identified.,1,,3275,UCL=1,sv JD
5289,Vermaak,Hermanus Augustus,Cape,review,"Source has additional party, claimant, payment-recipient or cross-reference wording; no affirmative UCL/BPP count or additional-slave contradiction established. Do not exclude merely for creditor/recipient names.",1,,3276,"UCL=1, ook Watermeyer",oorlede
529,Potgieter,Philip,Graaff Reinet,retain,No affirmative source-note count or claim-scope contradiction identified.,5,,31654;31655;31656;31657;31658,,Widow Gerbrecht Vosloo
5290,Vowe,Hungerford,Cape,retain,No affirmative source-note count or claim-scope contradiction identified.,9,,3277;3278;3279;3280;3281;3282;3283;3284;3285,UCL=9,
5293,De Vries,Abraham,Cape,retain,No affirmative source-note count or claim-scope contradiction identified.,1,,3286,UCL=1,
5296,Watt,James D.,Cape,retain,No affirmative source-note count or claim-scope contradiction identified.,1,,3296,UCL=1,
53,Van Vuuren,Johannes Martinus Janse,Beaufort,retain,No affirmative source-note count or claim-scope contradiction identified.,11,,36381;36382;36383;36384;36385;36386;36387;36388;36389;36390;36391,"rather stout Mozambique, can do little || old Mozambique || a fine boy Mozambiquer || BPP=11",widow
530,Schimper,Johannes Frederik,Graaff Reinet,retain,No affirmative source-note count or claim-scope contradiction identified.,1,,31851,,
531,Langeveld,Willem Johannes,Graaff Reinet,retain,No affirmative source-note count or claim-scope contradiction identified.,3,,31320;31321;31322,,
532,Somers,Barbara Aletta,Graaff Reinet,retain,No affirmative source-note count or claim-scope contradiction identified.,6,,31908;31909;31910;31911;31912;31913,,wed F Wippenaar
534,Bain,Andrew Geddes,Graaff Reinet,retain,No affirmative source-note count or claim-scope contradiction identified.,1,,30511,UCL: Widow [of] John Burnet Biddulph,
535,Bischoff,Johan Hendrik,Graaff Reinet,retain,No affirmative source-note count or claim-scope contradiction identified.,3,,30536;30537;30538,,
536,Greyling,Johan Hendrik,Graaff Reinet,retain,No affirmative source-note count or claim-scope contradiction identified.,3,,31120;31121;31122,Onleesbaar oor Alexander,
537,Brink,Martinus Cornelis,Graaff Reinet,retain,No affirmative source-note count or claim-scope contradiction identified.,1,,30623,,
538,Minnaar,Jan Stephanus,Graaff Reinet,retain,No affirmative source-note count or claim-scope contradiction identified.,3,,31453;31454;31455,,
539,Papenfus,Carel Theodorus,Graaff Reinet,retain,No affirmative source-note count or claim-scope contradiction identified.,1,,31605,He appears to be 10 years younger !!,
54,Oosthuysen,Jacobus Johannes,Beaufort,retain,No affirmative source-note count or claim-scope contradiction identified.,4,,36240;36241;36242;36243,By Graaff-Reinet,
540,Boshoff,Jacobus Nicolaas,Graaff Reinet,retain,No affirmative source-note count or claim-scope contradiction identified.,1,,30577,,
541,Janse van Rensburg,Jacobus Johannes,Graaff Reinet,retain,No affirmative source-note count or claim-scope contradiction identified.,3,,31220;31221;31222,,weduwee van
542,Olivier,Christoffel Hendrik,Graaff Reinet,review,"Source has additional party, claimant, payment-recipient or cross-reference wording; no affirmative UCL/BPP count or additional-slave contradiction established. Do not exclude merely for creditor/recipient names.",6,,31575;31576;31577;31578;31579;31580,UCL: also widow JH Vuerman,
543,Enslin,Johannes Stephanus,Graaff Reinet,retain,No affirmative source-note count or claim-scope contradiction identified.,1,,31050,,
544,Naude,Stephanus Jacobus,Graaff Reinet,retain,No affirmative source-note count or claim-scope contradiction identified.,4,,31521;31522;31523;31524,,sv Jacobus
5449,Van Reenen,Jacob,Stellenbosch,exclude,same_UCL_and_exact_owner_in_multiple_districts,1,,19472,EIS TOEGESTAAN 3 MAART 1837,Jacob zn
545,Enslin,Hendrik August,Graaff Reinet,retain,No affirmative source-note count or claim-scope contradiction identified.,3,,31046;31047;31048,Apparently older || Ruptured but healthy,
5457,Van Sittert,Lambertus,Cape,exclude,explicit_external_slave_count_differs_from_local_rows,2,1,3958;3959,UCL=1,sr
546,Muller,Thomas Nicolaas German,Graaff Reinet,retain,No affirmative source-note count or claim-scope contradiction identified.,6,,31462;31463;31464;31465;31466;31467,,
547,Muller,Widow Regina C Rach/Rog,Graaff Reinet,retain,No affirmative source-note count or claim-scope contradiction identified.,4,,31468;31469;31470;31471,,
548,Hartzenberg,Ferdinand,Graaff Reinet,retain,No affirmative source-note count or claim-scope contradiction identified.,2,,31147;31148,Also wagondriver,
549,Oertel,Samuel Veith,Graaff Reinet,retain,No affirmative source-note count or claim-scope contradiction identified.,8,,31567;31568;31569;31570;31571;31572;31573;31574,,
55,Van der Westhuizen,Petrus Johannes,Beaufort,retain,No affirmative source-note count or claim-scope contradiction identified.,1,,36343,Malabar,so Johannes
550,Maartens,Jacobus,Graaff Reinet,retain,No affirmative source-note count or claim-scope contradiction identified.,2,,31391;31392,,
551,Crafford,Dirk (Anna Maria Smit),Graaff Reinet,retain,No affirmative source-note count or claim-scope contradiction identified.,4,,30861;30862;30863;30864,,
552,Enslin,Jan Adriaan,Graaff Reinet,retain,No affirmative source-note count or claim-scope contradiction identified.,1,,31049,,
553,Van Blerk,Johannes Hendrik,Graaff Reinet,retain,No affirmative source-note count or claim-scope contradiction identified.,3,,31975;31976;31977,,
554,Pieterse,Pieter,Graaff Reinet,retain,No affirmative source-note count or claim-scope contradiction identified.,2,,31650;31651,,
555,Erlank,Jonas Michiel Johannes,Graaff Reinet,retain,No affirmative source-note count or claim-scope contradiction identified.,1,,31056,Apparently older,
556,Wilke,Johannes Joachim,Graaff Reinet,retain,No affirmative source-note count or claim-scope contradiction identified.,3,,32667;32668;32669,,
5563,Fischer,Jacobus George,Stellenbosch,retain,No affirmative source-note count or claim-scope contradiction identified.,2,,14204;14207,Kry prize negroes in 1840; GG,
557,Nieuwoudt,Hermanus,Graaff Reinet,retain,No affirmative source-note count or claim-scope contradiction identified.,6,,31527;31528;31529;31530;31531;31532,,sv Isaac
558,Berrange,Anthon,Graaff Reinet,retain,No affirmative source-note count or claim-scope contradiction identified.,1,,30527,,
558a,Bresler,Johan Christiaan,Graaff Reinet,retain,No affirmative source-note count or claim-scope contradiction identified.,4,,30603;30604;30605;30606,Berrangie,Died
559,Brummer,Johan Wiechard,Graaff Reinet,retain,No affirmative source-note count or claim-scope contradiction identified.,1,,30649,,Died:  Anna Schoombee
561,Schindehutte,Johan Jurgen,Graaff Reinet,retain,No affirmative source-note count or claim-scope contradiction identified.,6,,31852;31853;31854;31855;31856;31857,,
5626,Landsberg,Ernst Godfried,Stellenbosch,retain,No affirmative source-note count or claim-scope contradiction identified.,10,,15353;15354;15355;15356;15357;15358;15359;15360;15361;15362,EIS TOEGESTAAN 3 MAART 1837,
563,Rombel ?,Johan Lourens,Graaff Reinet,retain,No affirmative source-note count or claim-scope contradiction identified.,3,,31831;31832;31833,Brockhuisen and Dormehl,
564,Cloete,Stephanus Abraham,Graaff Reinet,retain,No affirmative source-note count or claim-scope contradiction identified.,7,,30785;30786;30787;30788;30789;30790;30791,,
5643,Wium,Willem,Stellenbosch,retain,No affirmative source-note count or claim-scope contradiction identified.,2,,19762;19763,,Weduwee
5648,Stronk,Simon,Stellenbosch,retain,No affirmative source-note count or claim-scope contradiction identified.,1,,18631,,
565,Slabbert,Martinus Johannes,Graaff Reinet,retain,No affirmative source-note count or claim-scope contradiction identified.,7,,31869;31870;31871;31872;31873;31874;31875,,
5652,Van Niekerk,Lourens Jacobus,Stellenbosch,retain,No affirmative source-note count or claim-scope contradiction identified.,2,,19466;19467,,
566,Nieuwoudt,Johannes,Graaff Reinet,retain,No affirmative source-note count or claim-scope contradiction identified.,5,,31533;31534;31535;31536;31537,,
567,Oberholster,Johannes Died CJ du Plessis,Graaff Reinet,retain,No affirmative source-note count or claim-scope contradiction identified.,2,,31538;31539,,
5673,Roux,Paul,Stellenbosch,exclude,same_UCL_and_exact_owner_in_multiple_districts,16,,18177;18178;18179;18180;18181;18183;18184;18185;18186;18187;18188;18189;18191;18192;18194;18196,,Paul zn
568,Boshoff,Willem Hendrik,Graaff Reinet,retain,No affirmative source-note count or claim-scope contradiction identified.,10,,30580;30581;30582;30583;30584;30585;30586;30587;30588;30589,,
569,Basson,Willem Johannes,Graaff Reinet,retain,No affirmative source-note count or claim-scope contradiction identified.,5,,30520;30521;30522;30523;30524,,sv Matthys Michiel
57,Du Preez,Catharina Beatrix,Beaufort,retain,No affirmative source-note count or claim-scope contradiction identified.,9,,36021;36022;36023;36024;36025;36026;36027;36028;36029,strong man for his age || sickly || a healthy Mozambique || a little Hottentottish,
570,Putter,Diederik Johannes Gerhardus,Graaff Reinet,retain,No affirmative source-note count or claim-scope contradiction identified.,2,,31780;31781,,
571,Naude,Anna Susanna,Graaff Reinet,retain,No affirmative source-note count or claim-scope contradiction identified.,4,,31475;31476;31477;31478,Meintjes,wed Jac. Joh.
5716,Wiid,Johannes Jacobus,Cape,retain,No affirmative source-note count or claim-scope contradiction identified.,1,,4704,UCL=1,
572,Brummer,Dirk Arnoldus Gerhardus,Graaff Reinet,retain,No affirmative source-note count or claim-scope contradiction identified.,1,,30648,Deserted,
573,Brink,Christiaan Andries,Graaff Reinet,retain,No affirmative source-note count or claim-scope contradiction identified.,10,,30613;30614;30615;30616;30617;30618;30619;30620;30621;30622,Frederik Schreiber,sv Josias
5736,Dickson,William,Cape,exclude,explicit_external_slave_count_differs_from_local_rows,12,13,4754;4755;4756;4757;4758;4759;4760;4761;4762;4763;4764;4765,UCL=13,
576,Auret,Jeremias,Graaff Reinet,retain,No affirmative source-note count or claim-scope contradiction identified.,5,,30501;30502;30503;30504;30505,,
577,Van Niekerk,Cornelis,Graaff Reinet,retain,No affirmative source-note count or claim-scope contradiction identified.,5,,32430;32431;32432;32433;32434,,"died, Widow Petronella Cloete"
5773,Croeser,Gerhardus,Cape,retain,No affirmative source-note count or claim-scope contradiction identified.,1,,4840,BPP=1; Battery Amsterdam ?,
578,Van der Merwe,Carel Johannes,Graaff Reinet,retain,No affirmative source-note count or claim-scope contradiction identified.,2,,32063;32064,,
579,Rabie,Jan Bastiaan,Graaff Reinet,retain,No affirmative source-note count or claim-scope contradiction identified.,4,,31808;31809;31810;31811,,"died, widow H vd Merwe"
58,Oosthuysen,Ockert Almero,Beaufort,retain,No affirmative source-note count or claim-scope contradiction identified.,1,,36244,,
581,Naude,Jacobus Petrus,Graaff Reinet,retain,No affirmative source-note count or claim-scope contradiction identified.,2,,31503;31504,,
5816,De Wet,Johannes Carolus,Cape,exclude,explicit_external_slave_count_differs_from_local_rows,18,11,4941;4942;4943;4944;4945;4946;4947;4948;4949;4950;4951;4952;4953;4954;4955;4956;4957;4958,UCL=11 || £317 7S 11D [11 Enslaved],
582,Jacobsz,Joachim Jacobus,Graaff Reinet,retain,No affirmative source-note count or claim-scope contradiction identified.,3,,31186;31187;31188,,
5828,Jurgens,Johannes Joseph,Stellenbosch,exclude,same_UCL_and_exact_owner_in_multiple_districts,24,,15130;15131;15132;15133;15134;15135;15136;15137;15138;15139;15140;15141;15142;15143;15144;15145;15146;15147;15148;15149;15150;15151;15152;15153,,Johannes zn
583,Marais,Isaac Stephanus,Graaff Reinet,retain,No affirmative source-note count or claim-scope contradiction identified.,5,,31401;31402;31403;31404;31405,Johannes Gysbert Blanckenberg,
5831,De Kock,Joseph,Stellenbosch,retain,No affirmative source-note count or claim-scope contradiction identified.,2,,12543;12544,,Weduwee
5841,Van Lier,Johannes Petrus,Cape,exclude,explicit_external_slave_count_differs_from_local_rows,1,14,5028,14 slawe UCL,
585,Basson,Willem Diederik,Graaff Reinet,retain,No affirmative source-note count or claim-scope contradiction identified.,8,,30512;30513;30514;30515;30516;30517;30518;30519,,
5872,Mostert,Cornelius,Cape,retain,No affirmative source-note count or claim-scope contradiction identified.,21,,5053;5054;5055;5056;5057;5058;5059;5060;5061;5062;5063;5064;5065;5066;5067;5068;5069;5070;5071;5072;5073,UCL=21,sr
5876,Van Niekerk,Hugo Hendrik,Stellenbosch,retain,No affirmative source-note count or claim-scope contradiction identified.,4,,19446;19447;19448;19449,EIS TOEGESTAAN 3 MAART 1837 || EIS GOEDGEKEUR 3.3.1837; BETAAL 2.6.1837,Weduwee
588,Bisschoff,Andries Adriaan,Graaff Reinet,retain,No affirmative source-note count or claim-scope contradiction identified.,9,,30539;30540;30541;30542;30543;30544;30545;30546;30547,,
5888,De Smidt,Abraham,Cape,retain,No affirmative source-note count or claim-scope contradiction identified.,3,,5133;5134;5135,UCL=3,
5898,Van der Riet,wed van Ryno Johannes,Stellenbosch,retain,No affirmative source-note count or claim-scope contradiction identified.,2,,19258;19259,INSOLVENT 1835; EIS BETAAL 3.3.1837,
5918,Van Sittert,Arend,Cape,retain,No affirmative source-note count or claim-scope contradiction identified.,5,,5231;5232;5233;5234;5235,UCL=5,
592,Leeb,Johan Ludwig,Graaff Reinet,retain,No affirmative source-note count or claim-scope contradiction identified.,3,,31323;31324;31325,,
593,Scheepers,Stephanus Johannes,Graaff Reinet,retain,No affirmative source-note count or claim-scope contradiction identified.,4,,31847;31848;31849;31850,,
5944,De Villiers,David Stephanus,Cape,exclude,explicit_external_slave_count_differs_from_local_rows,9,8,5360;5361;5362;5363;5364;5365;5366;5367;5368,UCL=8,"sv David, oorlede ?"
595,Grobbelaar,Anna Sophia,Graaff Reinet,retain,No affirmative source-note count or claim-scope contradiction identified.,4,,31126;31127;31128;31129,,wid Jacobus Erasmus
596,Burger,Willem Jacobus,Graaff Reinet,retain,No affirmative source-note count or claim-scope contradiction identified.,2,,30748;30749,,sv Schalk Jacobus
5963,Lotter,Willem Godfried,Somerset,exclude,same_UCL_and_exact_owner_in_multiple_districts,12,,34187;34334;34468;34717;34901;35173;35289;35290;35368;35449;35532;35655,"ook Peter D Hohne, Daniel Rossouw, weduwees DW Rossouw, Hohan H Wagner en Wilh. Wagner",
597,Van der Merwe,Andries Petrus,Graaff Reinet,retain,No affirmative source-note count or claim-scope contradiction identified.,5,,32040;32041;32042;32043;32044,,sv Pieter
599,Swart,Cornelis Jacob,Graaff Reinet,retain,No affirmative source-note count or claim-scope contradiction identified.,3,,31933;31934;31935,,
5999,Bird,Christopher,Cape,review,"Source has additional party, claimant, payment-recipient or cross-reference wording; no affirmative UCL/BPP count or additional-slave contradiction established. Do not exclude merely for creditor/recipient names.",1,,5506,"UCL=1, ook Robert Crozier",Colonel
60,Steyn,"Hermanus,so  Martinus",Beaufort,retain,No affirmative source-note count or claim-scope contradiction identified.,4,,36277;36278;36279;36280,,
601,Van der Walt,Andries,Graaff Reinet,retain,No affirmative source-note count or claim-scope contradiction identified.,19,,32282;32283;32284;32285;32286;32287;32288;32289;32290;32291;32292;32293;32294;32295;32296;32297;32298;32299;32300,,"sv Johannes, died, AR vd Walt"
602,Pretorius,Michiel Jacobus,Graaff Reinet,retain,No affirmative source-note count or claim-scope contradiction identified.,3,,31742;31743;31744,,sv Charles
603,Pretorius,Charles,Graaff Reinet,retain,No affirmative source-note count or claim-scope contradiction identified.,2,,31681;31682,,sv Michiel Jacobus
605,Van Zyl,Adriaan Jacobus,Graaff Reinet,retain,No affirmative source-note count or claim-scope contradiction identified.,5,,32492;32493;32494;32495;32496,Margaretha Johanna van den Heever,
606,Pienaar,Petrus Arnoldus,Graaff Reinet,retain,No affirmative source-note count or claim-scope contradiction identified.,2,,31640;31641,,sv JJ
608,Visser,Floris,Graaff Reinet,retain,No affirmative source-note count or claim-scope contradiction identified.,2,,32612;32613,,sv Jan
609,Van Zyl,Andries,Graaff Reinet,retain,No affirmative source-note count or claim-scope contradiction identified.,7,,32497;32498;32499;32500;32501;32502;32503,,sv Adrianus
61,Venter,Jacobus Daniel,Beaufort,retain,No affirmative source-note count or claim-scope contradiction identified.,3,,36402;36403;36404,"an old looking woman, very good cook",
610,Van Schalkwyk,Ockert Jacobus,Graaff Reinet,retain,No affirmative source-note count or claim-scope contradiction identified.,2,,32474;32475,,sv Ockert
611,Swanepoel,Pieter Andreas Johannes,Graaff Reinet,retain,No affirmative source-note count or claim-scope contradiction identified.,3,,31930;31931;31932,,sv Pieter
612,Pienaar,Abel Jacobus,Graaff Reinet,retain,No affirmative source-note count or claim-scope contradiction identified.,2,,31621;31622,,
6123,Auret,Pieter Sr,Cape,retain,No affirmative source-note count or claim-scope contradiction identified.,6,,5818;5819;5820;5821;5822;5823,UCL=6,
6126,Abercrombie,James,Cape,retain,No affirmative source-note count or claim-scope contradiction identified.,1,,5826,UCL=1,
6129,Bryant,John Price,Cape,exclude,explicit_external_slave_count_differs_from_local_rows,8,4,5827;5828;5829;5830;5831;5832;5833;5834,UCL=4,
613,Louw,Pieter Jacobus,Graaff Reinet,retain,No affirmative source-note count or claim-scope contradiction identified.,7,,31370;31371;31372;31373;31374;31375;31376,,sv Pieter
6131,Brugman (Brugreaan),Johannes Jacobus,Cape,retain,No affirmative source-note count or claim-scope contradiction identified.,1,,5847,UCL=1,oorlede
6132,Burselman,Christiaan Willem,Cape,retain,No affirmative source-note count or claim-scope contradiction identified.,1,,5848,BPP=1,
6133,Byl,David,Cape,retain,No affirmative source-note count or claim-scope contradiction identified.,2,,5849;5850,UCL=2,
6135,Bletterman,Egbert,Cape,retain,No affirmative source-note count or claim-scope contradiction identified.,12,,5852;5853;5854;5855;5856;5857;5858;5859;5860;5861;5862;5863,BPP=12,
6136,Bergh,Martinus Adrianus,Cape,retain,No affirmative source-note count or claim-scope contradiction identified.,17,,5864;5865;5866;5867;5868;5869;5870;5871;5872;5873;5874;5875;5876;5877;5878;5879;5880,UCL=17,
6137,Brink,Melt Jacobus,Cape,retain,No affirmative source-note count or claim-scope contradiction identified.,4,,5881;5882;5883;5884,BPP=4,oorlede
6138,Brink,Johanna,Cape,retain,No affirmative source-note count or claim-scope contradiction identified.,5,,5885;5886;5887;5888;5889,UCL=5 || gebore Van der Spuy,wed
614,Kotze,Christiaan Burgert,Graaff Reinet,retain,No affirmative source-note count or claim-scope contradiction identified.,11,,31271;31272;31273;31274;31275;31276;31277;31278;31279;31280;31281,,sv Jan
6140,Borgwedel,Martinus Hendrik,Cape,retain,No affirmative source-note count or claim-scope contradiction identified.,2,,5890;5891,BPP=2,
6145,Dreyer,Dorothea Frederica,Cape,retain,No affirmative source-note count or claim-scope contradiction identified.,2,,5895;5896,UCL=2,
6149,Middelkoop (Scheuble),Anna,Cape,exclude,explicit_external_slave_count_differs_from_local_rows,10,7,5915;5916;5917;5918;5919;5920;5921;5922;5923;5924,UCL=7,wed Scheuble
615,Cilliers,Petrus Gerhardus,Graaff Reinet,retain,No affirmative source-note count or claim-scope contradiction identified.,10,,30762;30763;30764;30765;30766;30767;30768;30769;30770;30771,,sv Charles
6151,Van Eysen,Aletta Alida,Cape,exclude,explicit_external_slave_count_differs_from_local_rows,1,2,5925,UCL=2; woon by Melck,
6155,Greig,George,Cape,retain,No affirmative source-note count or claim-scope contradiction identified.,1,,5928,UCL=1,
6156,Groenewald,Jan Hendrik,Stellenbosch,retain,No affirmative source-note count or claim-scope contradiction identified.,6,,14386;14387;14388;14389;14390;14391,EISGELD ONTVANG MAART 1837;,
6158,Hertzog,Dirk Wilhelm,Cape,retain,No affirmative source-note count or claim-scope contradiction identified.,12,,5971;5972;5973;5974;5975;5976;5977;5978;5979;5980;5981;5982,UCL=12,
6159,Harvey,William,Cape,retain,No affirmative source-note count or claim-scope contradiction identified.,4,,5983;5984;5985;5986,UCL=4,
616,Schneider,Frederik,Graaff Reinet,retain,No affirmative source-note count or claim-scope contradiction identified.,4,,31858;31859;31860;31861,,
6165,Herholdt,Abraham Pieter,Cape,retain,No affirmative source-note count or claim-scope contradiction identified.,2,,6051;6052,BPP=2,
6167,Haylett,Christopher Smith,Cape,review,Additional named claimant/payee or divided payment alone does not establish additional slaves or omitted valuations; retained.,14,14,6059;6060;6061;6062;6063;6064;6065;6066;6067;6068;6069;6070;6071;6072,"UCL=14; ook PG Marais, Stellenbosch",
6168,Haylett,Jeanetta Susanna,Cape,retain,No affirmative source-note count or claim-scope contradiction identified.,2,,6073;6074,UCL=2,
6169,Hiddingh,William,Cape,exclude,explicit_external_slave_count_differs_from_local_rows,6,7,6075;6076;6077;6078;6079;6080,UCL=7,
617,Grobbelaar,Pieter,Graaff Reinet,retain,No affirmative source-note count or claim-scope contradiction identified.,3,,31139;31140;31141,,sv Cornelis
6170,Jurgens,Johannes Tobias,Cape,retain,No affirmative source-note count or claim-scope contradiction identified.,5,,6081;6082;6083;6084;6085,UCL=5,
6171,Koster,Magdalena Catharina [Delport],Cape,retain,No affirmative source-note count or claim-scope contradiction identified.,7,,6086;6087;6088;6089;6090;6091;6092,UCL=7 || gebore Delport,
6173,Koster,Petrus Jacobus,Cape,retain,No affirmative source-note count or claim-scope contradiction identified.,1,,6093,UCL=1,
6177,Stadler,Jan G. PLUS Ander ontvangers [6],Cape,retain,No affirmative source-note count or claim-scope contradiction identified.,1,,6120,BPP=1,
6178,Van Laar,Abigel Rosina,Cape,retain,No affirmative source-note count or claim-scope contradiction identified.,2,,6121;6122,UCL=2,
6179,Luyt,Daniel Coenraad,Cape,retain,No affirmative source-note count or claim-scope contradiction identified.,11,,6123;6124;6125;6126;6127;6128;6129;6130;6131;6132;6133,UCL=11;,oorlede
6181,Le Riche,Adriaan Daniel,Cape,retain,No affirmative source-note count or claim-scope contradiction identified.,1,,6134,UCL=1,
6182,Mechau / Michau,Gerhardus Nicolaas,Cape,retain,No affirmative source-note count or claim-scope contradiction identified.,14,,6135;6136;6137;6138;6139;6140;6141;6142;6143;6144;6145;6146;6147;6148,UCL=14,
6184,Ziervogel,Christina Johanna,Cape,retain,No affirmative source-note count or claim-scope contradiction identified.,7,,6149;6150;6151;6152;6153;6154;6155,"UCL=7, Widow Alexander Menzies || Widow Alexander Menzies",
6185,"Meyer, oorlede",Gerrit Hendrik,Cape,retain,No affirmative source-note count or claim-scope contradiction identified.,36,,6156;6157;6158;6159;6160;6161;6162;6163;6164;6165;6166;6167;6168;6169;6170;6171;6172;6173;6174;6175;6176;6177;6178;6179;6180;6181;6182;6183;6184;6185;6186;6187;6188;6189;6190;6191,UCL=36;,
6186,Muller,Bartolomeus,Cape,retain,No affirmative source-note count or claim-scope contradiction identified.,4,,6192;6193;6194;6195,BPP=4,
6187,Morgendal,Anna Sophia,Cape,retain,No affirmative source-note count or claim-scope contradiction identified.,2,,6196;6197,BPP=2,
6190,Overbeck / Overbeek,Gerhard Ewart,Cape,retain,No affirmative source-note count or claim-scope contradiction identified.,8,,6198;6199;6200;6201;6202;6203;6204;6205,UCL=8,
6192,Prince,George Wilson,Cape,exclude,explicit_external_slave_count_differs_from_local_rows,10,9,6206;6207;6208;6209;6210;6211;6212;6213;6214;6215,UCL=9,
6194,Prestwick / Prestwich,William,Cape,retain,No affirmative source-note count or claim-scope contradiction identified.,1,,6216,UCL=1,
6197,Paulsen,Christiaan,Cape,retain,No affirmative source-note count or claim-scope contradiction identified.,2,,6217;6218,UCL=2,
6198,Polemann,Peter Heinrich,Cape,retain,No affirmative source-note count or claim-scope contradiction identified.,19,,6219;6220;6221;6222;6223;6224;6225;6226;6227;6228;6229;6230;6231;6232;6233;6234;6235;6236;6237,UCL=19;,
62,Venter,Johannes Hendrik,Beaufort,retain,No affirmative source-note count or claim-scope contradiction identified.,2,,36406;36407,,
620,Badenhorst,Hendrik,Graaff Reinet,retain,No affirmative source-note count or claim-scope contradiction identified.,5,,30506;30507;30508;30509;30510,,sv Hendrik
6200,Van Reenen,Jacobus Gerhardus,Cape,retain,No affirmative source-note count or claim-scope contradiction identified.,6,,6238;6239;6240;6241;6242;6243,UCL=6;  weduwee gebore Horak || weduwee gebore Horak,oorlede [Horak]
6202,Van Reenen,Gysbertus,Cape,retain,No affirmative source-note count or claim-scope contradiction identified.,15,,6244;6245;6246;6247;6248;6249;6250;6251;6252;6253;6254;6255;6256;6257;6258,UCL=15; weduwee gebore Smalberger || weduwee gebore Smalberger,oorlede [Smalberger]
6205,Van Reenen,Geesje Petronella Maria,Cape,retain,No affirmative source-note count or claim-scope contradiction identified.,1,,6262,UCL=1,
6207,Van der Poll,Hendrik,Cape,exclude,explicit_external_slave_count_differs_from_local_rows,4,5,6263;6264;6265;6266,UCL=5,
6210,Staak,Pieter,Cape,retain,No affirmative source-note count or claim-scope contradiction identified.,9,,6270;6271;6272;6273;6274;6275;6276;6277;6278,UCL=9;  weduwee gebore Alexanders || weduwee gebore Alexanders,oorlede
6213,Van Schoor,Jan Adriaan,Cape,retain,No affirmative source-note count or claim-scope contradiction identified.,1,,6283,by JH Groenewald,
6216,Pope,Charles,Cape,retain,No affirmative source-note count or claim-scope contradiction identified.,2,,6293;6294,UCL=2;,
622,Liebenberg,Christiaan Jacobus,Graaff Reinet,retain,No affirmative source-note count or claim-scope contradiction identified.,3,,31346;31347;31348,,sv Barend
6220,Sandenberg,Hercules Widow,Cape,retain,No affirmative source-note count or claim-scope contradiction identified.,2,,6295;6296,UCL=2; Born Van Reenen,born Van Reenen
6223,Seller,Elizabeth Johanna,Cape,retain,No affirmative source-note count or claim-scope contradiction identified.,1,,6308,BPP=1,
6225,Swanepoel,Antony Eduard,Cape,retain,No affirmative source-note count or claim-scope contradiction identified.,1,,6309,BPP=1,
6227,Siemes / Siems,Johan Jacob,Cape,retain,No affirmative source-note count or claim-scope contradiction identified.,1,,6310,UCL=1,
6228,Smuts,Johannes Adriaan,Cape,retain,No affirmative source-note count or claim-scope contradiction identified.,10,,6311;6312;6313;6314;6315;6316;6317;6318;6319;6320,BPP=10,
6229,Salomons,Johanna,Cape,retain,No affirmative source-note count or claim-scope contradiction identified.,1,,6321,vrou van William Virgo; slaaf gebreklik,born Virgo
6231,Van Sittert,Gerhardus,Cape,retain,No affirmative source-note count or claim-scope contradiction identified.,5,,6322;6323;6324;6325;6326,UCL=5;,
6234,Le Sueur,Hendrik Johannes,Cape,retain,No affirmative source-note count or claim-scope contradiction identified.,2,,6327;6328,BPP=2,
6236,Smith,William,Cape,retain,No affirmative source-note count or claim-scope contradiction identified.,1,,6335,BPP=1,
6238,Thomas,George (Caroline Elizabeth),Cape,retain,No affirmative source-note count or claim-scope contradiction identified.,6,,6342;6343;6344;6345;6346;6347,BPP=6,
624,Cilliers,Charl Andries,Graaff Reinet,retain,No affirmative source-note count or claim-scope contradiction identified.,2,,30757;30758,,
6242,Udemans,Willem,Cape,retain,No affirmative source-note count or claim-scope contradiction identified.,3,,6348;6349;6350,UCL=3,
6244,Valentyns,Samuel,Cape,retain,No affirmative source-note count or claim-scope contradiction identified.,8,,6351;6352;6353;6354;6355;6356;6357;6358,BPP=8,"oorlede, Rosina v Bengale"
6245,"Volsteedt, oorlede",Balthazar (JP),Cape,retain,No affirmative source-note count or claim-scope contradiction identified.,20,,6359;6360;6361;6362;6363;6364;6365;6366;6367;6368;6369;6370;6371;6372;6373;6374;6375;6376;6377;6378,"UCL=20; weduwee Anna Catharina Smidt, man oorlede c 1813 || weduwee Anna Catharina Smidt, man oorlede c 1813",
625,Strauss,Abraham Frederik,Graaff Reinet,retain,No affirmative source-note count or claim-scope contradiction identified.,1,,31927,,
6251,Wentzel,Willem Adriaan,Cape,retain,No affirmative source-note count or claim-scope contradiction identified.,5,,6439;6440;6441;6442;6443,UCL=5;,
6252,Wiid,Dina Elisabeth,Cape,retain,No affirmative source-note count or claim-scope contradiction identified.,7,,6444;6445;6446;6447;6448;6449;6450,UCL=7,
6257,Wiid,Aletta Louisa,Cape,retain,No affirmative source-note count or claim-scope contradiction identified.,4,,6471;6472;6473;6474,UCL=4,
6258,De Wet,Johannes,Cape,retain,No affirmative source-note count or claim-scope contradiction identified.,1,,6475,BPP=1,
626,Van Schalkwyk,Dirk Christoffel,Graaff Reinet,retain,No affirmative source-note count or claim-scope contradiction identified.,4,,32470;32471;32472;32473,,
6262,Walter,Abel Edward Alleyn,Cape,retain,No affirmative source-note count or claim-scope contradiction identified.,1,,6476,BPP=1,
6263,Wannenburg,Maria,Cape,retain,No affirmative source-note count or claim-scope contradiction identified.,2,,6477;6478,UCL=2;,
6265,Zastron,Carel Maurits,Cape,retain,No affirmative source-note count or claim-scope contradiction identified.,3,,6482;6483;6484,UCL=3,
627,Van der Westhuizen,Johannes Cornelis,Graaff Reinet,retain,No affirmative source-note count or claim-scope contradiction identified.,1,,32347,,
628,Van Schalkwyk,Ockert Johannes,Graaff Reinet,retain,No affirmative source-note count or claim-scope contradiction identified.,1,,32476,,
6280,Bianchi,Louis Jerome,Stellenbosch,retain,No affirmative source-note count or claim-scope contradiction identified.,1,,11827,EIS TOESTAAN 3 MAART 1837    [IETS KLOP NIE],
629,Steyn,Hans Jurgen,Graaff Reinet,retain,No affirmative source-note count or claim-scope contradiction identified.,2,,31921;31922,,
63,Oosthuysen,Daniel Jacobus Johannes,Beaufort,exclude,explicit_external_slave_count_differs_from_local_rows,3,2,36237;36238;36239,can do nothing || Only 2 enslaved UCL,so Ockert
630,Botha,Petrus Johannes,Graaff Reinet,retain,No affirmative source-note count or claim-scope contradiction identified.,7,,30592;30593;30594;30595;30596;30597;30598,,sv Piet
631,Steyn,Hans Jurgen,Graaff Reinet,retain,No affirmative source-note count or claim-scope contradiction identified.,2,,31923;31924,,sv Douw
632,Van den Heever,Petrus Johannes,Graaff Reinet,retain,No affirmative source-note count or claim-scope contradiction identified.,1,,32030,,
6326,Van Reenen,Jan Frank,Cape,retain,No affirmative source-note count or claim-scope contradiction identified.,1,,6544,Battery Amsterdam ?,
6334,Lourens,Willem,Cape,retain,No affirmative source-note count or claim-scope contradiction identified.,1,,6545,UCL=1,
6338,Berning,Frederik Simon,Cape,exclude,explicit_external_slave_count_differs_from_local_rows,8,9,6561;6562;6563;6564;6565;6566;6567;6568,UCL=9,
634,Joubert,Francois Nicolaas,Graaff Reinet,retain,No affirmative source-note count or claim-scope contradiction identified.,1,,31232,,sv Pieter
6340,Behr,Coenraad Michiel,Cape,retain,No affirmative source-note count or claim-scope contradiction identified.,2,,6569;6570,UCL=2;,
6341,Blankenberg,Elizabeth,Cape,retain,No affirmative source-note count or claim-scope contradiction identified.,1,,6571,UCL=1,
6342,Bruyns,Andries Albertus,Cape,retain,No affirmative source-note count or claim-scope contradiction identified.,5,,6572;6573;6574;6575;6576,UCL=5,
6343,Brink,Petrus Michiel,Cape,retain,No affirmative source-note count or claim-scope contradiction identified.,23,,6577;6578;6579;6580;6581;6582;6583;6584;6585;6586;6587;6588;6589;6590;6591;6592;6593;6594;6595;6596;6597;6598;6599,UCL=23,sv Cornelis
6348,Dalmas,Jean Baptiste,Cape,retain,No affirmative source-note count or claim-scope contradiction identified.,1,,6608,BPP=1,
6353,Gie,Maria Johanna,Cape,retain,No affirmative source-note count or claim-scope contradiction identified.,2,,6611;6612,UCL=2,
6354,Gie,Coenraad Johannes,Cape,retain,No affirmative source-note count or claim-scope contradiction identified.,2,,6613;6614,UCL=2,
6355,Gerken,Hendrik,Cape,retain,No affirmative source-note count or claim-scope contradiction identified.,2,,6615;6616,UCL=2,
636,Kruger,Gert,Graaff Reinet,retain,No affirmative source-note count or claim-scope contradiction identified.,2,,31286;31287,,sv Gert
6360,Henkes / Henkis,(David) Pieter,Cape,exclude,explicit_external_slave_count_differs_from_local_rows,8,9,6717;6718;6719;6720;6721;6722;6723;6724,"UCL=9, Anna Cathrina Heckroodt || Anna Catharina Heckroodt","oorlede, [Heckroodt]"
6361,Hancke,Hendrik,Cape,retain,No affirmative source-note count or claim-scope contradiction identified.,5,,6725;6726;6727;6728;6729,UCL=5,
6362,Hammes,Pieter Engelbertus,Cape,retain,No affirmative source-note count or claim-scope contradiction identified.,4,,6730;6731;6732;6733,UCL=4;,
6363,Heyns,Dorothea Elizabeth,Cape,review,"Source has additional party, claimant, payment-recipient or cross-reference wording; no affirmative UCL/BPP count or additional-slave contradiction established. Do not exclude merely for creditor/recipient names.",7,,6734;6735;6736;6737;6738;6739;6740,UCL=7; || ook Johannes Tromp,
6366,Jarvis,Hercules Crosse,Cape,retain,No affirmative source-note count or claim-scope contradiction identified.,1,,6741,UCL=1,
6369,Kirsten,Petrus,Cape,retain,No affirmative source-note count or claim-scope contradiction identified.,4,,6754;6755;6756;6757,UCl=4,
637,Van Tonder,Johannes Jacobus,Graaff Reinet,retain,No affirmative source-note count or claim-scope contradiction identified.,7,,32481;32482;32483;32484;32485;32486;32487,,wed. Beck??
6373,Koster,(David) Willem,Cape,exclude,explicit_external_slave_count_differs_from_local_rows,6,7,6758;6759;6760;6761;6762;6763,UCL=7  [6],
6376,Lesar,Jan Hendrik,Cape,retain,No affirmative source-note count or claim-scope contradiction identified.,2,,6764;6765,UCL=2,
638,Snyman,Johan Hendrik,Graaff Reinet,retain,No affirmative source-note count or claim-scope contradiction identified.,2,,31906;31907,,
6380,Luyt,Johan Frederik,Cape,retain,No affirmative source-note count or claim-scope contradiction identified.,4,,6787;6788;6789;6790,UCL=4,
6381,De Milander,Maria,Cape,exclude,explicit_external_slave_count_differs_from_local_rows,1,2,6791,UCL=2; gebore Koetze,weduwee
639,Venter,Pieter Albert,Graaff Reinet,retain,No affirmative source-note count or claim-scope contradiction identified.,4,,32556;32557;32558;32559,,
6390,Richert,Jacobus Andreas,Cape,retain,No affirmative source-note count or claim-scope contradiction identified.,1,,6814,Wilhelmina Hendrina de Jongh,oorlede [de Jongh]
6391,Roux,Pieter,Cape,retain,No affirmative source-note count or claim-scope contradiction identified.,12,,6815;6816;6817;6818;6819;6820;6821;6822;6823;6824;6825;6826,UCL=12; Matilda Egberta Bergh || Matilda Egberta Bergh,oorlede
6392,Redelinghuys,Petrus Johannes,Cape,exclude,explicit_external_slave_count_differs_from_local_rows,10,11,6827;6828;6829;6830;6831;6832;6833;6834;6835;6836,UCL=11;,
6396,Steytler,Johan George 1,Cape,retain,No affirmative source-note count or claim-scope contradiction identified.,3,,6839;6840;6841,UCL=3,
6397,De Smidt,Willem A. Johannes,Cape,retain,No affirmative source-note count or claim-scope contradiction identified.,4,,6842;6843;6844;6845,UCL=4,oorlede
6399,Stuckeris,Jan Willem,Cape,exclude,explicit_external_slave_count_differs_from_local_rows,29,28,6846;6847;6848;6849;6850;6851;6852;6853;6854;6855;6856;6857;6858;6859;6860;6861;6862;6863;6864;6865;6866;6867;6868;6869;6870;6871;6872;6873;6874,UCL=28 || droster,
64,Strydom,Jan Lodewyk,Beaufort,retain,No affirmative source-note count or claim-scope contradiction identified.,1,,36284,intelligent and healthy man competent for all Boerwork,
640,Kruger,Johannes Abraham,Graaff Reinet,retain,No affirmative source-note count or claim-scope contradiction identified.,3,,31301;31302;31303,,sv Jacobus
6401,Van der Schyff,Hermanus Frederik,Cape,retain,No affirmative source-note count or claim-scope contradiction identified.,1,,6877,UCL=1;,
6402,De Smidt,Andries,Cape,retain,No affirmative source-note count or claim-scope contradiction identified.,5,,6878;6879;6880;6881;6882,BPP=5,
6408,Twycross,George,Cape,retain,No affirmative source-note count or claim-scope contradiction identified.,3,,6896;6897;6898,UCL=3,
6411,Vos,Hendrik,Stellenbosch,exclude,same_UCL_and_exact_owner_in_multiple_districts,2,,19636;19637,,sr
6417,Van der Westhuysen,Margaretha Elizabeth,Cape,retain,No affirmative source-note count or claim-scope contradiction identified.,2,,6938;6939,UCL=2;,
6418,De Waal,Hendrik,Cape,retain,No affirmative source-note count or claim-scope contradiction identified.,1,,6940,BPP=1,
642,Geldenhuys,Pieter Arnodus,Graaff Reinet,retain,No affirmative source-note count or claim-scope contradiction identified.,9,,31100;31101;31102;31103;31104;31105;31106;31107;31108,,sv Hendrik
643,Venter,Barend Johannes,Graaff Reinet,retain,No affirmative source-note count or claim-scope contradiction identified.,3,,32506;32507;32508,,
644,Venter,Andries Albertus,Graaff Reinet,retain,No affirmative source-note count or claim-scope contradiction identified.,2,,32504;32505,,sv Jan albert
6448,Jurgens,Johannes Josephus,Stellenbosch,retain,No affirmative source-note count or claim-scope contradiction identified.,14,,15154;15155;15156;15157;15158;15159;15160;15161;15162;15163;15164;15165;15166;15167,SKRYNWERKER,Simon zn
6450,Joubert,Josua,Stellenbosch,retain,No affirmative source-note count or claim-scope contradiction identified.,1,,15049,Weduwee Fredrick Stephanus Watermeyer,boedel van
6469,Reitz,Gysbert Karel,Stellenbosch,retain,No affirmative source-note count or claim-scope contradiction identified.,2,,17548;17549,,
648,Kruger,Jacob Petrus,Graaff Reinet,retain,No affirmative source-note count or claim-scope contradiction identified.,2,,31289;31290,,
6497,Van Breda,Johannes Albertus,Stellenbosch,exclude,same_UCL_and_exact_owner_in_multiple_districts,1,,18827,,Pieter zn
65,Van Vuuren,Lucas Daniel,Beaufort,retain,No affirmative source-note count or claim-scope contradiction identified.,1,,36398,a healthy Mozambique ?,so Daniel
650,Coetzee,Johannes Jacobus,Graaff Reinet,retain,No affirmative source-note count or claim-scope contradiction identified.,14,,30813;30814;30815;30816;30817;30818;30819;30820;30821;30822;30823;30824;30825;30826,,sv Dirk
651,Venter,Piet,Graaff Reinet,retain,No affirmative source-note count or claim-scope contradiction identified.,11,,32545;32546;32547;32548;32549;32550;32551;32552;32553;32554;32555,Widow,sv Jan Albert
652,Van der Walt,Michiel Andries Louis,Graaff Reinet,retain,No affirmative source-note count or claim-scope contradiction identified.,2,,32312;32313,,sv Andries
653,Pretorius,Petrus Jacobus,Graaff Reinet,retain,No affirmative source-note count or claim-scope contradiction identified.,9,,31758;31759;31760;31761;31762;31763;31764;31765;31766,,Widow E Kruger
655,Van der Walt,Andries Johannes,Graaff Reinet,retain,No affirmative source-note count or claim-scope contradiction identified.,11,,32271;32272;32273;32274;32275;32276;32277;32278;32279;32280;32281,,sv Nicolaas
6562,De Wet,Jacobus Petrus,Stellenbosch,retain,No affirmative source-note count or claim-scope contradiction identified.,1,,13535,,
657,Venter,Hendrik,Graaff Reinet,retain,No affirmative source-note count or claim-scope contradiction identified.,8,,32519;32520;32521;32522;32523;32524;32525;32526,,Sr
658,Venter,Jacob,Graaff Reinet,retain,No affirmative source-note count or claim-scope contradiction identified.,6,,32527;32528;32529;32530;32531;32532,,
659,Van der Walt,Nicolaas,Graaff Reinet,retain,No affirmative source-note count or claim-scope contradiction identified.,9,,32330;32331;32332;32333;32334;32335;32336;32337;32338,,sv Nicolaas
66,Bezuidenhout,Anna Catharina,Beaufort,retain,No affirmative source-note count or claim-scope contradiction identified.,4,,35907;35908;35909;35910,"an old, old man || BPP=4, fine boy, strong || a strong woman, prepares skins || born a cripple",
660,Van der Walt,Hendrik Tjaart Jacobus,Graaff Reinet,retain,No affirmative source-note count or claim-scope contradiction identified.,2,,32301;32302,,
661,Venter,Hendrik Stephanus,Graaff Reinet,retain,No affirmative source-note count or claim-scope contradiction identified.,3,,32516;32517;32518,,Widow MJ Coetzee
662,Duvenage,Petrus Carolus,Graaff Reinet,retain,No affirmative source-note count or claim-scope contradiction identified.,10,,31034;31035;31036;31037;31038;31039;31040;31041;31042;31043,,
663,Coetzee,Johannes,Graaff Reinet,retain,No affirmative source-note count or claim-scope contradiction identified.,4,,30809;30810;30811;30812,,
664,Kruger,Jacobus Stephanus,Graaff Reinet,retain,No affirmative source-note count or claim-scope contradiction identified.,10,,31291;31292;31293;31294;31295;31296;31297;31298;31299;31300,,
665,Kruger,Johannes Hendrik,Graaff Reinet,retain,No affirmative source-note count or claim-scope contradiction identified.,5,,31304;31305;31306;31307;31308,,
666,Coetzee,Johannes,Graaff Reinet,retain,No affirmative source-note count or claim-scope contradiction identified.,4,,30827;30828;30829;30830,,"died, wid Hester Viljoen"
667,Coetzee,Henning Johannes Hendrik,Graaff Reinet,retain,No affirmative source-note count or claim-scope contradiction identified.,2,,30807;30808,,sv Jan
668,Venter,Johannes Petrus,Graaff Reinet,retain,No affirmative source-note count or claim-scope contradiction identified.,7,,32534;32535;32536;32537;32538;32539;32540,looks 16,sv Pieter
669,Kruger,Johannes Philippus,Graaff Reinet,retain,No affirmative source-note count or claim-scope contradiction identified.,8,,31309;31310;31311;31312;31313;31314;31315;31316,,
67,Van Staden,Martinus Jacobus,Beaufort,retain,No affirmative source-note count or claim-scope contradiction identified.,1,,36379,small for her age,
670,Verwey,Gysbert,Graaff Reinet,retain,No affirmative source-note count or claim-scope contradiction identified.,6,,32567;32568;32569;32570;32571;32572,,died widow Maria V.
672,Lessing,Johannes Christiaan,Graaff Reinet,retain,No affirmative source-note count or claim-scope contradiction identified.,4,,31327;31328;31329;31330,,
674,Vorster,Isaac David,Graaff Reinet,retain,No affirmative source-note count or claim-scope contradiction identified.,9,,32636;32637;32638;32639;32640;32641;32642;32643;32644,No recipient listed,Widow HF Kruger
676,Aucamp,Pieter,Graaff Reinet,retain,No affirmative source-note count or claim-scope contradiction identified.,4,,30497;30498;30499;30500,,
677,Brits,Gerhardus Petrus,Graaff Reinet,retain,No affirmative source-note count or claim-scope contradiction identified.,5,,30629;30630;30631;30632;30633,Widow,sv Ockert
678,Brits,Ockert,Graaff Reinet,retain,No affirmative source-note count or claim-scope contradiction identified.,2,,30637;30638,,sv Rudolph [Nel]
679,Loots,Pieter,Graaff Reinet,retain,No affirmative source-note count or claim-scope contradiction identified.,4,,31362;31363;31364;31365,,
68,Van Staden,Jacobus Frederik,Beaufort,retain,No affirmative source-note count or claim-scope contradiction identified.,3,,36376;36377;36378,"""Mozambique"" ?",widow
681,Van Lingen,Albert,Graaff Reinet,retain,No affirmative source-note count or claim-scope contradiction identified.,2,,32422;32423,,sv Albert
682,Van der Merwe,Willem Carel,Graaff Reinet,retain,No affirmative source-note count or claim-scope contradiction identified.,3,,32214;32215;32216,,
684,Blom,Louis,Graaff Reinet,retain,No affirmative source-note count or claim-scope contradiction identified.,6,,30562;30563;30564;30565;30566;30567,UCL wrong initial,sv Barend Pieter
685,Pretorius,Andries Lodewyk,Graaff Reinet,retain,No affirmative source-note count or claim-scope contradiction identified.,4,,31659;31660;31661;31662,,sv Wynand
686,Pretorius,Andries Wilhelm Jacobus,Graaff Reinet,retain,No affirmative source-note count or claim-scope contradiction identified.,9,,31663;31664;31665;31666;31667;31668;31669;31670;31671,,sv Martinus  W.
688,De Wet,Josias,Graaff Reinet,retain,No affirmative source-note count or claim-scope contradiction identified.,8,,30880;30881;30882;30883;30884;30885;30886;30887,,
689,Pretorius,Petrus Gerhardus,Graaff Reinet,retain,No affirmative source-note count or claim-scope contradiction identified.,2,,31745;31746,,
69,Van der Westhuizen,Pieter,Beaufort,retain,No affirmative source-note count or claim-scope contradiction identified.,5,,36344;36345;36346;36347;36348,"""zeer vervalle""",so Pieter
690,Van der Merwe,Hendrik Stephanus,Graaff Reinet,retain,No affirmative source-note count or claim-scope contradiction identified.,8,,32107;32108;32109;32110;32111;32112;32113;32114,,sv David Schalk
691,Smit,Hendrik,Graaff Reinet,retain,No affirmative source-note count or claim-scope contradiction identified.,1,,31894,,
692,Steinman,Johan Christian,Graaff Reinet,retain,No affirmative source-note count or claim-scope contradiction identified.,2,,31919;31920,,widow M Weideman
694,Koekemoer,Joachim Marthinus,Graaff Reinet,retain,No affirmative source-note count or claim-scope contradiction identified.,2,,31269;31270,UCL SPELLING MISTAKE,sv Diederik
696,Pretorius,Martinus Wessel,Graaff Reinet,retain,No affirmative source-note count or claim-scope contradiction identified.,6,,31721;31722;31723;31724;31725;31726,Susanna E Viljoen,
697,Vorster,Pieter Willem,Graaff Reinet,retain,No affirmative source-note count or claim-scope contradiction identified.,7,,32646;32647;32648;32649;32650;32651;32652,,
698,Vorster,Barend J,Graaff Reinet,retain,No affirmative source-note count or claim-scope contradiction identified.,6,,32625;32626;32627;32628;32629;32630,,
699,De Villiers,Maria Jacoba,Graaff Reinet,retain,No affirmative source-note count or claim-scope contradiction identified.,1,,30879,,dv Jan Stephanus
70,Van der Merwe,Jacobus Willem,Beaufort,retain,No affirmative source-note count or claim-scope contradiction identified.,1,,36298,,
700,Schambe/Schompe,Andries Godlieb,Graaff Reinet,retain,No affirmative source-note count or claim-scope contradiction identified.,4,,31843;31844;31845;31846,,dies wid JS Viljoen
701,Van der Merwe,Aletta Sophia,Graaff Reinet,retain,No affirmative source-note count or claim-scope contradiction identified.,5,,32032;32033;32034;32035;32036,,wid Christoffel J vd M
702,Papenfus,Hendrik Frederik,Graaff Reinet,retain,No affirmative source-note count or claim-scope contradiction identified.,14,,31606;31607;31608;31609;31610;31611;31612;31613;31614;31615;31616;31617;31618;31619,,
703,Pretorius,Willem Sterrenberg,Graaff Reinet,retain,No affirmative source-note count or claim-scope contradiction identified.,5,,31773;31774;31775;31776;31777,,
704,Pretorius,Henning Petrus Nicolaas,Graaff Reinet,retain,No affirmative source-note count or claim-scope contradiction identified.,1,,31692,,
705,Pretorius,Johannes,Graaff Reinet,retain,No affirmative source-note count or claim-scope contradiction identified.,4,,31715;31716;31717;31718,,sv Marthinus
706,Pretorius,Willem Sterrenberg,Graaff Reinet,retain,No affirmative source-note count or claim-scope contradiction identified.,1,,31778,,sv Petrus Gerhardus
707,Pretorius,Hercules Albertus,Graaff Reinet,retain,No affirmative source-note count or claim-scope contradiction identified.,4,,31693;31694;31695;31696,,sv Marthinus
708,Ritchie,Thomas,Graaff Reinet,retain,No affirmative source-note count or claim-scope contradiction identified.,2,,31829;31830,,
709,Naude,Frans Paul,Graaff Reinet,retain,No affirmative source-note count or claim-scope contradiction identified.,2,,31485;31486,,sv Jacob
71,Momberg,Henrietta,Beaufort,retain,No affirmative source-note count or claim-scope contradiction identified.,2,,36209;36210,,widow Nieuwenhuis
710,Naude,Jacob Johannes,Graaff Reinet,retain,No affirmative source-note count or claim-scope contradiction identified.,6,,31487;31488;31489;31490;31491;31492,,sv Jacob
711,Van den Berg,Petrus Jacobus,Graaff Reinet,retain,No affirmative source-note count or claim-scope contradiction identified.,1,,32022,,sv Paul
712,Smit,Andries Adriaan Jr,Graaff Reinet,retain,No affirmative source-note count or claim-scope contradiction identified.,3,,31885;31886;31887,,
713,Smit,Willem Stephanus,Graaff Reinet,retain,No affirmative source-note count or claim-scope contradiction identified.,2,,31902;31903,,
714,Joubert,Gideon Daniel,Graaff Reinet,retain,No affirmative source-note count or claim-scope contradiction identified.,1,,31242,,
718,Venter,Petrus,Graaff Reinet,retain,No affirmative source-note count or claim-scope contradiction identified.,1,,32544,,sv Pieter
719,Louw,Elizabeth Cath,Graaff Reinet,retain,No affirmative source-note count or claim-scope contradiction identified.,4,,31366;31367;31368;31369,Comp. to J Boshoff,wed Cilliers
720,Cilliers,Abraham Jacobus,Graaff Reinet,retain,No affirmative source-note count or claim-scope contradiction identified.,7,,30750;30751;30752;30753;30754;30755;30756,,
721,Cilliers,Charl sr [died],Graaff Reinet,retain,No affirmative source-note count or claim-scope contradiction identified.,3,,30759;30760;30761,Compensation to Abr Jac Cilliers,
722,Du Toit,Johannes Francois,Graaff Reinet,retain,No affirmative source-note count or claim-scope contradiction identified.,9,,30999;31000;31001;31002;31003;31004;31005;31006;31007,,
724,Oosthuysen,Jacobus Ockert,Graaff Reinet,retain,No affirmative source-note count or claim-scope contradiction identified.,1,,31604,,
725,Van Aswegen,Johannes Gerhardus,Graaff Reinet,retain,No affirmative source-note count or claim-scope contradiction identified.,9,,31947;31948;31949;31950;31951;31952;31953;31954;31955,,
726,Pretorius,Matthys Jacobus,Graaff Reinet,retain,No affirmative source-note count or claim-scope contradiction identified.,2,,31727;31728,,
727,Pretorius,Matthys Jacobus,Graaff Reinet,retain,No affirmative source-note count or claim-scope contradiction identified.,12,,31729;31730;31731;31732;31733;31734;31735;31736;31737;31738;31739;31740,,
728,Van der Merwe,Willem Jacobus,Graaff Reinet,retain,No affirmative source-note count or claim-scope contradiction identified.,8,,32256;32257;32258;32259;32260;32261;32262;32263,,sv Schalk Jacobusws
729,Davel,Hendrik,Graaff Reinet,retain,No affirmative source-note count or claim-scope contradiction identified.,9,,30868;30869;30870;30871;30872;30873;30874;30875;30876,Compensation to Jeremias Auret,wid Anna S vd Merwe
730,Du Toit,Daniel Charl,Graaff Reinet,retain,No affirmative source-note count or claim-scope contradiction identified.,1,,30979,,
732,Van der Merwe,Schalk Jacobus,Graaff Reinet,retain,No affirmative source-note count or claim-scope contradiction identified.,5,,32204;32205;32206;32207;32208,,
733,Van der Merwe,Hendrik Schalk,Graaff Reinet,retain,No affirmative source-note count or claim-scope contradiction identified.,18,,32086;32087;32088;32089;32090;32091;32092;32093;32094;32095;32096;32097;32098;32099;32100;32101;32102;32103,,
734,Viljoen,Willem Jacobus [died],Graaff Reinet,retain,No affirmative source-note count or claim-scope contradiction identified.,1,,32583,,
735,Van der Merwe,Petrus,Graaff Reinet,retain,No affirmative source-note count or claim-scope contradiction identified.,7,,32163;32164;32165;32166;32167;32168;32169,,sv Carel Johannes
736,Viljoen,Willem,Graaff Reinet,retain,No affirmative source-note count or claim-scope contradiction identified.,1,,32584,,sv Jan Hendrik
737,Van der Merwe,Hendrik Schalk,Graaff Reinet,retain,No affirmative source-note count or claim-scope contradiction identified.,3,,32104;32105;32106,,
738,Van der Merwe,Barend Frederik,Graaff Reinet,retain,No affirmative source-note count or claim-scope contradiction identified.,5,,32054;32055;32056;32057;32058,,
739,Dippenaar,Johannes Martinus,Graaff Reinet,retain,No affirmative source-note count or claim-scope contradiction identified.,2,,30888;30889,,
740,Van Jaarsveld,Albertus Stephanus,Graaff Reinet,retain,No affirmative source-note count or claim-scope contradiction identified.,5,,32417;32418;32419;32420;32421,,
741,Van den Berg,Barend,Graaff Reinet,retain,No affirmative source-note count or claim-scope contradiction identified.,3,,32003;32004;32005,Comp Jac Joh Meintjes,wid. SJ Esterhuizen
742,Koekemoer,Gert Ja,Graaff Reinet,retain,No affirmative source-note count or claim-scope contradiction identified.,10,,31259;31260;31261;31262;31263;31264;31265;31266;31267;31268,,wid ME Oberholser
744,Lubbe,Jan. sv Joh,Graaff Reinet,retain,No affirmative source-note count or claim-scope contradiction identified.,1,,31390,,oorlede
745,Rowe,Ann,Graaff Reinet,retain,No affirmative source-note count or claim-scope contradiction identified.,1,,31842,,David Wilcocks
746,Van Vreden,Johanna Maria [De Meyer],Graaff Reinet,retain,No affirmative source-note count or claim-scope contradiction identified.,1,,32488,,
747,Van Niekerk,Gert,Graaff Reinet,retain,No affirmative source-note count or claim-scope contradiction identified.,3,,32442;32443;32444,CJ Viljoen,wid MA Las
747,Viljoen,Christoffel,Uitenhage,review,"Source has additional party, claimant, payment-recipient or cross-reference wording; no affirmative UCL/BPP count or additional-slave contradiction established. Do not exclude merely for creditor/recipient names.",3,,33958;33959;33960,"plus Gerrit v Niekerk, Winterhoek",
748,Brits,Rudolph Johannes,Graaff Reinet,retain,No affirmative source-note count or claim-scope contradiction identified.,4,,30639;30640;30641;30642,,sv R
749,Van Niekerk,GM [Rachel Johanna],Graaff Reinet,retain,No affirmative source-note count or claim-scope contradiction identified.,1,,32445,,
75,Raath,Rudolph Johannes,Beaufort,retain,No affirmative source-note count or claim-scope contradiction identified.,3,,36255;36256;36257,"""gezond en eerlyk van gedrag"" || healthy and strong || sickly",
750,Victor,Joachim Jan Hendrik,Graaff Reinet,retain,No affirmative source-note count or claim-scope contradiction identified.,1,,32573,,
751,Van Aswegen,Johannes,Graaff Reinet,retain,No affirmative source-note count or claim-scope contradiction identified.,2,,31945;31946,,
752,Venter,Erasmus Albertus,Graaff Reinet,retain,No affirmative source-note count or claim-scope contradiction identified.,6,,32509;32510;32511;32512;32513;32514,,
753,Van Wyk,Johannes Hendrik,Graaff Reinet,retain,No affirmative source-note count or claim-scope contradiction identified.,1,,32491,,
754,Visser,Cornelis Johannes,Graaff Reinet,retain,No affirmative source-note count or claim-scope contradiction identified.,12,,32594;32595;32596;32597;32598;32599;32600;32601;32602;32603;32604;32605,,
755,Liebenberg,Elizabeth Louisa [wid],Graaff Reinet,retain,No affirmative source-note count or claim-scope contradiction identified.,1,,31349,,
756,Potgieter,Jacobus,Graaff Reinet,retain,No affirmative source-note count or claim-scope contradiction identified.,2,,31652;31653,,sv Philip
757,Liebenberg,Barend Godlieb,Graaff Reinet,retain,No affirmative source-note count or claim-scope contradiction identified.,2,,31339;31340,,
758,Venter,Willem Adriaan,Graaff Reinet,retain,No affirmative source-note count or claim-scope contradiction identified.,5,,32560;32561;32562;32563;32564,,
759,Grobbelaar,Gertruida [wid],Graaff Reinet,retain,No affirmative source-note count or claim-scope contradiction identified.,2,,31130;31131,,
76,Devenish,John Donald,Beaufort,retain,No affirmative source-note count or claim-scope contradiction identified.,2,,36012;36013,"healty || ""skrale postuur maar gesond""",
760,Dippenaar,Rachel Maria,Graaff Reinet,retain,No affirmative source-note count or claim-scope contradiction identified.,7,,30890;30891;30892;30893;30894;30895;30896,,wid BB Burger
761,Van der Merwe,David Schalk,Graaff Reinet,retain,No affirmative source-note count or claim-scope contradiction identified.,10,,32068;32069;32070;32071;32072;32073;32074;32075;32076;32077,,sv David
762,Booysen,Jacobus,Graaff Reinet,review,No name in UCL according to annotation; no affirmative omitted-slave evidence.,1,,30571,NO NAME UCL,sv Jan
763,Van der Merwe,Willem Jacobus,Graaff Reinet,retain,No affirmative source-note count or claim-scope contradiction identified.,1,,32255,,sv DS
764,Weideman,Pieter Andries Christiaan,Graaff Reinet,exclude,same_UCL_and_exact_owner_in_multiple_districts,2,,32659;32660,,
765,Conradie,Pieter Jacobus,Graaff Reinet,retain,No affirmative source-note count or claim-scope contradiction identified.,1,,30859,Martha Susanna Pienaar,deceased
766,Conradie,Pieter Jacobus,Graaff Reinet,retain,No affirmative source-note count or claim-scope contradiction identified.,1,,30860,,deceased
767,Conradie,Aletta Elizabeth,Graaff Reinet,retain,No affirmative source-note count or claim-scope contradiction identified.,6,,30843;30844;30845;30846;30847;30848,Petrus Pienaar,wid Pienaar
768,Pienaar,Barend Jacobus,Graaff Reinet,retain,No affirmative source-note count or claim-scope contradiction identified.,6,,31623;31624;31625;31626;31627;31628,,sv Pieter
769,Pienaar,Louis Daniel,Graaff Reinet,retain,No affirmative source-note count or claim-scope contradiction identified.,4,,31636;31637;31638;31639,,sv Jacobus
770,Steenberg,Johannes Joost,Graaff Reinet,retain,No affirmative source-note count or claim-scope contradiction identified.,2,,31917;31918,,
771,Van der Merwe,Roelof Petrus,Graaff Reinet,retain,No affirmative source-note count or claim-scope contradiction identified.,10,,32194;32195;32196;32197;32198;32199;32200;32201;32202;32203,Uitspansel van Klein Sondagsrivierhoek || Thomas Jervis Biddulph  Wilhelmina Theodora Elizabeth Wahlstrand,sv David
772,Pretorius,Isaac Johannes,Graaff Reinet,retain,No affirmative source-note count or claim-scope contradiction identified.,4,,31697;31698;31699;31700,,sv Lodewyk
773,Pretorius,Matthys Jacobus,Graaff Reinet,retain,No affirmative source-note count or claim-scope contradiction identified.,1,,31741,,sv JL
774,Klopper,Frederik Martinus,Graaff Reinet,retain,No affirmative source-note count or claim-scope contradiction identified.,3,,31254;31255;31256,,sv Baltaser
775,Cloete,Jan Bastiaan,Graaff Reinet,retain,No affirmative source-note count or claim-scope contradiction identified.,1,,30777,,
776,Cloete,Cornelis Willem,Graaff Reinet,retain,No affirmative source-note count or claim-scope contradiction identified.,4,,30772;30773;30774;30775,Hans Hendrik Wicht,
777,Cloete,Johannes Hendrik,Graaff Reinet,retain,No affirmative source-note count or claim-scope contradiction identified.,7,,30778;30779;30780;30781;30782;30783;30784,Margareta Rabe,deceased
778,Cloete,Gabriel Francois,Graaff Reinet,retain,No affirmative source-note count or claim-scope contradiction identified.,1,,30776,,sv H Cl
779,Van Heerden,Willem Jacobus,Graaff Reinet,retain,No affirmative source-note count or claim-scope contradiction identified.,2,,32407;32408,,
78,Keuler,Ferdinand August,Beaufort,retain,No affirmative source-note count or claim-scope contradiction identified.,2,,36175;36176,a strong Mozambique || very healthy,
780,Struwig,Daniel,Graaff Reinet,retain,No affirmative source-note count or claim-scope contradiction identified.,2,,31928;31929,,
781,Pretorius,Hendrik Stephanus died,Graaff Reinet,retain,No affirmative source-note count or claim-scope contradiction identified.,1,,31691,,
782,Van der Walt,Nicolaas Tjaart,Graaff Reinet,retain,No affirmative source-note count or claim-scope contradiction identified.,16,,32314;32315;32316;32317;32318;32319;32320;32321;32322;32323;32324;32325;32326;32327;32328;32329,,
783,Pretorius,Charl Johannes,Graaff Reinet,retain,No affirmative source-note count or claim-scope contradiction identified.,3,,31672;31673;31674,Cripple,sv Charl
784,Venter,Hendrik,Graaff Reinet,retain,No affirmative source-note count or claim-scope contradiction identified.,1,,32515,,
785,Jooste,Nicolaas Johannes Jacobus,Graaff Reinet,retain,No affirmative source-note count or claim-scope contradiction identified.,1,,31228,,
786,Venter,Petrus Jacobus,Graaff Reinet,retain,No affirmative source-note count or claim-scope contradiction identified.,2,,32542;32543,,
787,Du Plessis,Hendrik Johannes,Graaff Reinet,retain,No affirmative source-note count or claim-scope contradiction identified.,1,,30932,,sv CJ
788,Myburg,Lambert,Graaff Reinet,retain,No affirmative source-note count or claim-scope contradiction identified.,2,,31472;31473,,
789,Vorster,Stephanus Joh. Rudolph,Graaff Reinet,retain,No affirmative source-note count or claim-scope contradiction identified.,1,,32656,,
79,Heyneman / Hyneman,Jacob,Beaufort,retain,No affirmative source-note count or claim-scope contradiction identified.,2,,36114;36115,"Gebrekkig en seer …… || ""gezond en sterk""",
790,Van der Merwe,Jan,Graaff Reinet,retain,No affirmative source-note count or claim-scope contradiction identified.,3,,32126;32127;32128,,sv DN
791,Vorster,Isaac David,Graaff Reinet,retain,No affirmative source-note count or claim-scope contradiction identified.,1,,32655,,
792,Du Plessis,Charl Johannes,Graaff Reinet,retain,No affirmative source-note count or claim-scope contradiction identified.,1,,30909,,sv Charl
793,Beetge,Johannes Andries,Graaff Reinet,retain,No affirmative source-note count or claim-scope contradiction identified.,1,,30526,,
794,Du Plessis,Petrus Johannes,Graaff Reinet,retain,No affirmative source-note count or claim-scope contradiction identified.,3,,30952;30953;30954,,
795,Van der Walt,Petrus Jacobus,Graaff Reinet,retain,No affirmative source-note count or claim-scope contradiction identified.,7,,32339;32340;32341;32342;32343;32344;32345,,
796,Nienaber,Jan Hendrik [wid],Graaff Reinet,retain,No affirmative source-note count or claim-scope contradiction identified.,1,,31526,,
797,Du Plessis,Charl Jacob,Graaff Reinet,retain,No affirmative source-note count or claim-scope contradiction identified.,5,,30904;30905;30906;30907;30908,,sv Charl
798,Myburg,Lambert,Graaff Reinet,retain,No affirmative source-note count or claim-scope contradiction identified.,1,,31474,,sv Lambert
799,Van der Walt,Johannes Petrus,Graaff Reinet,retain,No affirmative source-note count or claim-scope contradiction identified.,9,,32303;32304;32305;32306;32307;32308;32309;32310;32311,Nico Tjaart vd Walt,
8,Bezuidenhout,Johannes,Beaufort,retain,No affirmative source-note count or claim-scope contradiction identified.,1,,35912,strong well looking Mozambique,sr
800,Wandrag,Frederik Ludwig,Graaff Reinet,retain,No affirmative source-note count or claim-scope contradiction identified.,1,,32657,,
801,Du Preez,Johannes Lodewikus,Graaff Reinet,retain,No affirmative source-note count or claim-scope contradiction identified.,3,,30962;30963;30964,,sv H
802,Du Preez,Philippus Jacobus,Graaff Reinet,retain,No affirmative source-note count or claim-scope contradiction identified.,3,,30965;30966;30967,,
803,Brits,Andries Petrus,Graaff Reinet,retain,No affirmative source-note count or claim-scope contradiction identified.,4,,30625;30626;30627;30628,,
805,Du Toit,Andries Bernardus,Graaff Reinet,retain,No affirmative source-note count or claim-scope contradiction identified.,3,,30968;30969;30970,,
806,Van der Merwe,Hendrik Jacobus,Graaff Reinet,retain,No affirmative source-note count or claim-scope contradiction identified.,5,,32081;32082;32083;32084;32085,,sv WP vd M
808,Van der Merwe,Schalk Willem,Graaff Reinet,retain,No affirmative source-note count or claim-scope contradiction identified.,2,,32212;32213,,sv Piet
809,Van Wyk,Adriaan Jacobus,Graaff Reinet,retain,No affirmative source-note count or claim-scope contradiction identified.,2,,32489;32490,,
810,Van den Berg,Gert,Graaff Reinet,retain,No affirmative source-note count or claim-scope contradiction identified.,3,,32006;32007;32008,,
811,Brits,Gert Cornelis,Graaff Reinet,retain,No affirmative source-note count or claim-scope contradiction identified.,3,,30634;30635;30636,,sv Roedolf
812,Burger,Schalk Willem,Graaff Reinet,retain,No affirmative source-note count or claim-scope contradiction identified.,8,,30740;30741;30742;30743;30744;30745;30746;30747,,sv SJ Burger
813,Oosthuysen,Gert,Graaff Reinet,retain,No affirmative source-note count or claim-scope contradiction identified.,2,,31602;31603,,
815,Hennop,Jan Philip Carel,Graaff Reinet,retain,No affirmative source-note count or claim-scope contradiction identified.,1,,31168,,
816,Hennop,Carel Frederik Nicolaas,Graaff Reinet,retain,No affirmative source-note count or claim-scope contradiction identified.,1,,31167,deceased,
817,Coertse,Wynand Johannes,Graaff Reinet,retain,No affirmative source-note count or claim-scope contradiction identified.,2,,30792;30793,,
819,Van der Merwe,Johannes Valentyn,Graaff Reinet,retain,No affirmative source-note count or claim-scope contradiction identified.,2,,32143;32144,,
82,Vivier,Philippus Rudolph,Beaufort,retain,No affirmative source-note count or claim-scope contradiction identified.,1,,36410,,
820,Van Niekerk,Cornelis Gregorius,Graaff Reinet,retain,No affirmative source-note count or claim-scope contradiction identified.,4,,32424;32425;32426;32427,,
821,Van Niekerk,Cornelis Gregorius,Graaff Reinet,retain,No affirmative source-note count or claim-scope contradiction identified.,2,,32428;32429,,
822,Herbst,Christiaan Servaas,Graaff Reinet,retain,No affirmative source-note count or claim-scope contradiction identified.,1,,31169,,
823,Scholtz,Joachim,Graaff Reinet,retain,No affirmative source-note count or claim-scope contradiction identified.,2,,31862;31863,Jacobus Boshoff,sv Joachim
824,Vermeulen,Jan Gabriel,Graaff Reinet,retain,No affirmative source-note count or claim-scope contradiction identified.,1,,32565,,sv Pieter
825,Oberholster,Pieter sr deceased,Graaff Reinet,retain,No affirmative source-note count or claim-scope contradiction identified.,3,,31564;31565;31566,Alida Visagie,
826,Van Niekerk,Jan Antony,Graaff Reinet,retain,No affirmative source-note count or claim-scope contradiction identified.,2,,32451;32452,,sv Albert vN
827,Ackerman,Martinus Casper,Graaff Reinet,retain,No affirmative source-note count or claim-scope contradiction identified.,6,,30486;30487;30488;30489;30490;30491,,
828,Vermeulen,Petrus Cornelis,Graaff Reinet,retain,No affirmative source-note count or claim-scope contradiction identified.,1,,32566,,
829,Du Toit,Thomas Arnoldus,Graaff Reinet,retain,No affirmative source-note count or claim-scope contradiction identified.,6,,31028;31029;31030;31031;31032;31033,Widow inherited,
83,De Villiers,Tielman,Beaufort,retain,No affirmative source-note count or claim-scope contradiction identified.,5,,36005;36006;36007;36008;36009,,
830,Visser,Gerrit Petrus,Graaff Reinet,retain,No affirmative source-note count or claim-scope contradiction identified.,10,,32614;32615;32616;32617;32618;32619;32620;32621;32622;32623,,sv J
831,Du Plessis,Jan Gabriel,Graaff Reinet,retain,No affirmative source-note count or claim-scope contradiction identified.,1,,30951,,sv JG
832,Erasmus,Petrus Rasmus,Graaff Reinet,retain,No affirmative source-note count or claim-scope contradiction identified.,2,,31054;31055,,
833,Du Preez,Hermanus Carel,Graaff Reinet,exclude,same_UCL_and_exact_owner_in_multiple_districts,2,,30960;30961,,
834,Van der Linde,Gerhardus Leonardus,Graaff Reinet,retain,No affirmative source-note count or claim-scope contradiction identified.,1,,32031,,
835,Jacobs,Christoffel Johannes,Graaff Reinet,retain,No affirmative source-note count or claim-scope contradiction identified.,5,,31172;31173;31174;31175;31176,,
836,Jacobs,Jacobus Johannes,Graaff Reinet,retain,No affirmative source-note count or claim-scope contradiction identified.,7,,31179;31180;31181;31182;31183;31184;31185,,sv P
837,Kruger,Abraham Jacobus,Graaff Reinet,exclude,Explicit note says one slave only but two recorded.,2,1,31282;31283,1 slave only,
838,Jacobs,David,Graaff Reinet,retain,No affirmative source-note count or claim-scope contradiction identified.,2,,31177;31178,,
839,Griesel,Anna Elizabeth,Graaff Reinet,retain,No affirmative source-note count or claim-scope contradiction identified.,2,,31124;31125,,
840,Du Toit,Johannes Stephanus,Graaff Reinet,retain,No affirmative source-note count or claim-scope contradiction identified.,2,,31008;31009,,sv A
841,Horn,Michiel Frederik,Graaff Reinet,retain,No affirmative source-note count or claim-scope contradiction identified.,1,,31171,,
842,Van der Merwe,Paul Jacobus,Graaff Reinet,retain,No affirmative source-note count or claim-scope contradiction identified.,13,,32150;32151;32152;32153;32154;32155;32156;32157;32158;32159;32160;32161;32162,,sv Andries
843,Van der Merwe,Andries,Graaff Reinet,retain,No affirmative source-note count or claim-scope contradiction identified.,1,,32045,No Name LBS,sr
844,Liebenberg,Charl Johannes,Graaff Reinet,retain,No affirmative source-note count or claim-scope contradiction identified.,1,,31342,,
845,Conradie,Jacob Johannes,Graaff Reinet,retain,No affirmative source-note count or claim-scope contradiction identified.,5,,30849;30850;30851;30852;30853,,sv Willem
846,Van der Merwe,Anries Petrus,Graaff Reinet,retain,No affirmative source-note count or claim-scope contradiction identified.,3,,32051;32052;32053,,sv Roelof
847,Pienaar,Barend,Graaff Reinet,retain,No affirmative source-note count or claim-scope contradiction identified.,5,,31629;31630;31631;31632;31633,deceased,sv Barend
848,Viljoen,Jan Hendrik,Graaff Reinet,retain,No affirmative source-note count or claim-scope contradiction identified.,1,,32582,,sv Hendrik
849,Van der Merwe,Petrus,Graaff Reinet,retain,No affirmative source-note count or claim-scope contradiction identified.,5,,32170;32171;32172;32173;32174,,sv Hendrik Schalk
850,Van der Merwe,Nicolaas Johannes Stephanus,Graaff Reinet,retain,No affirmative source-note count or claim-scope contradiction identified.,3,,32145;32146;32147,,
851,Pretorius,Charl,Graaff Reinet,retain,No affirmative source-note count or claim-scope contradiction identified.,6,,31675;31676;31677;31678;31679;31680,,sv L
852,Wiid,Johannes Andries,Graaff Reinet,retain,No affirmative source-note count or claim-scope contradiction identified.,1,,32665,,
853,Pienaar,Hendrik Jacobus,Graaff Reinet,retain,No affirmative source-note count or claim-scope contradiction identified.,1,,31634,,
854,Van der Merwe,Nicolaas,Graaff Reinet,exclude,explicit_external_slave_count_differs_from_local_rows,2,1,32148;32149,1 slave claim,sv David
855,Bezuidehout,Wynand Frederik,Graaff Reinet,retain,No affirmative source-note count or claim-scope contradiction identified.,5,,30529;30530;30531;30532;30533,,
856,Liebenberg,Barend Godlieb,Graaff Reinet,retain,No affirmative source-note count or claim-scope contradiction identified.,1,,31341,,
857,Pienaar,Pieter Jacobus,Graaff Reinet,retain,No affirmative source-note count or claim-scope contradiction identified.,1,,31645,,sv P
858,Theron,Jacobus Arnoldus,Graaff Reinet,retain,No affirmative source-note count or claim-scope contradiction identified.,1,,31941,,
859,Botha,Theunis Johannes,Graaff Reinet,retain,No affirmative source-note count or claim-scope contradiction identified.,2,,30599;30600,,
860,Theron,Thomas Francois,Graaff Reinet,retain,No affirmative source-note count or claim-scope contradiction identified.,3,,31942;31943;31944,,sv J
861,Mouton,Johannes Paulus,Graaff Reinet,retain,No affirmative source-note count or claim-scope contradiction identified.,2,,31460;31461,,
862,Van den Berg,Anna Johanna Christina,Graaff Reinet,retain,No affirmative source-note count or claim-scope contradiction identified.,1,,32002,,
863,Malan,Pieter,Graaff Reinet,retain,No affirmative source-note count or claim-scope contradiction identified.,5,,31396;31397;31398;31399;31400,,sv Daniel
864,Van Heerden,Andries Petrus,Graaff Reinet,retain,No affirmative source-note count or claim-scope contradiction identified.,3,,32349;32350;32351,,
865,Minnaar,Philip Carel,Graaff Reinet,retain,No affirmative source-note count or claim-scope contradiction identified.,2,,31456;31457,,
866,Engelbrecht,Pieter [deceased],Graaff Reinet,retain,No affirmative source-note count or claim-scope contradiction identified.,2,,31044;31045,Francina Johanna vd Merwe,
867,Vorster,Schalk Willem,Graaff Reinet,retain,No affirmative source-note count or claim-scope contradiction identified.,2,,32653;32654,,sv SW V
868,Burger,Anries Bartolomeus,Graaff Reinet,retain,No affirmative source-note count or claim-scope contradiction identified.,2,,30672;30673,,
869,Van Heerden,Carel Jacobus,Graaff Reinet,retain,No affirmative source-note count or claim-scope contradiction identified.,4,,32354;32355;32356;32357,Op Sneeuberg,sr
870,Van Heerden,Willem Stephanus,Graaff Reinet,retain,No affirmative source-note count or claim-scope contradiction identified.,8,,32409;32410;32411;32412;32413;32414;32415;32416,Op Sneeuberg,
871,Burger,Barend Jacobus,Graaff Reinet,retain,No affirmative source-note count or claim-scope contradiction identified.,5,,30676;30677;30678;30679;30680,,
872,Burger,Andries Jacobus,Graaff Reinet,retain,No affirmative source-note count or claim-scope contradiction identified.,15,,30657;30658;30659;30660;30661;30662;30663;30664;30665;30666;30667;30668;30669;30670;30671,,
873,Burger,Barend Jacobus,Graaff Reinet,retain,No affirmative source-note count or claim-scope contradiction identified.,1,,30690,Elsje Pienaar,sv Andries
875,Burger,Barend Jacobus deceased,Graaff Reinet,retain,No affirmative source-note count or claim-scope contradiction identified.,9,,30681;30682;30683;30684;30685;30686;30687;30688;30689,,
876,Burger,Barend deceased,Graaff Reinet,retain,No affirmative source-note count or claim-scope contradiction identified.,2,,30674;30675,,
877,Pienaar,Schalk Willem,Graaff Reinet,retain,No affirmative source-note count or claim-scope contradiction identified.,3,,31647;31648;31649,,sv Schalk
878,Van Heerden,Schalk Willem,Graaff Reinet,retain,No affirmative source-note count or claim-scope contradiction identified.,2,,32390;32391,Hendrik Willem Lategan,sv Carel J
879,Viljoen,Fredrik Jacobus,Graaff Reinet,retain,No affirmative source-note count or claim-scope contradiction identified.,1,,32574,,sv Hendrik
881,Blom,Barend Pieter,Graaff Reinet,retain,No affirmative source-note count or claim-scope contradiction identified.,3,,30548;30549;30550,,sv Daniel
882,Van der Merwe,Roelof Petrus,Graaff Reinet,retain,No affirmative source-note count or claim-scope contradiction identified.,14,,32180;32181;32182;32183;32184;32185;32186;32187;32188;32189;32190;32191;32192;32193,,
883,Van der Merwe,Johannes Petrus,Graaff Reinet,retain,No affirmative source-note count or claim-scope contradiction identified.,2,,32141;32142,Sneeuberg,
884,Retief,Petrus Jacobus,Graaff Reinet,retain,No affirmative source-note count or claim-scope contradiction identified.,17,,31812;31813;31814;31815;31816;31817;31818;31819;31820;31821;31822;31823;31824;31825;31826;31827;31828,,
885,Lubbe,Carel Johannes,Graaff Reinet,retain,No affirmative source-note count or claim-scope contradiction identified.,7,,31381;31382;31383;31384;31385;31386;31387,,
886,Viljoen,Hermanus David Jac,Graaff Reinet,retain,No affirmative source-note count or claim-scope contradiction identified.,6,,32575;32576;32577;32578;32579;32580,,
887,Groenewald,Johannes,Graaff Reinet,retain,No affirmative source-note count or claim-scope contradiction identified.,5,,31142;31143;31144;31145;31146,,
888,Van der Merwe,Johanna Catharina,Graaff Reinet,retain,No affirmative source-note count or claim-scope contradiction identified.,3,,32129;32130;32131,,
889,Conradie,Johannes Lodewicus,Graaff Reinet,retain,No affirmative source-note count or claim-scope contradiction identified.,1,,30854,,sv Willem
890,Conradie,Petrus Jacobus,Graaff Reinet,retain,No affirmative source-note count or claim-scope contradiction identified.,4,,30855;30856;30857;30858,,sv Willem
891,Van Niekerk,Guilliam,Graaff Reinet,retain,No affirmative source-note count or claim-scope contradiction identified.,5,,32446;32447;32448;32449;32450,,sv Jan Albert
892,Olivier,Gerrit Jacobus,Graaff Reinet,retain,No affirmative source-note count or claim-scope contradiction identified.,10,,31589;31590;31591;31592;31593;31594;31595;31596;31597;31598,,
893,Van der Merwe,Anna Sophia,Graaff Reinet,retain,No affirmative source-note count or claim-scope contradiction identified.,5,,32046;32047;32048;32049;32050,Van Heerden,
894,Van Heerden,Magdalena Carolina,Graaff Reinet,retain,No affirmative source-note count or claim-scope contradiction identified.,2,,32380;32381,,
895,Van Heerden,David Jacobus,Graaff Reinet,retain,No affirmative source-note count or claim-scope contradiction identified.,1,,32358,,sv JS vH
896,Van Heerden,Isaac Petrus,Graaff Reinet,retain,No affirmative source-note count or claim-scope contradiction identified.,1,,32367,,sv JS vH
897,Van Heerden,Hendrik Schalk,Graaff Reinet,retain,No affirmative source-note count or claim-scope contradiction identified.,1,,32359,,sv JS vH
898,Van Heerden,Jacobus Johannes,Graaff Reinet,retain,No affirmative source-note count or claim-scope contradiction identified.,1,,32368,,sv JS vH
899,Smit,Nicolaas Jacobus,Graaff Reinet,retain,No affirmative source-note count or claim-scope contradiction identified.,4,,31898;31899;31900;31901,,
9,Vivier,Petrus Jacobus,Beaufort,retain,No affirmative source-note count or claim-scope contradiction identified.,1,,36408,"Mozambique, willing but not strong",sv Piet
900,Van der Merwe,Johannes Lodewicus,Graaff Reinet,retain,No affirmative source-note count or claim-scope contradiction identified.,9,,32132;32133;32134;32135;32136;32137;32138;32139;32140,,sv DS
901,Van der Merwe,Barend Jacobus,Graaff Reinet,retain,No affirmative source-note count or claim-scope contradiction identified.,3,,32059;32060;32061,,sv HvdM
902,Van der Merwe,Isaac Johannes,Graaff Reinet,retain,No affirmative source-note count or claim-scope contradiction identified.,3,,32121;32122;32123,,
903,Van der Merwe,Andries Petrus,Graaff Reinet,retain,No affirmative source-note count or claim-scope contradiction identified.,3,,32037;32038;32039,,sv HvdM
904,Van der Merwe,Hendrik,Graaff Reinet,retain,No affirmative source-note count or claim-scope contradiction identified.,6,,32115;32116;32117;32118;32119;32120,,sv Carel
905,Van der Merwe,Barend,Graaff Reinet,retain,No affirmative source-note count or claim-scope contradiction identified.,1,,32062,,sv Hendrik vdM
906,Van Heerden,Willem Frederik,Graaff Reinet,retain,No affirmative source-note count or claim-scope contradiction identified.,3,,32404;32405;32406,,sv Jac.
907,Van Heerden,Isaac Petrus,Graaff Reinet,retain,No affirmative source-note count or claim-scope contradiction identified.,3,,32364;32365;32366,,sv Carel
908,Rossouw,Petrus Jacobus,Graaff Reinet,retain,No affirmative source-note count or claim-scope contradiction identified.,3,,31835;31836;31837,,
909,Van Heerden,Carel,Graaff Reinet,exclude,explicit_external_slave_count_differs_from_local_rows,2,3,32352;32353,UCL shows 3 slaves,
910,Pienaar,Schalk Willem,Graaff Reinet,retain,No affirmative source-note count or claim-scope contradiction identified.,1,,31646,,sv Barend
911,Pienaar,Petrus,Graaff Reinet,retain,No affirmative source-note count or claim-scope contradiction identified.,3,,31642;31643;31644,,sv Barend
912,Pretorius,Johannes Jacobus,Graaff Reinet,retain,No affirmative source-note count or claim-scope contradiction identified.,3,,31701;31702;31703,,sv WL
913,Van Heerden,Willem Aron,Graaff Reinet,retain,No affirmative source-note count or claim-scope contradiction identified.,12,,32392;32393;32394;32395;32396;32397;32398;32399;32400;32401;32402;32403,,
914,Van Heerden,Jacobus Schalk,Graaff Reinet,retain,No affirmative source-note count or claim-scope contradiction identified.,9,,32369;32370;32371;32372;32373;32374;32375;32376;32377,J.J. Meintjes,sv Jac.
915,Joubert,Hester Geertruy,Graaff Reinet,retain,No affirmative source-note count or claim-scope contradiction identified.,1,,31243,Jacobus Pienaar deceased,
916,Theron,David Carel,Graaff Reinet,retain,No affirmative source-note count or claim-scope contradiction identified.,5,,31936;31937;31938;31939;31940,,sv Pieter
917,Van Heerden,Isaac Lodewyk,Graaff Reinet,retain,No affirmative source-note count or claim-scope contradiction identified.,3,,32361;32362;32363,,
918,Van Heerden,Roelof,Graaff Reinet,retain,No affirmative source-note count or claim-scope contradiction identified.,8,,32382;32383;32384;32385;32386;32387;32388;32389,,sv Willem
919,Van der Merwe,David Schalk,Graaff Reinet,retain,No affirmative source-note count or claim-scope contradiction identified.,2,,32078;32079,,sv Hendrik
920,Maartens,Joachim Hendrik,Graaff Reinet,retain,No affirmative source-note count or claim-scope contradiction identified.,3,,31393;31394;31395,,sv H
921,Viljoen,Jan Hendrik,Graaff Reinet,retain,No affirmative source-note count or claim-scope contradiction identified.,1,,32581,Susanna Eliz Lubbe,deceased
922,Liebenberg,Albertus Philippus,Graaff Reinet,retain,No affirmative source-note count or claim-scope contradiction identified.,5,,31333;31334;31335;31336;31337,,
923,Liebenberg,Albertus Philippus,Graaff Reinet,retain,No affirmative source-note count or claim-scope contradiction identified.,1,,31338,,
924,Van den Berg,Abraham,Graaff Reinet,retain,No affirmative source-note count or claim-scope contradiction identified.,17,,31985;31986;31987;31988;31989;31990;31991;31992;31993;31994;31995;31996;31997;31998;31999;32000;32001,,
925,Rabie,Christaan Jacobus,Graaff Reinet,retain,No affirmative source-note count or claim-scope contradiction identified.,9,,31782;31783;31784;31785;31786;31787;31788;31789;31790,,
926,Rabie,Jacob,Graaff Reinet,retain,No affirmative source-note count or claim-scope contradiction identified.,4,,31801;31802;31803;31804,,
927,Van der Merwe,Schalk Willem,Graaff Reinet,retain,No affirmative source-note count or claim-scope contradiction identified.,3,,32209;32210;32211,,
928,Du Plessis,Philippus Arnoldus,Graaff Reinet,retain,No affirmative source-note count or claim-scope contradiction identified.,5,,30955;30956;30957;30958;30959,,
929,Du Plessis,Hendrik Christoffel,Graaff Reinet,retain,No affirmative source-note count or claim-scope contradiction identified.,3,,30929;30930;30931,,
930,Van der Merwe,Pieter,Graaff Reinet,retain,No affirmative source-note count or claim-scope contradiction identified.,3,,32176;32177;32178,,sv Jacob
931,Liebenberg,Christaan Jacobus,Graaff Reinet,retain,No affirmative source-note count or claim-scope contradiction identified.,3,,31343;31344;31345,,
933,Greyling,Abraham Carel,Graaff Reinet,retain,No affirmative source-note count or claim-scope contradiction identified.,7,,31113;31114;31115;31116;31117;31118;31119,,
934,Rabie,Isaac Stephanus,Graaff Reinet,retain,No affirmative source-note count or claim-scope contradiction identified.,10,,31791;31792;31793;31794;31795;31796;31797;31798;31799;31800,,
935,Oberholster,Johannes Jacobus,Graaff Reinet,retain,No affirmative source-note count or claim-scope contradiction identified.,24,,31540;31541;31542;31543;31544;31545;31546;31547;31548;31549;31550;31551;31552;31553;31554;31555;31556;31557;31558;31559;31560;31561;31562;31563,,
936,Liebenberg,Johannes Petrus,Graaff Reinet,retain,No affirmative source-note count or claim-scope contradiction identified.,8,,31350;31351;31352;31353;31354;31355;31356;31357,,sv Christiaan
937,Venter,Marcus Albertus,Graaff Reinet,retain,No affirmative source-note count or claim-scope contradiction identified.,1,,32541,,sv Paul
938,Van der Merwe,David Schalk,Graaff Reinet,retain,No affirmative source-note count or claim-scope contradiction identified.,1,,32080,,sv Roelof
939,Blom,Daniel,Graaff Reinet,retain,No affirmative source-note count or claim-scope contradiction identified.,7,,30555;30556;30557;30558;30559;30560;30561,,sv Daniel
940,Van der Merwe,David Jacobus,Graaff Reinet,retain,No affirmative source-note count or claim-scope contradiction identified.,2,,32066;32067,,sv Carel
942,Van der Merwe,Willem Jacobus,Graaff Reinet,retain,No affirmative source-note count or claim-scope contradiction identified.,38,,32217;32218;32219;32220;32221;32222;32223;32224;32225;32226;32227;32228;32229;32230;32231;32232;32233;32234;32235;32236;32237;32238;32239;32240;32241;32242;32243;32244;32245;32246;32247;32248;32249;32250;32251;32252;32253;32254,38 slaves,
943,Burger,Barend Jacobus,Graaff Reinet,retain,No affirmative source-note count or claim-scope contradiction identified.,16,,30691;30692;30693;30694;30695;30696;30697;30698;30699;30700;30701;30702;30703;30704;30705;30706,1 eye,sv Barend
944,Van Heerden,Magdalen Johanna,Graaff Reinet,retain,No affirmative source-note count or claim-scope contradiction identified.,2,,32378;32379,Willem Jacobus,
945,Pretorius,Roelof Gerhardus Petrus,Graaff Reinet,retain,No affirmative source-note count or claim-scope contradiction identified.,2,,31767;31768,Shoemaker,
946,Du Toit,Jacobus Francois,Graaff Reinet,retain,No affirmative source-note count or claim-scope contradiction identified.,19,,30980;30981;30982;30983;30984;30985;30986;30987;30988;30989;30990;30991;30992;30993;30994;30995;30996;30997;30998,,
947,Weideman,Hendrik Jacobus,Graaff Reinet,retain,No affirmative source-note count or claim-scope contradiction identified.,1,,32658,Marcus Johannes Fourie,
948,Burger,Alwyn Petrus,Graaff Reinet,retain,No affirmative source-note count or claim-scope contradiction identified.,7,,30650;30651;30652;30653;30654;30655;30656,,sv Schalk Jacobus
949,Smit,Anna,Graaff Reinet,retain,No affirmative source-note count or claim-scope contradiction identified.,4,,31888;31889;31890;31891,,wid MC Dippenaar
950,Joubert,Frans,Graaff Reinet,retain,No affirmative source-note count or claim-scope contradiction identified.,9,,31233;31234;31235;31236;31237;31238;31239;31240;31241,,sr
951,Esterhuizen,Johannes Andries,Graaff Reinet,retain,No affirmative source-note count or claim-scope contradiction identified.,2,,31063;31064,,
952,Wilke,Ernst Johannes Jacobus,Graaff Reinet,retain,No affirmative source-note count or claim-scope contradiction identified.,1,,32666,,
999,Malan,Stephanus Willem,Somerset,retain,No affirmative source-note count or claim-scope contradiction identified.,10,,34661;34662;34689;34690;34767;34768;35210;35211;35369;35404,In Swellendam distrik,
