"vt_surname_orig","vt_surname","vt_name","vt_id","birth_year","birthyear2","birth_or_bapt","death_year","marry_year","distrik","wyk","move_year","move_with","move_to","wife_name","wife_surname","birth_place","bapt_place","vt_source_row","vt_source_key","birth_yr","distrik_clean","census_districts","row_id","leader_std","leader_combined","leader_group"
"ALBACH","ALBACH","IZAK","ALBACHa1",NA,NA,NA,"1838","1821","SOMERSET","BRAKRIVIER",1835,"TREGARDT",NA,"MAGDALENA MARIA","LUCAS","PARIS, FRANCE",NA,2,"Voortrekkers 2.xlsx|Main|2",NA,"SOMERSET","Somerset_multi",1,"Tregardt","Tregardt","Minor Leader"
"ALBERTS","ALBERTS","GERRIT ANDRIES (JACOBUS)","ALBERTSa1b1c5d2","1804","1804","1804","1866","1825","SOMERSET","BRAKRIVIER",1837,NA,"OVS","HESTER CECILIA MAGDALENA","OLIVIER",NA,"GRAAFF-REINETT",4,"Voortrekkers 2.xlsx|Main|4",1804,"SOMERSET","Somerset_multi",2,NA,NA,NA
"ALBERTS","ALBERTS","JOHANNES","ALBERTSa1b3c2",NA,NA,"1780",NA,"1806","SWELLENDAM","SWARTBERG",1840,NA,"TRANSGARIEP","ANNA HELENA","LA GRANGE","SWELLENDAM",NA,5,"Voortrekkers 2.xlsx|Main|5",1780,"SWELLENDAM","Swellendam",3,NA,NA,NA
"ALBERTS","ALBERTS","JOHANNES JOACHIM","ALBERTSa1b3c2d1","1807","1807","1807","1854","1826","SWELLENDAM","SWARTBERG",1835,NA,"TRANSGARIEP","PETRONELLA HERMINA SUSANNA","LA GRANGE","SWELLENDAM",NA,6,"Voortrekkers 2.xlsx|Main|6",1807,"SWELLENDAM","Swellendam",4,NA,NA,NA
"APPEL","APPEL","JOHANNES HENDRICUS","APPELa1b2c2d2e2","1764","1764","1764","1856",NA,"UITENHAGE","SWARTRUGGENS",1840,NA,"TRANSGARIEP",NA,NA,"CAPE TOWN",NA,7,"Voortrekkers 2.xlsx|Main|7",1764,"UITENHAGE","Uitenhage",5,NA,NA,NA
"AUCAMP","AUCAMP","JOHAN DIEDERIK","AUCAMPa1b6c6","1800","1800","1800","1838","1825","GRAAFF-REINET",NA,1837,NA,NA,"GEERTRUIDA MARTHA","NAUDE",NA,NA,10,"Voortrekkers 2.xlsx|Main|10",1800,"GRAAFF-REINET","Graaff-Reinet",6,NA,NA,NA
"BADENHORST","BADENHORST","LOURENS SR","BADENHORSTa1b2c10","1775","1775","1775","1854",NA,"SWELLENDAM","ONDERDUIWENHOKS RIVER",1837,"P.L. UYS","NATAL","JOHANNA CATHARINA","SWART",NA,NA,11,"Voortrekkers 2.xlsx|Main|11",1775,"SWELLENDAM","Swellendam",7,"Uys","Uys","Uys"
"BADENHORST","BADENHORST","LOURENS JR","BADENHORSTa1b2c10d3","1800","1800","1800",NA,"1818","SWELLENDAM","ONDERDUIWENHOKS RIVER",1839,NA,"NATAL","MARIA CATHARINA","KLEINSMIT","SWELLENDAM","TULBACH",12,"Voortrekkers 2.xlsx|Main|12",1800,"SWELLENDAM","Swellendam",8,NA,NA,NA
"BADENHORST","BADENHORST","CASPER HENDRIK SR","BADENHORSTa1b2c2d2","1779","1779","1779",NA,"1801","SOMERSET","BRAKRIVIER",1841,NA,"NATAL","CATHARINA ALETTA","VAN DEN BERG",NA,NA,15,"Voortrekkers 2.xlsx|Main|15",1779,"SOMERSET","Somerset_multi",9,NA,NA,NA
"BADENHORST","BADENHORST","CASPER HENDRIK JR","BADENHORSTa1b2c2d2e1","1804","1804","1804","1875","1828","SOMERSET","BRAKRIVIER",1841,NA,"NATAL","JUDITH JACOBA","DU PREEZ","GRAAFF-REINET",NA,16,"Voortrekkers 2.xlsx|Main|16",1804,"SOMERSET","Somerset_multi",10,NA,NA,NA
"BADENHORST","BADENHORST","PETRUS JACOBUS","BADENHORSTa1b2c2d2e3",NA,NA,"1807",NA,NA,"CRADOCK","BRAKRIVIER",1840,NA,"NATAL, OHRIGSTAD (1846)","CORNELIA CAROLINA CHRISTINA RACHEL ELISABETH","DU PREEZ",NA,NA,17,"Voortrekkers 2.xlsx|Main|17",1807,"CRADOCK","Cradock",11,NA,NA,NA
"BADENHORST","BADENHORST","HENDRIK GERHARDUS JOHANNES","BADENHORSTa1b2c2d2e4",NA,NA,"1809","1864","1836","CRADOCK",NA,1839,NA,"NATAL","SUSANNA ELISABETH","BADENHORST","GRAAFF-REINET",NA,18,"Voortrekkers 2.xlsx|Main|18",1809,"CRADOCK","Cradock",12,NA,NA,NA
"BADENHORST","BADENHORST","HENDRIK JOHANNES","BADENHORSTa1b2c2d3e1","1805","1805","1805","1883","1827","COLESBERG",NA,1851,NA,"POTCHEFSTROOM","CATHARINA FROULINA","NAGEL",NA,"GRAAFF-REINETT",19,"Voortrekkers 2.xlsx|Main|19",1805,"COLESBERG","Colesberg_multi",13,NA,NA,NA
"BADENHORST","BADENHORST","CORNELIS JACOBUS","BADENHORSTa1b2c2d3e2","1806","1806","1806","1871","1829",NA,NA,1834,NA,NA,"MARIA MAGDALENA","NAGEL","GRAAFF-REINET","GRAAFF-REINETT",20,"Voortrekkers 2.xlsx|Main|20",1806,NA,"Unknown",14,NA,NA,NA
"BADENHORST","BADENHORST","DIRK STEPHANUS PETRUS","BADENHORSTa1b2c2d3e4","1809","1809","1809","1879",NA,NA,NA,NA,NA,NA,"ISABELLA HESTER","VAN STADEN","GRAAFF-REINET","GRAAFF-REINETT",21,"Voortrekkers 2.xlsx|Main|21",1809,NA,"Unknown",15,NA,NA,NA
"BADENHORST","BADENHORST","JACOBUS PETRUS","BADENHORSTa1b2c2d4",NA,NA,"1785",NA,"1815","CRADOCK","BRAKRIVIER",NA,NA,"OHRIGSTAD","ANNA PETRONELLA","AUCAMP",NA,NA,22,"Voortrekkers 2.xlsx|Main|22",1785,"CRADOCK","Cradock",16,NA,NA,NA
"BARNARD","BARNARD","WILLEM HENDRIK","BARNARDa1b2c4d11",NA,NA,"1782",NA,"1811","BEAUFORT",NA,NA,NA,"TRANSGARIEP","SUSANNA","TERBLANCHE",NA,NA,28,"Voortrekkers 2.xlsx|Main|28",1782,"BEAUFORT","Beaufort",17,NA,NA,NA
"BARNARD","BARNARD","MARTHINUS CHRISTOFFEL SR","BARNARDa1b2c4d9",NA,NA,"1784",NA,"1804","BEAUFORT",NA,1837,NA,"TRANSGARIEP","ALETTA FREDRIKA","VAN STADEN",NA,NA,30,"Voortrekkers 2.xlsx|Main|30",1784,"BEAUFORT","Beaufort",18,NA,NA,NA
"BARNARD","BARNARD","JACOB FREDERIK","BARNARDa1b2c4d9e2",NA,NA,"1808",NA,NA,"BEAUFORT","NUWEVELD",1837,NA,"WINBURG",NA,NA,NA,NA,31,"Voortrekkers 2.xlsx|Main|31",1808,"BEAUFORT","Beaufort",19,NA,NA,NA
"BASSON","BASSON","WILLEM JOHANNES","BASSONa1b1c2d4e2f1",NA,NA,"1799",NA,"1820","UITENHAGE","SWARTRUGGENS",NA,"?","?","JOHANNA CORNELIA","BASSON",NA,NA,34,"Voortrekkers 2.xlsx|Main|34",1799,"UITENHAGE","Uitenhage",20,NA,NA,NA
"BASSON","BASSON","MATTHYS MICHIEL","BASSONa1b1c2d4e2f3",NA,NA,"1801",NA,"1825","GRAAFF-REINET","GRAAFF-REINET",1837,NA,NA,"MARIA SALOME","BASSON",NA,NA,35,"Voortrekkers 2.xlsx|Main|35",1801,"GRAAFF-REINET","Graaff-Reinet",21,NA,NA,NA
"BASSON","BASSON","NICOLAAS JOHANNES SALOMON","BASSONa1b1c2d4e3f4",NA,NA,"1800","1848","1824","UITENHAGE","SWARTRUGGENS",1839,NA,"WINBURG","MAGDALENA JOHANNA JACOBA","GOUWS",NA,NA,37,"Voortrekkers 2.xlsx|Main|37",1800,"UITENHAGE","Uitenhage",22,NA,NA,NA
"BEETGE","BEETGE","JOHANNES ANDRIES","BEETGEa1b1",NA,NA,"1797","1854","1828","COLESBERG","ONDER-SEEKOEISRIVIER",1838,NA,"POTCHEFSTROOM","MAGDALENA CATHARINA","JOOSTE",NA,"GRAAFF-REINET",38,"Voortrekkers 2.xlsx|Main|38",1797,"COLESBERG","Colesberg_multi",23,NA,NA,NA
"BEKKER","BEKKER","JOHANNES JURGEN SR","BEKKERa1b4c1d10",NA,NA,"1799","1840","1798","UITENHAGE",NA,1839,"BEKKER","NATAL  (1839)","JOHANNA","BEKKER",NA,NA,39,"Voortrekkers 2.xlsx|Main|39",1799,"UITENHAGE","Uitenhage",24,"Other","Other","Minor Leader"
"BEKKER","BEKKER","JOHANNES JURGEN JR","BEKKERa1b4c1d10e5",NA,NA,"1806",NA,"1826","UITENHAGE",NA,NA,"J.A. ENSLIN","NATAL (1839)","MARTHA ANNA ALETTA","VILJOEN",NA,NA,40,"Voortrekkers 2.xlsx|Main|40",1806,"UITENHAGE","Uitenhage",25,"Other","Other","Minor Leader"
"BEKKER","BEKKER","ADRIAAN","BEKKERa1b4c1d1e11",NA,NA,"1798",NA,"1822","GEORGE",NA,1836,NA,"NATAL","PETRONELLA CATHARINA","SCHOEMAN",NA,NA,41,"Voortrekkers 2.xlsx|Main|41",1798,"GEORGE","George",26,NA,NA,NA
"BEKKER","BEKKER","HENDRIK MARTHINUS","BEKKERa1b4c1d1e6",NA,NA,"1791",NA,"1812","CRADOCK","BRAKRIVIER",NA,NA,"POTCHEFSTROOM (1842)","EMMERELDA HESTER","BOTHA",NA,NA,42,"Voortrekkers 2.xlsx|Main|42",1791,"CRADOCK","Cradock",27,NA,NA,NA
"BEKKER","BEKKER","MARTHINUS","BEKKERa1b4c1d1e9",NA,NA,"1794",NA,"1819","CRADOCK","TARKA",1831,"JAN DU PLESSIS","NATAL","MARIA CATHARINA","FOUCHE",NA,NA,43,"Voortrekkers 2.xlsx|Main|43",1794,"CRADOCK","Cradock",28,"Du Plessis","Du Plessis","Du Plessis"
"BEKKER","BEKKER","RYNIER JOHANNES","BEKKERa1b6c3d1e10",NA,NA,"1809","1837","1832","GEORGE",NA,1837,NA,"?","SUSANNA JOHANNA CHRISTINA","HARTMAN",NA,NA,44,"Voortrekkers 2.xlsx|Main|44",1809,"GEORGE","George",29,NA,NA,NA
"BEKKER","BEKKER","JACOBUS PETRUS","BEKKERa1b6c3d1e2",NA,NA,"1794",NA,"1822","SOMERSET-OOS","BO-BOESMANSRIVIER",1838,NA,"POTCHEFSTROOM","SUSARA MARIA","SNYMAN",NA,NA,47,"Voortrekkers 2.xlsx|Main|47",1794,"SOMERSET-OOS","Somerset_multi",30,NA,NA,NA
"BEKKER","BEKKER","PETRUS JOHANNES","BEKKERa1b6c3d5e3",NA,NA,"1802",NA,"1823","CRADOCK","TARKA",1837,"JAN DU PLESSIS","POTCHEFSTROOM","HESTER MARIA","SWIEGERS",NA,NA,48,"Voortrekkers 2.xlsx|Main|48",1802,"CRADOCK","Cradock",31,"Du Plessis","Du Plessis","Du Plessis"
"BESTER","BESTER","HERMANUS JACOBUS","BESTERa1b1c2d5",NA,NA,"1799",NA,"1828","SWELLENDAM","ONDER-RIVERSONDEREND",1837,NA,"NATAL","MARGARETHA MARIA","PIETERSE",NA,NA,49,"Voortrekkers 2.xlsx|Main|49",1799,"SWELLENDAM","Swellendam",32,NA,NA,NA
"BESTER","BESTER","ANDRIES NICOLAAS","BESTERa1b3c5d4",NA,NA,"1793","1838","1814","SWELLENDAM","LANGEBERG",1837,NA,NA,"APPOLONIA CATHARINA","VOSLOO",NA,NA,50,"Voortrekkers 2.xlsx|Main|50",1793,"SWELLENDAM","Swellendam",33,NA,NA,NA
"BESTER","BESTER","PAUL DIRK","BESTERa1b4c3d1",NA,NA,"1788","1841","1808","SOMERSET","BAVIAANSRIVIER",1837,NA,"NATAL, WEENEN","ISOBELLA ELISABETH","LOMBARD",NA,NA,51,"Voortrekkers 2.xlsx|Main|51",1788,"SOMERSET","Somerset_multi",34,NA,NA,NA
"BESTER","BESTER","ANDRIES","BESTERa1b4c3d3","1791","1791","1791",NA,"1811","SOMERSET","BAVIAANSRIVIER",1837,NA,"WINBURG","MARGARETHA LOUISA","ERASMUS",NA,NA,54,"Voortrekkers 2.xlsx|Main|54",1791,"SOMERSET","Somerset_multi",35,NA,NA,NA
"BESTER","BESTER","BARNARD JACOBUS SR","BESTERa1b4c3d4",NA,NA,"1793","1838","1813","CRADOCK","TARKA",1838,"A.W.J. PRETORIUS","NATAL","ANNA SUSANNA","ERASMUS",NA,NA,56,"Voortrekkers 2.xlsx|Main|56",1793,"CRADOCK","Cradock",36,"Pretorius","Pretorius","Pretorius"
"BESTER","BESTER","THEUNIS CHRISTIAAN","BESTERa1b4c3d6",NA,NA,"1797",NA,"1816","ALBANY","KOONAP",1837,NA,"NATAL","JOHANNA HELENA","NEL",NA,NA,61,"Voortrekkers 2.xlsx|Main|61",1797,"ALBANY","Albany",37,NA,NA,NA
"BEUKES","BEUKES","JOHANNES ANDREAS","BEUKESa1b1c2d2",NA,NA,"1779",NA,"1798","CRADOCK","TARKA",NA,NA,"POTCHEFSTROOM (1840)","MARIA DOROTHEA","BOTHA",NA,NA,63,"Voortrekkers 2.xlsx|Main|63",1779,"CRADOCK","Cradock",38,NA,NA,NA
"BEUKES","BEUKES","JACOBUS CORNELIS","BEUKESa1b1c2d2e4","1805","1805","1805","1865","1825","CRADOCK","TARKA",NA,"A.H. POTGIETER","TRANSGARIEP","MARTHA MARIA MAGDALENA","NIEUWENHUIZEN",NA,NA,64,"Voortrekkers 2.xlsx|Main|64",1805,"CRADOCK","Cradock",39,"Potgieter","Potgieter","Potgieter"
"BEUKES","BEUKES","CORNELIUS JOHANNES","BEUKESa1b1c2d5","1785","1785","1785","1874","1806","BEAUFORT","NUWEVELD",NA,NA,"TRANSGARIEP","ANNA MARGARETHA","VAN DER MERWE",NA,NA,65,"Voortrekkers 2.xlsx|Main|65",1785,"BEAUFORT","Beaufort",40,NA,NA,NA
"BEUKES","BEUKES","MATTHEUS GERHARDUS","BEUKESa1b9c1d2e1",NA,NA,"1809",NA,"1836","SWELLENDAM","BREEDERIVIER",1837,NA,NA,"HENDRIKA ELSABE","SWART",NA,NA,67,"Voortrekkers 2.xlsx|Main|67",1809,"SWELLENDAM","Swellendam",41,NA,NA,NA
"BEZUIDENHOUT","BEZUIDENHOUT","JOHANNES SR","BEZUIDENHOUTa2","1777","1777","1777",NA,"1801","BEAUFORT",NA,1838,"P.D. JACOBS",NA,"MAGDALENA GEERTRUIDA","a2b6c2d2",NA,NA,68,"Voortrekkers 2.xlsx|Main|68",1777,"BEAUFORT","Beaufort",42,"Jacobs","Jacobs","Jacobs"
"BEZUIDENHOUT","BEZUIDENHOUT","MATTHYS MARTHINUS","BEZUIDENHOUTa2b1","1806","1806","1806",NA,"1807","COLESBERG",NA,1843,"P.D. JACOBS","WINBURG","LEA","BEZUIDENHOUT",NA,"GRAAFF-REINET",69,"Voortrekkers 2.xlsx|Main|69",1806,"COLESBERG","Colesberg_multi",43,"Jacobs","Jacobs","Jacobs"
"BEZUIDENHOUT","BEZUIDENHOUT","WYNAND CAREL","BEZUIDENHOUTa2b2",NA,NA,NA,NA,"1829","BEAUFORT",NA,1829,"P.D. JACOBS","APRIL/MAY 1838","ANNA CATHARINA SUSANNA","BOOYSENS",NA,NA,70,"Voortrekkers 2.xlsx|Main|70",NA,"BEAUFORT","Beaufort",44,"Jacobs","Jacobs","Jacobs"
"BEZUIDENHOUT","BEZUIDENHOUT","WYNAND FREDERIK","BEZUIDENHOUTa1b4c2d3e4",NA,NA,"1778","1838","1796","GRAAFF-REINET","UITVLUGT",1837,"JACOB DE KLERK","NATAL","CATHARINA PETRONELLA","VENTER",NA,NA,75,"Voortrekkers 2.xlsx|Main|75",1778,"GRAAFF-REINET","Graaff-Reinet",45,"De Klerk","De Klerk","De Klerk"
"BEZUIDENHOUT","BEZUIDENHOUT","FREDERIK JACOBUS","BEZUIDENHOUTa1b4c6d9e5",NA,NA,"1798",NA,"1819","BEAUFORT",NA,NA,NA,"PIETERMARITZBURG (1841)","MARTHA ELISABETH","ENGELBRECHT",NA,"SWELLENDAM",80,"Voortrekkers 2.xlsx|Main|80",1798,"BEAUFORT","Beaufort",46,NA,NA,NA
"BEZUIDENHOUT","BEZUIDENHOUT","CORNELIS JOHANNES","BEZUIDENHOUTa1b4c6d9e7","1803","1803","1803",NA,"1824","COLESBERG",NA,1845,NA,"POTCHEFSTROOM","SUSANNA PETRONELLA","VIVIERS",NA,NA,82,"Voortrekkers 2.xlsx|Main|82",1803,"COLESBERG","Colesberg_multi",47,NA,NA,NA
"BEZUIDENHOUT","BEZUIDENHOUT","COENRAAD","BEZUIDENHOUTa1b4c6d9e8","1804","1804","1804",NA,"1830","BEAUFORT",NA,1836,NA,"BINNELAND","ZACHARYA JACOMINA","SNYDERS",NA,"SWELLENDAM",83,"Voortrekkers 2.xlsx|Main|83",1804,"BEAUFORT","Beaufort",48,NA,NA,NA
"BODENSTEIN","BODENSTEIN","JOHANNES","BODENSTEINa1b2",NA,NA,"1796","1848","1817","BEAUFORT",NA,1837,NA,"NATAL","HENDRINA JOHANNA","BRITS",NA,"CAPE TOWN",84,"Voortrekkers 2.xlsx|Main|84",1796,"BEAUFORT","Beaufort",49,NA,NA,NA
"BOOYSEN","BOOYSEN","JOHANNES","BOOYSENa1b2c2d3",NA,NA,"1788",NA,"1815","UITENHAGE","ONDER-BOESMANSRIVIER",1837,"KAREL LANDMAN","NATAL","ANNA ELISABETH","LAS",NA,NA,86,"Voortrekkers 2.xlsx|Main|86",1788,"UITENHAGE","Uitenhage",50,"Landman","Landman","Landman"
"BOOYSEN","BOOYSEN","DIRK","BOOYSENa1b2c2d4",NA,NA,"1798",NA,"1823","UITENHAGE","ONDER-BOESMANSRIVIER",1837,"KAREL LANDMAN","POTCHEFSTROOM","HESTER SUSANNA","OOSTHUIZEN",NA,NA,87,"Voortrekkers 2.xlsx|Main|87",1798,"UITENHAGE","Uitenhage",51,"Landman","Landman","Landman"
"BOOYSEN","BOOYSEN","FRANS ABRAHAM","BOOYSENa1b2c2d6",NA,NA,"1803","1849","1821","UITENHAGE","ONDER-BOESMANSRIVIER",1837,"KAREL LANDMAN","NATAL - POTCHEFSTROOM","PETRONELLA CATHARINA ALETTA","NEL",NA,NA,88,"Voortrekkers 2.xlsx|Main|88",1803,"UITENHAGE","Uitenhage",52,"Landman","Landman","Landman"
"BOOYSEN","BOOYSEN","CORNELIS HERMANUS ZACHARIAS","BOOYSENa1b3c4d5e7",NA,NA,"1809","1848",NA,"SOMERSET","BAVIAANSRIVIER",1838,"H.S. LOMBAARD","WINBURG","JACOMINA HENDRINA","GREYLING",NA,NA,89,"Voortrekkers 2.xlsx|Main|89",1809,"SOMERSET","Somerset_multi",53,"Lombard","Lombard","Minor Leader"
"BORNMAN","BORNMAN","JOHAN CHRISTIAAN","BORNMANa1b1","1789","1789","1789","1862","1809","GRAAFF-REINET","WINTERVELD",1838,NA,"WINBURG","CORNELIA CAROLINA","DU PREEZ",NA,NA,93,"Voortrekkers 2.xlsx|Main|93",1789,"GRAAFF-REINET","Graaff-Reinet",54,NA,NA,NA
"BOSHOF","BOSHOF","WILLEM HENDRIK","BOSHOFa1b1c3d1",NA,NA,"1801",NA,NA,"GEORGE",NA,1838,NA,"WINBURG","CATHARINA MARIA","BARNARD",NA,NA,100,"Voortrekkers 2.xlsx|Main|100",1801,"GEORGE","George",55,NA,NA,NA
"BOSHOF","BOSHOF","JACOBUS NICOLAAS SR","BOSHOFa1b3c1","1784","1784","1784","1844","1807","SWELLENDAM","SWELLENDAM",1839,NA,"NATAL","ALETTA HELENA","JOUBERT",NA,NA,102,"Voortrekkers 2.xlsx|Main|102",1784,"SWELLENDAM","Swellendam",56,NA,NA,NA
"BOSHOF","BOSHOF","JACOBUS NICOLAAS JR","BOSHOFa1b3c1d1","1808","1808","1808","1881","1827","GRAAFF-REINET","GRAAFF-REINET",1839,NA,"NATAL","ADRIANA PETRONELLA GERTRUIDA","VAN ASWEGEN","SWELLENDAM",NA,103,"Voortrekkers 2.xlsx|Main|103",1808,"GRAAFF-REINET","Graaff-Reinet",57,NA,NA,NA
"BOSHOF","BOSHOF","WILLEM HENDRIK","BOSHOFa1b3c3",NA,NA,"1786","1862",NA,"GRAAFF-REINET",NA,NA,NA,"NATAL","MARGARETHA MARIA","NORTJE",NA,NA,107,"Voortrekkers 2.xlsx|Main|107",1786,"GRAAFF-REINET","Graaff-Reinet",58,NA,NA,NA
"BOSMAN","BOSMAN","HERMANUS STEPHANUS","BOSMANa1b7c6d1","1795","1795","1795","1881","1817","STELLENBOSCH","MOSSELBANKSRIVIER",1838,NA,"VICTORIA-WES - POTCEFSTROOM","SARA SUSANNA","HAUMAN",NA,NA,108,"Voortrekkers 2.xlsx|Main|108",1795,"STELLENBOSCH","Stellenbosch",59,NA,NA,NA
"BOTES","BOTES","JAN JACOBUS","BOTESa1b2c1d7","1800","1800","1800","1865","1825","CRADOCK","BRAKRIVIER",NA,NA,"WINBURG","MAGDALENA ADRIANA FRANCINA CAROLINA","BEUKES","BEAUFORT","SWELLENDAM",111,"Voortrekkers 2.xlsx|Main|111",1800,"CRADOCK","Cradock",60,NA,NA,NA
"BOTES","BOTES","ANTHONIE JOHANNES LOURENS","BOTESa1b2c2d6","1802","1802","1802","1874","1825","BEAUFORT",NA,1838,NA,"POTCHEFSTROOM","MARIA ELISABETH","PIETERSE","BEAUFORT",NA,114,"Voortrekkers 2.xlsx|Main|114",1802,"BEAUFORT","Beaufort",61,NA,NA,NA
"BOTES","BOTES","ANDRIES STEPHANUS","BOTESa1b2c4d2","1803","1803","1803","1854","1826","BEAUFORT","KOUP",1834,NA,"TRANSORANJE","CORNELIA ELISABETH","LOMBARD","BEAUFORT",NA,115,"Voortrekkers 2.xlsx|Main|115",1803,"BEAUFORT","Beaufort",62,NA,NA,NA
"BOTES","BOTES","ANTHONIE JOHANNES","BOTESa1b2c6d2","1802","1802","1802",NA,"1827","COLESBERG",NA,1840,NA,"TRANSORANJE","ANNA JOHANNA","OLIVIER",NA,NA,118,"Voortrekkers 2.xlsx|Main|118",1802,"COLESBERG","Colesberg_multi",63,NA,NA,NA
"BOTES","BOTES","FREDERIK JOHANNES JACOBUS","BOTESa1b2c6d3",NA,NA,"1805",NA,"1827","BEAUFORT",NA,NA,NA,"VAALRIVIER","FREDERIKA JOHANNA","BIRK",NA,NA,119,"Voortrekkers 2.xlsx|Main|119",1805,"BEAUFORT","Beaufort",64,NA,NA,NA
"BOTES","BOTES","WIETSE LOURENS","BOTESa1b2c6d4",NA,NA,"1807",NA,"1827","BEAUFORT",NA,1838,NA,"MODDERFONTEIN","JOHANNA PETRONELLA","BOTES",NA,NA,120,"Voortrekkers 2.xlsx|Main|120",1807,"BEAUFORT","Beaufort",65,NA,NA,NA
"BOTES","BOTES","CAREL FREDERIK","BOTESa1b2c7",NA,NA,"1783","1850","1804","BEAUFORT","KOUP",NA,NA,"TRANSORANJE","ALETTA JOHANNA","POTGIETER",NA,NA,122,"Voortrekkers 2.xlsx|Main|122",1783,"BEAUFORT","Beaufort",66,NA,NA,NA
"BOTHA","BOTHA","CHRISTOFFEL FRANCOIS","BOTHAa1b1c2d7e1f4",NA,NA,"1799",NA,"1826","GRAAFF-REINET",NA,1837,NA,"NATAL","ANNA CHRISTINA CORNELIA","VILJOEN",NA,NA,124,"Voortrekkers 2.xlsx|Main|124",1799,"GRAAFF-REINET","Graaff-Reinet",67,NA,NA,NA
"BOTHA","BOTHA","ANDRIES HENDRIK","BOTHAa1b1c7d1e2f1",NA,NA,"1799",NA,"1825","SOMERSET","BAVIAANSRIVIER",NA,NA,"POTCHEFSTROOM (1842)","EVA MARIA ENGELBRECHT",NA,NA,NA,126,"Voortrekkers 2.xlsx|Main|126",1799,"SOMERSET","Somerset_multi",68,NA,NA,NA
"BOTHA","BOTHA","LOURENS RASMUS","BOTHAa1b1c7d1e4f1",NA,NA,"1806",NA,"1830","SOMERSET","OOS-RIETRIVIER",1840,NA,"FALSE RIVER","HILLETJIE LEVINA","BESTER",NA,NA,127,"Voortrekkers 2.xlsx|Main|127",1806,"SOMERSET","Somerset_multi",69,NA,NA,NA
"BOTHA","BOTHA","CHRISTOFFEL JACOBUS","BOTHAa1b1c7d1e9",NA,NA,"1792",NA,"1818","SOMERSET","BO-BOESMANSRIVIER",1840,NA,"NATAL","JOHANNA SUSANNA","JANSE VAN VUUREN",NA,NA,128,"Voortrekkers 2.xlsx|Main|128",1792,"SOMERSET","Somerset_multi",70,NA,NA,NA
"BOTHA","BOTHA","JOHANNES JURGEN","BOTHAa1b1c7d8e7","1805","1805","1805","1880","1832","SOMERSET","KLAAS SMITSRIVIER",NA,"FAMILY",NA,"ELISABETH MARGARETHA","OPPERMAN","SOMERSET",NA,130,"Voortrekkers 2.xlsx|Main|130",1805,"SOMERSET","Somerset_multi",71,"Family/Independent","Family/Independent","Family/Independent"
"BOTHA","BOTHA","HERCULAS DAVID","BOTHAa1b1c7d8e8",NA,NA,"1806",NA,"1829","CRADOCK",NA,1838,NA,"OHRIGSTAD","WILHELMINA HENDRINA","SMITH",NA,NA,131,"Voortrekkers 2.xlsx|Main|131",1806,"CRADOCK","Cradock",72,NA,NA,NA
"BOTHA","BOTHA","PIETER JOHANNES HENDRIK","BOTHAa1b2c4d1e1f3",NA,NA,"1794","1838","1825","SOMERSET","BRAKRIVIER",1835,"TREGARDT",NA,"ANNA MARIA","GEERE",NA,NA,133,"Voortrekkers 2.xlsx|Main|133",1794,"SOMERSET","Somerset_multi",73,"Tregardt","Tregardt","Minor Leader"
"BOTHA","BOTHA","FREDERIK JACOBUS","BOTHAa1b2c4d5e2",NA,NA,"1774",NA,"1810","SOMERSET","TARKA",NA,"A.H. POTGIETER","POTCHEFSTROOM","JOHANNA CORNELIA","VAN DER MERWE",NA,NA,134,"Voortrekkers 2.xlsx|Main|134",1774,"SOMERSET","Somerset_multi",74,"Potgieter","Potgieter","Potgieter"
"BOTHA","BOTHA","CHRISTIAAN","BOTHAa1b2c4d5e4",NA,NA,"1779",NA,"1799","SOMERSET","TARKA",1837,"JAN DU PLESSIS","NATAL","CHRISTINA ELISABETH","VAN AARDE",NA,NA,136,"Voortrekkers 2.xlsx|Main|136",1779,"SOMERSET","Somerset_multi",75,"Du Plessis","Du Plessis","Du Plessis"
"BOTHA","BOTHA","REYNIER","BOTHAa1b2c9d3e4",NA,NA,"1787",NA,"1817","UITENHAGE",NA,1839,NA,NA,"ISABELLA ELISABETH","VAN STADEN",NA,NA,137,"Voortrekkers 2.xlsx|Main|137",1787,"UITENHAGE","Uitenhage",76,NA,NA,NA
"BOTHA","BOTHA","THEUNIS JOHANNES","BOTHAa1b2c9d7e6",NA,NA,"1800","1885","1822","SOMERSET","BRAKRIVIER",1838,NA,"POTCHEFSTROOM","GEERTRUY MARIA","BRONKHORST",NA,NA,139,"Voortrekkers 2.xlsx|Main|139",1800,"SOMERSET","Somerset_multi",77,NA,NA,NA
"BOTHA","BOTHA","WILLEM","BOTHAa1b2c9d8e1","1790","1790","1790",NA,"1817","SOMERSET","TARKA",1836,NA,"WINBURG","ANNA CHRISTINA MAGDALENA","PIETERSE",NA,"PAARL",140,"Voortrekkers 2.xlsx|Main|140",1790,"SOMERSET","Somerset_multi",78,NA,NA,NA
"BOTHA","BOTHA","PETRUS JOHANNES","BOTHAa1b4c10d10e1",NA,NA,"1799",NA,"1821","GEORGE",NA,1840,"ALONE","NATAL","HELENA DOROTHEA","CARELSE",NA,NA,141,"Voortrekkers 2.xlsx|Main|141",1799,"GEORGE","George",79,"Family/Independent","Family/Independent","Family/Independent"
"BOTHA","BOTHA","WILLEM ADRIAAN","BOTHAa1b4c10d10e2",NA,NA,"1800",NA,NA,"GEORGE",NA,1838,NA,NA,"MARIA","SCHOEMAN",NA,NA,142,"Voortrekkers 2.xlsx|Main|142",1800,"GEORGE","George",80,NA,NA,NA
"BOTHA","BOTHA","JACOBUS MATHINUS","BOTHAa1b4c10d10e3",NA,NA,"1802",NA,"1824","UITENHAGE",NA,1840,"WINBURG",NA,"MARGARETHA DOROTHEA","CARELSE",NA,NA,143,"Voortrekkers 2.xlsx|Main|143",1802,"UITENHAGE","Uitenhage",81,"Other","Other","Minor Leader"
"BOTHA","BOTHA","JOHANNES LODEWICUS PETRUS","BOTHAa1b5c9d1e2",NA,NA,"1789",NA,"1809","GRAAFF-REINET",NA,1836,"A.H. POTGIETER","NATAL","JOHANNA CHRISTINA","VAN DEN BERG",NA,NA,144,"Voortrekkers 2.xlsx|Main|144",1789,"GRAAFF-REINET","Graaff-Reinet",82,"Potgieter","Potgieter","Potgieter"
"BOTHA","BOTHA","WILLEM JACOBUS","BOTHAa1b5c9d1e6",NA,NA,"1798",NA,"1823","COLESBERG",NA,1836,"A.H. POTGIETER",NA,"ESTER FRANCINA JACOBA","HENNOP",NA,NA,145,"Voortrekkers 2.xlsx|Main|145",1798,"COLESBERG","Colesberg_multi",83,"Potgieter","Potgieter","Potgieter"
"BOTHA","BOTHA","ALWYN PETRUS","BOTHAa1b5c9d1e7",NA,NA,"1801",NA,"1823","GRAAFF-REINET","WINTERVELD",NA,NA,"POTCHEFSTROOM (1840)","ANNA MARGARETHA CATHARINA","SMIT",NA,NA,146,"Voortrekkers 2.xlsx|Main|146",1801,"GRAAFF-REINET","Graaff-Reinet",84,NA,NA,NA
"BOTHA","BOTHA","JOHANNES CHRISTIAAN","BOTHAa1b1c7d1e10",NA,NA,"1794",NA,"1819","SOMERSET","TARKA",1836,"A.H. POTGIETER",NA,"CATHARINA MARIA","JANSE VAN VUUREN",NA,NA,149,"Voortrekkers 2.xlsx|Main|149",1794,"SOMERSET","Somerset_multi",85,"Potgieter","Potgieter","Potgieter"
"BOTHA","BOTHA","RUDOLPH PHILIP","BOTHAa1b1c7d1e12",NA,NA,"1801","1869","1827","SOMERSET","BO-BOESMANSRIVIER",NA,NA,"TRANSORANJE (1845)","ANNA JACOBA","SWART",NA,NA,150,"Voortrekkers 2.xlsx|Main|150",1801,"SOMERSET","Somerset_multi",86,NA,NA,NA
"BOTHA","BOTHA","ERNST ADRIAAN LODEWYK","BOTHAa1b1c7d1e15","1809","1809","1809",NA,"1831","SOMERSET","BO-BOESMANSRIVIER",NA,NA,"NATAL (1842)","HELENA JOHANNA FRANCINA","VAN DYK",NA,NA,151,"Voortrekkers 2.xlsx|Main|151",1809,"SOMERSET","Somerset_multi",87,NA,NA,NA
"BOTHA","BOTHA","THEUNIS LOUIS","BOTHAa1b1c7d1e4","1775","1775","1775","1865",NA,"SOMERSET","OOS-RIETRIVIER",1838,NA,"KROONSTAD (TRANSORANJE)","ELISABETH JOHANNA","ERASMUS",NA,NA,152,"Voortrekkers 2.xlsx|Main|152",1775,"SOMERSET","Somerset_multi",88,NA,NA,NA
"BOTHA","BOTHA","CHRISTOFFEL JACOBUS THEUNIS","BOTHAa1b1c7d2e9",NA,NA,"1790","1871","1817","SOMERSET","BO-BOESMANSRIVIER",NA,NA,"NATAL (1841)","MARIA DOROTHEA","TERBLANCHE",NA,NA,154,"Voortrekkers 2.xlsx|Main|154",1790,"SOMERSET","Somerset_multi",89,NA,NA,NA
"BOTHA","BOTHA","THEUNIS GERHARDUS","BOTHAa1b1c7d8e6",NA,NA,"1804","1867","1821","SOMERSET","TARKA",1837,"FREDERIK ELS",NA,"ANNA CORNELIA MARIA","ELS",NA,NA,156,"Voortrekkers 2.xlsx|Main|156",1804,"SOMERSET","Somerset_multi",90,"Other","Other","Minor Leader"
"BOTHA","BOTHA","PIETER JOHANNES","BOTHAa1b2c4d1e2f9",NA,NA,"1806",NA,"1827","SOMERSET","TARKA",1840,NA,"POTCHEFSTROOM","ANNA CHRISTINA","PUTTER",NA,NA,158,"Voortrekkers 2.xlsx|Main|158",1806,"SOMERSET","Somerset_multi",91,NA,NA,NA
"BOTHA","BOTHA","JACOBUS","BOTHAa1b2c9d3e10",NA,NA,"1805","1880","1829","UITENHAGE",NA,1840,NA,"WINBURG","SUSARA JACOBA MARGARETHA","WILLEMSE",NA,"PAARL",160,"Voortrekkers 2.xlsx|Main|160",1805,"UITENHAGE","Uitenhage",92,NA,NA,NA
"BOTHA","BOTHA","FREDERIK JACOBUS","BOTHAa1b2c9d8",NA,NA,"1772",NA,"1791","SOMERSET","TARKA",1837,"A.H. POTGIETER","POTCHEFSTROOM","ANNA MARIA ELISABETH","DEYSEL",NA,NA,162,"Voortrekkers 2.xlsx|Main|162",1772,"SOMERSET","Somerset_multi",93,"Potgieter","Potgieter","Potgieter"
"BOTHA","BOTHA","FREDERIK CHRISTOFFEL","BOTHAa1b2c9d8e4",NA,NA,"1795",NA,"1818","SOMERSET","TARKA",1837,"A.H. POTGIETER","POTCHEFSTROOM","PETRONELLA CATHARINA","NEL",NA,NA,163,"Voortrekkers 2.xlsx|Main|163",1795,"SOMERSET","Somerset_multi",94,"Potgieter","Potgieter","Potgieter"
"BOTHA","BOTHA","PIETER HENDRIK","BOTHAa1b2c9d8e6","1799","1799","1799","1838","1821","SOMERSET","BO-BOESMANSRIVIER",NA,NA,NA,"ANNA CATHARINA SUSANNA","GOOSEN",NA,NA,164,"Voortrekkers 2.xlsx|Main|164",1799,"SOMERSET","Somerset_multi",95,NA,NA,NA
"BOTHA","BOTHA","DAVID ADOLPH MICHIEL","BOTHAa1b410d10e5",NA,NA,"1806","1879","1825","GEORGE",NA,1839,NA,"PRETORIA","MARIA ELISABETH","CARELSE",NA,NA,165,"Voortrekkers 2.xlsx|Main|165",1806,"GEORGE","George",96,NA,NA,NA
"BOTHA","BOTHA","PETRUS JOHANNES","BOTHAa1b4c10d11e1",NA,NA,"1797","1852","1816","COLESBERG",NA,NA,NA,"BOSHOFF","GEERTRUY MARGARETHA ELISABETH","VAN SCHALKWYK",NA,NA,166,"Voortrekkers 2.xlsx|Main|166",1797,"COLESBERG","Colesberg_multi",97,NA,NA,NA
"BOTHA","BOTHA","PETRUS JOHANNES","BOTHAa1b1c4d9e3",NA,NA,"1782","1855","1801","GEORGE",NA,1837,"ALONE",NA,"RACHEL SOPHIA ELISABETH","CAMPHER",NA,NA,171,"Voortrekkers 2.xlsx|Main|171",1782,"GEORGE","George",98,"Family/Independent","Family/Independent","Family/Independent"
"BOTHA","BOTHA","PHILIP RUDOLPH","BOTHAa1b1c7d2e3f1",NA,NA,"1800","1875","1822","SOMERSET","OOS-RIETRIVIER",1837,"J.H. DE LANGE",NA,"ANNA JOHANNA","NEL",NA,NA,172,"Voortrekkers 2.xlsx|Main|172",1800,"SOMERSET","Somerset_multi",99,"De Lange","De Lange","De Lange"
"BOTHA","BOTHA","WILLEM FREDERIK","BOTHAa1b2c4d1e1f2",NA,NA,"1791",NA,"1822","SOMERSET","BRAKRIVIER",1836,NA,"POTCHEFSTROOM","HELENA CATHARINA","BOTHA",NA,NA,173,"Voortrekkers 2.xlsx|Main|173",1791,"SOMERSET","Somerset_multi",100,NA,NA,NA
"BOTHA","BOTHA","JACOBUS FREDERIK","BOTHAa1b2c4d1e2f10",NA,NA,"1809",NA,"1830","SOMERSET","TARKA",1835,"A.H. POTGIETER","POTCHEFSTROOM","HESTER JOHANNA CORNELIA","POTGIETER",NA,NA,174,"Voortrekkers 2.xlsx|Main|174",1809,"SOMERSET","Somerset_multi",101,"Potgieter","Potgieter","Potgieter"
"BOTHMA","BOTHMA","CORNELIS STEPHANUS","BOTHMAa1b5c3d10e1f1",NA,NA,"1792",NA,"1818","SOMERSET","BRUINTJIESHOOGTE",1837,NA,NA,"GEERTRUIDA CATHARINA ERASMUS",NA,NA,NA,180,"Voortrekkers 2.xlsx|Main|180",1792,"SOMERSET","Somerset_multi",102,NA,NA,NA
"BOTHMA","BOTHMA","CORNELIS CHRISTOFFEL","BOTHMAa1b5c3d10e2f4",NA,NA,"1797","1868","1816","SOMERSET","SWAGERSHOEK",NA,NA,NA,"HELENA LOUISA LOUW",NA,NA,NA,181,"Voortrekkers 2.xlsx|Main|181",1797,"SOMERSET","Somerset_multi",103,NA,NA,NA
"BOTHMA","BOTHMA","ABRAHAM CAREL","BOTHMAa1b5c3d10e2f5",NA,NA,"1801","1838","1822","SOMERSET","OOS-RIETRIVIER",1837,"P. RETIEF",NA,"GEERTRUIDA MARIA BARBARA","BOTMA",NA,NA,182,"Voortrekkers 2.xlsx|Main|182",1801,"SOMERSET","Somerset_multi",104,"Retief","Retief","Retief"
"BOTHMA","BOTHMA","JAN DANIEL","BOTHMAa1b5c3d10e2f8","1807","1807","1807","1871",NA,"SOMERSET","OOS-RIETRIVIER",1840,NA,NA,"MAGDADLENA ELISABETH ANNA MARIA","BOTES","BEDFORD",NA,183,"Voortrekkers 2.xlsx|Main|183",1807,"SOMERSET","Somerset_multi",105,NA,NA,NA
"BOTHMA","BOTHMA","GERHARDUS CORNELIS","BOTHMAa1b5c3d10e4f2",NA,NA,"1801","1838",NA,"SOMERSET","OOS-RIETRIVIER",1837,"P. RETIEF",NA,NA,NA,NA,NA,184,"Voortrekkers 2.xlsx|Main|184",1801,"SOMERSET","Somerset_multi",106,"Retief","Retief","Retief"
"BOTHMA","BOTHMA","PETRUS GERHARDUS","BOTHMAa1b5c3d10e7","1781","1781","1781","1864","1801","SOMERSET","SWAGERSHOEK",1840,NA,NA,"ANNA PETRONELLA","DE WET",NA,NA,185,"Voortrekkers 2.xlsx|Main|185",1781,"SOMERSET","Somerset_multi",107,NA,NA,NA
"BOTHMA","BOTHMA","CORNELIS ARNOLDUS","BOTHMAa1b5c3d10e7f1","1802","1802","1802",NA,"1823","SOMERSET","SWAGERSHOEK",1841,NA,"NATAL","CATHARINA WILHELMINA LEVINA","BESTER",NA,"TULBAGH",186,"Voortrekkers 2.xlsx|Main|186",1802,"SOMERSET","Somerset_multi",108,NA,NA,NA
"BOTHMA","BOTHMA","PIETER GERHARDUS","BOTHMAa1b5c3d10e7f3",NA,NA,"1808",NA,NA,"SOMERSET","SWAGERSHOEK",1840,NA,NA,"ELISABETH MARGARETHA","KRUGEL",NA,NA,187,"Voortrekkers 2.xlsx|Main|187",1808,"SOMERSET","Somerset_multi",109,NA,NA,NA
"BOTHMA","BOTHMA","LODEWYK","BOTHMAa1b5c3d11",NA,NA,"1746","1838","1786",NA,NA,NA,NA,NA,"JOHANNA","KOCK",NA,NA,188,"Voortrekkers 2.xlsx|Main|188",1746,NA,"Unknown",110,NA,NA,NA
"BOTHMA","BOTHMA","LODEWYK NICOLAAS","BOTHMAa1b5c3d11e3",NA,NA,"1791",NA,NA,NA,NA,NA,NA,NA,NA,NA,NA,NA,189,"Voortrekkers 2.xlsx|Main|189",1791,NA,"Unknown",111,NA,NA,NA
"BOTHMA","BOTHMA","LODEWYK","BOTHMAa1b5c3d4e4f11","1802","1802","1802",NA,"1821","WORCESTER",NA,NA,NA,"OHRIGSTAD","CORNELIA JOSINA","STEENBERG",NA,"TULBAGH",190,"Voortrekkers 2.xlsx|Main|190",1802,"WORCESTER","Worcester",112,NA,NA,NA
"BOUWER","BOUWER","PIETER CORNELIS","BOUWERa1b12c1",NA,NA,"1783",NA,NA,"ALBANY","VISRIVIER",1842,"J.C. ESPAG",NA,"ANNA CATHARINA","NEL",NA,NA,194,"Voortrekkers 2.xlsx|Main|194",1783,"ALBANY","Albany",113,"Espag","Espag","Espag"
"BOUWER","BOUWER","JEREMIAS JESAIAS","BOUWERa1b12c6",NA,NA,"1792",NA,"1810","ALBANY","VISRIVIER",1842,"J.C. ESPAG","OVS","JOHANNA ELISABETH BUYS",NA,NA,NA,196,"Voortrekkers 2.xlsx|Main|196",1792,"ALBANY","Albany",114,"Espag","Espag","Espag"
"BOUWER","BOUWER","DIRK","BOUWERa1b1c2c5",NA,NA,"1709",NA,"1812","ALBANY","VISRIVIER",1842,"J.C. ESPAG","OVS","SUSANNA CORNELIA HELENA","NEL",NA,NA,197,"Voortrekkers 2.xlsx|Main|197",1709,"ALBANY","Albany",115,"Espag","Espag","Espag"
"BREED","BREED","JOHANNES AUGUSTINUS","BREEDa1b2",NA,NA,"1767",NA,"1789","SOMERSET","TARKA",1835,"A.H. POTGIETER","MAGALIESBERG","JOHANNA","VENTER",NA,NA,198,"Voortrekkers 2.xlsx|Main|198",1767,"SOMERSET","Somerset_multi",116,"Potgieter","Potgieter","Potgieter"
"BREED","BREED","JACOB","BREEDa1b2c1",NA,NA,"1791",NA,"1816","SOMERSET","BRAKRIVIER",1836,"H.P. MALAN","OHRIGSTAD","MARIA JOHANNA","DE BEER",NA,NA,199,"Voortrekkers 2.xlsx|Main|199",1791,"SOMERSET","Somerset_multi",117,"Malan","Malan","Minor Leader"
"BREED","BREED","PETRUS","BREEDa1b2c4","1795","1795","1795","1838","1815","COLESBERG",NA,1838,NA,"NATAL","SUSANNA MARIA","FOURIE",NA,"GRAAFF-REINET",200,"Voortrekkers 2.xlsx|Main|200",1795,"COLESBERG","Colesberg_multi",118,NA,NA,NA
"BREED","BREED","GERHARDUS CHRISTIAAN","BREEDa1b2c5","1797","1797","1797",NA,"1824","SOMERSET","TARKA",1838,NA,"WINBURG","GESINA WILHELMINA","VENTER",NA,"GRAAFF-REINET",202,"Voortrekkers 2.xlsx|Main|202",1797,"SOMERSET","Somerset_multi",119,NA,NA,NA
"BREED","BREED","WILLEM STERRENBERG","BREEDa1b2c6",NA,NA,"1799",NA,"1822","COLESBERG",NA,1836,"H.P. MALAN","MAGLIESBERG","MARIA MAGDALENA","VISAGIE",NA,"GRAAFF-REINET",203,"Voortrekkers 2.xlsx|Main|203",1799,"COLESBERG","Colesberg_multi",120,"Malan","Malan","Minor Leader"
"BREED","BREED","DAVID","BREEDa1b2c7","1801","1801","1801",NA,"1821","COLESBERG",NA,NA,NA,"RUSTENBURUG","ANNA JOHANNA HELENA","VOSLOO",NA,"GRAAFF-REINET",205,"Voortrekkers 2.xlsx|Main|205",1801,"COLESBERG","Colesberg_multi",121,NA,NA,NA
"BREED","BREED","JACOBUS VAN DEN BERG","BREEDa1b2c9",NA,NA,"1804","1851","1832","SOMERSET","TARKA",1835,"A.H. POTGIETER","POTCHEFSTROOM","ANNA SOPHIA MARGARETHA","ROBBERTZE",NA,NA,206,"Voortrekkers 2.xlsx|Main|206",1804,"SOMERSET","Somerset_multi",122,"Potgieter","Potgieter","Potgieter"
"BREED","BREED","JOHANNES","BREEDa1b2c2",NA,NA,"1793","1838","1816","SOMERSET","TARKA",1836,"H.P. MALAN","RUSTENBURG","HELENA MARIA","VAN DER MERWE",NA,NA,207,"Voortrekkers 2.xlsx|Main|207",1793,"SOMERSET","Somerset_multi",123,"Malan","Malan","Minor Leader"
"BREITENBACH","BREITENBACH","CHRISTIAAN JOSEPH","BREITENBACHa1b2c2",NA,NA,"1796",NA,"1816","SOMERSET","BRAKRIVIER",1839,NA,"WINBURG","ANNA CATHARINA","BLIGNAUT",NA,NA,208,"Voortrekkers 2.xlsx|Main|208",1796,"SOMERSET","Somerset_multi",124,NA,NA,NA
"BREYTENBACH","BREYTENBACH","WYNAND","BREYTENBACHa1b2c5",NA,NA,"1803",NA,NA,"SWELLENDAM","LANGEBERG",1838,NA,"MOOI RIVER",NA,NA,NA,NA,210,"Voortrekkers 2.xlsx|Main|210",1803,"SWELLENDAM","Swellendam",125,NA,NA,NA
"BREYTENBACH","BREYTENBACH","JOHAN HENDRIK","BREYTENBACHa1b4c1",NA,NA,"1789",NA,"1812","UITENHAGE","ONDER-BOESMANSRIVIER",1836,"J.S. MARITZ",NA,"HESTER MARIA","MEYER",NA,NA,211,"Voortrekkers 2.xlsx|Main|211",1789,"UITENHAGE","Uitenhage",126,"Maritz (JS)","Maritz","Maritz"
"BREYTENBACH","BREYTENBACH","JOHANNES JACOB","BREYTENBACHa1b4c3",NA,NA,"1792",NA,"1823","UITENHAGE","ONDER-BOESMANSRIVIER",1837,NA,NA,"HESTER SUSANNA","OOSTHUIZEN",NA,NA,215,"Voortrekkers 2.xlsx|Main|215",1792,"UITENHAGE","Uitenhage",127,NA,NA,NA
"BREYTENBACH","BREYTENBACH","JOHANNES VELTER COENRAAD CORNELIS","BREYTENBACHa1b4c4",NA,NA,"1795",NA,"1826","UITENHAGE","ONDER-BOESMANSRIVIER",1838,"G.R. VAN ROOYEN","NATAL","ELSIE CORNELIA PETRONELLA","VERMAAK",NA,NA,216,"Voortrekkers 2.xlsx|Main|216",1795,"UITENHAGE","Uitenhage",128,"Van Rooyen","Van Rooyen","Van Rooyen"
"BREYTENBACH","BREYTENBACH","LOUIS LOURENS","BREYTENBACHa1b6c11",NA,NA,"1804",NA,"1817","BEAUFORT",NA,1838,"P.D. JACOBS","ELANDS RIVER","DIRKJE CECILIA","FOURIE",NA,NA,217,"Voortrekkers 2.xlsx|Main|217",1804,"BEAUFORT","Beaufort",129,"Jacobs","Jacobs","Jacobs"
"BRITS","BRITS","JAN","BRITSa1b6c3d2e3f2","1803","1803","1803","1869","1825","COLESBERG",NA,NA,NA,NA,"ANNA CECILIA","MYBURGH",NA,"TULBAGH",220,"Voortrekkers 2.xlsx|Main|220",1803,"COLESBERG","Colesberg_multi",130,NA,NA,NA
"BRITS","BRITS","CHRISTIAAN PIETER","BRITSa1b6c7d10",NA,NA,"1792",NA,"1821","GRAAFF-REINET",NA,1838,NA,"TRANSORANJE","SUSANNA PETRONELLA","DE BEER",NA,NA,221,"Voortrekkers 2.xlsx|Main|221",1792,"GRAAFF-REINET","Graaff-Reinet",131,NA,NA,NA
"BRITS","BRITS","WILLEM","BRITSa1b6c7d13",NA,NA,NA,"1877","1820","GRAAFF-REINET",NA,1834,NA,NA,"JOHANNA CHRISTINA","BRITS",NA,NA,222,"Voortrekkers 2.xlsx|Main|222",NA,"GRAAFF-REINET","Graaff-Reinet",132,NA,NA,NA
"BRONKHORST","BRONKHORST","SARA JOHANNA","BRONKHORSTa1b6c1d3",NA,NA,"1793",NA,"1809",NA,NA,1840,NA,"WONDER RIVER","JOHANNES ANDRIES","HOLTHAUSEN",NA,NA,223,"Voortrekkers 2.xlsx|Main|223",1793,NA,"Unknown",133,NA,NA,NA
"BRONKHORST","BRONKHORST","LUCAS CORNELIUS","BRONKHORSTa1b6c1d4",NA,NA,"1795",NA,"1818","BEAUFORT",NA,NA,NA,"PRETORIA","MARTHA ELISABETH","JANSE VAN VUUREN",NA,NA,224,"Voortrekkers 2.xlsx|Main|224",1795,"BEAUFORT","Beaufort",134,NA,NA,NA
"BRONKHORST","BRONKHORST","JOHANNES GERHARDUS STEPHANUS","BRONKHORSTa1b6c1d5","1798","1798","1798","1848","1821","BEAUFORT",NA,1836,"A.H. POTGIETER","OHRIGSTAD","ANNA SUSANNA","MINNAAR",NA,NA,225,"Voortrekkers 2.xlsx|Main|225",1798,"BEAUFORT","Beaufort",135,"Potgieter","Potgieter","Potgieter"
"BRONKHORST","BRONKHORST","GYSBERT","BRONKHORSTa1b6c4",NA,NA,"1765","1836","1787","SOMERSET","BRAKRIVIER",1835,"J.J. JANSE VAN RENSBURG",NA,"SOPHIA","VAN DYK",NA,NA,227,"Voortrekkers 2.xlsx|Main|227",1765,"SOMERSET","Somerset_multi",136,"Van Rensburg","Van Rensburg","Minor Leader"
"BRONKHORST","BRONKHORST","JOHANNES","BRONKHORSTa1b6c4d1","1787","1787","1787",NA,"1813","SOMERSET","TARKA",1839,NA,"POTCHEFSTROOM","ANNA ELEONORA","PRETORIUS",NA,"PAARL",228,"Voortrekkers 2.xlsx|Main|228",1787,"SOMERSET","Somerset_multi",137,NA,NA,NA
"BRONKHORST","BRONKHORST","GYSBERT SYBRAND SR","BRONKHORSTa1b6c4d4",NA,NA,"1795","1836","1814","SOMERSET","BRAKRIVIER",1835,"J.J. JANSE VAN RENSBURG",NA,"JOHANNA MARIA","BOTHA",NA,NA,230,"Voortrekkers 2.xlsx|Main|230",1795,"SOMERSET","Somerset_multi",138,"Van Rensburg","Van Rensburg","Minor Leader"
"BRONKHORST","BRONKHORST","HENDRIK LAMBERTUS","BRONKHORSTa1b6c5","1768","1768","1768","1844","1792","BEAUFORT","NUWEVELD",1836,"A.H. POTGIETER",NA,"GEERTRUY ALETTA","DU PLOOY",NA,NA,232,"Voortrekkers 2.xlsx|Main|232",1768,"BEAUFORT","Beaufort",139,"Potgieter","Potgieter","Potgieter"
"BRONKHORST","BRONKHORST","RUDOLPH JOHANNES","BRONKHORSTa1b6c5d6",NA,NA,"1803",NA,"1825","SOMERSET","BRAKRIVIER",NA,"A.H. POTGIETER","POTCHEFSTROOM","JOHANNA CHRISTINA","BEUKES",NA,NA,234,"Voortrekkers 2.xlsx|Main|234",1803,"SOMERSET","Somerset_multi",140,"Potgieter","Potgieter","Potgieter"
"BRONKHORST","BRONKHORST","JOHANNES JACOB SR","BRONKHORSTa1b6c6",NA,NA,"1769",NA,"1797","BEAUFORT",NA,NA,NA,"POTCHEFSTROOM","CECILIA MAGDALENA","GEEL",NA,NA,235,"Voortrekkers 2.xlsx|Main|235",1769,"BEAUFORT","Beaufort",141,NA,NA,NA
"BRONKHORST","BRONKHORST","WILLEM JOHANNES","BRONKHORSTa1b6c6d1","1799","1799","1799",NA,"1820","SOMERSET","BRAKRIVIER",1837,NA,"TRANSORANJE","HERMINA CHRISTINA","SMIT",NA,NA,236,"Voortrekkers 2.xlsx|Main|236",1799,"SOMERSET","Somerset_multi",142,NA,NA,NA
"BRONKHORST","BRONKHORST","HENDRIK LAMBERT","BRONKHORSTa1b6c6d2","1804","1804","1804",NA,"1828","BEAUFORT",NA,1835,NA,"GALGRAND","MARIA ELISABETH MAGDALENA","SMIT",NA,"TULBAGH",237,"Voortrekkers 2.xlsx|Main|237",1804,"BEAUFORT","Beaufort",143,NA,NA,NA
"BROODRYK","BROODRYK","JAN ANDRIES","BROODRYKa1b9",NA,NA,"1775",NA,"1805","BEAUFORT","NUWEVELD",1837,NA,"POTCHEFSTROOM","MARIA ELISABETH","FOURIE",NA,NA,241,"Voortrekkers 2.xlsx|Main|241",1775,"BEAUFORT","Beaufort",144,NA,NA,NA
"BROODRYK","BROODRYK","JOHANNES CHRISTOFFEL","BROODRYKa1b9c1","1805","1805","1805",NA,"1827","BEAUFORT","NUWEVELD",1837,"JACOB DE KLERK","NATAL","CHRISTINA MAGDALENA","MARITZ",NA,"GRAAFF-REINET",242,"Voortrekkers 2.xlsx|Main|242",1805,"BEAUFORT","Beaufort",145,"De Klerk","De Klerk","De Klerk"
"BRUWER","BRUWER","JOHANNES HENDRIK","BRUWERa1b7c4d4","1799","1799","1799","1883","1823","SWELLENDAM","VOOR-KOGMANSKLOOF",1838,NA,"NATAL","MARTHA MARIA","MOLLER",NA,NA,244,"Voortrekkers 2.xlsx|Main|244",1799,"SWELLENDAM","Swellendam",146,NA,NA,NA
"BRUWER","BRUWER","SCHALK WILLEM","BRUWERa1b7c4d7","1806","1806","1806","1844","1828","SWELLENDAM","VOOR-KOGMANSKLOOF",1838,NA,"NATAL","ANNA MARGARETHA","DU TOIT",NA,NA,245,"Voortrekkers 2.xlsx|Main|245",1806,"SWELLENDAM","Swellendam",147,NA,NA,NA
"BUCHNER","BUCHNER","CAREL VALENTYN","BUCHNERa1b1","1797","1797","1797",NA,"1817","UITENHAGE","ONDER-BOESMANSRIVIER",1838,NA,"NATAL","MARIA JACOBA VAN REENEN","VAN NIEKERK",NA,NA,246,"Voortrekkers 2.xlsx|Main|246",1797,"UITENHAGE","Uitenhage",148,NA,NA,NA
"BUITENDAG","BUITENDAG","ANDRIES PETRUS","BUITENDAGa1b2c2d11e9",NA,NA,"1806",NA,"1827","WORCESTER","CLANWILLIAM",1838,"A.Z. VISAGIE","NATAL","MARGARETHA WILHELMINA","LOUW",NA,NA,247,"Voortrekkers 2.xlsx|Main|247",1806,"WORCESTER","Worcester",149,"Visagie","Visagie","Minor Leader"
"BURGER","BURGER","JACOBUS JOHANNES SR","BURGERa1b2c2d3e8","1795","1795","1795","1849","1817","GRAAFF-REINET","UITVLUGT",1838,"ALONE","OHRIGSTAD","JACOMINA CHRISTINA","VAN NIEKERK","STELLENBOSCH","PAARL",253,"Voortrekkers 2.xlsx|Main|253",1795,"GRAAFF-REINET","Graaff-Reinet",150,"Family/Independent","Family/Independent","Family/Independent"
"BURGER","BURGER","SCHALK WILLEM PETRUS","BURGERa1b2c2d9e1",NA,NA,"1784","1868","1810","WORCESTER","CLANWILLIAM",1838,NA,NA,"ELSJE SOPHIA","LUBBE",NA,NA,255,"Voortrekkers 2.xlsx|Main|255",1784,"WORCESTER","Worcester",151,NA,NA,NA
"CERONIO","CERONIO","GIDEON PIETER","CERONIOa1",NA,NA,NA,"1863","1807","BEAUFORT",NA,1839,NA,"TRANSORANJE (FAURESMITH)","CAROLINA ROSINA","IFFLAND","ILE DE FRANCE",NA,257,"Voortrekkers 2.xlsx|Main|257",NA,"BEAUFORT","Beaufort",152,NA,NA,NA
"CILLIERS","CILLIERS","JOHANNES DANIEL","CILLIERSa1b2c1d7e1","1795","1795","1795","1871","1816","GRAAFF-REINET",NA,1840,NA,"OVS","HELENA MARIA","HAUPTFLEISCH",NA,"PAARL",259,"Voortrekkers 2.xlsx|Main|259",1795,"GRAAFF-REINET","Graaff-Reinet",153,NA,NA,NA
"CILLIERS","CILLIERS","CHARL ARNOLDUS","CILLIERSa1b2c1d7e4","1801","1801","1801","1871","1823","COLESBERG","NUWE HANTAM",1836,"A.H. POTGIETER, P. RETIEF","NATAL","ANNA FRANCINA","VILJOEN","KLEIN DRAKENSTEIN","PAARL",262,"Voortrekkers 2.xlsx|Main|262",1801,"COLESBERG","Colesberg_multi",154,"Potgieter","Potgieter","Potgieter"
"CILLIERS","CILLIERS","JAN GABRIEL","CILLIERSa1b7c1d8",NA,NA,"1796",NA,"1816","SWELLENDAM",NA,1840,NA,"NATAL","ANNA MAGDALENA","DU TOIT",NA,NA,264,"Voortrekkers 2.xlsx|Main|264",1796,"SWELLENDAM","Swellendam",155,NA,NA,NA
"CILLIERS","CILLIERS","PETRUS GERHARDUS","CILLIERSa1b2c1d7e3",NA,NA,"1799","1838","1826","COLESBERG",NA,1836,"A.H. POTGIETER, P. RETIEF",NA,"CORNELIA","VAN BILJON",NA,NA,268,"Voortrekkers 2.xlsx|Main|268",1799,"COLESBERG","Colesberg_multi",156,"Potgieter","Potgieter","Potgieter"
"CLAASEN","CLAASEN","HENDRIK DANIEL JACOBUS","CLAASENa2b1c3d12",NA,NA,"1808",NA,NA,"SOMERSET","BAVIAANSRIVIER",1844,"J.A. ENSLIN","OVS","ADRIANA SUSANNA CHRISTINA","VAN DER ZAND",NA,NA,269,"Voortrekkers 2.xlsx|Main|269",1808,"SOMERSET","Somerset_multi",157,"Other","Other","Minor Leader"
"CLAASEN","CLAASEN","ARIE WILLEM","CLAASENa3b6c10d1e4","1805","1805","1805",NA,"1825","BEAUFORT",NA,1838,NA,NA,"ANNA SOPHIA","VAN HEERDEN",NA,NA,271,"Voortrekkers 2.xlsx|Main|271",1805,"BEAUFORT","Beaufort",158,NA,NA,NA
"CLAASEN","CLAASEN","JOHANNES HENDRIK","CLAASENa3b6c10d1e5","1806","1806","1806","1838","1828","BEAUFORT","NUWEVELD",1837,"JACOB DE KLERK","MOOI RIVER","ANNA SOPHIA","JACOBS",NA,"TULBAGH",272,"Voortrekkers 2.xlsx|Main|272",1806,"BEAUFORT","Beaufort",159,"De Klerk","De Klerk","De Klerk"
"COETZEE","COETZEE","JOHANNES","COETZEEa1b5c5d7e1","1784","1784","1784",NA,"1805","COLESBERG",NA,1840,NA,"MAGALIESBERG (1840)","HESTER HENDRINA ALETTA","VENTER",NA,NA,274,"Voortrekkers 2.xlsx|Main|274",1784,"COLESBERG","Colesberg_multi",160,NA,NA,NA
"COETZEE","COETZEE","MAARTEN PETRUS ALBERTUS","COETZEEa1b5c5d7e1f1","1806","1806","1806",NA,"1824","COLESBERG",NA,NA,NA,"MAGALIESBERG (1840)","ELSJE CATHARINA","VAN DER MERWE",NA,NA,275,"Voortrekkers 2.xlsx|Main|275",1806,"COLESBERG","Colesberg_multi",161,NA,NA,NA
"COETZEE","COETZEE","JAN ABRAHAM","COETZEEa1b5c5d7e1f2","1808","1808","1808",NA,"1829","COLESBERG",NA,NA,NA,"MAGALIESBERG (1840)","MARIA ELISABETH","BOTHA",NA,NA,276,"Voortrekkers 2.xlsx|Main|276",1808,"COLESBERG","Colesberg_multi",162,NA,NA,NA
"COETZEE","COETZEE","PIETER HENDRIK","COETZEEa1b7c7d1e4",NA,NA,"1791",NA,"1811","SOMERSET",NA,1840,NA,"WINBURG","MARTHA JOHANNA MARGARETHA","SWANEPOEL",NA,NA,277,"Voortrekkers 2.xlsx|Main|277",1791,"SOMERSET","Somerset_multi",163,NA,NA,NA
"COETZEE","COETZEE","CORNELIS GERHARDUS","COETZEEa1b7c7d1e5",NA,NA,"1794","1843","1812","SOMERSET","SWAGERSHOEK",1837,NA,NA,"ANNA ELISABETH","STRYDOM",NA,NA,278,"Voortrekkers 2.xlsx|Main|278",1794,"SOMERSET","Somerset_multi",164,NA,NA,NA
"COETZEE","COETZEE","OCKERT JACOBUS","COETZEEa1b7c7d1e8",NA,NA,"1800","1877","1827","SOMERSET",NA,1840,NA,NA,"HESTER ADRIANA","DE BEER",NA,NA,282,"Voortrekkers 2.xlsx|Main|282",1800,"SOMERSET","Somerset_multi",165,NA,NA,NA
"COETZEE","COETZEE","STEPHANUS HERMANUS","COETZEEa1b7c7d1e7",NA,NA,"1798",NA,"1832","SOMERSET",NA,1840,NA,"NATAL","HENDRIKA MARGARETHA","DE BEER",NA,NA,284,"Voortrekkers 2.xlsx|Main|284",1798,"SOMERSET","Somerset_multi",166,NA,NA,NA
"COETZER","COETZER","PHILLIPPUS JEREMIAS SR","COETZERa1b1c12",NA,NA,"1764",NA,"1790","SOMERSET","TARKA",1836,"J.M. DE BEER",NA,"CHRISTINA ELISABETH DE BRUYN",NA,NA,NA,285,"Voortrekkers 2.xlsx|Main|285",1764,"SOMERSET","Somerset_multi",167,"De Beer","De Beer","Minor Leader"
"COETZER","COETZER","HENDRIK","COETZERa1b1c12d4",NA,NA,"1798","1881","1822","SOMERSET","TARKA",NA,NA,NA,"JACOBA JOHANNA","DE BRUYN",NA,NA,288,"Voortrekkers 2.xlsx|Main|288",1798,"SOMERSET","Somerset_multi",168,NA,NA,NA
"COETZER","COETZER","GERRIT","COETZERa1b1c15",NA,NA,"1772",NA,"1796","GRAAFF-REINET",NA,1838,NA,"MAGALIESBERG","ELSIE MARIA","JORDAAN",NA,NA,289,"Voortrekkers 2.xlsx|Main|289",1772,"GRAAFF-REINET","Graaff-Reinet",169,NA,NA,NA
"COETZER","COETZER","JOHANNES JACOBUS","COETZERa1b1c15d2",NA,NA,"1799",NA,"1824","SOMERSET","SWAGERSHOEK",1837,"P.L. UYS","SAND RIVER","GERRTRUYDA PETRONELLA","HEYDENRYCH",NA,NA,290,"Voortrekkers 2.xlsx|Main|290",1799,"SOMERSET","Somerset_multi",170,"Uys","Uys","Uys"
"COETZER","COETZER","WENSEL CHRISTOFFEL","COETZERa1b1c5d8",NA,NA,"1797",NA,"1818","SOMERSET","TARKA",1840,NA,"NATAL","ELISABETH HELENA","VAN HEERDEN",NA,NA,291,"Voortrekkers 2.xlsx|Main|291",1797,"SOMERSET","Somerset_multi",171,NA,NA,NA
"COETZER","COETZER","JOHANNES JACOBUS","COETZERa1b1c8d3",NA,NA,"1796",NA,"1815","SOMERSET","BRUINTJIESHOOGTE",NA,NA,"NATAL","ANNA CATHARINA","NEL",NA,NA,294,"Voortrekkers 2.xlsx|Main|294",1796,"SOMERSET","Somerset_multi",172,NA,NA,NA
"COETZER","COETZER","PHILLIPPUS JEREMIAS JR","COETZERa1b1c12d6",NA,NA,"1805",NA,"1824","SOMERSET","TARKA",1837,"J.M. DE BEER",NA,"HESTER CECILIA","OOSTHUIZEN",NA,NA,295,"Voortrekkers 2.xlsx|Main|295",1805,"SOMERSET","Somerset_multi",173,"De Beer","De Beer","Minor Leader"
"COMBRINK","COMBRINK","JAN CHRISTIAAN JOHANNES","COMBRINKa1b2","1801","1801","1801","1851","1822","COLESBERG","KLAAS SMITSRIVIER",1844,NA,NA,"ANNA CORNELIA ELISABETH","DE BEER",NA,"GRAAFF-REINET",298,"Voortrekkers 2.xlsx|Main|298",1801,"COLESBERG","Colesberg_multi",174,NA,NA,NA
"COMBRINK","COMBRINK","JOHANNES NICOLAAS","COMBRINKa1b2c5d4e1",NA,NA,"1803",NA,"1826",NA,NA,1845,"JOUBERTSHOOGTE",NA,"ELISABETH MARIA","LOTZ",NA,NA,299,"Voortrekkers 2.xlsx|Main|299",1803,NA,"Unknown",175,"Other","Other","Minor Leader"
"COMBRINK","COMBRINK","GERHARDUS HERMANUS JACOBUS","COMBRINKa1b2c6d4",NA,NA,"1802",NA,"1822","UITENHAGE","WINTERHOEK",1837,"P.L. UYS",NA,"SUSANNA JOSINA DOROTHEA","STRYDOM",NA,NA,300,"Voortrekkers 2.xlsx|Main|300",1802,"UITENHAGE","Uitenhage",176,"Uys","Uys","Uys"
"COMBRINK","COMBRINK","FREDERIK JOHANNES","COMBRINKa1b2c6d4e2",NA,NA,NA,NA,NA,"UITENHAGE",NA,1837,"P.L. UYS",NA,"ANNA GEERTRUYDA","STRYDOM",NA,NA,301,"Voortrekkers 2.xlsx|Main|301",NA,"UITENHAGE","Uitenhage",177,"Uys","Uys","Uys"
"COMBRINK","COMBRINK","STEPHANUS LUCAS","COMBRINKa1b2c6d6","1805","1805","1805","1890","1824","SOMERSET","TARKA",1837,"P.L. UYS",NA,"HESTER JACOMINA","LABUSCHAGNE",NA,"GRAAFF-REINET",302,"Voortrekkers 2.xlsx|Main|302",1805,"SOMERSET","Somerset_multi",178,"Uys","Uys","Uys"
"COMBRINK","COMBRINK","JOHANNES JACOBUS","COMBRINKa1b4c2d5",NA,NA,"1791","1847","1811","GRAAFF-REINET","UITVLUGT",1838,NA,NA,"ANNA ALETTA","BURGER",NA,"STELLENBOSCH",304,"Voortrekkers 2.xlsx|Main|304",1791,"GRAAFF-REINET","Graaff-Reinet",179,NA,NA,NA
"COMBRINK","COMBRINK","PHILLIPPUS WILHELMUS","COMBRINKa1b6c7d3",NA,NA,"1801","1858","1820","GRAAFF-REINET","OP-SNEEUBERG",NA,NA,NA,"HESTER JACOBA","VAN DER MERWE",NA,"CAPE TOWN",305,"Voortrekkers 2.xlsx|Main|305",1801,"GRAAFF-REINET","Graaff-Reinet",180,NA,NA,NA
"COMBRINK","COMBRINK","JAN FREDERIK JOHANNES","COMBRINKa1b6c7d4",NA,NA,"1803",NA,"1827","GRAAFF-REINET","OP-SNEEUBERG",1836,NA,"OHRIGSTAD","ANNA SOPHIA","VAN DER MERWE",NA,"CAPE TOWN",306,"Voortrekkers 2.xlsx|Main|306",1803,"GRAAFF-REINET","Graaff-Reinet",181,NA,NA,NA
"COMBRINK","COMBRINK","WILLEM ANDRIES","COMBRINKa1b6c8d2",NA,NA,"1800",NA,"1822","BEAUFORT",NA,NA,NA,"OHRIGSTAD (1846)","MARIA JOHANNA","DU PLOOY",NA,NA,307,"Voortrekkers 2.xlsx|Main|307",1800,"BEAUFORT","Beaufort",182,NA,NA,NA
"CRAFFORD","CRAFFORD","JACOB DANIEL ADRIAAN","CRAFFORDa1b3c3d6",NA,NA,"1808",NA,"1831","SWELLENDAM","SWARTBERG",1837,NA,NA,"SUSARA ELISABETH JOHANNA","JOUBERT",NA,NA,308,"Voortrekkers 2.xlsx|Main|308",1808,"SWELLENDAM","Swellendam",183,NA,NA,NA
"CRAFFORD","CRAFFORD","ADOLPH JOHANNES JUSTUS","CRAFFORDa1b3c3d7",NA,NA,NA,NA,"1834","SWELLENDAM","SWARTBERG",1837,NA,"NATAL, MAGALIESBERG","MARIA MAGDALENA","GOUWS",NA,NA,309,"Voortrekkers 2.xlsx|Main|309",NA,"SWELLENDAM","Swellendam",184,NA,NA,NA
"CRONJE","CRONJE","CORNELIS","CRONJEa1b3c5d2",NA,NA,"1783",NA,"1807","CRADOCK",NA,1838,NA,"LEEUSPRUIT","SUSANNA ELIZABETH","STEYL",NA,NA,311,"Voortrekkers 2.xlsx|Main|311",1783,"CRADOCK","Cradock",185,NA,NA,NA
"CRONJE","CRONJE","ANDRIES SR","CRONJEa1b3c5d4",NA,NA,"1786","1858","1807","SWELLENDAM","BO-DUIVENHOKSRIVIER",1838,NA,"TRANSORANJE","JOHANNA ELISABETH","VAN COLLER",NA,NA,316,"Voortrekkers 2.xlsx|Main|316",1786,"SWELLENDAM","Swellendam",186,NA,NA,NA
"CRONJE","CRONJE","JOHANNES DANIEL","CRONJEa1b3c5d4e1","1806","1806","1806","1901","1831","SWELLENDAM","BO-DUIVENHOKSRIVIER",1838,NA,"TRANSORANJE","DINA JUDITH GEERTRUYDA WOUTERINA","NEL",NA,NA,317,"Voortrekkers 2.xlsx|Main|317",1806,"SWELLENDAM","Swellendam",187,NA,NA,NA
"CRONJE","CRONJE","SUSANNA MARIA","CRONJEa1b3c6",NA,NA,"1753","1838","1772","UITENHAGE","ONDER-BOESMANSRIVIER",1836,"J.S. MARITZ","NATAL","LODEWYK","DE JAGER",NA,NA,318,"Voortrekkers 2.xlsx|Main|318",1753,"UITENHAGE","Uitenhage",188,"Maritz (JS)","Maritz","Maritz"
"CRONJE","CRONJE","PIETER","CRONJEa1b3c8d1",NA,NA,"1788","1851",NA,"SWELLENDAM","BO-DUIVENHOKSRIVIER",1838,NA,"TRANSORANJE","ELISABETH CATHARINA","DE JAGER",NA,NA,319,"Voortrekkers 2.xlsx|Main|319",1788,"SWELLENDAM","Swellendam",189,NA,NA,NA
"DANNHAUSER","DANNHAUSER","THOMAS RICHARD","DANNHAUSERa1b6","1801","1801","1801",NA,"1825","SWELLENDAM","VALSCHRIVIER",1841,NA,"NATAL","HESTER GEERTRUIDA","JANSEN VAN RENSBURG","SWELLENDAM","SWELLENDAM",323,"Voortrekkers 2.xlsx|Main|323",1801,"SWELLENDAM","Swellendam",190,NA,NA,NA
"DAVEL","DAVEL","JOHANNES CHRISTIAAN","DAVELa1b3c2",NA,NA,"1782",NA,"1806","UITENHAGE","WINTERHOEK",1837,"K.P. LANDMAN","NATAL","MARTHA MAGDALENA","ERASMUS",NA,NA,324,"Voortrekkers 2.xlsx|Main|324",1782,"UITENHAGE","Uitenhage",191,"Landman","Landman","Landman"
"DE BEER","DE BEER","MATTHYS ADAM","DE BEERa1b9c5",NA,NA,"1766","1838",NA,"ALBANY","WINTERBERG",1837,"P. RETIEF",NA,"GEERTRUIDA JUDITH","COETZEE",NA,NA,328,"Voortrekkers 2.xlsx|Main|328",1766,"ALBANY","Albany",192,"Retief","Retief","Retief"
"DE BEER","DE BEER","ZACHARIAS JOHANNES","DE BEERa2b5c11d1",NA,NA,"1788",NA,"1815","SOMERSET",NA,1840,NA,"POTCHEFSTROOM","ZACHARYA G","FOUCHE",NA,NA,329,"Voortrekkers 2.xlsx|Main|329",1788,"SOMERSET","Somerset_multi",193,NA,NA,NA
"DE BEER","DE BEER","ZACHARIAS JOHANNES","DE BEERa2b5c13d4","1801","1801","1801",NA,"1822","SOMERSET","AGTER-SNEEUBERG",1836,"A.H. POTGIETER","POTCHEFSTROOM","SOPHIA ELISABETH FREDERIKA","DU PLOOY",NA,NA,330,"Voortrekkers 2.xlsx|Main|330",1801,"SOMERSET","Somerset_multi",194,"Potgieter","Potgieter","Potgieter"
"DE BEER","DE BEER","MATTHYS ANDRIES","DE BEERa2b5c13d7",NA,NA,"1807",NA,"1829","BEAUFORT",NA,1837,NA,NA,"JOHANNA HELENA","ALBERTS",NA,NA,331,"Voortrekkers 2.xlsx|Main|331",1807,"BEAUFORT","Beaufort",195,NA,NA,NA
"DE BEER","DE BEER","ADRIAAN CAREL","DE BEERa2b5c4d8",NA,NA,"1784",NA,"1810","SOMERSET","TARKA",1836,NA,NA,"ALETTTA CATHARINA","BOTHA",NA,NA,333,"Voortrekkers 2.xlsx|Main|333",1784,"SOMERSET","Somerset_multi",196,NA,NA,NA
"DE BEER","DE BEER","ZACHARIAS CHRISTIAAN SR","DE BEERa2b5c7d1",NA,NA,"1779",NA,"1801","SOMERSET","OOS-RIETRIVIER",1837,"JAN DU PLESSIS",NA,"JACOMINA ELISABETH","PRETORIUS",NA,"CAPE TOWN",335,"Voortrekkers 2.xlsx|Main|335",1779,"SOMERSET","Somerset_multi",197,"Du Plessis","Du Plessis","Du Plessis"
"DE BEER","DE BEER","ZACHARIAS CHRISTIAAN JR","DE BEERa2b5c7d1e4",NA,NA,"1807",NA,"/825","SOMERSET","OOS-RIETRIVIER",1837,"JAN DU PLESSIS","WATERBERG","CATHARINA MARIA","DE KLERK",NA,NA,336,"Voortrekkers 2.xlsx|Main|336",1807,"SOMERSET","Somerset_multi",198,"Du Plessis","Du Plessis","Du Plessis"
"DE BEER","DE BEER","HENDRIK STEPHANUS","DE BEERa2b5c7d1e9",NA,NA,NA,NA,"1838","SOMERSET","OOS-RIETRIVIER",1837,NA,NA,"JOHANNA LOUISA","KRUGER",NA,NA,338,"Voortrekkers 2.xlsx|Main|338",NA,"SOMERSET","Somerset_multi",199,NA,NA,NA
"DE BEER","DE BEER","CHRISTIAAN MARTHINUS SR","DE BEERa2b5c7d3",NA,NA,"1783",NA,"1803","SOMERSET","OOS-RIETRIVIER",1837,"P. RETIEF",NA,"MARTHA CORNELIA","BEZUIDENHOUT",NA,NA,339,"Voortrekkers 2.xlsx|Main|339",1783,"SOMERSET","Somerset_multi",200,"Retief","Retief","Retief"
"DE BEER","DE BEER","ARNOLDUS STEPHANUS","DE BEERa2b5c7d5",NA,NA,"1788",NA,"1810","SOMERSET","BAVIAANSRIVIER",1837,"JAN DU PLESSIS",NA,"ELISABETH MARIA","MULLER",NA,NA,342,"Voortrekkers 2.xlsx|Main|342",1788,"SOMERSET","Somerset_multi",201,"Du Plessis","Du Plessis","Du Plessis"
"DE BEER","DE BEER","HENDRIK PETRUS JACOBUS","DE BEERa2b6c5d7",NA,NA,"1792","1846","1814","BEAUFORT","NUWEVELD",1839,"P.D. JACOBS","MAGALIESBERG","HENDRIKA JACOBA","SWANEPOEL",NA,"DRAKENSTEIN",346,"Voortrekkers 2.xlsx|Main|346",1792,"BEAUFORT","Beaufort",202,"Jacobs","Jacobs","Jacobs"
"DE BEER","DE BEER","SAMUEL JACOBUS SR","DE BEERa2b6c5d8",NA,NA,"1793","1878","1814","GRAAFF-REINET","WINTERVELD",1839,NA,"OHRIGSTAD","ANNA JOHANNA ISABELLA","FOURIE",NA,NA,349,"Voortrekkers 2.xlsx|Main|349",1793,"GRAAFF-REINET","Graaff-Reinet",203,NA,NA,NA
"DE BEER","DE BEER","SAMUEL JACOBUS","DE BEERa2b6c6d5","1797","1797","1797","1872","1816","GRAAFF-REINET",NA,1838,NA,"TRANSORANJE","ANNA SUSANNA","VAN DEN BERG","UITENHAGE","DRAKENSTEIN",353,"Voortrekkers 2.xlsx|Main|353",1797,"GRAAFF-REINET","Graaff-Reinet",204,NA,NA,NA
"DE BEER","DE BEER","JACOBUS FREDERIK","DE BEERa2b6c6d7","1802","1802","1802",NA,"1823","BEAUFORT",NA,1837,"P.L. UYS","OHRIGSTAD","CHRISTINA HELENA","BOTES",NA,NA,356,"Voortrekkers 2.xlsx|Main|356",1802,"BEAUFORT","Beaufort",205,"Uys","Uys","Uys"
"DE BEER","DE BEER","ZACHARIAS JOSEPH","DE BEERa2b6c9d4","1801","1801","1801",NA,"1823","BEAUFORT","NUWEVELD",1839,NA,"POTCHEFSTROOM","ANNA CHRISTINA HERMINA","DE BEER",NA,"TULBAGH",359,"Voortrekkers 2.xlsx|Main|359",1801,"BEAUFORT","Beaufort",206,NA,NA,NA
"DE BEER","DE BEER","MATTHYS JOHANNES STEPHANUS","DE BEERa2b9c5d2",NA,NA,"1801","1838","1820","ALBANY","WINTERHOEK",1837,"P. RETIEF",NA,"RACHEL SUSANNA","GEERE",NA,NA,360,"Voortrekkers 2.xlsx|Main|360",1801,"ALBANY","Albany",207,"Retief","Retief","Retief"
"DE BEER","DE BEER","JOHANNES HENDRIK","DE BEERa2b5c7d9",NA,NA,"1802",NA,"1824","SOMERSET",NA,1837,"P. RETIEF",NA,"MARTHA LOUISA","ERASMUS",NA,NA,363,"Voortrekkers 2.xlsx|Main|363",1802,"SOMERSET","Somerset_multi",208,"Retief","Retief","Retief"
"DE BEER","DE BEER","BAREND PETRUS","DE BEERa2b6c7d2",NA,NA,"1790",NA,"1808","GRAAFF-REINET",NA,NA,NA,"TRANSORANJE","HENDRINA CECILIA","STEENKAMP",NA,NA,364,"Voortrekkers 2.xlsx|Main|364",1790,"GRAAFF-REINET","Graaff-Reinet",209,NA,NA,NA
"DE BRUYN","DE BRUYN","HENDRIK JACOBUS","DE BRUYNa1b5c5d1","1795","1795","1795","1883","1814","SOMERSET","TARKA",1837,"JAN DU PLESSIS","TRANSORANJE","JOHANNA JACOBA","COETZER",NA,"PAARL",366,"Voortrekkers 2.xlsx|Main|366",1795,"SOMERSET","Somerset_multi",210,"Du Plessis","Du Plessis","Du Plessis"
"DE BRUYN","DE BRUYN","PETRUS FREDERIK BARENDSE","DE BRUYNa1b5c1d9","1799","1799","1799","1890","1818","SOMERSET","TARKA",1837,"JAN DU PLESSIS","LICHTENBURG","PHILIPINA MARIA CHARLOTTA","SCHUTTE",NA,"GRAAFF-REINET",371,"Voortrekkers 2.xlsx|Main|371",1799,"SOMERSET","Somerset_multi",211,"Du Plessis","Du Plessis","Du Plessis"
"DE JAGER","DE JAGER","KLAAS MARTHINUS","DE JAGERa1b1","1801","1801","1801","1883","1825","UITENHAGE","ONDER-BOESMANSRIVIER",1836,"J.S. MARITZ","NATAL","MARIA ELISABETH MARGARETHA","OOSTHUIZEN",NA,NA,372,"Voortrekkers 2.xlsx|Main|372",1801,"UITENHAGE","Uitenhage",212,"Maritz (JS)","Maritz","Maritz"
"DE JAGER","DE JAGER","LODEWYK SR","DE JAGERa1b1c11d5",NA,NA,"1782",NA,"1803","UITENHAGE","ONDER-BOESMANSRIVIER",1836,"J.S. MARITZ","NATAL","ENGELA ADRIANA","VAN NIEKERK",NA,NA,373,"Voortrekkers 2.xlsx|Main|373",1782,"UITENHAGE","Uitenhage",213,"Maritz (JS)","Maritz","Maritz"
"DE JAGER","DE JAGER","J.G.","DE JAGERa1b1c11d5e?",NA,NA,NA,NA,NA,"UITENHAGE","ONDER-BOESMANSRIVIER",1836,"J.S. MARITZ",NA,NA,NA,NA,NA,374,"Voortrekkers 2.xlsx|Main|374",NA,"UITENHAGE","Uitenhage",214,"Maritz (JS)","Maritz","Maritz"
"DE JAGER","DE JAGER","LODEWYK JR","DE JAGERa1b1c11d5e2",NA,NA,"1806",NA,"1823","UITENHAGE","ONDER-BOESMANSRIVIER",1837,"J.S. MARITZ","NATAL","ISABELLA ALETTA","FOURIE",NA,"STELLENBOSCH",375,"Voortrekkers 2.xlsx|Main|375",1806,"UITENHAGE","Uitenhage",215,"Maritz (JS)","Maritz","Maritz"
"DE JAGER","DE JAGER","GERHARDUS WILHELMUS","DE JAGERa1b1c11d5e3","1808","1808","1808",NA,NA,"UITENHAGE","ONDER-BOESMANSRIVIER",1837,"J.S. MARITZ/G.J RUDOLPH","NATAL","MARIA ELISABETH PETRONELLA FRANCINA","FOURIE",NA,NA,376,"Voortrekkers 2.xlsx|Main|376",1808,"UITENHAGE","Uitenhage",216,"Maritz (JS)","Maritz","Maritz"
"DE JAGER","DE JAGER","ANDRIES PETRUS","DE JAGERa1b1c11d6",NA,NA,"1788",NA,"1817","UITENHAGE","GAMTOOS",1837,"P.L. UYS","NATAL","CORNELIA GEERTRUIDA","BRITS",NA,NA,378,"Voortrekkers 2.xlsx|Main|378",1788,"UITENHAGE","Uitenhage",217,"Uys","Uys","Uys"
"DE JAGER","DE JAGER","FREDERIK JOHANNES","DE JAGERa1b1c11d7","1792","1792","1792","1863","1815","UITENHAGE","GAMTOOS",1837,"P.L. UYS","NATAL","SUSANNA CATHARINA","MEYER",NA,"STELLENBOSCH",381,"Voortrekkers 2.xlsx|Main|381",1792,"UITENHAGE","Uitenhage",218,"Uys","Uys","Uys"
"DE JAGER","DE JAGER","ANDREAS JOHANNES","DE JAGERa1b1c9d1",NA,NA,"1774","1854","1801","SWELLENDAM","ONDER-DUIVENHOKSRIVIER",1838,NA,NA,"JACOBA CATHARINA","OOSTHUIZEN",NA,NA,384,"Voortrekkers 2.xlsx|Main|384",1774,"SWELLENDAM","Swellendam",219,NA,NA,NA
"DE JAGER","DE JAGER","CHRISTIAAN LODEWIKUS","DE JAGERa1b1c9d1e4","1807","1807","1807","1891","1831","SWELLENDAM","ONDER-DUIVENHOKSRIVIER",1838,NA,"NATAL","DOROTHEA MARIA","DU PREEZ",NA,NA,385,"Voortrekkers 2.xlsx|Main|385",1807,"SWELLENDAM","Swellendam",220,NA,NA,NA
"DE JAGER","DE JAGER","FRANS ABRAHAM JURGEN","DE JAGERa1b3","1809","1809","1809","1877","1830","UITENHAGE","ONDER-BOESMANSRIVIER",1836,"J.S. MARITZ","NATAL","SUSANNA MARGARETHA","DU PREEZ",NA,NA,386,"Voortrekkers 2.xlsx|Main|386",1809,"UITENHAGE","Uitenhage",221,"Maritz (JS)","Maritz","Maritz"
"DE JAGER","DE JAGER","ABRAHAM JOHANNES","DE JAGERa1b6c3d7","1797","1797","1797","1843",NA,"BEAUFORT","NUWEVELD",1837,"JACOB DE KLERK","TRANSORANJE","CORNELIA AGATHA WILHELMINA","HASSELBACH",NA,NA,387,"Voortrekkers 2.xlsx|Main|387",1797,"BEAUFORT","Beaufort",222,"De Klerk","De Klerk","De Klerk"
"DE JAGER","DE JAGER","LOURENS","DE JAGERa1b8c3d5e1",NA,NA,"1797",NA,"1821","SWELLENDAM","ONDER-DUIVENHOKSRIVIER",1838,NA,"OHRIGSTAD","MARGARETHA ALIDA","JACOBS",NA,NA,388,"Voortrekkers 2.xlsx|Main|388",1797,"SWELLENDAM","Swellendam",223,NA,NA,NA
"DE JAGER","DE JAGER","L","DE JAGERa1b8c8d2",NA,NA,NA,NA,NA,"CRADOCK","TARKA",1838,NA,NA,"JOHANNA","BRITA",NA,NA,389,"Voortrekkers 2.xlsx|Main|389",NA,"CRADOCK","Cradock",224,NA,NA,NA
"DE JAGER","DE JAGER","LOUIS","DE JAGERa1b9c3d5","1775","1775","1775",NA,"1795","SWELLENDAM","ONDER-DUIVENHOKSRIVIER",1838,NA,NA,"FRANCINA","STEYN",NA,NA,390,"Voortrekkers 2.xlsx|Main|390",1775,"SWELLENDAM","Swellendam",225,NA,NA,NA
"DE KLERK","DE KLERK","CORNELIUS JOHANNES","DE KLERKa1b6c3d11",NA,NA,"1805",NA,"1826","BEAUFORT","NUWEVELD",1837,"JACOB DE KLERK",NA,"MARIA JACOMINA","VAN STADEN",NA,"GRAAFF-REINET",393,"Voortrekkers 2.xlsx|Main|393",1805,"BEAUFORT","Beaufort",226,"De Klerk","De Klerk","De Klerk"
"DE KLERK","DE KLERK","IZAK JOHANNES","DE KLERKa1b6c3d12",NA,NA,"1808","1838","1826","BEAUFORT","NUWEVELD",1837,"JACOB DE KLERK",NA,"MARIA CATHARINA MARTHA GLOUDINA","CLAASSENS",NA,"GRAAFF-REINET",394,"Voortrekkers 2.xlsx|Main|394",1808,"BEAUFORT","Beaufort",227,"De Klerk","De Klerk","De Klerk"
"DE KLERK","DE KLERK","JACOB JR","DE KLERKa1b6c3d5","1791","1791","1791","1881","1813","BEAUFORT","NUWEVELD",1837,NA,"KLERKSDROP","ANNA SUSANNA","VAN DEN BERG",NA,"GRAAFF-REINET",397,"Voortrekkers 2.xlsx|Main|397",1791,"BEAUFORT","Beaufort",228,NA,NA,NA
"DE KLERK","DE KLERK","JACOB SR","DE KLERKa1b6c3",NA,NA,"1757",NA,"1783","BEAUFORT","NUWEVELD",1837,"JACOB DE KLERK","OHRIGSTAD","JOHANNA CHRISTINA","STEENKAMP",NA,NA,399,"Voortrekkers 2.xlsx|Main|399",1757,"BEAUFORT","Beaufort",229,"De Klerk","De Klerk","De Klerk"
"DE LA REY","DE LA REY","JACOBUS HERCULAS","DE LA REYa1b2",NA,NA,"1801","1858","1823","SWELLENDAM","TRADOUW",1839,NA,"KLERKSDORP","MARIA ELISABETH","VAN COLLER",NA,"SWELLENDAM",400,"Voortrekkers 2.xlsx|Main|400",1801,"SWELLENDAM","Swellendam",230,NA,NA,NA
"DE LANGE","DE LANGE","ROBERTUS BURNET","DE LANGEa2b10c5",NA,NA,"1806","1880","1826","SOMERSET","BO-BOESMANSRIVIER",1837,"J.H. DE LANGE","UMVOTI","ENGELA MARGARETHA","LOMBARD",NA,NA,402,"Voortrekkers 2.xlsx|Main|402",1806,"SOMERSET","Somerset_multi",231,"De Lange","De Lange","De Lange"
"DE LANGE","DE LANGE","BAREND JACOBUS","DE LANGEa2b10c6","1808","1808","1808","1884",NA,"SOMERSET","BO-BOESMANSRIVIER",1837,"J.H. DE LANGE","NATAL","ANNA CORNELIA MARIA","MYNHARDT",NA,"GRAAFF-REINET",403,"Voortrekkers 2.xlsx|Main|403",1808,"SOMERSET","Somerset_multi",232,"De Lange","De Lange","De Lange"
"DE LANGE","DE LANGE","BAREND JACOBUS","DE LANGEa2b3c6",NA,NA,"1794",NA,"1817","SOMERSET","OOS-RIETRIVIER",NA,NA,"NATAL (1839)","PETRONELLA","PRINSLOO",NA,"GRAAFF-REINET",404,"Voortrekkers 2.xlsx|Main|404",1794,"SOMERSET","Somerset_multi",233,NA,NA,NA
"DE LANGE","DE LANGE","ADRIAAN","DE LANGEa2b3c7",NA,NA,"1794",NA,"1815","SOMERSET","BRAKRIVIER",NA,NA,NA,"HESTER ELIZABETH LORET","ERASMUS",NA,"GRAAFF-REINET",405,"Voortrekkers 2.xlsx|Main|405",1794,"SOMERSET","Somerset_multi",234,NA,NA,NA
"DE LANGE","DE LANGE","ADRIAAN","DE LANGEa2b5c7",NA,NA,"1800",NA,"1824","CRADOCK",NA,NA,NA,"OHRIGSTAD","ELIZABETH MAGDALENA","JOUBERT",NA,NA,407,"Voortrekkers 2.xlsx|Main|407",1800,"CRADOCK","Cradock",235,NA,NA,NA
"DE LANGE","DE LANGE","ADRIAAN","DE LANGEa2b10",NA,NA,"1773",NA,"1790","SOMERSET","OOS-RIETRIVIER",1837,"L.J MEYER/J.H. DE LANGE",NA,"MARIA SUSANNA","VENTER",NA,NA,408,"Voortrekkers 2.xlsx|Main|408",1773,"SOMERSET","Somerset_multi",236,"Meyer","Meyer","Meyer"
"DE LANGE","DE LANGE","ADRIAAN JACOBUS","DE LANGEa2c10c3","1801","1801","1801",NA,"1820","SOMERSET","TARKA",1837,"J.H. DE LANGE","OHRIGSTAD","ELISABETH JOHANNA","ENGELBRECHT",NA,"GRAAFF-REINET",409,"Voortrekkers 2.xlsx|Main|409",1801,"SOMERSET","Somerset_multi",237,"De Lange","De Lange","De Lange"
"DE MEYER","DE MEYER","JACOBUS WILLEM","DE MEYERa1b1c2d5e3",NA,NA,"1791",NA,"1812","SOMERSET","(?) BRAKRIVIER",NA,"(?) P.L. UYS",NA,"JACOBA ELISABETH","MEINTJES",NA,NA,410,"Voortrekkers 2.xlsx|Main|410",1791,"SOMERSET","Somerset_multi",238,"Uys","Uys","Uys"
"DE MEYER","DE MEYER","WILLEM ALBERTUS","DE MEYERa1b3c2d5e3f3",NA,NA,NA,NA,"1833","SOMERSET","BRAKRIVIER",1837,"P.L. UYS","TRANSORANJE","ELSJE JOHANNA","MEINTJES",NA,NA,413,"Voortrekkers 2.xlsx|Main|413",NA,"SOMERSET","Somerset_multi",239,"Uys","Uys","Uys"
"DE NECKER","DE NECKER","PIETER HENDRIKUS","DE NECKERa1b2c1d1",NA,NA,"1771",NA,"1799","SWELLENDAM","ONDER-DUIVENHOKSRIVIER",1837,NA,NA,"ELISABETH MARIA","VAN COLLER",NA,NA,414,"Voortrekkers 2.xlsx|Main|414",1771,"SWELLENDAM","Swellendam",240,NA,NA,NA
"DE NECKER","DE NECKER","ADRIAAN FRANCOIS","DE NECKERa1b2c1d1e1",NA,NA,"1800",NA,"1824","SWELLENDAM","BO-DUIVENHOKSRIVIER",1837,NA,"HARRISMITH","MARTHA HERMINA","DE JAGER",NA,NA,415,"Voortrekkers 2.xlsx|Main|415",1800,"SWELLENDAM","Swellendam",241,NA,NA,NA
"DE NECKER","DE NECKER","JOHANNES DANIEL JACOBUS","DE NECKERa1b2c1d1e2",NA,NA,"1803",NA,"1827","SWELLENDAM","ONDER-DUIVENHOKSRIVIER",1837,NA,NA,"ELISABETH MARIA","BEUKES",NA,NA,416,"Voortrekkers 2.xlsx|Main|416",1803,"SWELLENDAM","Swellendam",242,NA,NA,NA
"DE NECKER","DE NECKER","PIETER JOSUA","DE NECKERa1b2c1d1e3",NA,NA,"1808","1892","1829","SWELLENDAM","TRADOUW",1837,NA,"KROONSTAD","JOHANNA MARGARETHA","VAN COLLER",NA,"SWELLENDAM",417,"Voortrekkers 2.xlsx|Main|417",1808,"SWELLENDAM","Swellendam",243,NA,NA,NA
"DE VILLIERS","DE VILLIERS","JACOB PIETER DANIEL","DE VILLIERSa3b6c4d1e3f1","1802","1802","1802","1846","1830","FRANSCHHOEK","LA DAUPHINE",1838,NA,"NATAL","MAGDALENA ELIZABETH","DE VILLIERS","FRANSCHHOEK","PAARL",418,"Voortrekkers 2.xlsx|Main|418",1802,"FRANSCHHOEK","Stellenbosch",244,NA,NA,NA
"DE VLAMINGH","DE VLAMINGH","TOBIAS JAN","DE VLAMINGHa1b1c2d2",NA,NA,"1783",NA,NA,NA,NA,1838,NA,"NATAL","HENDRINA MARGARETHA","VAN DYK",NA,NA,419,"Voortrekkers 2.xlsx|Main|419",1783,NA,"Unknown",245,NA,NA,NA
"DE WET","DE WET","PIETER","DE WETa1b1c2d3e2",NA,NA,"1776","1838",NA,"ALBANY","VISRIVIER",1837,"P. RETIEF",NA,"MARIA SUSANNA","BOTHA",NA,NA,424,"Voortrekkers 2.xlsx|Main|424",1776,"ALBANY","Albany",246,"Retief","Retief","Retief"
"DE WET","DE WET","PIETER RUDOLPH","DE WETa1b1c2d3e2f1",NA,NA,"1795",NA,NA,"SOMERSET","TARKA",1837,"P. RETIEF, JAN DU PLESSIS",NA,"HESTER ELIZABETH","JANSE VAN VUUREN",NA,"GRAAFF-REINET",425,"Voortrekkers 2.xlsx|Main|425",1795,"SOMERSET","Somerset_multi",247,"Du Plessis","Du Plessis","Du Plessis"
"DE WET","DE WET","CHRISTOFFEL JOHANNES","DE WETa1b1c2d3e2f7","1806","1806","1806",NA,"1829","ALBANY","VISRIVIER",1837,"P. RETIEF","NATAL","MARIA PETRONELLA","STEENKAMP",NA,NA,427,"Voortrekkers 2.xlsx|Main|427",1806,"ALBANY","Albany",248,"Retief","Retief","Retief"
"DE WINNAAR","DE WINNAAR","JAN HENDRIK","DE WINNAARa1b1c2","1797","1797","1797","1874","1822","CRADOCK",NA,1843,"FAMILY","ZASTRON?","PHILIPPINA SUSANNA","KOTZE","CANGO",NA,430,"Voortrekkers 2.xlsx|Main|430",1797,"CRADOCK","Cradock",249,"Family/Independent","Family/Independent","Family/Independent"
"DE WINNAAR","DE WINNAAR","CAREL STEPHANUS","DE WINNAARa1b1c5","1802","1802","1802",NA,"1831","SOMERSET","OOS-RIETRIVIER",1837,NA,"UTRECHT","HESTER JOHANNA MAGDALENA CHRISTINA","KLOPPER",NA,"SWELLENDAM",431,"Voortrekkers 2.xlsx|Main|431",1802,"SOMERSET","Somerset_multi",250,NA,NA,NA
"DE WIT","DE WIT","FREDERIK CHRISTOFFEL","DE WITa1b1c4d3","1781","1781","1781","1864",NA,"CRADOCK",NA,NA,"A.H. POTGIETER","OHRIGSTAD (1845)","MARIA PETRONELLA","JONKER",NA,"TULBAGH",432,"Voortrekkers 2.xlsx|Main|432",1781,"CRADOCK","Cradock",251,"Potgieter","Potgieter","Potgieter"
"DE WIT","DE WIT","ABRAHAM FREDERIK","DE WITa1b1c4d3e1","1807","1807","1807","1828","1828","SOMERSET",NA,1836,"A.H. POTGIETER","OHRIGSTAD","CORNELIA MARIA SOPHIA","ELOFF",NA,"TULBAGH",433,"Voortrekkers 2.xlsx|Main|433",1807,"SOMERSET","Somerset_multi",252,"Potgieter","Potgieter","Potgieter"
"DELPORT","DELPORT","VOLCKERT JOHANNES","DELPORTa1b3c14d7",NA,NA,"1792",NA,"1817","SOMERSET","BAVIAANSRIVIER",1844,NA,NA,"ANNA BARBARA","BOTHA",NA,NA,434,"Voortrekkers 2.xlsx|Main|434",1792,"SOMERSET","Somerset_multi",253,NA,NA,NA
"DELPORT","DELPORT","JACOBUS PETRUS","DELPORTa1b6c2d1e1",NA,NA,"1797",NA,"1817","SOMERSET","TARKA",1837,NA,"VAALRIVIER","ELIZABETH JACOBA","SMIT",NA,NA,436,"Voortrekkers 2.xlsx|Main|436",1797,"SOMERSET","Somerset_multi",254,NA,NA,NA
"DORFLING","DORFLING","JACOB BERNARD","DORFLINGa1b4",NA,NA,"1790",NA,"1817","UITENHAGE","BAVIAANSRIVIER",1838,NA,"POTCHEFSTROOM","ISABELLA CATHARINA MARIA","VAN STADEN",NA,"TULBAGH",441,"Voortrekkers 2.xlsx|Main|441",1790,"UITENHAGE","Uitenhage",255,NA,NA,NA
"DREYER","DREYER","CHRISTIAAN LOURENS SR","DREYERa1b4c1d3","1787","1787","1787",NA,"1807","ALBANY","WINTERBERG",1837,"P. RETIEF","NATAL","CHRISTINA","STEYN",NA,NA,444,"Voortrekkers 2.xlsx|Main|444",1787,"ALBANY","Albany",256,"Retief","Retief","Retief"
"DREYER","DREYER","ROELOF PETRUS GERHARDUS","DREYERa1b4c1d5","1793","1793","1793","1874","1814","SOMERSET","OOS-RIETRIVIER",1837,"P. RETIEF","NATAL","HESTER MARTHA ALETTA","JANSE VAN VUUREN",NA,"GRAAFF-REINET",447,"Voortrekkers 2.xlsx|Main|447",1793,"SOMERSET","Somerset_multi",257,"Retief","Retief","Retief"
"DU PLESSIS","DU PLESSIS","ANDRIES STEPHANUS","DU PLESSISa1b1c5c12e3",NA,NA,"1791","1860","1812","SOMERSET","TARKA",1836,"A.H. POTGIETER","VET RIVER","MARIA ELIZABETH","BOTHA",NA,"TULBAGH",451,"Voortrekkers 2.xlsx|Main|451",1791,"SOMERSET","Somerset_multi",258,"Potgieter","Potgieter","Potgieter"
"DU PLESSIS","DU PLESSIS","WYNAND LOUW","DU PLESSISa1b1c5d16e4","1803","1803","1803","1865","1833","WORCESTER","CLANWILLIAM",1842,NA,"WINBURG","MARIA JACOBA","MOUTON",NA,"TULBAGH",452,"Voortrekkers 2.xlsx|Main|452",1803,"WORCESTER","Worcester",259,NA,NA,NA
"DU PLESSIS","DU PLESSIS","WILLEM","DU PLESSISa1b1c7d4e6",NA,NA,"1783",NA,"1801","SWELLENDAM",NA,1839,NA,"TRANSORANJE","ELISABETH HELENA","APPEL",NA,"TULBAGH",453,"Voortrekkers 2.xlsx|Main|453",1783,"SWELLENDAM","Swellendam",260,NA,NA,NA
"DU PLESSIS","DU PLESSIS","JOSEPH ALBERTUS","DU PLESSISa1b1c7d5e2f2","1800","1800","1800","1885","1822","UITENHAGE","BAVIAANSRIVIER",1838,NA,"WINBURG","JEANETTA HELENA MARTHA","OLIVIER",NA,"SWELLENDAM",454,"Voortrekkers 2.xlsx|Main|454",1800,"UITENHAGE","Uitenhage",261,NA,NA,NA
"DU PLESSIS","DU PLESSIS","FRANCOIS JACOBUS","DU PLESSISa1b1c7d5e2f3",NA,NA,"1804",NA,"1826","UITENHAGE","BAVIAANSRIVIER",1835,"A.H. POTGIETER","NATAL","MAGDALENA MARIA","WILKEN",NA,NA,456,"Voortrekkers 2.xlsx|Main|456",1804,"UITENHAGE","Uitenhage",262,"Potgieter","Potgieter","Potgieter"
"DU PLESSIS","DU PLESSIS","ANDRIES STEPHANUS","DU PLESSISa1b1c7d5e6f2",NA,NA,"1804","1895","1824","SWELLENDAM",NA,1839,NA,"TRANSORANJE","JOHANNA CHRISTINA","SMITH",NA,"SWELLENDAM",457,"Voortrekkers 2.xlsx|Main|457",1804,"SWELLENDAM","Swellendam",263,NA,NA,NA
"DU PLESSIS","DU PLESSIS","JAN","DU PLESSISa1b6c1d10e1",NA,NA,"1804","1877","1822","SOMERSET","TARKA",1837,NA,"HARRISMITH","SUSANNA GEERTRUIDA","JORDAAN",NA,"GRAAFF-REINET",458,"Voortrekkers 2.xlsx|Main|458",1804,"SOMERSET","Somerset_multi",264,NA,NA,NA
"DU PLESSIS","DU PLESSIS","BAREND CHRISTOFFEL","DU PLESSISa1b6c1d10e2",NA,NA,"1805","1871","1824","SOMERSET","TARKA",1837,"JAN DU PLESSIS","KLIP RIVER, NATAL","ELISABETH JOHANNA","DE KLERK",NA,"GRAAFF-REINET",461,"Voortrekkers 2.xlsx|Main|461",1805,"SOMERSET","Somerset_multi",265,"Du Plessis","Du Plessis","Du Plessis"
"DU PLESSIS","DU PLESSIS","JAN ADRIAAN","DU PLESSISa1b6c1d1e10",NA,NA,"1804",NA,"1825","SOMERSET","TARKA",1837,"JAN DU PLESSIS","NATAL, TRANSORANJE, RUSTENBURG","CATHARINA HELENA","DU PLESSIS",NA,NA,462,"Voortrekkers 2.xlsx|Main|462",1804,"SOMERSET","Somerset_multi",266,"Du Plessis","Du Plessis","Du Plessis"
"DU PLESSIS","DU PLESSIS","LOURENS MARTHINUS","DU PLESSISa1b6c1d1e11","1806","1806","1806","1870","1828","SOMERSET","TARKA",1837,"JAN DU PLESSIS","VET RIVER","ANNA MAGDALENA SOPHIA FRANCINA","KRUGER",NA,"GRAAFF-REINET",463,"Voortrekkers 2.xlsx|Main|463",1806,"SOMERSET","Somerset_multi",267,"Du Plessis","Du Plessis","Du Plessis"
"DU PLESSIS","DU PLESSIS","WILLEM ABRAHAM","DU PLESSISa1b6c1d1e3",NA,NA,"1804","1876","1824","SOMERSET","TARKA",1837,"JAN DU PLESSIS","MAGALIESBERG","ANNA ELISABETH","KLOPPERS",NA,"GRAAFF-REINET",465,"Voortrekkers 2.xlsx|Main|465",1804,"SOMERSET","Somerset_multi",268,"Du Plessis","Du Plessis","Du Plessis"
"DU PLESSIS","DU PLESSIS","PIETER","DU PLESSISa1b6c1d1e7",NA,NA,"1798","/877","1820","SOMERSET","TARKA",1837,"JAN DU PLESSIS","NATAL, RUSTENBURG","MARIA ELISABETH","KLOPPER",NA,"GRAAFF-REINET",466,"Voortrekkers 2.xlsx|Main|466",1798,"SOMERSET","Somerset_multi",269,"Du Plessis","Du Plessis","Du Plessis"
"DU PLESSIS","DU PLESSIS","JAN HARM PIETER IGNATIUS MICHAEL","DU PLESSISa1b6c1d4e1",NA,NA,"1792",NA,"1810","SOMERSET","TARKA",1836,"A.H. POTGIETER","OHRIGSTAD","PETRONELLA MARGARETHA","POTGIETER",NA,"GRAAFF-REINET",468,"Voortrekkers 2.xlsx|Main|468",1792,"SOMERSET","Somerset_multi",270,"Potgieter","Potgieter","Potgieter"
"DU PLESSIS","DU PLESSIS","LOURENS STEPHANUS SR","DU PLESSISa1b6c1d4e2",NA,NA,"1794","1850","1813","SOMERSET","TARKA",1837,NA,"MAGALIESBERG","CATHARINA LEVINA","DU PLESSIS",NA,"GRAAFF-REINET",472,"Voortrekkers 2.xlsx|Main|472",1794,"SOMERSET","Somerset_multi",271,NA,NA,NA
"DU PLESSIS","DU PLESSIS","PIETER IGNATIUS","DU PLESSISa1b6c1d4e3",NA,NA,"1796","1879","1817","SOMERSET","TARKA",1836,"A.H. POTGIETER/JAN DU PLESSIS",NA,"ENGELA PETRONELLA","DU PLESSIS",NA,"CAPE TOWN",474,"Voortrekkers 2.xlsx|Main|474",1796,"SOMERSET","Somerset_multi",272,"Du Plessis","Du Plessis","Du Plessis"
"DU PLESSIS","DU PLESSIS","CASPER JEREMIAS","DU PLESSISa1b6c1d4e8",NA,NA,"1805","1889","1825","SOMERSET","TARKA",1837,NA,"MAGALIESBERG","ANNA MARIA ETRESIA","DU PLESSIS",NA,"GRAAFF-REINET",475,"Voortrekkers 2.xlsx|Main|475",1805,"SOMERSET","Somerset_multi",273,NA,NA,NA
"DU PLESSIS","DU PLESSIS","FREDERIK WILLEM JACOBUS","DU PLESSISa1b6c1d4e9","1806","1806","1806","1881","1824","SOMERSET","TARKA",1837,"A.H. POTGIETER","POTCHEFSTROOM","SUSANNA CATHARINA","POTGIETER",NA,NA,476,"Voortrekkers 2.xlsx|Main|476",1806,"SOMERSET","Somerset_multi",274,"Potgieter","Potgieter","Potgieter"
"DU PLESSIS","DU PLESSIS","FREDERIK","DU PLESSISa1b6c1d9",NA,NA,"1778",NA,NA,"SOMERSET","TARKA",1837,NA,NA,NA,NA,NA,NA,477,"Voortrekkers 2.xlsx|Main|477",1778,"SOMERSET","Somerset_multi",275,NA,NA,NA
"DU PLOOY","DU PLOOY","JACOBUS","DU PLOOYa1b3c5d1","1795","1795","1795","1845","1816","BEAUFORT","COLESBERG",1838,"P.D. JACOBS","SMITHFIELD","ANNA MARIA MARGRITHA","PELSER",NA,"TULBAGH",479,"Voortrekkers 2.xlsx|Main|479",1795,"BEAUFORT","Beaufort",276,"Jacobs","Jacobs","Jacobs"
"DU PLOOY","DU PLOOY","HELENA","DU PLOOYa1b3c9",NA,NA,"1775",NA,"1796","SOMERSET","TARKA",1837,"JAN DU PLESSIS",NA,"PIETER","DU PLESSIS",NA,NA,480,"Voortrekkers 2.xlsx|Main|480",1775,"SOMERSET","Somerset_multi",277,"Du Plessis","Du Plessis","Du Plessis"
"DU PLOOY","DU PLOOY","DIRK WOUTER SR","DU PLOOYa2b10",NA,NA,"1789","1868","1811","BEAUFORT","GAMKA",1837,"JACOB DE KLERK",NA,"CORNELIA SUSANNA","ROUX",NA,NA,481,"Voortrekkers 2.xlsx|Main|481",1789,"BEAUFORT","Beaufort",278,"De Klerk","De Klerk","De Klerk"
"DU PLOOY","DU PLOOY","GERHARDUS ANDRIES","DU PLOOYa2b17",NA,NA,"1802",NA,"1822","BEAUFORT",NA,1838,"JACOB DE KLERK","HEIDELBERG","ELSJE JOHANNA MAGDALENA","GOUS",NA,NA,485,"Voortrekkers 2.xlsx|Main|485",1802,"BEAUFORT","Beaufort",279,"De Klerk","De Klerk","De Klerk"
"DU PLOOY","DU PLOOY","CORNELIS MICHIEL SR","DU PLOOYa2b6",NA,NA,"1777","1853","1802","BEAUFORT","KOUP",1838,"JACOB DE KLERK","LYDENBURG","HENDRINA CECILIA","DE KLERK",NA,NA,486,"Voortrekkers 2.xlsx|Main|486",1777,"BEAUFORT","Beaufort",280,"De Klerk","De Klerk","De Klerk"
"DU PLOOY","DU PLOOY","CORNELIS MICHIEL JR","DU PLOOYa2b6c2",NA,NA,"1806",NA,"1833","BEAUFORT","KOUP",1838,"P.D. JACOBS","NATAL","JOHANNA CHRISTINA","DE KLERK",NA,NA,487,"Voortrekkers 2.xlsx|Main|487",1806,"BEAUFORT","Beaufort",281,"Jacobs","Jacobs","Jacobs"
"DU PLOOY","DU PLOOY","CORNELIS JOHANNES FREDERIK","DU PLOOYa2b8c2",NA,NA,"1809","1871","1837","SOMERSET","SWAGERSHOEK",1837,NA,"WINBURG","MARIA JACOBA","POTGIETER",NA,NA,489,"Voortrekkers 2.xlsx|Main|489",1809,"SOMERSET","Somerset_multi",282,NA,NA,NA
"DU PLOOY","DU PLOOY","LEENDERT HENDRIK","DU PLOOYa2b9","1786","1786","1786","1862","1808","BEAUFORT","KOUP",1838,"P.D. JACOBS","BLOEMFONTIEN","ANNA FRANCINA","ESTERHUIZEN",NA,NA,490,"Voortrekkers 2.xlsx|Main|490",1786,"BEAUFORT","Beaufort",283,"Jacobs","Jacobs","Jacobs"
"DU PLOOY","DU PLOOY","CHRISTOFFEL CORNELIS","DU PLOOYa2b9c1",NA,NA,"1809",NA,"1831","BEAUFORT","KOUP",1883,"A.H. POTGIETER","TRANSORANJE","MARGARETHA SOPHIA JOHANNA",NA,NA,NA,491,"Voortrekkers 2.xlsx|Main|491",1809,"BEAUFORT","Beaufort",284,"Potgieter","Potgieter","Potgieter"
"DU PREEZ","DU PREEZ","JACOBUS HERCULAS","DU PREEZa1b2c1d2e2f3","1807","1807","1807","1874",NA,"SOMERSET","BRAKRIVIER",1840,NA,"OVS","DOROTHEA ELISABETH MARIA","GEYER",NA,NA,492,"Voortrekkers 2.xlsx|Main|492",1807,"SOMERSET","Somerset_multi",285,NA,NA,NA
"DU PREEZ","DU PREEZ","SALOMON JOHANNES","DU PREEZa1b4c1d5e3f7",NA,NA,"1808",NA,NA,"UITENHAGE","ONDER-BOESMANSRIVIER",1840,NA,NA,"HESTER ANGENITHA","DU PREEZ",NA,NA,493,"Voortrekkers 2.xlsx|Main|493",1808,"UITENHAGE","Uitenhage",286,NA,NA,NA
"DU PREEZ","DU PREEZ","JOHANNES STEPHANUS","DU PREEZa1b4c1d5e4f3",NA,NA,"1795",NA,"1819","UITENHAGE","ONDER-BOESMANSRIVIER",1836,"J.S. MARITZ",NA,"HESTER JACOBA","DU PREEZ",NA,NA,494,"Voortrekkers 2.xlsx|Main|494",1795,"UITENHAGE","Uitenhage",287,"Maritz (JS)","Maritz","Maritz"
"DU PREEZ","DU PREEZ","ROELOF JOHANNES","DU PREEZa1b4c1d5e4f7","1802","1802","1802","1875","1823","UITENHAGE","ONDER-BOESMANSRIVIER",1836,"J.S. MARITZ","HEIDELBERG","URSULA MAGDALENA","LINDEQUE",NA,"SWELLENDAM",495,"Voortrekkers 2.xlsx|Main|495",1802,"UITENHAGE","Uitenhage",288,"Maritz (JS)","Maritz","Maritz"
"DU PREEZ","DU PREEZ","JOHANNES PETRUS","DU PREEZa1b4c2d1e3",NA,NA,"1772",NA,"1802","GRAAFF-REINET",NA,1836,NA,"PIETERMARITZBURG","ANNA MARTHA ELISABETH","HERBST",NA,"GRAAFF-REINET",497,"Voortrekkers 2.xlsx|Main|497",1772,"GRAAFF-REINET","Graaff-Reinet",289,NA,NA,NA
"DU PREEZ","DU PREEZ","PETRUS JOHANNES","DU PREEZa1b4c2d1e3f3","1805","1805","1805",NA,NA,"GRAAFF-REINET",NA,1836,NA,"PRETORIA","CATHARINA MAGDALENA","NORTIER",NA,NA,498,"Voortrekkers 2.xlsx|Main|498",1805,"GRAAFF-REINET","Graaff-Reinet",290,NA,NA,NA
"DU PREEZ","DU PREEZ","DANIEL JOHANNES LODEWICUS HERMANUS","DU PREEZa1b6c4d2e10",NA,NA,NA,NA,NA,"GEORGE","KANGO",1838,"P. RETIEF","WEENEN, POTCHEFSTROOM",NA,NA,NA,NA,500,"Voortrekkers 2.xlsx|Main|500",NA,"GEORGE","George",291,"Retief","Retief","Retief"
"DU PREEZ","DU PREEZ","JOHANNES LODEWICUS","DU PREEZa1b6c4d2e10f1",NA,NA,"1803","1849",NA,"GEORGE","KANGO",1840,NA,"POTCHEFSTROOM","HESTER CATHARINA","GROBLER",NA,NA,501,"Voortrekkers 2.xlsx|Main|501",1803,"GEORGE","George",292,NA,NA,NA
"DU PREEZ","DU PREEZ","PIETER DANIEL ANDREAS SALOMON","DU PREEZa1b6c4d2e10f5","1807","1807","1807","1889","1826","GEORGE","KANGO",1836,"P. RETIEF","WEENEN, POTCHEFSTROOM","LOUISA JOHANNA MARGARETHA","JACOBS","SWARTBERG",NA,502,"Voortrekkers 2.xlsx|Main|502",1807,"GEORGE","George",293,"Retief","Retief","Retief"
"DU PREEZ","DU PREEZ","CASPER PHILIPPUS","DU PREEZa1b6c4d2e6f5",NA,NA,"1807",NA,NA,"SOMERSET","BRAKRIVIER",1837,NA,"NATAL, WINBURG","GEERTRUIDA CATHARINA SUSANNA","BADENHORST",NA,NA,504,"Voortrekkers 2.xlsx|Main|504",1807,"SOMERSET","Somerset_multi",294,NA,NA,NA
"DU TOIT","DU TOIT","ROELOF PETRUS","DU TOITa1b1c6d10e2",NA,NA,"1796","1880","1818","BEAUFORT",NA,1836,NA,"SWARTRUGGENS","SARA JOHANNA DOROTHEA","GOUS",NA,NA,507,"Voortrekkers 2.xlsx|Main|507",1796,"BEAUFORT","Beaufort",295,NA,NA,NA
"DU TOIT","DU TOIT","ANDRIES STEPHANUS","DU TOITa1b1c6d10e5","1806","1806","1806","1889","1827","BEAUFORT","BEAUFORT-WES",1837,"JACOB DE KLERK","POTCHEFSTROOM","HERMINA CHRISTINA","SWANEPOEL","FRANSCHHOEK","STELLENBOSCH",509,"Voortrekkers 2.xlsx|Main|509",1806,"BEAUFORT","Beaufort",296,"De Klerk","De Klerk","De Klerk"
"DU TOIT","DU TOIT","FRANCOIS JACOBUS","DU TOITa1b6c7d1e1",NA,NA,"1786",NA,NA,"COLESBERG",NA,1832,"FAMILY",NA,"ELSIE SUSANNA","GROBBELAAR",NA,"TULBAGH",512,"Voortrekkers 2.xlsx|Main|512",1786,"COLESBERG","Colesberg_multi",297,"Family/Independent","Family/Independent","Family/Independent"
"DU TOIT","DU TOIT","JOHANNES HERMANUS (JAN)","DU TOITa1b6c7d1e1f2","1807","1807","1807","1836","1826","GRAAFF-REINET","NUWE HANTAM",1836,"A.H. POTGIETER",NA,"ANNA MARIA","LIEBENBERG",NA,"GRAAFF-REINET",513,"Voortrekkers 2.xlsx|Main|513",1807,"GRAAFF-REINET","Graaff-Reinet",298,"Potgieter","Potgieter","Potgieter"
"DU TOIT","DU TOIT","FRANCOIS JACOBUS","DU TOITa1b6c7d1e1f3","1808","1808","1808","1881","1832","COLESBERG",NA,NA,"FAMILY",NA,"GEERTRUYDA MARGARETHA ELIZABETH BOTHA",NA,NA,"SWELLENDAM",514,"Voortrekkers 2.xlsx|Main|514",1808,"COLESBERG","Colesberg_multi",299,"Family/Independent","Family/Independent","Family/Independent"
"DU TOIT","DU TOIT","FRANCOIS ARNOLDUS","DU TOITa1b6c7d2e3",NA,NA,"1791",NA,"1822","COLESBERG",NA,NA,NA,"RUSTENBURG","ANNA CHRISTINA","DE JAGER",NA,"TULBAGH",515,"Voortrekkers 2.xlsx|Main|515",1791,"COLESBERG","Colesberg_multi",300,NA,NA,NA
"DU TOIT","DU TOIT","FRANCOIS PETRUS JACOBUS","DU TOITa1b6c7d3e3","1797","1797","1797","1862","1822","COLESBERG",NA,1845,NA,"WATERBERG","MAGDALENA PETRONELLA","VAN DER MERWE",NA,"TULBAGH",519,"Voortrekkers 2.xlsx|Main|519",1797,"COLESBERG","Colesberg_multi",301,NA,NA,NA
"DU TOIT","DU TOIT","THOMAS ARNOLDUS","DU TOITa1b6c7d3e4","1800","1800","1800","1875","1820","COLESBERG",NA,1829,NA,"FAURESMITH","MARIA MAGDALENA","LUBBE",NA,"TULBAGH",520,"Voortrekkers 2.xlsx|Main|520",1800,"COLESBERG","Colesberg_multi",302,NA,NA,NA
"DU TOIT","DU TOIT","CHRISTIAAN PETRUS","DU TOITa1b6c7d3e6","1804","1804","1804","1873","1826","COLESBERG",NA,1832,NA,"FAURESMITH","JACOMINA JACOBA","CVILJOEN",NA,"SWELLENDAM",521,"Voortrekkers 2.xlsx|Main|521",1804,"COLESBERG","Colesberg_multi",303,NA,NA,NA
"DU TOIT","DU TOIT","THOMAS ARNOLDUS","DU TOITa1b6d7d3","1767","1767","1767","1850","1792","COLESBERG",NA,NA,NA,"FAURESMITH","MARGARETHA CAROLINA","KLOPPER",NA,"TULBAGH",523,"Voortrekkers 2.xlsx|Main|523",1767,"COLESBERG","Colesberg_multi",304,NA,NA,NA
"DUVENHAGE","DUVENHAGE","ABRAHAM CHRISTIAAN","DUVENHAGEa1b1c1","1798","1798","1798",NA,"1818","SOMERSET","OOS-RIETRIVIER",NA,NA,"POTCHEFSTROOM (1842)","SUSANNA MAGDALENA","VICTOR",NA,"GRAAFF-REINET",525,"Voortrekkers 2.xlsx|Main|525",1798,"SOMERSET","Somerset_multi",305,NA,NA,NA
"DUVENHAGE","DUVENHAGE","JOHANNES THEUNIS","DUVENHAGEa1b1c2","1799","1799","1799",NA,"1820","GRAAFF-REINET","NUWE HANTAM",1834,NA,"WINBURG","JANNETJIE","VICTOR",NA,NA,527,"Voortrekkers 2.xlsx|Main|527",1799,"GRAAFF-REINET","Graaff-Reinet",306,NA,NA,NA
"DUVENHAGE","DUVENHAGE","JOHAN HENDRIK","DUVENHAGEa1b1c3","1800","1800","1800",NA,"1822","GRAAFF-REINET","NUWE HANTAM",1834,NA,"BETHLEHEM","GESINA CHRISTINA REGINA","VICTOR",NA,NA,528,"Voortrekkers 2.xlsx|Main|528",1800,"GRAAFF-REINET","Graaff-Reinet",307,NA,NA,NA
"ELOFF","ELOFF","FREDERIK CHRISTOFFEL","ELOFFa1b1c3",NA,NA,"1800","1890","1818","SOMERSET","BRAKRIVIER",1839,"A.H. POTGIETER","RUSTENBURG","MARTHA CATHARINA","MYBURGH",NA,"GRAAFF-REINET",530,"Voortrekkers 2.xlsx|Main|530",1800,"SOMERSET","Somerset_multi",308,"Potgieter","Potgieter","Potgieter"
"ELS","ELS","CORNELIS WILHELMUS","ELSa1b1c3",NA,NA,"1793","1878","1812","SOMERSET",NA,NA,NA,"TRANSORANJE","SUSANNA SOPHIA","LOTTER",NA,NA,534,"Voortrekkers 2.xlsx|Main|534",1793,"SOMERSET","Somerset_multi",309,NA,NA,NA
"ELS","ELS","FREDERIK CHRISTIAAN","ELSa1b1c6",NA,NA,"1801",NA,"1823","SOMERSET",NA,NA,NA,"RUSTENBURG","MAGDALNA CATHARINA","HATTINGH",NA,NA,537,"Voortrekkers 2.xlsx|Main|537",1801,"SOMERSET","Somerset_multi",310,NA,NA,NA
"ELS","ELS","FREDERIK NICOLAAS","ELSa1b5",NA,NA,"1777",NA,"1803","SOMERSET","TARKA",1837,NA,NA,"SUSANNA CORNELIA","DE BRUYN",NA,NA,538,"Voortrekkers 2.xlsx|Main|538",1777,"SOMERSET","Somerset_multi",311,NA,NA,NA
"ENGELBRECHT","ENGELBRECHT","EDUARD JOHANNES","ENGELBRECHTa2b1c4d5",NA,NA,"1799",NA,"1823","COLESBERG",NA,1840,NA,"POTCHEFSTROM","BARBARA JACOBA","MEINTJIES",NA,NA,540,"Voortrekkers 2.xlsx|Main|540",1799,"COLESBERG","Colesberg_multi",312,NA,NA,NA
"ENGELBRECHT","ENGELBRECHT","JOHANNES FREDERIK","ENGELBRECHTa2b1c4d7",NA,NA,"1807",NA,"1832",NA,NA,1840,NA,"WINBURG","CATHARINA SOPHIA","MEINTJIES",NA,NA,541,"Voortrekkers 2.xlsx|Main|541",1807,NA,"Unknown",313,NA,NA,NA
"ENGELBRECHT","ENGELBRECHT","GERHARDUS SR","ENGELBRECHTa4b2c3",NA,NA,"1785","1838","1804","SOMERSET","OOS-RIETRIVIER",1837,"P. RETIEF","NATAL","ANNA MARGARETHA","VAN DER MERWE",NA,NA,542,"Voortrekkers 2.xlsx|Main|542",1785,"SOMERSET","Somerset_multi",314,"Retief","Retief","Retief"
"ENGELBRECHT","ENGELBRECHT","GERRIT JOHANNES JACOBUS","ENGELBRECHTa4b2c3d2","1809","1809","1809","1838",NA,"SOMERSET","OOS-RIETRIVIER",1837,"P. RETIEF",NA,NA,NA,NA,NA,543,"Voortrekkers 2.xlsx|Main|543",1809,"SOMERSET","Somerset_multi",315,"Retief","Retief","Retief"
"ENGELBRECHT","ENGELBRECHT","WILLEM JACOBUS","ENGELBRECHTa4b2c3d3",NA,NA,"1809","1838",NA,"SOMERSET","OOS-RIETRIVIER",1837,"P. RETIEF",NA,"CATHARINA ELIZABETH","ENGELBRECHT",NA,NA,544,"Voortrekkers 2.xlsx|Main|544",1809,"SOMERSET","Somerset_multi",316,"Retief","Retief","Retief"
"ENGELBRECHT","ENGELBRECHT","ADRIAAN STEPHANUS","ENGELBRECHTa4b3c10",NA,NA,"1804",NA,"1820","SOMERSET","BAVIAANSRIVIER",1837,"L.J MEYER/J.H. DE LANGE","WINBURG","JACOMINA HENDRINA","VILJOEN",NA,NA,549,"Voortrekkers 2.xlsx|Main|549",1804,"SOMERSET","Somerset_multi",317,"Meyer","Meyer","Meyer"
"ENSLIN","ENSLIN","JOHAN ADAM","ENSLINa1b7c1",NA,NA,"1800","1852","1825","SOMERSET","BAVIAANSRIVIER",1837,"FAMILY/P.  RETIEF","NATAL","ANNA SUSANNA","COETZER",NA,"GRAAFF-REINET",552,"Voortrekkers 2.xlsx|Main|552",1800,"SOMERSET","Somerset_multi",318,"Retief","Retief","Retief"
"ERASMUS","ERASMUS","CAROLUS JOHANNES","ERASMUSa1b3c10d5",NA,NA,"1803","1879","1823","ALBANY","KOONAP",1837,"P. RETIEF","NATAL","ELISABETH JOHANNA","MEYER",NA,NA,553,"Voortrekkers 2.xlsx|Main|553",1803,"ALBANY","Albany",319,"Retief","Retief","Retief"
"ERASMUS","ERASMUS","CHRISTOFFEL PETRUS JOHANNES","ERASMUSa1b3c10d6",NA,NA,"1806","1840","1825","SOMERSET","SWAGERSHOEK",1837,NA,"NATAL","SUSANNA SOPHIA","ERASMUS",NA,NA,554,"Voortrekkers 2.xlsx|Main|554",1806,"SOMERSET","Somerset_multi",320,NA,NA,NA
"ERASMUS","ERASMUS","LOURENS ABRAHAM","ERASMUSa1b3c12d1",NA,NA,"1780","1849","1800","SOMERSET","BRAKRIVIER",1837,"S.P. ERASMUS","MAGALIESBERG","HELENA GEERTRUYDA","BEKKER",NA,"CAPE TOWN",555,"Voortrekkers 2.xlsx|Main|555",1780,"SOMERSET","Somerset_multi",321,"Erasmus (SP)","Erasmus","Minor Leader"
"ERASMUS","ERASMUS","DANIEL ELARDUS","ERASMUSa1b3c12d1e1","1804","1804","1804","1878","1824","SOMERSET","BRAKRIVIER",1837,"S.P. ERASMUS","POTCHEFSTROOM","PETRONELLA CATHARINA","GOUD",NA,NA,556,"Voortrekkers 2.xlsx|Main|556",1804,"SOMERSET","Somerset_multi",322,"Erasmus (SP)","Erasmus","Minor Leader"
"ERASMUS","ERASMUS","CATHARINA ELIZABETH","ERASMUSa1b3c12d1e3",NA,NA,"1808",NA,NA,NA,NA,NA,NA,"MAGALIESBERG (1840)",NA,"JACOBS",NA,NA,557,"Voortrekkers 2.xlsx|Main|557",1808,NA,"Unknown",323,NA,NA,NA
"ERASMUS","ERASMUS","DANIEL JACOBUS","ERASMUSa1b3c12d3",NA,NA,"1786",NA,"1807","SOMERSET","BRUINTJIESHOOGTE",1837,"S.P. ERASMUS","OHRIGSTAD","CORNELIA JACOBA SUSANNA","KRUGER",NA,NA,558,"Voortrekkers 2.xlsx|Main|558",1786,"SOMERSET","Somerset_multi",324,"Erasmus (SP)","Erasmus","Minor Leader"
"ERASMUS","ERASMUS","STEPHANUS PETRUS","ERASMUSa1b3c12d4",NA,NA,"1788","1847","1812","SOMERSET","KRAAIRIVIER",1837,NA,"NATAL","MARTHA WILHELMINA ZACHARYA","KRUGER",NA,NA,560,"Voortrekkers 2.xlsx|Main|560",1788,"SOMERSET","Somerset_multi",325,NA,NA,NA
"ERASMUS","ERASMUS","ANTONIE PHILIPPUS","ERASMUSa1b3c1d2e12",NA,NA,"1805",NA,"1826","SOMERSET","BAVIAANSRIVIER",1838,"L.J. MEYER/JAN DU PLESSIS/P.A. OPPERMAN","TRANSORANJE","MARIA PETRONELLA","BOTHA",NA,NA,562,"Voortrekkers 2.xlsx|Main|562",1805,"SOMERSET","Somerset_multi",326,"Du Plessis","Du Plessis","Du Plessis"
"ERASMUS","ERASMUS","BALTHASAR JOHANNES","ERASMUSa1b3c1d2e7",NA,NA,"1795","1868","1825","SOMERSET","BAVIAANSRIVIER",1838,"P.A. OPPERMAN","WINBURG","MARIA MAGDALENA","ENSLIN",NA,NA,563,"Voortrekkers 2.xlsx|Main|563",1795,"SOMERSET","Somerset_multi",327,"Opperman","Opperman","Opperman"
"ERASMUS","ERASMUS","DANIEL BALTHAZAR","ERASMUSa1b3c1d4e5",NA,NA,"1794",NA,NA,"ALBANY","KOONAP",1837,"P. RETIEF","NATAL","ANNA JOHANNA MARIA","DELPORT",NA,NA,564,"Voortrekkers 2.xlsx|Main|564",1794,"ALBANY","Albany",328,"Retief","Retief","Retief"
"ERASMUS","ERASMUS","LOURENS MARTHINUS","ERASMUSa1b3c1d4e6",NA,NA,"1797","1859","1816","GRAAFF-REINET",NA,NA,NA,"FAURESMITH","CORNELIA DOROTHEA","LABUSCHAGNE",NA,NA,565,"Voortrekkers 2.xlsx|Main|565",1797,"GRAAFF-REINET","Graaff-Reinet",329,NA,NA,NA
"ERASMUS","ERASMUS","BAREND CHRISTOFFEL","ERASMUSa1b3c2d2e10",NA,NA,"1801",NA,NA,"SOMERSET","BAVIAANSRIVIER",1837,NA,NA,NA,NA,NA,NA,566,"Voortrekkers 2.xlsx|Main|566",1801,"SOMERSET","Somerset_multi",330,NA,NA,NA
"ERASMUS","ERASMUS","JACOB","ERASMUSa1b3c2d2e11","1803","1803","1803",NA,"1828","SOMERSET","BAVIAANSRIVIER",1837,"J.A. ENSLIN","WINBURG","HESTER ELISABETH LORET","GREYLING",NA,NA,567,"Voortrekkers 2.xlsx|Main|567",1803,"SOMERSET","Somerset_multi",331,"Other","Other","Minor Leader"
"ERASMUS","ERASMUS","LOURENS JOHANNES","ERASMUSa1b3c2d2e9",NA,NA,"1800",NA,NA,"SOMERSET","OOS-RIETRIVIER",NA,NA,"WINBURG (1842)","JOHANNA ELISABETH MARIA","VAN STRATEN",NA,NA,568,"Voortrekkers 2.xlsx|Main|568",1800,"SOMERSET","Somerset_multi",332,NA,NA,NA
"ERASMUS","ERASMUS","PIETER RASMUS","ERASMUSa1b3c2d4e2f1",NA,NA,"1809",NA,"1829","SOMERSET","BAVIAANSRIVIER",1837,"LUCAS MEYER","NATAL","GESINA","MEYER",NA,NA,569,"Voortrekkers 2.xlsx|Main|569",1809,"SOMERSET","Somerset_multi",333,"Meyer","Meyer","Meyer"
"ERASMUS","ERASMUS","JOHANNES JACOBUS","ERASMUSa1b3c2d4e3",NA,NA,"1790","1868","1811","SOMERSET","TARKA",1837,NA,NA,"HESTER CORNELIA","BOTHA",NA,NA,570,"Voortrekkers 2.xlsx|Main|570",1790,"SOMERSET","Somerset_multi",334,NA,NA,NA
"ERASMUS","ERASMUS","LOURENS JOHANNES","ERASMUSa1b3c2d6e8",NA,NA,"1807","1838",NA,"SOMERSET","BRAKRIVIER",1837,NA,NA,"GEERTRUIDA CHRISTINA","JOUBERT",NA,NA,573,"Voortrekkers 2.xlsx|Main|573",1807,"SOMERSET","Somerset_multi",335,NA,NA,NA
"ERASMUS","ERASMUS","WILLEM JACOBUS","ERASMUSa1b3c2e13",NA,NA,"1808",NA,"1831","SOMERSET","BAVIAANSRIVIER",1837,"P.A. OPPERMAN",NA,"PETRONELLA CHRISTINA","DE WET",NA,NA,574,"Voortrekkers 2.xlsx|Main|574",1808,"SOMERSET","Somerset_multi",336,"Opperman","Opperman","Opperman"
"ERASMUS","ERASMUS","PIETER JOHANNES","ERASMUSa1b3c4d8e?",NA,NA,NA,NA,NA,"SOMERSET","SWAGERSHOEK",NA,NA,"WINBURG (1842)","ELISABETH","ERASMUS",NA,NA,575,"Voortrekkers 2.xlsx|Main|575",NA,"SOMERSET","Somerset_multi",337,NA,NA,NA
"ERASMUS","ERASMUS","LOURENS JOHANNES","ERASMUSa1b3c5d3e1",NA,NA,"1789","1836","1813","SOMERSET","BAVIAANSRIVIER",1836,"A.H. POTGIETER","POTCHEFSTROOM","JOHANNA HENDRINA","GROBLER",NA,NA,576,"Voortrekkers 2.xlsx|Main|576",1789,"SOMERSET","Somerset_multi",338,"Potgieter","Potgieter","Potgieter"
"ERASMUS","ERASMUS","MICHIEL COENRAAD","ERASMUSa1b3c5d3e2",NA,NA,"1791",NA,NA,"SOMERSET","BAVIAANSRIVIER",1838,NA,"OHRIGSTAD","MARTHA MARIA","GROBLER",NA,NA,578,"Voortrekkers 2.xlsx|Main|578",1791,"SOMERSET","Somerset_multi",339,NA,NA,NA
"ERASMUS","ERASMUS","PHILIPPUS JOHANNES LODEWICUS","ERASMUSa1b3c5d3e6",NA,NA,"1800","1854","1823","SOMERSET","SWAGERSHOEK",1839,NA,"POTCHEFSTROOM","SUSANNA SARA JACOBA","GREYLING",NA,NA,580,"Voortrekkers 2.xlsx|Main|580",1800,"SOMERSET","Somerset_multi",340,NA,NA,NA
"ERASMUS","ERASMUS","JACOB LOURENS CAROLUS","ERASMUSa1b3c9d1e2",NA,NA,"1801",NA,"1821","SOMERSET","BRUINTJIESHOOGTE",1836,NA,"NATAL","SUSANNA SOPHIA","ERASMUS",NA,NA,581,"Voortrekkers 2.xlsx|Main|581",1801,"SOMERSET","Somerset_multi",341,NA,NA,NA
"ERASMUS","ERASMUS","COERT","ERASMUSa1b3c9d1e5",NA,NA,"1807",NA,"1827","SOMERSET","BRUINTJIESHOOGTE",1835,NA,"NATAL","ALETTA CATHARINA","STEENKAMP",NA,NA,582,"Voortrekkers 2.xlsx|Main|582",1807,"SOMERSET","Somerset_multi",342,NA,NA,NA
"ERASMUS","ERASMUS","HENDRIK JOHANNES","ERASMUSa1b6c2d2e4",NA,NA,"1804",NA,"1827","COLESBERG",NA,NA,NA,"POTCHEFSTROOM","HESTER DOROTHEA","LIEBENBERG",NA,NA,588,"Voortrekkers 2.xlsx|Main|588",1804,"COLESBERG","Colesberg_multi",343,NA,NA,NA
"ERASMUS","ERASMUS","PIETER JOHANNES","ERASMUSa1b3c5d3e3",NA,NA,"1793","1849","1817","SOMERSET","TARKA",NA,NA,"OHRIGSTAD","MARIA MAGDALENA","ERASMUS",NA,NA,590,"Voortrekkers 2.xlsx|Main|590",1793,"SOMERSET","Somerset_multi",344,NA,NA,NA
"ERWEE","ERWEE","ANDRIES JOHANNES","ERWEEa1b3",NA,NA,"1802","1894","1826","SWELLENDAM","ONDER-RIVERSONDEREND",1838,NA,"WINBURG","CORNELIA MARGARETHA","HUMAN",NA,NA,591,"Voortrekkers 2.xlsx|Main|591",1802,"SWELLENDAM","Swellendam",345,NA,NA,NA
"ESPAG","ESPAG","JOACHIM CHRISTOFFEL","ESPAGa1b2",NA,NA,"1782",NA,"1810","ALBANY","VISRIVIER",1842,NA,"OHRIGSTAD","RACHEL CATHARINA","MEYER",NA,NA,592,"Voortrekkers 2.xlsx|Main|592",1782,"ALBANY","Albany",346,NA,NA,NA
"ESTERHUIZEN","ESTERHUIZEN","JAN CHRISTOFFEL","ESTERHUIZENa1b3c2d6e7",NA,NA,"1806",NA,NA,"BEAUFORT",NA,1838,NA,"WINBURG","MARIA MAGDALENA","BUITENDACH",NA,NA,596,"Voortrekkers 2.xlsx|Main|596",1806,"BEAUFORT","Beaufort",347,NA,NA,NA
"FERREIRA","FERREIRA","MARTHINUS GERRIT THOMAS","FERREIRAa1b9c2d1",NA,NA,"1801",NA,"1821","UITENHAGE",NA,1838,NA,"PIETERMARITZBURG","SUSANNA MARIA","MARX",NA,NA,601,"Voortrekkers 2.xlsx|Main|601",1801,"UITENHAGE","Uitenhage",348,NA,NA,NA
"FICK","FICK","ANTHONIE FREDERIK","FICKa1b6c4d9",NA,NA,"1801",NA,"1827","STELLENBOSCH",NA,1838,NA,"OHRIGSTAD","ANNA GEERTRUYDA","ALBERTYN",NA,NA,603,"Voortrekkers 2.xlsx|Main|603",1801,"STELLENBOSCH","Stellenbosch",349,NA,NA,NA
"FOORD","FOORD","JAMES","FOORDa1b3","1802","1802","1802",NA,"1824","SOMERSET","BAVIAAANSRIVIER",1840,"J.C. ESPAG","PIETERMARITZBURG","MARIA DOROTHEA","HELLMOND","SCOTLAND",NA,604,"Voortrekkers 2.xlsx|Main|604",1802,"SOMERSET","Somerset_multi",350,"Espag","Espag","Espag"
"FOUCHE","FOUCHE","JACOBUS PAULUS","FOUCHEa1b6c2d2e7",NA,NA,"1806","1876","1828","GRAAFF-REINET","SWARTRUGGENS",1837,NA,"TRANSORANJE","ANNA MARGARETHA","BASSON",NA,NA,606,"Voortrekkers 2.xlsx|Main|606",1806,"GRAAFF-REINET","Graaff-Reinet",351,NA,NA,NA
"FOUCHE","FOUCHE","GUSTAVUS WILHEMUS","FOUCHEa1b6c2d2e8","1808","1808","1808",NA,"1828","GRAAFF-REINET","SWARTRUGGENS",1839,NA,"ROUXVILLE","JOHANNA","SWANEPOEL",NA,"SWELLENDAM",607,"Voortrekkers 2.xlsx|Main|607",1808,"GRAAFF-REINET","Graaff-Reinet",352,NA,NA,NA
"FOUCHE","FOUCHE","STEPHANUS JACOBUS","FOUCHEa1b6c2d3e2",NA,NA,"1802",NA,"1825","SWELLENDAM","VOOR-KOGMANSKLOOF",1840,NA,"COLESBERG","SUSANNA GEERTRUYDA","SMIT",NA,"SWELLENDAM",608,"Voortrekkers 2.xlsx|Main|608",1802,"SWELLENDAM","Swellendam",353,NA,NA,NA
"FOURIE","FOURIE","DAVID STEPHANUS SR","FOURIEa1b14c2d1",NA,NA,"1784",NA,"1802","BEAUFORT","NUWEVELD",1838,NA,"VAALRIVIER","ISABELLA ELIZABETH","JANSEN VAN RENSBURG",NA,NA,612,"Voortrekkers 2.xlsx|Main|612",1784,"BEAUFORT","Beaufort",354,NA,NA,NA
"FOURIE","FOURIE","BARTHOLOMEUS JACOBUS","FOURIEa1b14c3d12",NA,NA,"1802",NA,"1827","COLESBERG",NA,1837,NA,"OHRIGSTAD","MARIA MAGDALENA","DE KOKER",NA,NA,617,"Voortrekkers 2.xlsx|Main|617",1802,"COLESBERG","Colesberg_multi",355,NA,NA,NA
"FOURIE","FOURIE","WILLEM ANDRIES JOHANNES","FOURIEa1b14c3d13",NA,NA,"1805",NA,NA,"SOMERSET","BRAKRIVIER",1837,NA,"PIETERMARITZBURG","ANNA DOROTHEA","KRUGER",NA,NA,618,"Voortrekkers 2.xlsx|Main|618",1805,"SOMERSET","Somerset_multi",356,NA,NA,NA
"FOURIE","FOURIE","DANIEL JACOBUS","FOURIEa1b14c6d2",NA,NA,"1787",NA,"1825","BEAUFORT","NUWEVELD",1837,NA,"WINBURG","JACOBA SUSANNA","FOURIE",NA,NA,621,"Voortrekkers 2.xlsx|Main|621",1787,"BEAUFORT","Beaufort",357,NA,NA,NA
"FOURIE","FOURIE","PHILIPPUS JACOBUS","FOURIEa1b15c1d5",NA,NA,"1803",NA,"1826","UITENHAGE then SOMERSET",NA,1836,"A.H. POTGIETER",NA,"ANNA BARBARA","ROBBERTSE",NA,NA,622,"Voortrekkers 2.xlsx|Main|622",1803,"UITENHAGE THEN SOMERSET","Uitenhage",358,"Potgieter","Potgieter","Potgieter"
"FOURIE","FOURIE","HERMANUS","FOURIEa1b16c3",NA,NA,"1774",NA,"1800","ALBANY","VISRIVIER",1842,"J.C. ESPAG","WINBURG","ANNA LOUISA","JANSEN VAN RENSBURG",NA,NA,623,"Voortrekkers 2.xlsx|Main|623",1774,"ALBANY","Albany",359,"Espag","Espag","Espag"
"FOURIE","FOURIE","PETRUS JOHANNES","FOURIEa1b16c4",NA,NA,"1777",NA,"1797","SOMERSET","BO- BOESMANRIVIER",1837,"GERT J. RUDOLPH","NATAL","ALETTA","BOOYSEN",NA,NA,627,"Voortrekkers 2.xlsx|Main|627",1777,"SOMERSET","Somerset_multi",360,"Rudolph","Rudolph","Rudolph"
"FOURIE","FOURIE","LOUIS THEUNIS","FOURIEa1b16c4d2",NA,NA,"1802",NA,NA,"UITENHAGE and then SOMERSET","ONDER-BOESMANSRIVIER and then BO- BOESMANSRIVIER",1837,"GERT J. RUDOLPH or J.S. MARITZ","WEENEN, NATAL","ENGELA ADRIANA ALETTA","DE JAGER",NA,NA,628,"Voortrekkers 2.xlsx|Main|628",1802,"UITENHAGE AND THEN SOMERSET","Uitenhage",361,"Maritz (GM)","Maritz","Maritz"
"FOURIE","FOURIE","JOHANNES LOUIS","FOURIEa1b16c4d4",NA,NA,"1804",NA,"1826","SOMERSET","BRUINTJIESHOOGTE",1837,NA,NA,"ANNA CATHARINA","COETZEE",NA,NA,629,"Voortrekkers 2.xlsx|Main|629",1804,"SOMERSET","Somerset_multi",362,NA,NA,NA
"FOURIE","FOURIE","HERMANUS NICOLAAS","FOURIEa1b16c4d5","1806","1806","1806",NA,NA,"UITENHAGE","ONDER-BOESMANSRIVIER",1837,"G.J. RUDOLPH","NATAL","SUSANNA MARIA","DE JAGER",NA,"NATAL",630,"Voortrekkers 2.xlsx|Main|630",1806,"UITENHAGE","Uitenhage",363,"Rudolph","Rudolph","Rudolph"
"FOURIE","FOURIE","JOSEPH JOHANNES","FOURIEa1b19c5d2",NA,NA,"1795","1882","1820","SWELLENDAM","KAFFERKUILSRIVIER",1840,NA,"NATAL","MARIA ELIZABETH","VAN EEDEN",NA,NA,632,"Voortrekkers 2.xlsx|Main|632",1795,"SWELLENDAM","Swellendam",364,NA,NA,NA
"FOURIE","FOURIE","LOUIS JOHANNES","FOURIEa1b6c1d1e1",NA,NA,"1797","1876","1820","SWELLENDAM",NA,1840,NA,NA,"ALIDA MARIA","DE JAGER",NA,NA,633,"Voortrekkers 2.xlsx|Main|633",1797,"SWELLENDAM","Swellendam",365,NA,NA,NA
"FOURIE","FOURIE","MARCUS JOHANNES","FOURIEa1b17c2d1",NA,NA,"1797",NA,"1818","GRAAFF-REINET",NA,1841,NA,"NATAL","ANNA CATHARINA LASYA","JANSEN",NA,NA,640,"Voortrekkers 2.xlsx|Main|640",1797,"GRAAFF-REINET","Graaff-Reinet",366,NA,NA,NA
"FRONEMAN","FRONEMAN","CAROLUS ANTONIE FREDERICUS","FRONEMANa1b6","1805","1805","1805","1880","1832","SOMERSET","BAVIAAANSRIVIER",1837,"P.A. OPPERMAN OR LUCAS JOHANNES MEYER OR RETIEF","NATAL","GESINA CATHARINA","DE LANGE",NA,"GRAAFF- REINET",642,"Voortrekkers 2.xlsx|Main|642",1805,"SOMERSET","Somerset_multi",367,"Meyer","Meyer","Meyer"
"FRONEMAN","FRONEMAN","CHRISTOFFEL CORNELIS","FRONEMANa1b7","1807","1807","1807",NA,"1834","SOMERSET","DAGGABOERSNEK IN BAVIAANSRIVIER",1837,"P.A. OPPERMAN OR L.J. MEYER","FARM BLOEMHOEK","MARIA ELIZABETH","OPPERMAN",NA,"TULBAGH",643,"Voortrekkers 2.xlsx|Main|643",1807,"SOMERSET","Somerset_multi",368,"Opperman","Opperman","Opperman"
"GEERE","GEERE","WILLEM GEORGE","GEEREa1b6c7",NA,NA,"1803","1880","1825","GRAAFF-REINET","SWARTRUGGENS",1837,"JAN DU PLESSIS","NATAL","CATHARINA WILHELMINA FRANCINA","BASSON",NA,"GRAAFF- REINET",646,"Voortrekkers 2.xlsx|Main|646",1803,"GRAAFF-REINET","Graaff-Reinet",369,"Du Plessis","Du Plessis","Du Plessis"
"GEYSER","GEYSER","HENDRIK JOSEPHUS","GEYSERa1b6c3",NA,NA,"1801","1870","1825","GEORGE","KANGO (OUDTSHOORN)",1840,"WIFE'S PARENTS OR BROTHERS","NORTHWARDS","ANNA JACOBA","OOSTHUIZEN",NA,NA,648,"Voortrekkers 2.xlsx|Main|648",1801,"GEORGE","George",370,"Other","Other","Minor Leader"
"GOUWS","GOUWS","PIETER JOHANNES","GOUWSa1b10c1",NA,NA,"1808",NA,"1830","UITENHAGE",NA,1841,NA,"NATAL","HESTER MARIA","VAN STADEN",NA,NA,650,"Voortrekkers 2.xlsx|Main|650",1808,"UITENHAGE","Uitenhage",371,NA,NA,NA
"GOUWS","GOUWS","WILLEM","GOUWSa1b1c1d1e6",NA,NA,"1792",NA,"1813","SOMERSET","TARKA",1837,"J.H. (HANS DONS) DE LANGE","NATAL","SUSANNA JOSINA","SCHUTTE",NA,NA,651,"Voortrekkers 2.xlsx|Main|651",1792,"SOMERSET","Somerset_multi",372,"De Lange","De Lange","De Lange"
"GOUWS","GOUWS","PETRUS ANDRIES","GOUWSa1b3c10d1",NA,NA,"1781","1844",NA,"UITENHAGE",NA,NA,NA,"NATAL","SARA JOSINA","JANSE VAN VURREN",NA,NA,652,"Voortrekkers 2.xlsx|Main|652",1781,"UITENHAGE","Uitenhage",373,NA,NA,NA
"GOUWS","GOUWS","JACOB MARTHINUS","GOUWSa1b3c4d1e4",NA,NA,"1791","1838","1860","SWELLENDAM","GROOT- SWARTBERG",1837,"J.A. ENSLIN","WIDOWED MIETJIE LIVED IN MAGALIESBERG","MARIA (MIETJIE) ELIZABETH","FOURIE",NA,NA,656,"Voortrekkers 2.xlsx|Main|656",1791,"SWELLENDAM","Swellendam",374,"Other","Other","Minor Leader"
"GOUWS","GOUWS","CORNELIS","GOUWSa1b3c4d5e5",NA,NA,"1797",NA,"1829","UITENHAGE",NA,1840,NA,"NATAL","PETRONELLA SUSANNA","PRINSLOO",NA,NA,659,"Voortrekkers 2.xlsx|Main|659",1797,"UITENHAGE","Uitenhage",375,NA,NA,NA
"GREYLING","GREYLING","ABRAHAM CAREL","GREYLINGa1b11c2d1","1799","1799","1799","1838",NA,"ALBANY","WINTERBERG",1837,"PIET RETIEF (HIS STEP FATHER)",NA,"MARIA ALETTA","BOUWER",NA,NA,660,"Voortrekkers 2.xlsx|Main|660",1799,"ALBANY","Albany",376,"Retief","Retief","Retief"
"GREYLING","GREYLING","PIETER JACOBUS","GREYLINGa1b11c2d2","1801","1801","1801",NA,"1823","ALBANY","WINTERBERG",1837,"PIET RETIEF (HIS STEP FATHER)","NATAL","MARIA PETRONELLA","BOTHMA",NA,NA,661,"Voortrekkers 2.xlsx|Main|661",1801,"ALBANY","Albany",377,"Retief","Retief","Retief"
"GREYLING","GREYLING","ARNOLDUS JACOBUS","GREYLINGa1b3c4d8",NA,NA,"1807","1879",NA,"CRADOCK","RIETVALLEI",1837,NA,NA,"JANETTA CATHARINA","KRUGER",NA,NA,664,"Voortrekkers 2.xlsx|Main|664",1807,"CRADOCK","Cradock",378,NA,NA,NA
"GREYLING","GREYLING","JOHANNES ARNOLDUS","GREYLINGa1b9c1",NA,NA,"1775",NA,"1798","SOMERSET","BAVIAANSRIVIER",1838,"FAMILY",NA,"ANNA MARIA","KLOPPER",NA,NA,665,"Voortrekkers 2.xlsx|Main|665",1775,"SOMERSET","Somerset_multi",379,"Family/Independent","Family/Independent","Family/Independent"
"GREYLING","GREYLING","BAREND CHRISTIAAN","GREYLINGa1b9c3",NA,NA,"1784",NA,"1804","SOMERSET","BAVIAANSRIVIER",1838,NA,NA,"HESTER ANTHOINETTE","SCHEEPERS",NA,NA,668,"Voortrekkers 2.xlsx|Main|668",1784,"SOMERSET","Somerset_multi",380,NA,NA,NA
"GRIESEL","GRIESEL","HENDRIK JACOBUS","GRIESELa1b7c1","1804","1804","1804",NA,NA,NA,NA,NA,NA,NA,NA,NA,NA,"TULBAGH",671,"Voortrekkers 2.xlsx|Main|671",1804,NA,"Unknown",381,NA,NA,NA
"GROBBELAAR","GROBBELAAR","RENIER NICOLAAS JOHANNES","GROBBELAARa1b6c10d2","1809","1809","1809","1838",NA,"CRADOCK",NA,NA,NA,NA,"ZACHARIA MARIA","VAN DYK",NA,"SWELLENDAM",673,"Voortrekkers 2.xlsx|Main|673",1809,"CRADOCK","Cradock",382,NA,NA,NA
"GROBLER","GROBLER","PAULUS JOHANNES","GROBLERa1b5c4d10","1796","1796","1796","1873","1820","SWELLENDAM THEN SOMERSET",NA,1836,NA,"TRANSORANJE AND THEN BRONKHORSTSPRUIT","JOHANNA HELENA","MEYER",NA,"SWELLENDAM",675,"Voortrekkers 2.xlsx|Main|675",1796,"SWELLENDAM THEN SOMERSET","Swellendam",383,NA,NA,NA
"GROBLER","GROBLER","HENDRIK CHRISTOFFEL IGNATIUS","GROBLERa1b5c4d15","1808","1808","1808","1892","1830","SOMERSET","TARKA",NA,"A.H. POTGIETER",NA,"JACOBA MARGARETHA","SWART",NA,"GEORGE",678,"Voortrekkers 2.xlsx|Main|678",1808,"SOMERSET","Somerset_multi",384,"Potgieter","Potgieter","Potgieter"
"GROBLER","GROBLER","JOHANNA HENDRINA","GROBLERa1b6c1d2",NA,NA,"1784","1839","1806","GEORGE (OUDTSHOORN)","KANGO",NA,"HER CHILDREN (?)","NATAL","PIETER DANIEL","DU PREEZ",NA,"TULBAGH",679,"Voortrekkers 2.xlsx|Main|679",1784,"GEORGE (OUDTSHOORN)","George",385,"Other","Other","Minor Leader"
"GROBLER","GROBLER","JOHANNES NICOLAAS HERMANUS","GROBLERa1b6c1d3e2","1807","1807","1807","1886","1828","GEORGE THEN BEAUFORT",NA,1842,NA,"MIDDELBURG","MARIA","BEKKER",NA,"GEORGE",680,"Voortrekkers 2.xlsx|Main|680",1807,"GEORGE THEN BEAUFORT","George",386,NA,NA,NA
"GROBLER","GROBLER","JOHANNES HERMANUS","GROBLERa1b6c2d6","1795","1795","1795","1976","1165","SOMERSET","TARKA",1836,"A.H. POTGIETER","RUSTENBURG","MARIA MARGARETHA","DE BRUIN",NA,"TULBAGH",690,"Voortrekkers 2.xlsx|Main|690",1795,"SOMERSET","Somerset_multi",387,"Potgieter","Potgieter","Potgieter"
"GROBLER","GROBLER","WILLEM PIETER","GROBLERa1b6c2d8","1800","1800","1800","1869","1824","SOMERSET","TARKA",1837,NA,"RUSTENBURG","CATHARINA MARIA","COETZER",NA,"GRAAFF-REINET",693,"Voortrekkers 2.xlsx|Main|693",1800,"SOMERSET","Somerset_multi",388,NA,NA,NA
"GROBLER","GROBLER","JOHANNES HERMANUS","GROBLERa1b6c5d6","1804","1804","1804",NA,"1825","UITENHAGE THEN CRADOCK","RIETRIVIER",1840,NA,NA,"CECILIA CATHARINA ELIZABETH","GROBLER",NA,"STELLENBOSCH",695,"Voortrekkers 2.xlsx|Main|695",1804,"UITENHAGE THEN CRADOCK","Uitenhage",389,NA,NA,NA
"GROBLER","GROBLER","CEORT NICOLAAS","GROBLERa1b6c6d3","1803","1803","1803","1881","1826","UITENHAGE","SWARTRUGGENS",1839,NA,"TRANSORANJE","JOHANNA SUSANNA","GOUWS",NA,"TULBAGH",696,"Voortrekkers 2.xlsx|Main|696",1803,"UITENHAGE","Uitenhage",390,NA,NA,NA
"GROBLER","GROBLER","MARTHA JOHANNA","GROBLERa1b9c13","1786","1786","1786",NA,NA,"SOMERSET","BAVIAANSRIVIER",1837,"JAN DU PLESSIS","NATAL","DIEDERIK JOHANNES","MULDER",NA,"DRAKENSTEIN",698,"Voortrekkers 2.xlsx|Main|698",1786,"SOMERSET","Somerset_multi",391,"Du Plessis","Du Plessis","Du Plessis"
"GROBLER","GROBLER","FREDERIK JOHANNES NICOLAAS ANDRIES","GROBLERa1b9c5d4","1808","1808","1808","1893","1829","SOMERSET","TARKA",1838,NA,"NATAL","CORNELIA JOHANNA ELIZABETH","DE BEER",NA,"GRAAFF-REINET",699,"Voortrekkers 2.xlsx|Main|699",1808,"SOMERSET","Somerset_multi",392,NA,NA,NA
"GROBLER","GROBLER","PIETER","GROBLERa1b6c5d4","1797","1797","1797","1883","1821","SOMERSET","BRAKRIVIER",1842,NA,NA,"BARBARA JACOMINA MARGARETHA","PELZER",NA,"TULBAGH",700,"Voortrekkers 2.xlsx|Main|700",1797,"SOMERSET","Somerset_multi",393,NA,NA,NA
"GROBLER","GROBLER","PIETER SCHALK","GROBLERa1b9c11d2","1805","1805","1805",NA,"1824","SOMERSET/CRADOCK","TARKA",1838,NA,"PMB, NATAL","ANNA JOHANNA JACOBA","PRETORIUS",NA,"GRAAFF-REINET",701,"Voortrekkers 2.xlsx|Main|701",1805,"SOMERSET/CRADOCK","Somerset_multi",394,NA,NA,NA
"GROENEWALD","GROENEWALD","JACOBUS","GROENEWALDa1b1c5d6e2","1808","1808","1808","1842","1840","GEORGE",NA,1840,NA,"NATAL","MAGDALENA JOHANNA SUSANNA ALETTA","POTGIETER",NA,NA,702,"Voortrekkers 2.xlsx|Main|702",1808,"GEORGE","George",395,NA,NA,NA
"GROVE","GROVE","HERMANUS GERHARDUS","GROVEa1b3c9d5","1794","1794","1794","1856","1815","GRAAFF-REINET","PRETORIUSKLOOF, VOOR-SNEEUBERG",1838,NA,"NATAL THEN OVS THEN MAGALIESBERG","SUSANNA MARGARETHA","ROSSOUW","CAPE TOWN",NA,703,"Voortrekkers 2.xlsx|Main|703",1794,"GRAAFF-REINET","Graaff-Reinet",396,NA,NA,NA
"GRUENDLINGH","GRUENDLINGH","JOHANNES PETRUS","GRUENDLINGHa1b8c1",NA,NA,"1791",NA,"1822","SOMERSET THEN CRADOCK",NA,1840,NA,"TRANSORANJE THEN POTCHEFSTROOM","BEATRIX ELIZABETH JOHANNA","LE ROUX",NA,NA,704,"Voortrekkers 2.xlsx|Main|704",1791,"SOMERSET THEN CRADOCK","Somerset_multi",397,NA,NA,NA
"HAASBROEK","HAASBROEK","MARTHA MARGARETHA","HAASBROEKa1b1",NA,NA,"1788","1859","1807","SWELLENDAM",NA,NA,"MOST PROBABLY A.H. POTGIETER",NA,"PIETER JOUBERT","b5c7d7",NA,NA,705,"Voortrekkers 2.xlsx|Main|705",1788,"SWELLENDAM","Swellendam",398,"Potgieter","Potgieter","Potgieter"
"HAMMAN","HAMMAN","JACOBUS JOHANNES SR.","HAMMANa1b5c1",NA,NA,"1788","1852","1821","SOMERSET","OOS-RIETRIVIER",1837,NA,NA,"ALBERDINA MAGDALENA","SMIT",NA,NA,706,"Voortrekkers 2.xlsx|Main|706",1788,"SOMERSET","Somerset_multi",399,NA,NA,NA
"HAMMES","HAMMES","PIETER JOHANNES","HAMMESa1b1c2",NA,NA,"1797","1878","1826","GRAAFF-REINET",NA,1836,"GERT MARITZ","NATAL THEN HARRISMITH BLOEMFONTEIN/WINBURG","ELSE MARIANNE","ROUVIERRE",NA,NA,708,"Voortrekkers 2.xlsx|Main|708",1797,"GRAAFF-REINET","Graaff-Reinet",400,"Maritz (GM)","Maritz","Maritz"
"HANSONIUS","HANSONIUS","AEGIDIUS ANTHONIE","HANSONIUSa1b4",NA,NA,"1788",NA,"1820","BEAUFORT","NUWEVELD",1840,NA,NA,"ENGELA BEATRIX","BOTES",NA,NA,710,"Voortrekkers 2.xlsx|Main|710",1788,"BEAUFORT","Beaufort",401,NA,NA,NA
"HARMSE","HARMSE","CHRISTIAAN BAREND STEPHANUS","HARMSEa1b10c6d4",NA,NA,"1793",NA,"1814","COLESBERG",NA,1839,NA,NA,"CATHARINA MARIA","FOURIE",NA,NA,711,"Voortrekkers 2.xlsx|Main|711",1793,"COLESBERG","Colesberg_multi",402,NA,NA,NA
"HARMSE","HARMSE","CORNELIS","HARMSEa1b10c6d6",NA,NA,"1797",NA,"1819","COLESBERG",NA,1836,"A.H. POTGIETER (?)",NA,"FRANCINA","HARMSE",NA,NA,712,"Voortrekkers 2.xlsx|Main|712",1797,"COLESBERG","Colesberg_multi",403,"Potgieter","Potgieter","Potgieter"
"HARMSE","HARMSE","BARTHOLOMEUS","HARMSEa1b10c9",NA,NA,"1759",NA,NA,"BEAUFORT/COLESBERG",NA,1836,"A.H.POTGIETER (?)",NA,"ANNA CHRISTINA","KRUL/ KRIEL",NA,NA,713,"Voortrekkers 2.xlsx|Main|713",1759,"BEAUFORT/COLESBERG","Beaufort",404,"Potgieter","Potgieter","Potgieter"
"HATTINGH","HATTINGH","JAN HENDRIK","HATTINGHa1b11c1d2",NA,NA,"1794",NA,"1812","SOMERSET","TARKA",1837,"JAN DU PLESSIS (?)","NATAL (?)","MAGDALENA ELIZABETH","COETZER",NA,NA,717,"Voortrekkers 2.xlsx|Main|717",1794,"SOMERSET","Somerset_multi",405,"Du Plessis","Du Plessis","Du Plessis"
"HATTINGH","HATTINGH","CHRISTIAAN JACOBUS","HATTINGHa1b11c1d3",NA,NA,"1795",NA,"1817","SOMERSET","TARKA",NA,NA,"NATAL","MACHTELD (MAGDALENA) GEERTRUIDA","GROBLER",NA,NA,721,"Voortrekkers 2.xlsx|Main|721",1795,"SOMERSET","Somerset_multi",406,NA,NA,NA
"HATTINGH","HATTINGH","JACOBUS GERHARDUS","HATTINGHa1b11c1d5",NA,NA,"1799",NA,"1826","SOMERSET","TARKA",1837,NA,NA,"JACOMINA ELIZABETH","DE BEER",NA,"GRAAFF-REINET",723,"Voortrekkers 2.xlsx|Main|723",1799,"SOMERSET","Somerset_multi",407,NA,NA,NA
"HATTINGH","HATTINGH","HENDRIK PETRUS","HATTINGHa1b11c1d6","1801","1801","1801","1883","1829","SOMERSET","TARKA",1840,NA,"NATAL","SUSARA ALETTA","NEL",NA,NA,724,"Voortrekkers 2.xlsx|Main|724",1801,"SOMERSET","Somerset_multi",408,NA,NA,NA
"HATTINGH","HATTINGH","DEWALD LAMBERTUS","HATTINGHa1b11c1d9","1807","1807","1807",NA,"1827","SOMERSET","TARKA",1839,NA,NA,"MARIA ALETTA","DE BEER",NA,NA,725,"Voortrekkers 2.xlsx|Main|725",1807,"SOMERSET","Somerset_multi",409,NA,NA,NA
"HATTINGH","HATTINGH","CHRISTIAAN SR.","HATTINGHa1b11c4",NA,NA,"1776",NA,"1797","SOMERSET","TARKA",1837,NA,"NATAL THEN FARM STRYDPOORTFONTEIN","JOHANNA GUSTAVA","TREGARDT",NA,NA,726,"Voortrekkers 2.xlsx|Main|726",1776,"SOMERSET","Somerset_multi",410,NA,NA,NA
"HATTINGH","HATTINGH","JOHANNES DEWALD(T)","HATTINGHa1b8c7d4",NA,NA,"1793","1838","1812","GRAAFF-REINET","ZEEKOEIRIVIER",1837,"APPARENTLY JUST THE FAMILY","NATAL","ANNA ELIZABETH","RETIEF",NA,"GRAAFF-REINET",727,"Voortrekkers 2.xlsx|Main|727",1793,"GRAAFF-REINET","Graaff-Reinet",411,"Family/Independent","Family/Independent","Family/Independent"
"HAVENGA","HAVENGA","BAREND PETRUS","HAVENGAa1b3c4",NA,NA,"1800","1871","1821","CRADOCK",NA,1842,NA,"RUSTENBURG","ELIZABETH MARGARETHA","RIEKERT",NA,"STELLENBOSCH",731,"Voortrekkers 2.xlsx|Main|731",1800,"CRADOCK","Cradock",412,NA,NA,NA
"HELMOND","HELMOND","JOSEPH JOHANNES","HELMONDa1b1","1803","1803","1803",NA,"1829","UITENHAGE",NA,1844,NA,"NATAL","JOHANNA GEERTRUYDA","SIEBRITS",NA,"SWELLENDAM",734,"Voortrekkers 2.xlsx|Main|734",1803,"UITENHAGE","Uitenhage",413,NA,NA,NA
"HENNING","HENNING","JAN HENDRIK","HENNINGa1b9","1790","1790","1790","1881","1812","GRAAFF-REINET",NA,NA,NA,"AGTER- MAGALIESBURG","MARTHA SOPHIA","VAN DER MERWE",NA,NA,735,"Voortrekkers 2.xlsx|Main|735",1790,"GRAAFF-REINET","Graaff-Reinet",414,NA,NA,NA
"HENNOP","HENNOP","JAN PHILIP CAREL","HENNOPa1b1c1",NA,NA,NA,NA,"1806","POSSIBLY BEAUFORT",NA,1840,"A.H. POTGIETER","POTCHEFSTROOM","ALETTA FRANCINA","GRIESEL",NA,NA,737,"Voortrekkers 2.xlsx|Main|737",NA,"POSSIBLY BEAUFORT","Unknown",415,"Potgieter","Potgieter","Potgieter"
"HENNOP","HENNOP","ABRAHAM JACOBUS","HENNOPa1b1c1d2","1808","1808","1808",NA,NA,"BEAUFORT (?)",NA,1840,NA,NA,NA,NA,NA,NA,738,"Voortrekkers 2.xlsx|Main|738",1808,"BEAUFORT (?)","Beaufort",416,NA,NA,NA
"HERBST","HERBST","CHRISTIAAN FREDERIK","HERBSTa1b5c1",NA,NA,"1797","1868","1820","GRAAFF-REINET",NA,1842,NA,"WINBURG","HENDRINA CECILIA","STEENKAMP",NA,NA,742,"Voortrekkers 2.xlsx|Main|742",1797,"GRAAFF-REINET","Graaff-Reinet",417,NA,NA,NA
"HERBST","HERBST","JOHAN CHRISTIAAN JACOBUS","HERBSTa1b7",NA,NA,"1802",NA,"1833","GRAAFF-REINET","VOORSNEEUBERG",1842,NA,"TRANSORANJE","ANNA LOUISA","JACOBS",NA,NA,744,"Voortrekkers 2.xlsx|Main|744",1802,"GRAAFF-REINET","Graaff-Reinet",418,NA,NA,NA
"HEYDENRYCH","HEYDENRYCH","JAN ERNST","HEYDENRYCHa1b6c2d1","1800","1800","1800",NA,"1832","SOMERSET","OOS-RIETRIVIER",1837,NA,NA,"HEYLA MAGDALENA","VOSLOO",NA,"SWARTLAND (MALMESBURY)",745,"Voortrekkers 2.xlsx|Main|745",1800,"SOMERSET","Somerset_multi",419,NA,NA,NA
"HEYDENRYCH","HEYDENRYCH","CORNELIS FREDERIK","HEYDENRYCHa1b6c2d2","1801","1801","1801","1887","1825","SOMERSET","BAVIAANSRIVIER",1841,NA,"NATAL","JACOMINA WILHELMINA","BOTHA",NA,"SWARTLAND (MALMESBURY)",746,"Voortrekkers 2.xlsx|Main|746",1801,"SOMERSET","Somerset_multi",420,NA,NA,NA
"HEYNEKE","HEYNEKE","JOHANNES CHRISTOFFEL SR.","HEYNEKEa1b2c1",NA,NA,"1798",NA,"1821","BEAUFORT","NUWEVELD",1838,"P.D. JACOBS","POTCHEFSTROOM","CECILIA ANNA","ESTERHUIZEN",NA,NA,747,"Voortrekkers 2.xlsx|Main|747",1798,"BEAUFORT","Beaufort",421,"Jacobs","Jacobs","Jacobs"
"HOLTZHAUSEN","HOLTZHAUSEN","HILLEGERT","HOLTZHAUSENa1b3c1d10",NA,NA,"1801",NA,"1822","UITENHAGE","ONDER-BOESMANSRIVIER",1836,"J.S. MARITZ","NATAL","JOHANNA ELIZABETH","POTGIETER",NA,NA,750,"Voortrekkers 2.xlsx|Main|750",1801,"UITENHAGE","Uitenhage",422,"Maritz (JS)","Maritz","Maritz"
"HORN","HORN","CHRISTIAAN","HORNa1b1c5",NA,NA,"1777",NA,"1799","LATER BEAUFORT","KOGMANSKLOOF",1838,NA,NA,"ENGELA MARIA JOHANNA","KOORTS",NA,NA,754,"Voortrekkers 2.xlsx|Main|754",1777,"LATER BEAUFORT","Unknown",423,NA,NA,NA
"HORN","HORN","CHRISTIAAN WYNAND","HORNa1b1c5d3","1804","1804","1804",NA,"1828","BEAUFORT",NA,841,NA,"WINBURG","ANNA CATHARINA","ESTERHUIZEN",NA,"TULBAGH",755,"Voortrekkers 2.xlsx|Main|755",1804,"BEAUFORT","Beaufort",424,NA,NA,NA
"HORN","HORN","JOHANNES WILLEM","HORNa1b3c5d1","1807","1807","1807",NA,"1833","SWELLENDAM","GROOTSWARTBERG",1839,NA,"BEAUFORT THEN PROBABLY ORANJE","ELIZABETH HENDRIKA","KUHN",NA,"CAPE TOWN",756,"Voortrekkers 2.xlsx|Main|756",1807,"SWELLENDAM","Swellendam",425,NA,NA,NA
"HORN","HORN","MICHIEL FREDERIK","HORNa1b3c6","1789","1789","1789",NA,"1809","GRAAFF-REINET",NA,NA,NA,NA,"SARA MARIA","VICTOR",NA,NA,757,"Voortrekkers 2.xlsx|Main|757",1789,"GRAAFF-REINET","Graaff-Reinet",426,NA,NA,NA
"HUGO","HUGO","JACOBUS JOHANNES PETRUS PAULUS","HUGOa1b3c1d2e1f1","1807","1807","1807","1838","1829","SOMERSET","TARKA",1837,"PIET RETIEF",NA,"WILHELMINA PETRONELLA CHRISTINA","PRETORIUS",NA,"GRAAFF-REINET",760,"Voortrekkers 2.xlsx|Main|760",1807,"SOMERSET","Somerset_multi",427,"Retief","Retief","Retief"
"HUGO","HUGO","FRANCOIS PHILIPPUS","HUGOa1b3c4d6e9",NA,NA,"1809","1863","1812","GRAAFF-REINET",NA,1840,NA,"TRANSVAAL","JOHANNA REGINA","BURGER",NA,NA,762,"Voortrekkers 2.xlsx|Main|762",1809,"GRAAFF-REINET","Graaff-Reinet",428,NA,NA,NA
"HUMAN","HUMAN","PETRUS GERHARDUS SR.","HUMANa1b5c7d1",NA,NA,"1797",NA,"1820","UITENHAGE","GAMTOOSRIVIER",1837,"P.L UYS","NATAL","JOHANNA SUSSANA","UYS",NA,NA,763,"Voortrekkers 2.xlsx|Main|763",1797,"UITENHAGE","Uitenhage",429,"Uys","Uys","Uys"
"JACOBS","JACOBS","WILLEM","JACOBSa1b2c9",NA,NA,"1787","1838","1818",NA,NA,NA,"PIET RETIEF (?)",NA,"CHRISTINA CATHARINA","VAN BLERK",NA,NA,765,"Voortrekkers 2.xlsx|Main|765",1787,NA,"Unknown",430,"Retief","Retief","Retief"
"JACOBS","JACOBS","WILLEM JOHAN","JACOBSa1b2c9d3",NA,NA,NA,NA,NA,NA,NA,NA,NA,NA,NA,NA,NA,NA,767,"Voortrekkers 2.xlsx|Main|767",NA,NA,"Unknown",431,NA,NA,NA
"JACOBS","JACOBS","JOHANNES PHILIPPUS","JACOBSa1b5c1d10e6",NA,NA,"1799",NA,"1822","GRAAFF-REINET",NA,1842,NA,"TRANSORANJE","MARIA MAGDALENA MARAIS",NA,NA,NA,768,"Voortrekkers 2.xlsx|Main|768",1799,"GRAAFF-REINET","Graaff-Reinet",432,NA,NA,NA
"JACOBS","JACOBS","PETRUS CASPARUS","JACOBSa1b5c1d5e2f6","1806","1806","1806",NA,"1829","BEAUFORT",NA,NA,NA,"TRANSORANJE","JOHANNA ADRIANA","BRONKHORST",NA,"TULBAGH",769,"Voortrekkers 2.xlsx|Main|769",1806,"BEAUFORT","Beaufort",433,NA,NA,NA
"JACOBS","JACOBS","CAREL PHILIPPUS","JACOBSa1b5c1d5e6",NA,NA,"1787",NA,"1809","BEAUFORT","AGTER-KOUE BOKKEVELD IN NUWEVELD",1837,"JACOB DE KLERK",NA,"ANNA MAGDALENA","ERASMUS",NA,NA,772,"Voortrekkers 2.xlsx|Main|772",1787,"BEAUFORT","Beaufort",434,"De Klerk","De Klerk","De Klerk"
"JACOBS","JACOBS","CHRISTOFFEL JOHANNES","JACOBSa1b5c1d6e2",NA,NA,"1787","1872","1807","GRAAFF-REINET",NA,1837,NA,"ONDER-RIETRIVIER IN JACOBSDAL","LOUISA SOPHIA","JACOBS",NA,NA,773,"Voortrekkers 2.xlsx|Main|773",1787,"GRAAFF-REINET","Graaff-Reinet",435,NA,NA,NA
"JACOBS","JACOBS","PETRUS JACOBUS","JACOBSa1b5c1d6e3",NA,NA,"1789",NA,"1811","BEAUFORT",NA,1838,"P.D. JACOBS",NA,"ANNA MARIA JACOBA","VILJOEN",NA,NA,774,"Voortrekkers 2.xlsx|Main|774",1789,"BEAUFORT","Beaufort",436,"Jacobs","Jacobs","Jacobs"
"JACOBS","JACOBS","DAVID STEPHANUS","JACOBSa1b5c1d6e5",NA,NA,"1795","1863","1817","GRAAFF-REINET",NA,NA,NA,"WINBURG","HELENA ELIZABETH","VAN NIEKERK",NA,"NUWEVELD",775,"Voortrekkers 2.xlsx|Main|775",1795,"GRAAFF-REINET","Graaff-Reinet",437,NA,NA,NA
"JACOBS","JACOBS","WILLEM DANIEL","JACOBSa1b5c1d6e9","1804","1804","1804",NA,"1825","COLESBERG",NA,1843,NA,"TRANSORANJE","JOHANNA ELIZABETH MARGARETHA","OBERHOLSTER",NA,"TULBAGH",776,"Voortrekkers 2.xlsx|Main|776",1804,"COLESBERG","Colesberg_multi",438,NA,NA,NA
"JACOBS","JACOBS","PIETER JOHANNES","JACOBSa1b5c1d9e1",NA,NA,"1798",NA,"1820","GRAAFF-REINET",NA,1839,NA,"WINBURG","CHRISTINA MARIA FRANCINA CECILIA","SMIT(H)",NA,"GRAAFF-REINET",778,"Voortrekkers 2.xlsx|Main|778",1798,"GRAAFF-REINET","Graaff-Reinet",439,NA,NA,NA
"JACOBS","JACOBS","DANIEL","JACOBSa1b5c3d11e1","1791","1791","1791","1876","1815","BEAUFORT",NA,1838,"P.D. JACOBS","BOSHOF","CATHARINA SUSANNA PETRONELLA","FOUCHE",NA,"PAARL",780,"Voortrekkers 2.xlsx|Main|780",1791,"BEAUFORT","Beaufort",440,"Jacobs","Jacobs","Jacobs"
"JACOBS","JACOBS","JOHANNES JACOBUS","JACOBSa1b5c3d11e2",NA,NA,"1793","1860","1815","BEAUFORT","NUWEVELD",1842,NA,"POTCHEFSTROOM","JOHANNA ELIZABETH","ERASMUS",NA,NA,784,"Voortrekkers 2.xlsx|Main|784",1793,"BEAUFORT","Beaufort",441,NA,NA,NA
"JACOBS","JACOBS","SALOMON JACOBUS","JACOBSa1b5c3d12",NA,NA,"1766","1841","1794","BEAUFORT",NA,1837,"JACOB DE KLERK (?)",NA,"MARIA MAGDALENA ELIZABETH","BLOM",NA,NA,786,"Voortrekkers 2.xlsx|Main|786",1766,"BEAUFORT","Beaufort",442,"De Klerk","De Klerk","De Klerk"
"JACOBS","JACOBS","DANIEL PIETER","JACOBSa1b5c3d12e1",NA,NA,"1799",NA,"1819","BEAUFORT(?)",NA,1840,"JACOB DE KLERK (?)",NA,"MARIA SUSANNA ELIZABETH","JACOBS",NA,"GRAAFF-REINET",787,"Voortrekkers 2.xlsx|Main|787",1799,"BEAUFORT(?)","Beaufort",443,"De Klerk","De Klerk","De Klerk"
"JACOBS","JACOBS","PIETER DANIEL SR.","JACOBSa1b5c3d8e1",NA,NA,"1780","1845","1804","BEAUFORT","SLANGEFONTEIN, NUWEVELD",1838,"HE WAS THE LEADER FROM BEAUFORT","NATAL THEN HEIDELBERG, TRANSVAAL","MARIA","VAN WYK",NA,"STELLENBOSCH",790,"Voortrekkers 2.xlsx|Main|790",1780,"BEAUFORT","Beaufort",444,"Other","Other","Minor Leader"
"JACOBS","JACOBS","DAVID STEPHANUS (P. SEUN)","JACOBSa1b5c3d8e1f(?)",NA,NA,NA,NA,NA,"BEAUFORT","NUWEVELD",1838,"PIETER DANIEL JACOBS (HIS FATHER)","SUIKERBOSRAND",NA,NA,NA,NA,791,"Voortrekkers 2.xlsx|Main|791",NA,"BEAUFORT","Beaufort",445,"Jacobs","Jacobs","Jacobs"
"JACOBS","JACOBS","PIETER DANIEL JR.","JACOBSa1b5c3d8e1f2","1807","1807","1807","1854","1827","BEAUFORT","NUWEVELD (?)",1838,"HIS FATHER P.D. JACOBS","POTCHEFSTROOM THEN SUIKERBOSRAND","ISABELLA ELIZABETH","FOURIE",NA,"TULBAGH",792,"Voortrekkers 2.xlsx|Main|792",1807,"BEAUFORT","Beaufort",446,"Jacobs","Jacobs","Jacobs"
"JACOBS","JACOBS","GERT PETRUS","JACOBSa1b5c3d8e1f3","1809","1809","1809","1877","1830","BEAUFORT","NUWEVELD",1838,"P.D. JACOBS","BOSHOF THEN FAURESMITH","MARIA ALETTA","FOURIE",NA,"TULBAGH",793,"Voortrekkers 2.xlsx|Main|793",1809,"BEAUFORT","Beaufort",447,"Jacobs","Jacobs","Jacobs"
"JACOBS","JACOBS","DANIEL ROELOF SR.","JACOBSa1b5c3d8e4",NA,NA,"1792",NA,"1812","BEAUFORT","NUWEVELD",1838,"P.D. JACOBS","POTCHEFSTROOM","ANNA SUSANNA","MARAIS",NA,NA,795,"Voortrekkers 2.xlsx|Main|795",1792,"BEAUFORT","Beaufort",448,"Jacobs","Jacobs","Jacobs"
"JACOBS","JACOBS","WILLEM HENDRIK","JACOBSa1b6c11","1804","1804","1804","1868","1825","GRAAFF-REINET",NA,1840,NA,"NATAL THEN TRANSORANJE THEN ZAR","MARIA ELISABETH","BARNARD",NA,"TULBAGH",798,"Voortrekkers 2.xlsx|Main|798",1804,"GRAAFF-REINET","Graaff-Reinet",449,NA,NA,NA
"JACOBS(Z)","JACOBS(Z)","MICHIEL CHRISTIAAN","JACOBS(Z)a1b6c3",NA,NA,"1786",NA,"1811","SOMERSET","BRAKRIVIER",1838,"S.P. ERASMUS (?)","POTCHEFSTROOM","SARA MARIA","CRONJE",NA,NA,802,"Voortrekkers 2.xlsx|Main|802",1786,"SOMERSET","Somerset_multi",450,"Erasmus (SP)","Erasmus","Minor Leader"
"JANSEN","JANSEN","CHRISTOFFEL JACOBUS","JANSENa1b3c1",NA,NA,"1779","1864",NA,"BEAUFORT","NUWEVELD",1840,NA,"KROONSTAD","JOHANNA CECILIA","VAN HEERDEN",NA,NA,803,"Voortrekkers 2.xlsx|Main|803",1779,"BEAUFORT","Beaufort",451,NA,NA,NA
"JANSEN","JANSEN","ROELOF JOHANNES","JANSENa1b3c7",NA,NA,"1797",NA,"1821","BEAUFORT",NA,1839,NA,"POTCHEFSTROOM","MARIA CATHARINA","BRONKHORST",NA,NA,806,"Voortrekkers 2.xlsx|Main|806",1797,"BEAUFORT","Beaufort",452,NA,NA,NA
"JONKER","JONKER","PIETER","JONKERa1b3c1d3",NA,NA,"1800",NA,"1820","BEAUFORT THEN GRAHAMSTOWN",NA,1840,"WINBURG",NA,"SUSARA ALBERTA","VAN DER BANK",NA,"SWELLENDAM",807,"Voortrekkers 2.xlsx|Main|807",1800,"BEAUFORT THEN GRAHAMSTOWN","Beaufort",453,"Other","Other","Minor Leader"
"JONKER","JONKER","JOHANNES","JONKERa1b3c1d4","1804","1804","1804",NA,"1828","BEAUFORT",NA,1840,"TRANORANJE THEN POTCHEFSTROOM",NA,"ANNA CAROLINA BALIE","VAN DIE KAAP",NA,"STELLENBOSCH",808,"Voortrekkers 2.xlsx|Main|808",1804,"BEAUFORT","Beaufort",454,"Other","Other","Minor Leader"
"JOOSTE","JOOSTE","FRANCOIS (FRANS) JACOBUS SR.","JOOSTEa1b1c2d8",NA,NA,"1783","1854","1804","SOMERSET","BRAKRIVIER",NA,NA,"VAALRIVIER","ANNA SUSANNA","SNYMAN",NA,NA,809,"Voortrekkers 2.xlsx|Main|809",1783,"SOMERSET","Somerset_multi",455,NA,NA,NA
"JOOSTE","JOOSTE","FRANCOIS (FRANS) JACOBUS JR.","JOOSTEa1b1c2d8e1","1805","1805","1805","1884","1827","SOMERSET","BRAKRIVIER",1838,NA,"POTCHEFSTROOM","ANNA HENDRINA","KLEYNGELD",NA,"TULBAGH",810,"Voortrekkers 2.xlsx|Main|810",1805,"SOMERSET","Somerset_multi",456,NA,NA,NA
"JORDAAN","JORDAAN","DAVID BENJAMIN","JORDAANa1b1c5d1e12","1804","1804","1804","1881","1825","SOMERSET","TARKA",1837,NA,NA,"ANNA SUSANNA","MULLER",NA,"TULBAGH",813,"Voortrekkers 2.xlsx|Main|813",1804,"SOMERSET","Somerset_multi",457,NA,NA,NA
"JORDAAN","JORDAAN","JACOB DANIEL","JORDAANa1b1c5d1e13","1806","1806","1806",NA,"1825","SOMERSET","TARKA",1837,"JAN DU PLESSIS","PMB, NATAL","ELSJE PETRONELLA","DE BRUYN",NA,"GRAAFF-REINET",814,"Voortrekkers 2.xlsx|Main|814",1806,"SOMERSET","Somerset_multi",458,"Du Plessis","Du Plessis","Du Plessis"
"JORDAAN","JORDAAN","PIETER WILLEM SR.","JORDAANa1b1c5d1e4","1790","1790","1790",NA,"1813","SOMERSET","PAARDEKRAAL, TARKA",1837,"PIET RETIEF (?)",NA,"ANNA CATHARINA","MULLER (MULDER)",NA,NA,815,"Voortrekkers 2.xlsx|Main|815",1790,"SOMERSET","Somerset_multi",459,"Retief","Retief","Retief"
"JORDAAN","JORDAAN","JOHANNES JACOBUS","JORDAANa1b1c5d1e5","1792","1792","1792","1877","1821","SOMERSET","TARKA",1845,NA,"KROONSTAD","CATHARINA JOHANNA MARIA","HATTINGH",NA,NA,817,"Voortrekkers 2.xlsx|Main|817",1792,"SOMERSET","Somerset_multi",460,NA,NA,NA
"JORDAAN","JORDAAN","GERRIT JACOBUS","JORDAANa1b1c5d1e6","1792","1792","1792","1866","1818","SOMERSET","PAARDEKRAAL, TARKA",1837,"JAN DU PLESSIS (?)","WEENEN, NATAL","ALETTA ELIZABETH DOROTHEA","VAN HEEREN",NA,NA,820,"Voortrekkers 2.xlsx|Main|820",1792,"SOMERSET","Somerset_multi",461,"Du Plessis","Du Plessis","Du Plessis"
"JORDAAN","JORDAAN","LOUIS HOSEA","JORDAANa1b1c5d1e8","1795","1795","1795","1874","1819","SOMERSET","TARKA",1837,"PROBABLY JAN DU PLESSIS",NA,"ALETTA JOHANNA LOUISA SOPHIA","DE BRUYN",NA,NA,821,"Voortrekkers 2.xlsx|Main|821",1795,"SOMERSET","Somerset_multi",462,"Du Plessis","Du Plessis","Du Plessis"
"JORDAAN","JORDAAN","PIETER GEORG","JORDAANa1b1c5d6e3","1803","1803","1803","1838","1824","SOMERSET","TARKA",NA,"FEBRUARY 1837",NA,"ISABELLA CORNELIA","POTGIETER",NA,"TULBAGH",822,"Voortrekkers 2.xlsx|Main|822",1803,"SOMERSET","Somerset_multi",463,"Other","Other","Minor Leader"
"JORDAAN","JORDAAN","CHRISTOFFEL JOHANNES PETRUS","JORDAANa1b1c5d6e5",NA,NA,"1809","1883","1830","SOMERSET","TARKA",1837,"JAN DU PLESSIS HIS FATHER IN LAW",NA,"MARIA CATHARINA","KLOPPER",NA,NA,823,"Voortrekkers 2.xlsx|Main|823",1809,"SOMERSET","Somerset_multi",464,"Du Plessis","Du Plessis","Du Plessis"
"JOUBERT","JOUBERT","JAN ABRAHAM","JOUBERTa1b10c4d2e3","1809","1809","1809","1880","1832","SOMERSET OR ALBANY","BAVIAANSRIVIER",NA,NA,"NATAL THEN OVS","CATHARINA","LIVERSAGE",NA,"GRAAFF-REINET",824,"Voortrekkers 2.xlsx|Main|824",1809,"SOMERSET OR ALBANY","Somerset_multi",465,NA,NA,NA
"JOUBERT","JOUBERT","JACOBUS PETRUS","JOUBERTa1b10c6d4","1775","1775","1775","1838",NA,"ALBANY (?)","WINTERBERG (?)",1837,"PIET RETIEF",NA,"RACHEL CORNELIA","VAN JAARSVELD",NA,NA,826,"Voortrekkers 2.xlsx|Main|826",1775,"ALBANY (?)","Albany",466,"Retief","Retief","Retief"
"JOUBERT","JOUBERT","ADRIAAN JOSUA JACOBUS","JOUBERTa1b10c6d4e2","1797","1797","1797","1838","1820","ALBANY","WINTERBERG",1837,"PIET RETIEF",NA,"SUSANNA CATHARINA","ROOS",NA,"TULBAGH",827,"Voortrekkers 2.xlsx|Main|827",1797,"ALBANY","Albany",467,"Retief","Retief","Retief"
"JOUBERT","JOUBERT","JAN CHRISTOFFEL","JOUBERTa1b10c6d7","1781","1781","1781","1838","1808","ALBANY (?)","WINTERBERG (?)",1837,"PIET RETIEF",NA,"MARIA MAGDALENA","BADENHORST",NA,NA,828,"Voortrekkers 2.xlsx|Main|828",1781,"ALBANY (?)","Albany",468,"Retief","Retief","Retief"
"JOUBERT","JOUBERT","PETRUS (PIETER) JACOBUS","JOUBERTa1b10c6d9",NA,NA,"1786","1843","1806","BEAUFORT",NA,1838,NA,"NATAL","HELENA SUSANNA","STRYDOM",NA,NA,831,"Voortrekkers 2.xlsx|Main|831",1786,"BEAUFORT","Beaufort",469,NA,NA,NA
"JOUBERT","JOUBERT","JOSUA FRANCOIS","JOUBERTa1b10c6d9e1","1808","1808","1808","1843","1830","SWELLENDAM","GROOT-SWARTBERG",NA,NA,NA,"ESTER MARIA","GOUS",NA,"SWELLENDAM",832,"Voortrekkers 2.xlsx|Main|832",1808,"SWELLENDAM","Swellendam",470,NA,NA,NA
"JOUBERT","JOUBERT","FRANCOIS JACOBUS SR.","JOUBERTa1b10c9d4",NA,NA,"1781","1861","1801","SOMERSET",NA,1843,"PROBABLY A FAMILY TREK","JACOBSDAL, OVS","HESTER ADRIANA","MOMBERG",NA,NA,835,"Voortrekkers 2.xlsx|Main|835",1781,"SOMERSET","Somerset_multi",471,"Family/Independent","Family/Independent","Family/Independent"
"JOUBERT","JOUBERT","PIETER SCHALK","JOUBERTa1b10c9d5",NA,NA,"1784",NA,"1804","UITENHAGE",NA,1840,NA,NA,"JOHANNA CATHARINA","LOTTER",NA,"TULBAGH",839,"Voortrekkers 2.xlsx|Main|839",1784,"UITENHAGE","Uitenhage",472,NA,NA,NA
"JOUBERT","JOUBERT","CHRISTOFFEL JOHANNES","JOUBERTa1b10c9d5e2","1807","1807","1807","1889","1827","UITENHAGE",NA,1839,NA,"WINBURG","JOHANNA HENDRINA","GROBLER",NA,NA,840,"Voortrekkers 2.xlsx|Main|840",1807,"UITENHAGE","Uitenhage",473,NA,NA,NA
"JOUBERT","JOUBERT","ANDRIES JOHANNES","JOUBERTa1b5c7d1e1",NA,NA,"1805",NA,"1826","SWELLENDAM",NA,NA,"PROBABLY FAMILY TREK","LYDENBURG THEN BLOEMFONTEIN","CORNELIA JOHANNA","VAN TONDER",NA,"SWELLENDAM",843,"Voortrekkers 2.xlsx|Main|843",1805,"SWELLENDAM","Swellendam",474,"Family/Independent","Family/Independent","Family/Independent"
"JOUBERT","JOUBERT","JOSUA","JOUBERTa1b5c7d3e4",NA,NA,"1801","1876",NA,"SOMERSET/CRADOCK",NA,1841,"FAMILY TREK (?)","TRANSORANJE","JOHANNA CATHARINA","VAN DEN BERG",NA,"SWELLENDAM",844,"Voortrekkers 2.xlsx|Main|844",1801,"SOMERSET/CRADOCK","Somerset_multi",475,"Family/Independent","Family/Independent","Family/Independent"
"JOUBERT","JOUBERT","DAVID JOHANNES","JOUBERTa1b5c7d5e2","1799","1799","1799","1849","1823","COLESBERG (?)",NA,1836,"A.H. POTGIETER (?)","WINBURG THEN OHRISGSTAD THEN LYDENBURG","MARGARETHA ELIZABETH","JOUBERT",NA,"TULBAGH",847,"Voortrekkers 2.xlsx|Main|847",1799,"COLESBERG (?)","Colesberg_multi",476,"Potgieter","Potgieter","Potgieter"
"JOUBERT","JOUBERT","WILLEM FRANCOIS SR.","JOUBERTa1b5c7d5e3","1801","1801","1801",NA,"1823","GRAAFF-REINET",NA,1836,"A.H. POTGIETER (?)","NATAL THEN POTCHEFSTROOM","DOROTHEA REGINA","VAN EEDEN",NA,"SWELLENDAM",848,"Voortrekkers 2.xlsx|Main|848",1801,"GRAAFF-REINET","Graaff-Reinet",477,"Potgieter","Potgieter","Potgieter"
"JOUBERT","JOUBERT","JACOBUS FRANCOIS","JOUBERTa1b8c3d3e2f1",NA,NA,"1803",NA,NA,"SWELLENDAM",NA,NA,"A.H. POTGIETER (?)","POTCHEFSTROOMTHEN OHRIGSTAD THEN OVS","MARIA MAGDALENA","VAN DEN BERG",NA,NA,855,"Voortrekkers 2.xlsx|Main|855",1803,"SWELLENDAM","Swellendam",478,"Potgieter","Potgieter","Potgieter"
"JOUBERT","JOUBERT","MARTHINUS GODFRIED","JOUBERTa1b8c3d3e2f2",NA,NA,"1805",NA,"1825","SOMERSET","BAVIAANSRIVIER",1844,"FAMILY TREK (?)",NA,"SUSANNA ELIZABETH","ROSSOUW",NA,"SWELLENDAM",856,"Voortrekkers 2.xlsx|Main|856",1805,"SOMERSET","Somerset_multi",479,"Family/Independent","Family/Independent","Family/Independent"
"KEBEL","KEBEL","JOHAN (JOHANNES) AUGUST","KEBELa1",NA,NA,NA,NA,"1824","SWELLENDAM","VALSCHRIVIER",NA,NA,NA,"SALOMINA HERCULINA","BOUWER",NA,NA,857,"Voortrekkers 2.xlsx|Main|857",NA,"SWELLENDAM","Swellendam",480,NA,NA,NA
"KEMP","KEMP","GERHARDUS PHILIPPUS","KEMPa1b3c5d7",NA,NA,"1791",NA,"1814","UITENHAGE","KABELJOURIVIER, GAMTOOSRIVIER",1837,"P.L. UYS","NATAL","MARIA MAGDALENA","POTGIETER",NA,"STELLENBOSCH",858,"Voortrekkers 2.xlsx|Main|858",1791,"UITENHAGE","Uitenhage",481,"Uys","Uys","Uys"
"KLOPPER","KLOPPER","HENDRIK COENRAAD ( DE OUDE)","KLOPPERa1b7c2",NA,NA,"1756",NA,"1784","SOMERSET","PROBABLY TARKA",NA,"PROBABLY A.H. POTGIETER","OHRIGSTAD","SUSANNA CATHARINA","BOTHA",NA,NA,863,"Voortrekkers 2.xlsx|Main|863",1756,"SOMERSET","Somerset_multi",482,"Potgieter","Potgieter","Potgieter"
"KLOPPER","KLOPPER","JOHANNES JACOBUS","KLOPPERa1b7c2d4",NA,NA,"1793",NA,"1816","SOMERSET","POSSIBLY TARKA",NA,"A.H. POTGIETER (?)","OHRIGSTAD","MARIA MAGDALENA WILHELMINA JOSEPHA","REYNDERS",NA,"GRAAFF-REINET",865,"Voortrekkers 2.xlsx|Main|865",1793,"SOMERSET","Somerset_multi",483,"Potgieter","Potgieter","Potgieter"
"KLOPPER","KLOPPER","BALTHAZAR MARTHINUS","KLOPPERa1b7c2d7","1805","1805","1805","1838","1830","SOMERSET","TARKA",1837,"PIET RETIEF (?)",NA,"CHRISTINA PETRONELLA","DE WINNAAR",NA,"GRAAFF-REINET",866,"Voortrekkers 2.xlsx|Main|866",1805,"SOMERSET","Somerset_multi",484,"Retief","Retief","Retief"
"KLOPPER","KLOPPER","JOHAN CHRISTIAAN","KLOPPERa1b7c2d9","1809","1809","1809","1891","1829","SOMERSET","DOORNKLOOF, BAVIAANSRIVIER",1837,"POSSIBLY PIET RETIEF","NATAL THEN LYDENBURG THEN UTRECHT","LOUISA SOPHIA","MULLER",NA,"GRAAFF-REINET",867,"Voortrekkers 2.xlsx|Main|867",1809,"SOMERSET","Somerset_multi",485,"Retief","Retief","Retief"
"KLOPPER","KLOPPER","PAUL STEPHANUS","KLOPPERa1b7c4d3",NA,NA,"1805",NA,NA,"SOMERSET","POSSIBLY TARKA",NA,"JACOBUS CHRISTOFFEL POTGIETER",NA,NA,NA,NA,"GRAAFF-REINET",868,"Voortrekkers 2.xlsx|Main|868",1805,"SOMERSET","Somerset_multi",486,"Potgieter","Potgieter","Potgieter"
"KLOPPER","KLOPPER","JOHANNES FREDERIK","KLOPPERa1b8c10",NA,NA,"1787",NA,"1804","SOMERSET THEN WINTERBERG, ALBANY","OOS-RIETRIVIER",1837,"PIET RETIEF",NA,"JOHANNA ELIZABETH","ERASMUS",NA,NA,872,"Voortrekkers 2.xlsx|Main|872",1787,"SOMERSET THEN WINTERBERG, ALBANY","Somerset_multi",487,"Retief","Retief","Retief"
"KLOPPER","KLOPPER","JOHANNES FREDERIK","KLOPPERa1b8c10d3","1808","1808","1808",NA,"1830","ALBANY","WINTERBERG",1837,"PIET RETIEF","PMB THEN WINBURG","JACOBA JOHANNA","DU TOIT",NA,"GRAAFF-REINET",873,"Voortrekkers 2.xlsx|Main|873",1808,"ALBANY","Albany",488,"Retief","Retief","Retief"
"KLOPPER","KLOPPER","JACOBUS MARTHINUS","KLOPPERa1b8c6d3",NA,NA,"1794","1837","1818","SOMERSET THEN WINTERBERG","OOS-RIETRIVIER",1837,NA,NA,"MARTHA LOUISA","PRINSLOO",NA,"GRAAFF-REINET",874,"Voortrekkers 2.xlsx|Main|874",1794,"SOMERSET THEN WINTERBERG","Somerset_multi",489,NA,NA,NA
"KLOPPER","KLOPPER","WILLEM FREDERIK","KLOPPERa1b8c6d7",NA,NA,"1804",NA,"1825","SOMERSET","OOS-RIETRIVIER",1842,"FAMILY TREK (?) NOT SURE THAT THEY MOVED",NA,"MARGARETHA ALETTA","BOTHA",NA,"GRAAFF-REINET",875,"Voortrekkers 2.xlsx|Main|875",1804,"SOMERSET","Somerset_multi",490,"Family/Independent","Family/Independent","Family/Independent"
"KLOPPER","KLOPPER","LUCAS CORNELIS JOHANNES","KLOPPERa1b8c8d3","1803","1803","1803","1838","1825","SOMERSET","BRAKRIVIER",1837,"POSSIBLY PIET RETIEF",NA,"RACHEL ELIZABETH ALIDA","GROBLER",NA,NA,876,"Voortrekkers 2.xlsx|Main|876",1803,"SOMERSET","Somerset_multi",491,"Retief","Retief","Retief"
"KLOPPER","KLOPPER","JOHANNES JACOBUS","KLOPPERa1b7c4d2","1802","1802","1802","1876","1826","GRAAFF-REINET",NA,1846,NA,NA,"CECILIA JACOMINA","NAUDE",NA,"GRAAFF-REINET",879,"Voortrekkers 2.xlsx|Main|879",1802,"GRAAFF-REINET","Graaff-Reinet",492,NA,NA,NA
"KOCH","KOCH","JOHAN PHILIPPUS JACOBUS","KOCHa1b1","1809","1809","1809",NA,"1828","ALBANY","VISRIVER",1842,"J.C. ESPAG","NATAL THEN TRANSORANJE","MARTHA ELSJE JOHANNA","VAN DER MERWE",NA,"LUTHERAN CHURCH",880,"Voortrekkers 2.xlsx|Main|880",1809,"ALBANY","Albany",493,"Espag","Espag","Espag"
"KOEKEMOER","KOEKEMOER","JOACHIM MARTHINUS SR.","KOEKEMOERa1b1c4d1","1790","1790","1790",NA,"1809","GRAAFF-REINET","VOOR-SNEEUBERG",1838,NA,"NATAL","NEELTJIE","DE BEER",NA,"PAARL",883,"Voortrekkers 2.xlsx|Main|883",1790,"GRAAFF-REINET","Graaff-Reinet",494,NA,NA,NA
"KOEKEMOER","KOEKEMOER","GERHARDUS PETRUS","KOEKEMOERa1b1c4d5",NA,NA,"1798",NA,"1819","AGTER-SNEEUBERG, SOMERSET THEN SOMERSET","RIERVALLEI (RIETVLEI)",1842,NA,"POTCHEFSTROOM","ELIZABETH SUSANNA","BOTHA",NA,"GRAAFF-REINET",888,"Voortrekkers 2.xlsx|Main|888",1798,"AGTER-SNEEUBERG, SOMERSET THEN SOMERSET","Unknown",495,NA,NA,NA
"KOEKEMOER","KOEKEMOER","MARTHINUS WESSEL","KOEKEMOERa1b1c4d6",NA,NA,"1800",NA,"1826","COLESBERG",NA,1838,"POSSIBLY A.W.J. PRETORIUS","TRANSORANJE","MARIA MAGDALENA","DE BEER",NA,"GRAAFF-REINET",890,"Voortrekkers 2.xlsx|Main|890",1800,"COLESBERG","Colesberg_multi",496,"Pretorius","Pretorius","Pretorius"
"KOEKEMOER","KOEKEMOER","JACOBUS MATTYS WYNAND","KOEKEMOERa1b1c4d8","1806","1806","1806",NA,"1825","COLESBERG",NA,NA,NA,"WINBURG","ISABELLA JOHANNA CATHARINA","DUVENAGE",NA,"TULBAGH",891,"Voortrekkers 2.xlsx|Main|891",1806,"COLESBERG","Colesberg_multi",497,NA,NA,NA
"KOEKEMOER","KOEKEMOER","JOHANNES LODEWYK","KOEKEMOERa1b1c4d9","1808","1808","1808","1867","1829","COLESBERG",NA,1841,NA,"WINBURG","NEELTJIE MARIA","DE BEER",NA,"GRAAFF-REINET",892,"Voortrekkers 2.xlsx|Main|892",1808,"COLESBERG","Colesberg_multi",498,NA,NA,NA
"KOEKEMOER","KOEKEMOER","DIEDERIK JOHANNES","KOEKEMOERa1b1c6d1","1796","1796","1796","1872","1819","SOMERSET THEN TARKA","BRAKRIVIER",1839,NA,"NATAL","HESTER SOPHIA","FOURIE",NA,"TULBAGH",893,"Voortrekkers 2.xlsx|Main|893",1796,"SOMERSET THEN TARKA","Somerset_multi",499,NA,NA,NA
"KOEKEMOER","KOEKEMOER","GERRIT JACOBUS","KOEKEMOERa1b1c7d3","1803","1803","1803","1839","1832","SOMERSET","TARKA",1837,"JAN DU PLESSIS","NATAL","MARIA CATHARINA","DE BRUYN",NA,"GRAAFF-REINET",894,"Voortrekkers 2.xlsx|Main|894",1803,"SOMERSET","Somerset_multi",500,"Du Plessis","Du Plessis","Du Plessis"
"KOOPMAN","KOOPMAN","DAWID","KOOPMANa1b5c3d3",NA,NA,"1792",NA,"1814","BEAUFORT","NUWEVELD",1837,"FAMILTY TREK (?)","TRANSORANJE (?)","ELIZABETH MARGARETHA","KRUGER",NA,NA,895,"Voortrekkers 2.xlsx|Main|895",1792,"BEAUFORT","Beaufort",501,"Family/Independent","Family/Independent","Family/Independent"
"KOOPMAN","KOOPMAN","JAN MICHIEL","KOOPMANa1b5c3d7",NA,NA,"1800",NA,NA,"BEAUFORT","NUWEVELD",1837,"D.S. FOURIE (?)","TRANSORANJE",NA,NA,NA,NA,896,"Voortrekkers 2.xlsx|Main|896",1800,"BEAUFORT","Beaufort",502,"Fourie (DS)","Fourie","Minor Leader"
"KOOPMAN","KOOPMAN","WILLEM PETRUS","KOOPMANa1b5c3d8","1802","1802","1802",NA,NA,"BEAUFORT","NUWEVELD",1837,"D.S. FOURIE (?)","RIETRIVIER, TRANSORANJE",NA,NA,NA,"TULBAGH",897,"Voortrekkers 2.xlsx|Main|897",1802,"BEAUFORT","Beaufort",503,"Fourie (DS)","Fourie","Minor Leader"
"KOTZE","KOTZE","JACOBUS JOHANNES JURGEN","KOTZEa1b2c4d1e2",NA,NA,"1788",NA,"1813","COLESBERG",NA,1842,NA,"POTCHEFSTROOM","MARIA DOROTHEA","KRUGER",NA,NA,900,"Voortrekkers 2.xlsx|Main|900",1788,"COLESBERG","Colesberg_multi",504,NA,NA,NA
"KRAAY/ KRAAYENBURG/ VAN KRADENBURG","KRAAY/ KRAAYENBURG/ VAN KRADENBURG","ANDRIES NICOLAAS","KRAAY/ KRAAYENBURG/ VAN KRADENBURGa1b3",NA,NA,"1802",NA,"1822","CLANWILLIAM",NA,1837,NA,"TRANSORANJE","HUIBRECHT ELIZABETH SUSANNA","VAN WYK",NA,"SWARTLAND",902,"Voortrekkers 2.xlsx|Main|902",1802,"CLANWILLIAM","Clanwilliam",505,NA,NA,NA
"KRIEL","KRIEL","JACBOBUS ALBERTUS","KRIELa1b9c2d5",NA,NA,"1799","1865","1820","SWELLENDAM",NA,1838,"BADENHORST (?)","NATAL","ANNA MAGDALENA PETRONELLA","BADENHORST",NA,NA,903,"Voortrekkers 2.xlsx|Main|903",1799,"SWELLENDAM","Swellendam",506,"Other","Other","Minor Leader"
"KRITZINGER","KRITZINGER","JOHAN JACOB","KRITZINGERa1b1c3",NA,NA,"1808",NA,"1835","UITENHAGE","KLIPFONTEIN, ONDER-BOSEMANSRIVIER",1836,"JOHANNES STEPHANUS MARITZ","PMB, NATAL","MAGDALENA SALOMINA","MARITZ",NA,NA,904,"Voortrekkers 2.xlsx|Main|904",1808,"UITENHAGE","Uitenhage",507,"Maritz (JS)","Maritz","Maritz"
"KRITZINGER","KRITZINGER","PIETER HENDRIK","KRITZINGERa1b1",NA,NA,"1778",NA,"1803","UITENHAGE","GEELHOUTEBOOM, GAMTOOSRIVIER",1840,NA,"NATAL","ANNA MARGARETHA","VAN DER WATT",NA,NA,906,"Voortrekkers 2.xlsx|Main|906",1778,"UITENHAGE","Uitenhage",508,NA,NA,NA
"KROUKAMP","KROUKAMP","HENDRIK (JOHANNES) JACOBUS","KROUKAMPa1b4c1",NA,NA,"1802","1836","1825","SOMERSET","BRAKRIVIER",1835,"J.J. (LANG HANS) JANSE VAN RENSBURG",NA,"SUSANNA ELIZABETH","STRYDOM",NA,"CAPE TOWN",909,"Voortrekkers 2.xlsx|Main|909",1802,"SOMERSET","Somerset_multi",509,"Van Rensburg","Van Rensburg","Minor Leader"
"KRUGEL","KRUGEL","ANDRIES JACOBUS","KRUGELa1b4c2d9",NA,NA,"1791",NA,"1807","SOMERSET","TARKA",1838,NA,"NATAL THEN OHRIGSTAD","ELIZABETH MARGARETHA","DU PLESSIS",NA,NA,910,"Voortrekkers 2.xlsx|Main|910",1791,"SOMERSET","Somerset_multi",510,NA,NA,NA
"KRUGER","KRUGER","FRANS JOHANNES CHRISTIAAN","KRUGERa1b3c8d1",NA,NA,"1793",NA,NA,"GRAAFF-REINET","CAMBEDO",1837,NA,"NATAL","ZIRKIA JACOBA JANSEN",NA,"GRAFF-REINET",NA,911,"Voortrekkers 2.xlsx|Main|911",1793,"GRAAFF-REINET","Graaff-Reinet",511,NA,NA,NA
"KRUGER","KRUGER","DANIEL FREDERIK SR","KRUGERa1b5",NA,NA,"1787",NA,"1809","SOMERSET","TARKA",1837,NA,"POTCHEFSTROOM","JOHANNA ALIDA","JOOSTE",NA,NA,914,"Voortrekkers 2.xlsx|Main|914",1787,"SOMERSET","Somerset_multi",512,NA,NA,NA
"KRUGER","KRUGER","JOHANNES (JOHAN) CHRISTIAAN","KRUGERa1b5c1","1809","1809","1809","1883","1829","CRADOCK",NA,1843,NA,NA,"ALETTA ELIZABETH","DU PLESSIS",NA,"GRAAFF-REINET",915,"Voortrekkers 2.xlsx|Main|915",1809,"CRADOCK","Cradock",513,NA,NA,NA
"KRUGER","KRUGER","CASPER JAN HENDRIK","KRUGERa1b7c1d1e3",NA,NA,"1796","1862","1815","CRADOCK",NA,1840,NA,"POTCHEFSTROOM THEN BLOEMFONTEIN","LASYA CHRISTINA","VORSTER",NA,NA,916,"Voortrekkers 2.xlsx|Main|916",1796,"CRADOCK","Cradock",514,NA,NA,NA
"KRUGER","KRUGER","STEPHANUS JOHANNES","KRUGERa1b7c2d4",NA,NA,"1778",NA,"1798","GRAAFF-REINET","POSSIBLT AGTER- SNEEUBERG",1840,"POSSIBLY A.H. POTGIETER",NA,"SOPHIA MARGARETHA","STEENKAMP",NA,NA,918,"Voortrekkers 2.xlsx|Main|918",1778,"GRAAFF-REINET","Graaff-Reinet",515,"Potgieter","Potgieter","Potgieter"
"KRUGER","KRUGER","GERRIT JOHANNES","KRUGERa1b7c2d4e1","1799","1799","1799",NA,"1820","GRAAFF-REINET","AGTER-SUURBERG",1836,"POSSIBLY A.H.H POTGIETER","OHRIGSTAD","ELIZABETH JOHANNA","PELSER",NA,"GRAAFF-REINET",919,"Voortrekkers 2.xlsx|Main|919",1799,"GRAAFF-REINET","Graaff-Reinet",516,"Potgieter","Potgieter","Potgieter"
"KRUGER","KRUGER","CASPER JAN HENDRIK","KRUGERa1b7c2d4e2","1801","1801","1801","1851","1820","GRAAFF-REINET","AGTER-SUURBERG",1836,"A.H. POTGIETER","NATAL THEN POTCHEFSTROOM","ELSIE FRANCINA","STEYN",NA,NA,920,"Voortrekkers 2.xlsx|Main|920",1801,"GRAAFF-REINET","Graaff-Reinet",517,"Potgieter","Potgieter","Potgieter"
"KRUGER","KRUGER","GERT STEPHANUS JACOBUS","KRUGERa1b7c2d4e3","1804","1804","1804",NA,"1824","GRAAFF-REINET","AGTER-SUURBERG",1836,"A.H. POTGIETER","POTCHEFSTROOM","HEYLTJE MARIA MARGARETHA","PELSER",NA,"GRAAFF-REINET",923,"Voortrekkers 2.xlsx|Main|923",1804,"GRAAFF-REINET","Graaff-Reinet",518,"Potgieter","Potgieter","Potgieter"
"KRUGER","KRUGER","THEUNIS JOHANNES","KRUGERa1b7c2d4e4","1806","1806","1806",NA,"WYK","GRAAFF-REINET","AGTER-SUURBERG",1836,"POSSIBLY A.H. POTGIETER","OHRIGSTAD",NA,NA,NA,"GRAAFF-REINET",924,"Voortrekkers 2.xlsx|Main|924",1806,"GRAAFF-REINET","Graaff-Reinet",519,"Potgieter","Potgieter","Potgieter"
"KRUGER","KRUGER","JOHANNES LODEWYK","KRUGERa1b8c3d10",NA,NA,NA,NA,"1822","COLESBERG (?)",NA,1836,"A.H. POTGIETER","POTCHEFSTROOM THEN COLONY","ANNA MARIA JACOBA","GRIESEL",NA,NA,925,"Voortrekkers 2.xlsx|Main|925",NA,"COLESBERG (?)","Colesberg_multi",520,"Potgieter","Potgieter","Potgieter"
"LA GRANGE","LA GRANGE","TOBIAS GEORGE","LA GRANGENOT CERTAIN: b1c2d7e3",NA,NA,"1805",NA,"1831","GEORGE UNTIL APRIL 1841",NA,NA,"OHRIGSTAD",NA,"MARIA SOPHIA ELIZABETH","SCHEEPERS",NA,NA,931,"Voortrekkers 2.xlsx|Main|931",1805,"GEORGE UNTIL APRIL 1841","George",521,"Other","Other","Minor Leader"
"LAAS","LAAS","ANDRIES MARTHINUS","LAASa1b6",NA,NA,"1771",NA,"1804","UITENHAGE","ONDER-BOESMANSRIVIER",1837,"KAREL LANDMAN","NATAL","SARA SALOMINA","VERMAAK",NA,NA,933,"Voortrekkers 2.xlsx|Main|933",1771,"UITENHAGE","Uitenhage",522,"Landman","Landman","Landman"
"LABUSCHAGNE","LABUSCHAGNE","CASPER (JEREMIAS)","LABUSCHAGNEa1b2c4d3",NA,NA,"1770","1860","1795","SOMERSET","TARKA",1837,"JAN DU PLESSIS (?)",NA,"PETRONELLA CATHARINA","NEL",NA,NA,940,"Voortrekkers 2.xlsx|Main|940",1770,"SOMERSET","Somerset_multi",523,"Du Plessis","Du Plessis","Du Plessis"
"LABUSCHAGNE","LABUSCHAGNE","JAN HARM","LABUSCHAGNEa1b2c4d3e1",NA,NA,"1796","1874","1816","SOMERSET","BEZUIDENHOUDTSKRAAL, TARKA",1837,NA,"NATAL","GEERTRUIDA GESINA","LABUSCHAGNE",NA,NA,941,"Voortrekkers 2.xlsx|Main|941",1796,"SOMERSET","Somerset_multi",524,NA,NA,NA
"LABUSCHAGNE","LABUSCHAGNE","WILLEM ADRIAAN","LABUSCHAGNEa1b2c4d3e1f6",NA,NA,"1798","1866","1817","SOMERSET","TARKA",1837,"JAN DU PLESSIS (?)","NATAL","SUSANNA CATHARINA ELIZABETH","STEENKAMP",NA,NA,946,"Voortrekkers 2.xlsx|Main|946",1798,"SOMERSET","Somerset_multi",525,"Du Plessis","Du Plessis","Du Plessis"
"LABUSCHAGNE","LABUSCHAGNE","CASPER JEREMIAS","LABUSCHAGNEa1b2c4d3e4",NA,NA,"1801","1872","1822","SOMERSET","TARKA",1837,NA,"NATAL","CATHARINA SOPHIA","STEENKAMP",NA,"GRAAFF-REINET",947,"Voortrekkers 2.xlsx|Main|947",1801,"SOMERSET","Somerset_multi",526,NA,NA,NA
"LABUSCHAGNE","LABUSCHAGNE","JACOBUS CHRISTOFFEL JOHANNES","LABUSCHAGNEa1b2c4d3e5","1805","1805","1805","1868",NA,"SOMERSET","BEZUIDENHOUDTSKRAAL, TARKA",1837,NA,"NATAL","CATHARINA ELIZABETH","NEL",NA,"TULBAGH",948,"Voortrekkers 2.xlsx|Main|948",1805,"SOMERSET","Somerset_multi",527,NA,NA,NA
"LABUSCHAGNE","LABUSCHAGNE","JAN HARM","LABUSCHAGNEa1b2c4d6e1",NA,NA,"1796","1844","1817","SOMERSET","HONINGKLIP, TARKA",1837,"PROBABLY  JAN DU PLESSIS","NATAL","GESINA ADRIANA WILHELMINA","DU PLESSIS",NA,NA,950,"Voortrekkers 2.xlsx|Main|950",1796,"SOMERSET","Somerset_multi",528,"Du Plessis","Du Plessis","Du Plessis"
"LABUSCHAGNE","LABUSCHAGNE","FRANS JACOBUS","LABUSCHAGNEa1b2c4d6e2","1797","1797","1797","1853","1825","SOMERSET","TARKA",1837,NA,"LADYSMITH, NATAL","CATHARINA SUSANNA","HATTINGH",NA,"TULBAGH",951,"Voortrekkers 2.xlsx|Main|951",1797,"SOMERSET","Somerset_multi",529,NA,NA,NA
"LABUSCHAGNE","LABUSCHAGNE","CASPER JEREMIAS","LABUSCHAGNEa1b2c5d6",NA,NA,"1782",NA,NA,"SOMERSET","TARKA",1837,NA,"NATAL","SUSANNA ADRIANA","JORDAAN",NA,NA,953,"Voortrekkers 2.xlsx|Main|953",1782,"SOMERSET","Somerset_multi",530,NA,NA,NA
"LABUSCHAGNE","LABUSCHAGNE","GERRIT JACOBUS","LABUSCHAGNEa1b2c5d6e2",NA,NA,"1809",NA,"1828","SOMERSET","TARKA",1837,NA,NA,"CORNELIA MAGDALENA PETRONELLA","LABUSCHAGNE",NA,NA,954,"Voortrekkers 2.xlsx|Main|954",1809,"SOMERSET","Somerset_multi",531,NA,NA,NA
"LABUSCHAGNE","LABUSCHAGNE","JAN HENDRIK","LABUSCHAGNEa1b2c8d4",NA,NA,"1782","1838",NA,"SOMERSET","TARKA",1837,NA,NA,"ELSIE MARIA","JORDAAN",NA,NA,955,"Voortrekkers 2.xlsx|Main|955",1782,"SOMERSET","Somerset_multi",532,NA,NA,NA
"LABUSCHAGNE","LABUSCHAGNE","FRANS JACOB","LABUSCHAGNEa1b2c8d4e1",NA,NA,"1807","1838","1829","SOMERSET","BEZUIDENHOUDTSKRAAL, TARKA",1837,"PIET RETIEF",NA,"JACOBA ADRIANA JACOMINA","COETZER",NA,NA,956,"Voortrekkers 2.xlsx|Main|956",1807,"SOMERSET","Somerset_multi",533,"Retief","Retief","Retief"
"LABUSCHAGNE","LABUSCHAGNE","LEONARDUS PETRUS","LABUSCHAGNEa1b2c8d7","1790","1790","1790",NA,"1811","SOMERSET","TARKA",1837,NA,NA,"MACHTELD MARGARETHA","VAN DER MERWE",NA,NA,959,"Voortrekkers 2.xlsx|Main|959",1790,"SOMERSET","Somerset_multi",534,NA,NA,NA
"LANDMAN","LANDMAN","KAREL (CAREL) PIETER","LANDMANa1b2c10","1796","1796","1796","1875","1817","UITENHAGE","MELKHOUTEBOOM, OLIFANTSHOEK, ONDERBOESMANSRIVIER",1837,"LEADER","NATAL","AGATHA JACOMINA","MEYER",NA,NA,962,"Voortrekkers 2.xlsx|Main|962",1796,"UITENHAGE","Uitenhage",535,"Other","Other","Minor Leader"
"LANDMAN","LANDMAN","JOHANNES ABRAHAM","LANDMANa1b2c1d1",NA,NA,"1798","1879",NA,"UITENHAGE","POSSIBLY ONDER- BOESMANSRIVIER",NA,"POSSIBLY K.P. LANDMAN","NATAL","HESTER SALOMINA MARIA FRANSINA","LE ROUX",NA,NA,965,"Voortrekkers 2.xlsx|Main|965",1798,"UITENHAGE","Uitenhage",536,"Landman","Landman","Landman"
"LANDMAN","LANDMAN","WILLEM ADOLPH","LANDMANa1b2c1d6","1809","1809","1809",NA,"1829","UITENHAGE","ONDER-BOESMANSRIVIER",NA,"POSSIBLY K.P. LANDMAN","NATAL","MARIA JACOMINA","VERMAAK",NA,NA,966,"Voortrekkers 2.xlsx|Main|966",1809,"UITENHAGE","Uitenhage",537,"Landman","Landman","Landman"
"LANDMAN","LANDMAN","JOHANNES ABRAHAM","LANDMANa1b2c9",NA,NA,"1794",NA,"1822","UITENHAGE","BRAKFONTEIN, ONDER-BOESMANSRIVIER",1836,"JOHANNES STEPHANUS MARITZ MIGHT HAVE JOINED P.L. UYS LATER","NATAL","MARIA ELIZABETH","DE JAGER",NA,NA,968,"Voortrekkers 2.xlsx|Main|968",1794,"UITENHAGE","Uitenhage",538,"Maritz (JS)","Maritz","Maritz"
"LANDSBERG","LANDSBERG","FRIEDRICH LUDWIG ERICH","LANDSBERGa1b3","1796","1796","1796","1870","1819",NA,NA,1845,NA,"NATAL (?)","ELIZABETH CATHARINA","DURR","GERMANY",NA,969,"Voortrekkers 2.xlsx|Main|969",1796,NA,"Unknown",539,NA,NA,NA
"LAUBSCHER","LAUBSCHER","RUDOLPH JACOBUS SR.","LAUBSCHERa1b1c1d11e3",NA,NA,"1792",NA,NA,"GRAAFF-REINET/COLESBERG",NA,1835,NA,"PIETERMARITZBURG THEN POTCHEFSTROOM","JUDITH CHRISTINA","VAN BILJON",NA,NA,972,"Voortrekkers 2.xlsx|Main|972",1792,"GRAAFF-REINET/COLESBERG","Graaff-Reinet",540,NA,NA,NA
"LE ROUX","LE ROUX","NICOLAAS CASPARUS","LE ROUXa1b2c1d4e3","1802","1802","1802","1838",NA,"SOMERSET","BRAKRIVIER",NA,"GERT MARITZ (?)",NA,"LUITJE MARIA","LOGGERENBERG",NA,NA,975,"Voortrekkers 2.xlsx|Main|975",1802,"SOMERSET","Somerset_multi",541,"Maritz (GM)","Maritz","Maritz"
"LE ROUX","LE ROUX","ABRAHAM HERCULES","LE ROUXa2b4c6d4","1803","1803","1803","1883","1825","SWELLENDAM","SARASRIVIER, TRADOUW",1841,NA,"WINBURG","JACOBA JACOMINA","BRUWER",NA,"SWELLENDAM",977,"Voortrekkers 2.xlsx|Main|977",1803,"SWELLENDAM","Swellendam",542,NA,NA,NA
"LEMMER","LEMMER","JOHANNES HERMANUS RICHART","LEMMERa1b1","1801","1801","1801","(?)","1826","SWELLENDAM","LILLIENDAL, BREEDERIVIER",1841,NA,"NATAL","CATHARINA ELISABETH","BADENHORST",NA,"SWELLENDAM",979,"Voortrekkers 2.xlsx|Main|979",1801,"SWELLENDAM","Swellendam",543,NA,NA,NA
"LIEBENBERG","LIEBENBERG","CHRISTIAAN JACOBUS","LIEBENBERGa1b2c2d2e2",NA,NA,"1809",NA,"1825","GRAAFF-REINET/COLESBERG","UITVLUGT OR NUWE HANTAM",NA,"SAREL CILLIERS AND A.H. POTGIETER (?)",NA,"ANNA JOHANNA PETRONELLA","CILLIERS",NA,NA,981,"Voortrekkers 2.xlsx|Main|981",1809,"GRAAFF-REINET/COLESBERG","Graaff-Reinet",544,"Potgieter","Potgieter","Potgieter"
"LIEBENBERG","LIEBENBERG","BAREND JOHANNES SR.","LIEBENBERGa1b2c3d2",NA,NA,"1788","1838","1806","GRAAFF-REINET","POSSIBLY UITVLUGT",1836,"A.H. POTGIETER (?)",NA,"HESTER MAGDALENA","VAN DEN BERG",NA,NA,982,"Voortrekkers 2.xlsx|Main|982",1788,"GRAAFF-REINET","Graaff-Reinet",545,"Potgieter","Potgieter","Potgieter"
"LIEBENBERG","LIEBENBERG","BAREND GODLIEB","LIEBENBERGa1b2c4",NA,NA,"1766","1836","1787","GRAAFF-REINET","ONDER-SEEKOEIRIVIER OR UITVLUGT",1836,"POSSIBLY A.H. POTGIETER",NA,"MARIA PETRONELLA","VAN JAARSVELD",NA,NA,988,"Voortrekkers 2.xlsx|Main|988",1766,"GRAAFF-REINET","Graaff-Reinet",546,"Potgieter","Potgieter","Potgieter"
"LIEBENBERG","LIEBENBERG","HENDRIK FREDERIK","LIEBENBERGa1b2c4d11",NA,NA,"1809","1836",NA,"GRAAFF-REINET","POSSIBLY ONDER-SEEKOEIRIVIER OR UITVLUGT",1836,"SAREL CILLIERS AND/OR A.H. POTGIETER",NA,"MARTHA ELIZABETH JOHANNA","STRAUSS",NA,NA,989,"Voortrekkers 2.xlsx|Main|989",1809,"GRAAFF-REINET","Graaff-Reinet",547,"Potgieter","Potgieter","Potgieter"
"LIEBENBERG","LIEBENBERG","CHRISTIAAN JACOBUS","LIEBENBERGa1b2c4d4",NA,NA,"1796",NA,"1817","GRAAFF-REINET/COLESBERG","PROBABLY NUWE HANTAM",836,"SAREL CILLIERS AND A.H. POTGIETER",NA,"FRANCINA MARIA JOHANNA","KOTZE",NA,NA,990,"Voortrekkers 2.xlsx|Main|990",1796,"GRAAFF-REINET/COLESBERG","Graaff-Reinet",548,"Potgieter","Potgieter","Potgieter"
"LIEBENBERG","LIEBENBERG","STEPHANUS RUDOLPH","LIEBENBERGa1b2c4d8",NA,NA,"1803","1836","1826","GRAAFF-REINET/COLESBERG","NUWE HANTAM",1836,"SAREL CILLIERS AND A.H. POTGIETER",NA,"HESTER SOPHIA","PIENAAR",NA,NA,992,"Voortrekkers 2.xlsx|Main|992",1803,"GRAAFF-REINET/COLESBERG","Graaff-Reinet",549,"Potgieter","Potgieter","Potgieter"
"LINDE","LINDE","GEORG FREDERIK","LINDEa1b5c8","1804","1804","1804","1877","1830","SWELLENDAM AND AROUND 1840 COLESBERG","DE APPELSKRAAL, ONDER-RIVIERSONDEREND",1843,NA,"TRANSORANJE, BRANDFORT","MARIA CHRISTINA FRANCINA","STEYN",NA,"SWELLENDAM",993,"Voortrekkers 2.xlsx|Main|993",1804,"SWELLENDAM AND AROUND 1840 COLESBERG","Swellendam",550,NA,NA,NA
"LINDEQUE","LINDEQUE","GERRIT JOHANNES SR.","LINDEQUEa1b2c10",NA,NA,"1779",NA,"1801","UITENHAGE","WINTERHOEK",1838,"P.L. UYS (?)","VAALRIVIER","ANNA CATHARINA","VILJOEN",NA,NA,994,"Voortrekkers 2.xlsx|Main|994",1779,"UITENHAGE","Uitenhage",551,"Uys","Uys","Uys"
"LINDEQUE","LINDEQUE","PETRUS","LINDEQUEa1b2c10d1",NA,NA,NA,NA,NA,"UITENHAGE","WINTERHOEK",1838,"P.L. UYS (?)","VAALRIVIER","MARTHA MARIA","DU PREEZ",NA,NA,995,"Voortrekkers 2.xlsx|Main|995",NA,"UITENHAGE","Uitenhage",552,"Uys","Uys","Uys"
"LOMBARD","LOMBARD","ANDRIES LOUIS SR.","LOMBARDa1b1c3d6",NA,NA,"1775",NA,"1798","BEAUFORT","JANWILLEMSFONTEIN, GAMKA",1837,"JACOD DE KLERK (?)","POSSIBLY BOSHOF, OVS","CORNELIA","DE WEGE",NA,NA,997,"Voortrekkers 2.xlsx|Main|997",1775,"BEAUFORT","Beaufort",553,"De Klerk","De Klerk","De Klerk"
"LOMBARD","LOMBARD","JOHANNES (JAN) ANTHONIE","LOMBARDa1b1c3d6e2",NA,NA,"1801","1864",NA,"BEAUFORT","JANWILLEMSFONTEIN, GAMKA",1837,"JACOB DE KLERK (?)","TRANSORANJE","ENGELA ANNA JOHANNA","BOTES",NA,NA,998,"Voortrekkers 2.xlsx|Main|998",1801,"BEAUFORT","Beaufort",554,"De Klerk","De Klerk","De Klerk"
"LOMBARD","LOMBARD","HERMANUS STEPHANUS","LOMBARDa1b3c3d6e6","1804","1804","1804",NA,"1821","SOMERSET","POSSIBLY SMOORDRIFT, OOS-RIETRIVIER",1838,"HE WAS POSSIBLY THE LEADER","NATA; THEN TRANSVAAL","CATHARINA LEVINA","VAN AARDT",NA,NA,1000,"Voortrekkers 2.xlsx|Main|1000",1804,"SOMERSET","Somerset_multi",555,"Other","Other","Minor Leader"
"LOMBARD","LOMBARD","BAREND JACOBUS","LOMBARDa1b3c3d7e10","1803","1803","1803",NA,NA,"SOMERSET","TARKA",1837,"J.H. DE LANGE(?)",NA,"GEERTRUIDA MARIA PETRONELLA","JONKER",NA,"GRAAFF-REINET",1001,"Voortrekkers 2.xlsx|Main|1001",1803,"SOMERSET","Somerset_multi",556,"De Lange","De Lange","De Lange"
"LOMBARD","LOMBARD","HERMANUS ANTHONIE SR.","LOMBARDa1b3c3d7e3",NA,NA,"1789",NA,"1815","ALBANY","JAGERSFONTEIN, VISRIVER",1837,"J.H. DE LANGE(?)","NATAL","GESINA DOROTHEA","DE LANGE",NA,NA,1002,"Voortrekkers 2.xlsx|Main|1002",1789,"ALBANY","Albany",557,"De Lange","De Lange","De Lange"
"LöTTER","LöTTER","WILLEM GODFRIED","LöTTERa1b7c6",NA,NA,"1778","1841","1802","SOMERSET","BOTHMASGAT, BAVIAANSRIVIER",1838,NA,NA,"ELIZABETH LORETTA","ERASMUS",NA,NA,1004,"Voortrekkers 2.xlsx|Main|1004",1778,"SOMERSET","Somerset_multi",558,NA,NA,NA
"LöTTER","LöTTER","CHRISTOFFEL PETRUS FRANCOIS","LöTTERa1b7c6d2",NA,NA,"1804","1874","1824","SOMERSET","BAVIAANSRIVIER",1837,NA,NA,"ISABELLA MARGARETHA","NEL",NA,NA,1005,"Voortrekkers 2.xlsx|Main|1005",1804,"SOMERSET","Somerset_multi",559,NA,NA,NA
"LöTTER","LöTTER","JACOB","LöTTERa1b7c6d4",NA,NA,"1808","1887","1831","SOMERSET","BOTHMASGAT, BAVIAANSRIVIER",1837,"POSSIBLY PIET RETIEF BUT ALSO LOOK UNDER W.G. LOTTER","NATAL THEN OHRIGSTAD","MARTHA LOUISA","PRINSLOO",NA,NA,1006,"Voortrekkers 2.xlsx|Main|1006",1808,"SOMERSET","Somerset_multi",560,"Retief","Retief","Retief"
"LOTTERING","LOTTERING","PETRUS CORNELIS","LOTTERINGa1b6c4","1805","1805","1805",NA,"1825","SOMERSET","BRAKRIVIER",1837,NA,"TRANSORANJE THEN BACK TO CAPE COLONY AROUND RICHMOND","MARIA JOHANNA","BEZUIDENHOUT",NA,"GRAAFF-REINET",1008,"Voortrekkers 2.xlsx|Main|1008",1805,"SOMERSET","Somerset_multi",561,NA,NA,NA
"LOTTERING/LOTRIER","LOTTERING/LOTRIER","CATHARINA HENDRINA ENGELA","LOTTERING/LOTRIERa2b1c1",NA,NA,"1799",NA,"1817","SOMERSET (?)",NA,NA,NA,"OHRIGSTAD","JOACHIM JOHANNES","PRINSLOO",NA,"TULBAGH",1009,"Voortrekkers 2.xlsx|Main|1009",1799,"SOMERSET (?)","Somerset_multi",562,NA,NA,NA
"LUBBE","LUBBE","PAULUS WILHELMUS","LUBBEa1b12c2d4e4",NA,NA,"1795",NA,"1813","CLANWILLIAM","BO-OLIFANTSRIVIER",1838,"ARIE Z. VISAGIE (?)",NA,"JOHANNA MARIA","MOUTON",NA,NA,1010,"Voortrekkers 2.xlsx|Main|1010",1795,"CLANWILLIAM","Clanwilliam",563,"Visagie","Visagie","Minor Leader"
"LUBBE","LUBBE","JAN LODEWYK","LUBBEa1b3c10d5",NA,NA,"1797","1867","1816","SOMERSET AND BEFORE THAT IN BEAUFORT","BRAKRIVIER",1835,NA,NA,"MARGARETHA MAGDALENA ELIZABETH","DE KOKER",NA,NA,1012,"Voortrekkers 2.xlsx|Main|1012",1797,"SOMERSET AND BEFORE THAT IN BEAUFORT","Somerset_multi",564,NA,NA,NA
"LUUZ","LUUZ","DIEDERIK DANIEL","LUUZa1b4","1809","1809","1809",NA,NA,"SOMERSET","PROBABLY BRAKRIVIER",1842,"FAMILTY TREK","TRANSORANJE","JACOBA DOROTHEA","DU PREEZ",NA,"SWELLENDAM",1015,"Voortrekkers 2.xlsx|Main|1015",1809,"SOMERSET","Somerset_multi",565,"Family/Independent","Family/Independent","Family/Independent"
"MAARTENS","MAARTENS","JAN THOMAS","MAARTENSa6b1c6",NA,NA,"1800","1877","1823","SOMERSET","AGTER-SNEEUBERG",1841,NA,NA,"ANNA MARIA ISABELLA","COETZEE",NA,NA,1019,"Voortrekkers 2.xlsx|Main|1019",1800,"SOMERSET","Somerset_multi",566,NA,NA,NA
"MAARTENS","MAARTENS","HENDRIK JACOBUS","MAARTENSa6b1c7",NA,NA,"1802",NA,"1832","GRAAF-REINET",NA,NA,NA,NA,"ELIZABETH MARIA","ROOS",NA,NA,1020,"Voortrekkers 2.xlsx|Main|1020",1802,"GRAAF-REINET","Graaff-Reinet",567,NA,NA,NA
"MALAN","MALAN","J.S.(JOHANNES STEPHANUS)","MALANa1b6c4d1e3(?)",NA,NA,"1794",NA,NA,NA,NA,NA,NA,NA,"SUSANNA DOROTHEA","STEMMET",NA,NA,1021,"Voortrekkers 2.xlsx|Main|1021",1794,NA,"Unknown",568,NA,NA,NA
"MALAN","MALAN","JACOBUS SR","MALANa1b6c5d7",NA,NA,"1787","1838","1817","SOMERSET","MALAANGSKRAAL,OOS-RIETRIVIER",1836,"H.P.MALAN",NA,"MARIA MARGERAETHA","SWART",NA,NA,1022,"Voortrekkers 2.xlsx|Main|1022",1787,"SOMERSET","Somerset_multi",569,"Malan","Malan","Minor Leader"
"MALAN","MALAN","HERCULES PHILIPPUS","MALANa1b6c5d9",NA,NA,"1792","1838",NA,NA,"WINTERBERG",1836,"LEADER OF HIS OWN TREK",NA,"ANNA MARIA","BREED",NA,NA,1025,"Voortrekkers 2.xlsx|Main|1025",1792,NA,"Unknown",570,"Other","Other","Minor Leader"
"MALAN","MALAN","DANIËL","MALANa1b6c9d9","1799","1799","1799","1828","1828","SWELLENDAM","BO-DUIVENHOKSRIVIER",1839,NA,NA,"MAGARETHA JOHANNA SUSANNA","VAN NIEKERK","NOORDHOEK, CAPE DISTRICT","CAPE TOWN",1030,"Voortrekkers 2.xlsx|Main|1030",1799,"SWELLENDAM","Swellendam",571,NA,NA,NA
"MARAIS","MARAIS","DANIËL PETRUS","MARAISa1b2c2d1e4f2",NA,NA,"1791",NA,NA,"UITENHAGE","ONDER-BOESMANRIVIER",1836,"PROBABLY JOHANNES STEPHANUS MARITZ",NA,NA,NA,NA,NA,1032,"Voortrekkers 2.xlsx|Main|1032",1791,"UITENHAGE","Uitenhage",572,"Maritz (JS)","Maritz","Maritz"
"MARAIS","MARAIS","MARIA PETRONELLA (WEDUWEE JESIAS ESTERHUIZEN)","MARAISa2b4",NA,NA,"1773",NA,"1795","BEAUFORT","NUWEVELD",NA,NA,NA,"JESIAS","ESTERHUIZEN",NA,NA,1034,"Voortrekkers 2.xlsx|Main|1034",1773,"BEAUFORT","Beaufort",573,NA,NA,NA
"MARAIS","MARAIS","SAREL JOHANNES LODEWIKUS","MARAISa2b6c1",NA,NA,"1798",NA,"1817","BEAUFORT","NUWEVELD",1838,NA,NA,"lOuisa johanna maria","MARAIS",NA,NA,1035,"Voortrekkers 2.xlsx|Main|1035",1798,"BEAUFORT","Beaufort",574,NA,NA,NA
"MARAIS","MARAIS","GERHARDUS PETRUS","MARAISa2b7","1779","1779","1779",NA,"1800","BEAUFORT","NUWEVELD",1838,"P.D. JACOBS AND G.P. MARAIS",NA,"MARIA ADRIANA","VERMEULEN",NA,NA,1036,"Voortrekkers 2.xlsx|Main|1036",1779,"BEAUFORT","Beaufort",575,"Jacobs","Jacobs","Jacobs"
"MARAIS","MARAIS","DAVID JACOBUS","MARAISa1b2c2d6e5f2",NA,NA,"1799",NA,"1820","SOMERSET","BRAKRIVIER",1842,NA,"TRANSORANJE","SUSANNA MARIA","PIETERSEN",NA,NA,1039,"Voortrekkers 2.xlsx|Main|1039",1799,"SOMERSET","Somerset_multi",576,NA,NA,NA
"MARAIS","MARAIS","MATTHYS HENDRIK","MARAISa1b2c4d1e3f3","1790","1790","1790","1864","1815","UITENHAGE","JAMMERSFONTEIN,ONDER-BOESMANSRIVIER",1836,"PROBABLY WITH J.S.MARITZ",NA,"MAGDELENA PETRONELLA","MEYER",NA,NA,1040,"Voortrekkers 2.xlsx|Main|1040",1790,"UITENHAGE","Uitenhage",577,"Maritz (JS)","Maritz","Maritz"
"MARÉ","MARÉ","GABRIËL STEPHANUS","MARÉa1b10c4d3","1789","1789","1789","1852","1814","BEAUFORT","NUWEVELD",NA,"JACOB DE KLERK(?)",NA,"ANNA MARGERETHA","DU PLESSIS","FRANSCHHOEK",NA,1043,"Voortrekkers 2.xlsx|Main|1043",1789,"BEAUFORT","Beaufort",578,"De Klerk","De Klerk","De Klerk"
"MARÉ","MARÉ","PAULUS","MARÉa1b10c7","1769","1769","1769","1838","1790","UITENHAGE","COEGA",1838,NA,NA,"SUSANNA ELIZABETH","FOURIE","STELLENBOSCH",NA,1045,"Voortrekkers 2.xlsx|Main|1045",1769,"UITENHAGE","Uitenhage",579,NA,NA,NA
"MARÉ","MARÉ","JOHANNES STEPHANUS (ALBERTUS)","MARÉa1b10c7d11","1807","1807","1807","1863","1832","UITENHAGE","COEGA",1850,NA,NA,"SARAH JOHANNA ADRIANA","KOK",NA,NA,1046,"Voortrekkers 2.xlsx|Main|1046",1807,"UITENHAGE","Uitenhage",580,NA,NA,NA
"MARE","MARE","WYNAND WILHELMUS","MAREa1b10c7d7","1801","1801","1801",NA,"1821","UITENHAGE","ONDER-BOESMANRIVIER",1837,"PROBABLY JOHANNES STEPHANUS MARITZ",NA,"CORNELIA ALETTA JANSE","VAN RENSBURG",NA,"TULBAGH",1050,"Voortrekkers 2.xlsx|Main|1050",1801,"UITENHAGE","Uitenhage",581,"Maritz (JS)","Maritz","Maritz"
"MARÉ/MAREE","MARÉ/MAREE","PETRUS JACOBUS","MARÉ/MAREEa1b1c4e3d7",NA,NA,NA,NA,"1825","SWELLENDAM","CALEDON(?)",NA,NA,NA,"SUSANNA MARIA","WESSELS",NA,NA,1051,"Voortrekkers 2.xlsx|Main|1051",NA,"SWELLENDAM","Swellendam",582,NA,NA,NA
"MARITZ","MARITZ","JOHANNES STEPHANUS","MARITZa1b1c8d1",NA,NA,NA,"1857","1815","UITENHAGE","ONDER-BOESMANRIVIER",1836,"LEADER",NA,"MAGDELENA SALOMINA","DU PREEZ",NA,NA,1052,"Voortrekkers 2.xlsx|Main|1052",NA,"UITENHAGE","Uitenhage",583,"Other","Other","Minor Leader"
"MARITZ","MARITZ","GERHARDUS MARTHINUS","MARITZa1b1c8d2","1797","1797","1797","1838","1820",NA,"GRAAFF-REINET",1839,"LEADER",NA,"ANGENITHA MARIA","OLIVIER",NA,"CAPE TOWN",1055,"Voortrekkers 2.xlsx|Main|1055",1797,NA,"Unknown",584,"Other","Other","Minor Leader"
"MARITZ","MARITZ","SALOMON","MARITZa1b1c8d5",NA,NA,"1805",NA,"1823","UITENHAGE","ONDER-BOESMANRIVIER",1837,"J.S. MARITZ(?)",NA,"MAGDELENA PETRONELLA CATHERINA STOFFELINA","SCHEEPERS",NA,"STELLENBOSCH",1059,"Voortrekkers 2.xlsx|Main|1059",1805,"UITENHAGE","Uitenhage",585,"Maritz (JS)","Maritz","Maritz"
"MARITZ","MARITZ","FRANCOIS IGNATIUS","MARITZa1b1c8d6","1805","1805","1805",NA,"1826",NA,"GRAAFF-REINET",1837,"GERT M. MARITZ",NA,"DINA MARIA","UYS",NA,"GRAAFF-REINET",1060,"Voortrekkers 2.xlsx|Main|1060",1805,NA,"Unknown",586,"Maritz (GM)","Maritz","Maritz"
"MARNEWECK","MARNEWECK","JOHAN COENRAAD","MARNEWECKa1b1",NA,NA,"1785",NA,"1813","GEORGE",NA,1839,NA,NA,"CATHERINA ALETTA","NORTIER",NA,NA,1061,"Voortrekkers 2.xlsx|Main|1061",1785,"GEORGE","George",587,NA,NA,NA
"MARX","MARX","PETRUS JOHANNES","MARXa1b3c6d1",NA,NA,"1805",NA,"1827","UITENHAGE",NA,NA,NA,NA,"CECILIA JOHANNA","MARX",NA,NA,1063,"Voortrekkers 2.xlsx|Main|1063",1805,"UITENHAGE","Uitenhage",588,NA,NA,NA
"MEINTJES","MEINTJES","JOHANNES PETRUS","MEINTJESa1b4c6d1",NA,NA,"1775",NA,"1799","CRADOCK",NA,1837,"PIET UYS",NA,"LOUISA MARIA","VAN HEERDEN","ROODEZAND","CAPE TOWN",1067,"Voortrekkers 2.xlsx|Main|1067",1775,"CRADOCK","Cradock",589,"Uys","Uys","Uys"
"MEINTJES","MEINTJES","JOHANNES PETRUS","MEINTJESa1b4c3d1e1","1809","1809","1809","1879","1831","GRAAF-REINET","SPEKBOOMBERG",1839,NA,NA,"HELIA ELIZABETH","HELBERG","GRAAFF-REINET",NA,1068,"Voortrekkers 2.xlsx|Main|1068",1809,"GRAAF-REINET","Graaff-Reinet",590,NA,NA,NA
"MEINTJES","MEINTJES","WILLEM JACOBUS ALBERTUS","MEINTJESa1b4c6d1e1","1800","1800","1800",NA,"1816","SOMERSET","BRAKRIVIER",1838,NA,NA,"CATHARINA WILHELMINA SUSANNA","OLIVIER","TULBAGH",NA,1069,"Voortrekkers 2.xlsx|Main|1069",1800,"SOMERSET","Somerset_multi",591,NA,NA,NA
"MEINTJES","MEINTJES","SCHALK WILLEM","MEINTJESa1b4c6d1e2","1802","1802","1802",NA,"1823","SOMERSET","BRAKRIVIER",1834,NA,NA,"CORNELIA MARGARETHA MARIA THERISIA","CLAAS(S)","TULBAGH",NA,1074,"Voortrekkers 2.xlsx|Main|1074",1802,"SOMERSET","Somerset_multi",592,NA,NA,NA
"MEINTJES","MEINTJES","JOHANNES JACOBUS","MEINTJESa1b4c6d1e3","1805","1805","1805",NA,"1826","SOMERSET","BRAKRIVIER",1834,"PIET UYS",NA,"ANNA MARIA JOHANNA","STRUWIG","TULBAGH",NA,1075,"Voortrekkers 2.xlsx|Main|1075",1805,"SOMERSET","Somerset_multi",593,"Uys","Uys","Uys"
"MEINTJES","MEINTJES","WILLEM","MEINTJESa1b4c6d4",NA,NA,"1787",NA,"1846","(?)SOMERSET",NA,1837,NA,NA,"ENGELA CAROLINA HENDRINA BARENDINA","DURAND",NA,NA,1078,"Voortrekkers 2.xlsx|Main|1078",1787,"(?)SOMERSET","Unknown",594,NA,NA,NA
"MEINTJES","MEINTJES","PETRUS JACOBUS","MEINTJESa1b4c6d8",NA,NA,"1800","1852","1823","SOMERSET",NA,1837,NA,NA,"SUSANNA JACOBA","DE MEYER",NA,"WAVEREN",1079,"Voortrekkers 2.xlsx|Main|1079",1800,"SOMERSET","Somerset_multi",595,NA,NA,NA
"MEYER","MEYER","JESIAS ENGELBERTUS","MEYERa2b4c5d7e6",NA,NA,"1803","1886",NA,NA,NA,1842,NA,"NATAL","JOHANNA SUSANNA","STRYDOM",NA,NA,1081,"Voortrekkers 2.xlsx|Main|1081",1803,NA,"Unknown",596,NA,NA,NA
"MEYER","MEYER","JACOBUS JOHANNES PHILLIPPUS","MEYERa2b4c7d3e5","1801","1801","1801","1883","1819","GEORGE",NA,NA,NA,NA,"JOHANNA ELISABETH","VAN ROOYEN",NA,NA,1082,"Voortrekkers 2.xlsx|Main|1082",1801,"GEORGE","George",597,NA,NA,NA
"MEYER","MEYER","LUCAS JOHANNES","MEYERa3b1c1d3e5",NA,NA,"1797",NA,NA,"SOMERSET","SWAGERSHOEK",1841,NA,"TRANSORANJE","ANNA MARIA","GREYLING",NA,NA,1083,"Voortrekkers 2.xlsx|Main|1083",1797,"SOMERSET","Somerset_multi",598,NA,NA,NA
"MEYER","MEYER","LUCAS JOHANNES","MEYERa3b1c6d2e6","1792","1792","1792","1864",NA,"SOMERSET","OOS-RIETRIVIER",1837,"LEADER",NA,"SARA JOHANNA","DE LANGE",NA,NA,1085,"Voortrekkers 2.xlsx|Main|1085",1792,"SOMERSET","Somerset_multi",599,"Other","Other","Minor Leader"
"MEYER","MEYER","ADRIAAN WILLEM PETRUS","MEYERa3b1c6d2e6f6",NA,NA,NA,"1840","1837","SOMERSET","OOS-RIETRIVIER",1837,"LUCAS JOHANNES MEYER",NA,"MARIA SUSANNA WILHELMINA","LOMBARD",NA,NA,1087,"Voortrekkers 2.xlsx|Main|1087",NA,"SOMERSET","Somerset_multi",600,"Meyer","Meyer","Meyer"
"MEYER","MEYER","WILLEM PETRUS (PIET)","MEYERa3b1c6d2e8","1797","1797","1797",NA,NA,"ALBANY","VISRIVIER",1837,"PIET RETIEF","TRANSORANJE","CORNELIA JOHANNA","DE LANGE",NA,NA,1089,"Voortrekkers 2.xlsx|Main|1089",1797,"ALBANY","Albany",601,"Retief","Retief","Retief"
"MEYER","MEYER","ELSIE(WEDUWEE P.H.FICK","MEYERa3b1c6d5e1","1780","1780","1780",NA,NA,"UITENHAGE","ONDER-BOESMANRIVIER",1838,NA,NA,"PAUL HENDRIK","FICK",NA,NA,1090,"Voortrekkers 2.xlsx|Main|1090",1780,"UITENHAGE","Uitenhage",602,NA,NA,NA
"MEYER","MEYER","JOHAN GEORGE","MEYERa3b6",NA,NA,"1783",NA,NA,"UITENHAGE","SWARTRUGGENS",1844,NA,"NATAL","JOHANNA FRANCINA","JOUBERT",NA,NA,1097,"Voortrekkers 2.xlsx|Main|1097",1783,"UITENHAGE","Uitenhage",603,NA,NA,NA
"MEYER","MEYER","ISAK JOHANNES SR.","MEYERa4b1c6d8e2",NA,NA,"1792","1886","1817","UITENHAGE","TSITSIKAMMA",1837,"P.L. UYS",NA,"CECILIA JOHANNA","FOURIE","UITENHAGE","STELLENBOSCH",1098,"Voortrekkers 2.xlsx|Main|1098",1792,"UITENHAGE","Uitenhage",604,"Uys","Uys","Uys"
"MINNAAR","MINNAAR","PHILIP CAREL SR","MINNAARa1b5c1d3e2",NA,NA,"1776",NA,"1798","GRAAF-REINET","(?) UITVLUGT",1836,"(?) A.H. POTGIETER",NA,"MARIA JACOBA","JANSEN",NA,NA,1103,"Voortrekkers 2.xlsx|Main|1103",1776,"GRAAF-REINET","Graaff-Reinet",605,"Potgieter","Potgieter","Potgieter"
"MINNAAR","MINNAAR","PHILIP CAREL JR","MINNAARa1b5c1d3e2f2","1801","1801","1801","1896","1820","GRAAF-REINET","(?) UITVLUGT",1836,"(?) A.H. POTGIETER",NA,"JACOBA JOHANNA","VAN HEERDEN",NA,"TULBAGH",1104,"Voortrekkers 2.xlsx|Main|1104",1801,"GRAAF-REINET","Graaff-Reinet",606,"Potgieter","Potgieter","Potgieter"
"MINNAAR","MINNAAR","CORNELIS JACOBUS","MINNAARa1b5c1d3e2f4",NA,NA,"1805",NA,"1828","BEAUFORT",NA,1840,"A.H. POTGIETER",NA,"JOHANNA CECILIA","ROOS",NA,NA,1106,"Voortrekkers 2.xlsx|Main|1106",1805,"BEAUFORT","Beaufort",607,"Potgieter","Potgieter","Potgieter"
"MINNAAR","MINNAAR","CAREL PETRUS","MINNAARa1b5c1d3e2f5","1807","1807","1807","1892","1829",NA,NA,1840,NA,NA,"JACOBA JOHANNA MARIA","MOUTON",NA,NA,1107,"Voortrekkers 2.xlsx|Main|1107",1807,NA,"Unknown",608,NA,NA,NA
"MINNAAR","MINNAAR","ROELOF JOHANNES","MINNAARa1b5c1d3e2f6",NA,NA,"1809",NA,"1838","GRAAF-REINET","(?) UITVLUGT",1840,NA,NA,"MARIA CORNELIA PETRONELLA","MINNAAR",NA,NA,1108,"Voortrekkers 2.xlsx|Main|1108",1809,"GRAAF-REINET","Graaff-Reinet",609,NA,NA,NA
"MINNAAR","MINNAAR","PHILIP PETRUS","MINNAARa1b5c1d3e5f(?)",NA,NA,NA,NA,NA,NA,NA,1842,NA,NA,"CECILIA JACOBA","ROOS",NA,NA,1109,"Voortrekkers 2.xlsx|Main|1109",NA,NA,"Unknown",610,NA,NA,NA
"MINNIE","MINNIE","JOHANNES WILLEM","MINNIE(?)e2f2","1807","1807","1807",NA,"1836","(?) GEORGE",NA,1844,NA,"(?) TRANSORANJE","SOPHIA JACOBA","VERY",NA,"GRAAFF-REINET",1111,"Voortrekkers 2.xlsx|Main|1111",1807,"(?) GEORGE","Unknown",611,NA,NA,NA
"MINNIE","MINNIE","NICOLAAS CHRISTOFFEL JOHANNES","MINNIEa2b2c1d3e6","1807","1807","1807",NA,"1838","(?) COLESBERG",NA,1838,NA,"(?) TRANSORANJE","CECILIA CATHARINA","NORTJÉ",NA,"GRAAFF-REINET",1115,"Voortrekkers 2.xlsx|Main|1115",1807,"(?) COLESBERG","Colesberg_multi",612,NA,NA,NA
"MOCKE","MOCKE","JOHAN GODFRIED","MOCKEa1b4",NA,NA,"1780","1850","1801","BEAUFORT","KOUP",1838,NA,NA,"JOHANNA HELENA","MEYER",NA,NA,1116,"Voortrekkers 2.xlsx|Main|1116",1780,"BEAUFORT","Beaufort",613,NA,NA,NA
"MOCKE","MOCKE","JOHAN GODFRIED","MOCKEa1b5c1","1806","1806","1806",NA,NA,"BEAUFORT","KOUP",1838,NA,NA,"SUSARA ELISABETH","NEL",NA,NA,1117,"Voortrekkers 2.xlsx|Main|1117",1806,"BEAUFORT","Beaufort",614,NA,NA,NA
"MOOLMAN","MOOLMAN","PETRUS LAFRAS","MOOLMANa1b1c1d3","1805","1805","1805","1872","1825","UITENHAGE","GAMTOOSRIVIER",1838,NA,NA,"JOHANNA ISABELLA HERMINA","DE JAGER",NA,"SWELLENDAM",1118,"Voortrekkers 2.xlsx|Main|1118",1805,"UITENHAGE","Uitenhage",615,NA,NA,NA
"MOOLMAN","MOOLMAN","JACOBUS PHILLIPPUS SR","MOOLMANa1b1c2",NA,NA,"1783","1852","1803","SWELLENDAM","BREËRIVIER",1837,"P.L. UYS",NA,"JUDITH MARGARETHA","ODENDAAL",NA,NA,1119,"Voortrekkers 2.xlsx|Main|1119",1783,"SWELLENDAM","Swellendam",616,"Uys","Uys","Uys"
"MOOLMAN","MOOLMAN","JAN ADRIAAN","MOOLMANa1b1c2d2",NA,NA,"1806",NA,"1829","UITENHAGE","GAMTOOSRIVIER",1837,"P.L. UYS",NA,"SARA SALOMINA","LAAS",NA,NA,1120,"Voortrekkers 2.xlsx|Main|1120",1806,"UITENHAGE","Uitenhage",617,"Uys","Uys","Uys"
"MOOLMAN","MOOLMAN","JACOBUS PHILLIPPUS JR","MOOLMANa1b1c2d3",NA,NA,"1809",NA,"1833","(?) UITENHAGE","(?) GAMTOOSRIVIER",1837,"P.L. UYS",NA,"ELSJE CATHARINA","POTGIETER",NA,NA,1121,"Voortrekkers 2.xlsx|Main|1121",1809,"(?) UITENHAGE","Unknown",618,"Uys","Uys","Uys"
"MULLER","MULLER","JOHANNES PETRUS","MULLERa1b2",NA,NA,"1794",NA,NA,"SWELLENDAM","ONDER-DUIVENHOKSRIVIER",1838,NA,NA,"ANNA MAGDALENA","DE BEER",NA,NA,1128,"Voortrekkers 2.xlsx|Main|1128",1794,"SWELLENDAM","Swellendam",619,NA,NA,NA
"MULLER","MULLER","JOHANNES CHRISTIAAN","MULLERa1b5c7d4","1791","1791","1791",NA,"1821","SOMERSET","TARKA",1837,"JAN DU PLESSIS",NA,"CHRISTINA PETRONELLA","DE BEER",NA,NA,1133,"Voortrekkers 2.xlsx|Main|1133",1791,"SOMERSET","Somerset_multi",620,"Du Plessis","Du Plessis","Du Plessis"
"MYBURGH","MYBURGH","JACOBUS","MYBURGHa1b2c5d4e2","1783","1783","1783",NA,"1802","GRAAF-REINET THEN CRADOCK",NA,1845,NA,"TRANSORANJE","MARTHA","DU PLESSIS",NA,NA,1134,"Voortrekkers 2.xlsx|Main|1134",1783,"GRAAF-REINET THEN CRADOCK","Graaff-Reinet",621,NA,NA,NA
"MYNHARDT","MYNHARDT","MARTHINUS GERHARDUS","MYNHARDTa1b1c1d2","1807","1807","1807","1857","1829","SOMERSET","TARKA",1840,NA,NA,"HESTER CATHARAINA MARIA PETRONELLA","LOMBARD",NA,"GRAAFF-REINET",1138,"Voortrekkers 2.xlsx|Main|1138",1807,"SOMERSET","Somerset_multi",622,NA,NA,NA
"MYNHARDT","MYNHARDT","MARIA MAGDALENA ELIZABETH (MIETA)","MYNHARDTa1b1c5",NA,NA,NA,NA,NA,NA,NA,1836,"A.H. POTGIETER",NA,"PIETER ERNST","KRUGER",NA,NA,1139,"Voortrekkers 2.xlsx|Main|1139",NA,NA,"Unknown",623,"Potgieter","Potgieter","Potgieter"
"NAGEL","NAGEL","RUDOLPH JOHANNES","NAGELa1b6c1","1795","1795","1795",NA,"1817","(?) CRADOCK",NA,1842,NA,NA,"ANNA MARIA","MINNIE",NA,"CAPE TOWN",1140,"Voortrekkers 2.xlsx|Main|1140",1795,"(?) CRADOCK","Unknown",624,NA,NA,NA
"NAGEL","NAGEL","FREDERIK CHRISTIAAN (PIETER)","NAGELa1b6c4","1805","1805","1805",NA,"1827","GRAAFF-REINET","WINTERVELD",1842,NA,NA,"HUYBRECHT MARGARETHA SUSANNA","BRITS",NA,"GRAAFF-REINET",1141,"Voortrekkers 2.xlsx|Main|1141",1805,"GRAAFF-REINET","Graaff-Reinet",625,NA,NA,NA
"NAUDÉ","NAUDÉ","PETRUS JOHANNES","NAUDÉa1b1c4d3","1784","1784","1784","1841",NA,"WORCESTER","KLEIN-ROGGEVELD",1838,"(?)","NATAL","CHRISTINA","VAN WYK",NA,"TULBAGH",1143,"Voortrekkers 2.xlsx|Main|1143",1784,"WORCESTER","Worcester",626,NA,NA,NA
"NAUDÉ","NAUDÉ","GERRIT JACOBUS","NAUDÉa1b1c4d3e1","1809","1809","1809","1890","1830","WORCESTER","KLEIN-ROGGEVELD",1838,NA,NA,"CHRISTINA FRANCINA","VAN WYK",NA,"TULBAGH",1144,"Voortrekkers 2.xlsx|Main|1144",1809,"WORCESTER","Worcester",627,NA,NA,NA
"NAUDÉ","NAUDÉ","PHILIP JACOB","NAUDÉa2b1c2","1808","1808","1808","1880","1831","GRAAFF-REINET","CAMDEBO",1836,NA,"GERT MARITZ","ANNA ELIZABETH SOPHIA","VAN DEN BERG","ABERDEEN",NA,1148,"Voortrekkers 2.xlsx|Main|1148",1808,"GRAAFF-REINET","Graaff-Reinet",628,NA,NA,NA
"NAUDÉ","NAUDÉ","FRANCOIS PHILIPPUS","NAUDÉa1b1c1d10","1787","1787","1787",NA,NA,"(?) WORCESTER",NA,1842,NA,"NATAL","JOHANNA SOPHIA","BRIEMER",NA,NA,1150,"Voortrekkers 2.xlsx|Main|1150",1787,"(?) WORCESTER","Unknown",629,NA,NA,NA
"NAUDÉ","NAUDÉ","FRANCOIS PAULUS","NAUDÉa1b1c1d13","1800","1800","1800","1881","1821","GRAAFF-REINET",NA,1838,"A.W.J. PRETORIUS",NA,"ALETTA CATHARINA","BRUWER","WORCESTER","TULBAGH",1151,"Voortrekkers 2.xlsx|Main|1151",1800,"GRAAFF-REINET","Graaff-Reinet",630,"Pretorius","Pretorius","Pretorius"
"NEETHLING","NEETHLING","DANIËL JACOBUS","NEETHLINGa2b4c2",NA,NA,"1793","1862","1813",NA,NA,NA,NA,NA,"JOHANNA","LABUSCHAGNE",NA,NA,1153,"Voortrekkers 2.xlsx|Main|1153",1793,NA,"Unknown",631,NA,NA,NA
"NEETHLING","NEETHLING","WILLEM HENDRIK","NEETHLINGa1b1c7",NA,NA,"1794",NA,"1819","WORCESTER","KLEINBERG",1838,NA,NA,"ANNA SOPHIA","PIENAAR",NA,NA,1155,"Voortrekkers 2.xlsx|Main|1155",1794,"WORCESTER","Worcester",632,NA,NA,NA
"NEL","NEL","PIETER JOHANNES LODEWYK","NELa1b10c10d1",NA,NA,NA,NA,"1815","UITENHAGE","BAVIAANSKLOOF",1840,NA,"NATAL","ELISABETH","CALITZ","27/3/1796",NA,1157,"Voortrekkers 2.xlsx|Main|1157",NA,"UITENHAGE","Uitenhage",633,NA,NA,NA
"NEL","NEL","FREDERIK DANIËL","NELa1b10c10d4",NA,NA,"1803",NA,"1824","UITENHAGE",NA,1842,NA,NA,"ANNA SUSANNA","LOOTS",NA,NA,1158,"Voortrekkers 2.xlsx|Main|1158",1803,"UITENHAGE","Uitenhage",634,NA,NA,NA
"NEL","NEL","PUETER SCHALK JOHANNES","NELa1b10c2d7e2",NA,NA,"1808",NA,"1829","SOMERSET","OOS-RIETRIVIER",1837,"(?) K.P. LANDMAN","(?) NATAL","SUSANNA SOPHIA","OOSTHUIZEN",NA,NA,1160,"Voortrekkers 2.xlsx|Main|1160",1808,"SOMERSET","Somerset_multi",635,"Landman","Landman","Landman"
"NEL","NEL","PIETER WILLEM","NELa1b10c5d1e2f1",NA,NA,"1804",NA,"1825","SOMERSET","(?) BRAKRIVIER",1839,NA,"TRANSORRANJE","HESTER HEMDRINA","FOUCHÉ",NA,NA,1161,"Voortrekkers 2.xlsx|Main|1161",1804,"SOMERSET","Somerset_multi",636,NA,NA,NA
"NEL","NEL","LUCAS MARTHINUS","NELa1b10c5d3e7","1790","1790","1790","1867","1819","BEAUFORT","NUWEVELD",1838,NA,"TRANSORRANJE","CORNELIA CAROLINA ELISABETH","ERASMUS",NA,NA,1162,"Voortrekkers 2.xlsx|Main|1162",1790,"BEAUFORT","Beaufort",637,NA,NA,NA
"NEL","NEL","JOHANNES HENDRIK","NELa1b10c5d4","1760","1760","1760","1841","1785","UITENHAGE","BAVIAANSKLOOF",1840,NA,NA,"JOHANNA HELENA","VAN DER MERWE",NA,NA,1164,"Voortrekkers 2.xlsx|Main|1164",1760,"UITENHAGE","Uitenhage",638,NA,NA,NA
"NEL","NEL","PIETER WILLEM","NELa1b10c5d9e1",NA,NA,"1796",NA,NA,"UITENHAGE","ONDER-BOESMANRIVIER",1837,"(?) K.P. LANDMAN",NA,"ANNA HELENA MARTHA","NEL",NA,NA,1166,"Voortrekkers 2.xlsx|Main|1166",1796,"UITENHAGE","Uitenhage",639,"Landman","Landman","Landman"
"NEL","NEL","JOHANNES PETRUS SR.","NELa1b1c3d1e2","1773","1773","1773",NA,"1797","ALBANY","KOONAP",1837,"L.J. NEL",NA,"MARIA","DU PREEZ",NA,NA,1168,"Voortrekkers 2.xlsx|Main|1168",1773,"ALBANY","Albany",640,"Nel","Nel","Nel"
"NEL","NEL","JOHANNES PETRUS JR.","NELa1b1c3d1e2f1",NA,NA,"1798",NA,"1821","ALBANY","KOONAP",1837,"(?) L.J. NEL",NA,"SUSANNA","NEL",NA,"SWELLENDAM",1169,"Voortrekkers 2.xlsx|Main|1169",1798,"ALBANY","Albany",641,"Nel","Nel","Nel"
"NEL","NEL","WILLEM ANDRIES","NELa1b2c2d44e3",NA,NA,"1788",NA,"1808","SWELLENDAM","GROOTSWARTBERG",NA,NA,NA,"MARIA ELISABETH","JOUBERT",NA,NA,1172,"Voortrekkers 2.xlsx|Main|1172",1788,"SWELLENDAM","Swellendam",642,NA,NA,NA
"NEL","NEL","JOHANNES PAULUS","NELa1b2c2d5e1f2",NA,NA,"1808",NA,NA,"SWELLENDAM","GROOTSWARTBERG",1842,"WINBURG",NA,"WILHELMINA GERTRUYDA","VAN TONDER",NA,NA,1176,"Voortrekkers 2.xlsx|Main|1176",1808,"SWELLENDAM","Swellendam",643,"Other","Other","Minor Leader"
"NEL","NEL","WILLEM","NELa1b2c2d5e7",NA,NA,"1805","1877","1828","SOMERSET","OOS-RIETRIVIER",1845,NA,NA,"JOHANNA DOROTHEA","DE LANGE",NA,NA,1177,"Voortrekkers 2.xlsx|Main|1177",1805,"SOMERSET","Somerset_multi",644,NA,NA,NA
"NEL","NEL","PHILIP JACOBUS","NELa1b2c3d1e2f3",NA,NA,"1803",NA,NA,"ALBANY","KOONAP",1837,"L.J. NEL","NATAL","CHIRSTINA HELENA","GOUWS",NA,NA,1178,"Voortrekkers 2.xlsx|Main|1178",1803,"ALBANY","Albany",645,"Nel","Nel","Nel"
"NEL","NEL","LOUIS JACOBUS SR.","NELa1b2c3d1e4",NA,NA,"1778",NA,"1802","SOMERSET","OOS-RIETRIVIER",1837,"LEADER",NA,"JOHANNA MARGARETHA","BOTHA",NA,NA,1179,"Voortrekkers 2.xlsx|Main|1179",1778,"SOMERSET","Somerset_multi",646,"Other","Other","Minor Leader"
"NEL","NEL","JOHANNES PETRUS","NELa1b2c3d1e4f1",NA,NA,"1803","1838","1823","ALBANY","KOONAP",1837,"L.J. NEL",NA,"SUSANNA MARIA","NEL",NA,NA,1180,"Voortrekkers 2.xlsx|Main|1180",1803,"ALBANY","Albany",647,"Nel","Nel","Nel"
"NEL","NEL","PHILIP RUDOLPH","NELa1b2c3d1e4f2","1804","1804","1804","1883","1829","SOMERSET","OOS-RIETRIVIER",1837,"L.J. NEL",NA,"ANNA FREDERIKA","CLAAS(S)",NA,"SWELLENDAM",1181,"Voortrekkers 2.xlsx|Main|1181",1804,"SOMERSET","Somerset_multi",648,"Nel","Nel","Nel"
"NEL","NEL","CECILIA JOHANNA JACOBA","NELa1b2c3d1e4f3","1805","1805","1805","1864","1821","ALBANY","KOONAP",1842,NA,NA,"STEPHANUS NERNADUS","BUYS",NA,"SWELLENDAM",1182,"Voortrekkers 2.xlsx|Main|1182",1805,"ALBANY","Albany",649,NA,NA,NA
"NEL","NEL","HESTER (WEDUWEE P. DE LA REY)","NELa1b2c3d1e6",NA,NA,"1782",NA,"1799","GEORGE","KANGO",1845,"SON","WINBURG","PIETER","DE LA REY",NA,NA,1186,"Voortrekkers 2.xlsx|Main|1186",1782,"GEORGE","George",650,"Other","Other","Minor Leader"
"NEL","NEL","JACOBUS HERCULES","NELa1b2c3d1e7",NA,NA,"1784","1869",NA,"SOMERSET","(?) BRUINTJIESHOOGTE",1837,"(?) L.J. NEL",NA,"MARGARETHA JACOBA","DE BEER",NA,NA,1187,"Voortrekkers 2.xlsx|Main|1187",1784,"SOMERSET","Somerset_multi",651,"Nel","Nel","Nel"
"NEL","NEL","LOUIS","NELa1b2c3d4e1","1780","1780","1780",NA,"1801","SOMERSET","OOS-RIETRIVIER",1837,"(?) L.J. NEL",NA,"GESINA MARIA BEATRIX","OLIVIER",NA,NA,1188,"Voortrekkers 2.xlsx|Main|1188",1780,"SOMERSET","Somerset_multi",652,"Nel","Nel","Nel"
"NEL","NEL","GABRIËL","NELa1b2c3d4e1f2",NA,NA,"1809",NA,"1839","SOMERSET","OOS-RIETRIVIER",1837,"(?) L.J. NEL",NA,"MARIA MAGDELENA","BEKKER",NA,NA,1189,"Voortrekkers 2.xlsx|Main|1189",1809,"SOMERSET","Somerset_multi",653,"Nel","Nel","Nel"
"NEL","NEL","PIETER WILLEM ADRIAAN","NELa1b9c5d4e4",NA,NA,"1796",NA,NA,"GEORGE",NA,NA,NA,NA,"HESTER DOROTHEA","BEKKER",NA,NA,1193,"Voortrekkers 2.xlsx|Main|1193",1796,"GEORGE","George",654,NA,NA,NA
"NIEMAND","NIEMAND","IZAK JOHANNES","NIEMANDa2b6","1789","1789","1789",NA,"1811","COLESBERG",NA,1835,NA,NA,"CATHARINA G.","STRYDOM",NA,"SWARTLAND (MALMESBURY)",1194,"Voortrekkers 2.xlsx|Main|1194",1789,"COLESBERG","Colesberg_multi",655,NA,NA,NA
"NIEMANN","NIEMANN","PIETER JACOBUS JR.","NIEMANNa1b10c6d1","1809","1809","1809","1861","1833","GRAAFF-REINET/COLESBERG","NUWE HANTAM",1834,NA,NA,"MARGARETHA ELISABETH","GROBBELAAR/GROBLER",NA,"GRAAFF-REINET",1195,"Voortrekkers 2.xlsx|Main|1195",1809,"GRAAFF-REINET/COLESBERG","Graaff-Reinet",656,NA,NA,NA
"NOORDMAN","NOORDMAN","GODLIEB ANTONIE","NOORDMANa1b5","1806","1806","1806","1882","1833","(?) COLESBERG",NA,1837,NA,NA,"SUSANNA (SARA) HELENA","SCHOEMAN","SWELLENDAM","SWELLENDAM",1200,"Voortrekkers 2.xlsx|Main|1200",1806,"(?) COLESBERG","Colesberg_multi",657,NA,NA,NA
"NORTJÉ","NORTJÉ","DANIEL THEODORE WILLEM MAARTEN JOHANNES","NORTJÉa1b5c8d2e6","1808","1808","1808",NA,"1827","BEAUFORT","NUWEVELD",1837,"(?) JACOB DE KLERK",NA,"DINA JOHANNA ADRIANA","BROODRYK",NA,NA,1202,"Voortrekkers 2.xlsx|Main|1202",1808,"BEAUFORT","Beaufort",658,"De Klerk","De Klerk","De Klerk"
"NORTJÉ","NORTJÉ","PETRUS (PIETER) JOHANNES SR.","NORTJÉa3b3c5d7",NA,NA,"1790",NA,"1808","GEORGE",NA,1836,NA,"TRANSORANJE","ANNA CATHARINA","VOSLOO",NA,NA,1203,"Voortrekkers 2.xlsx|Main|1203",1790,"GEORGE","George",659,NA,NA,NA
"NORTJÉ","NORTJÉ","JACOB JOHANNES","NORTJÉa3b5c8d2e3",NA,NA,"1800",NA,"1824","BEAUFORT","NUWEVELD",1837,"(?) JACOB DE KLERK",NA,"ANNA  CATHARINA BARBARA","ROETS",NA,NA,1205,"Voortrekkers 2.xlsx|Main|1205",1800,"BEAUFORT","Beaufort",660,"De Klerk","De Klerk","De Klerk"
"ODENDAAL","ODENDAAL","JOHANNES CASPARUS","ODENDAALa1b3c1d8",NA,NA,"1785",NA,"1810","UITENHAGE","ONDER-BOESMANSRIVIER",1837,"K.P. LANDMAN",NA,"SUSANNA ENGELA","ODENDAAL",NA,"STELLENBOSCH",1206,"Voortrekkers 2.xlsx|Main|1206",1785,"UITENHAGE","Uitenhage",661,"Landman","Landman","Landman"
"ODENDAAL","ODENDAAL","JACOBUS PAULUS","ODENDAALa1b3c1d9",NA,NA,"1788","1858","1813","SOMERSET","BO-BOESMANSRIVIER",1848,NA,NA,"WILHELMINA MICHIELINA","HAMMAN",NA,"STELLENBOSCH",1208,"Voortrekkers 2.xlsx|Main|1208",1788,"SOMERSET","Somerset_multi",662,NA,NA,NA
"OLIVIER","OLIVIER","ADRIAAN JACOBUS JEREMIAS","OLIVIERa2b4c11d2e2",NA,NA,"1792","1867","1814","BEAUFORT","GAMKA",1837,NA,NA,"DINA ELISABETH JOHANNA CORNELIA","DU PISANI",NA,"TULBAGH",1212,"Voortrekkers 2.xlsx|Main|1212",1792,"BEAUFORT","Beaufort",663,NA,NA,NA
"OLIVIER","OLIVIER","OCKERT ANDRIES","OLIVIERa2b4c11d2e4",NA,NA,"1800",NA,"1821","BEAUFORT","GAMKA",1837,"JACOB DE KLERK(?)",NA,"MARIA MAGDELENA","VAN DEN BERG",NA,"SWELLENDAM",1213,"Voortrekkers 2.xlsx|Main|1213",1800,"BEAUFORT","Beaufort",664,"De Klerk","De Klerk","De Klerk"
"OLIVIER","OLIVIER","OCKERT JOHANNES STEPHANUS","OLIVIERa2b4c6d7e2",NA,NA,"1795",NA,"1816","SOMERSET","(?) TARKA",1837,NA,NA,"ANNA CATHARINA","BOTHA",NA,NA,1214,"Voortrekkers 2.xlsx|Main|1214",1795,"SOMERSET","Somerset_multi",665,NA,NA,NA
"OOSTHUIZEN","OOSTHUIZEN","PETRUS WILHELM SR.","OOSTHUIZENa1b1c10d1",NA,NA,"1782",NA,NA,"UITENHAGE",NA,1844,NA,"NATAL","JOHANNA WILHEMINA","SNYMAN",NA,NA,1216,"Voortrekkers 2.xlsx|Main|1216",1782,"UITENHAGE","Uitenhage",666,NA,NA,NA
"OOSTHUIZEN","OOSTHUIZEN","THEUNIS GERHARDUS","OOSTHUIZENa1b1c4d2e2","1805","1805","1805","1842","1825","UITENHAGE","ONDER-BOESMANSRIVIER",1837,"K.P. LANDMAN",NA,"JACOBA SUSANNA","SCHEEPERS",NA,"SWELLENDAM",1219,"Voortrekkers 2.xlsx|Main|1219",1805,"UITENHAGE","Uitenhage",667,"Landman","Landman","Landman"
"OOSTHUIZEN","OOSTHUIZEN","JOHANNES HENDRICUS","OOSTHUIZENa1b1c4d5e1","1807","1807","1807",NA,"1828","UITENHAGE","ONDER-BOESMANSRIVIER",1837,"(?) GERT RUDOLPH",NA,"TYSINA GERMINA CLASINA","KNOETZEN",NA,"SWELLENDAM",1220,"Voortrekkers 2.xlsx|Main|1220",1807,"UITENHAGE","Uitenhage",668,"Rudolph","Rudolph","Rudolph"
"OOSTHUIZEN","OOSTHUIZEN","MARTHINUS","OOSTHUIZENa1b1c4d7",NA,NA,"1791","1838","1812","UITENHAGE","ONDER-BOESMANSRIVIER",1837,"GERT RUDOLPH",NA,"DIRKJE ELISABETH","MARAIS",NA,NA,1224,"Voortrekkers 2.xlsx|Main|1224",1791,"UITENHAGE","Uitenhage",669,"Rudolph","Rudolph","Rudolph"
"OOSTHUIZEN","OOSTHUIZEN","MARIA ELISABETH","OOSTHUIZENa1b1c5d4",NA,NA,"1778","1846","1793","GRAAFF-REINET",NA,1836,"GERT MARITZ",NA,"SALOMON","MARITZ",NA,NA,1228,"Voortrekkers 2.xlsx|Main|1228",1778,"GRAAFF-REINET","Graaff-Reinet",670,"Maritz (GM)","Maritz","Maritz"
"OOSTHUIZEN","OOSTHUIZEN","GERHARDUS JACOBUS","OOSTHUIZENa1b1c5d5e2","1801","1801","1801","1892","1824","SOMERSET",NA,1841,NA,NA,"SUSARA ELISABETH","GEERE",NA,NA,1229,"Voortrekkers 2.xlsx|Main|1229",1801,"SOMERSET","Somerset_multi",671,NA,NA,NA
"OOSTHUIZEN","OOSTHUIZEN","BARBARA PERTRONELLA (WEDUWEE P.W. OOSTHUIZEN)","OOSTHUIZENa1b1c7d10",NA,NA,"1790",NA,"1807","UITENHAGE","ONDER-BOESMANSRIVIER",1837,"(?) GERHARDUS RUDOLPH",NA,"PETRUS WILHEMUS","OOSTHUIZEN",NA,NA,1230,"Voortrekkers 2.xlsx|Main|1230",1790,"UITENHAGE","Uitenhage",672,"Rudolph","Rudolph","Rudolph"
"OOSTHUIZEN","OOSTHUIZEN","JOHANNES JACOBUS SR.","OOSTHUIZENa1b7c2d3",NA,NA,"1785","1838",NA,"BEAUFORT","KOUP",1837,NA,NA,"JOHANNA MARIA","JANSEN",NA,NA,1231,"Voortrekkers 2.xlsx|Main|1231",1785,"BEAUFORT","Beaufort",673,NA,NA,NA
"OOSTHUIZEN","OOSTHUIZEN","DANIËL JACOBUS JOHANNES","OOSTHUIZENa1b7c3d13",NA,NA,"1808",NA,NA,NA,NA,1841,NA,"WITWATERSRAND","MARTHA MARIA ELIZABETH","ERASMUS",NA,NA,1233,"Voortrekkers 2.xlsx|Main|1233",1808,NA,"Unknown",674,NA,NA,NA
"OOSTHUIZEN","OOSTHUIZEN","OCKERT JACOBUS","OOSTHUIZENa1b7c3d2e1","1809","1809","1809","1876","1834","BEAUFORT","TRAKA",1842,NA,NA,"SOPHIA ALETTA PETRONELLA WILHELMINA SUSANNA","JANSE VAN VUUREN",NA,"SWELLENDAM",1234,"Voortrekkers 2.xlsx|Main|1234",1809,"BEAUFORT","Beaufort",675,NA,NA,NA
"OOSTHUIZEN","OOSTHUIZEN","CORNELIS ANDRIES","OOSTHUIZENa1b7c3d7",NA,NA,"1793",NA,"1813","BEAUFORT",NA,NA,"BEFORE 1840",NA,"JOHANNA MATCHTELD PETRONELLA","STRYDOM",NA,NA,1235,"Voortrekkers 2.xlsx|Main|1235",1793,"BEAUFORT","Beaufort",676,"Other","Other","Minor Leader"
"OPPERMAN","OPPERMAN","GODLIEB JOHANNES","OPPERMANa1b1c8d1",NA,NA,"1790",NA,NA,NA,"(?) BEAUFORT",NA,NA,NA,"ANNA SUSANNA","CILLIERS",NA,NA,1239,"Voortrekkers 2.xlsx|Main|1239",1790,NA,"Unknown",677,NA,NA,NA
"OPPERMAN","OPPERMAN","JOHANNES JACOBUS","OPPERMANa1b1c8d2",NA,NA,"1805","1838","1826","CRADOCK",NA,1837,NA,"NATAL","CHRISTINA","BROODRYK",NA,NA,1240,"Voortrekkers 2.xlsx|Main|1240",1805,"CRADOCK","Cradock",678,NA,NA,NA
"OPPERMAN","OPPERMAN","PHILIPPUS ALBERTUS","OPPERMANa1b1c9",NA,NA,"1777",NA,"1798","SOMERSET","BAVIAANSRIVIER",1837,"LEADER",NA,"JOHANNA PETRONELLA","ERASMUS",NA,NA,1243,"Voortrekkers 2.xlsx|Main|1243",1777,"SOMERSET","Somerset_multi",679,"Other","Other","Minor Leader"
"OPPERMAN","OPPERMAN","GODLIEB RUDOLPH","OPPERMANa1b1c9d1","1800","1800","1800","1882","1820","SOMERSET","BAVIAANSRIVIER",1838,NA,NA,"ANNA MARIA ELISABETH","GREYLING",NA,NA,1244,"Voortrekkers 2.xlsx|Main|1244",1800,"SOMERSET","Somerset_multi",680,NA,NA,NA
"OPPERMAN","OPPERMAN","DANIËL JACOBUS","OPPERMANa1b1c9d2","1804","1804","1804","1846","1826","SOMERSET","BAVIAANSRIVIER",1837,"PHILIPPUS ALBERTUS OPPERMAN",NA,"SUSANNA SOPHIA","LÖTTER",NA,"GRAAFF-REINET",1245,"Voortrekkers 2.xlsx|Main|1245",1804,"SOMERSET","Somerset_multi",681,"Opperman","Opperman","Opperman"
"OTTO","OTTO","JOHAN PHILIP","OTTOa4b1","1800","1800","1800",NA,NA,"BEAUFORT",NA,1838,NA,NA,NA,NA,NA,NA,1246,"Voortrekkers 2.xlsx|Main|1246",1800,"BEAUFORT","Beaufort",682,NA,NA,NA
"OTTO","OTTO","JOHAN FREDERIK","OTTOa4b4","1806","1806","1806","1876","1828","BEAUFORT",NA,NA,NA,NA,"ANNA","PRETORIOUS",NA,NA,1247,"Voortrekkers 2.xlsx|Main|1247",1806,"BEAUFORT","Beaufort",683,NA,NA,NA
"OTTO","OTTO","HENDRIK ROBIAS","OTTOa4b5",NA,NA,"1808",NA,"1838","BEAUFORT","NUWEVELD",1840,NA,NA,"FRANCINA ELISABETH","SMIT",NA,NA,1248,"Voortrekkers 2.xlsx|Main|1248",1808,"BEAUFORT","Beaufort",684,NA,NA,NA
"PELZER","PELZER","CAREL JOHANNES","PELZERa1b2c4d1e1",NA,NA,"1798","1866","1822","CRADOCK","BRAKRIVIER",1839,NA,"WINBURG","MAGDALENA ADRIANA","BEUKES",NA,"GRAAFF-REINET",1250,"Voortrekkers 2.xlsx|Main|1250",1798,"CRADOCK","Cradock",685,NA,NA,NA
"PELZER","PELZER","JOHANNES JACOBUS","PELZERa1b2c4d1e4","1806","1806","1806","1890",NA,"SOMERSET","RAASFONTEIN, TARKA",1838,NA,"NATAL","PETRONELLA DOROTHEA","BEUKES",NA,"GRAAFF-REINET",1251,"Voortrekkers 2.xlsx|Main|1251",1806,"SOMERSET","Somerset_multi",686,NA,NA,NA
"PELZER","PELZER","ABRAHAM JOHANNES","PELZERa1b2c6d5","1797","1797","1797",NA,"1817","SOMERSET","MOOIFONTEIN, BRAKRIVIER",1836,"A.H. POTGIETER","OHRIGSTAD","HENDRINA JACOBA MARIA","VAN ASWEGEN",NA,NA,1255,"Voortrekkers 2.xlsx|Main|1255",1797,"SOMERSET","Somerset_multi",687,"Potgieter","Potgieter","Potgieter"
"PIEK","PIEK","ANDRIES CHRISTOFFEL SR.","PIEKa1b10c3","1783","1783","1783","1858","1804","ALBANY","VISRIVIER",1837,"PROBABLY PIET RETIEF","OVS","CAROLINA FREDERICA","GEERE",NA,NA,1256,"Voortrekkers 2.xlsx|Main|1256",1783,"ALBANY","Albany",688,"Retief","Retief","Retief"
"PIEK","PIEK","ANDRIES CHRISTOFFEL JR.","PIEKa1b10c3d1",NA,NA,NA,"1876","1832","ALBANY","WINTERBERG",1837,"PROBABLY PIET RETIEF",NA,"CATHARINA ELISABETH","PRINSLOO",NA,NA,1257,"Voortrekkers 2.xlsx|Main|1257",NA,"ALBANY","Albany",689,"Retief","Retief","Retief"
"PIEK","PIEK","GEORGE DIEDERIK FREDERIK","PIEKa1b10c3d2",NA,NA,"1808","1886",NA,"ALBANY","WINTERBERG",1843,NA,"STANDERTON","MARIA CATHARINA ADRIANA","POTGIETER",NA,"UITENHAGE",1258,"Voortrekkers 2.xlsx|Main|1258",1808,"ALBANY","Albany",690,NA,NA,NA
"PIENAAR","PIENAAR","PETRUS ARNOLDUS","PIENAARa1b2c3d4e5",NA,NA,"1779","1839","1806","COLESBERG",NA,1839,NA,"NORTH OF ORANJE","ANNA ELISABETH","VISAGIE","OU HANTAM, ROGGEVELD, TULBAGH/ WORCESTER","TULBAGH",1259,"Voortrekkers 2.xlsx|Main|1259",1779,"COLESBERG","Colesberg_multi",691,NA,NA,NA
"PIENAAR","PIENAAR","JACOB ARNOLDUS","PIENAARa1b2c3d7e5","1801","1801","1801","1852","1822","COLESBERG","NUWE HANTAM",1840,NA,"FAURESMITH","ALETTA PETRONELLA","VAN HEERDEN","OU HANTAM, ROGGEVELD, TULBAGH/ WORCESTER","SWARTLAND",1262,"Voortrekkers 2.xlsx|Main|1262",1801,"COLESBERG","Colesberg_multi",692,NA,NA,NA
"PIENAAR","PIENAAR","SCHALK JACOBUS","PIENAARa1b2c5d6e1f5","1809","1809","1809","1863","1832","GRAAFF-REINET",NA,1837,NA,"SMITHFIELD","ANNA JACOBA CATHARINA","VAN ASWEGEN",NA,"GRAAFF-REINET",1264,"Voortrekkers 2.xlsx|Main|1264",1809,"GRAAFF-REINET","Graaff-Reinet",693,NA,NA,NA
"PIETERS","PIETERS","HERMANUS BERN(H)ARDUS SR.","PIETERSa1b2c2d2","1776","1776","1776","1851","1799","SWELLENDAM","KLIPFONTEIN, ONDER-RIVIERSONDEREND",1837,"AS A FAMILY WITH P.L. UYS","NATAL","SUSANNA MARIA","GROENEWALD",NA,NA,1265,"Voortrekkers 2.xlsx|Main|1265",1776,"SWELLENDAM","Swellendam",694,"Uys","Uys","Uys"
"PIETERS","PIETERS","BERNHARDUS HERMANUS","PIETERSa1b2c2d2e2","1802","1802","1802","1874",NA,"SWELLENDAM","KLIPFONTEIN, ONDER-RIVIERSONDEREND",1837,"FAMILY TREK(?)",NA,NA,NA,NA,NA,1268,"Voortrekkers 2.xlsx|Main|1268",1802,"SWELLENDAM","Swellendam",695,"Family/Independent","Family/Independent","Family/Independent"
"PIETERS","PIETERS","COENRAAD LUCAS","PIETERSa1b2c2d2e3",NA,NA,"1804","1890","1828","SWELLENDAM","TARENTAAL, POTBERG",1837,"POSSIBLY A FAMILY TREK",NA,"CATHARINA MARGARETHA","UYS",NA,NA,1269,"Voortrekkers 2.xlsx|Main|1269",1804,"SWELLENDAM","Swellendam",696,"Family/Independent","Family/Independent","Family/Independent"
"PIETERS","PIETERS","HERMANUS BERN(H)ARDUS","PIETERSa1b2c2d2e5",NA,NA,"1809","1896","1838","SWELLENDAM","KLIPFONTEIN, ONDER-RIVIERSONDEREND",1837,"AS A FAMILY","NATAL","ELIZABETH MARGARETHA","VAN DEN BERG",NA,NA,1270,"Voortrekkers 2.xlsx|Main|1270",1809,"SWELLENDAM","Swellendam",697,"Family/Independent","Family/Independent","Family/Independent"
"PIETERSE","PIETERSE","DAVID JOHANNES","PIETERSEa4b4c1","1793","1793","1793","1863","1819","UITENHAGE","WINTERHOEK",1840,"POTCHEFSTROOM",NA,"ANNA CHRISTINA","PIETERSE",NA,NA,1274,"Voortrekkers 2.xlsx|Main|1274",1793,"UITENHAGE","Uitenhage",698,"Other","Other","Minor Leader"
"PIETERSE","PIETERSE","NICOLAAS THEODORUS","PIETERSEa4b4c4",NA,NA,"1799",NA,NA,"UITENHAGE","RIETRIVIER",1836,"POSSIBLY A.H. POTGIETER","POTCHEFSTROOM THEN NATAL (?)","SUSANNA JULIANA","WILKEN",NA,NA,1276,"Voortrekkers 2.xlsx|Main|1276",1799,"UITENHAGE","Uitenhage",699,"Potgieter","Potgieter","Potgieter"
"PIETERSE","PIETERSE","FREDERIK","PIETERSEa4b4c6",NA,NA,"1804",NA,"1825","UITENHAGE","RIETRIVIER",1836,"A.H. POTGIETER (?)","NATAL","MARTHA CATHARINA","VAN STADEN",NA,NA,1277,"Voortrekkers 2.xlsx|Main|1277",1804,"UITENHAGE","Uitenhage",700,"Potgieter","Potgieter","Potgieter"
"PIETERSE","PIETERSE","HENDRIK JESAIAS/ JOSEPHUS","PIETERSEa4b4c8",NA,NA,"1806",NA,"1829","UITENHAGE","RIETRIVIER",1839,NA,"POTCHEFSTROOM/ RUSTENBURG","JOHANNA SUSANNA","WILKENS",NA,NA,1278,"Voortrekkers 2.xlsx|Main|1278",1806,"UITENHAGE","Uitenhage",701,NA,NA,NA
"PIETERSE","PIETERSE","FERDINANDUS ALBERTUS","PIETERSEa4b5",NA,NA,"1773",NA,"1798","UITENHAGE THEN CRADOCK",NA,1839,NA,"NATAL","JOHANNA JOSINA","MEYER",NA,NA,1279,"Voortrekkers 2.xlsx|Main|1279",1773,"UITENHAGE THEN CRADOCK","Uitenhage",702,NA,NA,NA
"PIETERSE","PIETERSE","FERDINANDUS PETRUS","PIETERSEa4b5c3",NA,NA,"1804",NA,NA,"UITENHAGE (?)",NA,NA,NA,"TRANSORANJE THEN NATAL (?)","SOPHIA CATHARINA ALETTA","BEUKES",NA,NA,1280,"Voortrekkers 2.xlsx|Main|1280",1804,"UITENHAGE (?)","Uitenhage",703,NA,NA,NA
"PIETERSE","PIETERSE","ROELOF JOHANNES","PIETERSEa12b2",NA,NA,"1778",NA,NA,NA,NA,1846,NA,NA,NA,NA,NA,NA,1281,"Voortrekkers 2.xlsx|Main|1281",1778,NA,"Unknown",704,NA,NA,NA
"PIETERSEN","PIETERSEN","HERMANUS JOHANNES","PIETERSENa1b1c2d2",NA,NA,"1798","1882","1832","UITENHAGE IN 1838 AND COEGA IN 1826","ONDER-BOESMANSRIVIER",1838,"GERRIT REYNIER VAN ROOYEN (?)","NATAL","MARTHA MAGDALENA","VAN ROOYEN",NA,NA,1282,"Voortrekkers 2.xlsx|Main|1282",1798,"UITENHAGE IN 1838 AND COEGA IN 1826","Uitenhage",705,"Van Rooyen","Van Rooyen","Van Rooyen"
"POTGIETER","POTGIETER","JOHANNES PETRUS THEODORUS (HANS)","POTGIETERa1b1c6d4e3",NA,NA,"1788",NA,"1813","ALBANY  THEN COEGA, UITENHAGE","VISRIVIER",1842,"J.C. ESPAG (ESBACH)",NA,"MARTHA MARIA","MARITZ",NA,"SWELLENDAM",1283,"Voortrekkers 2.xlsx|Main|1283",1788,"ALBANY  THEN COEGA, UITENHAGE","Albany",706,"Espag","Espag","Espag"
"POTGIETER","POTGIETER","IZAK (IZAAC) HERMANUS","POTGIETERa1b1c6d4e7","1795","1795","1795","1856",NA,"UITENHAGE",NA,1840,NA,"NATAL THEN POTCHEFSTROOM","CATHARINA JOHANNA SUSANNA","NELL",NA,"SWELLENDAM",1285,"Voortrekkers 2.xlsx|Main|1285",1795,"UITENHAGE","Uitenhage",707,NA,NA,NA
"POTGIETER","POTGIETER","JOHANNES HERMANUS","POTGIETERa1b1c7d2e4",NA,NA,"1779",NA,"1803","UITENHAGE (?)",NA,NA,"MARICO (?)",NA,"EMERENTIA HESTER","SNYMAN",NA,"SWELLENDAM",1287,"Voortrekkers 2.xlsx|Main|1287",1779,"UITENHAGE (?)","Uitenhage",708,"Other","Other","Minor Leader"
"POTGIETER","POTGIETER","JOHANNES HERMANUS JACOBUS","POTGIETERa1b1c7d2e4f2","1806","1806","1806","1878",NA,"UITENHAGE (?)",NA,1840,NA,NA,"M.C.","BEZUIDENHOUT","ALBANY",NA,1289,"Voortrekkers 2.xlsx|Main|1289",1806,"UITENHAGE (?)","Uitenhage",709,NA,NA,NA
"POTGIETER","POTGIETER","MATTYS GERHARDUS SR.","POTGIETERa1b1c7d7e3",NA,NA,"1794","1868","1814","UITENHAGE","ONDER-BOESMANSRIVIER",1838,"GERRIT REYNIER VAN ROOYEN","NATAL","ELSJE MAGDALENA ADRIANA","BREYTENBACH",NA,"SWELLENDAM",1292,"Voortrekkers 2.xlsx|Main|1292",1794,"UITENHAGE","Uitenhage",710,"Van Rooyen","Van Rooyen","Van Rooyen"
"POTGIETER","POTGIETER","EVERT FREDERIK SR.","POTGIETERa1b1c7d7e5","1799","1799","1799","1863","1820","UITENHAGE","DE BEGA, ONDER- BOESMANSRIVIER",1836,"PROBABLY J.S. MARITZ","NATAL","ELSJE JOHANNA MARTHINA","SCHEEPERS",NA,NA,1296,"Voortrekkers 2.xlsx|Main|1296",1799,"UITENHAGE","Uitenhage",711,"Maritz (JS)","Maritz","Maritz"
"POTGIETER","POTGIETER","THEODORUS","POTGIETERa1b1c8d1e2f3","1805","1805","1805","1892","1833","UITENHAGE","PROBABLY ONDER-BOESMANSRIVIER",1837,"P.L. UYS (?)","UTRECHT","MAGDALENA SOPHIA JACOMINA","MEYER","UITENHAGE","SWELLENDAM",1298,"Voortrekkers 2.xlsx|Main|1298",1805,"UITENHAGE","Uitenhage",712,"Uys","Uys","Uys"
"POTGIETER","POTGIETER","JOHANNES GERHARDUS","POTGIETERa1b1c8d1e2f5","1809","1809","1809",NA,NA,"UITENHAGE","CONGASKRAAL, ONDER-BOESMANSRIVIER",1836,"JOHANNES STEPHANUS MARITZ","NATAL","ANNA ALBERTINA","DE JAGER",NA,"GRAAFF-REINET",1299,"Voortrekkers 2.xlsx|Main|1299",1809,"UITENHAGE","Uitenhage",713,"Maritz (JS)","Maritz","Maritz"
"POTGIETER","POTGIETER","IZAK CORNELIUS SR.","POTGIETERa1b1c8d1e4",NA,NA,"1783",NA,"1807","UITENHAGE","ALTO, ONDER-BOESMANSRIVIER",1837,"POSSIBLY JOHANNES STEPHANUS MARITZ (?)",NA,"JOHANNA JACOBA","VAN ROOYEN",NA,NA,1301,"Voortrekkers 2.xlsx|Main|1301",1783,"UITENHAGE","Uitenhage",714,"Maritz (JS)","Maritz","Maritz"
"POTGIETER","POTGIETER","JOHANNES (THEODORUS)","POTGIETERa1b1c8d1e5","1785","1785","1785",NA,"1807","UITENHAGE","COEGA",1840,"POSSIBLY JOHANNES THEODORUS","POSSIBLY UTRECHT","JOHANNA ELISABETH","STROEBEL",NA,NA,1305,"Voortrekkers 2.xlsx|Main|1305",1785,"UITENHAGE","Uitenhage",715,"Other","Other","Minor Leader"
"POTGIETER","POTGIETER","PETRUS HENDRIK THEUNIS","POTGIETERa1b1c8d3e2","1783","1783","1783","1860",NA,"UITENHAGE","RIETRIVIER",1836,"PROBABLY J.S. MARITZ","NATAL THEN VAAL","ADRIANA ANGENETHA","MULLER",NA,NA,1309,"Voortrekkers 2.xlsx|Main|1309",1783,"UITENHAGE","Uitenhage",716,"Maritz (JS)","Maritz","Maritz"
"POTGIETER","POTGIETER","WILLEM FREDERIK","POTGIETERa1b7c8d5e9","1802","1802","1802","1886","1822","SOMERSET/ CRADOCK",NA,1835,NA,"BLOEMHOF","GEERTRUYDA MARGARETHA","ERASMUS",NA,"GRAAFF-REINET",1310,"Voortrekkers 2.xlsx|Main|1310",1802,"SOMERSET/ CRADOCK","Somerset_multi",717,NA,NA,NA
"POTGIETER","POTGIETER","PIETER JACOBUS","POTGIETERa1b7c8d6e3",NA,NA,"1797","1839","1816","SOMERSET","PALINGKLOOF, TARKA",1837,"PROBABLY WITH JACOBUS CHRISTOFFEL POTGIETER",NA,"ALETTA MAGDALENA","JORDAAN",NA,NA,1311,"Voortrekkers 2.xlsx|Main|1311",1797,"SOMERSET","Somerset_multi",718,"Potgieter","Potgieter","Potgieter"
"POTGIETER","POTGIETER","JACOBUS CHRISTOFFEL (KOOS GROOTVOET)","POTGIETERa1b7c8d6e4",NA,NA,"1801",NA,"1817","SOMERSET","BEESTEKRAL, TARKA",1837,"HE WAS A LEADER","NATAL","GEERTRUIDA MARIA","STEENKAMP",NA,NA,1313,"Voortrekkers 2.xlsx|Main|1313",1801,"SOMERSET","Somerset_multi",719,"Other","Other","Minor Leader"
"POTGIETER","POTGIETER","HANS JURGEN","POTGIETERa1b7c8d6e6","1806","1806","1806",NA,"1825","SOMERSET","TARKA",1841,NA,"NATAL","ANNA MARIA PETRONELLA","STEENKAMP",NA,"GRAAFF-REINET",1315,"Voortrekkers 2.xlsx|Main|1315",1806,"SOMERSET","Somerset_multi",720,NA,NA,NA
"POTGIETER","POTGIETER","PHILIPPUS JOHANNES","POTGIETERa1b7c8d6e7","1808","1808","1808","1871","1831","SOMERSET","TARKA",1837,"JAN DU PLESSIS","NATAL","ELISABETH GEERTRUIDA PETRONELLA","DU PLESSIS",NA,"GRAAFF-REINET",1317,"Voortrekkers 2.xlsx|Main|1317",1808,"SOMERSET","Somerset_multi",721,"Du Plessis","Du Plessis","Du Plessis"
"POTGIETER","POTGIETER","HERMANUS SR.","POTGIETERa1b7c8d7","1765","1765","1765","1871","1790","SOMERSET","TARKA",1835,"ANDRIES HENDRIK POTGIETER",NA,"PETRONELLA MARGARETHA","KRUGEL",NA,"GROOTVADERSBOS, SWELLENDAM",1318,"Voortrekkers 2.xlsx|Main|1318",1765,"SOMERSET","Somerset_multi",722,"Potgieter","Potgieter","Potgieter"
"POTGIETER","POTGIETER","ANDRIES HENDRIK","POTGIETERa1b7c8d7e2","1792","1792","1792",NA,"1812","SOMERSET","COMMANDODRIFT, TARKA",1835,"LEASDER OF HIS OWN TREK COMMUNITY","OHRIGSTAD","ELISABETH HELENA","BOTHA",NA,"GRAAFF-REINET",1319,"Voortrekkers 2.xlsx|Main|1319",1792,"SOMERSET","Somerset_multi",723,"Other","Other","Minor Leader"
"POTGIETER","POTGIETER","HERMANUS PHILIPPUS SR.","POTGIETERa1b7c8d7e5","1797","1797","1797","1854","1817","SOMERSET","COMMANDODRIFT, TARKA",1835,"A.H. POTGIETER","OHRIGSTAD","CORNELIA (NEELTJE) ELISABETH","BOTHA",NA,NA,1322,"Voortrekkers 2.xlsx|Main|1322",1797,"SOMERSET","Somerset_multi",724,"Potgieter","Potgieter","Potgieter"
"POTGIETER","POTGIETER","JACOBUS JOHANNES","POTGIETERa1b7c8d7e7 and b7c8d8e7 in SAG","1800","1800","1800","1873",NA,"SOMERSET","TARKA",1835,"PROBABLY A.H. POTGIETER","SOUTPANSBERG","HESTER CATHARINA","BOTHA",NA,"GRAAFF-REINET",1325,"Voortrekkers 2.xlsx|Main|1325",1800,"SOMERSET","Somerset_multi",725,"Potgieter","Potgieter","Potgieter"
"POTGIETER","POTGIETER","WILLEM JACOBUS","POTGIETERa1b7c8d7e8","1802","1802","1802",NA,"1822","SOMERSET","WILDSCHUTSHOEK, TARKA",1835,"A.H. POTGIETER","POTCHEFSTROOM OR FURTHER NORTH TOWARDS MAGALIESBERG","MARIA PETRONELLA","BOTHA",NA,NA,1326,"Voortrekkers 2.xlsx|Main|1326",1802,"SOMERSET","Somerset_multi",726,"Potgieter","Potgieter","Potgieter"
"POTGIETER","POTGIETER","NICOLAAS JOHANNES","POTGIETERa1b7c8d7e9","1804","1804","1804","1836","1826","SOMERSET","TARKA",1835,"A.H. POGIETER",NA,"JACOBA MARIA","LUBBE","NUWEJAARSDRIF","CAPE TOWN",1327,"Voortrekkers 2.xlsx|Main|1327",1804,"SOMERSET","Somerset_multi",727,"Potgieter","Potgieter","Potgieter"
"POTGIETER","POTGIETER","MARTHINUS JACOBUS","POTGIETERa1b7c9d3e6","1793","1793","1793","1875","1813","ALBANY","VISRIVIER",1837,"PROBABLY JAN DU PLESSIS",NA,"ANNA ELISABETH","POTGIETER",NA,"SWELLENDAM",1328,"Voortrekkers 2.xlsx|Main|1328",1793,"ALBANY","Albany",728,"Du Plessis","Du Plessis","Du Plessis"
"POTGIETER","POTGIETER","MARTHINUS JOHANNES","POTGIETERa1b7c9d4e1",NA,NA,"1797",NA,"1823","SOMERSET","BRAKRIVIER",1837,NA,"NATAL THEN POTCHEFSTROOM","MARIA MAGDALENA","DU PREEZ",NA,NA,1332,"Voortrekkers 2.xlsx|Main|1332",1797,"SOMERSET","Somerset_multi",729,NA,NA,NA
"POTGIETER","POTGIETER","HANS JURGEN","POTGIETERa1b7c9d8e5","1803","1803","1803","1874","1826","UITENHAGE","GAMTOOSRIVIER",1837,"PROBABLY P.L. UYS","NATAL","CATHARINA ELISABETH","UYS",NA,"SWELLENDAM",1333,"Voortrekkers 2.xlsx|Main|1333",1803,"UITENHAGE","Uitenhage",730,"Uys","Uys","Uys"
"PRELLER","PRELLER","CAREL FRIEDRICH","PRELLERa1b6","1809","1809","1809","1870","1830",NA,NA,1842,NA,"NATAL THEN KROONSTAD","JACOBA PETRONELLA","HEYNEMANN",NA,NA,1334,"Voortrekkers 2.xlsx|Main|1334",1809,NA,"Unknown",731,NA,NA,NA
"PRETORIUS","PRETORIUS","JAN FREDERIK JACOBUS","PRETORIUSa1b3c1d1e5f3","1804","1804","1804","1878","1830",NA,"VOOR-SNEEUBERG IN GRAAFF-REINET THEN COLESBERG",1842,NA,"BLO(E)MFONTEIN","JOHANNA ELISABETH","JACOBS",NA,"GRAAFF-REINET",1335,"Voortrekkers 2.xlsx|Main|1335",1804,NA,"Unknown",732,NA,NA,NA
"PRETORIUS","PRETORIUS","ZACHARIAS ARNOLDUS STEPHANUS","PRETORIUSa1b3c1d1e6f6","1808","1808","1808","1870","1832","SOMERSET","BAVIAANSRIVIER",1840,NA,"NATAL THEN KAREEFONTEIN, NYLSTROOM","JOHANNA ELISABETH","KLOPPER",NA,"GRAAFF-REINET",1336,"Voortrekkers 2.xlsx|Main|1336",1808,"SOMERSET","Somerset_multi",733,NA,NA,NA
"PRETORIUS","PRETORIUS","DEWALD JOHANNES","PRETORIUSa1b3c1d2e4f4","1809","1809","1809","1870","1830","GRAAFF-REINET","VOOR-SNEEUSBERG",1838,"A.W.J. PRETORIUS","PMB THEN WAKKERSTROOM","ELISABETH JACOBA","PRETORIUS",NA,NA,1337,"Voortrekkers 2.xlsx|Main|1337",1809,"GRAAFF-REINET","Graaff-Reinet",734,"Pretorius","Pretorius","Pretorius"
"PRETORIUS","PRETORIUS","WYNAND JOHANNES","PRETORIUSa1b3c1d2e5f2","1806","1806","1806","1880","1827","GRAAFF-REINET",NA,1844,"POTCHEFSTROOM THEN WAKKERSTROOM",NA,"SUSANNA FRANCINA JOHANNA","AUCAMP",NA,"GRAAFF-REINET",1338,"Voortrekkers 2.xlsx|Main|1338",1806,"GRAAFF-REINET","Graaff-Reinet",735,"Other","Other","Minor Leader"
"PRETORIUS","PRETORIUS","MATTHYS CORNELIS","PRETORIUSa1b3c1d2e6","1788","1788","1788","1866","1809","SOMERSET","AGTER-SNEEUBERG",1838,"A.W.J. PRETORIUS (?)",NA,"WILHELMINA CHRISTINA","KRUGER",NA,NA,1340,"Voortrekkers 2.xlsx|Main|1340",1788,"SOMERSET","Somerset_multi",736,"Pretorius","Pretorius","Pretorius"
"PRETORIUS","PRETORIUS","WILLEM STERRENBERG","PRETORIUSa1b3c1d3e1f14","1807","1807","1807","1807","1829","BEAUFORT",NA,1842,NA,"RUSTENBURG","HUIBRECHT SUSANNA CORNELIA","PRETORIUS",NA,"GRAAFF-REINET",1342,"Voortrekkers 2.xlsx|Main|1342",1807,"BEAUFORT","Beaufort",737,NA,NA,NA
"PRETORIUS","PRETORIUS","GERHARDUS PETRUS","PRETORIUSa1b3c1d3e1f5",NA,NA,"1796",NA,"1824","GRAAFF-REINET","VOOR-SNEEUBERG",1840,NA,"NATAL THEN TRANSORANJE","ELSJE JOSINA","BESTER",NA,NA,1344,"Voortrekkers 2.xlsx|Main|1344",1796,"GRAAFF-REINET","Graaff-Reinet",738,NA,NA,NA
"PRETORIUS","PRETORIUS","JAN CHRISTOFFEL","PRETORIUSa1b3c1d3e1f6","1798","1798","1798",NA,NA,NA,NA,1841,NA,"POTCHEFSTROOM","HENDRINA JOHANNA","MARAIS",NA,NA,1345,"Voortrekkers 2.xlsx|Main|1345",1798,NA,"Unknown",739,NA,NA,NA
"PRETORIUS","PRETORIUS","C(H)AREL (SAREL) JOHANNES","PRETORIUSa1b3c1d3e1f7","1800","1800","1800","1878","1823","BEAUFORT THEN COLESBERG","PROBABLY RIETPOORT, NUWEVELD",1840,NA,"PRETORIUSDAM, FAURESMITH","MARIA MAGDALENA CHRISTINA","PRETORIUS",NA,"GRAAFF-REINET",1346,"Voortrekkers 2.xlsx|Main|1346",1800,"BEAUFORT THEN COLESBERG","Beaufort",740,NA,NA,NA
"PRETORIUS","PRETORIUS","HENDRIK JACOBUS MATTHYS WYNAND","PRETORIUSa1b3c1d3e1f9",NA,NA,NA,"1892","1831","GRAAFF-REINET","PROBABLY DASSIEFONTEIN, VOOR-SNEEUBERG",1841,NA,"POTCHEFSTROOM AND SLANGFONTEIN, HEIDELBERG","NEELTJE SOPHIA","OSSTHUIZEN",NA,NA,1347,"Voortrekkers 2.xlsx|Main|1347",NA,"GRAAFF-REINET","Graaff-Reinet",741,NA,NA,NA
"PRETORIUS","PRETORIUS","GERHARDUS PETRUS","PRETORIUSa1b3c1d3e8f3","1806","1806","1806","1869","1825","BEAUFORT",NA,1841,NA,"TRANSORANJE THEN POTCHEFSTROOM","CATHARINA ELISABETH JACOBA","DE BEER",NA,NA,1349,"Voortrekkers 2.xlsx|Main|1349",1806,"BEAUFORT","Beaufort",742,NA,NA,NA
"PRETORIUS","PRETORIUS","MATTHYS WYNAND SR.","PRETORIUSa1b3c1d3e9",NA,NA,"1786",NA,"1807","GRAAFF-REINET",NA,1834,"POSSIBLY ANDRIES W.J. PRETORIUS","POTCHEFSTROOM","MAGDALENA GERBRECHT","PRETORIUS",NA,"TULBAGH",1351,"Voortrekkers 2.xlsx|Main|1351",1786,"GRAAFF-REINET","Graaff-Reinet",743,"Pretorius","Pretorius","Pretorius"
"PRETORIUS","PRETORIUS","GERHARDUS PETRUS JACOBUS","PRETORIUSa1b3c1d3e9f1","1809","1809","1809",NA,"1827","GRAAFF-REINET UNTIL CA 1833",NA,1834,NA,"MIDDELBURG","MAGDALENA ANNA","BLOM",NA,"GRAAFF-REINET",1352,"Voortrekkers 2.xlsx|Main|1352",1809,"GRAAFF-REINET UNTIL CA 1833","Graaff-Reinet",744,NA,NA,NA
"PRETORIUS","PRETORIUS","MARTHINUS WESSEL","PRETORIUSa1b3c1d5e1",NA,NA,"1775",NA,"1792","UITENHAGE","CAMPHERSPOORT, SWARTRUGGENS",1835,"WITH THE OLDEST BROTHER AND HIS FAMILY","MODDERRIVIER","MARIA CHRISTINA","PRETORIUS",NA,NA,1358,"Voortrekkers 2.xlsx|Main|1358",1775,"UITENHAGE","Uitenhage",745,"Family/Independent","Family/Independent","Family/Independent"
"PRETORIUS","PRETORIUS","ANDRIES WILHELMUS JACOBUS SR.","PRETORIUSa1b3c1d5e12","1798","1798","1798","1853","1818","GRAAFF-REINET","LETSKRAAL, VOOR-SNEEUBERG",1838,"HE WAS A LEADER",NA,"CHRISTINA PETRONELLA","DE WIT",NA,"GRAAFF-REINET",1359,"Voortrekkers 2.xlsx|Main|1359",1798,"GRAAFF-REINET","Graaff-Reinet",746,"Other","Other","Minor Leader"
"PRETORIUS","PRETORIUS","HENNING PETRUS NICOLAAS (PIET)","PRETORIUSa1b3c1d5e13","1800","1800","1800","1865","1821","GRAAFF-REINET","VOOR-SNEEUBERG",1838,"POSSIBLY HIS FAMILY","NATAL THEN PRETORIA","JOHANNA CHRISTINA","VORSTER",NA,"GRAAFF-REINET",1363,"Voortrekkers 2.xlsx|Main|1363",1800,"GRAAFF-REINET","Graaff-Reinet",747,"Family/Independent","Family/Independent","Family/Independent"
"PRETORIUS","PRETORIUS","JOHANNES LODEWYK WYNAND","PRETORIUSa1b3c1d5e14",NA,NA,"1802","1874",NA,"GRAAFF-REINET","POSSIBLY VOOR-SNEEUBERG",1838,"A.W.J. PRETORIUS","NATAL THEN BROEDERSTROOM",NA,NA,NA,"GRAAFF-REINET",1365,"Voortrekkers 2.xlsx|Main|1365",1802,"GRAAFF-REINET","Graaff-Reinet",748,"Pretorius","Pretorius","Pretorius"
"PRETORIUS","PRETORIUS","HERCULES ALBERTUS (BART)","PRETORIUSa1b3c1d5e15","1803","1803","1803","1889","1822","GRAAFF-REINET","VOOR-SNEEUBERG",1838,"A.W.J. PRETORIUS","NATAL","ANNA ELISABETH","SCHOOMBEE",NA,"GRAAFF-REINET",1366,"Voortrekkers 2.xlsx|Main|1366",1803,"GRAAFF-REINET","Graaff-Reinet",749,"Pretorius","Pretorius","Pretorius"
"PRETORIUS","PRETORIUS","GERHARDUS PETRUS","PRETORIUSa1b3c1d5e1f1","1792","1792","1792",NA,"1815","SOMERSET","TARKA",1835,"HIS FATHER M.W. PRETORIUS","TRANSORANJE THEN WATERBERG","ANNA MAGRIETHA","BESTER",NA,"GRAAFF-REINET",1368,"Voortrekkers 2.xlsx|Main|1368",1792,"SOMERSET","Somerset_multi",750,"Pretorius","Pretorius","Pretorius"
"PRETORIUS","PRETORIUS","JOHANNES PETRUS (JAN SR.)","PRETORIUSa1b3c1d9e2",NA,NA,"1782","1861","1804","SOMERSET","STRYDPOORT, BRAKRIVIER",1837,NA,NA,"CATHARINA SUSANNA","KOTZE",NA,"TULBAGH",1375,"Voortrekkers 2.xlsx|Main|1375",1782,"SOMERSET","Somerset_multi",751,NA,NA,NA
"PRETORIUS","PRETORIUS","JOHANNES PETRUS (JAN JR.)","PRETORIUSa1b3c1d9e2f4","1809","1809","1809","1838",NA,"SOMERSET","BRAKRIVIER",1835,"LOUIS TREGARDT",NA,"MARIA JOHANNA","STRAUSS",NA,"GRAAFF-REINET",1376,"Voortrekkers 2.xlsx|Main|1376",1809,"SOMERSET","Somerset_multi",752,"Tregardt","Tregardt","Minor Leader"
"PRETORIUS","PRETORIUS","JOHANNES JACOBUS","PRETORIUSa1b3c7d1e1f3","1805","1805","1805","1890","1825","GRAAFF-REINET THEN COLESBERG","WINTERVELD",1841,NA,"NATAL THEN MARCO","ELISABETH JOHANNA (OR MARIA ?)","VAN VREEDE(N)",NA,"CAPE TOWN",1378,"Voortrekkers 2.xlsx|Main|1378",1805,"GRAAFF-REINET THEN COLESBERG","Graaff-Reinet",753,NA,NA,NA
"PRETORIUS","PRETORIUS","JOHANNES JACOBUS","PRETORIUSa1b3c7d1e2f1","1798","1798","1798","1860","1818","GRAAFF-REINET","OP-SNEEUBERG",1840,"PROBABLY ONLY THEIR FAMILY","KLIPFONTEIN, BLOEMFONTEIN","HENDRINA SOPHIA","VAN DEN BERG",NA,"GRAAFF-REINET",1379,"Voortrekkers 2.xlsx|Main|1379",1798,"GRAAFF-REINET","Graaff-Reinet",754,"Family/Independent","Family/Independent","Family/Independent"
"PRETORIUS","PRETORIUS","WILLEM LODEWYK","PRETORIUSa1b3c7d1e2f4","1804","1804","1804","1879","1825","GRAAFF-REINET","AGTER-SNEEUBERG, SWARTRUGGENS & CAMDEBOO",1838,NA,"BLOEMFONTEIN","FRANCINA JACOBA","DU PREEZ",NA,"GRAAFF-REINET",1386,"Voortrekkers 2.xlsx|Main|1386",1804,"GRAAFF-REINET","Graaff-Reinet",755,NA,NA,NA
"PRETORIUS","PRETORIUS","SYBRAND GERHARDUS","PRETORIUSa1b3c7d1e2f6","1806","1806","1806","1883","1828","GRAAFF-REINET THEN POSSIBLY COLESBERG","SWARTRUGGENS",1838,NA,"KROONSTAD","ANNA CATHARINA PHILIPPINA","SMIT",NA,"GRAAFF-REINET",1387,"Voortrekkers 2.xlsx|Main|1387",1806,"GRAAFF-REINET THEN POSSIBLY COLESBERG","Graaff-Reinet",756,NA,NA,NA
"PRETORIUS","PRETORIUS","JOHANNES ANDRIES","PRETORIUSa1b3c7d1e6","1783","1783","1783","1856","1803","GRAAFF-REINET","BRANDFONTEIN, WINTERVELD",1837,NA,NA,"JOHANNA CATHARINA","DAVEL",NA,"TULBAGH",1388,"Voortrekkers 2.xlsx|Main|1388",1783,"GRAAFF-REINET","Graaff-Reinet",757,NA,NA,NA
"PRETORIUS","PRETORIUS","JOHANNES JACOBUS CORNELIS","PRETORIUSa1b3c7d1e6f2","1807","1807","1807","1889",NA,"GRAAFF-REINET","PROBABLY OP-SNEEUBERG",1840,NA,"NATAL","CATHARINA JACOBA","VILJOEN",NA,"GRAAFF-REINET",1389,"Voortrekkers 2.xlsx|Main|1389",1807,"GRAAFF-REINET","Graaff-Reinet",758,NA,NA,NA
"PRETORIUS","PRETORIUS","WILLEM JURGEN","PRETORIUSa1b3c7d1e6f3","1808","1808","1808","1889","1828","GRAAFF-REINET","PROBABLY BRANDFONTEIN, WINTERVELD",1837,NA,"PMB THEN HARRISMITH THEN PMB AGAIN","JOHANNA CATHARINA","DE BEER","GRAAFF-REINET","GRAAFF-REINET",1390,"Voortrekkers 2.xlsx|Main|1390",1808,"GRAAFF-REINET","Graaff-Reinet",759,NA,NA,NA
"PRETORIUS","PRETORIUS","PETRUS GERHARDUS ( SWART PIET)","PRETORIUSa1b3c9d7",NA,NA,"1772","1860","1801","GRAAFF-REINET","KRUIS, VOOR-SNEEUBERG",1838,"A.W.J. PRETORIUS (?)","NATAL THEN PETRUSBERG, KROONSTAD","SOPHIA JOACHIMINA","SCHOLTZ",NA,"TULBAGH",1395,"Voortrekkers 2.xlsx|Main|1395",1772,"GRAAFF-REINET","Graaff-Reinet",760,"Pretorius","Pretorius","Pretorius"
"PRETORIUS","PRETORIUS","WILLEM STERRENBERG","PRETORIUSa1b3c9d7e1","1802","1802","1802","1878","1821","GRAAFF-REINET","VOOR-SNEEUBERG",1838,"A.W.J. PRETORIUS (?)","WINBURG THEN SCHAAPSKRAAL, HARRISMITH","JACOBA JOHANNA","PIETERSE(N)","VOOR-SNEEUBERG, GRAAFF-REINET","TULBAGH",1396,"Voortrekkers 2.xlsx|Main|1396",1802,"GRAAFF-REINET","Graaff-Reinet",761,"Pretorius","Pretorius","Pretorius"
"PRETORIUS","PRETORIUS","PETRUS GERHARDUS","PRETORIUSa1b3c9d7e3","1807","1807","1807","1874","1829","GRAAFF-REINET","VOOR-SNEEUBERG",1838,"A.W.J. PRETORIUS (?)","HARRISMITH","SUSANNA MARIA JOHANNA","LOOTS",NA,"GRAAFF-REINET",1398,"Voortrekkers 2.xlsx|Main|1398",1807,"GRAAFF-REINET","Graaff-Reinet",762,"Pretorius","Pretorius","Pretorius"
"PRETORIUS","PRETORIUS","DANIEL PETRUS","PRETORIUSa1b3cc7d4e8",NA,NA,"1803","1878","1837","GRAAFF-REINET",NA,1839,NA,"BLOEMFONTEIN","HENDRINA MAGDALENA ELISABETH","VAN DER MERWE",NA,"CAPE TOWN",1399,"Voortrekkers 2.xlsx|Main|1399",1803,"GRAAFF-REINET","Graaff-Reinet",763,NA,NA,NA
"PRETORIUS","PRETORIUS","HENDRIK STEPHANUS SR.","PRETORIUSa1b5c3d5e10","1792","1792","1792","1873","1813",NA,"ONDER-SEEKOEIRIVER, GRAAFF-REINET (?) OR BRAKRIVIER, SOMERSET",1841,NA,"NATAL THEN RUSTENBURG","RACHEL JACOBA","LIEBENBERG",NA,"GRAAFF-REINET",1400,"Voortrekkers 2.xlsx|Main|1400",1792,NA,"Unknown",764,NA,NA,NA
"PRETORIUS","PRETORIUS","WILLEM","PRETORIUSa1b5c3d7e3",NA,NA,"1786",NA,"1804","SOMERSET (AREA CRADOCK)",NA,1838,NA,"SOUTPANSBERG","PETRONELLA CHRISTINA","BOTHA",NA,"TULBAGH",1406,"Voortrekkers 2.xlsx|Main|1406",1786,"SOMERSET (AREA CRADOCK)","Somerset_multi",765,NA,NA,NA
"PRINSLOO","PRINSLOO","HENDRIK FREDERIK","PRINSLOOa1b3c3d1e13",NA,NA,"1791",NA,"1815","SOMERSET","DOORNDRAAI (?), OOS-RIETRIVIER, KAGARIVIER",1837,NA,NA,"MARGARETHA SUSANNA","VAN DEN VYVER",NA,NA,1409,"Voortrekkers 2.xlsx|Main|1409",1791,"SOMERSET","Somerset_multi",766,NA,NA,NA
"PRINSLOO","PRINSLOO","ARIE JACOBUS","PRINSLOOa1b3c3d1e14",NA,NA,"1791",NA,NA,"SOMERSET","OOS-RIETREVIER",1837,NA,NA,NA,NA,NA,NA,1411,"Voortrekkers 2.xlsx|Main|1411",1791,"SOMERSET","Somerset_multi",767,NA,NA,NA
"PRINSLOO","PRINSLOO","NICOLAAS JACOBUS (KLAAS)","PRINSLOOa1b3c3d1e19",NA,NA,"1801",NA,"1822","SOMERSET","BRUINTJIESHOOGTE",1839,NA,"MAGALIESBERG","CATHARINA MARIA","BOTHA",NA,NA,1412,"Voortrekkers 2.xlsx|Main|1412",1801,"SOMERSET","Somerset_multi",768,NA,NA,NA
"PRINSLOO","PRINSLOO","BALTHSAR JOHANNES","PRINSLOOa1b3c3d1e1f2","1794","1794","1794","1863","1817","SOMERSET","BAVIAANSRIVIER",NA,NA,NA,"MARIA (SIBELLA) ALETTA","ERASMUS",NA,NA,1415,"Voortrekkers 2.xlsx|Main|1415",1794,"SOMERSET","Somerset_multi",769,NA,NA,NA
"PRINSLOO","PRINSLOO","WILLEM MARTHINUS","PRINSLOOa1b3c3d1e1f3","1800","1800","1800","1859","1822","SOMERSET","BAVIAANSRIVIER",1844,NA,NA,"HELENA CATHARINA","KLOPPER",NA,"TULBAGH",1416,"Voortrekkers 2.xlsx|Main|1416",1800,"SOMERSET","Somerset_multi",770,NA,NA,NA
"PRINSLOO","PRINSLOO","PIETER WILLEM","PRINSLOOa1b3c3d1e1f4",NA,NA,"1804",NA,"1824","SOMERSET","KLIPPLAATHOEK, BAVIAANSRIVIER",1838,"POSSIBLY WITH ONE OF: L.J. MEYER, L.J. NEL OR P.A. OPPERMAN","WINBURG","MARTHA MARIA ELISABETH","RIEKERT",NA,NA,1417,"Voortrekkers 2.xlsx|Main|1417",1804,"SOMERSET","Somerset_multi",771,"Opperman","Opperman","Opperman"
"PRINSLOO","PRINSLOO","ANTHONIE CHRISTOFFEL","PRINSLOOa1b3c3d1e1f5",NA,NA,"1809","1883","1827","SOMERSET","KLIPPAATHOEK, BAVIAANSRIVIER",1838,"POSSIBLY WITH ONE OF :L.J.MEYER, L.J.NEL  OR P.A. OPPERMAN",NA,"MARIA CATHARINA","SNYMAN",NA,NA,1418,"Voortrekkers 2.xlsx|Main|1418",1809,"SOMERSET","Somerset_multi",772,"Opperman","Opperman","Opperman"
"PRINSLOO","PRINSLOO","WILLEM JACOBUS","PRINSLOOa1b3c3d4e2f3","1808","1808","1808",NA,"1828","SOMERSET","BAVIAANSRIVIER",1843,NA,"PROBABLY 1843","ISABELLA ELISABETH MARGARETHA","BOTHA",NA,"GRAAFF-REINET",1419,"Voortrekkers 2.xlsx|Main|1419",1808,"SOMERSET","Somerset_multi",773,NA,NA,NA
"PRINSLOO","PRINSLOO","HENDRIK FREDERIK","PRINSLOOa1b3c3d4e6",NA,NA,"1788",NA,"1809","SOMERSET","OOS-RIETRIVIER",1836,"H.P. MALAN (?)","NATAL THEN TRANSORANJE","MARIA GESINA","GEERE",NA,NA,1422,"Voortrekkers 2.xlsx|Main|1422",1788,"SOMERSET","Somerset_multi",774,"Malan","Malan","Minor Leader"
"PRINSLOO","PRINSLOO","MARTHINUS","PRINSLOOa1b3c3d5e1f1",NA,NA,"1805",NA,"1825","SOMERSET","TWEEFONTEIN, BAVIAANSRIVIER",1837,"POSSIBLY LOUIS NEL AND JOHANNES MARTHINUS SCHEEPERS OR P.A. OPPERMAN",NA,"MARIA PETRONELLA","DE WET",NA,NA,1426,"Voortrekkers 2.xlsx|Main|1426",1805,"SOMERSET","Somerset_multi",775,"Nel","Nel","Nel"
"PRINSLOO","PRINSLOO","JOHANNES","PRINSLOOa1b3c3d5e2",NA,NA,"1781",NA,NA,"SOMERSET","OOSR-RIETRIVIER THEN TWEEFONTEIN, BAVIAANSRIVIER",1837,"POSSIBLY LOUIS NEL OR P.A. OPPERMAN",NA,"JOHANNA PETRONELLA","PRINSLOO",NA,NA,1427,"Voortrekkers 2.xlsx|Main|1427",1781,"SOMERSET","Somerset_multi",776,"Nel","Nel","Nel"
"PRINSLOO","PRINSLOO","WILLEM JOHANNES","PRINSLOOa1b3c3d5e2f1",NA,NA,"1807",NA,"1829","SOMERSET","OOS-RIETRIVIER THEN TWEEFONTEIN, BAVIAANSRIVIER",NA,"POSSIBLY L.J. NEL OR P.A. OPPERMAN","NATAL","ANNA MARGARETHA","GOOSEN",NA,NA,1428,"Voortrekkers 2.xlsx|Main|1428",1807,"SOMERSET","Somerset_multi",777,"Opperman","Opperman","Opperman"
"PRINSLOO","PRINSLOO","NICOLAAS BALTHASAR (KLAAS NUWEVELD)","PRINSLOOa1b3c3d5e8",NA,NA,"1794","1836","1819","SOMERSET","PROBABLY TARKA",1835,"INITIALLY WITH LOUIS TREGARDT THEN A FEW MONTHS LATER JOINED JOHANNES JACOBUS (LANG HANS) JANSE VAN RENSBURG",NA,"PETRONELLA MARIA","KRUGEL",NA,NA,1432,"Voortrekkers 2.xlsx|Main|1432",1794,"SOMERSET","Somerset_multi",778,"Van Rensburg","Van Rensburg","Minor Leader"
"PRINSLOO","PRINSLOO","JOACHIM JOHANNES","PRINSLOOa1b3c3d6e1",NA,NA,"1783","1838","1803","SOMERSET","OOS-RIETRIVIER",1837,NA,NA,"MARTHA LOUISA","PRINSLOO",NA,NA,1433,"Voortrekkers 2.xlsx|Main|1433",1783,"SOMERSET","Somerset_multi",779,NA,NA,NA
"PRINSLOO","PRINSLOO","NICOLAAS (KLAAS)","PRINSLOOa1b3c3d6e11",NA,NA,"1809",NA,"1832","SOMERSET","OOS-RIETRIVIER",NA,"PIET RETIEF (?)","NATAL","PAULINA HEILA LEVINA","BESTER",NA,NA,1434,"Voortrekkers 2.xlsx|Main|1434",1809,"SOMERSET","Somerset_multi",780,"Retief","Retief","Retief"
"PRINSLOO","PRINSLOO","JOACHIM (JOACHEMUS) JOHANNES PETRUS","PRINSLOOa1b3c3d6e1f3",NA,NA,"1807","1877",NA,"SOMERSET","PROBABLY OOS-RIETRIVIER",1837,NA,"NATAL","ANNA MARIA CATHARINA LEVINA","BESTER",NA,NA,1435,"Voortrekkers 2.xlsx|Main|1435",1807,"SOMERSET","Somerset_multi",781,NA,NA,NA
"PRINSLOO","PRINSLOO","HENDRIK PETRUS SR.","PRINSLOOa1b3c3d6e5",NA,NA,"1791",NA,"1814","SOMERSET","BAVIAANARIVIER",1841,NA,"NATAL","ELSJE JACOBA","VAN DER MERWE",NA,NA,1436,"Voortrekkers 2.xlsx|Main|1436",1791,"SOMERSET","Somerset_multi",782,NA,NA,NA
"PRINSLOO","PRINSLOO","JACOBUS MARTHINUS","PRINSLOOa1b3c3d6e5f2",NA,NA,NA,NA,NA,NA,NA,NA,NA,NA,NA,NA,NA,NA,1438,"Voortrekkers 2.xlsx|Main|1438",NA,NA,"Unknown",783,NA,NA,NA
"PRINSLOO","PRINSLOO","MARTHINUS LOURENS","PRINSLOOa1b3c3d6e6",NA,NA,"1793",NA,"1813","SOMERSET","OOS-RIETRIVIER",1844,NA,"NATAL","SOPHIA GEERTRUIDA JOHANNA","VAN DER MERWE",NA,NA,1440,"Voortrekkers 2.xlsx|Main|1440",1793,"SOMERSET","Somerset_multi",784,NA,NA,NA
"PRINSLOO","PRINSLOO","WILLEM PETRUS","PRINSLOOa1b3c3d6e7",NA,NA,"1797",NA,"1819","SOMERSET","SPREEUWEKLOOF, BAVIAANSRIVIER",1837,"PROBABLY JAN DU PLESSIS","PROBABLY PRETORIA","MARIA ELISABETH","PRINSLOO",NA,NA,1443,"Voortrekkers 2.xlsx|Main|1443",1797,"SOMERSET","Somerset_multi",785,"Du Plessis","Du Plessis","Du Plessis"
"PRINSLOO","PRINSLOO","MARTHINUS PETRUS","PRINSLOOa1b3c6d1e2",NA,NA,"1782",NA,"1805","UITENHAGE","WINTERHOEK",NA,NA,NA,"ISABELLA SUSANNA","POTGIETER",NA,NA,1445,"Voortrekkers 2.xlsx|Main|1445",1782,"UITENHAGE","Uitenhage",786,NA,NA,NA
"PRINSLOO","PRINSLOO","MARTHINUS PETRUS HENDRIK","PRINSLOOa1b3c6d1e2f2",NA,NA,"1809",NA,"1830","UITENHAGE","PROBABLY WINTERHOEK",1841,"NATAL THEN UTRECHT",NA,"HESTER PETRONELLA","VILJOEN",NA,NA,1446,"Voortrekkers 2.xlsx|Main|1446",1809,"UITENHAGE","Uitenhage",787,"Other","Other","Minor Leader"
"PRINSLOO","PRINSLOO","JOACHIM JOHANNES","PRINSLOOa1b3c6d1e5",NA,NA,"1788",NA,"1811","GEORGE",NA,1840,NA,"NATAL","HESTER GEERTRUIDA","VAN ROOYEN",NA,NA,1448,"Voortrekkers 2.xlsx|Main|1448",1788,"GEORGE","George",788,NA,NA,NA
"PRINSLOO","PRINSLOO","JOACHIM","PRINSLOOa1b3c6d2e3",NA,NA,"1790","1843","1810","POSSIBLY UITENHAGE",NA,1837,NA,NA,"CATHARINA MARIA","VAN ROOYEN",NA,NA,1454,"Voortrekkers 2.xlsx|Main|1454",1790,"POSSIBLY UITENHAGE","Unknown",789,NA,NA,NA
"PRINSLOO","PRINSLOO","MARTHINUS","PRINSLOOa1b3c6d3e6f1",NA,NA,"1809","1882",NA,"SWELLENDAM","PROBABLY VALSCHRIVIER",1841,NA,"NATAL THEN POTCHEFSTROOM","ANNA HELENA","PRINSLOO",NA,NA,1458,"Voortrekkers 2.xlsx|Main|1458",1809,"SWELLENDAM","Swellendam",790,NA,NA,NA
"PUTTER","PUTTER","PAUL JACOBUS","PUTTERa1b9c4d6e5",NA,NA,"1805",NA,"1824","SOMERSET","KLAAS SMITSRIVIER",1844,NA,"POTCHEFSTROOM","CATHARINA JOHANNA","BOTHA",NA,NA,1463,"Voortrekkers 2.xlsx|Main|1463",1805,"SOMERSET","Somerset_multi",791,NA,NA,NA
"RAATH","RAATH","JOHANNES CHRISTOFFEL SR.","RAATHa1b3",NA,NA,"1779",NA,"1803","UITENHAGE","ONDER-BOESMANSRIVIER",1837,"J.S. MARITZ OR GERT J. RUDOLPH",NA,"JOHANNA HELENA","VOSLOO",NA,"DRAKENSTEIN",1465,"Voortrekkers 2.xlsx|Main|1465",1779,"UITENHAGE","Uitenhage",792,"Maritz (GM)","Maritz","Maritz"
"RAATH","RAATH","PHILIPPUS ARNOLDUS CHRISTIAAN","RAATHa1b3c1","1805","1805","1805","1881","1826","UITENHAGE","ONDER-BOESMANSRIVIER",1837,"J.S. MARITZ OR GERT J. RUDOLPH",NA,"MARIA PETRONELLA","DU PREEZ","LANGKLOOF","SWELLENDAM",1466,"Voortrekkers 2.xlsx|Main|1466",1805,"UITENHAGE","Uitenhage",793,"Maritz (GM)","Maritz","Maritz"
"RAATH","RAATH","JOHANNES GERHARDUS","RAATHa1b3c2","1806","1806","1806","1862","1830","UITENHAGE","ONDER-BOESMANSRIVIER",1837,"J.S. MARITZ OR GERT J. RUDOLPH",NA,"EMERENTIA ADRIANA","OOSTHUIZEN",NA,"SWELLENDAM",1467,"Voortrekkers 2.xlsx|Main|1467",1806,"UITENHAGE","Uitenhage",794,"Maritz (GM)","Maritz","Maritz"
"RABIE","RABIE","IZAAK STEPHANUS","RABIEa1b3c6d2","1794","1794","1794","1862","1813","GRAAFF-REINET","KAMDEBOO",NA,NA,NA,"CECILIA JACOBA","ROOS","GRAAFF-REINET",NA,1470,"Voortrekkers 2.xlsx|Main|1470",1794,"GRAAFF-REINET","Graaff-Reinet",795,NA,NA,NA
"RAS","RAS","MARTHINUS NICOLAAS","RASa1b2c6d1e4",NA,NA,"1780",NA,"1800","CLANWILLIAM","ONDER-BOKKEVELD",1838,NA,"(?) NATAL","ANNA MARGARETHA","ENGELBRECHT",NA,NA,1476,"Voortrekkers 2.xlsx|Main|1476",1780,"CLANWILLIAM","Clanwilliam",796,NA,NA,NA
"RAS","RAS","HERMANUS NICOLAAS","RASa1b2c6d1e4f3","1805","1805","1805",NA,NA,"CLANWILLIAM","(?) ONDER-BOKKEVELD",1838,NA,NA,"MARTHA FRANCINA PETRONELLA","SPANGENBERG",NA,NA,1477,"Voortrekkers 2.xlsx|Main|1477",1805,"CLANWILLIAM","Clanwilliam",797,NA,NA,NA
"RAS","RAS","HENDRIK WILLEM","RASa1b2c6d1e4f4",NA,NA,"1808",NA,NA,"CLANWILLIAM","ONDER-BOKKEVELD",1838,NA,NA,"ANNA MARGARETHA","MOUTON",NA,NA,1478,"Voortrekkers 2.xlsx|Main|1478",1808,"CLANWILLIAM","Clanwilliam",798,NA,NA,NA
"RAS","RAS","CHRISTIAAN DAVID","RASa1b2c6d1e8",NA,NA,"1790",NA,NA,"CLANWILLIAM","ONDER-BOKKEVELD",1838,NA,NA,"MARIA MARGARETHA","VAN ZYL",NA,NA,1480,"Voortrekkers 2.xlsx|Main|1480",1790,"CLANWILLIAM","Clanwilliam",799,NA,NA,NA
"REDELINGHUYS","REDELINGHUYS","MATTHYS JOHANNES","REDELINGHUYSa1b3c8",NA,NA,"1802",NA,NA,NA,NA,1839,NA,"POTCHEFSTROOM","ELSIE JOSINA SUSANNA","GROBLER",NA,NA,1481,"Voortrekkers 2.xlsx|Main|1481",1802,NA,"Unknown",800,NA,NA,NA
"RETIEF","RETIEF","FRANCOIS","RETIEFa1b4c7d1",NA,NA,"1773","1838","1794","GRAAFF-REINET","VOOR-SNEEUBERG",1836,"GERT M. MARITZ","NATAL","MARTHA ELISABETH","JOUBERT",NA,NA,1482,"Voortrekkers 2.xlsx|Main|1482",1773,"GRAAFF-REINET","Graaff-Reinet",801,"Maritz (GM)","Maritz","Maritz"
"RETIEF","RETIEF","PIETER","RETIEFa1b4c7d4","1780","1780","1780","1838","1814","ALBANY","WINTERBERG",1837,"LEADER",NA,"MAGDELENA JOHANNA","DE WET","WELLINGTON","PAARL",1483,"Voortrekkers 2.xlsx|Main|1483",1780,"ALBANY","Albany",802,"Other","Other","Minor Leader"
"REYNEKE","REYNEKE","PETRUS (PIET) ALBERTUS","REYNEKEa1b3c8",NA,NA,"1801","1888","1821","SOMERSET","OOS-RIETRIVIER",1840,NA,NA,"JOHANNA JACOBA","POTGIETER",NA,NA,1489,"Voortrekkers 2.xlsx|Main|1489",1801,"SOMERSET","Somerset_multi",803,NA,NA,NA
"RIEKERT","RIEKERT","SIMON LODEWYK","RIEKERTa1b1",NA,NA,"1780",NA,"1803","SOMERSET","(?) BAVIAANSRIVIER",1837,"(?) PIET RETIEF",NA,"MARTHA LOUISA","ERASMUS",NA,NA,1491,"Voortrekkers 2.xlsx|Main|1491",1780,"SOMERSET","Somerset_multi",804,"Retief","Retief","Retief"
"RIEKERT","RIEKERT","DANIËL JACOBUS CHRISTOFFEL","RIEKERTa1b1c3",NA,NA,"1808",NA,"1828","SOMERSET","BAVIAANSRIVIER",1837,NA,NA,"MARTHA FRANCINA FREDERIKA","LÖTTER",NA,NA,1492,"Voortrekkers 2.xlsx|Main|1492",1808,"SOMERSET","Somerset_multi",805,NA,NA,NA
"ROBBERTSE","ROBBERTSE","JAN HENDRIK JR.","ROBBERTSE(?) b1c7d3e1",NA,NA,"1800",NA,NA,"SOMERSET","TARKA",1837,NA,NA,NA,NA,NA,NA,1495,"Voortrekkers 2.xlsx|Main|1495",1800,"SOMERSET","Somerset_multi",806,NA,NA,NA
"ROBBERTSE","ROBBERTSE","JOSEPH","ROBBERTSE(?) b1c7d5e(?)",NA,NA,NA,NA,"1836",NA,NA,NA,NA,NA,"JOHANNA GEERTUIDA","KRUGER",NA,NA,1496,"Voortrekkers 2.xlsx|Main|1496",NA,NA,"Unknown",807,NA,NA,NA
"ROBBERTSE","ROBBERTSE","JAN HENDRIK","ROBBERTSE(?)b1c7d6e3",NA,NA,"1809",NA,NA,"SOMERSET","BAVIAANSRIVIER",1838,NA,NA,NA,NA,NA,NA,1497,"Voortrekkers 2.xlsx|Main|1497",1809,"SOMERSET","Somerset_multi",808,NA,NA,NA
"ROBBERTSE","ROBBERTSE","JOHANNES MATTHYS","ROBBERTSEa1b1c7d11",NA,NA,"1792",NA,NA,"SOMERSET","(?) TARKA",1837,NA,NA,"SOPHIA JACOBA","VERY",NA,NA,1498,"Voortrekkers 2.xlsx|Main|1498",1792,"SOMERSET","Somerset_multi",809,NA,NA,NA
"ROBBERTSE","ROBBERTSE","JOHANNES HENDRIK","ROBBERTSEa1b1c7d3e2",NA,NA,"1803",NA,"1830","CRADOCK","SMITSRIVIER",1838,NA,NA,"PETRONELLA CATHARINA SOPHIA","LABUSCHAGNE",NA,NA,1499,"Voortrekkers 2.xlsx|Main|1499",1803,"CRADOCK","Cradock",810,NA,NA,NA
"ROBBERTSE","ROBBERTSE","DANIËL JACOBUS","ROBBERTSEa1b1c7d4","1776","1776","1776",NA,"1797","SOMERSET","AGTER-SNEEUBERG",1837,NA,NA,"ANNA ELISABETH","DE BEER",NA,NA,1500,"Voortrekkers 2.xlsx|Main|1500",1776,"SOMERSET","Somerset_multi",811,NA,NA,NA
"ROBBERTSE","ROBBERTSE","JOHANNES FRANCOIS","ROBBERTSEa1b1c7d4e2","1804","1804","1804",NA,"1826","SOMERSET","AGTER-SNEEUBERG",1835,"(?) A.H. POTGIETER",NA,"ANNA FRANCINA","COETZEE","GRAAFF-REINET","RUSTENBURG",1501,"Voortrekkers 2.xlsx|Main|1501",1804,"SOMERSET","Somerset_multi",812,"Potgieter","Potgieter","Potgieter"
"ROBBERTSE","ROBBERTSE","GERRIT","ROBBERTSEa1b1c7d5",NA,NA,"1779",NA,"1800","SOMERSET","SWAGERSHOEK",1839,NA,NA,"ANNA SOPHIA","VAN HEERDEN",NA,NA,1503,"Voortrekkers 2.xlsx|Main|1503",1779,"SOMERSET","Somerset_multi",813,NA,NA,NA
"ROBBERTSE","ROBBERTSE","LAMBERTUS NICOLAAS","ROBBERTSEa1b1c7d9",NA,NA,"1787",NA,"1808","SOMERSET","SWAGERSHOEK",1841,NA,"NATAL","CATHARINA HELENA","VENTER",NA,NA,1505,"Voortrekkers 2.xlsx|Main|1505",1787,"SOMERSET","Somerset_multi",814,NA,NA,NA
"ROBBERTSE","ROBBERTSE","JAN HENDRIK","ROBBERTSEa1b1c7d9e2","1809","1809","1809","1879","1833","SOMERSET","TARKA",1841,NA,"NATAL","PETRONELLA MARGARETHA","STEENKAMP",NA,NA,1506,"Voortrekkers 2.xlsx|Main|1506",1809,"SOMERSET","Somerset_multi",815,NA,NA,NA
"ROELOFSE","ROELOFSE","MARIA SIBELLA (WEDUWEE VAN DANIËL JACOB EARSMUS)","ROELOFSEa1b6c2",NA,NA,"1772",NA,"1790","SOMERSET","BAVIAANSRIVIER",1837,NA,NA,"DANIËL JACOBUS","ERASMUS",NA,NA,1509,"Voortrekkers 2.xlsx|Main|1509",1772,"SOMERSET","Somerset_multi",816,NA,NA,NA
"ROELOFSE","ROELOFSE","SIBELLA (WEDUWEE VAN WILLEM PRINSLOO)","ROELOFSEa1b6c3",NA,NA,"1774",NA,"1790","SOMERSET","BAVIAANSRIVIER",1837,NA,NA,"WILLEM","PRINSLOO",NA,NA,1510,"Voortrekkers 2.xlsx|Main|1510",1774,"SOMERSET","Somerset_multi",817,NA,NA,NA
"ROETS","ROETS","JOHANNES NICOLAAS RUDOPLH","ROETSa1b5c2",NA,NA,"1793",NA,"1813","SOMERSET","TARKA",1838,"(?) JAN DU PLESSIS",NA,"JOHANNA HENDRINA","VENTER",NA,"GRAAFF-REINET",1511,"Voortrekkers 2.xlsx|Main|1511",1793,"SOMERSET","Somerset_multi",818,"Du Plessis","Du Plessis","Du Plessis"
"ROETS","ROETS","JOHANNES HENDRICUS ADRIAAN","ROETSa1b5c3",NA,NA,"1794","1886","1814",NA,NA,1837,"(?) JAN DU PLESSIS",NA,"ALETTA JOHANNA","SCHUTTE",NA,NA,1512,"Voortrekkers 2.xlsx|Main|1512",1794,NA,"Unknown",819,"Du Plessis","Du Plessis","Du Plessis"
"ROETS","ROETS","GERHARDUS JACOBUS","ROETSa1b5c6","1801","1801","1801",NA,"1824","SOMERSET","TARKA",1839,NA,NA,"CATHARINA SUSANNA","HATTINGH",NA,"GRAAFF-REINET",1513,"Voortrekkers 2.xlsx|Main|1513",1801,"SOMERSET","Somerset_multi",820,NA,NA,NA
"ROETS","ROETS","HENDRIK ADRIAAN","ROETSa1b5c7",NA,NA,"1803",NA,"1826","SOMERSET","TARKA",1840,NA,"NATAL","SUSANNA CHRISITNA","JACOBS",NA,"CAPE TOWN",1515,"Voortrekkers 2.xlsx|Main|1515",1803,"SOMERSET","Somerset_multi",821,NA,NA,NA
"ROETS","ROETS","JOHANNES NICOLAAS JACOBUS","ROETSa1b8c4","1804","1804","1804","1892","1827","SOMERSET","(?) TARKA",1837,"(?) JAN DU PLESSIS",NA,"RENSKE (RANSCHE)","VAN DER WESTHUIZEN",NA,NA,1516,"Voortrekkers 2.xlsx|Main|1516",1804,"SOMERSET","Somerset_multi",822,"Du Plessis","Du Plessis","Du Plessis"
"ROOS","ROOS","JOHANNES GYSBERTUS SR.","ROOSa1b10c2d1",NA,NA,"1786","1838",NA,"SOMERSET",NA,NA,NA,NA,"MARIA SOPHIA","GROBLER",NA,NA,1518,"Voortrekkers 2.xlsx|Main|1518",1786,"SOMERSET","Somerset_multi",823,NA,NA,NA
"ROOS","ROOS","CHARL PETRUS","ROOSa1b10c2d13",NA,NA,"1807","1838","1830","SOMERSET",NA,NA,NA,NA,"CHRISTINA HENDRINA","JOUBERT",NA,NA,1519,"Voortrekkers 2.xlsx|Main|1519",1807,"SOMERSET","Somerset_multi",824,NA,NA,NA
"ROOS","ROOS","JOHANNES GYSBERTUS JR.","ROOSa1b10c2d1e1",NA,NA,"1806","1838","1832","SOMERSET",NA,NA,NA,NA,"ELIZABETH JOHANNA","VAN DEN BERG",NA,NA,1520,"Voortrekkers 2.xlsx|Main|1520",1806,"SOMERSET","Somerset_multi",825,NA,NA,NA
"ROOS","ROOS","TIELEMAN FRANCOIS","ROOSa1b10c2d5",NA,NA,"1792","1869","1811","(?) BEAUFORT",NA,1840,NA,NA,"JOSINA MARIA MAGDELENA","NAUDÉ",NA,NA,1522,"Voortrekkers 2.xlsx|Main|1522",1792,"(?) BEAUFORT","Unknown",826,NA,NA,NA
"ROOS","ROOS","PAULUS STEPHANUS","ROOSa1b10c2d9",NA,NA,"1799",NA,NA,"SOMERSET",NA,1840,NA,"TRANSORANJE","HESTER MARIA","SWANEPOEL",NA,NA,1525,"Voortrekkers 2.xlsx|Main|1525",1799,"SOMERSET","Somerset_multi",827,NA,NA,NA
"ROOS","ROOS","GYSBERTUS JOHANNES","ROOSa1b10c3d1",NA,NA,NA,NA,"1820","GRAAFF-REINET",NA,1836,"(?) GERT M. MARITZ",NA,"MAGDELENA ELISABETH","ROOS",NA,"19/11/1797",1526,"Voortrekkers 2.xlsx|Main|1526",NA,"GRAAFF-REINET","Graaff-Reinet",828,"Maritz (GM)","Maritz","Maritz"
"ROOS","ROOS","IZAAK FRANCOIS","ROOSa1b10c3d2",NA,NA,"1799",NA,NA,"GRAAFF-REINET",NA,1838,"A.W.J. PRETORIOUS",NA,NA,NA,NA,NA,1528,"Voortrekkers 2.xlsx|Main|1528",1799,"GRAAFF-REINET","Graaff-Reinet",829,"Pretorius","Pretorius","Pretorius"
"ROOS","ROOS","GERT LUCAS","ROOSa1b10c3d4",NA,NA,NA,NA,"1828","(?) GRAAFF-REINET",NA,1842,NA,NA,"ANNA  FRANCINA","GREEFF",NA,NA,1529,"Voortrekkers 2.xlsx|Main|1529",NA,"(?) GRAAFF-REINET","Unknown",830,NA,NA,NA
"ROOS","ROOS","JOHANNES JACOBUS","ROOSa1b10c3d5",NA,NA,"1806",NA,"1826","GRAAFF-REINET",NA,NA,"(?) GERT M. MARITZ",NA,"JOHANNA SUSANNA","KONING",NA,NA,1530,"Voortrekkers 2.xlsx|Main|1530",1806,"GRAAFF-REINET","Graaff-Reinet",831,"Maritz (GM)","Maritz","Maritz"
"ROOS","ROOS","FRANCOIS (FRANS)","ROOSa1b8c2d4",NA,NA,"1781","1853","1805","STELLENBOSCH","COETZENBERG",1838,NA,NA,"MARIA ELISABETH","FÜRSTENBERG",NA,"CAPE TOWN",1531,"Voortrekkers 2.xlsx|Main|1531",1781,"STELLENBOSCH","Stellenbosch",832,NA,NA,NA
"ROUX","ROUX","PIETER ANTHONIE","ROUXa1b2c4d1e5","1792","1792","1792",NA,"1817","BEAUFORT-WES","SWARTBERG",1845,NA,NA,"ALETTA MARIA ELISABETH","NEL",NA,"PAARL",1535,"Voortrekkers 2.xlsx|Main|1535",1792,"BEAUFORT-WES","Beaufort",833,NA,NA,NA
"RUDOPLH","RUDOPLH","JACOBUS ANDREAS SR.","RUDOPLHa1b1",NA,NA,"1773",NA,"1793","UITENHAGE","ONDER-BOESMANSRIVIER",1837,"G.J. RUDOLPH",NA,"JOHANNA MAGDALENA","OOSTHUIZEN",NA,NA,1538,"Voortrekkers 2.xlsx|Main|1538",1773,"UITENHAGE","Uitenhage",834,"Rudolph","Rudolph","Rudolph"
"RUDOPLH","RUDOPLH","JOHAN BERN(H)ARD SR.","RUDOPLHa1b1c1","1794","1794","1794","1876","1815","UITENHAGE","ONDER-BOESMANSRIVIER",1837,"K.P. LANDMAN",NA,"ELISABETH SUSANNA","FOURIE",NA,NA,1539,"Voortrekkers 2.xlsx|Main|1539",1794,"UITENHAGE","Uitenhage",835,"Landman","Landman","Landman"
"RUDOPLH","RUDOPLH","GERHARDUS JACOBUS","RUDOPLHa1b1c2",NA,NA,"1797","1851","1819","UITENHAGE","ONDER-BOESMANSRIVIER",1837,"LEADER",NA,"JOHANNA SUSANNA SOPHIA","MEYER",NA,NA,1541,"Voortrekkers 2.xlsx|Main|1541",1797,"UITENHAGE","Uitenhage",836,"Other","Other","Minor Leader"
"RUDOPLH","RUDOPLH","JACOBUS ANDREAS JR.","RUDOPLHa1b1c3",NA,NA,"1798",NA,"1824","UITENHAGE","ONDER-BOESMANSRIVIER",1837,"G.J. RUDOLPH",NA,"ENGELA ELISABETH AGATHA","MEYER",NA,NA,1542,"Voortrekkers 2.xlsx|Main|1542",1798,"UITENHAGE","Uitenhage",837,"Rudolph","Rudolph","Rudolph"
"SCHEEPERS","SCHEEPERS","STEPHANUS JOHANNES SR.","SCHEEPERSa1b2c1d2e3",NA,NA,"1785","1838","1808","GRAAFF-REINET","SWARTRUGGENS",1837,"PIET RETIEF",NA,"MARIA MAGDALENA","JANSE VAN RENSBURG",NA,"KAAPSTAD",1545,"Voortrekkers 2.xlsx|Main|1545",1785,"GRAAFF-REINET","Graaff-Reinet",838,"Retief","Retief","Retief"
"SCHEEPERS","SCHEEPERS","GERRIT HENDRIK","SCHEEPERSa1b2c1d2e3f1","1809","1809","1809","1838","1833","GRAAFF-REINET","SWARTRUGGENS",1837,NA,"NATAL","MARTHINA ISABELLA","JANSE VAN RENSBURG",NA,"GRAAFF-REINET",1546,"Voortrekkers 2.xlsx|Main|1546",1809,"GRAAFF-REINET","Graaff-Reinet",839,NA,NA,NA
"SCHEEPERS","SCHEEPERS","GIDEON","SCHEEPERSa1b2c1d3e2",NA,NA,"1784",NA,"1803","GEORGE",NA,1845,NA,NA,"HESTER MAGDALENA","KLEYNHANS",NA,"KAAPSTAD",1549,"Voortrekkers 2.xlsx|Main|1549",1784,"GEORGE","George",840,NA,NA,NA
"SCHEEPERS","SCHEEPERS","JACOBUS JOHANNES","SCHEEPERSa1b2c1d3e2f2","1805","1805","1805","1881","1825","GEORGE",NA,1845,NA,NA,"ALETTA MARIA","BOSCH",NA,"SWELLENDAM",1550,"Voortrekkers 2.xlsx|Main|1550",1805,"GEORGE","George",841,NA,NA,NA
"SCHEEPERS","SCHEEPERS","GERHARDUS STEPHANUS","SCHEEPERSa1b2c1d3e6",NA,NA,"1793",NA,"1817","UITENHAGE","WINTERHOEK",1840,NA,"NATAL","JOHANNA ISALBELLA SERVASINA","POTGIETER",NA,"GRAAFF-REINET",1552,"Voortrekkers 2.xlsx|Main|1552",1793,"UITENHAGE","Uitenhage",842,NA,NA,NA
"SCHEEPERS","SCHEEPERS","FREDERIK COENRAAD","SCHEEPERSa1b2c3d2e4","1801","1801","1801",NA,"1827","UITENHAGE","ONDER-BOESMANSRIVIER",1837,"K.P LANDMAN","PITERMARITZBURG","CATHARINA PETRONELLA","LANDMAN","SWELLENDAM",NA,1554,"Voortrekkers 2.xlsx|Main|1554",1801,"UITENHAGE","Uitenhage",843,"Landman","Landman","Landman"
"SCHEEPERS","SCHEEPERS","COENRAAD","SCHEEPERSa1b2c3d6e2",NA,NA,"1795","1859","1821","UITENHAGE","ONDER-BOESMANSRIVIER",1837,"P.L UYS","WINBURG","ELSJE MAGDALENA PETRONELL","POTGIETER",NA,NA,1556,"Voortrekkers 2.xlsx|Main|1556",1795,"UITENHAGE","Uitenhage",844,"Uys","Uys","Uys"
"SCHEEPERS","SCHEEPERS","MARTHINUS EASIAS","SCHEEPERSa1b2c3d6e5",NA,NA,"1803",NA,"1822","UITENHAGE","ONDER-BOESMANSRIVIER",1837,"P.L UYS","NATAL","ELSJE CATHARINA","SCHEEPERS",NA,"SWELLENDAM",1557,"Voortrekkers 2.xlsx|Main|1557",1803,"UITENHAGE","Uitenhage",845,"Uys","Uys","Uys"
"SCHEEPERS","SCHEEPERS","GERHARDUS JOHANNES ADOLPHUS","SCHEEPERSa1b2c3d6e7","1808","1808","1808","1895","1829","UITENHAGE","ONDER-BOESMANSRIVIER",1837,"GERHARDUS J. RUDOLPH","ESTCOURT","HESTER SUSANNA","OOSTHUIZEN",NA,"UITENHAGE",1559,"Voortrekkers 2.xlsx|Main|1559",1808,"UITENHAGE","Uitenhage",846,"Rudolph","Rudolph","Rudolph"
"SCHEEPERS","SCHEEPERS","JAN (JOHANNES) MARTHINUS","SCHEEPERSa1b2c3d8",NA,NA,"1780",NA,"1798","UITENHAGE","ONDER-BOESMANSRIVIER",1837,"LOUIS JACOBUS NEL","NATAL","MAGDALENA","LANDMAN",NA,NA,1560,"Voortrekkers 2.xlsx|Main|1560",1780,"UITENHAGE","Uitenhage",847,"Nel","Nel","Nel"
"SCHEEPERS","SCHEEPERS","COENRAAD JOHANNES ABRAHAM","SCHEEPERSa1b2c3d8e3",NA,NA,"1803","1823",NA,"UITENHAGE","ONDER-BOESMANSRIVIER",1836,"J.S MARITZ","NATAL","MARIA MAGDALENA","MARITZ",NA,"SWELLENDAM",1561,"Voortrekkers 2.xlsx|Main|1561",1803,"UITENHAGE","Uitenhage",848,"Maritz (JS)","Maritz","Maritz"
"SCHEEPERS","SCHEEPERS","HENDRIK PETRUS GERRIT","SCHEEPERSa1b2c4d2e10",NA,NA,NA,NA,"1825","UITENHAGE","WINTERHOEK",1840,NA,"NATAL","MARGARETHA SUSANNA","BRONKHORST",NA,NA,1562,"Voortrekkers 2.xlsx|Main|1562",NA,"UITENHAGE","Uitenhage",849,NA,NA,NA
"SCHEEPERS","SCHEEPERS","JOHANNES JACOBUS","SCHEEPERSa1b2c4d2e7",NA,NA,"1800",NA,"1820","UITENHAGE","WINTERHOEK",1836,NA,"POTCHEFSTROOM","ANNA CATHARINA","LINDEQUE",NA,"SWELLENDAM",1563,"Voortrekkers 2.xlsx|Main|1563",1800,"UITENHAGE","Uitenhage",850,NA,NA,NA
"SCHEEPERS","SCHEEPERS","HENDRIK CHRISTOFFEL PRETRUS","SCHEEPERSa1b2c4d2e9",NA,NA,"1806","1880","1839","UITENHAGE","WINTERHOEK",1841,"FAMILY MOVE","RIETRIVIER","ELISABETH MARIA","OLIVIER",NA,"GRAAFF-REINET",1564,"Voortrekkers 2.xlsx|Main|1564",1806,"UITENHAGE","Uitenhage",851,"Family/Independent","Family/Independent","Family/Independent"
"SCHEEPERS","SCHEEPERS","GERHARDUS (GERT) STEPHANUS","SCHEEPERSa1b2c4d5e1","1797","1797","1797","1837","1821","UITENHAGE","VAN STADENSRIVIER",1835,"LOUIS TREGARDT","LADYBRAND","ANNA SUSANNA (ANTJIE)","SCHEEPERS",NA,NA,1565,"Voortrekkers 2.xlsx|Main|1565",1797,"UITENHAGE","Uitenhage",852,"Tregardt","Tregardt","Minor Leader"
"SCHEEPERS","SCHEEPERS","MARHTA MAGDALENA","SCHEEPERSa1b2c4d7","1777","1777","1777",NA,NA,"SOMERSET","BO-BOESMANSRIVIER",1836,"GERT MARITZ","NATAL","GERHARDUS","OOSTHUIZEN",NA,NA,1566,"Voortrekkers 2.xlsx|Main|1566",1777,"SOMERSET","Somerset_multi",853,"Maritz (GM)","Maritz","Maritz"
"SCHEEPERS","SCHEEPERS","SARA JOHANNA (CATHARINA)","SCHEEPERSa1b2c6d7",NA,NA,NA,"1898","1800","UITENHAGE",NA,1838,"H.J STRYDOM","OHRIGSTAD","HENDRIK JOESPHUS","STRYDOM","WAVEREN","KAAPSTAD",1567,"Voortrekkers 2.xlsx|Main|1567",NA,"UITENHAGE","Uitenhage",854,"Other","Other","Minor Leader"
"SCHEEPERS","SCHEEPERS","PETRUS JOHANNES CHRISTOFFEL","SCHEEPERSa1b5c1d4e3","1799","1799","1799","1847",NA,"UITENHAGE","ONDER-BOESMANSRIVIER",NA,NA,"NATAL","MARIA SOPHIA","GOEMAN",NA,"SWELLENDAM",1569,"Voortrekkers 2.xlsx|Main|1569",1799,"UITENHAGE","Uitenhage",855,NA,NA,NA
"SCHOEMAN","SCHOEMAN","HENDRIK NICOLAAS","SCHOEMANa1b1c11",NA,NA,"1780",NA,"1801","SOMERSET","CRADOCK",1837,NA,NA,"HELENA DOROTHEA","BEKKER",NA,"TULBAGH",1570,"Voortrekkers 2.xlsx|Main|1570",1780,"SOMERSET","Somerset_multi",856,NA,NA,NA
"SCHOEMAN","SCHOEMAN","MARTHINUS JOHANNES SR.","SCHOEMANa1b1c3d1","1789","1789","1789","1848","1810","UITENHAGE","RIETRIVIER",1837,"P.L UYS","OHRIGSTAD","MARIA ELIZABETH","SCHEEPERS","GEORGE","TULBAGH",1573,"Voortrekkers 2.xlsx|Main|1573",1789,"UITENHAGE","Uitenhage",857,"Uys","Uys","Uys"
"SCHOEMAN","SCHOEMAN","PETRUS ALBERTUS","SCHOEMANa1b1c3d4","1796","1796","1796","1886","1817","UITENHAGE","RIETRIVIER",1841,NA,"NATAL","CATHARINA ELIZABETH","BEKKER",NA,"GRAAFF-REINET",1576,"Voortrekkers 2.xlsx|Main|1576",1796,"UITENHAGE","Uitenhage",858,NA,NA,NA
"SCHOEMAN","SCHOEMAN","FREDERIK STEPHANUS","SCHOEMANa1b1c5d3","1793","1793","1793","1864","1817","GEORGE",NA,1837,"JAN DU PLESSIS OR JACOBUS CHRISTOFFEL POTGIETER","LYDENBURG","ANNA CATHARINA","NEL",NA,NA,1581,"Voortrekkers 2.xlsx|Main|1581",1793,"GEORGE","George",859,"Du Plessis","Du Plessis","Du Plessis"
"SCHOEMAN","SCHOEMAN","JOHANNES","SCHOEMANa1b1c5d5","1797","1797","1797","1890","1823","GEORGE",NA,NA,NA,"OHRIGSTAD","MARTHA MAGDALENA","SCHOEMAN",NA,"DRAKENSTEIN",1582,"Voortrekkers 2.xlsx|Main|1582",1797,"GEORGE","George",860,NA,NA,NA
"SCHOEMAN","SCHOEMAN","STEPHANUS JOHANNES","SCHOEMANa1b1c5d6",NA,NA,"1800","1872","1828","GEORGE",NA,1842,NA,NA,"ALETTA SOPHIA","BEZUIDENHOUT",NA,"SWELLENDAM",1583,"Voortrekkers 2.xlsx|Main|1583",1800,"GEORGE","George",861,NA,NA,NA
"SCHOEMAN","SCHOEMAN","CAROLUS GUSTAAF","SCHOEMANa2b1c5","1800","1800","1800","1881","1822","SOMERSET","TARKA",1838,NA,"RUSTENBURG","GEERTRUIDA JACOBA","HATTINGH",NA,NA,1586,"Voortrekkers 2.xlsx|Main|1586",1800,"SOMERSET","Somerset_multi",862,NA,NA,NA
"SCHOEMAN","SCHOEMAN","STEPHANUS JOHANNES","SCHOEMANa1b1c11d4","1809","1809","1809",NA,"1836","SOMERSET","CRADOCK",1836,NA,"NATAL","MARTINA BARBARA MARIA MARGARETHA CHRISTOFFELINA","LE ROUX",NA,"SWELLENDAM",1587,"Voortrekkers 2.xlsx|Main|1587",1809,"SOMERSET","Somerset_multi",863,NA,NA,NA
"SCHOLTZ","SCHOLTZ","JOACHIM HERMANUS","SCHOLTZa1b2c7d1",NA,NA,"1783","1834","1801","GRAAFF-REINET",NA,NA,NA,NA,"ANNA JACOBA","KRUGER","BOKKEVELD",NA,1590,"Voortrekkers 2.xlsx|Main|1590",1783,"GRAAFF-REINET","Graaff-Reinet",864,NA,NA,NA
"SCHOOMBEE","SCHOOMBEE","ANDRIES GODLIEB","SCHOOMBEEa1b1c2",NA,NA,"1809",NA,"1827","GRAAFF-REINET",NA,1842,NA,"POTCHEFSTROOM","MARTH MARIA","ROOS",NA,NA,1591,"Voortrekkers 2.xlsx|Main|1591",1809,"GRAAFF-REINET","Graaff-Reinet",865,NA,NA,NA
"SCHUTTE","SCHUTTE","STEPHANUS PHILIPPUS","SCHUTTEa1b1c2d4",NA,NA,"1798","1843",NA,"SOMERSET","TARKA",1837,NA,NA,"HESTER ALETTA","VILJOEN",NA,NA,1593,"Voortrekkers 2.xlsx|Main|1593",1798,"SOMERSET","Somerset_multi",866,NA,NA,NA
"SENEKAL","SENEKAL","DAVID FREDERIK PETRUS JOHANNES","SENEKALa1b1c1d2e2","1808","1808","1808","1883","1832","GEORGE",NA,1840,NA,"HEILBRON","SALOMINA MARIA","PRINSLOO","GEORGE",NA,1598,"Voortrekkers 2.xlsx|Main|1598",1808,"GEORGE","George",867,NA,NA,NA
"SEVENSTER","SEVENSTER","WESSEL LOURENS JOHANNES ANTOON","SEVENSTERa1b1",NA,NA,"1780",NA,"1809","UITENHAGE","WINTERHOEK",1842,NA,"WINBURG","ANNA CORNELIA","BOTHA",NA,"PAARL",1603,"Voortrekkers 2.xlsx|Main|1603",1780,"UITENHAGE","Uitenhage",868,NA,NA,NA
"SLABBERT","SLABBERT","PETRUS JOHANNES","SLABBERTa1b10c4d5e5",NA,NA,"/189","1894","1836","SWELLENDAM","VETRIVIER",1838,"FAMILY MOVE","BETHLEHEM","ANNA SUSANNA","JOUBERT",NA,NA,1606,"Voortrekkers 2.xlsx|Main|1606",NA,"SWELLENDAM","Swellendam",869,"Family/Independent","Family/Independent","Family/Independent"
"SLABBERT","SLABBERT","JASPER JOHANNES","SLABBERTa1b10c4d6e2",NA,NA,"1804","1854","1831","BEAUFORT",NA,1844,NA,"WINBURG","RACHEL JOHANNA","CLASSEN",NA,NA,1608,"Voortrekkers 2.xlsx|Main|1608",1804,"BEAUFORT","Beaufort",870,NA,NA,NA
"SMIT","SMIT","ERASMUS","SMITa1","1778","1778","1778","1863",NA,"GRAAFF-REINET",NA,1836,"GERT M. MARITZ EN PIET RETIEF",NA,"SUSANNA CATHARINA","MARITZ","NEDERLAND",NA,1609,"Voortrekkers 2.xlsx|Main|1609",1778,"GRAAFF-REINET","Graaff-Reinet",871,"Retief","Retief","Retief"
"SMIT","SMIT","JOHANNES PETRUS","SMITa1b4c10d1e2f2",NA,NA,NA,NA,NA,"SOMERSET","TARKA",1837,"PIET RETIEF","PIETERMARITZBURG","SALOMINA BARENDINA (OF SARA BARENDINA SALOMINA)","POTGIETER",NA,NA,1611,"Voortrekkers 2.xlsx|Main|1611",NA,"SOMERSET","Somerset_multi",872,"Retief","Retief","Retief"
"SMIT","SMIT","CAREL (SAREL) GERHARDUS","SMITa2b9c11",NA,NA,"1795","1871",NA,"BEAUFORT",NA,1842,NA,"POTCHEFSTROOM","CECILIA JACOBA","SMIT",NA,NA,1612,"Voortrekkers 2.xlsx|Main|1612",1795,"BEAUFORT","Beaufort",873,NA,NA,NA
"SMIT","SMIT","GERRIT WILLEM","SMITa2b9c13",NA,NA,"1799",NA,"1823","CLANWILLIAM",NA,1838,NA,"POTCHEFSTROOM","ANNA MARGARETHA","MOUTON",NA,NA,1615,"Voortrekkers 2.xlsx|Main|1615",1799,"CLANWILLIAM","Clanwilliam",874,NA,NA,NA
"SMIT","SMIT","NICOLAAS WILHELMUS","SMITa2b9c15","1804","1804","1804","1872",NA,"TULBAGH",NA,1840,NA,"VAALRIVIER","ELSIE JOSINA","DU PLESSIS",NA,"TULBAGH",1616,"Voortrekkers 2.xlsx|Main|1616",1804,"TULBAGH","Worcester",875,NA,NA,NA
"SMIT","SMIT","CHRISTIAAN ADREAS","SMITa2b9c16","1806","1806","1806","1881","1831","MALMESBURY",NA,1842,NA,"PIETERMARITZBURG","CHRISTINA JACOBA","HANEKOM",NA,"TULBAGH",1617,"Voortrekkers 2.xlsx|Main|1617",1806,"MALMESBURY","Stellenbosch",876,NA,NA,NA
"SMIT","SMIT","JOHANNES HENDRIK","SMITa2b9c7",NA,NA,"1789",NA,"1812","BEAUFORT",NA,1838,"P.D. JACOBS","PIETERMARITZBURG","ANNA ELIZABETH","OLIVIER",NA,NA,1618,"Voortrekkers 2.xlsx|Main|1618",1789,"BEAUFORT","Beaufort",877,"Jacobs","Jacobs","Jacobs"
"SMIT","SMIT","WILLEM JACOBUS","SMITa4b2c4d3e2f2",NA,NA,"1806",NA,"1823","COLESBERG",NA,1838,"P.D. JACOBS","WINBURG","CATHARINA MARIA","BRITS",NA,NA,1623,"Voortrekkers 2.xlsx|Main|1623",1806,"COLESBERG","Colesberg_multi",878,"Jacobs","Jacobs","Jacobs"
"SMIT","SMIT","SAMUEL JACOBUS","SMITa4b2c4d3e2f3",NA,NA,"1807",NA,"1829","SOMERSET","BRAKRIVIER",1837,NA,"TRANSORANJE","MARIA MAGDALENA","VAN RENSBURG",NA,NA,1624,"Voortrekkers 2.xlsx|Main|1624",1807,"SOMERSET","Somerset_multi",879,NA,NA,NA
"SMIT","SMIT","FRANCOIS PETRUS","SMITa4b2c4d3e7",NA,NA,"1792","1863","1814","BEAUFORT",NA,1838,NA,"BOSHOF","SUSANNA ISABELLA","BREYTENBACH",NA,NA,1625,"Voortrekkers 2.xlsx|Main|1625",1792,"BEAUFORT","Beaufort",880,NA,NA,NA
"SMIT","SMIT","ABRAHAM JOHANNES","SMITa4b3c5d10e2","1785","1785","1785","1855",NA,"SOMERSET","SWAGERSHOEK",1840,NA,"GRAAFF-REINET","ANNA ELIZABETH","VORSTER",NA,"PAARL",1635,"Voortrekkers 2.xlsx|Main|1635",1785,"SOMERSET","Somerset_multi",881,NA,NA,NA
"SMIT","SMIT","BURGERT GODLIEB","SMITa4b3c5d10e7","1794","1794","1794","1866","1813","SOMERSET","TARKA",1837,NA,"SMITHFIELD","FREDERIKA ELISABETH (JACOBA)","DE BEER",NA,"GRAAFF-REINET",1639,"Voortrekkers 2.xlsx|Main|1639",1794,"SOMERSET","Somerset_multi",882,NA,NA,NA
"SMIT","SMIT","CHRISTIAAN HENDRIK STEPHANUS SR.","SMITa4b3c5d11e3",NA,NA,"1793",NA,"1817","GRAAFF-REINET",NA,NA,NA,"OHRIGSTAD","DOROTHEA WILHELMINA","CLAASENS",NA,NA,1641,"Voortrekkers 2.xlsx|Main|1641",1793,"GRAAFF-REINET","Graaff-Reinet",883,NA,NA,NA
"SMIT","SMIT","NICOLAAS JACOBUS CHRISTOFFEL","SMITa4b3c7d2e6f1","1808","1808","1808",NA,NA,"CLANWILLIAM","ONDER-BOKKEVELD",1839,"FAMILY MOVE","WINBURG","ANNA MAGDALENA","RAS",NA,NA,1644,"Voortrekkers 2.xlsx|Main|1644",1808,"CLANWILLIAM","Clanwilliam",884,"Family/Independent","Family/Independent","Family/Independent"
"SMIT","SMIT","ANDRIES ADRIAAN","SMITa4b6c10d1e2","1797","1797","1797",NA,"1821","SOMERSET","TARKA",1837,"PIET RETIEF","NATAL","ALETTA CATHARINA MAGDALENA","OLIVIER",NA,"GRAAFF-REINET",1645,"Voortrekkers 2.xlsx|Main|1645",1797,"SOMERSET","Somerset_multi",885,"Retief","Retief","Retief"
"SNYDERS","SNYDERS","JOHANNES HENDRIK","SNYDERSa1b8c2","1788","1788","1788","1852","1815","BEAUFORT","NUWEVELD",1837,"JACOB DE KLERK",NA,"HENDRINA MARIA","JANSE VAN RENSBURG",NA,NA,1650,"Voortrekkers 2.xlsx|Main|1650",1788,"BEAUFORT","Beaufort",886,"De Klerk","De Klerk","De Klerk"
"SNYDERS","SNYDERS","GERRIT CHRISTOFFEL","SNYDERSa1b8c3","1791","1791","1791","1855","1816","BEAUFORT","NUWEVELD",1837,"JACOB DE KLERK",NA,"ALETTA SOPHIA","JANSE VAN RENSBURG",NA,"TULBAGH",1651,"Voortrekkers 2.xlsx|Main|1651",1791,"BEAUFORT","Beaufort",887,"De Klerk","De Klerk","De Klerk"
"SNYDERS","SNYDERS","PETRUS JACOBUS","SNYDERSa1b8c4",NA,NA,"1796",NA,NA,"BEAUFORT","NUWEVELD",1837,"JACOB DE KLERK",NA,NA,NA,NA,NA,1652,"Voortrekkers 2.xlsx|Main|1652",1796,"BEAUFORT","Beaufort",888,"De Klerk","De Klerk","De Klerk"
"SNYMAN","SNYMAN","DAVID BENJAMIN","SNYMANa1b7c1d4e6",NA,NA,"1798",NA,"1817","SOMERSET","TARKA",1836,"A.H. POTGIETER","OHRIGSTAD","ANNA FRANCINA","VAN EEDEN",NA,NA,1654,"Voortrekkers 2.xlsx|Main|1654",1798,"SOMERSET","Somerset_multi",889,"Potgieter","Potgieter","Potgieter"
"SNYMAN","SNYMAN","NICOLAAS","SNYMANa1b7c1d4e8",NA,NA,"1804",NA,"1825","SOMERSET","SWAGERSHOEK",1843,NA,"OHRIGSTAD","ANNA MARIA","GREYLING",NA,NA,1657,"Voortrekkers 2.xlsx|Main|1657",1804,"SOMERSET","Somerset_multi",890,NA,NA,NA
"SNYMAN","SNYMAN","THEUNIS","SNYMANa1b7c1d6e6",NA,NA,"1798","1878","1820","UITENHAGE","BAVIAANSKLOOF",1840,NA,"OHRIGSTAD","SARA JACOBA","MARX",NA,NA,1658,"Voortrekkers 2.xlsx|Main|1658",1798,"UITENHAGE","Uitenhage",891,NA,NA,NA
"SNYMAN","SNYMAN","GERHARDUS","SNYMANa1b7c1d6e7",NA,NA,"1800",NA,"1822","UITENHAGE","GAMTOOSRIVIER",1842,NA,"OHRIGSTAD","JOHANNA SUSANNA","MOOLMAN",NA,NA,1659,"Voortrekkers 2.xlsx|Main|1659",1800,"UITENHAGE","Uitenhage",892,NA,NA,NA
"SNYMAN","SNYMAN","GERRIT CHRISTOFFEL","SNYMANa1b7c3d8e5","1801","1801","1801","1876","1820","GEORGE",NA,1837,"P.L UYS",NA,"MARTHA MAGDALENA","BEKKER",NA,"TULBAGH",1660,"Voortrekkers 2.xlsx|Main|1660",1801,"GEORGE","George",893,"Uys","Uys","Uys"
"SNYMAN","SNYMAN","JOHANNES HENDRIK JACOBUS","SNYMANa1b7c4d8e2",NA,NA,"1796",NA,"1817",NA,NA,1840,NA,NA,"HELENA JOSINA","SCHOEMAN",NA,NA,1661,"Voortrekkers 2.xlsx|Main|1661",1796,NA,"Unknown",894,NA,NA,NA
"SNYMAN","SNYMAN","JACOBUS PHILIPPUS","SNYMANa1b7c4d8e3","1797","1797","1797","1877","1818","UITENHAGE",NA,1838,NA,"MARICO","JOHANNA MARTHINA","BEKKER",NA,NA,1662,"Voortrekkers 2.xlsx|Main|1662",1797,"UITENHAGE","Uitenhage",895,NA,NA,NA
"SPANGENBERG","SPANGENBERG","MARTHINUS DAVID","SPANGENBERGa3b1c1d2",NA,NA,"1801",NA,NA,"CLANWILLIAM","ONDER-BOKKEVELD",1838,NA,"WINBURG","ANNA","VAN ZYL",NA,NA,1664,"Voortrekkers 2.xlsx|Main|1664",1801,"CLANWILLIAM","Clanwilliam",896,NA,NA,NA
"SPIES","SPIES","LODEWYK PETRUS","SPIESa1b2c4","1796","1796","1796","1874","1820","SWELLENDAM","BO-DUIVENSHOKRIVIER",1838,NA,"COLESBERG","SARA JOHANNA","CRONJE",NA,NA,1666,"Voortrekkers 2.xlsx|Main|1666",1796,"SWELLENDAM","Swellendam",897,NA,NA,NA
"SPIES","SPIES","BAREND JACOBUS","SPIESa1b2c5","1798","1798","1798",NA,"1823","SWELLENDAM","BO-DUIVENSHOKRIVIER",1838,NA,"COLESBERG","HENDRINA ELIZABETH (ELSABE)","SWART",NA,NA,1667,"Voortrekkers 2.xlsx|Main|1667",1798,"SWELLENDAM","Swellendam",898,NA,NA,NA
"SPIES","SPIES","ANDRIES THEODORUS","SPIESa1b2c6","1800","1800","1800","1889","1821","SWELLENDAM","BO-DUIVENSHOKRIVIER",1839,NA,"POTCHEFSTROOM","MARIA MAGDALENA","FOURIE","SWELLENDAM",NA,1668,"Voortrekkers 2.xlsx|Main|1668",1800,"SWELLENDAM","Swellendam",899,NA,NA,NA
"SPRUYT","SPRUYT","JACOBUS WILLEM","SPRUYTa1b1c3",NA,NA,"1780",NA,"1809","GRAAFF-REINET","WINTERVELD",NA,NA,"TRANSORANJE","MARIA MAGDALENA","SLIER",NA,"KAAPSTAD",1669,"Voortrekkers 2.xlsx|Main|1669",1780,"GRAAFF-REINET","Graaff-Reinet",900,NA,NA,NA
"STEYNBERG","STEYNBERG","WILLEM FEDERIK","STEYNBERGa1b11c2","1804","1804","1804","1890","1829","GRAAFF-REINET",NA,1842,NA,"TRANSORANJE","MARIA ELZABETH","BESTER",NA,NA,1671,"Voortrekkers 2.xlsx|Main|1671",1804,"GRAAFF-REINET","Graaff-Reinet",901,NA,NA,NA
"STEENKAMP","STEENKAMP","PETRUS JOHANNES DIRKSE","STEENKAMPa1b11c10d2","1800","1800","1800","1871","1824","CLANWILLIAM",NA,1841,NA,"POTCHEFSTROOM EN LYDENBURG","MARGARETHA MARIA","STEENKAMP",NA,"TULBAGH",1672,"Voortrekkers 2.xlsx|Main|1672",1800,"CLANWILLIAM","Clanwilliam",902,NA,NA,NA
"STEENKAMP","STEENKAMP","WILLEM","STEENKAMPa1b12c8d4","1806","1806","1806","1874","1829","CLANWILLIAM",NA,1842,"FAMLIY MOVE","ERMELO","JOHANNA MARGARETHA","KOTZE",NA,NA,1674,"Voortrekkers 2.xlsx|Main|1674",1806,"CLANWILLIAM","Clanwilliam",903,"Family/Independent","Family/Independent","Family/Independent"
"STEENKAMP","STEENKAMP","JAN HARMSE","STEENKAMPa1b7c2",NA,NA,"1761",NA,"1783","SOMERSET","TARKA",1837,"JAN DU PLESSIS",NA,"ANNA ELIZABETH","VAN VUUREN",NA,NA,1675,"Voortrekkers 2.xlsx|Main|1675",1761,"SOMERSET","Somerset_multi",904,"Du Plessis","Du Plessis","Du Plessis"
"STEENKAMP","STEENKAMP","BAREND WILLEM JACOBUS","STEENKAMPa1b7c2d10","1803","1803","1803","1880","1824","SOMERSET","TARKA",1837,"J.C POTGIETER","WAKKERSTROOM","JOHANNA DOROTHEA ALETTA","LABUSCHAGNE",NA,"GRAAFF-REINET",1676,"Voortrekkers 2.xlsx|Main|1676",1803,"SOMERSET","Somerset_multi",905,"Potgieter","Potgieter","Potgieter"
"STEENKAMP","STEENKAMP","THOMAS IGNATIUS (JACOBUS)","STEENKAMPa1b7c2d3",NA,NA,"1791","1865","1813","SOMERSET","TARKA",1836,"A.H POTGIETER","TRANSORANJE","CLARA ISABELLA","POTGIETER",NA,NA,1680,"Voortrekkers 2.xlsx|Main|1680",1791,"SOMERSET","Somerset_multi",906,"Potgieter","Potgieter","Potgieter"
"STEENKAMP","STEENKAMP","PHILIPPUS LOURENS","STEENKAMPa1b7c2d5",NA,NA,"1795","1856","1816","SOMERSET","TARKA",1837,"JAN DU PLESSIS","RUSTENBURG","JOHANNA DOROTHEA GEERTRUIDA","DU PLESSIS",NA,"GRAAFF-REINET",1684,"Voortrekkers 2.xlsx|Main|1684",1795,"SOMERSET","Somerset_multi",907,"Du Plessis","Du Plessis","Du Plessis"
"STEENVAT","STEENVAT","JOHANNES CAROLUS","STEENVATa1b2","1789","1789","1789",NA,"1830","SOMERSET","BAVIAANSRIVIER",1839,NA,"NATAL","MARHTA ELIZABETH","FOUCHE",NA,"GRAAFF-REINET",1687,"Voortrekkers 2.xlsx|Main|1687",1789,"SOMERSET","Somerset_multi",908,NA,NA,NA
"STEYN","STEYN","HANS JURGEN","STEYNa1b1c3d4e8",NA,NA,"1788",NA,"1811","BEAUFORT",NA,NA,NA,"OHRIGSTAD","FRANCINA CHRISTINA","KOORTS",NA,"GRAAFF-REINET",1689,"Voortrekkers 2.xlsx|Main|1689",1788,"BEAUFORT","Beaufort",909,NA,NA,NA
"STEYN","STEYN","JOHANNES CHRISTOFFEL (HANS)","STEYNa1b2c3d11e4f1","1799","1799","1799","1887","1825","SWELLENDAM","KLIPRIVER",1838,"FAMLIY MOVE","OHRIGSTAD","PETRONELLA HELENA","SCHOEMAN","SWELLENDAM","SWELLENDAM",1690,"Voortrekkers 2.xlsx|Main|1690",1799,"SWELLENDAM","Swellendam",910,"Family/Independent","Family/Independent","Family/Independent"
"STEYN","STEYN","PETRUS PAULUS","STEYNa1b2c3d13e2",NA,NA,"1792",NA,"1820","SWELLENDAM","KLIPRIVER",1839,NA,"OHRIGSTAD","JACOBA HENDRINA","ROOS",NA,NA,1692,"Voortrekkers 2.xlsx|Main|1692",1792,"SWELLENDAM","Swellendam",911,NA,NA,NA
"STEYN","STEYN","HERMANUS (P.SEUN)","STEYNa1b2c3d13e2f?",NA,NA,NA,NA,NA,"SWELLENDAM","KLIPRIVER",1839,NA,"SOMERSET",NA,NA,NA,NA,1693,"Voortrekkers 2.xlsx|Main|1693",NA,"SWELLENDAM","Swellendam",912,NA,NA,NA
"STEYN","STEYN","DOUW PETRUS JACOBUS","STEYNa1b2c3d4e11",NA,NA,"1797",NA,"1824","BEAUFORT",NA,1839,NA,"TRANSORANJE","ENGELA PETRONELLA","ESTERHUYSE",NA,"GRAAFF-REINET",1695,"Voortrekkers 2.xlsx|Main|1695",1797,"BEAUFORT","Beaufort",913,NA,NA,NA
"STEYN","STEYN","LUCAS CORNELIS","STEYNa1b2c3d4e2f2",NA,NA,"1794",NA,"1816","SOMERSET","BAVIAANSRIVIER",1837,"LUCAS JOHANNES MEYER","OHRIGSTAD","MARTHA SUSANNA","DU PLESSIS",NA,"GRAAFF-REINET",1696,"Voortrekkers 2.xlsx|Main|1696",1794,"SOMERSET","Somerset_multi",914,"Meyer","Meyer","Meyer"
"STEYN","STEYN","HANS JURGEN","STEYNa1b2c3d4e2f3",NA,NA,"1795",NA,NA,"SOMERSET","BAVIAANSRIVIER",1838,"P.A OPPERMAN","OHRIGSTAD","NICOLA MARIA ELISABETH","KLOPPER",NA,NA,1700,"Voortrekkers 2.xlsx|Main|1700",1795,"SOMERSET","Somerset_multi",915,"Opperman","Opperman","Opperman"
"STEYN","STEYN","THEUNIS FREDERIK JACOBUS","STEYNa1b2c3d4e2f7","1806","1806","1806","1889","1826","SOMERSET","BAVIAANSRIVIER",1837,"LUCAS JOHANNES MEYER","POTCHEFSTROOM","MARTHA FRANCINA","VILJOEN",NA,"GRAAFF-REINET",1702,"Voortrekkers 2.xlsx|Main|1702",1806,"SOMERSET","Somerset_multi",916,"Meyer","Meyer","Meyer"
"STEYN","STEYN","HERMANUS","STEYNa1b2c3d6e1f1",NA,NA,"1789",NA,"1808","SOMERSET","BRAKRIVIER",1836,"A.H POTGIETER",NA,"JOHANNA HENDRINA","FOURIE",NA,NA,1706,"Voortrekkers 2.xlsx|Main|1706",1789,"SOMERSET","Somerset_multi",917,"Potgieter","Potgieter","Potgieter"
"STEYN","STEYN","HERMANUS","STEYNa1b2c3d6e1f1g1",NA,NA,"1809","1882","1829","SOMERSET","AGTER-SNEEUBERG",1836,"A.H POTGIETER",NA,"MARIA CATHARINA MARGARETHA","KRUGER",NA,NA,1707,"Voortrekkers 2.xlsx|Main|1707",1809,"SOMERSET","Somerset_multi",918,"Potgieter","Potgieter","Potgieter"
"STEYN","STEYN","HERMANUS (M. SEUN)","STEYNa1b2c3d6e2f1","1791","1791","1791","1869","1815","BEAUFORT",NA,1838,"FAMLIY MOVE","KRRONSPRUIT","ANNA CATHARINA","HATTINGH",NA,NA,1711,"Voortrekkers 2.xlsx|Main|1711",1791,"BEAUFORT","Beaufort",919,"Family/Independent","Family/Independent","Family/Independent"
"STEYN","STEYN","JOHANNES","STEYNa1b2c3d6e7f3","1802","1802","1802","1885","1822","BEAUFORT",NA,1840,NA,"TRANSORANJE","MACHTELD SUSARA","OOSTHUIZEN",NA,NA,1713,"Voortrekkers 2.xlsx|Main|1713",1802,"BEAUFORT","Beaufort",920,NA,NA,NA
"STEYN","STEYN","MARTHINUS","STEYNa1b2c6d13e4",NA,NA,"1806","1864","1830","SWELLENDAM","CALEDON",1843,NA,"WINBURG","ELIZABETH CHRISTINA","WESSELS",NA,NA,1715,"Voortrekkers 2.xlsx|Main|1715",1806,"SWELLENDAM","Swellendam",921,NA,NA,NA
"STEYN","STEYN","JACOBUS MARTHINUS","STEYNa1b2c8d2e5",NA,NA,"1798",NA,"1820","BEAUFORT",NA,NA,NA,NA,"ANNA LEONORA","DE BEER",NA,NA,1716,"Voortrekkers 2.xlsx|Main|1716",1798,"BEAUFORT","Beaufort",922,NA,NA,NA
"STEYN","STEYN","PETRUS HERMANUS","STEYNa1b2c8d2e6",NA,NA,"1800","1896","1815","BEAUFORT",NA,1844,NA,NA,"JACOBA ELIZABETH","DE BEER",NA,"GRAAFF-REINET",1718,"Voortrekkers 2.xlsx|Main|1718",1800,"BEAUFORT","Beaufort",923,NA,NA,NA
"STEYN","STEYN","PIETER WOUTER","STEYNa1b2c8d3e4",NA,NA,"1790",NA,"1810","SWELLENDAM","VETRIVIER",1840,"FAMLIY MOVE",NA,"JOHANNA SUSANNA","DU PREEZ",NA,NA,1721,"Voortrekkers 2.xlsx|Main|1721",1790,"SWELLENDAM","Swellendam",924,"Family/Independent","Family/Independent","Family/Independent"
"STEYN","STEYN","HERMANUS JACOBUS (DOUW SEUN)","STEYNa1b2c8d3e5",NA,NA,"1794",NA,"1815","SWELLENDAM","VETRIVIER",NA,NA,NA,"SUSANNA MARIA","STEYN",NA,"STELLEBOSCH",1723,"Voortrekkers 2.xlsx|Main|1723",1794,"SWELLENDAM","Swellendam",925,NA,NA,NA
"STOLZ","STOLZ","COENRAAD FREDRIK","STOLZa1b2c1d2",NA,NA,"1798",NA,"1821","CRADOCK",NA,1840,NA,"NATAL","AGATA GERTRUIDA ELIZABETH FRANCINA","VAN DER SCHYFF",NA,"SWELLENDAM",1725,"Voortrekkers 2.xlsx|Main|1725",1798,"CRADOCK","Cradock",926,NA,NA,NA
"STOLZ","STOLZ","WILLEM","STOLZa1b2c2d3",NA,NA,"1802",NA,"1823","UITENHAGE",NA,1840,NA,"TRANSORANJE","MARIA SALOMINA (WILHELMINA)","ERASMUS",NA,NA,1726,"Voortrekkers 2.xlsx|Main|1726",1802,"UITENHAGE","Uitenhage",927,NA,NA,NA
"STRAUSS","STRAUSS","DAVID JACOBUS","STRAUSSa1b2c4",NA,NA,"1781",NA,"1802","GRAAFF-REINET","COLESBURG",1834,NA,"TRANSORANJE","ELISABETH LOUISA","LIEBENBERG",NA,"KAAPSTAD",1731,"Voortrekkers 2.xlsx|Main|1731",1781,"GRAAFF-REINET","Graaff-Reinet",928,NA,NA,NA
"STRAUSS","STRAUSS","DAVID CHISTIAAN DIRK","STRAUSSa1b2c4d1","1804","1804","1804","1870","1827","COLESBERG","NUWE HANTAM",NA,NA,"FAURESMITH","ZACHARIJA PETRONELLA","SCHOLTZ",NA,NA,1732,"Voortrekkers 2.xlsx|Main|1732",1804,"COLESBERG","Colesberg_multi",929,NA,NA,NA
"STRAUSS","STRAUSS","ADRIES JACOBUS","STRAUSSa1b2c4d3","1806","1806","1806",NA,"1830","COLESBERG",NA,NA,"FAMLIY MOVE","EDENBURG","CAROLINA MARGARETHA ELIZABETH","LUBBE",NA,"TULBAGH",1733,"Voortrekkers 2.xlsx|Main|1733",1806,"COLESBERG","Colesberg_multi",930,"Family/Independent","Family/Independent","Family/Independent"
"STRAUSS","STRAUSS","JOHANNES MARTTHIAS","STRAUSSa1b2c8","1790","1790","1790","1870","1815","COLESBERG",NA,1834,NA,"TRANSORANJE","ADRIANA S.","JACOBS","TULBAGH","SWARTLAND",1737,"Voortrekkers 2.xlsx|Main|1737",1790,"COLESBERG","Colesberg_multi",931,NA,NA,NA
"STRYDOM","STRYDOM","GIDEON LOURENS","STRYDOMa1b3c3d3e11","1791","1791","1791","1872","1815","UITENHAGE",NA,1842,NA,"WINBURG","CORNELIA SUSANNA (SARA)","BEZUIDENHOUT",NA,NA,1740,"Voortrekkers 2.xlsx|Main|1740",1791,"UITENHAGE","Uitenhage",932,NA,NA,NA
"STRYDOM","STRYDOM","DANIEL JACOBUS JOHANNES (JACOBUS)","STRYDOMa1b3c3d6e10",NA,NA,"1794",NA,"1840","BEAUFORT","GAMKA",1840,"P.D JACOBS","MARICO","MARIA JOHANNA JACOMINA","VAN WYK",NA,NA,1743,"Voortrekkers 2.xlsx|Main|1743",1794,"BEAUFORT","Beaufort",933,"Jacobs","Jacobs","Jacobs"
"STRYDOM","STRYDOM","JOHANNES MATTHYS","STRYDOMa1b3c3d6e11",NA,NA,"1797","1882","1816","BEAUFORT","TRAKA",1837,NA,"HEIDELBERG","ANNA DOROTHEA","BEKKER",NA,NA,1744,"Voortrekkers 2.xlsx|Main|1744",1797,"BEAUFORT","Beaufort",934,NA,NA,NA
"STRYDOM","STRYDOM","DAVID JAN JACOBUS","STRYDOMa1b3c3d6e12",NA,NA,"1798",NA,NA,"BEAUFORT","TRAKA",1841,"P.D JACOBS","HEIDELBERG","ANNA MAGDALENA","KLASSEN",NA,NA,1746,"Voortrekkers 2.xlsx|Main|1746",1798,"BEAUFORT","Beaufort",935,"Jacobs","Jacobs","Jacobs"
"STRYDOM","STRYDOM","PIETER FREDERIK","STRYDOMa1b3c3d6e13","1800","1800","1800","1887","1821","BEAUFORT","TRAKA",1838,"FAMLIY MOVE","MARICO","CORNELIA MARIA","LINDEQUE",NA,NA,1748,"Voortrekkers 2.xlsx|Main|1748",1800,"BEAUFORT","Beaufort",936,"Family/Independent","Family/Independent","Family/Independent"
"STRYDOM","STRYDOM","JAN HENDRIK","STRYDOMa1b3c3d6e15","1804","1804","1804","1875","1831","BEAUFORT","TRAKA",1838,"P.D JACOBS","MARICO","CORNELIA FRANCINA MAGDALENA ELIZABETH","MEYER","BEAUFORT",NA,1751,"Voortrekkers 2.xlsx|Main|1751",1804,"BEAUFORT","Beaufort",937,"Jacobs","Jacobs","Jacobs"
"STRYDOM","STRYDOM","JACOBUS","STRYDOMa1b3c3d6e16",NA,NA,"1807","1886",NA,"BEAUFORT",NA,1840,"P.D JACOBS","NATAL","JOHANNA CATHARINA WILHELMINA","MEYER",NA,NA,1752,"Voortrekkers 2.xlsx|Main|1752",1807,"BEAUFORT","Beaufort",938,"Jacobs","Jacobs","Jacobs"
"STRYDOM","STRYDOM","FREDERIK ANDRIES","STRYDOMa1b3c3d6e17","1809","1809","1809","1873","1832","BEAUFORT","TRAKA",1842,"P.D JACOBS","POTCHEFSTROOM","HESTER SUSANNA","ERASMUS",NA,"SWELLENDAM",1753,"Voortrekkers 2.xlsx|Main|1753",1809,"BEAUFORT","Beaufort",939,"Jacobs","Jacobs","Jacobs"
"STRYDOM","STRYDOM","JOHANNES PETRUS (HANS)","STRYDOMa1b3c3d6e3",NA,NA,"1778","1838","1810","SOMERSET","BRAKRIVIER",1835,"J.J. JANSEN VAN RENSBURG",NA,"ANNA MARIA CATHARINA","SMITH",NA,"TULBAGH",1754,"Voortrekkers 2.xlsx|Main|1754",1778,"SOMERSET","Somerset_multi",940,"Van Rensburg","Van Rensburg","Minor Leader"
"STRYDOM","STRYDOM","HENDRIK JOSEPHUS","STRYDOMa1b4c23d2e2",NA,NA,"1777",NA,NA,NA,NA,NA,NA,NA,NA,NA,NA,NA,1758,"Voortrekkers 2.xlsx|Main|1758",1777,NA,"Unknown",941,NA,NA,NA
"STRYDOM","STRYDOM","JOHANNES","STRYDOMa1b4c3d2e2f2",NA,NA,"1803",NA,"1822","UITENHAGE",NA,1838,NA,"NATAL","MARIA ELIZABETH","COMBRINK",NA,NA,1759,"Voortrekkers 2.xlsx|Main|1759",1803,"UITENHAGE","Uitenhage",942,NA,NA,NA
"STRYDOM","STRYDOM","STEPHANUS JACOBUS","STRYDOMa1b4c3d2e2f5","1809","1809","1809","1879","1836","UITENHAGE",NA,1838,NA,NA,"JOHANNA CATHARINA","VAN STADEN",NA,"GRAAFF-REINET",1761,"Voortrekkers 2.xlsx|Main|1761",1809,"UITENHAGE","Uitenhage",943,NA,NA,NA
"STRYDOM","STRYDOM","BAREND HENDRIK JOSEPHUS","STRYDOMa1b4c6d3e5",NA,NA,"1797","1882","1818","SOMERSET","BRAKRIVIER",1842,NA,"TRANSORANJE","ZACHARIA GEERTUIDA","VAN WYK",NA,NA,1763,"Voortrekkers 2.xlsx|Main|1763",1797,"SOMERSET","Somerset_multi",944,NA,NA,NA
"STRYDOM","STRYDOM","COENRAAD JACOBUS STEPHANUS","STRYDOMa1b4c6d3e6",NA,NA,"1797","1879","1834","UITENHAGE","SWARTRUGGENS",1840,NA,"POTCHEFSTROOM","JOHANNA WILHELMINA","SLABBERT",NA,NA,1766,"Voortrekkers 2.xlsx|Main|1766",1797,"UITENHAGE","Uitenhage",945,NA,NA,NA
"SWANEPOEL","SWANEPOEL","PIETER ANDRIES","SWANEPOELa1b3c3d2",NA,NA,"1776",NA,"1801","WORCESTER","KLEIN-SWARTBERG",1840,NA,"POTCHEFSTROOM","MARIA ELIZABETH","MALAN",NA,"PAARL",1769,"Voortrekkers 2.xlsx|Main|1769",1776,"WORCESTER","Worcester",946,NA,NA,NA
"SWANEPOEL","SWANEPOEL","WILLEM ABRAHAM","SWANEPOELa1b3c6d12","1803","1803","1803",NA,"1822","GRAAFF-REINET",NA,1840,NA,"NATAL","HESTER CATHARINA","VENTER","ROGGEVELD","STELLENBOSCH",1774,"Voortrekkers 2.xlsx|Main|1774",1803,"GRAAFF-REINET","Graaff-Reinet",947,NA,NA,NA
"SWANEPOEL","SWANEPOEL","WILLEM BAREND","SWANEPOELa1b3c7","1758","1758","1758",NA,"1790","GRAAFF-REINET",NA,NA,NA,NA,"ANNA","FOURIE",NA,NA,1776,"Voortrekkers 2.xlsx|Main|1776",1758,"GRAAFF-REINET","Graaff-Reinet",948,NA,NA,NA
"SWANEPOEL","SWANEPOEL","ABRAHAM CHRISTOFFEL JOHANNES","SWANEPOELa1b3c8d6","1804","1804","1804","1894","1827","BEAUFORT",NA,1836,"A.H POTGIETER","WINBURG","SARA JOHANNA SUSANNA","JANSEN VAN VUUREN",NA,"GRAAFF-REINET",1777,"Voortrekkers 2.xlsx|Main|1777",1804,"BEAUFORT","Beaufort",949,"Potgieter","Potgieter","Potgieter"
"SWANEPOEL","SWANEPOEL","JACOBUS (ROOI KOOS)","SWANEPOELa1b6c5d2","1786","1786","1786","1860","1807","GRAAFF-REINET",NA,1840,NA,"SMITHFIELD","JOHANNA CATHARINA","VAN TONDER",NA,"KAAPSTAD",1778,"Voortrekkers 2.xlsx|Main|1778",1786,"GRAAFF-REINET","Graaff-Reinet",950,NA,NA,NA
"SWANEPOEL","SWANEPOEL","CHRISTIAAN HENDERIK","SWANEPOELa1b6c5d2e2","1808","1808","1808","1880","1827","SOMERSET","BRAKRIVIER",1840,NA,"BURGERSDORP","ANNA MARIA","SWANEPOEL","GRAAFF-REINET","GRAAFF-REINET",1779,"Voortrekkers 2.xlsx|Main|1779",1808,"SOMERSET","Somerset_multi",951,NA,NA,NA
"SWANEPOEL","SWANEPOEL","JACOBUS JOHANNES (BLOU KOOS)","SWANEPOELa1b6c6d1","1784","1784","1784","1871","1809","UITENHAGE","SWARTRUGGENS",1839,NA,"TRANSORANJE","ELIZABETH MARIA SUSANNA","LOOTS","SWELLENDAM","PAARL",1781,"Voortrekkers 2.xlsx|Main|1781",1784,"UITENHAGE","Uitenhage",952,NA,NA,NA
"SWANEPOEL","SWANEPOEL","STEPHANUS JOHANNES MARTHINUS","SWANEPOELa1b7c2d5","1792","1792","1792","1866","1815","CRADOCK",NA,NA,NA,NA,"HESTER PETRONELLA","ROUSSEAU",NA,NA,1789,"Voortrekkers 2.xlsx|Main|1789",1792,"CRADOCK","Cradock",953,NA,NA,NA
"SWANEPOEL","SWANEPOEL","HENDRIK FREDERIK","SWANEPOELa1b7c7d1","1794","1794","1794","1851","1816","CRADOCK","BRAKRIVIER",1835,"A.H POTGIETER","SMITHFIELD","HENDRINA PETRONELLA","VAN TONDER",NA,"PAARL",1794,"Voortrekkers 2.xlsx|Main|1794",1794,"CRADOCK","Cradock",954,"Potgieter","Potgieter","Potgieter"
"SWART","SWART","GERHARDUS JACOBUS","SWARTa1b2c3d5e13",NA,NA,"1804","1880","1825","SOMERSET","OOS-RIETRIVIER",1837,"A.H POTGIETER","TRANSORANJE","SUSANNA PETRONELLA","BREEDT",NA,"SWELLENDAM",1795,"Voortrekkers 2.xlsx|Main|1795",1804,"SOMERSET","Somerset_multi",955,"Potgieter","Potgieter","Potgieter"
"SWART","SWART","NICOLAAS JOHANNES","SWARTa1b2c4d9e3",NA,NA,"1799","1880","1818","SOMERSET","OOS-RIETRIVIER",1840,NA,NA,"CORNELIA SUSANNA","DE LA REY",NA,NA,1796,"Voortrekkers 2.xlsx|Main|1796",1799,"SOMERSET","Somerset_multi",956,NA,NA,NA
"SWART","SWART","WESSEL CORNELIS","SWARTa1b2c4d9e4",NA,NA,"1801","1852","1820","SOMERSET","OOS-RIETRIVIER",1844,NA,"OHRIGSTAD","MARTHA JOHANNA","BOTHA",NA,NA,1797,"Voortrekkers 2.xlsx|Main|1797",1801,"SOMERSET","Somerset_multi",957,NA,NA,NA
"SWART","SWART","JACOBUS NICOLAAS","SWARTa1b3c3d3e3",NA,NA,"1786",NA,"1808","SWELLENDAM","BREEDERIVIER",1839,NA,"MARICO","MARIA ELIZABETH","SWART",NA,NA,1799,"Voortrekkers 2.xlsx|Main|1799",1786,"SWELLENDAM","Swellendam",958,NA,NA,NA
"THERON","THERON","THOMAS FRANCOIS","THERONa1b4c7d1e4","1797","1797","1797","1856","1819","GRAAFF-REINET",NA,1845,NA,"WINBURG","MARTHA MAGDALENA","VAN DER MERWE",NA,"TULBAGH",1806,"Voortrekkers 2.xlsx|Main|1806",1797,"GRAAFF-REINET","Graaff-Reinet",959,NA,NA,NA
"THERON","THERON","JACOBUS ARNOLDUS","THERONa1b4c7d1e7","1802","1802","1802","1873","1821","COLEBERG",NA,1840,NA,"BOSHOF","JACOBA WILHELMINA","PRETORIUS",NA,"TULBAGH",1809,"Voortrekkers 2.xlsx|Main|1809",1802,"COLEBERG","Colesberg_multi",960,NA,NA,NA
"THEUNISSEN","THEUNISSEN","NICOLAAS JACOBUS","THEUNISSENa1b1",NA,NA,"1796","1851",NA,"SOMERSET","TARKA",1842,NA,"POTCHEFSTROOM","CATHARINA HELENA","DU PLESSIS",NA,"GRAAFF-REINET",1810,"Voortrekkers 2.xlsx|Main|1810",1796,"SOMERSET","Somerset_multi",961,NA,NA,NA
"TREGARDT","TREGARDT","LOUIS (LOWIES)","TREGARDTa1b2c4","1783","1783","1783","1838","1810","SOMERSET","OOS-RIETRIVIER",1835,"J.J JANSE VAN RENSBURG",NA,"MARTHA ELIZABETH SUSANNA","BOUWER","SWELLENDAM","DRANKENSTEIN",1815,"Voortrekkers 2.xlsx|Main|1815",1783,"SOMERSET","Somerset_multi",962,"Van Rensburg","Van Rensburg","Minor Leader"
"UYS","UYS","PETRUS JOHANNES","UYSa1B1C5D1E4","1803","1803","1803","1878",NA,NA,NA,NA,NA,NA,NA,NA,NA,NA,1819,"Voortrekkers 2.xlsx|Main|1819",1803,NA,"Unknown",963,NA,NA,NA
"UYS","UYS","JACOBUS JOHANNES","UYSa1B1C5D2","1770","1770","1770","1838","1793","UITENHAGE","GAMTOOSRIVIER",1837,"P.L UYS",NA,"SUSANNA MARGARETHA","MOOLMAN","SWELLENDAM","STELLENBOSCH",1820,"Voortrekkers 2.xlsx|Main|1820",1770,"UITENHAGE","Uitenhage",964,"Uys","Uys","Uys"
"UYS","UYS","CORNELIS JANSE","UYSa1B1C5D2E2","1796","1796","1796","1872","1834","UITENHAGE","GAMTOOSRIVIER",1837,"P.L UYS","NATAL","JUDITH MARGARETHA","MOOLMAN","SWELLENDAM","STELLENBOSCH",1824,"Voortrekkers 2.xlsx|Main|1824",1796,"UITENHAGE","Uitenhage",965,"Uys","Uys","Uys"
"UYS","UYS","PERTUS LAFRAS","UYSa1B1C5D2E3","1797","1797","1797","1838","1815","UITENHAGE","GAMTOOSRIVIER",1837,NA,NA,"ALIDA MARIA","UYS","SWELLENDAM",NA,1825,"Voortrekkers 2.xlsx|Main|1825",1797,"UITENHAGE","Uitenhage",966,NA,NA,NA
"UYS","UYS","JACOBUS JOHANNES","UYSa1B1C5D2E4","1800","1800","1800","1871","1823","UITENHAGE","GAMTOOSRIVIER",1837,"P.L UYS","NATAL","GEERTRUIDA JOHANNA","HUMAN",NA,"SWELLENDAM",1828,"Voortrekkers 2.xlsx|Main|1828",1800,"UITENHAGE","Uitenhage",967,"Uys","Uys","Uys"
"UYS","UYS","JOHANNES GERHARDUS","UYSa1B1C5D6","1779","1779","1779",NA,NA,"SWELLENDAM","BREEDERIVIER",NA,NA,NA,NA,NA,"SWELLENDAM",NA,1829,"Voortrekkers 2.xlsx|Main|1829",1779,"SWELLENDAM","Swellendam",968,NA,NA,NA
"UYS","UYS","MATTHYS JOHANNES","UYSa1B1C5D8","1783","1783","1783","1860",NA,NA,NA,NA,NA,NA,NA,NA,"UITENHAGE",NA,1831,"Voortrekkers 2.xlsx|Main|1831",1783,NA,"Unknown",969,NA,NA,NA
"UYS","UYS","PETRUS LAFRAS","UYSa1B1C5D8E2",NA,NA,"1809","1859",NA,NA,NA,NA,NA,NA,NA,NA,NA,NA,1832,"Voortrekkers 2.xlsx|Main|1832",1809,NA,"Unknown",970,NA,NA,NA
"VAN AARDE","VAN AARDE","ABRAHAM MATTHYS","VAN AARDEA2B1C15D3",NA,NA,"1798",NA,"1820","WORCESTER","KLEIN ROGGEVELD",1838,"PETRUS JOHANNES NAUDE","RUSTENBURG","SUSANNA M","LE ROUX",NA,NA,1833,"Voortrekkers 2.xlsx|Main|1833",1798,"WORCESTER","Worcester",971,"Other","Other","Minor Leader"
"VAN ASWEGEN","VAN ASWEGEN","IZAK GERRIT","VAN ASWEGENa1B1C5D7",NA,NA,"1803","1859",NA,"COLESBERG",NA,1842,NA,"TRANSORANJE","ANTJIE CHRISTINA","DU TOIT",NA,NA,1836,"Voortrekkers 2.xlsx|Main|1836",1803,"COLESBERG","Colesberg_multi",972,NA,NA,NA
"VAN ASWEGEN","VAN ASWEGEN","HENDRIK ABRAHAM","VAN ASWEGENa1B2C4",NA,NA,"1805","1855","1822","SOMERSET","BRAKRIVIER",1836,"A.H POTGIETER","POTCHEFSTROOM","ALETTA CATHARINA","FOURIE",NA,NA,1837,"Voortrekkers 2.xlsx|Main|1837",1805,"SOMERSET","Somerset_multi",973,"Potgieter","Potgieter","Potgieter"
"VAN ASWEGEN","VAN ASWEGEN","JOHAN DAVID","VAN ASWEGENa1B2C6","1809","1809","1809","1872","1829","SOMERSET","BRAKRIVIER",1838,"A.H POTGIETER","OHRIGSTAD","HELENA GEERTRUIDA","ERASMUS",NA,"GRAAFF-REINET",1838,"Voortrekkers 2.xlsx|Main|1838",1809,"SOMERSET","Somerset_multi",974,"Potgieter","Potgieter","Potgieter"
"VAN BILJON","VAN BILJON","FREDERIK JOHANNES","VAN BILJONa1b2c6d7","1802","1802","1802",NA,NA,"COLESBERG",NA,1842,NA,"WINBURG","MARTHA JACOMINA","VISAGIE",NA,"TULBAGH",1840,"Voortrekkers 2.xlsx|Main|1840",1802,"COLESBERG","Colesberg_multi",975,NA,NA,NA
"VAN BREDA","VAN BREDA","MICHIEL","VAN BREDAa1b1c3d3","1786","1786","1786","1848","1809","GEORGE","MOSSELBAAI",1838,"FAMILIE","NATAL","CHARLOTTA CAROLINA","VOIGT",NA,NA,1841,"Voortrekkers 2.xlsx|Main|1841",1786,"GEORGE","George",976,"Family/Independent","Family/Independent","Family/Independent"
"VAN COLLER","VAN COLLER","JOHANNES DANIëL","VAN COLLERa1b2c1d1",NA,NA,"1800",NA,"1826","SWELLENDAM","TRADOUW",1838,NA,"NATAL","MARIA MARTHINA","DE LA REY",NA,NA,1843,"Voortrekkers 2.xlsx|Main|1843",1800,"SWELLENDAM","Swellendam",977,NA,NA,NA
"VAN COLLER","VAN COLLER","ADOLPH JOHANNES","VAN COLLERa1b2c2d?",NA,NA,NA,NA,NA,"SWELLENDAM","TRADOUW",1837,NA,"GRAAFF-REINET","MARGARETHA","VAN COLLER",NA,NA,1844,"Voortrekkers 2.xlsx|Main|1844",NA,"SWELLENDAM","Swellendam",978,NA,NA,NA
"VAN COLLER","VAN COLLER","JOHANNES DANIëL","VAN COLLERa1b2c2d1","1806","1806","1806",NA,"1837","SWELLENDAM","BREEDERIVIER",1838,NA,"NATAL","SUSANNA MARIA","VAN COLLER",NA,NA,1845,"Voortrekkers 2.xlsx|Main|1845",1806,"SWELLENDAM","Swellendam",979,NA,NA,NA
"VAN COLLER","VAN COLLER","JOHANNES DANIëL SR.","VAN COLLERa1b2c4","1783","1783","1783","1863","1812","SWELLENDAM","TRADOUW",1838,NA,"NATAL","SUSANNA MARIA","SPIES",NA,NA,1847,"Voortrekkers 2.xlsx|Main|1847",1783,"SWELLENDAM","Swellendam",980,NA,NA,NA
"VAN DEN BERG","VAN DEN BERG","JOHANNES JACOBUS","VAN DEN BERGa1b1c10d11","1802","1802","1802",NA,"1822","BEAUFORT","GAMKA",1837,NA,NA,"ANNA JOHANNA","OLIVIER",NA,"TULBAGH",1850,"Voortrekkers 2.xlsx|Main|1850",1802,"BEAUFORT","Beaufort",981,NA,NA,NA
"VAN DEN BERG","VAN DEN BERG","HENDRIK","VAN DEN BERGa1b1c10d6","1785","1785","1785","1839",NA,"BEAUFORT","NUWEVELD",1839,NA,"NATAL","MARIA MAGDALENA","GOUS",NA,NA,1851,"Voortrekkers 2.xlsx|Main|1851",1785,"BEAUFORT","Beaufort",982,NA,NA,NA
"VAN DEN BERG","VAN DEN BERG","MARTHINUS JACOBUS","VAN DEN BERGa1b1c10d6e2","1809","1809","1809","1860","1834","BEAUFORT","NUWEVELD",1839,NA,"NATAL","ELIZABETH MAGDALENA","BRONKHORST","GRAAFF-REINET",NA,1852,"Voortrekkers 2.xlsx|Main|1852",1809,"BEAUFORT","Beaufort",983,NA,NA,NA
"VAN DEN BERG","VAN DEN BERG","JOHANNES NICOLAAS","VAN DEN BERGa1b1c6d6",NA,NA,"1772","1840","1800","GRAAFF-REINET","WINTERVELD",1837,"PIET RETIEF",NA,"HILLETJE MAGDALENA","PRETORIUS",NA,NA,1854,"Voortrekkers 2.xlsx|Main|1854",1772,"GRAAFF-REINET","Graaff-Reinet",984,"Retief","Retief","Retief"
"VAN DEN BERG","VAN DEN BERG","BAREND PETRUS","VAN DEN BERGa1b1c6d9e1","1802","1802","1802",NA,"1821","GRAAFF-REINET","RENOSTERVELD",1839,NA,"TRANSORANJE","HENDRINA JOHANNA","MARAIS",NA,NA,1856,"Voortrekkers 2.xlsx|Main|1856",1802,"GRAAFF-REINET","Graaff-Reinet",985,NA,NA,NA
"VAN DEN BERG","VAN DEN BERG","PETRUS PAULUS","VAN DEN BERGa1b1c7d5e1",NA,NA,"1804",NA,NA,"GRAAFF-REINET","SWARTRUGGENS",1837,"GERT M. MARITZ","TRANSORANJE","CORNELIA JOHANNA","FOUCHE",NA,NA,1858,"Voortrekkers 2.xlsx|Main|1858",1804,"GRAAFF-REINET","Graaff-Reinet",986,"Maritz (GM)","Maritz","Maritz"
"VAN DEN BERG","VAN DEN BERG","IZAK JOHANNES MATTHYS","VAN DEN BERGa1b1c9d2e4","1802","1802","1802",NA,"1819","GRAAFF-REINET",NA,NA,NA,"NATAL","JOHANNA SOPHIA ADRIANA","VAN DEN BERG",NA,"TULBAGH",1860,"Voortrekkers 2.xlsx|Main|1860",1802,"GRAAFF-REINET","Graaff-Reinet",987,NA,NA,NA
"VAN DEN BERG(H)","VAN DEN BERG(H)","BAREND JACOBUS PETRUS","VAN DEN BERG(H)a1b1c6d6e4",NA,NA,"1807","1838","1825","GRAAFF-REINET","WINTERVELD",1837,"PIET RETIEF","RUSTENBURG","MARIA DOROTHEA MAGDALENA","FOURIE",NA,NA,1862,"Voortrekkers 2.xlsx|Main|1862",1807,"GRAAFF-REINET","Graaff-Reinet",988,"Retief","Retief","Retief"
"VAN DER HEEVER","VAN DER HEEVER","LUCAS ADRIAAN JACOBUS","VAN DER HEEVERa1b3c2d1","1807","1807","1807","1857",NA,"COLESBERG",NA,1843,"AS FAMILY","TRANSORANJE","HESTER ELIZABETH(WILHELMINA)","VAN DER HEEVER","SWELLENDAM","KAAPSTAD",1863,"Voortrekkers 2.xlsx|Main|1863",1807,"COLESBERG","Colesberg_multi",989,"Family/Independent","Family/Independent","Family/Independent"
"VAN DER LINDE","VAN DER LINDE","JOHANNES HENDRIK GERHARDUS","VAN DER LINDEa1b3c5d3",NA,NA,"1790",NA,NA,"SOMERSET","BRAKRIVIER",1837,NA,"TRANSORANJE","MAGDALENA JUDITH","AUCAMP",NA,NA,1865,"Voortrekkers 2.xlsx|Main|1865",1790,"SOMERSET","Somerset_multi",990,NA,NA,NA
"VAN DER MERWE","VAN DER MERWE","HENDRIK JACOBUS","VAN DER MERWE2c13d4e3f2 and b3c12d2e14f2",NA,NA,"1795","1877","1814","GRAAFF-REINET","UITVLUGT",1837,"A.H POTGIETER","POTCHEFSTROOM","HESTER SOPHIA","MAARTENS",NA,NA,1866,"Voortrekkers 2.xlsx|Main|1866",1795,"GRAAFF-REINET","Graaff-Reinet",991,"Potgieter","Potgieter","Potgieter"
"VAN DER MERWE","VAN DER MERWE","GERRIT JACOBUS","VAN DER MERWEa1b3c13d9e1","1783","1783","1783",NA,"1805","SOMERSET","CRADOCK",1840,NA,"NATAL","MARIA ELIZABETH","VAN TONDER",NA,NA,1867,"Voortrekkers 2.xlsx|Main|1867",1783,"SOMERSET","Somerset_multi",992,NA,NA,NA
"VAN DER MERWE","VAN DER MERWE","JOHANNES LODEVICUS","VAN DER MERWEa1b3c8d6e1f7","1796","1796","1796",NA,"1816","GRAAFF-REINET","OP-SNEEUBERG",1837,NA,"NATAL","ALETTA CORNELIA","VILJOEN",NA,"PAARL",1869,"Voortrekkers 2.xlsx|Main|1869",1796,"GRAAFF-REINET","Graaff-Reinet",993,NA,NA,NA
"VAN DER MERWE","VAN DER MERWE","SCHALK WILLEM","VAN DER MERWEa1b2c13d1e8f3",NA,NA,"1796","1860",NA,"GRAAFF-REINET","WINTERVELD",1840,NA,NA,"HENDRINA JOHANNA","VAN DER MERWE",NA,"TULBAGH",1872,"Voortrekkers 2.xlsx|Main|1872",1796,"GRAAFF-REINET","Graaff-Reinet",994,NA,NA,NA
"VAN DER MERWE","VAN DER MERWE","ROELOF JACOBUS","VAN DER MERWEa1b2c13d1e8f3g1",NA,NA,NA,NA,NA,NA,NA,1841,NA,"NATAL","HELENA JOHANNA","BERNING",NA,NA,1873,"Voortrekkers 2.xlsx|Main|1873",NA,NA,"Unknown",995,NA,NA,NA
"VAN DER MERWE","VAN DER MERWE","DAVID SCHALK","VAN DER MERWEa1b2c13d4e3f3",NA,NA,"1799","1874",NA,"GRAAFF-REINET","UITVLUGT",1836,"GERT M. MARITZ","NATAL","JOHANNA CATHARINA","WEIDEMAN",NA,NA,1874,"Voortrekkers 2.xlsx|Main|1874",1799,"GRAAFF-REINET","Graaff-Reinet",996,"Maritz (GM)","Maritz","Maritz"
"VAN DER MERWE","VAN DER MERWE","BAREND","VAN DER MERWEa1b2c13d4e3f5",NA,NA,"1803",NA,"1823","GRAAFF-REINET","UITVLUGT",1840,NA,"TRANSORANJE","ELSIE LOUISA","PIENAAR",NA,NA,1875,"Voortrekkers 2.xlsx|Main|1875",1803,"GRAAFF-REINET","Graaff-Reinet",997,NA,NA,NA
"VAN DER MERWE","VAN DER MERWE","WILLEM CAREL","VAN DER MERWEa1b2c13d4e3f8","1808","1808","1808",NA,NA,"GRAAFF-REINET","UITVLUGT",1842,NA,"WINBURG","DOROTHEA MARTHA MARIA","COMBRINK",NA,NA,1876,"Voortrekkers 2.xlsx|Main|1876",1808,"GRAAFF-REINET","Graaff-Reinet",998,NA,NA,NA
"VAN DER MERWE","VAN DER MERWE","THEUNIS JACOBUS","VAN DER MERWEa1b2c14d10e4",NA,NA,"1792",NA,NA,"SOMERSET","BAVIAANSRIVIER",1837,"P.L UYS","NATAL","CORNELIA CATHARINA","DE BEER",NA,"GRAAFF-REINET",1877,"Voortrekkers 2.xlsx|Main|1877",1792,"SOMERSET","Somerset_multi",999,"Uys","Uys","Uys"
"VAN DER MERWE","VAN DER MERWE","PIETER WILLEM","VAN DER MERWEa1b2c14d10e5","1795","1795","1795",NA,NA,"SOMERSET","BAVIAANSRIVIER",1840,NA,"NATAL","HENDRINA MARGARETHA DOROTHEA","VAN DER MERWE",NA,"TULBAGH",1878,"Voortrekkers 2.xlsx|Main|1878",1795,"SOMERSET","Somerset_multi",1000,NA,NA,NA
"VAN DER MERWE","VAN DER MERWE","DIEDELOF JACOBUS","VAN DER MERWEa1b2c14d9e1f1","1806","1806","1806",NA,NA,"SOMERSET","BAVIAANSRIVIER",1841,NA,"NATAL","GEERTRUIDA JACOBA","ROBBERTS",NA,NA,1881,"Voortrekkers 2.xlsx|Main|1881",1806,"SOMERSET","Somerset_multi",1001,NA,NA,NA
"VAN DER MERWE","VAN DER MERWE","JACOBUS JOHANNES RUDOLPH","VAN DER MERWEa1b2c14d9e1f2","1807","1807","1807","1869",NA,"SOMERSET","SWAGERSHOEK",1842,NA,"PIETERMARITZBURG","ELSIE MARIA ALETTA MAGDALENA","VAN DER MERWE","GRAAFF-REINET",NA,1882,"Voortrekkers 2.xlsx|Main|1882",1807,"SOMERSET","Somerset_multi",1002,NA,NA,NA
"VAN DER MERWE","VAN DER MERWE","CORNELIS JOHANNES","VAN DER MERWEa1b2c14d9e1f3","1808","1808","1808",NA,NA,"SOMERSET","SWAGERSHOEK",1841,NA,"NATAL","MARIA MARGARETHA","PRETORIUS","GRAAFF-REINET",NA,1883,"Voortrekkers 2.xlsx|Main|1883",1808,"SOMERSET","Somerset_multi",1003,NA,NA,NA
"VAN DER MERWE","VAN DER MERWE","ANDRIES PETRUS STEPHANUS","VAN DER MERWEa1b2c14d9e2f6",NA,NA,NA,NA,NA,NA,NA,1841,NA,"NATAL","ALTTA ELIZABETH","ROETS",NA,NA,1886,"Voortrekkers 2.xlsx|Main|1886",NA,NA,"Unknown",1004,NA,NA,NA
"VAN DER MERWE","VAN DER MERWE","DAVID SCHALK","VAN DER MERWEa1b2c4d5e1f6","1801","1801","1801","1865","1825","COLESBERG",NA,1840,"FAMILY MOVE","TRANSORANJE","ANNA MARIA SUSANNA","HENNOP","GRAAFF-REINET",NA,1887,"Voortrekkers 2.xlsx|Main|1887",1801,"COLESBERG","Colesberg_multi",1005,"Family/Independent","Family/Independent","Family/Independent"
"VAN DER MERWE","VAN DER MERWE","JAN (JOHANNES) LODEWYK","VAN DER MERWEa1b2c4d5e1f7","1804","1804","1804",NA,"1825","COLESBERG",NA,1840,NA,"TRANSORANJE","MARTHA MAGDALENA","PRETORIUS","TULBAGH",NA,1888,"Voortrekkers 2.xlsx|Main|1888",1804,"COLESBERG","Colesberg_multi",1006,NA,NA,NA
"VAN DER MERWE","VAN DER MERWE","JOHANNES MARTHINUS","VAN DER MERWEa1b2c4d5e2f7","1792","1792","1792","1884","1816","UITENHAGE","BAVIAANSKLOOF",1836,NA,"PRETORIA","HELENA DOROTHEA","SCHOEMAN","SWELLENDAM",NA,1889,"Voortrekkers 2.xlsx|Main|1889",1792,"UITENHAGE","Uitenhage",1007,NA,NA,NA
"VAN DER MERWE","VAN DER MERWE","STEPHANUS PETRUS","VAN DER MERWEa1b2c4d5e2f7g3",NA,NA,NA,NA,NA,"UITENHAGE","BAVIAANSKLOOF",1836,NA,NA,"SUSARA MARIA HELENA","VAN DER MERWE",NA,NA,1890,"Voortrekkers 2.xlsx|Main|1890",NA,"UITENHAGE","Uitenhage",1008,NA,NA,NA
"VAN DER MERWE","VAN DER MERWE","LUCAS JOHANNES","VAN DER MERWEa1b2c4d5e2f8","1795","1795","1795","1870","1818","UITENHAGE","WINTERHOEK",1838,NA,"POTCHEFSTROOM","MARIA ELIZABETH","VILJOEN",NA,"UITENHAGE",1891,"Voortrekkers 2.xlsx|Main|1891",1795,"UITENHAGE","Uitenhage",1009,NA,NA,NA
"VAN DER MERWE","VAN DER MERWE","MARTHINUS","VAN DER MERWEa1b2c5d4e1f4",NA,NA,"1783",NA,NA,"SOMERSET","BO-BOESMANSRIVIER",1842,"J.C ESPAG",NA,"JOHANNA MAGDALENA","VAN ROOYEN",NA,NA,1893,"Voortrekkers 2.xlsx|Main|1893",1783,"SOMERSET","Somerset_multi",1010,"Espag","Espag","Espag"
"VAN DER MERWE","VAN DER MERWE","MARTHINUS STEPHANUS","VAN DER MERWEa1b2c5d4e1f4g1",NA,NA,"1807",NA,"1838","SOMERSET","BO-BOESMANSRIVIER",1838,"LUCAS JOHANNES MEYER",NA,"ANNA SOPHIA JACOBA","JORDAAN",NA,NA,1894,"Voortrekkers 2.xlsx|Main|1894",1807,"SOMERSET","Somerset_multi",1011,"Meyer","Meyer","Meyer"
"VAN DER MERWE","VAN DER MERWE","MARTHINUS","VAN DER MERWEa1b2c5d5e1f1g3",NA,NA,"1808",NA,"1835","SOMERSET","TARKA",1836,"A.H POTGIETER",NA,"CATHARINA CORNELIA","BESTER",NA,NA,1896,"Voortrekkers 2.xlsx|Main|1896",1808,"SOMERSET","Somerset_multi",1012,"Potgieter","Potgieter","Potgieter"
"VAN DER MERWE","VAN DER MERWE","JACOBUS FRANCOIS","VAN DER MERWEa1b2c5d7e5f1","1796","1796","1796",NA,NA,"GRAAFF-REINET","SWARTRUGGENS",1840,NA,"VAALRIVIER","MARIA ELIZABETH","SCHEEPERS",NA,"TULBAGH",1897,"Voortrekkers 2.xlsx|Main|1897",1796,"GRAAFF-REINET","Graaff-Reinet",1013,NA,NA,NA
"VAN DER MERWE","VAN DER MERWE","FRANCOIS ANROLDUS","VAN DER MERWEa1b2c5d7e5f2","1798","1798","1798",NA,"1819","GRAAFF-REINET","SWARTRUGGENS",1840,NA,"TRANSORANJE","CHRISTINA CORNELIA","KOCH",NA,"TULBAGH",1898,"Voortrekkers 2.xlsx|Main|1898",1798,"GRAAFF-REINET","Graaff-Reinet",1014,NA,NA,NA
"VAN DER MERWE","VAN DER MERWE","WILLEM CAREL","VAN DER MERWEa1b2c9d12e5","1785","1785","1785","1858",NA,"GRAAFF-REINET","VOORSNEEUBERG",1836,"G.M MARITZ","BETHLEHEM","MARGARETHA JOHANNA","DE WIT","WAMAKERSVALLEI",NA,1899,"Voortrekkers 2.xlsx|Main|1899",1785,"GRAAFF-REINET","Graaff-Reinet",1015,"Maritz (JS)","Maritz","Maritz"
"VAN DER MERWE","VAN DER MERWE","DAVID SCHALK","VAN DER MERWEa1b2c9d6e10f2",NA,NA,"1800",NA,NA,"SOMERSET","AGTER-SNEEUBERG",1844,"MAGALIESBERG",NA,"NEELTJIE CHRISTINA","VAN DER MERWE",NA,"GRAAFF-REINET",1903,"Voortrekkers 2.xlsx|Main|1903",1800,"SOMERSET","Somerset_multi",1016,"Other","Other","Minor Leader"
"VAN DER MERWE","VAN DER MERWE","JOHANNES PETRUS","VAN DER MERWEa1b3c14d5e4f5","1808","1808","1808","1891","1836","SOMERSET","TARKA",1836,"A.H POTGIETER",NA,"MARTHA SOPHIA","ELOFF",NA,"TULBAGH",1907,"Voortrekkers 2.xlsx|Main|1907",1808,"SOMERSET","Somerset_multi",1017,"Potgieter","Potgieter","Potgieter"
"VAN DER MERWE","VAN DER MERWE","JOHANNES STEPHANUS","VAN DER MERWEa1b3c14d5e5f3","1805","1805","1805","1877",NA,"GRAAFF-REINET","AGTER-SNEEUBERG",1842,NA,"TRANSORANJE","JOHANNA ELIZABETH","GRIESEL",NA,"PAARL",1908,"Voortrekkers 2.xlsx|Main|1908",1805,"GRAAFF-REINET","Graaff-Reinet",1018,NA,NA,NA
"VAN DER SCHYFF","VAN DER SCHYFF","PETRUS MARTHINUS","VAN DER SCHYFFa1b2c6d7",NA,NA,"1800",NA,"1827","COLESBERG",NA,1843,NA,"BLOEMFONTEIN","CATHARINA","VAN NIEKERK",NA,NA,1910,"Voortrekkers 2.xlsx|Main|1910",1800,"COLESBERG","Colesberg_multi",1019,NA,NA,NA
"VAN DER SCHYFF","VAN DER SCHYFF","LUCAS","VAN DER SCHYFFa1b6c2",NA,NA,"1741",NA,"1781","SOMERSET","BRAKRIVIER",1837,"P.L UYS","NATAL","ELISIE JOHANNA","LAAS",NA,NA,1911,"Voortrekkers 2.xlsx|Main|1911",1741,"SOMERSET","Somerset_multi",1020,"Uys","Uys","Uys"
"VAN DER SCHYFF","VAN DER SCHYFF","LUCAS PETRUS DANIëL","VAN DER SCHYFFa1b6c2d10","1808","1808","1808",NA,"1831","SOMERSET","BRAKRIVIER",1837,"P.L UYS","NATAL","CORNELIA ISABELLA","VAN DER SCHYFF",NA,"TULBAGH",1912,"Voortrekkers 2.xlsx|Main|1912",1808,"SOMERSET","Somerset_multi",1021,"Uys","Uys","Uys"
"VAN DER VYVER","VAN DER VYVER","WILLEM BARTHOLOMEUS","VAN DER VYVERa1b2c3d2","1802","1802","1802",NA,"1827","SOMERSET","BAVIAANSRIVIER",1838,NA,NA,"MAGDALENA ELIZABETH","BOTMA",NA,"TULBAGH",1915,"Voortrekkers 2.xlsx|Main|1915",1802,"SOMERSET","Somerset_multi",1022,NA,NA,NA
"VAN DER WESTHUIZEN","VAN DER WESTHUIZEN","NICOLAAS GEORG","VAN DER WESTHUIZENa1b3c8d1e8","1792","1792","1792","1872","1846","BEAUFORT","NUWEVELD",1838,"P.D JACOBS","WOLMARANSSTAD","ELIZABETH MAGDALENA","BARNARD",NA,"GRAAFF-REINET",1918,"Voortrekkers 2.xlsx|Main|1918",1792,"BEAUFORT","Beaufort",1023,"Jacobs","Jacobs","Jacobs"
"VAN DER WESTHUIZEN","VAN DER WESTHUIZEN","JACOB SR.","VAN DER WESTHUIZENa1b3c8d2e2",NA,NA,"1788",NA,"1806","BEAUFORT","NUWEVELD",1838,"P.D JACOBS",NA,"SARA MAGDALENA","KOCK",NA,NA,1919,"Voortrekkers 2.xlsx|Main|1919",1788,"BEAUFORT","Beaufort",1024,"Jacobs","Jacobs","Jacobs"
"VAN DER WESTHUIZEN","VAN DER WESTHUIZEN","JOHANNES MATTHYS","VAN DER WESTHUIZENa1b3c8d2e2f1","1808","1808","1808",NA,"1829","BEAUFORT","NUWEVELD",1838,"P.D JACOBS","TRANSORANJE","WILHELMINA CATHARINA","VAN DER WESTHUIZEN",NA,"TULBAGH",1920,"Voortrekkers 2.xlsx|Main|1920",1808,"BEAUFORT","Beaufort",1025,"Jacobs","Jacobs","Jacobs"
"VAN DER WESTHUIZEN","VAN DER WESTHUIZEN","NICOLAAS","VAN DER WESTHUIZENa1b3c8d2e3",NA,NA,"1790",NA,"1814","BEAUFORT","NUWEVELD",1838,"P.D JACOBS",NA,"MAGDALENA CHRISTINA","VAN WYK",NA,NA,1923,"Voortrekkers 2.xlsx|Main|1923",1790,"BEAUFORT","Beaufort",1026,"Jacobs","Jacobs","Jacobs"
"VAN DER WESTHUIZEN","VAN DER WESTHUIZEN","JASPER","VAN DER WESTHUIZENa1b3c8d2e9",NA,NA,"1803",NA,"1829","BEAUFORT","NUWEVELD",1838,"P.D JACOBS",NA,"MARIA ELIZABETH","LOUW","ROGGEVELD","ROGGEVELD",1924,"Voortrekkers 2.xlsx|Main|1924",1803,"BEAUFORT","Beaufort",1027,"Jacobs","Jacobs","Jacobs"
"VAN DER WESTHUIZEN","VAN DER WESTHUIZEN","JOHANNES","VAN DER WESTHUIZENa1b3c8d6e4","1801","1801","1801","1872","1828","BEAUFORT","TARKA",1841,NA,"NATAL","ANNA SUSANNA","NAUDE",NA,NA,1925,"Voortrekkers 2.xlsx|Main|1925",1801,"BEAUFORT","Beaufort",1028,NA,NA,NA
"VAN DEVENTER","VAN DEVENTER","GERRIT ALBERTUS","VAN DEVENTERa1b5c10d4",NA,NA,"1796","1839","1821","SOMERSET","TARKA",1837,"JAN DU PLESSIS","NATAL","JOHANNA ELIZABETH","DE LANGE",NA,NA,1926,"Voortrekkers 2.xlsx|Main|1926",1796,"SOMERSET","Somerset_multi",1029,"Du Plessis","Du Plessis","Du Plessis"
"VAN DEVENTER","VAN DEVENTER","JOHANNES LODEWYKUS","VAN DEVENTERa1b5c10d6","1800","1800","1800","1875","1821","ALBANY","WINTERBERG",1837,"L.J NEL","OVS","JOHANNA ETHRESIA","POTGIETER",NA,NA,1927,"Voortrekkers 2.xlsx|Main|1927",1800,"ALBANY","Albany",1030,"Nel","Nel","Nel"
"VAN DEVENTER","VAN DEVENTER","GERRIT","VAN DEVENTERa1b5c4d2e1","1796","1796","1796",NA,"1823","SOMERSET","TARKA",1837,"JAN DU PLESSIS","NATAL","ALETTA CATHARINA","VAN ZYL",NA,"TULBAGH",1928,"Voortrekkers 2.xlsx|Main|1928",1796,"SOMERSET","Somerset_multi",1031,"Du Plessis","Du Plessis","Du Plessis"
"VAN DEVENTER","VAN DEVENTER","JAN GERRITSE","VAN DEVENTERa1b5c4d2e2","1798","1798","1798",NA,"1832","SOMERSET","TARKA",1837,"JAN DU PLESSIS","NATAL","SUSANNA ALETTA DOROTHEA","COETZER",NA,"TULBAGH",1929,"Voortrekkers 2.xlsx|Main|1929",1798,"SOMERSET","Somerset_multi",1032,"Du Plessis","Du Plessis","Du Plessis"
"VAN DEVENTER","VAN DEVENTER","WILLEM ANDREAS","VAN DEVENTERa1b5c4d2e5","1805","1805","1805",NA,"1832","SOMERSET","TARKA",1839,NA,"NATAL","JACOBA DOROTHEA REGINA","VAN DEVENTER",NA,"GRAAFF-REINET",1930,"Voortrekkers 2.xlsx|Main|1930",1805,"SOMERSET","Somerset_multi",1033,NA,NA,NA
"VAN DEVENTER","VAN DEVENTER","GIDEON GERHARDUS","VAN DEVENTERa1b5c4d9",NA,NA,"1786",NA,"1819","SWELLENDAM","TRADOUW",1837,NA,"TRANSORANJE","JOHANNA WILHELMINA","STEENBERG",NA,NA,1931,"Voortrekkers 2.xlsx|Main|1931",1786,"SWELLENDAM","Swellendam",1034,NA,NA,NA
"VAN DEVENTER","VAN DEVENTER","MICHIEL","VAN DEVENTERa1b5c7d5",NA,NA,"1786",NA,NA,"SOMERSET","TARKA",1837,NA,NA,"GEERTRUY","ERASMUS",NA,NA,1932,"Voortrekkers 2.xlsx|Main|1932",1786,"SOMERSET","Somerset_multi",1035,NA,NA,NA
"VAN DYK","VAN DYK","SYBRAND","VAN DYKa1b5c4d2",NA,NA,"1784",NA,"1805","ALBANY","VISRIVIER",1836,"A.H POTGIETER","GCALEKALAND","HELENA SUSAANA","VAN DER MERWE",NA,NA,1934,"Voortrekkers 2.xlsx|Main|1934",1784,"ALBANY","Albany",1036,"Potgieter","Potgieter","Potgieter"
"VAN DYK","VAN DYK","MARTHINUS JOHANNES","VAN DYKa1b5c4d2e1","1807","1807","1807",NA,NA,"ALBANY","VISRIVIER",1836,"A.H POTGIETER","NATAL","MARTHA ELIZABETH","HARTZENBERG",NA,NA,1935,"Voortrekkers 2.xlsx|Main|1935",1807,"ALBANY","Albany",1037,"Potgieter","Potgieter","Potgieter"
"VAN DYK","VAN DYK","FRANS JOHANNES SR.","VAN DYKa1b5c4d3","1787","1787","1787","1838","1807","ALBANY","VISRIVIER",1837,"PIET RETIEF","NATAL","ANNA CATHARINA","DE LANGE","TARKA",NA,1936,"Voortrekkers 2.xlsx|Main|1936",1787,"ALBANY","Albany",1038,"Retief","Retief","Retief"
"VAN DYK","VAN DYK","JOSEPH","VAN DYKa1b5c4d3e2","1809","1809","1809","1881","1832","SOMERSET","TARKA",1837,"PIET RETIEF","NATAL","NEELTJIE CHRISTINA","VAN DER MERWE",NA,"GRAAFF-REINET",1937,"Voortrekkers 2.xlsx|Main|1937",1809,"SOMERSET","Somerset_multi",1039,"Retief","Retief","Retief"
"VAN DYK","VAN DYK","JOSEPH (RYK JOSEPH)","VAN DYKa1b5c4d4",NA,NA,"1789",NA,"1813","ALBANY","VISRIVIER",1837,"PIET RETIEF",NA,"SOPHIA ELIZABETH","POTGIETER",NA,"GRAAFF-REINET",1941,"Voortrekkers 2.xlsx|Main|1941",1789,"ALBANY","Albany",1040,"Retief","Retief","Retief"
"VAN DYK","VAN DYK","JOSEPH","VAN DYKa1b5c4d4e1","1808","1808","1808",NA,"1838","ALBANY","VISRIVIER",1837,NA,NA,"FRANCINA","DE LANGE",NA,NA,1942,"Voortrekkers 2.xlsx|Main|1942",1808,"ALBANY","Albany",1041,NA,NA,NA
"VAN DYK","VAN DYK","ANDRIES JACOBUS","VAN DYKa1b5c4d5",NA,NA,"1793","1838","1814","ALBANY","WINTERBERG",1832,"PIET RETIEF",NA,"FRANCINA PETRONELLA","DE LANGE",NA,"GRAAFF-REINET",1943,"Voortrekkers 2.xlsx|Main|1943",1793,"ALBANY","Albany",1042,"Retief","Retief","Retief"
"VAN DYK","VAN DYK","JACOBUS NICOLAAS","VAN DYKa1b5c8d7",NA,NA,"1798","1872","1819","SOMERSET","BRAKRIVIER",1840,NA,"TRANSORANJE","JACOBA HENDRINA","DE BEER",NA,"GRAAFF-REINET",1948,"Voortrekkers 2.xlsx|Main|1948",1798,"SOMERSET","Somerset_multi",1043,NA,NA,NA
"VAN DYK","VAN DYK","PETRUS JOHANNES","VAN DYKa1b6c8d3",NA,NA,"1798","1874","1835","SOMERSET","CRADOCK",1836,NA,"NATAL","CATHARINA JOHANNA MARIA","DE BEER",NA,"STELLENBOSCH",1949,"Voortrekkers 2.xlsx|Main|1949",1798,"SOMERSET","Somerset_multi",1044,NA,NA,NA
"VAN EMMENES","VAN EMMENES","GERRIT","VAN EMMENESa1b1c6d4",NA,NA,"1799",NA,"1820","BEAUFORT",NA,1839,"P.D JACOBS","POTCHEFSTROOM","SUSANNA MARIA","LA GRANGE",NA,NA,1952,"Voortrekkers 2.xlsx|Main|1952",1799,"BEAUFORT","Beaufort",1045,"Jacobs","Jacobs","Jacobs"
"VAN GREUNEN","VAN GREUNEN","BAREND JOHANNES","VAN GREUNENa1b4",NA,NA,"1800",NA,"1831","SOMERSET","BAVIAANSRIVIER",1839,NA,"NATAL","ISABELLA RACHEL","PRETORIUS",NA,"GRAAFF-REINET",1955,"Voortrekkers 2.xlsx|Main|1955",1800,"SOMERSET","Somerset_multi",1046,NA,NA,NA
"VAN GREUNEN","VAN GREUNEN","JOHANNES WOLFGANG","VAN GREUNENa2b1",NA,NA,"1799",NA,"1818","SOMERSET","BAVIAANSRIVIER",1838,NA,"RUSTENBURG","SUSANNA MARIA","KRUGEL",NA,"SWELLENDAM",1956,"Voortrekkers 2.xlsx|Main|1956",1799,"SOMERSET","Somerset_multi",1047,NA,NA,NA
"VAN HEERDEN","VAN HEERDEN","WILLEM FRANCOIS PETRUS","VAN HEERDENa1b1c2d1e8",NA,NA,"1791",NA,NA,NA,NA,1843,NA,"POTCHEFSTROOM","HESTER ELIZABETH JOHANNA","VORSTER",NA,NA,1959,"Voortrekkers 2.xlsx|Main|1959",1791,NA,"Unknown",1048,NA,NA,NA
"VAN JAARSVELD","VAN JAARSVELD","ADRIAAN JOHANNES FREDERIK GUSTAAF","VAN JAARSVELDa1b2c1d2e2",NA,NA,"1793",NA,"1825","GRAAFF-REINET",NA,1840,NA,"NATAL","ALETTA HELENA","VAN DER MERWE",NA,NA,1961,"Voortrekkers 2.xlsx|Main|1961",1793,"GRAAFF-REINET","Graaff-Reinet",1049,NA,NA,NA
"VAN JAARSVELD","VAN JAARSVELD","ADRIAAN PIETER","VAN JAARSVELDa1b2c3d9",NA,NA,"1797",NA,"1821","GRAAFF-REINET",NA,1837,NA,"OVS","ANNA DOROTHEA MARGARETHA","BEKKER",NA,NA,1966,"Voortrekkers 2.xlsx|Main|1966",1797,"GRAAFF-REINET","Graaff-Reinet",1050,NA,NA,NA
"VAN LOGGERENBERG","VAN LOGGERENBERG","NICOLAAS","VAN LOGGERENBERGa1b1c2",NA,NA,"1767",NA,"1791","GRAAFF-REINET",NA,1836,"GERT M. MARITZ",NA,"ALBERTA MARIA","JOUBERT",NA,NA,1969,"Voortrekkers 2.xlsx|Main|1969",1767,"GRAAFF-REINET","Graaff-Reinet",1051,"Maritz (GM)","Maritz","Maritz"
"VAN LOGGERENBERG","VAN LOGGERENBERG","HENDRIK JOSEPH","VAN LOGGERENBERGa1b1c2d5",NA,NA,"1799",NA,"1822","UITENHAGE","GAMTOOSRIVIER",1836,"GERT M. MARITZ","POTCHEFSTROOM","JOHANNA MARIA","MINNIE",NA,"SWELLENDAM",1970,"Voortrekkers 2.xlsx|Main|1970",1799,"UITENHAGE","Uitenhage",1052,"Maritz (GM)","Maritz","Maritz"
"VAN LOGGERENBERG","VAN LOGGERENBERG","JOHANNES HENDRICUS","VAN LOGGERENBERGa1b1c7",NA,NA,"1778","1838","1798","SOMERSET","BRAKRIVIER OR TARKA",1836,"GERT M. MARITZ",NA,"ANNA ELIZABETH","LE ROUX",NA,NA,1971,"Voortrekkers 2.xlsx|Main|1971",1778,"SOMERSET","Somerset_multi",1053,"Maritz (GM)","Maritz","Maritz"
"VAN NIEKERK","VAN NIEKERK","GULLIAM LACOBUS STEPHANUS","VAN NIEKERKa1b2c3d2e4",NA,NA,NA,NA,NA,NA,NA,1842,NA,"TRANSORANJE","MARIA JACOBA MAGDALENA","VILJOEN",NA,NA,1972,"Voortrekkers 2.xlsx|Main|1972",NA,NA,"Unknown",1054,NA,NA,NA
"VAN NIEKERK","VAN NIEKERK","PIETER JOHANNES","VAN NIEKERKa1b2c3d6e2",NA,NA,"1799",NA,"1818","GRAAFF-REINET","COLESBERG",1842,NA,"NATAL","HILLETJE MAGDALENA PETRONELLA","VAN DEN BERG",NA,NA,1973,"Voortrekkers 2.xlsx|Main|1973",1799,"GRAAFF-REINET","Graaff-Reinet",1055,NA,NA,NA
"VAN NIEKERK","VAN NIEKERK","OCKERT TOBIAS","VAN NIEKERKa1b3c1d1e3f3","1805","1805","1805",NA,"1829",NA,NA,1842,NA,NA,"MARIA ANDRINA","SMUTS",NA,NA,1975,"Voortrekkers 2.xlsx|Main|1975",1805,NA,"Unknown",1056,NA,NA,NA
"VAN NIEKERK","VAN NIEKERK","LUCAS CORNELIS","VAN NIEKERKa1b3c7d10",NA,NA,"1795",NA,"1820","UITENHAGE","ONDER-BOESMANSRIVIER",1837,"K.P. LANDMAN","NATAL","MARGARETHA JOHANNA","LOUW",NA,NA,1976,"Voortrekkers 2.xlsx|Main|1976",1795,"UITENHAGE","Uitenhage",1057,"Landman","Landman","Landman"
"VAN NIEKERK","VAN NIEKERK","MARIA ELIZABETH","VAN NIEKERKa1b3c7d2",NA,NA,"1777",NA,"1801","UITENHAGE","ONDER-BOESMANSRIVIER",1837,"J.S MARITZ OR GERT. J RUDOLPH","NATAL","THEODORUS","POTGIETER",NA,NA,1979,"Voortrekkers 2.xlsx|Main|1979",1777,"UITENHAGE","Uitenhage",1058,"Maritz (GM)","Maritz","Maritz"
"VAN NIEKERK","VAN NIEKERK","JOHANNES WILHELMUS","VAN NIEKERKa1b3c7d4","1780","1780","1780","1863","1805","UITENHAGE","ONDER-BOESMANSRIVIER",1837,"K.P. LANDMAN","DANNHAUSER","MARGARETHA MARIA","SPIES",NA,NA,1980,"Voortrekkers 2.xlsx|Main|1980",1780,"UITENHAGE","Uitenhage",1059,"Landman","Landman","Landman"
"VAN NIEKERK","VAN NIEKERK","JOHANNES JACOBUS","VAN NIEKERKa1b3c7d4e3","1809","1809","1809","1869",NA,"UITENHAGE","ONDER-BOESMANSRIVIER",1837,"K.P. LANDMAN","OVS","MARTHA MARIA","PIENAAR",NA,"SWELLENDAM",1982,"Voortrekkers 2.xlsx|Main|1982",1809,"UITENHAGE","Uitenhage",1060,"Landman","Landman","Landman"
"VAN NIEKERK","VAN NIEKERK","GERHARDUS JOZUA (GERT SR.)","VAN NIEKERKa1b3c7d7",NA,NA,"1787",NA,"1815","UITENHAGE","ONDER-BOESMANSRIVIER",1837,"P.L UYS","NATAL","MARGARETHA JOHANNA","STRYDOM",NA,NA,1985,"Voortrekkers 2.xlsx|Main|1985",1787,"UITENHAGE","Uitenhage",1061,"Uys","Uys","Uys"
"VAN NIEKERK","VAN NIEKERK","CORNELIS","VAN NIEKERKa1b6c4d4e1","1803","1803","1803",NA,"1824","UITENHAGE","ONDER-BOESMANSRIVIER",1837,"K.P. LANDMAN","NATAL","ANNA CATHARINA","VAN ZYL",NA,"TULBAGH",1990,"Voortrekkers 2.xlsx|Main|1990",1803,"UITENHAGE","Uitenhage",1062,"Landman","Landman","Landman"
"VAN NIEKERK","VAN NIEKERK","CHRISTIAAN","VAN NIEKERKa1b6c4d5",NA,NA,"1781",NA,"1802","SOMERSET","TARKA",NA,NA,"POTCHEFSTROOM","MARIA CORNELIA","TREGARDT",NA,NA,1991,"Voortrekkers 2.xlsx|Main|1991",1781,"SOMERSET","Somerset_multi",1063,NA,NA,NA
"VAN NIEKERK","VAN NIEKERK","JACOBUS GUSTAVUS","VAN NIEKERKa1b6c4d5e2","1805","1805","1805",NA,"1825","SOMERSET","CRADOCK",1839,NA,"NATAL","JOHANNA HELENA JOSINA","PIETERSE",NA,"GRAAFF-REINET",1992,"Voortrekkers 2.xlsx|Main|1992",1805,"SOMERSET","Somerset_multi",1064,NA,NA,NA
"VAN RENSBURG","VAN RENSBURG","NICOLAAS JANSE","VAN RENSBURGa1b1c1d4e2",NA,NA,"1786",NA,"1809","ALBANY","WINTERBERG",1837,"PIET RETIEF",NA,"HESTER PETRONELLA","PRINSLOO",NA,"TULBAGH",1995,"Voortrekkers 2.xlsx|Main|1995",1786,"ALBANY","Albany",1065,"Retief","Retief","Retief"
"VAN RENSBURG","VAN RENSBURG","HENDRIK CHRISTOFFEL JANSE","VAN RENSBURGa1b1c1d4e5",NA,NA,"1792",NA,"1817","SOMERSET","CRADOCK",1840,NA,"NATAL","GEESJE JOSINA","JANSE VAN RENSBURG",NA,NA,1998,"Voortrekkers 2.xlsx|Main|1998",1792,"SOMERSET","Somerset_multi",1066,NA,NA,NA
"VAN RENSBURG","VAN RENSBURG","LUCAS WILLEM JANSE","VAN RENSBURGa1b1c1d4e6",NA,NA,"1794",NA,"1813","ALBANY","WINTERBERG",1837,NA,"POTCHEFSTROOM","SUSANNA ELIZABETH","OOSTHUIZEN",NA,NA,2000,"Voortrekkers 2.xlsx|Main|2000",1794,"ALBANY","Albany",1067,NA,NA,NA
"VAN RENSBURG","VAN RENSBURG","WILLEM (L.SEUN)","VAN RENSBURGa1b1c1d4e6f",NA,NA,NA,NA,NA,"ALBANY","WINTERBERG",1837,"PIET RETIEF",NA,NA,NA,NA,NA,2001,"Voortrekkers 2.xlsx|Main|2001",NA,"ALBANY","Albany",1068,"Retief","Retief","Retief"
"VAN RENSBURG","VAN RENSBURG","JOHANNES JACOBUS JANSE (LANG HANS)","VAN RENSBURGa1b1c2d3e1","1779","1779","1779","1836","1802","SOMERSET","BRAKRIVIER",1836,NA,"TRANSORANJE","SARA","BRONKHORST",NA,NA,2006,"Voortrekkers 2.xlsx|Main|2006",1779,"SOMERSET","Somerset_multi",1069,NA,NA,NA
"VAN RENSBURG","VAN RENSBURG","REYNIER JANSE","VAN RENSBURGa1b1c3d16",NA,NA,"1794",NA,"1815","SWELLENDAM","ONDER-DUIVENHOKSRIVIER",1844,"FAMILY MOVE",NA,"SUSANNA MARIA","DE JAGER",NA,NA,2008,"Voortrekkers 2.xlsx|Main|2008",1794,"SWELLENDAM","Swellendam",1070,"Family/Independent","Family/Independent","Family/Independent"
"VAN RENSBURG","VAN RENSBURG","NICOLAAS JOHANNES JANSE","VAN RENSBURGa1b4c1d1e6",NA,NA,NA,"1823",NA,"SOMERSET",NA,1836,"A.H POTGIETER","OHRIGSTAD","ELISABETH","SMIT",NA,NA,2012,"Voortrekkers 2.xlsx|Main|2012",NA,"SOMERSET","Somerset_multi",1071,"Potgieter","Potgieter","Potgieter"
"VAN RENSBURG","VAN RENSBURG","NICOLAAS JOHANNES JANSE JR.","VAN RENSBURGa1b4c1d1e6f1",NA,NA,NA,NA,"1840","SOMERSET",NA,1836,"A.H POTGIETER","KORINGSPRUIT","ALETTA MARIA","DORPHLING",NA,NA,2013,"Voortrekkers 2.xlsx|Main|2013",NA,"SOMERSET","Somerset_multi",1072,"Potgieter","Potgieter","Potgieter"
"VAN RENSBURG","VAN RENSBURG","HENDRIK JOHANNES JANSE","VAN RENSBURGa1b4c1d1e9","1808","1808","1808",NA,NA,"BEAUFORT",NA,1842,NA,"TRANSORANJE","ANNA JACOBA","JANSE VAN RENSBURG",NA,"GRAAFF-REINET",2015,"Voortrekkers 2.xlsx|Main|2015",1808,"BEAUFORT","Beaufort",1073,NA,NA,NA
"VAN RENSBURG","VAN RENSBURG","JOHANNES NICOLAAS JANSE","VAN RENSBURGa1b5c2d2e1",NA,NA,"1793",NA,"1815","BEAUFORT",NA,1840,NA,"POTCHEFSTROOM","ELISABETH SUSANNA","VAN SCHALKWYK",NA,NA,2016,"Voortrekkers 2.xlsx|Main|2016",1793,"BEAUFORT","Beaufort",1074,NA,NA,NA
"VAN RENSBURG","VAN RENSBURG","PETRUS JOHANNES JANSE","VAN RENSBURGa1b5c2d2e4",NA,NA,"1799",NA,"1820","BEAUFORT",NA,1842,NA,"TRANSORANJE","MARTHA MARGARETHA","VAN SCHALKWYK",NA,NA,2019,"Voortrekkers 2.xlsx|Main|2019",1799,"BEAUFORT","Beaufort",1075,NA,NA,NA
"VAN RENSBURG","VAN RENSBURG","NICOLAAS JOHANNES JANSE","VAN RENSBURGa1b5c4d4",NA,NA,"1784",NA,NA,"GRAAFF-REINET","SWARTRUGGENS",1836,"GERT M. MARITZ","TRANSORANJE","ISABELLA MARGARETHA","NEL",NA,"TULBAGH",2022,"Voortrekkers 2.xlsx|Main|2022",1784,"GRAAFF-REINET","Graaff-Reinet",1076,"Maritz (GM)","Maritz","Maritz"
"VAN RENSBURG","VAN RENSBURG","WILLEM HENDRIK JANSE","VAN RENSBURGa1b5c4d5e2","1809","1809","1809",NA,"1833","GRAAFF-REINET",NA,1840,NA,"TRANSORANJE","MARTHINA ISABELLA","SCHEEPERS",NA,"TULBAGH",2025,"Voortrekkers 2.xlsx|Main|2025",1809,"GRAAFF-REINET","Graaff-Reinet",1077,NA,NA,NA
"VAN RENSBURG","VAN RENSBURG","NICOLAAS MARTHINUS JANSE","VAN RENSBURGa1b5c5d2",NA,NA,"1783","1868","1814","GRAAFF-REINET",NA,1843,NA,"NATAL","SUSANNA JOSINA","JANSE VAN RENSBURG",NA,NA,2026,"Voortrekkers 2.xlsx|Main|2026",1783,"GRAAFF-REINET","Graaff-Reinet",1078,NA,NA,NA
"VAN RENSBURG","VAN RENSBURG","HENDRIK CHRISTOFFEL JANSE","VAN RENSBURGa1b5c5d8","1800","1800","1800","1881","1819","GRAAFF-REINET","SWARTRUGGENS",1845,NA,"PIETERMARITZBURG","MARIA ELIZABETH","JANSE VAN RENSBURG",NA,"GRAAFF-REINET",2028,"Voortrekkers 2.xlsx|Main|2028",1800,"GRAAFF-REINET","Graaff-Reinet",1079,NA,NA,NA
"VAN RENSBURG","VAN RENSBURG","LUCAS MARTHINUS JANSE","VAN RENSBURGa1b5c5d9",NA,NA,"1803",NA,"1823","GRAAFF-REINET","SWARTRUGGENS",1841,"A.W.J PRETORIUS",NA,"SARA GERTRUYDA","VAN DER MERWE",NA,NA,2029,"Voortrekkers 2.xlsx|Main|2029",1803,"GRAAFF-REINET","Graaff-Reinet",1080,"Pretorius","Pretorius","Pretorius"
"VAN ROOYEN","VAN ROOYEN","CORNELIS","VAN ROOYENa1b10c2d2",NA,NA,"1809",NA,"1809","UITENHAGE","COEGA",1836,"J.S MARITZ","PIETERMARITZBURG","MARIA ELIZABETH","VAN ROOYEN",NA,NA,2030,"Voortrekkers 2.xlsx|Main|2030",1809,"UITENHAGE","Uitenhage",1081,"Maritz (JS)","Maritz","Maritz"
"VAN ROOYEN","VAN ROOYEN","IZAK","VAN ROOYENa1b10c2d3",NA,NA,"1789",NA,"1809","UITENHAGE","ONDER-BOESMANSRIVIER",1837,"K.P. LANDMAN","NATAL","SUSANNA ELIZABETH","VAN ROOYEN",NA,NA,2034,"Voortrekkers 2.xlsx|Main|2034",1789,"UITENHAGE","Uitenhage",1082,"Landman","Landman","Landman"
"VAN ROOYEN","VAN ROOYEN","DIRK","VAN ROOYENa1b10c2d3e1","1809","1809","1809","1842","1828","UITENHAGE","ONDER-BOESMANSRIVIER",1837,"K.P. LANDMAN","NATAL","MARTHINA JOHANNA MARGARETHA","SCHEEPERS",NA,NA,2035,"Voortrekkers 2.xlsx|Main|2035",1809,"UITENHAGE","Uitenhage",1083,"Landman","Landman","Landman"
"VAN ROOYEN","VAN ROOYEN","ANDRIES IGNATIUS MARTHINUS","VAN ROOYENa1b10c2d7","1804","1804","1804","1862","1830","ALBANY","VISRIVIER",1845,NA,"WINBURG","JOHANNA DOROTHEA","BOUWER",NA,NA,2036,"Voortrekkers 2.xlsx|Main|2036",1804,"ALBANY","Albany",1084,NA,NA,NA
"VAN ROOYEN","VAN ROOYEN","GYSBERTUS","VAN ROOYENa1b4c1d8",NA,NA,"1798","1884","1820","SOMERSET","BAVIAANSRIVIER",1842,"J.C ESPAG","RUSTENBURG","SUSARA ALETTA","HATTINGH",NA,NA,2038,"Voortrekkers 2.xlsx|Main|2038",1798,"SOMERSET","Somerset_multi",1085,"Espag","Espag","Espag"
"VAN ROOYEN","VAN ROOYEN","GERRIT","VAN ROOYENa1b8c1d2",NA,NA,"1782",NA,"1803","UITENHAGE","COEGA",1840,NA,"NATAL","MARIA","VAN ROOYEN",NA,NA,2039,"Voortrekkers 2.xlsx|Main|2039",1782,"UITENHAGE","Uitenhage",1086,NA,NA,NA
"VAN ROOYEN","VAN ROOYEN","CORNELIS JOHANNES","VAN ROOYENa1b8c1d3e2","1808","1808","1808",NA,"1834",NA,NA,1840,"ANDRIES W.J. PRETORIUS","NATAL","JOHANNA SUSANNA","JANSE VAN VUUREN",NA,NA,2040,"Voortrekkers 2.xlsx|Main|2040",1808,NA,"Unknown",1087,"Pretorius","Pretorius","Pretorius"
"VAN ROOYEN","VAN ROOYEN","THEODORUS CORNELIS","VAN ROOYENa1b8c3b1e2",NA,NA,"1808","1877",NA,"UITENHAGE","ONDER-BOESMANSRIVIER",1838,"GERRIT REYNIER VAN ROOYEN","NATAL","MARTHA MARIA","BOTHA",NA,NA,2044,"Voortrekkers 2.xlsx|Main|2044",1808,"UITENHAGE","Uitenhage",1088,"Van Rooyen","Van Rooyen","Van Rooyen"
"VAN ROOYEN","VAN ROOYEN","GERRIT THOMAS","VAN ROOYENa1b8c3d1","1782","1782","1782",NA,"1804","UITENHAGE","ONDER-BOESMANSRIVIER",1838,"GERRIT REYNIER VAN ROOYEN","NATAL","SUSANNA ELIZABETH","MINNIE",NA,NA,2045,"Voortrekkers 2.xlsx|Main|2045",1782,"UITENHAGE","Uitenhage",1089,"Van Rooyen","Van Rooyen","Van Rooyen"
"VAN ROOYEN","VAN ROOYEN","GERRIT THOMAS","VAN ROOYENa1b8c3d1e3","1809","1809","1809",NA,"1834","UITENHAGE","ONDER-BOESMANSRIVIER",1838,"GERRIT REYNIER VAN ROOYEN","NATAL","MARIA ELIZABETH","VAN ROOYEN",NA,"SWELLENDAM",2046,"Voortrekkers 2.xlsx|Main|2046",1809,"UITENHAGE","Uitenhage",1090,"Van Rooyen","Van Rooyen","Van Rooyen"
"VAN ROOYEN","VAN ROOYEN","GERRIT REYNIER","VAN ROOYENa1b8c6d1",NA,NA,"1788",NA,"1807","UITENHAGE","ONDER-BOESMANSRIVIER",1838,"GERRIT REYNIER VAN ROOYEN","NATAL","ADRIANA MARIA","KOCK",NA,NA,2051,"Voortrekkers 2.xlsx|Main|2051",1788,"UITENHAGE","Uitenhage",1091,"Van Rooyen","Van Rooyen","Van Rooyen"
"VAN ROOYEN","VAN ROOYEN","ROELOF THEUNIS JOHANNES","VAN ROOYENa1b8c6d12",NA,NA,"1809","1877","1829","UITENHAGE","ONDER-BOESMANSRIVIER",1840,NA,"UTRECHT","MARIA SUSANNA ELIZABETH","POTGIETER","GEORGE",NA,2052,"Voortrekkers 2.xlsx|Main|2052",1809,"UITENHAGE","Uitenhage",1092,NA,NA,NA
"VAN ROOYEN","VAN ROOYEN","CHRISTIAAN STEPHANUS","VAN ROOYENa1b8c6d3",NA,NA,"1791",NA,"1811","UITENHAGE",NA,1842,NA,NA,"HESTER GERMINA RAUTENBACH",NA,NA,NA,2056,"Voortrekkers 2.xlsx|Main|2056",1791,"UITENHAGE","Uitenhage",1093,NA,NA,NA
"VAN SCHALKWYK","VAN SCHALKWYK","TOBIAS GERHARDUS","VAN SCHALKWYKa1b2c3d2e1f1",NA,NA,"1799","1844",NA,"SWELLENDAM","ONDER-DUIVENHOKSRIVIER",1839,NA,"PIETERMARITZBURG",NA,NA,NA,"SWELLENDAM",2058,"Voortrekkers 2.xlsx|Main|2058",1799,"SWELLENDAM","Swellendam",1094,NA,NA,NA
"VAN SCHALKWYK","VAN SCHALKWYK","THEUNIS GERHARDUS","VAN SCHALKWYKa1b2c3d3e2f2",NA,NA,"1798",NA,"1823","UITENHAGE","ONDER-BOESMANSRIVIER",1836,"J.S MARITZ","NATAL","ANNA MARGARETHA FREDERIKA","SCHEEPERS",NA,NA,2060,"Voortrekkers 2.xlsx|Main|2060",1798,"UITENHAGE","Uitenhage",1095,"Maritz (JS)","Maritz","Maritz"
"VAN SCHALKWYK","VAN SCHALKWYK","JOHAN CHRISTIAAN","VAN SCHALKWYKa1b2c3d3e2f3",NA,NA,"1800","1838","1818","UITENHAGE","ONDER-BOESMANSRIVIER",1836,"J.S MARITZ","NATAL","ELSIE JOHANNA MAGDALENA","SCHEEPERS",NA,"SWELLENDAM",2061,"Voortrekkers 2.xlsx|Main|2061",1800,"UITENHAGE","Uitenhage",1096,"Maritz (JS)","Maritz","Maritz"
"VAN SCHALKWYK","VAN SCHALKWYK","PHILIPPUS LODEWICUS","VAN SCHALKWYKa1b2c3d3e2f6","1807","1807","1807",NA,"1836","UITENHAGE","ONDER-BOESMANSRIVIER",1846,NA,"NATAL","JACOMINA ELIZABETH SUSANNA","OOSTHUIZEN",NA,"SWELLENDAM",2063,"Voortrekkers 2.xlsx|Main|2063",1807,"UITENHAGE","Uitenhage",1097,NA,NA,NA
"VAN STADEN","VAN STADEN","PHILIPPUS THEUNIS","VAN STADEN?b1c2d6e9f3?","1809","1809","1809","1898","1833","UITENHAGE","WINTERHOEK",1842,NA,NA,"JOHANNA CATHARINA","JOUBERT",NA,NA,2064,"Voortrekkers 2.xlsx|Main|2064",1809,"UITENHAGE","Uitenhage",1098,NA,NA,NA
"VAN STADEN","VAN STADEN","JOHANNES HENDRIK","VAN STADENa1b1c2d64f4",NA,NA,"1800",NA,"1819","BEAUFORT","NUWEVELD",1837,NA,NA,"MAGDALENA JOHANNA","DE KLERK",NA,NA,2065,"Voortrekkers 2.xlsx|Main|2065",1800,"BEAUFORT","Beaufort",1099,NA,NA,NA
"VAN STADEN","VAN STADEN","JACOBUS FREDERIK","VAN STADENa1b1c2d6e10f2",NA,NA,"1802","1891","1824","UITENHAGE","BAVIAANSKLOOF",1837,"GERT MARITZ","RUSTENBURG","MARTHA MAGDALENA","JANSE VAN RENSBURG",NA,"UITENHAGE",2066,"Voortrekkers 2.xlsx|Main|2066",1802,"UITENHAGE","Uitenhage",1100,"Maritz (GM)","Maritz","Maritz"
"VAN STADEN","VAN STADEN","PETRUS JOHANNES SR.","VAN STADENa1b1c2d6e10f3","1804","1804","1804","1892","1822","UITENHAGE","BAVIAANSKLOOF",1837,"FAMILY MOVE","RUSTENBURG","ANNA MARIA","SMIT",NA,NA,2067,"Voortrekkers 2.xlsx|Main|2067",1804,"UITENHAGE","Uitenhage",1101,"Family/Independent","Family/Independent","Family/Independent"
"VAN STADEN","VAN STADEN","JACOBUS FREDERIK","VAN STADENa1b1c2d6e11f1",NA,NA,"1803","1861","1825","UITENHAGE","WINTERHOEK",1840,NA,"POTCHEFSTROOM","JOHANNA CATHARINA","VAN STADEN",NA,NA,2069,"Voortrekkers 2.xlsx|Main|2069",1803,"UITENHAGE","Uitenhage",1102,NA,NA,NA
"VAN STADEN","VAN STADEN","NICOLAAS HERMANUS","VAN STADENa1b1c2d6e4f8","1808","1808","1808","1872","1839","BEAUFORT","NUWEVELD",1842,NA,NA,"ANNA CECILIA","NORTJE",NA,NA,2072,"Voortrekkers 2.xlsx|Main|2072",1808,"BEAUFORT","Beaufort",1103,NA,NA,NA
"VAN STADEN","VAN STADEN","CHRISTIAAN PHILIP","VAN STADENa1b1c2d6e5",NA,NA,"1771",NA,NA,"ALBANY","WINTERBERG",1837,"P. RETIEF",NA,"ANNA ELIZABETH","VAN NIMWEGEN",NA,NA,2073,"Voortrekkers 2.xlsx|Main|2073",1771,"ALBANY","Albany",1104,"Retief","Retief","Retief"
"VAN STADEN","VAN STADEN","JACOBUS FREDERIK","VAN STADENa1b1c2d6e5f1",NA,NA,"1794",NA,"1816","BEAUFORT","NUWEVELD",1841,NA,"OHRIGSTAD","MARGARETHA ELIZABETH","BEZUIDENHOUT",NA,NA,2074,"Voortrekkers 2.xlsx|Main|2074",1794,"BEAUFORT","Beaufort",1105,NA,NA,NA
"VAN STADEN","VAN STADEN","CHRISTIAAN JOHANNES","VAN STADENa1b1c2d6e5f2",NA,NA,"1799",NA,"1825","ALBANY","WINTERBERG",1837,"PIET RETIEF",NA,"SUSARA ELIZABETH","VAN DER LINDE",NA,NA,2075,"Voortrekkers 2.xlsx|Main|2075",1799,"ALBANY","Albany",1106,"Retief","Retief","Retief"
"VAN STADEN","VAN STADEN","JOHANNES JURGEN","VAN STADENa1b1c2d6e5f3","1803","1803","1803",NA,"1826","ALBANY","WINTERBERG",1837,"PIET RETIEF","POTCHEFSTROOM","ANNA CATHARINA","VAN DER LINDE",NA,NA,2076,"Voortrekkers 2.xlsx|Main|2076",1803,"ALBANY","Albany",1107,"Retief","Retief","Retief"
"VAN STADEN","VAN STADEN","JOHANNES JURIE","VAN STADENa1b1c2d6e8f3","1806","1806","1806","1898","1826","UITENHAGE",NA,1842,NA,NA,"SUSANNA JOSINA","VILJOEN",NA,NA,2078,"Voortrekkers 2.xlsx|Main|2078",1806,"UITENHAGE","Uitenhage",1108,NA,NA,NA
"VAN STADEN","VAN STADEN","PHILIPPUS THEUNIS","VAN STADENa1b1c2d6e9",NA,NA,"1778",NA,"1804","UITENHAGE","WINTERHOEK",1838,NA,"NATAL","SARA JOHANNA","SCHEEPERS",NA,NA,2079,"Voortrekkers 2.xlsx|Main|2079",1778,"UITENHAGE","Uitenhage",1109,NA,NA,NA
"VAN STADEN","VAN STADEN","JACOBUS FREDERIK","VAN STADENa1b1c2d6e9f1","1805","1805","1805","1901","1825","UITENHAGE","WINTERHOEK",NA,NA,"NATAL","MARIA CATHARINA","MULLER",NA,NA,2080,"Voortrekkers 2.xlsx|Main|2080",1805,"UITENHAGE","Uitenhage",1110,NA,NA,NA
"VAN STADEN","VAN STADEN","GERHARDUS STEPHANUS","VAN STADENa1b1c2d6e9f2",NA,NA,"1808","1838","1828","ALBANY","WINTERBERG",1837,"P. RETIEF",NA,"MARIA CATHARINA","PRINSLOO",NA,NA,2082,"Voortrekkers 2.xlsx|Main|2082",1808,"ALBANY","Albany",1111,"Retief","Retief","Retief"
"VAN STADEN","VAN STADEN","MARTHINUS PETRUS","VAN STADENa1b1c2d7e1",NA,NA,"1775",NA,"1798","UITENHAGE","RIETRIVIER",1837,"P. RETIEF",NA,"SUSANNA ELIZABETH","VILJOEN",NA,NA,2083,"Voortrekkers 2.xlsx|Main|2083",1775,"UITENHAGE","Uitenhage",1112,"Retief","Retief","Retief"
"VAN STADEN","VAN STADEN","MARTHINUS JACOBUS","VAN STADENa1b1c2d7e1f2",NA,NA,"1804","1863",NA,"UITENHAGE","RIETRIVIER",1837,"PIET RETIEF",NA,"HESTER SUSANNA","JANSE VAN VUUREN",NA,NA,2084,"Voortrekkers 2.xlsx|Main|2084",1804,"UITENHAGE","Uitenhage",1113,"Retief","Retief","Retief"
"VAN STADEN","VAN STADEN","PETRUS","VAN STADENa1b6c2d8",NA,NA,"1772",NA,"1796","UITENHAGE","ONDER-BOESMANSRIVIER",1838,"GERRIT REYNIER VAN ROOYEN",NA,"HESTER ANTHOINETTA","SCHEEPERS",NA,NA,2086,"Voortrekkers 2.xlsx|Main|2086",1772,"UITENHAGE","Uitenhage",1114,"Van Rooyen","Van Rooyen","Van Rooyen"
"VAN STADEN","VAN STADEN","MARTHINUS JOHANNES","VAN STADENa1b6c2d8e5",NA,NA,"1807","1875","1827","UITENHAGE","ONDER-BOESMANSRIVIER",1838,"GERRIT REYNIER VAN ROOYEN",NA,"SUSANNA JACOBA","VAN ROOYEN",NA,NA,2087,"Voortrekkers 2.xlsx|Main|2087",1807,"UITENHAGE","Uitenhage",1115,"Van Rooyen","Van Rooyen","Van Rooyen"
"VAN STRATEN","VAN STRATEN","JACOB ABRAHAM","VAN STRATENa1b1c1",NA,NA,"1787",NA,NA,"SOMERSET","OOS-RIETRIVIER",1837,NA,"BAVIAANSRIVIER","MARIA JOHANNA ELIZABETH","PRINSLOO",NA,NA,2088,"Voortrekkers 2.xlsx|Main|2088",1787,"SOMERSET","Somerset_multi",1116,NA,NA,NA
"VAN STRATEN","VAN STRATEN","FRANCOIS CORNELIUS","VAN STRATENa1b1c8",NA,NA,"1804",NA,"1832","GRAAFF-REINET","BUFFELSHOEK",1842,NA,"POTCHEFSTROOM","JOHANNA CAROLINA","ROOS",NA,NA,2091,"Voortrekkers 2.xlsx|Main|2091",1804,"GRAAFF-REINET","Graaff-Reinet",1117,NA,NA,NA
"VAN TONDER","VAN TONDER","WILLEM MARTHINUS","VAN TONDERa1b3c1d2e4","1793","1793","1793","1870","1816","SOMERSET","TARKA",1841,NA,"BETHULIE","MARIA ANNA CATHARINA","PELTZER",NA,NA,2092,"Voortrekkers 2.xlsx|Main|2092",1793,"SOMERSET","Somerset_multi",1118,NA,NA,NA
"VAN TONDER","VAN TONDER","JOHANNES","VAN TONDERa1b3c2d3",NA,NA,"1788","1855","1806","UITENHAGE","ONDER-BOESMANSRIVIER",1837,"K.P. LANDMAN","NATAL","MAGDALENA (OF HELENA) CATHARINA","NORTJE",NA,"KAAPSTAD",2095,"Voortrekkers 2.xlsx|Main|2095",1788,"UITENHAGE","Uitenhage",1119,"Landman","Landman","Landman"
"VAN TONDER","VAN TONDER","ANDRIES JOHANNES","VAN TONDERa1b3c2d3e1","1807","1807","1807","1886","1838","UITENHAGE","ONDER-BOESMANSRIVIER",1839,NA,"NATAL","JUDITH MARGARETHA","ODENDAAL",NA,"SWELLENDAM",2096,"Voortrekkers 2.xlsx|Main|2096",1807,"UITENHAGE","Uitenhage",1120,NA,NA,NA
"VAN TONDER","VAN TONDER","ADRIAAN JACOBUS","VAN TONDERa1b3c3d2e1","1809","1809","1809","1896","1840","SOMERSET","BRUINTJIESHOOGTE",1840,NA,"NATAL","ANNA MARGARETHA","STOOP",NA,"STELLENBOSCH",2099,"Voortrekkers 2.xlsx|Main|2099",1809,"SOMERSET","Somerset_multi",1121,NA,NA,NA
"VAN TONDER","VAN TONDER","ROELOF CHRISTOFFEL","VAN TONDERa1b3c8d6",NA,NA,"1807","1888","1832",NA,NA,1842,NA,"TRANSORANJE","HESTER MARIA ELIZABETH","NEL",NA,"SWELLENDAM",2100,"Voortrekkers 2.xlsx|Main|2100",1807,NA,"Unknown",1122,NA,NA,NA
"VAN TONDER","VAN TONDER","ANDRIES JOHANNES","VAN TONDERa1b7c1d4",NA,NA,"1792","1881","1810","SWELLENDAM","SWARTBERG",1837,NA,"TRANSORANJE","CHARLOTTA MARIA GEERTRUYDA","VAN DEN BERG",NA,"STELLENBOSCH",2101,"Voortrekkers 2.xlsx|Main|2101",1792,"SWELLENDAM","Swellendam",1123,NA,NA,NA
"VAN TONDER","VAN TONDER","FREDERIK JOHANNES","VAN TONDERa1b7c5d3",NA,NA,"1797",NA,"1816","SWELLENDAM","LANGEBERG",1839,NA,NA,"CORNELIA CAROLINA","OOSTHUIZEN",NA,NA,2103,"Voortrekkers 2.xlsx|Main|2103",1797,"SWELLENDAM","Swellendam",1124,NA,NA,NA
"VAN VUUREN","VAN VUUREN","LOURENS JANSE","VAN VUURENa1b2c3d10",NA,NA,"1770",NA,NA,"GRAAFF-REINET","MIDDELVELD",1836,"A.H POTGIETER","KLERKSDORP","MARTHA ALETTA","VAN VUUREN",NA,"KAAPSTAD",2104,"Voortrekkers 2.xlsx|Main|2104",1770,"GRAAFF-REINET","Graaff-Reinet",1125,"Potgieter","Potgieter","Potgieter"
"VAN VUUREN","VAN VUUREN","JOHANNES JANSE","VAN VUURENa1b2c3d1e4",NA,NA,"1783","1865",NA,"GEORGE","BO-OLIFANTSRIVIER",1836,"A.H POTGIETER",NA,"MARGARETHA","BRITS",NA,"KAAPSTAD",2107,"Voortrekkers 2.xlsx|Main|2107",1783,"GEORGE","George",1126,"Potgieter","Potgieter","Potgieter"
"VAN VUUREN","VAN VUUREN","DANIEL JANSE","VAN VUURENa1b2c3d8",NA,NA,"1767",NA,"1789","UITENHAGE","ONDER-BOESMANSRIVIER",1838,"GERRIT REYNIER VAN ROOYEN","VALSRIVIER","MARIA ELIZABETH","VAN STADEN",NA,"STELLENBOSCH",2110,"Voortrekkers 2.xlsx|Main|2110",1767,"UITENHAGE","Uitenhage",1127,"Van Rooyen","Van Rooyen","Van Rooyen"
"VAN VUUREN","VAN VUUREN","JOHANNUS JANSE","VAN VUURENa1b2c3d8e1",NA,NA,"1794","1875",NA,"UITENHAGE","ONDER-BOESMANSRIVIER",1838,"GERRIT REYNIER VAN ROOYEN","ZAR","MARIA SUSANNA","JANSE VAN VUUREN",NA,"GRAAFF-REINET",2111,"Voortrekkers 2.xlsx|Main|2111",1794,"UITENHAGE","Uitenhage",1128,"Van Rooyen","Van Rooyen","Van Rooyen"
"VAN VUUREN","VAN VUUREN","LOURENS PETRUS JANSE","VAN VUURENa1b2c4d10e4","1804","1804","1804","1872",NA,"GRAAFF-REINET","MIDDELVELD",1836,"A.H POTGIETER",NA,"MAGDALENA DOROTHEA","JANSE(N) VAN RENSBURG",NA,"SWELLENDAM",2114,"Voortrekkers 2.xlsx|Main|2114",1804,"GRAAFF-REINET","Graaff-Reinet",1129,"Potgieter","Potgieter","Potgieter"
"VAN VUUREN","VAN VUUREN","HESTER JANSE (WEDUWEE RUDOLPH J.BRONKHORST)","VAN VUURENa1b2c4d11",NA,NA,"1773",NA,"1787","BEAUFORT",NA,1836,"A.H POTGIETER","OHRIGSTAD","RUDOLPH JOHANNES","BRONKHORST",NA,"KAAPSTAD",2115,"Voortrekkers 2.xlsx|Main|2115",1773,"BEAUFORT","Beaufort",1130,"Potgieter","Potgieter","Potgieter"
"VAN VUUREN","VAN VUUREN","HENDRIK LOURENS JANSE","VAN VUURENa1b2c4d3e3f2","1806","1806","1806","1860",NA,"SOMERSET","CRADOCK",1837,NA,"TRANSORANJE","CHRISTINA GEZINA","VAN BILJON",NA,"SWELLENDAM",2116,"Voortrekkers 2.xlsx|Main|2116",1806,"SOMERSET","Somerset_multi",1131,NA,NA,NA
"VAN VUUREN","VAN VUUREN","STEPHANUS JOHANNES JANSE SR.","VAN VUURENa1b2c4d5e2",NA,NA,"1781","1865","1802","SOMERSET","BO-BOESMANSRIVIER",1837,NA,"PIETERMARITZBURG","MARIA CATHARINA","JANSE VAN VUUREN",NA,"TULBAGH",2120,"Voortrekkers 2.xlsx|Main|2120",1781,"SOMERSET","Somerset_multi",1132,NA,NA,NA
"VAN VUUREN","VAN VUUREN","DANIEL RUDOPLH JANSE","VAN VUURENa1b2c4d5e6",NA,NA,"1790","1869",NA,"BEAUFORT","TRAKA",1838,"P.D JACOBS","MARICO","SOPHIA ALETTA","BEZUIDENHOUT",NA,"TULBAGH",2122,"Voortrekkers 2.xlsx|Main|2122",1790,"BEAUFORT","Beaufort",1133,"Jacobs","Jacobs","Jacobs"
"VAN VUUREN","VAN VUUREN","JOHANNES MARTHINUS JANSE","VAN VUURENa1b2c4d5e7","1792","1792","1792","1877",NA,"BEAUFORT","GROOT-SWARTBERG",1838,"P.D JACOBS","KLEIN-MARICO","JOHANNA FRANCINA","GOUWS/GOUS","GROOT-SWARTBERG","GRAAFF-REINET",2125,"Voortrekkers 2.xlsx|Main|2125",1792,"BEAUFORT","Beaufort",1134,"Jacobs","Jacobs","Jacobs"
"VAN VUUREN","VAN VUUREN","STEPHANUS PETRUS JANSE SR.","VAN VUURENa1b2c4d8e3","1792","1792","1792",NA,"1813","GRAAFF-REINET","ONDER-SEEKOEIRIVIER",1836,"A.H POTGIETER","POTCHEFSTROOM","CORNELIA MARIA","VAN DER MERWE",NA,"GRAAFF-REINET",2129,"Voortrekkers 2.xlsx|Main|2129",1792,"GRAAFF-REINET","Graaff-Reinet",1135,"Potgieter","Potgieter","Potgieter"
"VAN WYK","VAN WYK","JACOB PIETER","VAN WYKa1b1c5d1e2f3","1804","1804","1804","1863","1824","COLESBERG",NA,1842,NA,"BOTHAVILLE","CATHARINA JOHANNA","LIEBENBERG","ROGGEVELD","TULBAGH",2136,"Voortrekkers 2.xlsx|Main|2136",1804,"COLESBERG","Colesberg_multi",1136,NA,NA,NA
"VAN WYK","VAN WYK","ADRIAAN PIETER","VAN WYKa1b1c5d1e4f3","1804","1804","1804",NA,NA,"SOMERSET","AGTER-SNEEUBERG",1837,NA,"WINBURG","GEERTRUYDA WILHELMINA FRANCINA","STEENKAMP",NA,"TULBAGH",2137,"Voortrekkers 2.xlsx|Main|2137",1804,"SOMERSET","Somerset_multi",1137,NA,NA,NA
"VAN WYK","VAN WYK","CASPER JAN HENDRIK","VAN WYKa1b1c5d3e1f4g2","1806","1806","1806","1878","1825",NA,"COLESBERG",NA,NA,"OHRIGSTAD","LASYA HENDRINA","KRUGER",NA,"GRAAFF-REINET",2138,"Voortrekkers 2.xlsx|Main|2138",1806,NA,"Unknown",1138,NA,NA,NA
"VAN WYK","VAN WYK","ADRIAAN JACOBUS ADOLPH","VAN WYKa1b1c5d4e6f1",NA,NA,"1799","1869","1821","BEAUFORT","KOUP",1840,NA,NA,"MARHTA CATHARINA","VAN STADEN",NA,"SWELLENDAM",2139,"Voortrekkers 2.xlsx|Main|2139",1799,"BEAUFORT","Beaufort",1139,NA,NA,NA
"VAN WYK","VAN WYK","ROELOF DANIEL SR.","VAN WYKa1b1c5d7e9",NA,NA,"1783","1854","1805","SWELLENDAM","VETRIVIER",1838,NA,NA,"JOHANNA CATHARINA","DE JAGER",NA,NA,2141,"Voortrekkers 2.xlsx|Main|2141",1783,"SWELLENDAM","Swellendam",1140,NA,NA,NA
"VAN WYK","VAN WYK","HENNING JACOBUS","VAN WYKa1b3c8d6e3","1802","1802","1802","1875","1830","CLANWILLIAM","ONDER-ROGGERVELD",1842,NA,"NATAL","JOHANNA MARIA","VAN KRAAYENBURG","ONDER-ROGGEVELD","TULBAGH",2146,"Voortrekkers 2.xlsx|Main|2146",1802,"CLANWILLIAM","Clanwilliam",1141,NA,NA,NA
"VAN WYK","VAN WYK","GERRIT MATTHYS","VAN WYKa1b3c8d6e4","1804","1804","1804","1859",NA,"CLANWILLIAM","ONDER-ROGGERVELD",1842,NA,"KAAPKOLONIE","CATHARINA MARIA WILHELMINA","DURAAN",NA,"TULBAGH",2147,"Voortrekkers 2.xlsx|Main|2147",1804,"CLANWILLIAM","Clanwilliam",1142,NA,NA,NA
"VAN WYK","VAN WYK","CORNELIS JOHANNES ABRAHAM","VAN WYKa1b6c8d3e1","1798","1798","1798","1852",NA,NA,"COLESBERG",1840,NA,NA,"ELSIE ELISABETH SOPHIA","LUBBE",NA,"GRAAFF-REINET",2148,"Voortrekkers 2.xlsx|Main|2148",1798,NA,"Unknown",1143,NA,NA,NA
"VAN ZYL","VAN ZYL","JACOBUS","VAN ZYLa1b3c2d11e3","1809","1809","1809","1906","1830","BEAUFORT",NA,1838,"P.D JACOBS","BLOEMFONTEIN","SUSANNA CATHARINA","OOSTHUYSEN",NA,"SWELLENDAM",2149,"Voortrekkers 2.xlsx|Main|2149",1809,"BEAUFORT","Beaufort",1144,"Jacobs","Jacobs","Jacobs"
"VAN ZYL","VAN ZYL","CORNELIS JOHANNES","VAN ZYLa1b5c1d4e1",NA,NA,"1800","1838","1824","SOMERSET","BRAKRIVIER",1836,"G.M MARITZ","NATAL","STOFFELINA CATHARINA","VAN LOCHERENBERG",NA,"KAAPSTAD",2151,"Voortrekkers 2.xlsx|Main|2151",1800,"SOMERSET","Somerset_multi",1145,"Maritz (JS)","Maritz","Maritz"
"VAN ZYL","VAN ZYL","WILLEM JACOBUS","VAN ZYLa1b5c2d2e7","1796","1796","1796",NA,"1819","CLANWILLIAM","ONDER-BOKKEVELD",1838,"A.Z VISAGIE","CALVINIA","SUSANNA MARIA","RAS",NA,"SWARTLAND",2152,"Voortrekkers 2.xlsx|Main|2152",1796,"CLANWILLIAM","Clanwilliam",1146,"Visagie","Visagie","Minor Leader"
"VENTER","VENTER","PETRUS JAN HENDRIK","VENTERa1b5c12d4e2",NA,NA,"1799",NA,"1820","SOMERSET","BRAKRIVIER",1844,NA,NA,"HESTER JOHANNA MARGARETHA SOPHIA","VENTER",NA,"GRAAFF-REINET",2158,"Voortrekkers 2.xlsx|Main|2158",1799,"SOMERSET","Somerset_multi",1147,NA,NA,NA
"VENTER","VENTER","CHRISTIAAN WILLEM","VENTERa1b5c13d11","1801","1801","1801","1875","1820","SOMERSET","BRAKRIVIER",1839,NA,"TRANSORANJE","ANNA MARIA","VENTER","SWARTBERG","TULBAGH",2159,"Voortrekkers 2.xlsx|Main|2159",1801,"SOMERSET","Somerset_multi",1148,NA,NA,NA
"VENTER","VENTER","PETRUS ALBERTUS","VENTERa1b5c13d5","1790","1790","1790","1858","1812","GRAAFF-REINET","MIDDELBURG",1840,"FAMILY MOVE","VENTERSBURG","WILHELMINA CATHARINA FRANCINA","VENTER","RENOSTERBERG, GRAAFF-REINET",NA,2161,"Voortrekkers 2.xlsx|Main|2161",1790,"GRAAFF-REINET","Graaff-Reinet",1149,"Family/Independent","Family/Independent","Family/Independent"
"VENTER","VENTER","BERNHARDUS (BARNARD) GERHARDUS","VENTERa1b5c13d7",NA,NA,"1794",NA,"1816","GRAAFF-REINET","AGTER-SUURBERG",1838,NA,"MOOIRIVIER","JOHANNA CATHARINA MARIA","OLIVIER",NA,"GRAAFF-REINET",2165,"Voortrekkers 2.xlsx|Main|2165",1794,"GRAAFF-REINET","Graaff-Reinet",1150,NA,NA,NA
"VENTER","VENTER","JACOBUS DANIEL SR.","VENTERa1b5c2d1e5",NA,NA,"1788",NA,"1807","BEAUFORT","TRAKA",1838,"P.D JACOBS","OHRIGSTAD","ALETTA SOPHIA","BEZUIDENHOUT",NA,NA,2167,"Voortrekkers 2.xlsx|Main|2167",1788,"BEAUFORT","Beaufort",1151,"Jacobs","Jacobs","Jacobs"
"VENTER","VENTER","JAN LOUIS","VENTERa1b5c2d1e5f1","1809","1809","1809","1890","1831","BEAUFORT","TRAKA",1838,"P.D JACOBS","OHRIGSTAD","SUSANNA CATHARINA PETRONELLA","VENTER",NA,"SWELLENDAM",2168,"Voortrekkers 2.xlsx|Main|2168",1809,"BEAUFORT","Beaufort",1152,"Jacobs","Jacobs","Jacobs"
"VENTER","VENTER","JAN ADRIAAN","VENTERa1b5c4d11e4","1803","1803","1803",NA,"1822","COLESBERG","NUWE HANTAM",1843,NA,NA,"HELENA JOHANNA","VAN DER MERWE",NA,"GRAAFF-REINET",2173,"Voortrekkers 2.xlsx|Main|2173",1803,"COLESBERG","Colesberg_multi",1153,NA,NA,NA
"VENTER","VENTER","PAULUS CHRISTOFFEL","VENTERa1b5c4d1e10",NA,NA,"1808","1844","1827","SOMERSET","TARKA",1841,NA,"NATAL","HESTER MARGARETHA","KLOPPER","BRUINTJIESHOOGTE, SOMERSET","GRAAFF-REINET",2174,"Voortrekkers 2.xlsx|Main|2174",1808,"SOMERSET","Somerset_multi",1154,NA,NA,NA
"VENTER","VENTER","ALBERTUS JOHANNES","VENTERa1b5c4d1e3f3","1807","1807","1807","1881","1827","GRAAFF-REINET","CAMDEBO",1836,"FAMILY MOVE","ALBERT","CECILIA JACOMINA LOUISA","HUGO","SUBDISTRIK CRADOCK",NA,2176,"Voortrekkers 2.xlsx|Main|2176",1807,"GRAAFF-REINET","Graaff-Reinet",1155,"Family/Independent","Family/Independent","Family/Independent"
"VENTER","VENTER","MARIA CATHARINA","VENTERa1b5c4d2e1",NA,NA,"1782",NA,NA,"SOMERSET","TARKA",1837,"JACOBUS CHRISTOFFEL POTGIETER","NATAL","JOHANNES JACOBUS","KLOPPER",NA,NA,2178,"Voortrekkers 2.xlsx|Main|2178",1782,"SOMERSET","Somerset_multi",1156,"Potgieter","Potgieter","Potgieter"
"VENTER","VENTER","MARCUS ALBERTUS","VENTERa1b5c4d2e2",NA,NA,"1784",NA,"1804","GRAAFF-REINET","CAMDEBO",1838,"A.W.J PRETORIUS","OHRIGSTAD","JOHANNA ADRIANA","BOTHA",NA,NA,2179,"Voortrekkers 2.xlsx|Main|2179",1784,"GRAAFF-REINET","Graaff-Reinet",1157,"Pretorius","Pretorius","Pretorius"
"VENTER","VENTER","JAN ADRIAAN SR.","VENTERa1b5c4d2e4",NA,NA,"1790","1862","1810","GRAAFF-REINET","CAMDEBO",1836,"G.M MARITZ","GROOT-MARICO","MARIA ELIZABETH","KRUGER",NA,"GRAAFF-REINET",2181,"Voortrekkers 2.xlsx|Main|2181",1790,"GRAAFF-REINET","Graaff-Reinet",1158,"Maritz (JS)","Maritz","Maritz"
"VENTER","VENTER","PAULUS STEPHANUS SR.","VENTERa1b5c4d2e5",NA,NA,"1792",NA,"1813","GRAAFF-REINET","CAMDEBO",1836,"G.M MARITZ","TRANSORANJE","CECILIA JACOMINA","SMIT",NA,"GRAAFF-REINET",2187,"Voortrekkers 2.xlsx|Main|2187",1792,"GRAAFF-REINET","Graaff-Reinet",1159,"Maritz (JS)","Maritz","Maritz"
"VENTER","VENTER","ROELOF HENDRIK","VENTERa1b5c4d5e4",NA,NA,"1792",NA,"1811",NA,NA,1839,NA,"NATAL","ANNA SUSANNA","JOUBERT",NA,"TULBAGH",2189,"Voortrekkers 2.xlsx|Main|2189",1792,NA,"Unknown",1160,NA,NA,NA
"VENTER","VENTER","JAN ADRIAAN","VENTERa1b5c4d9e4",NA,NA,"1795",NA,"1816","GRAAFF-REINET","BO-SEEKOEIRIVIER",1836,NA,"VENTERSDORP","LASYA SOPHIA PETRONELLA","VENTER",NA,"GRAAFF-REINET",2191,"Voortrekkers 2.xlsx|Main|2191",1795,"GRAAFF-REINET","Graaff-Reinet",1161,NA,NA,NA
"VERMAAK","VERMAAK","CORNELIS JOHANNES","VERMAAKa1b2c6d1",NA,NA,"1779",NA,"1800","UITENHAGE","ONDER-BOESMANSRIVIER",1837,"K.P LANDMAN","NATAL","ANNA MARIA CATHARINA","MEYER",NA,"KAAPSTAD",2194,"Voortrekkers 2.xlsx|Main|2194",1779,"UITENHAGE","Uitenhage",1162,"Landman","Landman","Landman"
"VERMAAK","VERMAAK","JACOBUS STEPHANUS","VERMAAKa1b2c6d1e1",NA,NA,"1803",NA,"1822","UITENHAGE","ONDER-BOESMANSRIVIER",1838,"GERRIT REYNIER VAN ROOYEN","NATAL","JOHANNA SALOMINA","PIENAAR",NA,"SWELLENDAM",2195,"Voortrekkers 2.xlsx|Main|2195",1803,"UITENHAGE","Uitenhage",1163,"Van Rooyen","Van Rooyen","Van Rooyen"
"VERMAAK","VERMAAK","JOHANNES CORNELIS","VERMAAKa1b2c6d1e2","1804","1804","1804",NA,"1832","UITENHAGE","ONDER-BOESMANSRIVIER",1837,"K.P LANDMAN","NATAL","ADRIANA JOSINA","RAUTENBACH","KLIPPERDRIF, TSITSIKAMMA","SWELLENDAM",2196,"Voortrekkers 2.xlsx|Main|2196",1804,"UITENHAGE","Uitenhage",1164,"Landman","Landman","Landman"
"VERMAAK","VERMAAK","IZAAK CORNELIS JOHANNES","VERMAAKa1b2c6d1e4","1809","1809","1809",NA,"1828","UITENHAGE","ONDER-BOESMANSRIVIER",1837,"K.P LANDMAN","NATAL","DOROTHEA JOHANNA","LAAS",NA,"SWELLENDAM",2197,"Voortrekkers 2.xlsx|Main|2197",1809,"UITENHAGE","Uitenhage",1165,"Landman","Landman","Landman"
"VERMAAK","VERMAAK","SALOMON","VERMAAKa1b2c6d2",NA,NA,"1782",NA,NA,"UITENHAGE","ONDER-BOESMANSRIVIER",1836,"K.P LANDMAN",NA,"ELIZABETH CATHARINA PAULINA","CRONJE",NA,"KAAPSTAD",2199,"Voortrekkers 2.xlsx|Main|2199",1782,"UITENHAGE","Uitenhage",1166,"Landman","Landman","Landman"
"VERMAAK","VERMAAK","JACOBUS STEPHANUS","VERMAAKa1b2c6d2e1","1805","1805","1805","1841","1826","UITENHAGE","ONDER-BOESMANSRIVIER",1837,"K.P LANDMAN","NATAL","SARA JOHANNA CATHARINA","VAN ROOYEN","TSITSIKAMMA","SWELLENDAM",2200,"Voortrekkers 2.xlsx|Main|2200",1805,"UITENHAGE","Uitenhage",1167,"Landman","Landman","Landman"
"VERMAAK","VERMAAK","JOHANNES GERHARDUS","VERMAAKa1b2c6d2e2","1807","1807","1807","1881",NA,"UITENHAGE","ONDER-BOESMANSRIVIER",1837,"K.P LANDMAN","LYNDENBURG","MARTHA MARIA","SCHEEPERS",NA,"SWELLENDAM",2201,"Voortrekkers 2.xlsx|Main|2201",1807,"UITENHAGE","Uitenhage",1168,"Landman","Landman","Landman"
"VERMAAK","VERMAAK","SALOMON CORNELIS JOHANNES","VERMAAKa1b2c6d2e3","1809","1809","1809","1883","1829","UITENHAGE","ONDER-BOESMANSRIVIER",1837,"K.P LANDMAN OR J.S MARITZ","MIDDELBURG","ELIZABETH MARIA CATHARINA","KNOETZE",NA,"GRAAFF-REINET",2202,"Voortrekkers 2.xlsx|Main|2202",1809,"UITENHAGE","Uitenhage",1169,"Maritz (JS)","Maritz","Maritz"
"VERMAAK","VERMAAK","PETRUS THEODORUS","VERMAAKa1b2c6d7",NA,NA,"1795",NA,"1818","UITENHAGE","TSITSIKAMMA",1837,"P.L UYS","NATAL","HESTER JACOBA (JACOMINA) DU PREEZ",NA,NA,NA,2204,"Voortrekkers 2.xlsx|Main|2204",1795,"UITENHAGE","Uitenhage",1170,"Uys","Uys","Uys"
"VERMAAK","VERMAAK","CORNELIS TOBIAS","VERMAAKa1b2c8d2","1787","1787","1787","1854","1808","UITENHAGE","ONDER-BOESMANSRIVIER",1837,"K.P LANDMAN","NATAL","JOHANNA MAGDALENA","SCHEEPERS",NA,"SWELLENDAM",2205,"Voortrekkers 2.xlsx|Main|2205",1787,"UITENHAGE","Uitenhage",1171,"Landman","Landman","Landman"
"VERMAAK","VERMAAK","NICOLAAS JACOBUS","VERMAAKa1b2c8d5",NA,NA,"1795",NA,"1821","UITENHAGE","ONDER-BOESMANSRIVIER",1836,"J.S MARITZ",NA,"MARIA FRANCINA","DEKKER",NA,"STELLENBOSCH",2206,"Voortrekkers 2.xlsx|Main|2206",1795,"UITENHAGE","Uitenhage",1172,"Maritz (JS)","Maritz","Maritz"
"VERMAAK","VERMAAK","COENRAAD MARTHINUS","VERMAAKa1b2c8d6",NA,NA,"1799",NA,"1815","UITENHAGE","ONDER-BOESMANSRIVIER",1837,"K.P LANDMAN","NATAL","RACHEL LEA","MEYER",NA,"SWELLENDAM",2209,"Voortrekkers 2.xlsx|Main|2209",1799,"UITENHAGE","Uitenhage",1173,"Landman","Landman","Landman"
"VERMAAS","VERMAAS","HENDRIK CORNELIS WHILHELMUS","VERMAASa1b1","1803","1803","1803","1873","1826","SWELLRNDAM",NA,1842,NA,"POTCHEFSTROOM","ANNA MAGDALENA","BADENHORST",NA,NA,2210,"Voortrekkers 2.xlsx|Main|2210",1803,"SWELLRNDAM","Swellendam",1174,NA,NA,NA
"VERMEULEN","VERMEULEN","SAREL (CAREL) JOHANNES","VERMEULENa1b3c2d2e3","1801","1801","1801","1878","1826","COLESBERG",NA,1839,"FAMILY MOVE","FAURESMITH","CATHARINA ELIZABETH","VAN DEN BERG",NA,"TULBAGH",2211,"Voortrekkers 2.xlsx|Main|2211",1801,"COLESBERG","Colesberg_multi",1175,"Family/Independent","Family/Independent","Family/Independent"
"VERMEULEN","VERMEULEN","JAN GABRIEL","VERMEULENa1b3c2d2e4","1803","1803","1803",NA,"1824","GRAAFF-REINET",NA,1840,NA,"WINBURG","CATHARINA GERTRUIDA MARIA","PRETORIUS","GRAAFF-REINET","GRAAFF-REINET",2212,"Voortrekkers 2.xlsx|Main|2212",1803,"GRAAFF-REINET","Graaff-Reinet",1176,NA,NA,NA
"VERSFELD","VERSFELD","MARTHINUS","VERSFELDa1b5",NA,NA,"1784","1859","1809",NA,"KAAPSTAD",1848,NA,NA,"CATHARINA MARIA","HOFMEYR",NA,NA,2213,"Voortrekkers 2.xlsx|Main|2213",1784,NA,"Unknown",1177,NA,NA,NA
"VILJOEN","VILJOEN","MARTHINUS CHRISTOFFEL","VILJOENa1b3c4d10e2f2","1808","1808","1808","1854",NA,"SOMERSET","BRAKRIVIER",1846,NA,NA,"MARIA JOHANNA WILHELMINA","DURAND",NA,NA,2216,"Voortrekkers 2.xlsx|Main|2216",1808,"SOMERSET","Somerset_multi",1178,NA,NA,NA
"VILJOEN","VILJOEN","JOHANNES HERCULES","VILJOENa1b3c4d10e6",NA,NA,"1793",NA,"1818","GRAAFF-REINET",NA,1842,NA,"TRANSORANJE","JOHANNA ELIZABETH","KRUGER",NA,NA,2218,"Voortrekkers 2.xlsx|Main|2218",1793,"GRAAFF-REINET","Graaff-Reinet",1179,NA,NA,NA
"VILJOEN","VILJOEN","ALBERTUS JOHANNES (BART)","VILJOENa1b3c4d11e1f4","1806","1806","1806",NA,"1827","COLESBERG",NA,1846,"FAMILY MOVE","TRANSORANJE","ALETTA HENDRIKA THEUNISSIA","MATTHYS",NA,"GRAAFF-REINET",2219,"Voortrekkers 2.xlsx|Main|2219",1806,"COLESBERG","Colesberg_multi",1180,"Family/Independent","Family/Independent","Family/Independent"
"VILJOEN","VILJOEN","ALBERTUS JOHANNES","VILJOENa1b3c4d11e2f5",NA,NA,"1805",NA,"1826","COLESBERG",NA,1840,"FAMILY MOVE","TRANSORANJE","JANETJE JACOBA","GRIESEL",NA,"GRAAFF-REINET",2220,"Voortrekkers 2.xlsx|Main|2220",1805,"COLESBERG","Colesberg_multi",1181,"Family/Independent","Family/Independent","Family/Independent"
"VILJOEN","VILJOEN","DAVID SCHALK","VILJOENa1b3c4d2e10f2","1805","1805","1805","1838",NA,"SOMERSET","OOS-RIETRIVIER",1837,"PIET RETIEF",NA,"CATHARINA ALETTA","BOTHMA",NA,NA,2222,"Voortrekkers 2.xlsx|Main|2222",1805,"SOMERSET","Somerset_multi",1182,"Retief","Retief","Retief"
"VILJOEN","VILJOEN","WILLEM WOUTER","VILJOENa1b3c4d2e11",NA,NA,"1797",NA,"1797","SOMERSET","BAVIAANSRIVIER",1837,"LUCAS JOHANNES MEYER","HEIDELBERG","JACOMINA HENDRINA","GREYLING",NA,NA,2226,"Voortrekkers 2.xlsx|Main|2226",1797,"SOMERSET","Somerset_multi",1183,"Meyer","Meyer","Meyer"
"VILJOEN","VILJOEN","JAN ALBERTUS","VILJOENa1b3c4d2e11f1",NA,NA,"1798",NA,"1820","SOMERSET","BAVIAANSRIVIER",1842,NA,NA,"ELIZABETH CATHARINA","VAN DEVENTER",NA,NA,2227,"Voortrekkers 2.xlsx|Main|2227",1798,"SOMERSET","Somerset_multi",1184,NA,NA,NA
"VILJOEN","VILJOEN","BAREND CHRISTIAAN","VILJOENa1b3c4d2e11f7","1807","1807","1807","1859","1829","SOMERSET","BAVIAANSRIVIER",1838,NA,NA,"JUDITH CORNELIA THERESIA (OF ETRESIA)","BOOYSEN",NA,"GRAAFF-REINET",2233,"Voortrekkers 2.xlsx|Main|2233",1807,"SOMERSET","Somerset_multi",1185,NA,NA,NA
"VILJOEN","VILJOEN","WILLEM JACOBUS","VILJOENa1b3c4d2e11f8","1808","1808","1808",NA,"1829","SOMERSET","BAVIAANSRIVIER",1838,NA,"JOHANNESBURG","GEERTRUIDA MARGARETHA","KLOPPER",NA,"GRAAFF-REINET",2234,"Voortrekkers 2.xlsx|Main|2234",1808,"SOMERSET","Somerset_multi",1186,NA,NA,NA
"VILJOEN","VILJOEN","JAN","VILJOENa1b3c4d2e13f1","1806","1806","1806",NA,"1826","GRAAFF-REINET","WINTERVELD",1839,NA,"NATAL","CATHARINA SOPHIA","JACOBS",NA,NA,2236,"Voortrekkers 2.xlsx|Main|2236",1806,"GRAAFF-REINET","Graaff-Reinet",1187,NA,NA,NA
"VILJOEN","VILJOEN","PETRUS JOHANNES","VILJOENa1b3c4d2e3f7","1802","1802","1802","1836","1824","SOMERSET","BRAKRIVIER",1835,"J.J JANSE VAN RENSBURG",NA,"MARHTA","JANSE VAN RENSBURG",NA,NA,2237,"Voortrekkers 2.xlsx|Main|2237",1802,"SOMERSET","Somerset_multi",1188,"Van Rensburg","Van Rensburg","Minor Leader"
"VILJOEN","VILJOEN","SUSANNA ELIZABETH","VILJOENa1b3c4d2e5",NA,NA,"1767","1844","1783","CRADOCK","AGTER-SNEEUBERG",1843,NA,"NATAL","JOHANNES DEWALD","HATTINGH",NA,NA,2238,"Voortrekkers 2.xlsx|Main|2238",1767,"CRADOCK","Cradock",1189,NA,NA,NA
"VILJOEN","VILJOEN","CHRISTIAAN RUDOLPH","VILJOENa1b4c2d1e3f5",NA,NA,"1801",NA,"1821","COLESBERG",NA,1840,NA,NA,"JOHANNA SUSANNA","VILJOEN",NA,"GRAAFF-REINET",2240,"Voortrekkers 2.xlsx|Main|2240",1801,"COLESBERG","Colesberg_multi",1190,NA,NA,NA
"VILJOEN","VILJOEN","CORNELIS HENDRICUS","VILJOENa1b4c2d2e13",NA,NA,"1793","1878",NA,"UITENHAGE","WINTERHOEK",1837,"P.L UYS","HEIDELBERG","MARIA ELIZABETH","STRYDOM",NA,NA,2242,"Voortrekkers 2.xlsx|Main|2242",1793,"UITENHAGE","Uitenhage",1191,"Uys","Uys","Uys"
"VILJOEN","VILJOEN","CHRISTOFFEL SR.","VILJOENa1b4c2d2e1f1",NA,NA,"1792",NA,"1810","GRAAFF-REINET",NA,1836,"A. H POTGIETER","LYDENBURG","ELIZABETH MARIA","JANSE VAN VUUREN",NA,"TULBAGH",2244,"Voortrekkers 2.xlsx|Main|2244",1792,"GRAAFF-REINET","Graaff-Reinet",1192,"Potgieter","Potgieter","Potgieter"
"VILJOEN","VILJOEN","STEPHANUS PETRUS","VILJOENa1b4c2d2e1f2",NA,NA,"1794","1873","1814","UITENHAGE",NA,NA,NA,"POTCHEFSTROOM","HENDRINA MARIA","VAN STADEN",NA,"TULBAGH",2248,"Voortrekkers 2.xlsx|Main|2248",1794,"UITENHAGE","Uitenhage",1193,NA,NA,NA
"VILJOEN","VILJOEN","GERHARDUS COENRADUS","VILJOENa1b4c2d2e1f7","1804","1804","1804","1883","1823","SOMERSET","OOS-RIETRIVIER",1837,"PIET RETIEF","UTRECHT","CECILIA JOHANNA","BOTHA",NA,"TULBAGH",2250,"Voortrekkers 2.xlsx|Main|2250",1804,"SOMERSET","Somerset_multi",1194,"Retief","Retief","Retief"
"VILJOEN","VILJOEN","CAREL MARTHINUS","VILJOENa1b4c2d2e1f8","1806","1806","1806","1889","1825","SOMERSET","TARKA",1837,"L.J NEL","NATAL","MARGARETHA ISABELLA","BOTHA",NA,"GRAAFF-REINET",2251,"Voortrekkers 2.xlsx|Main|2251",1806,"SOMERSET","Somerset_multi",1195,"Nel","Nel","Nel"
"VILJOEN","VILJOEN","GIDEON PETRUS","VILJOENa1b4c2d2e3f6","1803","1803","1803","1893","1823","SOMERSET","TARKA",1836,"A.H POTGIETER","LYDENBURG","SUSARA MARIA","BEKKER",NA,NA,2252,"Voortrekkers 2.xlsx|Main|2252",1803,"SOMERSET","Somerset_multi",1196,"Potgieter","Potgieter","Potgieter"
"VILJOEN","VILJOEN","CAREL JOHANNES","VILJOENa1b4c2d2e3f7","1803","1803","1803","1885","1823","SOMERSET","KRAAIRIVIER",1837,"PIET. L UYS","LYDENBURG","ANNA CATHARINA","VILJOEN",NA,"GRAAFF-REINET",2254,"Voortrekkers 2.xlsx|Main|2254",1803,"SOMERSET","Somerset_multi",1197,"Uys","Uys","Uys"
"VISAG(I)E","VISAG(I)E","ARIE ZACHARIAS","VISAG(I)Ea1b1c4d5e2",NA,NA,"1788","1858","1812","WORCESTER","BO-OLIFANTSRIVIER",1836,"A.Z. VISAGIE","NATAL","JOHANNA ELIZABETH","VORSTER",NA,NA,2256,"Voortrekkers 2.xlsx|Main|2256",1788,"WORCESTER","Worcester",1198,"Visagie","Visagie","Minor Leader"
"VISAGIE","VISAGIE","MARTHINUS DAVID","VISAGIEa1b1c11d13e1","1794","1794","1794",NA,"1821","WORCESTER","HANTAM",1842,NA,"NATAL","CHRISTINA ADRIANA","RAS",NA,"SWARTLAND",2257,"Voortrekkers 2.xlsx|Main|2257",1794,"WORCESTER","Worcester",1199,NA,NA,NA
"VISAGIE","VISAGIE","RUDOLPHUS GERHARDUS","VISAGIEa1b1c11d14e3","1795","1795","1795","1880","1816","SOMERSET","BRAKRIVIER",1840,NA,"NATAL","MARTHA JOHANNA SUSANNA","VAN DER HEYDEN",NA,NA,2258,"Voortrekkers 2.xlsx|Main|2258",1795,"SOMERSET","Somerset_multi",1200,NA,NA,NA
"VISAGIE","VISAGIE","IZAAK HEREMIAS","VISAGIEa1b1c5d4e5","1792","1792","1792","1867","1812","WORCESTER","HANTAM",1840,NA,"NATAL","JOHANNA SOPHIA","VAN DER MERWE","KLIPRUG, CLANWILLIAM","SWARTLAND",2262,"Voortrekkers 2.xlsx|Main|2262",1792,"WORCESTER","Worcester",1201,NA,NA,NA
"VISSER","VISSER","CHRISTOFFEL JACOBUS","VISSERa1b2c12d1e4f4g2","1807","1807","1807","1874","1827","GRAAFF-REINET","BO-SEEKOEIRIVIER",1839,NA,"TRANSORANJE","HESTER ALETTA","BURGER",NA,"GRAAFF-REINET",2268,"Voortrekkers 2.xlsx|Main|2268",1807,"GRAAFF-REINET","Graaff-Reinet",1202,NA,NA,NA
"VISSER","VISSER","ERNESTUS JACOBUS","VISSERa1b2c12d1e5f5",NA,NA,"1793",NA,"1814","WORCESTER","MIDDEL-ROGGERVELD",1841,NA,"TRANSORANJE","GESINA (GEESJE) WILHELMINA","VAN JAARSVELD",NA,"TULBAGH",2272,"Voortrekkers 2.xlsx|Main|2272",1793,"WORCESTER","Worcester",1203,NA,NA,NA
"VISSER","VISSER","FLORIS SR.","VISSERa1b2c12d1e5f6","1795","1795","1795",NA,"1814","CRADOCK",NA,1836,"A.H POTGIETER",NA,"CATHARINA JACOBA","VILJOEN",NA,"TULBAGH",2273,"Voortrekkers 2.xlsx|Main|2273",1795,"CRADOCK","Cradock",1204,"Potgieter","Potgieter","Potgieter"
"VLOT(H)MAN","VLOT(H)MAN","BAREND JOHANNES","VLOT(H)MANa1b1c2d2",NA,NA,"1768",NA,NA,"GRAAFF-REINET","SWARTRUGGENS",1836,"GERT M. MARITZ",NA,NA,NA,NA,NA,2277,"Voortrekkers 2.xlsx|Main|2277",1768,"GRAAFF-REINET","Graaff-Reinet",1205,"Maritz (GM)","Maritz","Maritz"
"VORSTER","VORSTER","MARTHINUS CHRISTOFFEL","VORSTERa1b3c12d5","1796","1796","1796",NA,NA,"GRAAFF-REINET",NA,1842,NA,"TRANSORANJE","SUSANNA GERTRUIDA MAGDALENA H","HAVENGA",NA,"GRAAFF-REINET",2278,"Voortrekkers 2.xlsx|Main|2278",1796,"GRAAFF-REINET","Graaff-Reinet",1206,NA,NA,NA
"VOSLOO","VOSLOO","GERRIT","VOSLOOa1b2c6d4",NA,NA,"1768","1860",NA,"SOMERSET","SWAGERSHOEK",1837,"P.A OPPERMAN",NA,"CORNELIA JOHANNA","DE BEER",NA,"KAAPSTAD",2279,"Voortrekkers 2.xlsx|Main|2279",1768,"SOMERSET","Somerset_multi",1207,"Opperman","Opperman","Opperman"
"VOSLOO","VOSLOO","GERHARDUS JOHANNES","VOSLOOa1b2c6d4e4","1797","1797","1797","1826","1821","SOMERSET","BAVIAANSRIVIER",1837,"P.A OPPERMAN","TRANSORANJE","ANNA BARBARA","BOTHA",NA,NA,2280,"Voortrekkers 2.xlsx|Main|2280",1797,"SOMERSET","Somerset_multi",1208,"Opperman","Opperman","Opperman"
"WEIDEMAN","WEIDEMAN","ROELOF","WEIDEMANa1b10c2",NA,NA,"1797","1878","1821","BEAUFORT",NA,1835,NA,"TRANSORANJE","MAGTELD SUSANNA","JACOBS","MARRAYSBURG",NA,2283,"Voortrekkers 2.xlsx|Main|2283",1797,"BEAUFORT","Beaufort",1209,NA,NA,NA
"WENTZEL","WENTZEL","JOHAN DAVID","WENTZELa1b3c10",NA,NA,"1793",NA,"1817","SOMERSET","OOS-RIETRIVIER",1838,"GERRIT REYNIER VAN ROOYEN",NA,"ELIZABETH JOHANNA","HAMMAN",NA,NA,2284,"Voortrekkers 2.xlsx|Main|2284",1793,"SOMERSET","Somerset_multi",1210,"Van Rooyen","Van Rooyen","Van Rooyen"
"WESSELS","WESSELS","HERMANUS JOHANNES","WESSELSa1b2c2d1e2f5",NA,NA,"1803","1859","1824","UITENHAGE","GAMTOOSRIVIER",1837,"PIET L. UYS","TRANSORANJE","CATHARINA ELIZABETH","HUMAN",NA,NA,2287,"Voortrekkers 2.xlsx|Main|2287",1803,"UITENHAGE","Uitenhage",1211,"Uys","Uys","Uys"
"WESSELS","WESSELS","WESSEL HENDRIK","WESSELSa1b2c2d1e2f6",NA,NA,"1805",NA,"1825","UITENHAGE","GAMTOOSRIVIER",1837,"PIET L. UYS","OVS","ELIZABETH CATHARINA","KEMP",NA,NA,2288,"Voortrekkers 2.xlsx|Main|2288",1805,"UITENHAGE","Uitenhage",1212,"Uys","Uys","Uys"
"WESSELS","WESSELS","JOHANNES BERNARDUS","WESSELSa1b2c2d1e4f1",NA,NA,"1796","1843","1817","SWELLENDAM","POTBERG",1839,"FAMILY MOVE","WINBURG","ELIZABETH SUSANNA","BOTHA",NA,"CALEDON",2289,"Voortrekkers 2.xlsx|Main|2289",1796,"SWELLENDAM","Swellendam",1213,"Family/Independent","Family/Independent","Family/Independent"
"WESSELS","WESSELS","MATTHEUS HENDRICUS","WESSELSa1b2c2d1e4f3","1799","1799","1799","1857","1818","SWELLENDAM","POTBERG",1839,"FAMILY MOVE","WINBURG","CECILIA JOHANNA","DE LA REY","KLEINRIVIERSKLOOF, SWELLENDAM","SWELLENDAM",2292,"Voortrekkers 2.xlsx|Main|2292",1799,"SWELLENDAM","Swellendam",1214,"Family/Independent","Family/Independent","Family/Independent"
"WESSELS","WESSELS","WESSEL JACOBUS","WESSELSa1b2c2d1e4f5",NA,NA,"1802","1872","1820","SWELLENDAM","POTBERG",1839,NA,"WINBURG","ELIZABETHCAROLINA","SWART",NA,NA,2294,"Voortrekkers 2.xlsx|Main|2294",1802,"SWELLENDAM","Swellendam",1215,NA,NA,NA
"WESSELS","WESSELS","HERMANUS WILHELMUS","WESSELSa1b2c2d1e4f7","1805","1805","1805","1864","1825","SWELLENDAM","POTBERG",1839,"FAMILY MOVE","WINBURG","HESTER JACOBA JACOMINA","MARAIS","CALEDON","GRAAFF-REINET",2296,"Voortrekkers 2.xlsx|Main|2296",1805,"SWELLENDAM","Swellendam",1216,"Family/Independent","Family/Independent","Family/Independent"
"WILKEN","WILKEN","JOHANNES ADAM","WILKENa1b8",NA,NA,"1772","1861",NA,"UITENHAGE","SWARTRUGGENS",1838,"A.W.J PRETORIUS",NA,NA,NA,NA,NA,2300,"Voortrekkers 2.xlsx|Main|2300",1772,"UITENHAGE","Uitenhage",1217,"Pretorius","Pretorius","Pretorius"
"WOLHUTER","WOLHUTER","GEORGE CHRISTOFFEL","WOLHUTERa1b1c1",NA,NA,"1798",NA,"1831","SOMERSET","TARKA",1837,"PIET RETIEF","MAGALIESBERG","JOHANNA CHRISTINA/CATHARINA CAROLINA","VAN STADEN",NA,NA,2302,"Voortrekkers 2.xlsx|Main|2302",1798,"SOMERSET","Somerset_multi",1218,"Retief","Retief","Retief"
"WOLMARANS","WOLMARANS","FREDERIK GERHARDUS","WOLMARANSa1b12c2","1788","1788","1788","1872","1810","GEORGE",NA,1840,"A.H POTGIETER","OHRIGSTAD","CATHARINA MARIA","LE ROUX","RONDEBOSCH, KAAPSTAD",NA,2304,"Voortrekkers 2.xlsx|Main|2304",1788,"GEORGE","George",1219,"Potgieter","Potgieter","Potgieter"
"ZIETSMAN","ZIETSMAN","JOHANNES PHILIP","ZIETSMANa1b6","1794","1794","1794",NA,"1813","UITENHAGE",NA,1837,"K.P. LANDMAN","PIETERMRITZBURG","MARIA HENDRINA","GROVE",NA,NA,2312,"Voortrekkers 2.xlsx|Main|2312",1794,"UITENHAGE","Uitenhage",1220,"Landman","Landman","Landman"
